Message,20240520T092638,Firmware: 07/21/23 18:56:40 2.17.4 STD IRID Final
Message,20240520T092638,Username: f10469
GPS,20240520T092638,18.037264,67.919609,4
GPS,20240520T093938,18.035303,67.919746,4
CTD_P,20240520T093940,-0.09
FLBB_CFG,20240520T093942,695,700
Message,20240520T093942,Park Descent Mission
CTD_P,20240520T093945,-0.09
CTD_P,20240520T094059,-0.03
CTD_P,20240520T094201,0.17
CTD_P,20240520T094303,-0.03
CTD_P,20240520T094406,0.07
CTD_P,20240520T094508,0.16
CTD_P,20240520T094610,2.16
CTD_P,20240520T094712,7.93
CTD_P,20240520T094815,16.38
CTD_P,20240520T094917,26.92
CTD_P,20240520T095019,38.39
CTD_P,20240520T095121,50.29
CTD_P,20240520T095224,62.68
CTD_P,20240520T095232,64.39
CTD_P,20240520T095233,64.63
CTD_P,20240520T095335,76.93
CTD_P,20240520T105338,513.56
CTD_P,20240520T115341,784.87
CTD_P,20240520T124148,912.31
CTD_P,20240520T131543,961.46
CTD_P,20240520T134345,982.29
CTD_P,20240520T141020,987.88
CTD_P,20240520T141123,987.64
CTD_P,20240520T141226,987.40
CTD_P,20240520T141238,987.36
CTD_P,20240520T141340,987.57
CTD_P,20240520T141443,988.08
CTD_P,20240520T151343,1024.15
Message,20240520T151346,Park Mission
CTD_P,20240520T151349,1024.17
CTD_PTSH,20240520T151411,1024.30,8.7722,35.3640,-1.042715
CTD_P,20240520T151412,1024.31
CTD_P,20240520T161345,1027.90
CTD_PTSH,20240520T161408,1027.80,8.7717,35.3650,-1.043405
CTD_P,20240520T161409,1027.80
CTD_P,20240520T171410,1026.87
CTD_PTSH,20240520T171433,1026.90,8.7346,35.3550,-1.043507
CTD_P,20240520T171434,1026.83
CTD_P,20240520T181435,1026.74
CTD_PTSH,20240520T181458,1026.70,8.6504,35.3500,-1.043627
CTD_P,20240520T181459,1026.71
CTD_P,20240520T191500,1006.47
CTD_PTSH,20240520T191523,1006.40,8.7021,35.3500,-1.043589
CTD_P,20240520T191524,1006.34
CTD_P,20240520T201525,1010.96
CTD_PTSH,20240520T201548,1010.80,8.6831,35.3560,-1.043606
CTD_P,20240520T201549,1010.84
CTD_P,20240520T211550,1012.88
CTD_PTSH,20240520T211613,1012.90,8.7008,35.3570,-1.043656
CTD_P,20240520T211614,1012.94
CTD_P,20240520T221615,1014.14
CTD_PTSH,20240520T221638,1014.00,8.7313,35.3600,-1.043733
CTD_P,20240520T221639,1014.06
CTD_P,20240520T231640,1013.78
CTD_PTSH,20240520T231703,1013.60,8.7156,35.3580,-1.043708
CTD_P,20240520T231704,1013.64
CTD_P,20240521T001705,1015.68
CTD_PTSH,20240521T001728,1015.60,8.7637,35.3640,-1.043767
CTD_P,20240521T001729,1015.61
CTD_P,20240521T011730,1011.67
CTD_PTSH,20240521T011753,1011.70,8.7021,35.3570,-1.043788
CTD_P,20240521T011754,1011.67
CTD_P,20240521T021755,1017.53
CTD_PTSH,20240521T021818,1017.50,8.6983,35.3570,-1.043819
CTD_P,20240521T021819,1017.48
CTD_P,20240521T031820,1015.55
CTD_PTSH,20240521T031843,1015.60,8.7231,35.3620,-1.043807
CTD_P,20240521T031844,1015.57
CTD_P,20240521T041845,1019.17
CTD_PTSH,20240521T041908,1019.20,8.7002,35.3570,-1.043868
CTD_P,20240521T041909,1019.16
CTD_P,20240521T051910,1017.01
CTD_PTSH,20240521T051933,1017.10,8.6981,35.3580,-1.043895
CTD_P,20240521T051934,1017.08
CTD_P,20240521T061935,1018.97
CTD_PTSH,20240521T061958,1018.90,8.7130,35.3570,-1.043886
CTD_P,20240521T061959,1018.93
CTD_P,20240521T072000,1015.30
CTD_PTSH,20240521T072023,1015.20,8.6661,35.3570,-1.043925
CTD_P,20240521T072024,1015.22
CTD_P,20240521T082025,1012.12
CTD_PTSH,20240521T082048,1012.00,8.6183,35.3490,-1.043884
CTD_P,20240521T082049,1012.04
CTD_P,20240521T092050,1013.84
CTD_PTSH,20240521T092113,1014.00,8.5508,35.3430,-1.043923
CTD_P,20240521T092114,1014.05
CTD_P,20240521T102115,1014.41
CTD_PTSH,20240521T102138,1014.30,8.5452,35.3420,-1.043946
CTD_P,20240521T102139,1014.36
CTD_P,20240521T112140,1017.55
CTD_PTSH,20240521T112203,1017.60,8.6108,35.3490,-1.043950
CTD_P,20240521T112204,1017.59
CTD_P,20240521T122205,1020.72
CTD_PTSH,20240521T122228,1020.80,8.5831,35.3440,-1.043945
CTD_P,20240521T122229,1020.78
CTD_P,20240521T132230,1019.05
CTD_PTSH,20240521T132253,1019.00,8.6550,35.3530,-1.043935
CTD_P,20240521T132254,1018.94
CTD_P,20240521T142255,1024.70
CTD_PTSH,20240521T142318,1024.70,8.7123,35.3570,-1.043989
CTD_P,20240521T142319,1024.73
CTD_P,20240521T152320,1019.20
CTD_PTSH,20240521T152343,1019.30,8.7017,35.3600,-1.043985
CTD_P,20240521T152344,1019.32
CTD_P,20240521T162345,1019.64
CTD_PTSH,20240521T162408,1019.60,8.6974,35.3610,-1.043956
CTD_P,20240521T162409,1019.68
CTD_P,20240521T172410,1024.01
CTD_PTSH,20240521T172433,1023.80,8.6551,35.3510,-1.044028
CTD_P,20240521T172434,1023.82
CTD_P,20240521T182435,1019.48
CTD_PTSH,20240521T182458,1019.60,8.6468,35.3520,-1.044028
CTD_P,20240521T182459,1019.59
CTD_P,20240521T192500,1021.40
CTD_PTSH,20240521T192523,1021.30,8.6226,35.3500,-1.043984
CTD_P,20240521T192524,1021.29
CTD_P,20240521T202525,1021.19
CTD_PTSH,20240521T202548,1021.30,8.6294,35.3540,-1.043985
CTD_P,20240521T202549,1021.32
CTD_P,20240521T212550,1024.99
CTD_PTSH,20240521T212613,1024.90,8.6301,35.3500,-1.044030
CTD_P,20240521T212614,1024.89
CTD_P,20240521T222615,1022.59
CTD_PTSH,20240521T222638,1022.60,8.6124,35.3490,-1.044044
CTD_P,20240521T222639,1022.63
CTD_P,20240521T232640,1018.60
CTD_PTSH,20240521T232703,1018.60,8.5372,35.3410,-1.044062
CTD_P,20240521T232704,1018.56
CTD_P,20240522T002705,1023.45
CTD_PTSH,20240522T002728,1023.50,8.6036,35.3490,-1.043971
CTD_P,20240522T002729,1023.52
CTD_P,20240522T012730,1030.05
CTD_PTSH,20240522T012753,1030.10,8.7071,35.3570,-1.043975
CTD_P,20240522T012754,1030.07
CTD_P,20240522T022755,1024.89
CTD_PTSH,20240522T022818,1024.80,8.7254,35.3580,-1.043970
CTD_P,20240522T022819,1024.81
CTD_P,20240522T032820,1025.57
CTD_PTSH,20240522T032843,1025.60,8.7059,35.3580,-1.043982
CTD_P,20240522T032844,1025.56
CTD_P,20240522T042845,1023.46
CTD_PTSH,20240522T042908,1023.60,8.6764,35.3660,-1.043985
CTD_P,20240522T042909,1023.63
CTD_P,20240522T052910,1024.54
CTD_PTSH,20240522T052933,1024.60,8.6877,35.3600,-1.043988
CTD_P,20240522T052934,1024.58
CTD_P,20240522T062935,1028.17
CTD_PTSH,20240522T062958,1028.20,8.7054,35.3590,-1.043956
CTD_P,20240522T062959,1028.20
CTD_P,20240522T073000,1026.93
CTD_PTSH,20240522T073023,1026.80,8.7066,35.3590,-1.043965
CTD_P,20240522T073024,1026.83
CTD_P,20240522T083025,1022.10
CTD_PTSH,20240522T083048,1022.10,8.6944,35.3600,-1.043985
CTD_P,20240522T083049,1022.07
CTD_P,20240522T093050,1020.31
CTD_PTSH,20240522T093113,1020.10,8.6129,35.3500,-1.044016
CTD_P,20240522T093114,1020.15
CTD_P,20240522T103115,1022.00
CTD_PTSH,20240522T103138,1022.00,8.5848,35.3380,-1.043942
CTD_P,20240522T103139,1022.05
CTD_P,20240522T113140,1024.51
CTD_PTSH,20240522T113203,1024.40,8.6172,35.3510,-1.043989
CTD_P,20240522T113204,1024.42
CTD_P,20240522T123205,1022.83
CTD_PTSH,20240522T123228,1022.90,8.5558,35.3400,-1.043967
CTD_P,20240522T123229,1022.95
CTD_P,20240522T133230,1025.94
CTD_PTSH,20240522T133253,1026.00,8.5873,35.3470,-1.043984
CTD_P,20240522T133254,1025.95
CTD_P,20240522T143255,1028.42
CTD_PTSH,20240522T143318,1028.40,8.6045,35.3460,-1.043972
CTD_P,20240522T143319,1028.42
CTD_P,20240522T153320,1025.07
CTD_PTSH,20240522T153343,1025.00,8.6030,35.3480,-1.043971
CTD_P,20240522T153344,1025.04
CTD_P,20240522T163346,1017.39
CTD_PTSH,20240522T163409,1017.40,8.6937,35.3560,-1.043918
CTD_P,20240522T163410,1017.45
CTD_P,20240522T173411,1013.45
CTD_PTSH,20240522T173434,1013.60,8.7212,35.3610,-1.043857
CTD_P,20240522T173435,1013.58
CTD_P,20240522T183436,1014.83
CTD_PTSH,20240522T183459,1014.80,8.7224,35.3600,-1.043975
CTD_P,20240522T183500,1014.80
CTD_P,20240522T193501,1012.74
CTD_PTSH,20240522T193524,1012.70,8.7029,35.3590,-1.043966
CTD_P,20240522T193525,1012.64
CTD_P,20240522T203526,1011.33
CTD_PTSH,20240522T203549,1011.40,8.6235,35.3560,-1.043962
CTD_P,20240522T203550,1011.36
CTD_P,20240522T213551,1014.41
CTD_PTSH,20240522T213614,1014.30,8.6440,35.3520,-1.043962
CTD_P,20240522T213615,1014.31
CTD_P,20240522T223616,1010.44
CTD_PTSH,20240522T223639,1010.60,8.5773,35.3480,-1.044007
CTD_P,20240522T223640,1010.57
CTD_P,20240522T233641,1015.86
CTD_PTSH,20240522T233704,1015.70,8.6349,35.3500,-1.043965
CTD_P,20240522T233705,1015.70
CTD_P,20240523T003706,1015.63
CTD_PTSH,20240523T003729,1015.60,8.6556,35.3530,-1.043908
CTD_P,20240523T003730,1015.58
CTD_P,20240523T013731,1013.64
CTD_PTSH,20240523T013754,1013.60,8.6884,35.3580,-1.043848
CTD_P,20240523T013755,1013.58
CTD_P,20240523T023756,1019.12
CTD_PTSH,20240523T023819,1019.10,8.7180,35.3570,-1.043852
CTD_P,20240523T023820,1019.10
CTD_P,20240523T033821,1019.84
CTD_PTSH,20240523T033844,1019.70,8.7557,35.3610,-1.043857
CTD_P,20240523T033845,1019.68
CTD_P,20240523T043846,1018.81
CTD_PTSH,20240523T043909,1018.80,8.7850,35.3680,-1.043838
CTD_P,20240523T043910,1018.81
CTD_P,20240523T053911,1020.32
CTD_PTSH,20240523T053934,1020.30,8.7816,35.3650,-1.043771
CTD_P,20240523T053935,1020.23
CTD_P,20240523T063936,1020.76
CTD_PTSH,20240523T063959,1020.80,8.7633,35.3630,-1.043809
CTD_P,20240523T064000,1020.81
CTD_P,20240523T074001,1019.36
CTD_PTSH,20240523T074024,1019.30,8.7698,35.3640,-1.043808
CTD_P,20240523T074025,1019.30
CTD_P,20240523T084026,1009.68
CTD_PTSH,20240523T084049,1009.70,8.7403,35.3630,-1.043745
CTD_P,20240523T084050,1009.58
CTD_P,20240523T094051,1014.48
CTD_PTSH,20240523T094114,1014.60,8.6374,35.3510,-1.043806
CTD_P,20240523T094115,1014.56
CTD_P,20240523T104116,1012.63
CTD_PTSH,20240523T104139,1012.60,8.6280,35.3520,-1.043795
CTD_P,20240523T104140,1012.54
CTD_P,20240523T114141,1014.68
CTD_PTSH,20240523T114204,1014.90,8.5526,35.3410,-1.043794
CTD_P,20240523T114205,1014.91
CTD_P,20240523T124206,1015.96
CTD_PTSH,20240523T124229,1016.10,8.5974,35.3470,-1.043796
CTD_P,20240523T124230,1016.08
CTD_P,20240523T134231,1020.14
CTD_PTSH,20240523T134254,1020.20,8.6249,35.3500,-1.043774
CTD_P,20240523T134255,1020.17
CTD_P,20240523T144256,1022.55
CTD_PTSH,20240523T144319,1022.50,8.6888,35.3560,-1.043786
CTD_P,20240523T144320,1022.48
CTD_P,20240523T154321,1018.71
CTD_PTSH,20240523T154344,1018.60,8.7429,35.3670,-1.043711
CTD_P,20240523T154345,1018.65
CTD_P,20240523T164346,1024.67
CTD_PTSH,20240523T164409,1024.60,8.7891,35.3650,-1.043714
CTD_P,20240523T164410,1024.67
CTD_P,20240523T174411,1020.91
CTD_PTSH,20240523T174434,1021.00,8.8041,35.3710,-1.043705
CTD_P,20240523T174435,1020.96
CTD_P,20240523T184436,1019.74
CTD_PTSH,20240523T184459,1019.70,8.7686,35.3620,-1.043668
CTD_P,20240523T184500,1019.67
CTD_P,20240523T194501,1014.78
CTD_PTSH,20240523T194524,1014.80,8.6942,35.3580,-1.043728
CTD_P,20240523T194525,1014.72
CTD_P,20240523T204526,1013.93
CTD_PTSH,20240523T204549,1014.00,8.6374,35.3490,-1.043735
CTD_P,20240523T204550,1014.00
CTD_P,20240523T214551,1018.49
CTD_PTSH,20240523T214614,1018.40,8.6422,35.3520,-1.043725
CTD_P,20240523T214615,1018.39
CTD_P,20240523T224616,1016.41
CTD_PTSH,20240523T224639,1016.60,8.5792,35.3450,-1.043713
CTD_P,20240523T224640,1016.57
CTD_P,20240523T234641,1016.30
CTD_PTSH,20240523T234704,1016.20,8.6294,35.3500,-1.043725
CTD_P,20240523T234705,1016.17
CTD_P,20240524T004706,1020.17
CTD_PTSH,20240524T004729,1020.20,8.6007,35.3470,-1.043692
CTD_P,20240524T004730,1020.16
CTD_P,20240524T014731,1020.31
CTD_PTSH,20240524T014754,1020.10,8.6567,35.3520,-1.043683
CTD_P,20240524T014755,1020.10
CTD_P,20240524T024756,1018.44
CTD_PTSH,20240524T024819,1018.30,8.6970,35.3570,-1.043669
CTD_P,20240524T024820,1018.29
CTD_P,20240524T034821,1014.07
CTD_PTSH,20240524T034844,1014.00,8.6504,35.3540,-1.043675
CTD_P,20240524T034845,1014.02
CTD_P,20240524T044846,1018.57
CTD_PTSH,20240524T044909,1018.50,8.6704,35.3550,-1.043676
CTD_P,20240524T044910,1018.52
CTD_P,20240524T054911,1020.46
CTD_PTSH,20240524T054934,1020.50,8.6692,35.3560,-1.043662
CTD_P,20240524T054935,1020.50
CTD_P,20240524T064936,1018.91
CTD_PTSH,20240524T064959,1018.90,8.6526,35.3520,-1.043656
CTD_P,20240524T065000,1018.89
CTD_P,20240524T075001,1024.38
CTD_PTSH,20240524T075024,1024.50,8.6664,35.3520,-1.043639
CTD_P,20240524T075025,1024.47
CTD_P,20240524T085026,1024.31
CTD_PTSH,20240524T085049,1024.20,8.7248,35.3590,-1.043651
CTD_P,20240524T085050,1024.26
CTD_P,20240524T095051,1017.05
CTD_PTSH,20240524T095114,1016.90,8.6450,35.3550,-1.043686
CTD_P,20240524T095115,1016.95
CTD_P,20240524T105116,1017.48
CTD_PTSH,20240524T105139,1017.60,8.5652,35.3430,-1.043586
CTD_P,20240524T105140,1017.58
CTD_P,20240524T115141,1018.39
CTD_PTSH,20240524T115204,1018.20,8.5648,35.3430,-1.043650
CTD_P,20240524T115205,1018.21
CTD_P,20240524T125206,1020.67
CTD_PTSH,20240524T125229,1020.60,8.6610,35.3550,-1.043578
CTD_P,20240524T125230,1020.67
CTD_P,20240524T135231,1017.57
CTD_PTSH,20240524T135254,1017.50,8.6298,35.3520,-1.043614
CTD_P,20240524T135255,1017.44
CTD_P,20240524T145256,1024.27
CTD_PTSH,20240524T145319,1024.40,8.6504,35.3520,-1.043623
CTD_P,20240524T145320,1024.45
CTD_P,20240524T155321,1022.56
CTD_PTSH,20240524T155344,1022.50,8.6894,35.3540,-1.043622
CTD_P,20240524T155345,1022.50
CTD_P,20240524T165346,1025.70
CTD_PTSH,20240524T165409,1025.80,8.7538,35.3620,-1.043564
CTD_P,20240524T165410,1025.80
CTD_P,20240524T175411,1023.22
CTD_PTSH,20240524T175434,1023.10,8.8034,35.3700,-1.043544
CTD_P,20240524T175435,1023.09
CTD_P,20240524T185436,1024.50
CTD_PTSH,20240524T185459,1024.40,8.8004,35.3670,-1.043542
CTD_P,20240524T185500,1024.41
CTD_P,20240524T195501,1018.59
CTD_PTSH,20240524T195524,1018.60,8.7447,35.3620,-1.043546
CTD_P,20240524T195525,1018.65
CTD_P,20240524T205526,1023.48
CTD_PTSH,20240524T205549,1023.70,8.6463,35.3530,-1.043600
CTD_P,20240524T205550,1023.70
CTD_P,20240524T215551,1018.35
CTD_PTSH,20240524T215614,1018.20,8.7069,35.3570,-1.043515
CTD_P,20240524T215615,1018.10
CTD_P,20240524T225616,1017.96
CTD_PTSH,20240524T225639,1017.90,8.5542,35.3430,-1.043593
CTD_P,20240524T225640,1017.94
CTD_P,20240524T235641,1014.60
CTD_PTSH,20240524T235704,1014.60,8.5280,35.3330,-1.043564
CTD_P,20240524T235705,1014.56
CTD_P,20240525T005706,1020.04
CTD_PTSH,20240525T005729,1020.00,8.5414,35.3410,-1.043564
CTD_P,20240525T005730,1019.99
CTD_P,20240525T015731,1021.39
CTD_PTSH,20240525T015754,1021.40,8.5853,35.3450,-1.043553
CTD_P,20240525T015755,1021.34
CTD_P,20240525T025756,1021.63
CTD_PTSH,20240525T025819,1021.60,8.6237,35.3490,-1.043556
CTD_P,20240525T025820,1021.55
CTD_P,20240525T035821,1023.82
CTD_PTSH,20240525T035844,1023.80,8.6260,35.3490,-1.043555
CTD_P,20240525T035845,1023.82
CTD_P,20240525T045846,1019.89
CTD_PTSH,20240525T045909,1019.90,8.6276,35.3510,-1.043551
CTD_P,20240525T045910,1019.88
CTD_P,20240525T055911,1024.78
CTD_PTSH,20240525T055934,1024.80,8.6640,35.3520,-1.043524
CTD_P,20240525T055935,1024.82
CTD_P,20240525T065936,1022.26
CTD_PTSH,20240525T065959,1022.10,8.6947,35.3580,-1.043508
CTD_P,20240525T070000,1022.07
CTD_P,20240525T080001,1020.07
CTD_PTSH,20240525T080024,1020.10,8.6598,35.3580,-1.043501
CTD_P,20240525T080025,1020.17
CTD_P,20240525T090026,1025.37
CTD_PTSH,20240525T090049,1025.50,8.6396,35.3500,-1.043525
CTD_P,20240525T090050,1025.47
CTD_P,20240525T100051,1021.63
CTD_PTSH,20240525T100114,1021.60,8.6634,35.3550,-1.043445
CTD_P,20240525T100115,1021.63
CTD_P,20240525T110116,1020.16
CTD_PTSH,20240525T110139,1020.20,8.5984,35.3500,-1.043484
CTD_P,20240525T110140,1020.27
CTD_P,20240525T120141,1019.66
CTD_PTSH,20240525T120204,1019.70,8.5960,35.3480,-1.043488
CTD_P,20240525T120205,1019.71
CTD_P,20240525T130206,1021.48
CTD_PTSH,20240525T130229,1021.40,8.5502,35.3410,-1.043473
CTD_P,20240525T130230,1021.39
CTD_P,20240525T140231,1027.36
CTD_PTSH,20240525T140254,1027.30,8.6446,35.3510,-1.043532
CTD_P,20240525T140255,1027.30
CTD_P,20240525T150256,1026.75
CTD_PTSH,20240525T150319,1026.80,8.6797,35.3560,-1.043469
CTD_P,20240525T150320,1026.76
CTD_P,20240525T160321,1026.66
CTD_PTSH,20240525T160344,1026.50,8.7024,35.3570,-1.043452
CTD_P,20240525T160345,1026.49
CTD_P,20240525T170346,999.81
CTD_PTSH,20240525T170409,999.80,8.8491,35.3670,-1.043370
CTD_P,20240525T170410,999.81
CTD_P,20240525T180411,1006.32
CTD_PTSH,20240525T180434,1006.10,8.8377,35.3690,-1.043349
CTD_P,20240525T180435,1006.09
CTD_P,20240525T190436,1001.94
CTD_PTSH,20240525T190459,1002.00,8.7952,35.3710,-1.043372
CTD_P,20240525T190500,1001.97
CTD_P,20240525T200501,1003.47
CTD_PTSH,20240525T200524,1003.30,8.8371,35.3720,-1.043326
CTD_P,20240525T200525,1003.34
CTD_P,20240525T210526,1003.32
CTD_PTSH,20240525T210549,1003.30,8.8138,35.3710,-1.043334
CTD_P,20240525T210550,1003.30
CTD_P,20240525T220551,999.50
CTD_PTSH,20240525T220614,999.50,8.7739,35.3680,-1.043344
CTD_P,20240525T220615,999.42
CTD_P,20240525T230616,1004.04
CTD_PTSH,20240525T230639,1004.10,8.7414,35.3620,-1.043302
CTD_P,20240525T230640,1004.06
CTD_P,20240526T000641,1005.67
CTD_PTSH,20240526T000704,1005.50,8.7995,35.3670,-1.043291
CTD_P,20240526T000705,1005.50
CTD_P,20240526T010706,1004.05
CTD_PTSH,20240526T010729,1004.10,8.7795,35.3690,-1.043305
CTD_P,20240526T010730,1004.12
CTD_P,20240526T020731,1004.25
CTD_PTSH,20240526T020754,1004.10,8.7749,35.3630,-1.043352
CTD_P,20240526T020755,1004.12
CTD_P,20240526T030756,1003.46
CTD_PTSH,20240526T030819,1003.60,8.7367,35.3610,-1.043280
CTD_P,20240526T030820,1003.55
CTD_P,20240526T040821,1001.43
CTD_PTSH,20240526T040844,1001.40,8.7413,35.3610,-1.043316
CTD_P,20240526T040845,1001.37
CTD_P,20240526T050846,1003.28
CTD_PTSH,20240526T050909,1003.30,8.7423,35.3610,-1.043325
CTD_P,20240526T050910,1003.29
CTD_P,20240526T060911,1004.14
CTD_PTSH,20240526T060934,1004.00,8.7683,35.3640,-1.043249
CTD_P,20240526T060935,1004.01
CTD_P,20240526T070936,1004.51
CTD_PTSH,20240526T070959,1004.40,8.7873,35.3670,-1.043293
CTD_P,20240526T071000,1004.39
CTD_P,20240526T081001,996.82
CTD_PTSH,20240526T081024,996.70,8.7656,35.3590,-1.043221
CTD_P,20240526T081025,996.64
CTD_P,20240526T091026,1004.39
CTD_PTSH,20240526T091049,1004.60,8.7355,35.3630,-1.043273
CTD_P,20240526T091050,1004.62
CTD_P,20240526T101051,1007.03
CTD_PTSH,20240526T101114,1006.90,8.7697,35.3630,-1.043305
CTD_P,20240526T101115,1006.89
CTD_P,20240526T111116,1000.38
CTD_PTSH,20240526T111139,1000.40,8.6958,35.3570,-1.043281
CTD_P,20240526T111140,1000.36
CTD_P,20240526T121141,1005.49
CTD_PTSH,20240526T121204,1005.60,8.6974,35.3570,-1.043274
CTD_P,20240526T121205,1005.57
CTD_P,20240526T131206,1011.17
CTD_PTSH,20240526T131229,1011.00,8.8072,35.3680,-1.043271
CTD_P,20240526T131230,1011.01
CTD_P,20240526T141231,1004.06
CTD_PTSH,20240526T141254,1004.00,8.7974,35.3690,-1.043274
CTD_P,20240526T141255,1003.95
CTD_P,20240526T151256,1012.18
CTD_PTSH,20240526T151319,1012.30,8.8501,35.3720,-1.043252
CTD_P,20240526T151320,1012.31
CTD_P,20240526T161321,1007.48
CTD_PTSH,20240526T161344,1007.40,8.9207,35.3800,-1.043215
CTD_P,20240526T161345,1007.34
CTD_P,20240526T171346,1007.51
CTD_PTSH,20240526T171409,1007.80,8.8729,35.3810,-1.043244
CTD_P,20240526T171410,1007.89
CTD_P,20240526T181411,1002.76
CTD_PTSH,20240526T181434,1002.70,8.8480,35.3730,-1.043171
CTD_P,20240526T181435,1002.71
CTD_P,20240526T191436,1003.79
CTD_PTSH,20240526T191459,1003.70,8.8218,35.3750,-1.043220
CTD_P,20240526T191500,1003.74
CTD_P,20240526T201501,1006.84
CTD_PTSH,20240526T201524,1006.80,8.8136,35.3700,-1.043175
CTD_P,20240526T201525,1006.80
CTD_P,20240526T211526,998.77
CTD_PTSH,20240526T211549,998.80,8.7639,35.3670,-1.043173
CTD_P,20240526T211550,998.85
CTD_P,20240526T221551,1003.84
CTD_PTSH,20240526T221614,1003.80,8.7030,35.3560,-1.043240
CTD_P,20240526T221615,1003.78
CTD_P,20240526T231616,1001.93
CTD_PTSH,20240526T231639,1001.90,8.7183,35.3590,-1.043207
CTD_P,20240526T231640,1001.88
CTD_P,20240527T001641,1006.92
CTD_PTSH,20240527T001704,1006.90,8.7194,35.3590,-1.043209
CTD_P,20240527T001705,1006.93
CTD_P,20240527T011706,1004.38
CTD_PTSH,20240527T011729,1004.30,8.7018,35.3550,-1.043256
CTD_P,20240527T011730,1004.32
CTD_P,20240527T021731,998.50
CTD_PTSH,20240527T021754,998.50,8.6376,35.3540,-1.043227
CTD_P,20240527T021755,998.49
CTD_P,20240527T031756,1005.10
CTD_PTSH,20240527T031819,1005.20,8.6502,35.3520,-1.043211
CTD_P,20240527T031820,1005.20
CTD_P,20240527T041821,1008.10
CTD_PTSH,20240527T041844,1007.90,8.7399,35.3610,-1.043259
CTD_P,20240527T041845,1007.89
CTD_P,20240527T051846,1009.50
CTD_PTSH,20240527T051909,1009.50,8.7798,35.3640,-1.043241
CTD_P,20240527T051910,1009.48
CTD_P,20240527T061911,1007.18
CTD_PTSH,20240527T061934,1007.10,8.7889,35.3670,-1.043213
CTD_P,20240527T061935,1007.13
CTD_P,20240527T071936,1004.20
CTD_PTSH,20240527T071959,1004.10,8.7590,35.3660,-1.043245
CTD_P,20240527T072000,1004.14
CTD_P,20240527T082001,1007.93
CTD_PTSH,20240527T082024,1008.10,8.7538,35.3650,-1.043200
CTD_P,20240527T082025,1008.11
CTD_P,20240527T092026,1010.84
CTD_PTSH,20240527T092049,1010.80,8.8401,35.3710,-1.043186
CTD_P,20240527T092050,1010.75
CTD_P,20240527T102051,1007.74
CTD_PTSH,20240527T102114,1007.70,8.8213,35.3680,-1.043169
CTD_P,20240527T102115,1007.65
CTD_P,20240527T112116,999.79
CTD_PTSH,20240527T112139,999.70,8.7488,35.3690,-1.043156
CTD_P,20240527T112140,999.69
CTD_P,20240527T122141,1005.40
CTD_PTSH,20240527T122204,1005.30,8.7249,35.3610,-1.043154
CTD_P,20240527T122205,1005.27
CTD_P,20240527T132206,1009.94
CTD_PTSH,20240527T132229,1010.00,8.7505,35.3630,-1.043173
CTD_P,20240527T132230,1010.05
CTD_P,20240527T142231,1011.44
CTD_PTSH,20240527T142254,1011.30,8.8387,35.3720,-1.043172
CTD_P,20240527T142255,1011.31
CTD_P,20240527T152256,1008.15
CTD_PTSH,20240527T152319,1008.20,8.7871,35.3640,-1.043152
CTD_P,20240527T152320,1008.22
CTD_P,20240527T162321,1011.66
CTD_PTSH,20240527T162344,1011.60,8.8273,35.3710,-1.043146
CTD_P,20240527T162345,1011.65
CTD_P,20240527T172346,1009.52
CTD_PTSH,20240527T172409,1009.30,8.8699,35.3740,-1.043122
CTD_P,20240527T172410,1009.25
CTD_P,20240527T182411,1007.18
CTD_PTSH,20240527T182434,1007.10,8.8073,35.3700,-1.043102
CTD_P,20240527T182435,1007.10
CTD_P,20240527T192436,1008.95
CTD_PTSH,20240527T192459,1008.90,8.8011,35.3690,-1.043087
CTD_P,20240527T192500,1008.95
CTD_P,20240527T202501,1008.77
CTD_PTSH,20240527T202524,1008.80,8.8068,35.3690,-1.043113
CTD_P,20240527T202525,1008.73
CTD_P,20240527T212526,1004.52
CTD_PTSH,20240527T212549,1004.60,8.7545,35.3680,-1.043094
CTD_P,20240527T212550,1004.62
CTD_P,20240527T222551,1005.59
CTD_PTSH,20240527T222614,1005.60,8.7439,35.3580,-1.043103
CTD_P,20240527T222615,1005.54
CTD_P,20240527T232616,1000.98
CTD_PTSH,20240527T232639,1001.00,8.6499,35.3600,-1.043083
CTD_P,20240527T232640,1001.01
CTD_P,20240528T002641,1003.51
CTD_PTSH,20240528T002704,1003.50,8.6270,35.3500,-1.043063
CTD_P,20240528T002705,1003.48
CTD_P,20240528T012706,1007.77
CTD_PTSH,20240528T012729,1007.70,8.6942,35.3560,-1.043111
CTD_P,20240528T012730,1007.71
CTD_P,20240528T022731,1006.67
CTD_PTSH,20240528T022754,1006.70,8.7079,35.3610,-1.043098
CTD_P,20240528T022755,1006.70
CTD_P,20240528T032756,1002.46
CTD_PTSH,20240528T032819,1002.30,8.7125,35.3610,-1.043046
CTD_P,20240528T032820,1002.31
CTD_P,20240528T042821,1009.80
CTD_PTSH,20240528T042844,1009.90,8.7009,35.3580,-1.043084
CTD_P,20240528T042845,1009.88
CTD_P,20240528T052846,1008.83
CTD_PTSH,20240528T052909,1008.80,8.7499,35.3620,-1.043067
CTD_P,20240528T052910,1008.81
CTD_P,20240528T062911,1009.88
CTD_PTSH,20240528T062934,1009.90,8.7723,35.3620,-1.043071
CTD_P,20240528T062935,1009.87
CTD_P,20240528T072936,1006.45
CTD_PTSH,20240528T072959,1006.30,8.7805,35.3660,-1.043033
CTD_P,20240528T073000,1006.27
CTD_P,20240528T083001,1005.00
CTD_PTSH,20240528T083024,1005.10,8.6499,35.3520,-1.043046
CTD_P,20240528T083025,1005.15
CTD_P,20240528T093026,1007.38
CTD_PTSH,20240528T093049,1007.20,8.7076,35.3580,-1.043028
CTD_P,20240528T093050,1007.23
CTD_P,20240528T103051,1003.66
CTD_PTSH,20240528T103114,1003.70,8.6397,35.3530,-1.043061
CTD_P,20240528T103115,1003.69
CTD_P,20240528T113116,1006.51
CTD_PTSH,20240528T113139,1006.40,8.6943,35.3580,-1.043044
CTD_P,20240528T113140,1006.47
CTD_P,20240528T123141,1010.02
CTD_PTSH,20240528T123204,1010.10,8.6931,35.3550,-1.043030
CTD_P,20240528T123205,1010.11
CTD_P,20240528T133206,1013.38
CTD_PTSH,20240528T133229,1013.20,8.7778,35.3650,-1.042993
CTD_P,20240528T133230,1013.20
CTD_P,20240528T143231,1010.23
CTD_PTSH,20240528T143254,1010.20,8.8198,35.3700,-1.043012
CTD_P,20240528T143255,1010.21
CTD_P,20240528T153256,1011.18
CTD_PTSH,20240528T153319,1011.10,8.8281,35.3710,-1.042981
CTD_P,20240528T153320,1011.11
CTD_P,20240528T163321,1008.31
CTD_PTSH,20240528T163344,1008.20,8.8314,35.3750,-1.042972
CTD_P,20240528T163345,1008.24
CTD_P,20240528T173346,1010.87
CTD_PTSH,20240528T173409,1011.10,8.8134,35.3720,-1.043024
CTD_P,20240528T173410,1011.09
CTD_P,20240528T183411,1009.17
CTD_PTSH,20240528T183434,1009.10,8.8087,35.3690,-1.042982
CTD_P,20240528T183435,1009.08
CTD_P,20240528T193436,1009.94
CTD_PTSH,20240528T193459,1009.90,8.7620,35.3640,-1.042944
CTD_P,20240528T193500,1009.91
CTD_P,20240528T203501,1011.03
CTD_PTSH,20240528T203524,1011.10,8.7937,35.3650,-1.042988
CTD_P,20240528T203525,1011.04
CTD_P,20240528T213526,1011.58
CTD_PTSH,20240528T213549,1011.50,8.8061,35.3680,-1.042933
CTD_P,20240528T213550,1011.48
CTD_P,20240528T223551,1003.10
CTD_PTSH,20240528T223614,1003.00,8.7774,35.3650,-1.042945
CTD_P,20240528T223615,1002.99
CTD_P,20240528T233616,1005.06
CTD_PTSH,20240528T233639,1005.00,8.7004,35.3580,-1.042985
CTD_P,20240528T233640,1004.94
CTD_P,20240529T003641,1006.96
CTD_PTSH,20240529T003704,1006.90,8.6823,35.3560,-1.042964
CTD_P,20240529T003705,1006.88
CTD_P,20240529T013706,1009.58
CTD_PTSH,20240529T013729,1009.60,8.7024,35.3580,-1.042975
CTD_P,20240529T013730,1009.64
CTD_P,20240529T023731,1014.60
CTD_PTSH,20240529T023754,1014.50,8.8057,35.3690,-1.042929
CTD_P,20240529T023755,1014.45
CTD_P,20240529T033756,1007.57
CTD_PTSH,20240529T033819,1007.70,8.7647,35.3640,-1.042902
CTD_P,20240529T033820,1007.68
CTD_P,20240529T043821,1008.78
CTD_PTSH,20240529T043844,1008.60,8.7578,35.3610,-1.042920
CTD_P,20240529T043845,1008.55
CTD_P,20240529T053846,1000.28
CTD_PTSH,20240529T053909,1000.20,8.6704,35.3540,-1.042967
CTD_P,20240529T053910,1000.19
CTD_P,20240529T063911,1004.23
CTD_PTSH,20240529T063934,1004.10,8.6028,35.3460,-1.042925
CTD_P,20240529T063935,1004.14
CTD_P,20240529T073936,1008.56
CTD_PTSH,20240529T073959,1008.70,8.5945,35.3460,-1.042924
CTD_P,20240529T074000,1008.71
CTD_P,20240529T084001,1008.67
CTD_PTSH,20240529T084024,1008.60,8.6414,35.3490,-1.042908
CTD_P,20240529T084025,1008.62
CTD_P,20240529T094026,1007.77
CTD_PTSH,20240529T094049,1007.90,8.6935,35.3580,-1.042900
CTD_P,20240529T094050,1007.92
CTD_P,20240529T104051,1003.15
CTD_PTSH,20240529T104114,1002.90,8.6533,35.3540,-1.042925
CTD_P,20240529T104115,1002.91
CTD_P,20240529T114116,1004.14
CTD_PTSH,20240529T114139,1004.40,8.6417,35.3540,-1.042893
CTD_P,20240529T114140,1004.42
CTD_P,20240529T124141,1009.39
CTD_PTSH,20240529T124204,1009.30,8.6907,35.3560,-1.042877
CTD_P,20240529T124205,1009.32
CTD_P,20240529T134206,1012.61
CTD_PTSH,20240529T134229,1012.70,8.7579,35.3620,-1.042833
CTD_P,20240529T134230,1012.64
CTD_P,20240529T144231,1006.23
CTD_PTSH,20240529T144254,1006.20,8.7483,35.3640,-1.042888
CTD_P,20240529T144255,1006.22
CTD_P,20240529T154256,1014.29
CTD_PTSH,20240529T154319,1014.30,8.7889,35.3650,-1.042828
CTD_P,20240529T154320,1014.30
CTD_P,20240529T164321,1011.86
CTD_PTSH,20240529T164344,1011.90,8.8209,35.3710,-1.042803
CTD_P,20240529T164345,1011.87
CTD_P,20240529T174346,1011.37
CTD_PTSH,20240529T174409,1011.40,8.7724,35.3650,-1.042816
CTD_P,20240529T174410,1011.43
CTD_P,20240529T184411,1014.65
CTD_PTSH,20240529T184434,1014.50,8.8046,35.3690,-1.042851
CTD_P,20240529T184435,1014.50
CTD_P,20240529T194436,1008.75
CTD_PTSH,20240529T194459,1008.70,8.8042,35.3730,-1.042821
CTD_P,20240529T194500,1008.67
CTD_P,20240529T203841,1012.80
CTD_PTSH,20240529T203904,1012.80,8.7634,35.3630,-1.042844
CTD_P,20240529T203905,1012.83
Message,20240529T203907,Deep Descent Mission
CTD_P,20240529T203910,1012.86
CTD_P,20240529T204013,1014.39
CTD_P,20240529T204115,1019.73
CTD_P,20240529T204217,1027.16
CTD_P,20240529T204319,1035.97
CTD_P,20240529T204417,1045.19
CTD_P,20240529T204418,1045.41
CTD_P,20240529T204520,1055.92
CTD_P,20240529T205023,1106.16
CTD_P,20240529T205526,1155.55
CTD_P,20240529T210029,1203.67
CTD_P,20240529T210532,1250.89
CTD_P,20240529T211035,1297.35
CTD_P,20240529T211538,1343.00
CTD_P,20240529T212041,1389.33
CTD_P,20240529T212544,1435.20
CTD_P,20240529T213047,1480.57
CTD_P,20240529T213550,1525.82
CTD_P,20240529T214053,1569.64
CTD_P,20240529T214556,1612.30
CTD_P,20240529T215059,1653.96
CTD_P,20240529T215602,1694.44
CTD_P,20240529T220105,1734.16
CTD_P,20240529T220608,1773.68
CTD_P,20240529T221111,1812.95
CTD_P,20240529T221614,1851.15
CTD_P,20240529T222117,1888.31
CTD_P,20240529T222620,1923.83
CTD_P,20240529T223123,1957.98
CTD_P,20240529T223626,1990.57
CTD_P,20240529T223816,2002.13
Message,20240529T223819,ASCENT
CTD_P,20240529T223822,2002.72
CTD_P,20240529T223857,2006.32
CTD_P,20240529T224018,2012.56
CTD_P,20240529T224022,2012.82
CTD_P,20240529T224023,2012.89
CTD_P,20240529T224124,2015.85
CTD_P,20240529T224209,2017.45
CTD_P,20240529T224310,2017.58
CTD_P,20240529T224355,2016.40
CTD_P,20240529T224456,2012.61
CTD_P,20240529T224541,2009.23
CTD_P,20240529T224642,2003.53
CTD_P,20240529T224722,1999.77
CTD_P,20240529T224724,1999.67
Message,20240529T224725,CP Started
CTD_P,20240529T224800,1996.13
CTD_PTS,20240529T224802,1995.95,3.2885,34.8489
O2,20240529T224851,105.19090,25.21257,3.28605,48.08029,49.44629,57.35406,7.90778,1028.14905,865.23907,746.86749
FLBB,20240529T224854,55,113,567
CTD_P,20240529T224856,1991.00
CTD_P,20240529T225144,1975.60
NO3,20240529T225154,43.18
CTD_P,20240529T225158,1974.37
CTD_P,20240529T225700,1947.54
CTD_P,20240529T230202,1921.78
CTD_P,20240529T230619,1900.61
CTD_P,20240529T230630,1899.81
CTD_PTS,20240529T230631,1899.63,3.5747,34.8715
O2,20240529T230720,96.67554,23.34504,3.56679,48.74072,50.10672,58.07066,7.96394,1040.67004,863.97247,738.68268
FLBB,20240529T230723,56,114,567
CTD_P,20240529T230724,1895.31
CTD_P,20240529T231226,1871.02
CTD_P,20240529T231728,1847.27
CTD_P,20240529T232230,1824.58
CTD_P,20240529T232732,1803.25
CTD_P,20240529T232814,1800.15
CTD_P,20240529T232818,1799.81
CTD_PTS,20240529T232820,1799.61,3.9589,34.9052
O2,20240529T232909,85.34985,20.82003,3.95057,49.68126,51.04726,59.01825,7.97099,1058.33704,861.62708,727.44983
FLBB,20240529T232912,57,115,566
CTD_P,20240529T232914,1794.82
CTD_P,20240529T233416,1768.37
CTD_P,20240529T233918,1743.51
CTD_P,20240529T234420,1720.48
CTD_P,20240529T234851,1700.83
CTD_P,20240529T234904,1699.92
CTD_PTS,20240529T234906,1699.79,4.4004,34.9460
O2,20240529T234955,72.14767,17.80672,4.39723,50.88523,52.25124,60.22243,7.97119,1079.78699,858.63037,714.31207
FLBB,20240529T234958,57,116,566
CTD_P,20240529T235000,1695.98
CTD_P,20240529T235502,1675.29
CTD_P,20240529T235546,1672.04
CTD_P,20240529T235648,1666.49
CTD_P,20240530T000150,1639.25
CTD_P,20240530T000652,1613.06
CTD_P,20240530T000925,1600.25
CTD_P,20240530T000929,1599.91
CTD_PTS,20240530T000931,1599.74,5.0100,34.9984
O2,20240530T001020,58.69427,14.71708,5.00628,52.19635,53.56236,61.53517,7.97282,1102.08105,854.31732,696.28851
FLBB,20240530T001023,57,114,565
CTD_P,20240530T001024,1595.45
CTD_P,20240530T001154,1588.20
CTD_P,20240530T001656,1564.59
CTD_P,20240530T002158,1542.24
CTD_P,20240530T002700,1521.37
CTD_P,20240530T002742,1518.39
CTD_P,20240530T002844,1513.02
CTD_P,20240530T003117,1499.66
CTD_PTS,20240530T003119,1499.49,5.6114,35.0573
O2,20240530T003208,44.68892,11.38440,5.62406,53.74888,55.11488,63.09052,7.97563,1126.98206,849.76312,677.87927
FLBB,20240530T003211,58,116,564
CTD_P,20240530T003213,1494.79
CTD_P,20240530T003346,1486.79
CTD_P,20240530T003848,1461.32
CTD_P,20240530T004350,1436.85
CTD_P,20240530T004852,1413.20
CTD_P,20240530T005143,1400.09
CTD_P,20240530T005147,1399.76
CTD_PTS,20240530T005149,1399.62,6.2177,35.1072
O2,20240530T005238,36.30931,9.39032,6.21850,54.72154,56.08754,64.06287,7.97533,1141.45605,845.20032,660.04657
FLBB,20240530T005241,57,116,563
CTD_P,20240530T005242,1395.60
CTD_P,20240530T005354,1390.13
CTD_P,20240530T005856,1367.29
CTD_P,20240530T005938,1363.90
CTD_P,20240530T010040,1357.94
CTD_P,20240530T010542,1329.04
CTD_P,20240530T011044,1301.44
CTD_P,20240530T011102,1299.84
CTD_PTS,20240530T011104,1299.68,6.7844,35.1601
O2,20240530T011153,27.43379,7.19905,6.79871,55.87558,57.24158,65.21593,7.97435,1158.18799,840.98138,642.53113
FLBB,20240530T011156,57,117,562
CTD_P,20240530T011158,1295.00
CTD_P,20240530T011546,1275.51
CTD_P,20240530T012048,1250.90
CTD_P,20240530T012550,1227.97
CTD_P,20240530T013052,1206.73
CTD_P,20240530T013230,1200.08
CTD_P,20240530T013234,1199.82
CTD_PTS,20240530T013236,1199.70,7.4151,35.2234
O2,20240530T013325,19.53748,5.20882,7.43678,56.98662,58.35262,66.32947,7.97684,1173.53699,836.18549,623.14642
FLBB,20240530T013328,58,119,561
CTD_P,20240530T013330,1196.06
CTD_P,20240530T013554,1186.58
CTD_P,20240530T013636,1183.55
CTD_P,20240530T013738,1178.07
CTD_P,20240530T014240,1150.06
CTD_P,20240530T014742,1121.51
CTD_P,20240530T015132,1100.00
CTD_PTS,20240530T015134,1099.81,8.0667,35.2914
O2,20240530T015223,13.08668,3.54528,8.08880,57.96648,59.33248,67.31697,7.98449,1186.64502,831.29309,603.20911
FLBB,20240530T015226,57,122,560
CTD_P,20240530T015228,1094.85
CTD_P,20240530T015244,1093.40
CTD_P,20240530T015746,1067.44
CTD_P,20240530T020248,1044.84
CTD_P,20240530T020750,1025.41
CTD_P,20240530T021252,1007.98
CTD_P,20240530T021334,1005.29
CTD_P,20240530T021436,1000.35
CTD_P,20240530T021442,999.87
CTD_PTS,20240530T021444,999.68,8.8441,35.3700
O2,20240530T021533,6.84897,1.89114,8.87536,58.99451,60.36051,68.34805,7.98754,1199.51001,825.04968,578.99078
FLBB,20240530T021536,57,120,559
CTD_P,20240530T021538,994.72
CTD_P,20240530T021542,994.34
CTD_P,20240530T021644,988.14
CTD_P,20240530T022146,957.47
CTD_P,20240530T022302,949.57
CTD_PTS,20240530T022304,949.36,9.2259,35.4077
O2,20240530T022307,5.19748,1.44699,9.21842,59.27264,60.63864,68.62764,7.98900,1202.64197,822.48761,568.37250
FLBB,20240530T022311,57,120,558
CTD_P,20240530T022312,948.53
CTD_P,20240530T022648,925.66
CTD_P,20240530T023053,900.08
CTD_P,20240530T023057,899.68
CTD_PTS,20240530T023059,899.46,9.5352,35.4270
O2,20240530T023102,4.62158,1.29607,9.52404,59.35392,60.71992,68.70966,7.98974,1203.19702,820.17517,558.88568
FLBB,20240530T023106,57,115,558
CTD_P,20240530T023107,898.64
CTD_P,20240530T023150,894.30
CTD_P,20240530T023652,865.55
CTD_P,20240530T023936,851.28
CTD_P,20240530T023953,849.81
CTD_PTS,20240530T023955,849.65,9.8954,35.4638
O2,20240530T023958,3.83755,1.08546,9.88564,59.47441,60.84042,68.83461,7.99419,1204.03406,817.34229,547.62817
FLBB,20240530T024002,56,114,557
CTD_P,20240530T024003,848.96
CTD_P,20240530T024154,839.82
CTD_P,20240530T024656,815.71
CTD_P,20240530T025015,800.36
CTD_P,20240530T025023,799.76
CTD_PTS,20240530T025025,799.59,10.2969,35.5040
O2,20240530T025028,2.90677,0.83011,10.29299,59.62590,60.99190,68.99289,8.00099,1205.04797,813.87457,534.90479
FLBB,20240530T025032,56,108,557
CTD_P,20240530T025033,798.99
CTD_P,20240530T025158,792.60
CTD_P,20240530T025700,769.76
CTD_P,20240530T025740,766.58
CTD_P,20240530T025842,760.71
CTD_P,20240530T030038,749.66
CTD_PTS,20240530T030040,749.42,10.7703,35.5521
O2,20240530T030043,2.44780,0.70682,10.76643,59.68012,61.04612,69.05215,8.00603,1204.48206,810.19739,520.06403
FLBB,20240530T030047,57,106,556
CTD_P,20240530T030048,748.67
CTD_P,20240530T030344,731.72
CTD_P,20240530T030846,702.91
CTD_P,20240530T030919,699.81
CTD_PTS,20240530T030921,699.68,11.1624,35.5927
O2,20240530T030924,2.38591,0.69530,11.16260,59.65972,61.02572,69.04007,8.01435,1203.11096,806.94012,507.60260
FLBB,20240530T030928,56,109,556
CTD_P,20240530T030929,698.90
CTD_P,20240530T031348,676.19
CTD_P,20240530T031848,652.71
CTD_P,20240530T031925,649.86
CTD_PTS,20240530T031927,649.74,11.4520,35.5926
O2,20240530T031930,2.36576,0.69405,11.45221,59.63962,61.00562,69.02332,8.01769,1202.23401,804.39148,498.46921
FLBB,20240530T031934,57,113,555
CTD_P,20240530T031935,649.17
CTD_P,20240530T032350,631.65
CTD_P,20240530T032852,612.65
CTD_P,20240530T032934,609.81
CTD_P,20240530T033036,604.72
CTD_P,20240530T033136,599.63
CTD_PTS,20240530T033138,599.48,11.7763,35.6031
O2,20240530T033141,2.28769,0.67605,11.76992,59.62978,60.99578,69.01604,8.02026,1201.50500,802.14093,488.42731
FLBB,20240530T033144,57,110,554
CTD_P,20240530T033146,598.80
CTD_P,20240530T033538,579.05
CTD_P,20240530T034040,553.21
CTD_P,20240530T034120,549.77
CTD_PTS,20240530T034122,549.61,11.9846,35.5949
O2,20240530T034125,2.27534,0.67573,11.98645,59.61433,60.98033,69.00481,8.02448,1200.96399,800.27161,481.57031
FLBB,20240530T034128,59,124,554
CTD_P,20240530T034130,548.92
CTD_P,20240530T034542,527.81
CTD_P,20240530T035044,503.56
CTD_P,20240530T035132,499.83
CTD_PTS,20240530T035134,499.69,12.6369,35.6920
O2,20240530T035137,2.14566,0.64670,12.63840,59.58868,60.95468,68.98834,8.03366,1198.66101,795.06567,460.86292
FLBB,20240530T035140,56,112,553
CTD_P,20240530T035142,499.08
CTD_P,20240530T035546,481.34
CTD_P,20240530T040048,460.62
CTD_P,20240530T040326,450.38
CTD_P,20240530T040334,449.88
CTD_PTS,20240530T040336,449.76,12.5726,35.6001
O2,20240530T040339,2.13753,0.64350,12.58680,59.59478,60.96078,68.99852,8.03773,1199.32397,794.81299,462.50510
FLBB,20240530T040342,56,113,553
CTD_P,20240530T040344,449.27
CTD_P,20240530T040550,441.75
CTD_P,20240530T040630,439.26
CTD_P,20240530T040732,434.52
CTD_P,20240530T040812,431.21
CTD_P,20240530T040914,425.26
CTD_P,20240530T041340,400.20
CTD_P,20240530T041344,399.80
CTD_PTS,20240530T041346,399.63,13.7728,35.8100
O2,20240530T041349,1.97365,0.61010,13.77299,59.53437,60.90037,68.94624,8.04588,1194.39600,785.68817,424.62271
FLBB,20240530T041352,56,131,552
CTD_P,20240530T041354,398.82
CTD_P,20240530T041416,396.69
CTD_P,20240530T041919,367.01
CTD_P,20240530T042216,349.88
CTD_PTS,20240530T042218,349.69,14.4497,35.8777
O2,20240530T042221,1.95554,0.61361,14.45405,59.48272,60.84872,68.91783,8.06911,1191.70703,779.75342,402.75760
FLBB,20240530T042224,57,149,551
CTD_P,20240530T042226,348.95
CTD_P,20240530T042421,338.49
CTD_P,20240530T042924,312.70
CTD_P,20240530T043157,299.88
CTD_PTS,20240530T043159,299.76,15.1214,35.8952
O2,20240530T043202,1.89052,0.60166,15.10593,59.44497,60.81097,68.88838,8.07742,1189.29700,774.82440,381.76031
FLBB,20240530T043206,56,140,550
CTD_P,20240530T043207,299.06
CTD_P,20240530T043427,287.88
CTD_P,20240530T043930,268.60
CTD_P,20240530T044426,253.58
CTD_P,20240530T044540,249.53
CTD_PTS,20240530T044542,249.43,16.6343,35.9245
O2,20240530T044545,1.77088,0.58191,16.60706,59.35250,60.71851,68.81293,8.09442,1181.48096,760.88531,333.19510
FLBB,20240530T044548,56,151,547
CTD_P,20240530T044550,249.02
CTD_P,20240530T044928,239.80
CTD_P,20240530T045008,238.08
CTD_P,20240530T045110,233.98
CTD_P,20240530T045150,231.15
CTD_P,20240530T045252,225.90
CTD_P,20240530T045755,204.32
CTD_P,20240530T045859,202.02
CTD_P,20240530T045959,200.80
CTD_P,20240530T050042,200.21
CTD_P,20240530T050056,200.08
CTD_P,20240530T050100,200.04
CTD_P,20240530T050104,200.01
CTD_P,20240530T050108,199.98
CTD_PTS,20240530T050110,199.95,19.0751,35.8634
O2,20240530T050113,1.63095,0.56344,19.03291,59.19330,60.55930,68.68159,8.12229,1168.23303,737.92651,254.29660
FLBB,20240530T050116,54,116,544
CTD_P,20240530T050118,199.91
CTD_P,20240530T050257,198.47
CTD_P,20240530T050800,186.58
CTD_P,20240530T050840,185.83
CTD_P,20240530T050942,183.93
CTD_P,20240530T051022,182.75
CTD_P,20240530T051124,180.68
CTD_P,20240530T051204,179.00
CTD_P,20240530T051306,175.39
CTD_P,20240530T051346,172.15
CTD_P,20240530T051448,165.39
CTD_P,20240530T051713,150.07
CTD_P,20240530T051717,149.74
CTD_PTS,20240530T051719,149.53,23.2410,36.1608
O2,20240530T051722,73.74086,27.61791,23.15420,43.32516,44.69116,52.84607,8.15491,888.79633,701.16638,120.18080
FLBB,20240530T051725,52,112,540
CTD_P,20240530T051727,148.92
CTD_P,20240530T051951,142.24
CTD_P,20240530T052454,126.25
CTD_P,20240530T052956,116.12
CTD_P,20240530T053034,115.57
CTD_P,20240530T053136,112.98
CTD_P,20240530T053216,110.46
CTD_P,20240530T053318,104.93
CTD_P,20240530T053416,99.40
CTD_PTS,20240530T053418,99.18,25.8524,36.3774
O2,20240530T053507,203.13271,80.14838,25.95658,30.28252,31.64852,39.81773,8.16921,588.10712,667.78027,29.85058
FLBB,20240530T053510,90,142,533
CTD_P,20240530T053512,94.14
CTD_P,20240530T053558,90.25
NO3,20240530T053608,1.93
CTD_P,20240530T053612,89.13
CTD_P,20240530T053616,88.82
CTD_PTS,20240530T053618,88.67,26.0272,36.3499
O2,20240530T053707,215.14980,85.06170,26.06762,29.57726,30.94326,39.11711,8.17385,570.44373,665.85809,26.29679
FLBB,20240530T053710,97,140,533
CTD_P,20240530T053711,84.76
CTD_P,20240530T053806,81.21
CTD_P,20240530T053820,80.46
CTD_P,20240530T053829,79.91
CTD_PTS,20240530T053831,79.81,26.2823,36.3611
O2,20240530T053920,224.13229,89.09512,26.36644,28.99760,30.36360,38.53781,8.17421,556.00238,663.79150,16.74428
FLBB,20240530T053923,141,152,532
CTD_P,20240530T053924,77.07
CTD_P,20240530T054056,73.14
CTD_P,20240530T054212,70.39
CTD_P,20240530T054225,69.98
CTD_PTS,20240530T054227,69.92,26.9159,36.3293
O2,20240530T054316,236.36830,94.93935,26.94157,28.18721,29.55321,37.72953,8.17632,535.23187,657.96112,-1.59235
FLBB,20240530T054319,97,157,532
CTD_P,20240530T054321,68.18
CTD_P,20240530T054705,61.61
CTD_P,20240530T054803,60.57
CTD_P,20240530T054824,60.34
CTD_P,20240530T054848,60.07
CTD_P,20240530T054855,59.95
CTD_PTS,20240530T054857,59.91,27.3785,36.2730
O2,20240530T054946,249.26990,100.98070,27.41854,27.43072,28.79671,36.97044,8.17372,516.02972,653.24670,-16.74802
FLBB,20240530T054949,71,152,530
CTD_P,20240530T054951,57.87
CTD_P,20240530T054955,57.70
CTD_P,20240530T055057,55.05
CTD_P,20240530T055135,53.36
CTD_P,20240530T055237,49.72
CTD_PTS,20240530T055239,49.64,28.1616,36.2348
O2,20240530T055328,257.01630,105.74640,28.29225,26.79294,28.15894,36.33813,8.17919,499.31699,646.40991,-44.38017
FLBB,20240530T055331,64,152,530
CTD_P,20240530T055332,46.88
CTD_P,20240530T055334,46.80
CTD_PTS,20240530T055336,46.70,28.3511,36.2261
O2,20240530T055338,256.76889,105.70150,28.32282,26.79254,28.15854,36.32451,8.16597,499.31860,642.07068,-45.34368
FLBB,20240530T055341,64,161,530
CTD_P,20240530T055343,46.36
CTD_P,20240530T055352,45.91
CTD_PTS,20240530T055354,45.83,28.4521,36.2243
O2,20240530T055356,257.42361,106.13510,28.41054,26.73501,28.10101,36.27839,8.17738,497.70551,645.52008,-48.10764
FLBB,20240530T055400,107,351,529
CTD_P,20240530T055402,45.43
CTD_P,20240530T055412,44.86
CTD_P,20240530T055416,44.65
CTD_PTS,20240530T055418,44.51,28.5613,36.2255
O2,20240530T055421,259.31320,107.13700,28.52874,26.61665,27.98265,36.16119,8.17854,494.59769,644.75012,-51.82892
FLBB,20240530T055424,63,156,529
CTD_P,20240530T055426,44.01
CTD_P,20240530T055430,43.78
CTD_PTS,20240530T055432,43.64,28.6490,36.2299
O2,20240530T055435,260.23279,107.66810,28.60864,26.55175,27.91775,36.08423,8.16648,493.07199,640.19080,-54.34259
FLBB,20240530T055438,64,153,529
CTD_P,20240530T055440,43.16
CTD_P,20240530T055444,42.94
CTD_PTS,20240530T055446,42.81,28.7483,36.2411
O2,20240530T055449,260.65311,108.02790,28.70668,26.50107,27.86707,36.03169,8.16463,491.75699,639.38049,-57.42481
FLBB,20240530T055452,63,152,529
CTD_P,20240530T055454,42.37
CTD_P,20240530T055504,41.84
CTD_PTS,20240530T055506,41.71,28.8964,36.2528
O2,20240530T055509,260.54749,108.24910,28.84642,26.45748,27.82348,36.00018,8.17670,490.33359,642.36041,-61.81387
FLBB,20240530T055512,62,149,529
CTD_P,20240530T055514,41.28
CTD_P,20240530T055521,40.93
CTD_PTS,20240530T055523,40.84,28.9245,36.2335
O2,20240530T055525,260.56061,108.33630,28.88955,26.44221,27.80821,35.98499,8.17678,489.77951,641.54602,-63.16753
FLBB,20240530T055528,60,150,529
CTD_P,20240530T055530,40.49
CTD_P,20240530T055541,39.88
CTD_PTS,20240530T055543,39.73,28.9554,36.2439
O2,20240530T055545,260.54980,108.42290,28.93759,26.42625,27.79225,35.96950,8.17725,489.34311,641.00079,-64.67470
FLBB,20240530T055549,61,148,528
CTD_P,20240530T055551,39.23
CTD_P,20240530T055555,38.96
CTD_P,20240530T055559,38.68
CTD_PTS,20240530T055601,38.54,29.2252,36.2869
O2,20240530T055604,259.50650,108.47040,29.19228,26.38167,27.74767,35.92497,8.17731,488.09570,640.35229,-72.65581
FLBB,20240530T055607,62,150,528
CTD_P,20240530T055609,37.99
CTD_P,20240530T055613,37.72
CTD_PTS,20240530T055615,37.58,29.4038,36.3033
O2,20240530T055618,258.56931,108.34190,29.33188,26.37223,27.73823,35.90483,8.16660,487.87711,635.36371,-77.02343
FLBB,20240530T055621,59,144,528
CTD_P,20240530T055623,37.02
CTD_P,20240530T055627,36.75
CTD_PTS,20240530T055629,36.64,29.6099,36.3217
O2,20240530T055632,256.79019,107.99370,29.54386,26.37282,27.73882,35.90358,8.16476,487.71909,634.08350,-83.64587
FLBB,20240530T055635,57,146,528
CTD_P,20240530T055637,36.17
CTD_P,20240530T055641,35.92
CTD_PTS,20240530T055643,35.76,29.9112,36.3428
O2,20240530T055646,253.83130,107.23070,29.80337,26.40667,27.77267,35.93536,8.16269,488.31451,632.62408,-91.73693
FLBB,20240530T055649,60,144,528
CTD_P,20240530T055651,35.31
CTD_P,20240530T055700,34.81
CTD_PTS,20240530T055702,34.72,30.2015,36.3718
O2,20240530T055704,249.70490,105.98470,30.07554,26.48696,27.85296,36.02828,8.17532,489.73550,634.52228,-100.20350
FLBB,20240530T055708,58,142,527
CTD_P,20240530T055710,34.31
CTD_P,20240530T055716,33.97
CTD_PTS,20240530T055718,33.88,30.3381,36.3917
O2,20240530T055720,245.86391,104.67010,30.25089,26.59102,27.95702,36.13486,8.17784,492.04889,632.74957,-105.64740
FLBB,20240530T055724,57,141,527
CTD_P,20240530T055726,33.42
CTD_P,20240530T055730,33.15
CTD_P,20240530T055734,32.90
CTD_PTS,20240530T055736,32.80,30.4023,36.3987
O2,20240530T055739,242.54379,103.44300,30.35571,26.69923,28.06523,36.24395,8.17872,494.34579,630.99768,-108.89770
FLBB,20240530T055742,58,140,527
CTD_P,20240530T055744,32.29
CTD_P,20240530T055752,31.80
CTD_PTS,20240530T055754,31.66,30.4769,36.4089
O2,20240530T055757,240.47020,102.71800,30.44607,26.75959,28.12559,36.30531,8.17972,495.59100,629.72198,-111.69740
FLBB,20240530T055800,56,135,527
CTD_P,20240530T055802,31.12
CTD_P,20240530T055806,30.87
CTD_PTS,20240530T055808,30.74,30.4869,36.4104
O2,20240530T055811,239.34579,102.28230,30.47149,26.80070,28.16670,36.34569,8.17899,496.52170,628.77448,-112.48450
FLBB,20240530T055814,56,134,527
CTD_P,20240530T055816,30.17
CTD_P,20240530T055820,29.89
CTD_PTS,20240530T055822,29.77,30.5054,36.4125
O2,20240530T055825,238.41789,101.92710,30.49516,26.83394,28.19994,36.37939,8.17945,497.18930,628.13019,-113.21700
FLBB,20240530T055828,55,133,527
CTD_P,20240530T055830,29.18
CTD_P,20240530T055835,28.80
CTD_PTS,20240530T055837,28.65,30.5088,36.4142
O2,20240530T055839,237.94800,101.74840,30.50786,26.85060,28.21660,36.39671,8.18011,497.55551,627.71973,-113.61030
FLBB,20240530T055843,53,134,526
CTD_P,20240530T055845,28.07
CTD_P,20240530T055850,27.70
CTD_PTS,20240530T055852,27.52,30.5201,36.4154
O2,20240530T055854,237.45551,101.56150,30.52145,26.86802,28.23402,36.41389,8.17988,497.78781,627.23932,-114.03100
FLBB,20240530T055858,55,135,526
CTD_P,20240530T055900,26.85
CTD_P,20240530T055902,26.67
CTD_PTS,20240530T055904,26.48,30.5239,36.4155
O2,20240530T055906,237.30161,101.50850,30.52881,26.87242,28.23842,36.41783,8.17941,497.93851,626.91510,-114.25860
FLBB,20240530T055910,56,137,526
CTD_P,20240530T055911,25.87
CTD_P,20240530T055914,25.60
CTD_PTS,20240530T055916,25.42,30.5261,36.4158
O2,20240530T055919,237.13741,101.44590,30.53324,26.87828,28.24428,36.42236,8.17808,497.96860,626.67218,-114.39560
FLBB,20240530T055922,54,130,526
CTD_P,20240530T055924,24.66
CTD_P,20240530T055926,24.52
CTD_P,20240530T055930,24.09
CTD_PTS,20240530T055932,23.91,30.5279,36.4151
O2,20240530T055935,236.99710,101.39050,30.53586,26.88369,28.24969,36.42864,8.17896,498.05649,626.49738,-114.47700
FLBB,20240530T055938,54,131,526
CTD_P,20240530T055940,23.12
CTD_P,20240530T055944,22.75
CTD_PTS,20240530T055946,22.59,30.5273,36.4168
O2,20240530T055949,236.97110,101.38280,30.53784,26.88418,28.25018,36.42881,8.17863,498.11801,626.30078,-114.53820
FLBB,20240530T055952,54,133,526
CTD_P,20240530T055954,21.80
CTD_P,20240530T055958,21.40
CTD_PTS,20240530T060000,21.17,30.5279,36.4176
O2,20240530T060003,236.93491,101.37220,30.54067,26.88485,28.25085,36.42918,8.17833,498.05051,626.14728,-114.62570
FLBB,20240530T060006,52,131,526
CTD_P,20240530T060008,20.41
CTD_P,20240530T060012,20.03
CTD_PTS,20240530T060014,19.82,30.5285,36.4181
O2,20240530T060017,236.88670,101.35630,30.54336,26.88610,28.25210,36.43077,8.17867,498.03790,626.03998,-114.70890
FLBB,20240530T060020,54,133,526
CTD_P,20240530T060022,19.06
CTD_P,20240530T060026,18.68
CTD_PTS,20240530T060028,18.45,30.5309,36.4164
O2,20240530T060031,236.91460,101.37090,30.54492,26.88431,28.25031,36.42886,8.17854,498.00540,625.95709,-114.75720
FLBB,20240530T060034,53,143,526
CTD_P,20240530T060036,17.68
CTD_P,20240530T060040,17.29
CTD_PTS,20240530T060042,17.10,30.5279,36.4185
O2,20240530T060045,236.85040,101.34980,30.54856,26.88596,28.25196,36.42935,8.17739,497.93188,625.86560,-114.86970
FLBB,20240530T060048,54,129,525
CTD_P,20240530T060050,16.33
CTD_P,20240530T060054,15.93
CTD_PTS,20240530T060056,15.77,30.5314,36.4170
O2,20240530T060059,236.84930,101.34920,30.54854,26.88602,28.25202,36.42916,8.17714,497.99829,625.78760,-114.86910
FLBB,20240530T060102,54,131,525
CTD_P,20240530T060104,14.97
CTD_P,20240530T060108,14.58
CTD_PTS,20240530T060110,14.34,30.5349,36.4151
O2,20240530T060113,236.92329,101.39040,30.55394,26.88086,28.24686,36.42377,8.17692,497.89859,625.74371,-115.03630
FLBB,20240530T060116,53,131,525
CTD_P,20240530T060118,13.61
CTD_P,20240530T060122,13.23
CTD_PTS,20240530T060124,13.05,30.5386,36.4176
O2,20240530T060127,237.01450,101.44530,30.56312,26.87364,28.23964,36.41550,8.17586,497.58539,625.68237,-115.32030
FLBB,20240530T060130,53,136,525
CTD_P,20240530T060132,12.29
CTD_P,20240530T060136,11.88
CTD_PTS,20240530T060138,11.72,30.5449,36.4169
O2,20240530T060141,236.77769,101.35500,30.56944,26.88213,28.24813,36.42306,8.17493,497.78021,625.59900,-115.51580
FLBB,20240530T060144,53,135,525
CTD_P,20240530T060146,10.98
CTD_P,20240530T060150,10.60
CTD_PTS,20240530T060152,10.42,30.5565,36.4160
O2,20240530T060155,236.92419,101.43800,30.58113,26.87158,28.23758,36.41267,8.17509,497.49081,625.51093,-115.87730
FLBB,20240530T060158,51,132,525
CTD_P,20240530T060200,9.62
CTD_P,20240530T060204,9.25
CTD_PTS,20240530T060206,9.08,30.5672,36.4168
O2,20240530T060209,236.88000,101.43420,30.58986,26.87060,28.23660,36.41096,8.17436,497.49371,625.42578,-116.14720
FLBB,20240530T060212,50,131,525
CTD_P,20240530T060214,8.29
CTD_P,20240530T060218,7.99
CTD_PTS,20240530T060220,7.78,30.5790,36.4167
O2,20240530T060223,236.94630,101.49080,30.60609,26.86211,28.22811,36.40478,8.17667,497.27469,625.35327,-116.64930
FLBB,20240530T060226,53,130,525
CTD_P,20240530T060228,7.05
CTD_P,20240530T060232,6.74
CTD_PTS,20240530T060234,6.53,30.5891,36.4191
O2,20240530T060237,236.72940,101.40850,30.61216,26.86979,28.23579,36.40990,8.17410,497.41971,625.28339,-116.83690
FLBB,20240530T060240,51,133,525
CTD_P,20240530T060242,5.82
CTD_P,20240530T060246,5.49
CTD_PTS,20240530T060248,5.26,30.6136,36.4151
O2,20240530T060251,236.77760,101.45610,30.62765,26.86237,28.22837,36.40228,8.17390,497.12061,625.17621,-117.31580
FLBB,20240530T060254,54,134,525
CTD_P,20240530T060256,4.70
CTD_P,20240530T060305,3.92
Message,20240530T060309,CP Stopped
CTD_P,20240530T060319,2.73
Message,20240530T060321,Surface Mission
CTD_P,20240530T060324,2.31
CTD_P,20240530T060326,2.19
O2,20240530T060329,236.94130,101.59550,30.66747,26.84152,28.20752,36.38281,8.17529,496.68411,625.02948,-118.54690
CTD_P,20240530T060330,1.85
O2,20240530T060344,236.78571,101.52240,30.66385,26.84974,28.21574,36.38892,8.17318,496.73761,624.79742,-118.43480
CTD_P,20240530T060345,0.68
O2,20240530T060400,235.66251,101.03510,30.66056,26.90145,28.26745,36.43927,8.17182,498.02429,624.75842,-118.33320
CTD_P,20240530T060401,0.09
O2,20240530T060414,236.27431,101.29880,30.66135,26.87358,28.23958,36.40491,8.16533,497.46121,624.73492,-118.35760
CTD_P,20240530T060415,-0.17
O2,20240530T060429,236.00639,101.05280,30.58564,26.91138,28.27737,36.44394,8.16656,498.36789,624.75098,-116.01680
CTD_P,20240530T060431,0.08
O2,20240530T060444,235.67590,101.03160,30.65516,26.90268,28.26868,36.43398,8.16531,498.07230,624.77612,-118.16630
CTD_P,20240530T060445,0.02
O2,20240530T060459,235.22340,100.86120,30.66885,26.91850,28.28450,36.45289,8.16839,498.35291,624.67572,-118.58940
CTD_P,20240530T060501,-0.06
O2,20240530T060514,235.88280,101.12760,30.65938,26.89190,28.25790,36.42032,8.16242,497.84879,624.71960,-118.29670
CTD_P,20240530T060515,-0.06
O2,20240530T060529,236.10201,101.07540,30.57501,26.91067,28.27667,36.44244,8.16576,498.11600,624.69177,-115.68810
CTD_P,20240530T060530,0.13
O2,20240530T060545,236.02280,101.18360,30.65709,26.88636,28.25236,36.41953,8.16718,497.52161,624.64111,-118.22620
CTD_P,20240530T060546,0.01
CTD_P,20240530T060917,-0.07
O2,20240530T060920,234.81180,101.09450,30.90644,26.85661,28.22261,36.41818,8.19557,496.37109,622.96741,-125.92430
CTD_P,20240530T060921,-0.16
O2,20240530T060936,235.72031,101.24220,30.76587,26.86311,28.22911,36.40794,8.17883,496.71140,622.71191,-121.58680
CTD_P,20240530T060937,-0.29
O2,20240530T060950,236.36240,101.62670,30.82850,26.81302,28.17902,36.35366,8.17464,495.30920,622.66711,-123.51990
CTD_P,20240530T060951,-0.28
O2,20240530T061005,236.82950,101.77790,30.79991,26.80171,28.16771,36.33998,8.17227,495.11249,622.32739,-122.63770
CTD_P,20240530T061007,-0.28
O2,20240530T061020,233.25990,100.26430,30.81185,26.95930,28.32529,36.49673,8.17144,499.19830,622.35950,-123.00620
CTD_P,20240530T061021,-0.29
O2,20240530T061035,236.05510,101.17540,30.64438,26.88922,28.25522,36.42481,8.16959,497.17679,622.74902,-117.83310
CTD_P,20240530T061037,-0.29
O2,20240530T061050,236.04440,101.16760,30.64249,26.89034,28.25634,36.42717,8.17083,497.19360,622.70068,-117.77480
CTD_P,20240530T061051,-0.16
O2,20240530T061105,235.39700,100.74940,30.56103,26.94731,28.31331,36.48572,8.17241,498.69089,623.16748,-115.25570
CTD_P,20240530T061106,-0.22
O2,20240530T061121,235.77251,100.57680,30.36825,26.99608,28.36208,36.53426,8.17219,499.92249,623.85352,-109.28650
CTD_P,20240530T061122,-0.11
O2,20240530T061135,234.68990,100.33060,30.49355,27.00244,28.36844,36.54042,8.17198,500.15991,624.61151,-113.16740
CTD_P,20240530T061136,-0.01
CTD_P,20240530T061137,0.00
CTD_P,20240530T061203,-0.27
CTD_bins,20240530T061601,26121,1000,1999.000
CTD_CP_H,20240530T061620,4.26,30.6149,36.4179,18,-1.003915,9
CTD_CP_H,20240530T061620,6.00,30.5972,36.4178,23,-1.003907,12
CTD_CP_H,20240530T061620,8.01,30.5789,36.4169,22,-1.003931,11
CTD_CP_H,20240530T061620,10.01,30.5611,36.4166,21,-1.003945,10
CTD_CP_H,20240530T061620,12.01,30.5448,36.4170,21,-1.003968,11
CTD_CP_H,20240530T061620,14.00,30.5351,36.4168,21,-1.003984,10
CTD_CP_H,20240530T061621,16.04,30.5308,36.4173,21,-1.004027,11
CTD_CP_H,20240530T061621,18.03,30.5305,36.4167,20,-1.004006,10
CTD_CP_H,20240530T061621,20.03,30.5291,36.4172,21,-1.004003,10
CTD_CP_H,20240530T061621,22.02,30.5291,36.4160,20,-1.004006,10
CTD_CP_H,20240530T061621,24.00,30.5272,36.4159,21,-1.004031,11
CTD_CP_H,20240530T061621,25.99,30.5249,36.4158,22,-1.004055,11
CTD_CP_H,20240530T061621,28.02,30.5143,36.4142,26,-1.004070,13
CTD_CP_H,20240530T061621,30.02,30.4992,36.4121,29,-1.004081,14
CTD_CP_H,20240530T061621,32.04,30.4492,36.4051,31,-1.004102,16
CTD_CP_H,20240530T061621,34.03,30.3041,36.3844,36,-1.004139,18
CTD_CP_H,20240530T061621,35.97,29.8473,36.3393,33,-1.004225,16
CTD_CP_H,20240530T061621,37.99,29.3237,36.2973,29,-1.004365,15
CTD_CP_H,20240530T061621,40.07,28.9488,36.2406,35,-1.004369,17
CTD_CP_H,20240530T061622,41.99,28.8560,36.2454,37,-1.004455,19
CTD_CP_H,20240530T061622,44.01,28.6161,36.2294,33,-1.004539,16
CTD_CP_H,20240530T061622,46.04,28.4191,36.2254,40,-1.004868,20
CTD_CP_H,20240530T061622,48.00,28.2870,36.2298,39,-1.005044,20
CTD_CP_H,20240530T061622,49.97,28.1458,36.2397,35,-1.005037,17
CTD_CP_H,20240530T061622,51.99,27.9839,36.2431,34,-1.005175,17
CTD_CP_H,20240530T061622,54.09,27.7481,36.2482,44,-1.005376,22
CTD_CP_H,20240530T061622,55.98,27.6039,36.2467,46,-1.005519,23
CTD_CP_H,20240530T061622,58.01,27.4454,36.2603,48,-1.005729,24
CTD_CP_H,20240530T061622,60.20,27.3508,36.2732,108,-1.005992,54
CTD_CP_H,20240530T061622,61.91,27.2477,36.2827,83,-1.006305,42
CTD_CP_H,20240530T061622,64.01,27.1443,36.2920,66,-1.006605,33
CTD_CP_H,20240530T061622,65.98,27.0919,36.3034,67,-1.006721,33
CTD_CP_H,20240530T061622,67.98,26.9931,36.3129,64,-1.006925,32
CTD_CP_H,20240530T061623,69.98,26.9121,36.3303,61,-1.006982,31
CTD_CP_H,20240530T061623,71.97,26.8006,36.3393,55,-1.007223,27
CTD_CP_H,20240530T061623,74.00,26.6666,36.3527,49,-1.007399,25
CTD_CP_H,20240530T061623,75.97,26.5213,36.3560,44,-1.007741,22
CTD_CP_H,20240530T061623,77.96,26.3449,36.3321,40,-1.008220,20
CTD_CP_H,20240530T061623,79.99,26.2575,36.3555,37,-1.008413,18
CTD_CP_H,20240530T061623,81.99,26.1862,36.3520,32,-1.008762,16
CTD_CP_H,20240530T061623,83.98,26.1202,36.3520,30,-1.008857,15
CTD_CP_H,20240530T061623,85.99,26.0618,36.3502,28,-1.008983,14
CTD_CP_H,20240530T061623,88.01,26.0320,36.3488,26,-1.009165,13
CTD_CP_H,20240530T061623,90.01,26.0172,36.3569,25,-1.009529,13
CTD_CP_H,20240530T061623,92.02,26.0104,36.3677,23,-1.009722,11
CTD_CP_H,20240530T061623,93.97,25.9915,36.3673,23,-1.009668,12
CTD_CP_H,20240530T061624,95.99,25.9727,36.3735,22,-1.009922,11
CTD_CP_H,20240530T061624,98.02,25.9104,36.3863,21,-1.010155,10
CTD_CP_H,20240530T061624,100.01,25.8280,36.3747,20,-1.010073,10
CTD_CP_H,20240530T061624,101.98,25.7925,36.3806,21,-1.010347,11
CTD_CP_H,20240530T061624,104.03,25.7405,36.3854,22,-1.010602,11
CTD_CP_H,20240530T061624,106.04,25.7074,36.3886,21,-1.010959,10
CTD_CP_H,20240530T061624,108.01,25.6609,36.4038,22,-1.011071,11
CTD_CP_H,20240530T061624,110.04,25.6491,36.4116,25,-1.011188,13
CTD_CP_H,20240530T061624,112.07,25.6330,36.4160,33,-1.011214,16
CTD_CP_H,20240530T061624,114.06,25.5836,36.4188,45,-1.011379,23
CTD_CP_H,20240530T061624,116.22,25.4140,36.4187,148,-1.011959,74
CTD_CP_H,20240530T061624,117.85,25.2968,36.4184,80,-1.012309,40
CTD_CP_H,20240530T061624,119.97,25.2100,36.4250,45,-1.012368,22
CTD_CP_H,20240530T061624,121.97,25.1686,36.4334,35,-1.012303,18
CTD_CP_H,20240530T061625,123.98,25.1428,36.4482,31,-1.012193,15
CTD_CP_H,20240530T061625,126.01,25.0912,36.4507,28,-1.012318,14
CTD_CP_H,20240530T061625,128.02,25.0469,36.4654,27,-1.012251,14
CTD_CP_H,20240530T061625,130.02,25.0171,36.4699,28,-1.012286,14
CTD_CP_H,20240530T061625,132.00,24.9211,36.4561,27,-1.012684,13
CTD_CP_H,20240530T061625,134.00,24.8157,36.4414,31,-1.013145,16
CTD_CP_H,20240530T061625,136.03,24.6856,36.4267,33,-1.013608,16
CTD_CP_H,20240530T061625,138.05,24.6618,36.4401,42,-1.013589,21
CTD_CP_H,20240530T061625,140.07,24.6162,36.4540,58,-1.013888,29
CTD_CP_H,20240530T061625,141.98,24.3726,36.4100,72,-1.015473,36
CTD_CP_H,20240530T061625,143.93,24.0976,36.3570,54,-1.017161,27
CTD_CP_H,20240530T061625,145.95,23.7994,36.2962,37,-1.018947,19
CTD_CP_H,20240530T061625,147.97,23.4889,36.2246,29,-1.020663,14
CTD_CP_H,20240530T061626,149.99,23.1789,36.1512,23,-1.022381,12
CTD_CP_H,20240530T061626,151.97,22.8922,36.1028,21,-1.023775,10
CTD_CP_H,20240530T061626,153.98,22.7423,36.0881,20,-1.024370,10
CTD_CP_H,20240530T061626,155.98,22.6526,36.0753,19,-1.024835,10
CTD_CP_H,20240530T061626,157.95,22.5073,36.0499,18,-1.025653,9
CTD_CP_H,20240530T061626,159.94,22.3662,36.0230,18,-1.026417,9
CTD_CP_H,20240530T061626,162.00,22.1724,36.0146,18,-1.027625,9
CTD_CP_H,20240530T061626,164.00,22.0034,36.0005,17,-1.028307,8
CTD_CP_H,20240530T061626,166.00,21.8503,35.9833,18,-1.028978,9
CTD_CP_H,20240530T061626,168.00,21.6273,35.9531,17,-1.029807,9
CTD_CP_H,20240530T061626,169.98,21.4502,35.9395,19,-1.030400,9
CTD_CP_H,20240530T061626,172.04,21.4611,35.9806,21,-1.030617,11
CTD_CP_H,20240530T061626,174.07,21.2851,35.9712,25,-1.031057,12
CTD_CP_H,20240530T061626,176.03,21.1259,35.9544,31,-1.031530,16
CTD_CP_H,20240530T061627,178.00,20.9083,35.9286,36,-1.032140,18
CTD_CP_H,20240530T061627,180.07,20.3714,35.8851,50,-1.033246,25
CTD_CP_H,20240530T061627,182.01,20.1738,35.9329,60,-1.033713,30
CTD_CP_H,20240530T061627,183.96,19.7642,35.9229,67,-1.034369,33
CTD_CP_H,20240530T061627,186.10,19.5807,35.9133,87,-1.034586,44
CTD_CP_H,20240530T061627,187.90,19.5681,35.9121,57,-1.034630,28
CTD_CP_H,20240530T061627,189.96,19.5396,35.9089,42,-1.034720,21
CTD_CP_H,20240530T061627,191.98,19.4842,35.9037,40,-1.034846,20
CTD_CP_H,20240530T061627,194.02,19.4235,35.8965,43,-1.034934,22
CTD_CP_H,20240530T061627,196.04,19.3975,35.8917,50,-1.034996,25
CTD_CP_H,20240530T061627,198.12,19.3099,35.8810,79,-1.035103,39
CTD_CP_H,20240530T061627,199.99,19.0557,35.8666,163,-1.035510,82
CTD_CP_H,20240530T061627,201.90,18.7254,35.8866,80,-1.035930,40
CTD_CP_H,20240530T061628,203.94,18.5869,35.9183,45,-1.036112,22
CTD_CP_H,20240530T061628,205.97,18.4271,35.9311,38,-1.036307,19
CTD_CP_H,20240530T061628,207.96,18.3674,35.9216,33,-1.036369,17
CTD_CP_H,20240530T061628,209.97,18.2521,35.9126,30,-1.036482,15
CTD_CP_H,20240530T061628,211.97,18.0768,35.9070,28,-1.036634,14
CTD_CP_H,20240530T061628,213.97,18.0333,35.9160,27,-1.036658,13
CTD_CP_H,20240530T061628,215.98,18.0515,35.9395,27,-1.036653,14
CTD_CP_H,20240530T061628,218.00,17.9627,35.9347,25,-1.036735,12
CTD_CP_H,20240530T061628,219.99,17.8727,35.9305,24,-1.036856,12
CTD_CP_H,20240530T061628,222.00,17.7516,35.9176,24,-1.037002,12
CTD_CP_H,20240530T061628,224.00,17.6344,35.9007,23,-1.037165,12
CTD_CP_H,20240530T061628,226.00,17.5529,35.9003,24,-1.037259,12
CTD_CP_H,20240530T061628,228.02,17.5402,35.9270,23,-1.037301,11
CTD_CP_H,20240530T061628,230.02,17.4614,35.9348,24,-1.037323,12
CTD_CP_H,20240530T061629,232.04,17.3478,35.9271,27,-1.037448,14
CTD_CP_H,20240530T061629,234.01,17.2032,35.9146,30,-1.037647,15
CTD_CP_H,20240530T061629,236.01,16.9565,35.8952,29,-1.037888,14
CTD_CP_H,20240530T061629,238.07,16.7700,35.8657,36,-1.038033,18
CTD_CP_H,20240530T061629,240.00,16.7739,35.8747,53,-1.038041,27
CTD_CP_H,20240530T061629,241.96,16.8006,35.8904,50,-1.038012,25
CTD_CP_H,20240530T061629,243.99,16.8742,35.9383,48,-1.037907,24
CTD_CP_H,20240530T061629,245.99,16.8798,35.9527,46,-1.037951,23
CTD_CP_H,20240530T061629,247.98,16.7790,35.9414,41,-1.038092,20
CTD_CP_H,20240530T061629,249.97,16.5837,35.9194,40,-1.038263,20
CTD_CP_H,20240530T061629,252.02,16.4847,35.9369,36,-1.038324,18
CTD_CP_H,20240530T061629,254.02,16.4445,35.9505,35,-1.038351,18
CTD_CP_H,20240530T061629,256.00,16.3870,35.9528,37,-1.038401,18
CTD_CP_H,20240530T061630,258.00,16.3180,35.9483,38,-1.038460,19
CTD_CP_H,20240530T061630,260.01,16.2884,35.9555,39,-1.038469,20
CTD_CP_H,20240530T061630,262.03,16.2548,35.9601,44,-1.038496,22
CTD_CP_H,20240530T061630,264.01,16.2310,35.9718,43,-1.038578,21
CTD_CP_H,20240530T061630,265.98,16.3041,36.0254,40,-1.038348,20
CTD_CP_H,20240530T061630,267.99,16.4191,36.0877,37,-1.038036,19
CTD_CP_H,20240530T061630,270.00,16.4321,36.1145,36,-1.038006,18
CTD_CP_H,20240530T061630,272.01,16.4140,36.1205,36,-1.038037,18
CTD_CP_H,20240530T061630,273.99,16.3837,36.1190,34,-1.038090,17
CTD_CP_H,20240530T061630,275.97,16.3463,36.1178,33,-1.038139,16
CTD_CP_H,20240530T061630,277.99,16.2065,36.1016,31,-1.038275,16
CTD_CP_H,20240530T061630,279.98,16.0815,36.0821,29,-1.038421,14
CTD_CP_H,20240530T061630,281.99,15.9640,36.0587,29,-1.038563,15
CTD_CP_H,20240530T061630,283.99,15.9307,36.0490,28,-1.038571,14
CTD_CP_H,20240530T061631,285.99,15.8998,36.0388,28,-1.038639,14
CTD_CP_H,20240530T061631,288.00,15.7162,36.0059,26,-1.038861,13
CTD_CP_H,20240530T061631,289.97,15.5376,35.9731,25,-1.038989,12
CTD_CP_H,20240530T061631,291.97,15.4528,35.9578,25,-1.039130,13
CTD_CP_H,20240530T061631,294.00,15.3080,35.9326,25,-1.039257,12
CTD_CP_H,20240530T061631,295.99,15.2669,35.9223,25,-1.039328,13
CTD_CP_H,20240530T061631,297.97,15.1993,35.9093,24,-1.039471,12
CTD_CP_H,20240530T061631,299.99,15.1064,35.8938,25,-1.039554,12
CTD_CP_H,20240530T061631,301.99,15.0568,35.8864,24,-1.039595,12
CTD_CP_H,20240530T061631,303.98,14.9686,35.8771,24,-1.039660,12
CTD_CP_H,20240530T061631,305.98,14.8825,35.8641,24,-1.039759,12
CTD_CP_H,20240530T061631,307.99,14.8456,35.8608,24,-1.039778,12
CTD_CP_H,20240530T061631,309.98,14.8040,35.8564,23,-1.039805,12
CTD_CP_H,20240530T061632,311.96,14.7978,35.8571,24,-1.039814,12
CTD_CP_H,20240530T061632,314.01,14.8388,35.8778,24,-1.039774,12
CTD_CP_H,20240530T061632,316.01,14.8364,35.8774,24,-1.039796,12
CTD_CP_H,20240530T061632,318.00,14.7277,35.8580,24,-1.039888,12
CTD_CP_H,20240530T061632,320.01,14.6370,35.8418,24,-1.039980,12
CTD_CP_H,20240530T061632,321.99,14.5681,35.8300,23,-1.040045,11
CTD_CP_H,20240530T061632,324.00,14.4973,35.8200,24,-1.040096,12
CTD_CP_H,20240530T061632,326.00,14.4695,35.8181,23,-1.040106,12
CTD_CP_H,20240530T061632,328.00,14.4838,35.8241,24,-1.040074,12
CTD_CP_H,20240530T061632,330.01,14.4857,35.8246,23,-1.040124,11
CTD_CP_H,20240530T061632,332.01,14.4840,35.8254,24,-1.040135,12
CTD_CP_H,20240530T061632,334.02,14.4923,35.8304,23,-1.040058,12
CTD_CP_H,20240530T061632,336.01,14.5493,35.8584,23,-1.039943,11
CTD_CP_H,20240530T061632,337.99,14.6215,35.8833,22,-1.039795,11
CTD_CP_H,20240530T061633,339.99,14.6379,35.8954,23,-1.039763,12
CTD_CP_H,20240530T061633,342.00,14.6569,35.9065,22,-1.039765,11
CTD_CP_H,20240530T061633,343.98,14.5527,35.8934,22,-1.039867,11
CTD_CP_H,20240530T061633,346.00,14.4923,35.8830,22,-1.039886,11
CTD_CP_H,20240530T061633,348.00,14.4792,35.8831,21,-1.039899,10
CTD_CP_H,20240530T061633,349.97,14.4547,35.8795,21,-1.039910,11
CTD_CP_H,20240530T061633,351.99,14.4620,35.8853,22,-1.039902,11
CTD_CP_H,20240530T061633,354.04,14.4079,35.8772,21,-1.039950,10
CTD_CP_H,20240530T061633,356.02,14.3555,35.8720,20,-1.039965,10
CTD_CP_H,20240530T061633,357.97,14.3432,35.8715,20,-1.039956,10
CTD_CP_H,20240530T061633,359.98,14.3396,35.8734,21,-1.039955,11
CTD_CP_H,20240530T061633,361.99,14.3283,35.8716,20,-1.039945,10
CTD_CP_H,20240530T061633,363.98,14.2853,35.8675,21,-1.039986,10
CTD_CP_H,20240530T061634,365.98,14.2584,35.8649,20,-1.039997,10
CTD_CP_H,20240530T061634,367.99,14.2109,35.8564,21,-1.040031,11
CTD_CP_H,20240530T061634,369.99,14.1789,35.8493,20,-1.040063,10
CTD_CP_H,20240530T061634,372.00,14.1924,35.8537,21,-1.040047,10
CTD_CP_H,20240530T061634,374.01,14.1456,35.8504,20,-1.040078,10
CTD_CP_H,20240530T061634,376.00,14.1025,35.8427,21,-1.040100,11
CTD_CP_H,20240530T061634,377.99,14.0651,35.8352,20,-1.040130,10
CTD_CP_H,20240530T061634,379.96,14.0652,35.8389,20,-1.040092,10
CTD_CP_H,20240530T061634,381.98,14.0781,35.8470,21,-1.040049,10
CTD_CP_H,20240530T061634,384.00,14.0648,35.8447,20,-1.040062,10
CTD_CP_H,20240530T061634,386.01,14.0207,35.8379,21,-1.040127,11
CTD_CP_H,20240530T061634,388.03,13.9579,35.8277,20,-1.040147,10
CTD_CP_H,20240530T061634,389.99,13.9584,35.8286,20,-1.040156,10
CTD_CP_H,20240530T061634,391.99,13.9285,35.8256,21,-1.040146,10
CTD_CP_H,20240530T061635,393.99,13.8508,35.8136,20,-1.040169,10
CTD_CP_H,20240530T061635,396.00,13.8128,35.8081,21,-1.040208,11
CTD_CP_H,20240530T061635,398.00,13.7777,35.8061,20,-1.040198,10
CTD_CP_H,20240530T061635,400.00,13.7722,35.8087,21,-1.040189,10
CTD_CP_H,20240530T061635,402.02,13.7507,35.8053,21,-1.040182,11
CTD_CP_H,20240530T061635,404.02,13.7338,35.8016,21,-1.040167,10
CTD_CP_H,20240530T061635,405.99,13.7082,35.7984,21,-1.040192,11
CTD_CP_H,20240530T061635,407.97,13.6619,35.7930,21,-1.040192,10
CTD_CP_H,20240530T061635,409.96,13.6604,35.8008,21,-1.040160,11
CTD_CP_H,20240530T061635,411.97,13.6394,35.7977,22,-1.040190,11
CTD_CP_H,20240530T061635,414.00,13.5694,35.7912,21,-1.040206,10
CTD_CP_H,20240530T061635,415.98,13.5443,35.7898,21,-1.040147,11
CTD_CP_H,20240530T061635,418.00,13.5226,35.7850,22,-1.040164,11
CTD_CP_H,20240530T061636,420.03,13.4297,35.7664,21,-1.040248,10
CTD_CP_H,20240530T061636,421.99,13.3414,35.7451,21,-1.040278,11
CTD_CP_H,20240530T061636,423.98,13.3374,35.7420,22,-1.040271,11
CTD_CP_H,20240530T061636,426.01,13.2639,35.7267,21,-1.040409,10
CTD_CP_H,20240530T061636,427.97,12.9124,35.6524,20,-1.040664,10
CTD_CP_H,20240530T061636,430.00,12.7966,35.6267,22,-1.040731,11
CTD_CP_H,20240530T061636,432.04,12.7764,35.6208,22,-1.040734,11
CTD_CP_H,20240530T061636,433.98,12.7673,35.6170,25,-1.040732,13
CTD_CP_H,20240530T061636,435.96,12.7259,35.6085,26,-1.040777,13
CTD_CP_H,20240530T061636,438.00,12.5956,35.5819,27,-1.040847,13
CTD_CP_H,20240530T061636,440.04,12.5412,35.5715,30,-1.040866,15
CTD_CP_H,20240530T061636,441.99,12.5321,35.5729,35,-1.040881,18
CTD_CP_H,20240530T061636,443.98,12.5275,35.5758,34,-1.040861,17
CTD_CP_H,20240530T061636,445.97,12.5472,35.5848,33,-1.040817,16
CTD_CP_H,20240530T061637,447.97,12.5854,35.5974,33,-1.040775,17
CTD_CP_H,20240530T061637,450.00,12.5776,35.6001,33,-1.040732,16
CTD_CP_H,20240530T061637,452.01,12.6323,35.6223,31,-1.040629,16
CTD_CP_H,20240530T061637,453.98,12.6527,35.6307,31,-1.040620,15
CTD_CP_H,20240530T061637,455.98,12.6725,35.6362,31,-1.040565,16
CTD_CP_H,20240530T061637,457.98,12.7246,35.6546,30,-1.040527,15
CTD_CP_H,20240530T061637,459.98,12.7160,35.6569,30,-1.040480,15
CTD_CP_H,20240530T061637,462.00,12.7130,35.6579,30,-1.040468,15
CTD_CP_H,20240530T061637,464.00,12.7195,35.6601,29,-1.040472,14
CTD_CP_H,20240530T061637,465.98,12.7138,35.6593,29,-1.040468,15
CTD_CP_H,20240530T061637,467.98,12.7235,35.6615,30,-1.040460,15
CTD_CP_H,20240530T061637,470.00,12.7132,35.6582,30,-1.040495,15
CTD_CP_H,20240530T061637,472.02,12.5704,35.6321,29,-1.040603,14
CTD_CP_H,20240530T061638,474.02,12.5885,35.6375,29,-1.040573,15
CTD_CP_H,20240530T061638,476.00,12.6479,35.6584,28,-1.040443,14
CTD_CP_H,20240530T061638,477.98,12.6900,35.6751,29,-1.040377,14
CTD_CP_H,20240530T061638,479.99,12.7229,35.6847,29,-1.040321,15
CTD_CP_H,20240530T061638,482.00,12.7278,35.6869,28,-1.040323,14
CTD_CP_H,20240530T061638,483.97,12.6265,35.6652,28,-1.040427,14
CTD_CP_H,20240530T061638,485.99,12.5089,35.6394,29,-1.040541,14
CTD_CP_H,20240530T061638,488.00,12.4873,35.6332,27,-1.040579,14
CTD_CP_H,20240530T061638,489.97,12.4119,35.6172,28,-1.040641,14
CTD_CP_H,20240530T061638,492.00,12.3818,35.6112,28,-1.040632,14
CTD_CP_H,20240530T061638,494.02,12.3904,35.6150,27,-1.040619,13
CTD_CP_H,20240530T061638,496.03,12.5232,35.6552,27,-1.040395,14
CTD_CP_H,20240530T061638,498.04,12.6131,35.6836,26,-1.040342,13
CTD_CP_H,20240530T061639,500.03,12.6290,35.6880,26,-1.040318,13
CTD_CP_H,20240530T061639,502.04,12.6316,35.6894,26,-1.040299,13
CTD_CP_H,20240530T061639,504.03,12.6079,35.6892,25,-1.040278,12
CTD_CP_H,20240530T061639,505.99,12.5614,35.6799,25,-1.040315,13
CTD_CP_H,20240530T061639,508.01,12.5506,35.6774,26,-1.040285,13
CTD_CP_H,20240530T061639,510.02,12.5511,35.6768,25,-1.040318,12
CTD_CP_H,20240530T061639,511.97,12.5262,35.6716,25,-1.040348,13
CTD_CP_H,20240530T061639,513.96,12.4237,35.6527,25,-1.040427,12
CTD_CP_H,20240530T061639,515.97,12.3683,35.6417,25,-1.040475,13
CTD_CP_H,20240530T061639,517.98,12.3611,35.6413,24,-1.040480,12
CTD_CP_H,20240530T061639,519.98,12.3902,35.6478,25,-1.040438,12
CTD_CP_H,20240530T061639,522.01,12.3392,35.6379,25,-1.040490,13
CTD_CP_H,20240530T061639,524.02,12.3046,35.6364,24,-1.040465,12
CTD_CP_H,20240530T061639,525.98,12.2565,35.6279,24,-1.040519,12
CTD_CP_H,20240530T061640,527.98,12.2121,35.6175,25,-1.040575,12
CTD_CP_H,20240530T061640,529.99,12.1584,35.6087,24,-1.040608,12
CTD_CP_H,20240530T061640,531.97,12.1028,35.5980,24,-1.040653,12
CTD_CP_H,20240530T061640,533.95,12.0837,35.5942,24,-1.040649,12
CTD_CP_H,20240530T061640,535.98,12.0756,35.5933,25,-1.040672,13
CTD_CP_H,20240530T061640,538.02,12.0616,35.5926,24,-1.040681,12
CTD_CP_H,20240530T061640,540.02,12.0549,35.5955,23,-1.040646,11
CTD_CP_H,20240530T061640,542.00,12.0395,35.5969,24,-1.040653,12
CTD_CP_H,20240530T061640,544.02,12.0645,35.6040,24,-1.040635,12
CTD_CP_H,20240530T061640,546.01,12.0452,35.6023,23,-1.040659,12
CTD_CP_H,20240530T061640,547.97,12.0073,35.5964,23,-1.040691,11
CTD_CP_H,20240530T061640,549.99,11.9821,35.5943,24,-1.040713,12
CTD_CP_H,20240530T061640,552.00,11.9705,35.5937,23,-1.040698,12
CTD_CP_H,20240530T061641,553.98,11.9929,35.6016,23,-1.040626,11
CTD_CP_H,20240530T061641,556.00,12.0193,35.6107,24,-1.040596,12
CTD_CP_H,20240530T061641,558.03,11.9555,35.6019,23,-1.040652,12
CTD_CP_H,20240530T061641,560.03,11.9406,35.5987,24,-1.040640,12
CTD_CP_H,20240530T061641,562.03,11.9150,35.5960,23,-1.040634,11
CTD_CP_H,20240530T061641,563.99,11.8961,35.5960,23,-1.040653,12
CTD_CP_H,20240530T061641,566.00,11.8887,35.5957,24,-1.040680,12
CTD_CP_H,20240530T061641,568.01,11.8719,35.5954,23,-1.040646,11
CTD_CP_H,20240530T061641,569.98,11.8864,35.6032,23,-1.040617,12
CTD_CP_H,20240530T061641,571.94,11.8837,35.6040,23,-1.040633,11
CTD_CP_H,20240530T061641,573.96,11.8722,35.6045,24,-1.040640,12
CTD_CP_H,20240530T061641,576.00,11.8621,35.6044,24,-1.040613,12
CTD_CP_H,20240530T061641,578.02,11.8849,35.6124,23,-1.040595,12
CTD_CP_H,20240530T061641,580.03,11.9071,35.6192,24,-1.040574,12
CTD_CP_H,20240530T061642,582.04,11.8971,35.6190,23,-1.040542,11
CTD_CP_H,20240530T061642,584.00,11.8544,35.6124,23,-1.040554,12
CTD_CP_H,20240530T061642,586.00,11.8395,35.6096,23,-1.040594,11
CTD_CP_H,20240530T061642,588.00,11.8322,35.6103,24,-1.040572,12
CTD_CP_H,20240530T061642,589.99,11.8374,35.6129,23,-1.040563,12
CTD_CP_H,20240530T061642,591.99,11.8324,35.6127,24,-1.040588,12
CTD_CP_H,20240530T061642,594.01,11.8090,35.6095,24,-1.040600,12
CTD_CP_H,20240530T061642,596.00,11.7812,35.6060,23,-1.040616,11
CTD_CP_H,20240530T061642,597.99,11.7817,35.6059,24,-1.040619,12
CTD_CP_H,20240530T061642,599.97,11.7595,35.6021,23,-1.040658,12
CTD_CP_H,20240530T061642,602.00,11.7327,35.5968,25,-1.040655,12
CTD_CP_H,20240530T061642,604.03,11.7180,35.5957,23,-1.040684,12
CTD_CP_H,20240530T061642,605.99,11.7219,35.5991,24,-1.040660,12
CTD_CP_H,20240530T061643,607.98,11.7185,35.6032,24,-1.040658,12
CTD_CP_H,20240530T061643,610.02,11.6978,35.6021,27,-1.040648,13
CTD_CP_H,20240530T061643,612.01,11.6773,35.6027,31,-1.040673,16
CTD_CP_H,20240530T061643,614.00,11.6572,35.6017,33,-1.040671,16
CTD_CP_H,20240530T061643,616.01,11.6476,35.6021,32,-1.040669,16
CTD_CP_H,20240530T061643,618.02,11.6476,35.6038,33,-1.040682,17
CTD_CP_H,20240530T061643,620.03,11.6388,35.6023,32,-1.040683,16
CTD_CP_H,20240530T061643,622.01,11.6218,35.6015,32,-1.040697,16
CTD_CP_H,20240530T061643,624.01,11.6008,35.6002,32,-1.040684,16
CTD_CP_H,20240530T061643,626.00,11.5954,35.6009,30,-1.040709,15
CTD_CP_H,20240530T061643,627.97,11.5934,35.6023,31,-1.040692,15
CTD_CP_H,20240530T061643,630.00,11.5823,35.6011,32,-1.040723,16
CTD_CP_H,20240530T061643,632.00,11.5630,35.6000,30,-1.040706,15
CTD_CP_H,20240530T061643,633.98,11.5365,35.5975,31,-1.040716,16
CTD_CP_H,20240530T061644,636.01,11.5140,35.5950,30,-1.040736,15
CTD_CP_H,20240530T061644,637.98,11.5125,35.5951,29,-1.040761,14
CTD_CP_H,20240530T061644,639.97,11.5149,35.5960,29,-1.040743,15
CTD_CP_H,20240530T061644,641.98,11.5099,35.5962,29,-1.040750,14
CTD_CP_H,20240530T061644,644.00,11.4892,35.5935,29,-1.040777,15
CTD_CP_H,20240530T061644,646.02,11.4640,35.5903,28,-1.040796,14
CTD_CP_H,20240530T061644,647.99,11.4504,35.5885,27,-1.040806,13
CTD_CP_H,20240530T061644,649.98,11.4474,35.5913,27,-1.040788,14
CTD_CP_H,20240530T061644,651.97,11.4586,35.5988,26,-1.040731,13
CTD_CP_H,20240530T061644,653.96,11.4640,35.6020,27,-1.040742,13
CTD_CP_H,20240530T061644,656.00,11.4541,35.6017,27,-1.040719,14
CTD_CP_H,20240530T061644,657.99,11.4250,35.5985,25,-1.040750,12
CTD_CP_H,20240530T061644,659.97,11.4150,35.5970,26,-1.040762,13
CTD_CP_H,20240530T061645,661.98,11.4105,35.5969,26,-1.040794,13
CTD_CP_H,20240530T061645,664.00,11.4107,35.5980,26,-1.040771,13
CTD_CP_H,20240530T061645,665.98,11.4254,35.6062,25,-1.040773,13
CTD_CP_H,20240530T061645,667.99,11.3851,35.5997,26,-1.040790,13
CTD_CP_H,20240530T061645,670.02,11.3921,35.6027,25,-1.040761,12
CTD_CP_H,20240530T061645,672.00,11.4188,35.6147,24,-1.040733,12
CTD_CP_H,20240530T061645,674.00,11.4014,35.6120,25,-1.040757,13
CTD_CP_H,20240530T061645,676.00,11.3689,35.6065,24,-1.040784,12
CTD_CP_H,20240530T061645,677.98,11.3597,35.6050,24,-1.040803,12
CTD_CP_H,20240530T061645,680.00,11.3399,35.6023,24,-1.040826,12
CTD_CP_H,20240530T061645,681.99,11.3026,35.5988,23,-1.040852,11
CTD_CP_H,20240530T061645,684.00,11.2882,35.5990,24,-1.040843,12
CTD_CP_H,20240530T061645,686.04,11.2848,35.5992,23,-1.040861,12
CTD_CP_H,20240530T061645,688.02,11.2665,35.5983,22,-1.040877,11
CTD_CP_H,20240530T061646,690.02,11.2505,35.5971,23,-1.040881,11
CTD_CP_H,20240530T061646,692.02,11.2487,35.6007,22,-1.040852,11
CTD_CP_H,20240530T061646,694.01,11.2497,35.6027,22,-1.040874,11
CTD_CP_H,20240530T061646,696.01,11.2285,35.6000,22,-1.040913,11
CTD_CP_H,20240530T061646,697.98,11.1827,35.5944,21,-1.040930,11
CTD_CP_H,20240530T061646,699.97,11.1637,35.5923,22,-1.040922,11
CTD_CP_H,20240530T061646,702.01,11.1580,35.5916,22,-1.040950,11
CTD_CP_H,20240530T061646,704.03,11.1460,35.5908,21,-1.040965,10
CTD_CP_H,20240530T061646,706.02,11.1197,35.5883,21,-1.040972,11
CTD_CP_H,20240530T061646,707.99,11.1096,35.5870,21,-1.040968,10
CTD_CP_H,20240530T061646,709.99,11.1004,35.5856,21,-1.040992,11
CTD_CP_H,20240530T061646,712.00,11.0882,35.5839,21,-1.041015,10
CTD_CP_H,20240530T061646,713.99,11.0676,35.5804,21,-1.041024,11
CTD_CP_H,20240530T061647,715.99,11.0367,35.5769,21,-1.041042,10
CTD_CP_H,20240530T061647,718.00,11.0226,35.5763,21,-1.041059,11
CTD_CP_H,20240530T061647,720.01,11.0097,35.5745,21,-1.041082,10
CTD_CP_H,20240530T061647,722.03,11.0009,35.5732,21,-1.041108,11
CTD_CP_H,20240530T061647,724.00,10.9873,35.5716,20,-1.041121,10
CTD_CP_H,20240530T061647,725.97,10.9689,35.5691,21,-1.041137,10
CTD_CP_H,20240530T061647,727.99,10.9437,35.5670,21,-1.041152,11
CTD_CP_H,20240530T061647,730.01,10.9308,35.5660,21,-1.041156,10
CTD_CP_H,20240530T061647,732.02,10.9164,35.5648,21,-1.041158,11
CTD_CP_H,20240530T061647,734.03,10.8910,35.5622,21,-1.041192,10
CTD_CP_H,20240530T061647,736.01,10.8746,35.5601,20,-1.041229,10
CTD_CP_H,20240530T061647,738.00,10.8513,35.5583,21,-1.041252,11
CTD_CP_H,20240530T061647,740.02,10.8377,35.5567,21,-1.041274,10
CTD_CP_H,20240530T061647,742.04,10.8339,35.5559,21,-1.041266,11
CTD_CP_H,20240530T061648,744.01,10.8177,35.5550,20,-1.041276,10
CTD_CP_H,20240530T061648,745.98,10.8036,35.5551,21,-1.041280,10
CTD_CP_H,20240530T061648,748.00,10.7834,35.5538,21,-1.041291,11
CTD_CP_H,20240530T061648,750.03,10.7674,35.5525,21,-1.041292,10
CTD_CP_H,20240530T061648,752.04,10.7613,35.5515,21,-1.041292,11
CTD_CP_H,20240530T061648,754.03,10.7464,35.5499,21,-1.041304,10
CTD_CP_H,20240530T061648,756.04,10.7137,35.5469,21,-1.041314,11
CTD_CP_H,20240530T061648,758.00,10.6849,35.5439,20,-1.041353,10
CTD_CP_H,20240530T061648,760.01,10.6712,35.5427,22,-1.041375,11
CTD_CP_H,20240530T061648,762.00,10.6579,35.5411,20,-1.041391,10
CTD_CP_H,20240530T061648,764.00,10.6407,35.5411,22,-1.041406,11
CTD_CP_H,20240530T061648,766.06,10.6187,35.5383,22,-1.041400,11
CTD_CP_H,20240530T061648,768.03,10.5834,35.5338,24,-1.041442,12
CTD_CP_H,20240530T061649,770.00,10.5755,35.5336,27,-1.041481,13
CTD_CP_H,20240530T061649,772.02,10.5596,35.5322,27,-1.041486,14
CTD_CP_H,20240530T061649,774.01,10.5190,35.5282,26,-1.041527,13
CTD_CP_H,20240530T061649,775.97,10.4981,35.5256,26,-1.041540,13
CTD_CP_H,20240530T061649,777.98,10.4766,35.5236,27,-1.041554,13
CTD_CP_H,20240530T061649,779.98,10.4594,35.5222,26,-1.041558,13
CTD_CP_H,20240530T061649,781.99,10.4426,35.5216,27,-1.041600,14
CTD_CP_H,20240530T061649,784.00,10.4226,35.5195,26,-1.041610,13
CTD_CP_H,20240530T061649,786.01,10.4098,35.5177,27,-1.041654,13
CTD_CP_H,20240530T061649,788.03,10.3927,35.5157,26,-1.041680,13
CTD_CP_H,20240530T061649,790.00,10.3776,35.5145,26,-1.041684,13
CTD_CP_H,20240530T061649,791.99,10.3636,35.5126,27,-1.041696,14
CTD_CP_H,20240530T061649,793.97,10.3437,35.5103,26,-1.041716,13
CTD_CP_H,20240530T061649,795.97,10.3332,35.5089,27,-1.041711,13
CTD_CP_H,20240530T061650,798.01,10.3127,35.5069,27,-1.041723,14
CTD_CP_H,20240530T061650,800.03,10.2929,35.5049,26,-1.041751,13
CTD_CP_H,20240530T061650,802.00,10.2867,35.5041,26,-1.041752,13
CTD_CP_H,20240530T061650,803.98,10.2774,35.5040,26,-1.041755,13
CTD_CP_H,20240530T061650,805.98,10.2830,35.5097,26,-1.041729,13
CTD_CP_H,20240530T061650,807.99,10.3076,35.5179,26,-1.041714,13
CTD_CP_H,20240530T061650,809.99,10.3084,35.5171,26,-1.041740,13
CTD_CP_H,20240530T061650,812.00,10.2552,35.5087,26,-1.041804,13
CTD_CP_H,20240530T061650,814.02,10.2166,35.5041,26,-1.041813,13
CTD_CP_H,20240530T061650,816.02,10.1985,35.5021,25,-1.041831,12
CTD_CP_H,20240530T061650,818.00,10.1718,35.4992,26,-1.041857,13
CTD_CP_H,20240530T061650,820.02,10.1643,35.4973,25,-1.041888,13
CTD_CP_H,20240530T061650,821.99,10.1519,35.4951,25,-1.041892,12
CTD_CP_H,20240530T061651,823.97,10.1327,35.4961,25,-1.041902,13
CTD_CP_H,20240530T061651,826.00,10.1313,35.4983,26,-1.041898,13
CTD_CP_H,20240530T061651,828.02,10.1169,35.4971,25,-1.041929,12
CTD_CP_H,20240530T061651,829.99,10.1061,35.4956,25,-1.041926,13
CTD_CP_H,20240530T061651,831.98,10.0792,35.4911,25,-1.041955,12
CTD_CP_H,20240530T061651,834.00,10.0290,35.4822,25,-1.042029,13
CTD_CP_H,20240530T061651,835.99,10.0187,35.4796,24,-1.042007,12
CTD_CP_H,20240530T061651,837.99,10.0109,35.4783,25,-1.042054,12
CTD_CP_H,20240530T061651,840.00,9.9938,35.4763,24,-1.042087,12
CTD_CP_H,20240530T061651,841.97,9.9771,35.4743,24,-1.042088,12
CTD_CP_H,20240530T061651,843.99,9.9632,35.4722,25,-1.042126,13
CTD_CP_H,20240530T061651,846.02,9.9306,35.4691,24,-1.042136,12
CTD_CP_H,20240530T061651,848.01,9.8987,35.4653,24,-1.042153,12
CTD_CP_H,20240530T061651,850.03,9.8880,35.4636,24,-1.042179,12
CTD_CP_H,20240530T061652,852.02,9.8639,35.4608,23,-1.042172,11
CTD_CP_H,20240530T061652,853.99,9.8469,35.4585,23,-1.042209,12
CTD_CP_H,20240530T061652,856.01,9.8368,35.4576,24,-1.042214,12
CTD_CP_H,20240530T061652,858.03,9.8230,35.4558,23,-1.042220,11
CTD_CP_H,20240530T061652,860.03,9.8193,35.4559,23,-1.042220,12
CTD_CP_H,20240530T061652,862.02,9.8167,35.4579,22,-1.042229,11
CTD_CP_H,20240530T061652,864.02,9.8125,35.4571,23,-1.042241,11
CTD_CP_H,20240530T061652,866.03,9.7948,35.4550,22,-1.042267,11
CTD_CP_H,20240530T061652,868.01,9.7611,35.4506,22,-1.042298,11
CTD_CP_H,20240530T061652,870.03,9.7186,35.4456,22,-1.042328,11
CTD_CP_H,20240530T061652,872.02,9.7027,35.4439,21,-1.042332,11
CTD_CP_H,20240530T061652,874.02,9.6832,35.4418,22,-1.042381,11
CTD_CP_H,20240530T061652,876.01,9.6882,35.4455,21,-1.042340,10
CTD_CP_H,20240530T061653,878.03,9.6886,35.4464,22,-1.042360,11
CTD_CP_H,20240530T061653,880.03,9.6774,35.4451,20,-1.042358,10
CTD_CP_H,20240530T061653,881.99,9.6724,35.4448,21,-1.042369,11
CTD_CP_H,20240530T061653,884.01,9.6640,35.4437,21,-1.042388,10
CTD_CP_H,20240530T061653,886.01,9.6407,35.4407,20,-1.042394,10
CTD_CP_H,20240530T061653,887.97,9.6289,35.4384,20,-1.042397,10
CTD_CP_H,20240530T061653,889.95,9.6040,35.4352,20,-1.042430,10
CTD_CP_H,20240530T061653,892.01,9.5805,35.4326,21,-1.042477,11
CTD_CP_H,20240530T061653,894.01,9.5590,35.4298,19,-1.042513,9
CTD_CP_H,20240530T061653,895.98,9.5528,35.4296,20,-1.042511,10
CTD_CP_H,20240530T061653,898.00,9.5364,35.4280,20,-1.042542,10
CTD_CP_H,20240530T061653,899.98,9.5246,35.4283,19,-1.042563,10
CTD_CP_H,20240530T061653,901.99,9.5062,35.4282,20,-1.042539,10
CTD_CP_H,20240530T061653,903.99,9.4918,35.4269,19,-1.042549,9
CTD_CP_H,20240530T061654,905.97,9.4809,35.4256,19,-1.042543,10
CTD_CP_H,20240530T061654,908.00,9.4753,35.4254,20,-1.042559,10
CTD_CP_H,20240530T061654,910.04,9.4720,35.4251,19,-1.042577,9
CTD_CP_H,20240530T061654,912.01,9.4701,35.4253,19,-1.042548,10
CTD_CP_H,20240530T061654,913.99,9.4581,35.4247,19,-1.042600,9
CTD_CP_H,20240530T061654,915.96,9.4364,35.4225,19,-1.042624,10
CTD_CP_H,20240530T061654,917.96,9.4212,35.4204,19,-1.042660,9
CTD_CP_H,20240530T061654,919.96,9.4011,35.4194,19,-1.042684,10
CTD_CP_H,20240530T061654,921.98,9.3925,35.4194,19,-1.042685,9
CTD_CP_H,20240530T061654,923.99,9.3852,35.4195,19,-1.042704,10
CTD_CP_H,20240530T061654,925.99,9.3751,35.4197,19,-1.042702,9
CTD_CP_H,20240530T061654,928.00,9.3638,35.4188,19,-1.042720,10
CTD_CP_H,20240530T061654,930.02,9.3415,35.4182,19,-1.042702,9
CTD_CP_H,20240530T061655,932.04,9.3124,35.4146,19,-1.042719,10
CTD_CP_H,20240530T061655,934.04,9.3029,35.4134,19,-1.042745,9
CTD_CP_H,20240530T061655,936.00,9.2968,35.4131,18,-1.042747,9
CTD_CP_H,20240530T061655,937.96,9.2912,35.4124,19,-1.042767,10
CTD_CP_H,20240530T061655,939.97,9.2811,35.4116,19,-1.042768,9
CTD_CP_H,20240530T061655,941.98,9.2700,35.4107,19,-1.042752,10
CTD_CP_H,20240530T061655,943.99,9.2561,35.4102,19,-1.042789,9
CTD_CP_H,20240530T061655,946.00,9.2471,35.4096,19,-1.042837,10
CTD_CP_H,20240530T061655,947.99,9.2366,35.4088,19,-1.042861,9
CTD_CP_H,20240530T061655,949.98,9.2226,35.4075,19,-1.042871,10
CTD_CP_H,20240530T061655,952.01,9.2068,35.4061,20,-1.042854,10
CTD_CP_H,20240530T061655,954.04,9.1843,35.4044,19,-1.042882,9
CTD_CP_H,20240530T061655,956.02,9.1659,35.4028,19,-1.042895,10
CTD_CP_H,20240530T061655,957.99,9.1590,35.4020,19,-1.042909,9
CTD_CP_H,20240530T061656,960.01,9.1431,35.4003,20,-1.042938,10
CTD_CP_H,20240530T061656,962.02,9.1333,35.3994,19,-1.042949,10
CTD_CP_H,20240530T061656,964.02,9.1246,35.3991,20,-1.042972,10
CTD_CP_H,20240530T061656,966.05,9.1266,35.3999,20,-1.042989,10
CTD_CP_H,20240530T061656,968.05,9.1202,35.3995,19,-1.043000,9
CTD_CP_H,20240530T061656,970.03,9.1072,35.3976,20,-1.043011,10
CTD_CP_H,20240530T061656,971.99,9.0899,35.3964,19,-1.043034,10
CTD_CP_H,20240530T061656,973.96,9.0793,35.3957,20,-1.043053,10
CTD_CP_H,20240530T061656,976.00,9.0621,35.3940,20,-1.043052,10
CTD_CP_H,20240530T061656,978.03,9.0575,35.3935,20,-1.043049,10
CTD_CP_H,20240530T061656,980.00,9.0555,35.3925,19,-1.043080,9
CTD_CP_H,20240530T061656,981.96,9.0324,35.3903,20,-1.043090,10
CTD_CP_H,20240530T061656,983.96,9.0020,35.3876,20,-1.043094,10
CTD_CP_H,20240530T061657,985.96,8.9680,35.3841,20,-1.043118,10
CTD_CP_H,20240530T061657,987.98,8.9454,35.3817,20,-1.043130,10
CTD_CP_H,20240530T061657,989.99,8.9277,35.3799,20,-1.043158,10
CTD_CP_H,20240530T061657,991.99,8.9069,35.3779,20,-1.043164,10
CTD_CP_H,20240530T061657,993.98,8.8914,35.3766,20,-1.043157,10
CTD_CP_H,20240530T061657,996.00,8.8807,35.3754,21,-1.043168,11
CTD_CP_H,20240530T061657,998.01,8.8624,35.3731,22,-1.043187,11
CTD_CP_H,20240530T061657,999.98,8.8399,35.3705,24,-1.043197,12
CTD_CP_H,20240530T061657,1001.98,8.8233,35.3690,25,-1.043192,12
CTD_CP_H,20240530T061657,1004.01,8.8086,35.3673,26,-1.043200,13
CTD_CP_H,20240530T061657,1006.05,8.7900,35.3653,29,-1.043214,15
CTD_CP_H,20240530T061657,1008.01,8.7636,35.3629,35,-1.043227,17
CTD_CP_H,20240530T061657,1010.01,8.7520,35.3617,35,-1.043216,18
CTD_CP_H,20240530T061657,1012.01,8.7416,35.3602,35,-1.043232,17
CTD_CP_H,20240530T061658,1014.00,8.7282,35.3592,35,-1.043240,18
CTD_CP_H,20240530T061658,1016.01,8.7186,35.3582,35,-1.043251,17
CTD_CP_H,20240530T061658,1018.00,8.7006,35.3564,34,-1.043269,17
CTD_CP_H,20240530T061658,1019.97,8.6908,35.3553,34,-1.043265,17
CTD_CP_H,20240530T061658,1021.97,8.6777,35.3539,34,-1.043306,17
CTD_CP_H,20240530T061658,1023.98,8.6553,35.3514,34,-1.043321,17
CTD_CP_H,20240530T061658,1025.97,8.6251,35.3482,33,-1.043340,17
CTD_CP_H,20240530T061658,1028.00,8.5900,35.3446,34,-1.043359,17
CTD_CP_H,20240530T061658,1030.03,8.5576,35.3415,32,-1.043381,16
CTD_CP_H,20240530T061658,1032.01,8.5452,35.3400,31,-1.043383,15
CTD_CP_H,20240530T061658,1033.97,8.5388,35.3389,31,-1.043401,16
CTD_CP_H,20240530T061658,1035.99,8.5104,35.3360,32,-1.043389,16
CTD_CP_H,20240530T061658,1038.01,8.4863,35.3333,30,-1.043391,15
CTD_CP_H,20240530T061659,1040.00,8.4693,35.3315,30,-1.043408,15
CTD_CP_H,20240530T061659,1042.01,8.4353,35.3290,30,-1.043433,15
CTD_CP_H,20240530T061659,1044.02,8.4205,35.3270,29,-1.043452,14
CTD_CP_H,20240530T061659,1046.01,8.4053,35.3255,29,-1.043448,15
CTD_CP_H,20240530T061659,1048.02,8.3816,35.3231,28,-1.043467,14
CTD_CP_H,20240530T061659,1050.00,8.3625,35.3211,28,-1.043469,14
CTD_CP_H,20240530T061659,1052.00,8.3401,35.3189,27,-1.043482,13
CTD_CP_H,20240530T061659,1053.99,8.3260,35.3175,27,-1.043474,14
CTD_CP_H,20240530T061659,1055.99,8.3198,35.3167,27,-1.043465,13
CTD_CP_H,20240530T061659,1058.02,8.3038,35.3152,27,-1.043478,14
CTD_CP_H,20240530T061659,1060.02,8.2955,35.3140,25,-1.043491,12
CTD_CP_H,20240530T061659,1062.01,8.2796,35.3126,26,-1.043506,13
CTD_CP_H,20240530T061659,1064.01,8.2676,35.3113,25,-1.043513,13
CTD_CP_H,20240530T061659,1065.99,8.2593,35.3105,25,-1.043514,12
CTD_CP_H,20240530T061700,1067.99,8.2547,35.3098,25,-1.043538,13
CTD_CP_H,20240530T061700,1070.00,8.2452,35.3090,25,-1.043531,12
CTD_CP_H,20240530T061700,1072.01,8.2333,35.3073,24,-1.043547,12
CTD_CP_H,20240530T061700,1073.99,8.2249,35.3061,24,-1.043574,12
CTD_CP_H,20240530T061700,1076.01,8.2047,35.3043,24,-1.043565,12
CTD_CP_H,20240530T061700,1078.02,8.1862,35.3027,23,-1.043587,12
CTD_CP_H,20240530T061700,1080.00,8.1775,35.3015,23,-1.043589,11
CTD_CP_H,20240530T061700,1081.99,8.1712,35.3009,23,-1.043592,12
CTD_CP_H,20240530T061700,1084.01,8.1628,35.2995,23,-1.043609,11
CTD_CP_H,20240530T061700,1086.03,8.1513,35.2988,23,-1.043634,12
CTD_CP_H,20240530T061700,1088.01,8.1369,35.2975,22,-1.043628,11
CTD_CP_H,20240530T061700,1090.00,8.1301,35.2964,22,-1.043629,11
CTD_CP_H,20240530T061700,1092.00,8.1203,35.2953,22,-1.043640,11
CTD_CP_H,20240530T061701,1093.98,8.1105,35.2940,22,-1.043651,11
CTD_CP_H,20240530T061701,1095.99,8.0968,35.2927,22,-1.043637,11
CTD_CP_H,20240530T061701,1098.00,8.0814,35.2911,22,-1.043666,11
CTD_CP_H,20240530T061701,1099.98,8.0672,35.2898,21,-1.043677,10
CTD_CP_H,20240530T061701,1101.97,8.0546,35.2886,22,-1.043676,11
CTD_CP_H,20240530T061701,1104.00,8.0365,35.2868,22,-1.043674,11
CTD_CP_H,20240530T061701,1106.03,8.0181,35.2853,22,-1.043696,11
CTD_CP_H,20240530T061701,1108.01,8.0066,35.2841,21,-1.043700,11
CTD_CP_H,20240530T061701,1109.99,7.9914,35.2829,21,-1.043742,10
CTD_CP_H,20240530T061701,1112.00,7.9738,35.2816,22,-1.043720,11
CTD_CP_H,20240530T061701,1114.02,7.9577,35.2793,21,-1.043708,11
CTD_CP_H,20240530T061701,1115.99,7.9371,35.2777,21,-1.043710,10
CTD_CP_H,20240530T061701,1117.97,7.9184,35.2758,21,-1.043708,11
CTD_CP_H,20240530T061701,1119.95,7.9148,35.2751,21,-1.043726,10
CTD_CP_H,20240530T061702,1121.95,7.9111,35.2747,21,-1.043753,11
CTD_CP_H,20240530T061702,1123.98,7.9050,35.2735,22,-1.043761,11
CTD_CP_H,20240530T061702,1126.01,7.8933,35.2725,21,-1.043787,10
CTD_CP_H,20240530T061702,1128.00,7.8763,35.2708,21,-1.043792,11
CTD_CP_H,20240530T061702,1129.98,7.8652,35.2700,21,-1.043798,10
CTD_CP_H,20240530T061702,1131.97,7.8526,35.2688,21,-1.043808,11
CTD_CP_H,20240530T061702,1134.01,7.8383,35.2675,22,-1.043824,11
CTD_CP_H,20240530T061702,1136.03,7.8273,35.2666,21,-1.043825,10
CTD_CP_H,20240530T061702,1138.02,7.8145,35.2657,21,-1.043860,11
CTD_CP_H,20240530T061702,1140.02,7.8078,35.2651,21,-1.043890,10
CTD_CP_H,20240530T061702,1142.02,7.8028,35.2654,21,-1.043895,11
CTD_CP_H,20240530T061702,1144.02,7.8017,35.2653,21,-1.043900,10
CTD_CP_H,20240530T061702,1146.00,7.7938,35.2642,21,-1.043897,11
CTD_CP_H,20240530T061703,1147.99,7.7664,35.2617,21,-1.043879,10
CTD_CP_H,20240530T061703,1149.98,7.7499,35.2601,21,-1.043918,11
CTD_CP_H,20240530T061703,1151.96,7.7415,35.2590,21,-1.043913,10
CTD_CP_H,20240530T061703,1153.99,7.7284,35.2573,22,-1.043915,11
CTD_CP_H,20240530T061703,1156.01,7.7176,35.2558,21,-1.043909,11
CTD_CP_H,20240530T061703,1158.00,7.7061,35.2547,21,-1.043886,10
CTD_CP_H,20240530T061703,1160.00,7.6984,35.2537,22,-1.043890,11
CTD_CP_H,20240530T061703,1162.00,7.6781,35.2515,21,-1.043892,11
CTD_CP_H,20240530T061703,1164.01,7.6659,35.2503,22,-1.043893,11
CTD_CP_H,20240530T061703,1166.01,7.6631,35.2497,21,-1.043900,10
CTD_CP_H,20240530T061703,1167.99,7.6536,35.2482,22,-1.043922,11
CTD_CP_H,20240530T061703,1170.00,7.6310,35.2461,22,-1.043937,11
CTD_CP_H,20240530T061703,1172.03,7.6180,35.2447,22,-1.043945,11
CTD_CP_H,20240530T061703,1174.03,7.6122,35.2445,22,-1.043982,11
CTD_CP_H,20240530T061704,1176.03,7.5987,35.2426,22,-1.043972,11
CTD_CP_H,20240530T061704,1178.02,7.5807,35.2408,22,-1.043950,11
CTD_CP_H,20240530T061704,1179.99,7.5673,35.2391,22,-1.043975,11
CTD_CP_H,20240530T061704,1181.98,7.5585,35.2381,23,-1.043981,12
CTD_CP_H,20240530T061704,1184.00,7.5460,35.2371,25,-1.043988,12
CTD_CP_H,20240530T061704,1186.00,7.5385,35.2361,30,-1.043992,15
CTD_CP_H,20240530T061704,1187.97,7.5312,35.2353,30,-1.043994,15
CTD_CP_H,20240530T061704,1189.99,7.5217,35.2342,31,-1.043983,16
CTD_CP_H,20240530T061704,1192.01,7.5105,35.2338,30,-1.044003,15
CTD_CP_H,20240530T061704,1194.02,7.4925,35.2315,31,-1.044020,15
CTD_CP_H,20240530T061704,1196.04,7.4609,35.2281,30,-1.043995,15
CTD_CP_H,20240530T061704,1198.01,7.4385,35.2253,29,-1.044001,15
CTD_CP_H,20240530T061704,1199.99,7.4151,35.2225,30,-1.043994,15
CTD_CP_H,20240530T061705,1201.99,7.4020,35.2213,29,-1.044004,14
CTD_CP_H,20240530T061705,1203.99,7.3898,35.2207,30,-1.044035,15
CTD_CP_H,20240530T061705,1206.02,7.3825,35.2197,30,-1.044046,15
CTD_CP_H,20240530T061705,1208.02,7.3717,35.2186,29,-1.044067,15
CTD_CP_H,20240530T061705,1209.99,7.3555,35.2168,28,-1.044061,14
CTD_CP_H,20240530T061705,1211.99,7.3430,35.2153,30,-1.044038,15
CTD_CP_H,20240530T061705,1214.00,7.3355,35.2142,28,-1.044037,14
CTD_CP_H,20240530T061705,1215.97,7.3311,35.2132,29,-1.044051,14
CTD_CP_H,20240530T061705,1217.98,7.3076,35.2120,28,-1.044056,14
CTD_CP_H,20240530T061705,1219.98,7.2876,35.2097,29,-1.044050,15
CTD_CP_H,20240530T061705,1222.01,7.2660,35.2073,28,-1.044048,14
CTD_CP_H,20240530T061705,1224.03,7.2434,35.2049,28,-1.044049,14
CTD_CP_H,20240530T061705,1226.03,7.2224,35.2030,28,-1.044044,14
CTD_CP_H,20240530T061705,1228.04,7.2074,35.2018,27,-1.044060,13
CTD_CP_H,20240530T061706,1230.01,7.1969,35.2011,27,-1.044067,14
CTD_CP_H,20240530T061706,1232.00,7.1888,35.2012,27,-1.044083,13
CTD_CP_H,20240530T061706,1234.01,7.1888,35.2024,27,-1.044136,14
CTD_CP_H,20240530T061706,1235.98,7.1783,35.2014,26,-1.044138,13
CTD_CP_H,20240530T061706,1237.98,7.1649,35.2001,27,-1.044179,13
CTD_CP_H,20240530T061706,1239.99,7.1463,35.1983,26,-1.044142,13
CTD_CP_H,20240530T061706,1241.98,7.1322,35.1964,26,-1.044128,13
CTD_CP_H,20240530T061706,1243.99,7.1125,35.1943,26,-1.044102,13
CTD_CP_H,20240530T061706,1246.00,7.0989,35.1928,26,-1.044087,13
CTD_CP_H,20240530T061706,1247.98,7.0908,35.1912,25,-1.044100,13
CTD_CP_H,20240530T061706,1249.98,7.0788,35.1897,26,-1.044092,13
CTD_CP_H,20240530T061706,1252.03,7.0629,35.1877,26,-1.044107,13
CTD_CP_H,20240530T061706,1254.01,7.0425,35.1852,24,-1.044082,12
CTD_CP_H,20240530T061707,1255.98,7.0300,35.1833,25,-1.044051,12
CTD_CP_H,20240530T061707,1257.98,7.0210,35.1817,25,-1.044051,13
CTD_CP_H,20240530T061707,1260.00,6.9998,35.1794,25,-1.044034,12
CTD_CP_H,20240530T061707,1261.99,6.9859,35.1777,24,-1.044052,12
CTD_CP_H,20240530T061707,1263.97,6.9761,35.1770,25,-1.044040,13
CTD_CP_H,20240530T061707,1265.98,6.9680,35.1762,24,-1.044062,12
CTD_CP_H,20240530T061707,1268.00,6.9650,35.1774,25,-1.044098,12
CTD_CP_H,20240530T061707,1270.03,6.9531,35.1760,24,-1.044105,12
CTD_CP_H,20240530T061707,1272.01,6.9447,35.1751,24,-1.044113,12
CTD_CP_H,20240530T061707,1274.00,6.9213,35.1723,24,-1.044077,12
CTD_CP_H,20240530T061707,1275.99,6.9044,35.1705,23,-1.044079,12
CTD_CP_H,20240530T061707,1277.97,6.8946,35.1693,24,-1.044089,12
CTD_CP_H,20240530T061707,1280.01,6.8948,35.1707,24,-1.044166,12
CTD_CP_H,20240530T061708,1281.99,6.8722,35.1689,23,-1.044135,11
CTD_CP_H,20240530T061708,1284.00,6.8548,35.1658,24,-1.044121,12
CTD_CP_H,20240530T061708,1286.02,6.8399,35.1636,23,-1.044106,12
CTD_CP_H,20240530T061708,1287.99,6.8306,35.1628,23,-1.044099,11
CTD_CP_H,20240530T061708,1290.00,6.8221,35.1623,24,-1.044120,12
CTD_CP_H,20240530T061708,1292.02,6.8116,35.1613,23,-1.044134,12
CTD_CP_H,20240530T061708,1293.97,6.8122,35.1630,22,-1.044185,11
CTD_CP_H,20240530T061708,1295.96,6.8099,35.1639,24,-1.044202,12
CTD_CP_H,20240530T061708,1298.01,6.7991,35.1632,23,-1.044183,11
CTD_CP_H,20240530T061708,1299.99,6.7823,35.1605,22,-1.044160,11
CTD_CP_H,20240530T061708,1301.97,6.7735,35.1597,23,-1.044172,12
CTD_CP_H,20240530T061708,1303.98,6.7800,35.1617,22,-1.044225,11
CTD_CP_H,20240530T061708,1305.99,6.7777,35.1631,23,-1.044251,11
CTD_CP_H,20240530T061708,1308.02,6.7707,35.1618,22,-1.044267,11
CTD_CP_H,20240530T061709,1310.01,6.7586,35.1593,22,-1.044250,11
CTD_CP_H,20240530T061709,1312.01,6.7444,35.1580,22,-1.044258,11
CTD_CP_H,20240530T061709,1314.01,6.7408,35.1582,22,-1.044268,11
CTD_CP_H,20240530T061709,1316.02,6.7206,35.1558,22,-1.044234,11
CTD_CP_H,20240530T061709,1317.99,6.6975,35.1531,21,-1.044237,11
CTD_CP_H,20240530T061709,1319.99,6.6727,35.1505,22,-1.044228,11
CTD_CP_H,20240530T061709,1321.97,6.6614,35.1488,21,-1.044221,10
CTD_CP_H,20240530T061709,1323.98,6.6485,35.1475,22,-1.044200,11
CTD_CP_H,20240530T061709,1325.98,6.6373,35.1466,21,-1.044198,11
CTD_CP_H,20240530T061709,1327.98,6.6301,35.1461,22,-1.044231,11
CTD_CP_H,20240530T061709,1330.03,6.6156,35.1450,22,-1.044223,11
CTD_CP_H,20240530T061709,1332.05,6.6033,35.1437,21,-1.044227,10
CTD_CP_H,20240530T061709,1334.02,6.6026,35.1437,21,-1.044252,11
CTD_CP_H,20240530T061710,1335.99,6.5903,35.1423,21,-1.044228,10
CTD_CP_H,20240530T061710,1337.98,6.5709,35.1406,21,-1.044208,11
CTD_CP_H,20240530T061710,1339.97,6.5616,35.1403,21,-1.044255,10
CTD_CP_H,20240530T061710,1341.97,6.5413,35.1375,21,-1.044229,11
CTD_CP_H,20240530T061710,1343.98,6.5163,35.1345,21,-1.044191,10
CTD_CP_H,20240530T061710,1346.00,6.4972,35.1322,21,-1.044180,11
CTD_CP_H,20240530T061710,1347.98,6.4851,35.1306,20,-1.044182,10
CTD_CP_H,20240530T061710,1349.96,6.4703,35.1287,21,-1.044135,10
CTD_CP_H,20240530T061710,1352.00,6.4561,35.1265,21,-1.044122,11
CTD_CP_H,20240530T061710,1353.99,6.4484,35.1257,20,-1.044130,10
CTD_CP_H,20240530T061710,1355.98,6.4428,35.1251,21,-1.044138,10
CTD_CP_H,20240530T061710,1357.98,6.4331,35.1243,20,-1.044148,10
CTD_CP_H,20240530T061710,1359.97,6.4135,35.1224,21,-1.044139,11
CTD_CP_H,20240530T061710,1362.00,6.4075,35.1219,21,-1.044131,10
CTD_CP_H,20240530T061711,1364.01,6.4007,35.1213,22,-1.044116,11
CTD_CP_H,20240530T061711,1366.01,6.3920,35.1203,26,-1.044114,13
CTD_CP_H,20240530T061711,1368.03,6.3736,35.1190,27,-1.044119,14
CTD_CP_H,20240530T061711,1370.01,6.3586,35.1181,26,-1.044147,13
CTD_CP_H,20240530T061711,1372.00,6.3544,35.1186,27,-1.044166,13
CTD_CP_H,20240530T061711,1374.03,6.3512,35.1180,27,-1.044178,14
CTD_CP_H,20240530T061711,1376.02,6.3435,35.1173,26,-1.044188,13
CTD_CP_H,20240530T061711,1377.99,6.3248,35.1156,26,-1.044160,13
CTD_CP_H,20240530T061711,1380.00,6.3102,35.1144,27,-1.044153,13
CTD_CP_H,20240530T061711,1381.99,6.3079,35.1147,26,-1.044196,13
CTD_CP_H,20240530T061711,1384.01,6.3001,35.1150,27,-1.044230,14
CTD_CP_H,20240530T061711,1386.03,6.3076,35.1167,26,-1.044265,13
CTD_CP_H,20240530T061711,1388.01,6.2990,35.1158,26,-1.044265,13
CTD_CP_H,20240530T061712,1389.98,6.2953,35.1150,26,-1.044276,13
CTD_CP_H,20240530T061712,1392.00,6.2697,35.1121,27,-1.044221,13
CTD_CP_H,20240530T061712,1394.02,6.2549,35.1101,26,-1.044188,13
CTD_CP_H,20240530T061712,1396.00,6.2349,35.1085,26,-1.044173,13
CTD_CP_H,20240530T061712,1397.98,6.2259,35.1075,26,-1.044192,13
CTD_CP_H,20240530T061712,1399.99,6.2172,35.1064,27,-1.044198,14
CTD_CP_H,20240530T061712,1402.01,6.2104,35.1058,26,-1.044198,13
CTD_CP_H,20240530T061712,1404.01,6.2021,35.1062,26,-1.044261,13
CTD_CP_H,20240530T061712,1406.01,6.1968,35.1074,26,-1.044298,13
CTD_CP_H,20240530T061712,1407.98,6.1962,35.1079,26,-1.044331,13
CTD_CP_H,20240530T061712,1409.98,6.1828,35.1071,26,-1.044343,13
CTD_CP_H,20240530T061712,1411.98,6.1635,35.1055,26,-1.044350,13
CTD_CP_H,20240530T061712,1414.00,6.1447,35.1042,26,-1.044343,13
CTD_CP_H,20240530T061712,1416.00,6.1343,35.1032,26,-1.044326,13
CTD_CP_H,20240530T061713,1417.97,6.1256,35.1026,25,-1.044330,12
CTD_CP_H,20240530T061713,1419.95,6.1207,35.1018,26,-1.044365,13
CTD_CP_H,20240530T061713,1421.99,6.1057,35.1007,26,-1.044346,13
CTD_CP_H,20240530T061713,1424.03,6.0851,35.0989,26,-1.044357,13
CTD_CP_H,20240530T061713,1426.01,6.0656,35.0975,25,-1.044336,13
CTD_CP_H,20240530T061713,1428.00,6.0540,35.0962,26,-1.044343,13
CTD_CP_H,20240530T061713,1430.00,6.0440,35.0958,25,-1.044349,12
CTD_CP_H,20240530T061713,1431.99,6.0345,35.0948,25,-1.044349,13
CTD_CP_H,20240530T061713,1433.97,6.0242,35.0941,25,-1.044350,12
CTD_CP_H,20240530T061713,1435.97,6.0196,35.0933,25,-1.044357,13
CTD_CP_H,20240530T061713,1438.00,6.0146,35.0928,26,-1.044366,13
CTD_CP_H,20240530T061713,1440.02,6.0051,35.0919,25,-1.044384,12
CTD_CP_H,20240530T061713,1442.01,5.9905,35.0907,25,-1.044364,13
CTD_CP_H,20240530T061714,1444.01,5.9823,35.0896,25,-1.044347,12
CTD_CP_H,20240530T061714,1446.02,5.9708,35.0883,25,-1.044335,13
CTD_CP_H,20240530T061714,1448.00,5.9576,35.0873,24,-1.044314,12
CTD_CP_H,20240530T061714,1449.97,5.9432,35.0864,25,-1.044303,12
CTD_CP_H,20240530T061714,1452.01,5.9299,35.0851,25,-1.044295,13
CTD_CP_H,20240530T061714,1454.01,5.9168,35.0837,24,-1.044306,12
CTD_CP_H,20240530T061714,1456.01,5.9003,35.0823,25,-1.044305,12
CTD_CP_H,20240530T061714,1458.04,5.8900,35.0812,24,-1.044304,12
CTD_CP_H,20240530T061714,1460.00,5.8798,35.0807,23,-1.044338,12
CTD_CP_H,20240530T061714,1461.99,5.8753,35.0802,25,-1.044347,12
CTD_CP_H,20240530T061714,1464.01,5.8701,35.0796,24,-1.044346,12
CTD_CP_H,20240530T061714,1466.03,5.8529,35.0785,24,-1.044334,12
CTD_CP_H,20240530T061714,1468.01,5.8431,35.0773,23,-1.044325,12
CTD_CP_H,20240530T061714,1469.99,5.8378,35.0766,24,-1.044320,12
CTD_CP_H,20240530T061715,1472.00,5.8274,35.0753,24,-1.044320,12
CTD_CP_H,20240530T061715,1473.97,5.8074,35.0739,23,-1.044313,11
CTD_CP_H,20240530T061715,1475.97,5.7902,35.0720,24,-1.044295,12
CTD_CP_H,20240530T061715,1478.01,5.7804,35.0709,24,-1.044317,12
CTD_CP_H,20240530T061715,1480.00,5.7653,35.0695,23,-1.044304,12
CTD_CP_H,20240530T061715,1481.98,5.7457,35.0674,24,-1.044261,12
CTD_CP_H,20240530T061715,1484.01,5.7267,35.0660,24,-1.044283,12
CTD_CP_H,20240530T061715,1486.00,5.7020,35.0639,23,-1.044273,11
CTD_CP_H,20240530T061715,1487.98,5.6818,35.0623,23,-1.044263,12
CTD_CP_H,20240530T061715,1489.96,5.6726,35.0615,23,-1.044265,11
CTD_CP_H,20240530T061715,1491.98,5.6588,35.0605,24,-1.044287,12
CTD_CP_H,20240530T061715,1494.00,5.6444,35.0593,23,-1.044283,12
CTD_CP_H,20240530T061715,1496.00,5.6367,35.0584,23,-1.044288,11
CTD_CP_H,20240530T061716,1498.00,5.6235,35.0571,23,-1.044272,12
CTD_CP_H,20240530T061716,1500.00,5.6087,35.0555,23,-1.044277,11
CTD_CP_H,20240530T061716,1502.00,5.5914,35.0537,23,-1.044256,12
CTD_CP_H,20240530T061716,1504.00,5.5803,35.0528,23,-1.044234,11
CTD_CP_H,20240530T061716,1506.01,5.5697,35.0520,23,-1.044221,12
CTD_CP_H,20240530T061716,1508.02,5.5560,35.0508,23,-1.044199,11
CTD_CP_H,20240530T061716,1510.03,5.5459,35.0494,23,-1.044219,12
CTD_CP_H,20240530T061716,1512.01,5.5282,35.0479,22,-1.044212,11
CTD_CP_H,20240530T061716,1513.98,5.5182,35.0464,23,-1.044169,11
CTD_CP_H,20240530T061716,1515.99,5.5072,35.0453,23,-1.044158,12
CTD_CP_H,20240530T061716,1517.99,5.4922,35.0440,24,-1.044159,12
CTD_CP_H,20240530T061716,1520.04,5.4795,35.0426,29,-1.044141,14
CTD_CP_H,20240530T061716,1521.99,5.4615,35.0410,29,-1.044113,15
CTD_CP_H,20240530T061716,1523.96,5.4488,35.0396,30,-1.044069,15
CTD_CP_H,20240530T061717,1525.96,5.4421,35.0387,30,-1.044048,15
CTD_CP_H,20240530T061717,1528.00,5.4206,35.0373,30,-1.044057,15
CTD_CP_H,20240530T061717,1530.01,5.4145,35.0365,29,-1.044093,14
CTD_CP_H,20240530T061717,1532.01,5.4022,35.0354,29,-1.044082,15
CTD_CP_H,20240530T061717,1534.01,5.3872,35.0337,29,-1.044063,14
CTD_CP_H,20240530T061717,1536.00,5.3795,35.0335,28,-1.044072,14
CTD_CP_H,20240530T061717,1537.97,5.3723,35.0323,28,-1.044064,14
CTD_CP_H,20240530T061717,1540.00,5.3619,35.0320,29,-1.044088,15
CTD_CP_H,20240530T061717,1542.01,5.3530,35.0308,27,-1.044089,13
CTD_CP_H,20240530T061717,1543.99,5.3335,35.0286,28,-1.044057,14
CTD_CP_H,20240530T061717,1545.98,5.3237,35.0279,27,-1.044053,14
CTD_CP_H,20240530T061717,1547.99,5.3174,35.0273,28,-1.044059,14
CTD_CP_H,20240530T061717,1550.01,5.3082,35.0267,27,-1.044078,13
CTD_CP_H,20240530T061718,1552.03,5.3035,35.0265,27,-1.044085,14
CTD_CP_H,20240530T061718,1554.02,5.3001,35.0255,27,-1.044071,13
CTD_CP_H,20240530T061718,1556.03,5.2919,35.0248,27,-1.044051,14
CTD_CP_H,20240530T061718,1558.01,5.2863,35.0240,26,-1.044039,13
CTD_CP_H,20240530T061718,1559.97,5.2724,35.0229,26,-1.044015,13
CTD_CP_H,20240530T061718,1561.97,5.2601,35.0216,27,-1.044018,13
CTD_CP_H,20240530T061718,1564.01,5.2424,35.0202,27,-1.044019,14
CTD_CP_H,20240530T061718,1566.03,5.2218,35.0183,26,-1.043998,13
CTD_CP_H,20240530T061718,1568.01,5.2026,35.0165,26,-1.043980,13
CTD_CP_H,20240530T061718,1570.02,5.1885,35.0149,26,-1.043966,13
CTD_CP_H,20240530T061718,1572.01,5.1768,35.0139,26,-1.043971,13
CTD_CP_H,20240530T061718,1573.99,5.1639,35.0128,25,-1.043965,12
CTD_CP_H,20240530T061718,1575.98,5.1482,35.0112,26,-1.043916,13
CTD_CP_H,20240530T061718,1578.01,5.1231,35.0091,26,-1.043861,13
CTD_CP_H,20240530T061719,1580.01,5.1151,35.0078,25,-1.043880,13
CTD_CP_H,20240530T061719,1581.99,5.1102,35.0071,25,-1.043858,12
CTD_CP_H,20240530T061719,1583.98,5.0938,35.0055,25,-1.043840,13
CTD_CP_H,20240530T061719,1586.01,5.0637,35.0030,26,-1.043802,13
CTD_CP_H,20240530T061719,1588.00,5.0485,35.0017,24,-1.043801,12
CTD_CP_H,20240530T061719,1589.98,5.0491,35.0024,25,-1.043812,12
CTD_CP_H,20240530T061719,1591.98,5.0462,35.0018,25,-1.043823,13
CTD_CP_H,20240530T061719,1593.99,5.0338,35.0007,25,-1.043787,12
CTD_CP_H,20240530T061719,1596.01,5.0219,34.9995,25,-1.043795,13
CTD_CP_H,20240530T061719,1598.00,5.0117,34.9986,24,-1.043788,12
CTD_CP_H,20240530T061719,1600.00,5.0097,34.9985,25,-1.043809,12
CTD_CP_H,20240530T061719,1602.02,5.0022,34.9982,24,-1.043835,12
CTD_CP_H,20240530T061719,1604.00,4.9916,34.9968,24,-1.043814,12
CTD_CP_H,20240530T061720,1606.01,4.9770,34.9959,24,-1.043820,12
CTD_CP_H,20240530T061720,1608.02,4.9579,34.9943,24,-1.043790,12
CTD_CP_H,20240530T061720,1610.00,4.9454,34.9931,23,-1.043800,12
CTD_CP_H,20240530T061720,1611.99,4.9373,34.9920,24,-1.043776,12
CTD_CP_H,20240530T061720,1614.02,4.9183,34.9900,24,-1.043751,12
CTD_CP_H,20240530T061720,1616.02,4.8848,34.9868,23,-1.043687,11
CTD_CP_H,20240530T061720,1617.99,4.8618,34.9848,23,-1.043630,12
CTD_CP_H,20240530T061720,1620.01,4.8423,34.9832,24,-1.043616,12
CTD_CP_H,20240530T061720,1622.04,4.8347,34.9826,23,-1.043599,11
CTD_CP_H,20240530T061720,1624.03,4.8220,34.9815,23,-1.043624,12
CTD_CP_H,20240530T061720,1626.01,4.8150,34.9809,23,-1.043643,11
CTD_CP_H,20240530T061720,1628.01,4.8089,34.9810,23,-1.043640,12
CTD_CP_H,20240530T061720,1630.03,4.7981,34.9795,23,-1.043597,11
CTD_CP_H,20240530T061720,1632.00,4.7889,34.9787,22,-1.043633,11
CTD_CP_H,20240530T061721,1633.97,4.7804,34.9783,23,-1.043628,12
CTD_CP_H,20240530T061721,1635.99,4.7665,34.9774,23,-1.043614,11
CTD_CP_H,20240530T061721,1638.01,4.7546,34.9758,23,-1.043593,12
CTD_CP_H,20240530T061721,1639.99,4.7353,34.9743,22,-1.043580,11
CTD_CP_H,20240530T061721,1642.00,4.7228,34.9734,23,-1.043559,11
CTD_CP_H,20240530T061721,1644.03,4.7135,34.9720,22,-1.043582,11
CTD_CP_H,20240530T061721,1646.00,4.7038,34.9714,22,-1.043545,11
CTD_CP_H,20240530T061721,1648.01,4.6915,34.9704,23,-1.043543,12
CTD_CP_H,20240530T061721,1650.02,4.6830,34.9695,22,-1.043544,11
CTD_CP_H,20240530T061721,1652.01,4.6641,34.9680,22,-1.043531,11
CTD_CP_H,20240530T061721,1653.99,4.6471,34.9670,22,-1.043496,11
CTD_CP_H,20240530T061721,1655.97,4.6359,34.9663,22,-1.043499,11
CTD_CP_H,20240530T061721,1658.01,4.6304,34.9658,23,-1.043502,11
CTD_CP_H,20240530T061722,1660.02,4.6269,34.9653,21,-1.043531,11
CTD_CP_H,20240530T061722,1661.98,4.6180,34.9648,22,-1.043513,11
CTD_CP_H,20240530T061722,1663.98,4.6015,34.9633,22,-1.043502,11
CTD_CP_H,20240530T061722,1665.99,4.5934,34.9628,22,-1.043526,11
CTD_CP_H,20240530T061722,1668.00,4.5860,34.9620,22,-1.043527,11
CTD_CP_H,20240530T061722,1670.02,4.5793,34.9613,23,-1.043504,11
CTD_CP_H,20240530T061722,1672.07,4.5617,34.9603,24,-1.043474,12
CTD_CP_H,20240530T061722,1674.04,4.5591,34.9600,27,-1.043464,14
CTD_CP_H,20240530T061722,1675.99,4.5536,34.9591,30,-1.043470,15
CTD_CP_H,20240530T061722,1678.02,4.5372,34.9578,30,-1.043459,15
CTD_CP_H,20240530T061722,1680.02,4.5194,34.9561,29,-1.043419,14
CTD_CP_H,20240530T061722,1682.04,4.5034,34.9554,30,-1.043414,15
CTD_CP_H,20240530T061722,1684.02,4.4923,34.9539,28,-1.043422,14
CTD_CP_H,20240530T061722,1685.98,4.4796,34.9528,29,-1.043405,15
CTD_CP_H,20240530T061723,1688.00,4.4646,34.9513,30,-1.043379,15
CTD_CP_H,20240530T061723,1690.03,4.4419,34.9497,29,-1.043363,14
CTD_CP_H,20240530T061723,1692.00,4.4271,34.9482,28,-1.043332,14
CTD_CP_H,20240530T061723,1693.97,4.4189,34.9478,29,-1.043334,15
CTD_CP_H,20240530T061723,1695.99,4.4125,34.9473,29,-1.043333,14
CTD_CP_H,20240530T061723,1697.99,4.4085,34.9463,28,-1.043309,14
CTD_CP_H,20240530T061723,1699.99,4.3994,34.9455,29,-1.043282,15
CTD_CP_H,20240530T061723,1701.98,4.3908,34.9446,27,-1.043300,13
CTD_CP_H,20240530T061723,1703.99,4.3786,34.9433,29,-1.043277,15
CTD_CP_H,20240530T061723,1706.03,4.3557,34.9414,28,-1.043219,14
CTD_CP_H,20240530T061723,1708.00,4.3412,34.9401,27,-1.043207,13
CTD_CP_H,20240530T061723,1709.98,4.3325,34.9392,28,-1.043190,14
CTD_CP_H,20240530T061723,1711.98,4.3201,34.9381,27,-1.043167,14
CTD_CP_H,20240530T061724,1713.99,4.3131,34.9377,28,-1.043164,14
CTD_CP_H,20240530T061724,1716.01,4.3094,34.9370,27,-1.043187,13
CTD_CP_H,20240530T061724,1717.97,4.3020,34.9364,27,-1.043183,14
CTD_CP_H,20240530T061724,1720.00,4.2940,34.9355,28,-1.043160,14
CTD_CP_H,20240530T061724,1722.02,4.2800,34.9342,27,-1.043115,13
CTD_CP_H,20240530T061724,1724.01,4.2694,34.9333,26,-1.043118,13
CTD_CP_H,20240530T061724,1725.99,4.2624,34.9328,27,-1.043105,14
CTD_CP_H,20240530T061724,1728.03,4.2550,34.9324,27,-1.043120,13
CTD_CP_H,20240530T061724,1729.99,4.2501,34.9315,25,-1.043110,13
CTD_CP_H,20240530T061724,1731.98,4.2418,34.9308,27,-1.043080,13
CTD_CP_H,20240530T061724,1733.99,4.2245,34.9293,26,-1.043061,13
CTD_CP_H,20240530T061724,1736.00,4.2113,34.9277,26,-1.043041,13
CTD_CP_H,20240530T061724,1738.01,4.1976,34.9263,26,-1.043014,13
CTD_CP_H,20240530T061724,1740.02,4.1842,34.9253,26,-1.043006,13
CTD_CP_H,20240530T061725,1742.01,4.1766,34.9245,25,-1.043004,13
CTD_CP_H,20240530T061725,1743.98,4.1692,34.9236,25,-1.042970,12
CTD_CP_H,20240530T061725,1745.97,4.1603,34.9231,25,-1.042964,13
CTD_CP_H,20240530T061725,1748.01,4.1534,34.9222,26,-1.042939,13
CTD_CP_H,20240530T061725,1750.03,4.1462,34.9215,24,-1.042928,12
CTD_CP_H,20240530T061725,1751.98,4.1364,34.9206,24,-1.042936,12
CTD_CP_H,20240530T061725,1753.99,4.1256,34.9199,25,-1.042935,12
CTD_CP_H,20240530T061725,1756.02,4.1236,34.9200,24,-1.042976,12
CTD_CP_H,20240530T061725,1758.00,4.1161,34.9198,24,-1.042972,12
CTD_CP_H,20240530T061725,1760.01,4.1015,34.9184,24,-1.042960,12
CTD_CP_H,20240530T061725,1762.01,4.0891,34.9174,24,-1.042920,12
CTD_CP_H,20240530T061725,1764.01,4.0830,34.9164,24,-1.042897,12
CTD_CP_H,20240530T061725,1766.00,4.0773,34.9160,23,-1.042882,12
CTD_CP_H,20240530T061726,1767.96,4.0714,34.9153,23,-1.042890,11
CTD_CP_H,20240530T061726,1769.97,4.0643,34.9147,24,-1.042876,12
CTD_CP_H,20240530T061726,1772.01,4.0587,34.9141,24,-1.042858,12
CTD_CP_H,20240530T061726,1774.02,4.0517,34.9135,23,-1.042849,12
CTD_CP_H,20240530T061726,1776.01,4.0433,34.9126,23,-1.042822,11
CTD_CP_H,20240530T061726,1777.99,4.0359,34.9119,23,-1.042803,12
CTD_CP_H,20240530T061726,1779.99,4.0269,34.9112,23,-1.042816,11
CTD_CP_H,20240530T061726,1781.99,4.0149,34.9101,23,-1.042788,12
CTD_CP_H,20240530T061726,1784.01,4.0035,34.9092,23,-1.042772,11
CTD_CP_H,20240530T061726,1786.00,3.9928,34.9083,22,-1.042760,11
CTD_CP_H,20240530T061726,1787.97,3.9860,34.9077,22,-1.042756,11
CTD_CP_H,20240530T061726,1789.99,3.9812,34.9073,23,-1.042746,12
CTD_CP_H,20240530T061726,1792.01,3.9759,34.9069,22,-1.042735,11
CTD_CP_H,20240530T061727,1793.98,3.9686,34.9065,22,-1.042737,11
CTD_CP_H,20240530T061727,1796.00,3.9638,34.9056,23,-1.042734,11
CTD_CP_H,20240530T061727,1798.01,3.9602,34.9054,22,-1.042731,11
CTD_CP_H,20240530T061727,1800.01,3.9580,34.9051,24,-1.042724,12
CTD_CP_H,20240530T061727,1802.03,3.9513,34.9043,28,-1.042722,14
CTD_CP_H,20240530T061727,1804.01,3.9349,34.9028,29,-1.042695,15
CTD_CP_H,20240530T061727,1806.00,3.9225,34.9018,29,-1.042682,14
CTD_CP_H,20240530T061727,1808.00,3.9179,34.9014,29,-1.042672,15
CTD_CP_H,20240530T061727,1809.99,3.9129,34.9005,28,-1.042649,14
CTD_CP_H,20240530T061727,1811.99,3.8998,34.8997,29,-1.042628,14
CTD_CP_H,20240530T061727,1814.02,3.8900,34.8989,29,-1.042608,15
CTD_CP_H,20240530T061727,1816.05,3.8809,34.8981,28,-1.042584,14
CTD_CP_H,20240530T061727,1818.04,3.8768,34.8977,28,-1.042577,14
CTD_CP_H,20240530T061727,1820.04,3.8698,34.8968,28,-1.042572,14
CTD_CP_H,20240530T061728,1822.04,3.8564,34.8961,28,-1.042547,14
CTD_CP_H,20240530T061728,1824.04,3.8471,34.8950,27,-1.042527,13
CTD_CP_H,20240530T061728,1826.02,3.8372,34.8942,27,-1.042525,14
CTD_CP_H,20240530T061728,1828.00,3.8306,34.8937,27,-1.042511,13
CTD_CP_H,20240530T061728,1829.99,3.8249,34.8932,27,-1.042508,14
CTD_CP_H,20240530T061728,1832.01,3.8163,34.8924,27,-1.042508,13
CTD_CP_H,20240530T061728,1833.99,3.8078,34.8919,26,-1.042498,13
CTD_CP_H,20240530T061728,1835.98,3.7973,34.8910,27,-1.042499,14
CTD_CP_H,20240530T061728,1837.99,3.7901,34.8902,26,-1.042496,13
CTD_CP_H,20240530T061728,1840.00,3.7831,34.8898,27,-1.042484,13
CTD_CP_H,20240530T061728,1842.01,3.7781,34.8891,26,-1.042458,13
CTD_CP_H,20240530T061728,1844.01,3.7652,34.8882,26,-1.042429,13
CTD_CP_H,20240530T061728,1845.99,3.7562,34.8873,26,-1.042415,13
CTD_CP_H,20240530T061729,1848.00,3.7491,34.8866,26,-1.042415,13
CTD_CP_H,20240530T061729,1850.01,3.7442,34.8862,26,-1.042414,13
CTD_CP_H,20240530T061729,1852.00,3.7376,34.8857,25,-1.042392,13
CTD_CP_H,20240530T061729,1853.99,3.7298,34.8850,26,-1.042386,13
CTD_CP_H,20240530T061729,1856.01,3.7268,34.8847,26,-1.042386,13
CTD_CP_H,20240530T061729,1857.99,3.7196,34.8840,25,-1.042365,12
CTD_CP_H,20240530T061729,1859.99,3.7125,34.8834,26,-1.042355,13
CTD_CP_H,20240530T061729,1861.98,3.7028,34.8826,25,-1.042333,13
CTD_CP_H,20240530T061729,1863.99,3.6942,34.8818,26,-1.042326,13
CTD_CP_H,20240530T061729,1865.99,3.6827,34.8810,24,-1.042323,12
CTD_CP_H,20240530T061729,1867.95,3.6765,34.8803,25,-1.042340,12
CTD_CP_H,20240530T061729,1869.97,3.6690,34.8798,25,-1.042304,13
CTD_CP_H,20240530T061729,1872.01,3.6610,34.8790,26,-1.042292,13
CTD_CP_H,20240530T061729,1874.04,3.6557,34.8787,25,-1.042288,12
CTD_CP_H,20240530T061730,1876.03,3.6504,34.8780,25,-1.042292,13
CTD_CP_H,20240530T061730,1878.04,3.6434,34.8777,25,-1.042282,12
CTD_CP_H,20240530T061730,1880.01,3.6358,34.8769,24,-1.042275,12
CTD_CP_H,20240530T061730,1881.98,3.6276,34.8762,25,-1.042271,13
CTD_CP_H,20240530T061730,1883.99,3.6213,34.8755,25,-1.042256,12
CTD_CP_H,20240530T061730,1886.01,3.6145,34.8751,25,-1.042233,13
CTD_CP_H,20240530T061730,1888.00,3.6034,34.8743,24,-1.042222,12
CTD_CP_H,20240530T061730,1889.99,3.5955,34.8736,25,-1.042200,12
CTD_CP_H,20240530T061730,1892.02,3.5903,34.8732,25,-1.042197,13
CTD_CP_H,20240530T061730,1894.03,3.5856,34.8727,25,-1.042178,12
CTD_CP_H,20240530T061730,1896.02,3.5804,34.8724,24,-1.042184,12
CTD_CP_H,20240530T061730,1898.01,3.5766,34.8721,25,-1.042193,13
CTD_CP_H,20240530T061730,1900.01,3.5741,34.8719,24,-1.042182,12
CTD_CP_H,20240530T061731,1902.01,3.5733,34.8716,25,-1.042179,12
CTD_CP_H,20240530T061731,1904.00,3.5659,34.8712,24,-1.042178,12
CTD_CP_H,20240530T061731,1905.97,3.5591,34.8705,24,-1.042141,12
CTD_CP_H,20240530T061731,1907.98,3.5524,34.8699,25,-1.042167,13
CTD_CP_H,20240530T061731,1909.98,3.5422,34.8692,24,-1.042166,12
CTD_CP_H,20240530T061731,1911.98,3.5378,34.8689,25,-1.042172,12
CTD_CP_H,20240530T061731,1914.00,3.5315,34.8681,24,-1.042165,12
CTD_CP_H,20240530T061731,1915.97,3.5190,34.8673,24,-1.042141,12
CTD_CP_H,20240530T061731,1918.00,3.5104,34.8665,25,-1.042125,13
CTD_CP_H,20240530T061731,1920.00,3.5051,34.8664,23,-1.042117,11
CTD_CP_H,20240530T061731,1921.98,3.5028,34.8660,24,-1.042128,12
CTD_CP_H,20240530T061731,1923.99,3.4986,34.8657,24,-1.042118,12
CTD_CP_H,20240530T061731,1926.01,3.4920,34.8651,24,-1.042094,12
CTD_CP_H,20240530T061731,1928.00,3.4887,34.8647,23,-1.042104,12
CTD_CP_H,20240530T061732,1930.00,3.4875,34.8647,24,-1.042109,12
CTD_CP_H,20240530T061732,1932.00,3.4846,34.8643,23,-1.042086,11
CTD_CP_H,20240530T061732,1933.99,3.4745,34.8635,24,-1.042071,12
CTD_CP_H,20240530T061732,1935.99,3.4640,34.8625,23,-1.042054,12
CTD_CP_H,20240530T061732,1938.01,3.4591,34.8621,24,-1.042055,12
CTD_CP_H,20240530T061732,1940.03,3.4540,34.8617,23,-1.042028,11
CTD_CP_H,20240530T061732,1942.00,3.4453,34.8610,23,-1.042002,12
CTD_CP_H,20240530T061732,1943.98,3.4405,34.8605,23,-1.041991,11
CTD_CP_H,20240530T061732,1945.98,3.4364,34.8602,23,-1.041978,12
CTD_CP_H,20240530T061732,1947.98,3.4310,34.8599,23,-1.041998,11
CTD_CP_H,20240530T061732,1949.97,3.4261,34.8595,23,-1.042003,12
CTD_CP_H,20240530T061732,1952.00,3.4197,34.8587,23,-1.041990,11
CTD_CP_H,20240530T061732,1954.01,3.4133,34.8584,23,-1.041958,12
CTD_CP_H,20240530T061733,1956.00,3.4080,34.8580,22,-1.041945,11
CTD_CP_H,20240530T061733,1958.00,3.4030,34.8576,23,-1.041932,11
CTD_CP_H,20240530T061733,1960.03,3.3996,34.8570,23,-1.041941,12
CTD_CP_H,20240530T061733,1962.03,3.3936,34.8566,22,-1.041918,11
CTD_CP_H,20240530T061733,1963.99,3.3883,34.8562,22,-1.041914,11
CTD_CP_H,20240530T061733,1965.96,3.3795,34.8553,22,-1.041915,11
CTD_CP_H,20240530T061733,1967.98,3.3684,34.8548,23,-1.041888,11
CTD_CP_H,20240530T061733,1970.00,3.3649,34.8543,22,-1.041897,11
CTD_CP_H,20240530T061733,1971.97,3.3605,34.8539,22,-1.041880,11
CTD_CP_H,20240530T061733,1973.95,3.3555,34.8536,22,-1.041876,11
CTD_CP_H,20240530T061733,1975.98,3.3476,34.8527,23,-1.041863,12
CTD_CP_H,20240530T061733,1978.01,3.3405,34.8525,22,-1.041836,11
CTD_CP_H,20240530T061733,1980.01,3.3356,34.8519,22,-1.041820,11
CTD_CP_H,20240530T061733,1982.03,3.3326,34.8517,22,-1.041825,11
CTD_CP_H,20240530T061734,1984.01,3.3250,34.8511,21,-1.041799,10
CTD_CP_H,20240530T061734,1985.98,3.3194,34.8506,22,-1.041801,11
CTD_CP_H,20240530T061734,1988.00,3.3143,34.8503,22,-1.041793,11
CTD_CP_H,20240530T061734,1989.97,3.3059,34.8496,21,-1.041774,11
CTD_CP_H,20240530T061734,1991.96,3.2989,34.8490,22,-1.041795,11
CTD_CP_H,20240530T061734,1993.98,3.2953,34.8488,22,-1.041867,2
CTD_CP_H,20240530T061734,1996.00,3.2893,34.8480,22,nan,0
CTD_CP_H,20240530T061734,1997.10,3.2840,34.8485,2,nan,0
GPS,20240530T061852,17.986416,67.810776,10
CTD_P,20240530T061854,-0.24
