Message,20240817T074310,Firmware: 07/21/23 18:56:40 2.17.4 STD IRID Final
Message,20240817T074310,Username: f10469
GPS,20240817T074310,18.973181,68.169868,10
GPS,20240817T074930,18.973442,68.170357,9
CTD_P,20240817T074932,-0.25
FLBB_CFG,20240817T074934,695,700
Message,20240817T074934,Park Descent Mission
CTD_P,20240817T074937,-0.24
CTD_P,20240817T075051,-0.06
CTD_P,20240817T075153,0.16
CTD_P,20240817T075255,0.08
CTD_P,20240817T075358,0.15
CTD_P,20240817T075500,1.01
CTD_P,20240817T075602,5.87
CTD_P,20240817T075704,13.21
CTD_P,20240817T075807,22.20
CTD_P,20240817T075909,32.44
CTD_P,20240817T080011,43.77
CTD_P,20240817T080113,55.87
CTD_P,20240817T080123,57.52
CTD_P,20240817T080124,57.75
CTD_P,20240817T080226,68.12
CTD_P,20240817T090229,481.11
CTD_P,20240817T100232,752.13
CTD_P,20240817T105757,908.16
CTD_P,20240817T113120,957.68
CTD_P,20240817T120116,981.62
CTD_P,20240817T122648,986.07
CTD_P,20240817T122751,986.36
CTD_P,20240817T122854,986.68
CTD_P,20240817T132335,993.70
Message,20240817T132338,Park Mission
CTD_P,20240817T132341,993.72
CTD_PTSH,20240817T132403,993.70,8.5950,35.3550,0.630360
CTD_P,20240817T132404,993.70
CTD_P,20240817T142337,995.86
CTD_PTSH,20240817T142400,995.80,8.5457,35.3430,0.629236
CTD_P,20240817T142401,995.80
CTD_P,20240817T152402,999.86
CTD_PTSH,20240817T152425,999.90,8.5173,35.3430,0.629352
CTD_P,20240817T152426,999.88
CTD_P,20240817T162427,1003.38
CTD_PTSH,20240817T162450,1003.30,8.5516,35.3440,0.629459
CTD_P,20240817T162451,1003.28
CTD_P,20240817T172452,1006.60
CTD_PTSH,20240817T172515,1006.70,8.5445,35.3430,0.629605
CTD_P,20240817T172516,1006.66
CTD_P,20240817T182517,1007.13
CTD_PTSH,20240817T182540,1007.00,8.5883,35.3450,0.629773
CTD_P,20240817T182541,1006.98
CTD_P,20240817T192542,1006.85
CTD_PTSH,20240817T192605,1006.80,8.5340,35.3430,0.629848
CTD_P,20240817T192606,1006.82
CTD_P,20240817T202607,1006.93
CTD_PTSH,20240817T202630,1006.90,8.5210,35.3400,0.629979
CTD_P,20240817T202631,1006.88
CTD_P,20240817T212632,1007.72
CTD_PTSH,20240817T212655,1007.70,8.4792,35.3380,0.629740
CTD_P,20240817T212656,1007.73
CTD_P,20240817T222657,1008.51
CTD_PTSH,20240817T222720,1008.50,8.4983,35.3400,0.629914
CTD_P,20240817T222721,1008.52
CTD_P,20240817T232722,1009.47
CTD_PTSH,20240817T232745,1009.50,8.5016,35.3400,0.629938
CTD_P,20240817T232746,1009.45
CTD_P,20240818T002747,1009.23
CTD_PTSH,20240818T002810,1009.30,8.4983,35.3360,0.629847
CTD_P,20240818T002811,1009.26
CTD_P,20240818T012812,1010.10
CTD_PTSH,20240818T012835,1010.20,8.4846,35.3390,0.629641
CTD_P,20240818T012836,1010.15
CTD_P,20240818T022837,1009.17
CTD_PTSH,20240818T022900,1009.10,8.4944,35.3390,0.629706
CTD_P,20240818T022901,1009.09
CTD_P,20240818T032902,1010.18
CTD_PTSH,20240818T032925,1010.20,8.4757,35.3370,0.629718
CTD_P,20240818T032926,1010.15
CTD_P,20240818T042927,1012.78
CTD_PTSH,20240818T042950,1012.80,8.5029,35.3390,0.629652
CTD_P,20240818T042951,1012.80
CTD_P,20240818T052952,1012.93
CTD_PTSH,20240818T053015,1012.90,8.5374,35.3430,0.629527
CTD_P,20240818T053016,1012.91
CTD_P,20240818T063017,1013.25
CTD_PTSH,20240818T063040,1013.10,8.5625,35.3440,0.629432
CTD_P,20240818T063041,1013.11
CTD_P,20240818T073042,1015.97
CTD_PTSH,20240818T073105,1016.00,8.5673,35.3450,0.629359
CTD_P,20240818T073106,1016.03
CTD_P,20240818T083107,1015.82
CTD_PTSH,20240818T083130,1015.80,8.5671,35.3450,0.629239
CTD_P,20240818T083131,1015.78
CTD_P,20240818T093132,1012.09
CTD_PTSH,20240818T093155,1012.00,8.5423,35.3470,0.629233
CTD_P,20240818T093156,1012.02
CTD_P,20240818T103157,1012.90
CTD_PTSH,20240818T103220,1012.90,8.4931,35.3380,0.629199
CTD_P,20240818T103221,1012.90
CTD_P,20240818T113222,1010.25
CTD_PTSH,20240818T113245,1010.20,8.4445,35.3340,0.629223
CTD_P,20240818T113246,1010.22
CTD_P,20240818T123247,1011.73
CTD_PTSH,20240818T123310,1011.80,8.4300,35.3280,0.629171
CTD_P,20240818T123311,1011.77
CTD_P,20240818T133312,1016.53
CTD_PTSH,20240818T133335,1016.60,8.4434,35.3340,0.629277
CTD_P,20240818T133336,1016.59
CTD_P,20240818T143337,1015.99
CTD_PTSH,20240818T143400,1015.90,8.4725,35.3360,0.629230
CTD_P,20240818T143401,1015.91
CTD_P,20240818T153402,1014.63
CTD_PTSH,20240818T153425,1014.60,8.4819,35.3380,0.629104
CTD_P,20240818T153426,1014.59
CTD_P,20240818T163427,1017.36
CTD_PTSH,20240818T163450,1017.40,8.4761,35.3360,0.629085
CTD_P,20240818T163451,1017.40
CTD_P,20240818T173452,1014.38
CTD_PTSH,20240818T173515,1014.30,8.5032,35.3390,0.628929
CTD_P,20240818T173516,1014.23
CTD_P,20240818T183517,1015.26
CTD_PTSH,20240818T183540,1015.20,8.5137,35.3410,0.628988
CTD_P,20240818T183541,1015.16
CTD_P,20240818T193542,1016.45
CTD_PTSH,20240818T193605,1016.40,8.5146,35.3400,0.628900
CTD_P,20240818T193606,1016.38
CTD_P,20240818T203607,1014.21
CTD_PTSH,20240818T203630,1014.20,8.4786,35.3350,0.628896
CTD_P,20240818T203631,1014.17
CTD_P,20240818T213632,1013.79
CTD_PTSH,20240818T213655,1013.80,8.4375,35.3320,0.628899
CTD_P,20240818T213656,1013.77
CTD_P,20240818T223657,1016.41
CTD_PTSH,20240818T223720,1016.50,8.4364,35.3320,0.628939
CTD_P,20240818T223721,1016.50
CTD_P,20240818T233722,1021.68
CTD_PTSH,20240818T233745,1021.70,8.4943,35.3390,0.628854
CTD_P,20240818T233746,1021.74
CTD_P,20240819T003747,1015.67
CTD_PTSH,20240819T003810,1015.50,8.4706,35.3370,0.628904
CTD_P,20240819T003811,1015.54
CTD_P,20240819T013812,1015.70
CTD_PTSH,20240819T013835,1015.80,8.4341,35.3330,0.628917
CTD_P,20240819T013836,1015.77
CTD_P,20240819T023837,1020.21
CTD_PTSH,20240819T023900,1020.20,8.4839,35.3350,0.628767
CTD_P,20240819T023901,1020.19
CTD_P,20240819T033902,1015.43
CTD_PTSH,20240819T033925,1015.40,8.4443,35.3350,0.628817
CTD_P,20240819T033926,1015.38
CTD_P,20240819T043927,1018.98
CTD_PTSH,20240819T043950,1019.00,8.4641,35.3350,0.628915
CTD_P,20240819T043951,1019.00
CTD_P,20240819T053952,1015.39
CTD_PTSH,20240819T054015,1015.30,8.4790,35.3380,0.628735
CTD_P,20240819T054016,1015.32
CTD_P,20240819T064017,1018.92
CTD_PTSH,20240819T064040,1019.00,8.4620,35.3350,0.628785
CTD_P,20240819T064041,1018.95
CTD_P,20240819T074042,1019.89
CTD_PTSH,20240819T074105,1019.90,8.5294,35.3410,0.628650
CTD_P,20240819T074106,1019.87
CTD_P,20240819T084107,1016.33
CTD_PTSH,20240819T084130,1016.30,8.5137,35.3390,0.628567
CTD_P,20240819T084131,1016.32
CTD_P,20240819T094132,1018.35
CTD_PTSH,20240819T094155,1018.30,8.4604,35.3350,0.628745
CTD_P,20240819T094156,1018.31
CTD_P,20240819T104157,1016.21
CTD_PTSH,20240819T104220,1016.10,8.4463,35.3330,0.628716
CTD_P,20240819T104221,1016.13
CTD_P,20240819T114222,1016.65
CTD_PTSH,20240819T114245,1016.60,8.4360,35.3340,0.628636
CTD_P,20240819T114246,1016.58
CTD_P,20240819T124247,1017.92
CTD_PTSH,20240819T124310,1018.00,8.3942,35.3260,0.628628
CTD_P,20240819T124311,1017.95
CTD_P,20240819T134312,1020.57
CTD_PTSH,20240819T134335,1020.50,8.4288,35.3290,0.628672
CTD_P,20240819T134336,1020.50
CTD_P,20240819T144337,1017.18
CTD_PTSH,20240819T144400,1017.20,8.4163,35.3360,0.628564
CTD_P,20240819T144401,1017.20
CTD_P,20240819T154402,1020.06
CTD_PTSH,20240819T154425,1020.10,8.4274,35.3310,0.628550
CTD_P,20240819T154426,1020.05
CTD_P,20240819T164427,1022.50
CTD_PTSH,20240819T164450,1022.40,8.5093,35.3400,0.628492
CTD_P,20240819T164451,1022.40
CTD_P,20240819T174452,1016.59
CTD_PTSH,20240819T174515,1016.50,8.5200,35.3450,0.628305
CTD_P,20240819T174516,1016.49
CTD_P,20240819T184517,1020.19
CTD_PTSH,20240819T184540,1020.20,8.5043,35.3420,0.628222
CTD_P,20240819T184541,1020.19
CTD_P,20240819T194542,1023.50
CTD_PTSH,20240819T194605,1023.60,8.4808,35.3360,0.628104
CTD_P,20240819T194606,1023.61
CTD_P,20240819T204607,1021.38
CTD_PTSH,20240819T204630,1021.40,8.4788,35.3350,0.628105
CTD_P,20240819T204631,1021.40
CTD_P,20240819T214632,1020.46
CTD_PTSH,20240819T214655,1020.40,8.4931,35.3390,0.628147
CTD_P,20240819T214656,1020.37
CTD_P,20240819T224657,1017.36
CTD_PTSH,20240819T224720,1017.50,8.4380,35.3340,0.628041
CTD_P,20240819T224721,1017.49
CTD_P,20240819T234722,1019.56
CTD_PTSH,20240819T234745,1019.50,8.4371,35.3320,0.628036
CTD_P,20240819T234746,1019.55
CTD_P,20240820T004747,1019.90
CTD_PTSH,20240820T004810,1019.90,8.4381,35.3320,0.628037
CTD_P,20240820T004811,1019.91
CTD_P,20240820T014812,1018.67
CTD_PTSH,20240820T014835,1018.70,8.4287,35.3340,0.628059
CTD_P,20240820T014836,1018.70
CTD_P,20240820T024837,1021.37
CTD_PTSH,20240820T024900,1021.40,8.4370,35.3320,0.627910
CTD_P,20240820T024901,1021.43
CTD_P,20240820T034902,1021.32
CTD_PTSH,20240820T034925,1021.30,8.4376,35.3320,0.627933
CTD_P,20240820T034926,1021.29
CTD_P,20240820T044927,1022.43
CTD_PTSH,20240820T044950,1022.50,8.4667,35.3360,0.627871
CTD_P,20240820T044951,1022.45
CTD_P,20240820T054952,1025.09
CTD_PTSH,20240820T055015,1025.00,8.5327,35.3430,0.627862
CTD_P,20240820T055016,1025.00
CTD_P,20240820T065017,1023.13
CTD_PTSH,20240820T065040,1023.10,8.5393,35.3430,0.627727
CTD_P,20240820T065041,1023.09
CTD_P,20240820T075042,1023.65
CTD_PTSH,20240820T075105,1023.60,8.5499,35.3440,0.627702
CTD_P,20240820T075106,1023.57
CTD_P,20240820T085107,1020.98
CTD_PTSH,20240820T085130,1021.00,8.5265,35.3440,0.627593
CTD_P,20240820T085131,1020.99
CTD_P,20240820T095132,1019.01
CTD_PTSH,20240820T095155,1019.00,8.4639,35.3350,0.627686
CTD_P,20240820T095156,1019.00
CTD_P,20240820T105157,1020.55
CTD_PTSH,20240820T105220,1020.60,8.4226,35.3290,0.627755
CTD_P,20240820T105221,1020.57
CTD_P,20240820T115222,1017.58
CTD_PTSH,20240820T115245,1017.50,8.3890,35.3340,0.627665
CTD_P,20240820T115246,1017.51
CTD_P,20240820T125247,1018.49
CTD_PTSH,20240820T125310,1018.60,8.3631,35.3250,0.627661
CTD_P,20240820T125311,1018.57
CTD_P,20240820T135312,1018.57
CTD_PTSH,20240820T135335,1018.50,8.3629,35.3250,0.627780
CTD_P,20240820T135336,1018.50
CTD_P,20240820T145337,1018.33
CTD_PTSH,20240820T145400,1018.30,8.3627,35.3250,0.627737
CTD_P,20240820T145401,1018.29
CTD_P,20240820T155402,1019.47
CTD_PTSH,20240820T155425,1019.50,8.3557,35.3240,0.627717
CTD_P,20240820T155426,1019.56
CTD_P,20240820T165427,1024.76
CTD_PTSH,20240820T165450,1024.70,8.4378,35.3320,0.627711
CTD_P,20240820T165451,1024.77
CTD_P,20240820T175452,1022.55
CTD_PTSH,20240820T175515,1022.40,8.4387,35.3320,0.627588
CTD_P,20240820T175516,1022.44
CTD_P,20240820T185517,1023.40
CTD_PTSH,20240820T185540,1023.30,8.4880,35.3380,0.627558
CTD_P,20240820T185541,1023.34
CTD_P,20240820T195542,1021.93
CTD_PTSH,20240820T195605,1021.90,8.4837,35.3380,0.627474
CTD_P,20240820T195606,1021.88
CTD_P,20240820T205607,1022.67
CTD_PTSH,20240820T205630,1022.70,8.4656,35.3360,0.627482
CTD_P,20240820T205631,1022.67
CTD_P,20240820T215632,1021.88
CTD_PTSH,20240820T215655,1021.90,8.4397,35.3330,0.627463
CTD_P,20240820T215656,1021.95
CTD_P,20240820T225657,1022.08
CTD_PTSH,20240820T225720,1022.10,8.4478,35.3330,0.627464
CTD_P,20240820T225721,1022.05
CTD_P,20240820T235722,1021.31
CTD_PTSH,20240820T235745,1021.30,8.4432,35.3300,0.627427
CTD_P,20240820T235746,1021.33
CTD_P,20240821T005747,1021.55
CTD_PTSH,20240821T005810,1021.50,8.4091,35.3290,0.627449
CTD_P,20240821T005811,1021.50
CTD_P,20240821T015812,1020.48
CTD_PTSH,20240821T015835,1020.40,8.3678,35.3260,0.627473
CTD_P,20240821T015836,1020.44
CTD_P,20240821T025837,1023.85
CTD_PTSH,20240821T025900,1023.90,8.4164,35.3290,0.627535
CTD_P,20240821T025901,1023.89
CTD_P,20240821T035902,1025.45
CTD_PTSH,20240821T035925,1025.40,8.4426,35.3330,0.627436
CTD_P,20240821T035926,1025.43
CTD_P,20240821T045927,1027.82
CTD_PTSH,20240821T045950,1027.80,8.5140,35.3410,0.627351
CTD_P,20240821T045951,1027.73
CTD_P,20240821T055952,1028.94
CTD_PTSH,20240821T060015,1029.00,8.5521,35.3430,0.626955
CTD_P,20240821T060016,1028.94
CTD_P,20240821T070017,1010.36
CTD_PTSH,20240821T070040,1010.30,8.6470,35.3470,0.627029
CTD_P,20240821T070041,1010.33
CTD_P,20240821T080042,1009.86
CTD_PTSH,20240821T080105,1009.90,8.6462,35.3470,0.627153
CTD_P,20240821T080106,1009.86
CTD_P,20240821T090107,1007.74
CTD_PTSH,20240821T090130,1007.60,8.6443,35.3470,0.627107
CTD_P,20240821T090131,1007.61
CTD_P,20240821T100132,1004.55
CTD_PTSH,20240821T100155,1004.50,8.6559,35.3500,0.627090
CTD_P,20240821T100156,1004.54
CTD_P,20240821T110157,1003.08
CTD_PTSH,20240821T110220,1003.10,8.6235,35.3490,0.627124
CTD_P,20240821T110221,1003.05
CTD_P,20240821T120222,1001.19
CTD_PTSH,20240821T120245,1001.30,8.5492,35.3480,0.627106
CTD_P,20240821T120246,1001.30
CTD_P,20240821T130247,1003.10
CTD_PTSH,20240821T130310,1003.10,8.5272,35.3420,0.627349
CTD_P,20240821T130311,1003.15
CTD_P,20240821T140312,999.95
CTD_PTSH,20240821T140335,999.90,8.5007,35.3390,0.627412
CTD_P,20240821T140336,999.88
CTD_P,20240821T150337,1001.28
CTD_PTSH,20240821T150400,1001.30,8.4893,35.3390,0.628329
CTD_P,20240821T150401,1001.29
CTD_P,20240821T160402,1000.66
CTD_PTSH,20240821T160425,1000.60,8.5053,35.3360,0.631287
CTD_P,20240821T160426,1000.65
CTD_P,20240821T170427,1003.77
CTD_PTSH,20240821T170450,1003.80,8.5356,35.3410,0.634240
CTD_P,20240821T170451,1003.78
CTD_P,20240821T180452,1002.84
CTD_PTSH,20240821T180515,1002.80,8.5955,35.3500,0.636233
CTD_P,20240821T180516,1002.77
CTD_P,20240821T190517,1005.94
CTD_PTSH,20240821T190540,1006.00,8.5595,35.3430,0.637544
CTD_P,20240821T190541,1006.02
CTD_P,20240821T200542,1003.16
CTD_PTSH,20240821T200605,1003.10,8.5941,35.3500,-2.500000
CTD_P,20240821T200606,1003.10
CTD_P,20240821T210607,1005.19
CTD_PTSH,20240821T210630,1005.40,8.5554,35.3450,-2.500000
CTD_P,20240821T210631,1005.36
CTD_P,20240821T220632,1003.32
CTD_PTSH,20240821T220655,1003.30,8.5776,35.3460,-2.500000
CTD_P,20240821T220656,1003.24
CTD_P,20240821T230657,1001.58
CTD_PTSH,20240821T230720,1001.60,8.5537,35.3450,-2.500000
CTD_P,20240821T230721,1001.61
CTD_P,20240822T000722,998.90
CTD_PTSH,20240822T000745,998.90,8.5109,35.3440,-2.500000
CTD_P,20240822T000746,998.92
CTD_P,20240822T010747,1000.31
CTD_PTSH,20240822T010810,1000.40,8.4774,35.3380,-2.500000
CTD_P,20240822T010811,1000.37
CTD_P,20240822T020812,1001.58
CTD_PTSH,20240822T020835,1001.60,8.4878,35.3380,0.640849
CTD_P,20240822T020836,1001.59
CTD_P,20240822T030837,1004.05
CTD_PTSH,20240822T030900,1004.00,8.5041,35.3390,-2.500000
CTD_P,20240822T030901,1004.07
CTD_P,20240822T040902,1006.49
CTD_PTSH,20240822T040925,1006.40,8.5609,35.3450,-2.500000
CTD_P,20240822T040926,1006.41
CTD_P,20240822T050927,1005.25
CTD_PTSH,20240822T050950,1005.20,8.6001,35.3480,-2.500000
CTD_P,20240822T050951,1005.18
CTD_P,20240822T060952,1005.63
CTD_PTSH,20240822T061015,1005.60,8.6082,35.3510,-2.500000
CTD_P,20240822T061016,1005.62
CTD_P,20240822T071017,1009.39
CTD_PTSH,20240822T071040,1009.40,8.6645,35.3540,-2.500000
CTD_P,20240822T071041,1009.38
CTD_P,20240822T081042,1006.12
CTD_PTSH,20240822T081105,1006.10,8.6797,35.3560,-2.500000
CTD_P,20240822T081106,1006.12
CTD_P,20240822T091107,1008.54
CTD_PTSH,20240822T091130,1008.50,8.6953,35.3560,-2.500000
CTD_P,20240822T091131,1008.51
CTD_P,20240822T101132,1007.52
CTD_PTSH,20240822T101155,1007.50,8.6965,35.3550,-2.500000
CTD_P,20240822T101156,1007.46
CTD_P,20240822T111157,1001.39
CTD_PTSH,20240822T111220,1001.30,8.6328,35.3550,-2.500000
CTD_P,20240822T111221,1001.29
CTD_P,20240822T121222,1005.07
CTD_PTSH,20240822T121245,1005.00,8.5993,35.3500,-2.500000
CTD_P,20240822T121246,1005.00
CTD_P,20240822T131247,1001.09
CTD_PTSH,20240822T131310,1001.10,8.5511,35.3460,-2.500000
CTD_P,20240822T131311,1001.09
CTD_P,20240822T141312,1001.36
CTD_PTSH,20240822T141335,1001.40,8.5284,35.3430,-2.500000
CTD_P,20240822T141336,1001.38
CTD_P,20240822T151337,1003.07
CTD_PTSH,20240822T151400,1003.10,8.4905,35.3380,-2.500000
CTD_P,20240822T151401,1003.10
CTD_P,20240822T161402,1005.34
CTD_PTSH,20240822T161425,1005.30,8.5430,35.3430,-2.500000
CTD_P,20240822T161426,1005.34
CTD_P,20240822T171427,1007.01
CTD_PTSH,20240822T171450,1007.00,8.5681,35.3440,-2.500000
CTD_P,20240822T171451,1007.02
CTD_P,20240822T181452,1006.14
CTD_PTSH,20240822T181515,1006.00,8.6365,35.3500,-2.500000
CTD_P,20240822T181516,1005.99
CTD_P,20240822T191517,1005.54
CTD_PTSH,20240822T191540,1005.50,8.6143,35.3530,-2.500000
CTD_P,20240822T191541,1005.51
CTD_P,20240822T201542,1006.49
CTD_PTSH,20240822T201605,1006.40,8.6165,35.3510,-2.500000
CTD_P,20240822T201606,1006.44
CTD_P,20240822T211607,1006.71
CTD_PTSH,20240822T211630,1006.70,8.6324,35.3520,-2.500000
CTD_P,20240822T211631,1006.70
CTD_P,20240822T221632,1004.15
CTD_PTSH,20240822T221655,1004.00,8.6153,35.3520,-2.500000
CTD_P,20240822T221656,1004.04
CTD_P,20240822T231657,1005.27
CTD_PTSH,20240822T231720,1005.30,8.5643,35.3460,-2.500000
CTD_P,20240822T231721,1005.29
CTD_P,20240823T001722,1001.38
CTD_PTSH,20240823T001745,1001.20,8.5511,35.3450,-2.500000
CTD_P,20240823T001746,1001.21
CTD_P,20240823T011747,1000.76
CTD_PTSH,20240823T011810,1000.70,8.4742,35.3410,-2.500000
CTD_P,20240823T011811,1000.72
CTD_P,20240823T021812,1003.35
CTD_PTSH,20240823T021835,1003.30,8.5023,35.3390,-2.500000
CTD_P,20240823T021836,1003.25
CTD_P,20240823T031837,1004.70
CTD_PTSH,20240823T031900,1004.70,8.5052,35.3400,-2.500000
CTD_P,20240823T031901,1004.67
CTD_P,20240823T041902,1008.53
CTD_PTSH,20240823T041925,1008.50,8.5625,35.3450,-2.500000
CTD_P,20240823T041926,1008.56
CTD_P,20240823T051927,1006.67
CTD_PTSH,20240823T051950,1006.70,8.6014,35.3490,-2.500000
CTD_P,20240823T051951,1006.63
CTD_P,20240823T061952,1005.19
CTD_PTSH,20240823T062015,1005.10,8.5932,35.3490,-2.500000
CTD_P,20240823T062016,1005.13
CTD_P,20240823T072017,1006.79
CTD_PTSH,20240823T072040,1006.80,8.6084,35.3510,-2.500000
CTD_P,20240823T072041,1006.74
CTD_P,20240823T082042,1006.99
CTD_PTSH,20240823T082105,1007.00,8.6211,35.3490,-2.500000
CTD_P,20240823T082106,1007.04
CTD_P,20240823T092107,1007.16
CTD_PTSH,20240823T092130,1007.20,8.6204,35.3520,-2.500000
CTD_P,20240823T092131,1007.21
CTD_P,20240823T102132,1004.96
CTD_PTSH,20240823T102155,1004.90,8.6125,35.3500,-2.500000
CTD_P,20240823T102156,1004.95
CTD_P,20240823T112157,1002.91
CTD_PTSH,20240823T112220,1002.80,8.5751,35.3480,-2.500000
CTD_P,20240823T112221,1002.81
CTD_P,20240823T122222,1000.64
CTD_PTSH,20240823T122245,1000.60,8.5224,35.3450,-2.500000
CTD_P,20240823T122246,1000.58
CTD_P,20240823T132247,1000.03
CTD_PTSH,20240823T132310,1000.00,8.4777,35.3390,-2.500000
CTD_P,20240823T132311,1000.04
CTD_P,20240823T142312,1002.93
CTD_PTSH,20240823T142335,1003.00,8.4523,35.3330,-2.500000
CTD_P,20240823T142336,1002.92
CTD_P,20240823T152337,1004.44
CTD_PTSH,20240823T152400,1004.40,8.4914,35.3380,-2.500000
CTD_P,20240823T152401,1004.39
CTD_P,20240823T162402,1004.46
CTD_PTSH,20240823T162425,1004.50,8.4999,35.3390,-2.500000
CTD_P,20240823T162426,1004.45
CTD_P,20240823T172427,1009.60
CTD_PTSH,20240823T172450,1009.50,8.5526,35.3430,-2.500000
CTD_P,20240823T172451,1009.54
CTD_P,20240823T182452,1006.56
CTD_PTSH,20240823T182515,1006.60,8.5492,35.3420,-2.500000
CTD_P,20240823T182516,1006.59
CTD_P,20240823T192517,1010.16
CTD_PTSH,20240823T192540,1010.20,8.6107,35.3490,-2.500000
CTD_P,20240823T192541,1010.16
CTD_P,20240823T202542,1013.68
CTD_PTSH,20240823T202605,1013.70,8.6537,35.3530,-2.500000
CTD_P,20240823T202606,1013.67
CTD_P,20240823T212607,1010.92
CTD_PTSH,20240823T212630,1011.00,8.6645,35.3540,-2.500000
CTD_P,20240823T212631,1010.96
CTD_P,20240823T222632,1008.09
CTD_PTSH,20240823T222655,1008.10,8.6779,35.3560,-2.500000
CTD_P,20240823T222656,1008.03
CTD_P,20240823T232657,1007.83
CTD_PTSH,20240823T232720,1007.80,8.6497,35.3550,-2.500000
CTD_P,20240823T232721,1007.77
CTD_P,20240824T002722,1006.45
CTD_PTSH,20240824T002745,1006.40,8.5993,35.3480,-2.500000
CTD_P,20240824T002746,1006.42
CTD_P,20240824T012747,1003.74
CTD_PTSH,20240824T012810,1003.70,8.5757,35.3470,-2.500000
CTD_P,20240824T012811,1003.65
CTD_P,20240824T022812,1007.71
CTD_PTSH,20240824T022835,1007.70,8.5731,35.3450,-2.500000
CTD_P,20240824T022836,1007.70
CTD_P,20240824T032837,1005.22
CTD_PTSH,20240824T032900,1005.20,8.5634,35.3450,0.635313
CTD_P,20240824T032901,1005.21
CTD_P,20240824T042902,1005.56
CTD_PTSH,20240824T042925,1005.60,8.5395,35.3420,0.632516
CTD_P,20240824T042926,1005.56
CTD_P,20240824T052927,1009.79
CTD_PTSH,20240824T052950,1009.80,8.5757,35.3460,-2.500000
CTD_P,20240824T052951,1009.83
CTD_P,20240824T062952,1006.45
CTD_PTSH,20240824T063015,1006.30,8.5813,35.3460,-2.500000
CTD_P,20240824T063016,1006.31
CTD_P,20240824T073017,1008.59
CTD_PTSH,20240824T073040,1008.50,8.6260,35.3530,-2.500000
CTD_P,20240824T073041,1008.54
CTD_P,20240824T083042,1005.88
CTD_PTSH,20240824T083105,1005.80,8.6275,35.3570,-2.500000
CTD_P,20240824T083106,1005.85
CTD_P,20240824T093107,1007.32
CTD_PTSH,20240824T093130,1007.40,8.6046,35.3510,-2.500000
CTD_P,20240824T093131,1007.43
CTD_P,20240824T103132,1007.83
CTD_PTSH,20240824T103155,1007.90,8.6055,35.3490,-2.500000
CTD_P,20240824T103156,1007.85
CTD_P,20240824T113157,1010.78
CTD_PTSH,20240824T113220,1010.70,8.6140,35.3500,-2.500000
CTD_P,20240824T113221,1010.71
CTD_P,20240824T123222,1001.89
CTD_PTSH,20240824T123245,1001.90,8.5440,35.3460,-2.500000
CTD_P,20240824T123246,1001.90
CTD_P,20240824T133247,1001.69
CTD_PTSH,20240824T133310,1001.70,8.4462,35.3380,-2.500000
CTD_P,20240824T133311,1001.75
CTD_P,20240824T143312,1003.15
CTD_PTSH,20240824T143335,1003.10,8.4420,35.3320,-2.500000
CTD_P,20240824T143336,1003.12
CTD_P,20240824T153337,1003.96
CTD_PTSH,20240824T153400,1003.90,8.4620,35.3380,-2.500000
CTD_P,20240824T153401,1003.93
CTD_P,20240824T163402,1007.05
CTD_PTSH,20240824T163425,1007.10,8.3722,35.3230,-2.500000
CTD_P,20240824T163426,1007.14
CTD_P,20240824T173427,1008.57
CTD_PTSH,20240824T173450,1008.50,8.5007,35.3400,-2.500000
CTD_P,20240824T173451,1008.52
CTD_P,20240824T183452,1007.46
CTD_PTSH,20240824T183515,1007.50,8.5195,35.3420,-2.500000
CTD_P,20240824T183516,1007.51
CTD_P,20240824T193517,1009.11
CTD_PTSH,20240824T193540,1009.10,8.5826,35.3470,-2.500000
CTD_P,20240824T193541,1009.11
CTD_P,20240824T203542,1010.09
CTD_PTSH,20240824T203605,1009.90,8.6110,35.3510,-2.500000
CTD_P,20240824T203606,1009.95
CTD_P,20240824T213607,1006.74
CTD_PTSH,20240824T213630,1006.70,8.6080,35.3530,-2.500000
CTD_P,20240824T213631,1006.70
CTD_P,20240824T223632,1012.28
CTD_PTSH,20240824T223655,1012.20,8.6494,35.3540,-2.500000
CTD_P,20240824T223656,1012.21
CTD_P,20240824T233657,1010.34
CTD_PTSH,20240824T233720,1010.30,8.6514,35.3520,-2.500000
CTD_P,20240824T233721,1010.30
CTD_P,20240825T003722,1006.97
CTD_PTSH,20240825T003745,1007.00,8.6370,35.3490,-2.500000
CTD_P,20240825T003746,1007.02
CTD_P,20240825T013747,1007.60
CTD_PTSH,20240825T013810,1007.60,8.6041,35.3480,-2.500000
CTD_P,20240825T013811,1007.59
CTD_P,20240825T023812,1007.58
CTD_PTSH,20240825T023835,1007.50,8.5786,35.3460,-2.500000
CTD_P,20240825T023836,1007.52
CTD_P,20240825T033837,1005.78
CTD_PTSH,20240825T033900,1005.80,8.5671,35.3450,-2.500000
CTD_P,20240825T033901,1005.80
CTD_P,20240825T043902,1007.14
CTD_PTSH,20240825T043925,1007.20,8.5560,35.3440,-2.500000
CTD_P,20240825T043926,1007.24
CTD_P,20240825T053927,1008.32
CTD_PTSH,20240825T053950,1008.40,8.5695,35.3450,-2.500000
CTD_P,20240825T053951,1008.35
CTD_P,20240825T063952,1007.42
CTD_PTSH,20240825T064015,1007.40,8.5709,35.3470,-2.500000
CTD_P,20240825T064016,1007.39
CTD_P,20240825T074017,1011.40
CTD_PTSH,20240825T074040,1011.40,8.5857,35.3480,-2.500000
CTD_P,20240825T074041,1011.42
CTD_P,20240825T084042,1010.55
CTD_PTSH,20240825T084105,1010.50,8.6369,35.3520,-2.500000
CTD_P,20240825T084106,1010.51
CTD_P,20240825T094107,1011.51
CTD_PTSH,20240825T094130,1011.50,8.6732,35.3560,-2.500000
CTD_P,20240825T094131,1011.46
CTD_P,20240825T104132,1008.27
CTD_PTSH,20240825T104155,1008.30,8.6823,35.3590,-2.500000
CTD_P,20240825T104156,1008.29
CTD_P,20240825T114157,1008.88
CTD_PTSH,20240825T114220,1008.80,8.6752,35.3580,-2.500000
CTD_P,20240825T114221,1008.83
CTD_P,20240825T124222,1005.10
CTD_PTSH,20240825T124245,1005.00,8.5735,35.3470,-2.500000
CTD_P,20240825T124246,1005.01
CTD_P,20240825T134247,1001.55
CTD_PTSH,20240825T134310,1001.50,8.5202,35.3380,-2.500000
CTD_P,20240825T134311,1001.46
CTD_P,20240825T144312,1000.16
CTD_PTSH,20240825T144335,1000.10,8.4323,35.3300,-2.500000
CTD_P,20240825T144336,1000.12
CTD_P,20240825T154337,1003.89
CTD_PTSH,20240825T154400,1003.90,8.4200,35.3300,-2.500000
CTD_P,20240825T154401,1003.85
CTD_P,20240825T164402,1008.24
CTD_PTSH,20240825T164425,1008.30,8.4557,35.3330,-2.500000
CTD_P,20240825T164426,1008.27
CTD_P,20240825T174427,1008.92
CTD_PTSH,20240825T174450,1008.90,8.5547,35.3450,-2.500000
CTD_P,20240825T174451,1008.84
CTD_P,20240825T184452,1009.64
CTD_PTSH,20240825T184515,1009.50,8.5817,35.3470,-2.500000
CTD_P,20240825T184516,1009.49
CTD_P,20240825T194517,1006.79
CTD_PTSH,20240825T194540,1006.70,8.5828,35.3500,-2.500000
CTD_P,20240825T194541,1006.74
CTD_P,20240825T204542,1008.56
CTD_PTSH,20240825T204605,1008.60,8.5688,35.3440,-2.500000
CTD_P,20240825T204606,1008.61
CTD_P,20240825T214607,1011.93
CTD_PTSH,20240825T214630,1011.90,8.5976,35.3480,-2.500000
CTD_P,20240825T214631,1011.92
CTD_P,20240825T224632,1010.79
CTD_PTSH,20240825T224655,1010.80,8.6211,35.3490,-2.500000
CTD_P,20240825T224656,1010.82
CTD_P,20240825T234657,1006.90
CTD_PTSH,20240825T234720,1006.80,8.5991,35.3460,-2.500000
CTD_P,20240825T234721,1006.81
CTD_P,20240826T004722,1007.44
CTD_PTSH,20240826T004745,1007.50,8.5785,35.3490,-2.500000
CTD_P,20240826T004746,1007.50
CTD_P,20240826T014747,1007.91
CTD_PTSH,20240826T014810,1007.90,8.5929,35.3490,-2.500000
CTD_P,20240826T014811,1007.84
CTD_P,20240826T024812,1006.95
CTD_PTSH,20240826T024835,1006.90,8.5380,35.3440,-2.500000
CTD_P,20240826T024836,1006.97
CTD_P,20240826T034837,1008.87
CTD_PTSH,20240826T034900,1008.90,8.5456,35.3430,-2.500000
CTD_P,20240826T034901,1008.89
CTD_P,20240826T044902,1009.54
CTD_PTSH,20240826T044925,1009.60,8.5495,35.3420,-2.500000
CTD_P,20240826T044926,1009.59
CTD_P,20240826T054927,1008.43
CTD_PTSH,20240826T054950,1008.40,8.5680,35.3460,-2.500000
CTD_P,20240826T054951,1008.42
CTD_P,20240826T064952,1006.23
CTD_PTSH,20240826T065015,1006.30,8.5229,35.3430,-2.500000
CTD_P,20240826T065016,1006.28
CTD_P,20240826T075017,1008.27
CTD_PTSH,20240826T075040,1008.40,8.5226,35.3410,-2.500000
CTD_P,20240826T075041,1008.37
CTD_P,20240826T085042,1011.61
CTD_PTSH,20240826T085105,1011.50,8.5753,35.3470,-2.500000
CTD_P,20240826T085106,1011.51
CTD_P,20240826T095107,1012.09
CTD_PTSH,20240826T095130,1012.00,8.6281,35.3490,-2.500000
CTD_P,20240826T095131,1012.03
CTD_P,20240826T105132,1010.57
CTD_PTSH,20240826T105155,1010.50,8.6291,35.3490,-2.500000
CTD_P,20240826T105156,1010.47
CTD_P,20240826T115157,1010.31
CTD_PTSH,20240826T115220,1010.30,8.6067,35.3470,-2.500000
CTD_P,20240826T115221,1010.31
CTD_P,20240826T125222,1008.70
CTD_PTSH,20240826T125245,1008.60,8.5845,35.3450,-2.500000
CTD_P,20240826T125246,1008.62
CTD_P,20240826T135247,1006.50
CTD_PTSH,20240826T135310,1006.40,8.5721,35.3480,-2.500000
CTD_P,20240826T135311,1006.38
CTD_P,20240826T145312,1006.41
CTD_PTSH,20240826T145335,1006.30,8.5440,35.3430,-2.500000
CTD_P,20240826T145336,1006.32
CTD_P,20240826T155337,1004.59
CTD_PTSH,20240826T155400,1004.60,8.5170,35.3380,-2.500000
CTD_P,20240826T155401,1004.63
CTD_P,20240826T165402,1007.47
CTD_PTSH,20240826T165425,1007.50,8.5357,35.3440,-2.500000
CTD_P,20240826T165426,1007.46
CTD_P,20240826T175427,1007.63
CTD_PTSH,20240826T175450,1007.60,8.5072,35.3400,-2.500000
CTD_P,20240826T175451,1007.60
CTD_P,20240826T184833,1009.65
CTD_PTSH,20240826T184856,1009.60,8.5481,35.3440,-2.500000
CTD_P,20240826T184857,1009.64
Message,20240826T184859,Deep Descent Mission
CTD_P,20240826T184902,1009.67
CTD_P,20240826T185005,1011.12
CTD_P,20240826T185107,1016.20
CTD_P,20240826T185209,1023.27
CTD_P,20240826T185312,1031.86
CTD_P,20240826T185334,1035.22
CTD_P,20240826T185335,1035.42
CTD_P,20240826T185437,1045.21
CTD_P,20240826T185940,1090.98
CTD_P,20240826T190443,1135.72
CTD_P,20240826T190946,1180.64
CTD_P,20240826T191449,1226.38
CTD_P,20240826T191952,1272.44
CTD_P,20240826T192455,1319.02
CTD_P,20240826T192958,1363.51
CTD_P,20240826T193501,1406.61
CTD_P,20240826T194004,1447.30
CTD_P,20240826T194507,1484.77
CTD_P,20240826T195010,1520.70
CTD_P,20240826T195513,1556.62
CTD_P,20240826T200016,1592.88
CTD_P,20240826T200519,1629.55
CTD_P,20240826T201022,1667.36
CTD_P,20240826T201525,1704.85
CTD_P,20240826T202028,1740.84
CTD_P,20240826T202531,1775.52
CTD_P,20240826T203034,1808.41
CTD_P,20240826T203537,1839.12
CTD_P,20240826T204040,1869.05
CTD_P,20240826T204543,1898.74
CTD_P,20240826T205046,1928.11
CTD_P,20240826T205549,1957.31
CTD_P,20240826T210052,1985.91
CTD_P,20240826T210346,2002.16
Message,20240826T210349,ASCENT
CTD_P,20240826T210352,2002.69
CTD_P,20240826T210427,2005.83
CTD_P,20240826T210542,2010.24
CTD_P,20240826T210552,2010.55
CTD_P,20240826T210553,2010.54
CTD_P,20240826T210654,2010.54
CTD_P,20240826T210739,2009.06
CTD_P,20240826T210840,2005.19
CTD_P,20240826T210925,2001.91
CTD_P,20240826T210953,1999.39
CTD_P,20240826T210955,1999.27
Message,20240826T210956,CP Started
CTD_P,20240826T211031,1995.81
NO3,20240826T211041,43.54
O2,20240826T211047,100.93000,24.17641,3.26295,48.47539,49.84139,57.68407,7.84267,1037.59497,864.92572,747.53949
FLBB,20240826T211050,54,116,567
CTD_P,20240826T211051,1993.98
CTD_P,20240826T211553,1966.88
CTD_P,20240826T212055,1940.66
CTD_P,20240826T212557,1915.11
CTD_P,20240826T212857,1900.45
CTD_P,20240826T212905,1899.80
NO3,20240826T212915,43.70
O2,20240826T212921,90.65726,21.91194,3.60160,49.29962,50.66562,58.56239,7.89677,1053.29797,863.37488,737.66602
FLBB,20240826T212924,56,115,567
CTD_P,20240826T212925,1898.18
CTD_P,20240826T213101,1890.68
CTD_P,20240826T213603,1867.64
CTD_P,20240826T214105,1845.91
CTD_P,20240826T214149,1842.51
CTD_P,20240826T214251,1836.89
CTD_P,20240826T214753,1809.52
CTD_P,20240826T214941,1799.97
NO3,20240826T214950,44.01
O2,20240826T214956,78.11445,19.08559,4.01148,50.39626,51.76226,59.66441,7.90215,1073.58606,860.89368,725.66241
FLBB,20240826T214959,57,114,567
CTD_P,20240826T215001,1798.21
CTD_P,20240826T215255,1783.05
CTD_P,20240826T215757,1757.37
CTD_P,20240826T220259,1732.26
CTD_P,20240826T220801,1707.49
CTD_P,20240826T220935,1699.99
NO3,20240826T220944,43.92
O2,20240826T220950,66.05444,16.33161,4.46478,51.53332,52.89932,60.80083,7.90150,1093.62598,857.89142,712.31927
FLBB,20240826T220953,59,117,566
CTD_P,20240826T220955,1698.39
CTD_P,20240826T221303,1683.55
CTD_P,20240826T221805,1660.57
CTD_P,20240826T222307,1638.63
CTD_P,20240826T222349,1635.32
CTD_P,20240826T222451,1629.63
CTD_P,20240826T222953,1601.60
CTD_P,20240826T223013,1599.77
NO3,20240826T223023,44.21
O2,20240826T223029,52.95852,13.28989,5.03840,52.87825,54.24426,62.14755,7.90330,1116.01001,853.78320,695.33429
FLBB,20240826T223032,58,116,565
CTD_P,20240826T223033,1597.94
CTD_P,20240826T223455,1574.76
CTD_P,20240826T223957,1549.94
CTD_P,20240826T224459,1526.78
CTD_P,20240826T225001,1505.04
CTD_P,20240826T225115,1499.90
NO3,20240826T225124,43.94
O2,20240826T225130,41.11042,10.48645,5.67516,54.20897,55.57497,63.47661,7.90164,1136.93396,849.06427,676.35071
FLBB,20240826T225133,56,115,564
CTD_P,20240826T225135,1498.53
CTD_P,20240826T225503,1484.17
CTD_P,20240826T225545,1480.95
CTD_P,20240826T225647,1475.41
CTD_P,20240826T230149,1448.40
CTD_P,20240826T230651,1422.58
CTD_P,20240826T231119,1400.43
CTD_P,20240826T231127,1399.77
NO3,20240826T231136,43.58
O2,20240826T231142,32.97126,8.54298,6.29256,55.17735,56.54335,64.44354,7.90019,1151.12305,844.45502,657.81677
FLBB,20240826T231145,58,116,563
CTD_P,20240826T231147,1398.10
CTD_P,20240826T231649,1372.93
CTD_P,20240826T232151,1347.88
CTD_P,20240826T232653,1323.74
CTD_P,20240826T233151,1301.16
CTD_P,20240826T233209,1299.86
NO3,20240826T233219,43.26
O2,20240826T233225,24.50543,6.44290,6.87528,56.30780,57.67381,65.57040,7.89660,1167.43799,840.08698,640.21167
FLBB,20240826T233228,56,123,562
CTD_P,20240826T233229,1298.41
CTD_P,20240826T233653,1280.08
CTD_P,20240826T233735,1277.00
CTD_P,20240826T233837,1271.53
CTD_P,20240826T234339,1245.35
CTD_P,20240826T234841,1221.03
CTD_P,20240826T235305,1200.46
CTD_P,20240826T235313,1199.83
NO3,20240826T235323,42.71
O2,20240826T235329,18.65168,4.97078,7.42150,57.13459,58.50060,66.39735,7.89676,1178.73901,836.00647,623.61212
FLBB,20240826T235332,57,119,561
CTD_P,20240826T235333,1198.29
CTD_P,20240826T235343,1197.52
CTD_P,20240826T235845,1174.40
CTD_P,20240827T000347,1151.46
CTD_P,20240827T000429,1148.00
CTD_P,20240827T000531,1142.01
CTD_P,20240827T001033,1113.17
CTD_P,20240827T001253,1100.45
CTD_P,20240827T001301,1099.75
NO3,20240827T001311,41.76
O2,20240827T001317,12.54924,3.39466,8.02830,58.06973,59.43573,67.33673,7.90100,1191.53894,831.41107,605.06458
FLBB,20240827T001320,56,132,560
CTD_P,20240827T001321,1097.99
CTD_P,20240827T001535,1086.18
CTD_P,20240827T002037,1061.10
CTD_P,20240827T002539,1037.63
CTD_P,20240827T003041,1015.37
CTD_P,20240827T003413,1000.33
CTD_P,20240827T003421,999.81
NO3,20240827T003430,40.67
O2,20240827T003436,7.76299,2.13159,8.64384,58.85053,60.21653,68.12112,7.90459,1201.72205,826.52502,586.13782
FLBB,20240827T003439,58,122,559
CTD_P,20240827T003441,998.42
CTD_P,20240827T003542,994.23
CTD_P,20240827T003625,991.08
CTD_P,20240827T003727,985.60
CTD_P,20240827T004229,958.75
CTD_P,20240827T004410,949.93
NO3,20240827T004420,40.04
O2,20240827T004426,5.34154,1.48051,9.03312,59.26410,60.63010,68.53531,7.90521,1206.84900,823.68048,574.11188
FLBB,20240827T004429,56,117,559
CTD_P,20240827T004430,948.17
CTD_P,20240827T004731,932.60
CTD_P,20240827T005233,907.54
CTD_P,20240827T005406,899.88
NO3,20240827T005416,39.27
O2,20240827T005422,3.96741,1.10873,9.37719,59.49672,60.86272,68.76939,7.90668,1209.35303,820.94708,563.44708
FLBB,20240827T005425,56,123,558
CTD_P,20240827T005426,898.29
CTD_P,20240827T005735,883.02
CTD_P,20240827T010237,859.52
CTD_P,20240827T010442,850.26
CTD_P,20240827T010446,849.97
NO3,20240827T010456,38.46
O2,20240827T010502,3.00490,0.84833,9.80539,59.64887,61.01487,68.92804,7.91317,1210.32300,817.86182,550.12939
FLBB,20240827T010505,57,118,558
CTD_P,20240827T010506,848.50
CTD_P,20240827T010739,837.09
CTD_P,20240827T011241,814.90
CTD_P,20240827T011321,811.79
CTD_P,20240827T011423,806.04
CTD_P,20240827T011531,799.56
NO3,20240827T011541,37.66
O2,20240827T011547,2.33148,0.66448,10.20700,59.75120,61.11720,69.03780,7.92059,1210.47998,814.31293,537.59448
FLBB,20240827T011550,55,232,557
CTD_P,20240827T011551,797.69
CTD_P,20240827T011925,777.83
CTD_P,20240827T012427,750.99
CTD_P,20240827T012441,749.78
NO3,20240827T012451,36.39
O2,20240827T012457,2.01204,0.57806,10.54951,59.78907,61.15507,69.07954,7.92448,1210.26294,811.74103,526.87079
FLBB,20240827T012500,58,109,556
CTD_P,20240827T012501,748.08
CTD_P,20240827T012929,725.88
CTD_P,20240827T013431,701.89
CTD_P,20240827T013457,699.90
NO3,20240827T013507,34.62
O2,20240827T013513,1.88673,0.54771,10.99521,59.77938,61.14539,69.08037,7.93498,1209.07898,808.41412,512.87231
FLBB,20240827T013516,56,112,556
CTD_P,20240827T013517,698.36
CTD_P,20240827T013933,679.54
CTD_P,20240827T014435,658.09
CTD_P,20240827T014515,655.11
CTD_P,20240827T014617,649.58
NO3,20240827T014627,33.81
O2,20240827T014633,1.84561,0.53900,11.25534,59.76725,61.13326,69.07491,7.94165,1208.35901,805.96570,504.67990
FLBB,20240827T014636,57,112,555
CTD_P,20240827T014637,647.80
CTD_P,20240827T015139,621.24
CTD_P,20240827T015543,600.46
CTD_P,20240827T015551,599.82
NO3,20240827T015601,32.34
O2,20240827T015606,1.77481,0.52356,11.69262,59.74756,61.11356,69.06111,7.94755,1206.90698,802.58337,490.87271
FLBB,20240827T015610,56,113,555
CTD_P,20240827T015611,598.15
CTD_P,20240827T015641,595.67
CTD_P,20240827T020143,571.81
CTD_P,20240827T020621,551.47
CTD_P,20240827T020645,549.77
NO3,20240827T020655,30.87
O2,20240827T020700,1.72111,0.51301,12.14741,59.72312,61.08912,69.04614,7.95702,1205.45398,798.90942,476.46619
FLBB,20240827T020704,57,114,554
CTD_P,20240827T020705,548.40
CTD_P,20240827T021207,528.39
CTD_P,20240827T021249,525.43
CTD_P,20240827T021351,520.18
CTD_P,20240827T021753,499.53
NO3,20240827T021803,28.75
O2,20240827T021808,1.64309,0.49592,12.70056,59.69669,61.06269,69.02887,7.96618,1203.35095,794.16418,458.88409
FLBB,20240827T021812,57,120,553
CTD_P,20240827T021813,497.81
CTD_P,20240827T021853,494.40
CTD_P,20240827T022355,468.70
CTD_P,20240827T022737,450.16
CTD_P,20240827T022741,449.83
NO3,20240827T022751,26.76
O2,20240827T022756,1.57305,0.48038,13.22409,59.67137,61.03737,69.01137,7.97400,1201.42004,789.79889,442.18591
FLBB,20240827T022800,55,145,552
CTD_P,20240827T022801,448.17
CTD_P,20240827T022857,443.58
CTD_P,20240827T023359,419.17
CTD_P,20240827T023759,400.66
CTD_P,20240827T023811,399.78
NO3,20240827T023821,26.22
O2,20240827T023826,1.52835,0.46928,13.46941,59.66243,61.02843,69.00485,7.97642,1200.95898,787.53442,434.34329
FLBB,20240827T023830,56,131,551
CTD_P,20240827T023831,398.30
CTD_P,20240827T023901,396.08
CTD_P,20240827T024403,375.27
CTD_P,20240827T024905,357.29
CTD_P,20240827T024945,354.83
CTD_P,20240827T025047,349.94
NO3,20240827T025057,25.21
O2,20240827T025102,1.49106,0.46215,13.89354,59.63796,61.00396,68.99008,7.98612,1199.64795,784.12280,420.75809
FLBB,20240827T025106,57,175,551
CTD_P,20240827T025107,348.36
CTD_P,20240827T025146,344.99
CTD_P,20240827T025249,338.85
CTD_P,20240827T025751,308.90
CTD_P,20240827T025923,300.05
CTD_P,20240827T025927,299.66
NO3,20240827T025937,22.76
O2,20240827T025942,1.45580,0.46139,14.91416,59.56662,60.93262,68.94502,8.01240,1195.25195,776.00293,387.94379
FLBB,20240827T025946,57,150,550
CTD_P,20240827T025947,297.75
CTD_P,20240827T030253,280.09
CTD_P,20240827T030755,253.15
CTD_P,20240827T030833,250.01
CTD_P,20240827T030837,249.69
NO3,20240827T030847,21.77
O2,20240827T030852,1.37323,0.44436,15.88142,59.51174,60.87774,68.90173,8.02399,1190.48401,767.14478,356.70441
FLBB,20240827T030856,55,163,549
CTD_P,20240827T030857,248.08
CTD_P,20240827T031257,230.40
CTD_P,20240827T031759,212.73
CTD_P,20240827T032139,202.12
CTD_P,20240827T032225,200.34
CTD_P,20240827T032235,200.01
CTD_P,20240827T032239,199.91
NO3,20240827T032249,22.37
O2,20240827T032254,1.32261,0.43999,17.19463,59.42282,60.78882,68.83725,8.04843,1182.85803,753.33038,314.12079
FLBB,20240827T032258,55,147,546
CTD_P,20240827T032259,199.34
CTD_P,20240827T032337,198.05
CTD_P,20240827T032439,194.49
CTD_P,20240827T032519,191.89
CTD_P,20240827T032621,186.96
CTD_P,20240827T032701,183.60
CTD_P,20240827T032803,177.83
CTD_P,20240827T033305,152.84
CTD_P,20240827T033343,150.16
CTD_P,20240827T033347,149.89
NO3,20240827T033357,24.29
O2,20240827T033402,1.21856,0.42624,19.64990,59.26135,60.62735,68.70520,8.07785,1168.60205,729.88171,234.19031
FLBB,20240827T033406,53,113,544
CTD_P,20240827T033407,148.49
CTD_P,20240827T033807,134.04
CTD_P,20240827T034309,121.02
CTD_P,20240827T034812,114.35
CTD_P,20240827T034849,113.37
CTD_P,20240827T034951,110.45
CTD_P,20240827T035029,108.17
CTD_P,20240827T035131,103.71
CTD_P,20240827T035211,100.61
CTD_P,20240827T035221,99.76
NO3,20240827T035231,20.82
O2,20240827T035236,57.54581,21.35226,22.66441,46.04759,47.41359,55.51152,8.09793,942.88037,699.88843,136.06940
FLBB,20240827T035240,53,118,539
CTD_P,20240827T035241,98.03
CTD_P,20240827T035313,95.35
CTD_P,20240827T035420,89.90
NO3,20240827T035430,18.38
O2,20240827T035435,80.66302,30.23237,23.19244,42.33235,43.69835,51.80238,8.10403,866.62512,693.92719,118.94150
FLBB,20240827T035439,55,117,538
CTD_P,20240827T035440,88.30
CTD_P,20240827T035626,80.81
CTD_P,20240827T035641,79.84
NO3,20240827T035651,12.80
O2,20240827T035656,129.07091,49.25042,24.14392,36.45127,37.81728,45.92357,8.10629,734.66162,685.08313,88.15402
FLBB,20240827T035700,60,125,538
CTD_P,20240827T035701,78.56
CTD_P,20240827T035815,73.87
CTD_P,20240827T035919,69.66
NO3,20240827T035929,9.72
O2,20240827T035934,159.61819,61.54284,24.70182,33.65020,35.01620,43.13063,8.11443,669.04071,678.65887,70.15572
FLBB,20240827T035938,76,142,536
CTD_P,20240827T035939,68.38
CTD_P,20240827T040149,60.28
CTD_P,20240827T040158,59.77
NO3,20240827T040208,9.54
O2,20240827T040213,153.60370,59.56860,25.01531,33.98214,35.34814,43.46706,8.11892,677.12732,675.64410,60.06200
FLBB,20240827T040217,102,158,535
CTD_P,20240827T040218,58.65
CTD_P,20240827T040317,55.87
CTD_P,20240827T040517,55.89
CTD_P,20240827T040633,56.45
CTD_P,20240827T040756,56.21
CTD_P,20240827T040820,55.97
CTD_P,20240827T040900,55.18
CTD_P,20240827T040938,54.13
CTD_P,20240827T041003,53.78
CTD_P,20240827T041041,53.39
CTD_P,20240827T041143,51.97
CTD_P,20240827T041221,51.00
CTD_P,20240827T041303,48.78
NO3,20240827T041313,-1.54
O2,20240827T041318,234.98219,95.74752,27.74475,27.95773,29.32373,37.45184,8.12811,527.42810,649.50751,-27.08495
FLBB,20240827T041322,119,160,532
CTD_P,20240827T041323,47.46
CTD_P,20240827T041325,47.31
NO3,20240827T041335,-1.46
O2,20240827T041340,236.30969,96.31685,27.76132,27.88978,29.25578,37.38802,8.13225,525.63977,649.36963,-27.60943
FLBB,20240827T041343,119,156,531
CTD_P,20240827T041345,45.85
CTD_P,20240827T041347,45.69
NO3,20240827T041357,-1.43
O2,20240827T041402,238.34241,97.22021,27.80470,27.78013,29.14613,37.27615,8.13002,522.82208,649.17401,-28.98198
FLBB,20240827T041405,115,156,531
CTD_P,20240827T041406,44.00
CTD_P,20240827T041409,43.74
NO3,20240827T041419,-1.18
O2,20240827T041424,239.97800,97.97467,27.85487,27.68723,29.05323,37.18331,8.13008,520.51532,648.84119,-30.56911
FLBB,20240827T041428,114,156,531
CTD_P,20240827T041429,41.86
CTD_P,20240827T041431,41.66
CTD_P,20240827T041435,41.32
NO3,20240827T041445,-1.49
O2,20240827T041450,242.67101,99.19514,27.92369,27.54088,28.90688,37.03691,8.13004,516.91089,648.39832,-32.74505
FLBB,20240827T041454,106,155,531
CTD_P,20240827T041455,39.45
CTD_P,20240827T041459,39.11
NO3,20240827T041509,-1.31
O2,20240827T041514,242.00470,99.40402,28.19778,27.47280,28.83880,36.96796,8.12917,515.13599,647.50128,-41.40083
FLBB,20240827T041518,93,154,531
CTD_P,20240827T041519,37.46
CTD_P,20240827T041523,37.16
NO3,20240827T041533,-1.37
O2,20240827T041538,239.30901,98.54681,28.34172,27.54319,28.90919,37.03737,8.12818,516.65118,646.01178,-45.93937
FLBB,20240827T041542,73,143,531
CTD_P,20240827T041543,35.91
CTD_P,20240827T041545,35.78
NO3,20240827T041555,-1.07
O2,20240827T041600,238.70860,98.34164,28.36597,27.56186,28.92786,37.05741,8.12955,516.93457,645.11481,-46.70344
FLBB,20240827T041603,74,144,530
CTD_P,20240827T041605,34.45
CTD_P,20240827T041607,34.27
NO3,20240827T041617,-1.23
O2,20240827T041622,238.52950,98.31747,28.39459,27.55983,28.92583,37.05560,8.12978,516.78558,644.59778,-47.60519
FLBB,20240827T041625,74,146,530
CTD_P,20240827T041626,32.74
CTD_P,20240827T041629,32.48
NO3,20240827T041639,-1.30
O2,20240827T041644,238.25281,98.25430,28.42397,27.56198,28.92798,37.05751,8.12953,516.76471,644.14978,-48.53064
FLBB,20240827T041648,72,146,530
CTD_P,20240827T041649,30.48
CTD_P,20240827T041651,30.30
CTD_P,20240827T041655,29.92
NO3,20240827T041705,-1.23
O2,20240827T041710,238.25620,98.27807,28.43690,27.55722,28.92322,37.05382,8.13060,516.59082,643.78772,-48.93790
FLBB,20240827T041714,71,144,529
CTD_P,20240827T041715,27.70
CTD_P,20240827T041719,27.26
NO3,20240827T041729,-1.31
O2,20240827T041734,238.27560,98.29214,28.44041,27.55508,28.92108,37.05138,8.13030,516.50537,643.54749,-49.04834
FLBB,20240827T041738,70,148,529
CTD_P,20240827T041739,24.73
CTD_P,20240827T041743,24.22
NO3,20240827T041753,-1.27
O2,20240827T041758,238.43761,98.36245,28.44241,27.54698,28.91298,37.04436,8.13138,516.37653,643.34558,-49.11118
FLBB,20240827T041802,68,145,529
CTD_P,20240827T041803,21.71
CTD_P,20240827T041807,21.26
NO3,20240827T041817,-1.50
O2,20240827T041822,238.47920,98.38033,28.44283,27.54494,28.91093,37.04178,8.13084,516.16168,643.29950,-49.12446
FLBB,20240827T041826,68,144,529
CTD_P,20240827T041827,19.06
CTD_P,20240827T041831,18.68
NO3,20240827T041841,-1.16
O2,20240827T041846,238.63029,98.43928,28.44090,27.53873,28.90473,37.03506,8.13033,516.00592,643.22778,-49.06378
FLBB,20240827T041850,72,146,529
CTD_P,20240827T041851,16.61
CTD_P,20240827T041855,16.19
NO3,20240827T041905,-1.67
O2,20240827T041910,238.74139,98.48959,28.44346,27.53276,28.89876,37.02814,8.12938,515.85480,643.14899,-49.14433
FLBB,20240827T041914,71,143,529
CTD_P,20240827T041915,14.21
CTD_P,20240827T041919,13.81
NO3,20240827T041929,-1.50
O2,20240827T041934,238.74770,98.49217,28.44345,27.53248,28.89848,37.02550,8.12702,515.67828,643.14160,-49.14413
FLBB,20240827T041938,71,144,529
CTD_P,20240827T041939,11.86
CTD_P,20240827T041943,11.47
NO3,20240827T041953,-1.65
O2,20240827T041958,238.92261,98.56508,28.44387,27.52437,28.89037,37.01771,8.12734,515.51202,643.08600,-49.15741
FLBB,20240827T042002,72,159,528
CTD_P,20240827T042003,9.57
CTD_P,20240827T042007,9.21
NO3,20240827T042017,-1.64
O2,20240827T042022,239.11740,98.64737,28.44502,27.51510,28.88110,37.00932,8.12822,515.30609,643.06671,-49.19350
FLBB,20240827T042026,70,143,528
CTD_P,20240827T042027,7.14
CTD_P,20240827T042031,6.81
NO3,20240827T042041,-1.67
O2,20240827T042046,239.38229,98.75222,28.44246,27.50399,28.86999,36.99754,8.12755,515.10608,643.09442,-49.11276
FLBB,20240827T042050,71,178,528
CTD_P,20240827T042051,4.73
CTD_P,20240827T042055,4.33
CTD_P,20240827T042059,4.07
CTD_P,20240827T042103,3.67
Message,20240827T042107,CP Stopped
CTD_P,20240827T042117,2.68
Message,20240827T042119,Surface Mission
CTD_P,20240827T042122,2.33
CTD_P,20240827T042124,2.28
O2,20240827T042127,239.59520,98.83753,28.44101,27.49485,28.86085,36.98724,8.12640,514.83612,643.09912,-49.06712
CTD_P,20240827T042128,2.06
O2,20240827T042142,239.69000,98.87629,28.44081,27.49062,28.85662,36.98068,8.12406,514.67651,642.91058,-49.06093
CTD_P,20240827T042143,1.39
O2,20240827T042158,239.78990,98.91851,28.44137,27.48590,28.85190,36.96514,8.11324,514.55908,639.01459,-49.07863
CTD_P,20240827T042159,1.16
O2,20240827T042212,239.81470,98.92862,28.44132,27.48479,28.85079,36.96494,8.11415,514.49432,638.94153,-49.07716
CTD_P,20240827T042213,0.87
O2,20240827T042227,239.88850,98.95300,28.43784,27.48269,28.84869,36.96246,8.11376,514.43378,638.98163,-48.96730
CTD_P,20240827T042229,0.52
O2,20240827T042242,239.81160,98.92462,28.43977,27.48549,28.85149,36.96322,8.11173,514.48138,638.96790,-49.02808
CTD_P,20240827T042243,0.43
O2,20240827T042257,239.76530,98.89513,28.43379,27.48971,28.85571,36.97449,8.11879,514.53009,642.87128,-48.83994
CTD_P,20240827T042259,0.30
O2,20240827T042312,239.90469,98.95756,28.43662,27.48239,28.84839,36.95913,8.11074,514.43018,639.23450,-48.92914
CTD_P,20240827T042313,0.06
O2,20240827T042327,239.92270,98.96835,28.43855,27.48089,28.84689,36.96715,8.12026,514.38348,643.02039,-48.98972
CTD_P,20240827T042328,0.07
O2,20240827T042343,239.90170,98.95480,28.43577,27.48283,28.84883,36.96750,8.11867,514.34192,643.16492,-48.90219
CTD_P,20240827T042344,0.06
CTD_P,20240827T042721,-0.32
O2,20240827T042724,241.96140,98.42742,27.65123,27.67077,29.03677,37.17678,8.14001,519.56232,647.29608,-24.12370
CTD_P,20240827T042725,-0.15
O2,20240827T042740,242.06590,98.57158,27.70921,27.64515,29.01115,37.14080,8.12965,518.83282,647.36438,-25.95985
CTD_P,20240827T042741,-0.32
O2,20240827T042754,242.38890,98.67437,27.69285,27.63650,29.00250,37.12437,8.12186,518.67688,643.67950,-25.44175
CTD_P,20240827T042755,-0.10
O2,20240827T042809,239.84019,98.26308,28.05305,27.62227,28.98827,37.10910,8.12083,518.28918,643.16089,-36.83258
CTD_P,20240827T042811,-0.29
O2,20240827T042824,238.08430,97.70211,28.14479,27.66952,29.03551,37.15758,8.12206,519.28229,647.06293,-39.72862
CTD_P,20240827T042825,-0.24
O2,20240827T042839,242.70869,98.66942,27.61594,27.64985,29.01585,37.13329,8.11744,518.95093,643.77972,-23.00588
CTD_P,20240827T042841,-0.22
O2,20240827T042854,244.35069,99.05841,27.45845,27.63315,28.99915,37.11845,8.11929,518.42761,647.74451,-18.01385
CTD_P,20240827T042855,-0.30
O2,20240827T042909,243.53430,99.21733,27.73629,27.56949,28.93549,37.04871,8.11322,516.94513,644.63239,-26.81715
CTD_P,20240827T042910,-0.33
O2,20240827T042925,244.40100,98.99657,27.41196,27.64772,29.01372,37.12526,8.11154,518.95819,644.54962,-16.53903
CTD_P,20240827T042926,-0.29
O2,20240827T042939,242.21260,98.83088,27.82292,27.59762,28.96362,37.07630,8.11269,517.68561,645.44019,-29.55839
CTD_P,20240827T042940,-0.33
CTD_P,20240827T042942,-0.29
CTD_P,20240827T043007,-0.28
CTD_bins,20240827T043403,25848,1000,1998.620
CTD_CP_H,20240827T043422,4.13,28.4414,36.5102,19,-0.627378,9
CTD_CP_H,20240827T043423,5.96,28.4408,36.5102,20,-0.396003,10
CTD_CP_H,20240827T043423,8.02,28.4407,36.5103,20,-0.442347,10
CTD_CP_H,20240827T043423,10.05,28.4418,36.5101,21,-0.468796,11
CTD_CP_H,20240827T043423,11.99,28.4414,36.5105,20,-0.392241,10
CTD_CP_H,20240827T043423,14.00,28.4431,36.5098,21,-0.662171,10
CTD_CP_H,20240827T043423,16.00,28.4419,36.5104,19,-0.442772,10
CTD_CP_H,20240827T043423,17.99,28.4430,36.5104,20,-0.398914,10
CTD_CP_H,20240827T043423,19.99,28.4452,36.5099,18,-0.629940,9
CTD_CP_H,20240827T043423,21.96,28.4446,36.5106,17,-0.454669,8
CTD_CP_H,20240827T043423,24.02,28.4460,36.5099,16,-0.451750,8
CTD_CP_H,20240827T043423,26.01,28.4457,36.5103,15,-0.445306,8
CTD_CP_H,20240827T043423,27.99,28.4453,36.5105,18,-0.620888,9
CTD_CP_H,20240827T043423,30.05,28.4421,36.5108,20,-0.388212,10
CTD_CP_H,20240827T043424,32.03,28.4246,36.5146,20,-0.419403,10
CTD_CP_H,20240827T043424,34.01,28.4013,36.5203,26,-0.403295,13
CTD_CP_H,20240827T043424,35.98,28.3886,36.5215,32,-0.532813,16
CTD_CP_H,20240827T043424,37.98,28.2542,36.5551,26,-0.407844,13
CTD_CP_H,20240827T043424,40.00,27.9748,36.6289,21,-0.452657,10
CTD_CP_H,20240827T043424,41.99,27.8853,36.6380,22,-0.412997,11
CTD_CP_H,20240827T043424,44.04,27.8301,36.6375,22,-0.397880,11
CTD_CP_H,20240827T043424,46.05,27.7843,36.6406,25,-0.572587,13
CTD_CP_H,20240827T043424,48.02,27.7564,36.6380,30,-0.565441,15
CTD_CP_H,20240827T043424,50.06,27.7351,36.6353,38,-0.549976,19
CTD_CP_H,20240827T043424,52.06,27.6768,36.6320,85,-0.464573,42
CTD_CP_H,20240827T043424,53.89,27.4686,36.6246,110,-0.451930,55
CTD_CP_H,20240827T043424,56.02,26.6886,36.5735,377,-0.464619,189
CTD_CP_H,20240827T043424,57.97,25.3327,36.5070,38,-0.486414,19
CTD_CP_H,20240827T043425,59.97,24.9765,36.5019,34,-0.409771,17
CTD_CP_H,20240827T043425,61.97,24.8604,36.5172,34,-0.450503,17
CTD_CP_H,20240827T043425,63.98,24.8119,36.5273,32,-0.414586,16
CTD_CP_H,20240827T043425,66.00,24.7769,36.5376,31,-0.449350,15
CTD_CP_H,20240827T043425,67.98,24.7462,36.5381,31,-0.496977,16
CTD_CP_H,20240827T043425,69.98,24.7077,36.5373,31,-0.435823,15
CTD_CP_H,20240827T043425,72.02,24.6304,36.5230,31,-0.426631,16
CTD_CP_H,20240827T043425,74.03,24.4783,36.4941,30,-0.517157,15
CTD_CP_H,20240827T043425,76.00,24.4206,36.4857,32,-0.456235,16
CTD_CP_H,20240827T043425,78.01,24.3549,36.4778,32,-0.434116,16
CTD_CP_H,20240827T043425,80.02,24.0967,36.4429,30,-0.454439,15
CTD_CP_H,20240827T043425,81.98,24.0064,36.4298,30,-0.417502,15
CTD_CP_H,20240827T043425,84.00,23.8268,36.4031,29,-0.400737,14
CTD_CP_H,20240827T043426,85.98,23.6233,36.3712,27,-0.435609,14
CTD_CP_H,20240827T043426,87.97,23.3256,36.3323,26,-0.515294,13
CTD_CP_H,20240827T043426,90.00,23.1632,36.3052,25,-0.637219,12
CTD_CP_H,20240827T043426,91.99,23.0463,36.2911,25,-0.450569,13
CTD_CP_H,20240827T043426,93.98,22.9813,36.2870,24,-0.454899,12
CTD_CP_H,20240827T043426,95.98,22.8588,36.2837,24,-0.543310,12
CTD_CP_H,20240827T043426,98.00,22.7516,36.2858,24,-0.549519,12
CTD_CP_H,20240827T043426,100.00,22.6524,36.2775,23,-0.497098,11
CTD_CP_H,20240827T043426,102.02,22.3889,36.2435,26,-0.560737,13
CTD_CP_H,20240827T043426,104.05,22.2980,36.2318,29,-0.633621,15
CTD_CP_H,20240827T043426,106.00,22.1870,36.2117,26,-0.515702,13
CTD_CP_H,20240827T043426,108.04,21.9617,36.1778,30,-0.568433,15
CTD_CP_H,20240827T043426,110.06,21.8358,36.1590,36,-0.631972,18
CTD_CP_H,20240827T043426,112.04,21.7780,36.1505,42,-0.590284,21
CTD_CP_H,20240827T043427,114.14,21.6580,36.1456,76,-0.893631,38
CTD_CP_H,20240827T043427,115.99,21.4422,36.1249,93,0.333908,46
CTD_CP_H,20240827T043427,118.03,21.3445,36.1225,100,0.628322,50
CTD_CP_H,20240827T043427,119.94,21.2392,36.1170,79,0.628492,40
CTD_CP_H,20240827T043427,121.98,20.9262,36.0632,66,0.628607,33
CTD_CP_H,20240827T043427,123.98,20.8141,36.0523,55,0.628842,27
CTD_CP_H,20240827T043427,126.00,20.7406,36.0736,47,0.629016,24
CTD_CP_H,20240827T043427,128.00,20.6245,36.0897,40,0.629115,20
CTD_CP_H,20240827T043427,129.99,20.5099,36.0754,39,0.629271,19
CTD_CP_H,20240827T043427,132.01,20.4208,36.0667,37,0.629427,19
CTD_CP_H,20240827T043427,134.00,20.3530,36.0656,36,0.629625,18
CTD_CP_H,20240827T043427,135.99,20.3251,36.0662,37,0.629816,18
CTD_CP_H,20240827T043427,138.00,20.2664,36.0636,35,0.630007,18
CTD_CP_H,20240827T043427,139.98,20.1744,36.0744,34,0.630114,17
CTD_CP_H,20240827T043428,141.96,20.1008,36.0746,32,0.630246,16
CTD_CP_H,20240827T043428,144.00,19.9384,36.0733,33,0.630230,16
CTD_CP_H,20240827T043428,146.03,19.7962,36.0621,30,0.630339,15
CTD_CP_H,20240827T043428,148.00,19.7026,36.0545,29,0.630448,15
CTD_CP_H,20240827T043428,150.00,19.6236,36.0502,29,0.630535,14
CTD_CP_H,20240827T043428,152.00,19.5534,36.0458,28,0.630708,14
CTD_CP_H,20240827T043428,153.99,19.5702,36.0956,26,0.630895,13
CTD_CP_H,20240827T043428,155.99,19.5411,36.1052,27,0.630986,14
CTD_CP_H,20240827T043428,158.00,19.4599,36.0960,26,0.631078,13
CTD_CP_H,20240827T043428,159.99,19.3498,36.0770,25,0.631095,12
CTD_CP_H,20240827T043428,162.00,19.1525,36.0427,25,0.631066,13
CTD_CP_H,20240827T043428,164.01,19.0737,36.0348,24,0.631192,12
CTD_CP_H,20240827T043428,166.02,19.0870,36.0569,24,0.631306,12
CTD_CP_H,20240827T043429,167.99,19.0429,36.0699,22,0.631357,11
CTD_CP_H,20240827T043429,169.96,18.9438,36.0619,24,0.631379,12
CTD_CP_H,20240827T043429,172.00,18.8460,36.0481,23,0.631348,11
CTD_CP_H,20240827T043429,174.01,18.7152,36.0429,22,0.631287,11
CTD_CP_H,20240827T043429,175.99,18.5637,36.0177,22,0.631159,11
CTD_CP_H,20240827T043429,177.98,18.3162,35.9907,22,0.631042,11
CTD_CP_H,20240827T043429,179.95,18.1531,35.9737,21,0.630953,11
CTD_CP_H,20240827T043429,181.97,17.9012,35.9348,22,0.630822,11
CTD_CP_H,20240827T043429,184.02,17.7822,35.9117,23,0.630763,11
CTD_CP_H,20240827T043429,186.02,17.5948,35.8810,24,0.630626,12
CTD_CP_H,20240827T043429,187.99,17.4006,35.8509,25,0.630556,13
CTD_CP_H,20240827T043429,190.01,17.2815,35.8313,25,0.630527,12
CTD_CP_H,20240827T043429,192.00,17.2201,35.8240,27,0.630563,14
CTD_CP_H,20240827T043429,194.01,17.2085,35.8290,34,0.630699,17
CTD_CP_H,20240827T043430,196.04,17.2493,35.8875,33,0.630892,16
CTD_CP_H,20240827T043430,198.11,17.2556,35.9069,45,0.631040,23
CTD_CP_H,20240827T043430,199.95,17.1753,35.8917,66,0.631171,33
CTD_CP_H,20240827T043430,201.97,17.1468,35.9085,46,0.631467,23
CTD_CP_H,20240827T043430,204.00,17.2391,36.0294,40,0.631776,20
CTD_CP_H,20240827T043430,206.00,17.2182,36.0430,42,0.631954,21
CTD_CP_H,20240827T043430,208.01,17.2498,36.0637,42,0.632148,21
CTD_CP_H,20240827T043430,210.01,17.2341,36.0714,41,0.632282,20
CTD_CP_H,20240827T043430,212.01,17.1726,36.0743,41,0.632433,21
CTD_CP_H,20240827T043430,214.01,17.1357,36.0840,39,0.632510,19
CTD_CP_H,20240827T043430,215.99,17.0848,36.0992,37,0.632607,19
CTD_CP_H,20240827T043430,218.02,16.9712,36.0834,36,0.632608,18
CTD_CP_H,20240827T043430,220.03,16.8207,36.0687,34,0.632633,17
CTD_CP_H,20240827T043430,222.00,16.7458,36.0629,33,0.632689,16
CTD_CP_H,20240827T043431,223.98,16.6885,36.0567,33,0.632772,17
CTD_CP_H,20240827T043431,225.97,16.6061,36.0542,32,0.632764,16
CTD_CP_H,20240827T043431,227.97,16.5265,36.0461,31,0.632826,15
CTD_CP_H,20240827T043431,230.00,16.4359,36.0359,31,0.632837,16
CTD_CP_H,20240827T043431,232.01,16.3686,36.0284,29,0.632877,14
CTD_CP_H,20240827T043431,233.98,16.3109,36.0229,29,0.632933,15
CTD_CP_H,20240827T043431,235.98,16.2348,36.0147,28,0.632925,14
CTD_CP_H,20240827T043431,238.00,16.1210,36.0064,28,0.632956,14
CTD_CP_H,20240827T043431,240.00,16.0339,36.0031,26,0.632902,13
CTD_CP_H,20240827T043431,242.00,15.9959,36.0043,26,0.633049,13
CTD_CP_H,20240827T043431,244.01,15.9778,36.0062,26,0.633137,13
CTD_CP_H,20240827T043431,246.01,15.9279,36.0049,25,0.633120,12
CTD_CP_H,20240827T043431,248.00,15.9007,36.0053,25,0.633179,13
CTD_CP_H,20240827T043432,250.00,15.8592,36.0055,25,0.633224,12
CTD_CP_H,20240827T043432,252.02,15.7786,36.0020,24,0.633229,12
CTD_CP_H,20240827T043432,254.00,15.7194,35.9985,23,0.633273,12
CTD_CP_H,20240827T043432,256.01,15.6991,36.0019,24,0.633296,12
CTD_CP_H,20240827T043432,257.99,15.6215,35.9980,22,0.633297,11
CTD_CP_H,20240827T043432,259.97,15.5702,35.9951,23,0.633341,11
CTD_CP_H,20240827T043432,261.98,15.5297,35.9906,23,0.633376,12
CTD_CP_H,20240827T043432,264.01,15.4730,35.9839,23,0.633372,11
CTD_CP_H,20240827T043432,265.99,15.4495,35.9800,22,0.633459,11
CTD_CP_H,20240827T043432,268.00,15.4123,35.9765,23,0.633464,12
CTD_CP_H,20240827T043432,270.02,15.3721,35.9730,22,0.633485,11
CTD_CP_H,20240827T043432,272.01,15.2958,35.9648,22,0.633478,11
CTD_CP_H,20240827T043432,274.02,15.2387,35.9564,22,0.633499,11
CTD_CP_H,20240827T043432,276.03,15.1940,35.9503,22,0.633528,11
CTD_CP_H,20240827T043433,278.02,15.1316,35.9442,21,0.633519,10
CTD_CP_H,20240827T043433,279.98,15.0740,35.9362,21,0.633519,11
CTD_CP_H,20240827T043433,282.00,15.0305,35.9274,22,0.633587,11
CTD_CP_H,20240827T043433,284.03,15.0191,35.9304,21,0.633643,10
CTD_CP_H,20240827T043433,286.01,14.9932,35.9317,21,0.633691,11
CTD_CP_H,20240827T043433,288.00,14.9818,35.9385,21,0.633741,10
CTD_CP_H,20240827T043433,289.99,14.9854,35.9476,21,0.633792,11
CTD_CP_H,20240827T043433,292.04,14.9612,35.9483,22,0.633862,11
CTD_CP_H,20240827T043433,294.04,14.9250,35.9461,20,0.633894,10
CTD_CP_H,20240827T043433,295.99,14.9070,35.9474,21,0.633968,10
CTD_CP_H,20240827T043433,298.01,14.9196,35.9540,21,0.634027,11
CTD_CP_H,20240827T043433,299.98,14.8950,35.9554,20,0.634026,10
CTD_CP_H,20240827T043433,301.94,14.8370,35.9465,21,0.634050,10
CTD_CP_H,20240827T043433,303.99,14.7950,35.9409,21,0.634085,11
CTD_CP_H,20240827T043434,306.02,14.7652,35.9359,21,0.634100,10
CTD_CP_H,20240827T043434,308.03,14.7268,35.9300,21,0.634074,11
CTD_CP_H,20240827T043434,310.01,14.6511,35.9186,20,0.634061,10
CTD_CP_H,20240827T043434,312.00,14.5737,35.9072,21,0.634074,10
CTD_CP_H,20240827T043434,314.00,14.5338,35.9017,20,0.634131,10
CTD_CP_H,20240827T043434,316.01,14.5371,35.9089,21,0.634215,11
CTD_CP_H,20240827T043434,318.03,14.5300,35.9104,20,0.634246,10
CTD_CP_H,20240827T043434,320.01,14.5314,35.9187,20,0.634327,10
CTD_CP_H,20240827T043434,322.00,14.5264,35.9212,20,0.634392,10
CTD_CP_H,20240827T043434,324.00,14.5277,35.9280,20,0.634427,10
CTD_CP_H,20240827T043434,326.00,14.5079,35.9298,20,0.634450,10
CTD_CP_H,20240827T043434,328.00,14.4800,35.9242,20,0.634441,10
CTD_CP_H,20240827T043434,329.99,14.4312,35.9152,20,0.634416,10
CTD_CP_H,20240827T043435,332.00,14.3227,35.8989,20,0.634381,10
CTD_CP_H,20240827T043435,334.01,14.2789,35.8900,20,0.634401,10
CTD_CP_H,20240827T043435,336.01,14.2587,35.8867,20,0.634435,10
CTD_CP_H,20240827T043435,337.99,14.2404,35.8821,20,0.634396,10
CTD_CP_H,20240827T043435,339.97,14.1326,35.8643,20,0.634326,10
CTD_CP_H,20240827T043435,342.01,14.0649,35.8556,21,0.634363,10
CTD_CP_H,20240827T043435,344.05,14.0641,35.8587,21,0.634337,11
CTD_CP_H,20240827T043435,346.05,13.9669,35.8373,22,0.634304,11
CTD_CP_H,20240827T043435,348.02,13.9000,35.8240,25,0.634330,12
CTD_CP_H,20240827T043435,350.03,13.8794,35.8227,25,0.634364,13
CTD_CP_H,20240827T043435,352.03,13.8637,35.8223,25,0.634418,12
CTD_CP_H,20240827T043435,354.02,13.8704,35.8291,26,0.634489,13
CTD_CP_H,20240827T043435,356.06,13.8468,35.8291,33,0.634527,17
CTD_CP_H,20240827T043435,357.99,13.8082,35.8248,34,0.634563,17
CTD_CP_H,20240827T043436,359.97,13.7677,35.8202,36,0.634600,18
CTD_CP_H,20240827T043436,362.00,13.7427,35.8180,35,0.634663,17
CTD_CP_H,20240827T043436,363.99,13.7244,35.8178,34,0.634741,17
CTD_CP_H,20240827T043436,365.96,13.7154,35.8201,33,0.634814,17
CTD_CP_H,20240827T043436,367.96,13.7020,35.8230,33,0.634887,16
CTD_CP_H,20240827T043436,369.97,13.7230,35.8322,33,0.634974,17
CTD_CP_H,20240827T043436,371.99,13.7089,35.8306,33,0.635019,16
CTD_CP_H,20240827T043436,373.99,13.6817,35.8250,31,0.635067,16
CTD_CP_H,20240827T043436,375.98,13.6023,35.8122,31,0.635078,15
CTD_CP_H,20240827T043436,378.00,13.5891,35.8106,31,0.635128,16
CTD_CP_H,20240827T043436,379.98,13.5736,35.8079,30,0.635207,15
CTD_CP_H,20240827T043436,381.99,13.5727,35.8133,30,0.635264,15
CTD_CP_H,20240827T043436,384.00,13.5667,35.8151,29,0.635333,14
CTD_CP_H,20240827T043436,386.00,13.5723,35.8172,29,0.635414,15
CTD_CP_H,20240827T043437,387.98,13.5863,35.8253,28,0.635519,14
CTD_CP_H,20240827T043437,389.96,13.5631,35.8263,28,0.635547,14
CTD_CP_H,20240827T043437,391.96,13.5321,35.8223,28,0.635583,14
CTD_CP_H,20240827T043437,394.00,13.5148,35.8206,28,0.635621,14
CTD_CP_H,20240827T043437,395.99,13.4977,35.8181,27,0.635715,13
CTD_CP_H,20240827T043437,397.99,13.4829,35.8188,27,0.635719,14
CTD_CP_H,20240827T043437,399.99,13.4630,35.8172,27,0.635806,13
CTD_CP_H,20240827T043437,402.01,13.4630,35.8188,27,0.635892,14
CTD_CP_H,20240827T043437,404.00,13.4650,35.8224,26,0.635936,13
CTD_CP_H,20240827T043437,405.97,13.4440,35.8198,26,0.635981,13
CTD_CP_H,20240827T043437,407.95,13.4253,35.8174,26,0.636013,13
CTD_CP_H,20240827T043437,409.96,13.3925,35.8140,26,0.636043,13
CTD_CP_H,20240827T043437,411.99,13.3838,35.8132,26,0.636109,13
CTD_CP_H,20240827T043438,413.99,13.3631,35.8100,25,0.636153,12
CTD_CP_H,20240827T043438,415.98,13.3525,35.8093,26,0.636216,13
CTD_CP_H,20240827T043438,418.01,13.3749,35.8180,26,0.636293,13
CTD_CP_H,20240827T043438,420.00,13.3847,35.8232,25,0.636375,13
CTD_CP_H,20240827T043438,422.00,13.3763,35.8230,26,0.636428,13
CTD_CP_H,20240827T043438,424.00,13.3551,35.8214,25,0.636474,12
CTD_CP_H,20240827T043438,425.98,13.3412,35.8231,25,0.636531,13
CTD_CP_H,20240827T043438,428.02,13.3370,35.8247,26,0.636576,13
CTD_CP_H,20240827T043438,430.05,13.3316,35.8249,24,0.636657,12
CTD_CP_H,20240827T043438,432.02,13.3207,35.8231,24,0.636689,12
CTD_CP_H,20240827T043438,433.98,13.3067,35.8214,24,0.636729,12
CTD_CP_H,20240827T043438,436.01,13.2903,35.8195,25,0.636837,12
CTD_CP_H,20240827T043438,438.02,13.2704,35.8168,24,0.636857,12
CTD_CP_H,20240827T043438,440.02,13.2571,35.8153,25,0.636850,13
CTD_CP_H,20240827T043439,442.03,13.2495,35.8182,24,0.637022,12
CTD_CP_H,20240827T043439,444.02,13.2395,35.8208,24,0.637072,12
CTD_CP_H,20240827T043439,445.99,13.2449,35.8248,24,0.637103,12
CTD_CP_H,20240827T043439,447.97,13.2318,35.8237,24,0.637125,12
CTD_CP_H,20240827T043439,449.98,13.2125,35.8223,25,0.637144,12
CTD_CP_H,20240827T043439,452.02,13.1961,35.8198,24,0.637225,12
CTD_CP_H,20240827T043439,454.02,13.1713,35.8157,24,0.637165,12
CTD_CP_H,20240827T043439,455.97,13.1479,35.8126,23,0.637220,12
CTD_CP_H,20240827T043439,457.98,13.1266,35.8097,25,0.637278,12
CTD_CP_H,20240827T043439,460.03,13.1068,35.8089,24,0.637372,12
CTD_CP_H,20240827T043439,461.98,13.0883,35.8081,23,0.637512,12
CTD_CP_H,20240827T043439,463.95,13.0906,35.8128,24,0.637483,12
CTD_CP_H,20240827T043439,465.96,13.0739,35.8104,24,0.637488,12
CTD_CP_H,20240827T043439,467.98,13.0432,35.8064,24,0.637585,12
CTD_CP_H,20240827T043440,470.00,13.0243,35.8039,24,0.637629,12
CTD_CP_H,20240827T043440,472.03,13.0027,35.8005,24,0.637605,12
CTD_CP_H,20240827T043440,474.04,12.9755,35.7953,24,0.637699,12
CTD_CP_H,20240827T043440,476.02,12.9264,35.7877,23,0.637650,11
CTD_CP_H,20240827T043440,477.97,12.8974,35.7841,23,0.637734,12
CTD_CP_H,20240827T043440,479.99,12.8795,35.7831,24,0.637786,12
CTD_CP_H,20240827T043440,482.01,12.8757,35.7875,23,0.637820,11
CTD_CP_H,20240827T043440,483.98,12.8799,35.7909,23,0.637924,12
CTD_CP_H,20240827T043440,485.99,12.8734,35.7898,24,0.637919,12
CTD_CP_H,20240827T043440,487.99,12.8449,35.7860,23,0.637946,11
CTD_CP_H,20240827T043440,489.99,12.8338,35.7836,24,0.638012,12
CTD_CP_H,20240827T043440,491.99,12.8016,35.7792,23,0.637983,12
CTD_CP_H,20240827T043440,493.99,12.7378,35.7692,24,0.637973,12
CTD_CP_H,20240827T043441,496.00,12.7061,35.7626,23,0.638061,11
CTD_CP_H,20240827T043441,497.99,12.7011,35.7631,23,0.638062,12
CTD_CP_H,20240827T043441,499.99,12.6878,35.7635,24,0.638111,12
CTD_CP_H,20240827T043441,502.03,12.6633,35.7620,24,0.638181,12
CTD_CP_H,20240827T043441,504.03,12.6534,35.7612,23,0.638181,11
CTD_CP_H,20240827T043441,505.99,12.6453,35.7602,23,0.638257,12
CTD_CP_H,20240827T043441,507.99,12.6118,35.7541,24,0.638229,12
CTD_CP_H,20240827T043441,510.01,12.5711,35.7465,23,0.638230,11
CTD_CP_H,20240827T043441,511.98,12.5443,35.7415,23,0.638300,12
CTD_CP_H,20240827T043441,513.98,12.5463,35.7422,24,0.638321,12
CTD_CP_H,20240827T043441,516.02,12.5476,35.7421,24,0.638364,12
CTD_CP_H,20240827T043441,518.02,12.4768,35.7291,23,0.638359,11
CTD_CP_H,20240827T043441,519.99,12.4123,35.7175,23,0.638340,12
CTD_CP_H,20240827T043441,522.01,12.3813,35.7132,24,0.638369,12
CTD_CP_H,20240827T043442,524.02,12.3676,35.7116,23,0.638394,11
CTD_CP_H,20240827T043442,525.99,12.3767,35.7180,26,0.638485,13
CTD_CP_H,20240827T043442,527.98,12.3794,35.7220,31,0.638532,16
CTD_CP_H,20240827T043442,529.98,12.3578,35.7207,31,0.638586,15
CTD_CP_H,20240827T043442,532.00,12.3330,35.7167,31,0.638632,16
CTD_CP_H,20240827T043442,533.99,12.2999,35.7114,31,0.638675,15
CTD_CP_H,20240827T043442,536.01,12.3013,35.7141,31,0.638758,16
CTD_CP_H,20240827T043442,538.03,12.2959,35.7152,30,0.638806,15
CTD_CP_H,20240827T043442,540.03,12.2562,35.7114,30,0.638845,15
CTD_CP_H,20240827T043442,542.01,12.2531,35.7111,29,0.638888,14
CTD_CP_H,20240827T043442,544.00,12.2483,35.7099,30,0.638938,15
CTD_CP_H,20240827T043442,546.00,12.1981,35.7030,29,0.638952,15
CTD_CP_H,20240827T043442,548.02,12.1725,35.6982,30,0.638999,15
CTD_CP_H,20240827T043442,550.01,12.1354,35.6916,28,0.639000,14
CTD_CP_H,20240827T043443,551.99,12.0852,35.6830,29,0.639023,14
CTD_CP_H,20240827T043443,553.99,12.0434,35.6764,28,0.639048,14
CTD_CP_H,20240827T043443,555.99,12.0343,35.6767,28,0.639102,14
CTD_CP_H,20240827T043443,557.97,12.0354,35.6801,27,0.639154,14
CTD_CP_H,20240827T043443,559.98,12.0170,35.6785,28,0.639177,14
CTD_CP_H,20240827T043443,562.02,11.9993,35.6766,27,0.639221,13
CTD_CP_H,20240827T043443,564.00,11.9919,35.6751,27,0.639289,14
CTD_CP_H,20240827T043443,566.00,11.9751,35.6734,27,0.639314,13
CTD_CP_H,20240827T043443,568.01,11.9642,35.6718,27,0.639345,14
CTD_CP_H,20240827T043443,570.01,11.9481,35.6695,26,0.639384,13
CTD_CP_H,20240827T043443,571.99,11.9238,35.6665,26,0.639411,13
CTD_CP_H,20240827T043443,573.97,11.8905,35.6634,26,0.639430,13
CTD_CP_H,20240827T043443,575.95,11.8733,35.6613,26,0.639450,13
CTD_CP_H,20240827T043444,577.97,11.8476,35.6569,26,0.639487,13
CTD_CP_H,20240827T043444,580.00,11.8036,35.6504,26,0.639499,13
CTD_CP_H,20240827T043444,582.00,11.7851,35.6491,25,0.639529,12
CTD_CP_H,20240827T043444,583.99,11.7773,35.6486,26,0.639603,13
CTD_CP_H,20240827T043444,586.01,11.7582,35.6471,25,0.639621,13
CTD_CP_H,20240827T043444,587.97,11.7425,35.6465,24,0.639644,12
CTD_CP_H,20240827T043444,589.98,11.7282,35.6476,26,0.639698,13
CTD_CP_H,20240827T043444,592.01,11.7151,35.6477,24,0.639734,12
CTD_CP_H,20240827T043444,593.98,11.7127,35.6479,24,0.639801,12
CTD_CP_H,20240827T043444,595.96,11.7120,35.6494,24,0.639820,12
CTD_CP_H,20240827T043444,597.97,11.7019,35.6489,25,0.639867,12
CTD_CP_H,20240827T043444,600.00,11.6855,35.6470,24,0.639892,12
CTD_CP_H,20240827T043444,602.00,11.6631,35.6445,24,0.639919,12
CTD_CP_H,20240827T043444,604.02,11.6445,35.6418,24,0.639952,12
CTD_CP_H,20240827T043445,605.99,11.6328,35.6404,23,0.639982,12
CTD_CP_H,20240827T043445,607.98,11.6040,35.6363,24,0.639990,12
CTD_CP_H,20240827T043445,610.00,11.5927,35.6348,24,0.640010,12
CTD_CP_H,20240827T043445,612.03,11.5763,35.6321,24,0.640012,12
CTD_CP_H,20240827T043445,614.01,11.5227,35.6250,22,0.640023,11
CTD_CP_H,20240827T043445,615.98,11.4897,35.6205,24,0.640019,12
CTD_CP_H,20240827T043445,618.02,11.4816,35.6213,23,0.640063,11
CTD_CP_H,20240827T043445,620.00,11.4657,35.6191,23,0.640083,12
CTD_CP_H,20240827T043445,621.99,11.4550,35.6179,23,0.640097,11
CTD_CP_H,20240827T043445,623.99,11.4296,35.6143,23,0.640112,12
CTD_CP_H,20240827T043445,626.00,11.3995,35.6105,23,0.640127,11
CTD_CP_H,20240827T043445,628.01,11.3812,35.6079,23,0.640154,12
CTD_CP_H,20240827T043445,629.98,11.3621,35.6049,22,0.640163,11
CTD_CP_H,20240827T043445,632.00,11.3401,35.6028,24,0.640171,12
CTD_CP_H,20240827T043446,634.01,11.3248,35.6010,22,0.640197,11
CTD_CP_H,20240827T043446,635.99,11.2938,35.5973,23,0.640214,11
CTD_CP_H,20240827T043446,638.01,11.2798,35.5955,23,0.640249,12
CTD_CP_H,20240827T043446,640.00,11.2739,35.5943,22,0.640272,11
CTD_CP_H,20240827T043446,641.96,11.2695,35.5945,22,0.640317,11
CTD_CP_H,20240827T043446,643.95,11.2701,35.5956,23,0.640371,11
CTD_CP_H,20240827T043446,646.00,11.2687,35.5966,23,0.640377,12
CTD_CP_H,20240827T043446,648.00,11.2628,35.5982,22,0.640412,11
CTD_CP_H,20240827T043446,649.98,11.2416,35.5965,22,0.640427,11
CTD_CP_H,20240827T043446,651.97,11.2334,35.6005,22,0.640488,11
CTD_CP_H,20240827T043446,654.01,11.2274,35.6019,24,0.640491,12
CTD_CP_H,20240827T043446,656.04,11.2144,35.6012,25,0.640517,12
CTD_CP_H,20240827T043446,658.00,11.2141,35.6035,29,0.640587,15
CTD_CP_H,20240827T043446,659.99,11.1999,35.6036,29,0.640622,14
CTD_CP_H,20240827T043447,662.00,11.2081,35.6084,29,0.640703,15
CTD_CP_H,20240827T043447,664.00,11.2170,35.6123,28,0.640723,14
CTD_CP_H,20240827T043447,666.01,11.1860,35.6087,29,0.640762,14
CTD_CP_H,20240827T043447,668.02,11.1722,35.6064,28,0.640773,14
CTD_CP_H,20240827T043447,670.01,11.1295,35.5991,28,0.640807,14
CTD_CP_H,20240827T043447,672.01,11.1150,35.5980,28,0.640847,14
CTD_CP_H,20240827T043447,674.00,11.1171,35.6009,27,0.640908,14
CTD_CP_H,20240827T043447,675.99,11.1003,35.5993,28,0.640931,14
CTD_CP_H,20240827T043447,677.99,11.1018,35.6033,27,0.640996,13
CTD_CP_H,20240827T043447,680.00,11.1031,35.6055,28,0.641032,14
CTD_CP_H,20240827T043447,681.99,11.0976,35.6054,27,0.641069,14
CTD_CP_H,20240827T043447,683.98,11.0875,35.6046,28,0.641116,14
CTD_CP_H,20240827T043447,686.01,11.0797,35.6040,28,0.641145,14
CTD_CP_H,20240827T043448,687.98,11.0981,35.6107,26,0.641207,13
CTD_CP_H,20240827T043448,689.97,11.0902,35.6105,28,0.641278,14
CTD_CP_H,20240827T043448,692.02,11.0863,35.6111,27,0.641332,13
CTD_CP_H,20240827T043448,694.00,11.0833,35.6108,26,0.641333,13
CTD_CP_H,20240827T043448,695.96,11.0768,35.6090,27,0.641361,14
CTD_CP_H,20240827T043448,697.97,11.0324,35.6013,27,0.641349,13
CTD_CP_H,20240827T043448,699.99,10.9696,35.5926,26,0.641338,13
CTD_CP_H,20240827T043448,701.99,10.9312,35.5860,26,0.641353,13
CTD_CP_H,20240827T043448,704.01,10.9098,35.5838,26,0.641389,13
CTD_CP_H,20240827T043448,706.00,10.9006,35.5861,25,0.641428,13
CTD_CP_H,20240827T043448,708.02,10.8848,35.5838,26,0.641449,13
CTD_CP_H,20240827T043448,710.01,10.8678,35.5813,24,0.641492,12
CTD_CP_H,20240827T043448,712.00,10.8526,35.5788,26,0.641526,13
CTD_CP_H,20240827T043448,714.02,10.8529,35.5789,25,0.641563,12
CTD_CP_H,20240827T043449,716.01,10.8373,35.5764,25,0.641563,13
CTD_CP_H,20240827T043449,718.01,10.7967,35.5706,25,0.641573,12
CTD_CP_H,20240827T043449,720.01,10.7855,35.5685,25,0.641604,13
CTD_CP_H,20240827T043449,722.01,10.7594,35.5644,25,0.641607,12
CTD_CP_H,20240827T043449,724.01,10.7368,35.5610,25,0.641650,13
CTD_CP_H,20240827T043449,726.02,10.7242,35.5595,25,0.641677,12
CTD_CP_H,20240827T043449,728.04,10.7031,35.5574,25,0.641687,13
CTD_CP_H,20240827T043449,730.03,10.6890,35.5559,24,0.641726,12
CTD_CP_H,20240827T043449,731.98,10.6767,35.5543,24,0.641740,12
CTD_CP_H,20240827T043449,733.99,10.6590,35.5514,25,0.641766,12
CTD_CP_H,20240827T043449,736.00,10.6442,35.5490,24,0.641806,12
CTD_CP_H,20240827T043449,737.97,10.6264,35.5471,24,0.641811,12
CTD_CP_H,20240827T043449,740.01,10.6024,35.5450,25,0.641841,13
CTD_CP_H,20240827T043449,742.03,10.5889,35.5442,23,0.641859,11
CTD_CP_H,20240827T043450,743.98,10.5747,35.5426,23,0.641884,12
CTD_CP_H,20240827T043450,745.97,10.5625,35.5403,24,0.641908,12
CTD_CP_H,20240827T043450,748.02,10.5546,35.5393,24,0.641928,12
CTD_CP_H,20240827T043450,750.03,10.5498,35.5388,23,0.641975,11
CTD_CP_H,20240827T043450,752.00,10.5369,35.5366,23,0.641975,12
CTD_CP_H,20240827T043450,753.99,10.5073,35.5326,23,0.641979,11
CTD_CP_H,20240827T043450,756.00,10.4866,35.5301,23,0.641981,12
CTD_CP_H,20240827T043450,757.98,10.4517,35.5269,22,0.642004,11
CTD_CP_H,20240827T043450,759.95,10.4310,35.5252,23,0.642007,11
CTD_CP_H,20240827T043450,761.98,10.4229,35.5256,23,0.642039,12
CTD_CP_H,20240827T043450,763.97,10.4025,35.5235,22,0.642046,11
CTD_CP_H,20240827T043450,765.97,10.3911,35.5221,23,0.642060,11
CTD_CP_H,20240827T043450,767.98,10.3708,35.5206,22,0.642070,11
CTD_CP_H,20240827T043450,769.97,10.3615,35.5206,22,0.642120,11
CTD_CP_H,20240827T043451,771.97,10.3459,35.5196,22,0.642116,11
CTD_CP_H,20240827T043451,773.97,10.3252,35.5176,22,0.642128,11
CTD_CP_H,20240827T043451,775.96,10.3134,35.5160,22,0.642172,11
CTD_CP_H,20240827T043451,778.01,10.3121,35.5161,23,0.642192,12
CTD_CP_H,20240827T043451,780.07,10.3111,35.5164,22,0.642233,11
CTD_CP_H,20240827T043451,782.03,10.3023,35.5157,21,0.642246,10
CTD_CP_H,20240827T043451,784.02,10.2858,35.5132,22,0.642270,11
CTD_CP_H,20240827T043451,786.01,10.2668,35.5102,21,0.642298,11
CTD_CP_H,20240827T043451,788.00,10.2509,35.5096,22,0.642317,11
CTD_CP_H,20240827T043451,790.01,10.2363,35.5075,21,0.642328,10
CTD_CP_H,20240827T043451,792.02,10.2243,35.5065,22,0.642334,11
CTD_CP_H,20240827T043451,794.02,10.2314,35.5110,21,0.642419,11
CTD_CP_H,20240827T043451,796.00,10.2207,35.5128,21,0.642397,10
CTD_CP_H,20240827T043452,797.97,10.2102,35.5132,21,0.642457,11
CTD_CP_H,20240827T043452,799.99,10.2057,35.5161,22,0.642482,11
CTD_CP_H,20240827T043452,802.04,10.1998,35.5197,21,0.642509,10
CTD_CP_H,20240827T043452,804.04,10.2011,35.5206,21,0.642539,11
CTD_CP_H,20240827T043452,805.99,10.1887,35.5195,20,0.642559,10
CTD_CP_H,20240827T043452,807.99,10.1810,35.5178,22,0.642559,11
CTD_CP_H,20240827T043452,810.03,10.1562,35.5141,22,0.642567,11
CTD_CP_H,20240827T043452,812.04,10.1079,35.5073,23,0.642523,11
CTD_CP_H,20240827T043452,814.02,10.0785,35.5022,27,0.642554,14
CTD_CP_H,20240827T043452,816.00,10.0392,35.4967,28,0.642557,14
CTD_CP_H,20240827T043452,818.02,10.0126,35.4926,28,0.642580,14
CTD_CP_H,20240827T043452,820.01,9.9844,35.4894,27,0.642568,13
CTD_CP_H,20240827T043452,821.97,9.9656,35.4869,27,0.642600,14
CTD_CP_H,20240827T043452,824.00,9.9494,35.4846,28,0.642623,14
CTD_CP_H,20240827T043453,825.99,9.9342,35.4836,26,0.642656,13
CTD_CP_H,20240827T043453,827.99,9.9258,35.4834,28,0.642683,14
CTD_CP_H,20240827T043453,830.02,9.9163,35.4836,27,0.642708,13
CTD_CP_H,20240827T043453,832.02,9.9286,35.4884,27,0.642761,14
CTD_CP_H,20240827T043453,834.00,9.9321,35.4900,26,0.642817,13
CTD_CP_H,20240827T043453,835.98,9.9134,35.4879,27,0.642819,13
CTD_CP_H,20240827T043453,837.99,9.8859,35.4852,27,0.642823,14
CTD_CP_H,20240827T043453,840.02,9.8719,35.4832,27,0.642867,13
CTD_CP_H,20240827T043453,842.04,9.8582,35.4817,27,0.642875,14
CTD_CP_H,20240827T043453,844.03,9.8458,35.4805,26,0.642908,13
CTD_CP_H,20240827T043453,846.00,9.8362,35.4794,27,0.642924,13
CTD_CP_H,20240827T043453,847.99,9.8267,35.4776,27,0.642936,14
CTD_CP_H,20240827T043453,849.98,9.7958,35.4739,27,0.642961,13
CTD_CP_H,20240827T043453,851.99,9.7576,35.4682,27,0.642933,14
CTD_CP_H,20240827T043454,853.99,9.7207,35.4632,27,0.642966,13
CTD_CP_H,20240827T043454,855.99,9.7042,35.4608,27,0.642973,14
CTD_CP_H,20240827T043454,857.98,9.6881,35.4602,27,0.642995,13
CTD_CP_H,20240827T043454,859.99,9.6760,35.4592,27,0.643021,14
CTD_CP_H,20240827T043454,861.98,9.6547,35.4571,26,0.643007,13
CTD_CP_H,20240827T043454,863.97,9.6346,35.4556,27,0.643009,13
CTD_CP_H,20240827T043454,865.99,9.6184,35.4541,26,0.643050,13
CTD_CP_H,20240827T043454,868.00,9.6053,35.4531,26,0.643065,13
CTD_CP_H,20240827T043454,869.99,9.5828,35.4512,25,0.643082,13
CTD_CP_H,20240827T043454,871.98,9.5766,35.4503,26,0.643108,13
CTD_CP_H,20240827T043454,874.01,9.5710,35.4492,26,0.643155,13
CTD_CP_H,20240827T043454,876.01,9.5518,35.4471,25,0.643127,12
CTD_CP_H,20240827T043454,877.99,9.5216,35.4440,25,0.643186,13
CTD_CP_H,20240827T043455,879.98,9.5165,35.4436,25,0.643191,12
CTD_CP_H,20240827T043455,881.98,9.4933,35.4407,25,0.643201,13
CTD_CP_H,20240827T043455,884.00,9.4741,35.4386,26,0.643210,13
CTD_CP_H,20240827T043455,886.03,9.4617,35.4371,25,0.643252,12
CTD_CP_H,20240827T043455,888.03,9.4495,35.4354,25,0.643241,13
CTD_CP_H,20240827T043455,889.98,9.4290,35.4333,24,0.643262,12
CTD_CP_H,20240827T043455,891.96,9.4202,35.4319,25,0.643274,12
CTD_CP_H,20240827T043455,893.99,9.4120,35.4310,25,0.643319,13
CTD_CP_H,20240827T043455,896.00,9.3955,35.4292,24,0.643371,12
CTD_CP_H,20240827T043455,897.98,9.3872,35.4284,24,0.643345,12
CTD_CP_H,20240827T043455,899.99,9.3784,35.4283,25,0.643367,12
CTD_CP_H,20240827T043455,902.03,9.3744,35.4273,25,0.643434,13
CTD_CP_H,20240827T043455,904.02,9.3629,35.4261,24,0.643408,12
CTD_CP_H,20240827T043455,905.99,9.3474,35.4244,24,0.643472,12
CTD_CP_H,20240827T043456,907.97,9.3298,35.4228,24,0.643424,12
CTD_CP_H,20240827T043456,909.96,9.3242,35.4224,24,0.643559,12
CTD_CP_H,20240827T043456,912.00,9.3168,35.4208,25,0.643469,12
CTD_CP_H,20240827T043456,914.01,9.3084,35.4197,24,0.643514,12
CTD_CP_H,20240827T043456,915.99,9.2917,35.4181,24,0.643636,12
CTD_CP_H,20240827T043456,918.00,9.2857,35.4179,25,0.643646,13
CTD_CP_H,20240827T043456,920.02,9.2779,35.4178,24,0.643619,12
CTD_CP_H,20240827T043456,922.02,9.2649,35.4173,24,0.643621,12
CTD_CP_H,20240827T043456,924.02,9.2425,35.4150,24,0.643655,12
CTD_CP_H,20240827T043456,926.02,9.2378,35.4147,24,0.643690,12
CTD_CP_H,20240827T043456,928.02,9.2345,35.4142,24,0.643667,12
CTD_CP_H,20240827T043456,930.01,9.2199,35.4112,24,0.643637,12
CTD_CP_H,20240827T043456,932.00,9.1730,35.4059,23,0.643647,11
CTD_CP_H,20240827T043456,934.01,9.1431,35.4027,24,0.643629,12
CTD_CP_H,20240827T043457,936.01,9.1352,35.4031,23,0.643673,12
CTD_CP_H,20240827T043457,938.03,9.1181,35.4019,24,0.643689,12
CTD_CP_H,20240827T043457,940.01,9.0973,35.3996,22,0.643742,11
CTD_CP_H,20240827T043457,941.99,9.0796,35.3978,24,0.643857,12
CTD_CP_H,20240827T043457,943.98,9.0586,35.3955,22,0.643721,11
CTD_CP_H,20240827T043457,945.97,9.0501,35.3941,24,0.643879,12
CTD_CP_H,20240827T043457,948.01,9.0443,35.3938,23,0.643782,11
CTD_CP_H,20240827T043457,950.02,9.0325,35.3927,23,0.643914,12
CTD_CP_H,20240827T043457,952.02,9.0228,35.3912,23,0.643807,11
CTD_CP_H,20240827T043457,954.01,9.0069,35.3898,23,0.643929,12
CTD_CP_H,20240827T043457,956.02,8.9853,35.3868,23,0.643869,11
CTD_CP_H,20240827T043457,958.04,8.9470,35.3826,23,0.643861,12
CTD_CP_H,20240827T043457,960.01,8.9216,35.3791,22,0.643873,11
CTD_CP_H,20240827T043458,961.99,8.9037,35.3770,23,0.643913,11
CTD_CP_H,20240827T043458,964.02,8.8959,35.3769,23,0.643937,12
CTD_CP_H,20240827T043458,966.00,8.8875,35.3757,22,0.643943,11
CTD_CP_H,20240827T043458,967.94,8.8732,35.3744,22,0.643952,11
CTD_CP_H,20240827T043458,969.99,8.8513,35.3727,24,0.643973,12
CTD_CP_H,20240827T043458,972.03,8.8264,35.3700,22,0.644007,11
CTD_CP_H,20240827T043458,973.99,8.8134,35.3683,22,0.644008,11
CTD_CP_H,20240827T043458,975.97,8.8033,35.3670,22,0.644003,11
CTD_CP_H,20240827T043458,977.99,8.7897,35.3652,23,0.644004,11
CTD_CP_H,20240827T043458,979.99,8.7875,35.3653,22,0.644048,11
CTD_CP_H,20240827T043458,982.01,8.7828,35.3653,23,0.644084,12
CTD_CP_H,20240827T043458,984.01,8.7682,35.3640,22,0.644106,11
CTD_CP_H,20240827T043458,985.99,8.7628,35.3639,22,0.644116,11
CTD_CP_H,20240827T043458,988.01,8.7406,35.3618,23,0.644108,11
CTD_CP_H,20240827T043459,990.03,8.7216,35.3597,23,0.644150,12
CTD_CP_H,20240827T043459,992.06,8.7115,35.3593,26,0.644157,13
CTD_CP_H,20240827T043459,994.04,8.7002,35.3581,29,0.644178,14
CTD_CP_H,20240827T043459,995.99,8.6877,35.3567,29,0.644195,15
CTD_CP_H,20240827T043459,997.98,8.6596,35.3540,30,0.644212,15
CTD_CP_H,20240827T043459,999.98,8.6464,35.3523,28,0.644227,14
CTD_CP_H,20240827T043459,1002.00,8.6365,35.3512,30,0.644255,15
CTD_CP_H,20240827T043459,1004.03,8.6217,35.3497,28,0.644276,14
CTD_CP_H,20240827T043459,1006.02,8.6083,35.3484,28,0.644276,14
CTD_CP_H,20240827T043459,1008.01,8.5911,35.3466,28,0.644318,14
CTD_CP_H,20240827T043459,1010.01,8.5768,35.3453,28,0.644334,14
CTD_CP_H,20240827T043459,1012.01,8.5685,35.3443,28,0.644369,14
CTD_CP_H,20240827T043459,1014.00,8.5495,35.3429,27,0.644377,13
CTD_CP_H,20240827T043459,1015.99,8.5393,35.3415,28,0.644396,14
CTD_CP_H,20240827T043500,1017.99,8.5274,35.3397,27,0.644423,14
CTD_CP_H,20240827T043500,1020.00,8.5079,35.3376,28,0.644466,14
CTD_CP_H,20240827T043500,1022.01,8.5030,35.3368,27,0.644475,13
CTD_CP_H,20240827T043500,1023.99,8.4890,35.3363,27,0.644487,14
CTD_CP_H,20240827T043500,1025.97,8.4706,35.3346,27,0.644508,13
CTD_CP_H,20240827T043500,1027.96,8.4616,35.3337,27,0.644488,14
CTD_CP_H,20240827T043500,1030.00,8.4569,35.3333,28,0.644535,14
CTD_CP_H,20240827T043500,1032.00,8.4518,35.3324,26,0.644585,13
CTD_CP_H,20240827T043500,1034.01,8.4319,35.3309,28,0.644580,14
CTD_CP_H,20240827T043500,1036.02,8.4152,35.3290,26,0.644593,13
CTD_CP_H,20240827T043500,1038.00,8.4050,35.3279,27,0.644641,13
CTD_CP_H,20240827T043500,1040.02,8.3996,35.3271,27,0.644649,14
CTD_CP_H,20240827T043500,1042.02,8.3872,35.3258,26,0.644654,13
CTD_CP_H,20240827T043500,1043.99,8.3731,35.3249,26,0.644681,13
CTD_CP_H,20240827T043501,1045.97,8.3638,35.3237,26,0.644730,13
CTD_CP_H,20240827T043501,1047.97,8.3465,35.3220,26,0.644724,13
CTD_CP_H,20240827T043501,1050.02,8.3349,35.3208,26,0.644741,13
CTD_CP_H,20240827T043501,1052.02,8.3312,35.3202,25,0.644786,12
CTD_CP_H,20240827T043501,1053.99,8.3168,35.3186,25,0.644790,13
CTD_CP_H,20240827T043501,1056.01,8.3022,35.3175,26,0.644848,13
CTD_CP_H,20240827T043501,1058.00,8.2890,35.3162,24,0.644856,12
CTD_CP_H,20240827T043501,1059.99,8.2752,35.3148,26,0.644881,13
CTD_CP_H,20240827T043501,1062.00,8.2622,35.3137,24,0.644893,12
CTD_CP_H,20240827T043501,1063.98,8.2477,35.3124,25,0.644876,12
CTD_CP_H,20240827T043501,1066.02,8.2312,35.3106,25,0.644926,13
CTD_CP_H,20240827T043501,1068.02,8.2234,35.3094,24,0.644938,12
CTD_CP_H,20240827T043501,1069.99,8.2100,35.3078,24,0.644945,12
CTD_CP_H,20240827T043502,1071.97,8.1969,35.3060,24,0.644985,12
CTD_CP_H,20240827T043502,1074.00,8.1759,35.3037,25,0.644993,12
CTD_CP_H,20240827T043502,1076.02,8.1624,35.3026,24,0.645009,12
CTD_CP_H,20240827T043502,1078.02,8.1484,35.3015,24,0.644980,12
CTD_CP_H,20240827T043502,1080.00,8.1338,35.3004,23,0.645036,12
CTD_CP_H,20240827T043502,1082.00,8.1271,35.2996,24,0.645057,12
CTD_CP_H,20240827T043502,1084.01,8.1230,35.2992,23,0.645073,11
CTD_CP_H,20240827T043502,1086.00,8.1158,35.2981,23,0.645095,12
CTD_CP_H,20240827T043502,1088.01,8.1055,35.2971,23,0.645099,11
CTD_CP_H,20240827T043502,1090.02,8.0864,35.2952,23,0.645127,12
CTD_CP_H,20240827T043502,1092.00,8.0772,35.2939,22,0.645158,11
CTD_CP_H,20240827T043502,1093.99,8.0701,35.2932,23,0.645169,11
CTD_CP_H,20240827T043502,1095.99,8.0601,35.2921,22,0.645158,11
CTD_CP_H,20240827T043502,1097.98,8.0425,35.2901,23,0.645196,12
CTD_CP_H,20240827T043503,1099.98,8.0283,35.2889,22,0.645226,11
CTD_CP_H,20240827T043503,1101.99,8.0152,35.2880,23,0.645209,11
CTD_CP_H,20240827T043503,1104.00,8.0053,35.2877,22,0.645248,11
CTD_CP_H,20240827T043503,1106.02,7.9915,35.2865,23,0.645247,12
CTD_CP_H,20240827T043503,1108.05,7.9825,35.2853,22,0.645285,11
CTD_CP_H,20240827T043503,1110.01,7.9698,35.2841,21,0.645267,10
CTD_CP_H,20240827T043503,1111.98,7.9573,35.2828,22,0.645298,11
CTD_CP_H,20240827T043503,1113.97,7.9393,35.2810,21,0.645309,11
CTD_CP_H,20240827T043503,1115.98,7.9314,35.2805,22,0.645310,11
CTD_CP_H,20240827T043503,1118.02,7.9219,35.2790,22,0.645334,11
CTD_CP_H,20240827T043503,1120.00,7.8960,35.2766,20,0.645354,10
CTD_CP_H,20240827T043503,1122.00,7.8826,35.2749,22,0.645342,11
CTD_CP_H,20240827T043503,1124.02,7.8692,35.2735,21,0.645369,10
CTD_CP_H,20240827T043503,1126.02,7.8553,35.2717,21,0.645391,11
CTD_CP_H,20240827T043504,1127.99,7.8442,35.2706,20,0.645404,10
CTD_CP_H,20240827T043504,1130.02,7.8363,35.2695,22,0.645416,11
CTD_CP_H,20240827T043504,1132.04,7.8288,35.2686,20,0.645399,10
CTD_CP_H,20240827T043504,1133.97,7.8172,35.2672,20,0.645429,10
CTD_CP_H,20240827T043504,1135.96,7.7941,35.2645,21,0.645441,10
CTD_CP_H,20240827T043504,1138.00,7.7791,35.2630,21,0.645441,11
CTD_CP_H,20240827T043504,1140.00,7.7665,35.2614,20,0.645440,10
CTD_CP_H,20240827T043504,1141.96,7.7567,35.2604,20,0.645468,10
CTD_CP_H,20240827T043504,1144.01,7.7460,35.2594,22,0.645462,11
CTD_CP_H,20240827T043504,1146.05,7.7386,35.2591,20,0.645479,10
CTD_CP_H,20240827T043504,1148.03,7.7296,35.2584,22,0.645510,11
CTD_CP_H,20240827T043504,1150.01,7.7173,35.2564,24,0.645516,12
CTD_CP_H,20240827T043504,1151.99,7.7002,35.2547,27,0.645527,13
CTD_CP_H,20240827T043505,1154.00,7.6797,35.2527,26,0.645543,13
CTD_CP_H,20240827T043505,1156.00,7.6706,35.2514,27,0.645566,14
CTD_CP_H,20240827T043505,1158.02,7.6611,35.2505,26,0.645598,13
CTD_CP_H,20240827T043505,1160.00,7.6532,35.2499,26,0.645598,13
CTD_CP_H,20240827T043505,1161.99,7.6524,35.2497,26,0.645640,13
CTD_CP_H,20240827T043505,1164.00,7.6427,35.2491,27,0.645648,13
CTD_CP_H,20240827T043505,1166.01,7.6346,35.2487,26,0.645683,13
CTD_CP_H,20240827T043505,1168.01,7.6303,35.2484,27,0.645708,14
CTD_CP_H,20240827T043505,1170.02,7.6240,35.2478,26,0.645728,13
CTD_CP_H,20240827T043505,1172.00,7.6136,35.2465,26,0.645758,13
CTD_CP_H,20240827T043505,1173.96,7.5998,35.2453,26,0.645785,13
CTD_CP_H,20240827T043505,1175.98,7.5865,35.2439,27,0.645801,13
CTD_CP_H,20240827T043505,1178.00,7.5768,35.2430,26,0.645832,13
CTD_CP_H,20240827T043505,1180.01,7.5679,35.2420,27,0.645847,14
CTD_CP_H,20240827T043506,1182.02,7.5547,35.2405,26,0.645859,13
CTD_CP_H,20240827T043506,1183.99,7.5389,35.2391,26,0.645887,13
CTD_CP_H,20240827T043506,1185.97,7.5319,35.2377,26,0.645899,13
CTD_CP_H,20240827T043506,1187.97,7.5090,35.2359,26,0.645901,13
CTD_CP_H,20240827T043506,1189.97,7.4827,35.2329,26,0.645935,13
CTD_CP_H,20240827T043506,1191.97,7.4746,35.2320,26,0.645946,13
CTD_CP_H,20240827T043506,1193.97,7.4651,35.2311,26,0.645947,13
CTD_CP_H,20240827T043506,1196.00,7.4485,35.2295,26,0.645985,13
CTD_CP_H,20240827T043506,1198.01,7.4400,35.2284,26,0.646004,13
CTD_CP_H,20240827T043506,1199.98,7.4241,35.2271,25,0.645982,12
CTD_CP_H,20240827T043506,1202.00,7.4095,35.2257,27,0.646027,14
CTD_CP_H,20240827T043506,1204.02,7.4026,35.2249,25,0.646063,12
CTD_CP_H,20240827T043506,1205.98,7.3937,35.2238,26,0.646057,13
CTD_CP_H,20240827T043506,1207.99,7.3858,35.2226,26,0.646059,13
CTD_CP_H,20240827T043507,1209.98,7.3678,35.2211,25,0.646064,13
CTD_CP_H,20240827T043507,1211.97,7.3516,35.2195,26,0.646083,13
CTD_CP_H,20240827T043507,1214.00,7.3473,35.2188,26,0.646154,13
CTD_CP_H,20240827T043507,1216.04,7.3249,35.2169,26,0.646173,13
CTD_CP_H,20240827T043507,1218.03,7.3104,35.2154,25,0.646158,12
CTD_CP_H,20240827T043507,1220.00,7.2988,35.2142,25,0.646214,13
CTD_CP_H,20240827T043507,1222.00,7.2930,35.2133,26,0.646215,13
CTD_CP_H,20240827T043507,1224.02,7.2774,35.2113,25,0.646235,12
CTD_CP_H,20240827T043507,1225.99,7.2515,35.2094,25,0.646237,13
CTD_CP_H,20240827T043507,1228.02,7.2403,35.2083,26,0.646245,13
CTD_CP_H,20240827T043507,1230.00,7.2322,35.2072,24,0.646266,12
CTD_CP_H,20240827T043507,1232.01,7.2200,35.2058,26,0.646289,13
CTD_CP_H,20240827T043507,1234.05,7.2048,35.2047,25,0.646287,12
CTD_CP_H,20240827T043508,1236.01,7.1877,35.2031,24,0.646293,12
CTD_CP_H,20240827T043508,1238.01,7.1767,35.2013,25,0.646305,13
CTD_CP_H,20240827T043508,1240.01,7.1615,35.2003,24,0.646309,12
CTD_CP_H,20240827T043508,1241.98,7.1519,35.1992,24,0.646349,12
CTD_CP_H,20240827T043508,1243.98,7.1363,35.1980,24,0.646329,12
CTD_CP_H,20240827T043508,1245.99,7.1214,35.1966,24,0.646359,12
CTD_CP_H,20240827T043508,1248.00,7.1163,35.1963,24,0.646391,12
CTD_CP_H,20240827T043508,1250.02,7.1106,35.1954,24,0.646393,12
CTD_CP_H,20240827T043508,1252.00,7.1033,35.1953,23,0.646407,11
CTD_CP_H,20240827T043508,1253.98,7.1097,35.1978,23,0.646442,12
CTD_CP_H,20240827T043508,1256.00,7.1027,35.1982,24,0.646421,12
CTD_CP_H,20240827T043508,1258.03,7.0945,35.1969,23,0.646476,11
CTD_CP_H,20240827T043508,1260.02,7.0848,35.1959,23,0.646463,12
CTD_CP_H,20240827T043508,1262.02,7.0778,35.1948,23,0.646498,11
CTD_CP_H,20240827T043509,1264.03,7.0610,35.1928,23,0.646486,12
CTD_CP_H,20240827T043509,1266.02,7.0452,35.1902,22,0.646497,11
CTD_CP_H,20240827T043509,1267.96,7.0214,35.1876,22,0.646521,11
CTD_CP_H,20240827T043509,1269.98,7.0061,35.1856,23,0.646499,11
CTD_CP_H,20240827T043509,1272.02,6.9859,35.1835,22,0.646500,11
CTD_CP_H,20240827T043509,1274.05,6.9773,35.1816,23,0.646535,12
CTD_CP_H,20240827T043509,1276.02,6.9675,35.1805,22,0.646553,11
CTD_CP_H,20240827T043509,1277.98,6.9500,35.1791,26,0.646552,13
CTD_CP_H,20240827T043509,1279.97,6.9441,35.1787,30,0.646565,15
CTD_CP_H,20240827T043509,1281.99,6.9474,35.1808,30,0.646583,15
CTD_CP_H,20240827T043509,1283.99,6.9430,35.1810,29,0.646614,14
CTD_CP_H,20240827T043509,1285.97,6.9458,35.1817,29,0.646620,15
CTD_CP_H,20240827T043509,1287.98,6.9390,35.1812,30,0.646644,15
CTD_CP_H,20240827T043509,1290.03,6.9211,35.1797,29,0.646653,14
CTD_CP_H,20240827T043510,1292.02,6.9069,35.1779,28,0.646680,14
CTD_CP_H,20240827T043510,1294.02,6.9021,35.1780,29,0.646699,15
CTD_CP_H,20240827T043510,1296.02,6.8993,35.1773,27,0.646726,13
CTD_CP_H,20240827T043510,1297.99,6.8940,35.1767,28,0.646743,14
CTD_CP_H,20240827T043510,1299.99,6.8795,35.1751,27,0.646791,14
CTD_CP_H,20240827T043510,1302.01,6.8667,35.1743,28,0.646797,14
CTD_CP_H,20240827T043510,1304.04,6.8623,35.1741,27,0.646800,13
CTD_CP_H,20240827T043510,1306.03,6.8539,35.1733,27,0.646826,14
CTD_CP_H,20240827T043510,1308.00,6.8472,35.1726,26,0.646854,13
CTD_CP_H,20240827T043510,1309.99,6.8346,35.1719,27,0.646853,13
CTD_CP_H,20240827T043510,1312.03,6.8308,35.1713,27,0.646888,14
CTD_CP_H,20240827T043510,1314.05,6.8217,35.1703,26,0.646891,13
CTD_CP_H,20240827T043510,1315.99,6.8139,35.1690,25,0.646913,12
CTD_CP_H,20240827T043510,1317.98,6.7986,35.1676,27,0.646906,14
CTD_CP_H,20240827T043511,1320.01,6.7892,35.1665,26,0.646941,13
CTD_CP_H,20240827T043511,1322.01,6.7805,35.1653,26,0.646953,13
CTD_CP_H,20240827T043511,1324.01,6.7649,35.1635,26,0.646973,13
CTD_CP_H,20240827T043511,1326.04,6.7517,35.1626,26,0.646999,13
CTD_CP_H,20240827T043511,1328.04,6.7482,35.1630,25,0.647024,12
CTD_CP_H,20240827T043511,1330.02,6.7414,35.1621,25,0.647049,13
CTD_CP_H,20240827T043511,1332.00,6.7337,35.1614,25,0.647039,12
CTD_CP_H,20240827T043511,1333.98,6.7275,35.1609,25,0.647074,13
CTD_CP_H,20240827T043511,1335.98,6.7181,35.1595,25,0.647114,12
CTD_CP_H,20240827T043511,1337.98,6.7072,35.1587,25,0.647113,13
CTD_CP_H,20240827T043511,1340.00,6.7017,35.1579,25,0.647128,12
CTD_CP_H,20240827T043511,1342.03,6.6780,35.1557,25,0.647157,13
CTD_CP_H,20240827T043511,1344.02,6.6566,35.1534,24,0.647148,12
CTD_CP_H,20240827T043512,1345.97,6.6426,35.1522,24,0.647196,12
CTD_CP_H,20240827T043512,1347.98,6.6310,35.1512,25,0.647214,12
CTD_CP_H,20240827T043512,1350.03,6.6257,35.1505,25,0.647246,13
CTD_CP_H,20240827T043512,1352.03,6.6126,35.1491,24,0.647264,12
CTD_CP_H,20240827T043512,1354.03,6.6010,35.1479,25,0.647264,12
CTD_CP_H,20240827T043512,1356.03,6.5797,35.1461,24,0.647306,12
CTD_CP_H,20240827T043512,1358.02,6.5637,35.1449,24,0.647308,12
CTD_CP_H,20240827T043512,1360.01,6.5536,35.1440,24,0.647346,12
CTD_CP_H,20240827T043512,1362.01,6.5476,35.1435,24,0.647337,12
CTD_CP_H,20240827T043512,1364.02,6.5413,35.1431,24,0.647355,12
CTD_CP_H,20240827T043512,1365.99,6.5452,35.1440,23,0.647383,12
CTD_CP_H,20240827T043512,1367.95,6.5328,35.1437,24,0.647396,12
CTD_CP_H,20240827T043512,1369.95,6.5269,35.1428,24,0.647435,12
CTD_CP_H,20240827T043512,1371.97,6.5063,35.1411,24,0.647424,12
CTD_CP_H,20240827T043513,1373.99,6.4917,35.1404,24,0.647427,12
CTD_CP_H,20240827T043513,1376.00,6.4888,35.1407,24,0.647488,12
CTD_CP_H,20240827T043513,1378.02,6.4840,35.1403,24,0.647482,12
CTD_CP_H,20240827T043513,1380.02,6.4799,35.1393,24,0.647488,12
CTD_CP_H,20240827T043513,1382.03,6.4731,35.1382,24,0.647513,12
CTD_CP_H,20240827T043513,1384.04,6.4449,35.1352,24,0.647547,12
CTD_CP_H,20240827T043513,1386.05,6.4140,35.1316,24,0.647529,12
CTD_CP_H,20240827T043513,1388.02,6.3885,35.1282,24,0.647562,12
CTD_CP_H,20240827T043513,1390.00,6.3652,35.1256,24,0.647584,12
CTD_CP_H,20240827T043513,1392.00,6.3487,35.1237,24,0.647573,12
CTD_CP_H,20240827T043513,1393.99,6.3343,35.1220,24,0.647602,12
CTD_CP_H,20240827T043513,1395.98,6.3270,35.1210,24,0.647625,12
CTD_CP_H,20240827T043513,1397.98,6.3080,35.1197,24,0.647607,12
CTD_CP_H,20240827T043513,1399.98,6.3031,35.1190,24,0.647638,12
CTD_CP_H,20240827T043514,1402.00,6.2992,35.1182,25,0.647642,12
CTD_CP_H,20240827T043514,1404.00,6.2798,35.1166,24,0.647674,12
CTD_CP_H,20240827T043514,1406.01,6.2656,35.1155,25,0.647687,13
CTD_CP_H,20240827T043514,1408.03,6.2626,35.1150,24,0.647683,12
CTD_CP_H,20240827T043514,1410.02,6.2464,35.1140,24,0.647764,12
CTD_CP_H,20240827T043514,1412.01,6.2369,35.1129,24,0.647764,12
CTD_CP_H,20240827T043514,1413.99,6.2294,35.1126,24,0.647782,12
CTD_CP_H,20240827T043514,1415.99,6.2225,35.1120,24,0.647797,12
CTD_CP_H,20240827T043514,1418.00,6.2189,35.1117,24,0.647826,12
CTD_CP_H,20240827T043514,1420.01,6.2163,35.1119,24,0.647900,12
CTD_CP_H,20240827T043514,1422.03,6.2159,35.1117,24,0.647941,12
CTD_CP_H,20240827T043514,1424.05,6.2147,35.1119,24,0.647941,12
CTD_CP_H,20240827T043514,1426.03,6.2145,35.1118,23,0.647969,11
CTD_CP_H,20240827T043515,1427.99,6.2135,35.1115,23,0.647994,12
CTD_CP_H,20240827T043515,1429.98,6.1987,35.1100,24,0.647995,12
CTD_CP_H,20240827T043515,1432.01,6.1665,35.1069,24,0.647999,12
CTD_CP_H,20240827T043515,1434.04,6.1411,35.1045,24,0.648001,12
CTD_CP_H,20240827T043515,1436.03,6.1118,35.1025,22,0.648010,11
CTD_CP_H,20240827T043515,1437.99,6.1060,35.1016,24,0.647981,12
CTD_CP_H,20240827T043515,1440.03,6.0994,35.1006,23,0.648040,11
CTD_CP_H,20240827T043515,1442.01,6.0859,35.0995,23,0.648051,12
CTD_CP_H,20240827T043515,1444.02,6.0721,35.0986,23,0.647971,11
CTD_CP_H,20240827T043515,1446.00,6.0619,35.0976,23,0.648014,12
CTD_CP_H,20240827T043515,1447.99,6.0415,35.0958,23,0.648031,11
CTD_CP_H,20240827T043515,1450.00,6.0243,35.0941,23,0.648053,12
CTD_CP_H,20240827T043515,1452.03,5.9950,35.0920,23,0.648043,11
CTD_CP_H,20240827T043515,1454.01,5.9803,35.0910,22,0.648024,11
CTD_CP_H,20240827T043516,1456.02,5.9645,35.0886,23,0.648001,12
CTD_CP_H,20240827T043516,1458.02,5.9329,35.0857,22,0.648083,11
CTD_CP_H,20240827T043516,1459.97,5.9135,35.0840,22,0.648045,11
CTD_CP_H,20240827T043516,1461.97,5.9043,35.0830,23,0.648074,11
CTD_CP_H,20240827T043516,1464.02,5.8875,35.0813,23,0.648122,12
CTD_CP_H,20240827T043516,1466.03,5.8736,35.0802,22,0.648067,11
CTD_CP_H,20240827T043516,1468.01,5.8629,35.0796,22,0.648135,11
CTD_CP_H,20240827T043516,1470.00,5.8725,35.0827,22,0.648104,11
CTD_CP_H,20240827T043516,1471.98,5.8774,35.0854,22,0.648145,11
CTD_CP_H,20240827T043516,1473.98,5.8702,35.0850,22,0.648073,11
CTD_CP_H,20240827T043516,1475.99,5.8625,35.0841,22,0.648157,11
CTD_CP_H,20240827T043516,1477.98,5.8499,35.0832,22,0.648105,11
CTD_CP_H,20240827T043516,1479.98,5.8364,35.0820,23,0.648184,11
CTD_CP_H,20240827T043516,1482.03,5.8308,35.0812,26,0.648189,13
CTD_CP_H,20240827T043517,1484.00,5.8213,35.0801,28,0.648182,14
CTD_CP_H,20240827T043517,1485.99,5.8034,35.0783,30,0.648243,15
CTD_CP_H,20240827T043517,1488.00,5.7784,35.0761,29,0.648240,15
CTD_CP_H,20240827T043517,1489.99,5.7665,35.0750,29,0.648295,14
CTD_CP_H,20240827T043517,1491.99,5.7608,35.0744,29,0.648303,15
CTD_CP_H,20240827T043517,1493.98,5.7495,35.0734,28,0.648320,14
CTD_CP_H,20240827T043517,1495.97,5.7323,35.0717,29,0.648369,14
CTD_CP_H,20240827T043517,1497.98,5.7113,35.0696,29,0.648368,15
CTD_CP_H,20240827T043517,1499.99,5.6809,35.0666,29,0.648378,14
CTD_CP_H,20240827T043517,1502.01,5.6752,35.0656,29,0.648413,15
CTD_CP_H,20240827T043517,1504.02,5.6606,35.0642,28,0.648448,14
CTD_CP_H,20240827T043517,1506.01,5.6404,35.0627,28,0.648466,14
CTD_CP_H,20240827T043517,1507.98,5.6329,35.0622,28,0.648495,14
CTD_CP_H,20240827T043518,1509.99,5.6290,35.0619,29,0.648532,14
CTD_CP_H,20240827T043518,1512.02,5.6208,35.0609,28,0.648569,14
CTD_CP_H,20240827T043518,1513.98,5.6053,35.0596,27,0.648562,14
CTD_CP_H,20240827T043518,1515.94,5.5935,35.0588,28,0.648609,14
CTD_CP_H,20240827T043518,1517.96,5.5886,35.0589,28,0.648637,14
CTD_CP_H,20240827T043518,1519.98,5.5856,35.0585,28,0.648668,14
CTD_CP_H,20240827T043518,1522.02,5.5731,35.0573,28,0.648691,14
CTD_CP_H,20240827T043518,1524.01,5.5580,35.0562,26,0.648761,13
CTD_CP_H,20240827T043518,1526.00,5.5507,35.0552,28,0.648772,14
CTD_CP_H,20240827T043518,1528.00,5.5401,35.0541,26,0.648798,13
CTD_CP_H,20240827T043518,1529.97,5.5255,35.0529,27,0.648787,13
CTD_CP_H,20240827T043518,1532.00,5.5149,35.0517,27,0.648832,14
CTD_CP_H,20240827T043518,1534.01,5.4922,35.0500,26,0.648873,13
CTD_CP_H,20240827T043518,1535.98,5.4757,35.0481,26,0.648874,13
CTD_CP_H,20240827T043519,1537.99,5.4607,35.0467,27,0.648903,13
CTD_CP_H,20240827T043519,1539.98,5.4428,35.0450,25,0.648925,13
CTD_CP_H,20240827T043519,1541.95,5.4279,35.0436,26,0.648932,13
CTD_CP_H,20240827T043519,1543.97,5.4150,35.0425,26,0.648967,13
CTD_CP_H,20240827T043519,1546.01,5.4013,35.0416,26,0.648980,13
CTD_CP_H,20240827T043519,1548.02,5.3952,35.0409,25,0.649016,12
CTD_CP_H,20240827T043519,1550.01,5.3818,35.0394,25,0.649018,13
CTD_CP_H,20240827T043519,1552.01,5.3654,35.0382,25,0.649062,12
CTD_CP_H,20240827T043519,1554.01,5.3501,35.0369,25,0.649071,13
CTD_CP_H,20240827T043519,1556.02,5.3372,35.0359,25,0.649086,12
CTD_CP_H,20240827T043519,1558.03,5.3309,35.0354,25,0.649112,13
CTD_CP_H,20240827T043519,1560.02,5.3278,35.0351,24,0.649134,12
CTD_CP_H,20240827T043519,1561.97,5.3240,35.0345,24,0.649160,12
CTD_CP_H,20240827T043519,1563.99,5.3161,35.0335,25,0.649172,12
CTD_CP_H,20240827T043520,1565.98,5.3002,35.0322,23,0.649191,12
CTD_CP_H,20240827T043520,1567.94,5.2887,35.0310,24,0.649199,12
CTD_CP_H,20240827T043520,1569.97,5.2768,35.0297,24,0.649211,12
CTD_CP_H,20240827T043520,1572.00,5.2634,35.0283,24,0.649225,12
CTD_CP_H,20240827T043520,1574.00,5.2256,35.0257,23,0.649238,11
CTD_CP_H,20240827T043520,1575.97,5.2180,35.0247,23,0.649256,12
CTD_CP_H,20240827T043520,1577.97,5.2033,35.0232,23,0.649264,11
CTD_CP_H,20240827T043520,1579.97,5.1907,35.0222,23,0.649303,12
CTD_CP_H,20240827T043520,1581.98,5.1837,35.0215,23,0.649317,11
CTD_CP_H,20240827T043520,1584.00,5.1746,35.0203,23,0.649310,12
CTD_CP_H,20240827T043520,1585.99,5.1620,35.0192,22,0.649332,11
CTD_CP_H,20240827T043520,1587.97,5.1519,35.0182,23,0.649320,11
CTD_CP_H,20240827T043520,1590.01,5.1322,35.0165,23,0.649343,12
CTD_CP_H,20240827T043521,1592.01,5.1195,35.0150,22,0.649368,11
CTD_CP_H,20240827T043521,1593.98,5.0880,35.0127,22,0.649374,11
CTD_CP_H,20240827T043521,1595.98,5.0765,35.0113,22,0.649377,11
CTD_CP_H,20240827T043521,1597.98,5.0568,35.0100,22,0.649385,11
CTD_CP_H,20240827T043521,1600.00,5.0474,35.0090,22,0.649399,11
CTD_CP_H,20240827T043521,1602.03,5.0395,35.0082,22,0.649421,11
CTD_CP_H,20240827T043521,1604.05,5.0281,35.0070,22,0.649423,11
CTD_CP_H,20240827T043521,1606.03,5.0172,35.0060,21,0.649436,10
CTD_CP_H,20240827T043521,1607.96,5.0059,35.0052,21,0.649447,11
CTD_CP_H,20240827T043521,1609.94,4.9977,35.0045,22,0.649467,11
CTD_CP_H,20240827T043521,1611.97,4.9897,35.0037,22,0.649483,11
CTD_CP_H,20240827T043521,1614.00,4.9809,35.0029,22,0.649484,11
CTD_CP_H,20240827T043521,1616.02,4.9733,35.0023,22,0.649473,11
CTD_CP_H,20240827T043521,1618.01,4.9651,35.0016,21,0.649497,10
CTD_CP_H,20240827T043522,1620.00,4.9509,35.0004,22,0.649523,11
CTD_CP_H,20240827T043522,1622.00,4.9429,34.9992,21,0.649532,11
CTD_CP_H,20240827T043522,1623.99,4.9268,34.9981,21,0.649517,10
CTD_CP_H,20240827T043522,1625.96,4.9141,34.9974,21,0.649550,11
CTD_CP_H,20240827T043522,1627.98,4.9058,34.9962,22,0.649563,11
CTD_CP_H,20240827T043522,1630.00,4.8896,34.9950,21,0.649565,10
CTD_CP_H,20240827T043522,1631.99,4.8843,34.9939,22,0.649576,11
CTD_CP_H,20240827T043522,1634.01,4.8674,34.9928,22,0.649599,11
CTD_CP_H,20240827T043522,1636.04,4.8503,34.9913,24,0.649583,12
CTD_CP_H,20240827T043522,1638.01,4.8385,34.9902,27,0.649613,14
CTD_CP_H,20240827T043522,1639.99,4.8165,34.9887,28,0.649637,14
CTD_CP_H,20240827T043522,1641.98,4.8111,34.9879,28,0.649663,14
CTD_CP_H,20240827T043522,1643.97,4.7989,34.9870,28,0.649685,14
CTD_CP_H,20240827T043522,1645.97,4.7945,34.9866,28,0.649701,14
CTD_CP_H,20240827T043523,1647.99,4.7869,34.9854,28,0.649721,14
CTD_CP_H,20240827T043523,1650.01,4.7707,34.9837,28,0.649738,14
CTD_CP_H,20240827T043523,1652.01,4.7477,34.9819,27,0.649730,13
CTD_CP_H,20240827T043523,1653.99,4.7332,34.9806,27,0.649766,14
CTD_CP_H,20240827T043523,1656.00,4.7234,34.9797,28,0.649769,14
CTD_CP_H,20240827T043523,1658.01,4.7091,34.9785,26,0.649763,13
CTD_CP_H,20240827T043523,1659.98,4.7076,34.9782,27,0.649789,13
CTD_CP_H,20240827T043523,1662.01,4.6964,34.9771,27,0.649783,14
CTD_CP_H,20240827T043523,1663.99,4.6738,34.9754,26,0.649849,13
CTD_CP_H,20240827T043523,1665.96,4.6630,34.9745,26,0.649822,13
CTD_CP_H,20240827T043523,1667.99,4.6534,34.9735,28,0.649839,14
CTD_CP_H,20240827T043523,1670.03,4.6486,34.9729,26,0.649854,13
CTD_CP_H,20240827T043523,1671.99,4.6374,34.9717,26,0.649867,13
CTD_CP_H,20240827T043523,1673.96,4.6244,34.9707,26,0.649870,13
CTD_CP_H,20240827T043524,1675.98,4.6125,34.9694,27,0.649890,13
CTD_CP_H,20240827T043524,1678.02,4.5968,34.9679,26,0.649898,13
CTD_CP_H,20240827T043524,1680.03,4.5836,34.9667,26,0.649927,13
CTD_CP_H,20240827T043524,1682.00,4.5732,34.9658,25,0.649933,13
CTD_CP_H,20240827T043524,1683.98,4.5631,34.9649,26,0.649956,13
CTD_CP_H,20240827T043524,1685.98,4.5549,34.9640,25,0.649956,12
CTD_CP_H,20240827T043524,1687.96,4.5433,34.9627,25,0.649985,13
CTD_CP_H,20240827T043524,1689.98,4.5261,34.9615,26,0.649989,13
CTD_CP_H,20240827T043524,1692.00,4.5120,34.9602,25,0.649990,12
CTD_CP_H,20240827T043524,1693.97,4.5061,34.9596,25,0.649992,13
CTD_CP_H,20240827T043524,1695.99,4.4950,34.9586,26,0.650020,13
CTD_CP_H,20240827T043524,1698.02,4.4860,34.9578,25,0.649969,12
CTD_CP_H,20240827T043524,1700.01,4.4750,34.9570,25,0.650011,13
CTD_CP_H,20240827T043525,1702.00,4.4716,34.9566,25,0.649986,12
CTD_CP_H,20240827T043525,1703.99,4.4593,34.9554,25,0.650019,13
CTD_CP_H,20240827T043525,1706.03,4.4322,34.9532,26,0.650003,13
CTD_CP_H,20240827T043525,1708.03,4.4190,34.9522,24,0.650008,12
CTD_CP_H,20240827T043525,1709.99,4.4145,34.9515,25,0.650040,12
CTD_CP_H,20240827T043525,1712.01,4.4057,34.9505,25,0.650032,13
CTD_CP_H,20240827T043525,1714.01,4.3928,34.9496,24,0.650064,12
CTD_CP_H,20240827T043525,1716.01,4.3851,34.9488,25,0.650053,12
CTD_CP_H,20240827T043525,1718.01,4.3786,34.9481,24,0.650047,12
CTD_CP_H,20240827T043525,1720.02,4.3690,34.9475,25,0.650046,13
CTD_CP_H,20240827T043525,1722.03,4.3591,34.9465,24,0.650042,12
CTD_CP_H,20240827T043525,1724.00,4.3476,34.9458,24,0.650066,12
CTD_CP_H,20240827T043525,1726.01,4.3387,34.9448,25,0.650062,12
CTD_CP_H,20240827T043525,1728.03,4.3332,34.9442,24,0.650078,12
CTD_CP_H,20240827T043526,1730.03,4.3181,34.9431,24,0.650104,12
CTD_CP_H,20240827T043526,1732.01,4.3050,34.9421,23,0.650099,12
CTD_CP_H,20240827T043526,1733.99,4.3025,34.9421,24,0.650093,12
CTD_CP_H,20240827T043526,1736.00,4.3017,34.9419,24,0.650101,12
CTD_CP_H,20240827T043526,1737.99,4.3000,34.9417,24,0.650123,12
CTD_CP_H,20240827T043526,1739.98,4.2924,34.9409,24,0.650135,12
CTD_CP_H,20240827T043526,1742.00,4.2799,34.9400,25,0.650107,12
CTD_CP_H,20240827T043526,1743.98,4.2699,34.9390,23,0.650128,12
CTD_CP_H,20240827T043526,1745.97,4.2597,34.9380,25,0.650147,12
CTD_CP_H,20240827T043526,1747.99,4.2514,34.9376,24,0.650162,12
CTD_CP_H,20240827T043526,1750.00,4.2450,34.9370,24,0.650173,12
CTD_CP_H,20240827T043526,1752.00,4.2385,34.9362,24,0.650163,12
CTD_CP_H,20240827T043526,1754.00,4.2248,34.9348,24,0.650171,12
CTD_CP_H,20240827T043526,1756.01,4.2110,34.9337,24,0.650184,12
CTD_CP_H,20240827T043527,1757.97,4.1969,34.9325,23,0.650177,12
CTD_CP_H,20240827T043527,1759.94,4.1867,34.9316,24,0.650197,12
CTD_CP_H,20240827T043527,1761.96,4.1746,34.9305,24,0.650194,12
CTD_CP_H,20240827T043527,1763.97,4.1705,34.9301,24,0.650215,12
CTD_CP_H,20240827T043527,1766.01,4.1626,34.9292,24,0.650207,12
CTD_CP_H,20240827T043527,1768.03,4.1550,34.9284,24,0.650212,12
CTD_CP_H,20240827T043527,1770.02,4.1426,34.9273,23,0.650205,11
CTD_CP_H,20240827T043527,1771.99,4.1300,34.9261,23,0.650223,12
CTD_CP_H,20240827T043527,1774.00,4.1161,34.9250,24,0.650239,12
CTD_CP_H,20240827T043527,1776.02,4.1091,34.9240,23,0.650243,11
CTD_CP_H,20240827T043527,1778.01,4.0983,34.9231,23,0.650233,12
CTD_CP_H,20240827T043527,1780.02,4.0899,34.9224,24,0.650221,12
CTD_CP_H,20240827T043527,1781.99,4.0832,34.9217,22,0.650252,11
CTD_CP_H,20240827T043528,1783.97,4.0749,34.9212,24,0.650262,12
CTD_CP_H,20240827T043528,1786.00,4.0700,34.9205,23,0.650259,11
CTD_CP_H,20240827T043528,1787.99,4.0631,34.9201,23,0.650277,12
CTD_CP_H,20240827T043528,1789.98,4.0520,34.9192,23,0.650294,11
CTD_CP_H,20240827T043528,1792.00,4.0483,34.9188,23,0.650289,12
CTD_CP_H,20240827T043528,1794.01,4.0413,34.9182,23,0.650314,11
CTD_CP_H,20240827T043528,1796.04,4.0331,34.9173,23,0.650329,12
CTD_CP_H,20240827T043528,1798.01,4.0280,34.9168,22,0.650311,11
CTD_CP_H,20240827T043528,1799.98,4.0244,34.9163,23,0.650342,11
CTD_CP_H,20240827T043528,1802.00,4.0148,34.9154,23,0.650340,12
CTD_CP_H,20240827T043528,1803.99,4.0026,34.9144,22,0.650353,11
CTD_CP_H,20240827T043528,1805.98,3.9877,34.9131,23,0.650361,11
CTD_CP_H,20240827T043528,1808.01,3.9778,34.9122,23,0.650389,12
CTD_CP_H,20240827T043528,1810.01,3.9702,34.9113,22,0.650370,11
CTD_CP_H,20240827T043529,1811.98,3.9604,34.9107,22,0.650379,11
CTD_CP_H,20240827T043529,1813.99,3.9504,34.9098,23,0.650384,11
CTD_CP_H,20240827T043529,1816.00,3.9380,34.9088,22,0.650386,11
CTD_CP_H,20240827T043529,1817.99,3.9282,34.9081,22,0.650428,11
CTD_CP_H,20240827T043529,1819.99,3.9238,34.9076,22,0.650410,11
CTD_CP_H,20240827T043529,1821.98,3.9184,34.9070,22,0.650414,11
CTD_CP_H,20240827T043529,1823.99,3.9093,34.9063,22,0.650431,11
CTD_CP_H,20240827T043529,1825.98,3.9044,34.9054,22,0.650430,11
CTD_CP_H,20240827T043529,1827.98,3.8838,34.9040,22,0.650481,11
CTD_CP_H,20240827T043529,1829.99,3.8732,34.9031,22,0.650443,11
CTD_CP_H,20240827T043529,1832.01,3.8671,34.9026,22,0.650474,11
CTD_CP_H,20240827T043529,1834.02,3.8609,34.9020,22,0.650454,11
CTD_CP_H,20240827T043529,1835.98,3.8560,34.9015,21,0.650492,11
CTD_CP_H,20240827T043529,1837.95,3.8446,34.9006,22,0.650415,11
CTD_CP_H,20240827T043530,1839.96,3.8323,34.8997,22,0.650522,11
CTD_CP_H,20240827T043530,1841.99,3.8224,34.8988,23,0.650461,11
CTD_CP_H,20240827T043530,1844.00,3.8132,34.8978,25,0.650491,13
CTD_CP_H,20240827T043530,1845.98,3.8080,34.8976,29,0.650536,14
CTD_CP_H,20240827T043530,1848.02,3.8040,34.8971,29,0.650472,15
CTD_CP_H,20240827T043530,1850.04,3.7980,34.8965,28,0.650545,14
CTD_CP_H,20240827T043530,1852.02,3.7906,34.8959,28,0.650464,14
CTD_CP_H,20240827T043530,1854.02,3.7815,34.8945,28,0.650508,14
CTD_CP_H,20240827T043530,1856.04,3.7597,34.8929,28,0.650485,14
CTD_CP_H,20240827T043530,1858.02,3.7527,34.8922,27,0.650486,13
CTD_CP_H,20240827T043530,1859.96,3.7451,34.8915,27,0.650634,14
CTD_CP_H,20240827T043530,1861.96,3.7341,34.8905,28,0.650675,14
CTD_CP_H,20240827T043530,1864.00,3.7282,34.8900,28,0.650672,14
CTD_CP_H,20240827T043531,1865.99,3.7221,34.8894,26,0.650623,13
CTD_CP_H,20240827T043531,1867.96,3.7136,34.8886,27,0.650591,13
CTD_CP_H,20240827T043531,1869.96,3.7083,34.8882,27,0.650680,14
CTD_CP_H,20240827T043531,1871.98,3.7017,34.8876,27,0.650723,13
CTD_CP_H,20240827T043531,1874.01,3.6994,34.8874,27,0.650715,14
CTD_CP_H,20240827T043531,1876.01,3.6952,34.8868,26,0.650744,13
CTD_CP_H,20240827T043531,1878.00,3.6876,34.8860,26,0.650781,13
CTD_CP_H,20240827T043531,1879.98,3.6785,34.8854,26,0.650745,13
CTD_CP_H,20240827T043531,1881.98,3.6731,34.8849,26,0.650792,13
CTD_CP_H,20240827T043531,1883.99,3.6645,34.8841,26,0.650798,13
CTD_CP_H,20240827T043531,1886.00,3.6559,34.8832,26,0.650829,13
CTD_CP_H,20240827T043531,1888.02,3.6430,34.8823,26,0.650873,13
CTD_CP_H,20240827T043531,1890.03,3.6404,34.8821,26,0.650877,13
CTD_CP_H,20240827T043531,1892.03,3.6381,34.8817,25,0.650885,12
CTD_CP_H,20240827T043532,1894.01,3.6292,34.8812,25,0.650919,13
CTD_CP_H,20240827T043532,1896.02,3.6251,34.8805,26,0.650934,13
CTD_CP_H,20240827T043532,1898.04,3.6174,34.8800,25,0.650956,12
CTD_CP_H,20240827T043532,1900.03,3.6119,34.8793,25,0.650973,13
CTD_CP_H,20240827T043532,1902.00,3.6025,34.8783,24,0.650993,12
CTD_CP_H,20240827T043532,1903.99,3.5983,34.8782,25,0.651023,12
CTD_CP_H,20240827T043532,1906.01,3.5924,34.8775,25,0.651037,13
CTD_CP_H,20240827T043532,1908.00,3.5884,34.8770,24,0.651087,12
CTD_CP_H,20240827T043532,1909.97,3.5845,34.8766,24,0.651092,12
CTD_CP_H,20240827T043532,1911.97,3.5802,34.8759,25,0.651108,12
CTD_CP_H,20240827T043532,1913.99,3.5663,34.8747,24,0.651140,12
CTD_CP_H,20240827T043532,1915.98,3.5564,34.8743,24,0.651169,12
CTD_CP_H,20240827T043532,1917.99,3.5461,34.8735,24,0.651175,12
CTD_CP_H,20240827T043532,1920.00,3.5413,34.8731,24,0.651236,12
CTD_CP_H,20240827T043533,1922.00,3.5396,34.8722,24,0.651227,12
CTD_CP_H,20240827T043533,1924.00,3.5330,34.8718,24,0.651269,12
CTD_CP_H,20240827T043533,1925.99,3.5294,34.8714,23,0.651286,12
CTD_CP_H,20240827T043533,1927.99,3.5202,34.8715,24,0.651339,12
CTD_CP_H,20240827T043533,1929.98,3.5133,34.8706,23,0.651361,11
CTD_CP_H,20240827T043533,1931.98,3.5098,34.8702,24,0.651402,12
CTD_CP_H,20240827T043533,1933.98,3.5070,34.8698,23,0.651416,12
CTD_CP_H,20240827T043533,1935.98,3.5047,34.8698,24,0.651447,12
CTD_CP_H,20240827T043533,1937.99,3.5019,34.8698,23,0.651492,11
CTD_CP_H,20240827T043533,1939.96,3.4970,34.8689,23,0.651518,12
CTD_CP_H,20240827T043533,1941.99,3.4814,34.8681,24,0.651537,12
CTD_CP_H,20240827T043533,1944.02,3.4653,34.8666,23,0.651599,11
CTD_CP_H,20240827T043533,1945.99,3.4556,34.8656,23,0.651634,12
CTD_CP_H,20240827T043533,1948.00,3.4556,34.8659,24,0.651669,12
CTD_CP_H,20240827T043534,1950.00,3.4527,34.8658,22,0.651712,11
CTD_CP_H,20240827T043534,1951.98,3.4420,34.8642,24,0.651757,12
CTD_CP_H,20240827T043534,1954.02,3.4272,34.8636,23,0.651808,11
CTD_CP_H,20240827T043534,1956.03,3.4179,34.8626,23,0.651855,12
CTD_CP_H,20240827T043534,1957.98,3.4065,34.8624,22,0.651886,11
CTD_CP_H,20240827T043534,1959.97,3.3971,34.8608,24,0.651964,12
CTD_CP_H,20240827T043534,1961.99,3.3822,34.8600,22,0.652004,11
CTD_CP_H,20240827T043534,1963.97,3.3666,34.8584,23,0.652086,11
CTD_CP_H,20240827T043534,1966.00,3.3653,34.8585,23,0.652126,12
CTD_CP_H,20240827T043534,1967.98,3.3644,34.8591,22,0.652197,11
CTD_CP_H,20240827T043534,1969.98,3.3598,34.8591,23,0.652247,11
CTD_CP_H,20240827T043534,1972.01,3.3486,34.8568,23,0.652308,12
CTD_CP_H,20240827T043534,1974.04,3.3427,34.8570,22,0.652389,11
CTD_CP_H,20240827T043535,1976.01,3.3404,34.8569,22,0.652463,11
CTD_CP_H,20240827T043535,1977.97,3.3378,34.8558,22,0.652529,11
CTD_CP_H,20240827T043535,1979.98,3.3290,34.8549,23,0.652597,11
CTD_CP_H,20240827T043535,1982.00,3.3200,34.8549,22,0.652689,11
CTD_CP_H,20240827T043535,1983.99,3.3112,34.8538,22,0.652708,11
CTD_CP_H,20240827T043535,1985.97,3.2977,34.8526,22,0.652869,11
CTD_CP_H,20240827T043535,1988.00,3.2873,34.8514,23,0.652944,12
CTD_CP_H,20240827T043535,1990.04,3.2824,34.8516,22,0.653032,11
CTD_CP_H,20240827T043535,1992.03,3.2795,34.8508,22,0.653150,11
CTD_CP_H,20240827T043535,1994.00,3.2759,34.8504,21,nan,0
CTD_CP_H,20240827T043535,1995.90,3.2735,34.8501,21,nan,0
GPS,20240827T043621,19.267403,67.930275,6
CTD_P,20240827T043623,-0.25
