Message,20240609T033626,Firmware: 07/21/23 18:56:40 2.17.4 STD IRID Final
Message,20240609T033626,Username: f10469
GPS,20240609T033626,17.860432,67.718346,11
GPS,20240609T034833,17.858337,67.719055,10
CTD_P,20240609T034835,-0.10
FLBB_CFG,20240609T034837,695,700
Message,20240609T034837,Park Descent Mission
CTD_P,20240609T034840,-0.17
CTD_P,20240609T034954,0.01
CTD_P,20240609T035056,0.10
CTD_P,20240609T035158,0.65
CTD_P,20240609T035301,0.94
CTD_P,20240609T035403,2.63
CTD_P,20240609T035505,8.04
CTD_P,20240609T035607,16.11
CTD_P,20240609T035710,26.07
CTD_P,20240609T035812,36.07
CTD_P,20240609T035914,46.58
CTD_P,20240609T040016,57.62
CTD_P,20240609T040101,65.80
CTD_P,20240609T040102,66.06
CTD_P,20240609T040204,77.61
CTD_P,20240609T050207,492.21
CTD_P,20240609T060210,760.87
CTD_P,20240609T065607,910.64
CTD_P,20240609T072905,961.69
CTD_P,20240609T075510,974.07
CTD_P,20240609T085513,988.36
CTD_P,20240609T085616,989.21
CTD_P,20240609T091207,989.83
CTD_P,20240609T091310,989.38
CTD_P,20240609T091413,988.94
CTD_P,20240609T091426,988.85
CTD_P,20240609T091528,988.93
CTD_P,20240609T091631,989.43
CTD_P,20240609T091734,990.11
CTD_P,20240609T091745,990.20
CTD_P,20240609T091847,991.10
CTD_P,20240609T091858,991.26
CTD_P,20240609T092000,992.43
CTD_P,20240609T092012,992.62
CTD_P,20240609T092114,994.09
CTD_P,20240609T092126,994.35
CTD_P,20240609T092228,996.07
CTD_P,20240609T092240,996.41
CTD_P,20240609T092250,996.72
Message,20240609T092253,Park Mission
CTD_P,20240609T092256,996.87
CTD_PTSH,20240609T092318,997.50,8.6920,35.3600,-1.041178
CTD_P,20240609T092319,997.57
CTD_P,20240609T102252,1091.06
CTD_PTSH,20240609T102315,1091.30,7.9957,35.2890,-1.042136
CTD_P,20240609T102316,1091.28
CTD_P,20240609T112317,1108.36
CTD_PTSH,20240609T112340,1108.40,7.9115,35.2780,-1.042247
CTD_P,20240609T112341,1108.41
CTD_P,20240609T122342,1111.97
CTD_PTSH,20240609T122405,1112.00,7.9237,35.2800,-1.042304
CTD_P,20240609T122406,1112.01
CTD_P,20240609T132407,1098.53
CTD_PTSH,20240609T132430,1098.50,8.0186,35.2870,-1.042258
CTD_P,20240609T132431,1098.49
CTD_P,20240609T142432,1099.69
CTD_PTSH,20240609T142455,1099.80,8.0976,35.2960,-1.042309
CTD_P,20240609T142456,1099.79
CTD_P,20240609T152457,1103.49
CTD_PTSH,20240609T152520,1103.50,8.1053,35.2960,-1.042360
CTD_P,20240609T152521,1103.50
CTD_P,20240609T162522,1081.80
CTD_PTSH,20240609T162545,1081.70,8.2585,35.3100,-1.042272
CTD_P,20240609T162546,1081.63
CTD_P,20240609T172547,1083.94
CTD_PTSH,20240609T172610,1084.00,8.2469,35.3110,-1.042250
CTD_P,20240609T172611,1083.98
CTD_P,20240609T182612,1082.65
CTD_PTSH,20240609T182635,1082.70,8.2347,35.3080,-1.042263
CTD_P,20240609T182636,1082.67
CTD_P,20240609T192637,1063.22
CTD_PTSH,20240609T192700,1063.20,8.3844,35.3250,-1.042236
CTD_P,20240609T192701,1063.19
CTD_P,20240609T202702,1062.55
CTD_PTSH,20240609T202725,1062.70,8.3704,35.3260,-1.042248
CTD_P,20240609T202726,1062.69
CTD_P,20240609T212727,1063.21
CTD_PTSH,20240609T212750,1063.20,8.3510,35.3210,-1.042230
CTD_P,20240609T212751,1063.22
CTD_P,20240609T222753,1044.72
CTD_PTSH,20240609T222816,1044.50,8.4524,35.3320,-1.042124
CTD_P,20240609T222817,1044.52
CTD_P,20240609T232818,1037.44
CTD_PTSH,20240609T232841,1037.40,8.3611,35.3240,-1.042159
CTD_P,20240609T232842,1037.46
CTD_P,20240610T002843,1043.51
CTD_PTSH,20240610T002906,1043.60,8.3193,35.3170,-1.042155
CTD_P,20240610T002907,1043.58
CTD_P,20240610T012909,1025.96
CTD_PTSH,20240610T012932,1025.90,8.4464,35.3330,-1.042142
CTD_P,20240610T012933,1025.86
CTD_P,20240610T022934,1025.36
CTD_PTSH,20240610T022957,1025.30,8.4615,35.3320,-1.042098
CTD_P,20240610T022958,1025.32
CTD_P,20240610T032959,1026.54
CTD_PTSH,20240610T033022,1026.70,8.4485,35.3320,-1.042228
CTD_P,20240610T033023,1026.65
CTD_P,20240610T043024,1010.17
CTD_PTSH,20240610T043047,1010.20,8.5720,35.3420,-1.042089
CTD_P,20240610T043048,1010.15
CTD_P,20240610T053049,1005.28
CTD_PTSH,20240610T053112,1005.20,8.6270,35.3490,-1.042054
CTD_P,20240610T053113,1005.18
CTD_P,20240610T063114,1004.22
CTD_PTSH,20240610T063137,1004.20,8.5933,35.3470,-1.042052
CTD_P,20240610T063138,1004.19
CTD_P,20240610T073139,1009.81
CTD_PTSH,20240610T073202,1009.90,8.6340,35.3490,-1.042084
CTD_P,20240610T073203,1009.90
CTD_P,20240610T083204,1012.26
CTD_PTSH,20240610T083227,1012.20,8.6572,35.3510,-1.042102
CTD_P,20240610T083228,1012.15
CTD_P,20240610T093229,1003.39
CTD_PTSH,20240610T093252,1003.40,8.5998,35.3470,-1.042030
CTD_P,20240610T093253,1003.41
CTD_P,20240610T103254,1005.11
CTD_PTSH,20240610T103317,1005.00,8.5724,35.3430,-1.042096
CTD_P,20240610T103318,1005.01
CTD_P,20240610T113319,1009.16
CTD_PTSH,20240610T113342,1009.20,8.5608,35.3410,-1.042130
CTD_P,20240610T113343,1009.23
CTD_P,20240610T123344,1008.52
CTD_PTSH,20240610T123407,1008.50,8.5896,35.3460,-1.042072
CTD_P,20240610T123408,1008.50
CTD_P,20240610T133409,1008.95
CTD_PTSH,20240610T133432,1009.00,8.5974,35.3470,-1.042080
CTD_P,20240610T133433,1009.05
CTD_P,20240610T143434,1014.48
CTD_PTSH,20240610T143457,1014.60,8.6708,35.3530,-1.042133
CTD_P,20240610T143458,1014.57
CTD_P,20240610T153459,1013.43
CTD_PTSH,20240610T153522,1013.50,8.7228,35.3580,-1.042105
CTD_P,20240610T153523,1013.45
CTD_P,20240610T163524,1013.91
CTD_PTSH,20240610T163547,1013.90,8.7580,35.3620,-1.042030
CTD_P,20240610T163548,1013.85
CTD_P,20240610T173549,1009.35
CTD_PTSH,20240610T173612,1009.40,8.7188,35.3590,-1.042081
CTD_P,20240610T173613,1009.40
CTD_P,20240610T183614,1011.33
CTD_PTSH,20240610T183637,1011.50,8.7178,35.3610,-1.042088
CTD_P,20240610T183638,1011.49
CTD_P,20240610T193639,1017.42
CTD_PTSH,20240610T193702,1017.50,8.7265,35.3590,-1.042125
CTD_P,20240610T193703,1017.47
CTD_P,20240610T203704,1011.71
CTD_PTSH,20240610T203727,1011.60,8.7725,35.3640,-1.042107
CTD_P,20240610T203728,1011.56
CTD_P,20240610T213729,1014.30
CTD_PTSH,20240610T213752,1014.30,8.7623,35.3620,-1.042125
CTD_P,20240610T213753,1014.27
CTD_P,20240610T223754,1011.38
CTD_PTSH,20240610T223817,1011.30,8.7246,35.3580,-1.042113
CTD_P,20240610T223818,1011.28
CTD_P,20240610T233819,1009.97
CTD_PTSH,20240610T233842,1009.90,8.6713,35.3540,-1.042104
CTD_P,20240610T233843,1009.88
CTD_P,20240611T003844,1011.49
CTD_PTSH,20240611T003907,1011.50,8.6215,35.3480,-1.042113
CTD_P,20240611T003908,1011.53
CTD_P,20240611T013909,1006.67
CTD_PTSH,20240611T013932,1006.50,8.6086,35.3500,-1.042098
CTD_P,20240611T013933,1006.53
CTD_P,20240611T023934,1011.39
CTD_PTSH,20240611T023957,1011.40,8.5761,35.3410,-1.042138
CTD_P,20240611T023958,1011.39
CTD_P,20240611T033959,1010.06
CTD_PTSH,20240611T034022,1010.20,8.5693,35.3410,-1.042170
CTD_P,20240611T034023,1010.17
CTD_P,20240611T044024,1008.18
CTD_PTSH,20240611T044047,1008.00,8.5671,35.3430,-1.042148
CTD_P,20240611T044048,1007.98
CTD_P,20240611T054049,1014.92
CTD_PTSH,20240611T054112,1015.00,8.5643,35.3420,-1.042218
CTD_P,20240611T054113,1014.99
CTD_P,20240611T064114,1010.47
CTD_PTSH,20240611T064137,1010.30,8.5879,35.3440,-1.042140
CTD_P,20240611T064138,1010.30
CTD_P,20240611T074139,1010.95
CTD_PTSH,20240611T074202,1010.90,8.5536,35.3390,-1.042140
CTD_P,20240611T074203,1010.94
CTD_P,20240611T084204,1012.09
CTD_PTSH,20240611T084227,1012.00,8.5746,35.3420,-1.042141
CTD_P,20240611T084228,1011.99
CTD_P,20240611T094229,1010.45
CTD_PTSH,20240611T094252,1010.60,8.5745,35.3410,-1.042145
CTD_P,20240611T094253,1010.57
CTD_P,20240611T104254,1014.11
CTD_PTSH,20240611T104317,1014.30,8.5584,35.3400,-1.042188
CTD_P,20240611T104318,1014.30
CTD_P,20240611T114319,1015.35
CTD_PTSH,20240611T114342,1015.30,8.5711,35.3420,-1.042149
CTD_P,20240611T114343,1015.28
CTD_P,20240611T124344,1012.18
CTD_PTSH,20240611T124407,1012.10,8.5866,35.3450,-1.042143
CTD_P,20240611T124408,1012.13
CTD_P,20240611T134409,1015.71
CTD_PTSH,20240611T134432,1015.80,8.6249,35.3480,-1.042157
CTD_P,20240611T134433,1015.78
CTD_P,20240611T144434,1019.17
CTD_PTSH,20240611T144457,1019.10,8.7028,35.3560,-1.042145
CTD_P,20240611T144458,1019.12
CTD_P,20240611T154459,1018.10
CTD_PTSH,20240611T154522,1018.10,8.6958,35.3570,-1.042150
CTD_P,20240611T154523,1018.12
CTD_P,20240611T164524,1015.64
CTD_PTSH,20240611T164547,1015.50,8.6964,35.3550,-1.042152
CTD_P,20240611T164548,1015.49
CTD_P,20240611T174549,1011.05
CTD_PTSH,20240611T174612,1011.20,8.6055,35.3480,-1.042126
CTD_P,20240611T174613,1011.23
CTD_P,20240611T184614,1018.58
CTD_PTSH,20240611T184637,1018.60,8.6139,35.3460,-1.042162
CTD_P,20240611T184638,1018.59
CTD_P,20240611T194639,1016.64
CTD_PTSH,20240611T194702,1016.70,8.6119,35.3460,-1.042159
CTD_P,20240611T194703,1016.66
CTD_P,20240611T204704,1012.26
CTD_PTSH,20240611T204727,1012.20,8.5978,35.3470,-1.042120
CTD_P,20240611T204728,1012.18
CTD_P,20240611T214729,1016.80
CTD_PTSH,20240611T214752,1016.80,8.6090,35.3450,-1.042180
CTD_P,20240611T214753,1016.84
CTD_P,20240611T224754,1017.58
CTD_PTSH,20240611T224817,1017.50,8.6747,35.3540,-1.042147
CTD_P,20240611T224818,1017.51
CTD_P,20240611T234819,1014.69
CTD_PTSH,20240611T234842,1014.80,8.6317,35.3480,-1.042105
CTD_P,20240611T234843,1014.83
CTD_P,20240612T004844,1014.90
CTD_PTSH,20240612T004907,1014.80,8.6146,35.3470,-1.042154
CTD_P,20240612T004908,1014.81
CTD_P,20240612T014909,1010.01
CTD_PTSH,20240612T014932,1009.80,8.5314,35.3380,-1.042185
CTD_P,20240612T014933,1009.84
CTD_P,20240612T024934,1012.70
CTD_PTSH,20240612T024957,1012.70,8.5068,35.3380,-1.042196
CTD_P,20240612T024958,1012.73
CTD_P,20240612T034959,1012.06
CTD_PTSH,20240612T035022,1012.10,8.5305,35.3410,-1.042160
CTD_P,20240612T035023,1012.02
CTD_P,20240612T045024,1011.81
CTD_PTSH,20240612T045047,1011.80,8.5109,35.3380,-1.042159
CTD_P,20240612T045048,1011.85
CTD_P,20240612T055049,1011.29
CTD_PTSH,20240612T055112,1011.30,8.5045,35.3410,-1.042164
CTD_P,20240612T055113,1011.27
CTD_P,20240612T065114,1014.95
CTD_PTSH,20240612T065137,1015.00,8.4888,35.3330,-1.042179
CTD_P,20240612T065138,1014.95
CTD_P,20240612T075139,1015.82
CTD_PTSH,20240612T075202,1015.80,8.5029,35.3360,-1.042183
CTD_P,20240612T075203,1015.82
CTD_P,20240612T085204,1019.62
CTD_PTSH,20240612T085227,1019.60,8.5971,35.3450,-1.042144
CTD_P,20240612T085228,1019.61
CTD_P,20240612T095229,1019.91
CTD_PTSH,20240612T095252,1019.80,8.6449,35.3490,-1.042160
CTD_P,20240612T095253,1019.79
CTD_P,20240612T105254,1018.15
CTD_PTSH,20240612T105317,1018.10,8.6821,35.3540,-1.042177
CTD_P,20240612T105318,1018.13
CTD_P,20240612T115319,1018.46
CTD_PTSH,20240612T115342,1018.30,8.6969,35.3550,-1.042095
CTD_P,20240612T115343,1018.27
CTD_P,20240612T125344,1015.06
CTD_PTSH,20240612T125407,1015.20,8.6099,35.3480,-1.042169
CTD_P,20240612T125408,1015.18
CTD_P,20240612T135409,1016.57
CTD_PTSH,20240612T135432,1016.60,8.5771,35.3440,-1.042112
CTD_P,20240612T135433,1016.58
CTD_P,20240612T145434,1014.72
CTD_PTSH,20240612T145457,1014.80,8.5790,35.3450,-1.042146
CTD_P,20240612T145458,1014.76
CTD_P,20240612T155459,1017.19
CTD_PTSH,20240612T155522,1017.20,8.6179,35.3510,-1.042129
CTD_P,20240612T155523,1017.21
CTD_P,20240612T165524,1015.21
CTD_PTSH,20240612T165547,1015.10,8.6208,35.3460,-1.042101
CTD_P,20240612T165548,1015.11
CTD_P,20240612T175549,1019.44
CTD_PTSH,20240612T175612,1019.40,8.6022,35.3450,-1.042155
CTD_P,20240612T175613,1019.45
CTD_P,20240612T185614,1014.51
CTD_PTSH,20240612T185637,1014.40,8.5822,35.3470,-1.042091
CTD_P,20240612T185638,1014.43
CTD_P,20240612T195639,1016.76
CTD_PTSH,20240612T195702,1016.80,8.5578,35.3440,-1.042162
CTD_P,20240612T195703,1016.81
CTD_P,20240612T205704,1015.80
CTD_PTSH,20240612T205727,1015.80,8.5519,35.3420,-1.042149
CTD_P,20240612T205728,1015.80
CTD_P,20240612T215729,1019.11
CTD_PTSH,20240612T215752,1019.10,8.6179,35.3480,-1.042160
CTD_P,20240612T215753,1019.05
CTD_P,20240612T225754,1019.23
CTD_PTSH,20240612T225817,1019.30,8.5946,35.3450,-1.042125
CTD_P,20240612T225818,1019.25
CTD_P,20240612T235819,1018.25
CTD_PTSH,20240612T235842,1018.20,8.5904,35.3440,-1.042142
CTD_P,20240612T235843,1018.13
CTD_P,20240613T005844,1017.54
CTD_PTSH,20240613T005907,1017.50,8.5622,35.3420,-1.042136
CTD_P,20240613T005908,1017.52
CTD_P,20240613T015909,1015.62
CTD_PTSH,20240613T015932,1015.70,8.5203,35.3410,-1.042160
CTD_P,20240613T015933,1015.66
CTD_P,20240613T025934,1015.43
CTD_PTSH,20240613T025957,1015.30,8.5053,35.3360,-1.042154
CTD_P,20240613T025958,1015.29
CTD_P,20240613T035959,1018.58
CTD_PTSH,20240613T040022,1018.60,8.5104,35.3370,-1.042154
CTD_P,20240613T040023,1018.62
CTD_P,20240613T050024,1018.70
CTD_PTSH,20240613T050047,1018.60,8.5389,35.3390,-1.042141
CTD_P,20240613T050048,1018.59
CTD_P,20240613T060049,1017.83
CTD_PTSH,20240613T060112,1018.00,8.5162,35.3370,-1.042135
CTD_P,20240613T060113,1017.96
CTD_P,20240613T070114,1020.74
CTD_PTSH,20240613T070137,1020.60,8.5671,35.3410,-1.042174
CTD_P,20240613T070138,1020.58
CTD_P,20240613T080139,1015.51
CTD_PTSH,20240613T080202,1015.40,8.5606,35.3420,-1.042131
CTD_P,20240613T080203,1015.40
CTD_P,20240613T090204,1018.72
CTD_PTSH,20240613T090227,1018.70,8.5200,35.3370,-1.042086
CTD_P,20240613T090228,1018.70
CTD_P,20240613T100229,1018.15
CTD_PTSH,20240613T100252,1018.00,8.5652,35.3410,-1.042147
CTD_P,20240613T100253,1017.99
CTD_P,20240613T110254,1022.18
CTD_PTSH,20240613T110317,1022.20,8.5676,35.3410,-1.042072
CTD_P,20240613T110318,1022.22
CTD_P,20240613T120319,1019.24
CTD_PTSH,20240613T120342,1019.30,8.5741,35.3420,-1.042090
CTD_P,20240613T120343,1019.24
CTD_P,20240613T130344,1017.27
CTD_PTSH,20240613T130407,1017.20,8.5852,35.3460,-1.042144
CTD_P,20240613T130408,1017.24
CTD_P,20240613T140409,1021.97
CTD_PTSH,20240613T140432,1021.90,8.6380,35.3500,-1.042149
CTD_P,20240613T140433,1021.90
CTD_P,20240613T150434,1021.62
CTD_PTSH,20240613T150457,1021.70,8.6299,35.3490,-1.042100
CTD_P,20240613T150458,1021.66
CTD_P,20240613T160459,1017.56
CTD_PTSH,20240613T160522,1017.50,8.5832,35.3450,-1.042073
CTD_P,20240613T160523,1017.50
CTD_P,20240613T170524,1021.04
CTD_PTSH,20240613T170547,1021.10,8.5214,35.3380,-1.042163
CTD_P,20240613T170548,1021.12
CTD_P,20240613T180549,1020.01
CTD_PTSH,20240613T180612,1019.90,8.6063,35.3450,-1.042095
CTD_P,20240613T180613,1019.92
CTD_P,20240613T190614,1022.97
CTD_PTSH,20240613T190637,1022.90,8.6298,35.3490,-1.042117
CTD_P,20240613T190638,1022.89
CTD_P,20240613T200639,1016.94
CTD_PTSH,20240613T200702,1016.90,8.5461,35.3420,-1.042109
CTD_P,20240613T200703,1016.97
CTD_P,20240613T210704,1020.49
CTD_PTSH,20240613T210727,1020.50,8.5129,35.3370,-1.042145
CTD_P,20240613T210728,1020.45
CTD_P,20240613T220729,1014.36
CTD_PTSH,20240613T220752,1014.30,8.5048,35.3360,-1.042130
CTD_P,20240613T220753,1014.36
CTD_P,20240613T230754,1024.67
CTD_PTSH,20240613T230817,1024.60,8.5175,35.3370,-1.042197
CTD_P,20240613T230818,1024.65
CTD_P,20240614T000819,1015.51
CTD_PTSH,20240614T000842,1015.30,8.5386,35.3420,-1.042092
CTD_P,20240614T000843,1015.32
CTD_P,20240614T010844,1021.48
CTD_PTSH,20240614T010907,1021.50,8.5069,35.3360,-1.042114
CTD_P,20240614T010908,1021.47
CTD_P,20240614T020909,1016.98
CTD_PTSH,20240614T020932,1017.00,8.5181,35.3370,-1.042137
CTD_P,20240614T020933,1016.96
CTD_P,20240614T030934,1018.29
CTD_PTSH,20240614T030957,1018.20,8.5070,35.3360,-1.042127
CTD_P,20240614T030958,1018.21
CTD_P,20240614T040959,1018.90
CTD_PTSH,20240614T041022,1019.10,8.5169,35.3370,-1.042108
CTD_P,20240614T041023,1019.07
CTD_P,20240614T051024,1019.90
CTD_PTSH,20240614T051047,1019.70,8.5153,35.3390,-1.042125
CTD_P,20240614T051048,1019.66
CTD_P,20240614T061049,1019.31
CTD_PTSH,20240614T061112,1019.40,8.5001,35.3360,-1.042117
CTD_P,20240614T061113,1019.37
CTD_P,20240614T071114,1020.03
CTD_PTSH,20240614T071137,1019.80,8.5612,35.3400,-1.042092
CTD_P,20240614T071138,1019.79
CTD_P,20240614T081139,1016.91
CTD_PTSH,20240614T081202,1017.00,8.5190,35.3370,-1.042114
CTD_P,20240614T081203,1016.98
CTD_P,20240614T091204,1022.79
CTD_PTSH,20240614T091227,1022.90,8.5148,35.3380,-1.042094
CTD_P,20240614T091228,1022.93
CTD_P,20240614T101229,1021.94
CTD_PTSH,20240614T101252,1021.90,8.5635,35.3420,-1.042100
CTD_P,20240614T101253,1021.93
CTD_P,20240614T111254,1021.27
CTD_PTSH,20240614T111317,1021.30,8.5405,35.3400,-1.042114
CTD_P,20240614T111318,1021.31
CTD_P,20240614T121319,1019.94
CTD_PTSH,20240614T121342,1020.00,8.5528,35.3410,-1.042105
CTD_P,20240614T121343,1020.02
CTD_P,20240614T131344,1020.96
CTD_PTSH,20240614T131407,1020.90,8.5792,35.3430,-1.042122
CTD_P,20240614T131408,1020.89
CTD_P,20240614T141409,1022.26
CTD_PTSH,20240614T141432,1022.30,8.5642,35.3410,-1.042076
CTD_P,20240614T141433,1022.31
CTD_P,20240614T151434,1019.02
CTD_PTSH,20240614T151457,1019.00,8.5461,35.3400,-1.042092
CTD_P,20240614T151458,1018.96
CTD_P,20240614T161459,1026.14
CTD_PTSH,20240614T161522,1026.00,8.5774,35.3430,-1.042113
CTD_P,20240614T161523,1026.03
CTD_P,20240614T171524,1023.92
CTD_PTSH,20240614T171547,1023.90,8.6238,35.3460,-1.042098
CTD_P,20240614T171548,1023.96
CTD_P,20240614T181549,1021.30
CTD_PTSH,20240614T181612,1021.20,8.5944,35.3450,-1.042130
CTD_P,20240614T181613,1021.20
CTD_P,20240614T191614,1019.28
CTD_PTSH,20240614T191637,1019.20,8.5908,35.3430,-1.042080
CTD_P,20240614T191638,1019.14
CTD_P,20240614T201639,1019.10
CTD_PTSH,20240614T201702,1019.20,8.4835,35.3330,-1.042045
CTD_P,20240614T201703,1019.15
CTD_P,20240614T211704,1021.23
CTD_PTSH,20240614T211727,1021.10,8.5207,35.3390,-1.042126
CTD_P,20240614T211728,1021.10
CTD_P,20240614T221729,1019.35
CTD_PTSH,20240614T221752,1019.40,8.4963,35.3400,-1.042102
CTD_P,20240614T221753,1019.35
CTD_P,20240614T231754,1021.49
CTD_PTSH,20240614T231817,1021.40,8.5264,35.3390,-1.042081
CTD_P,20240614T231818,1021.40
CTD_P,20240615T001819,1019.33
CTD_PTSH,20240615T001842,1019.40,8.4836,35.3350,-1.042082
CTD_P,20240615T001843,1019.38
CTD_P,20240615T011844,1022.66
CTD_PTSH,20240615T011907,1022.70,8.4854,35.3340,-1.042132
CTD_P,20240615T011908,1022.68
CTD_P,20240615T021909,1021.04
CTD_PTSH,20240615T021932,1021.00,8.5200,35.3360,-1.042082
CTD_P,20240615T021933,1021.00
CTD_P,20240615T031934,1019.11
CTD_PTSH,20240615T031957,1019.10,8.4929,35.3340,-1.042122
CTD_P,20240615T031958,1019.08
CTD_P,20240615T041959,1017.83
CTD_PTSH,20240615T042022,1017.90,8.4975,35.3340,-1.042062
CTD_P,20240615T042023,1017.91
CTD_P,20240615T052024,1020.96
CTD_PTSH,20240615T052047,1021.00,8.4767,35.3330,-1.042129
CTD_P,20240615T052048,1020.95
CTD_P,20240615T062049,1019.10
CTD_PTSH,20240615T062112,1019.10,8.4747,35.3350,-1.042128
CTD_P,20240615T062113,1019.12
CTD_P,20240615T072114,1021.67
CTD_PTSH,20240615T072137,1021.60,8.4860,35.3340,-1.042106
CTD_P,20240615T072138,1021.60
CTD_P,20240615T082139,1024.49
CTD_PTSH,20240615T082202,1024.40,8.5047,35.3370,-1.042146
CTD_P,20240615T082203,1024.44
CTD_P,20240615T092204,1022.27
CTD_PTSH,20240615T092227,1022.20,8.5534,35.3420,-1.042078
CTD_P,20240615T092228,1022.21
CTD_P,20240615T102229,1021.68
CTD_PTSH,20240615T102252,1021.70,8.5641,35.3410,-1.042097
CTD_P,20240615T102253,1021.66
CTD_P,20240615T112254,1019.90
CTD_PTSH,20240615T112317,1019.90,8.5203,35.3390,-1.042109
CTD_P,20240615T112318,1019.94
CTD_P,20240615T122319,1015.21
CTD_PTSH,20240615T122342,1015.10,8.4896,35.3350,-1.042067
CTD_P,20240615T122343,1015.12
CTD_P,20240615T132344,1019.65
CTD_PTSH,20240615T132407,1019.70,8.5040,35.3390,-1.042070
CTD_P,20240615T132408,1019.72
CTD_P,20240615T142409,1026.90
CTD_PTSH,20240615T142432,1027.00,8.5247,35.3390,-1.042131
CTD_P,20240615T142433,1026.94
CTD_P,20240615T152434,1023.28
CTD_PTSH,20240615T152457,1023.20,8.5844,35.3440,-1.042131
CTD_P,20240615T152458,1023.26
CTD_P,20240615T162459,1022.08
CTD_PTSH,20240615T162522,1022.10,8.5473,35.3410,-1.042069
CTD_P,20240615T162523,1022.07
CTD_P,20240615T172524,1021.93
CTD_PTSH,20240615T172547,1021.90,8.5563,35.3430,-1.042091
CTD_P,20240615T172548,1021.95
CTD_P,20240615T182549,1018.50
CTD_PTSH,20240615T182612,1018.50,8.5264,35.3430,-1.042066
CTD_P,20240615T182613,1018.57
CTD_P,20240615T192614,1022.69
CTD_PTSH,20240615T192637,1022.80,8.5056,35.3340,-1.042109
CTD_P,20240615T192638,1022.73
CTD_P,20240615T202639,1024.57
CTD_PTSH,20240615T202702,1024.60,8.5172,35.3370,-1.042122
CTD_P,20240615T202703,1024.57
CTD_P,20240615T212704,1021.29
CTD_PTSH,20240615T212727,1021.30,8.5357,35.3410,-1.042105
CTD_P,20240615T212728,1021.26
CTD_P,20240615T222729,1019.64
CTD_PTSH,20240615T222752,1019.70,8.4957,35.3410,-1.042103
CTD_P,20240615T222753,1019.71
CTD_P,20240615T232754,1022.08
CTD_PTSH,20240615T232817,1022.00,8.5257,35.3380,-1.042094
CTD_P,20240615T232818,1021.97
CTD_P,20240616T002819,1018.20
CTD_PTSH,20240616T002842,1018.10,8.4894,35.3360,-1.042068
CTD_P,20240616T002843,1018.14
CTD_P,20240616T012844,1022.19
CTD_PTSH,20240616T012907,1022.20,8.4849,35.3350,-1.042039
CTD_P,20240616T012908,1022.22
CTD_P,20240616T022909,1023.37
CTD_PTSH,20240616T022932,1023.20,8.5476,35.3380,-1.042083
CTD_P,20240616T022933,1023.16
CTD_P,20240616T032934,1015.77
CTD_PTSH,20240616T032957,1015.70,8.4483,35.3340,-1.042069
CTD_P,20240616T032958,1015.74
CTD_P,20240616T042959,1020.06
CTD_PTSH,20240616T043022,1020.20,8.4452,35.3310,-1.042100
CTD_P,20240616T043023,1020.22
CTD_P,20240616T053024,1022.98
CTD_PTSH,20240616T053047,1022.90,8.5301,35.3380,-1.042043
CTD_P,20240616T053048,1022.91
CTD_P,20240616T063049,1022.68
CTD_PTSH,20240616T063112,1022.70,8.5160,35.3370,-1.042086
CTD_P,20240616T063113,1022.69
CTD_P,20240616T073114,1019.59
CTD_PTSH,20240616T073137,1019.60,8.4438,35.3310,-1.042045
CTD_P,20240616T073138,1019.61
CTD_P,20240616T083139,1021.79
CTD_PTSH,20240616T083202,1021.90,8.4633,35.3320,-1.042100
CTD_P,20240616T083203,1021.89
CTD_P,20240616T093204,1025.28
CTD_PTSH,20240616T093227,1025.30,8.5204,35.3380,-1.042104
CTD_P,20240616T093228,1025.35
CTD_P,20240616T103229,1022.08
CTD_PTSH,20240616T103252,1022.20,8.5258,35.3420,-1.042063
CTD_P,20240616T103253,1022.16
CTD_P,20240616T113254,1022.97
CTD_PTSH,20240616T113317,1022.90,8.5303,35.3370,-1.042038
CTD_P,20240616T113318,1022.87
CTD_P,20240616T123319,1020.57
CTD_PTSH,20240616T123342,1020.50,8.4893,35.3360,-1.042054
CTD_P,20240616T123343,1020.53
CTD_P,20240616T133344,1023.44
CTD_PTSH,20240616T133407,1023.50,8.4916,35.3350,-1.042092
CTD_P,20240616T133408,1023.49
CTD_P,20240616T143409,1023.58
CTD_PTSH,20240616T143432,1023.50,8.5194,35.3380,-1.042069
CTD_P,20240616T143433,1023.47
CTD_P,20240616T153434,1022.95
CTD_PTSH,20240616T153457,1023.00,8.5183,35.3410,-1.042089
CTD_P,20240616T153458,1022.99
CTD_P,20240616T163459,1023.43
CTD_PTSH,20240616T163522,1023.40,8.5153,35.3380,-1.042060
CTD_P,20240616T163523,1023.38
CTD_P,20240616T173524,1022.42
CTD_PTSH,20240616T173547,1022.50,8.5030,35.3370,-1.042044
CTD_P,20240616T173548,1022.49
CTD_P,20240616T183549,1021.38
CTD_PTSH,20240616T183612,1021.40,8.4889,35.3370,-1.042036
CTD_P,20240616T183613,1021.44
CTD_P,20240616T193614,1020.27
CTD_PTSH,20240616T193637,1020.30,8.4940,35.3390,-1.042075
CTD_P,20240616T193638,1020.29
CTD_P,20240616T203639,1022.71
CTD_PTSH,20240616T203702,1022.60,8.4931,35.3350,-1.042068
CTD_P,20240616T203703,1022.64
CTD_P,20240616T213704,1020.41
CTD_PTSH,20240616T213727,1020.40,8.4929,35.3360,-1.042044
CTD_P,20240616T213728,1020.42
CTD_P,20240616T223729,1019.49
CTD_PTSH,20240616T223752,1019.40,8.4731,35.3340,-1.042070
CTD_P,20240616T223753,1019.36
CTD_P,20240616T233754,1020.02
CTD_PTSH,20240616T233817,1020.10,8.4284,35.3320,-1.042055
CTD_P,20240616T233818,1020.16
CTD_P,20240617T003819,1023.65
CTD_PTSH,20240617T003842,1023.60,8.4609,35.3340,-1.042083
CTD_P,20240617T003843,1023.64
CTD_P,20240617T013844,1024.25
CTD_PTSH,20240617T013907,1024.20,8.4789,35.3340,-1.042074
CTD_P,20240617T013908,1024.23
CTD_P,20240617T023909,1022.51
CTD_PTSH,20240617T023932,1022.50,8.4695,35.3330,-1.042030
CTD_P,20240617T023933,1022.52
CTD_P,20240617T033934,1022.37
CTD_PTSH,20240617T033957,1022.50,8.4854,35.3350,-1.042082
CTD_P,20240617T033958,1022.49
CTD_P,20240617T043959,1024.71
CTD_PTSH,20240617T044022,1024.60,8.5168,35.3380,-1.042054
CTD_P,20240617T044023,1024.62
CTD_P,20240617T054024,1025.30
CTD_PTSH,20240617T054047,1025.30,8.5070,35.3370,-1.041995
CTD_P,20240617T054048,1025.31
CTD_P,20240617T064049,1024.88
CTD_PTSH,20240617T064112,1024.80,8.5211,35.3380,-1.042067
CTD_P,20240617T064113,1024.74
CTD_P,20240617T074114,1023.38
CTD_PTSH,20240617T074137,1023.40,8.5004,35.3380,-1.042026
CTD_P,20240617T074138,1023.42
CTD_P,20240617T084139,1025.45
CTD_PTSH,20240617T084202,1025.50,8.5095,35.3370,-1.042050
CTD_P,20240617T084203,1025.46
CTD_P,20240617T094204,1024.43
CTD_PTSH,20240617T094227,1024.50,8.5089,35.3380,-1.041967
CTD_P,20240617T094228,1024.49
CTD_P,20240617T104229,1025.22
CTD_PTSH,20240617T104252,1025.10,8.5507,35.3410,-1.042025
CTD_P,20240617T104253,1025.11
CTD_P,20240617T114254,1024.96
CTD_PTSH,20240617T114317,1024.90,8.5270,35.3400,-1.042003
CTD_P,20240617T114318,1024.87
CTD_P,20240617T124319,1023.62
CTD_PTSH,20240617T124342,1023.70,8.5147,35.3390,-1.042077
CTD_P,20240617T124343,1023.67
CTD_P,20240617T134344,1025.08
CTD_PTSH,20240617T134407,1025.00,8.5373,35.3390,-1.042032
CTD_P,20240617T134408,1024.95
CTD_P,20240617T144409,1024.80
CTD_PTSH,20240617T144432,1024.80,8.5346,35.3380,-1.042009
CTD_P,20240617T144433,1024.84
CTD_P,20240617T154434,1027.16
CTD_PTSH,20240617T154457,1027.10,8.5348,35.3380,-1.042006
CTD_P,20240617T154458,1027.13
CTD_P,20240617T164459,1024.05
CTD_PTSH,20240617T164522,1024.00,8.5228,35.3410,-1.041995
CTD_P,20240617T164523,1024.02
CTD_P,20240617T174524,1022.90
CTD_PTSH,20240617T174547,1022.90,8.4705,35.3330,-1.041996
CTD_P,20240617T174548,1022.93
CTD_P,20240617T184549,1021.91
CTD_PTSH,20240617T184612,1021.90,8.4896,35.3410,-1.041983
CTD_P,20240617T184613,1021.89
CTD_P,20240617T194614,1027.16
CTD_PTSH,20240617T194637,1027.10,8.5085,35.3370,-1.042028
CTD_P,20240617T194638,1027.08
CTD_P,20240617T204639,1020.68
CTD_PTSH,20240617T204702,1020.80,8.4274,35.3340,-1.041977
CTD_P,20240617T204703,1020.82
CTD_P,20240617T214704,1024.31
CTD_PTSH,20240617T214727,1024.30,8.4703,35.3310,-1.042034
CTD_P,20240617T214728,1024.26
CTD_P,20240617T224729,1024.60
CTD_PTSH,20240617T224752,1024.60,8.4703,35.3330,-1.042016
CTD_P,20240617T224753,1024.59
CTD_P,20240617T234754,1018.21
CTD_PTSH,20240617T234817,1018.20,8.4381,35.3300,-1.042045
CTD_P,20240617T234818,1018.15
CTD_P,20240618T004819,1023.76
CTD_PTSH,20240618T004842,1023.80,8.4028,35.3270,-1.042065
CTD_P,20240618T004843,1023.80
CTD_P,20240618T014844,1024.61
CTD_PTSH,20240618T014907,1024.50,8.4140,35.3280,-1.042027
CTD_P,20240618T014908,1024.50
CTD_P,20240618T024909,1021.81
CTD_PTSH,20240618T024932,1021.90,8.4021,35.3290,-1.042061
CTD_P,20240618T024933,1021.92
CTD_P,20240618T034934,1021.84
CTD_PTSH,20240618T034957,1021.70,8.4377,35.3320,-1.042048
CTD_P,20240618T034958,1021.75
CTD_P,20240618T044959,1019.30
CTD_PTSH,20240618T045022,1019.20,8.3962,35.3310,-1.042032
CTD_P,20240618T045023,1019.18
CTD_P,20240618T055024,1018.60
CTD_PTSH,20240618T055047,1018.70,8.3568,35.3260,-1.042067
CTD_P,20240618T055048,1018.69
CTD_P,20240618T065049,1022.94
CTD_PTSH,20240618T065112,1022.90,8.4038,35.3270,-1.041992
CTD_P,20240618T065113,1022.93
CTD_P,20240618T075114,1024.06
CTD_PTSH,20240618T075137,1024.10,8.4257,35.3300,-1.042076
CTD_P,20240618T075138,1024.13
CTD_P,20240618T085139,1026.74
CTD_PTSH,20240618T085202,1026.70,8.5003,35.3350,-1.042022
CTD_P,20240618T085203,1026.73
CTD_P,20240618T095204,1029.59
CTD_PTSH,20240618T095227,1029.50,8.5108,35.3360,-1.042023
CTD_P,20240618T095228,1029.53
CTD_P,20240618T105229,1027.04
CTD_PTSH,20240618T105252,1027.00,8.5563,35.3430,-1.042037
CTD_P,20240618T105253,1027.05
CTD_P,20240618T115254,1005.12
CTD_PTSH,20240618T115317,1005.10,8.6790,35.3550,-1.041926
CTD_P,20240618T115318,1005.07
CTD_P,20240618T125319,1008.41
CTD_PTSH,20240618T125342,1008.30,8.6727,35.3550,-1.041892
CTD_P,20240618T125343,1008.35
CTD_P,20240618T135344,1002.70
CTD_PTSH,20240618T135407,1002.70,8.6886,35.3590,-1.041850
CTD_P,20240618T135408,1002.62
CTD_P,20240618T144736,1005.77
CTD_PTSH,20240618T144759,1005.70,8.6698,35.3530,-1.041905
CTD_P,20240618T144800,1005.75
Message,20240618T144802,Deep Descent Mission
CTD_P,20240618T144805,1005.76
CTD_P,20240618T144908,1007.19
CTD_P,20240618T145010,1012.19
CTD_P,20240618T145112,1019.50
CTD_P,20240618T145214,1028.24
CTD_P,20240618T145309,1036.78
CTD_P,20240618T145310,1036.98
CTD_P,20240618T145412,1047.33
CTD_P,20240618T145915,1097.63
CTD_P,20240618T150418,1147.30
CTD_P,20240618T150921,1196.61
CTD_P,20240618T151424,1245.13
CTD_P,20240618T151927,1292.03
CTD_P,20240618T152430,1337.70
CTD_P,20240618T152933,1381.59
CTD_P,20240618T153436,1423.97
CTD_P,20240618T153939,1465.64
CTD_P,20240618T154442,1506.81
CTD_P,20240618T154945,1547.72
CTD_P,20240618T155448,1588.06
CTD_P,20240618T155951,1628.05
CTD_P,20240618T160454,1667.66
CTD_P,20240618T160957,1705.78
CTD_P,20240618T161500,1742.96
CTD_P,20240618T162003,1779.12
CTD_P,20240618T162506,1815.40
CTD_P,20240618T163009,1850.81
CTD_P,20240618T163512,1886.30
CTD_P,20240618T164015,1921.33
CTD_P,20240618T164518,1954.83
CTD_P,20240618T165021,1987.45
CTD_P,20240618T165240,2001.91
Message,20240618T165243,ASCENT
CTD_P,20240618T165246,2002.51
CTD_P,20240618T165319,2005.84
CTD_P,20240618T165434,2011.57
CTD_P,20240618T165446,2012.19
CTD_P,20240618T165447,2012.28
CTD_P,20240618T165548,2014.77
CTD_P,20240618T165634,2016.06
CTD_P,20240618T165735,2015.39
CTD_P,20240618T165820,2013.52
CTD_P,20240618T165921,2009.08
CTD_P,20240618T170006,2005.35
CTD_P,20240618T170107,1999.26
CTD_P,20240618T170109,1999.12
Message,20240618T170110,CP Started
CTD_P,20240618T170145,1995.39
CTD_PTS,20240618T170147,1995.17,3.1982,34.8414
O2,20240618T170236,106.53870,25.47568,3.19792,47.99844,49.36444,57.24654,7.88209,1026.85803,865.53802,749.43091
FLBB,20240618T170239,55,113,567
CTD_P,20240618T170241,1989.81
CTD_P,20240618T170743,1960.54
NO3,20240618T170753,43.62
CTD_P,20240618T170757,1959.23
CTD_P,20240618T171259,1931.42
CTD_P,20240618T171801,1905.31
CTD_P,20240618T171905,1900.06
CTD_P,20240618T171909,1899.74
CTD_PTS,20240618T171911,1899.58,3.4641,34.8635
O2,20240618T171959,98.68857,23.76485,3.46177,48.59724,49.96324,57.90263,7.93939,1038.24805,864.52142,741.74768
FLBB,20240618T172002,57,115,567
CTD_P,20240618T172003,1895.32
CTD_P,20240618T172305,1881.13
CTD_P,20240618T172807,1858.83
CTD_P,20240618T173309,1838.17
CTD_P,20240618T173353,1834.98
CTD_P,20240618T173455,1829.61
CTD_P,20240618T173957,1803.15
CTD_P,20240618T174035,1799.88
CTD_PTS,20240618T174037,1799.70,3.8509,34.8959
O2,20240618T174125,88.08466,21.43187,3.85272,49.44886,50.81487,58.75964,7.94478,1054.38794,862.15582,730.31860
FLBB,20240618T174129,56,116,567
CTD_P,20240618T174131,1795.04
CTD_P,20240618T174459,1777.38
CTD_P,20240618T175001,1751.80
CTD_P,20240618T175502,1726.17
CTD_P,20240618T180004,1700.39
CTD_P,20240618T180008,1700.04
CTD_P,20240618T180012,1699.71
CTD_PTS,20240618T180014,1699.51,4.3296,34.9386
O2,20240618T180103,74.10480,18.25925,4.33327,50.69802,52.06403,60.00990,7.94588,1076.85095,858.98907,716.19739
FLBB,20240618T180106,56,115,566
CTD_P,20240618T180108,1694.89
CTD_P,20240618T180507,1674.96
CTD_P,20240618T181009,1650.92
CTD_P,20240618T181511,1628.69
CTD_P,20240618T182013,1608.39
CTD_P,20240618T182055,1605.43
CTD_P,20240618T182157,1600.18
CTD_P,20240618T182201,1599.84
CTD_PTS,20240618T182203,1599.69,4.8446,34.9862
O2,20240618T182252,61.11611,15.26453,4.85499,51.96269,53.32869,61.27708,7.94839,1098.73499,855.35541,700.77722
FLBB,20240618T182255,56,118,565
CTD_P,20240618T182256,1595.17
CTD_P,20240618T182659,1575.10
CTD_P,20240618T183201,1551.82
CTD_P,20240618T183703,1530.23
CTD_P,20240618T184205,1509.22
CTD_P,20240618T184247,1506.06
CTD_P,20240618T184349,1500.47
CTD_P,20240618T184357,1499.71
CTD_PTS,20240618T184359,1499.53,5.4699,35.0423
O2,20240618T184448,47.74120,12.11625,5.47664,53.39699,54.76299,62.71152,7.94852,1121.93298,850.77338,682.28363
FLBB,20240618T184451,57,116,564
CTD_P,20240618T184453,1494.65
CTD_P,20240618T184851,1473.17
CTD_P,20240618T185353,1445.66
CTD_P,20240618T185855,1417.60
CTD_P,20240618T190207,1399.86
CTD_PTS,20240618T190209,1399.68,6.1135,35.1000
O2,20240618T190258,36.42342,9.39956,6.13321,54.72784,56.09384,64.04077,7.94693,1142.25403,846.02667,662.61243
FLBB,20240618T190301,56,115,563
CTD_P,20240618T190302,1394.89
CTD_P,20240618T190357,1389.95
CTD_P,20240618T190859,1363.48
CTD_P,20240618T191401,1339.06
CTD_P,20240618T191903,1316.80
CTD_P,20240618T192253,1301.35
CTD_P,20240618T192316,1299.83
CTD_PTS,20240618T192318,1299.71,6.7610,35.1606
O2,20240618T192407,26.95436,7.06860,6.77249,55.95420,57.32020,65.26697,7.94677,1159.76697,841.16083,643.32489
FLBB,20240618T192410,56,116,562
CTD_P,20240618T192412,1296.22
CTD_P,20240618T192914,1277.37
CTD_P,20240618T192957,1274.46
CTD_P,20240618T193059,1269.27
CTD_P,20240618T193601,1243.56
CTD_P,20240618T194103,1218.57
CTD_P,20240618T194450,1200.05
CTD_P,20240618T194454,1199.71
CTD_PTS,20240618T194456,1199.54,7.3928,35.2241
O2,20240618T194545,18.89972,5.03457,7.40292,57.09728,58.46328,66.40919,7.94592,1175.59705,836.31439,624.17841
FLBB,20240618T194548,58,118,561
CTD_P,20240618T194550,1195.12
CTD_P,20240618T194605,1193.88
CTD_P,20240618T195107,1169.22
CTD_P,20240618T195609,1145.08
CTD_P,20240618T200111,1121.95
CTD_P,20240618T200600,1101.42
CTD_P,20240618T200613,1100.53
CTD_P,20240618T200623,1099.86
CTD_PTS,20240618T200625,1099.71,7.9800,35.2852
O2,20240618T200714,13.09693,3.54034,7.99962,57.97826,59.34426,67.29735,7.95309,1187.53198,831.79669,605.94348
FLBB,20240618T200717,57,120,560
CTD_P,20240618T200719,1095.33
CTD_P,20240618T200723,1094.97
CTD_P,20240618T200825,1089.41
CTD_P,20240618T201327,1063.75
CTD_P,20240618T201829,1039.47
CTD_P,20240618T202331,1015.86
CTD_P,20240618T202656,1000.01
CTD_P,20240618T202700,999.74
CTD_PTS,20240618T202702,999.56,8.6435,35.3496
O2,20240618T202751,8.21201,2.25547,8.65456,58.76596,60.13196,68.09013,7.95818,1197.47400,826.72461,585.80737
FLBB,20240618T202754,56,143,559
CTD_P,20240618T202755,995.54
CTD_P,20240618T202833,992.67
CTD_P,20240618T203335,970.37
CTD_P,20240618T203417,967.11
CTD_P,20240618T203519,961.38
CTD_P,20240618T203725,949.62
CTD_PTS,20240618T203727,949.43,8.9639,35.3824
O2,20240618T203730,6.19409,1.71369,8.95732,59.10934,60.47534,68.43370,7.95836,1201.78894,824.43750,576.45721
FLBB,20240618T203734,57,116,559
CTD_P,20240618T203735,948.71
CTD_P,20240618T204021,933.53
CTD_P,20240618T204523,907.12
CTD_P,20240618T204647,900.19
CTD_P,20240618T204651,899.86
CTD_PTS,20240618T204653,899.70,9.3004,35.4190
O2,20240618T204656,4.65759,1.29904,9.29445,59.36973,60.73573,68.69614,7.96040,1204.83301,821.87598,566.01501
FLBB,20240618T204700,55,112,558
CTD_P,20240618T204701,899.02
CTD_P,20240618T205025,882.83
CTD_P,20240618T205527,860.67
CTD_P,20240618T205755,850.49
CTD_P,20240618T205805,849.84
CTD_PTS,20240618T205807,849.71,9.6771,35.4455
O2,20240618T205810,4.04022,1.13696,9.66977,59.45449,60.82050,68.78471,7.96422,1205.19604,819.00952,554.35303
FLBB,20240618T205814,56,113,558
CTD_P,20240618T205815,849.16
CTD_P,20240618T210029,840.27
CTD_P,20240618T210111,837.22
CTD_P,20240618T210213,831.78
CTD_P,20240618T210715,805.47
CTD_P,20240618T210820,799.93
CTD_PTS,20240618T210822,799.75,10.1798,35.4979
O2,20240618T210825,3.06242,0.87193,10.16460,59.60543,60.97144,68.94157,7.97014,1205.93604,815.39398,538.91962
FLBB,20240618T210829,55,107,557
CTD_P,20240618T210830,799.07
CTD_P,20240618T211217,780.28
CTD_P,20240618T211719,756.14
CTD_P,20240618T211838,749.99
CTD_PTS,20240618T211840,749.84,10.5515,35.5365
O2,20240618T211843,2.38911,0.68632,10.54514,59.71100,61.07700,69.05272,7.97572,1206.16394,811.92719,527.00781
FLBB,20240618T211847,56,105,556
CTD_P,20240618T211848,749.23
CTD_P,20240618T212221,733.38
CTD_P,20240618T212723,712.43
CTD_P,20240618T212805,709.36
CTD_P,20240618T212907,703.96
CTD_P,20240618T212955,699.74
CTD_PTS,20240618T212957,699.55,10.9993,35.5774
O2,20240618T213000,2.24189,0.65083,10.99650,59.70412,61.07012,69.05344,7.98331,1204.91199,808.38147,512.83191
FLBB,20240618T213004,56,111,556
CTD_P,20240618T213005,698.87
CTD_P,20240618T213409,677.90
CTD_P,20240618T213911,652.42
CTD_P,20240618T213943,649.70
CTD_PTS,20240618T213945,649.54,11.4392,35.6178
O2,20240618T213948,2.17133,0.63682,11.43900,59.68246,61.04846,69.04002,7.99156,1203.45496,804.75848,498.88611
FLBB,20240618T213952,55,111,555
CTD_P,20240618T213953,648.87
CTD_P,20240618T214413,626.98
CTD_P,20240618T214915,602.57
CTD_P,20240618T214949,599.91
CTD_PTS,20240618T214951,599.78,11.8267,35.6516
O2,20240618T214954,2.11049,0.62451,11.82794,59.66350,61.02950,69.02768,7.99818,1202.11096,801.46301,486.59070
FLBB,20240618T214958,55,112,554
CTD_P,20240618T214959,599.14
CTD_P,20240618T215417,579.32
CTD_P,20240618T215919,557.02
CTD_P,20240618T220057,549.94
CTD_PTS,20240618T220059,549.77,12.2468,35.6788
O2,20240618T220102,2.04031,0.60946,12.24203,59.64486,61.01086,69.01581,8.00495,1200.89697,798.20038,473.46341
FLBB,20240618T220106,55,113,553
CTD_P,20240618T220107,549.19
CTD_P,20240618T220421,535.30
CTD_P,20240618T220501,532.23
CTD_P,20240618T220603,526.59
CTD_P,20240618T221059,500.01
CTD_P,20240618T221103,499.67
CTD_PTS,20240618T221105,499.50,12.5722,35.7055
O2,20240618T221108,2.00820,0.60430,12.56758,59.62532,60.99132,69.00085,8.00954,1199.93896,795.60571,463.11670
FLBB,20240618T221112,57,111,553
CTD_P,20240618T221113,498.82
CTD_P,20240618T221601,474.82
CTD_P,20240618T222101,451.47
CTD_P,20240618T222123,449.80
CTD_PTS,20240618T222125,449.66,12.9482,35.7311
O2,20240618T222128,1.93412,0.58705,12.95121,59.61068,60.97668,68.99190,8.01521,1198.69800,792.25317,450.89609
FLBB,20240618T222131,55,116,552
CTD_P,20240618T222133,449.03
CTD_P,20240618T222603,428.80
CTD_P,20240618T223105,406.28
CTD_P,20240618T223145,403.06
CTD_P,20240618T223227,399.13
CTD_PTS,20240618T223229,398.96,13.5135,35.7923
O2,20240618T223232,1.85394,0.56974,13.50825,59.58382,60.94982,68.96896,8.01914,1196.78894,787.98328,433.10040
FLBB,20240618T223235,57,148,552
CTD_P,20240618T223237,398.18
CTD_P,20240618T223248,397.09
CTD_P,20240618T223751,369.37
CTD_P,20240618T224126,352.13
CTD_P,20240618T224156,349.89
CTD_PTS,20240618T224158,349.73,14.0536,35.8396
O2,20240618T224201,1.81349,0.56414,14.05951,59.54866,60.91466,68.94792,8.03326,1194.65601,783.16821,415.43359
FLBB,20240618T224205,57,138,551
CTD_P,20240618T224206,349.15
CTD_P,20240618T224254,345.65
CTD_P,20240618T224757,324.98
CTD_P,20240618T225300,304.01
CTD_P,20240618T225340,301.16
CTD_P,20240618T225400,299.48
CTD_PTS,20240618T225402,299.32,15.0231,35.9205
O2,20240618T225405,1.76277,0.55999,15.02273,59.48299,60.84899,68.90379,8.05480,1190.51697,774.88373,384.44370
FLBB,20240618T225409,58,141,550
CTD_P,20240618T225410,298.64
CTD_P,20240618T225443,295.79
CTD_P,20240618T225946,271.05
CTD_P,20240618T230407,251.72
CTD_P,20240618T230434,249.92
CTD_PTS,20240618T230436,249.81,15.9123,35.9151
O2,20240618T230439,1.68253,0.54478,15.91012,59.43140,60.79740,68.86252,8.06512,1185.96899,766.74652,355.77591
FLBB,20240618T230443,56,144,548
CTD_P,20240618T230444,249.24
CTD_P,20240618T230947,229.89
CTD_P,20240618T231450,215.87
CTD_P,20240618T231531,214.27
CTD_P,20240618T231633,210.56
CTD_P,20240618T231711,208.06
CTD_P,20240618T231814,202.89
CTD_P,20240618T231853,199.75
CTD_PTS,20240618T231855,199.61,17.8662,35.9109
O2,20240618T231858,1.57149,0.52999,17.85491,59.30438,60.67038,68.76137,8.09099,1175.31897,748.38678,292.65399
FLBB,20240618T231901,55,146,546
CTD_P,20240618T231903,198.97
CTD_P,20240618T232316,182.10
CTD_P,20240618T232819,169.08
CTD_P,20240618T233322,161.78
CTD_P,20240618T233400,161.47
CTD_P,20240618T233503,159.21
CTD_P,20240618T233541,157.50
CTD_P,20240618T233643,153.49
CTD_P,20240618T233723,150.56
CTD_P,20240618T233733,149.69
CTD_PTS,20240618T233735,149.52,20.6459,35.9309
O2,20240618T233738,7.34408,2.61845,20.61098,57.44040,58.80640,66.92668,8.12029,1136.94397,722.44397,202.87109
FLBB,20240618T233741,50,103,542
CTD_P,20240618T233743,148.82
CTD_P,20240618T233825,145.26
CTD_P,20240618T234328,124.66
CTD_P,20240618T234831,111.98
CTD_P,20240618T235321,105.81
CTD_P,20240618T235334,105.61
CTD_P,20240618T235414,104.71
CTD_P,20240618T235517,101.86
CTD_P,20240618T235555,99.76
CTD_P,20240618T235559,99.49
CTD_PTS,20240618T235601,99.33,24.6562,36.3924
O2,20240618T235650,144.76430,55.81886,24.70482,34.82776,36.19376,44.33707,8.14330,697.34949,679.60358,70.05894
FLBB,20240618T235653,63,130,536
CTD_P,20240618T235655,95.28
CTD_P,20240618T235734,91.95
CTD_P,20240618T235800,89.48
CTD_PTS,20240618T235802,89.27,25.0683,36.4331
O2,20240618T235851,170.55110,66.49907,25.30832,32.60402,33.97002,42.12413,8.15411,643.67969,674.45020,50.64147
FLBB,20240618T235854,72,137,535
CTD_P,20240618T235855,84.30
CTD_P,20240618T235943,80.02
NO3,20240618T235953,5.56
CTD_P,20240618T235957,78.80
CTD_P,20240619T000001,78.49
CTD_PTS,20240619T000003,78.31,25.5973,36.3975
O2,20240619T000052,177.26711,69.72494,25.78559,31.94953,33.31553,41.47429,8.15876,627.63342,670.02710,35.32766
FLBB,20240619T000055,95,146,534
CTD_P,20240619T000056,74.18
CTD_P,20240619T000142,71.03
CTD_P,20240619T000159,69.89
CTD_PTS,20240619T000201,69.79,26.1807,36.4472
O2,20240619T000250,214.94250,85.27458,26.25824,29.51471,30.88071,39.04045,8.15974,567.82281,665.13342,20.20120
FLBB,20240619T000253,119,144,534
CTD_P,20240619T000254,66.29
CTD_P,20240619T000358,62.38
CTD_P,20240619T000440,60.20
CTD_P,20240619T000444,60.01
CTD_P,20240619T000448,59.84
CTD_PTS,20240619T000450,59.71,26.7227,36.4080
O2,20240619T000539,233.96629,93.88697,26.88972,28.31975,29.68575,37.84567,8.15993,538.04510,659.38391,0.05832
FLBB,20240619T000542,149,153,533
CTD_P,20240619T000543,57.49
CTD_P,20240619T000734,53.42
CTD_P,20240619T000901,50.92
CTD_P,20240619T000936,50.20
CTD_P,20240619T000946,50.02
CTD_P,20240619T000950,49.95
CTD_PTS,20240619T000952,49.94,27.5054,36.3990
O2,20240619T001041,254.33820,103.38800,27.61095,27.14458,28.51058,36.67255,8.16196,508.31189,651.97931,-22.84783
FLBB,20240619T001044,130,162,531
CTD_P,20240619T001046,49.02
CTD_P,20240619T001050,48.96
CTD_PTS,20240619T001052,48.94,27.6920,36.4104
O2,20240619T001055,254.76559,103.61260,27.63848,27.11676,28.48276,36.63231,8.14955,507.56509,647.61200,-23.72008
FLBB,20240619T001058,136,163,531
CTD_P,20240619T001100,48.81
CTD_P,20240619T001148,47.97
CTD_PTS,20240619T001150,47.93,27.7152,36.4111
O2,20240619T001153,255.04610,103.81390,27.68571,27.08819,28.45419,36.61301,8.15881,506.62750,650.86981,-25.21585
FLBB,20240619T001156,125,165,531
CTD_P,20240619T001158,47.79
CTD_P,20240619T001248,47.08
CTD_P,20240619T001257,46.96
CTD_PTS,20240619T001259,46.93,27.9359,36.4097
O2,20240619T001302,253.52670,103.51960,27.86222,27.08986,28.45586,36.61521,8.15935,506.49890,649.61047,-30.80160
FLBB,20240619T001305,117,160,530
CTD_P,20240619T001307,46.86
CTD_P,20240619T001403,46.48
CTD_P,20240619T001411,46.43
CTD_P,20240619T001419,46.39
CTD_P,20240619T001425,46.34
CTD_P,20240619T001431,46.26
CTD_P,20240619T001437,46.15
CTD_P,20240619T001441,46.06
CTD_P,20240619T001443,45.99
CTD_PTS,20240619T001445,45.92,28.0088,36.4223
O2,20240619T001448,255.85249,104.69820,27.98560,26.94858,28.31458,36.47501,8.16042,502.86841,648.23358,-34.70158
FLBB,20240619T001451,107,164,530
CTD_P,20240619T001453,45.68
CTD_P,20240619T001455,45.60
CTD_P,20240619T001459,45.46
CTD_P,20240619T001529,44.36
CTD_PTS,20240619T001531,44.29,28.1862,36.4283
O2,20240619T001534,256.99341,105.45990,28.14376,26.84569,28.21169,36.37350,8.16181,500.16861,647.47052,-39.69616
FLBB,20240619T001537,94,168,530
CTD_P,20240619T001539,44.05
CTD_P,20240619T001543,43.91
CTD_PTS,20240619T001545,43.86,28.2863,36.4206
O2,20240619T001548,257.60651,105.87540,28.23142,26.78975,28.15575,36.30624,8.15050,498.80460,643.08521,-42.46209
FLBB,20240619T001551,99,171,530
CTD_P,20240619T001553,43.61
CTD_P,20240619T001631,42.42
CTD_P,20240619T001635,42.28
CTD_PTS,20240619T001637,42.18,28.5726,36.4558
O2,20240619T001640,259.94241,107.38820,28.52415,26.59263,27.95863,36.11683,8.15819,493.67581,645.06848,-51.68445
FLBB,20240619T001643,98,170,529
CTD_P,20240619T001645,41.82
CTD_P,20240619T001649,41.62
CTD_PTS,20240619T001651,41.55,29.5078,36.5562
O2,20240619T001654,257.70261,107.81570,29.24513,26.43689,27.80289,35.95056,8.14767,489.75940,640.07642,-74.31002
FLBB,20240619T001657,88,168,529
CTD_P,20240619T001659,41.18
CTD_P,20240619T001707,40.85
CTD_PTS,20240619T001709,40.77,29.9597,36.6323
O2,20240619T001712,254.74350,107.40040,29.68758,26.40814,27.77414,35.93210,8.15796,488.44189,640.61792,-88.12885
FLBB,20240619T001715,81,179,529
CTD_P,20240619T001717,40.49
CTD_P,20240619T001733,40.05
CTD_P,20240619T001737,39.99
CTD_PTS,20240619T001739,39.95,30.6788,36.7516
O2,20240619T001741,247.10350,105.56980,30.45623,26.46898,27.83498,35.99619,8.16122,489.00259,634.24170,-112.01190
FLBB,20240619T001745,74,157,529
CTD_P,20240619T001747,39.85
CTD_P,20240619T001806,39.57
CTD_P,20240619T001811,39.48
CTD_P,20240619T001823,39.24
CTD_P,20240619T001842,38.76
CTD_PTS,20240619T001844,38.75,31.0130,36.8234
O2,20240619T001847,234.94890,101.23820,30.95546,26.83385,28.19984,36.37079,8.17094,496.59698,625.74261,-127.43580
FLBB,20240619T001850,65,146,528
CTD_P,20240619T001852,38.55
CTD_P,20240619T001913,38.02
CTD_P,20240619T001915,37.97
CTD_PTS,20240619T001917,37.90,31.0175,36.8221
O2,20240619T001919,233.68280,100.74240,30.98446,26.88151,28.24751,36.41969,8.17219,497.57941,623.99188,-128.32950
FLBB,20240619T001923,58,141,528
CTD_P,20240619T001925,37.68
CTD_P,20240619T001951,36.55
CTD_P,20240619T001955,36.35
CTD_PTS,20240619T001957,36.22,31.0195,36.8217
O2,20240619T002000,233.28520,100.60790,31.00595,26.89236,28.25836,36.43123,8.17287,497.61191,622.72937,-128.99150
FLBB,20240619T002003,112,159,528
CTD_P,20240619T002005,35.76
CTD_P,20240619T002009,35.48
CTD_PTS,20240619T002011,35.38,31.0196,36.8214
O2,20240619T002014,233.30499,100.62200,31.00919,26.89036,28.25636,36.42612,8.16976,497.57520,622.32349,-129.09140
FLBB,20240619T002017,58,152,527
CTD_P,20240619T002019,34.85
CTD_P,20240619T002023,34.56
CTD_PTS,20240619T002025,34.43,31.0189,36.8221
O2,20240619T002028,233.28149,100.61350,31.01016,26.89111,28.25711,36.42620,8.16909,497.53671,622.07257,-129.12140
FLBB,20240619T002031,59,144,527
CTD_P,20240619T002033,33.91
CTD_P,20240619T002037,33.63
CTD_PTS,20240619T002039,33.51,31.0182,36.8223
O2,20240619T002042,233.19360,100.57770,31.01134,26.89472,28.26072,36.42886,8.16814,497.50861,621.90662,-129.15781
FLBB,20240619T002045,60,143,527
CTD_P,20240619T002047,32.90
CTD_P,20240619T002049,32.77
CTD_PTS,20240619T002051,32.65,31.0171,36.8230
O2,20240619T002053,233.17540,100.57130,31.01223,26.89525,28.26125,36.42737,8.16611,497.51239,621.67499,-129.18520
FLBB,20240619T002056,61,147,527
CTD_P,20240619T002058,32.13
CTD_P,20240619T002103,31.75
CTD_PTS,20240619T002105,31.60,31.0144,36.8250
O2,20240619T002107,233.19460,100.58200,31.01365,26.89390,28.25990,36.42669,8.16679,497.45831,621.56268,-129.22870
FLBB,20240619T002111,60,161,526
CTD_P,20240619T002113,30.97
CTD_P,20240619T002115,30.83
CTD_PTS,20240619T002117,30.66,31.0140,36.8258
O2,20240619T002119,233.17590,100.57590,31.01478,26.89437,28.26037,36.42657,8.16621,497.44241,621.38959,-129.26370
FLBB,20240619T002123,59,141,526
CTD_P,20240619T002125,29.97
CTD_P,20240619T002127,29.78
CTD_PTS,20240619T002129,29.60,31.0161,36.8240
O2,20240619T002132,233.15421,100.56750,31.01531,26.89518,28.26118,36.42526,8.16409,497.41760,621.31207,-129.28000
FLBB,20240619T002135,61,172,526
CTD_P,20240619T002137,28.84
CTD_P,20240619T002139,28.66
CTD_P,20240619T002143,28.27
CTD_PTS,20240619T002145,28.07,31.0156,36.8240
O2,20240619T002148,233.15260,100.56730,31.01559,26.89515,28.26115,36.42605,8.16489,497.38062,621.26501,-129.28870
FLBB,20240619T002151,58,143,526
CTD_P,20240619T002153,27.28
CTD_P,20240619T002157,26.88
CTD_PTS,20240619T002159,26.69,31.0150,36.8239
O2,20240619T002202,233.15469,100.56760,31.01530,26.89515,28.26115,36.42637,8.16521,497.35370,621.19373,-129.27980
FLBB,20240619T002205,65,161,526
CTD_P,20240619T002207,25.85
CTD_P,20240619T002211,25.47
CTD_PTS,20240619T002213,25.28,31.0098,36.8253
O2,20240619T002216,233.15289,100.56440,31.01383,26.89573,28.26173,36.42483,8.16309,497.35831,621.13263,-129.23450
FLBB,20240619T002219,58,156,526
CTD_P,20240619T002221,24.45
CTD_P,20240619T002225,24.03
CTD_PTS,20240619T002227,23.80,31.0119,36.8255
O2,20240619T002230,233.21899,100.59600,31.01563,26.89211,28.25811,36.42233,8.16422,497.31049,621.05792,-129.28979
FLBB,20240619T002233,59,143,525
CTD_P,20240619T002235,23.00
CTD_P,20240619T002239,22.59
CTD_PTS,20240619T002241,22.38,31.0150,36.8230
O2,20240619T002244,233.24130,100.60400,31.01468,26.89142,28.25742,36.42118,8.16376,497.24869,621.02881,-129.26050
FLBB,20240619T002247,59,143,525
CTD_P,20240619T002249,21.62
CTD_P,20240619T002253,21.21
CTD_PTS,20240619T002255,21.02,31.0142,36.8238
O2,20240619T002258,233.24780,100.60850,31.01567,26.89078,28.25678,36.41937,8.16259,497.20480,620.97339,-129.29120
FLBB,20240619T002301,60,158,525
CTD_P,20240619T002303,20.26
CTD_P,20240619T002307,19.89
CTD_PTS,20240619T002309,19.68,31.0124,36.8239
O2,20240619T002312,233.28860,100.62500,31.01505,26.88914,28.25513,36.41779,8.16266,497.18729,620.99762,-129.27209
FLBB,20240619T002315,60,142,525
CTD_P,20240619T002317,18.93
CTD_P,20240619T002321,18.56
CTD_PTS,20240619T002323,18.39,31.0158,36.8212
O2,20240619T002326,233.28020,100.62040,31.01451,26.88970,28.25570,36.41654,8.16084,497.17261,620.96918,-129.25520
FLBB,20240619T002329,59,146,525
CTD_P,20240619T002331,17.66
CTD_P,20240619T002335,17.33
CTD_PTS,20240619T002337,17.11,31.0124,36.8250
O2,20240619T002340,233.30540,100.63460,31.01642,26.88790,28.25390,36.41624,8.16235,497.12720,620.95453,-129.31419
FLBB,20240619T002343,61,142,525
CTD_P,20240619T002345,16.45
CTD_P,20240619T002349,16.05
CTD_PTS,20240619T002351,15.92,31.0113,36.8241
O2,20240619T002354,233.26891,100.61570,31.01458,26.89019,28.25619,36.41678,8.16059,497.08890,620.93121,-129.25740
FLBB,20240619T002357,59,143,525
CTD_P,20240619T002359,15.27
CTD_P,20240619T002403,14.96
CTD_PTS,20240619T002405,14.80,31.0074,36.8242
O2,20240619T002408,233.33130,100.63920,31.01261,26.88801,28.25401,36.41492,8.16091,497.06271,620.93872,-129.19679
FLBB,20240619T002411,59,151,525
CTD_P,20240619T002413,14.14
CTD_P,20240619T002417,13.81
CTD_PTS,20240619T002419,13.66,31.0132,36.8207
O2,20240619T002422,233.31920,100.63450,31.01291,26.88846,28.25446,36.41389,8.15944,496.99860,620.94269,-129.20621
FLBB,20240619T002425,60,151,525
CTD_P,20240619T002427,13.06
CTD_P,20240619T002431,12.77
CTD_PTS,20240619T002433,12.64,31.0118,36.8213
O2,20240619T002436,233.37790,100.65920,31.01252,26.88592,28.25191,36.41107,8.15916,496.97250,620.98633,-129.19400
FLBB,20240619T002439,60,143,524
CTD_P,20240619T002441,12.09
CTD_P,20240619T002445,11.83
CTD_PTS,20240619T002447,11.69,31.0145,36.8211
O2,20240619T002450,233.34140,100.64570,31.01387,26.88712,28.25312,36.41157,8.15845,496.96671,621.01538,-129.23560
FLBB,20240619T002453,61,141,524
CTD_P,20240619T002455,11.17
CTD_P,20240619T002459,10.88
CTD_PTS,20240619T002501,10.76,31.0083,36.8226
O2,20240619T002504,233.42520,100.67850,31.01190,26.88396,28.24996,36.40910,8.15914,496.94669,621.05127,-129.17490
FLBB,20240619T002507,60,144,524
CTD_P,20240619T002509,10.25
CTD_P,20240619T002513,10.01
CTD_P,20240619T002517,9.67
CTD_PTS,20240619T002519,9.53,31.0076,36.8228
O2,20240619T002522,233.48450,100.70210,31.01078,26.88164,28.24764,36.40764,8.16000,496.84021,621.07812,-129.14030
FLBB,20240619T002525,61,182,524
CTD_P,20240619T002527,8.96
CTD_P,20240619T002531,8.68
CTD_PTS,20240619T002533,8.59,31.0074,36.8233
O2,20240619T002536,233.50130,100.70890,31.01049,26.88097,28.24697,36.40601,8.15903,496.81909,621.04272,-129.13150
FLBB,20240619T002539,60,142,524
CTD_P,20240619T002541,7.97
CTD_P,20240619T002545,7.74
CTD_PTS,20240619T002547,7.59,31.0107,36.8213
O2,20240619T002550,233.56531,100.73750,31.01105,26.87787,28.24387,36.40245,8.15858,496.77829,621.09430,-129.14870
FLBB,20240619T002553,57,142,524
CTD_P,20240619T002555,7.05
CTD_P,20240619T002559,6.81
CTD_PTS,20240619T002601,6.62,31.0102,36.8225
O2,20240619T002604,233.53340,100.72580,31.01229,26.87890,28.24490,36.40327,8.15836,496.75589,621.11322,-129.18690
FLBB,20240619T002607,61,144,524
CTD_P,20240619T002609,6.07
CTD_P,20240619T002613,5.76
CTD_PTS,20240619T002615,5.66,31.0067,36.8249
O2,20240619T002618,233.56850,100.73980,31.01160,26.87754,28.24354,36.40151,8.15797,496.74960,621.16510,-129.16580
FLBB,20240619T002621,61,139,524
CTD_P,20240619T002623,5.01
CTD_P,20240619T002637,3.86
Message,20240619T002641,CP Stopped
CTD_P,20240619T002651,2.72
Message,20240619T002653,Surface Mission
CTD_P,20240619T002656,2.17
CTD_P,20240619T002658,2.09
O2,20240619T002701,233.72810,100.80010,31.00667,26.87194,28.23794,36.39866,8.16072,496.57129,621.40662,-129.01370
CTD_P,20240619T002702,1.71
O2,20240619T002716,233.73109,100.80360,31.00791,26.87138,28.23738,36.39685,8.15947,496.52509,621.35687,-129.05209
CTD_P,20240619T002717,0.50
O2,20240619T002732,233.54170,100.43300,30.83961,26.93699,28.30299,36.46063,8.15764,498.14630,621.35938,-123.86290
CTD_P,20240619T002733,-0.22
O2,20240619T002746,232.63741,100.28710,30.98174,26.93017,28.29617,36.45413,8.15796,497.95999,621.70728,-128.24570
CTD_P,20240619T002747,-0.04
O2,20240619T002801,233.34129,100.60340,30.98919,26.89547,28.26147,36.41769,8.15623,497.17709,621.95929,-128.47530
CTD_P,20240619T002803,-0.04
O2,20240619T002816,233.48090,100.65910,30.98659,26.88998,28.25598,36.41307,8.15709,497.05191,621.86420,-128.39500
CTD_P,20240619T002817,-0.19
O2,20240619T002831,233.38271,100.62610,30.99203,26.89262,28.25862,36.41389,8.15527,497.08981,621.79718,-128.56281
CTD_P,20240619T002833,0.01
O2,20240619T002846,233.23039,100.55230,30.98731,26.90117,28.26717,36.42237,8.15520,497.29749,621.81250,-128.41730
CTD_P,20240619T002847,0.06
O2,20240619T002901,233.55119,100.69450,30.98960,26.88576,28.25176,36.40736,8.15559,496.91269,621.92981,-128.48779
CTD_P,20240619T002902,0.03
O2,20240619T002917,233.20950,100.50980,30.96782,26.90872,28.27472,36.42999,8.15527,497.47379,621.97137,-127.81660
CTD_P,20240619T002918,-0.01
CTD_P,20240619T003249,-0.16
O2,20240619T003252,238.27760,100.98350,29.98895,27.01313,28.37913,36.54022,8.16109,500.67029,627.77692,-97.51200
CTD_P,20240619T003253,-0.29
O2,20240619T003308,240.26379,101.27710,29.67692,27.03180,28.39780,36.55611,8.15832,501.10770,628.55573,-87.79663
CTD_P,20240619T003309,-0.34
O2,20240619T003322,237.95470,100.59980,29.84718,27.07645,28.44245,36.59879,8.15633,502.24591,628.58588,-93.10111
CTD_P,20240619T003323,-0.32
O2,20240619T003337,232.33740,98.90961,30.24974,27.19404,28.56004,36.71619,8.15615,505.22009,628.66150,-105.61190
CTD_P,20240619T003339,-0.33
O2,20240619T003352,236.01640,99.55785,29.71819,27.20889,28.57489,36.72923,8.15434,505.64520,629.15881,-89.08302
CTD_P,20240619T003353,-0.16
O2,20240619T003407,234.80280,100.20440,30.39226,27.03192,28.39792,36.55225,8.15434,501.24438,628.66302,-110.03040
CTD_P,20240619T003409,-0.22
O2,20240619T003422,237.97150,99.96807,29.47973,27.20299,28.56899,36.72114,8.15215,505.34790,628.30591,-81.64351
CTD_P,20240619T003423,-0.20
O2,20240619T003437,238.12740,99.97868,29.44814,27.20694,28.57294,36.72522,8.15228,505.54279,629.30719,-80.65688
CTD_P,20240619T003438,-0.25
O2,20240619T003453,237.48590,99.70978,29.44843,27.23588,28.60188,36.75353,8.15166,506.32599,630.16040,-80.66593
CTD_P,20240619T003454,-0.14
O2,20240619T003507,239.16820,100.16140,29.30245,27.21077,28.57677,36.72849,8.15173,505.76440,630.87421,-76.10300
CTD_P,20240619T003508,0.15
CTD_P,20240619T003510,-0.27
CTD_P,20240619T003535,-0.29
CTD_bins,20240619T003937,26708,1000,1998.420
CTD_CP_H,20240619T003956,4.24,31.0086,36.8229,18,-1.002765,9
CTD_CP_H,20240619T003956,6.03,31.0098,36.8227,28,-1.002782,14
CTD_CP_H,20240619T003956,8.01,31.0092,36.8223,29,-1.002815,14
CTD_CP_H,20240619T003956,10.03,31.0087,36.8229,29,-1.002806,15
CTD_CP_H,20240619T003956,11.96,31.0106,36.8225,29,-1.002820,14
CTD_CP_H,20240619T003956,13.95,31.0110,36.8224,26,-1.002845,13
CTD_CP_H,20240619T003956,15.97,31.0125,36.8232,24,-1.002847,12
CTD_CP_H,20240619T003957,17.97,31.0136,36.8231,22,-1.002867,11
CTD_CP_H,20240619T003957,19.97,31.0132,36.8234,21,-1.002886,11
CTD_CP_H,20240619T003957,21.99,31.0139,36.8233,21,-1.002875,10
CTD_CP_H,20240619T003957,24.01,31.0138,36.8238,19,-1.002890,10
CTD_CP_H,20240619T003957,26.01,31.0134,36.8240,20,-1.002880,10
CTD_CP_H,20240619T003957,28.02,31.0151,36.8243,20,-1.002908,10
CTD_CP_H,20240619T003957,30.03,31.0162,36.8240,23,-1.002896,11
CTD_CP_H,20240619T003957,32.04,31.0155,36.8235,27,-1.002889,14
CTD_CP_H,20240619T003957,34.03,31.0163,36.8235,29,-1.002903,14
CTD_CP_H,20240619T003957,36.05,31.0172,36.8237,34,-1.002932,17
CTD_CP_H,20240619T003957,38.11,31.0160,36.8224,70,-1.002957,35
CTD_CP_H,20240619T003957,39.87,30.7074,36.7563,89,-1.003155,45
CTD_CP_H,20240619T003957,42.05,28.9106,36.4989,49,-1.004075,24
CTD_CP_H,20240619T003958,43.94,28.2625,36.4346,63,-1.004592,32
CTD_CP_H,20240619T003958,46.35,27.9848,36.4184,139,-1.004897,69
CTD_CP_H,20240619T003958,47.96,27.7537,36.4124,124,-1.005130,62
CTD_CP_H,20240619T003958,49.94,27.5388,36.3996,111,-1.005321,56
CTD_CP_H,20240619T003958,51.91,27.4132,36.3910,72,-1.005541,36
CTD_CP_H,20240619T003958,54.00,27.1297,36.3812,54,-1.006051,27
CTD_CP_H,20240619T003958,56.02,27.0218,36.4081,55,-1.006669,27
CTD_CP_H,20240619T003958,57.95,26.9140,36.4072,50,-1.007138,25
CTD_CP_H,20240619T003958,59.98,26.7100,36.4112,43,-1.007821,22
CTD_CP_H,20240619T003958,61.99,26.5869,36.4379,36,-1.007178,18
CTD_CP_H,20240619T003958,63.98,26.4973,36.4484,34,-1.007401,17
CTD_CP_H,20240619T003958,65.99,26.3512,36.4495,30,-1.008034,15
CTD_CP_H,20240619T003958,67.98,26.2177,36.4497,30,-1.008751,15
CTD_CP_H,20240619T003958,69.97,26.1791,36.4444,31,-1.009037,15
CTD_CP_H,20240619T003959,71.98,26.0220,36.4195,30,-1.009968,15
CTD_CP_H,20240619T003959,73.96,25.8862,36.3956,27,-1.010904,14
CTD_CP_H,20240619T003959,75.96,25.6785,36.3755,26,-1.011675,13
CTD_CP_H,20240619T003959,77.98,25.6020,36.3875,25,-1.011297,12
CTD_CP_H,20240619T003959,79.99,25.5912,36.4110,23,-1.011052,12
CTD_CP_H,20240619T003959,81.97,25.5387,36.4575,22,-1.011203,11
CTD_CP_H,20240619T003959,83.98,25.4095,36.4693,22,-1.011563,11
CTD_CP_H,20240619T003959,86.00,25.2917,36.4612,21,-1.012020,10
CTD_CP_H,20240619T003959,87.97,25.1568,36.4479,21,-1.012581,11
CTD_CP_H,20240619T003959,89.98,25.0530,36.4336,21,-1.013039,10
CTD_CP_H,20240619T003959,92.00,24.9423,36.4198,22,-1.013600,11
CTD_CP_H,20240619T003959,94.02,24.7881,36.3961,24,-1.014264,12
CTD_CP_H,20240619T003959,96.01,24.7204,36.3850,26,-1.014761,13
CTD_CP_H,20240619T004000,98.03,24.6920,36.3955,27,-1.015033,14
CTD_CP_H,20240619T004000,100.08,24.6222,36.3875,32,-1.015384,16
CTD_CP_H,20240619T004000,102.02,24.5406,36.3744,40,-1.015693,20
CTD_CP_H,20240619T004000,104.04,24.3464,36.3397,47,-1.016584,23
CTD_CP_H,20240619T004000,106.05,24.0268,36.2853,127,-1.017803,63
CTD_CP_H,20240619T004000,107.95,23.8654,36.2539,105,-1.018586,53
CTD_CP_H,20240619T004000,109.94,23.7045,36.2201,75,-1.019449,38
CTD_CP_H,20240619T004000,112.01,23.4040,36.1736,59,-1.020796,29
CTD_CP_H,20240619T004000,114.00,23.2536,36.1502,56,-1.021477,28
CTD_CP_H,20240619T004000,115.99,23.0813,36.1225,53,-1.022322,27
CTD_CP_H,20240619T004000,118.00,22.8545,36.0836,47,-1.023544,23
CTD_CP_H,20240619T004000,120.00,22.5685,36.0419,43,-1.024599,22
CTD_CP_H,20240619T004000,121.97,22.4370,36.0223,40,-1.025252,20
CTD_CP_H,20240619T004000,123.99,22.3046,36.0030,40,-1.025866,20
CTD_CP_H,20240619T004001,126.02,22.1752,35.9884,37,-1.026509,18
CTD_CP_H,20240619T004001,128.00,22.0711,35.9765,34,-1.026970,17
CTD_CP_H,20240619T004001,129.98,21.9301,35.9606,33,-1.027543,17
CTD_CP_H,20240619T004001,131.98,21.8322,35.9519,32,-1.027949,16
CTD_CP_H,20240619T004001,133.99,21.7104,35.9470,29,-1.028461,14
CTD_CP_H,20240619T004001,136.01,21.5763,35.9516,28,-1.028887,14
CTD_CP_H,20240619T004001,138.01,21.4416,35.9412,26,-1.029216,13
CTD_CP_H,20240619T004001,139.98,21.3106,35.9379,26,-1.029638,13
CTD_CP_H,20240619T004001,141.98,21.1902,35.9400,25,-1.030040,13
CTD_CP_H,20240619T004001,144.00,20.9699,35.9350,23,-1.030737,11
CTD_CP_H,20240619T004001,146.02,20.8318,35.9296,25,-1.031080,13
CTD_CP_H,20240619T004001,147.99,20.7633,35.9221,22,-1.031310,11
CTD_CP_H,20240619T004001,149.98,20.5981,35.9263,24,-1.031790,12
CTD_CP_H,20240619T004002,152.03,20.4686,35.9295,27,-1.032031,13
CTD_CP_H,20240619T004002,153.98,20.3543,35.9269,29,-1.032283,15
CTD_CP_H,20240619T004002,156.00,20.1595,35.9059,32,-1.032629,16
CTD_CP_H,20240619T004002,158.08,20.0250,35.8902,42,-1.032861,21
CTD_CP_H,20240619T004002,160.02,19.8342,35.8729,50,-1.033217,25
CTD_CP_H,20240619T004002,161.98,19.5459,35.8522,173,-1.033729,86
CTD_CP_H,20240619T004002,163.94,19.3970,35.8409,71,-1.033972,36
CTD_CP_H,20240619T004002,166.01,19.3173,35.8636,56,-1.034028,28
CTD_CP_H,20240619T004002,168.03,19.2667,35.8929,57,-1.034227,28
CTD_CP_H,20240619T004002,170.01,19.1447,35.8832,57,-1.034458,29
CTD_CP_H,20240619T004002,172.01,18.9383,35.8561,50,-1.034726,25
CTD_CP_H,20240619T004002,174.02,18.6450,35.8231,49,-1.035053,24
CTD_CP_H,20240619T004002,176.01,18.5639,35.8226,46,-1.035209,23
CTD_CP_H,20240619T004003,178.00,18.5930,35.8643,43,-1.035178,22
CTD_CP_H,20240619T004003,179.99,18.5822,35.8907,39,-1.035240,19
CTD_CP_H,20240619T004003,182.00,18.5328,35.9075,36,-1.035232,18
CTD_CP_H,20240619T004003,183.99,18.4777,35.9112,34,-1.035272,17
CTD_CP_H,20240619T004003,185.98,18.4400,35.9169,33,-1.035389,17
CTD_CP_H,20240619T004003,188.00,18.3126,35.9009,32,-1.035556,16
CTD_CP_H,20240619T004003,190.02,18.2164,35.8932,30,-1.035628,15
CTD_CP_H,20240619T004003,192.01,18.3083,35.9456,28,-1.035455,14
CTD_CP_H,20240619T004003,193.99,18.1500,35.9369,28,-1.035675,14
CTD_CP_H,20240619T004003,196.00,18.0239,35.9180,27,-1.035814,13
CTD_CP_H,20240619T004003,198.01,17.9652,35.9165,26,-1.035912,13
CTD_CP_H,20240619T004003,200.00,17.8484,35.9131,25,-1.036010,13
CTD_CP_H,20240619T004003,202.00,17.7823,35.9132,25,-1.036074,12
CTD_CP_H,20240619T004003,204.00,17.7920,35.9466,24,-1.035978,12
CTD_CP_H,20240619T004004,206.00,17.7842,35.9817,24,-1.035949,12
CTD_CP_H,20240619T004004,208.02,17.7306,35.9791,27,-1.036049,14
CTD_CP_H,20240619T004004,210.04,17.6572,35.9793,32,-1.036166,16
CTD_CP_H,20240619T004004,212.02,17.5483,35.9746,32,-1.036247,16
CTD_CP_H,20240619T004004,214.05,17.4577,35.9847,38,-1.036348,19
CTD_CP_H,20240619T004004,216.00,17.3775,35.9875,57,-1.036417,28
CTD_CP_H,20240619T004004,217.98,17.1962,35.9791,52,-1.036573,26
CTD_CP_H,20240619T004004,219.99,17.0587,35.9772,49,-1.036751,25
CTD_CP_H,20240619T004004,221.97,16.9183,35.9715,45,-1.036883,22
CTD_CP_H,20240619T004004,224.00,16.7373,35.9557,39,-1.037135,20
CTD_CP_H,20240619T004004,226.02,16.5351,35.9310,36,-1.037366,18
CTD_CP_H,20240619T004004,228.02,16.5093,35.9355,36,-1.037334,18
CTD_CP_H,20240619T004004,230.02,16.5126,35.9413,34,-1.037341,17
CTD_CP_H,20240619T004005,232.02,16.4766,35.9468,34,-1.037353,17
CTD_CP_H,20240619T004005,234.02,16.4637,35.9488,33,-1.037351,16
CTD_CP_H,20240619T004005,236.00,16.4157,35.9464,32,-1.037411,16
CTD_CP_H,20240619T004005,237.98,16.3330,35.9484,31,-1.037499,16
CTD_CP_H,20240619T004005,239.98,16.3025,35.9503,32,-1.037529,16
CTD_CP_H,20240619T004005,242.02,16.2176,35.9428,31,-1.037607,15
CTD_CP_H,20240619T004005,243.99,16.1101,35.9282,28,-1.037762,14
CTD_CP_H,20240619T004005,245.96,15.9609,35.9153,29,-1.037875,15
CTD_CP_H,20240619T004005,248.01,15.9393,35.9184,30,-1.037881,15
CTD_CP_H,20240619T004005,250.00,15.9127,35.9151,29,-1.037908,14
CTD_CP_H,20240619T004005,251.99,15.8947,35.9148,31,-1.037914,16
CTD_CP_H,20240619T004005,253.99,15.8214,35.9154,28,-1.038015,14
CTD_CP_H,20240619T004005,255.99,15.7455,35.9128,29,-1.038064,14
CTD_CP_H,20240619T004005,258.00,15.6851,35.9056,28,-1.038144,14
CTD_CP_H,20240619T004006,260.04,15.5956,35.8992,27,-1.038206,14
CTD_CP_H,20240619T004006,262.02,15.6291,35.9255,26,-1.038152,13
CTD_CP_H,20240619T004006,264.00,15.5822,35.9253,26,-1.038170,13
CTD_CP_H,20240619T004006,266.00,15.5746,35.9301,26,-1.038177,13
CTD_CP_H,20240619T004006,267.98,15.5369,35.9331,25,-1.038195,12
CTD_CP_H,20240619T004006,269.98,15.5021,35.9352,26,-1.038234,13
CTD_CP_H,20240619T004006,271.99,15.4849,35.9355,25,-1.038243,13
CTD_CP_H,20240619T004006,274.01,15.4578,35.9349,26,-1.038248,13
CTD_CP_H,20240619T004006,276.00,15.4346,35.9350,24,-1.038247,12
CTD_CP_H,20240619T004006,277.95,15.4062,35.9352,25,-1.038279,12
CTD_CP_H,20240619T004006,279.96,15.3805,35.9368,25,-1.038286,13
CTD_CP_H,20240619T004006,281.98,15.3571,35.9367,25,-1.038291,12
CTD_CP_H,20240619T004006,283.99,15.3278,35.9381,25,-1.038310,13
CTD_CP_H,20240619T004007,285.96,15.2867,35.9383,24,-1.038334,12
CTD_CP_H,20240619T004007,287.96,15.2565,35.9342,25,-1.038367,12
CTD_CP_H,20240619T004007,290.01,15.1392,35.9252,24,-1.038458,12
CTD_CP_H,20240619T004007,292.00,15.0960,35.9232,23,-1.038488,12
CTD_CP_H,20240619T004007,294.02,15.0635,35.9230,24,-1.038516,12
CTD_CP_H,20240619T004007,296.00,15.0396,35.9223,22,-1.038558,11
CTD_CP_H,20240619T004007,298.00,15.0309,35.9217,24,-1.038550,12
CTD_CP_H,20240619T004007,300.01,15.0183,35.9201,23,-1.038584,11
CTD_CP_H,20240619T004007,302.02,14.9924,35.9179,27,-1.038585,14
CTD_CP_H,20240619T004007,304.02,14.9631,35.9150,31,-1.038587,15
CTD_CP_H,20240619T004007,306.01,14.9454,35.9124,30,-1.038621,15
CTD_CP_H,20240619T004007,308.01,14.9163,35.9093,29,-1.038674,15
CTD_CP_H,20240619T004007,310.02,14.8309,35.9036,29,-1.038747,14
CTD_CP_H,20240619T004007,312.02,14.7685,35.8996,28,-1.038784,14
CTD_CP_H,20240619T004008,314.01,14.7481,35.8976,29,-1.038798,15
CTD_CP_H,20240619T004008,316.03,14.7245,35.8955,29,-1.038828,14
CTD_CP_H,20240619T004008,318.02,14.6873,35.8914,28,-1.038839,14
CTD_CP_H,20240619T004008,320.00,14.6085,35.8846,28,-1.038888,14
CTD_CP_H,20240619T004008,322.00,14.5555,35.8811,29,-1.038882,15
CTD_CP_H,20240619T004008,324.02,14.5407,35.8807,29,-1.038925,14
CTD_CP_H,20240619T004008,326.00,14.5140,35.8793,29,-1.038941,15
CTD_CP_H,20240619T004008,328.01,14.4794,35.8769,30,-1.038965,15
CTD_CP_H,20240619T004008,330.02,14.4320,35.8714,29,-1.038971,14
CTD_CP_H,20240619T004008,332.01,14.3780,35.8670,30,-1.039007,15
CTD_CP_H,20240619T004008,333.98,14.3542,35.8633,30,-1.039040,15
CTD_CP_H,20240619T004008,336.00,14.2888,35.8589,30,-1.039070,15
CTD_CP_H,20240619T004008,338.00,14.2348,35.8520,29,-1.039075,15
CTD_CP_H,20240619T004009,339.98,14.2203,35.8500,29,-1.039087,14
CTD_CP_H,20240619T004009,341.96,14.1979,35.8504,28,-1.039081,14
CTD_CP_H,20240619T004009,343.96,14.1719,35.8474,29,-1.039106,15
CTD_CP_H,20240619T004009,345.98,14.1521,35.8475,28,-1.039092,14
CTD_CP_H,20240619T004009,347.98,14.1040,35.8442,27,-1.039112,13
CTD_CP_H,20240619T004009,349.98,14.0589,35.8397,27,-1.039102,14
CTD_CP_H,20240619T004009,351.98,14.0509,35.8398,27,-1.039110,13
CTD_CP_H,20240619T004009,354.00,14.0251,35.8382,27,-1.039137,14
CTD_CP_H,20240619T004009,356.02,13.9823,35.8336,26,-1.039137,13
CTD_CP_H,20240619T004009,358.03,13.9374,35.8291,26,-1.039153,13
CTD_CP_H,20240619T004009,360.04,13.8936,35.8251,25,-1.039171,12
CTD_CP_H,20240619T004009,362.01,13.8592,35.8210,24,-1.039157,12
CTD_CP_H,20240619T004009,363.98,13.7914,35.8152,24,-1.039198,12
CTD_CP_H,20240619T004009,365.99,13.7773,35.8154,24,-1.039165,12
CTD_CP_H,20240619T004010,367.99,13.7850,35.8188,23,-1.039155,12
CTD_CP_H,20240619T004010,369.97,13.7833,35.8190,23,-1.039140,11
CTD_CP_H,20240619T004010,371.97,13.7763,35.8174,23,-1.039172,12
CTD_CP_H,20240619T004010,373.98,13.7481,35.8137,23,-1.039187,11
CTD_CP_H,20240619T004010,375.97,13.6948,35.8078,22,-1.039199,11
CTD_CP_H,20240619T004010,377.95,13.6637,35.8039,22,-1.039211,11
CTD_CP_H,20240619T004010,379.99,13.6236,35.7981,23,-1.039228,12
CTD_CP_H,20240619T004010,382.01,13.6151,35.7966,21,-1.039202,10
CTD_CP_H,20240619T004010,383.96,13.6033,35.7956,21,-1.039208,11
CTD_CP_H,20240619T004010,385.95,13.5887,35.7941,22,-1.039230,11
CTD_CP_H,20240619T004010,388.00,13.5814,35.7951,22,-1.039201,11
CTD_CP_H,20240619T004010,390.01,13.5638,35.7942,21,-1.039201,10
CTD_CP_H,20240619T004010,391.99,13.5544,35.7929,21,-1.039219,11
CTD_CP_H,20240619T004011,393.98,13.5483,35.7926,21,-1.039233,10
CTD_CP_H,20240619T004011,396.02,13.5358,35.7919,22,-1.039205,11
CTD_CP_H,20240619T004011,398.01,13.5248,35.7941,20,-1.039162,10
CTD_CP_H,20240619T004011,399.98,13.4970,35.7909,21,-1.039177,11
CTD_CP_H,20240619T004011,402.01,13.4711,35.7870,22,-1.039194,11
CTD_CP_H,20240619T004011,404.03,13.4409,35.7831,23,-1.039202,11
CTD_CP_H,20240619T004011,405.99,13.3925,35.7778,27,-1.039204,14
CTD_CP_H,20240619T004011,407.98,13.3624,35.7738,27,-1.039180,13
CTD_CP_H,20240619T004011,409.97,13.3510,35.7722,26,-1.039171,13
CTD_CP_H,20240619T004011,411.98,13.3377,35.7705,28,-1.039190,14
CTD_CP_H,20240619T004011,414.02,13.3174,35.7675,27,-1.039213,14
CTD_CP_H,20240619T004011,416.00,13.3020,35.7652,26,-1.039225,13
CTD_CP_H,20240619T004011,417.98,13.2773,35.7643,27,-1.039204,13
CTD_CP_H,20240619T004011,420.00,13.2498,35.7612,27,-1.039214,14
CTD_CP_H,20240619T004012,421.99,13.2274,35.7580,27,-1.039251,13
CTD_CP_H,20240619T004012,424.00,13.2133,35.7557,27,-1.039239,14
CTD_CP_H,20240619T004012,426.00,13.1743,35.7504,26,-1.039287,13
CTD_CP_H,20240619T004012,427.98,13.1395,35.7432,27,-1.039306,13
CTD_CP_H,20240619T004012,429.98,13.1232,35.7401,27,-1.039286,14
CTD_CP_H,20240619T004012,431.99,13.1057,35.7382,28,-1.039289,14
CTD_CP_H,20240619T004012,434.01,13.0943,35.7376,27,-1.039283,13
CTD_CP_H,20240619T004012,436.02,13.0695,35.7361,27,-1.039272,14
CTD_CP_H,20240619T004012,438.02,13.0378,35.7339,26,-1.039250,13
CTD_CP_H,20240619T004012,439.99,13.0067,35.7338,26,-1.039240,13
CTD_CP_H,20240619T004012,442.00,13.0007,35.7335,27,-1.039245,13
CTD_CP_H,20240619T004012,444.00,13.0088,35.7377,26,-1.039224,13
CTD_CP_H,20240619T004012,446.00,13.0067,35.7393,27,-1.039219,14
CTD_CP_H,20240619T004013,448.00,12.9708,35.7341,26,-1.039246,13
CTD_CP_H,20240619T004013,449.99,12.9454,35.7313,26,-1.039224,13
CTD_CP_H,20240619T004013,451.99,12.9389,35.7310,27,-1.039219,13
CTD_CP_H,20240619T004013,454.01,12.9466,35.7365,26,-1.039208,13
CTD_CP_H,20240619T004013,456.01,12.9351,35.7356,26,-1.039196,13
CTD_CP_H,20240619T004013,458.02,12.9142,35.7343,26,-1.039190,13
CTD_CP_H,20240619T004013,459.99,12.8969,35.7342,25,-1.039181,13
CTD_CP_H,20240619T004013,461.97,12.8888,35.7345,26,-1.039179,13
CTD_CP_H,20240619T004013,463.99,12.8786,35.7347,26,-1.039149,13
CTD_CP_H,20240619T004013,465.99,12.8566,35.7315,25,-1.039182,12
CTD_CP_H,20240619T004013,468.00,12.8443,35.7295,26,-1.039191,13
CTD_CP_H,20240619T004013,470.02,12.8325,35.7282,25,-1.039210,13
CTD_CP_H,20240619T004013,471.98,12.8276,35.7276,25,-1.039178,12
CTD_CP_H,20240619T004013,473.96,12.8314,35.7312,25,-1.039160,13
CTD_CP_H,20240619T004014,475.96,12.8037,35.7320,25,-1.039167,12
CTD_CP_H,20240619T004014,477.98,12.7767,35.7301,25,-1.039162,13
CTD_CP_H,20240619T004014,480.01,12.7640,35.7297,25,-1.039171,12
CTD_CP_H,20240619T004014,481.99,12.7524,35.7293,24,-1.039184,12
CTD_CP_H,20240619T004014,483.99,12.7420,35.7300,25,-1.039143,13
CTD_CP_H,20240619T004014,486.01,12.7182,35.7274,24,-1.039144,12
CTD_CP_H,20240619T004014,488.01,12.7001,35.7249,24,-1.039157,12
CTD_CP_H,20240619T004014,490.02,12.6793,35.7219,24,-1.039149,12
CTD_CP_H,20240619T004014,492.01,12.6529,35.7179,23,-1.039166,11
CTD_CP_H,20240619T004014,494.02,12.6197,35.7136,24,-1.039178,12
CTD_CP_H,20240619T004014,496.04,12.6044,35.7114,23,-1.039184,12
CTD_CP_H,20240619T004014,498.03,12.5825,35.7080,23,-1.039197,11
CTD_CP_H,20240619T004014,500.01,12.5679,35.7052,23,-1.039189,12
CTD_CP_H,20240619T004015,502.02,12.5352,35.6998,23,-1.039184,11
CTD_CP_H,20240619T004015,504.01,12.4943,35.6928,22,-1.039260,11
CTD_CP_H,20240619T004015,506.00,12.4733,35.6889,23,-1.039284,12
CTD_CP_H,20240619T004015,508.01,12.4591,35.6868,22,-1.039290,11
CTD_CP_H,20240619T004015,510.00,12.4597,35.6884,23,-1.039267,11
CTD_CP_H,20240619T004015,512.03,12.4528,35.6881,23,-1.039284,12
CTD_CP_H,20240619T004015,514.05,12.4372,35.6863,22,-1.039290,11
CTD_CP_H,20240619T004015,516.02,12.4249,35.6851,22,-1.039277,11
CTD_CP_H,20240619T004015,518.00,12.4170,35.6849,22,-1.039285,11
CTD_CP_H,20240619T004015,520.00,12.4091,35.6863,22,-1.039265,11
CTD_CP_H,20240619T004015,522.01,12.4069,35.6888,22,-1.039279,11
CTD_CP_H,20240619T004015,524.03,12.3902,35.6866,22,-1.039299,11
CTD_CP_H,20240619T004015,526.01,12.3703,35.6833,21,-1.039299,10
CTD_CP_H,20240619T004016,528.01,12.3716,35.6849,22,-1.039290,11
CTD_CP_H,20240619T004016,530.03,12.3709,35.6874,22,-1.039270,11
CTD_CP_H,20240619T004016,532.05,12.3661,35.6870,23,-1.039279,12
CTD_CP_H,20240619T004016,534.03,12.3540,35.6863,26,-1.039283,13
CTD_CP_H,20240619T004016,536.01,12.3489,35.6869,29,-1.039260,14
CTD_CP_H,20240619T004016,538.00,12.3526,35.6911,27,-1.039231,14
CTD_CP_H,20240619T004016,539.97,12.3506,35.6920,28,-1.039211,14
CTD_CP_H,20240619T004016,541.99,12.3422,35.6917,29,-1.039215,14
CTD_CP_H,20240619T004016,544.02,12.3247,35.6890,28,-1.039236,14
CTD_CP_H,20240619T004016,546.01,12.2984,35.6863,27,-1.039264,14
CTD_CP_H,20240619T004016,547.99,12.2606,35.6812,28,-1.039314,14
CTD_CP_H,20240619T004016,550.02,12.2459,35.6785,28,-1.039331,14
CTD_CP_H,20240619T004016,552.02,12.2051,35.6728,27,-1.039375,13
CTD_CP_H,20240619T004016,554.01,12.1767,35.6689,28,-1.039358,14
CTD_CP_H,20240619T004017,555.99,12.1743,35.6703,27,-1.039343,14
CTD_CP_H,20240619T004017,557.98,12.1598,35.6703,28,-1.039358,14
CTD_CP_H,20240619T004017,560.00,12.1419,35.6692,28,-1.039355,14
CTD_CP_H,20240619T004017,562.01,12.1354,35.6700,27,-1.039340,13
CTD_CP_H,20240619T004017,563.98,12.1316,35.6726,27,-1.039343,14
CTD_CP_H,20240619T004017,565.98,12.1266,35.6738,27,-1.039345,13
CTD_CP_H,20240619T004017,568.01,12.1229,35.6756,28,-1.039334,14
CTD_CP_H,20240619T004017,570.05,12.0972,35.6739,27,-1.039335,14
CTD_CP_H,20240619T004017,572.03,12.0824,35.6732,26,-1.039342,13
CTD_CP_H,20240619T004017,574.01,12.0636,35.6734,27,-1.039346,13
CTD_CP_H,20240619T004017,576.02,12.0584,35.6742,27,-1.039343,14
CTD_CP_H,20240619T004017,578.01,12.0519,35.6732,26,-1.039326,13
CTD_CP_H,20240619T004017,580.00,12.0342,35.6717,27,-1.039335,13
CTD_CP_H,20240619T004018,582.01,12.0067,35.6707,26,-1.039349,13
CTD_CP_H,20240619T004018,583.99,11.9795,35.6672,26,-1.039387,13
CTD_CP_H,20240619T004018,585.98,11.9748,35.6671,26,-1.039401,13
CTD_CP_H,20240619T004018,588.01,11.9479,35.6629,27,-1.039415,14
CTD_CP_H,20240619T004018,590.01,11.9155,35.6597,25,-1.039432,12
CTD_CP_H,20240619T004018,591.97,11.9011,35.6589,26,-1.039444,13
CTD_CP_H,20240619T004018,593.97,11.8889,35.6570,26,-1.039434,13
CTD_CP_H,20240619T004018,595.97,11.8646,35.6545,26,-1.039453,13
CTD_CP_H,20240619T004018,598.00,11.8326,35.6515,26,-1.039465,13
CTD_CP_H,20240619T004018,600.03,11.8270,35.6518,26,-1.039455,13
CTD_CP_H,20240619T004018,602.02,11.8142,35.6513,25,-1.039460,13
CTD_CP_H,20240619T004018,604.03,11.8201,35.6558,26,-1.039435,13
CTD_CP_H,20240619T004018,606.00,11.8192,35.6567,24,-1.039426,12
CTD_CP_H,20240619T004018,607.98,11.7836,35.6524,26,-1.039457,13
CTD_CP_H,20240619T004019,610.02,11.7658,35.6494,25,-1.039468,12
CTD_CP_H,20240619T004019,611.99,11.7435,35.6468,24,-1.039494,12
CTD_CP_H,20240619T004019,614.00,11.7281,35.6444,26,-1.039502,13
CTD_CP_H,20240619T004019,616.01,11.7002,35.6407,24,-1.039531,12
CTD_CP_H,20240619T004019,617.98,11.6794,35.6379,25,-1.039544,13
CTD_CP_H,20240619T004019,619.99,11.6584,35.6362,24,-1.039568,12
CTD_CP_H,20240619T004019,621.96,11.6503,35.6352,24,-1.039583,12
CTD_CP_H,20240619T004019,623.98,11.6466,35.6357,25,-1.039584,12
CTD_CP_H,20240619T004019,626.02,11.6378,35.6365,24,-1.039585,12
CTD_CP_H,20240619T004019,628.01,11.6171,35.6343,24,-1.039610,12
CTD_CP_H,20240619T004019,630.01,11.5928,35.6316,24,-1.039610,12
CTD_CP_H,20240619T004019,632.01,11.5734,35.6294,24,-1.039604,12
CTD_CP_H,20240619T004019,634.01,11.5664,35.6291,24,-1.039622,12
CTD_CP_H,20240619T004020,635.98,11.5624,35.6293,23,-1.039622,12
CTD_CP_H,20240619T004020,637.99,11.5633,35.6306,25,-1.039621,12
CTD_CP_H,20240619T004020,640.02,11.5459,35.6298,23,-1.039602,12
CTD_CP_H,20240619T004020,642.01,11.5274,35.6285,24,-1.039629,12
CTD_CP_H,20240619T004020,644.01,11.5183,35.6280,23,-1.039632,11
CTD_CP_H,20240619T004020,646.01,11.4964,35.6252,24,-1.039678,12
CTD_CP_H,20240619T004020,648.01,11.4589,35.6202,23,-1.039724,12
CTD_CP_H,20240619T004020,650.01,11.4367,35.6181,24,-1.039710,12
CTD_CP_H,20240619T004020,652.00,11.4303,35.6172,23,-1.039713,11
CTD_CP_H,20240619T004020,653.99,11.4102,35.6149,24,-1.039755,12
CTD_CP_H,20240619T004020,656.01,11.3841,35.6121,24,-1.039777,12
CTD_CP_H,20240619T004020,658.00,11.3639,35.6097,23,-1.039781,12
CTD_CP_H,20240619T004020,659.99,11.3274,35.6056,24,-1.039783,12
CTD_CP_H,20240619T004020,662.02,11.3119,35.6048,24,-1.039796,12
CTD_CP_H,20240619T004021,664.01,11.3034,35.6049,23,-1.039794,11
CTD_CP_H,20240619T004021,665.99,11.2961,35.6040,24,-1.039801,12
CTD_CP_H,20240619T004021,668.00,11.2828,35.6027,24,-1.039831,12
CTD_CP_H,20240619T004021,669.98,11.2589,35.6002,23,-1.039872,12
CTD_CP_H,20240619T004021,671.95,11.2446,35.5997,24,-1.039863,12
CTD_CP_H,20240619T004021,673.98,11.2242,35.6001,24,-1.039863,12
CTD_CP_H,20240619T004021,676.01,11.2059,35.5989,24,-1.039872,12
CTD_CP_H,20240619T004021,677.99,11.1987,35.5977,23,-1.039896,11
CTD_CP_H,20240619T004021,679.97,11.1915,35.5977,24,-1.039927,12
CTD_CP_H,20240619T004021,682.01,11.1881,35.5982,24,-1.039909,12
CTD_CP_H,20240619T004021,684.02,11.1760,35.5972,23,-1.039906,12
CTD_CP_H,20240619T004021,685.99,11.1378,35.5927,23,-1.039934,11
CTD_CP_H,20240619T004021,687.97,11.1100,35.5893,23,-1.039963,12
CTD_CP_H,20240619T004022,689.99,11.0948,35.5874,24,-1.039988,12
CTD_CP_H,20240619T004022,692.02,11.0801,35.5867,23,-1.039978,11
CTD_CP_H,20240619T004022,694.01,11.0685,35.5850,23,-1.039998,12
CTD_CP_H,20240619T004022,696.00,11.0521,35.5834,23,-1.040016,11
CTD_CP_H,20240619T004022,698.00,11.0310,35.5815,23,-1.040004,12
CTD_CP_H,20240619T004022,700.00,10.9924,35.5774,23,-1.040037,11
CTD_CP_H,20240619T004022,702.01,10.9786,35.5760,23,-1.040059,12
CTD_CP_H,20240619T004022,704.03,10.9706,35.5755,23,-1.040071,11
CTD_CP_H,20240619T004022,706.01,10.9431,35.5728,22,-1.040083,11
CTD_CP_H,20240619T004022,707.98,10.9382,35.5717,23,-1.040110,12
CTD_CP_H,20240619T004022,710.02,10.9336,35.5715,26,-1.040129,13
CTD_CP_H,20240619T004022,712.03,10.9146,35.5691,29,-1.040153,14
CTD_CP_H,20240619T004022,713.98,10.8816,35.5650,29,-1.040170,15
CTD_CP_H,20240619T004022,715.96,10.8546,35.5618,30,-1.040190,15
CTD_CP_H,20240619T004023,717.98,10.8324,35.5596,30,-1.040204,15
CTD_CP_H,20240619T004023,720.00,10.8130,35.5600,29,-1.040229,14
CTD_CP_H,20240619T004023,721.99,10.8077,35.5595,29,-1.040254,15
CTD_CP_H,20240619T004023,723.98,10.7834,35.5560,28,-1.040269,14
CTD_CP_H,20240619T004023,725.99,10.7544,35.5526,29,-1.040296,14
CTD_CP_H,20240619T004023,728.00,10.7432,35.5516,28,-1.040316,14
CTD_CP_H,20240619T004023,729.98,10.7060,35.5472,28,-1.040368,14
CTD_CP_H,20240619T004023,731.97,10.6989,35.5457,28,-1.040378,14
CTD_CP_H,20240619T004023,733.98,10.6750,35.5439,28,-1.040375,14
CTD_CP_H,20240619T004023,736.00,10.6551,35.5423,28,-1.040394,14
CTD_CP_H,20240619T004023,737.99,10.6386,35.5434,27,-1.040423,14
CTD_CP_H,20240619T004023,739.99,10.6198,35.5427,27,-1.040425,13
CTD_CP_H,20240619T004023,742.00,10.6117,35.5416,27,-1.040438,14
CTD_CP_H,20240619T004024,743.99,10.6035,35.5419,26,-1.040449,13
CTD_CP_H,20240619T004024,745.96,10.5742,35.5387,26,-1.040481,13
CTD_CP_H,20240619T004024,747.99,10.5557,35.5371,27,-1.040484,13
CTD_CP_H,20240619T004024,750.00,10.5490,35.5367,25,-1.040480,13
CTD_CP_H,20240619T004024,751.98,10.5207,35.5336,26,-1.040525,13
CTD_CP_H,20240619T004024,754.00,10.5056,35.5316,26,-1.040557,13
CTD_CP_H,20240619T004024,755.99,10.5027,35.5320,25,-1.040551,12
CTD_CP_H,20240619T004024,757.99,10.5016,35.5327,27,-1.040565,14
CTD_CP_H,20240619T004024,760.01,10.5114,35.5366,25,-1.040526,12
CTD_CP_H,20240619T004024,762.00,10.5128,35.5406,26,-1.040535,13
CTD_CP_H,20240619T004024,764.04,10.4970,35.5394,25,-1.040561,13
CTD_CP_H,20240619T004024,766.03,10.4848,35.5380,25,-1.040550,12
CTD_CP_H,20240619T004024,768.02,10.4738,35.5363,25,-1.040566,13
CTD_CP_H,20240619T004024,769.99,10.4648,35.5360,24,-1.040578,12
CTD_CP_H,20240619T004025,771.99,10.4512,35.5345,25,-1.040592,12
CTD_CP_H,20240619T004025,774.00,10.4456,35.5333,25,-1.040609,13
CTD_CP_H,20240619T004025,775.99,10.4352,35.5319,24,-1.040627,12
CTD_CP_H,20240619T004025,777.98,10.4292,35.5320,25,-1.040642,12
CTD_CP_H,20240619T004025,779.98,10.4167,35.5307,24,-1.040657,12
CTD_CP_H,20240619T004025,781.98,10.4029,35.5282,25,-1.040660,13
CTD_CP_H,20240619T004025,783.99,10.3506,35.5203,24,-1.040728,12
CTD_CP_H,20240619T004025,786.01,10.3080,35.5143,25,-1.040769,12
CTD_CP_H,20240619T004025,788.03,10.2883,35.5105,24,-1.040795,12
CTD_CP_H,20240619T004025,790.01,10.2718,35.5082,24,-1.040815,12
CTD_CP_H,20240619T004025,792.01,10.2434,35.5045,24,-1.040819,12
CTD_CP_H,20240619T004025,794.03,10.2215,35.5022,24,-1.040844,12
CTD_CP_H,20240619T004025,795.99,10.2168,35.5025,23,-1.040835,12
CTD_CP_H,20240619T004026,798.00,10.2101,35.5023,25,-1.040873,12
CTD_CP_H,20240619T004026,800.02,10.1674,35.4953,23,-1.040923,12
CTD_CP_H,20240619T004026,802.02,10.1291,35.4906,24,-1.040952,12
CTD_CP_H,20240619T004026,804.01,10.0780,35.4859,23,-1.040980,11
CTD_CP_H,20240619T004026,805.98,10.0374,35.4807,23,-1.041044,12
CTD_CP_H,20240619T004026,808.01,10.0155,35.4785,24,-1.041041,12
CTD_CP_H,20240619T004026,810.03,10.0085,35.4783,23,-1.041060,11
CTD_CP_H,20240619T004026,811.99,9.9884,35.4754,23,-1.041080,12
CTD_CP_H,20240619T004026,813.97,9.9700,35.4725,23,-1.041090,11
CTD_CP_H,20240619T004026,815.97,9.9509,35.4691,23,-1.041100,12
CTD_CP_H,20240619T004026,817.97,9.9484,35.4706,23,-1.041099,11
CTD_CP_H,20240619T004026,819.97,9.9600,35.4752,23,-1.041068,12
CTD_CP_H,20240619T004026,821.99,9.9607,35.4782,23,-1.041059,11
CTD_CP_H,20240619T004026,824.02,9.9430,35.4761,23,-1.041110,12
CTD_CP_H,20240619T004027,825.99,9.9298,35.4738,22,-1.041124,11
CTD_CP_H,20240619T004027,827.98,9.8882,35.4682,23,-1.041140,11
CTD_CP_H,20240619T004027,830.01,9.8728,35.4664,23,-1.041170,12
CTD_CP_H,20240619T004027,832.02,9.8691,35.4658,22,-1.041169,11
CTD_CP_H,20240619T004027,834.02,9.8631,35.4645,23,-1.041203,11
CTD_CP_H,20240619T004027,836.03,9.8308,35.4607,23,-1.041234,12
CTD_CP_H,20240619T004027,838.04,9.7988,35.4560,26,-1.041273,13
CTD_CP_H,20240619T004027,840.01,9.7911,35.4557,30,-1.041280,15
CTD_CP_H,20240619T004027,842.02,9.7924,35.4588,31,-1.041269,15
CTD_CP_H,20240619T004027,844.03,9.7806,35.4577,30,-1.041315,15
CTD_CP_H,20240619T004027,846.02,9.7318,35.4514,30,-1.041356,15
CTD_CP_H,20240619T004027,848.01,9.6912,35.4461,29,-1.041393,15
CTD_CP_H,20240619T004027,850.00,9.6734,35.4440,30,-1.041398,15
CTD_CP_H,20240619T004028,852.02,9.6522,35.4426,30,-1.041378,15
CTD_CP_H,20240619T004028,854.01,9.6315,35.4400,29,-1.041421,14
CTD_CP_H,20240619T004028,856.00,9.6061,35.4378,29,-1.041421,15
CTD_CP_H,20240619T004028,857.98,9.5944,35.4381,28,-1.041448,14
CTD_CP_H,20240619T004028,859.97,9.5900,35.4384,29,-1.041446,14
CTD_CP_H,20240619T004028,861.99,9.5812,35.4375,29,-1.041480,15
CTD_CP_H,20240619T004028,864.01,9.5672,35.4371,28,-1.041489,14
CTD_CP_H,20240619T004028,866.02,9.5552,35.4385,28,-1.041489,14
CTD_CP_H,20240619T004028,868.00,9.5433,35.4374,27,-1.041515,13
CTD_CP_H,20240619T004028,870.01,9.5345,35.4365,28,-1.041541,14
CTD_CP_H,20240619T004028,872.03,9.5190,35.4350,27,-1.041520,14
CTD_CP_H,20240619T004028,874.00,9.5023,35.4331,26,-1.041550,13
CTD_CP_H,20240619T004028,875.97,9.4753,35.4320,27,-1.041588,13
CTD_CP_H,20240619T004028,877.99,9.4686,35.4309,27,-1.041626,14
CTD_CP_H,20240619T004029,879.98,9.4633,35.4306,26,-1.041613,13
CTD_CP_H,20240619T004029,881.98,9.4604,35.4303,27,-1.041633,13
CTD_CP_H,20240619T004029,884.01,9.4344,35.4280,26,-1.041631,13
CTD_CP_H,20240619T004029,885.99,9.4142,35.4272,25,-1.041649,13
CTD_CP_H,20240619T004029,888.00,9.3995,35.4261,26,-1.041694,13
CTD_CP_H,20240619T004029,890.01,9.3848,35.4255,25,-1.041703,12
CTD_CP_H,20240619T004029,891.99,9.3750,35.4247,25,-1.041719,13
CTD_CP_H,20240619T004029,893.98,9.3548,35.4231,25,-1.041743,12
CTD_CP_H,20240619T004029,896.00,9.3360,35.4220,25,-1.041749,13
CTD_CP_H,20240619T004029,898.00,9.3169,35.4203,24,-1.041756,12
CTD_CP_H,20240619T004029,899.97,9.2995,35.4183,24,-1.041772,12
CTD_CP_H,20240619T004029,901.98,9.2867,35.4170,25,-1.041802,12
CTD_CP_H,20240619T004029,903.99,9.2779,35.4159,24,-1.041798,12
CTD_CP_H,20240619T004030,905.99,9.2703,35.4151,24,-1.041794,12
CTD_CP_H,20240619T004030,908.00,9.2505,35.4139,24,-1.041811,12
CTD_CP_H,20240619T004030,910.00,9.2350,35.4124,23,-1.041830,12
CTD_CP_H,20240619T004030,912.01,9.2293,35.4114,24,-1.041863,12
CTD_CP_H,20240619T004030,914.03,9.2183,35.4102,23,-1.041887,11
CTD_CP_H,20240619T004030,916.03,9.2034,35.4090,23,-1.041902,12
CTD_CP_H,20240619T004030,918.00,9.1972,35.4083,22,-1.041887,11
CTD_CP_H,20240619T004030,919.97,9.1877,35.4073,23,-1.041933,11
CTD_CP_H,20240619T004030,921.99,9.1731,35.4060,23,-1.041929,12
CTD_CP_H,20240619T004030,924.01,9.1517,35.4041,23,-1.041958,11
CTD_CP_H,20240619T004030,925.99,9.1347,35.4022,22,-1.041952,11
CTD_CP_H,20240619T004030,927.99,9.1210,35.4007,23,-1.041974,12
CTD_CP_H,20240619T004030,929.99,9.1089,35.3992,22,-1.041986,11
CTD_CP_H,20240619T004030,931.96,9.0981,35.3979,22,-1.041987,11
CTD_CP_H,20240619T004031,933.98,9.0819,35.3960,23,-1.042014,11
CTD_CP_H,20240619T004031,936.01,9.0608,35.3937,22,-1.042021,11
CTD_CP_H,20240619T004031,938.01,9.0503,35.3920,22,-1.042036,11
CTD_CP_H,20240619T004031,940.01,9.0336,35.3902,22,-1.042037,11
CTD_CP_H,20240619T004031,942.02,9.0116,35.3885,22,-1.042053,11
CTD_CP_H,20240619T004031,944.02,8.9952,35.3868,22,-1.042068,11
CTD_CP_H,20240619T004031,946.01,8.9861,35.3858,21,-1.042100,11
CTD_CP_H,20240619T004031,948.01,8.9769,35.3851,22,-1.042131,11
CTD_CP_H,20240619T004031,950.01,8.9609,35.3834,21,-1.042132,10
CTD_CP_H,20240619T004031,952.00,8.9536,35.3820,22,-1.042114,11
CTD_CP_H,20240619T004031,953.99,8.9435,35.3813,21,-1.042139,11
CTD_CP_H,20240619T004031,955.99,8.9303,35.3802,22,-1.042123,11
CTD_CP_H,20240619T004031,958.01,8.9190,35.3786,21,-1.042147,10
CTD_CP_H,20240619T004032,959.97,8.9035,35.3772,21,-1.042150,11
CTD_CP_H,20240619T004032,961.98,8.8830,35.3753,22,-1.042171,11
CTD_CP_H,20240619T004032,964.00,8.8754,35.3743,21,-1.042160,10
CTD_CP_H,20240619T004032,966.02,8.8634,35.3732,23,-1.042165,12
CTD_CP_H,20240619T004032,968.06,8.8557,35.3726,24,-1.042204,12
CTD_CP_H,20240619T004032,970.01,8.8393,35.3711,27,-1.042201,13
CTD_CP_H,20240619T004032,971.99,8.8269,35.3698,28,-1.042220,14
CTD_CP_H,20240619T004032,974.00,8.8064,35.3679,28,-1.042235,14
CTD_CP_H,20240619T004032,976.01,8.7892,35.3661,27,-1.042238,14
CTD_CP_H,20240619T004032,978.00,8.7774,35.3649,28,-1.042246,14
CTD_CP_H,20240619T004032,980.01,8.7626,35.3630,27,-1.042236,13
CTD_CP_H,20240619T004032,982.01,8.7460,35.3612,27,-1.042243,14
CTD_CP_H,20240619T004032,984.02,8.7284,35.3599,27,-1.042285,13
CTD_CP_H,20240619T004032,986.00,8.7160,35.3582,26,-1.042298,13
CTD_CP_H,20240619T004033,987.99,8.7082,35.3577,27,-1.042298,14
CTD_CP_H,20240619T004033,990.02,8.6946,35.3558,27,-1.042325,13
CTD_CP_H,20240619T004033,992.02,8.6794,35.3542,26,-1.042339,13
CTD_CP_H,20240619T004033,994.01,8.6706,35.3534,27,-1.042320,14
CTD_CP_H,20240619T004033,996.03,8.6635,35.3520,26,-1.042338,13
CTD_CP_H,20240619T004033,998.01,8.6509,35.3509,26,-1.042325,13
CTD_CP_H,20240619T004033,999.97,8.6394,35.3492,26,-1.042348,13
CTD_CP_H,20240619T004033,1001.97,8.6174,35.3466,26,-1.042349,13
CTD_CP_H,20240619T004033,1003.98,8.5989,35.3450,26,-1.042353,13
CTD_CP_H,20240619T004033,1005.98,8.5902,35.3441,26,-1.042373,13
CTD_CP_H,20240619T004033,1007.98,8.5791,35.3428,26,-1.042391,13
CTD_CP_H,20240619T004033,1009.98,8.5581,35.3410,26,-1.042403,13
CTD_CP_H,20240619T004033,1011.99,8.5441,35.3395,26,-1.042401,13
CTD_CP_H,20240619T004034,1014.01,8.5353,35.3389,26,-1.042426,13
CTD_CP_H,20240619T004034,1016.03,8.5249,35.3381,26,-1.042449,13
CTD_CP_H,20240619T004034,1018.02,8.5108,35.3366,25,-1.042435,12
CTD_CP_H,20240619T004034,1020.00,8.4919,35.3347,26,-1.042430,13
CTD_CP_H,20240619T004034,1022.01,8.4842,35.3347,26,-1.042448,13
CTD_CP_H,20240619T004034,1024.01,8.4768,35.3342,25,-1.042464,13
CTD_CP_H,20240619T004034,1026.00,8.4741,35.3335,26,-1.042483,13
CTD_CP_H,20240619T004034,1028.03,8.4530,35.3317,26,-1.042498,13
CTD_CP_H,20240619T004034,1030.02,8.4330,35.3294,25,-1.042530,12
CTD_CP_H,20240619T004034,1032.03,8.4187,35.3283,26,-1.042537,13
CTD_CP_H,20240619T004034,1034.03,8.4143,35.3276,25,-1.042527,13
CTD_CP_H,20240619T004034,1035.99,8.4061,35.3266,25,-1.042540,12
CTD_CP_H,20240619T004034,1038.00,8.3830,35.3247,26,-1.042559,13
CTD_CP_H,20240619T004034,1040.01,8.3712,35.3233,25,-1.042576,13
CTD_CP_H,20240619T004035,1042.03,8.3612,35.3220,26,-1.042570,13
CTD_CP_H,20240619T004035,1044.02,8.3558,35.3213,24,-1.042566,12
CTD_CP_H,20240619T004035,1046.00,8.3498,35.3206,26,-1.042569,13
CTD_CP_H,20240619T004035,1048.03,8.3413,35.3193,25,-1.042580,12
CTD_CP_H,20240619T004035,1050.01,8.3274,35.3177,24,-1.042585,12
CTD_CP_H,20240619T004035,1051.98,8.3058,35.3158,25,-1.042603,13
CTD_CP_H,20240619T004035,1053.98,8.2978,35.3151,25,-1.042587,12
CTD_CP_H,20240619T004035,1055.99,8.2908,35.3146,25,-1.042592,13
CTD_CP_H,20240619T004035,1057.98,8.2856,35.3135,24,-1.042603,12
CTD_CP_H,20240619T004035,1059.97,8.2800,35.3128,25,-1.042609,12
CTD_CP_H,20240619T004035,1062.02,8.2720,35.3121,25,-1.042646,13
CTD_CP_H,20240619T004035,1064.02,8.2591,35.3103,24,-1.042665,12
CTD_CP_H,20240619T004035,1066.02,8.2483,35.3092,25,-1.042650,12
CTD_CP_H,20240619T004036,1068.03,8.2320,35.3081,24,-1.042645,12
CTD_CP_H,20240619T004036,1070.01,8.2168,35.3060,24,-1.042662,12
CTD_CP_H,20240619T004036,1072.02,8.2133,35.3057,24,-1.042660,12
CTD_CP_H,20240619T004036,1073.99,8.1970,35.3040,23,-1.042703,12
CTD_CP_H,20240619T004036,1075.98,8.1747,35.3021,24,-1.042695,12
CTD_CP_H,20240619T004036,1078.02,8.1512,35.2996,24,-1.042699,12
CTD_CP_H,20240619T004036,1080.04,8.1326,35.2978,23,-1.042728,11
CTD_CP_H,20240619T004036,1082.02,8.1174,35.2959,23,-1.042761,12
CTD_CP_H,20240619T004036,1084.03,8.0933,35.2934,23,-1.042748,11
CTD_CP_H,20240619T004036,1086.01,8.0739,35.2914,22,-1.042776,11
CTD_CP_H,20240619T004036,1088.01,8.0510,35.2896,23,-1.042771,12
CTD_CP_H,20240619T004036,1090.01,8.0402,35.2887,22,-1.042816,11
CTD_CP_H,20240619T004036,1091.99,8.0301,35.2877,22,-1.042828,11
CTD_CP_H,20240619T004037,1094.00,8.0143,35.2867,23,-1.042831,11
CTD_CP_H,20240619T004037,1096.03,8.0095,35.2863,23,-1.042847,12
CTD_CP_H,20240619T004037,1098.06,8.0006,35.2854,25,-1.042885,12
CTD_CP_H,20240619T004037,1100.04,7.9789,35.2836,29,-1.042878,15
CTD_CP_H,20240619T004037,1102.02,7.9617,35.2818,29,-1.042881,14
CTD_CP_H,20240619T004037,1104.00,7.9477,35.2808,29,-1.042871,15
CTD_CP_H,20240619T004037,1106.01,7.9408,35.2800,29,-1.042900,14
CTD_CP_H,20240619T004037,1108.02,7.9283,35.2789,29,-1.042910,15
CTD_CP_H,20240619T004037,1110.03,7.9037,35.2761,28,-1.042910,14
CTD_CP_H,20240619T004037,1112.02,7.8850,35.2739,28,-1.042917,14
CTD_CP_H,20240619T004037,1113.99,7.8647,35.2714,27,-1.042908,13
CTD_CP_H,20240619T004037,1115.97,7.8538,35.2705,28,-1.042923,14
CTD_CP_H,20240619T004037,1117.97,7.8424,35.2687,27,-1.042947,14
CTD_CP_H,20240619T004037,1119.99,7.8320,35.2681,28,-1.042932,14
CTD_CP_H,20240619T004038,1122.00,7.8199,35.2668,27,-1.042915,13
CTD_CP_H,20240619T004038,1124.00,7.8148,35.2664,27,-1.042931,14
CTD_CP_H,20240619T004038,1126.00,7.8087,35.2656,27,-1.042960,13
CTD_CP_H,20240619T004038,1127.99,7.7928,35.2644,26,-1.042966,13
CTD_CP_H,20240619T004038,1129.99,7.7793,35.2627,27,-1.042958,14
CTD_CP_H,20240619T004038,1131.99,7.7651,35.2611,26,-1.042963,13
CTD_CP_H,20240619T004038,1133.98,7.7554,35.2600,26,-1.042966,13
CTD_CP_H,20240619T004038,1136.00,7.7487,35.2593,26,-1.042981,13
CTD_CP_H,20240619T004038,1138.02,7.7364,35.2581,26,-1.043004,13
CTD_CP_H,20240619T004038,1139.99,7.7184,35.2562,25,-1.043002,12
CTD_CP_H,20240619T004038,1141.95,7.7025,35.2546,25,-1.042981,13
CTD_CP_H,20240619T004038,1143.98,7.6952,35.2543,26,-1.043029,13
CTD_CP_H,20240619T004038,1146.01,7.6891,35.2555,25,-1.043064,12
CTD_CP_H,20240619T004039,1148.00,7.6822,35.2540,25,-1.043068,13
CTD_CP_H,20240619T004039,1149.98,7.6718,35.2530,25,-1.043058,12
CTD_CP_H,20240619T004039,1151.97,7.6535,35.2511,25,-1.043056,13
CTD_CP_H,20240619T004039,1153.98,7.6305,35.2491,25,-1.043069,12
CTD_CP_H,20240619T004039,1155.99,7.6169,35.2475,25,-1.043066,13
CTD_CP_H,20240619T004039,1157.99,7.6032,35.2462,25,-1.043083,12
CTD_CP_H,20240619T004039,1160.02,7.5957,35.2457,26,-1.043079,13
CTD_CP_H,20240619T004039,1162.01,7.5872,35.2446,24,-1.043071,12
CTD_CP_H,20240619T004039,1163.97,7.5847,35.2443,25,-1.043088,13
CTD_CP_H,20240619T004039,1165.98,7.5752,35.2436,25,-1.043085,12
CTD_CP_H,20240619T004039,1168.01,7.5602,35.2422,25,-1.043110,13
CTD_CP_H,20240619T004039,1169.99,7.5504,35.2413,24,-1.043126,12
CTD_CP_H,20240619T004039,1171.98,7.5365,35.2398,25,-1.043128,12
CTD_CP_H,20240619T004039,1174.02,7.5304,35.2392,25,-1.043153,13
CTD_CP_H,20240619T004040,1176.02,7.5178,35.2385,24,-1.043157,12
CTD_CP_H,20240619T004040,1177.97,7.5130,35.2379,24,-1.043125,12
CTD_CP_H,20240619T004040,1179.97,7.5120,35.2370,25,-1.043143,12
CTD_CP_H,20240619T004040,1181.97,7.5042,35.2363,24,-1.043175,12
CTD_CP_H,20240619T004040,1183.96,7.4838,35.2344,25,-1.043176,13
CTD_CP_H,20240619T004040,1185.96,7.4661,35.2322,24,-1.043163,12
CTD_CP_H,20240619T004040,1187.98,7.4542,35.2310,25,-1.043173,12
CTD_CP_H,20240619T004040,1190.02,7.4447,35.2297,25,-1.043169,13
CTD_CP_H,20240619T004040,1192.03,7.4327,35.2284,24,-1.043153,12
CTD_CP_H,20240619T004040,1194.00,7.4263,35.2274,24,-1.043192,12
CTD_CP_H,20240619T004040,1195.97,7.4138,35.2266,24,-1.043209,12
CTD_CP_H,20240619T004040,1197.98,7.3997,35.2250,25,-1.043201,12
CTD_CP_H,20240619T004040,1199.99,7.3913,35.2239,24,-1.043190,12
CTD_CP_H,20240619T004041,1201.99,7.3825,35.2231,25,-1.043193,13
CTD_CP_H,20240619T004041,1203.99,7.3668,35.2217,24,-1.043206,12
CTD_CP_H,20240619T004041,1205.98,7.3612,35.2207,25,-1.043238,12
CTD_CP_H,20240619T004041,1207.98,7.3489,35.2194,24,-1.043234,12
CTD_CP_H,20240619T004041,1209.99,7.3312,35.2176,25,-1.043255,13
CTD_CP_H,20240619T004041,1211.99,7.3136,35.2158,24,-1.043252,12
CTD_CP_H,20240619T004041,1213.99,7.3001,35.2145,25,-1.043267,12
CTD_CP_H,20240619T004041,1216.00,7.2868,35.2133,24,-1.043255,12
CTD_CP_H,20240619T004041,1218.00,7.2665,35.2112,25,-1.043256,13
CTD_CP_H,20240619T004041,1220.01,7.2587,35.2105,24,-1.043254,12
CTD_CP_H,20240619T004041,1221.98,7.2439,35.2091,24,-1.043242,12
CTD_CP_H,20240619T004041,1223.98,7.2313,35.2082,25,-1.043282,12
CTD_CP_H,20240619T004041,1226.01,7.2151,35.2066,24,-1.043287,12
CTD_CP_H,20240619T004041,1227.98,7.2007,35.2050,24,-1.043276,12
CTD_CP_H,20240619T004042,1230.01,7.1947,35.2043,25,-1.043268,13
CTD_CP_H,20240619T004042,1232.04,7.1740,35.2026,24,-1.043284,12
CTD_CP_H,20240619T004042,1234.02,7.1628,35.2012,24,-1.043293,12
CTD_CP_H,20240619T004042,1236.01,7.1542,35.2009,24,-1.043274,12
CTD_CP_H,20240619T004042,1238.00,7.1488,35.1998,24,-1.043301,12
CTD_CP_H,20240619T004042,1240.00,7.1419,35.1988,24,-1.043285,12
CTD_CP_H,20240619T004042,1242.02,7.1344,35.1982,24,-1.043298,12
CTD_CP_H,20240619T004042,1244.04,7.1235,35.1972,24,-1.043280,12
CTD_CP_H,20240619T004042,1246.01,7.1167,35.1965,23,-1.043290,11
CTD_CP_H,20240619T004042,1247.98,7.1077,35.1954,24,-1.043269,12
CTD_CP_H,20240619T004042,1250.01,7.0987,35.1949,24,-1.043267,12
CTD_CP_H,20240619T004042,1252.02,7.0899,35.1929,24,-1.043288,12
CTD_CP_H,20240619T004042,1254.01,7.0688,35.1918,23,-1.043299,12
CTD_CP_H,20240619T004043,1256.00,7.0520,35.1900,24,-1.043306,12
CTD_CP_H,20240619T004043,1258.02,7.0352,35.1878,23,-1.043310,11
CTD_CP_H,20240619T004043,1259.99,7.0055,35.1860,23,-1.043309,12
CTD_CP_H,20240619T004043,1261.96,6.9973,35.1845,23,-1.043332,11
CTD_CP_H,20240619T004043,1263.95,6.9891,35.1838,23,-1.043329,12
CTD_CP_H,20240619T004043,1265.96,6.9810,35.1831,24,-1.043340,12
CTD_CP_H,20240619T004043,1268.02,6.9701,35.1821,24,-1.043343,12
CTD_CP_H,20240619T004043,1270.04,6.9634,35.1811,23,-1.043353,11
CTD_CP_H,20240619T004043,1272.00,6.9459,35.1796,23,-1.043358,12
CTD_CP_H,20240619T004043,1273.99,6.9283,35.1778,25,-1.043378,12
CTD_CP_H,20240619T004043,1276.01,6.9124,35.1762,30,-1.043333,15
CTD_CP_H,20240619T004043,1277.98,6.8990,35.1748,33,-1.043342,17
CTD_CP_H,20240619T004043,1280.00,6.8908,35.1746,33,-1.043366,16
CTD_CP_H,20240619T004043,1281.99,6.8857,35.1741,32,-1.043367,16
CTD_CP_H,20240619T004044,1283.99,6.8796,35.1731,33,-1.043353,17
CTD_CP_H,20240619T004044,1285.99,6.8696,35.1720,32,-1.043370,16
CTD_CP_H,20240619T004044,1287.98,6.8452,35.1695,32,-1.043358,16
CTD_CP_H,20240619T004044,1290.00,6.8168,35.1667,32,-1.043349,16
CTD_CP_H,20240619T004044,1292.00,6.8043,35.1657,31,-1.043327,15
CTD_CP_H,20240619T004044,1294.01,6.7985,35.1647,32,-1.043322,16
CTD_CP_H,20240619T004044,1296.03,6.7916,35.1641,31,-1.043342,16
CTD_CP_H,20240619T004044,1298.02,6.7764,35.1626,31,-1.043377,15
CTD_CP_H,20240619T004044,1299.99,6.7560,35.1606,30,-1.043380,15
CTD_CP_H,20240619T004044,1301.99,6.7394,35.1590,31,-1.043383,16
CTD_CP_H,20240619T004044,1304.00,6.7236,35.1572,30,-1.043377,15
CTD_CP_H,20240619T004044,1305.99,6.7059,35.1558,30,-1.043368,15
CTD_CP_H,20240619T004044,1308.00,6.6911,35.1548,30,-1.043364,15
CTD_CP_H,20240619T004045,1310.00,6.6813,35.1533,30,-1.043369,15
CTD_CP_H,20240619T004045,1312.00,6.6707,35.1521,30,-1.043367,15
CTD_CP_H,20240619T004045,1314.01,6.6588,35.1513,29,-1.043348,14
CTD_CP_H,20240619T004045,1315.99,6.6390,35.1491,28,-1.043357,14
CTD_CP_H,20240619T004045,1318.01,6.6194,35.1475,29,-1.043356,15
CTD_CP_H,20240619T004045,1320.01,6.6119,35.1470,27,-1.043365,13
CTD_CP_H,20240619T004045,1321.99,6.6028,35.1462,28,-1.043354,14
CTD_CP_H,20240619T004045,1323.97,6.5959,35.1449,27,-1.043346,14
CTD_CP_H,20240619T004045,1325.98,6.5853,35.1440,28,-1.043335,14
CTD_CP_H,20240619T004045,1328.01,6.5736,35.1427,27,-1.043346,13
CTD_CP_H,20240619T004045,1330.02,6.5565,35.1413,27,-1.043354,14
CTD_CP_H,20240619T004045,1332.01,6.5385,35.1393,26,-1.043352,13
CTD_CP_H,20240619T004045,1333.97,6.5245,35.1382,26,-1.043351,13
CTD_CP_H,20240619T004045,1336.01,6.5131,35.1369,28,-1.043359,14
CTD_CP_H,20240619T004046,1338.05,6.4944,35.1350,26,-1.043375,13
CTD_CP_H,20240619T004046,1340.00,6.4824,35.1338,25,-1.043373,12
CTD_CP_H,20240619T004046,1341.97,6.4629,35.1321,26,-1.043393,13
CTD_CP_H,20240619T004046,1343.96,6.4443,35.1306,25,-1.043383,13
CTD_CP_H,20240619T004046,1345.99,6.4267,35.1296,26,-1.043376,13
CTD_CP_H,20240619T004046,1348.02,6.4155,35.1282,25,-1.043385,12
CTD_CP_H,20240619T004046,1350.03,6.4040,35.1271,25,-1.043389,13
CTD_CP_H,20240619T004046,1352.00,6.3867,35.1253,24,-1.043395,12
CTD_CP_H,20240619T004046,1353.99,6.3767,35.1247,25,-1.043390,12
CTD_CP_H,20240619T004046,1355.99,6.3587,35.1231,24,-1.043382,12
CTD_CP_H,20240619T004046,1357.97,6.3434,35.1219,24,-1.043377,12
CTD_CP_H,20240619T004046,1360.00,6.3279,35.1208,25,-1.043390,13
CTD_CP_H,20240619T004046,1362.01,6.3220,35.1201,23,-1.043393,11
CTD_CP_H,20240619T004047,1363.97,6.3142,35.1194,23,-1.043386,12
CTD_CP_H,20240619T004047,1365.98,6.3073,35.1187,24,-1.043367,12
CTD_CP_H,20240619T004047,1367.99,6.2978,35.1179,23,-1.043380,11
CTD_CP_H,20240619T004047,1369.96,6.2901,35.1166,23,-1.043390,12
CTD_CP_H,20240619T004047,1372.01,6.2817,35.1159,24,-1.043396,12
CTD_CP_H,20240619T004047,1373.99,6.2658,35.1148,22,-1.043382,11
CTD_CP_H,20240619T004047,1375.96,6.2561,35.1141,23,-1.043382,11
CTD_CP_H,20240619T004047,1377.96,6.2498,35.1133,23,-1.043385,12
CTD_CP_H,20240619T004047,1380.01,6.2383,35.1122,23,-1.043378,11
CTD_CP_H,20240619T004047,1382.01,6.2286,35.1111,22,-1.043391,11
CTD_CP_H,20240619T004047,1384.01,6.2195,35.1101,23,-1.043403,12
CTD_CP_H,20240619T004047,1386.01,6.2082,35.1090,22,-1.043401,11
CTD_CP_H,20240619T004047,1387.99,6.1899,35.1077,22,-1.043392,11
CTD_CP_H,20240619T004047,1390.02,6.1808,35.1065,23,-1.043392,11
CTD_CP_H,20240619T004048,1392.01,6.1638,35.1052,21,-1.043373,11
CTD_CP_H,20240619T004048,1394.00,6.1549,35.1045,23,-1.043378,11
CTD_CP_H,20240619T004048,1396.03,6.1460,35.1035,22,-1.043381,11
CTD_CP_H,20240619T004048,1398.01,6.1307,35.1024,22,-1.043349,11
CTD_CP_H,20240619T004048,1400.01,6.1127,35.1008,22,-1.043351,11
CTD_CP_H,20240619T004048,1401.98,6.1010,35.0996,21,-1.043366,11
CTD_CP_H,20240619T004048,1403.95,6.0923,35.0990,22,-1.043367,11
CTD_CP_H,20240619T004048,1405.98,6.0829,35.0984,22,-1.043360,11
CTD_CP_H,20240619T004048,1407.97,6.0747,35.0975,21,-1.043366,10
CTD_CP_H,20240619T004048,1409.97,6.0719,35.0970,22,-1.043373,11
CTD_CP_H,20240619T004048,1411.97,6.0593,35.0962,21,-1.043360,11
CTD_CP_H,20240619T004048,1413.96,6.0519,35.0955,22,-1.043373,11
CTD_CP_H,20240619T004048,1415.99,6.0464,35.0944,22,-1.043389,11
CTD_CP_H,20240619T004049,1418.01,6.0362,35.0935,22,-1.043398,11
CTD_CP_H,20240619T004049,1420.00,6.0270,35.0924,21,-1.043400,10
CTD_CP_H,20240619T004049,1421.99,6.0200,35.0918,22,-1.043372,11
CTD_CP_H,20240619T004049,1423.99,6.0095,35.0907,21,-1.043366,11
CTD_CP_H,20240619T004049,1425.99,5.9946,35.0892,22,-1.043351,11
CTD_CP_H,20240619T004049,1427.99,5.9779,35.0879,21,-1.043347,10
CTD_CP_H,20240619T004049,1429.99,5.9586,35.0860,22,-1.043356,11
CTD_CP_H,20240619T004049,1432.01,5.9443,35.0846,21,-1.043350,11
CTD_CP_H,20240619T004049,1433.97,5.9364,35.0838,21,-1.043355,10
CTD_CP_H,20240619T004049,1435.99,5.9231,35.0827,22,-1.043356,11
CTD_CP_H,20240619T004049,1437.99,5.9055,35.0815,21,-1.043373,11
CTD_CP_H,20240619T004049,1439.98,5.8868,35.0795,22,-1.043375,11
CTD_CP_H,20240619T004049,1442.01,5.8764,35.0785,22,-1.043362,11
CTD_CP_H,20240619T004049,1444.00,5.8690,35.0774,21,-1.043345,10
CTD_CP_H,20240619T004050,1445.99,5.8559,35.0765,22,-1.043346,11
CTD_CP_H,20240619T004050,1448.00,5.8393,35.0751,22,-1.043327,11
CTD_CP_H,20240619T004050,1450.01,5.8273,35.0743,22,-1.043347,11
CTD_CP_H,20240619T004050,1452.02,5.8161,35.0731,22,-1.043358,11
CTD_CP_H,20240619T004050,1453.99,5.8067,35.0720,21,-1.043352,11
CTD_CP_H,20240619T004050,1455.95,5.7970,35.0712,22,-1.043346,11
CTD_CP_H,20240619T004050,1457.96,5.7814,35.0698,22,-1.043318,11
CTD_CP_H,20240619T004050,1459.97,5.7706,35.0689,22,-1.043312,11
CTD_CP_H,20240619T004050,1461.99,5.7637,35.0681,22,-1.043331,11
CTD_CP_H,20240619T004050,1463.99,5.7574,35.0676,22,-1.043329,11
CTD_CP_H,20240619T004050,1465.99,5.7476,35.0666,22,-1.043336,11
CTD_CP_H,20240619T004050,1467.98,5.7364,35.0654,22,-1.043331,11
CTD_CP_H,20240619T004050,1469.97,5.7264,35.0643,22,-1.043332,11
CTD_CP_H,20240619T004051,1471.96,5.7053,35.0621,22,-1.043319,11
CTD_CP_H,20240619T004051,1473.99,5.6784,35.0597,23,-1.043299,11
CTD_CP_H,20240619T004051,1476.03,5.6505,35.0573,22,-1.043289,11
CTD_CP_H,20240619T004051,1478.03,5.6316,35.0559,22,-1.043267,11
CTD_CP_H,20240619T004051,1480.02,5.6166,35.0542,22,-1.043262,11
CTD_CP_H,20240619T004051,1482.01,5.5972,35.0525,22,-1.043238,11
CTD_CP_H,20240619T004051,1484.00,5.5772,35.0509,22,-1.043205,11
CTD_CP_H,20240619T004051,1485.98,5.5562,35.0493,22,-1.043202,11
CTD_CP_H,20240619T004051,1487.96,5.5385,35.0477,22,-1.043189,11
CTD_CP_H,20240619T004051,1489.99,5.5234,35.0464,23,-1.043187,12
CTD_CP_H,20240619T004051,1492.02,5.5111,35.0456,22,-1.043195,11
CTD_CP_H,20240619T004051,1493.98,5.4998,35.0445,22,-1.043175,11
CTD_CP_H,20240619T004051,1496.00,5.4877,35.0434,23,-1.043164,11
CTD_CP_H,20240619T004051,1498.03,5.4766,35.0425,22,-1.043159,11
CTD_CP_H,20240619T004052,1500.00,5.4682,35.0416,21,-1.043149,11
CTD_CP_H,20240619T004052,1502.02,5.4597,35.0409,23,-1.043169,11
CTD_CP_H,20240619T004052,1504.05,5.4491,35.0398,22,-1.043158,11
CTD_CP_H,20240619T004052,1506.03,5.4304,35.0388,23,-1.043169,12
CTD_CP_H,20240619T004052,1508.02,5.4217,35.0382,27,-1.043172,13
CTD_CP_H,20240619T004052,1509.99,5.4152,35.0379,29,-1.043194,15
CTD_CP_H,20240619T004052,1512.00,5.4084,35.0371,29,-1.043173,14
CTD_CP_H,20240619T004052,1514.00,5.3896,35.0357,28,-1.043167,14
CTD_CP_H,20240619T004052,1515.99,5.3872,35.0351,29,-1.043188,15
CTD_CP_H,20240619T004052,1517.99,5.3805,35.0347,29,-1.043175,14
CTD_CP_H,20240619T004052,1519.98,5.3692,35.0336,29,-1.043156,15
CTD_CP_H,20240619T004052,1522.00,5.3629,35.0329,29,-1.043132,14
CTD_CP_H,20240619T004052,1523.99,5.3524,35.0321,28,-1.043155,14
CTD_CP_H,20240619T004053,1525.98,5.3459,35.0315,29,-1.043173,15
CTD_CP_H,20240619T004053,1527.99,5.3366,35.0309,29,-1.043182,14
CTD_CP_H,20240619T004053,1530.02,5.3291,35.0302,29,-1.043188,15
CTD_CP_H,20240619T004053,1532.01,5.3185,35.0294,28,-1.043172,14
CTD_CP_H,20240619T004053,1534.03,5.3082,35.0284,29,-1.043164,14
CTD_CP_H,20240619T004053,1536.03,5.2979,35.0272,28,-1.043142,14
CTD_CP_H,20240619T004053,1538.01,5.2828,35.0255,28,-1.043140,14
CTD_CP_H,20240619T004053,1540.00,5.2584,35.0238,28,-1.043136,14
CTD_CP_H,20240619T004053,1542.00,5.2462,35.0226,28,-1.043130,14
CTD_CP_H,20240619T004053,1544.00,5.2385,35.0217,28,-1.043111,14
CTD_CP_H,20240619T004053,1546.02,5.2232,35.0201,28,-1.043089,14
CTD_CP_H,20240619T004053,1548.01,5.2041,35.0182,27,-1.043070,14
CTD_CP_H,20240619T004053,1549.99,5.1816,35.0160,27,-1.043049,13
CTD_CP_H,20240619T004054,1551.98,5.1588,35.0136,27,-1.042987,14
CTD_CP_H,20240619T004054,1553.98,5.1426,35.0122,27,-1.042967,13
CTD_CP_H,20240619T004054,1556.01,5.1380,35.0122,27,-1.043023,14
CTD_CP_H,20240619T004054,1558.01,5.1265,35.0111,26,-1.043014,13
CTD_CP_H,20240619T004054,1559.98,5.1117,35.0095,26,-1.042988,13
CTD_CP_H,20240619T004054,1562.01,5.0999,35.0086,27,-1.042991,13
CTD_CP_H,20240619T004054,1564.02,5.0878,35.0075,25,-1.042994,13
CTD_CP_H,20240619T004054,1565.99,5.0750,35.0066,26,-1.042972,13
CTD_CP_H,20240619T004054,1567.97,5.0642,35.0053,25,-1.042990,12
CTD_CP_H,20240619T004054,1569.97,5.0492,35.0039,26,-1.042962,13
CTD_CP_H,20240619T004054,1571.99,5.0267,35.0021,25,-1.042938,13
CTD_CP_H,20240619T004054,1574.01,4.9991,34.9999,26,-1.042901,13
CTD_CP_H,20240619T004054,1576.01,4.9879,34.9990,24,-1.042893,12
CTD_CP_H,20240619T004054,1578.01,4.9813,34.9983,25,-1.042899,12
CTD_CP_H,20240619T004055,1580.00,4.9730,34.9973,24,-1.042881,12
CTD_CP_H,20240619T004055,1582.00,4.9634,34.9966,25,-1.042867,13
CTD_CP_H,20240619T004055,1584.02,4.9532,34.9957,24,-1.042854,12
CTD_CP_H,20240619T004055,1586.01,4.9420,34.9946,24,-1.042851,12
CTD_CP_H,20240619T004055,1587.99,4.9344,34.9937,24,-1.042859,12
CTD_CP_H,20240619T004055,1589.99,4.9172,34.9917,24,-1.042830,12
CTD_CP_H,20240619T004055,1591.99,4.9016,34.9904,24,-1.042794,12
CTD_CP_H,20240619T004055,1594.01,4.8822,34.9888,24,-1.042757,12
CTD_CP_H,20240619T004055,1596.01,4.8697,34.9875,23,-1.042755,11
CTD_CP_H,20240619T004055,1598.01,4.8536,34.9864,24,-1.042755,12
CTD_CP_H,20240619T004055,1600.02,4.8437,34.9855,23,-1.042754,12
CTD_CP_H,20240619T004055,1601.98,4.8369,34.9848,23,-1.042745,11
CTD_CP_H,20240619T004055,1603.98,4.8284,34.9839,24,-1.042745,12
CTD_CP_H,20240619T004056,1606.04,4.8173,34.9831,27,-1.042744,14
CTD_CP_H,20240619T004056,1608.02,4.8108,34.9827,30,-1.042722,15
CTD_CP_H,20240619T004056,1610.00,4.8006,34.9816,32,-1.042729,16
CTD_CP_H,20240619T004056,1612.00,4.7890,34.9805,30,-1.042711,15
CTD_CP_H,20240619T004056,1614.00,4.7749,34.9793,31,-1.042690,15
CTD_CP_H,20240619T004056,1615.99,4.7605,34.9781,29,-1.042694,15
CTD_CP_H,20240619T004056,1617.99,4.7506,34.9770,31,-1.042680,15
CTD_CP_H,20240619T004056,1620.02,4.7321,34.9756,29,-1.042641,15
CTD_CP_H,20240619T004056,1622.01,4.7220,34.9747,29,-1.042646,14
CTD_CP_H,20240619T004056,1624.01,4.7125,34.9738,29,-1.042620,15
CTD_CP_H,20240619T004056,1626.02,4.7050,34.9729,29,-1.042641,14
CTD_CP_H,20240619T004056,1628.01,4.6950,34.9721,28,-1.042605,14
CTD_CP_H,20240619T004056,1630.01,4.6864,34.9711,29,-1.042584,15
CTD_CP_H,20240619T004056,1632.00,4.6773,34.9704,27,-1.042567,13
CTD_CP_H,20240619T004057,1633.96,4.6633,34.9689,28,-1.042545,14
CTD_CP_H,20240619T004057,1635.99,4.6510,34.9674,28,-1.042524,14
CTD_CP_H,20240619T004057,1638.01,4.6379,34.9659,28,-1.042526,14
CTD_CP_H,20240619T004057,1640.02,4.6235,34.9643,27,-1.042494,14
CTD_CP_H,20240619T004057,1642.03,4.5926,34.9622,27,-1.042456,13
CTD_CP_H,20240619T004057,1644.01,4.5802,34.9609,26,-1.042461,13
CTD_CP_H,20240619T004057,1646.01,4.5755,34.9603,27,-1.042444,14
CTD_CP_H,20240619T004057,1648.00,4.5695,34.9597,25,-1.042469,12
CTD_CP_H,20240619T004057,1650.00,4.5546,34.9587,27,-1.042442,14
CTD_CP_H,20240619T004057,1652.04,4.5501,34.9581,26,-1.042445,13
CTD_CP_H,20240619T004057,1654.02,4.5353,34.9567,25,-1.042413,12
CTD_CP_H,20240619T004057,1656.00,4.5210,34.9555,26,-1.042378,13
CTD_CP_H,20240619T004057,1658.01,4.5125,34.9548,25,-1.042375,13
CTD_CP_H,20240619T004058,1660.03,4.5082,34.9542,26,-1.042363,13
CTD_CP_H,20240619T004058,1662.01,4.5021,34.9537,24,-1.042360,12
CTD_CP_H,20240619T004058,1663.97,4.4947,34.9529,25,-1.042365,12
CTD_CP_H,20240619T004058,1665.98,4.4842,34.9517,25,-1.042364,13
CTD_CP_H,20240619T004058,1668.01,4.4739,34.9511,25,-1.042343,12
CTD_CP_H,20240619T004058,1670.03,4.4606,34.9499,25,-1.042343,13
CTD_CP_H,20240619T004058,1672.00,4.4518,34.9491,24,-1.042321,12
CTD_CP_H,20240619T004058,1673.98,4.4374,34.9481,25,-1.042310,12
CTD_CP_H,20240619T004058,1675.98,4.4246,34.9473,24,-1.042314,12
CTD_CP_H,20240619T004058,1678.01,4.4130,34.9464,25,-1.042320,13
CTD_CP_H,20240619T004058,1680.00,4.4083,34.9459,23,-1.042313,11
CTD_CP_H,20240619T004058,1681.99,4.4023,34.9453,25,-1.042298,13
CTD_CP_H,20240619T004058,1684.03,4.3970,34.9450,24,-1.042301,12
CTD_CP_H,20240619T004058,1686.02,4.3903,34.9443,24,-1.042279,12
CTD_CP_H,20240619T004059,1688.04,4.3848,34.9436,24,-1.042282,12
CTD_CP_H,20240619T004059,1690.03,4.3796,34.9430,24,-1.042278,12
CTD_CP_H,20240619T004059,1692.00,4.3670,34.9418,23,-1.042248,11
CTD_CP_H,20240619T004059,1694.00,4.3511,34.9405,24,-1.042241,12
CTD_CP_H,20240619T004059,1696.02,4.3470,34.9399,23,-1.042242,12
CTD_CP_H,20240619T004059,1698.03,4.3346,34.9390,24,-1.042241,12
CTD_CP_H,20240619T004059,1700.05,4.3290,34.9386,23,-1.042256,11
CTD_CP_H,20240619T004059,1702.01,4.3249,34.9380,23,-1.042252,12
CTD_CP_H,20240619T004059,1704.02,4.3184,34.9376,24,-1.042242,12
CTD_CP_H,20240619T004059,1706.03,4.3122,34.9370,23,-1.042232,11
CTD_CP_H,20240619T004059,1707.99,4.3039,34.9363,23,-1.042217,12
CTD_CP_H,20240619T004059,1709.98,4.2976,34.9357,24,-1.042204,12
CTD_CP_H,20240619T004059,1712.02,4.2890,34.9348,24,-1.042204,12
CTD_CP_H,20240619T004100,1714.03,4.2772,34.9338,23,-1.042167,11
CTD_CP_H,20240619T004100,1716.00,4.2657,34.9327,23,-1.042157,12
CTD_CP_H,20240619T004100,1718.01,4.2594,34.9318,24,-1.042148,12
CTD_CP_H,20240619T004100,1720.01,4.2462,34.9306,23,-1.042109,11
CTD_CP_H,20240619T004100,1721.98,4.2303,34.9294,23,-1.042086,12
CTD_CP_H,20240619T004100,1723.98,4.2157,34.9281,24,-1.042058,12
CTD_CP_H,20240619T004100,1725.99,4.2072,34.9274,23,-1.042053,11
CTD_CP_H,20240619T004100,1728.00,4.2018,34.9269,24,-1.042060,12
CTD_CP_H,20240619T004100,1730.00,4.1950,34.9262,23,-1.042055,12
CTD_CP_H,20240619T004100,1731.99,4.1875,34.9255,24,-1.042015,12
CTD_CP_H,20240619T004100,1733.98,4.1758,34.9246,23,-1.042017,11
CTD_CP_H,20240619T004100,1735.99,4.1697,34.9239,24,-1.042016,12
CTD_CP_H,20240619T004100,1738.04,4.1637,34.9232,24,-1.041998,12
CTD_CP_H,20240619T004100,1740.03,4.1513,34.9221,23,-1.041990,12
CTD_CP_H,20240619T004101,1742.02,4.1437,34.9214,24,-1.041968,12
CTD_CP_H,20240619T004101,1744.00,4.1333,34.9206,23,-1.041967,11
CTD_CP_H,20240619T004101,1745.99,4.1271,34.9200,24,-1.041959,12
CTD_CP_H,20240619T004101,1747.98,4.1130,34.9189,23,-1.041921,12
CTD_CP_H,20240619T004101,1749.98,4.1060,34.9179,24,-1.041902,12
CTD_CP_H,20240619T004101,1752.01,4.0969,34.9171,24,-1.041894,12
CTD_CP_H,20240619T004101,1754.01,4.0833,34.9163,23,-1.041888,11
CTD_CP_H,20240619T004101,1755.99,4.0736,34.9153,24,-1.041895,12
CTD_CP_H,20240619T004101,1758.03,4.0687,34.9147,24,-1.041871,12
CTD_CP_H,20240619T004101,1760.02,4.0604,34.9133,23,-1.041858,12
CTD_CP_H,20240619T004101,1762.01,4.0475,34.9125,24,-1.041840,12
CTD_CP_H,20240619T004101,1764.04,4.0335,34.9115,24,-1.041814,12
CTD_CP_H,20240619T004101,1766.02,4.0217,34.9106,23,-1.041797,11
CTD_CP_H,20240619T004102,1768.01,4.0132,34.9097,24,-1.041777,12
CTD_CP_H,20240619T004102,1770.01,4.0031,34.9085,23,-1.041758,12
CTD_CP_H,20240619T004102,1772.01,3.9869,34.9073,24,-1.041720,12
CTD_CP_H,20240619T004102,1774.00,3.9739,34.9062,23,-1.041703,11
CTD_CP_H,20240619T004102,1776.00,3.9624,34.9054,24,-1.041704,12
CTD_CP_H,20240619T004102,1777.99,3.9556,34.9048,23,-1.041690,12
CTD_CP_H,20240619T004102,1779.96,3.9477,34.9041,24,-1.041689,12
CTD_CP_H,20240619T004102,1781.99,3.9379,34.9030,24,-1.041659,12
CTD_CP_H,20240619T004102,1784.02,3.9290,34.9024,24,-1.041666,12
CTD_CP_H,20240619T004102,1786.02,3.9202,34.9016,23,-1.041667,11
CTD_CP_H,20240619T004102,1787.99,3.9133,34.9010,23,-1.041645,12
CTD_CP_H,20240619T004102,1789.99,3.9022,34.9002,24,-1.041634,12
CTD_CP_H,20240619T004102,1792.03,3.8923,34.8991,24,-1.041626,12
CTD_CP_H,20240619T004102,1794.03,3.8782,34.8982,23,-1.041594,11
CTD_CP_H,20240619T004103,1796.00,3.8666,34.8971,23,-1.041577,12
CTD_CP_H,20240619T004103,1798.01,3.8567,34.8963,24,-1.041540,12
CTD_CP_H,20240619T004103,1800.04,3.8485,34.8957,23,-1.041534,11
CTD_CP_H,20240619T004103,1802.03,3.8411,34.8948,23,-1.041522,12
CTD_CP_H,20240619T004103,1804.03,3.8312,34.8941,23,-1.041500,11
CTD_CP_H,20240619T004103,1806.04,3.8239,34.8934,23,-1.041503,12
CTD_CP_H,20240619T004103,1808.04,3.8149,34.8928,23,-1.041484,11
CTD_CP_H,20240619T004103,1810.04,3.8077,34.8921,23,-1.041460,12
CTD_CP_H,20240619T004103,1812.05,3.8043,34.8916,23,-1.041445,11
CTD_CP_H,20240619T004103,1814.01,3.8001,34.8911,22,-1.041460,11
CTD_CP_H,20240619T004103,1815.98,3.7877,34.8903,23,-1.041460,12
CTD_CP_H,20240619T004103,1818.00,3.7781,34.8895,23,-1.041459,11
CTD_CP_H,20240619T004103,1820.02,3.7699,34.8890,23,-1.041466,12
CTD_CP_H,20240619T004104,1822.04,3.7596,34.8883,23,-1.041455,11
CTD_CP_H,20240619T004104,1824.01,3.7501,34.8877,22,-1.041445,11
CTD_CP_H,20240619T004104,1826.00,3.7448,34.8871,23,-1.041434,12
CTD_CP_H,20240619T004104,1827.99,3.7391,34.8864,22,-1.041418,11
CTD_CP_H,20240619T004104,1830.01,3.7294,34.8857,24,-1.041411,12
CTD_CP_H,20240619T004104,1832.02,3.7191,34.8849,22,-1.041374,11
CTD_CP_H,20240619T004104,1834.01,3.7117,34.8843,24,-1.041355,12
CTD_CP_H,20240619T004104,1836.04,3.7043,34.8835,26,-1.041329,13
CTD_CP_H,20240619T004104,1838.00,3.6981,34.8829,30,-1.041344,15
CTD_CP_H,20240619T004104,1839.99,3.6953,34.8829,30,-1.041372,15
CTD_CP_H,20240619T004104,1841.98,3.6892,34.8822,30,-1.041372,15
CTD_CP_H,20240619T004104,1843.99,3.6831,34.8816,30,-1.041362,15
CTD_CP_H,20240619T004104,1845.99,3.6734,34.8810,29,-1.041366,14
CTD_CP_H,20240619T004104,1848.00,3.6655,34.8803,30,-1.041338,15
CTD_CP_H,20240619T004105,1850.02,3.6586,34.8798,29,-1.041315,15
CTD_CP_H,20240619T004105,1852.02,3.6513,34.8791,29,-1.041299,14
CTD_CP_H,20240619T004105,1854.02,3.6401,34.8782,29,-1.041292,15
CTD_CP_H,20240619T004105,1856.03,3.6312,34.8775,28,-1.041301,14
CTD_CP_H,20240619T004105,1858.01,3.6263,34.8769,28,-1.041309,14
CTD_CP_H,20240619T004105,1860.00,3.6164,34.8763,28,-1.041280,14
CTD_CP_H,20240619T004105,1862.00,3.6077,34.8757,28,-1.041274,14
CTD_CP_H,20240619T004105,1864.02,3.6010,34.8751,28,-1.041267,14
CTD_CP_H,20240619T004105,1866.01,3.5932,34.8745,27,-1.041248,13
CTD_CP_H,20240619T004105,1868.01,3.5883,34.8738,28,-1.041250,14
CTD_CP_H,20240619T004105,1870.02,3.5836,34.8732,27,-1.041232,14
CTD_CP_H,20240619T004105,1872.03,3.5705,34.8721,27,-1.041212,13
CTD_CP_H,20240619T004105,1874.01,3.5481,34.8706,26,-1.041148,13
CTD_CP_H,20240619T004106,1876.02,3.5402,34.8697,27,-1.041134,14
CTD_CP_H,20240619T004106,1878.02,3.5256,34.8686,26,-1.041104,13
CTD_CP_H,20240619T004106,1880.00,3.5180,34.8680,26,-1.041095,13
CTD_CP_H,20240619T004106,1882.00,3.5145,34.8679,26,-1.041111,13
CTD_CP_H,20240619T004106,1884.00,3.5086,34.8673,26,-1.041098,13
CTD_CP_H,20240619T004106,1885.98,3.5033,34.8667,25,-1.041096,12
CTD_CP_H,20240619T004106,1887.98,3.4950,34.8662,26,-1.041082,13
CTD_CP_H,20240619T004106,1890.02,3.4911,34.8658,26,-1.041079,13
CTD_CP_H,20240619T004106,1892.03,3.4854,34.8654,25,-1.041055,13
CTD_CP_H,20240619T004106,1894.02,3.4784,34.8650,25,-1.041034,12
CTD_CP_H,20240619T004106,1896.02,3.4751,34.8644,25,-1.041050,13
CTD_CP_H,20240619T004106,1898.00,3.4684,34.8642,24,-1.041045,12
CTD_CP_H,20240619T004106,1900.00,3.4631,34.8635,25,-1.041041,12
CTD_CP_H,20240619T004106,1902.03,3.4592,34.8631,24,-1.041044,12
CTD_CP_H,20240619T004107,1904.02,3.4502,34.8625,24,-1.040988,12
CTD_CP_H,20240619T004107,1906.02,3.4439,34.8620,24,-1.040984,12
CTD_CP_H,20240619T004107,1907.99,3.4402,34.8616,23,-1.040976,12
CTD_CP_H,20240619T004107,1909.98,3.4343,34.8611,24,-1.040969,12
CTD_CP_H,20240619T004107,1912.01,3.4298,34.8605,24,-1.040972,12
CTD_CP_H,20240619T004107,1914.02,3.4200,34.8600,23,-1.040957,11
CTD_CP_H,20240619T004107,1916.00,3.4154,34.8595,23,-1.040971,12
CTD_CP_H,20240619T004107,1917.99,3.4098,34.8590,23,-1.040981,11
CTD_CP_H,20240619T004107,1920.00,3.4033,34.8584,23,-1.040972,12
CTD_CP_H,20240619T004107,1922.01,3.3968,34.8578,23,-1.040961,11
CTD_CP_H,20240619T004107,1924.03,3.3894,34.8572,23,-1.040957,12
CTD_CP_H,20240619T004107,1926.04,3.3824,34.8569,23,-1.040948,11
CTD_CP_H,20240619T004107,1928.01,3.3785,34.8566,22,-1.040947,11
CTD_CP_H,20240619T004108,1930.00,3.3731,34.8561,23,-1.040928,12
CTD_CP_H,20240619T004108,1932.01,3.3666,34.8556,22,-1.040925,11
CTD_CP_H,20240619T004108,1933.99,3.3626,34.8553,22,-1.040932,11
CTD_CP_H,20240619T004108,1935.97,3.3572,34.8549,22,-1.040926,11
CTD_CP_H,20240619T004108,1937.97,3.3541,34.8547,22,-1.040915,11
CTD_CP_H,20240619T004108,1939.99,3.3499,34.8544,22,-1.040882,11
CTD_CP_H,20240619T004108,1942.00,3.3466,34.8541,22,-1.040879,11
CTD_CP_H,20240619T004108,1944.03,3.3430,34.8537,22,-1.040877,11
CTD_CP_H,20240619T004108,1946.01,3.3377,34.8531,21,-1.040871,10
CTD_CP_H,20240619T004108,1947.99,3.3346,34.8529,22,-1.040852,11
CTD_CP_H,20240619T004108,1949.99,3.3316,34.8525,21,-1.040832,11
CTD_CP_H,20240619T004108,1951.98,3.3233,34.8520,22,-1.040827,11
CTD_CP_H,20240619T004108,1953.99,3.3161,34.8515,21,-1.040856,10
CTD_CP_H,20240619T004109,1955.96,3.3115,34.8512,21,-1.040833,11
CTD_CP_H,20240619T004109,1957.97,3.3085,34.8508,22,-1.040822,11
CTD_CP_H,20240619T004109,1960.02,3.3035,34.8502,22,-1.040810,11
CTD_CP_H,20240619T004109,1962.00,3.2960,34.8500,20,-1.040816,10
CTD_CP_H,20240619T004109,1963.99,3.2917,34.8495,22,-1.040828,11
CTD_CP_H,20240619T004109,1966.03,3.2866,34.8488,21,-1.040820,10
CTD_CP_H,20240619T004109,1968.03,3.2822,34.8485,21,-1.040818,11
CTD_CP_H,20240619T004109,1970.02,3.2780,34.8483,20,-1.040812,10
CTD_CP_H,20240619T004109,1972.00,3.2716,34.8476,21,-1.040827,10
CTD_CP_H,20240619T004109,1973.99,3.2644,34.8470,20,-1.040830,10
CTD_CP_H,20240619T004109,1975.98,3.2561,34.8462,21,-1.040803,11
CTD_CP_H,20240619T004109,1977.99,3.2458,34.8456,20,-1.040791,10
CTD_CP_H,20240619T004109,1979.99,3.2364,34.8450,21,-1.040800,10
CTD_CP_H,20240619T004109,1982.00,3.2318,34.8444,20,-1.040786,10
CTD_CP_H,20240619T004110,1984.02,3.2279,34.8443,21,-1.040756,11
CTD_CP_H,20240619T004110,1986.03,3.2245,34.8438,20,-1.040771,10
CTD_CP_H,20240619T004110,1987.99,3.2188,34.8433,20,-1.040775,10
CTD_CP_H,20240619T004110,1989.96,3.2132,34.8430,20,-1.040774,10
CTD_CP_H,20240619T004110,1992.00,3.2071,34.8427,21,-1.040785,7
CTD_CP_H,20240619T004110,1994.04,3.2020,34.8422,20,nan,0
CTD_CP_H,20240619T004110,1995.77,3.1962,34.8418,15,nan,0
GPS,20240619T004218,17.802420,67.704193,7
CTD_P,20240619T004220,-0.29
