Message,20251116T161847,Firmware: 07/21/23 18:56:40 2.17.4 STD IRID Final
Message,20251116T161847,Username: f10469
GPS,20251116T161847,19.599537,63.032738,9
GPS,20251116T162553,19.598690,63.032207,9
CTD_P,20251116T162555,-0.06
FLBB_CFG,20251116T162557,695,700
Message,20251116T162557,Park Descent Mission
CTD_P,20251116T162600,-0.11
CTD_P,20251116T162714,0.06
CTD_P,20251116T162816,0.12
CTD_P,20251116T162918,0.10
CTD_P,20251116T163021,0.18
CTD_P,20251116T163123,0.16
CTD_P,20251116T163225,0.58
CTD_P,20251116T163327,3.35
CTD_P,20251116T163430,10.92
CTD_P,20251116T163532,20.48
CTD_P,20251116T163634,31.15
CTD_P,20251116T163736,42.00
CTD_P,20251116T163748,44.19
CTD_P,20251116T163749,44.43
CTD_P,20251116T163851,57.01
CTD_P,20251116T173854,495.70
CTD_P,20251116T183857,777.12
CTD_P,20251116T192700,917.38
CTD_P,20251116T195603,970.83
CTD_P,20251116T201303,992.75
CTD_P,20251116T202017,999.34
CTD_P,20251116T202316,1001.57
Message,20251116T202319,Park Mission
CTD_P,20251116T202322,1001.65
CTD_PTSH,20251116T202344,1001.90,8.7714,35.3980,-2.500000
CTD_P,20251116T202345,1001.90
CTD_P,20251116T212318,1017.59
CTD_PTSH,20251116T212341,1017.50,8.6757,35.3870,0.180284
CTD_P,20251116T212342,1017.51
CTD_P,20251116T222343,1021.86
CTD_PTSH,20251116T222406,1021.90,8.6666,35.3870,0.187365
CTD_P,20251116T222407,1021.87
CTD_P,20251116T232408,1026.53
CTD_PTSH,20251116T232431,1026.50,8.6515,35.3840,0.188997
CTD_P,20251116T232432,1026.55
CTD_P,20251117T002433,1030.12
CTD_PTSH,20251117T002456,1030.20,8.6265,35.3820,0.192238
CTD_P,20251117T002457,1030.17
CTD_P,20251117T012458,1032.37
CTD_PTSH,20251117T012521,1032.30,8.6718,35.3850,0.194647
CTD_P,20251117T012522,1032.34
CTD_P,20251117T022523,1012.66
CTD_PTSH,20251117T022546,1012.60,8.8058,35.4000,0.196534
CTD_P,20251117T022547,1012.65
CTD_P,20251117T032548,1005.44
CTD_PTSH,20251117T032611,1005.40,8.7608,35.3980,0.200683
CTD_P,20251117T032612,1005.33
CTD_P,20251117T042613,1008.37
CTD_PTSH,20251117T042636,1008.20,8.7721,35.3970,0.198967
CTD_P,20251117T042637,1008.20
CTD_P,20251117T052638,1004.71
CTD_PTSH,20251117T052701,1004.70,8.6864,35.3880,0.199969
CTD_P,20251117T052702,1004.65
CTD_P,20251117T062703,1013.51
CTD_PTSH,20251117T062726,1013.70,8.6731,35.3870,0.200706
CTD_P,20251117T062727,1013.65
CTD_P,20251117T072728,1008.77
CTD_PTSH,20251117T072751,1008.70,8.7269,35.3930,0.201225
CTD_P,20251117T072752,1008.69
CTD_P,20251117T082753,1010.16
CTD_PTSH,20251117T082816,1010.10,8.6828,35.3890,0.201897
CTD_P,20251117T082817,1010.11
CTD_P,20251117T092818,1016.03
CTD_PTSH,20251117T092841,1016.20,8.6750,35.3860,0.202315
CTD_P,20251117T092842,1016.23
CTD_P,20251117T102843,1010.55
CTD_PTSH,20251117T102906,1010.50,8.6805,35.3860,0.202499
CTD_P,20251117T102907,1010.50
CTD_P,20251117T112908,1010.21
CTD_PTSH,20251117T112931,1010.30,8.7040,35.3900,0.202919
CTD_P,20251117T112932,1010.26
CTD_P,20251117T122933,1015.51
CTD_PTSH,20251117T122956,1015.50,8.7355,35.3930,0.203166
CTD_P,20251117T122957,1015.47
CTD_P,20251117T132958,1012.33
CTD_PTSH,20251117T133021,1012.30,8.7468,35.3940,0.203322
CTD_P,20251117T133022,1012.26
CTD_P,20251117T143023,1012.81
CTD_PTSH,20251117T143046,1012.70,8.7351,35.3930,0.203508
CTD_P,20251117T143047,1012.71
CTD_P,20251117T153048,1014.32
CTD_PTSH,20251117T153111,1014.30,8.7236,35.3910,0.203609
CTD_P,20251117T153112,1014.26
CTD_P,20251117T163113,1012.95
CTD_PTSH,20251117T163136,1013.10,8.7041,35.3930,0.203734
CTD_P,20251117T163137,1013.10
CTD_P,20251117T173138,1015.90
CTD_PTSH,20251117T173201,1015.70,8.7351,35.3930,0.203898
CTD_P,20251117T173202,1015.70
CTD_P,20251117T183203,1012.62
CTD_PTSH,20251117T183226,1012.70,8.6894,35.3880,0.204200
CTD_P,20251117T183227,1012.69
CTD_P,20251117T193228,1014.51
CTD_PTSH,20251117T193251,1014.40,8.7137,35.3910,0.204264
CTD_P,20251117T193252,1014.44
CTD_P,20251117T203253,1012.72
CTD_PTSH,20251117T203316,1012.80,8.6737,35.3860,-2.500000
CTD_P,20251117T203317,1012.76
CTD_P,20251117T213318,1011.96
CTD_PTSH,20251117T213341,1012.00,8.6007,35.3780,-2.500000
CTD_P,20251117T213342,1011.97
CTD_P,20251117T223343,1014.44
CTD_PTSH,20251117T223406,1014.40,8.6688,35.3850,0.204430
CTD_P,20251117T223407,1014.36
CTD_P,20251117T233408,1017.87
CTD_PTSH,20251117T233431,1017.90,8.6847,35.3890,0.204630
CTD_P,20251117T233432,1017.86
CTD_P,20251118T003433,1015.77
CTD_PTSH,20251118T003456,1015.70,8.7422,35.3930,0.204440
CTD_P,20251118T003457,1015.71
CTD_P,20251118T013458,1016.68
CTD_PTSH,20251118T013521,1016.60,8.7600,35.3960,0.204481
CTD_P,20251118T013522,1016.66
CTD_P,20251118T023523,1015.77
CTD_PTSH,20251118T023546,1015.80,8.7708,35.3980,0.204613
CTD_P,20251118T023547,1015.76
CTD_P,20251118T033548,1011.23
CTD_PTSH,20251118T033611,1011.10,8.7563,35.3960,0.204717
CTD_P,20251118T033612,1011.10
CTD_P,20251118T043613,1010.66
CTD_PTSH,20251118T043636,1010.70,8.6656,35.3850,0.204877
CTD_P,20251118T043637,1010.74
CTD_P,20251118T053638,1010.78
CTD_PTSH,20251118T053701,1010.80,8.6352,35.3840,0.204928
CTD_P,20251118T053702,1010.76
CTD_P,20251118T063703,1014.25
CTD_PTSH,20251118T063726,1014.30,8.6468,35.3840,0.204827
CTD_P,20251118T063727,1014.34
CTD_P,20251118T073728,1012.39
CTD_PTSH,20251118T073751,1012.40,8.6518,35.3860,0.204993
CTD_P,20251118T073752,1012.42
CTD_P,20251118T083753,1014.00
CTD_PTSH,20251118T083816,1014.10,8.6115,35.3810,0.205141
CTD_P,20251118T083817,1014.10
CTD_P,20251118T093818,1014.84
CTD_PTSH,20251118T093841,1014.90,8.6499,35.3840,0.205052
CTD_P,20251118T093842,1014.83
CTD_P,20251118T103843,1013.86
CTD_PTSH,20251118T103906,1013.90,8.6210,35.3820,0.205273
CTD_P,20251118T103907,1013.86
CTD_P,20251118T113908,1012.33
CTD_PTSH,20251118T113931,1012.30,8.6532,35.3880,0.205298
CTD_P,20251118T113932,1012.29
CTD_P,20251118T123933,1017.70
CTD_PTSH,20251118T123956,1017.80,8.6952,35.3880,0.205315
CTD_P,20251118T123957,1017.77
CTD_P,20251118T133958,1017.55
CTD_PTSH,20251118T134021,1017.50,8.7234,35.3910,0.205378
CTD_P,20251118T134022,1017.45
CTD_P,20251118T144023,1016.13
CTD_PTSH,20251118T144046,1016.10,8.7219,35.3910,0.205386
CTD_P,20251118T144047,1016.13
CTD_P,20251118T154048,1022.96
CTD_PTSH,20251118T154111,1022.90,8.7978,35.3970,0.205294
CTD_P,20251118T154112,1022.86
CTD_P,20251118T164113,1018.17
CTD_PTSH,20251118T164136,1018.10,8.7930,35.3980,0.205399
CTD_P,20251118T164137,1018.07
CTD_P,20251118T174138,1016.69
CTD_PTSH,20251118T174201,1016.80,8.7745,35.3920,0.205506
CTD_P,20251118T174202,1016.84
CTD_P,20251118T184203,1015.14
CTD_PTSH,20251118T184226,1015.00,8.7188,35.3910,0.205684
CTD_P,20251118T184227,1015.04
CTD_P,20251118T194228,1012.60
CTD_PTSH,20251118T194251,1012.60,8.6537,35.3890,0.205740
CTD_P,20251118T194252,1012.61
CTD_P,20251118T204253,1014.34
CTD_PTSH,20251118T204316,1014.20,8.6451,35.3840,0.205661
CTD_P,20251118T204317,1014.22
CTD_P,20251118T214318,1013.05
CTD_PTSH,20251118T214341,1012.90,8.6502,35.3860,-2.500000
CTD_P,20251118T214342,1012.89
CTD_P,20251118T224343,1017.55
CTD_PTSH,20251118T224406,1017.60,8.6659,35.3850,0.205745
CTD_P,20251118T224407,1017.58
CTD_P,20251118T234408,1015.37
CTD_PTSH,20251118T234431,1015.50,8.5588,35.3740,0.206172
CTD_P,20251118T234432,1015.45
CTD_P,20251119T004433,1019.64
CTD_PTSH,20251119T004456,1019.50,8.6363,35.3800,-2.500000
CTD_P,20251119T004457,1019.52
CTD_P,20251119T014458,1014.16
CTD_PTSH,20251119T014521,1014.10,8.6458,35.3860,0.205991
CTD_P,20251119T014522,1014.05
CTD_P,20251119T024523,1010.92
CTD_PTSH,20251119T024546,1010.80,8.5679,35.3910,-2.500000
CTD_P,20251119T024547,1010.85
CTD_P,20251119T034548,1019.15
CTD_PTSH,20251119T034611,1019.20,8.6510,35.3840,0.206198
CTD_P,20251119T034612,1019.23
CTD_P,20251119T044613,1018.71
CTD_PTSH,20251119T044636,1018.70,8.7074,35.3890,0.206114
CTD_P,20251119T044637,1018.66
CTD_P,20251119T054638,1012.55
CTD_PTSH,20251119T054701,1012.40,8.6682,35.3870,0.206429
CTD_P,20251119T054702,1012.32
CTD_P,20251119T064703,1013.92
CTD_PTSH,20251119T064726,1013.90,8.6207,35.3830,-2.500000
CTD_P,20251119T064727,1013.91
CTD_P,20251119T074728,1018.81
CTD_PTSH,20251119T074751,1019.00,8.6005,35.3780,-2.500000
CTD_P,20251119T074752,1018.98
CTD_P,20251119T084753,1010.19
CTD_PTSH,20251119T084816,1010.00,8.5919,35.3770,-2.500000
CTD_P,20251119T084817,1009.99
CTD_P,20251119T094818,1011.96
CTD_PTSH,20251119T094841,1012.30,8.5200,35.3710,0.206918
CTD_P,20251119T094842,1012.28
CTD_P,20251119T104843,1021.87
CTD_PTSH,20251119T104906,1021.80,8.6504,35.3840,0.206760
CTD_P,20251119T104907,1021.80
CTD_P,20251119T114908,1017.20
CTD_PTSH,20251119T114931,1017.10,8.7051,35.3890,0.206858
CTD_P,20251119T114932,1017.05
CTD_P,20251119T124933,1013.85
CTD_PTSH,20251119T124956,1014.00,8.5662,35.3830,-2.500000
CTD_P,20251119T124957,1014.01
CTD_P,20251119T134958,1022.99
CTD_PTSH,20251119T135021,1023.00,8.6516,35.3840,0.206974
CTD_P,20251119T135022,1023.05
CTD_P,20251119T145023,1025.68
CTD_PTSH,20251119T145046,1025.60,8.7764,35.3970,-2.500000
CTD_P,20251119T145047,1025.66
CTD_P,20251119T155048,1020.65
CTD_PTSH,20251119T155111,1020.80,8.7406,35.3940,0.207009
CTD_P,20251119T155112,1020.78
CTD_P,20251119T165113,1021.49
CTD_PTSH,20251119T165136,1021.50,8.7919,35.3990,0.206592
CTD_P,20251119T165137,1021.52
CTD_P,20251119T175138,1023.56
CTD_PTSH,20251119T175201,1023.60,8.8198,35.4020,0.206849
CTD_P,20251119T175202,1023.58
CTD_P,20251119T185203,1019.66
CTD_PTSH,20251119T185226,1019.50,8.7907,35.3980,0.206934
CTD_P,20251119T185227,1019.45
CTD_P,20251119T195228,1009.27
CTD_PTSH,20251119T195251,1009.10,8.6873,35.3900,-2.500000
CTD_P,20251119T195252,1009.16
CTD_P,20251119T205253,1012.37
CTD_PTSH,20251119T205316,1012.50,8.5557,35.3790,-2.500000
CTD_P,20251119T205317,1012.48
CTD_P,20251119T215318,1015.20
CTD_PTSH,20251119T215341,1015.20,8.6080,35.3800,0.207428
CTD_P,20251119T215342,1015.21
CTD_P,20251119T225343,1016.67
CTD_PTSH,20251119T225406,1016.70,8.5960,35.3810,0.207625
CTD_P,20251119T225407,1016.69
CTD_P,20251119T235408,1012.37
CTD_PTSH,20251119T235431,1012.40,8.5088,35.3710,0.207834
CTD_P,20251119T235432,1012.34
CTD_P,20251120T005433,1017.00
CTD_PTSH,20251120T005456,1017.00,8.5718,35.3790,0.207636
CTD_P,20251120T005457,1017.03
CTD_P,20251120T015458,1015.74
CTD_PTSH,20251120T015521,1015.80,8.5677,35.3770,-2.500000
CTD_P,20251120T015522,1015.76
CTD_P,20251120T025523,1017.11
CTD_PTSH,20251120T025546,1017.10,8.6235,35.3840,-2.500000
CTD_P,20251120T025547,1017.07
CTD_P,20251120T035548,1020.23
CTD_PTSH,20251120T035611,1020.20,8.6779,35.3860,-2.500000
CTD_P,20251120T035612,1020.23
CTD_P,20251120T045613,1018.98
CTD_PTSH,20251120T045636,1019.20,8.6811,35.3920,0.207681
CTD_P,20251120T045637,1019.17
CTD_P,20251120T055638,1019.23
CTD_PTSH,20251120T055701,1019.10,8.7372,35.3940,-2.500000
CTD_P,20251120T055702,1019.10
CTD_P,20251120T065703,1014.85
CTD_PTSH,20251120T065726,1014.80,8.7054,35.3920,-2.500000
CTD_P,20251120T065727,1014.81
CTD_P,20251120T075728,1015.43
CTD_PTSH,20251120T075751,1015.70,8.6110,35.3900,-2.500000
CTD_P,20251120T075752,1015.70
CTD_P,20251120T085753,1019.59
CTD_PTSH,20251120T085816,1019.50,8.6816,35.3860,-2.500000
CTD_P,20251120T085817,1019.51
CTD_P,20251120T095818,1013.86
CTD_PTSH,20251120T095841,1013.80,8.6578,35.3840,-2.500000
CTD_P,20251120T095842,1013.78
CTD_P,20251120T105843,1013.90
CTD_PTSH,20251120T105906,1013.90,8.5197,35.3700,-2.500000
CTD_P,20251120T105907,1013.85
CTD_P,20251120T115908,1016.90
CTD_PTSH,20251120T115931,1016.90,8.5179,35.3680,0.208260
CTD_P,20251120T115932,1016.96
CTD_P,20251120T125933,1018.25
CTD_PTSH,20251120T125956,1018.30,8.5587,35.3740,0.208272
CTD_P,20251120T125957,1018.26
CTD_P,20251120T135958,1016.76
CTD_PTSH,20251120T140021,1016.70,8.5533,35.3740,-2.500000
CTD_P,20251120T140022,1016.69
CTD_P,20251120T150023,1021.39
CTD_PTSH,20251120T150046,1021.30,8.6297,35.3800,-2.500000
CTD_P,20251120T150047,1021.32
CTD_P,20251120T160048,1019.58
CTD_PTSH,20251120T160111,1019.40,8.7453,35.3930,-2.500000
CTD_P,20251120T160112,1019.33
CTD_P,20251120T170113,1019.22
CTD_PTSH,20251120T170136,1019.40,8.6859,35.3930,-2.500000
CTD_P,20251120T170137,1019.40
CTD_P,20251120T180138,1021.53
CTD_PTSH,20251120T180201,1021.50,8.7343,35.3940,-2.500000
CTD_P,20251120T180202,1021.50
CTD_P,20251120T190203,1021.02
CTD_PTSH,20251120T190226,1021.20,8.7355,35.3930,-2.500000
CTD_P,20251120T190227,1021.18
CTD_P,20251120T200228,1019.30
CTD_PTSH,20251120T200251,1019.40,8.7176,35.3880,-2.500000
CTD_P,20251120T200252,1019.39
CTD_P,20251120T210253,1019.43
CTD_PTSH,20251120T210316,1019.40,8.7071,35.3900,-2.500000
CTD_P,20251120T210317,1019.37
CTD_P,20251120T220318,1013.94
CTD_PTSH,20251120T220341,1013.70,8.6442,35.3810,-2.500000
CTD_P,20251120T220342,1013.70
CTD_P,20251120T230343,1010.60
CTD_PTSH,20251120T230406,1010.60,8.5669,35.3780,-2.500000
CTD_P,20251120T230407,1010.66
CTD_P,20251121T000408,1017.51
CTD_PTSH,20251121T000431,1017.60,8.5599,35.3760,-2.500000
CTD_P,20251121T000432,1017.59
CTD_P,20251121T010433,1020.82
CTD_PTSH,20251121T010456,1020.90,8.5668,35.3740,-2.500000
CTD_P,20251121T010457,1020.88
CTD_P,20251121T020458,1016.94
CTD_PTSH,20251121T020521,1017.00,8.6039,35.3800,-2.500000
CTD_P,20251121T020522,1016.97
CTD_P,20251121T030523,1024.78
CTD_PTSH,20251121T030546,1024.70,8.6725,35.3860,-2.500000
CTD_P,20251121T030547,1024.72
CTD_P,20251121T040548,1018.44
CTD_PTSH,20251121T040611,1018.40,8.6777,35.3860,-2.500000
CTD_P,20251121T040612,1018.37
CTD_P,20251121T050613,1024.52
CTD_PTSH,20251121T050636,1024.50,8.6935,35.3870,-2.500000
CTD_P,20251121T050637,1024.52
CTD_P,20251121T060638,1018.17
CTD_PTSH,20251121T060701,1017.90,8.6727,35.3860,-2.500000
CTD_P,20251121T060702,1017.89
CTD_P,20251121T070703,1016.01
CTD_PTSH,20251121T070726,1016.10,8.6107,35.3820,-2.500000
CTD_P,20251121T070727,1016.15
CTD_P,20251121T080728,1023.46
CTD_PTSH,20251121T080751,1023.50,8.6341,35.3820,-2.500000
CTD_P,20251121T080752,1023.51
CTD_P,20251121T090753,1020.72
CTD_PTSH,20251121T090816,1020.50,8.7599,35.3950,-2.500000
CTD_P,20251121T090817,1020.49
CTD_P,20251121T100818,1019.49
CTD_PTSH,20251121T100841,1019.30,8.7563,35.3980,-2.500000
CTD_P,20251121T100842,1019.31
CTD_P,20251121T110843,1010.24
CTD_PTSH,20251121T110906,1010.30,8.5259,35.3700,-2.500000
CTD_P,20251121T110907,1010.28
CTD_P,20251121T120908,1018.08
CTD_PTSH,20251121T120931,1018.10,8.5529,35.3730,-2.500000
CTD_P,20251121T120932,1018.11
CTD_P,20251121T130933,1021.59
CTD_PTSH,20251121T130956,1021.50,8.6044,35.3780,-2.500000
CTD_P,20251121T130957,1021.52
CTD_P,20251121T140958,1018.25
CTD_PTSH,20251121T141021,1018.20,8.5683,35.3750,-2.500000
CTD_P,20251121T141022,1018.18
CTD_P,20251121T151023,1020.08
CTD_PTSH,20251121T151046,1020.00,8.6191,35.3810,-2.500000
CTD_P,20251121T151047,1020.04
CTD_P,20251121T161048,1019.54
CTD_PTSH,20251121T161111,1019.40,8.6688,35.3870,-2.500000
CTD_P,20251121T161112,1019.41
CTD_P,20251121T171113,1025.18
CTD_PTSH,20251121T171136,1025.20,8.7560,35.3950,-2.500000
CTD_P,20251121T171137,1025.12
CTD_P,20251121T181138,1020.51
CTD_PTSH,20251121T181201,1020.50,8.7367,35.3930,-2.500000
CTD_P,20251121T181202,1020.52
CTD_P,20251121T191203,1019.38
CTD_PTSH,20251121T191226,1019.40,8.7044,35.3890,-2.500000
CTD_P,20251121T191227,1019.39
CTD_P,20251121T201228,1018.86
CTD_PTSH,20251121T201251,1018.90,8.7029,35.3900,-2.500000
CTD_P,20251121T201252,1018.85
CTD_P,20251121T211253,1016.13
CTD_PTSH,20251121T211316,1016.00,8.6549,35.3910,-2.500000
CTD_P,20251121T211317,1016.02
CTD_P,20251121T221318,1009.85
CTD_PTSH,20251121T221341,1009.90,8.5508,35.3760,-2.500000
CTD_P,20251121T221342,1009.92
CTD_P,20251121T231343,1017.77
CTD_PTSH,20251121T231406,1017.70,8.5464,35.3730,-2.500000
CTD_P,20251121T231407,1017.74
CTD_P,20251122T001408,1019.98
CTD_PTSH,20251122T001431,1020.10,8.5239,35.3700,-2.500000
CTD_P,20251122T001432,1020.14
CTD_P,20251122T011433,1017.24
CTD_PTSH,20251122T011456,1017.10,8.5550,35.3740,-2.500000
CTD_P,20251122T011457,1017.06
CTD_P,20251122T021458,1018.22
CTD_PTSH,20251122T021521,1018.20,8.5851,35.3760,-2.500000
CTD_P,20251122T021522,1018.22
CTD_P,20251122T031523,1018.69
CTD_PTSH,20251122T031546,1018.60,8.6195,35.3820,-2.500000
CTD_P,20251122T031547,1018.63
CTD_P,20251122T041548,1022.66
CTD_PTSH,20251122T041611,1022.60,8.6667,35.3850,-2.500000
CTD_P,20251122T041612,1022.59
CTD_P,20251122T051613,1023.14
CTD_PTSH,20251122T051636,1023.20,8.7064,35.3900,-2.500000
CTD_P,20251122T051637,1023.21
CTD_P,20251122T061638,1022.83
CTD_PTSH,20251122T061701,1022.80,8.7459,35.3950,-2.500000
CTD_P,20251122T061702,1022.79
CTD_P,20251122T071703,1018.19
CTD_PTSH,20251122T071726,1018.30,8.6590,35.3910,-2.500000
CTD_P,20251122T071727,1018.35
CTD_P,20251122T081728,1018.51
CTD_PTSH,20251122T081751,1018.40,8.6977,35.3900,-2.500000
CTD_P,20251122T081752,1018.37
CTD_P,20251122T091753,1020.36
CTD_PTSH,20251122T091816,1020.30,8.7078,35.3890,-2.500000
CTD_P,20251122T091817,1020.28
CTD_P,20251122T101818,1014.75
CTD_PTSH,20251122T101841,1014.90,8.6257,35.3990,-2.500000
CTD_P,20251122T101842,1014.96
CTD_P,20251122T111843,1016.82
CTD_PTSH,20251122T111906,1016.70,8.6354,35.3870,-2.500000
CTD_P,20251122T111907,1016.71
CTD_P,20251122T121908,1015.38
CTD_PTSH,20251122T121931,1015.50,8.5692,35.3770,-2.500000
CTD_P,20251122T121932,1015.43
CTD_P,20251122T131933,1021.46
CTD_PTSH,20251122T131956,1021.30,8.5649,35.3750,-2.500000
CTD_P,20251122T131957,1021.29
CTD_P,20251122T141958,1014.79
CTD_PTSH,20251122T142021,1014.60,8.5992,35.3830,-2.500000
CTD_P,20251122T142022,1014.61
CTD_P,20251122T152023,1016.87
CTD_PTSH,20251122T152046,1016.80,8.6573,35.3870,-2.500000
CTD_P,20251122T152047,1016.77
CTD_P,20251122T162048,1023.38
CTD_PTSH,20251122T162111,1023.50,8.6500,35.3830,-2.500000
CTD_P,20251122T162112,1023.49
CTD_P,20251122T172113,1019.60
CTD_PTSH,20251122T172136,1019.40,8.6965,35.3880,-2.500000
CTD_P,20251122T172137,1019.42
CTD_P,20251122T182138,1020.01
CTD_PTSH,20251122T182201,1020.10,8.6628,35.3840,-2.500000
CTD_P,20251122T182202,1020.06
CTD_P,20251122T192203,1023.63
CTD_PTSH,20251122T192226,1023.60,8.7041,35.3910,-2.500000
CTD_P,20251122T192227,1023.65
CTD_P,20251122T202228,1022.01
CTD_PTSH,20251122T202251,1021.90,8.7259,35.3910,-2.500000
CTD_P,20251122T202252,1021.90
CTD_P,20251122T212253,1019.23
CTD_PTSH,20251122T212316,1019.30,8.6679,35.3900,-2.500000
CTD_P,20251122T212317,1019.35
CTD_P,20251122T222318,1021.08
CTD_PTSH,20251122T222341,1021.10,8.6720,35.3860,-2.500000
CTD_P,20251122T222342,1021.12
CTD_P,20251122T232343,1020.00
CTD_PTSH,20251122T232406,1020.00,8.6723,35.3870,-2.500000
CTD_P,20251122T232407,1020.05
CTD_P,20251123T002408,1018.61
CTD_PTSH,20251123T002431,1018.70,8.6414,35.3860,-2.500000
CTD_P,20251123T002432,1018.62
CTD_P,20251123T012433,1015.95
CTD_PTSH,20251123T012456,1016.00,8.5730,35.3800,-2.500000
CTD_P,20251123T012457,1016.06
CTD_P,20251123T022458,1015.24
CTD_PTSH,20251123T022521,1015.30,8.5633,35.3760,-2.500000
CTD_P,20251123T022522,1015.32
CTD_P,20251123T032523,1017.39
CTD_PTSH,20251123T032546,1017.30,8.5920,35.3760,-2.500000
CTD_P,20251123T032547,1017.26
CTD_P,20251123T042548,1014.40
CTD_PTSH,20251123T042611,1014.50,8.5512,35.3750,-2.500000
CTD_P,20251123T042612,1014.56
CTD_P,20251123T052613,1023.51
CTD_PTSH,20251123T052636,1023.40,8.6226,35.3800,-2.500000
CTD_P,20251123T052637,1023.41
CTD_P,20251123T062638,1019.04
CTD_PTSH,20251123T062701,1019.10,8.5990,35.3790,-2.500000
CTD_P,20251123T062702,1019.09
CTD_P,20251123T072703,1021.25
CTD_PTSH,20251123T072726,1021.20,8.6021,35.3790,-2.500000
CTD_P,20251123T072727,1021.19
CTD_P,20251123T082728,1018.65
CTD_PTSH,20251123T082751,1018.60,8.6266,35.3840,-2.500000
CTD_P,20251123T082752,1018.62
CTD_P,20251123T092753,1014.75
CTD_PTSH,20251123T092816,1014.80,8.5552,35.3750,-2.500000
CTD_P,20251123T092817,1014.73
CTD_P,20251123T102818,1023.39
CTD_PTSH,20251123T102841,1023.30,8.5850,35.3770,-2.500000
CTD_P,20251123T102842,1023.35
CTD_P,20251123T112843,1020.12
CTD_PTSH,20251123T112906,1020.00,8.6600,35.3850,-2.500000
CTD_P,20251123T112907,1019.92
CTD_P,20251123T122908,1014.15
CTD_PTSH,20251123T122931,1013.90,8.5962,35.3800,-2.500000
CTD_P,20251123T122932,1013.89
CTD_P,20251123T132933,1017.24
CTD_PTSH,20251123T132956,1017.40,8.5277,35.3740,-2.500000
CTD_P,20251123T132957,1017.42
CTD_P,20251123T142958,1018.81
CTD_PTSH,20251123T143021,1018.90,8.5965,35.3770,-2.500000
CTD_P,20251123T143022,1018.92
CTD_P,20251123T153023,1019.22
CTD_PTSH,20251123T153046,1019.20,8.6568,35.3850,-2.500000
CTD_P,20251123T153047,1019.16
CTD_P,20251123T163048,1023.37
CTD_PTSH,20251123T163111,1023.30,8.6549,35.3850,-2.500000
CTD_P,20251123T163112,1023.32
CTD_P,20251123T173113,1019.54
CTD_PTSH,20251123T173136,1019.50,8.6787,35.3890,-2.500000
CTD_P,20251123T173137,1019.47
CTD_P,20251123T183138,1024.23
CTD_PTSH,20251123T183201,1024.30,8.7010,35.3890,-2.500000
CTD_P,20251123T183202,1024.30
CTD_P,20251123T193203,1018.40
CTD_PTSH,20251123T193226,1018.40,8.7203,35.3890,-2.500000
CTD_P,20251123T193227,1018.43
CTD_P,20251123T203228,1021.21
CTD_PTSH,20251123T203251,1021.20,8.7062,35.3920,-2.500000
CTD_P,20251123T203252,1021.23
CTD_P,20251123T213253,1024.47
CTD_PTSH,20251123T213316,1024.50,8.7096,35.3910,-2.500000
CTD_P,20251123T213317,1024.44
CTD_P,20251123T223318,1021.31
CTD_PTSH,20251123T223341,1021.00,8.7428,35.3930,0.213268
CTD_P,20251123T223342,1020.99
CTD_P,20251123T233343,1015.33
CTD_PTSH,20251123T233406,1015.30,8.7119,35.3930,-2.500000
CTD_P,20251123T233407,1015.31
CTD_P,20251124T003408,1018.39
CTD_PTSH,20251124T003431,1018.40,8.6660,35.3910,-2.500000
CTD_P,20251124T003432,1018.41
CTD_P,20251124T013433,1017.94
CTD_PTSH,20251124T013456,1018.00,8.6606,35.3860,-2.500000
CTD_P,20251124T013457,1018.00
CTD_P,20251124T023458,1025.20
CTD_PTSH,20251124T023521,1025.10,8.6942,35.3880,-2.500000
CTD_P,20251124T023522,1025.06
CTD_P,20251124T033523,1018.37
CTD_PTSH,20251124T033546,1018.50,8.6556,35.3850,-2.500000
CTD_P,20251124T033547,1018.49
CTD_P,20251124T043548,1016.14
CTD_PTSH,20251124T043611,1016.10,8.5635,35.3760,-2.500000
CTD_P,20251124T043612,1016.13
CTD_P,20251124T053613,1014.82
CTD_PTSH,20251124T053636,1014.70,8.5990,35.3740,0.213001
CTD_P,20251124T053637,1014.69
CTD_P,20251124T063638,1016.26
CTD_PTSH,20251124T063701,1016.30,8.5407,35.3750,0.213275
CTD_P,20251124T063702,1016.25
CTD_P,20251124T073703,1013.77
CTD_PTSH,20251124T073726,1013.70,8.4983,35.3690,-2.500000
CTD_P,20251124T073727,1013.69
CTD_P,20251124T083728,1021.62
CTD_PTSH,20251124T083751,1021.70,8.5550,35.3740,0.213771
CTD_P,20251124T083752,1021.72
CTD_P,20251124T093753,1023.12
CTD_PTSH,20251124T093816,1023.10,8.6366,35.3820,0.213744
CTD_P,20251124T093817,1023.11
CTD_P,20251124T103818,1023.57
CTD_PTSH,20251124T103841,1023.50,8.6685,35.3860,0.213822
CTD_P,20251124T103842,1023.53
CTD_P,20251124T113843,1016.83
CTD_PTSH,20251124T113906,1016.70,8.5893,35.3760,-2.500000
CTD_P,20251124T113907,1016.64
CTD_P,20251124T123908,1018.14
CTD_PTSH,20251124T123931,1018.10,8.5557,35.3740,-2.500000
CTD_P,20251124T123932,1018.16
CTD_P,20251124T133933,1016.52
CTD_PTSH,20251124T133956,1016.50,8.5655,35.3760,-2.500000
CTD_P,20251124T133957,1016.55
CTD_P,20251124T143958,1021.94
CTD_PTSH,20251124T144021,1021.90,8.6058,35.3780,-2.500000
CTD_P,20251124T144022,1021.86
CTD_P,20251124T154023,1020.63
CTD_PTSH,20251124T154046,1020.60,8.6089,35.3800,0.214269
CTD_P,20251124T154047,1020.59
CTD_P,20251124T164048,1023.26
CTD_PTSH,20251124T164111,1023.30,8.6381,35.3810,-2.500000
CTD_P,20251124T164112,1023.32
CTD_P,20251124T174113,1020.39
CTD_PTSH,20251124T174136,1020.50,8.5737,35.3770,-2.500000
CTD_P,20251124T174137,1020.55
CTD_P,20251124T184138,1027.71
CTD_PTSH,20251124T184201,1027.70,8.6801,35.3880,-2.500000
CTD_P,20251124T184202,1027.73
CTD_P,20251124T194203,1024.22
CTD_PTSH,20251124T194226,1024.10,8.7645,35.3970,-2.500000
CTD_P,20251124T194227,1024.05
CTD_P,20251124T204228,1023.49
CTD_PTSH,20251124T204251,1023.60,8.7482,35.3930,-2.500000
CTD_P,20251124T204252,1023.58
CTD_P,20251124T214253,1024.07
CTD_PTSH,20251124T214316,1024.10,8.7743,35.3960,-2.500000
CTD_P,20251124T214317,1024.09
CTD_P,20251124T224318,1023.47
CTD_PTSH,20251124T224341,1023.40,8.7538,35.3950,-2.500000
CTD_P,20251124T224342,1023.36
CTD_P,20251124T234343,1016.93
CTD_PTSH,20251124T234406,1017.00,8.7462,35.3930,-2.500000
CTD_P,20251124T234407,1017.00
CTD_P,20251125T004408,1019.64
CTD_PTSH,20251125T004431,1019.70,8.6924,35.3890,-2.500000
CTD_P,20251125T004432,1019.68
CTD_P,20251125T014433,1026.24
CTD_PTSH,20251125T014456,1026.00,8.7107,35.3900,-2.500000
CTD_P,20251125T014457,1026.01
CTD_P,20251125T024458,1016.54
CTD_PTSH,20251125T024521,1016.70,8.6099,35.3870,-2.500000
CTD_P,20251125T024522,1016.68
CTD_P,20251125T034523,1020.16
CTD_PTSH,20251125T034546,1020.10,8.5948,35.3760,-2.500000
CTD_P,20251125T034547,1020.04
CTD_P,20251125T044548,1018.77
CTD_PTSH,20251125T044611,1018.80,8.6090,35.3800,-2.500000
CTD_P,20251125T044612,1018.78
CTD_P,20251125T054613,1019.99
CTD_PTSH,20251125T054636,1020.00,8.5657,35.3750,-2.500000
CTD_P,20251125T054637,1019.99
CTD_P,20251125T064638,1016.42
CTD_PTSH,20251125T064701,1016.20,8.5912,35.3780,-2.500000
CTD_P,20251125T064702,1016.20
CTD_P,20251125T074703,1020.66
CTD_PTSH,20251125T074726,1020.70,8.5336,35.3710,-2.500000
CTD_P,20251125T074727,1020.70
CTD_P,20251125T084728,1020.00
CTD_PTSH,20251125T084751,1019.90,8.6004,35.3790,-2.500000
CTD_P,20251125T084752,1019.86
CTD_P,20251125T094753,1022.08
CTD_PTSH,20251125T094816,1021.90,8.6074,35.3790,-2.500000
CTD_P,20251125T094817,1021.90
CTD_P,20251125T104818,1018.06
CTD_PTSH,20251125T104841,1018.00,8.6082,35.3820,-2.500000
CTD_P,20251125T104842,1017.99
CTD_P,20251125T114843,1013.89
CTD_PTSH,20251125T114906,1013.90,8.5608,35.3800,-2.500000
CTD_P,20251125T114907,1013.96
CTD_P,20251125T124908,1022.51
CTD_PTSH,20251125T124931,1022.50,8.5733,35.3760,-2.500000
CTD_P,20251125T124932,1022.41
CTD_P,20251125T134933,1023.10
CTD_PTSH,20251125T134956,1023.10,8.6504,35.3840,-2.500000
CTD_P,20251125T134957,1023.03
CTD_P,20251125T144958,1023.07
CTD_PTSH,20251125T145021,1023.10,8.6208,35.3810,-2.500000
CTD_P,20251125T145022,1023.15
CTD_P,20251125T155023,1021.84
CTD_PTSH,20251125T155046,1021.70,8.6752,35.3860,-2.500000
CTD_P,20251125T155047,1021.73
CTD_P,20251125T165048,1017.47
CTD_PTSH,20251125T165111,1017.50,8.5827,35.3810,-2.500000
CTD_P,20251125T165112,1017.50
CTD_P,20251125T175113,1021.68
CTD_PTSH,20251125T175136,1021.80,8.6204,35.3790,-2.500000
CTD_P,20251125T175137,1021.75
CTD_P,20251125T185138,1021.60
CTD_PTSH,20251125T185201,1021.50,8.6514,35.3830,-2.500000
CTD_P,20251125T185202,1021.45
CTD_P,20251125T195203,1018.43
CTD_PTSH,20251125T195226,1018.40,8.5515,35.3730,-2.500000
CTD_P,20251125T195227,1018.40
CTD_P,20251125T205228,1020.94
CTD_PTSH,20251125T205251,1021.00,8.5797,35.3740,-2.500000
CTD_P,20251125T205252,1020.97
CTD_P,20251125T215253,1025.04
CTD_PTSH,20251125T215316,1025.20,8.6140,35.3790,-2.500000
CTD_P,20251125T215317,1025.15
CTD_P,20251125T225318,1027.05
CTD_PTSH,20251125T225341,1027.10,8.7122,35.3900,-2.500000
CTD_P,20251125T225342,1027.10
CTD_P,20251125T235343,1028.01
CTD_PTSH,20251125T235406,1027.90,8.8117,35.3990,-2.500000
CTD_P,20251125T235407,1027.96
CTD_P,20251126T005408,1000.09
CTD_PTSH,20251126T005431,999.80,8.9448,35.4140,-2.500000
CTD_P,20251126T005432,999.79
CTD_P,20251126T015433,1001.22
CTD_PTSH,20251126T015456,1001.20,8.8880,35.4060,-2.500000
CTD_P,20251126T015457,1001.19
CTD_P,20251126T025458,996.12
CTD_PTSH,20251126T025521,996.00,8.8905,35.4090,-2.500000
CTD_P,20251126T025522,995.96
CTD_P,20251126T032456,997.21
CTD_PTSH,20251126T032519,997.00,8.8626,35.4060,0.196594
CTD_P,20251126T032520,996.98
Message,20251126T032522,Deep Descent Mission
CTD_P,20251126T032525,996.91
CTD_P,20251126T032628,997.69
CTD_P,20251126T032730,1002.04
CTD_P,20251126T032832,1008.44
CTD_P,20251126T032844,1009.92
CTD_P,20251126T032846,1010.06
CTD_P,20251126T032946,1017.47
CTD_P,20251126T033449,1054.20
CTD_P,20251126T033952,1091.61
CTD_P,20251126T034455,1130.13
CTD_P,20251126T034958,1170.46
CTD_P,20251126T035501,1210.82
CTD_P,20251126T040004,1249.07
CTD_P,20251126T040507,1284.03
CTD_P,20251126T041010,1317.25
CTD_P,20251126T041513,1349.64
CTD_P,20251126T042016,1381.02
CTD_P,20251126T042519,1411.67
CTD_P,20251126T043022,1441.44
CTD_P,20251126T043525,1469.04
CTD_P,20251126T044028,1496.33
CTD_P,20251126T044531,1522.40
CTD_P,20251126T045034,1548.33
CTD_P,20251126T045537,1575.03
CTD_P,20251126T050040,1602.12
CTD_P,20251126T050543,1629.30
CTD_P,20251126T051046,1655.76
CTD_P,20251126T051549,1680.75
CTD_P,20251126T052052,1704.56
CTD_P,20251126T052555,1726.98
CTD_P,20251126T053058,1748.71
CTD_P,20251126T053601,1769.69
CTD_P,20251126T054104,1789.60
CTD_P,20251126T054607,1808.32
CTD_P,20251126T055110,1825.68
CTD_P,20251126T055613,1841.53
CTD_P,20251126T060116,1855.83
CTD_P,20251126T060619,1868.79
CTD_P,20251126T061122,1881.69
CTD_P,20251126T061625,1894.95
CTD_P,20251126T062128,1908.37
CTD_P,20251126T062631,1921.77
CTD_P,20251126T063134,1935.09
CTD_P,20251126T063637,1948.00
CTD_P,20251126T064140,1960.69
CTD_P,20251126T064643,1972.46
CTD_P,20251126T065146,1982.97
CTD_P,20251126T065649,1992.05
CTD_P,20251126T070152,2000.05
Message,20251126T070155,ASCENT
CTD_P,20251126T070158,2000.22
CTD_P,20251126T070202,2000.33
CTD_P,20251126T070209,2000.48
CTD_P,20251126T070216,2000.65
CTD_P,20251126T070226,2000.82
CTD_P,20251126T070239,2000.91
CTD_P,20251126T070252,2000.81
CTD_P,20251126T070304,2000.50
CTD_P,20251126T070313,2000.16
CTD_P,20251126T070317,1999.98
CTD_P,20251126T070318,1999.89
Message,20251126T070320,CP Started
CTD_P,20251126T070346,1997.90
NO3,20251126T070356,41.81
O2,20251126T070401,94.91904,22.67029,3.15351,49.07781,50.44381,58.19727,7.75346,1044.47205,864.40582,750.72180
FLBB,20251126T070405,56,111,567
CTD_P,20251126T070406,1996.11
CTD_P,20251126T070410,1995.73
CTD_P,20251126T070412,1995.54
CTD_P,20251126T070512,1989.50
CTD_P,20251126T071014,1959.27
CTD_P,20251126T071516,1930.71
CTD_P,20251126T072018,1903.76
CTD_P,20251126T072103,1899.85
NO3,20251126T072113,41.88
O2,20251126T072119,90.61371,21.80148,3.42916,49.37410,50.74010,58.54945,7.80936,1050.06604,863.45868,742.69873
FLBB,20251126T072122,58,110,567
CTD_P,20251126T072123,1898.13
CTD_P,20251126T072520,1878.23
CTD_P,20251126T073022,1853.54
CTD_P,20251126T073524,1829.27
CTD_P,20251126T074026,1805.28
CTD_P,20251126T074135,1799.85
NO3,20251126T074145,41.97
O2,20251126T074151,82.72301,20.08475,3.77246,50.01595,51.38195,59.19527,7.81332,1062.09497,861.43408,732.66913
FLBB,20251126T074154,55,113,567
CTD_P,20251126T074155,1798.27
CTD_P,20251126T074528,1781.54
CTD_P,20251126T075030,1758.28
CTD_P,20251126T075116,1754.49
CTD_P,20251126T075218,1748.49
CTD_P,20251126T075720,1719.88
CTD_P,20251126T080052,1701.06
CTD_P,20251126T080106,1699.84
NO3,20251126T080116,42.14
O2,20251126T080122,73.31303,17.97482,4.14387,50.85349,52.21949,60.03355,7.81406,1077.25098,859.18372,721.77258
FLBB,20251126T080125,57,109,566
CTD_P,20251126T080126,1698.14
CTD_P,20251126T080222,1693.37
CTD_P,20251126T080724,1668.94
CTD_P,20251126T081226,1646.61
CTD_P,20251126T081728,1625.91
CTD_P,20251126T082230,1606.08
CTD_P,20251126T082314,1602.95
CTD_P,20251126T082358,1599.27
NO3,20251126T082408,41.83
O2,20251126T082414,59.72525,14.85496,4.69377,52.17988,53.54588,61.36385,7.81796,1100.24194,855.17603,705.55219
FLBB,20251126T082417,57,112,565
CTD_P,20251126T082418,1597.55
CTD_P,20251126T082920,1571.93
CTD_P,20251126T083422,1546.20
CTD_P,20251126T083924,1520.29
CTD_P,20251126T084323,1500.21
CTD_P,20251126T084327,1499.87
NO3,20251126T084337,41.96
O2,20251126T084343,45.76038,11.58037,5.36500,53.68526,55.05126,62.86987,7.81861,1124.49194,850.23138,685.61450
FLBB,20251126T084346,55,114,564
CTD_P,20251126T084347,1498.20
CTD_P,20251126T084426,1494.89
CTD_P,20251126T084928,1469.90
CTD_P,20251126T085431,1446.21
CTD_P,20251126T085933,1424.40
CTD_P,20251126T090435,1404.20
CTD_P,20251126T090519,1401.05
CTD_P,20251126T090537,1399.55
NO3,20251126T090547,41.73
O2,20251126T090552,33.93938,8.73385,6.02179,55.10653,56.47253,64.28870,7.81617,1146.28406,845.33618,665.96051
FLBB,20251126T090556,57,112,563
CTD_P,20251126T090557,1397.83
CTD_P,20251126T090621,1395.78
CTD_P,20251126T091123,1370.16
CTD_P,20251126T091625,1345.27
CTD_P,20251126T092127,1320.18
CTD_P,20251126T092533,1299.76
NO3,20251126T092543,41.13
O2,20251126T092548,25.28646,6.60258,6.59964,56.24607,57.61208,65.42293,7.81085,1162.73401,840.98163,648.55280
FLBB,20251126T092552,55,112,563
CTD_P,20251126T092553,1298.10
CTD_P,20251126T092629,1295.04
CTD_P,20251126T093131,1269.61
CTD_P,20251126T093633,1244.99
CTD_P,20251126T094135,1222.18
CTD_P,20251126T094631,1202.19
CTD_P,20251126T094707,1199.99
NO3,20251126T094717,40.84
O2,20251126T094722,18.97595,5.01723,7.10111,57.14016,58.50616,66.31480,7.80865,1175.35596,837.10468,633.35980
FLBB,20251126T094726,56,116,562
CTD_P,20251126T094727,1198.76
CTD_P,20251126T095134,1184.59
CTD_P,20251126T095216,1182.09
CTD_P,20251126T095319,1177.35
CTD_P,20251126T095401,1173.89
CTD_P,20251126T095504,1168.00
CTD_P,20251126T100007,1139.84
CTD_P,20251126T100510,1111.72
CTD_P,20251126T100720,1099.63
NO3,20251126T100730,40.23
O2,20251126T100735,11.27630,3.03573,7.83233,58.32160,59.68760,67.49896,7.81136,1191.48901,831.62848,611.06659
FLBB,20251126T100739,57,113,561
CTD_P,20251126T100740,1097.78
CTD_P,20251126T101013,1083.55
CTD_P,20251126T101516,1055.11
CTD_P,20251126T102019,1026.67
CTD_P,20251126T102507,1000.50
CTD_P,20251126T102516,999.73
NO3,20251126T102526,38.98
O2,20251126T102531,7.57106,2.07724,8.61112,58.89009,60.25609,68.06439,7.80830,1197.95300,825.48090,587.14691
FLBB,20251126T102535,57,115,559
CTD_P,20251126T102536,997.93
CTD_P,20251126T103039,973.01
CTD_P,20251126T103520,952.82
CTD_P,20251126T103542,951.37
CTD_P,20251126T103605,949.89
NO3,20251126T103615,37.93
O2,20251126T103620,4.93570,1.36902,9.06363,59.33903,60.70503,68.51207,7.80704,1203.43604,821.91058,573.16772
FLBB,20251126T103624,57,122,559
CTD_P,20251126T103625,948.59
CTD_P,20251126T104044,932.42
CTD_P,20251126T104547,914.18
CTD_P,20251126T104629,911.32
CTD_P,20251126T104731,906.08
CTD_P,20251126T104846,899.60
NO3,20251126T104856,37.34
O2,20251126T104901,3.46206,0.96937,9.45808,59.58883,60.95483,68.76572,7.81088,1205.95996,818.61072,560.93530
FLBB,20251126T104905,56,117,558
CTD_P,20251126T104906,897.82
CTD_P,20251126T105234,879.31
CTD_P,20251126T105737,852.19
CTD_P,20251126T105805,849.70
NO3,20251126T105815,36.14
O2,20251126T105820,2.87593,0.81377,9.90165,59.66642,61.03242,68.84903,7.81661,1205.81494,815.35663,547.12891
FLBB,20251126T105824,54,117,557
CTD_P,20251126T105825,847.92
CTD_P,20251126T110239,825.92
CTD_P,20251126T110740,801.81
CTD_P,20251126T110806,799.85
NO3,20251126T110816,34.93
O2,20251126T110821,2.22351,0.63533,10.31605,59.76436,61.13036,68.95479,7.82443,1205.91199,811.90613,534.18341
FLBB,20251126T110825,56,112,557
CTD_P,20251126T110826,798.38
CTD_P,20251126T111243,779.91
CTD_P,20251126T111746,759.81
CTD_P,20251126T112017,750.36
CTD_P,20251126T112025,749.88
NO3,20251126T112035,33.06
O2,20251126T112040,1.34185,0.38746,10.76589,59.91261,61.27861,69.11322,7.83461,1206.45105,808.30280,520.08081
FLBB,20251126T112044,56,149,556
CTD_P,20251126T112045,748.66
CTD_P,20251126T112248,741.16
CTD_P,20251126T112331,738.28
CTD_P,20251126T112433,733.17
CTD_P,20251126T112935,708.04
CTD_P,20251126T113114,699.90
NO3,20251126T113124,32.25
O2,20251126T113129,1.63450,0.47623,11.15375,59.82046,61.18646,69.03282,7.84636,1204.42896,805.05652,507.88129
FLBB,20251126T113133,56,110,555
CTD_P,20251126T113134,698.29
CTD_P,20251126T113438,683.19
CTD_P,20251126T113941,659.41
CTD_P,20251126T114143,650.10
CTD_P,20251126T114147,649.82
NO3,20251126T114157,30.34
O2,20251126T114202,1.22224,0.35986,11.60817,59.87442,61.24043,69.09442,7.85400,1203.70703,801.26898,493.54251
FLBB,20251126T114206,56,112,555
CTD_P,20251126T114207,648.30
CTD_P,20251126T114443,636.86
CTD_P,20251126T114945,617.02
CTD_P,20251126T115027,614.22
CTD_P,20251126T115129,609.26
CTD_P,20251126T115209,605.80
CTD_P,20251126T115311,599.72
NO3,20251126T115321,29.20
O2,20251126T115326,1.30574,0.38861,12.08114,59.82022,61.18622,69.05112,7.86490,1201.87500,797.46338,478.56821
FLBB,20251126T115330,57,112,554
CTD_P,20251126T115331,597.81
CTD_P,20251126T115833,569.11
CTD_P,20251126T120157,549.50
NO3,20251126T120207,26.75
O2,20251126T120212,1.11143,0.33559,12.71920,59.81560,61.18160,69.05827,7.87667,1199.74500,792.15863,458.29059
FLBB,20251126T120216,55,120,553
CTD_P,20251126T120217,547.49
CTD_P,20251126T120335,539.77
CTD_P,20251126T120837,509.66
CTD_P,20251126T121016,499.83
NO3,20251126T121026,25.15
O2,20251126T121031,1.04443,0.31812,13.10711,59.80199,61.16799,69.05055,7.88256,1198.53003,788.85132,445.92169
FLBB,20251126T121035,58,119,553
CTD_P,20251126T121036,497.84
CTD_P,20251126T121339,480.32
CTD_P,20251126T121841,453.45
CTD_P,20251126T121922,449.95
NO3,20251126T121932,24.52
O2,20251126T121937,0.99939,0.30682,13.46263,59.78605,61.15205,69.04256,7.89050,1197.39099,785.51379,434.56021
FLBB,20251126T121941,55,121,552
CTD_P,20251126T121942,448.23
CTD_P,20251126T122343,427.93
CTD_P,20251126T122845,403.55
CTD_P,20251126T122931,399.89
NO3,20251126T122940,24.17
O2,20251126T122946,0.98157,0.30230,13.60525,59.77967,61.14567,69.04048,7.89481,1197.48901,784.49689,429.99570
FLBB,20251126T122949,56,126,551
CTD_P,20251126T122951,398.30
CTD_P,20251126T123347,379.95
CTD_P,20251126T123849,358.60
CTD_P,20251126T124053,350.72
CTD_P,20251126T124107,349.82
NO3,20251126T124116,23.43
O2,20251126T124122,0.97857,0.30503,14.15221,59.73992,61.10592,69.01791,7.91199,1195.61597,780.33533,412.45761
FLBB,20251126T124125,57,137,551
CTD_P,20251126T124127,348.57
CTD_P,20251126T124351,339.46
CTD_P,20251126T124431,336.64
CTD_P,20251126T124533,331.32
CTD_P,20251126T125035,304.17
CTD_P,20251126T125124,299.87
NO3,20251126T125134,21.74
O2,20251126T125139,0.92703,0.29507,15.11312,59.68146,61.04746,68.98097,7.93351,1191.54602,771.92603,381.52811
FLBB,20251126T125143,56,152,550
CTD_P,20251126T125144,298.13
CTD_P,20251126T125537,279.10
CTD_P,20251126T130039,258.73
CTD_P,20251126T130251,251.40
CTD_P,20251126T130319,249.91
NO3,20251126T130328,20.81
O2,20251126T130334,0.86473,0.28426,16.62587,59.58593,60.95193,68.90680,7.95486,1184.03699,758.46899,332.58469
FLBB,20251126T130337,56,149,548
CTD_P,20251126T130339,248.81
CTD_P,20251126T130541,241.94
CTD_P,20251126T131043,226.12
CTD_P,20251126T131123,224.20
CTD_P,20251126T131225,220.05
CTD_P,20251126T131305,217.15
CTD_P,20251126T131407,211.82
CTD_P,20251126T131627,200.50
CTD_P,20251126T131636,199.80
NO3,20251126T131646,20.24
O2,20251126T131651,0.81956,0.27701,17.96124,59.50000,60.86600,68.84090,7.97489,1177.05701,745.99939,289.19421
FLBB,20251126T131654,54,140,546
CTD_P,20251126T131656,198.29
CTD_P,20251126T131909,190.32
CTD_P,20251126T132411,178.26
CTD_P,20251126T132913,165.91
CTD_P,20251126T132951,164.44
CTD_P,20251126T133053,160.82
CTD_P,20251126T133133,158.17
CTD_P,20251126T133235,153.15
CTD_P,20251126T133316,149.91
NO3,20251126T133326,22.86
O2,20251126T133331,0.78258,0.27350,19.60682,59.38988,60.75588,68.75781,8.00193,1166.51599,727.67010,235.59450
FLBB,20251126T133334,52,124,543
CTD_P,20251126T133336,148.30
CTD_P,20251126T133737,131.03
CTD_P,20251126T134239,115.85
CTD_P,20251126T134741,112.86
CTD_P,20251126T134821,111.72
CTD_P,20251126T134923,107.95
CTD_P,20251126T135003,104.90
CTD_P,20251126T135105,99.22
NO3,20251126T135114,18.67
O2,20251126T135120,70.19041,26.18850,22.95439,43.92845,45.29445,53.32240,8.02795,896.68628,694.98981,126.65980
FLBB,20251126T135123,53,122,539
CTD_P,20251126T135125,97.42
CTD_P,20251126T135248,90.47
CTD_P,20251126T135256,89.88
NO3,20251126T135305,17.61
O2,20251126T135311,90.06390,33.85007,23.33960,41.03456,42.40056,50.43407,8.03351,835.33459,691.47351,114.17300
FLBB,20251126T135314,55,120,538
CTD_P,20251126T135316,88.52
CTD_P,20251126T135459,82.71
CTD_P,20251126T135547,80.31
CTD_P,20251126T135555,79.93
NO3,20251126T135604,15.25
O2,20251126T135610,104.87800,39.66100,23.66521,39.13272,40.49873,48.53514,8.03642,792.64392,684.71301,103.63050
FLBB,20251126T135613,61,130,537
CTD_P,20251126T135615,78.90
CTD_P,20251126T135627,78.30
CTD_P,20251126T135915,71.75
CTD_P,20251126T140002,70.09
CTD_P,20251126T140006,69.96
NO3,20251126T140015,16.30
O2,20251126T140021,127.87480,48.56706,23.89514,36.66935,38.03535,46.06808,8.03273,737.33783,684.61432,96.19346
FLBB,20251126T140024,58,126,536
CTD_P,20251126T140026,69.45
CTD_P,20251126T140129,68.81
CTD_P,20251126T140631,69.91
CTD_P,20251126T140709,69.52
CTD_P,20251126T140811,67.18
CTD_P,20251126T140849,65.49
CTD_P,20251126T140951,61.89
CTD_P,20251126T141025,59.67
NO3,20251126T141034,7.30
O2,20251126T141040,205.11909,81.58871,26.40132,29.99624,31.36224,39.40450,8.04225,575.31763,669.40491,15.63039
FLBB,20251126T141043,90,169,535
CTD_P,20251126T141045,58.55
CTD_P,20251126T141049,58.32
CTD_P,20251126T141151,54.28
CTD_P,20251126T141231,51.09
CTD_P,20251126T141247,49.60
NO3,20251126T141256,0.54
O2,20251126T141302,230.30620,92.01871,26.64926,28.58528,29.95128,38.00963,8.05835,539.87720,658.65887,7.71921
FLBB,20251126T141305,94,171,534
CTD_P,20251126T141307,47.63
CTD_P,20251126T141311,47.24
NO3,20251126T141320,0.93
O2,20251126T141326,230.90530,92.26623,26.65415,28.55439,29.92039,37.97886,8.05847,539.06311,658.25659,7.56323
FLBB,20251126T141329,96,164,533
CTD_P,20251126T141331,45.29
CTD_P,20251126T141335,44.88
NO3,20251126T141344,0.98
O2,20251126T141350,231.51390,92.51192,26.65566,28.52440,29.89040,37.94877,8.05836,538.30823,657.97760,7.51524
FLBB,20251126T141353,97,164,533
CTD_P,20251126T141355,42.93
CTD_P,20251126T141359,42.54
NO3,20251126T141408,0.47
O2,20251126T141414,231.98480,92.70071,26.65602,28.50157,29.86757,37.92440,8.05683,537.74548,657.73450,7.50353
FLBB,20251126T141417,96,156,533
CTD_P,20251126T141419,40.56
CTD_P,20251126T141423,40.17
NO3,20251126T141432,0.80
O2,20251126T141438,232.49190,92.90658,26.65795,28.47648,29.84248,37.89970,8.05722,537.16968,657.60370,7.44216
FLBB,20251126T141441,108,169,533
CTD_P,20251126T141443,38.18
CTD_P,20251126T141447,37.79
NO3,20251126T141456,0.55
O2,20251126T141502,232.86960,93.05916,26.65893,28.45800,29.82400,37.87945,8.05545,536.67200,657.49268,7.41099
FLBB,20251126T141505,103,162,532
CTD_P,20251126T141507,35.81
CTD_P,20251126T141511,35.43
NO3,20251126T141520,0.59
O2,20251126T141526,233.30470,93.23384,26.65944,28.43699,29.80299,37.85796,8.05497,536.14331,657.36938,7.39476
FLBB,20251126T141529,103,164,532
CTD_P,20251126T141531,33.43
CTD_P,20251126T141535,33.01
NO3,20251126T141544,0.64
O2,20251126T141550,233.89040,93.46924,26.66021,28.40876,29.77476,37.83062,8.05586,535.51929,657.28461,7.37017
FLBB,20251126T141553,113,167,532
CTD_P,20251126T141555,31.13
CTD_P,20251126T141559,30.78
NO3,20251126T141608,0.40
O2,20251126T141614,234.26170,93.61752,26.66015,28.39111,29.75711,37.81263,8.05552,535.03082,657.20892,7.37185
FLBB,20251126T141617,116,167,532
CTD_P,20251126T141619,28.88
CTD_P,20251126T141623,28.50
NO3,20251126T141632,0.32
O2,20251126T141638,234.58600,93.74738,26.66030,28.37565,29.74165,37.79637,8.05472,534.59479,657.19568,7.36732
FLBB,20251126T141641,116,168,532
CTD_P,20251126T141643,26.50
CTD_P,20251126T141647,26.12
NO3,20251126T141656,0.39
O2,20251126T141702,234.95900,93.89597,26.66004,28.35807,29.72407,37.77788,8.05381,534.17792,657.14508,7.37539
FLBB,20251126T141705,121,178,532
CTD_P,20251126T141707,24.08
CTD_P,20251126T141711,23.72
NO3,20251126T141720,0.52
O2,20251126T141726,235.56030,94.14042,26.66248,28.32873,29.69473,37.74865,8.05392,533.44159,657.15369,7.29759
FLBB,20251126T141729,163,189,532
CTD_P,20251126T141731,21.70
CTD_P,20251126T141735,21.31
NO3,20251126T141744,0.35
O2,20251126T141750,236.25169,94.41798,26.66321,28.29588,29.66188,37.71332,8.05144,532.62018,657.11359,7.27428
FLBB,20251126T141753,146,185,531
CTD_P,20251126T141755,19.30
CTD_P,20251126T141759,18.90
NO3,20251126T141808,0.36
O2,20251126T141814,236.89510,94.67886,26.66539,28.26487,29.63087,37.68321,8.05235,531.80878,657.08972,7.20495
FLBB,20251126T141817,183,194,531
CTD_P,20251126T141819,16.91
CTD_P,20251126T141823,16.50
NO3,20251126T141832,0.27
O2,20251126T141838,237.41580,94.89174,26.66819,28.23946,29.60546,37.65750,8.05204,531.22192,657.09088,7.11575
FLBB,20251126T141841,204,218,531
CTD_P,20251126T141843,14.53
CTD_P,20251126T141847,14.14
NO3,20251126T141856,0.25
O2,20251126T141902,238.27240,95.24313,26.67342,28.19758,29.56358,37.61611,8.05253,530.14349,657.05267,6.94895
FLBB,20251126T141905,159,191,531
CTD_P,20251126T141907,12.20
CTD_P,20251126T141911,11.86
NO3,20251126T141920,0.38
O2,20251126T141926,239.08881,95.59206,26.68654,28.15484,29.52084,37.57024,8.04941,529.01923,657.02551,6.53078
FLBB,20251126T141929,162,195,531
CTD_P,20251126T141931,9.99
CTD_P,20251126T141935,9.65
NO3,20251126T141944,0.18
O2,20251126T141950,239.79111,95.87954,26.69039,28.12095,29.48695,37.53698,8.05003,528.16272,656.97302,6.40784
FLBB,20251126T141953,179,203,531
CTD_P,20251126T141955,7.78
CTD_P,20251126T141959,7.44
NO3,20251126T142008,0.72
O2,20251126T142014,240.16051,96.03394,26.69427,28.10250,29.46850,37.51940,8.05090,527.71082,656.92902,6.28412
FLBB,20251126T142017,196,237,531
CTD_P,20251126T142019,5.59
CTD_P,20251126T142023,5.24
NO3,20251126T142032,0.39
O2,20251126T142038,240.78360,96.29721,26.70241,28.07086,29.43686,37.48785,8.05099,526.96777,656.90552,6.02497
FLBB,20251126T142041,207,208,530
CTD_P,20251126T142043,3.52
Message,20251126T142045,Surface Mission
CTD_P,20251126T142049,3.02
Message,20251126T142053,CP Stopped
CTD_P,20251126T142103,1.83
CTD_P,20251126T142104,1.69
O2,20251126T142107,241.26250,96.48582,26.70071,28.04954,29.41554,37.46629,8.05075,526.42670,656.83990,6.07897
CTD_P,20251126T142108,1.32
O2,20251126T142122,241.69060,96.64926,26.69626,28.03162,29.39762,37.44588,8.04826,525.94153,656.73962,6.22088
CTD_P,20251126T142124,-0.02
O2,20251126T142137,242.22620,96.83034,26.67730,28.01420,29.38020,37.42219,8.04199,525.63507,653.12579,6.82533
CTD_P,20251126T142138,0.08
O2,20251126T142152,242.29720,96.86593,26.68144,28.00944,29.37543,37.41183,8.03640,525.49573,653.14581,6.69325
CTD_P,20251126T142154,0.02
O2,20251126T142207,242.86070,96.96861,26.61141,28.00966,29.37566,37.41249,8.03683,525.51208,653.29498,8.92623
CTD_P,20251126T142208,0.08
O2,20251126T142222,242.63840,96.93939,26.64548,28.00719,29.37319,37.40923,8.03603,525.48071,653.28052,7.83978
CTD_P,20251126T142223,0.08
O2,20251126T142238,242.18671,96.81657,26.67848,28.01556,29.38156,37.42732,8.04576,525.59918,657.14111,6.78776
CTD_P,20251126T142239,0.14
O2,20251126T142252,242.39270,96.87018,26.66203,28.01225,29.37825,37.41362,8.03537,525.58490,653.33911,7.31215
CTD_P,20251126T142253,0.03
O2,20251126T142307,242.65649,96.93939,26.64133,28.00789,29.37389,37.40978,8.03589,525.50098,653.40820,7.97196
CTD_P,20251126T142309,0.17
O2,20251126T142322,244.08490,97.25608,26.49700,27.99648,29.36248,37.39655,8.03407,525.11688,653.31189,12.57611
CTD_P,20251126T142323,0.11
CTD_P,20251126T142702,-0.18
O2,20251126T142706,255.94090,97.33456,23.96514,28.42634,29.79234,37.84254,8.05021,538.11328,673.49188,93.93067
CTD_P,20251126T142707,-0.19
O2,20251126T142720,247.03529,96.08075,25.17279,28.35925,29.72525,37.76348,8.03823,536.73700,670.86768,54.99719
CTD_P,20251126T142721,-0.09
O2,20251126T142735,259.97250,99.69892,24.41299,28.08102,29.44702,37.49085,8.04383,529.40887,675.09137,79.46825
CTD_P,20251126T142737,0.02
O2,20251126T142750,254.69420,97.19858,24.15121,28.40915,29.77515,37.81025,8.03510,537.99939,670.58380,87.91868
CTD_P,20251126T142751,-0.12
O2,20251126T142805,258.33859,97.80721,23.72667,28.41434,29.78033,37.82088,8.04054,537.98132,675.41492,101.64200
CTD_P,20251126T142807,-0.19
O2,20251126T142820,254.29980,97.11841,24.18997,28.41154,29.77754,37.81560,8.03806,538.05371,676.34363,86.66691
CTD_P,20251126T142821,-0.18
O2,20251126T142835,259.84711,97.93350,23.48630,28.44246,29.80846,37.83860,8.03014,539.23242,673.35352,109.42180
CTD_P,20251126T142836,-0.18
O2,20251126T142851,248.16389,95.87809,24.81181,28.44586,29.81186,37.84718,8.03532,539.12811,678.36560,66.61264
CTD_P,20251126T142852,-0.11
O2,20251126T142905,257.59909,97.41566,23.66585,28.46993,29.83593,37.86184,8.02591,540.06299,674.59119,103.60980
CTD_P,20251126T142906,-0.07
O2,20251126T142920,257.16711,97.36688,23.72841,28.46445,29.83045,37.85777,8.02732,539.89807,676.22937,101.58570
CTD_P,20251126T142922,-0.17
CTD_P,20251126T142923,-0.19
CTD_P,20251126T142949,-0.18
CTD_bins,20251126T143347,26230,1001,1999.460
CTD_CP,20251126T143407,2.79,26.7058,36.5431,4
CTD_CP,20251126T143407,3.99,26.7068,36.5418,24
CTD_CP_H,20251126T143407,6.02,26.7016,36.5407,22,0.267363,11
CTD_CP_H,20251126T143407,8.02,26.6970,36.5399,22,0.267505,11
CTD_CP_H,20251126T143407,10.00,26.6968,36.5399,21,0.267638,10
CTD_CP_H,20251126T143407,11.98,26.6832,36.5376,22,0.267777,11
CTD_CP_H,20251126T143407,14.00,26.6763,36.5378,20,0.267923,10
CTD_CP_H,20251126T143407,16.01,26.6714,36.5366,21,0.268065,11
CTD_CP_H,20251126T143407,18.05,26.6713,36.5361,20,0.268217,10
CTD_CP_H,20251126T143407,20.04,26.6689,36.5369,20,0.268363,10
CTD_CP_H,20251126T143407,22.05,26.6681,36.5370,20,0.268510,10
CTD_CP_H,20251126T143407,24.00,26.6667,36.5366,19,0.268659,9
CTD_CP_H,20251126T143407,25.99,26.6650,36.5372,21,0.268805,11
CTD_CP_H,20251126T143407,28.03,26.6659,36.5381,20,0.268971,10
CTD_CP_H,20251126T143408,30.03,26.6667,36.5385,21,0.269133,10
CTD_CP_H,20251126T143408,31.97,26.6666,36.5388,21,0.269301,11
CTD_CP_H,20251126T143408,33.97,26.6658,36.5387,20,0.269480,10
CTD_CP_H,20251126T143408,36.01,26.6660,36.5393,21,0.269642,10
CTD_CP_H,20251126T143408,38.04,26.6656,36.5391,20,0.269809,10
CTD_CP_H,20251126T143408,40.02,26.6653,36.5388,20,0.269980,10
CTD_CP_H,20251126T143408,42.00,26.6648,36.5384,20,0.270147,10
CTD_CP_H,20251126T143408,44.00,26.6647,36.5389,21,0.270323,11
CTD_CP_H,20251126T143408,46.02,26.6645,36.5387,20,0.270492,10
CTD_CP_H,20251126T143408,48.01,26.6622,36.5378,21,0.270662,10
CTD_CP_H,20251126T143408,50.04,26.6607,36.5376,21,0.270823,11
CTD_CP_H,20251126T143408,52.03,26.6582,36.5367,23,0.270990,11
CTD_CP_H,20251126T143408,53.99,26.6583,36.5360,27,0.271169,14
CTD_CP_H,20251126T143408,56.00,26.6577,36.5343,30,0.271351,15
CTD_CP_H,20251126T143409,58.00,26.6463,36.5256,34,0.271520,17
CTD_CP_H,20251126T143409,59.93,26.3177,36.4651,32,0.271661,16
CTD_CP_H,20251126T143409,62.03,24.5096,36.0178,33,0.271787,16
CTD_CP_H,20251126T143409,64.04,24.1761,35.9236,35,0.271927,18
CTD_CP_H,20251126T143409,66.09,24.2096,36.0031,42,0.272083,21
CTD_CP_H,20251126T143409,68.55,24.1154,36.0640,132,0.273400,66
CTD_CP_H,20251126T143409,69.73,24.0580,36.0654,388,0.273392,194
CTD_CP_H,20251126T143409,71.99,23.4064,35.9668,54,0.274864,27
CTD_CP_H,20251126T143409,74.02,23.3046,35.9490,53,0.275179,26
CTD_CP_H,20251126T143409,75.97,23.3197,35.9572,53,0.275526,27
CTD_CP_H,20251126T143409,77.97,23.4741,36.0694,43,0.275867,21
CTD_CP_H,20251126T143409,80.00,23.7272,36.2984,39,0.276162,20
CTD_CP_H,20251126T143409,81.97,23.7813,36.3453,40,0.276451,20
CTD_CP_H,20251126T143410,83.99,23.7200,36.3624,37,0.276724,18
CTD_CP_H,20251126T143410,85.98,23.6270,36.3572,36,0.276980,18
CTD_CP_H,20251126T143410,87.97,23.5455,36.3393,32,0.277210,16
CTD_CP_H,20251126T143410,90.01,23.1843,36.2728,28,0.277414,14
CTD_CP_H,20251126T143410,91.99,23.1172,36.2731,26,0.277598,13
CTD_CP_H,20251126T143410,94.00,23.0947,36.3030,23,0.277761,12
CTD_CP_H,20251126T143410,95.99,23.0592,36.3430,22,0.277908,11
CTD_CP_H,20251126T143410,97.99,22.9950,36.3323,22,0.278046,11
CTD_CP_H,20251126T143410,100.00,22.9396,36.3216,22,0.278187,11
CTD_CP_H,20251126T143410,102.03,22.7970,36.3045,22,0.278320,11
CTD_CP_H,20251126T143410,104.03,22.7124,36.2884,22,0.278451,11
CTD_CP_H,20251126T143410,106.05,22.5299,36.2579,25,0.278591,12
CTD_CP_H,20251126T143410,108.02,22.3443,36.2233,29,0.278748,15
CTD_CP_H,20251126T143410,110.03,22.2654,36.2079,33,0.278934,16
CTD_CP_H,20251126T143411,112.26,22.0563,36.1749,64,0.279221,32
CTD_CP_H,20251126T143411,113.80,21.9408,36.1807,265,0.280294,133
CTD_CP_H,20251126T143411,115.92,21.6078,36.1975,56,0.281346,28
CTD_CP_H,20251126T143411,117.96,21.3889,36.1861,44,0.281658,22
CTD_CP_H,20251126T143411,120.01,21.2098,36.1582,40,0.281918,20
CTD_CP_H,20251126T143411,122.01,21.1866,36.1527,39,0.282148,19
CTD_CP_H,20251126T143411,123.98,21.1791,36.1486,40,0.282366,20
CTD_CP_H,20251126T143411,125.98,21.0247,36.1142,39,0.282570,20
CTD_CP_H,20251126T143411,127.99,20.7963,36.0667,37,0.282759,18
CTD_CP_H,20251126T143411,129.99,20.4861,36.0032,33,0.282914,17
CTD_CP_H,20251126T143411,131.99,20.2552,35.9512,31,0.283054,15
CTD_CP_H,20251126T143411,134.00,20.0381,35.9103,29,0.283185,15
CTD_CP_H,20251126T143411,135.99,19.8064,35.8741,28,0.283307,14
CTD_CP_H,20251126T143411,138.00,19.7626,35.8675,29,0.283429,14
CTD_CP_H,20251126T143412,140.01,19.7125,35.8592,28,0.283550,14
CTD_CP_H,20251126T143412,142.00,19.6917,35.8530,28,0.283674,14
CTD_CP_H,20251126T143412,144.00,19.6277,35.8453,26,0.283798,13
CTD_CP_H,20251126T143412,146.00,19.5511,35.8606,26,0.283916,13
CTD_CP_H,20251126T143412,147.99,19.5746,35.8906,25,0.284032,13
CTD_CP_H,20251126T143412,150.00,19.6387,35.9501,25,0.284142,12
CTD_CP_H,20251126T143412,152.02,19.6705,35.9821,26,0.284254,13
CTD_CP_H,20251126T143412,154.03,19.6396,35.9820,25,0.284366,13
CTD_CP_H,20251126T143412,156.01,19.5970,35.9963,24,0.284469,12
CTD_CP_H,20251126T143412,158.05,19.3716,35.9832,26,0.284571,13
CTD_CP_H,20251126T143412,160.05,19.2834,35.9721,32,0.284685,16
CTD_CP_H,20251126T143412,162.02,19.2382,35.9649,33,0.284812,16
CTD_CP_H,20251126T143412,164.05,19.1518,35.9573,37,0.284947,19
CTD_CP_H,20251126T143412,166.02,19.0287,35.9454,60,0.285136,30
CTD_CP_H,20251126T143413,167.99,18.9276,35.9345,55,0.285367,27
CTD_CP_H,20251126T143413,169.98,18.8763,35.9273,50,0.285576,25
CTD_CP_H,20251126T143413,171.99,18.8169,35.9288,44,0.285766,22
CTD_CP_H,20251126T143413,174.01,18.7549,35.9573,44,0.285950,22
CTD_CP_H,20251126T143413,176.00,18.7087,35.9545,46,0.286135,23
CTD_CP_H,20251126T143413,178.02,18.6111,35.9430,48,0.286328,24
CTD_CP_H,20251126T143413,180.01,18.5229,35.9332,51,0.286532,26
CTD_CP_H,20251126T143413,181.98,18.4023,35.9186,53,0.286755,26
CTD_CP_H,20251126T143413,183.99,18.3658,35.9433,53,0.286976,27
CTD_CP_H,20251126T143413,186.00,18.2921,35.9558,52,0.287200,26
CTD_CP_H,20251126T143413,187.99,18.1600,35.9388,46,0.287414,23
CTD_CP_H,20251126T143413,189.98,18.1178,35.9645,42,0.287602,21
CTD_CP_H,20251126T143413,191.99,18.1279,36.0275,37,0.287773,18
CTD_CP_H,20251126T143414,193.97,18.0719,36.0645,33,0.287923,17
CTD_CP_H,20251126T143414,195.98,18.0019,36.0828,31,0.288059,15
CTD_CP_H,20251126T143414,197.98,17.9986,36.1128,28,0.288173,14
CTD_CP_H,20251126T143414,199.98,17.9406,36.1275,26,0.288280,13
CTD_CP_H,20251126T143414,202.00,17.7836,36.1126,26,0.288386,13
CTD_CP_H,20251126T143414,204.02,17.7527,36.1134,25,0.288480,13
CTD_CP_H,20251126T143414,205.98,17.7073,36.1220,24,0.288566,12
CTD_CP_H,20251126T143414,207.99,17.6080,36.1136,25,0.288662,12
CTD_CP_H,20251126T143414,210.01,17.5221,36.1076,24,0.288734,12
CTD_CP_H,20251126T143414,212.00,17.3835,36.0945,23,0.288825,12
CTD_CP_H,20251126T143414,213.99,17.2631,36.0920,23,0.288893,11
CTD_CP_H,20251126T143414,216.01,17.1814,36.0847,24,0.288982,12
CTD_CP_H,20251126T143414,218.04,17.1482,36.0896,26,0.289068,13
CTD_CP_H,20251126T143414,220.02,17.0992,36.0920,30,0.289172,15
CTD_CP_H,20251126T143415,222.03,17.0582,36.1108,29,0.289291,15
CTD_CP_H,20251126T143415,224.05,17.0662,36.1343,33,0.289408,16
CTD_CP_H,20251126T143415,226.02,17.1599,36.1813,46,0.289561,23
CTD_CP_H,20251126T143415,227.99,17.1896,36.2041,45,0.289750,23
CTD_CP_H,20251126T143415,230.00,17.1356,36.2108,39,0.289923,19
CTD_CP_H,20251126T143415,232.00,17.0620,36.2092,38,0.290075,19
CTD_CP_H,20251126T143415,234.01,17.0037,36.2042,37,0.290234,19
CTD_CP_H,20251126T143415,235.99,16.9701,36.2027,34,0.290384,17
CTD_CP_H,20251126T143415,237.99,16.8994,36.1999,36,0.290529,18
CTD_CP_H,20251126T143415,240.02,16.8678,36.1959,36,0.290679,18
CTD_CP_H,20251126T143415,242.03,16.8548,36.1943,36,0.290826,18
CTD_CP_H,20251126T143415,244.02,16.7369,36.1868,34,0.290972,17
CTD_CP_H,20251126T143415,246.01,16.6825,36.1873,36,0.291113,18
CTD_CP_H,20251126T143415,248.00,16.6526,36.1814,36,0.291259,18
CTD_CP_H,20251126T143416,250.00,16.6270,36.1800,37,0.291400,18
CTD_CP_H,20251126T143416,251.99,16.5858,36.1712,37,0.291541,19
CTD_CP_H,20251126T143416,253.99,16.4292,36.1464,37,0.291672,18
CTD_CP_H,20251126T143416,255.98,16.2469,36.1149,35,0.291801,18
CTD_CP_H,20251126T143416,257.98,16.1344,36.1020,35,0.291923,17
CTD_CP_H,20251126T143416,260.01,16.0787,36.0999,34,0.292042,17
CTD_CP_H,20251126T143416,261.99,16.0407,36.0973,32,0.292157,16
CTD_CP_H,20251126T143416,264.00,15.9343,36.0817,31,0.292264,16
CTD_CP_H,20251126T143416,266.01,15.8709,36.0761,30,0.292374,15
CTD_CP_H,20251126T143416,267.99,15.8550,36.0768,30,0.292481,15
CTD_CP_H,20251126T143416,269.99,15.8289,36.0768,29,0.292579,14
CTD_CP_H,20251126T143416,272.02,15.7980,36.0767,29,0.292678,15
CTD_CP_H,20251126T143416,274.04,15.7670,36.0743,28,0.292782,14
CTD_CP_H,20251126T143417,276.03,15.7483,36.0762,27,0.292863,13
CTD_CP_H,20251126T143417,278.00,15.7169,36.0789,26,0.292955,13
CTD_CP_H,20251126T143417,279.99,15.6707,36.0753,26,0.293032,13
CTD_CP_H,20251126T143417,282.00,15.5690,36.0619,26,0.293119,13
CTD_CP_H,20251126T143417,283.97,15.5121,36.0545,25,0.293196,13
CTD_CP_H,20251126T143417,285.96,15.4472,36.0473,25,0.293270,12
CTD_CP_H,20251126T143417,288.01,15.3556,36.0331,25,0.293340,13
CTD_CP_H,20251126T143417,290.03,15.3194,36.0258,24,0.293418,12
CTD_CP_H,20251126T143417,292.03,15.2973,36.0230,24,0.293481,12
CTD_CP_H,20251126T143417,294.01,15.2305,36.0155,23,0.293557,11
CTD_CP_H,20251126T143417,296.00,15.1938,36.0105,24,0.293613,12
CTD_CP_H,20251126T143417,298.03,15.1400,36.0062,23,0.293684,12
CTD_CP_H,20251126T143417,300.00,15.0939,36.0012,22,0.293751,11
CTD_CP_H,20251126T143417,301.97,15.0526,35.9962,23,0.293806,11
CTD_CP_H,20251126T143418,303.99,15.0333,35.9942,23,0.293876,12
CTD_CP_H,20251126T143418,306.01,15.0147,35.9937,22,0.293934,11
CTD_CP_H,20251126T143418,308.00,14.9814,35.9960,22,0.294002,11
CTD_CP_H,20251126T143418,309.99,14.9674,35.9951,22,0.294061,11
CTD_CP_H,20251126T143418,312.02,14.9661,35.9950,23,0.294121,11
CTD_CP_H,20251126T143418,314.05,14.9580,35.9948,22,0.294188,11
CTD_CP_H,20251126T143418,316.02,14.8971,35.9920,22,0.294242,11
CTD_CP_H,20251126T143418,318.01,14.8934,35.9928,22,0.294306,11
CTD_CP_H,20251126T143418,320.01,14.8684,35.9928,22,0.294360,11
CTD_CP_H,20251126T143418,322.01,14.8341,35.9893,23,0.294417,12
CTD_CP_H,20251126T143418,324.03,14.8085,35.9849,22,0.294479,11
CTD_CP_H,20251126T143418,326.00,14.7331,35.9767,22,0.294532,11
CTD_CP_H,20251126T143418,327.99,14.6882,35.9698,22,0.294590,11
CTD_CP_H,20251126T143418,329.98,14.6697,35.9671,23,0.294644,11
CTD_CP_H,20251126T143419,332.02,14.6237,35.9592,23,0.294694,12
CTD_CP_H,20251126T143419,334.03,14.5982,35.9549,23,0.294749,11
CTD_CP_H,20251126T143419,336.03,14.5794,35.9529,24,0.294801,12
CTD_CP_H,20251126T143419,338.03,14.5472,35.9474,28,0.294847,14
CTD_CP_H,20251126T143419,339.99,14.4775,35.9367,32,0.294913,16
CTD_CP_H,20251126T143419,342.00,14.4190,35.9274,32,0.294971,16
CTD_CP_H,20251126T143419,343.98,14.3568,35.9179,31,0.295026,16
CTD_CP_H,20251126T143419,345.99,14.2559,35.9010,32,0.295090,16
CTD_CP_H,20251126T143419,347.98,14.2030,35.8896,31,0.295134,15
CTD_CP_H,20251126T143419,349.99,14.1346,35.8778,32,0.295174,16
CTD_CP_H,20251126T143419,352.00,14.0967,35.8689,32,0.295231,16
CTD_CP_H,20251126T143419,353.99,14.0143,35.8538,31,0.295273,16
CTD_CP_H,20251126T143419,355.99,13.9559,35.8422,32,0.295312,16
CTD_CP_H,20251126T143420,357.99,13.9306,35.8374,30,0.295353,15
CTD_CP_H,20251126T143420,359.99,13.8901,35.8305,31,0.295395,15
CTD_CP_H,20251126T143420,362.00,13.8752,35.8288,29,0.295433,15
CTD_CP_H,20251126T143420,363.98,13.8636,35.8269,29,0.295467,14
CTD_CP_H,20251126T143420,366.00,13.8294,35.8211,29,0.295509,15
CTD_CP_H,20251126T143420,367.98,13.7994,35.8162,28,0.295545,14
CTD_CP_H,20251126T143420,370.00,13.7695,35.8111,29,0.295579,14
CTD_CP_H,20251126T143420,372.01,13.7627,35.8117,27,0.295610,14
CTD_CP_H,20251126T143420,373.99,13.7532,35.8124,28,0.295644,14
CTD_CP_H,20251126T143420,375.98,13.7325,35.8111,27,0.295680,13
CTD_CP_H,20251126T143420,377.98,13.7113,35.8086,27,0.295715,14
CTD_CP_H,20251126T143420,379.97,13.7046,35.8071,26,0.295743,13
CTD_CP_H,20251126T143420,381.98,13.6837,35.8040,27,0.295774,13
CTD_CP_H,20251126T143420,383.99,13.6581,35.8017,26,0.295811,13
CTD_CP_H,20251126T143421,385.99,13.6553,35.8039,26,0.295843,13
CTD_CP_H,20251126T143421,388.00,13.6490,35.8072,26,0.295872,13
CTD_CP_H,20251126T143421,390.00,13.6507,35.8110,25,0.295909,13
CTD_CP_H,20251126T143421,392.01,13.6416,35.8100,26,0.295939,13
CTD_CP_H,20251126T143421,394.01,13.6213,35.8088,25,0.295975,12
CTD_CP_H,20251126T143421,396.00,13.6095,35.8096,25,0.296006,13
CTD_CP_H,20251126T143421,397.98,13.6046,35.8101,25,0.296041,12
CTD_CP_H,20251126T143421,399.97,13.6007,35.8103,25,0.296070,13
CTD_CP_H,20251126T143421,401.97,13.5857,35.8101,25,0.296110,12
CTD_CP_H,20251126T143421,404.00,13.5817,35.8103,26,0.296149,13
CTD_CP_H,20251126T143421,405.98,13.5766,35.8102,24,0.296179,12
CTD_CP_H,20251126T143421,407.96,13.5682,35.8113,25,0.296211,13
CTD_CP_H,20251126T143421,409.99,13.5629,35.8122,26,0.296253,13
CTD_CP_H,20251126T143421,411.97,13.5548,35.8141,24,0.296292,12
CTD_CP_H,20251126T143422,413.96,13.5490,35.8142,25,0.296327,12
CTD_CP_H,20251126T143422,415.99,13.5398,35.8158,25,0.296361,13
CTD_CP_H,20251126T143422,418.01,13.5346,35.8167,25,0.296403,12
CTD_CP_H,20251126T143422,420.03,13.5334,35.8164,25,0.296446,13
CTD_CP_H,20251126T143422,422.02,13.5313,35.8165,24,0.296485,12
CTD_CP_H,20251126T143422,424.01,13.5240,35.8176,25,0.296514,12
CTD_CP_H,20251126T143422,426.01,13.5145,35.8195,24,0.296565,12
CTD_CP_H,20251126T143422,428.00,13.5069,35.8223,25,0.296614,13
CTD_CP_H,20251126T143422,430.02,13.5022,35.8240,24,0.296653,12
CTD_CP_H,20251126T143422,432.04,13.4971,35.8262,24,0.296694,12
CTD_CP_H,20251126T143422,434.01,13.4920,35.8288,23,0.296740,11
CTD_CP_H,20251126T143422,435.98,13.4906,35.8297,24,0.296781,12
CTD_CP_H,20251126T143422,437.99,13.4887,35.8306,24,0.296822,12
CTD_CP_H,20251126T143422,440.00,13.4778,35.8329,24,0.296869,12
CTD_CP_H,20251126T143423,442.00,13.4736,35.8337,23,0.296921,12
CTD_CP_H,20251126T143423,444.00,13.4662,35.8345,24,0.296964,12
CTD_CP_H,20251126T143423,446.01,13.4642,35.8348,23,0.297014,11
CTD_CP_H,20251126T143423,447.98,13.4611,35.8356,23,0.297066,12
CTD_CP_H,20251126T143423,449.99,13.4561,35.8365,24,0.297115,12
CTD_CP_H,20251126T143423,452.01,13.4528,35.8377,23,0.297159,11
CTD_CP_H,20251126T143423,453.98,13.4539,35.8387,23,0.297211,12
CTD_CP_H,20251126T143423,455.99,13.4635,35.8423,24,0.297266,12
CTD_CP_H,20251126T143423,458.01,13.4565,35.8462,23,0.297312,11
CTD_CP_H,20251126T143423,460.00,13.4371,35.8438,23,0.297367,12
CTD_CP_H,20251126T143423,461.98,13.4176,35.8448,22,0.297420,11
CTD_CP_H,20251126T143423,463.97,13.4060,35.8447,23,0.297465,11
CTD_CP_H,20251126T143423,466.00,13.3952,35.8442,23,0.297519,12
CTD_CP_H,20251126T143424,467.99,13.3823,35.8434,22,0.297566,11
CTD_CP_H,20251126T143424,470.00,13.3708,35.8436,23,0.297616,11
CTD_CP_H,20251126T143424,472.02,13.3523,35.8425,22,0.297670,11
CTD_CP_H,20251126T143424,474.02,13.3428,35.8417,22,0.297715,11
CTD_CP_H,20251126T143424,476.00,13.3279,35.8403,21,0.297761,11
CTD_CP_H,20251126T143424,477.97,13.3037,35.8375,22,0.297817,11
CTD_CP_H,20251126T143424,480.01,13.2783,35.8350,22,0.297862,11
CTD_CP_H,20251126T143424,482.01,13.2412,35.8321,21,0.297901,10
CTD_CP_H,20251126T143424,483.98,13.2151,35.8299,21,0.297957,11
CTD_CP_H,20251126T143424,486.00,13.2039,35.8283,22,0.298006,11
CTD_CP_H,20251126T143424,488.00,13.1885,35.8269,20,0.298048,10
CTD_CP_H,20251126T143424,490.01,13.1715,35.8254,22,0.298097,11
CTD_CP_H,20251126T143424,492.03,13.1690,35.8248,20,0.298148,10
CTD_CP_H,20251126T143424,494.02,13.1535,35.8233,21,0.298190,10
CTD_CP_H,20251126T143425,496.02,13.1254,35.8208,20,0.298229,10
CTD_CP_H,20251126T143425,497.98,13.1140,35.8203,20,0.298282,10
CTD_CP_H,20251126T143425,500.00,13.0870,35.8188,21,0.298323,11
CTD_CP_H,20251126T143425,502.02,13.0739,35.8172,20,0.298368,10
CTD_CP_H,20251126T143425,504.00,13.0592,35.8158,20,0.298423,10
CTD_CP_H,20251126T143425,505.99,13.0398,35.8146,20,0.298466,10
CTD_CP_H,20251126T143425,507.99,13.0217,35.8125,20,0.298507,10
CTD_CP_H,20251126T143425,509.99,13.0127,35.8115,20,0.298555,10
CTD_CP_H,20251126T143425,511.97,12.9988,35.8096,20,0.298605,10
CTD_CP_H,20251126T143425,513.96,12.9793,35.8076,20,0.298645,10
CTD_CP_H,20251126T143425,515.96,12.9671,35.8063,20,0.298686,10
CTD_CP_H,20251126T143425,518.00,12.9527,35.8071,21,0.298737,10
CTD_CP_H,20251126T143425,520.02,12.9320,35.8045,20,0.298779,10
CTD_CP_H,20251126T143425,522.02,12.9139,35.8023,20,0.298827,10
CTD_CP_H,20251126T143426,524.02,12.8869,35.8007,20,0.298875,10
CTD_CP_H,20251126T143426,525.99,12.8719,35.7993,19,0.298922,10
CTD_CP_H,20251126T143426,527.99,12.8603,35.7977,21,0.298967,10
CTD_CP_H,20251126T143426,530.05,12.8361,35.7950,20,0.299013,10
CTD_CP_H,20251126T143426,532.01,12.8205,35.7932,19,0.299067,10
CTD_CP_H,20251126T143426,534.00,12.8123,35.7932,21,0.299106,10
CTD_CP_H,20251126T143426,536.04,12.8029,35.7936,20,0.299154,10
CTD_CP_H,20251126T143426,538.02,12.8008,35.7939,20,0.299210,10
CTD_CP_H,20251126T143426,540.00,12.7883,35.7933,20,0.299251,10
CTD_CP_H,20251126T143426,541.99,12.7636,35.7918,20,0.299294,10
CTD_CP_H,20251126T143426,544.02,12.7581,35.7907,21,0.299351,11
CTD_CP_H,20251126T143426,546.04,12.7400,35.7883,20,0.299396,10
CTD_CP_H,20251126T143426,548.03,12.7195,35.7856,20,0.299439,10
CTD_CP_H,20251126T143427,550.00,12.7155,35.7844,20,0.299491,10
CTD_CP_H,20251126T143427,552.01,12.6830,35.7804,21,0.299538,10
CTD_CP_H,20251126T143427,554.02,12.6569,35.7771,20,0.299572,10
CTD_CP_H,20251126T143427,556.03,12.6231,35.7730,21,0.299629,11
CTD_CP_H,20251126T143427,558.00,12.5966,35.7698,20,0.299674,10
CTD_CP_H,20251126T143427,559.97,12.5585,35.7663,21,0.299714,10
CTD_CP_H,20251126T143427,561.99,12.5458,35.7647,21,0.299758,11
CTD_CP_H,20251126T143427,563.99,12.5206,35.7617,21,0.299811,10
CTD_CP_H,20251126T143427,565.99,12.4952,35.7579,21,0.299850,11
CTD_CP_H,20251126T143427,567.97,12.4678,35.7564,21,0.299895,10
CTD_CP_H,20251126T143427,569.96,12.4556,35.7561,21,0.299939,11
CTD_CP_H,20251126T143427,572.00,12.4268,35.7539,22,0.299985,11
CTD_CP_H,20251126T143427,574.05,12.4069,35.7512,21,0.300023,10
CTD_CP_H,20251126T143427,576.00,12.3759,35.7492,20,0.300064,10
CTD_CP_H,20251126T143428,577.94,12.3387,35.7441,21,0.300105,11
CTD_CP_H,20251126T143428,579.96,12.3243,35.7425,22,0.300149,11
CTD_CP_H,20251126T143428,581.98,12.3111,35.7419,21,0.300185,10
CTD_CP_H,20251126T143428,583.95,12.2884,35.7411,21,0.300229,11
CTD_CP_H,20251126T143428,585.99,12.2576,35.7372,22,0.300271,11
CTD_CP_H,20251126T143428,588.02,12.2190,35.7314,21,0.300305,10
CTD_CP_H,20251126T143428,590.02,12.1751,35.7246,21,0.300341,11
CTD_CP_H,20251126T143428,592.01,12.1468,35.7218,21,0.300377,10
CTD_CP_H,20251126T143428,594.02,12.1228,35.7199,21,0.300420,11
CTD_CP_H,20251126T143428,596.00,12.1041,35.7177,20,0.300456,10
CTD_CP_H,20251126T143428,597.99,12.0867,35.7160,21,0.300483,10
CTD_CP_H,20251126T143428,600.01,12.0679,35.7134,21,0.300522,11
CTD_CP_H,20251126T143428,601.99,12.0350,35.7102,20,0.300559,10
CTD_CP_H,20251126T143428,603.97,12.0023,35.7072,20,0.300591,10
CTD_CP_H,20251126T143429,606.00,11.9869,35.7058,22,0.300627,11
CTD_CP_H,20251126T143429,608.04,11.9804,35.7043,24,0.300664,12
CTD_CP_H,20251126T143429,610.02,11.9710,35.7036,24,0.300710,12
CTD_CP_H,20251126T143429,612.01,11.9528,35.7033,25,0.300750,12
CTD_CP_H,20251126T143429,614.03,11.9507,35.7056,26,0.300789,13
CTD_CP_H,20251126T143429,616.03,11.9375,35.7050,31,0.300840,16
CTD_CP_H,20251126T143429,617.99,11.9165,35.7025,33,0.300898,16
CTD_CP_H,20251126T143429,620.00,11.8898,35.6987,32,0.300954,16
CTD_CP_H,20251126T143429,621.98,11.8618,35.6964,31,0.301011,16
CTD_CP_H,20251126T143429,624.00,11.8482,35.6952,32,0.301067,16
CTD_CP_H,20251126T143429,626.01,11.8365,35.6943,30,0.301120,15
CTD_CP_H,20251126T143429,627.98,11.8247,35.6920,30,0.301175,15
CTD_CP_H,20251126T143429,629.99,11.8074,35.6902,30,0.301224,15
CTD_CP_H,20251126T143430,631.98,11.7794,35.6881,29,0.301280,14
CTD_CP_H,20251126T143430,633.98,11.7624,35.6859,29,0.301331,15
CTD_CP_H,20251126T143430,635.99,11.7293,35.6828,28,0.301376,14
CTD_CP_H,20251126T143430,637.99,11.7138,35.6812,28,0.301429,14
CTD_CP_H,20251126T143430,640.01,11.7035,35.6802,28,0.301482,14
CTD_CP_H,20251126T143430,642.01,11.6853,35.6784,27,0.301527,13
CTD_CP_H,20251126T143430,643.98,11.6712,35.6764,27,0.301570,14
CTD_CP_H,20251126T143430,645.97,11.6447,35.6742,27,0.301622,13
CTD_CP_H,20251126T143430,648.00,11.6190,35.6745,27,0.301665,14
CTD_CP_H,20251126T143430,650.00,11.5957,35.6728,26,0.301715,13
CTD_CP_H,20251126T143430,652.00,11.5830,35.6714,27,0.301761,13
CTD_CP_H,20251126T143430,654.01,11.5689,35.6702,26,0.301810,13
CTD_CP_H,20251126T143430,655.98,11.5587,35.6691,26,0.301853,13
CTD_CP_H,20251126T143430,657.98,11.5406,35.6674,26,0.301900,13
CTD_CP_H,20251126T143431,659.99,11.5210,35.6653,26,0.301947,13
CTD_CP_H,20251126T143431,661.98,11.5158,35.6651,26,0.301991,13
CTD_CP_H,20251126T143431,663.97,11.5104,35.6638,26,0.302031,13
CTD_CP_H,20251126T143431,666.01,11.4872,35.6615,27,0.302082,14
CTD_CP_H,20251126T143431,668.02,11.4578,35.6591,25,0.302126,12
CTD_CP_H,20251126T143431,670.01,11.4334,35.6565,26,0.302164,13
CTD_CP_H,20251126T143431,672.00,11.4092,35.6539,25,0.302209,13
CTD_CP_H,20251126T143431,674.00,11.3899,35.6523,26,0.302255,13
CTD_CP_H,20251126T143431,676.02,11.3639,35.6498,25,0.302294,12
CTD_CP_H,20251126T143431,677.98,11.3257,35.6463,24,0.302332,12
CTD_CP_H,20251126T143431,679.97,11.3043,35.6438,25,0.302376,13
CTD_CP_H,20251126T143431,681.99,11.2923,35.6425,25,0.302418,12
CTD_CP_H,20251126T143431,684.01,11.2787,35.6411,25,0.302453,13
CTD_CP_H,20251126T143431,686.00,11.2601,35.6392,24,0.302488,12
CTD_CP_H,20251126T143432,688.00,11.2480,35.6377,25,0.302536,12
CTD_CP_H,20251126T143432,690.02,11.2229,35.6351,24,0.302577,12
CTD_CP_H,20251126T143432,692.00,11.2090,35.6324,24,0.302610,12
CTD_CP_H,20251126T143432,693.98,11.1944,35.6309,24,0.302648,12
CTD_CP_H,20251126T143432,695.99,11.1782,35.6290,25,0.302692,13
CTD_CP_H,20251126T143432,697.99,11.1606,35.6271,24,0.302734,12
CTD_CP_H,20251126T143432,699.99,11.1471,35.6264,25,0.302766,12
CTD_CP_H,20251126T143432,702.03,11.1252,35.6251,25,0.302808,13
CTD_CP_H,20251126T143432,704.06,11.1166,35.6245,24,0.302858,12
CTD_CP_H,20251126T143432,706.03,11.1126,35.6241,24,0.302892,12
CTD_CP_H,20251126T143432,708.00,11.0978,35.6220,24,0.302928,12
CTD_CP_H,20251126T143432,709.98,11.0850,35.6207,24,0.302977,12
CTD_CP_H,20251126T143432,711.96,11.0749,35.6196,24,0.303017,12
CTD_CP_H,20251126T143432,713.99,11.0513,35.6161,25,0.303050,12
CTD_CP_H,20251126T143433,716.02,11.0326,35.6144,24,0.303092,12
CTD_CP_H,20251126T143433,718.01,11.0153,35.6130,24,0.303133,12
CTD_CP_H,20251126T143433,720.01,11.0032,35.6120,24,0.303177,12
CTD_CP_H,20251126T143433,722.00,11.0029,35.6138,24,0.303216,12
CTD_CP_H,20251126T143433,723.99,11.0033,35.6153,24,0.303263,12
CTD_CP_H,20251126T143433,725.97,10.9986,35.6155,24,0.303304,12
CTD_CP_H,20251126T143433,727.98,10.9889,35.6149,24,0.303344,12
CTD_CP_H,20251126T143433,730.00,10.9789,35.6146,24,0.303382,12
CTD_CP_H,20251126T143433,732.00,10.9700,35.6135,23,0.303431,12
CTD_CP_H,20251126T143433,733.98,10.9487,35.6122,24,0.303472,12
CTD_CP_H,20251126T143433,735.99,10.9236,35.6104,24,0.303508,12
CTD_CP_H,20251126T143433,738.01,10.9041,35.6079,26,0.303553,13
CTD_CP_H,20251126T143433,740.05,10.8850,35.6056,31,0.303604,15
CTD_CP_H,20251126T143434,742.00,10.8622,35.6026,33,0.303651,17
CTD_CP_H,20251126T143434,744.00,10.8306,35.6000,33,0.303704,16
CTD_CP_H,20251126T143434,746.00,10.8038,35.5972,33,0.303768,17
CTD_CP_H,20251126T143434,748.00,10.7851,35.5954,32,0.303817,16
CTD_CP_H,20251126T143434,749.97,10.7565,35.5932,32,0.303869,16
CTD_CP_H,20251126T143434,752.00,10.7335,35.5912,33,0.303928,16
CTD_CP_H,20251126T143434,753.99,10.7186,35.5892,31,0.303976,16
CTD_CP_H,20251126T143434,755.99,10.6963,35.5872,33,0.304031,16
CTD_CP_H,20251126T143434,757.99,10.6760,35.5854,31,0.304087,16
CTD_CP_H,20251126T143434,759.99,10.6552,35.5838,32,0.304138,16
CTD_CP_H,20251126T143434,761.99,10.6343,35.5819,31,0.304189,15
CTD_CP_H,20251126T143434,764.00,10.6058,35.5800,31,0.304247,16
CTD_CP_H,20251126T143434,765.97,10.5908,35.5788,30,0.304296,15
CTD_CP_H,20251126T143434,767.97,10.5748,35.5771,31,0.304352,15
CTD_CP_H,20251126T143435,769.99,10.5574,35.5759,30,0.304402,15
CTD_CP_H,20251126T143435,772.00,10.5530,35.5760,30,0.304454,15
CTD_CP_H,20251126T143435,774.01,10.5419,35.5757,30,0.304507,15
CTD_CP_H,20251126T143435,776.01,10.5321,35.5748,29,0.304563,15
CTD_CP_H,20251126T143435,777.99,10.5203,35.5737,29,0.304612,14
CTD_CP_H,20251126T143435,779.98,10.5037,35.5717,29,0.304669,15
CTD_CP_H,20251126T143435,781.99,10.4828,35.5697,29,0.304719,14
CTD_CP_H,20251126T143435,783.98,10.4640,35.5668,28,0.304764,14
CTD_CP_H,20251126T143435,785.98,10.4402,35.5642,29,0.304819,15
CTD_CP_H,20251126T143435,788.00,10.4195,35.5617,28,0.304873,14
CTD_CP_H,20251126T143435,790.01,10.3972,35.5598,28,0.304915,14
CTD_CP_H,20251126T143435,792.01,10.3764,35.5578,27,0.304970,13
CTD_CP_H,20251126T143435,794.00,10.3605,35.5559,27,0.305021,14
CTD_CP_H,20251126T143435,796.00,10.3469,35.5543,27,0.305064,13
CTD_CP_H,20251126T143436,798.00,10.3272,35.5524,27,0.305114,14
CTD_CP_H,20251126T143436,800.02,10.3139,35.5510,27,0.305167,13
CTD_CP_H,20251126T143436,802.01,10.2920,35.5490,26,0.305204,13
CTD_CP_H,20251126T143436,803.99,10.2658,35.5464,26,0.305262,13
CTD_CP_H,20251126T143436,805.98,10.2550,35.5447,26,0.305309,13
CTD_CP_H,20251126T143436,807.98,10.2358,35.5428,26,0.305353,13
CTD_CP_H,20251126T143436,810.00,10.2298,35.5421,26,0.305401,13
CTD_CP_H,20251126T143436,812.01,10.2143,35.5421,25,0.305454,13
CTD_CP_H,20251126T143436,814.01,10.1882,35.5393,25,0.305493,12
CTD_CP_H,20251126T143436,815.98,10.1854,35.5388,24,0.305537,12
CTD_CP_H,20251126T143436,817.99,10.1769,35.5383,25,0.305591,13
CTD_CP_H,20251126T143436,820.00,10.1615,35.5364,24,0.305633,12
CTD_CP_H,20251126T143436,821.99,10.1442,35.5347,24,0.305675,12
CTD_CP_H,20251126T143437,824.00,10.1243,35.5331,24,0.305728,12
CTD_CP_H,20251126T143437,826.03,10.1087,35.5317,24,0.305776,12
CTD_CP_H,20251126T143437,828.00,10.0935,35.5303,23,0.305815,11
CTD_CP_H,20251126T143437,829.99,10.0772,35.5286,24,0.305853,12
CTD_CP_H,20251126T143437,832.02,10.0600,35.5275,23,0.305904,12
CTD_CP_H,20251126T143437,834.01,10.0499,35.5265,23,0.305945,11
CTD_CP_H,20251126T143437,836.01,10.0317,35.5251,23,0.305984,12
CTD_CP_H,20251126T143437,838.01,10.0194,35.5239,23,0.306032,11
CTD_CP_H,20251126T143437,840.01,10.0054,35.5226,23,0.306076,12
CTD_CP_H,20251126T143437,842.03,9.9917,35.5213,23,0.306113,11
CTD_CP_H,20251126T143437,843.99,9.9800,35.5198,22,0.306151,11
CTD_CP_H,20251126T143437,845.98,9.9547,35.5173,23,0.306199,12
CTD_CP_H,20251126T143437,848.01,9.9190,35.5142,23,0.306239,11
CTD_CP_H,20251126T143437,850.00,9.8940,35.5113,22,0.306275,11
CTD_CP_H,20251126T143438,852.01,9.8751,35.5091,23,0.306312,12
CTD_CP_H,20251126T143438,854.03,9.8526,35.5071,22,0.306357,11
CTD_CP_H,20251126T143438,856.01,9.8323,35.5047,22,0.306395,11
CTD_CP_H,20251126T143438,858.01,9.8176,35.5036,22,0.306431,11
CTD_CP_H,20251126T143438,860.00,9.7997,35.5015,22,0.306465,11
CTD_CP_H,20251126T143438,861.98,9.7745,35.4994,22,0.306503,11
CTD_CP_H,20251126T143438,863.96,9.7545,35.4974,22,0.306543,11
CTD_CP_H,20251126T143438,865.97,9.7403,35.4960,23,0.306575,11
CTD_CP_H,20251126T143438,867.99,9.7267,35.4946,22,0.306610,11
CTD_CP_H,20251126T143438,870.01,9.7102,35.4931,23,0.306651,12
CTD_CP_H,20251126T143438,872.02,9.6885,35.4905,22,0.306692,11
CTD_CP_H,20251126T143438,874.01,9.6712,35.4884,23,0.306720,11
CTD_CP_H,20251126T143438,876.01,9.6536,35.4870,22,0.306758,11
CTD_CP_H,20251126T143438,878.00,9.6338,35.4851,23,0.306797,12
CTD_CP_H,20251126T143439,880.00,9.6178,35.4837,22,0.306838,11
CTD_CP_H,20251126T143439,881.97,9.5922,35.4813,22,0.306871,11
CTD_CP_H,20251126T143439,883.98,9.5610,35.4781,23,0.306903,11
CTD_CP_H,20251126T143439,886.03,9.5429,35.4765,23,0.306939,12
CTD_CP_H,20251126T143439,888.03,9.5387,35.4757,22,0.306980,11
CTD_CP_H,20251126T143439,890.03,9.5372,35.4754,23,0.307015,11
CTD_CP_H,20251126T143439,892.02,9.5341,35.4746,22,0.307047,11
CTD_CP_H,20251126T143439,894.00,9.5206,35.4729,23,0.307081,12
CTD_CP_H,20251126T143439,896.00,9.5047,35.4711,22,0.307123,11
CTD_CP_H,20251126T143439,898.00,9.4745,35.4687,23,0.307163,11
CTD_CP_H,20251126T143439,899.99,9.4543,35.4666,22,0.307188,11
CTD_CP_H,20251126T143439,902.00,9.4498,35.4660,24,0.307228,12
CTD_CP_H,20251126T143439,904.03,9.4423,35.4649,23,0.307269,12
CTD_CP_H,20251126T143439,906.02,9.4305,35.4640,23,0.307308,11
CTD_CP_H,20251126T143440,907.99,9.4184,35.4625,23,0.307341,12
CTD_CP_H,20251126T143440,909.97,9.4012,35.4609,24,0.307372,12
CTD_CP_H,20251126T143440,912.02,9.3861,35.4589,28,0.307425,14
CTD_CP_H,20251126T143440,914.02,9.3729,35.4578,32,0.307471,16
CTD_CP_H,20251126T143440,916.01,9.3550,35.4556,33,0.307516,16
CTD_CP_H,20251126T143440,917.99,9.3189,35.4525,32,0.307577,16
CTD_CP_H,20251126T143440,919.98,9.3010,35.4505,33,0.307629,17
CTD_CP_H,20251126T143440,921.98,9.2868,35.4489,33,0.307679,16
CTD_CP_H,20251126T143440,923.99,9.2734,35.4474,34,0.307740,17
CTD_CP_H,20251126T143440,926.02,9.2554,35.4458,34,0.307794,17
CTD_CP_H,20251126T143440,928.03,9.2420,35.4439,33,0.307848,17
CTD_CP_H,20251126T143440,930.01,9.2303,35.4426,33,0.307912,16
CTD_CP_H,20251126T143440,931.99,9.2160,35.4413,34,0.307962,17
CTD_CP_H,20251126T143441,934.00,9.1973,35.4399,33,0.308021,17
CTD_CP_H,20251126T143441,935.99,9.1686,35.4361,32,0.308083,16
CTD_CP_H,20251126T143441,938.00,9.1405,35.4344,33,0.308133,16
CTD_CP_H,20251126T143441,939.98,9.1305,35.4336,31,0.308195,16
CTD_CP_H,20251126T143441,941.98,9.1212,35.4323,33,0.308247,16
CTD_CP_H,20251126T143441,943.99,9.1054,35.4308,31,0.308304,16
CTD_CP_H,20251126T143441,946.00,9.0845,35.4282,32,0.308364,16
CTD_CP_H,20251126T143441,948.01,9.0736,35.4273,31,0.308418,15
CTD_CP_H,20251126T143441,949.97,9.0640,35.4261,30,0.308470,15
CTD_CP_H,20251126T143441,951.97,9.0397,35.4232,31,0.308525,16
CTD_CP_H,20251126T143441,953.98,9.0195,35.4210,30,0.308576,15
CTD_CP_H,20251126T143441,955.99,8.9941,35.4184,30,0.308634,15
CTD_CP_H,20251126T143441,958.00,8.9746,35.4162,29,0.308682,14
CTD_CP_H,20251126T143441,960.01,8.9482,35.4135,29,0.308728,15
CTD_CP_H,20251126T143442,962.00,8.9256,35.4110,27,0.308779,13
CTD_CP_H,20251126T143442,964.00,8.9050,35.4085,28,0.308831,14
CTD_CP_H,20251126T143442,965.98,8.8880,35.4061,26,0.308871,13
CTD_CP_H,20251126T143442,967.96,8.8629,35.4036,27,0.308921,14
CTD_CP_H,20251126T143442,969.97,8.8433,35.4009,26,0.308971,13
CTD_CP_H,20251126T143442,971.97,8.8281,35.3998,26,0.309010,13
CTD_CP_H,20251126T143442,973.98,8.8116,35.3979,26,0.309053,13
CTD_CP_H,20251126T143442,976.02,8.7920,35.3960,26,0.309103,13
CTD_CP_H,20251126T143442,978.03,8.7696,35.3936,25,0.309146,12
CTD_CP_H,20251126T143442,980.01,8.7595,35.3924,25,0.309184,13
CTD_CP_H,20251126T143442,982.02,8.7460,35.3925,25,0.309236,12
CTD_CP_H,20251126T143442,984.02,8.7325,35.3919,24,0.309278,12
CTD_CP_H,20251126T143442,986.00,8.7228,35.3908,24,0.309313,12
CTD_CP_H,20251126T143442,987.99,8.7157,35.3896,24,0.309355,12
CTD_CP_H,20251126T143443,989.97,8.6922,35.3875,23,0.309399,12
CTD_CP_H,20251126T143443,991.99,8.6665,35.3848,25,0.309443,12
CTD_CP_H,20251126T143443,994.03,8.6558,35.3833,23,0.309481,12
CTD_CP_H,20251126T143443,996.03,8.6449,35.3821,23,0.309516,11
CTD_CP_H,20251126T143443,997.99,8.6238,35.3802,22,0.309559,11
CTD_CP_H,20251126T143443,999.97,8.6076,35.3786,23,0.309597,12
CTD_CP_H,20251126T143443,1002.01,8.5898,35.3765,23,0.309637,11
CTD_CP_H,20251126T143443,1004.01,8.5642,35.3737,22,0.309672,11
CTD_CP_H,20251126T143443,1005.97,8.5422,35.3715,22,0.309711,11
CTD_CP_H,20251126T143443,1007.95,8.5227,35.3695,22,0.309750,11
CTD_CP_H,20251126T143443,1009.95,8.5134,35.3683,22,0.309787,11
CTD_CP_H,20251126T143443,1011.96,8.5108,35.3679,22,0.309825,11
CTD_CP_H,20251126T143443,1013.99,8.5032,35.3670,23,0.309872,12
CTD_CP_H,20251126T143444,1015.99,8.4945,35.3654,21,0.309909,10
CTD_CP_H,20251126T143444,1017.94,8.4762,35.3635,22,0.309944,11
CTD_CP_H,20251126T143444,1020.00,8.4665,35.3624,23,0.309979,12
CTD_CP_H,20251126T143444,1022.02,8.4479,35.3608,21,0.310025,10
CTD_CP_H,20251126T143444,1024.00,8.4381,35.3597,22,0.310058,11
CTD_CP_H,20251126T143444,1026.00,8.4331,35.3590,21,0.310092,11
CTD_CP_H,20251126T143444,1028.01,8.4292,35.3578,22,0.310137,11
CTD_CP_H,20251126T143444,1030.01,8.4101,35.3559,21,0.310176,10
CTD_CP_H,20251126T143444,1031.97,8.3843,35.3529,21,0.310212,11
CTD_CP_H,20251126T143444,1033.99,8.3720,35.3512,22,0.310245,11
CTD_CP_H,20251126T143444,1036.01,8.3596,35.3493,21,0.310281,10
CTD_CP_H,20251126T143444,1037.98,8.3329,35.3463,21,0.310324,11
CTD_CP_H,20251126T143444,1039.96,8.3159,35.3439,21,0.310362,10
CTD_CP_H,20251126T143444,1042.00,8.3045,35.3432,22,0.310393,11
CTD_CP_H,20251126T143445,1044.02,8.2905,35.3416,21,0.310434,11
CTD_CP_H,20251126T143445,1046.03,8.2772,35.3400,22,0.310475,11
CTD_CP_H,20251126T143445,1048.05,8.2527,35.3378,21,0.310510,10
CTD_CP_H,20251126T143445,1050.02,8.2379,35.3359,21,0.310545,11
CTD_CP_H,20251126T143445,1051.99,8.2360,35.3356,21,0.310583,10
CTD_CP_H,20251126T143445,1053.96,8.2318,35.3350,21,0.310628,11
CTD_CP_H,20251126T143445,1055.97,8.2261,35.3340,21,0.310666,10
CTD_CP_H,20251126T143445,1057.96,8.2182,35.3331,21,0.310698,11
CTD_CP_H,20251126T143445,1059.98,8.2079,35.3321,22,0.310736,11
CTD_CP_H,20251126T143445,1062.02,8.1994,35.3308,22,0.310780,11
CTD_CP_H,20251126T143445,1064.04,8.1755,35.3288,21,0.310817,10
CTD_CP_H,20251126T143445,1066.02,8.1530,35.3262,21,0.310850,11
CTD_CP_H,20251126T143445,1068.01,8.1338,35.3243,21,0.310887,10
CTD_CP_H,20251126T143445,1070.00,8.1121,35.3224,21,0.310925,11
CTD_CP_H,20251126T143446,1072.02,8.0970,35.3206,22,0.310970,11
CTD_CP_H,20251126T143446,1074.03,8.0888,35.3198,21,0.311002,10
CTD_CP_H,20251126T143446,1076.03,8.0801,35.3185,22,0.311029,11
CTD_CP_H,20251126T143446,1078.03,8.0671,35.3168,21,0.311074,11
CTD_CP_H,20251126T143446,1079.98,8.0365,35.3145,21,0.311112,10
CTD_CP_H,20251126T143446,1081.99,8.0237,35.3123,22,0.311139,11
CTD_CP_H,20251126T143446,1084.00,7.9926,35.3099,21,0.311175,11
CTD_CP_H,20251126T143446,1086.00,7.9757,35.3082,22,0.311211,11
CTD_CP_H,20251126T143446,1088.00,7.9452,35.3046,21,0.311246,10
CTD_CP_H,20251126T143446,1090.00,7.9331,35.3033,22,0.311277,11
CTD_CP_H,20251126T143446,1092.00,7.9165,35.3013,21,0.311309,11
CTD_CP_H,20251126T143446,1094.01,7.8921,35.2985,22,0.311339,11
CTD_CP_H,20251126T143446,1096.01,7.8735,35.2967,21,0.311375,10
CTD_CP_H,20251126T143446,1098.01,7.8516,35.2941,22,0.311410,11
CTD_CP_H,20251126T143447,1100.01,7.8337,35.2921,21,0.311438,11
CTD_CP_H,20251126T143447,1102.02,7.8167,35.2903,22,0.311467,11
CTD_CP_H,20251126T143447,1104.01,7.7905,35.2878,21,0.311492,10
CTD_CP_H,20251126T143447,1106.00,7.7707,35.2855,22,0.311530,11
CTD_CP_H,20251126T143447,1107.99,7.7531,35.2836,21,0.311564,11
CTD_CP_H,20251126T143447,1110.00,7.7370,35.2819,22,0.311593,11
CTD_CP_H,20251126T143447,1112.02,7.7217,35.2803,21,0.311620,10
CTD_CP_H,20251126T143447,1114.02,7.7060,35.2786,22,0.311644,11
CTD_CP_H,20251126T143447,1116.03,7.6964,35.2774,21,0.311679,11
CTD_CP_H,20251126T143447,1117.99,7.6866,35.2760,21,0.311710,10
CTD_CP_H,20251126T143447,1119.98,7.6666,35.2739,22,0.311741,11
CTD_CP_H,20251126T143447,1122.01,7.6453,35.2714,22,0.311767,11
CTD_CP_H,20251126T143447,1124.01,7.6349,35.2700,21,0.311791,11
CTD_CP_H,20251126T143448,1126.00,7.6245,35.2690,22,0.311821,11
CTD_CP_H,20251126T143448,1128.03,7.6176,35.2675,22,0.311860,11
CTD_CP_H,20251126T143448,1130.01,7.5906,35.2654,21,0.311882,10
CTD_CP_H,20251126T143448,1132.00,7.5677,35.2630,22,0.311908,11
CTD_CP_H,20251126T143448,1133.99,7.5538,35.2616,21,0.311935,11
CTD_CP_H,20251126T143448,1135.99,7.5445,35.2603,22,0.311959,11
CTD_CP_H,20251126T143448,1137.99,7.5393,35.2597,21,0.311987,10
CTD_CP_H,20251126T143448,1139.98,7.5322,35.2586,22,0.312024,11
CTD_CP_H,20251126T143448,1142.01,7.5123,35.2564,22,0.312049,11
CTD_CP_H,20251126T143448,1144.02,7.4956,35.2544,21,0.312070,11
CTD_CP_H,20251126T143448,1146.02,7.4702,35.2521,22,0.312098,11
CTD_CP_H,20251126T143448,1148.00,7.4627,35.2511,21,0.312123,10
CTD_CP_H,20251126T143448,1149.98,7.4575,35.2504,22,0.312151,11
CTD_CP_H,20251126T143448,1152.02,7.4469,35.2492,22,0.312178,11
CTD_CP_H,20251126T143449,1154.01,7.4320,35.2476,21,0.312204,11
CTD_CP_H,20251126T143449,1156.00,7.4162,35.2460,22,0.312226,11
CTD_CP_H,20251126T143449,1157.99,7.3998,35.2443,21,0.312252,10
CTD_CP_H,20251126T143449,1159.98,7.3907,35.2432,22,0.312274,11
CTD_CP_H,20251126T143449,1161.99,7.3810,35.2423,21,0.312302,11
CTD_CP_H,20251126T143449,1164.00,7.3743,35.2414,22,0.312327,11
CTD_CP_H,20251126T143449,1166.03,7.3642,35.2401,21,0.312349,10
CTD_CP_H,20251126T143449,1168.01,7.3525,35.2383,21,0.312365,11
CTD_CP_H,20251126T143449,1169.98,7.3272,35.2360,21,0.312391,10
CTD_CP_H,20251126T143449,1171.96,7.3009,35.2331,21,0.312412,11
CTD_CP_H,20251126T143449,1173.99,7.2868,35.2315,23,0.312439,11
CTD_CP_H,20251126T143449,1176.02,7.2613,35.2292,25,0.312465,13
CTD_CP_H,20251126T143449,1177.99,7.2474,35.2275,26,0.312489,13
CTD_CP_H,20251126T143449,1180.02,7.2335,35.2263,27,0.312513,13
CTD_CP_H,20251126T143450,1182.04,7.2257,35.2255,28,0.312537,14
CTD_CP_H,20251126T143450,1184.03,7.2174,35.2244,36,0.312572,18
CTD_CP_H,20251126T143450,1186.02,7.2028,35.2233,37,0.312611,19
CTD_CP_H,20251126T143450,1188.03,7.1945,35.2222,36,0.312648,18
CTD_CP_H,20251126T143450,1189.99,7.1830,35.2210,34,0.312681,17
CTD_CP_H,20251126T143450,1191.97,7.1686,35.2196,35,0.312717,17
CTD_CP_H,20251126T143450,1194.01,7.1580,35.2182,35,0.312753,18
CTD_CP_H,20251126T143450,1196.01,7.1461,35.2168,33,0.312792,16
CTD_CP_H,20251126T143450,1197.98,7.1280,35.2148,33,0.312822,17
CTD_CP_H,20251126T143450,1199.99,7.1086,35.2132,33,0.312854,16
CTD_CP_H,20251126T143450,1201.98,7.0997,35.2123,32,0.312894,16
CTD_CP_H,20251126T143450,1204.00,7.0912,35.2109,33,0.312930,17
CTD_CP_H,20251126T143450,1206.01,7.0813,35.2101,30,0.312963,15
CTD_CP_H,20251126T143450,1208.01,7.0651,35.2086,31,0.312995,15
CTD_CP_H,20251126T143451,1210.03,7.0549,35.2075,30,0.313021,15
CTD_CP_H,20251126T143451,1212.01,7.0539,35.2073,29,0.313064,15
CTD_CP_H,20251126T143451,1213.98,7.0516,35.2068,29,0.313101,14
CTD_CP_H,20251126T143451,1216.00,7.0465,35.2062,29,0.313129,15
CTD_CP_H,20251126T143451,1218.01,7.0377,35.2054,28,0.313157,14
CTD_CP_H,20251126T143451,1220.00,7.0289,35.2045,28,0.313192,14
CTD_CP_H,20251126T143451,1222.00,7.0204,35.2039,28,0.313229,14
CTD_CP_H,20251126T143451,1223.99,7.0136,35.2030,27,0.313265,13
CTD_CP_H,20251126T143451,1226.00,7.0076,35.2022,28,0.313292,14
CTD_CP_H,20251126T143451,1228.02,6.9918,35.2010,27,0.313321,14
CTD_CP_H,20251126T143451,1230.01,6.9879,35.2005,27,0.313364,13
CTD_CP_H,20251126T143451,1232.01,6.9839,35.1996,27,0.313399,14
CTD_CP_H,20251126T143451,1234.01,6.9717,35.1988,26,0.313427,13
CTD_CP_H,20251126T143452,1235.98,6.9658,35.1978,26,0.313457,13
CTD_CP_H,20251126T143452,1237.97,6.9557,35.1967,26,0.313491,13
CTD_CP_H,20251126T143452,1239.99,6.9404,35.1953,26,0.313526,13
CTD_CP_H,20251126T143452,1241.98,6.9323,35.1943,25,0.313563,12
CTD_CP_H,20251126T143452,1244.00,6.9200,35.1930,26,0.313588,13
CTD_CP_H,20251126T143452,1246.04,6.9150,35.1925,25,0.313616,13
CTD_CP_H,20251126T143452,1247.99,6.9059,35.1914,24,0.313653,12
CTD_CP_H,20251126T143452,1249.97,6.8991,35.1909,25,0.313691,12
CTD_CP_H,20251126T143452,1251.99,6.8910,35.1902,25,0.313719,13
CTD_CP_H,20251126T143452,1253.98,6.8772,35.1888,24,0.313747,12
CTD_CP_H,20251126T143452,1255.98,6.8722,35.1882,25,0.313771,12
CTD_CP_H,20251126T143452,1257.98,6.8655,35.1874,24,0.313815,12
CTD_CP_H,20251126T143452,1259.99,6.8524,35.1859,25,0.313846,13
CTD_CP_H,20251126T143452,1262.00,6.8338,35.1842,24,0.313877,12
CTD_CP_H,20251126T143453,1264.02,6.8234,35.1834,25,0.313903,12
CTD_CP_H,20251126T143453,1266.02,6.8133,35.1821,24,0.313932,12
CTD_CP_H,20251126T143453,1268.00,6.8041,35.1812,24,0.313969,12
CTD_CP_H,20251126T143453,1269.99,6.7913,35.1800,24,0.314003,12
CTD_CP_H,20251126T143453,1272.02,6.7780,35.1786,25,0.314033,13
CTD_CP_H,20251126T143453,1274.05,6.7636,35.1771,24,0.314061,12
CTD_CP_H,20251126T143453,1276.00,6.7446,35.1754,23,0.314082,11
CTD_CP_H,20251126T143453,1277.97,6.7230,35.1735,24,0.314116,12
CTD_CP_H,20251126T143453,1279.99,6.7077,35.1719,24,0.314150,12
CTD_CP_H,20251126T143453,1282.02,6.6965,35.1708,24,0.314179,12
CTD_CP_H,20251126T143453,1284.01,6.6865,35.1698,23,0.314204,12
CTD_CP_H,20251126T143453,1286.00,6.6796,35.1693,24,0.314232,12
CTD_CP_H,20251126T143453,1288.00,6.6721,35.1685,23,0.314264,11
CTD_CP_H,20251126T143453,1289.99,6.6663,35.1676,24,0.314299,12
CTD_CP_H,20251126T143454,1291.98,6.6580,35.1668,23,0.314326,12
CTD_CP_H,20251126T143454,1293.97,6.6442,35.1654,24,0.314354,12
CTD_CP_H,20251126T143454,1296.00,6.6321,35.1645,24,0.314384,12
CTD_CP_H,20251126T143454,1298.03,6.6186,35.1627,24,0.314409,12
CTD_CP_H,20251126T143454,1300.03,6.6017,35.1613,24,0.314447,12
CTD_CP_H,20251126T143454,1302.02,6.5894,35.1602,24,0.314478,12
CTD_CP_H,20251126T143454,1304.02,6.5861,35.1597,24,0.314504,12
CTD_CP_H,20251126T143454,1306.01,6.5790,35.1589,24,0.314536,12
CTD_CP_H,20251126T143454,1307.99,6.5703,35.1580,24,0.314569,12
CTD_CP_H,20251126T143454,1309.99,6.5574,35.1567,24,0.314598,12
CTD_CP_H,20251126T143454,1312.00,6.5385,35.1551,24,0.314630,12
CTD_CP_H,20251126T143454,1314.00,6.5296,35.1543,24,0.314660,12
CTD_CP_H,20251126T143454,1315.99,6.5243,35.1537,24,0.314691,12
CTD_CP_H,20251126T143455,1317.97,6.5204,35.1534,24,0.314725,12
CTD_CP_H,20251126T143455,1319.97,6.5109,35.1520,24,0.314757,12
CTD_CP_H,20251126T143455,1321.97,6.4939,35.1508,24,0.314788,12
CTD_CP_H,20251126T143455,1323.97,6.4787,35.1494,24,0.314819,12
CTD_CP_H,20251126T143455,1326.00,6.4715,35.1486,25,0.314848,12
CTD_CP_H,20251126T143455,1328.03,6.4675,35.1479,24,0.314885,12
CTD_CP_H,20251126T143455,1330.02,6.4502,35.1465,24,0.314918,12
CTD_CP_H,20251126T143455,1332.00,6.4424,35.1457,24,0.314945,12
CTD_CP_H,20251126T143455,1333.99,6.4383,35.1450,24,0.314978,12
CTD_CP_H,20251126T143455,1336.00,6.4272,35.1438,24,0.315008,12
CTD_CP_H,20251126T143455,1338.01,6.4115,35.1425,24,0.315047,12
CTD_CP_H,20251126T143455,1340.01,6.4010,35.1416,24,0.315080,12
CTD_CP_H,20251126T143455,1342.04,6.3847,35.1400,25,0.315113,13
CTD_CP_H,20251126T143455,1344.02,6.3717,35.1387,23,0.315139,11
CTD_CP_H,20251126T143456,1345.96,6.3630,35.1378,24,0.315174,12
CTD_CP_H,20251126T143456,1348.00,6.3527,35.1368,25,0.315213,13
CTD_CP_H,20251126T143456,1350.02,6.3445,35.1360,24,0.315249,12
CTD_CP_H,20251126T143456,1352.01,6.3422,35.1357,24,0.315273,12
CTD_CP_H,20251126T143456,1354.00,6.3356,35.1351,24,0.315305,12
CTD_CP_H,20251126T143456,1355.99,6.3270,35.1343,25,0.315349,12
CTD_CP_H,20251126T143456,1358.02,6.3138,35.1326,25,0.315388,13
CTD_CP_H,20251126T143456,1360.03,6.3036,35.1315,24,0.315417,12
CTD_CP_H,20251126T143456,1362.00,6.2888,35.1302,24,0.315447,12
CTD_CP_H,20251126T143456,1363.97,6.2730,35.1284,24,0.315483,12
CTD_CP_H,20251126T143456,1365.96,6.2587,35.1270,24,0.315523,12
CTD_CP_H,20251126T143456,1368.00,6.2430,35.1257,25,0.315556,12
CTD_CP_H,20251126T143456,1370.02,6.2366,35.1252,24,0.315583,12
CTD_CP_H,20251126T143456,1372.02,6.2316,35.1241,24,0.315618,12
CTD_CP_H,20251126T143457,1374.01,6.2197,35.1233,24,0.315657,12
CTD_CP_H,20251126T143457,1376.03,6.2115,35.1221,24,0.315695,12
CTD_CP_H,20251126T143457,1378.01,6.2020,35.1211,23,0.315723,12
CTD_CP_H,20251126T143457,1380.00,6.1884,35.1199,24,0.315755,12
CTD_CP_H,20251126T143457,1381.99,6.1723,35.1184,23,0.315793,11
CTD_CP_H,20251126T143457,1383.97,6.1654,35.1175,24,0.315828,12
CTD_CP_H,20251126T143457,1386.00,6.1576,35.1163,24,0.315858,12
CTD_CP_H,20251126T143457,1387.99,6.1348,35.1145,23,0.315886,12
CTD_CP_H,20251126T143457,1390.00,6.1140,35.1124,24,0.315916,12
CTD_CP_H,20251126T143457,1391.98,6.0976,35.1108,22,0.315957,11
CTD_CP_H,20251126T143457,1393.98,6.0782,35.1090,24,0.315989,12
CTD_CP_H,20251126T143457,1396.01,6.0547,35.1069,23,0.316014,11
CTD_CP_H,20251126T143457,1398.01,6.0410,35.1050,23,0.316045,12
CTD_CP_H,20251126T143458,1400.03,6.0202,35.1035,24,0.316073,12
CTD_CP_H,20251126T143458,1402.03,6.0062,35.1024,26,0.316114,13
CTD_CP_H,20251126T143458,1404.03,6.0001,35.1020,32,0.316153,16
CTD_CP_H,20251126T143458,1406.04,5.9988,35.1018,31,0.316196,15
CTD_CP_H,20251126T143458,1408.04,5.9939,35.1009,31,0.316234,16
CTD_CP_H,20251126T143458,1410.04,5.9802,35.0996,30,0.316282,15
CTD_CP_H,20251126T143458,1412.02,5.9574,35.0977,30,0.316323,15
CTD_CP_H,20251126T143458,1414.04,5.9388,35.0960,30,0.316360,15
CTD_CP_H,20251126T143458,1416.04,5.9269,35.0945,29,0.316404,14
CTD_CP_H,20251126T143458,1418.02,5.9217,35.0940,30,0.316445,15
CTD_CP_H,20251126T143458,1420.02,5.9085,35.0929,29,0.316481,15
CTD_CP_H,20251126T143458,1422.02,5.8709,35.0902,29,0.316519,14
CTD_CP_H,20251126T143458,1424.01,5.8587,35.0887,28,0.316557,14
CTD_CP_H,20251126T143458,1426.00,5.8426,35.0871,29,0.316599,15
CTD_CP_H,20251126T143459,1428.02,5.8209,35.0853,28,0.316635,14
CTD_CP_H,20251126T143459,1430.01,5.8053,35.0840,28,0.316671,14
CTD_CP_H,20251126T143459,1432.01,5.8033,35.0832,28,0.316710,14
CTD_CP_H,20251126T143459,1434.01,5.7908,35.0818,28,0.316747,14
CTD_CP_H,20251126T143459,1436.02,5.7625,35.0795,28,0.316785,14
CTD_CP_H,20251126T143459,1438.00,5.7498,35.0784,27,0.316818,13
CTD_CP_H,20251126T143459,1440.00,5.7398,35.0772,28,0.316856,14
CTD_CP_H,20251126T143459,1442.03,5.7254,35.0756,27,0.316889,14
CTD_CP_H,20251126T143459,1444.00,5.7079,35.0738,26,0.316923,13
CTD_CP_H,20251126T143459,1445.98,5.6793,35.0712,27,0.316955,13
CTD_CP_H,20251126T143459,1448.00,5.6621,35.0696,26,0.316990,13
CTD_CP_H,20251126T143459,1450.00,5.6545,35.0692,26,0.317021,13
CTD_CP_H,20251126T143459,1452.01,5.6490,35.0683,26,0.317059,13
CTD_CP_H,20251126T143459,1454.04,5.6352,35.0671,26,0.317088,13
CTD_CP_H,20251126T143500,1456.03,5.6182,35.0654,25,0.317121,13
CTD_CP_H,20251126T143500,1458.01,5.6016,35.0644,26,0.317154,13
CTD_CP_H,20251126T143500,1460.03,5.5903,35.0631,26,0.317188,13
CTD_CP_H,20251126T143500,1462.01,5.5740,35.0617,24,0.317227,12
CTD_CP_H,20251126T143500,1463.96,5.5604,35.0602,25,0.317252,12
CTD_CP_H,20251126T143500,1465.98,5.5534,35.0593,26,0.317280,13
CTD_CP_H,20251126T143500,1467.99,5.5459,35.0583,25,0.317320,13
CTD_CP_H,20251126T143500,1469.98,5.5285,35.0572,25,0.317356,12
CTD_CP_H,20251126T143500,1471.99,5.5237,35.0563,25,0.317384,13
CTD_CP_H,20251126T143500,1473.98,5.5164,35.0556,24,0.317415,12
CTD_CP_H,20251126T143500,1475.95,5.5095,35.0548,24,0.317443,12
CTD_CP_H,20251126T143500,1477.98,5.4959,35.0540,25,0.317482,12
CTD_CP_H,20251126T143500,1480.00,5.4852,35.0529,24,0.317514,12
CTD_CP_H,20251126T143500,1481.98,5.4806,35.0536,24,0.317547,12
CTD_CP_H,20251126T143501,1483.99,5.4697,35.0526,24,0.317578,12
CTD_CP_H,20251126T143501,1485.99,5.4543,35.0511,24,0.317606,12
CTD_CP_H,20251126T143501,1487.98,5.4431,35.0502,24,0.317645,12
CTD_CP_H,20251126T143501,1489.98,5.4352,35.0492,24,0.317681,12
CTD_CP_H,20251126T143501,1492.01,5.4300,35.0483,24,0.317710,12
CTD_CP_H,20251126T143501,1494.02,5.4175,35.0468,24,0.317737,12
CTD_CP_H,20251126T143501,1496.00,5.3909,35.0450,23,0.317773,12
CTD_CP_H,20251126T143501,1497.98,5.3841,35.0437,24,0.317813,12
CTD_CP_H,20251126T143501,1499.95,5.3739,35.0428,23,0.317845,11
CTD_CP_H,20251126T143501,1501.98,5.3691,35.0428,25,0.317874,13
CTD_CP_H,20251126T143501,1504.04,5.3584,35.0420,24,0.317901,12
CTD_CP_H,20251126T143501,1506.03,5.3430,35.0402,23,0.317941,11
CTD_CP_H,20251126T143501,1507.97,5.3301,35.0386,23,0.317974,12
CTD_CP_H,20251126T143502,1510.00,5.3184,35.0377,25,0.318005,12
CTD_CP_H,20251126T143502,1512.02,5.3155,35.0378,23,0.318036,12
CTD_CP_H,20251126T143502,1513.99,5.3130,35.0371,24,0.318072,12
CTD_CP_H,20251126T143502,1516.00,5.3005,35.0364,24,0.318107,12
CTD_CP_H,20251126T143502,1518.01,5.2914,35.0355,24,0.318141,12
CTD_CP_H,20251126T143502,1520.02,5.2805,35.0341,24,0.318170,12
CTD_CP_H,20251126T143502,1521.99,5.2621,35.0321,23,0.318202,11
CTD_CP_H,20251126T143502,1523.98,5.2447,35.0302,24,0.318235,12
CTD_CP_H,20251126T143502,1526.01,5.2257,35.0288,24,0.318267,12
CTD_CP_H,20251126T143502,1528.02,5.2059,35.0268,23,0.318300,12
CTD_CP_H,20251126T143502,1529.99,5.1935,35.0252,23,0.318325,11
CTD_CP_H,20251126T143502,1531.95,5.1743,35.0240,23,0.318356,12
CTD_CP_H,20251126T143502,1533.97,5.1600,35.0223,24,0.318386,12
CTD_CP_H,20251126T143502,1536.00,5.1356,35.0202,23,0.318420,11
CTD_CP_H,20251126T143503,1538.00,5.1189,35.0184,23,0.318449,12
CTD_CP_H,20251126T143503,1539.99,5.1116,35.0177,23,0.318479,11
CTD_CP_H,20251126T143503,1541.98,5.0937,35.0162,23,0.318501,12
CTD_CP_H,20251126T143503,1544.01,5.0875,35.0152,24,0.318532,12
CTD_CP_H,20251126T143503,1546.03,5.0792,35.0145,23,0.318567,11
CTD_CP_H,20251126T143503,1548.02,5.0675,35.0134,23,0.318598,12
CTD_CP_H,20251126T143503,1549.98,5.0604,35.0125,23,0.318628,11
CTD_CP_H,20251126T143503,1552.00,5.0500,35.0116,24,0.318651,12
CTD_CP_H,20251126T143503,1554.02,5.0371,35.0102,23,0.318685,12
CTD_CP_H,20251126T143503,1556.02,5.0245,35.0086,24,0.318719,12
CTD_CP_H,20251126T143503,1558.03,5.0002,35.0070,23,0.318748,11
CTD_CP_H,20251126T143503,1560.00,4.9841,35.0054,23,0.318771,12
CTD_CP_H,20251126T143503,1561.99,4.9671,35.0042,24,0.318803,12
CTD_CP_H,20251126T143503,1564.03,4.9577,35.0032,24,0.318833,12
CTD_CP_H,20251126T143504,1566.02,4.9541,35.0029,23,0.318866,11
CTD_CP_H,20251126T143504,1568.00,4.9515,35.0026,24,0.318894,12
CTD_CP_H,20251126T143504,1569.98,4.9472,35.0018,23,0.318922,12
CTD_CP_H,20251126T143504,1571.97,4.9272,35.0001,24,0.318944,12
CTD_CP_H,20251126T143504,1574.01,4.9090,34.9984,24,0.318978,12
CTD_CP_H,20251126T143504,1576.03,4.8998,34.9972,24,0.319010,12
CTD_CP_H,20251126T143504,1578.01,4.8845,34.9959,23,0.319032,11
CTD_CP_H,20251126T143504,1580.00,4.8742,34.9946,24,0.319059,12
CTD_CP_H,20251126T143504,1581.98,4.8568,34.9930,23,0.319082,12
CTD_CP_H,20251126T143504,1583.97,4.8371,34.9912,24,0.319109,12
CTD_CP_H,20251126T143504,1585.99,4.8188,34.9888,24,0.319135,12
CTD_CP_H,20251126T143504,1588.02,4.7861,34.9861,24,0.319167,12
CTD_CP_H,20251126T143504,1590.04,4.7678,34.9848,23,0.319188,11
CTD_CP_H,20251126T143505,1591.99,4.7585,34.9834,23,0.319210,12
CTD_CP_H,20251126T143505,1593.96,4.7428,34.9824,23,0.319231,11
CTD_CP_H,20251126T143505,1595.97,4.7224,34.9810,24,0.319252,12
CTD_CP_H,20251126T143505,1597.98,4.7084,34.9800,23,0.319273,12
CTD_CP_H,20251126T143505,1599.99,4.7019,34.9794,24,0.319302,12
CTD_CP_H,20251126T143505,1602.02,4.6831,34.9779,24,0.319322,12
CTD_CP_H,20251126T143505,1604.03,4.6669,34.9763,27,0.319346,13
CTD_CP_H,20251126T143505,1605.98,4.6578,34.9753,30,0.319372,15
CTD_CP_H,20251126T143505,1607.97,4.6436,34.9743,31,0.319398,16
CTD_CP_H,20251126T143505,1609.98,4.6293,34.9730,31,0.319423,15
CTD_CP_H,20251126T143505,1612.00,4.6156,34.9717,31,0.319453,16
CTD_CP_H,20251126T143505,1614.02,4.5924,34.9698,31,0.319485,15
CTD_CP_H,20251126T143505,1616.01,4.5791,34.9688,30,0.319512,15
CTD_CP_H,20251126T143505,1617.98,4.5681,34.9679,30,0.319535,15
CTD_CP_H,20251126T143506,1619.98,4.5574,34.9672,30,0.319567,15
CTD_CP_H,20251126T143506,1621.99,4.5523,34.9666,31,0.319594,16
CTD_CP_H,20251126T143506,1624.03,4.5476,34.9662,30,0.319627,15
CTD_CP_H,20251126T143506,1626.03,4.5351,34.9652,30,0.319654,15
CTD_CP_H,20251126T143506,1628.02,4.5195,34.9639,29,0.319676,14
CTD_CP_H,20251126T143506,1630.00,4.5075,34.9626,30,0.319704,15
CTD_CP_H,20251126T143506,1632.00,4.4987,34.9621,29,0.319733,15
CTD_CP_H,20251126T143506,1633.99,4.4950,34.9616,30,0.319761,15
CTD_CP_H,20251126T143506,1636.01,4.4855,34.9606,29,0.319791,14
CTD_CP_H,20251126T143506,1638.01,4.4738,34.9596,29,0.319815,15
CTD_CP_H,20251126T143506,1640.00,4.4576,34.9585,29,0.319841,14
CTD_CP_H,20251126T143506,1642.01,4.4501,34.9577,29,0.319870,15
CTD_CP_H,20251126T143506,1644.00,4.4397,34.9568,28,0.319892,14
CTD_CP_H,20251126T143506,1645.99,4.4291,34.9562,29,0.319925,14
CTD_CP_H,20251126T143507,1647.99,4.4276,34.9558,28,0.319952,14
CTD_CP_H,20251126T143507,1649.99,4.4223,34.9553,29,0.319981,15
CTD_CP_H,20251126T143507,1652.01,4.4172,34.9546,28,0.320010,14
CTD_CP_H,20251126T143507,1653.99,4.4097,34.9538,27,0.320030,13
CTD_CP_H,20251126T143507,1656.00,4.4004,34.9526,28,0.320068,14
CTD_CP_H,20251126T143507,1658.02,4.3919,34.9518,27,0.320089,14
CTD_CP_H,20251126T143507,1660.00,4.3764,34.9508,26,0.320110,13
CTD_CP_H,20251126T143507,1662.00,4.3601,34.9493,27,0.320138,13
CTD_CP_H,20251126T143507,1664.02,4.3484,34.9479,26,0.320165,13
CTD_CP_H,20251126T143507,1666.02,4.3431,34.9475,26,0.320188,13
CTD_CP_H,20251126T143507,1668.00,4.3360,34.9466,25,0.320212,13
CTD_CP_H,20251126T143507,1670.00,4.3233,34.9459,26,0.320242,13
CTD_CP_H,20251126T143507,1671.99,4.3208,34.9457,25,0.320264,12
CTD_CP_H,20251126T143508,1673.99,4.3155,34.9448,26,0.320285,13
CTD_CP_H,20251126T143508,1676.01,4.2988,34.9434,25,0.320304,13
CTD_CP_H,20251126T143508,1677.99,4.2955,34.9425,25,0.320331,12
CTD_CP_H,20251126T143508,1680.00,4.2824,34.9415,25,0.320356,13
CTD_CP_H,20251126T143508,1681.99,4.2728,34.9405,24,0.320382,12
CTD_CP_H,20251126T143508,1683.98,4.2688,34.9399,25,0.320403,12
CTD_CP_H,20251126T143508,1686.03,4.2532,34.9382,25,0.320422,13
CTD_CP_H,20251126T143508,1688.06,4.2310,34.9365,24,0.320440,12
CTD_CP_H,20251126T143508,1690.01,4.2184,34.9351,23,0.320458,11
CTD_CP_H,20251126T143508,1691.98,4.2055,34.9337,24,0.320475,12
CTD_CP_H,20251126T143508,1693.96,4.1806,34.9317,23,0.320496,12
CTD_CP_H,20251126T143508,1695.97,4.1683,34.9309,24,0.320519,12
CTD_CP_H,20251126T143508,1698.00,4.1644,34.9298,24,0.320539,12
CTD_CP_H,20251126T143508,1700.02,4.1488,34.9288,23,0.320558,11
CTD_CP_H,20251126T143509,1702.02,4.1324,34.9275,23,0.320574,12
CTD_CP_H,20251126T143509,1704.01,4.1212,34.9264,23,0.320588,11
CTD_CP_H,20251126T143509,1706.01,4.1062,34.9248,23,0.320602,12
CTD_CP_H,20251126T143509,1707.99,4.1009,34.9253,22,0.320626,11
CTD_CP_H,20251126T143509,1709.97,4.1002,34.9242,23,0.320643,11
CTD_CP_H,20251126T143509,1712.02,4.0985,34.9249,23,0.320663,12
CTD_CP_H,20251126T143509,1714.04,4.0950,34.9244,22,0.320681,11
CTD_CP_H,20251126T143509,1716.02,4.0923,34.9236,22,0.320700,11
CTD_CP_H,20251126T143509,1718.02,4.0860,34.9236,22,0.320715,11
CTD_CP_H,20251126T143509,1720.03,4.0784,34.9222,22,0.320733,11
CTD_CP_H,20251126T143509,1722.01,4.0684,34.9218,21,0.320746,10
CTD_CP_H,20251126T143509,1723.99,4.0654,34.9216,22,0.320757,11
CTD_CP_H,20251126T143509,1725.99,4.0650,34.9206,21,0.320777,11
CTD_CP_H,20251126T143509,1728.00,4.0593,34.9206,22,0.320792,11
CTD_CP_H,20251126T143510,1730.00,4.0478,34.9194,21,0.320809,10
CTD_CP_H,20251126T143510,1731.98,4.0307,34.9183,21,0.320824,11
CTD_CP_H,20251126T143510,1733.96,4.0061,34.9161,21,0.320838,10
CTD_CP_H,20251126T143510,1735.96,4.0013,34.9154,21,0.320853,11
CTD_CP_H,20251126T143510,1737.98,3.9975,34.9147,21,0.320868,10
CTD_CP_H,20251126T143510,1740.00,3.9815,34.9142,21,0.320886,11
CTD_CP_H,20251126T143510,1742.01,3.9720,34.9124,21,0.320895,10
CTD_CP_H,20251126T143510,1743.99,3.9643,34.9119,20,0.320907,10
CTD_CP_H,20251126T143510,1745.98,3.9614,34.9117,21,0.320920,11
CTD_CP_H,20251126T143510,1748.02,3.9565,34.9111,21,0.320936,10
CTD_CP_H,20251126T143510,1750.02,3.9507,34.9112,20,0.320946,10
CTD_CP_H,20251126T143510,1752.02,3.9386,34.9101,21,0.320960,11
CTD_CP_H,20251126T143510,1754.02,3.9346,34.9091,21,0.320978,10
CTD_CP_H,20251126T143510,1756.04,3.9282,34.9091,24,0.320993,12
CTD_CP_H,20251126T143511,1758.01,3.9215,34.9088,26,0.321012,13
CTD_CP_H,20251126T143511,1760.01,3.9166,34.9081,27,0.321028,14
CTD_CP_H,20251126T143511,1762.02,3.9078,34.9073,26,0.321047,13
CTD_CP_H,20251126T143511,1764.00,3.8957,34.9066,26,0.321058,13
CTD_CP_H,20251126T143511,1765.99,3.8870,34.9056,26,0.321077,13
CTD_CP_H,20251126T143511,1767.99,3.8779,34.9052,26,0.321096,13
CTD_CP_H,20251126T143511,1770.00,3.8752,34.9049,26,0.321109,13
CTD_CP_H,20251126T143511,1772.02,3.8729,34.9049,26,0.321127,13
CTD_CP_H,20251126T143511,1774.03,3.8678,34.9046,26,0.321149,13
CTD_CP_H,20251126T143511,1776.01,3.8650,34.9040,25,0.321164,12
CTD_CP_H,20251126T143511,1778.00,3.8542,34.9039,26,0.321185,13
CTD_CP_H,20251126T143511,1779.99,3.8513,34.9033,25,0.321202,13
CTD_CP_H,20251126T143511,1782.00,3.8454,34.9028,26,0.321217,13
CTD_CP_H,20251126T143512,1784.01,3.8424,34.9026,25,0.321231,12
CTD_CP_H,20251126T143512,1785.99,3.8359,34.9017,26,0.321248,13
CTD_CP_H,20251126T143512,1788.01,3.8217,34.9007,26,0.321263,13
CTD_CP_H,20251126T143512,1790.03,3.8126,34.8999,25,0.321277,13
CTD_CP_H,20251126T143512,1791.99,3.8015,34.8991,25,0.321297,12
CTD_CP_H,20251126T143512,1793.99,3.7980,34.8988,26,0.321321,13
CTD_CP_H,20251126T143512,1795.99,3.7967,34.8982,25,0.321338,13
CTD_CP_H,20251126T143512,1798.00,3.7872,34.8976,26,0.321354,13
CTD_CP_H,20251126T143512,1800.01,3.7809,34.8971,25,0.321371,12
CTD_CP_H,20251126T143512,1801.97,3.7772,34.8967,25,0.321390,13
CTD_CP_H,20251126T143512,1803.99,3.7764,34.8968,26,0.321403,13
CTD_CP_H,20251126T143512,1805.99,3.7731,34.8963,25,0.321427,12
CTD_CP_H,20251126T143512,1807.96,3.7693,34.8955,25,0.321451,13
CTD_CP_H,20251126T143512,1810.00,3.7674,34.8959,26,0.321466,13
CTD_CP_H,20251126T143513,1812.02,3.7640,34.8960,25,0.321488,12
CTD_CP_H,20251126T143513,1813.98,3.7617,34.8949,25,0.321505,13
CTD_CP_H,20251126T143513,1816.01,3.7561,34.8952,26,0.321525,13
CTD_CP_H,20251126T143513,1818.04,3.7506,34.8949,25,0.321547,12
CTD_CP_H,20251126T143513,1820.02,3.7453,34.8943,25,0.321565,13
CTD_CP_H,20251126T143513,1822.03,3.7348,34.8937,25,0.321580,12
CTD_CP_H,20251126T143513,1824.01,3.7292,34.8927,25,0.321604,13
CTD_CP_H,20251126T143513,1826.00,3.7201,34.8919,25,0.321627,12
CTD_CP_H,20251126T143513,1828.00,3.7082,34.8911,25,0.321646,13
CTD_CP_H,20251126T143513,1829.99,3.7022,34.8906,25,0.321668,12
CTD_CP_H,20251126T143513,1831.99,3.7011,34.8906,25,0.321688,13
CTD_CP_H,20251126T143513,1833.98,3.7004,34.8909,25,0.321713,12
CTD_CP_H,20251126T143513,1836.00,3.6995,34.8901,26,0.321728,13
CTD_CP_H,20251126T143513,1838.00,3.6980,34.8902,24,0.321753,12
CTD_CP_H,20251126T143514,1839.98,3.6901,34.8902,25,0.321777,13
CTD_CP_H,20251126T143514,1841.98,3.6824,34.8892,25,0.321803,12
CTD_CP_H,20251126T143514,1843.99,3.6754,34.8887,25,0.321820,13
CTD_CP_H,20251126T143514,1846.00,3.6695,34.8876,25,0.321836,12
CTD_CP_H,20251126T143514,1848.03,3.6502,34.8861,25,0.321858,13
CTD_CP_H,20251126T143514,1850.03,3.6446,34.8856,24,0.321879,12
CTD_CP_H,20251126T143514,1852.01,3.6428,34.8858,25,0.321904,12
CTD_CP_H,20251126T143514,1854.02,3.6323,34.8848,25,0.321931,13
CTD_CP_H,20251126T143514,1856.01,3.6164,34.8833,25,0.321951,12
CTD_CP_H,20251126T143514,1857.98,3.6055,34.8819,24,0.321970,12
CTD_CP_H,20251126T143514,1859.97,3.5894,34.8812,25,0.321990,13
CTD_CP_H,20251126T143514,1861.98,3.5762,34.8799,24,0.322006,12
CTD_CP_H,20251126T143514,1863.99,3.5674,34.8796,25,0.322026,12
CTD_CP_H,20251126T143515,1865.98,3.5496,34.8776,24,0.322053,12
CTD_CP_H,20251126T143515,1867.99,3.5449,34.8774,25,0.322076,13
CTD_CP_H,20251126T143515,1870.03,3.5402,34.8778,24,0.322105,12
CTD_CP_H,20251126T143515,1872.01,3.5374,34.8776,24,0.322124,12
CTD_CP_H,20251126T143515,1873.99,3.5362,34.8771,24,0.322144,12
CTD_CP_H,20251126T143515,1876.00,3.5312,34.8758,25,0.322170,12
CTD_CP_H,20251126T143515,1878.04,3.5211,34.8760,24,0.322190,12
CTD_CP_H,20251126T143515,1880.02,3.5100,34.8750,24,0.322223,12
CTD_CP_H,20251126T143515,1882.00,3.5025,34.8741,24,0.322241,12
CTD_CP_H,20251126T143515,1884.00,3.4952,34.8741,24,0.322269,12
CTD_CP_H,20251126T143515,1886.01,3.4908,34.8730,25,0.322290,13
CTD_CP_H,20251126T143515,1888.05,3.4828,34.8724,24,0.322315,12
CTD_CP_H,20251126T143515,1890.01,3.4767,34.8719,23,0.322340,11
CTD_CP_H,20251126T143515,1892.02,3.4692,34.8720,24,0.322369,12
CTD_CP_H,20251126T143516,1894.03,3.4623,34.8708,23,0.322396,12
CTD_CP_H,20251126T143516,1895.99,3.4552,34.8709,23,0.322421,11
CTD_CP_H,20251126T143516,1898.00,3.4467,34.8699,24,0.322447,12
CTD_CP_H,20251126T143516,1900.02,3.4384,34.8697,23,0.322471,12
CTD_CP_H,20251126T143516,1902.01,3.4365,34.8696,23,0.322498,11
CTD_CP_H,20251126T143516,1904.02,3.4318,34.8684,23,0.322531,12
CTD_CP_H,20251126T143516,1906.01,3.4230,34.8680,22,0.322563,11
CTD_CP_H,20251126T143516,1907.98,3.4122,34.8671,23,0.322587,11
CTD_CP_H,20251126T143516,1910.01,3.4023,34.8667,23,0.322615,12
CTD_CP_H,20251126T143516,1912.00,3.3986,34.8661,22,0.322646,11
CTD_CP_H,20251126T143516,1913.98,3.3959,34.8658,23,0.322680,11
CTD_CP_H,20251126T143516,1915.98,3.3931,34.8653,22,0.322715,11
CTD_CP_H,20251126T143516,1918.01,3.3865,34.8653,23,0.322750,12
CTD_CP_H,20251126T143516,1920.01,3.3763,34.8645,22,0.322779,11
CTD_CP_H,20251126T143517,1922.00,3.3695,34.8638,22,0.322815,11
CTD_CP_H,20251126T143517,1923.98,3.3694,34.8636,22,0.322848,11
CTD_CP_H,20251126T143517,1926.01,3.3544,34.8625,23,0.322883,11
CTD_CP_H,20251126T143517,1928.04,3.3465,34.8621,22,0.322923,11
CTD_CP_H,20251126T143517,1930.04,3.3460,34.8632,22,0.322951,11
CTD_CP_H,20251126T143517,1932.00,3.3419,34.8627,21,0.322997,11
CTD_CP_H,20251126T143517,1933.96,3.3320,34.8623,22,0.323037,11
CTD_CP_H,20251126T143517,1935.97,3.3276,34.8622,22,0.323074,11
CTD_CP_H,20251126T143517,1937.99,3.3286,34.8621,22,0.323115,11
CTD_CP_H,20251126T143517,1939.97,3.3237,34.8618,21,0.323161,10
CTD_CP_H,20251126T143517,1941.98,3.3157,34.8611,22,0.323195,11
CTD_CP_H,20251126T143517,1944.01,3.3074,34.8604,21,0.323236,11
CTD_CP_H,20251126T143517,1946.00,3.3059,34.8602,21,0.323292,10
CTD_CP_H,20251126T143518,1948.00,3.3026,34.8600,21,0.323335,11
CTD_CP_H,20251126T143518,1950.01,3.2965,34.8592,21,0.323373,10
CTD_CP_H,20251126T143518,1952.04,3.2908,34.8588,21,0.323433,11
CTD_CP_H,20251126T143518,1954.02,3.2854,34.8581,20,0.323483,10
CTD_CP_H,20251126T143518,1956.02,3.2786,34.8576,21,0.323519,10
CTD_CP_H,20251126T143518,1958.03,3.2695,34.8566,20,0.323576,10
CTD_CP_H,20251126T143518,1960.05,3.2589,34.8554,21,0.323629,11
CTD_CP_H,20251126T143518,1962.02,3.2567,34.8551,19,0.323678,9
CTD_CP_H,20251126T143518,1963.99,3.2525,34.8545,21,0.323723,11
CTD_CP_H,20251126T143518,1966.03,3.2425,34.8547,20,0.323789,10
CTD_CP_H,20251126T143518,1967.99,3.2356,34.8533,20,0.323831,10
CTD_CP_H,20251126T143518,1969.98,3.2322,34.8524,20,0.323893,10
CTD_CP_H,20251126T143518,1971.96,3.2296,34.8522,20,0.323945,10
CTD_CP_H,20251126T143518,1973.98,3.2259,34.8525,20,0.323993,10
CTD_CP_H,20251126T143519,1975.97,3.2168,34.8517,20,0.324060,10
CTD_CP_H,20251126T143519,1977.98,3.2085,34.8510,20,0.324113,10
CTD_CP_H,20251126T143519,1980.00,3.2069,34.8509,20,0.324160,10
CTD_CP_H,20251126T143519,1982.02,3.2080,34.8507,20,0.324219,10
CTD_CP_H,20251126T143519,1984.01,3.2048,34.8515,19,0.324258,9
CTD_CP_H,20251126T143519,1986.00,3.2011,34.8508,20,0.324294,10
CTD_CP_H,20251126T143519,1988.04,3.1927,34.8506,20,0.324332,10
CTD_CP_H,20251126T143519,1990.02,3.1857,34.8495,19,0.324341,10
CTD_CP_H,20251126T143519,1992.00,3.1756,34.8495,20,0.324051,10
CTD_CP_H,20251126T143519,1994.01,3.1737,34.8491,20,0.309758,6
CTD_CP_H,20251126T143519,1996.02,3.1685,34.8490,21,nan,0
CTD_CP_H,20251126T143519,1997.57,3.1619,34.8487,13,nan,0
GPS,20251126T143628,19.305408,62.885693,10
CTD_P,20251126T143630,-0.17
