Message,20240510T123712,Firmware: 07/21/23 18:56:40 2.17.4 STD IRID Final
Message,20240510T123712,Username: f10469
GPS,20240510T123712,17.969357,68.029854,10
GPS,20240510T124244,17.969135,68.030304,10
CTD_P,20240510T124246,-0.21
FLBB_CFG,20240510T124248,695,700
Message,20240510T124248,Park Descent Mission
CTD_P,20240510T124251,-0.19
CTD_P,20240510T124405,0.08
CTD_P,20240510T124507,0.08
CTD_P,20240510T124609,0.11
CTD_P,20240510T124712,0.24
CTD_P,20240510T124814,2.98
CTD_P,20240510T124916,8.72
CTD_P,20240510T125018,16.78
CTD_P,20240510T125121,26.31
CTD_P,20240510T125223,36.68
CTD_P,20240510T125325,47.28
CTD_P,20240510T125428,58.62
CTD_P,20240510T125530,70.24
CTD_P,20240510T125547,73.59
CTD_P,20240510T125548,73.84
CTD_P,20240510T125650,85.71
CTD_P,20240510T135653,554.79
CTD_P,20240510T145412,844.90
CTD_P,20240510T152518,968.03
CTD_P,20240510T153356,992.73
CTD_P,20240510T153714,1002.75
Message,20240510T153717,Park Mission
CTD_P,20240510T153720,1003.02
CTD_PTSH,20240510T153742,1004.10,8.8590,35.3750,-1.042770
CTD_P,20240510T153743,1004.19
CTD_P,20240510T163716,1125.32
CTD_PTSH,20240510T163739,1125.80,7.9338,35.2770,-1.043839
CTD_P,20240510T163740,1125.77
CTD_P,20240510T173741,1167.33
CTD_PTSH,20240510T173804,1167.30,7.6194,35.2470,-1.043934
CTD_P,20240510T173805,1167.27
CTD_P,20240510T183806,1182.44
CTD_PTSH,20240510T183829,1182.50,7.5704,35.2390,-1.044089
CTD_P,20240510T183830,1182.57
CTD_P,20240510T193832,1175.44
CTD_PTSH,20240510T193855,1175.40,7.6944,35.2490,-1.043046
CTD_P,20240510T193856,1175.41
CTD_P,20240510T203857,1172.86
CTD_PTSH,20240510T203920,1172.70,7.7155,35.2540,-1.042555
CTD_P,20240510T203921,1172.66
CTD_P,20240510T213922,1170.70
CTD_PTSH,20240510T213945,1170.60,7.6020,35.2500,-1.042203
CTD_P,20240510T213946,1170.62
CTD_P,20240510T223948,1158.04
CTD_PTSH,20240510T224011,1158.10,7.5867,35.2430,-1.042089
CTD_P,20240510T224012,1158.07
CTD_P,20240510T234013,1160.62
CTD_PTSH,20240510T234036,1160.70,7.5787,35.2390,-1.041916
CTD_P,20240510T234037,1160.68
CTD_P,20240511T004038,1160.66
CTD_PTSH,20240511T004101,1160.70,7.5851,35.2410,-1.041913
CTD_P,20240511T004102,1160.63
CTD_P,20240511T014104,1145.60
CTD_PTSH,20240511T014127,1145.60,7.6873,35.2510,-1.041841
CTD_P,20240511T014128,1145.57
CTD_P,20240511T024129,1147.96
CTD_PTSH,20240511T024152,1148.00,7.6777,35.2510,-1.041715
CTD_P,20240511T024153,1147.96
CTD_P,20240511T034154,1148.32
CTD_PTSH,20240511T034217,1148.40,7.6600,35.2470,-1.041711
CTD_P,20240511T034218,1148.34
CTD_P,20240511T044220,1134.80
CTD_PTSH,20240511T044243,1134.80,7.7858,35.2590,-1.041562
CTD_P,20240511T044244,1134.76
CTD_P,20240511T054245,1137.41
CTD_PTSH,20240511T054308,1137.20,7.8156,35.2620,-1.041555
CTD_P,20240511T054309,1137.24
CTD_P,20240511T064310,1139.55
CTD_PTSH,20240511T064333,1139.60,7.8834,35.2690,-1.041439
CTD_P,20240511T064334,1139.56
CTD_P,20240511T074336,1117.63
CTD_PTSH,20240511T074359,1117.70,7.9343,35.2780,-1.041333
CTD_P,20240511T074400,1117.73
CTD_P,20240511T084401,1116.30
CTD_PTSH,20240511T084424,1116.30,7.9245,35.2750,-1.041319
CTD_P,20240511T084425,1116.27
CTD_P,20240511T094426,1122.97
CTD_PTSH,20240511T094449,1122.90,7.9817,35.2810,-1.041348
CTD_P,20240511T094450,1122.89
CTD_P,20240511T104452,1102.98
CTD_PTSH,20240511T104515,1102.90,8.0628,35.2870,-1.041214
CTD_P,20240511T104516,1102.90
CTD_P,20240511T114517,1103.61
CTD_PTSH,20240511T114540,1103.60,8.0395,35.2860,-1.041221
CTD_P,20240511T114541,1103.60
CTD_P,20240511T124542,1102.13
CTD_PTSH,20240511T124605,1102.20,8.0157,35.2860,-1.041290
CTD_P,20240511T124606,1102.24
CTD_P,20240511T134608,1090.05
CTD_PTSH,20240511T134631,1090.20,8.1369,35.2960,-1.041234
CTD_P,20240511T134632,1090.15
CTD_P,20240511T144633,1089.94
CTD_PTSH,20240511T144656,1090.00,8.1698,35.2990,-1.041297
CTD_P,20240511T144657,1089.98
CTD_P,20240511T154658,1093.26
CTD_PTSH,20240511T154721,1093.20,8.2705,35.3120,-1.041325
CTD_P,20240511T154722,1093.14
CTD_P,20240511T164724,1076.27
CTD_PTSH,20240511T164747,1076.40,8.3588,35.3190,-1.041301
CTD_P,20240511T164748,1076.36
CTD_P,20240511T174749,1070.19
CTD_PTSH,20240511T174812,1070.10,8.3288,35.3190,-1.041353
CTD_P,20240511T174813,1070.11
CTD_P,20240511T184814,1070.77
CTD_PTSH,20240511T184837,1070.70,8.3228,35.3200,-1.041395
CTD_P,20240511T184838,1070.76
CTD_P,20240511T194840,1055.45
CTD_PTSH,20240511T194903,1055.40,8.4041,35.3250,-1.041348
CTD_P,20240511T194904,1055.45
CTD_P,20240511T204905,1053.18
CTD_PTSH,20240511T204928,1053.10,8.3793,35.3220,-1.041389
CTD_P,20240511T204929,1053.06
CTD_P,20240511T214930,1051.53
CTD_PTSH,20240511T214953,1051.60,8.3702,35.3200,-1.041375
CTD_P,20240511T214954,1051.62
CTD_P,20240511T224955,1030.65
CTD_PTSH,20240511T225018,1030.50,8.5381,35.3390,-1.041337
CTD_P,20240511T225019,1030.46
CTD_P,20240511T235020,1028.88
CTD_PTSH,20240511T235043,1028.80,8.5440,35.3400,-1.041456
CTD_P,20240511T235044,1028.80
CTD_P,20240512T005045,1027.43
CTD_PTSH,20240512T005108,1027.50,8.4557,35.3330,-1.041695
CTD_P,20240512T005109,1027.54
CTD_P,20240512T015111,1011.09
CTD_PTSH,20240512T015134,1011.20,8.5565,35.3450,-1.041701
CTD_P,20240512T015135,1011.20
CTD_P,20240512T025136,1012.36
CTD_PTSH,20240512T025159,1012.30,8.6186,35.3520,-1.041700
CTD_P,20240512T025200,1012.31
CTD_P,20240512T035201,1013.88
CTD_PTSH,20240512T035224,1013.90,8.5942,35.3460,-1.041758
CTD_P,20240512T035225,1013.89
CTD_P,20240512T045226,1019.02
CTD_PTSH,20240512T045249,1019.20,8.6327,35.3490,-1.041778
CTD_P,20240512T045250,1019.17
CTD_P,20240512T055251,1017.10
CTD_PTSH,20240512T055314,1017.00,8.6939,35.3580,-1.041745
CTD_P,20240512T055315,1016.99
CTD_P,20240512T065316,1021.87
CTD_PTSH,20240512T065339,1021.80,8.7462,35.3600,-1.041714
CTD_P,20240512T065340,1021.80
CTD_P,20240512T075341,1021.13
CTD_PTSH,20240512T075404,1021.10,8.7861,35.3640,-1.041585
CTD_P,20240512T075405,1021.09
CTD_P,20240512T085406,1019.78
CTD_PTSH,20240512T085429,1019.80,8.7687,35.3640,-1.041591
CTD_P,20240512T085430,1019.76
CTD_P,20240512T095431,1015.66
CTD_PTSH,20240512T095454,1015.50,8.7671,35.3680,-1.041555
CTD_P,20240512T095455,1015.48
CTD_P,20240512T105456,1014.85
CTD_PTSH,20240512T105519,1014.80,8.6958,35.3560,-1.041655
CTD_P,20240512T105520,1014.76
CTD_P,20240512T115521,1007.48
CTD_PTSH,20240512T115544,1007.40,8.6030,35.3540,-1.041643
CTD_P,20240512T115545,1007.41
CTD_P,20240512T125546,1019.19
CTD_PTSH,20240512T125609,1019.40,8.5933,35.3460,-1.041700
CTD_P,20240512T125610,1019.36
CTD_P,20240512T135611,1020.02
CTD_PTSH,20240512T135634,1019.80,8.6617,35.3520,-1.041643
CTD_P,20240512T135635,1019.77
CTD_P,20240512T145636,1021.35
CTD_PTSH,20240512T145659,1021.40,8.7080,35.3570,-1.041647
CTD_P,20240512T145700,1021.40
CTD_P,20240512T155701,1024.26
CTD_PTSH,20240512T155724,1024.30,8.7687,35.3620,-1.041713
CTD_P,20240512T155725,1024.26
CTD_P,20240512T165726,1023.31
CTD_PTSH,20240512T165749,1023.30,8.8039,35.3660,-1.041724
CTD_P,20240512T165750,1023.27
CTD_P,20240512T175751,1023.82
CTD_PTSH,20240512T175814,1023.70,8.8286,35.3680,-1.041718
CTD_P,20240512T175815,1023.71
CTD_P,20240512T185816,1019.00
CTD_PTSH,20240512T185839,1018.80,8.8036,35.3700,-1.041719
CTD_P,20240512T185840,1018.84
CTD_P,20240512T195841,1020.09
CTD_PTSH,20240512T195904,1019.90,8.7439,35.3630,-1.041772
CTD_P,20240512T195905,1019.94
CTD_P,20240512T205906,1019.61
CTD_PTSH,20240512T205929,1019.60,8.7131,35.3610,-1.041794
CTD_P,20240512T205930,1019.63
CTD_P,20240512T215931,1018.99
CTD_PTSH,20240512T215954,1018.90,8.7170,35.3590,-1.041841
CTD_P,20240512T215955,1018.85
CTD_P,20240512T225956,1019.66
CTD_PTSH,20240512T230019,1019.60,8.6729,35.3550,-1.041879
CTD_P,20240512T230020,1019.55
CTD_P,20240513T000021,1013.27
CTD_PTSH,20240513T000044,1013.20,8.5807,35.3430,-1.041892
CTD_P,20240513T000045,1013.18
CTD_P,20240513T010046,1015.38
CTD_PTSH,20240513T010109,1015.40,8.4814,35.3360,-1.041905
CTD_P,20240513T010110,1015.43
CTD_P,20240513T020111,1015.17
CTD_PTSH,20240513T020134,1015.30,8.4231,35.3300,-1.041999
CTD_P,20240513T020135,1015.31
CTD_P,20240513T030136,1024.91
CTD_PTSH,20240513T030159,1025.00,8.4983,35.3360,-1.041987
CTD_P,20240513T030200,1024.95
CTD_P,20240513T040201,1025.48
CTD_PTSH,20240513T040224,1025.20,8.5899,35.3450,-1.042016
CTD_P,20240513T040225,1025.19
CTD_P,20240513T050226,1019.79
CTD_PTSH,20240513T050249,1019.80,8.6244,35.3520,-1.042020
CTD_P,20240513T050250,1019.75
CTD_P,20240513T060251,1021.85
CTD_PTSH,20240513T060314,1021.80,8.6237,35.3490,-1.042027
CTD_P,20240513T060315,1021.79
CTD_P,20240513T070316,1019.19
CTD_PTSH,20240513T070339,1019.20,8.5613,35.3420,-1.042019
CTD_P,20240513T070340,1019.15
CTD_P,20240513T080341,1026.31
CTD_PTSH,20240513T080404,1026.30,8.6291,35.3490,-1.042030
CTD_P,20240513T080405,1026.33
CTD_P,20240513T090406,1033.24
CTD_PTSH,20240513T090429,1033.20,8.7287,35.3590,-1.042074
CTD_P,20240513T090430,1033.18
CTD_P,20240513T100431,1024.74
CTD_PTSH,20240513T100454,1024.70,8.6888,35.3630,-1.042044
CTD_P,20240513T100455,1024.74
CTD_P,20240513T110456,1025.16
CTD_PTSH,20240513T110519,1025.20,8.6559,35.3530,-1.042070
CTD_P,20240513T110520,1025.23
CTD_P,20240513T120521,1023.06
CTD_PTSH,20240513T120544,1022.90,8.6813,35.3570,-1.042108
CTD_P,20240513T120545,1022.91
CTD_P,20240513T130546,1026.10
CTD_PTSH,20240513T130609,1026.20,8.6428,35.3520,-1.042103
CTD_P,20240513T130610,1026.19
CTD_P,20240513T140611,1022.46
CTD_PTSH,20240513T140634,1022.40,8.6609,35.3550,-1.042136
CTD_P,20240513T140635,1022.31
CTD_P,20240513T150636,1024.02
CTD_PTSH,20240513T150659,1024.10,8.5719,35.3460,-1.042210
CTD_P,20240513T150700,1024.09
CTD_P,20240513T160701,1029.29
CTD_PTSH,20240513T160724,1029.40,8.6305,35.3490,-1.042237
CTD_P,20240513T160725,1029.37
CTD_P,20240513T170726,1035.71
CTD_PTSH,20240513T170749,1035.80,8.7092,35.3570,-1.042227
CTD_P,20240513T170750,1035.76
CTD_P,20240513T180751,1030.45
CTD_PTSH,20240513T180814,1030.40,8.7743,35.3690,-1.042222
CTD_P,20240513T180815,1030.37
CTD_P,20240513T190817,1012.95
CTD_PTSH,20240513T190840,1012.90,8.8249,35.3690,-1.042195
CTD_P,20240513T190841,1012.83
CTD_P,20240513T200842,1006.64
CTD_PTSH,20240513T200905,1006.60,8.7678,35.3650,-1.042196
CTD_P,20240513T200906,1006.55
CTD_P,20240513T210907,1009.56
CTD_PTSH,20240513T210930,1009.50,8.7261,35.3600,-1.042259
CTD_P,20240513T210931,1009.47
CTD_P,20240513T220932,1011.20
CTD_PTSH,20240513T220955,1011.30,8.7237,35.3590,-1.042208
CTD_P,20240513T220956,1011.33
CTD_P,20240513T230957,1009.19
CTD_PTSH,20240513T231020,1009.10,8.7414,35.3610,-1.042195
CTD_P,20240513T231021,1009.13
CTD_P,20240514T001022,1008.05
CTD_PTSH,20240514T001045,1008.20,8.6808,35.3600,-1.042230
CTD_P,20240514T001046,1008.17
CTD_P,20240514T011047,1007.76
CTD_PTSH,20240514T011110,1007.70,8.6769,35.3570,-1.042260
CTD_P,20240514T011111,1007.74
CTD_P,20240514T021112,1007.03
CTD_PTSH,20240514T021135,1006.90,8.6643,35.3580,-1.042257
CTD_P,20240514T021136,1006.95
CTD_P,20240514T031137,1005.52
CTD_PTSH,20240514T031200,1005.50,8.6027,35.3480,-1.042320
CTD_P,20240514T031201,1005.55
CTD_P,20240514T041202,1014.53
CTD_PTSH,20240514T041225,1014.70,8.6124,35.3470,-1.042370
CTD_P,20240514T041226,1014.74
CTD_P,20240514T051227,1012.52
CTD_PTSH,20240514T051250,1012.40,8.6790,35.3540,-1.042342
CTD_P,20240514T051251,1012.40
CTD_P,20240514T061252,1012.12
CTD_PTSH,20240514T061315,1012.00,8.7059,35.3550,-1.042361
CTD_P,20240514T061316,1012.03
CTD_P,20240514T071317,1012.95
CTD_PTSH,20240514T071340,1013.00,8.6857,35.3560,-1.042400
CTD_P,20240514T071341,1012.97
CTD_P,20240514T081342,1013.96
CTD_PTSH,20240514T081405,1013.90,8.7125,35.3590,-1.042431
CTD_P,20240514T081406,1013.93
CTD_P,20240514T091407,1015.76
CTD_PTSH,20240514T091430,1015.80,8.7486,35.3600,-1.042395
CTD_P,20240514T091431,1015.84
CTD_P,20240514T101432,1013.10
CTD_PTSH,20240514T101455,1013.10,8.7513,35.3610,-1.042413
CTD_P,20240514T101456,1013.06
CTD_P,20240514T111457,1008.01
CTD_PTSH,20240514T111520,1008.00,8.6621,35.3600,-1.042456
CTD_P,20240514T111521,1008.00
CTD_P,20240514T121522,1016.29
CTD_PTSH,20240514T121545,1016.20,8.7405,35.3600,-1.042441
CTD_P,20240514T121546,1016.21
CTD_P,20240514T131547,1012.66
CTD_PTSH,20240514T131610,1012.60,8.6615,35.3540,-1.042482
CTD_P,20240514T131611,1012.61
CTD_P,20240514T141612,1012.65
CTD_PTSH,20240514T141635,1012.60,8.6946,35.3560,-1.042458
CTD_P,20240514T141636,1012.54
CTD_P,20240514T151637,1017.65
CTD_PTSH,20240514T151700,1017.60,8.8021,35.3670,-1.042500
CTD_P,20240514T151701,1017.57
CTD_P,20240514T161702,1019.57
CTD_PTSH,20240514T161725,1019.60,8.8170,35.3700,-1.042475
CTD_P,20240514T161726,1019.58
CTD_P,20240514T171727,1014.02
CTD_PTSH,20240514T171750,1014.00,8.8220,35.3690,-1.042498
CTD_P,20240514T171751,1013.96
CTD_P,20240514T181752,1011.86
CTD_PTSH,20240514T181815,1011.90,8.7644,35.3720,-1.042517
CTD_P,20240514T181816,1011.87
CTD_P,20240514T191817,1018.69
CTD_PTSH,20240514T191840,1018.70,8.8151,35.3690,-1.042520
CTD_P,20240514T191841,1018.71
CTD_P,20240514T201842,1012.37
CTD_PTSH,20240514T201905,1012.40,8.7627,35.3610,-1.042576
CTD_P,20240514T201906,1012.37
CTD_P,20240514T211907,1016.05
CTD_PTSH,20240514T211930,1016.10,8.7244,35.3590,-1.042570
CTD_P,20240514T211931,1016.07
CTD_P,20240514T221932,1015.98
CTD_PTSH,20240514T221955,1015.90,8.7626,35.3630,-1.042611
CTD_P,20240514T221956,1015.89
CTD_P,20240514T231957,1015.03
CTD_PTSH,20240514T232020,1015.00,8.7374,35.3610,-1.042601
CTD_P,20240514T232021,1014.99
CTD_P,20240515T002022,1013.76
CTD_PTSH,20240515T002045,1013.70,8.6991,35.3560,-1.042588
CTD_P,20240515T002046,1013.67
CTD_P,20240515T012047,1014.23
CTD_PTSH,20240515T012110,1014.40,8.6603,35.3540,-1.042655
CTD_P,20240515T012111,1014.36
CTD_P,20240515T022112,1011.78
CTD_PTSH,20240515T022135,1011.80,8.6075,35.3490,-1.042632
CTD_P,20240515T022136,1011.85
CTD_P,20240515T032137,1016.92
CTD_PTSH,20240515T032200,1016.80,8.6682,35.3540,-1.042675
CTD_P,20240515T032201,1016.84
CTD_P,20240515T042202,1016.31
CTD_PTSH,20240515T042225,1016.30,8.6836,35.3550,-1.042672
CTD_P,20240515T042226,1016.28
CTD_P,20240515T052227,1014.62
CTD_PTSH,20240515T052250,1014.50,8.6700,35.3540,-1.042690
CTD_P,20240515T052251,1014.46
CTD_P,20240515T062252,1016.71
CTD_PTSH,20240515T062315,1016.50,8.6833,35.3560,-1.042702
CTD_P,20240515T062316,1016.55
CTD_P,20240515T072317,1015.62
CTD_PTSH,20240515T072340,1015.50,8.6645,35.3520,-1.042714
CTD_P,20240515T072341,1015.51
CTD_P,20240515T082342,1018.64
CTD_PTSH,20240515T082405,1018.60,8.7227,35.3580,-1.042700
CTD_P,20240515T082406,1018.57
CTD_P,20240515T092407,1014.73
CTD_PTSH,20240515T092430,1014.70,8.6920,35.3600,-1.042734
CTD_P,20240515T092431,1014.71
CTD_P,20240515T102432,1018.12
CTD_PTSH,20240515T102455,1018.40,8.6856,35.3550,-1.042778
CTD_P,20240515T102456,1018.45
CTD_P,20240515T112457,1019.21
CTD_PTSH,20240515T112520,1019.20,8.7310,35.3580,-1.042779
CTD_P,20240515T112521,1019.16
CTD_P,20240515T122522,1016.44
CTD_PTSH,20240515T122545,1016.40,8.6605,35.3520,-1.042760
CTD_P,20240515T122546,1016.40
CTD_P,20240515T132547,1018.50
CTD_PTSH,20240515T132610,1018.50,8.6479,35.3520,-1.042786
CTD_P,20240515T132611,1018.53
CTD_P,20240515T142612,1015.31
CTD_PTSH,20240515T142635,1015.30,8.6355,35.3510,-1.042824
CTD_P,20240515T142636,1015.29
CTD_P,20240515T152637,1015.84
CTD_PTSH,20240515T152700,1015.80,8.6254,35.3500,-1.042849
CTD_P,20240515T152701,1015.87
CTD_P,20240515T162702,1019.36
CTD_PTSH,20240515T162725,1019.30,8.6845,35.3550,-1.042842
CTD_P,20240515T162726,1019.27
CTD_P,20240515T172727,1017.59
CTD_PTSH,20240515T172750,1017.50,8.7220,35.3600,-1.042793
CTD_P,20240515T172751,1017.51
CTD_P,20240515T182752,1019.78
CTD_PTSH,20240515T182815,1019.80,8.7385,35.3620,-1.042821
CTD_P,20240515T182816,1019.83
CTD_P,20240515T192817,1019.29
CTD_PTSH,20240515T192840,1019.40,8.7107,35.3580,-1.042869
CTD_P,20240515T192841,1019.42
CTD_P,20240515T202842,1022.32
CTD_PTSH,20240515T202905,1022.30,8.7489,35.3610,-1.042856
CTD_P,20240515T202906,1022.23
CTD_P,20240515T212907,1021.55
CTD_PTSH,20240515T212930,1021.50,8.7343,35.3590,-1.042910
CTD_P,20240515T212931,1021.48
CTD_P,20240515T222932,1017.36
CTD_PTSH,20240515T222955,1017.30,8.7219,35.3580,-1.042888
CTD_P,20240515T222956,1017.34
CTD_P,20240515T232957,1019.53
CTD_PTSH,20240515T233020,1019.50,8.7125,35.3590,-1.042941
CTD_P,20240515T233021,1019.44
CTD_P,20240516T003022,1014.74
CTD_PTSH,20240516T003045,1014.70,8.6066,35.3490,-1.042937
CTD_P,20240516T003046,1014.75
CTD_P,20240516T013047,1017.10
CTD_PTSH,20240516T013110,1017.10,8.6184,35.3470,-1.042981
CTD_P,20240516T013111,1017.10
CTD_P,20240516T023112,1016.28
CTD_PTSH,20240516T023135,1016.20,8.6104,35.3470,-1.043007
CTD_P,20240516T023136,1016.18
CTD_P,20240516T033137,1019.49
CTD_PTSH,20240516T033200,1019.50,8.5882,35.3460,-1.043024
CTD_P,20240516T033201,1019.52
CTD_P,20240516T043202,1021.61
CTD_PTSH,20240516T043225,1021.60,8.6603,35.3520,-1.043038
CTD_P,20240516T043226,1021.62
CTD_P,20240516T053227,1019.57
CTD_PTSH,20240516T053250,1019.50,8.6876,35.3560,-1.043012
CTD_P,20240516T053251,1019.56
CTD_P,20240516T063252,1019.35
CTD_PTSH,20240516T063315,1019.30,8.6580,35.3560,-1.043052
CTD_P,20240516T063316,1019.34
CTD_P,20240516T073317,1021.96
CTD_PTSH,20240516T073340,1021.90,8.6873,35.3550,-1.043043
CTD_P,20240516T073341,1021.93
CTD_P,20240516T083342,1019.77
CTD_PTSH,20240516T083405,1019.70,8.6851,35.3550,-1.043058
CTD_P,20240516T083406,1019.66
CTD_P,20240516T093407,1020.71
CTD_PTSH,20240516T093430,1020.60,8.6367,35.3500,-1.043077
CTD_P,20240516T093431,1020.61
CTD_P,20240516T103432,1020.87
CTD_PTSH,20240516T103455,1020.80,8.7015,35.3600,-1.043023
CTD_P,20240516T103456,1020.82
CTD_P,20240516T113457,1018.89
CTD_PTSH,20240516T113520,1019.00,8.7073,35.3610,-1.043032
CTD_P,20240516T113521,1018.98
CTD_P,20240516T123522,1022.78
CTD_PTSH,20240516T123545,1022.80,8.7139,35.3580,-1.043083
CTD_P,20240516T123546,1022.74
CTD_P,20240516T133547,1022.97
CTD_PTSH,20240516T133610,1023.10,8.7156,35.3600,-1.043041
CTD_P,20240516T133611,1023.13
CTD_P,20240516T143612,1018.00
CTD_PTSH,20240516T143635,1018.00,8.7152,35.3600,-1.043041
CTD_P,20240516T143636,1017.98
CTD_P,20240516T153637,1018.71
CTD_PTSH,20240516T153700,1018.50,8.7144,35.3590,-1.043062
CTD_P,20240516T153701,1018.50
CTD_P,20240516T163702,1022.53
CTD_PTSH,20240516T163725,1022.60,8.6865,35.3570,-1.043034
CTD_P,20240516T163726,1022.56
CTD_P,20240516T173727,1021.26
CTD_PTSH,20240516T173750,1021.30,8.6781,35.3550,-1.043098
CTD_P,20240516T173751,1021.30
CTD_P,20240516T183752,1018.99
CTD_PTSH,20240516T183815,1018.90,8.6733,35.3560,-1.043091
CTD_P,20240516T183816,1018.92
CTD_P,20240516T193817,1023.00
CTD_PTSH,20240516T193840,1023.00,8.6385,35.3500,-1.043069
CTD_P,20240516T193841,1023.00
CTD_P,20240516T203842,1024.10
CTD_PTSH,20240516T203905,1024.00,8.6779,35.3550,-1.043113
CTD_P,20240516T203906,1024.01
CTD_P,20240516T213907,1019.24
CTD_PTSH,20240516T213930,1019.30,8.6394,35.3550,-1.043081
CTD_P,20240516T213931,1019.33
CTD_P,20240516T223932,1024.81
CTD_PTSH,20240516T223955,1024.70,8.6820,35.3540,-1.043095
CTD_P,20240516T223956,1024.69
CTD_P,20240516T233957,1023.08
CTD_PTSH,20240516T234020,1023.00,8.6750,35.3530,-1.043109
CTD_P,20240516T234021,1023.06
CTD_P,20240517T004022,1018.32
CTD_PTSH,20240517T004045,1018.30,8.6451,35.3550,-1.043101
CTD_P,20240517T004046,1018.32
CTD_P,20240517T014047,1021.66
CTD_PTSH,20240517T014110,1021.50,8.6291,35.3500,-1.043114
CTD_P,20240517T014111,1021.51
CTD_P,20240517T024112,1020.49
CTD_PTSH,20240517T024135,1020.40,8.6196,35.3480,-1.043154
CTD_P,20240517T024136,1020.41
CTD_P,20240517T034137,1018.11
CTD_PTSH,20240517T034200,1018.10,8.5254,35.3390,-1.043159
CTD_P,20240517T034201,1018.04
CTD_P,20240517T044202,1019.91
CTD_PTSH,20240517T044225,1020.00,8.4916,35.3360,-1.043174
CTD_P,20240517T044226,1020.00
CTD_P,20240517T054227,1030.34
CTD_PTSH,20240517T054250,1030.50,8.5589,35.3430,-1.043211
CTD_P,20240517T054251,1030.52
CTD_P,20240517T064252,1018.78
CTD_PTSH,20240517T064315,1018.60,8.5905,35.3480,-1.043142
CTD_P,20240517T064316,1018.61
CTD_P,20240517T074317,1021.08
CTD_PTSH,20240517T074340,1021.00,8.5778,35.3450,-1.043150
CTD_P,20240517T074341,1021.02
CTD_P,20240517T084342,1025.55
CTD_PTSH,20240517T084405,1025.70,8.5937,35.3440,-1.043164
CTD_P,20240517T084406,1025.71
CTD_P,20240517T094407,1029.23
CTD_PTSH,20240517T094430,1029.30,8.6856,35.3540,-1.043162
CTD_P,20240517T094431,1029.26
CTD_P,20240517T104432,1022.96
CTD_PTSH,20240517T104455,1023.20,8.6538,35.3550,-1.043105
CTD_P,20240517T104456,1023.21
CTD_P,20240517T114457,1034.26
CTD_PTSH,20240517T114520,1034.40,8.6960,35.3560,-1.043172
CTD_P,20240517T114521,1034.39
CTD_P,20240517T124522,1026.97
CTD_PTSH,20240517T124545,1026.80,8.7440,35.3600,-1.043105
CTD_P,20240517T124546,1026.86
CTD_P,20240517T134547,1026.37
CTD_PTSH,20240517T134610,1026.50,8.6990,35.3550,-1.043170
CTD_P,20240517T134611,1026.42
CTD_P,20240517T144613,1013.44
CTD_PTSH,20240517T144636,1013.40,8.8187,35.3690,-1.043088
CTD_P,20240517T144637,1013.37
CTD_P,20240517T154638,1006.14
CTD_PTSH,20240517T154701,1006.00,8.7923,35.3710,-1.043126
CTD_P,20240517T154702,1006.06
CTD_P,20240517T164703,1010.13
CTD_PTSH,20240517T164726,1010.00,8.7877,35.3660,-1.043088
CTD_P,20240517T164727,1009.99
CTD_P,20240517T174728,1008.20
CTD_PTSH,20240517T174751,1008.20,8.7870,35.3660,-1.043108
CTD_P,20240517T174752,1008.20
CTD_P,20240517T184753,1009.52
CTD_PTSH,20240517T184816,1009.60,8.7749,35.3640,-1.043133
CTD_P,20240517T184817,1009.54
CTD_P,20240517T194818,1005.12
CTD_PTSH,20240517T194841,1005.00,8.7868,35.3660,-1.043060
CTD_P,20240517T194842,1005.07
CTD_P,20240517T204843,1011.44
CTD_PTSH,20240517T204906,1011.50,8.7896,35.3680,-1.043122
CTD_P,20240517T204907,1011.54
CTD_P,20240517T214908,1008.95
CTD_PTSH,20240517T214931,1008.70,8.8224,35.3690,-1.043081
CTD_P,20240517T214932,1008.74
CTD_P,20240517T224933,1007.97
CTD_PTSH,20240517T224956,1008.00,8.7585,35.3650,-1.043101
CTD_P,20240517T224957,1008.00
CTD_P,20240517T234958,1011.43
CTD_PTSH,20240517T235021,1011.40,8.7758,35.3650,-1.043100
CTD_P,20240517T235022,1011.37
CTD_P,20240518T005023,1002.29
CTD_PTSH,20240518T005046,1002.20,8.7510,35.3610,-1.043113
CTD_P,20240518T005047,1002.15
CTD_P,20240518T015048,1003.70
CTD_PTSH,20240518T015111,1003.80,8.6633,35.3560,-1.043108
CTD_P,20240518T015112,1003.77
CTD_P,20240518T025113,1005.03
CTD_PTSH,20240518T025136,1005.00,8.6479,35.3550,-1.043167
CTD_P,20240518T025137,1004.98
CTD_P,20240518T035138,1002.73
CTD_PTSH,20240518T035201,1002.90,8.5944,35.3480,-1.043168
CTD_P,20240518T035202,1002.85
CTD_P,20240518T045203,1006.69
CTD_PTSH,20240518T045226,1006.70,8.6252,35.3480,-1.043137
CTD_P,20240518T045227,1006.73
CTD_P,20240518T055228,1005.35
CTD_PTSH,20240518T055251,1005.40,8.6381,35.3610,-1.043142
CTD_P,20240518T055252,1005.40
CTD_P,20240518T065253,1007.09
CTD_PTSH,20240518T065316,1007.10,8.6362,35.3530,-1.043150
CTD_P,20240518T065317,1007.10
CTD_P,20240518T075318,1009.21
CTD_PTSH,20240518T075341,1009.30,8.6948,35.3580,-1.043124
CTD_P,20240518T075342,1009.26
CTD_P,20240518T085343,1015.01
CTD_PTSH,20240518T085406,1014.90,8.7930,35.3650,-1.043161
CTD_P,20240518T085407,1014.92
CTD_P,20240518T095408,1012.52
CTD_PTSH,20240518T095431,1012.50,8.8060,35.3670,-1.043162
CTD_P,20240518T095432,1012.48
CTD_P,20240518T105433,1013.08
CTD_PTSH,20240518T105456,1013.00,8.8203,35.3700,-1.043173
CTD_P,20240518T105457,1012.98
CTD_P,20240518T115458,1008.80
CTD_PTSH,20240518T115521,1008.80,8.7747,35.3730,-1.043123
CTD_P,20240518T115522,1008.80
CTD_P,20240518T125523,1013.58
CTD_PTSH,20240518T125546,1013.60,8.7795,35.3660,-1.043161
CTD_P,20240518T125547,1013.63
CTD_P,20240518T135548,1015.71
CTD_PTSH,20240518T135611,1015.70,8.8552,35.3730,-1.043139
CTD_P,20240518T135612,1015.72
CTD_P,20240518T145613,1012.11
CTD_PTSH,20240518T145636,1012.10,8.8582,35.3750,-1.043079
CTD_P,20240518T145637,1012.09
CTD_P,20240518T155638,1007.21
CTD_PTSH,20240518T155701,1007.30,8.7461,35.3640,-1.043111
CTD_P,20240518T155702,1007.26
CTD_P,20240518T165703,1013.41
CTD_PTSH,20240518T165726,1013.40,8.7219,35.3590,-1.043187
CTD_P,20240518T165727,1013.41
CTD_P,20240518T175728,1009.04
CTD_PTSH,20240518T175751,1008.90,8.7500,35.3640,-1.043156
CTD_P,20240518T175752,1008.91
CTD_P,20240518T185753,1005.99
CTD_PTSH,20240518T185816,1006.10,8.6854,35.3590,-1.043180
CTD_P,20240518T185817,1006.08
CTD_P,20240518T195818,1011.87
CTD_PTSH,20240518T195841,1011.80,8.7148,35.3580,-1.043227
CTD_P,20240518T195842,1011.82
CTD_P,20240518T205843,1013.20
CTD_PTSH,20240518T205906,1013.20,8.7571,35.3620,-1.043234
CTD_P,20240518T205907,1013.19
CTD_P,20240518T215908,1010.77
CTD_PTSH,20240518T215931,1010.80,8.7421,35.3630,-1.043181
CTD_P,20240518T215932,1010.79
CTD_P,20240518T225933,1011.18
CTD_PTSH,20240518T225956,1011.00,8.7849,35.3690,-1.043172
CTD_P,20240518T225957,1011.00
CTD_P,20240518T235958,1008.57
CTD_PTSH,20240519T000021,1008.50,8.7292,35.3620,-1.043184
CTD_P,20240519T000022,1008.50
CTD_P,20240519T010023,1011.20
CTD_PTSH,20240519T010046,1011.10,8.7029,35.3570,-1.043233
CTD_P,20240519T010047,1011.09
CTD_P,20240519T020048,1008.87
CTD_PTSH,20240519T020111,1008.90,8.7268,35.3610,-1.043183
CTD_P,20240519T020112,1008.86
CTD_P,20240519T030113,1011.63
CTD_PTSH,20240519T030136,1011.60,8.7381,35.3610,-1.043236
CTD_P,20240519T030137,1011.56
CTD_P,20240519T040138,1004.37
CTD_PTSH,20240519T040201,1004.40,8.6594,35.3560,-1.043221
CTD_P,20240519T040202,1004.41
CTD_P,20240519T050203,1009.43
CTD_PTSH,20240519T050226,1009.50,8.6333,35.3500,-1.043236
CTD_P,20240519T050227,1009.49
CTD_P,20240519T060228,1008.08
CTD_PTSH,20240519T060251,1008.10,8.6197,35.3500,-1.043263
CTD_P,20240519T060252,1008.11
CTD_P,20240519T070253,1010.95
CTD_PTSH,20240519T070316,1010.90,8.6548,35.3510,-1.043287
CTD_P,20240519T070317,1010.89
CTD_P,20240519T080318,1020.94
CTD_PTSH,20240519T080341,1021.10,8.6640,35.3530,-1.043262
CTD_P,20240519T080342,1021.13
CTD_P,20240519T090343,1012.65
CTD_PTSH,20240519T090406,1012.60,8.7607,35.3580,-1.043304
CTD_P,20240519T090407,1012.52
CTD_P,20240519T100408,1014.36
CTD_PTSH,20240519T100431,1014.50,8.7329,35.3600,-1.043256
CTD_P,20240519T100432,1014.52
CTD_P,20240519T110433,1018.10
CTD_PTSH,20240519T110456,1017.80,8.8669,35.3740,-1.043256
CTD_P,20240519T110457,1017.84
CTD_P,20240519T120458,1012.62
CTD_PTSH,20240519T120521,1012.80,8.7800,35.3670,-1.043234
CTD_P,20240519T120522,1012.82
CTD_P,20240519T130523,1017.19
CTD_PTSH,20240519T130546,1017.30,8.7814,35.3660,-1.043261
CTD_P,20240519T130547,1017.25
CTD_P,20240519T140548,1012.70
CTD_PTSH,20240519T140611,1012.70,8.7743,35.3630,-1.043213
CTD_P,20240519T140612,1012.67
CTD_P,20240519T150613,1015.97
CTD_PTSH,20240519T150636,1016.00,8.7851,35.3660,-1.043290
CTD_P,20240519T150637,1015.96
CTD_P,20240519T160638,1009.70
CTD_PTSH,20240519T160701,1009.60,8.7962,35.3690,-1.043224
CTD_P,20240519T160702,1009.58
CTD_P,20240519T170703,1008.82
CTD_PTSH,20240519T170726,1008.70,8.7455,35.3610,-1.043230
CTD_P,20240519T170727,1008.74
CTD_P,20240519T180728,1017.12
CTD_PTSH,20240519T180751,1017.20,8.7730,35.3650,-1.043297
CTD_P,20240519T180752,1017.12
CTD_P,20240519T190753,1013.95
CTD_PTSH,20240519T190816,1013.80,8.7735,35.3630,-1.043285
CTD_P,20240519T190817,1013.82
CTD_P,20240519T200818,1011.73
CTD_PTSH,20240519T200841,1011.70,8.7057,35.3580,-1.043222
CTD_P,20240519T200842,1011.64
CTD_P,20240519T210843,1006.65
CTD_PTSH,20240519T210906,1006.60,8.6417,35.3560,-1.043259
CTD_P,20240519T210907,1006.57
CTD_P,20240519T220908,1010.53
CTD_PTSH,20240519T220931,1010.70,8.6467,35.3560,-1.043273
CTD_P,20240519T220932,1010.72
CTD_P,20240519T230933,1011.34
CTD_PTSH,20240519T230956,1011.40,8.5845,35.3490,-1.043289
CTD_P,20240519T230957,1011.43
CTD_P,20240519T234147,1011.20
CTD_PTSH,20240519T234210,1011.30,8.5850,35.3510,-1.043287
CTD_P,20240519T234211,1011.29
Message,20240519T234213,Deep Descent Mission
CTD_P,20240519T234216,1011.35
CTD_P,20240519T234319,1013.09
CTD_P,20240519T234421,1018.49
CTD_P,20240519T234523,1026.02
CTD_P,20240519T234626,1034.99
CTD_P,20240519T234724,1044.24
CTD_P,20240519T234725,1044.46
CTD_P,20240519T234827,1055.08
CTD_P,20240519T235330,1105.53
CTD_P,20240519T235833,1154.27
CTD_P,20240520T000336,1200.88
CTD_P,20240520T000839,1245.11
CTD_P,20240520T001342,1289.08
CTD_P,20240520T001845,1333.00
CTD_P,20240520T002348,1377.72
CTD_P,20240520T002851,1424.26
CTD_P,20240520T003354,1471.97
CTD_P,20240520T003857,1519.36
CTD_P,20240520T004400,1565.26
CTD_P,20240520T004903,1608.06
CTD_P,20240520T005406,1648.70
CTD_P,20240520T005909,1687.93
CTD_P,20240520T010412,1726.56
CTD_P,20240520T010915,1765.05
CTD_P,20240520T011418,1802.63
CTD_P,20240520T011921,1839.86
CTD_P,20240520T012424,1876.79
CTD_P,20240520T012927,1913.46
CTD_P,20240520T013430,1949.59
CTD_P,20240520T013933,1985.25
CTD_P,20240520T014159,2002.12
Message,20240520T014202,ASCENT
CTD_P,20240520T014205,2002.80
CTD_P,20240520T014243,2006.95
CTD_P,20240520T014406,2014.13
CTD_P,20240520T014407,2014.23
CTD_P,20240520T014508,2017.77
CTD_P,20240520T014551,2019.74
CTD_P,20240520T014652,2020.66
CTD_P,20240520T014736,2020.08
CTD_P,20240520T014837,2016.98
CTD_P,20240520T014923,2014.02
CTD_P,20240520T015024,2008.90
CTD_P,20240520T015212,1999.93
CTD_P,20240520T015214,1999.84
Message,20240520T015216,CP Started
CTD_P,20240520T015251,1996.67
CTD_PTS,20240520T015253,1996.48,3.2952,34.8486
O2,20240520T015341,104.98880,25.16385,3.28566,48.09855,49.46455,57.38942,7.92487,1026.98901,865.21283,746.87878
FLBB,20240520T015345,56,112,567
CTD_P,20240520T015347,1992.06
CTD_P,20240520T015527,1983.86
NO3,20240520T015536,43.17
CTD_P,20240520T015541,1982.70
CTD_P,20240520T020043,1958.14
CTD_P,20240520T020545,1933.98
CTD_P,20240520T021047,1910.51
CTD_P,20240520T021305,1900.08
CTD_P,20240520T021309,1899.75
CTD_PTS,20240520T021311,1899.62,3.6143,34.8753
O2,20240520T021359,95.67126,23.13229,3.61541,48.81485,50.18085,58.16367,7.98281,1040.43799,863.73688,737.26251
FLBB,20240520T021402,57,114,567
CTD_P,20240520T021404,1895.66
CTD_P,20240520T021549,1887.93
CTD_P,20240520T022050,1866.27
CTD_P,20240520T022135,1862.93
CTD_P,20240520T022236,1857.31
CTD_P,20240520T022738,1829.78
CTD_P,20240520T023240,1803.00
CTD_P,20240520T023316,1799.95
CTD_PTS,20240520T023318,1799.78,3.9799,34.9087
O2,20240520T023406,84.37200,20.60108,3.98674,49.76508,51.13108,59.11937,7.98829,1058.21106,861.54370,726.38843
FLBB,20240520T023410,57,116,566
CTD_P,20240520T023412,1795.13
CTD_P,20240520T023742,1777.50
CTD_P,20240520T024244,1753.22
CTD_P,20240520T024746,1730.67
CTD_P,20240520T025248,1709.46
CTD_P,20240520T025504,1700.36
CTD_P,20240520T025512,1699.82
CTD_PTS,20240520T025514,1699.68,4.4912,34.9543
O2,20240520T025603,69.62366,17.22255,4.48368,51.12947,52.49547,60.48695,7.99149,1082.32495,858.07690,711.76160
FLBB,20240520T025606,57,126,566
CTD_P,20240520T025608,1696.14
CTD_P,20240520T025752,1689.49
CTD_P,20240520T025834,1686.50
CTD_P,20240520T025936,1681.27
CTD_P,20240520T030438,1655.54
CTD_P,20240520T030940,1630.27
CTD_P,20240520T031442,1605.25
CTD_P,20240520T031548,1599.80
CTD_PTS,20240520T031550,1599.66,5.0611,35.0021
O2,20240520T031638,57.88739,14.53419,5.05815,52.27507,53.64107,61.63443,7.99336,1101.37097,854.00500,694.74768
FLBB,20240520T031641,55,119,565
CTD_P,20240520T031642,1595.23
CTD_P,20240520T031946,1580.04
CTD_P,20240520T032448,1555.27
CTD_P,20240520T032949,1531.23
CTD_P,20240520T033451,1508.34
CTD_P,20240520T033643,1500.07
CTD_P,20240520T033647,1499.81
CTD_PTS,20240520T033649,1499.67,5.5897,35.0515
O2,20240520T033738,46.82432,11.91750,5.58830,53.48147,54.84747,62.84308,7.99560,1120.69202,850.11768,678.94818
FLBB,20240520T033741,57,120,564
CTD_P,20240520T033743,1495.83
CTD_P,20240520T033954,1486.69
CTD_P,20240520T034034,1483.71
CTD_P,20240520T034136,1478.24
CTD_P,20240520T034638,1451.71
CTD_P,20240520T035140,1426.24
CTD_P,20240520T035642,1402.12
CTD_P,20240520T035711,1399.88
CTD_PTS,20240520T035713,1399.71,6.2315,35.1119
O2,20240520T035802,34.71020,8.97932,6.22982,54.94452,56.31052,64.30641,7.99589,1142.89099,845.38458,659.70612
FLBB,20240520T035805,56,115,563
CTD_P,20240520T035806,1395.67
CTD_P,20240520T040144,1379.12
CTD_P,20240520T040646,1357.24
CTD_P,20240520T040728,1354.04
CTD_P,20240520T040830,1348.41
CTD_P,20240520T041332,1321.61
CTD_P,20240520T041738,1300.74
CTD_P,20240520T041749,1299.82
CTD_PTS,20240520T041751,1299.67,6.7317,35.1574
O2,20240520T041840,28.32749,7.41968,6.72391,55.75760,57.12360,65.12067,7.99706,1154.54504,841.73779,644.79529
FLBB,20240520T041843,57,115,562
CTD_P,20240520T041845,1295.20
CTD_P,20240520T042347,1270.57
CTD_P,20240520T042849,1245.83
CTD_P,20240520T043351,1220.31
CTD_P,20240520T043753,1200.03
CTD_P,20240520T043757,1199.69
CTD_PTS,20240520T043759,1199.52,7.3209,35.2122
O2,20240520T043848,21.03855,5.59220,7.31535,56.76631,58.13231,66.13014,7.99783,1168.57800,837.39148,626.84521
FLBB,20240520T043851,57,118,561
CTD_P,20240520T043853,1195.09
CTD_P,20240520T044355,1171.09
CTD_P,20240520T044857,1149.88
CTD_P,20240520T045359,1131.73
CTD_P,20240520T045441,1129.10
CTD_P,20240520T045543,1124.28
CTD_P,20240520T045625,1120.76
CTD_P,20240520T045727,1114.81
CTD_P,20240520T050004,1100.11
CTD_P,20240520T050008,1099.74
CTD_PTS,20240520T050010,1099.57,7.9849,35.2804
O2,20240520T050059,13.90935,3.76118,8.01297,57.83487,59.20087,67.20569,8.00482,1182.74097,832.18213,605.53442
FLBB,20240520T050102,57,125,560
CTD_P,20240520T050103,1094.74
CTD_P,20240520T050229,1086.92
CTD_P,20240520T050731,1059.61
CTD_P,20240520T051233,1032.00
CTD_P,20240520T051735,1003.87
CTD_P,20240520T051819,999.77
CTD_PTS,20240520T051821,999.61,8.7802,35.3641
O2,20240520T051910,7.42848,2.04789,8.80914,58.89327,60.25927,68.27155,8.01228,1195.98303,825.87762,581.03668
FLBB,20240520T051913,56,119,559
CTD_P,20240520T051914,994.65
CTD_P,20240520T052237,975.55
CTD_P,20240520T052711,950.28
CTD_P,20240520T052715,949.94
CTD_PTS,20240520T052717,949.74,9.0955,35.3965
O2,20240520T052721,5.73430,1.59154,9.08991,59.18276,60.54876,68.56084,8.01208,1199.54700,823.74768,572.35388
FLBB,20240520T052724,56,114,559
CTD_P,20240520T052725,949.01
CTD_P,20240520T052739,947.75
CTD_P,20240520T053241,921.66
CTD_P,20240520T053653,902.11
CTD_P,20240520T053723,899.93
CTD_PTS,20240520T053725,899.77,9.4061,35.4209
O2,20240520T053729,4.87092,1.36201,9.40144,59.31739,60.68339,68.69778,8.01440,1200.74695,821.34131,562.69452
FLBB,20240520T053732,57,116,558
CTD_P,20240520T053733,899.21
CTD_P,20240520T053743,898.50
CTD_P,20240520T054245,877.32
CTD_P,20240520T054747,857.87
CTD_P,20240520T054829,854.96
CTD_P,20240520T054931,849.78
CTD_PTS,20240520T054933,849.60,9.8262,35.4661
O2,20240520T054936,3.73488,1.05471,9.81714,59.50139,60.86739,68.88507,8.01768,1202.33301,818.21088,549.76343
FLBB,20240520T054940,57,111,557
CTD_P,20240520T054941,848.94
CTD_P,20240520T055443,822.95
CTD_P,20240520T055912,800.64
CTD_P,20240520T055922,799.83
CTD_PTS,20240520T055924,799.64,10.2247,35.4994
O2,20240520T055927,3.09235,0.88159,10.21967,59.59444,60.96044,68.98158,8.02114,1202.54895,814.95477,537.19812
FLBB,20240520T055931,57,109,557
CTD_P,20240520T055932,799.00
CTD_P,20240520T055945,798.00
CTD_P,20240520T060447,775.08
CTD_P,20240520T060949,753.16
CTD_P,20240520T061035,749.83
CTD_PTS,20240520T061037,749.68,10.7438,35.5505
O2,20240520T061040,2.55411,0.73702,10.73799,59.66032,61.02632,69.05492,8.02859,1201.92700,810.85883,520.95721
FLBB,20240520T061044,57,108,556
CTD_P,20240520T061045,749.12
CTD_P,20240520T061451,731.29
CTD_P,20240520T061533,727.93
CTD_P,20240520T061636,721.94
CTD_P,20240520T062030,698.69
CTD_PTS,20240520T062032,698.51,11.0575,35.5801
O2,20240520T062035,2.46588,0.71682,11.05476,59.65191,61.01791,69.05280,8.03489,1201.12195,808.25427,510.99850
FLBB,20240520T062039,58,108,556
CTD_P,20240520T062040,697.69
CTD_P,20240520T062138,691.94
CTD_P,20240520T062640,663.99
CTD_P,20240520T062914,650.82
CTD_P,20240520T062926,649.82
CTD_PTS,20240520T062928,649.67,11.4104,35.6099
O2,20240520T062931,2.42043,0.70942,11.41130,59.63136,60.99736,69.03818,8.04082,1199.98499,805.37860,499.76071
FLBB,20240520T062935,58,108,555
CTD_P,20240520T062936,648.99
CTD_P,20240520T063142,639.11
CTD_P,20240520T063644,619.19
CTD_P,20240520T064138,603.46
CTD_P,20240520T064146,603.05
CTD_P,20240520T064226,600.68
CTD_P,20240520T064240,599.68
CTD_PTS,20240520T064242,599.53,11.7284,35.6055
O2,20240520T064245,2.40359,0.70963,11.72832,59.60815,60.97415,69.01732,8.04317,1198.96997,802.72882,489.74341
FLBB,20240520T064249,57,110,554
CTD_P,20240520T064250,598.92
CTD_P,20240520T064328,596.10
CTD_P,20240520T064408,592.84
CTD_P,20240520T064510,586.95
CTD_P,20240520T065012,556.35
CTD_P,20240520T065118,549.53
CTD_PTS,20240520T065120,549.29,12.1304,35.6233
O2,20240520T065123,2.34733,0.69930,12.12427,59.58696,60.95296,69.00139,8.04843,1197.74304,799.86981,477.20041
FLBB,20240520T065127,55,113,554
CTD_P,20240520T065128,548.47
CTD_P,20240520T065514,524.90
CTD_P,20240520T065916,499.86
CTD_PTS,20240520T065918,499.65,12.2373,35.5867
O2,20240520T065921,2.31409,0.69127,12.24390,59.58419,60.95020,69.00186,8.05167,1197.72205,798.56970,473.40390
FLBB,20240520T065925,56,115,553
CTD_P,20240520T065926,498.81
CTD_P,20240520T070016,493.68
CTD_P,20240520T070518,463.51
CTD_P,20240520T070736,451.10
CTD_P,20240520T070752,449.75
CTD_PTS,20240520T070754,449.56,12.5312,35.5765
O2,20240520T070757,2.21349,0.66563,12.53801,59.58187,60.94787,69.00284,8.05497,1197.08398,796.23621,464.05731
FLBB,20240520T070801,58,115,553
CTD_P,20240520T070802,448.89
CTD_P,20240520T071020,437.42
CTD_P,20240520T071522,412.22
CTD_P,20240520T071752,398.90
CTD_PTS,20240520T071754,398.75,12.9923,35.6055
O2,20240520T071757,2.14099,0.65027,12.98072,59.56130,60.92730,68.98798,8.06068,1195.82495,793.19263,449.95490
FLBB,20240520T071801,56,121,552
CTD_P,20240520T071802,398.03
CTD_P,20240520T072025,385.38
CTD_P,20240520T072528,361.69
CTD_P,20240520T072801,352.08
CTD_P,20240520T072838,349.97
CTD_PTS,20240520T072840,349.83,13.3628,35.5813
O2,20240520T072843,2.07443,0.63546,13.36383,59.54473,60.91073,68.97443,8.06370,1194.51501,789.67383,437.71991
FLBB,20240520T072847,56,127,552
CTD_P,20240520T072848,349.38
CTD_P,20240520T073031,343.46
CTD_P,20240520T073534,326.12
CTD_P,20240520T073614,323.64
CTD_P,20240520T073717,318.47
CTD_P,20240520T074106,298.96
CTD_PTS,20240520T074108,298.78,14.0156,35.6088
O2,20240520T074111,1.99865,0.62104,14.00835,59.50915,60.87515,68.94684,8.07169,1192.13196,784.58807,417.07529
FLBB,20240520T074114,57,138,551
CTD_P,20240520T074116,298.08
CTD_P,20240520T074220,292.65
CTD_P,20240520T074723,270.51
CTD_P,20240520T075207,256.77
CTD_P,20240520T075226,255.98
CTD_P,20240520T075433,251.11
CTD_P,20240520T075505,250.07
CTD_P,20240520T075509,249.95
CTD_PTS,20240520T075511,249.89,15.5109,35.6664
O2,20240520T075514,1.91018,0.61298,15.49129,59.40852,60.77452,68.87462,8.10010,1184.81201,770.78131,369.31921
FLBB,20240520T075518,55,158,549
CTD_P,20240520T075519,249.63
CTD_P,20240520T075729,245.97
CTD_P,20240520T075810,244.64
CTD_P,20240520T075913,241.11
CTD_P,20240520T075954,238.43
CTD_P,20240520T080057,233.36
CTD_P,20240520T080600,209.96
CTD_P,20240520T080812,201.89
CTD_P,20240520T080846,199.92
CTD_PTS,20240520T080848,199.81,18.2399,35.8625
O2,20240520T080851,1.74015,0.59145,18.23230,59.22821,60.59421,68.72917,8.13496,1169.90002,745.27832,280.37219
FLBB,20240520T080854,54,136,546
CTD_P,20240520T080856,199.32
CTD_P,20240520T081103,193.08
CTD_P,20240520T081606,185.08
CTD_P,20240520T081644,184.21
CTD_P,20240520T081747,181.17
CTD_P,20240520T081826,178.96
CTD_P,20240520T081929,174.62
CTD_P,20240520T082010,171.78
CTD_P,20240520T082113,166.94
CTD_P,20240520T082153,163.79
CTD_P,20240520T082256,158.42
CTD_P,20240520T082438,150.68
CTD_P,20240520T082450,149.90
CTD_PTS,20240520T082452,149.77,21.6421,35.8645
O2,20240520T082455,23.68833,8.61048,21.59692,53.10643,54.47243,62.63162,8.15919,1068.17700,714.26593,170.76660
FLBB,20240520T082458,56,112,542
CTD_P,20240520T082500,149.25
CTD_P,20240520T082759,138.30
CTD_P,20240520T083302,121.41
CTD_P,20240520T083805,106.86
CTD_P,20240520T083844,105.32
CTD_P,20240520T083947,102.00
CTD_P,20240520T084026,99.66
CTD_P,20240520T084030,99.38
CTD_PTS,20240520T084032,99.24,25.3520,36.3315
O2,20240520T084121,177.62109,69.59767,25.57666,32.01054,33.37654,41.56235,8.18581,629.53717,672.56427,42.02681
FLBB,20240520T084124,80,145,535
CTD_P,20240520T084126,95.38
CTD_P,20240520T084205,92.39
CTD_P,20240520T084240,89.40
CTD_PTS,20240520T084242,89.20,25.9185,36.3303
O2,20240520T084331,192.32120,75.92399,25.98652,30.90790,32.27390,40.46423,8.19034,601.84833,667.17169,28.89208
FLBB,20240520T084334,112,174,534
CTD_P,20240520T084335,84.70
CTD_P,20240520T084434,79.94
CTD_PTS,20240520T084436,79.79,26.1505,36.2418
O2,20240520T084525,206.62151,82.17360,26.39280,29.91548,31.28148,39.47224,8.19077,577.58978,664.56848,15.90252
FLBB,20240520T084528,147,169,533
CTD_P,20240520T084530,75.93
CTD_P,20240520T084636,71.38
NO3,20240520T084646,-1.11
CTD_P,20240520T084650,70.44
CTD_P,20240520T084659,69.84
CTD_PTS,20240520T084701,69.72,27.2263,36.3910
O2,20240520T084750,241.52071,97.84609,27.42124,27.77397,29.13997,37.33236,8.19239,523.77942,655.70453,-16.83358
FLBB,20240520T084753,142,169,532
CTD_P,20240520T084755,66.37
CTD_P,20240520T084838,63.57
CTD_P,20240520T084938,60.25
CTD_P,20240520T084946,59.86
CTD_PTS,20240520T084948,59.77,27.9914,36.4563
O2,20240520T085037,255.21790,104.48870,28.01276,26.96558,28.33158,36.52604,8.19446,503.35120,648.72913,-35.55966
FLBB,20240520T085040,111,156,531
CTD_P,20240520T085042,57.57
CTD_P,20240520T085236,54.23
CTD_P,20240520T085341,53.45
CTD_P,20240520T085832,52.60
CTD_P,20240520T085844,52.63
CTD_P,20240520T085918,52.38
CTD_P,20240520T085924,52.22
CTD_P,20240520T085950,51.24
CTD_P,20240520T090009,50.25
CTD_P,20240520T090013,50.09
CTD_P,20240520T090017,49.88
CTD_PTS,20240520T090019,49.78,28.8730,36.4454
O2,20240520T090108,260.31491,108.44610,29.00137,26.41398,27.77998,35.97194,8.19196,488.71201,639.31012,-66.67500
FLBB,20240520T090111,65,153,528
CTD_P,20240520T090112,47.09
CTD_P,20240520T090114,47.01
CTD_PTS,20240520T090116,46.91,29.1260,36.4274
O2,20240520T090118,260.10931,108.50970,29.08010,26.39547,27.76147,35.94332,8.18185,488.26230,635.05261,-69.14234
FLBB,20240520T090122,65,162,528
CTD_P,20240520T090124,46.53
CTD_P,20240520T090126,46.43
CTD_PTS,20240520T090128,46.35,29.1899,36.4341
O2,20240520T090130,259.95230,108.57270,29.14795,26.37873,27.74473,35.92282,8.17809,487.82129,634.60040,-71.26783
FLBB,20240520T090134,66,154,528
CTD_P,20240520T090136,45.95
CTD_P,20240520T090138,45.87
CTD_PTS,20240520T090140,45.78,29.2316,36.4353
O2,20240520T090142,259.53119,108.48600,29.19510,26.37971,27.74571,35.93416,8.18845,487.47800,637.89917,-72.74393
FLBB,20240520T090146,63,154,527
CTD_P,20240520T090148,45.36
CTD_P,20240520T090152,45.12
CTD_P,20240520T090156,44.91
CTD_PTS,20240520T090158,44.80,29.2849,36.4363
O2,20240520T090201,259.48721,108.58810,29.25880,26.35988,27.72588,35.91563,8.18976,486.95090,637.56549,-74.73753
FLBB,20240520T090204,64,153,528
CTD_P,20240520T090206,44.33
CTD_P,20240520T090215,43.80
CTD_PTS,20240520T090217,43.68,29.3613,36.4482
O2,20240520T090220,259.28839,108.68030,29.35150,26.33651,27.70251,35.89349,8.19098,486.26111,637.00818,-77.63673
FLBB,20240520T090223,64,155,528
CTD_P,20240520T090225,43.18
CTD_P,20240520T090229,42.94
CTD_PTS,20240520T090231,42.82,29.4649,36.4484
O2,20240520T090234,258.83160,108.62370,29.42289,26.33082,27.69682,35.88548,8.18866,485.97299,636.40631,-79.86794
FLBB,20240520T090237,64,155,528
CTD_P,20240520T090239,42.34
CTD_P,20240520T090249,41.77
CTD_PTS,20240520T090251,41.62,29.5134,36.4512
O2,20240520T090254,257.51321,108.19550,29.48945,26.36177,27.72777,35.91785,8.19008,486.65030,635.73438,-81.94720
FLBB,20240520T090257,63,158,527
CTD_P,20240520T090259,41.13
CTD_P,20240520T090304,40.84
CTD_PTS,20240520T090306,40.74,29.5779,36.4568
O2,20240520T090308,256.34509,107.81360,29.54764,26.38972,27.75572,35.94449,8.18877,487.18439,635.15228,-83.76379
FLBB,20240520T090312,62,155,527
CTD_P,20240520T090314,40.23
CTD_P,20240520T090320,39.84
CTD_PTS,20240520T090322,39.73,29.6181,36.4599
O2,20240520T090324,255.41600,107.50830,29.59345,26.41231,27.77831,35.96721,8.18890,487.64679,634.71368,-85.19327
FLBB,20240520T090328,61,159,527
CTD_P,20240520T090330,39.20
CTD_P,20240520T090336,38.73
CTD_PTS,20240520T090338,38.61,29.6501,36.4529
O2,20240520T090341,254.44031,107.17520,29.63515,26.43836,27.80436,35.99428,8.18992,488.28979,634.24762,-86.49411
FLBB,20240520T090344,61,162,527
CTD_P,20240520T090346,38.03
CTD_P,20240520T090350,37.70
CTD_P,20240520T090354,37.41
CTD_PTS,20240520T090356,37.23,29.6918,36.4419
O2,20240520T090359,252.98309,106.64250,29.67907,26.48383,27.84983,36.03920,8.18937,489.29321,633.80420,-87.86370
FLBB,20240520T090402,61,163,527
CTD_P,20240520T090404,36.63
CTD_P,20240520T090408,36.32
CTD_PTS,20240520T090410,36.16,29.7193,36.4323
O2,20240520T090413,252.31779,106.41310,29.70672,26.50216,27.86816,36.04917,8.18102,489.79990,629.51398,-88.72562
FLBB,20240520T090416,62,155,527
CTD_P,20240520T090418,35.54
CTD_P,20240520T090422,35.25
CTD_PTS,20240520T090424,35.10,29.7327,36.4297
O2,20240520T090427,251.68640,106.19370,29.73225,26.51987,27.88587,36.06317,8.17730,490.10931,629.06622,-89.52135
FLBB,20240520T090430,73,230,527
CTD_P,20240520T090432,34.48
CTD_P,20240520T090436,34.17
CTD_PTS,20240520T090438,34.00,29.7572,36.4224
O2,20240520T090441,251.14101,105.99450,29.74913,26.53699,27.90299,36.09122,8.18822,490.34949,632.59692,-90.04722
FLBB,20240520T090444,60,216,527
CTD_P,20240520T090446,33.40
CTD_P,20240520T090448,33.24
CTD_PTS,20240520T090450,33.11,29.7683,36.4173
O2,20240520T090452,250.85651,105.89870,29.76233,26.54445,27.91045,36.09808,8.18762,490.47940,632.50928,-90.45870
FLBB,20240520T090455,60,156,527
CTD_P,20240520T090457,32.55
CTD_P,20240520T090500,32.35
CTD_PTS,20240520T090502,32.18,29.7778,36.4190
O2,20240520T090504,250.71820,105.86530,29.77593,26.54565,27.91165,36.08952,8.17787,490.64630,628.55353,-90.88239
FLBB,20240520T090508,59,182,526
CTD_P,20240520T090510,31.52
CTD_P,20240520T090512,31.33
CTD_PTS,20240520T090514,31.19,29.7555,36.3848
O2,20240520T090516,250.42500,105.72220,29.76544,26.56154,27.92754,36.11429,8.18674,490.83591,632.05640,-90.55538
FLBB,20240520T090520,57,155,526
CTD_P,20240520T090522,30.51
CTD_P,20240520T090524,30.33
CTD_PTS,20240520T090526,30.12,29.8169,36.3806
O2,20240520T090529,250.17050,105.72900,29.82786,26.55109,27.91709,36.10426,8.18717,490.48831,632.16827,-92.49952
FLBB,20240520T090532,57,158,526
CTD_P,20240520T090534,29.41
CTD_P,20240520T090536,29.22
CTD_P,20240520T090540,28.86
CTD_PTS,20240520T090542,28.66,30.0677,36.4311
O2,20240520T090545,248.22830,105.29200,30.03922,26.56165,27.92765,36.11562,8.18797,490.73099,631.90448,-99.07484
FLBB,20240520T090548,60,155,526
CTD_P,20240520T090550,27.95
CTD_P,20240520T090554,27.59
CTD_PTS,20240520T090556,27.42,30.5014,36.5192
O2,20240520T090559,243.63370,103.98570,30.39930,26.63709,28.00309,36.18995,8.18686,492.35440,630.74402,-110.24850
FLBB,20240520T090602,57,148,526
CTD_P,20240520T090604,26.73
CTD_P,20240520T090608,26.39
CTD_PTS,20240520T090610,26.22,30.5416,36.5359
O2,20240520T090613,241.43430,103.18560,30.47760,26.70653,28.07253,36.25845,8.18592,493.85550,629.15521,-112.67350
FLBB,20240520T090616,56,166,526
CTD_P,20240520T090618,25.57
CTD_P,20240520T090622,25.25
CTD_PTS,20240520T090624,25.07,30.5451,36.5401
O2,20240520T090627,240.46880,102.84140,30.51640,26.73584,28.10184,36.28860,8.18677,494.44919,628.08978,-113.87450
FLBB,20240520T090630,55,143,526
CTD_P,20240520T090632,24.39
CTD_P,20240520T090636,24.10
CTD_PTS,20240520T090638,23.92,30.5518,36.5400
O2,20240520T090641,239.89931,102.63890,30.53974,26.75307,28.11907,36.30678,8.18771,494.68451,627.36627,-114.59690
FLBB,20240520T090644,56,144,526
CTD_P,20240520T090646,23.26
CTD_P,20240520T090650,22.91
CTD_PTS,20240520T090652,22.74,30.5536,36.5406
O2,20240520T090655,239.68050,102.56700,30.55206,26.75857,28.12457,36.31248,8.18791,494.68491,626.90527,-114.97800
FLBB,20240520T090658,55,147,526
CTD_P,20240520T090700,22.09
CTD_P,20240520T090704,21.74
CTD_PTS,20240520T090706,21.57,30.5554,36.5421
O2,20240520T090709,239.54900,102.52620,30.56090,26.76140,28.12740,36.31481,8.18741,494.70490,626.51038,-115.25160
FLBB,20240520T090712,56,147,525
CTD_P,20240520T090714,20.87
CTD_P,20240520T090718,20.54
CTD_PTS,20240520T090720,20.38,30.5552,36.5434
O2,20240520T090723,239.43660,102.48710,30.56601,26.76465,28.13065,36.31815,8.18750,494.70541,626.25763,-115.40950
FLBB,20240520T090726,55,195,525
CTD_P,20240520T090728,19.66
CTD_P,20240520T090732,19.33
CTD_PTS,20240520T090734,19.14,30.5666,36.5446
O2,20240520T090737,239.34090,102.46780,30.57837,26.76471,28.13071,36.31829,8.18758,494.67389,626.05829,-115.79200
FLBB,20240520T090740,55,150,525
CTD_P,20240520T090742,18.44
CTD_P,20240520T090746,18.09
CTD_PTS,20240520T090748,17.92,30.5795,36.5453
O2,20240520T090751,239.32430,102.48330,30.59120,26.76110,28.12710,36.31520,8.18810,494.63400,625.87653,-116.18890
FLBB,20240520T090754,56,152,525
CTD_P,20240520T090756,17.24
CTD_P,20240520T090800,16.89
CTD_PTS,20240520T090802,16.74,30.5867,36.5464
O2,20240520T090805,239.13620,102.42070,30.60145,26.76597,28.13197,36.32047,8.18849,494.64709,625.72357,-116.50570
FLBB,20240520T090808,54,141,525
CTD_P,20240520T090810,15.99
CTD_P,20240520T090814,15.66
CTD_PTS,20240520T090816,15.48,30.5904,36.5465
O2,20240520T090819,239.18570,102.45200,30.60723,26.76182,28.12782,36.31577,8.18795,494.56430,625.56488,-116.68460
FLBB,20240520T090822,53,147,525
CTD_P,20240520T090824,14.77
CTD_P,20240520T090828,14.41
CTD_PTS,20240520T090830,14.25,30.5939,36.5467
O2,20240520T090833,239.10001,102.42630,30.61347,26.76351,28.12951,36.31598,8.18647,494.48318,625.45837,-116.87760
FLBB,20240520T090836,55,144,525
CTD_P,20240520T090838,13.54
CTD_P,20240520T090842,13.19
CTD_PTS,20240520T090844,13.04,30.6127,36.5470
O2,20240520T090847,238.99870,102.41080,30.62938,26.76262,28.12862,36.31644,8.18782,494.46591,625.31689,-117.36930
FLBB,20240520T090850,54,143,525
CTD_P,20240520T090852,12.29
CTD_P,20240520T090856,11.96
CTD_PTS,20240520T090858,11.79,30.6235,36.5475
O2,20240520T090901,238.93130,102.40600,30.64310,26.76098,28.12698,36.31456,8.18758,494.45941,625.16052,-117.79360
FLBB,20240520T090904,53,146,525
CTD_P,20240520T090906,11.10
CTD_P,20240520T090910,10.77
CTD_PTS,20240520T090912,10.61,30.6391,36.5463
O2,20240520T090915,238.94380,102.43970,30.65928,26.75495,28.12095,36.30759,8.18665,494.20340,625.07111,-118.29380
FLBB,20240520T090918,52,172,525
CTD_P,20240520T090920,9.92
CTD_P,20240520T090924,9.58
CTD_PTS,20240520T090926,9.43,30.6593,36.5443
O2,20240520T090929,238.85989,102.43660,30.67801,26.75235,28.11835,36.30492,8.18657,494.15900,624.96527,-118.87240
FLBB,20240520T090932,53,143,525
CTD_P,20240520T090934,8.74
CTD_P,20240520T090938,8.39
CTD_PTS,20240520T090940,8.25,30.6855,36.5466
O2,20240520T090943,238.74820,102.42440,30.69840,26.75042,28.11642,36.30259,8.18617,494.03870,624.74530,-119.50270
FLBB,20240520T090946,52,143,524
CTD_P,20240520T090948,7.56
CTD_P,20240520T090952,7.20
CTD_PTS,20240520T090954,7.05,30.7067,36.5456
O2,20240520T090957,238.69810,102.44840,30.72434,26.74388,28.10988,36.29492,8.18504,493.86691,624.60840,-120.30420
FLBB,20240520T091000,52,142,525
CTD_P,20240520T091002,6.34
CTD_P,20240520T091006,6.01
CTD_PTS,20240520T091008,5.89,30.7031,36.5473
O2,20240520T091011,238.81030,102.49480,30.72334,26.73924,28.10524,36.29126,8.18602,493.71561,624.45691,-120.27310
FLBB,20240520T091014,52,146,524
CTD_P,20240520T091016,5.19
CTD_P,20240520T091020,4.85
CTD_P,20240520T091033,3.85
Message,20240520T091037,CP Stopped
CTD_P,20240520T091047,2.83
Message,20240520T091049,Surface Mission
CTD_P,20240520T091052,2.43
CTD_P,20240520T091054,2.34
O2,20240520T091057,239.00230,102.62470,30.75042,26.72159,28.08759,36.27469,8.18710,493.23471,624.27283,-121.10940
CTD_P,20240520T091058,2.07
O2,20240520T091112,239.00571,102.63290,30.75427,26.72014,28.08614,36.27256,8.18642,493.18851,624.10150,-121.22840
CTD_P,20240520T091113,0.95
O2,20240520T091128,239.24550,102.70540,30.73692,26.71538,28.08138,36.26567,8.18430,492.98010,624.01440,-120.69260
CTD_P,20240520T091129,0.02
O2,20240520T091142,237.67641,102.03070,30.73627,26.78534,28.15134,36.32935,8.17801,494.83389,624.03381,-120.67260
CTD_P,20240520T091143,-0.09
O2,20240520T091157,237.89690,102.16110,30.75675,26.76858,28.13457,36.31584,8.18127,494.29651,624.03912,-121.30520
CTD_P,20240520T091159,-0.01
O2,20240520T091212,236.58110,101.58800,30.75206,26.82904,28.19504,36.37654,8.18150,495.72089,623.98071,-121.16030
CTD_P,20240520T091213,-0.04
O2,20240520T091227,237.94450,102.18480,30.75857,26.76584,28.13184,36.31220,8.18036,494.30121,623.96112,-121.36110
CTD_P,20240520T091229,-0.04
O2,20240520T091242,238.43080,102.40210,30.76342,26.74257,28.10857,36.28887,8.18030,493.65729,624.00598,-121.51110
CTD_P,20240520T091243,0.05
O2,20240520T091257,238.37891,102.38100,30.76410,26.74464,28.11064,36.28944,8.17880,493.68839,624.04431,-121.53210
CTD_P,20240520T091258,-0.04
O2,20240520T091313,238.67740,102.53670,30.77979,26.72610,28.09209,36.26751,8.17542,493.39120,624.02252,-122.01630
CTD_P,20240520T091314,0.01
CTD_P,20240520T091639,-0.23
O2,20240520T091642,238.37379,101.62340,30.33215,26.89136,28.25735,36.46469,8.20734,497.17068,624.93658,-108.16750
CTD_P,20240520T091643,-0.19
O2,20240520T091657,235.65080,100.96020,30.62013,26.91572,28.28172,36.47447,8.19276,497.98199,625.20972,-117.08360
CTD_P,20240520T091658,-0.26
O2,20240520T091713,239.57069,102.13610,30.33356,26.83758,28.20358,36.38877,8.18519,495.88809,625.19373,-108.21120
CTD_P,20240520T091714,-0.29
O2,20240520T091727,239.13150,102.00720,30.36686,26.84577,28.21177,36.39539,8.18362,496.11899,625.12909,-109.24330
CTD_P,20240520T091728,-0.20
O2,20240520T091742,240.03070,102.22310,30.27154,26.83830,28.20430,36.38736,8.18306,495.94339,625.39569,-106.28810
CTD_P,20240520T091744,0.08
O2,20240520T091757,239.15620,102.02650,30.37186,26.84297,28.20897,36.39123,8.18226,496.07559,625.36407,-109.39830
CTD_P,20240520T091758,-0.27
O2,20240520T091812,239.62849,102.04400,30.26709,26.85765,28.22365,36.40390,8.18025,496.34909,625.55463,-106.15010
CTD_P,20240520T091814,-0.24
O2,20240520T091827,235.86890,100.97360,30.57391,26.92158,28.28757,36.46585,8.17828,497.97189,625.61902,-115.65400
CTD_P,20240520T091828,-0.28
O2,20240520T091842,237.94540,101.49130,30.36117,26.90063,28.26662,36.44712,8.18050,497.39359,625.40192,-109.06720
CTD_P,20240520T091843,-0.22
O2,20240520T091858,239.95599,101.93240,30.12423,26.89186,28.25786,36.43619,8.17833,497.21570,625.76727,-101.71610
CTD_P,20240520T091859,-0.26
CTD_P,20240520T091900,-0.13
CTD_P,20240520T091926,-0.26
CTD_bins,20240520T092324,26279,1001,1999.240
CTD_CP_H,20240520T092344,4.21,30.7233,36.5478,19,-1.004434,10
CTD_CP_H,20240520T092344,5.98,30.7037,36.5473,24,-1.004444,12
CTD_CP_H,20240520T092344,8.01,30.6836,36.5469,24,-1.004431,12
CTD_CP_H,20240520T092344,10.04,30.6480,36.5464,24,-1.004446,12
CTD_CP_H,20240520T092344,12.00,30.6224,36.5472,22,-1.004457,11
CTD_CP_H,20240520T092344,13.98,30.5985,36.5472,23,-1.004448,11
CTD_CP_H,20240520T092344,16.00,30.5891,36.5295,23,-1.004468,12
CTD_CP_H,20240520T092344,18.01,30.5776,36.5455,23,-1.004538,11
CTD_CP_H,20240520T092344,20.01,30.5602,36.5420,23,-1.004540,12
CTD_CP_H,20240520T092344,22.03,30.5546,36.5416,24,-1.004522,12
CTD_CP_H,20240520T092344,24.00,30.5505,36.5402,23,-1.004512,11
CTD_CP_H,20240520T092344,25.98,30.5416,36.5365,25,-1.004533,13
CTD_CP_H,20240520T092345,27.99,30.3081,36.4845,22,-1.004488,11
CTD_CP_H,20240520T092345,29.99,29.8537,36.3920,22,-1.004387,11
CTD_CP_H,20240520T092345,32.00,29.7725,36.4112,25,-1.004397,12
CTD_CP_H,20240520T092345,33.98,29.7573,36.4210,26,-1.004399,13
CTD_CP_H,20240520T092345,35.97,29.7214,36.4332,26,-1.004442,13
CTD_CP_H,20240520T092345,38.00,29.6713,36.4471,27,-1.004514,14
CTD_CP_H,20240520T092345,40.02,29.6030,36.4581,31,-1.004579,15
CTD_CP_H,20240520T092345,42.01,29.5018,36.4511,34,-1.004612,17
CTD_CP_H,20240520T092345,44.03,29.3473,36.4420,33,-1.004699,17
CTD_CP_H,20240520T092345,46.01,29.2112,36.4330,40,-1.004793,20
CTD_CP_H,20240520T092345,47.96,28.9937,36.4340,41,-1.004964,20
CTD_CP_H,20240520T092345,50.01,28.8696,36.4450,39,-1.005098,20
CTD_CP_H,20240520T092345,52.43,28.5922,36.4531,325,-1.005484,162
CTD_CP_H,20240520T092346,53.80,28.2282,36.4079,149,-1.006060,74
CTD_CP_H,20240520T092346,55.93,28.1382,36.4355,63,-1.006043,32
CTD_CP_H,20240520T092346,57.98,28.0409,36.4551,52,-1.006229,26
CTD_CP_H,20240520T092346,59.98,27.9903,36.4550,43,-1.006302,22
CTD_CP_H,20240520T092346,61.98,27.9478,36.4537,36,-1.006385,18
CTD_CP_H,20240520T092346,64.02,27.7117,36.4426,31,-1.006858,15
CTD_CP_H,20240520T092346,66.02,27.5120,36.4314,31,-1.007258,16
CTD_CP_H,20240520T092346,68.02,27.4034,36.4246,32,-1.007501,16
CTD_CP_H,20240520T092346,69.99,27.1929,36.3846,31,-1.007975,15
CTD_CP_H,20240520T092346,71.99,26.9581,36.3666,29,-1.008639,15
CTD_CP_H,20240520T092346,73.98,26.8172,36.3580,29,-1.009104,14
CTD_CP_H,20240520T092346,76.00,26.5138,36.2980,29,-1.009698,15
CTD_CP_H,20240520T092346,78.01,26.2842,36.2618,28,-1.010301,14
CTD_CP_H,20240520T092346,79.99,26.1173,36.2375,26,-1.010803,13
CTD_CP_H,20240520T092347,81.99,25.9494,36.2428,25,-1.011147,12
CTD_CP_H,20240520T092347,84.02,25.9635,36.2871,24,-1.010961,12
CTD_CP_H,20240520T092347,86.02,26.0132,36.3268,24,-1.011307,12
CTD_CP_H,20240520T092347,88.00,26.0019,36.3407,23,-1.012061,12
CTD_CP_H,20240520T092347,90.00,25.8813,36.3407,23,-1.012042,11
CTD_CP_H,20240520T092347,92.01,25.8121,36.3616,24,-1.011161,12
CTD_CP_H,20240520T092347,94.00,25.7931,36.3832,26,-1.011654,13
CTD_CP_H,20240520T092347,95.97,25.6252,36.3826,28,-1.012368,14
CTD_CP_H,20240520T092347,97.97,25.4465,36.3451,28,-1.012876,14
CTD_CP_H,20240520T092347,100.03,25.3010,36.3284,30,-1.014310,15
CTD_CP_H,20240520T092347,102.01,25.2205,36.3390,37,-1.014743,19
CTD_CP_H,20240520T092347,104.03,25.0087,36.3095,38,-1.016273,19
CTD_CP_H,20240520T092347,106.07,24.8436,36.2917,50,-1.016903,25
CTD_CP_H,20240520T092348,108.00,25.0897,36.4926,49,-1.013316,24
CTD_CP_H,20240520T092348,109.98,25.0930,36.5271,49,-1.013110,25
CTD_CP_H,20240520T092348,111.98,25.0235,36.5155,44,-1.013823,22
CTD_CP_H,20240520T092348,113.98,24.8348,36.4805,40,-1.014943,20
CTD_CP_H,20240520T092348,115.99,24.6978,36.4523,38,-1.015477,19
CTD_CP_H,20240520T092348,118.01,24.4553,36.3916,35,-1.017031,17
CTD_CP_H,20240520T092348,120.00,24.3474,36.3696,36,-1.017323,18
CTD_CP_H,20240520T092348,122.01,24.3032,36.3572,36,-1.017519,18
CTD_CP_H,20240520T092348,124.01,24.2387,36.3473,35,-1.017426,18
CTD_CP_H,20240520T092348,125.98,24.1805,36.3427,36,-1.017912,18
CTD_CP_H,20240520T092348,128.00,24.0740,36.3166,38,-1.018624,19
CTD_CP_H,20240520T092348,130.02,23.9935,36.3055,37,-1.018799,18
CTD_CP_H,20240520T092348,132.00,23.8412,36.2861,36,-1.019465,18
CTD_CP_H,20240520T092348,134.00,23.3870,36.1976,34,-1.021742,17
CTD_CP_H,20240520T092349,136.02,22.9514,36.0940,36,-1.024211,18
CTD_CP_H,20240520T092349,138.02,22.7552,36.0502,35,-1.025946,18
CTD_CP_H,20240520T092349,139.99,22.5721,36.0096,37,-1.026990,18
CTD_CP_H,20240520T092349,141.94,22.3430,35.9568,34,-1.028054,17
CTD_CP_H,20240520T092349,143.97,21.9525,35.8844,32,-1.029287,16
CTD_CP_H,20240520T092349,145.99,21.6762,35.8592,29,-1.030146,15
CTD_CP_H,20240520T092349,148.00,21.6388,35.8633,31,-1.030210,15
CTD_CP_H,20240520T092349,149.99,21.6347,35.8636,30,-1.030254,15
CTD_CP_H,20240520T092349,151.97,21.4985,35.8460,29,-1.030827,15
CTD_CP_H,20240520T092349,153.98,21.1534,35.8205,27,-1.031600,13
CTD_CP_H,20240520T092349,156.03,20.9607,35.8164,25,-1.032139,13
CTD_CP_H,20240520T092349,158.04,20.8001,35.8195,24,-1.032650,12
CTD_CP_H,20240520T092349,160.00,20.6118,35.8103,23,-1.033027,11
CTD_CP_H,20240520T092350,161.99,20.5502,35.8046,24,-1.033195,12
CTD_CP_H,20240520T092350,164.01,20.3318,35.7926,23,-1.033757,12
CTD_CP_H,20240520T092350,165.98,20.1292,35.7771,26,-1.034100,13
CTD_CP_H,20240520T092350,167.98,20.0823,35.7741,27,-1.034178,13
CTD_CP_H,20240520T092350,170.02,20.0369,35.7686,26,-1.034294,13
CTD_CP_H,20240520T092350,172.03,19.7708,35.7394,26,-1.034754,13
CTD_CP_H,20240520T092350,174.01,19.4513,35.7108,30,-1.035281,15
CTD_CP_H,20240520T092350,175.97,19.2937,35.7038,29,-1.035549,15
CTD_CP_H,20240520T092350,177.99,19.1684,35.6992,29,-1.035727,14
CTD_CP_H,20240520T092350,180.03,19.0620,35.7039,35,-1.035935,18
CTD_CP_H,20240520T092350,181.99,19.0887,35.7743,39,-1.035945,19
CTD_CP_H,20240520T092350,184.23,19.0975,35.8169,63,-1.036118,32
CTD_CP_H,20240520T092350,185.93,19.0119,35.8209,111,-1.036280,55
CTD_CP_H,20240520T092350,187.96,18.8495,35.8197,73,-1.036521,37
CTD_CP_H,20240520T092351,190.02,18.6289,35.8037,62,-1.036773,31
CTD_CP_H,20240520T092351,191.99,18.5496,35.7969,58,-1.036889,29
CTD_CP_H,20240520T092351,193.97,18.3409,35.7687,47,-1.037035,23
CTD_CP_H,20240520T092351,195.99,18.2109,35.7889,39,-1.037244,20
CTD_CP_H,20240520T092351,198.00,18.2981,35.8503,37,-1.037193,18
CTD_CP_H,20240520T092351,200.00,18.2352,35.8606,34,-1.037281,17
CTD_CP_H,20240520T092351,201.97,18.1983,35.8705,33,-1.037285,17
CTD_CP_H,20240520T092351,203.99,18.1763,35.8816,35,-1.037377,17
CTD_CP_H,20240520T092351,206.00,18.1554,35.8969,33,-1.037471,17
CTD_CP_H,20240520T092351,208.00,18.0283,35.8853,32,-1.037610,16
CTD_CP_H,20240520T092351,210.00,17.9112,35.8596,30,-1.037773,15
CTD_CP_H,20240520T092351,212.02,17.4266,35.7793,29,-1.038113,14
CTD_CP_H,20240520T092351,213.99,17.3122,35.7722,27,-1.038190,14
CTD_CP_H,20240520T092352,215.96,17.2203,35.7554,28,-1.038313,14
CTD_CP_H,20240520T092352,218.00,16.8764,35.6829,27,-1.038629,13
CTD_CP_H,20240520T092352,219.99,16.7785,35.6629,25,-1.038726,13
CTD_CP_H,20240520T092352,221.97,16.7544,35.6716,25,-1.038757,12
CTD_CP_H,20240520T092352,223.98,16.6617,35.6705,25,-1.038900,13
CTD_CP_H,20240520T092352,226.00,16.6022,35.6711,24,-1.038983,12
CTD_CP_H,20240520T092352,228.00,16.5746,35.6791,24,-1.039021,12
CTD_CP_H,20240520T092352,229.99,16.5416,35.6782,24,-1.039038,12
CTD_CP_H,20240520T092352,231.99,16.4918,35.6749,25,-1.039085,12
CTD_CP_H,20240520T092352,234.00,16.4293,35.6682,25,-1.039147,13
CTD_CP_H,20240520T092352,236.01,16.3331,35.6796,25,-1.039303,12
CTD_CP_H,20240520T092352,238.03,16.1522,35.6769,25,-1.039476,13
CTD_CP_H,20240520T092352,240.04,15.9650,35.6678,31,-1.039620,15
CTD_CP_H,20240520T092352,242.01,15.9148,35.6767,35,-1.039668,18
CTD_CP_H,20240520T092353,244.06,15.8700,35.6896,39,-1.039744,19
CTD_CP_H,20240520T092353,246.06,15.8193,35.6906,71,-1.039820,36
CTD_CP_H,20240520T092353,248.00,15.6554,35.6790,71,-1.039958,35
CTD_CP_H,20240520T092353,249.99,15.5071,35.6658,63,-1.040094,32
CTD_CP_H,20240520T092353,251.96,15.3891,35.6564,57,-1.040210,28
CTD_CP_H,20240520T092353,253.99,15.2702,35.6478,50,-1.040347,25
CTD_CP_H,20240520T092353,256.01,15.1972,35.6447,48,-1.040412,24
CTD_CP_H,20240520T092353,258.00,15.1758,35.6420,47,-1.040448,24
CTD_CP_H,20240520T092353,259.98,15.1276,35.6353,45,-1.040524,22
CTD_CP_H,20240520T092353,261.98,15.0190,35.6241,43,-1.040599,22
CTD_CP_H,20240520T092353,264.00,14.9205,35.6145,41,-1.040713,20
CTD_CP_H,20240520T092353,266.02,14.8322,35.6123,39,-1.040815,20
CTD_CP_H,20240520T092353,268.01,14.7550,35.6025,37,-1.040892,18
CTD_CP_H,20240520T092354,269.99,14.6766,35.5915,35,-1.040913,18
CTD_CP_H,20240520T092354,272.00,14.6876,35.6157,33,-1.040877,16
CTD_CP_H,20240520T092354,274.02,14.6321,35.6242,31,-1.040943,16
CTD_CP_H,20240520T092354,276.00,14.6083,35.6321,29,-1.040952,14
CTD_CP_H,20240520T092354,278.00,14.5702,35.6351,29,-1.040963,15
CTD_CP_H,20240520T092354,280.02,14.5382,35.6362,27,-1.040993,13
CTD_CP_H,20240520T092354,282.03,14.4652,35.6397,27,-1.041043,14
CTD_CP_H,20240520T092354,284.00,14.4133,35.6385,25,-1.041097,12
CTD_CP_H,20240520T092354,285.97,14.3592,35.6362,25,-1.041143,13
CTD_CP_H,20240520T092354,287.99,14.2787,35.6302,25,-1.041215,12
CTD_CP_H,20240520T092354,290.02,14.2242,35.6260,24,-1.041231,12
CTD_CP_H,20240520T092354,292.02,14.1883,35.6222,24,-1.041272,12
CTD_CP_H,20240520T092354,294.00,14.1468,35.6182,23,-1.041301,12
CTD_CP_H,20240520T092354,295.99,14.0954,35.6155,24,-1.041374,12
CTD_CP_H,20240520T092355,298.00,14.0403,35.6106,23,-1.041424,11
CTD_CP_H,20240520T092355,300.00,13.9794,35.6006,24,-1.041455,12
CTD_CP_H,20240520T092355,302.02,13.9528,35.5969,23,-1.041512,12
CTD_CP_H,20240520T092355,304.00,13.8793,35.5917,23,-1.041577,11
CTD_CP_H,20240520T092355,305.98,13.8712,35.5926,23,-1.041573,12
CTD_CP_H,20240520T092355,308.00,13.8731,35.5949,24,-1.041565,12
CTD_CP_H,20240520T092355,310.01,13.8414,35.5927,23,-1.041593,11
CTD_CP_H,20240520T092355,311.99,13.8193,35.5910,24,-1.041603,12
CTD_CP_H,20240520T092355,314.01,13.7742,35.5874,24,-1.041652,12
CTD_CP_H,20240520T092355,316.01,13.7247,35.5828,23,-1.041679,12
CTD_CP_H,20240520T092355,318.01,13.7078,35.5822,24,-1.041666,12
CTD_CP_H,20240520T092355,320.00,13.7000,35.5817,23,-1.041666,11
CTD_CP_H,20240520T092355,321.98,13.6857,35.5799,25,-1.041678,13
CTD_CP_H,20240520T092356,324.02,13.6708,35.5793,28,-1.041669,14
CTD_CP_H,20240520T092356,326.01,13.6607,35.5837,36,-1.041687,18
CTD_CP_H,20240520T092356,328.00,13.6277,35.5839,35,-1.041683,17
CTD_CP_H,20240520T092356,330.01,13.5990,35.5847,35,-1.041682,18
CTD_CP_H,20240520T092356,332.01,13.5866,35.5916,34,-1.041685,17
CTD_CP_H,20240520T092356,334.00,13.5563,35.5891,35,-1.041682,17
CTD_CP_H,20240520T092356,335.98,13.5229,35.5865,34,-1.041703,17
CTD_CP_H,20240520T092356,338.00,13.5084,35.5904,36,-1.041695,18
CTD_CP_H,20240520T092356,340.03,13.5185,35.5981,36,-1.041695,18
CTD_CP_H,20240520T092356,342.02,13.4702,35.5925,35,-1.041742,18
CTD_CP_H,20240520T092356,344.00,13.4111,35.5814,35,-1.041767,17
CTD_CP_H,20240520T092356,346.00,13.3857,35.5769,34,-1.041793,17
CTD_CP_H,20240520T092356,347.99,13.3623,35.5757,35,-1.041814,18
CTD_CP_H,20240520T092357,350.01,13.3611,35.5803,35,-1.041769,17
CTD_CP_H,20240520T092357,352.01,13.3615,35.5838,35,-1.041764,18
CTD_CP_H,20240520T092357,354.01,13.3043,35.5768,33,-1.041816,16
CTD_CP_H,20240520T092357,355.97,13.2722,35.5755,32,-1.041815,16
CTD_CP_H,20240520T092357,357.97,13.2272,35.5771,31,-1.041803,16
CTD_CP_H,20240520T092357,359.97,13.1819,35.5763,30,-1.041796,15
CTD_CP_H,20240520T092357,361.99,13.1717,35.5788,30,-1.041769,15
CTD_CP_H,20240520T092357,363.99,13.1537,35.5790,28,-1.041783,14
CTD_CP_H,20240520T092357,365.96,13.1124,35.5762,27,-1.041782,13
CTD_CP_H,20240520T092357,367.98,13.1023,35.5767,28,-1.041757,14
CTD_CP_H,20240520T092357,370.02,13.1223,35.5858,26,-1.041703,13
CTD_CP_H,20240520T092357,372.01,13.1367,35.5915,26,-1.041694,13
CTD_CP_H,20240520T092357,374.01,13.0850,35.5844,25,-1.041728,13
CTD_CP_H,20240520T092357,375.97,13.0463,35.5797,24,-1.041740,12
CTD_CP_H,20240520T092358,377.95,13.0239,35.5773,24,-1.041743,12
CTD_CP_H,20240520T092358,379.96,13.0123,35.5784,24,-1.041733,12
CTD_CP_H,20240520T092358,382.00,13.0362,35.5891,24,-1.041663,12
CTD_CP_H,20240520T092358,384.01,13.0514,35.5949,23,-1.041586,11
CTD_CP_H,20240520T092358,385.98,13.1022,35.6128,23,-1.041556,12
CTD_CP_H,20240520T092358,388.00,13.0545,35.6074,23,-1.041584,11
CTD_CP_H,20240520T092358,390.02,12.9965,35.5980,23,-1.041615,12
CTD_CP_H,20240520T092358,392.02,12.9913,35.5983,22,-1.041602,11
CTD_CP_H,20240520T092358,394.01,12.9961,35.6016,23,-1.041603,11
CTD_CP_H,20240520T092358,396.00,13.0021,35.6056,22,-1.041588,11
CTD_CP_H,20240520T092358,398.01,12.9952,35.6060,23,-1.041574,12
CTD_CP_H,20240520T092358,400.03,12.9490,35.6006,22,-1.041579,11
CTD_CP_H,20240520T092358,402.03,12.9255,35.5979,23,-1.041576,11
CTD_CP_H,20240520T092359,404.03,12.8855,35.5924,22,-1.041596,11
CTD_CP_H,20240520T092359,405.98,12.8453,35.5860,22,-1.041610,11
CTD_CP_H,20240520T092359,407.98,12.8183,35.5836,23,-1.041605,12
CTD_CP_H,20240520T092359,410.00,12.8087,35.5843,23,-1.041586,11
CTD_CP_H,20240520T092359,412.02,12.8054,35.5882,23,-1.041579,12
CTD_CP_H,20240520T092359,414.04,12.8141,35.5973,23,-1.041523,11
CTD_CP_H,20240520T092359,416.03,12.8326,35.6063,23,-1.041494,12
CTD_CP_H,20240520T092359,418.03,12.8335,35.6061,24,-1.041491,12
CTD_CP_H,20240520T092359,420.03,12.8315,35.6069,23,-1.041478,11
CTD_CP_H,20240520T092359,422.00,12.8474,35.6142,24,-1.041435,12
CTD_CP_H,20240520T092359,424.00,12.8586,35.6195,24,-1.041395,12
CTD_CP_H,20240520T092359,425.98,12.8213,35.6124,24,-1.041435,12
CTD_CP_H,20240520T092359,427.96,12.7352,35.5941,24,-1.041479,12
CTD_CP_H,20240520T092359,429.99,12.7591,35.6056,25,-1.041419,13
CTD_CP_H,20240520T092400,432.00,12.7438,35.6043,24,-1.041454,12
CTD_CP_H,20240520T092400,433.97,12.7240,35.6003,24,-1.041476,12
CTD_CP_H,20240520T092400,435.97,12.6898,35.5979,25,-1.041457,12
CTD_CP_H,20240520T092400,438.01,12.6686,35.5965,25,-1.041427,13
CTD_CP_H,20240520T092400,440.01,12.6458,35.5934,24,-1.041422,12
CTD_CP_H,20240520T092400,441.97,12.6233,35.5895,24,-1.041443,12
CTD_CP_H,20240520T092400,443.99,12.5749,35.5814,25,-1.041472,12
CTD_CP_H,20240520T092400,446.03,12.5491,35.5774,24,-1.041459,12
CTD_CP_H,20240520T092400,448.04,12.5394,35.5771,23,-1.041478,12
CTD_CP_H,20240520T092400,449.99,12.5356,35.5792,23,-1.041454,11
CTD_CP_H,20240520T092400,451.96,12.5519,35.5876,23,-1.041406,12
CTD_CP_H,20240520T092400,453.98,12.5382,35.5883,23,-1.041383,11
CTD_CP_H,20240520T092400,456.01,12.5333,35.5930,23,-1.041340,12
CTD_CP_H,20240520T092401,458.02,12.5248,35.5966,22,-1.041328,11
CTD_CP_H,20240520T092401,460.00,12.5091,35.5961,21,-1.041340,10
CTD_CP_H,20240520T092401,461.98,12.4909,35.5944,22,-1.041323,11
CTD_CP_H,20240520T092401,463.98,12.4960,35.5982,21,-1.041288,11
CTD_CP_H,20240520T092401,465.96,12.4822,35.5991,21,-1.041296,10
CTD_CP_H,20240520T092401,467.98,12.4395,35.5935,21,-1.041339,11
CTD_CP_H,20240520T092401,470.02,12.4078,35.5904,21,-1.041279,10
CTD_CP_H,20240520T092401,472.04,12.3947,35.5912,20,-1.041283,10
CTD_CP_H,20240520T092401,474.03,12.3845,35.5922,20,-1.041277,10
CTD_CP_H,20240520T092401,476.02,12.3667,35.5908,20,-1.041291,10
CTD_CP_H,20240520T092401,478.02,12.3395,35.5882,20,-1.041313,10
CTD_CP_H,20240520T092401,480.02,12.3318,35.5869,20,-1.041330,10
CTD_CP_H,20240520T092401,482.00,12.3005,35.5839,19,-1.041322,10
CTD_CP_H,20240520T092401,483.98,12.2715,35.5803,20,-1.041284,10
CTD_CP_H,20240520T092402,486.02,12.2628,35.5786,20,-1.041299,10
CTD_CP_H,20240520T092402,488.02,12.2512,35.5771,19,-1.041304,9
CTD_CP_H,20240520T092402,489.97,12.2393,35.5760,19,-1.041314,10
CTD_CP_H,20240520T092402,491.97,12.2220,35.5748,20,-1.041329,10
CTD_CP_H,20240520T092402,493.98,12.2189,35.5750,19,-1.041324,9
CTD_CP_H,20240520T092402,496.00,12.2157,35.5754,20,-1.041347,10
CTD_CP_H,20240520T092402,498.00,12.2237,35.5793,19,-1.041302,10
CTD_CP_H,20240520T092402,500.00,12.2426,35.5891,20,-1.041266,10
CTD_CP_H,20240520T092402,502.01,12.2449,35.5951,19,-1.041238,9
CTD_CP_H,20240520T092402,504.02,12.2537,35.5995,20,-1.041192,10
CTD_CP_H,20240520T092402,506.03,12.2490,35.6015,19,-1.041193,10
CTD_CP_H,20240520T092402,508.01,12.2307,35.6006,19,-1.041166,9
CTD_CP_H,20240520T092402,509.98,12.2132,35.5985,19,-1.041180,10
CTD_CP_H,20240520T092403,511.99,12.1985,35.5973,20,-1.041200,10
CTD_CP_H,20240520T092403,514.02,12.1835,35.5957,19,-1.041202,9
CTD_CP_H,20240520T092403,515.99,12.1796,35.5955,19,-1.041218,10
CTD_CP_H,20240520T092403,517.96,12.1869,35.6007,19,-1.041179,9
CTD_CP_H,20240520T092403,519.98,12.1906,35.6035,20,-1.041175,10
CTD_CP_H,20240520T092403,522.00,12.1960,35.6059,19,-1.041183,10
CTD_CP_H,20240520T092403,523.97,12.1965,35.6083,19,-1.041172,9
CTD_CP_H,20240520T092403,526.00,12.1970,35.6110,20,-1.041167,10
CTD_CP_H,20240520T092403,528.02,12.1954,35.6114,19,-1.041144,10
CTD_CP_H,20240520T092403,529.99,12.1913,35.6109,19,-1.041144,9
CTD_CP_H,20240520T092403,532.01,12.1847,35.6101,20,-1.041157,10
CTD_CP_H,20240520T092403,534.03,12.1768,35.6104,19,-1.041139,10
CTD_CP_H,20240520T092403,536.00,12.1704,35.6115,19,-1.041154,9
CTD_CP_H,20240520T092403,537.99,12.1625,35.6122,19,-1.041117,10
CTD_CP_H,20240520T092404,539.97,12.1585,35.6130,19,-1.041134,9
CTD_CP_H,20240520T092404,541.96,12.1463,35.6122,19,-1.041143,10
CTD_CP_H,20240520T092404,544.00,12.1402,35.6167,20,-1.041111,10
CTD_CP_H,20240520T092404,546.04,12.1323,35.6176,19,-1.041114,9
CTD_CP_H,20240520T092404,548.03,12.1291,35.6204,19,-1.041080,10
CTD_CP_H,20240520T092404,550.02,12.1260,35.6220,19,-1.041086,9
CTD_CP_H,20240520T092404,552.00,12.0866,35.6166,19,-1.041107,10
CTD_CP_H,20240520T092404,554.01,12.0439,35.6090,20,-1.041143,10
CTD_CP_H,20240520T092404,556.03,12.0057,35.6029,19,-1.041149,9
CTD_CP_H,20240520T092404,557.99,11.9873,35.6002,19,-1.041158,10
CTD_CP_H,20240520T092404,560.00,11.9806,35.6012,20,-1.041157,10
CTD_CP_H,20240520T092404,562.01,11.9750,35.6055,19,-1.041145,9
CTD_CP_H,20240520T092404,564.01,11.9637,35.6095,20,-1.041094,10
CTD_CP_H,20240520T092405,566.02,11.9613,35.6127,19,-1.041060,10
CTD_CP_H,20240520T092405,568.02,11.9709,35.6193,20,-1.041057,10
CTD_CP_H,20240520T092405,570.01,11.9703,35.6252,19,-1.041004,9
CTD_CP_H,20240520T092405,571.99,12.0002,35.6372,20,-1.040945,10
CTD_CP_H,20240520T092405,573.99,11.9981,35.6386,19,-1.040964,10
CTD_CP_H,20240520T092405,575.96,11.9328,35.6285,20,-1.041019,10
CTD_CP_H,20240520T092405,577.97,11.9251,35.6283,20,-1.041010,10
CTD_CP_H,20240520T092405,579.98,11.8893,35.6224,20,-1.041030,10
CTD_CP_H,20240520T092405,581.98,11.9168,35.6298,20,-1.040993,10
CTD_CP_H,20240520T092405,584.00,11.9302,35.6337,21,-1.040987,10
CTD_CP_H,20240520T092405,586.01,11.9285,35.6339,20,-1.040980,10
CTD_CP_H,20240520T092405,588.00,11.8366,35.6206,21,-1.041039,11
CTD_CP_H,20240520T092405,590.02,11.8092,35.6145,21,-1.041052,10
CTD_CP_H,20240520T092405,591.99,11.8221,35.6181,21,-1.041034,11
CTD_CP_H,20240520T092406,594.00,11.7736,35.6101,24,-1.041108,12
CTD_CP_H,20240520T092406,596.02,11.7431,35.6048,27,-1.041133,13
CTD_CP_H,20240520T092406,598.04,11.7265,35.6025,27,-1.041141,14
CTD_CP_H,20240520T092406,600.04,11.7287,35.6051,27,-1.041103,13
CTD_CP_H,20240520T092406,602.04,11.7153,35.6049,35,-1.041152,18
CTD_CP_H,20240520T092406,604.00,11.6765,35.5984,38,-1.041176,19
CTD_CP_H,20240520T092406,605.99,11.6544,35.5965,38,-1.041167,19
CTD_CP_H,20240520T092406,607.98,11.6429,35.5968,39,-1.041174,19
CTD_CP_H,20240520T092406,609.99,11.6442,35.5998,38,-1.041156,19
CTD_CP_H,20240520T092406,612.01,11.6357,35.6026,39,-1.041158,20
CTD_CP_H,20240520T092406,614.02,11.6153,35.6004,36,-1.041175,18
CTD_CP_H,20240520T092406,616.02,11.5971,35.5985,37,-1.041189,18
CTD_CP_H,20240520T092406,618.00,11.5853,35.5971,34,-1.041225,17
CTD_CP_H,20240520T092407,619.99,11.5686,35.5951,35,-1.041227,18
CTD_CP_H,20240520T092407,622.00,11.5394,35.5930,33,-1.041239,16
CTD_CP_H,20240520T092407,624.01,11.5320,35.5967,33,-1.041211,17
CTD_CP_H,20240520T092407,626.02,11.5321,35.6031,31,-1.041189,15
CTD_CP_H,20240520T092407,628.01,11.5177,35.6016,30,-1.041202,15
CTD_CP_H,20240520T092407,629.98,11.5108,35.6007,29,-1.041201,15
CTD_CP_H,20240520T092407,631.98,11.4884,35.5976,30,-1.041232,15
CTD_CP_H,20240520T092407,633.97,11.4554,35.5942,28,-1.041257,14
CTD_CP_H,20240520T092407,635.96,11.4465,35.5958,28,-1.041218,14
CTD_CP_H,20240520T092407,637.98,11.4268,35.5984,27,-1.041215,13
CTD_CP_H,20240520T092407,639.99,11.4077,35.5984,26,-1.041229,13
CTD_CP_H,20240520T092407,642.01,11.3997,35.5993,27,-1.041225,14
CTD_CP_H,20240520T092407,644.02,11.4040,35.6035,25,-1.041187,12
CTD_CP_H,20240520T092407,646.02,11.4152,35.6097,25,-1.041162,13
CTD_CP_H,20240520T092408,648.03,11.4123,35.6100,25,-1.041160,12
CTD_CP_H,20240520T092408,649.99,11.4100,35.6096,23,-1.041169,12
CTD_CP_H,20240520T092408,651.98,11.4066,35.6095,25,-1.041189,12
CTD_CP_H,20240520T092408,654.01,11.3997,35.6088,24,-1.041214,12
CTD_CP_H,20240520T092408,656.00,11.3875,35.6076,23,-1.041221,12
CTD_CP_H,20240520T092408,658.00,11.3650,35.6063,24,-1.041243,12
CTD_CP_H,20240520T092408,660.03,11.3515,35.6051,23,-1.041243,11
CTD_CP_H,20240520T092408,661.99,11.3431,35.6042,22,-1.041264,11
CTD_CP_H,20240520T092408,663.97,11.3383,35.6035,23,-1.041248,12
CTD_CP_H,20240520T092408,666.00,11.3315,35.6028,23,-1.041226,11
CTD_CP_H,20240520T092408,667.99,11.3208,35.6015,22,-1.041228,11
CTD_CP_H,20240520T092408,670.03,11.2821,35.5963,23,-1.041281,12
CTD_CP_H,20240520T092408,672.01,11.2596,35.5912,21,-1.041305,10
CTD_CP_H,20240520T092409,673.96,11.2362,35.5846,22,-1.041372,11
CTD_CP_H,20240520T092409,675.96,11.1282,35.5677,22,-1.041457,11
CTD_CP_H,20240520T092409,677.98,11.0574,35.5538,22,-1.041509,11
CTD_CP_H,20240520T092409,680.01,11.0390,35.5530,22,-1.041538,11
CTD_CP_H,20240520T092409,682.02,11.0584,35.5612,21,-1.041475,11
CTD_CP_H,20240520T092409,684.00,11.0668,35.5675,21,-1.041490,10
CTD_CP_H,20240520T092409,686.00,11.0514,35.5653,21,-1.041473,11
CTD_CP_H,20240520T092409,687.97,11.0497,35.5658,20,-1.041481,10
CTD_CP_H,20240520T092409,689.97,11.0532,35.5684,21,-1.041442,10
CTD_CP_H,20240520T092409,691.99,11.0649,35.5727,20,-1.041417,10
CTD_CP_H,20240520T092409,694.01,11.0849,35.5809,21,-1.041399,11
CTD_CP_H,20240520T092409,695.99,11.0739,35.5814,19,-1.041413,9
CTD_CP_H,20240520T092409,697.99,11.0594,35.5802,21,-1.041412,11
CTD_CP_H,20240520T092409,700.05,11.0440,35.5798,20,-1.041414,10
CTD_CP_H,20240520T092410,702.04,11.0365,35.5790,20,-1.041445,10
CTD_CP_H,20240520T092410,704.04,11.0275,35.5780,20,-1.041442,10
CTD_CP_H,20240520T092410,706.04,11.0225,35.5773,20,-1.041467,10
CTD_CP_H,20240520T092410,708.03,11.0069,35.5759,20,-1.041480,10
CTD_CP_H,20240520T092410,710.01,10.9968,35.5749,20,-1.041486,10
CTD_CP_H,20240520T092410,712.01,10.9903,35.5741,20,-1.041499,10
CTD_CP_H,20240520T092410,714.02,10.9782,35.5730,20,-1.041501,10
CTD_CP_H,20240520T092410,716.01,10.9658,35.5717,20,-1.041511,10
CTD_CP_H,20240520T092410,717.98,10.9594,35.5706,20,-1.041509,10
CTD_CP_H,20240520T092410,719.98,10.9500,35.5695,21,-1.041553,10
CTD_CP_H,20240520T092410,722.02,10.9314,35.5673,21,-1.041575,11
CTD_CP_H,20240520T092410,724.02,10.9243,35.5658,20,-1.041589,10
CTD_CP_H,20240520T092410,725.99,10.9128,35.5650,21,-1.041601,10
CTD_CP_H,20240520T092411,728.03,10.9003,35.5637,23,-1.041600,12
CTD_CP_H,20240520T092411,730.05,10.8953,35.5637,26,-1.041591,13
CTD_CP_H,20240520T092411,732.02,10.8980,35.5652,27,-1.041598,13
CTD_CP_H,20240520T092411,734.02,10.8822,35.5627,28,-1.041628,14
CTD_CP_H,20240520T092411,736.01,10.8647,35.5596,27,-1.041633,14
CTD_CP_H,20240520T092411,737.99,10.8316,35.5575,28,-1.041665,14
CTD_CP_H,20240520T092411,739.99,10.8252,35.5575,27,-1.041682,13
CTD_CP_H,20240520T092411,741.99,10.8195,35.5571,28,-1.041687,14
CTD_CP_H,20240520T092411,743.99,10.8059,35.5562,27,-1.041685,14
CTD_CP_H,20240520T092411,745.99,10.7897,35.5553,28,-1.041703,14
CTD_CP_H,20240520T092411,748.01,10.7702,35.5535,28,-1.041715,14
CTD_CP_H,20240520T092411,750.02,10.7433,35.5508,28,-1.041765,14
CTD_CP_H,20240520T092411,752.00,10.7241,35.5479,27,-1.041773,13
CTD_CP_H,20240520T092411,753.99,10.6956,35.5445,28,-1.041801,14
CTD_CP_H,20240520T092412,756.03,10.6583,35.5400,28,-1.041826,14
CTD_CP_H,20240520T092412,758.04,10.6217,35.5353,28,-1.041840,14
CTD_CP_H,20240520T092412,760.01,10.6049,35.5337,27,-1.041856,14
CTD_CP_H,20240520T092412,762.01,10.5967,35.5339,28,-1.041896,14
CTD_CP_H,20240520T092412,764.01,10.5897,35.5330,27,-1.041899,13
CTD_CP_H,20240520T092412,766.00,10.5693,35.5306,28,-1.041918,14
CTD_CP_H,20240520T092412,768.00,10.5505,35.5286,27,-1.041916,14
CTD_CP_H,20240520T092412,770.01,10.5391,35.5269,28,-1.041904,14
CTD_CP_H,20240520T092412,772.01,10.5224,35.5263,27,-1.041937,13
CTD_CP_H,20240520T092412,773.98,10.5033,35.5242,27,-1.041952,14
CTD_CP_H,20240520T092412,776.00,10.4855,35.5218,28,-1.041997,14
CTD_CP_H,20240520T092412,778.03,10.4543,35.5180,27,-1.042039,13
CTD_CP_H,20240520T092412,780.02,10.4409,35.5160,27,-1.042039,14
CTD_CP_H,20240520T092413,782.01,10.4350,35.5162,27,-1.042031,13
CTD_CP_H,20240520T092413,783.98,10.4131,35.5157,26,-1.042033,13
CTD_CP_H,20240520T092413,785.98,10.4002,35.5162,27,-1.042040,14
CTD_CP_H,20240520T092413,788.00,10.3795,35.5145,26,-1.042050,13
CTD_CP_H,20240520T092413,789.99,10.3482,35.5117,26,-1.042086,13
CTD_CP_H,20240520T092413,791.98,10.3340,35.5099,26,-1.042107,13
CTD_CP_H,20240520T092413,793.98,10.3223,35.5088,26,-1.042129,13
CTD_CP_H,20240520T092413,795.98,10.2851,35.5047,25,-1.042168,12
CTD_CP_H,20240520T092413,797.97,10.2376,35.5001,25,-1.042218,13
CTD_CP_H,20240520T092413,799.97,10.2234,35.4989,25,-1.042241,12
CTD_CP_H,20240520T092413,801.99,10.2074,35.4973,25,-1.042258,13
CTD_CP_H,20240520T092413,804.02,10.1968,35.4961,25,-1.042256,12
CTD_CP_H,20240520T092413,806.01,10.1786,35.4949,24,-1.042262,12
CTD_CP_H,20240520T092413,808.00,10.1642,35.4941,24,-1.042279,12
CTD_CP_H,20240520T092414,809.99,10.1459,35.4929,24,-1.042311,12
CTD_CP_H,20240520T092414,811.96,10.1379,35.4921,24,-1.042302,12
CTD_CP_H,20240520T092414,813.99,10.1241,35.4920,25,-1.042288,13
CTD_CP_H,20240520T092414,816.02,10.1036,35.4899,23,-1.042300,11
CTD_CP_H,20240520T092414,818.00,10.0886,35.4888,24,-1.042340,12
CTD_CP_H,20240520T092414,819.99,10.0682,35.4870,23,-1.042372,12
CTD_CP_H,20240520T092414,821.98,10.0487,35.4859,24,-1.042367,12
CTD_CP_H,20240520T092414,823.99,10.0355,35.4861,23,-1.042375,11
CTD_CP_H,20240520T092414,826.00,10.0093,35.4845,24,-1.042396,12
CTD_CP_H,20240520T092414,828.01,9.9965,35.4830,23,-1.042381,12
CTD_CP_H,20240520T092414,829.99,9.9791,35.4821,23,-1.042400,11
CTD_CP_H,20240520T092414,832.01,9.9747,35.4814,24,-1.042410,12
CTD_CP_H,20240520T092414,834.03,9.9623,35.4801,23,-1.042455,12
CTD_CP_H,20240520T092415,836.01,9.9554,35.4793,23,-1.042454,11
CTD_CP_H,20240520T092415,838.00,9.9272,35.4771,23,-1.042427,12
CTD_CP_H,20240520T092415,839.98,9.9107,35.4761,23,-1.042463,11
CTD_CP_H,20240520T092415,842.00,9.8946,35.4744,24,-1.042479,12
CTD_CP_H,20240520T092415,844.02,9.8657,35.4715,23,-1.042526,12
CTD_CP_H,20240520T092415,846.00,9.8415,35.4688,23,-1.042555,11
CTD_CP_H,20240520T092415,847.99,9.8286,35.4675,23,-1.042564,12
CTD_CP_H,20240520T092415,850.00,9.8228,35.4667,24,-1.042564,12
CTD_CP_H,20240520T092415,852.00,9.7957,35.4646,23,-1.042576,11
CTD_CP_H,20240520T092415,854.00,9.7830,35.4635,25,-1.042587,13
CTD_CP_H,20240520T092415,856.04,9.7773,35.4626,28,-1.042609,14
CTD_CP_H,20240520T092415,858.00,9.7565,35.4609,31,-1.042618,15
CTD_CP_H,20240520T092415,860.01,9.7400,35.4591,33,-1.042621,17
CTD_CP_H,20240520T092415,862.01,9.7242,35.4575,31,-1.042677,15
CTD_CP_H,20240520T092416,863.99,9.7148,35.4561,32,-1.042676,16
CTD_CP_H,20240520T092416,865.99,9.7000,35.4543,31,-1.042691,16
CTD_CP_H,20240520T092416,868.01,9.6870,35.4521,32,-1.042724,16
CTD_CP_H,20240520T092416,870.02,9.6443,35.4475,30,-1.042746,15
CTD_CP_H,20240520T092416,871.98,9.6178,35.4442,30,-1.042757,15
CTD_CP_H,20240520T092416,874.00,9.5906,35.4401,31,-1.042775,15
CTD_CP_H,20240520T092416,876.01,9.5671,35.4366,30,-1.042800,15
CTD_CP_H,20240520T092416,877.98,9.5406,35.4332,29,-1.042844,15
CTD_CP_H,20240520T092416,879.98,9.4997,35.4284,30,-1.042855,15
CTD_CP_H,20240520T092416,881.99,9.4979,35.4278,29,-1.042898,14
CTD_CP_H,20240520T092416,884.01,9.4792,35.4255,29,-1.042901,15
CTD_CP_H,20240520T092416,886.02,9.4645,35.4233,29,-1.042898,14
CTD_CP_H,20240520T092416,888.00,9.4610,35.4233,28,-1.042888,14
CTD_CP_H,20240520T092417,890.01,9.4543,35.4236,29,-1.042904,15
CTD_CP_H,20240520T092417,892.04,9.4384,35.4225,28,-1.042924,14
CTD_CP_H,20240520T092417,894.00,9.4369,35.4229,27,-1.042951,13
CTD_CP_H,20240520T092417,895.98,9.4460,35.4265,28,-1.042961,14
CTD_CP_H,20240520T092417,898.01,9.4317,35.4249,28,-1.042994,14
CTD_CP_H,20240520T092417,900.00,9.4047,35.4215,27,-1.043001,14
CTD_CP_H,20240520T092417,902.01,9.3991,35.4217,28,-1.043013,14
CTD_CP_H,20240520T092417,904.00,9.3895,35.4218,26,-1.043004,13
CTD_CP_H,20240520T092417,906.00,9.3763,35.4200,27,-1.043031,13
CTD_CP_H,20240520T092417,908.00,9.3519,35.4181,26,-1.043056,13
CTD_CP_H,20240520T092417,909.98,9.3382,35.4172,26,-1.043061,13
CTD_CP_H,20240520T092417,911.98,9.3255,35.4158,26,-1.043077,13
CTD_CP_H,20240520T092417,914.01,9.3020,35.4137,26,-1.043089,13
CTD_CP_H,20240520T092417,916.02,9.2867,35.4123,25,-1.043096,13
CTD_CP_H,20240520T092418,918.00,9.2775,35.4116,25,-1.043102,12
CTD_CP_H,20240520T092418,919.99,9.2635,35.4105,24,-1.043126,12
CTD_CP_H,20240520T092418,921.98,9.2493,35.4097,25,-1.043159,13
CTD_CP_H,20240520T092418,924.01,9.2433,35.4090,24,-1.043165,12
CTD_CP_H,20240520T092418,926.01,9.2355,35.4083,24,-1.043169,12
CTD_CP_H,20240520T092418,927.99,9.2259,35.4076,23,-1.043188,11
CTD_CP_H,20240520T092418,929.99,9.2191,35.4070,24,-1.043184,12
CTD_CP_H,20240520T092418,932.00,9.2153,35.4066,23,-1.043193,12
CTD_CP_H,20240520T092418,933.98,9.2073,35.4061,23,-1.043205,11
CTD_CP_H,20240520T092418,935.99,9.1922,35.4048,23,-1.043224,12
CTD_CP_H,20240520T092418,938.01,9.1771,35.4035,23,-1.043242,11
CTD_CP_H,20240520T092418,940.03,9.1654,35.4021,23,-1.043262,12
CTD_CP_H,20240520T092418,942.00,9.1542,35.4010,22,-1.043284,11
CTD_CP_H,20240520T092419,944.00,9.1367,35.3997,23,-1.043297,11
CTD_CP_H,20240520T092419,946.01,9.1219,35.3988,22,-1.043287,11
CTD_CP_H,20240520T092419,947.98,9.1144,35.3974,22,-1.043318,11
CTD_CP_H,20240520T092419,949.97,9.0949,35.3960,22,-1.043319,11
CTD_CP_H,20240520T092419,951.98,9.0816,35.3946,22,-1.043330,11
CTD_CP_H,20240520T092419,953.99,9.0750,35.3940,22,-1.043336,11
CTD_CP_H,20240520T092419,956.01,9.0667,35.3932,22,-1.043358,11
CTD_CP_H,20240520T092419,957.99,9.0578,35.3926,21,-1.043381,11
CTD_CP_H,20240520T092419,959.96,9.0511,35.3920,22,-1.043404,11
CTD_CP_H,20240520T092419,961.99,9.0477,35.3914,22,-1.043410,11
CTD_CP_H,20240520T092419,964.03,9.0334,35.3908,22,-1.043442,11
CTD_CP_H,20240520T092419,966.03,9.0261,35.3903,21,-1.043427,10
CTD_CP_H,20240520T092419,968.02,9.0202,35.3897,22,-1.043430,11
CTD_CP_H,20240520T092419,970.04,9.0169,35.3891,22,-1.043429,11
CTD_CP_H,20240520T092420,972.03,9.0082,35.3877,21,-1.043433,11
CTD_CP_H,20240520T092420,973.99,8.9847,35.3860,21,-1.043467,10
CTD_CP_H,20240520T092420,976.00,8.9680,35.3843,22,-1.043480,11
CTD_CP_H,20240520T092420,978.01,8.9529,35.3829,21,-1.043490,11
CTD_CP_H,20240520T092420,979.97,8.9387,35.3814,21,-1.043476,10
CTD_CP_H,20240520T092420,981.98,8.9231,35.3801,22,-1.043492,11
CTD_CP_H,20240520T092420,984.00,8.9078,35.3781,21,-1.043512,11
CTD_CP_H,20240520T092420,985.97,8.8964,35.3768,21,-1.043532,10
CTD_CP_H,20240520T092420,988.01,8.8769,35.3750,22,-1.043546,11
CTD_CP_H,20240520T092420,990.04,8.8635,35.3733,21,-1.043575,11
CTD_CP_H,20240520T092420,992.02,8.8492,35.3718,21,-1.043574,10
CTD_CP_H,20240520T092420,994.03,8.8278,35.3695,22,-1.043598,11
CTD_CP_H,20240520T092420,996.04,8.8150,35.3677,21,-1.043597,11
CTD_CP_H,20240520T092421,998.05,8.7985,35.3656,22,-1.043600,11
CTD_CP_H,20240520T092421,1000.06,8.7770,35.3636,21,-1.043618,10
CTD_CP_H,20240520T092421,1002.01,8.7633,35.3623,21,-1.043615,11
CTD_CP_H,20240520T092421,1004.00,8.7481,35.3604,22,-1.043602,11
CTD_CP_H,20240520T092421,1006.04,8.7261,35.3582,22,-1.043607,11
CTD_CP_H,20240520T092421,1008.04,8.7123,35.3569,21,-1.043620,10
CTD_CP_H,20240520T092421,1010.00,8.6987,35.3558,21,-1.043649,11
CTD_CP_H,20240520T092421,1012.01,8.6948,35.3550,22,-1.043693,11
CTD_CP_H,20240520T092421,1014.02,8.6839,35.3537,21,-1.043710,10
CTD_CP_H,20240520T092421,1015.97,8.6726,35.3526,21,-1.043703,11
CTD_CP_H,20240520T092421,1017.99,8.6575,35.3512,22,-1.043694,11
CTD_CP_H,20240520T092421,1020.00,8.6331,35.3485,21,-1.043720,10
CTD_CP_H,20240520T092421,1022.01,8.6170,35.3470,22,-1.043730,11
CTD_CP_H,20240520T092422,1024.01,8.5972,35.3452,21,-1.043757,11
CTD_CP_H,20240520T092422,1025.98,8.5810,35.3436,21,-1.043779,10
CTD_CP_H,20240520T092422,1027.97,8.5670,35.3424,22,-1.043789,11
CTD_CP_H,20240520T092422,1030.01,8.5581,35.3414,22,-1.043773,11
CTD_CP_H,20240520T092422,1032.01,8.5471,35.3398,21,-1.043775,11
CTD_CP_H,20240520T092422,1033.99,8.5321,35.3386,22,-1.043804,11
CTD_CP_H,20240520T092422,1036.01,8.5189,35.3370,22,-1.043827,11
CTD_CP_H,20240520T092422,1037.99,8.5039,35.3352,21,-1.043819,10
CTD_CP_H,20240520T092422,1039.98,8.4765,35.3324,22,-1.043820,11
CTD_CP_H,20240520T092422,1041.99,8.4459,35.3297,22,-1.043810,11
CTD_CP_H,20240520T092422,1044.00,8.4139,35.3264,22,-1.043840,11
CTD_CP_H,20240520T092422,1046.00,8.3968,35.3244,22,-1.043854,11
CTD_CP_H,20240520T092422,1048.03,8.3742,35.3222,22,-1.043844,11
CTD_CP_H,20240520T092422,1049.99,8.3615,35.3211,21,-1.043867,11
CTD_CP_H,20240520T092423,1051.99,8.3559,35.3203,23,-1.043855,11
CTD_CP_H,20240520T092423,1054.03,8.3526,35.3197,22,-1.043862,11
CTD_CP_H,20240520T092423,1055.98,8.3393,35.3183,21,-1.043907,11
CTD_CP_H,20240520T092423,1057.97,8.3162,35.3160,23,-1.043922,11
CTD_CP_H,20240520T092423,1060.02,8.3023,35.3147,22,-1.043957,11
CTD_CP_H,20240520T092423,1062.02,8.2818,35.3128,22,-1.043934,11
CTD_CP_H,20240520T092423,1064.02,8.2645,35.3108,22,-1.043930,11
CTD_CP_H,20240520T092423,1066.02,8.2464,35.3093,22,-1.043922,11
CTD_CP_H,20240520T092423,1068.03,8.2318,35.3080,22,-1.043930,11
CTD_CP_H,20240520T092423,1070.03,8.2139,35.3058,22,-1.043964,11
CTD_CP_H,20240520T092423,1072.02,8.1995,35.3044,22,-1.043968,11
CTD_CP_H,20240520T092423,1074.00,8.1821,35.3024,22,-1.043973,11
CTD_CP_H,20240520T092423,1075.99,8.1603,35.3003,22,-1.043992,11
CTD_CP_H,20240520T092423,1078.02,8.1523,35.2990,23,-1.043990,12
CTD_CP_H,20240520T092424,1080.03,8.1438,35.2977,22,-1.043977,11
CTD_CP_H,20240520T092424,1082.01,8.1296,35.2964,22,-1.044005,11
CTD_CP_H,20240520T092424,1083.98,8.1111,35.2945,22,-1.044025,11
CTD_CP_H,20240520T092424,1086.01,8.1021,35.2932,23,-1.044026,11
CTD_CP_H,20240520T092424,1088.01,8.0742,35.2908,21,-1.044054,11
CTD_CP_H,20240520T092424,1089.96,8.0655,35.2896,22,-1.044054,11
CTD_CP_H,20240520T092424,1091.95,8.0556,35.2886,22,-1.044060,11
CTD_CP_H,20240520T092424,1093.96,8.0446,35.2873,22,-1.044062,11
CTD_CP_H,20240520T092424,1095.97,8.0191,35.2847,22,-1.044074,11
CTD_CP_H,20240520T092424,1097.98,7.9987,35.2825,22,-1.044082,11
CTD_CP_H,20240520T092424,1099.98,7.9794,35.2801,22,-1.044094,11
CTD_CP_H,20240520T092424,1102.00,7.9645,35.2783,22,-1.044090,11
CTD_CP_H,20240520T092424,1104.01,7.9537,35.2772,22,-1.044104,11
CTD_CP_H,20240520T092425,1106.00,7.9405,35.2752,21,-1.044131,10
CTD_CP_H,20240520T092425,1107.96,7.9011,35.2713,21,-1.044096,11
CTD_CP_H,20240520T092425,1109.99,7.8744,35.2690,22,-1.044104,11
CTD_CP_H,20240520T092425,1112.02,7.8689,35.2687,21,-1.044117,10
CTD_CP_H,20240520T092425,1114.03,7.8487,35.2674,21,-1.044124,11
CTD_CP_H,20240520T092425,1116.02,7.8326,35.2658,20,-1.044124,10
CTD_CP_H,20240520T092425,1118.01,7.8196,35.2648,21,-1.044143,10
CTD_CP_H,20240520T092425,1120.03,7.8111,35.2639,21,-1.044157,11
CTD_CP_H,20240520T092425,1122.05,7.8008,35.2635,23,-1.044176,11
CTD_CP_H,20240520T092425,1124.02,7.7912,35.2633,25,-1.044191,13
CTD_CP_H,20240520T092425,1125.99,7.7825,35.2624,25,-1.044214,12
CTD_CP_H,20240520T092425,1128.00,7.7650,35.2611,27,-1.044221,14
CTD_CP_H,20240520T092425,1130.04,7.7523,35.2600,30,-1.044243,15
CTD_CP_H,20240520T092426,1131.99,7.7419,35.2592,36,-1.044267,18
CTD_CP_H,20240520T092426,1133.99,7.7337,35.2580,35,-1.044274,17
CTD_CP_H,20240520T092426,1135.99,7.7184,35.2560,35,-1.044267,18
CTD_CP_H,20240520T092426,1138.00,7.6984,35.2538,34,-1.044263,17
CTD_CP_H,20240520T092426,1140.00,7.6891,35.2523,34,-1.044268,17
CTD_CP_H,20240520T092426,1142.02,7.6661,35.2493,33,-1.044258,16
CTD_CP_H,20240520T092426,1144.02,7.6351,35.2458,32,-1.044217,16
CTD_CP_H,20240520T092426,1145.98,7.6229,35.2440,31,-1.044213,16
CTD_CP_H,20240520T092426,1147.99,7.6198,35.2436,32,-1.044227,16
CTD_CP_H,20240520T092426,1150.02,7.6050,35.2420,31,-1.044276,15
CTD_CP_H,20240520T092426,1151.99,7.5999,35.2410,30,-1.044266,15
CTD_CP_H,20240520T092426,1154.00,7.5799,35.2391,31,-1.044274,16
CTD_CP_H,20240520T092426,1156.01,7.5589,35.2369,29,-1.044271,14
CTD_CP_H,20240520T092426,1158.01,7.5529,35.2361,29,-1.044280,15
CTD_CP_H,20240520T092427,1160.00,7.5423,35.2347,28,-1.044265,14
CTD_CP_H,20240520T092427,1161.97,7.5328,35.2338,28,-1.044264,14
CTD_CP_H,20240520T092427,1163.99,7.5222,35.2325,28,-1.044303,14
CTD_CP_H,20240520T092427,1166.00,7.5040,35.2308,27,-1.044324,13
CTD_CP_H,20240520T092427,1168.00,7.4949,35.2313,27,-1.044345,14
CTD_CP_H,20240520T092427,1170.00,7.4791,35.2309,26,-1.044374,13
CTD_CP_H,20240520T092427,1171.98,7.4582,35.2285,26,-1.044351,13
CTD_CP_H,20240520T092427,1173.98,7.4468,35.2271,26,-1.044363,13
CTD_CP_H,20240520T092427,1176.00,7.4366,35.2258,26,-1.044354,13
CTD_CP_H,20240520T092427,1178.02,7.4321,35.2252,26,-1.044347,13
CTD_CP_H,20240520T092427,1180.00,7.4241,35.2241,25,-1.044365,12
CTD_CP_H,20240520T092427,1182.01,7.4103,35.2224,26,-1.044359,13
CTD_CP_H,20240520T092427,1184.02,7.3991,35.2211,24,-1.044342,12
CTD_CP_H,20240520T092428,1186.00,7.3883,35.2196,25,-1.044343,13
CTD_CP_H,20240520T092428,1188.01,7.3765,35.2185,25,-1.044339,12
CTD_CP_H,20240520T092428,1189.98,7.3609,35.2167,24,-1.044343,12
CTD_CP_H,20240520T092428,1191.97,7.3487,35.2150,25,-1.044360,13
CTD_CP_H,20240520T092428,1193.98,7.3362,35.2136,24,-1.044354,12
CTD_CP_H,20240520T092428,1195.96,7.3258,35.2132,24,-1.044401,12
CTD_CP_H,20240520T092428,1197.98,7.3236,35.2136,25,-1.044394,12
CTD_CP_H,20240520T092428,1200.01,7.3183,35.2127,24,-1.044388,12
CTD_CP_H,20240520T092428,1202.02,7.3090,35.2120,24,-1.044372,12
CTD_CP_H,20240520T092428,1203.99,7.2897,35.2104,23,-1.044364,12
CTD_CP_H,20240520T092428,1205.99,7.2859,35.2099,25,-1.044361,12
CTD_CP_H,20240520T092428,1208.00,7.2831,35.2091,23,-1.044368,12
CTD_CP_H,20240520T092428,1209.96,7.2741,35.2077,24,-1.044358,12
CTD_CP_H,20240520T092428,1211.97,7.2471,35.2041,24,-1.044363,12
CTD_CP_H,20240520T092429,1213.99,7.2213,35.2008,24,-1.044358,12
CTD_CP_H,20240520T092429,1216.01,7.2005,35.1991,24,-1.044366,12
CTD_CP_H,20240520T092429,1218.02,7.1871,35.1974,24,-1.044345,12
CTD_CP_H,20240520T092429,1220.00,7.1685,35.1956,23,-1.044342,11
CTD_CP_H,20240520T092429,1221.99,7.1598,35.1960,24,-1.044374,12
CTD_CP_H,20240520T092429,1224.03,7.1604,35.1966,24,-1.044410,12
CTD_CP_H,20240520T092429,1226.02,7.1609,35.1979,23,-1.044456,12
CTD_CP_H,20240520T092429,1228.01,7.1581,35.1976,24,-1.044471,12
CTD_CP_H,20240520T092429,1230.02,7.1450,35.1960,23,-1.044446,11
CTD_CP_H,20240520T092429,1231.98,7.1281,35.1942,23,-1.044434,12
CTD_CP_H,20240520T092429,1233.99,7.1181,35.1930,24,-1.044444,12
CTD_CP_H,20240520T092429,1236.02,7.1039,35.1915,24,-1.044425,12
CTD_CP_H,20240520T092429,1238.00,7.0871,35.1897,23,-1.044419,11
CTD_CP_H,20240520T092430,1239.97,7.0712,35.1879,24,-1.044422,12
CTD_CP_H,20240520T092430,1241.99,7.0680,35.1872,24,-1.044467,12
CTD_CP_H,20240520T092430,1243.98,7.0591,35.1861,24,-1.044462,12
CTD_CP_H,20240520T092430,1245.97,7.0387,35.1836,24,-1.044436,12
CTD_CP_H,20240520T092430,1248.00,7.0200,35.1808,25,-1.044435,13
CTD_CP_H,20240520T092430,1250.02,6.9902,35.1772,24,-1.044395,12
CTD_CP_H,20240520T092430,1252.02,6.9638,35.1739,24,-1.044394,12
CTD_CP_H,20240520T092430,1254.00,6.9449,35.1719,24,-1.044389,12
CTD_CP_H,20240520T092430,1256.00,6.9362,35.1709,25,-1.044405,12
CTD_CP_H,20240520T092430,1258.00,6.9243,35.1701,24,-1.044400,12
CTD_CP_H,20240520T092430,1259.99,6.9112,35.1690,25,-1.044394,13
CTD_CP_H,20240520T092430,1262.01,6.8944,35.1677,25,-1.044399,12
CTD_CP_H,20240520T092430,1264.00,6.8849,35.1669,24,-1.044410,12
CTD_CP_H,20240520T092430,1265.99,6.8818,35.1664,25,-1.044414,13
CTD_CP_H,20240520T092431,1267.99,6.8639,35.1651,24,-1.044433,12
CTD_CP_H,20240520T092431,1269.99,6.8508,35.1642,25,-1.044442,12
CTD_CP_H,20240520T092431,1272.01,6.8366,35.1626,25,-1.044441,13
CTD_CP_H,20240520T092431,1274.00,6.8231,35.1610,24,-1.044427,12
CTD_CP_H,20240520T092431,1276.01,6.8173,35.1605,25,-1.044424,12
CTD_CP_H,20240520T092431,1278.01,6.8139,35.1603,24,-1.044444,12
CTD_CP_H,20240520T092431,1279.99,6.8070,35.1597,25,-1.044479,13
CTD_CP_H,20240520T092431,1281.98,6.7923,35.1585,24,-1.044483,12
CTD_CP_H,20240520T092431,1283.98,6.7779,35.1575,25,-1.044494,12
CTD_CP_H,20240520T092431,1286.02,6.7709,35.1568,25,-1.044492,13
CTD_CP_H,20240520T092431,1288.02,6.7651,35.1578,24,-1.044501,12
CTD_CP_H,20240520T092431,1289.97,6.7566,35.1571,24,-1.044518,12
CTD_CP_H,20240520T092431,1291.98,6.7447,35.1561,25,-1.044504,12
CTD_CP_H,20240520T092432,1294.00,6.7381,35.1561,24,-1.044528,12
CTD_CP_H,20240520T092432,1295.98,6.7357,35.1558,24,-1.044531,12
CTD_CP_H,20240520T092432,1297.97,6.7397,35.1570,24,-1.044576,12
CTD_CP_H,20240520T092432,1299.99,6.7272,35.1569,25,-1.044594,13
CTD_CP_H,20240520T092432,1302.00,6.6944,35.1538,23,-1.044557,11
CTD_CP_H,20240520T092432,1303.97,6.6828,35.1525,24,-1.044554,12
CTD_CP_H,20240520T092432,1305.97,6.6759,35.1521,24,-1.044569,12
CTD_CP_H,20240520T092432,1307.98,6.6774,35.1530,24,-1.044623,12
CTD_CP_H,20240520T092432,1310.01,6.6788,35.1538,24,-1.044651,12
CTD_CP_H,20240520T092432,1311.99,6.6632,35.1524,23,-1.044642,12
CTD_CP_H,20240520T092432,1313.99,6.6479,35.1520,24,-1.044655,12
CTD_CP_H,20240520T092432,1316.00,6.6384,35.1521,23,-1.044687,11
CTD_CP_H,20240520T092432,1317.98,6.6317,35.1515,23,-1.044690,12
CTD_CP_H,20240520T092432,1320.00,6.6241,35.1505,24,-1.044708,12
CTD_CP_H,20240520T092433,1322.03,6.6159,35.1497,23,-1.044695,11
CTD_CP_H,20240520T092433,1324.03,6.5901,35.1479,23,-1.044683,12
CTD_CP_H,20240520T092433,1326.02,6.5862,35.1471,23,-1.044678,11
CTD_CP_H,20240520T092433,1328.01,6.5731,35.1458,23,-1.044677,12
CTD_CP_H,20240520T092433,1330.02,6.5500,35.1437,23,-1.044670,11
CTD_CP_H,20240520T092433,1331.98,6.5379,35.1423,22,-1.044684,11
CTD_CP_H,20240520T092433,1333.97,6.5254,35.1409,23,-1.044668,12
CTD_CP_H,20240520T092433,1336.00,6.5184,35.1404,23,-1.044695,11
CTD_CP_H,20240520T092433,1338.01,6.5098,35.1393,22,-1.044697,11
CTD_CP_H,20240520T092433,1340.02,6.4940,35.1379,23,-1.044705,12
CTD_CP_H,20240520T092433,1342.00,6.4833,35.1374,21,-1.044725,10
CTD_CP_H,20240520T092433,1343.96,6.4721,35.1365,22,-1.044710,11
CTD_CP_H,20240520T092433,1345.97,6.4619,35.1354,22,-1.044714,11
CTD_CP_H,20240520T092434,1347.98,6.4537,35.1344,22,-1.044707,11
CTD_CP_H,20240520T092434,1350.01,6.4428,35.1334,22,-1.044671,11
CTD_CP_H,20240520T092434,1352.03,6.4352,35.1322,22,-1.044688,11
CTD_CP_H,20240520T092434,1354.03,6.4253,35.1314,23,-1.044701,12
CTD_CP_H,20240520T092434,1356.02,6.4227,35.1317,27,-1.044731,13
CTD_CP_H,20240520T092434,1358.01,6.4182,35.1318,29,-1.044754,15
CTD_CP_H,20240520T092434,1360.02,6.4125,35.1314,28,-1.044739,14
CTD_CP_H,20240520T092434,1362.02,6.4035,35.1307,28,-1.044768,14
CTD_CP_H,20240520T092434,1364.03,6.3977,35.1306,28,-1.044788,14
CTD_CP_H,20240520T092434,1366.02,6.3905,35.1299,27,-1.044800,13
CTD_CP_H,20240520T092434,1367.99,6.3846,35.1293,27,-1.044822,14
CTD_CP_H,20240520T092434,1369.99,6.3770,35.1284,28,-1.044820,14
CTD_CP_H,20240520T092434,1372.00,6.3722,35.1276,27,-1.044812,13
CTD_CP_H,20240520T092434,1373.97,6.3687,35.1270,27,-1.044809,14
CTD_CP_H,20240520T092435,1375.99,6.3565,35.1254,28,-1.044780,14
CTD_CP_H,20240520T092435,1378.01,6.3340,35.1233,27,-1.044778,13
CTD_CP_H,20240520T092435,1380.00,6.3264,35.1219,27,-1.044739,14
CTD_CP_H,20240520T092435,1382.02,6.3024,35.1197,27,-1.044724,13
CTD_CP_H,20240520T092435,1384.01,6.2848,35.1179,26,-1.044690,13
CTD_CP_H,20240520T092435,1386.01,6.2773,35.1166,27,-1.044689,14
CTD_CP_H,20240520T092435,1388.00,6.2650,35.1156,26,-1.044681,13
CTD_CP_H,20240520T092435,1390.02,6.2554,35.1146,27,-1.044692,13
CTD_CP_H,20240520T092435,1392.01,6.2504,35.1143,25,-1.044707,13
CTD_CP_H,20240520T092435,1393.97,6.2457,35.1138,26,-1.044733,13
CTD_CP_H,20240520T092435,1395.99,6.2441,35.1138,26,-1.044740,13
CTD_CP_H,20240520T092435,1397.98,6.2410,35.1134,26,-1.044738,13
CTD_CP_H,20240520T092435,1399.99,6.2294,35.1125,26,-1.044756,13
CTD_CP_H,20240520T092436,1402.00,6.2144,35.1111,26,-1.044758,13
CTD_CP_H,20240520T092436,1404.02,6.1987,35.1097,26,-1.044750,13
CTD_CP_H,20240520T092436,1406.01,6.1777,35.1075,25,-1.044753,12
CTD_CP_H,20240520T092436,1407.98,6.1536,35.1053,25,-1.044740,13
CTD_CP_H,20240520T092436,1409.97,6.1359,35.1038,25,-1.044726,12
CTD_CP_H,20240520T092436,1411.99,6.1198,35.1020,26,-1.044713,13
CTD_CP_H,20240520T092436,1414.02,6.1054,35.1011,25,-1.044746,13
CTD_CP_H,20240520T092436,1416.01,6.0987,35.1011,25,-1.044770,12
CTD_CP_H,20240520T092436,1418.01,6.0908,35.1003,25,-1.044772,13
CTD_CP_H,20240520T092436,1420.01,6.0748,35.0996,25,-1.044790,12
CTD_CP_H,20240520T092436,1422.00,6.0619,35.0985,24,-1.044801,12
CTD_CP_H,20240520T092436,1424.00,6.0543,35.0977,25,-1.044758,13
CTD_CP_H,20240520T092436,1426.02,6.0369,35.0960,24,-1.044736,12
CTD_CP_H,20240520T092437,1427.99,6.0220,35.0943,24,-1.044720,12
CTD_CP_H,20240520T092437,1429.98,6.0081,35.0930,24,-1.044719,12
CTD_CP_H,20240520T092437,1431.98,5.9942,35.0917,24,-1.044709,12
CTD_CP_H,20240520T092437,1433.99,5.9806,35.0904,24,-1.044699,12
CTD_CP_H,20240520T092437,1436.00,5.9703,35.0889,24,-1.044688,12
CTD_CP_H,20240520T092437,1438.04,5.9568,35.0882,24,-1.044704,12
CTD_CP_H,20240520T092437,1440.03,5.9516,35.0874,23,-1.044711,11
CTD_CP_H,20240520T092437,1441.98,5.9457,35.0866,23,-1.044709,12
CTD_CP_H,20240520T092437,1443.99,5.9342,35.0857,24,-1.044710,12
CTD_CP_H,20240520T092437,1445.99,5.9265,35.0846,23,-1.044723,11
CTD_CP_H,20240520T092437,1447.99,5.9121,35.0833,24,-1.044690,12
CTD_CP_H,20240520T092437,1449.99,5.9092,35.0830,23,-1.044716,12
CTD_CP_H,20240520T092437,1452.01,5.8973,35.0823,24,-1.044728,12
CTD_CP_H,20240520T092437,1454.04,5.8858,35.0811,23,-1.044694,11
CTD_CP_H,20240520T092438,1456.03,5.8779,35.0804,23,-1.044702,12
CTD_CP_H,20240520T092438,1458.01,5.8718,35.0792,23,-1.044721,11
CTD_CP_H,20240520T092438,1460.00,5.8488,35.0777,23,-1.044697,12
CTD_CP_H,20240520T092438,1462.02,5.8311,35.0761,23,-1.044677,11
CTD_CP_H,20240520T092438,1464.02,5.8228,35.0753,23,-1.044704,12
CTD_CP_H,20240520T092438,1466.03,5.8167,35.0746,23,-1.044704,11
CTD_CP_H,20240520T092438,1468.01,5.8049,35.0733,22,-1.044689,11
CTD_CP_H,20240520T092438,1470.00,5.7953,35.0721,23,-1.044683,12
CTD_CP_H,20240520T092438,1472.00,5.7784,35.0705,22,-1.044673,11
CTD_CP_H,20240520T092438,1474.00,5.7641,35.0690,23,-1.044672,11
CTD_CP_H,20240520T092438,1476.02,5.7445,35.0675,22,-1.044620,11
CTD_CP_H,20240520T092438,1478.01,5.7305,35.0659,22,-1.044653,11
CTD_CP_H,20240520T092438,1479.99,5.7142,35.0646,22,-1.044626,11
CTD_CP_H,20240520T092438,1482.00,5.7104,35.0639,23,-1.044615,12
CTD_CP_H,20240520T092439,1484.01,5.7083,35.0637,24,-1.044653,12
CTD_CP_H,20240520T092439,1486.00,5.7000,35.0626,29,-1.044638,14
CTD_CP_H,20240520T092439,1488.00,5.6819,35.0608,29,-1.044604,15
CTD_CP_H,20240520T092439,1489.99,5.6648,35.0590,29,-1.044584,14
CTD_CP_H,20240520T092439,1491.98,5.6492,35.0573,28,-1.044579,14
CTD_CP_H,20240520T092439,1493.99,5.6282,35.0552,29,-1.044538,15
CTD_CP_H,20240520T092439,1496.00,5.6054,35.0533,28,-1.044500,14
CTD_CP_H,20240520T092439,1497.99,5.5988,35.0525,28,-1.044506,14
CTD_CP_H,20240520T092439,1499.99,5.5858,35.0513,28,-1.044508,14
CTD_CP_H,20240520T092439,1501.98,5.5739,35.0502,27,-1.044502,13
CTD_CP_H,20240520T092439,1503.97,5.5667,35.0496,27,-1.044484,14
CTD_CP_H,20240520T092439,1505.97,5.5572,35.0487,27,-1.044461,13
CTD_CP_H,20240520T092439,1507.98,5.5418,35.0474,27,-1.044468,14
CTD_CP_H,20240520T092440,1510.02,5.5338,35.0465,28,-1.044483,14
CTD_CP_H,20240520T092440,1512.03,5.5210,35.0452,26,-1.044489,13
CTD_CP_H,20240520T092440,1514.02,5.4978,35.0435,27,-1.044455,13
CTD_CP_H,20240520T092440,1516.01,5.4894,35.0424,26,-1.044476,13
CTD_CP_H,20240520T092440,1517.97,5.4832,35.0420,26,-1.044445,13
CTD_CP_H,20240520T092440,1519.98,5.4751,35.0413,27,-1.044431,14
CTD_CP_H,20240520T092440,1521.98,5.4640,35.0402,26,-1.044434,13
CTD_CP_H,20240520T092440,1523.99,5.4614,35.0398,27,-1.044428,13
CTD_CP_H,20240520T092440,1526.01,5.4572,35.0392,26,-1.044442,13
CTD_CP_H,20240520T092440,1528.01,5.4462,35.0383,26,-1.044439,13
CTD_CP_H,20240520T092440,1530.03,5.4399,35.0377,26,-1.044454,13
CTD_CP_H,20240520T092440,1532.01,5.4335,35.0369,25,-1.044440,13
CTD_CP_H,20240520T092440,1534.01,5.4204,35.0359,26,-1.044406,13
CTD_CP_H,20240520T092441,1536.02,5.4100,35.0348,25,-1.044436,12
CTD_CP_H,20240520T092441,1538.00,5.3919,35.0334,25,-1.044442,13
CTD_CP_H,20240520T092441,1539.99,5.3827,35.0329,25,-1.044462,12
CTD_CP_H,20240520T092441,1541.97,5.3801,35.0326,25,-1.044468,13
CTD_CP_H,20240520T092441,1544.01,5.3691,35.0319,26,-1.044485,13
CTD_CP_H,20240520T092441,1546.00,5.3626,35.0310,24,-1.044508,12
CTD_CP_H,20240520T092441,1547.98,5.3539,35.0303,26,-1.044461,13
CTD_CP_H,20240520T092441,1550.02,5.3421,35.0292,25,-1.044479,12
CTD_CP_H,20240520T092441,1552.02,5.3330,35.0282,25,-1.044482,13
CTD_CP_H,20240520T092441,1553.99,5.3245,35.0273,24,-1.044476,12
CTD_CP_H,20240520T092441,1555.98,5.3085,35.0252,25,-1.044437,12
CTD_CP_H,20240520T092441,1557.98,5.2863,35.0236,24,-1.044397,12
CTD_CP_H,20240520T092441,1560.00,5.2698,35.0224,25,-1.044396,13
CTD_CP_H,20240520T092441,1562.00,5.2649,35.0216,24,-1.044395,12
CTD_CP_H,20240520T092442,1563.97,5.2546,35.0207,24,-1.044375,12
CTD_CP_H,20240520T092442,1565.97,5.2363,35.0192,25,-1.044374,12
CTD_CP_H,20240520T092442,1567.98,5.2316,35.0184,24,-1.044375,12
CTD_CP_H,20240520T092442,1570.00,5.2240,35.0178,25,-1.044388,13
CTD_CP_H,20240520T092442,1572.00,5.2161,35.0170,24,-1.044373,12
CTD_CP_H,20240520T092442,1573.98,5.2065,35.0158,24,-1.044384,12
CTD_CP_H,20240520T092442,1576.00,5.1910,35.0146,25,-1.044366,12
CTD_CP_H,20240520T092442,1578.02,5.1755,35.0132,24,-1.044349,12
CTD_CP_H,20240520T092442,1579.99,5.1574,35.0117,24,-1.044331,12
CTD_CP_H,20240520T092442,1582.01,5.1479,35.0106,25,-1.044327,13
CTD_CP_H,20240520T092442,1584.04,5.1287,35.0089,24,-1.044286,12
CTD_CP_H,20240520T092442,1586.03,5.1197,35.0081,24,-1.044297,12
CTD_CP_H,20240520T092442,1587.99,5.1041,35.0067,23,-1.044281,11
CTD_CP_H,20240520T092443,1589.99,5.0925,35.0060,25,-1.044257,13
CTD_CP_H,20240520T092443,1592.03,5.0894,35.0053,24,-1.044271,12
CTD_CP_H,20240520T092443,1594.04,5.0852,35.0049,24,-1.044271,12
CTD_CP_H,20240520T092443,1596.05,5.0730,35.0037,24,-1.044250,12
CTD_CP_H,20240520T092443,1598.00,5.0667,35.0030,23,-1.044245,11
CTD_CP_H,20240520T092443,1600.00,5.0590,35.0023,25,-1.044245,13
CTD_CP_H,20240520T092443,1602.01,5.0488,35.0007,23,-1.044221,11
CTD_CP_H,20240520T092443,1604.02,5.0225,34.9985,25,-1.044185,13
CTD_CP_H,20240520T092443,1606.04,5.0083,34.9973,24,-1.044181,12
CTD_CP_H,20240520T092443,1608.04,4.9934,34.9959,24,-1.044141,12
CTD_CP_H,20240520T092443,1610.01,4.9735,34.9941,23,-1.044114,11
CTD_CP_H,20240520T092443,1612.00,4.9566,34.9929,25,-1.044111,13
CTD_CP_H,20240520T092443,1614.03,4.9489,34.9918,24,-1.044118,12
CTD_CP_H,20240520T092443,1616.02,4.9366,34.9910,24,-1.044099,12
CTD_CP_H,20240520T092444,1618.00,4.9270,34.9899,24,-1.044070,12
CTD_CP_H,20240520T092444,1619.97,4.9179,34.9893,24,-1.044058,12
CTD_CP_H,20240520T092444,1621.98,4.9064,34.9881,25,-1.044060,12
CTD_CP_H,20240520T092444,1624.02,4.8972,34.9870,24,-1.044062,12
CTD_CP_H,20240520T092444,1626.02,4.8773,34.9850,24,-1.044063,12
CTD_CP_H,20240520T092444,1628.01,4.8614,34.9849,24,-1.044025,12
CTD_CP_H,20240520T092444,1629.98,4.8503,34.9827,24,-1.044012,12
CTD_CP_H,20240520T092444,1632.00,4.8367,34.9815,25,-1.044020,13
CTD_CP_H,20240520T092444,1634.04,4.8204,34.9804,24,-1.044033,12
CTD_CP_H,20240520T092444,1636.03,4.8046,34.9791,24,-1.044017,12
CTD_CP_H,20240520T092444,1638.03,4.7840,34.9777,24,-1.044010,12
CTD_CP_H,20240520T092444,1640.03,4.7782,34.9773,24,-1.044006,12
CTD_CP_H,20240520T092444,1642.03,4.7735,34.9765,24,-1.044003,12
CTD_CP_H,20240520T092445,1644.04,4.7647,34.9759,24,-1.043983,12
CTD_CP_H,20240520T092445,1646.00,4.7536,34.9748,23,-1.043959,11
CTD_CP_H,20240520T092445,1647.98,4.7444,34.9747,24,-1.043978,12
CTD_CP_H,20240520T092445,1650.01,4.7423,34.9740,24,-1.044005,12
CTD_CP_H,20240520T092445,1652.04,4.7385,34.9741,24,-1.043990,12
CTD_CP_H,20240520T092445,1654.02,4.7274,34.9735,23,-1.043958,12
CTD_CP_H,20240520T092445,1655.99,4.7213,34.9725,24,-1.043985,12
CTD_CP_H,20240520T092445,1658.03,4.7087,34.9715,24,-1.043974,12
CTD_CP_H,20240520T092445,1660.01,4.6963,34.9702,23,-1.043972,11
CTD_CP_H,20240520T092445,1661.98,4.6820,34.9688,24,-1.043965,12
CTD_CP_H,20240520T092445,1664.01,4.6720,34.9680,24,-1.043969,12
CTD_CP_H,20240520T092445,1666.00,4.6639,34.9671,23,-1.043940,12
CTD_CP_H,20240520T092445,1667.99,4.6468,34.9655,24,-1.043913,12
CTD_CP_H,20240520T092445,1669.98,4.6340,34.9647,23,-1.043922,11
CTD_CP_H,20240520T092446,1671.99,4.6235,34.9636,24,-1.043903,12
CTD_CP_H,20240520T092446,1673.99,4.6158,34.9629,23,-1.043892,12
CTD_CP_H,20240520T092446,1675.98,4.6062,34.9621,24,-1.043858,12
CTD_CP_H,20240520T092446,1678.01,4.5893,34.9608,23,-1.043838,11
CTD_CP_H,20240520T092446,1680.02,4.5737,34.9593,23,-1.043826,12
CTD_CP_H,20240520T092446,1682.01,4.5692,34.9588,23,-1.043838,11
CTD_CP_H,20240520T092446,1684.02,4.5567,34.9576,24,-1.043827,12
CTD_CP_H,20240520T092446,1686.03,4.5386,34.9560,24,-1.043792,12
CTD_CP_H,20240520T092446,1688.04,4.5251,34.9549,29,-1.043787,15
CTD_CP_H,20240520T092446,1690.03,4.5106,34.9540,31,-1.043778,15
CTD_CP_H,20240520T092446,1692.02,4.5070,34.9539,31,-1.043779,16
CTD_CP_H,20240520T092446,1694.00,4.5075,34.9544,31,-1.043824,15
CTD_CP_H,20240520T092446,1696.02,4.4991,34.9543,31,-1.043858,16
CTD_CP_H,20240520T092447,1698.01,4.4958,34.9543,30,-1.043896,15
CTD_CP_H,20240520T092447,1699.98,4.4903,34.9540,30,-1.043887,15
CTD_CP_H,20240520T092447,1702.00,4.4784,34.9528,31,-1.043890,15
CTD_CP_H,20240520T092447,1704.00,4.4627,34.9514,29,-1.043868,15
CTD_CP_H,20240520T092447,1705.98,4.4502,34.9502,30,-1.043843,15
CTD_CP_H,20240520T092447,1708.01,4.4380,34.9493,30,-1.043828,15
CTD_CP_H,20240520T092447,1710.00,4.4225,34.9479,29,-1.043818,14
CTD_CP_H,20240520T092447,1711.99,4.4144,34.9471,29,-1.043801,15
CTD_CP_H,20240520T092447,1713.98,4.3938,34.9455,29,-1.043768,14
CTD_CP_H,20240520T092447,1715.99,4.3881,34.9450,29,-1.043772,15
CTD_CP_H,20240520T092447,1717.98,4.3834,34.9449,28,-1.043777,14
CTD_CP_H,20240520T092447,1719.95,4.3803,34.9441,28,-1.043775,14
CTD_CP_H,20240520T092447,1721.96,4.3680,34.9433,29,-1.043727,14
CTD_CP_H,20240520T092447,1723.99,4.3545,34.9418,29,-1.043710,15
CTD_CP_H,20240520T092448,1725.99,4.3491,34.9411,28,-1.043696,14
CTD_CP_H,20240520T092448,1727.98,4.3389,34.9402,28,-1.043697,14
CTD_CP_H,20240520T092448,1729.99,4.3237,34.9384,28,-1.043703,14
CTD_CP_H,20240520T092448,1732.01,4.3111,34.9381,28,-1.043670,14
CTD_CP_H,20240520T092448,1734.00,4.2969,34.9366,27,-1.043621,13
CTD_CP_H,20240520T092448,1735.99,4.2889,34.9359,27,-1.043585,14
CTD_CP_H,20240520T092448,1737.98,4.2809,34.9352,27,-1.043586,13
CTD_CP_H,20240520T092448,1739.97,4.2721,34.9339,27,-1.043555,14
CTD_CP_H,20240520T092448,1742.00,4.2595,34.9325,27,-1.043547,13
CTD_CP_H,20240520T092448,1743.99,4.2552,34.9321,26,-1.043540,13
CTD_CP_H,20240520T092448,1746.00,4.2487,34.9317,27,-1.043547,14
CTD_CP_H,20240520T092448,1748.03,4.2406,34.9309,26,-1.043534,13
CTD_CP_H,20240520T092448,1750.03,4.2328,34.9304,26,-1.043547,13
CTD_CP_H,20240520T092449,1752.01,4.2294,34.9295,25,-1.043539,12
CTD_CP_H,20240520T092449,1753.98,4.2237,34.9289,26,-1.043537,13
CTD_CP_H,20240520T092449,1756.01,4.2069,34.9272,26,-1.043515,13
CTD_CP_H,20240520T092449,1758.01,4.1940,34.9263,25,-1.043495,13
CTD_CP_H,20240520T092449,1759.96,4.1826,34.9253,25,-1.043461,12
CTD_CP_H,20240520T092449,1762.00,4.1651,34.9234,26,-1.043443,13
CTD_CP_H,20240520T092449,1764.00,4.1509,34.9226,24,-1.043422,12
CTD_CP_H,20240520T092449,1765.97,4.1443,34.9218,25,-1.043445,13
CTD_CP_H,20240520T092449,1767.98,4.1360,34.9209,25,-1.043416,12
CTD_CP_H,20240520T092449,1770.00,4.1265,34.9202,25,-1.043407,13
CTD_CP_H,20240520T092449,1771.99,4.1181,34.9197,24,-1.043376,12
CTD_CP_H,20240520T092449,1774.00,4.1087,34.9186,25,-1.043351,12
CTD_CP_H,20240520T092449,1776.03,4.0981,34.9172,24,-1.043350,12
CTD_CP_H,20240520T092449,1778.03,4.0884,34.9170,24,-1.043345,12
CTD_CP_H,20240520T092450,1780.00,4.0775,34.9163,24,-1.043331,12
CTD_CP_H,20240520T092450,1781.99,4.0722,34.9154,24,-1.043306,12
CTD_CP_H,20240520T092450,1783.99,4.0596,34.9144,24,-1.043293,12
CTD_CP_H,20240520T092450,1785.98,4.0474,34.9135,24,-1.043272,12
CTD_CP_H,20240520T092450,1787.97,4.0393,34.9124,24,-1.043280,12
CTD_CP_H,20240520T092450,1790.00,4.0309,34.9116,24,-1.043284,12
CTD_CP_H,20240520T092450,1792.00,4.0200,34.9108,23,-1.043259,12
CTD_CP_H,20240520T092450,1793.99,4.0096,34.9097,24,-1.043234,12
CTD_CP_H,20240520T092450,1795.99,4.0026,34.9089,23,-1.043206,11
CTD_CP_H,20240520T092450,1797.96,3.9926,34.9082,23,-1.043184,12
CTD_CP_H,20240520T092450,1799.99,3.9810,34.9076,24,-1.043175,12
CTD_CP_H,20240520T092450,1802.04,3.9759,34.9071,23,-1.043188,11
CTD_CP_H,20240520T092450,1804.00,3.9646,34.9062,22,-1.043172,11
CTD_CP_H,20240520T092451,1805.97,3.9603,34.9053,23,-1.043181,12
CTD_CP_H,20240520T092451,1808.00,3.9551,34.9050,23,-1.043192,11
CTD_CP_H,20240520T092451,1810.02,3.9439,34.9041,23,-1.043176,12
CTD_CP_H,20240520T092451,1812.01,3.9375,34.9033,22,-1.043166,11
CTD_CP_H,20240520T092451,1814.01,3.9250,34.9023,23,-1.043129,11
CTD_CP_H,20240520T092451,1816.01,3.9077,34.9009,22,-1.043102,11
CTD_CP_H,20240520T092451,1818.02,3.8960,34.8999,23,-1.043109,12
CTD_CP_H,20240520T092451,1820.03,3.8901,34.8996,22,-1.043098,11
CTD_CP_H,20240520T092451,1821.99,3.8843,34.8992,22,-1.043077,11
CTD_CP_H,20240520T092451,1823.99,3.8794,34.8982,23,-1.043075,11
CTD_CP_H,20240520T092451,1826.01,3.8736,34.8981,22,-1.043086,11
CTD_CP_H,20240520T092451,1828.01,3.8714,34.8979,23,-1.043071,12
CTD_CP_H,20240520T092451,1830.01,3.8658,34.8968,22,-1.043054,11
CTD_CP_H,20240520T092451,1831.98,3.8564,34.8960,22,-1.043008,11
CTD_CP_H,20240520T092452,1834.00,3.8392,34.8949,23,-1.043003,11
CTD_CP_H,20240520T092452,1836.03,3.8296,34.8939,22,-1.042990,11
CTD_CP_H,20240520T092452,1838.02,3.8243,34.8933,22,-1.042976,11
CTD_CP_H,20240520T092452,1840.00,3.8177,34.8927,22,-1.042988,11
CTD_CP_H,20240520T092452,1842.00,3.8075,34.8918,22,-1.042948,11
CTD_CP_H,20240520T092452,1844.02,3.7963,34.8911,22,-1.042937,11
CTD_CP_H,20240520T092452,1846.04,3.7896,34.8902,22,-1.042911,11
CTD_CP_H,20240520T092452,1848.02,3.7828,34.8898,21,-1.042899,11
CTD_CP_H,20240520T092452,1849.97,3.7764,34.8890,22,-1.042895,11
CTD_CP_H,20240520T092452,1852.00,3.7692,34.8886,22,-1.042881,11
CTD_CP_H,20240520T092452,1853.98,3.7529,34.8872,21,-1.042851,10
CTD_CP_H,20240520T092452,1855.96,3.7397,34.8858,22,-1.042810,11
CTD_CP_H,20240520T092452,1857.99,3.7326,34.8853,22,-1.042806,11
CTD_CP_H,20240520T092453,1860.02,3.7280,34.8849,22,-1.042815,11
CTD_CP_H,20240520T092453,1862.01,3.7230,34.8845,22,-1.042793,11
CTD_CP_H,20240520T092453,1864.00,3.7143,34.8837,25,-1.042796,13
CTD_CP_H,20240520T092453,1866.00,3.7111,34.8834,29,-1.042791,14
CTD_CP_H,20240520T092453,1868.00,3.7021,34.8828,28,-1.042788,14
CTD_CP_H,20240520T092453,1870.01,3.6943,34.8821,29,-1.042785,15
CTD_CP_H,20240520T092453,1872.03,3.6897,34.8818,28,-1.042751,14
CTD_CP_H,20240520T092453,1874.02,3.6867,34.8814,28,-1.042764,14
CTD_CP_H,20240520T092453,1875.99,3.6810,34.8809,27,-1.042735,13
CTD_CP_H,20240520T092453,1877.97,3.6720,34.8799,28,-1.042733,14
CTD_CP_H,20240520T092453,1879.98,3.6641,34.8793,28,-1.042727,14
CTD_CP_H,20240520T092453,1881.98,3.6552,34.8787,28,-1.042728,14
CTD_CP_H,20240520T092453,1884.02,3.6478,34.8781,28,-1.042701,14
CTD_CP_H,20240520T092453,1886.02,3.6434,34.8777,27,-1.042690,14
CTD_CP_H,20240520T092454,1888.00,3.6392,34.8772,27,-1.042702,13
CTD_CP_H,20240520T092454,1889.99,3.6370,34.8771,27,-1.042720,14
CTD_CP_H,20240520T092454,1892.00,3.6368,34.8768,28,-1.042728,14
CTD_CP_H,20240520T092454,1894.00,3.6361,34.8770,26,-1.042728,13
CTD_CP_H,20240520T092454,1895.99,3.6311,34.8767,28,-1.042710,14
CTD_CP_H,20240520T092454,1898.00,3.6230,34.8754,26,-1.042711,13
CTD_CP_H,20240520T092454,1899.99,3.6125,34.8749,27,-1.042682,13
CTD_CP_H,20240520T092454,1902.00,3.6022,34.8740,26,-1.042681,13
CTD_CP_H,20240520T092454,1904.00,3.5898,34.8733,27,-1.042654,14
CTD_CP_H,20240520T092454,1906.00,3.5797,34.8722,26,-1.042612,13
CTD_CP_H,20240520T092454,1907.98,3.5720,34.8710,26,-1.042600,13
CTD_CP_H,20240520T092454,1910.00,3.5634,34.8708,27,-1.042615,13
CTD_CP_H,20240520T092454,1912.01,3.5523,34.8700,26,-1.042583,13
CTD_CP_H,20240520T092455,1913.98,3.5464,34.8693,26,-1.042575,13
CTD_CP_H,20240520T092455,1915.97,3.5402,34.8686,26,-1.042573,13
CTD_CP_H,20240520T092455,1917.98,3.5325,34.8682,26,-1.042539,13
CTD_CP_H,20240520T092455,1920.01,3.5248,34.8679,26,-1.042543,13
CTD_CP_H,20240520T092455,1921.99,3.5200,34.8670,25,-1.042558,13
CTD_CP_H,20240520T092455,1923.98,3.5150,34.8672,26,-1.042540,13
CTD_CP_H,20240520T092455,1926.00,3.5122,34.8664,26,-1.042550,13
CTD_CP_H,20240520T092455,1928.01,3.5073,34.8660,25,-1.042542,12
CTD_CP_H,20240520T092455,1930.01,3.5006,34.8653,26,-1.042538,13
CTD_CP_H,20240520T092455,1932.00,3.4928,34.8647,25,-1.042523,13
CTD_CP_H,20240520T092455,1934.00,3.4829,34.8638,26,-1.042503,13
CTD_CP_H,20240520T092455,1936.01,3.4768,34.8632,25,-1.042497,12
CTD_CP_H,20240520T092455,1937.99,3.4727,34.8631,25,-1.042499,13
CTD_CP_H,20240520T092456,1939.98,3.4693,34.8630,25,-1.042484,12
CTD_CP_H,20240520T092456,1942.01,3.4608,34.8621,26,-1.042476,13
CTD_CP_H,20240520T092456,1944.02,3.4527,34.8616,25,-1.042470,13
CTD_CP_H,20240520T092456,1946.02,3.4449,34.8610,25,-1.042447,12
CTD_CP_H,20240520T092456,1948.02,3.4391,34.8606,25,-1.042428,13
CTD_CP_H,20240520T092456,1950.02,3.4325,34.8600,25,-1.042410,12
CTD_CP_H,20240520T092456,1952.00,3.4270,34.8596,24,-1.042385,12
CTD_CP_H,20240520T092456,1954.00,3.4203,34.8590,25,-1.042396,13
CTD_CP_H,20240520T092456,1956.00,3.4147,34.8588,24,-1.042387,12
CTD_CP_H,20240520T092456,1957.99,3.4105,34.8583,25,-1.042374,12
CTD_CP_H,20240520T092456,1960.02,3.4077,34.8580,25,-1.042379,13
CTD_CP_H,20240520T092456,1961.99,3.4039,34.8574,24,-1.042366,12
CTD_CP_H,20240520T092456,1963.98,3.3966,34.8572,25,-1.042363,12
CTD_CP_H,20240520T092456,1966.01,3.3945,34.8567,25,-1.042361,13
CTD_CP_H,20240520T092457,1968.00,3.3894,34.8563,24,-1.042358,12
CTD_CP_H,20240520T092457,1970.00,3.3767,34.8556,25,-1.042339,12
CTD_CP_H,20240520T092457,1972.03,3.3728,34.8551,25,-1.042345,13
CTD_CP_H,20240520T092457,1974.02,3.3716,34.8547,24,-1.042347,12
CTD_CP_H,20240520T092457,1976.00,3.3619,34.8542,25,-1.042319,12
CTD_CP_H,20240520T092457,1977.99,3.3510,34.8532,24,-1.042303,12
CTD_CP_H,20240520T092457,1980.00,3.3419,34.8523,25,-1.042266,13
CTD_CP_H,20240520T092457,1982.01,3.3327,34.8518,24,-1.042260,12
CTD_CP_H,20240520T092457,1984.01,3.3276,34.8515,25,-1.042262,12
CTD_CP_H,20240520T092457,1986.02,3.3218,34.8509,24,-1.042251,12
CTD_CP_H,20240520T092457,1988.00,3.3139,34.8504,24,-1.042248,12
CTD_CP_H,20240520T092457,1990.01,3.3056,34.8500,25,-1.042228,13
CTD_CP_H,20240520T092457,1992.01,3.3000,34.8495,24,-1.042229,12
CTD_CP_H,20240520T092458,1993.99,3.2963,34.8491,24,-1.042244,7
CTD_CP_H,20240520T092458,1995.97,3.2949,34.8489,24,nan,0
CTD_CP_H,20240520T092458,1997.29,3.2936,34.8484,8,nan,0
GPS,20240520T092606,18.037348,67.919601,4
CTD_P,20240520T092608,-0.08
