Message,20240628T214529,Firmware: 07/21/23 18:56:40 2.17.4 STD IRID Final
Message,20240628T214529,Username: f10469
GPS,20240628T214529,17.794687,67.769310,9
GPS,20240628T220046,17.793566,67.770676,11
CTD_P,20240628T220048,-0.30
FLBB_CFG,20240628T220050,695,700
Message,20240628T220050,Park Descent Mission
CTD_P,20240628T220053,-0.31
CTD_P,20240628T220207,-0.09
CTD_P,20240628T220309,0.01
CTD_P,20240628T220411,-0.13
CTD_P,20240628T220514,0.13
CTD_P,20240628T220616,0.27
CTD_P,20240628T220718,1.14
CTD_P,20240628T220820,4.02
CTD_P,20240628T220923,12.28
CTD_P,20240628T221025,23.25
CTD_P,20240628T221127,35.45
CTD_P,20240628T221229,47.36
CTD_P,20240628T221332,57.22
CTD_P,20240628T221406,62.87
CTD_P,20240628T221407,63.11
CTD_P,20240628T221509,73.74
CTD_P,20240628T231512,489.13
CTD_P,20240629T001515,758.84
CTD_P,20240629T010927,897.00
CTD_P,20240629T015042,948.49
CTD_P,20240629T023338,965.56
CTD_P,20240629T023441,966.07
CTD_P,20240629T023544,966.59
CTD_P,20240629T023558,966.72
CTD_P,20240629T023700,967.71
CTD_P,20240629T031251,994.36
CTD_P,20240629T032311,998.41
CTD_P,20240629T033451,1001.71
Message,20240629T033454,Park Mission
CTD_P,20240629T033457,1001.70
CTD_PTSH,20240629T033519,1001.70,8.5655,35.3400,-1.040678
CTD_P,20240629T033520,1001.73
CTD_P,20240629T043453,1004.23
CTD_PTSH,20240629T043516,1004.20,8.5418,35.3430,-1.041250
CTD_P,20240629T043517,1004.19
CTD_P,20240629T053518,1008.44
CTD_PTSH,20240629T053541,1008.50,8.4795,35.3390,-1.041310
CTD_P,20240629T053542,1008.46
CTD_P,20240629T063543,1011.95
CTD_PTSH,20240629T063606,1012.00,8.4496,35.3320,-1.041352
CTD_P,20240629T063607,1011.95
CTD_P,20240629T073608,1013.13
CTD_PTSH,20240629T073631,1013.10,8.4580,35.3310,-1.041370
CTD_P,20240629T073632,1013.06
CTD_P,20240629T083633,1012.80
CTD_PTSH,20240629T083656,1012.70,8.4210,35.3290,-1.041380
CTD_P,20240629T083657,1012.71
CTD_P,20240629T093658,1014.77
CTD_PTSH,20240629T093721,1014.90,8.3596,35.3220,-1.041448
CTD_P,20240629T093722,1014.91
CTD_P,20240629T103723,1015.46
CTD_PTSH,20240629T103746,1015.50,8.3557,35.3230,-1.041499
CTD_P,20240629T103747,1015.50
CTD_P,20240629T113748,1014.49
CTD_PTSH,20240629T113811,1014.50,8.3828,35.3230,-1.041450
CTD_P,20240629T113812,1014.47
CTD_P,20240629T123813,1018.88
CTD_PTSH,20240629T123836,1018.90,8.4157,35.3270,-1.041520
CTD_P,20240629T123837,1018.90
CTD_P,20240629T133838,1020.04
CTD_PTSH,20240629T133901,1020.10,8.4202,35.3290,-1.041512
CTD_P,20240629T133902,1020.07
CTD_P,20240629T143903,1020.70
CTD_PTSH,20240629T143926,1020.70,8.4540,35.3340,-1.041520
CTD_P,20240629T143927,1020.69
CTD_P,20240629T153928,1020.28
CTD_PTSH,20240629T153951,1020.10,8.4476,35.3300,-1.041562
CTD_P,20240629T153952,1020.12
CTD_P,20240629T163953,1016.72
CTD_PTSH,20240629T164016,1016.70,8.4151,35.3300,-1.041582
CTD_P,20240629T164017,1016.67
CTD_P,20240629T174018,1020.94
CTD_PTSH,20240629T174041,1020.90,8.3676,35.3220,-1.041569
CTD_P,20240629T174042,1020.93
CTD_P,20240629T184043,1018.07
CTD_PTSH,20240629T184106,1018.00,8.3638,35.3210,-1.041581
CTD_P,20240629T184107,1018.00
CTD_P,20240629T194108,1018.66
CTD_PTSH,20240629T194131,1018.70,8.3403,35.3220,-1.041600
CTD_P,20240629T194132,1018.68
CTD_P,20240629T204133,1020.34
CTD_PTSH,20240629T204156,1020.30,8.3433,35.3220,-1.041616
CTD_P,20240629T204157,1020.31
CTD_P,20240629T214158,1020.91
CTD_PTSH,20240629T214221,1020.90,8.3509,35.3200,-1.041613
CTD_P,20240629T214222,1020.82
CTD_P,20240629T224223,1023.25
CTD_PTSH,20240629T224246,1023.30,8.3417,35.3180,-1.041575
CTD_P,20240629T224247,1023.28
CTD_P,20240629T234248,1019.62
CTD_PTSH,20240629T234311,1019.50,8.3373,35.3200,-1.041619
CTD_P,20240629T234312,1019.49
CTD_P,20240630T004313,1021.98
CTD_PTSH,20240630T004336,1022.00,8.3240,35.3200,-1.041639
CTD_P,20240630T004337,1022.05
CTD_P,20240630T014338,1020.13
CTD_PTSH,20240630T014401,1020.10,8.3324,35.3180,-1.041640
CTD_P,20240630T014402,1020.09
CTD_P,20240630T024403,1023.09
CTD_PTSH,20240630T024426,1023.10,8.3182,35.3170,-1.041677
CTD_P,20240630T024427,1023.16
CTD_P,20240630T034428,1024.69
CTD_PTSH,20240630T034451,1024.70,8.3377,35.3200,-1.041669
CTD_P,20240630T034452,1024.71
CTD_P,20240630T044453,1022.06
CTD_PTSH,20240630T044516,1022.00,8.3407,35.3220,-1.041666
CTD_P,20240630T044517,1022.02
CTD_P,20240630T054518,1020.36
CTD_PTSH,20240630T054541,1020.40,8.3396,35.3220,-1.041676
CTD_P,20240630T054542,1020.39
CTD_P,20240630T064543,1025.75
CTD_PTSH,20240630T064606,1025.70,8.3356,35.3180,-1.041684
CTD_P,20240630T064607,1025.73
CTD_P,20240630T074608,1024.09
CTD_PTSH,20240630T074631,1024.10,8.3410,35.3200,-1.041686
CTD_P,20240630T074632,1024.06
CTD_P,20240630T084633,1026.21
CTD_PTSH,20240630T084656,1026.20,8.3509,35.3220,-1.041640
CTD_P,20240630T084657,1026.20
CTD_P,20240630T094658,1025.34
CTD_PTSH,20240630T094721,1025.30,8.3723,35.3240,-1.041692
CTD_P,20240630T094722,1025.33
CTD_P,20240630T104723,1026.16
CTD_PTSH,20240630T104746,1026.20,8.3793,35.3240,-1.041669
CTD_P,20240630T104747,1026.16
CTD_P,20240630T114748,1002.06
CTD_PTSH,20240630T114811,1002.00,8.5614,35.3460,-1.041556
CTD_P,20240630T114812,1002.00
CTD_P,20240630T124813,1000.97
CTD_PTSH,20240630T124836,1000.90,8.5525,35.3420,-1.041579
CTD_P,20240630T124837,1000.95
CTD_P,20240630T134838,1002.55
CTD_PTSH,20240630T134901,1002.50,8.5514,35.3420,-1.041502
CTD_P,20240630T134902,1002.50
CTD_P,20240630T144903,1003.33
CTD_PTSH,20240630T144926,1003.20,8.5813,35.3450,-1.041526
CTD_P,20240630T144927,1003.23
CTD_P,20240630T154928,1004.52
CTD_PTSH,20240630T154951,1004.50,8.6101,35.3480,-1.041544
CTD_P,20240630T154952,1004.50
CTD_P,20240630T164953,1005.37
CTD_PTSH,20240630T165016,1005.40,8.6137,35.3460,-1.041579
CTD_P,20240630T165017,1005.34
CTD_P,20240630T175018,1004.48
CTD_PTSH,20240630T175041,1004.50,8.6064,35.3450,-1.041545
CTD_P,20240630T175042,1004.43
CTD_P,20240630T185043,1002.55
CTD_PTSH,20240630T185106,1002.50,8.5757,35.3440,-1.041558
CTD_P,20240630T185107,1002.48
CTD_P,20240630T195108,1000.50
CTD_PTSH,20240630T195131,1000.50,8.5440,35.3440,-1.041569
CTD_P,20240630T195132,1000.46
CTD_P,20240630T205133,997.60
CTD_PTSH,20240630T205156,997.60,8.4960,35.3420,-1.041554
CTD_P,20240630T205157,997.60
CTD_P,20240630T215158,999.71
CTD_PTSH,20240630T215221,999.70,8.4728,35.3340,-1.041574
CTD_P,20240630T215222,999.68
CTD_P,20240630T225223,998.23
CTD_PTSH,20240630T225246,998.20,8.4789,35.3340,-1.041611
CTD_P,20240630T225247,998.18
CTD_P,20240630T235248,1001.96
CTD_PTSH,20240630T235311,1001.90,8.4708,35.3330,-1.041610
CTD_P,20240630T235312,1001.93
CTD_P,20240701T005313,999.29
CTD_PTSH,20240701T005336,999.30,8.4576,35.3370,-1.041582
CTD_P,20240701T005337,999.33
CTD_P,20240701T015338,1001.22
CTD_PTSH,20240701T015401,1001.20,8.4572,35.3320,-1.041560
CTD_P,20240701T015402,1001.25
CTD_P,20240701T025403,1001.10
CTD_PTSH,20240701T025426,1001.20,8.4566,35.3330,-1.041574
CTD_P,20240701T025427,1001.16
CTD_P,20240701T035428,999.35
CTD_PTSH,20240701T035451,999.30,8.3974,35.3280,-1.041598
CTD_P,20240701T035452,999.29
CTD_P,20240701T045453,999.64
CTD_PTSH,20240701T045516,999.60,8.4060,35.3300,-1.041571
CTD_P,20240701T045517,999.59
CTD_P,20240701T055518,1000.97
CTD_PTSH,20240701T055541,1000.90,8.4029,35.3250,-1.041629
CTD_P,20240701T055542,1000.91
CTD_P,20240701T065543,1004.43
CTD_PTSH,20240701T065606,1004.40,8.4427,35.3270,-1.041623
CTD_P,20240701T065607,1004.41
CTD_P,20240701T075608,1000.25
CTD_PTSH,20240701T075631,1000.20,8.4152,35.3290,-1.041586
CTD_P,20240701T075632,1000.25
CTD_P,20240701T085633,999.59
CTD_PTSH,20240701T085656,999.60,8.3607,35.3220,-1.041657
CTD_P,20240701T085657,999.59
CTD_P,20240701T095658,1004.41
CTD_PTSH,20240701T095721,1004.40,8.4434,35.3310,-1.041595
CTD_P,20240701T095722,1004.45
CTD_P,20240701T105723,1003.62
CTD_PTSH,20240701T105746,1003.50,8.4676,35.3330,-1.041627
CTD_P,20240701T105747,1003.51
CTD_P,20240701T115748,1003.97
CTD_PTSH,20240701T115811,1003.90,8.4861,35.3360,-1.041588
CTD_P,20240701T115812,1003.91
CTD_P,20240701T125813,1002.76
CTD_PTSH,20240701T125836,1002.70,8.4718,35.3360,-1.041564
CTD_P,20240701T125837,1002.72
CTD_P,20240701T135838,1004.56
CTD_PTSH,20240701T135901,1004.60,8.4686,35.3330,-1.041597
CTD_P,20240701T135902,1004.54
CTD_P,20240701T145903,1009.26
CTD_PTSH,20240701T145926,1009.20,8.5271,35.3410,-1.041608
CTD_P,20240701T145927,1009.17
CTD_P,20240701T155928,1006.01
CTD_PTSH,20240701T155951,1006.10,8.5445,35.3420,-1.041581
CTD_P,20240701T155952,1006.06
CTD_P,20240701T165953,1007.43
CTD_PTSH,20240701T170016,1007.40,8.6177,35.3480,-1.041538
CTD_P,20240701T170017,1007.39
CTD_P,20240701T180018,1006.28
CTD_PTSH,20240701T180041,1006.30,8.6151,35.3490,-1.041569
CTD_P,20240701T180042,1006.27
CTD_P,20240701T190043,1008.18
CTD_PTSH,20240701T190106,1008.10,8.6440,35.3520,-1.041543
CTD_P,20240701T190107,1008.14
CTD_P,20240701T200108,1005.11
CTD_PTSH,20240701T200131,1005.10,8.5845,35.3480,-1.041561
CTD_P,20240701T200132,1005.04
CTD_P,20240701T210133,998.21
CTD_PTSH,20240701T210156,998.00,8.5381,35.3450,-1.041535
CTD_P,20240701T210157,998.04
CTD_P,20240701T220158,1001.36
CTD_PTSH,20240701T220221,1001.40,8.4512,35.3370,-1.041593
CTD_P,20240701T220222,1001.39
CTD_P,20240701T230223,1001.72
CTD_PTSH,20240701T230246,1001.80,8.4329,35.3330,-1.041566
CTD_P,20240701T230247,1001.78
CTD_P,20240702T000248,1007.96
CTD_PTSH,20240702T000311,1007.80,8.4977,35.3370,-1.041555
CTD_P,20240702T000312,1007.79
CTD_P,20240702T010313,1000.99
CTD_PTSH,20240702T010336,1000.90,8.4890,35.3350,-1.041563
CTD_P,20240702T010337,1000.86
CTD_P,20240702T020338,1000.11
CTD_PTSH,20240702T020401,1000.00,8.4192,35.3270,-1.041570
CTD_P,20240702T020402,999.99
CTD_P,20240702T030403,999.66
CTD_PTSH,20240702T030426,999.60,8.3580,35.3240,-1.041616
CTD_P,20240702T030427,999.60
CTD_P,20240702T040428,1002.88
CTD_PTSH,20240702T040451,1002.80,8.3707,35.3210,-1.041615
CTD_P,20240702T040452,1002.77
CTD_P,20240702T050453,1005.73
CTD_PTSH,20240702T050516,1005.80,8.4042,35.3270,-1.041615
CTD_P,20240702T050517,1005.75
CTD_P,20240702T060518,1006.67
CTD_PTSH,20240702T060541,1006.70,8.4576,35.3300,-1.041561
CTD_P,20240702T060542,1006.65
CTD_P,20240702T070543,1003.50
CTD_PTSH,20240702T070606,1003.40,8.4817,35.3380,-1.041574
CTD_P,20240702T070607,1003.43
CTD_P,20240702T080608,1007.18
CTD_PTSH,20240702T080631,1007.20,8.4534,35.3300,-1.041541
CTD_P,20240702T080632,1007.23
CTD_P,20240702T090633,1001.76
CTD_PTSH,20240702T090656,1001.70,8.4162,35.3300,-1.041608
CTD_P,20240702T090657,1001.66
CTD_P,20240702T100658,1003.23
CTD_PTSH,20240702T100721,1003.30,8.3828,35.3270,-1.041575
CTD_P,20240702T100722,1003.28
CTD_P,20240702T110723,1007.00
CTD_PTSH,20240702T110746,1007.00,8.4046,35.3270,-1.041639
CTD_P,20240702T110747,1006.96
CTD_P,20240702T120748,1005.59
CTD_PTSH,20240702T120811,1005.60,8.4473,35.3320,-1.041588
CTD_P,20240702T120812,1005.55
CTD_P,20240702T130813,1006.95
CTD_PTSH,20240702T130836,1006.90,8.4550,35.3310,-1.041596
CTD_P,20240702T130837,1006.91
CTD_P,20240702T140838,1005.15
CTD_PTSH,20240702T140901,1005.10,8.4574,35.3330,-1.041589
CTD_P,20240702T140902,1005.11
CTD_P,20240702T150903,1006.92
CTD_PTSH,20240702T150926,1006.90,8.4574,35.3320,-1.041541
CTD_P,20240702T150927,1006.89
CTD_P,20240702T160928,1007.04
CTD_PTSH,20240702T160951,1007.00,8.4994,35.3360,-1.041551
CTD_P,20240702T160952,1007.01
CTD_P,20240702T170953,1007.91
CTD_PTSH,20240702T171016,1007.80,8.5413,35.3390,-1.041582
CTD_P,20240702T171017,1007.78
CTD_P,20240702T181018,1005.53
CTD_PTSH,20240702T181041,1005.50,8.5185,35.3400,-1.041554
CTD_P,20240702T181042,1005.56
CTD_P,20240702T191043,1008.56
CTD_PTSH,20240702T191106,1008.50,8.5275,35.3400,-1.041564
CTD_P,20240702T191107,1008.46
CTD_P,20240702T201108,1005.50
CTD_PTSH,20240702T201131,1005.50,8.4695,35.3330,-1.041568
CTD_P,20240702T201132,1005.49
CTD_P,20240702T211133,1007.63
CTD_PTSH,20240702T211156,1007.70,8.4527,35.3320,-1.041539
CTD_P,20240702T211157,1007.65
CTD_P,20240702T221158,1003.60
CTD_PTSH,20240702T221221,1003.50,8.4433,35.3330,-1.041533
CTD_P,20240702T221222,1003.47
CTD_P,20240702T231223,1008.95
CTD_PTSH,20240702T231246,1008.90,8.4280,35.3290,-1.041571
CTD_P,20240702T231247,1008.91
CTD_P,20240703T001248,1003.27
CTD_PTSH,20240703T001311,1003.10,8.4107,35.3280,-1.041581
CTD_P,20240703T001312,1003.09
CTD_P,20240703T011313,1004.54
CTD_PTSH,20240703T011336,1004.60,8.3895,35.3240,-1.041583
CTD_P,20240703T011337,1004.57
CTD_P,20240703T021338,1003.23
CTD_PTSH,20240703T021401,1003.10,8.3874,35.3250,-1.041586
CTD_P,20240703T021402,1003.08
CTD_P,20240703T031403,1005.52
CTD_PTSH,20240703T031426,1005.50,8.3611,35.3230,-1.041591
CTD_P,20240703T031427,1005.48
CTD_P,20240703T041428,1002.54
CTD_PTSH,20240703T041451,1002.60,8.3146,35.3190,-1.041621
CTD_P,20240703T041452,1002.61
CTD_P,20240703T051453,1006.54
CTD_PTSH,20240703T051516,1006.50,8.3420,35.3210,-1.041567
CTD_P,20240703T051517,1006.57
CTD_P,20240703T061518,1005.49
CTD_PTSH,20240703T061541,1005.50,8.3570,35.3220,-1.041559
CTD_P,20240703T061542,1005.44
CTD_P,20240703T071543,1007.59
CTD_PTSH,20240703T071606,1007.60,8.4074,35.3300,-1.041580
CTD_P,20240703T071607,1007.63
CTD_P,20240703T081608,1007.68
CTD_PTSH,20240703T081631,1007.70,8.4571,35.3320,-1.041548
CTD_P,20240703T081632,1007.63
CTD_P,20240703T091633,1010.65
CTD_PTSH,20240703T091656,1010.70,8.4795,35.3350,-1.041541
CTD_P,20240703T091657,1010.69
CTD_P,20240703T101658,1010.45
CTD_PTSH,20240703T101721,1010.30,8.5247,35.3390,-1.041606
CTD_P,20240703T101722,1010.25
CTD_P,20240703T111723,1006.12
CTD_PTSH,20240703T111746,1006.00,8.4770,35.3360,-1.041571
CTD_P,20240703T111747,1006.02
CTD_P,20240703T121748,1006.39
CTD_PTSH,20240703T121811,1006.40,8.4418,35.3340,-1.041538
CTD_P,20240703T121812,1006.44
CTD_P,20240703T131813,1008.97
CTD_PTSH,20240703T131836,1009.00,8.4480,35.3300,-1.041571
CTD_P,20240703T131837,1008.98
CTD_P,20240703T141838,1009.52
CTD_PTSH,20240703T141901,1009.50,8.4976,35.3370,-1.041552
CTD_P,20240703T141902,1009.50
CTD_P,20240703T151903,1009.28
CTD_PTSH,20240703T151926,1009.30,8.4807,35.3350,-1.041567
CTD_P,20240703T151927,1009.32
CTD_P,20240703T161928,1010.60
CTD_PTSH,20240703T161951,1010.50,8.5004,35.3380,-1.041532
CTD_P,20240703T161952,1010.47
CTD_P,20240703T171953,1009.29
CTD_PTSH,20240703T172016,1009.30,8.4940,35.3360,-1.041530
CTD_P,20240703T172017,1009.31
CTD_P,20240703T182018,1010.41
CTD_PTSH,20240703T182041,1010.40,8.5012,35.3380,-1.041576
CTD_P,20240703T182042,1010.36
CTD_P,20240703T192043,1007.13
CTD_PTSH,20240703T192106,1007.10,8.4533,35.3360,-1.041540
CTD_P,20240703T192107,1007.15
CTD_P,20240703T202108,1004.95
CTD_PTSH,20240703T202131,1005.00,8.4090,35.3320,-1.041589
CTD_P,20240703T202132,1005.01
CTD_P,20240703T212133,1004.71
CTD_PTSH,20240703T212156,1004.70,8.3918,35.3310,-1.041585
CTD_P,20240703T212157,1004.74
CTD_P,20240703T222158,1006.27
CTD_PTSH,20240703T222221,1006.20,8.3910,35.3250,-1.041609
CTD_P,20240703T222222,1006.22
CTD_P,20240703T232223,1004.08
CTD_PTSH,20240703T232246,1004.00,8.3833,35.3290,-1.041565
CTD_P,20240703T232247,1003.98
CTD_P,20240704T002248,1007.09
CTD_PTSH,20240704T002311,1007.10,8.3476,35.3210,-1.041560
CTD_P,20240704T002312,1007.14
CTD_P,20240704T012313,1009.09
CTD_PTSH,20240704T012336,1009.10,8.3874,35.3240,-1.041611
CTD_P,20240704T012337,1009.05
CTD_P,20240704T022338,1004.20
CTD_PTSH,20240704T022401,1004.10,8.3549,35.3230,-1.041548
CTD_P,20240704T022402,1004.11
CTD_P,20240704T032403,1004.61
CTD_PTSH,20240704T032426,1004.60,8.3009,35.3160,-1.041600
CTD_P,20240704T032427,1004.55
CTD_P,20240704T042428,1000.55
CTD_PTSH,20240704T042451,1000.50,8.2550,35.3140,-1.041612
CTD_P,20240704T042452,1000.53
CTD_P,20240704T052453,1007.92
CTD_PTSH,20240704T052516,1007.90,8.2564,35.3140,-1.041587
CTD_P,20240704T052517,1007.90
CTD_P,20240704T062518,1006.58
CTD_PTSH,20240704T062541,1006.70,8.2795,35.3150,-1.041603
CTD_P,20240704T062542,1006.72
CTD_P,20240704T072543,1011.63
CTD_PTSH,20240704T072606,1011.60,8.3800,35.3250,-1.041617
CTD_P,20240704T072607,1011.57
CTD_P,20240704T082608,1008.46
CTD_PTSH,20240704T082631,1008.40,8.3973,35.3280,-1.041576
CTD_P,20240704T082632,1008.41
CTD_P,20240704T092633,1009.71
CTD_PTSH,20240704T092656,1009.70,8.3949,35.3250,-1.041570
CTD_P,20240704T092657,1009.70
CTD_P,20240704T102658,1010.76
CTD_PTSH,20240704T102721,1010.70,8.4529,35.3330,-1.041586
CTD_P,20240704T102722,1010.70
CTD_P,20240704T112723,1006.62
CTD_PTSH,20240704T112746,1006.60,8.4381,35.3320,-1.041560
CTD_P,20240704T112747,1006.59
CTD_P,20240704T122748,1010.06
CTD_PTSH,20240704T122811,1010.10,8.4866,35.3360,-1.041576
CTD_P,20240704T122812,1010.10
CTD_P,20240704T132813,1008.73
CTD_PTSH,20240704T132836,1008.70,8.4875,35.3390,-1.041546
CTD_P,20240704T132837,1008.72
CTD_P,20240704T142838,1010.10
CTD_PTSH,20240704T142901,1010.10,8.4870,35.3360,-1.041585
CTD_P,20240704T142902,1010.09
CTD_P,20240704T152903,1002.96
CTD_PTSH,20240704T152926,1003.00,8.4914,35.3390,-1.041483
CTD_P,20240704T152927,1002.99
CTD_P,20240704T162928,1010.54
CTD_PTSH,20240704T162951,1010.50,8.4832,35.3370,-1.041531
CTD_P,20240704T162952,1010.45
CTD_P,20240704T172953,1008.03
CTD_PTSH,20240704T173016,1008.00,8.4489,35.3320,-1.041526
CTD_P,20240704T173017,1008.03
CTD_P,20240704T183018,1006.65
CTD_PTSH,20240704T183041,1006.60,8.4163,35.3290,-1.041574
CTD_P,20240704T183042,1006.58
CTD_P,20240704T193043,1009.19
CTD_PTSH,20240704T193106,1009.20,8.4137,35.3280,-1.041582
CTD_P,20240704T193107,1009.20
CTD_P,20240704T203108,1011.12
CTD_PTSH,20240704T203131,1011.10,8.4207,35.3290,-1.041536
CTD_P,20240704T203132,1011.09
CTD_P,20240704T213133,1007.04
CTD_PTSH,20240704T213156,1007.00,8.3987,35.3280,-1.041537
CTD_P,20240704T213157,1006.98
CTD_P,20240704T223158,1007.23
CTD_PTSH,20240704T223221,1007.10,8.3872,35.3260,-1.041554
CTD_P,20240704T223222,1007.12
CTD_P,20240704T233223,1007.38
CTD_PTSH,20240704T233246,1007.40,8.3235,35.3200,-1.041616
CTD_P,20240704T233247,1007.43
CTD_P,20240705T003248,1008.59
CTD_PTSH,20240705T003311,1008.50,8.3533,35.3220,-1.041567
CTD_P,20240705T003312,1008.52
CTD_P,20240705T013313,1006.25
CTD_PTSH,20240705T013336,1006.30,8.3296,35.3200,-1.041550
CTD_P,20240705T013337,1006.26
CTD_P,20240705T023338,1007.38
CTD_PTSH,20240705T023401,1007.30,8.3203,35.3180,-1.041547
CTD_P,20240705T023402,1007.31
CTD_P,20240705T033403,1005.85
CTD_PTSH,20240705T033426,1005.90,8.2773,35.3160,-1.041568
CTD_P,20240705T033427,1005.86
CTD_P,20240705T043428,1008.76
CTD_PTSH,20240705T043451,1008.70,8.3080,35.3190,-1.041590
CTD_P,20240705T043452,1008.78
CTD_P,20240705T053453,1009.61
CTD_PTSH,20240705T053516,1009.60,8.3631,35.3230,-1.041611
CTD_P,20240705T053517,1009.61
CTD_P,20240705T063518,1011.13
CTD_PTSH,20240705T063541,1011.10,8.4082,35.3270,-1.041573
CTD_P,20240705T063542,1011.10
CTD_P,20240705T073543,1009.87
CTD_PTSH,20240705T073606,1009.90,8.3898,35.3260,-1.041579
CTD_P,20240705T073607,1009.90
CTD_P,20240705T083608,1009.31
CTD_PTSH,20240705T083631,1009.20,8.3965,35.3260,-1.041555
CTD_P,20240705T083632,1009.20
CTD_P,20240705T093633,1004.58
CTD_PTSH,20240705T093656,1004.70,8.3924,35.3300,-1.041521
CTD_P,20240705T093657,1004.72
CTD_P,20240705T103658,1012.06
CTD_PTSH,20240705T103721,1012.00,8.4121,35.3290,-1.041536
CTD_P,20240705T103722,1012.01
CTD_P,20240705T113723,1010.60
CTD_PTSH,20240705T113746,1010.60,8.4494,35.3300,-1.041510
CTD_P,20240705T113747,1010.55
CTD_P,20240705T123748,1009.88
CTD_PTSH,20240705T123811,1009.70,8.4728,35.3350,-1.041514
CTD_P,20240705T123812,1009.69
CTD_P,20240705T133813,1005.64
CTD_PTSH,20240705T133836,1005.70,8.4664,35.3340,-1.041523
CTD_P,20240705T133837,1005.67
CTD_P,20240705T143838,1010.92
CTD_PTSH,20240705T143901,1011.00,8.4594,35.3330,-1.041479
CTD_P,20240705T143902,1010.95
CTD_P,20240705T153903,1011.46
CTD_PTSH,20240705T153926,1011.50,8.4616,35.3350,-1.041505
CTD_P,20240705T153927,1011.53
CTD_P,20240705T163928,1010.02
CTD_PTSH,20240705T163951,1009.90,8.4741,35.3340,-1.041529
CTD_P,20240705T163952,1009.86
CTD_P,20240705T173953,1007.62
CTD_PTSH,20240705T174016,1007.70,8.3938,35.3300,-1.041515
CTD_P,20240705T174017,1007.68
CTD_P,20240705T184018,1007.11
CTD_PTSH,20240705T184041,1007.10,8.3874,35.3270,-1.041538
CTD_P,20240705T184042,1007.03
CTD_P,20240705T194043,1006.80
CTD_PTSH,20240705T194106,1006.80,8.3395,35.3220,-1.041578
CTD_P,20240705T194107,1006.77
CTD_P,20240705T204108,1002.29
CTD_PTSH,20240705T204131,1002.20,8.3051,35.3230,-1.041556
CTD_P,20240705T204132,1002.22
CTD_P,20240705T214133,1007.40
CTD_PTSH,20240705T214156,1007.40,8.2869,35.3150,-1.041537
CTD_P,20240705T214157,1007.36
CTD_P,20240705T224158,1005.98
CTD_PTSH,20240705T224221,1006.00,8.2558,35.3120,-1.041567
CTD_P,20240705T224222,1005.99
CTD_P,20240705T234223,1009.17
CTD_PTSH,20240705T234246,1009.20,8.3075,35.3170,-1.041529
CTD_P,20240705T234247,1009.20
CTD_P,20240706T004248,1008.96
CTD_PTSH,20240706T004311,1009.00,8.3165,35.3190,-1.041533
CTD_P,20240706T004312,1009.00
CTD_P,20240706T014313,1006.58
CTD_PTSH,20240706T014336,1006.60,8.3311,35.3190,-1.041544
CTD_P,20240706T014337,1006.58
CTD_P,20240706T024338,1009.56
CTD_PTSH,20240706T024401,1009.60,8.3317,35.3200,-1.041544
CTD_P,20240706T024402,1009.57
CTD_P,20240706T034403,1012.35
CTD_PTSH,20240706T034426,1012.40,8.3444,35.3200,-1.041564
CTD_P,20240706T034427,1012.40
CTD_P,20240706T044428,1005.22
CTD_PTSH,20240706T044451,1005.10,8.3387,35.3230,-1.041576
CTD_P,20240706T044452,1005.10
CTD_P,20240706T054453,1010.56
CTD_PTSH,20240706T054516,1010.60,8.3339,35.3200,-1.041574
CTD_P,20240706T054517,1010.54
CTD_P,20240706T064518,1009.32
CTD_PTSH,20240706T064541,1009.30,8.3516,35.3240,-1.041510
CTD_P,20240706T064542,1009.33
CTD_P,20240706T074543,1009.40
CTD_PTSH,20240706T074606,1009.40,8.3383,35.3190,-1.041568
CTD_P,20240706T074607,1009.39
CTD_P,20240706T084608,1011.10
CTD_PTSH,20240706T084631,1011.20,8.3589,35.3220,-1.041501
CTD_P,20240706T084632,1011.13
CTD_P,20240706T094633,1009.92
CTD_PTSH,20240706T094656,1009.80,8.3894,35.3250,-1.041490
CTD_P,20240706T094657,1009.79
CTD_P,20240706T104658,1011.21
CTD_PTSH,20240706T104721,1011.20,8.3838,35.3250,-1.041515
CTD_P,20240706T104722,1011.19
CTD_P,20240706T114723,1012.83
CTD_PTSH,20240706T114746,1012.80,8.4539,35.3310,-1.041485
CTD_P,20240706T114747,1012.73
CTD_P,20240706T124748,1012.56
CTD_PTSH,20240706T124811,1012.50,8.4581,35.3330,-1.041532
CTD_P,20240706T124812,1012.52
CTD_P,20240706T134813,1012.14
CTD_PTSH,20240706T134836,1012.10,8.4749,35.3360,-1.041542
CTD_P,20240706T134837,1012.11
CTD_P,20240706T144838,1010.70
CTD_PTSH,20240706T144901,1010.70,8.4549,35.3290,-1.041518
CTD_P,20240706T144902,1010.75
CTD_P,20240706T154903,1012.29
CTD_PTSH,20240706T154926,1012.20,8.4540,35.3320,-1.041525
CTD_P,20240706T154927,1012.17
CTD_P,20240706T164928,1011.85
CTD_PTSH,20240706T164951,1011.80,8.4421,35.3290,-1.041512
CTD_P,20240706T164952,1011.83
CTD_P,20240706T174953,1013.33
CTD_PTSH,20240706T175016,1013.30,8.4550,35.3320,-1.041495
CTD_P,20240706T175017,1013.25
CTD_P,20240706T185018,1010.22
CTD_PTSH,20240706T185041,1010.20,8.4311,35.3330,-1.041553
CTD_P,20240706T185042,1010.19
CTD_P,20240706T195043,1008.74
CTD_PTSH,20240706T195106,1008.70,8.4152,35.3300,-1.041504
CTD_P,20240706T195107,1008.72
CTD_P,20240706T205108,1007.70
CTD_PTSH,20240706T205131,1007.70,8.3555,35.3240,-1.041520
CTD_P,20240706T205132,1007.65
CTD_P,20240706T215133,1005.59
CTD_PTSH,20240706T215156,1005.70,8.2663,35.3150,-1.041563
CTD_P,20240706T215157,1005.67
CTD_P,20240706T225158,1008.68
CTD_PTSH,20240706T225221,1008.60,8.2981,35.3180,-1.041570
CTD_P,20240706T225222,1008.66
CTD_P,20240706T235223,1008.73
CTD_PTSH,20240706T235246,1008.70,8.2682,35.3120,-1.041533
CTD_P,20240706T235247,1008.72
CTD_P,20240707T005248,1007.66
CTD_PTSH,20240707T005311,1007.60,8.2844,35.3160,-1.041534
CTD_P,20240707T005312,1007.65
CTD_P,20240707T015313,1006.58
CTD_PTSH,20240707T015336,1006.60,8.2919,35.3190,-1.041559
CTD_P,20240707T015337,1006.57
CTD_P,20240707T025338,1000.31
CTD_PTSH,20240707T025401,1000.40,8.2088,35.3090,-1.041511
CTD_P,20240707T025402,1000.46
CTD_P,20240707T035403,1003.11
CTD_PTSH,20240707T035426,1003.20,8.1747,35.3070,-1.041606
CTD_P,20240707T035427,1003.14
CTD_P,20240707T045428,1009.32
CTD_PTSH,20240707T045451,1009.30,8.2222,35.3100,-1.041574
CTD_P,20240707T045452,1009.29
CTD_P,20240707T055453,1011.84
CTD_PTSH,20240707T055516,1011.90,8.2785,35.3140,-1.041571
CTD_P,20240707T055517,1011.85
CTD_P,20240707T065518,1009.22
CTD_PTSH,20240707T065541,1009.20,8.2840,35.3170,-1.041503
CTD_P,20240707T065542,1009.26
CTD_P,20240707T075543,1009.68
CTD_PTSH,20240707T075606,1009.60,8.3123,35.3180,-1.041548
CTD_P,20240707T075607,1009.60
CTD_P,20240707T085608,1010.96
CTD_PTSH,20240707T085631,1011.00,8.3189,35.3190,-1.041524
CTD_P,20240707T085632,1011.00
CTD_P,20240707T095633,1012.67
CTD_PTSH,20240707T095656,1012.60,8.3307,35.3200,-1.041532
CTD_P,20240707T095657,1012.66
CTD_P,20240707T105658,1013.07
CTD_PTSH,20240707T105721,1013.10,8.4228,35.3280,-1.041442
CTD_P,20240707T105722,1013.03
CTD_P,20240707T115723,1017.34
CTD_PTSH,20240707T115746,1017.40,8.4708,35.3340,-1.041501
CTD_P,20240707T115747,1017.36
CTD_P,20240707T125748,1016.97
CTD_PTSH,20240707T125811,1016.90,8.5584,35.3420,-1.041498
CTD_P,20240707T125812,1016.86
CTD_P,20240707T135813,1013.99
CTD_PTSH,20240707T135836,1013.90,8.5152,35.3380,-1.041442
CTD_P,20240707T135837,1013.91
CTD_P,20240707T145838,1009.34
CTD_PTSH,20240707T145901,1009.30,8.4723,35.3350,-1.041468
CTD_P,20240707T145902,1009.34
CTD_P,20240707T155903,1013.44
CTD_PTSH,20240707T155926,1013.50,8.4739,35.3330,-1.041476
CTD_P,20240707T155927,1013.52
CTD_P,20240707T165928,1015.00
CTD_PTSH,20240707T165951,1015.00,8.4760,35.3350,-1.041485
CTD_P,20240707T165952,1015.02
CTD_P,20240707T175953,1011.95
CTD_PTSH,20240707T180016,1012.00,8.4898,35.3370,-1.041461
CTD_P,20240707T180017,1011.94
CTD_P,20240707T190018,1006.35
CTD_PTSH,20240707T190041,1006.30,8.4125,35.3270,-1.041448
CTD_P,20240707T190042,1006.23
CTD_P,20240707T200043,1005.50
CTD_PTSH,20240707T200106,1005.70,8.3260,35.3200,-1.041480
CTD_P,20240707T200107,1005.71
CTD_P,20240707T210108,1009.05
CTD_PTSH,20240707T210131,1009.00,8.2999,35.3160,-1.041534
CTD_P,20240707T210132,1009.00
CTD_P,20240707T220133,1007.92
CTD_PTSH,20240707T220156,1007.90,8.3121,35.3200,-1.041527
CTD_P,20240707T220157,1007.85
CTD_P,20240707T230158,1007.33
CTD_PTSH,20240707T230221,1007.50,8.2592,35.3150,-1.041491
CTD_P,20240707T230222,1007.52
CTD_P,20240708T000223,1008.55
CTD_PTSH,20240708T000246,1008.30,8.3097,35.3180,-1.041494
CTD_P,20240708T000247,1008.31
CTD_P,20240708T010248,1008.52
CTD_PTSH,20240708T010311,1008.60,8.2592,35.3140,-1.041481
CTD_P,20240708T010312,1008.63
CTD_P,20240708T020313,1008.91
CTD_PTSH,20240708T020336,1008.90,8.2431,35.3110,-1.041487
CTD_P,20240708T020337,1008.94
CTD_P,20240708T030338,1008.38
CTD_PTSH,20240708T030401,1008.30,8.2553,35.3130,-1.041471
CTD_P,20240708T030402,1008.28
CTD_P,20240708T040403,1008.31
CTD_PTSH,20240708T040426,1008.30,8.2368,35.3120,-1.041509
CTD_P,20240708T040427,1008.31
CTD_P,20240708T050428,1010.82
CTD_PTSH,20240708T050451,1010.80,8.2915,35.3150,-1.041481
CTD_P,20240708T050452,1010.73
CTD_P,20240708T060453,1008.70
CTD_PTSH,20240708T060516,1008.70,8.3041,35.3180,-1.041529
CTD_P,20240708T060517,1008.65
CTD_P,20240708T070518,1011.45
CTD_PTSH,20240708T070541,1011.50,8.3147,35.3190,-1.041533
CTD_P,20240708T070542,1011.57
CTD_P,20240708T080543,1013.00
CTD_PTSH,20240708T080606,1013.10,8.3249,35.3190,-1.041503
CTD_P,20240708T080607,1013.08
CTD_P,20240708T085949,1012.04
CTD_PTSH,20240708T090012,1012.10,8.3788,35.3230,-1.041474
CTD_P,20240708T090013,1012.03
Message,20240708T090015,Deep Descent Mission
CTD_P,20240708T090018,1012.05
CTD_P,20240708T090121,1013.50
CTD_P,20240708T090223,1018.49
CTD_P,20240708T090325,1025.51
CTD_P,20240708T090428,1034.22
CTD_P,20240708T090511,1041.14
CTD_P,20240708T090512,1041.31
CTD_P,20240708T090614,1051.68
CTD_P,20240708T091117,1101.97
CTD_P,20240708T091620,1152.13
CTD_P,20240708T092123,1201.88
CTD_P,20240708T092626,1249.64
CTD_P,20240708T093129,1295.36
CTD_P,20240708T093632,1339.76
CTD_P,20240708T094135,1383.00
CTD_P,20240708T094638,1425.36
CTD_P,20240708T095141,1467.75
CTD_P,20240708T095644,1509.74
CTD_P,20240708T100147,1550.62
CTD_P,20240708T100650,1589.61
CTD_P,20240708T101153,1627.71
CTD_P,20240708T101656,1664.41
CTD_P,20240708T102159,1700.19
CTD_P,20240708T102702,1735.34
CTD_P,20240708T103205,1770.08
CTD_P,20240708T103708,1804.06
CTD_P,20240708T104211,1837.57
CTD_P,20240708T104714,1870.76
CTD_P,20240708T105217,1903.46
CTD_P,20240708T105720,1936.12
CTD_P,20240708T110223,1968.64
CTD_P,20240708T110726,2000.35
Message,20240708T110729,ASCENT
CTD_P,20240708T110732,2000.95
CTD_P,20240708T110745,2002.33
CTD_P,20240708T110817,2005.41
CTD_P,20240708T110926,2010.45
CTD_P,20240708T110931,2010.69
CTD_P,20240708T110933,2010.76
CTD_P,20240708T111032,2013.02
CTD_P,20240708T111117,2013.97
CTD_P,20240708T111218,2012.60
CTD_P,20240708T111303,2010.40
CTD_P,20240708T111404,2005.90
CTD_P,20240708T111448,2002.37
CTD_P,20240708T111519,1999.40
CTD_P,20240708T111521,1999.27
Message,20240708T111523,CP Started
CTD_P,20240708T111558,1995.66
CTD_PTS,20240708T111600,1995.46,3.1061,34.8349
O2,20240708T111648,109.86430,26.20496,3.10379,47.74702,49.11302,56.97995,7.86693,1021.76703,865.73468,752.16632
FLBB,20240708T111651,57,115,568
CTD_P,20240708T111654,1990.32
CTD_P,20240708T112156,1962.72
NO3,20240708T112205,43.20
CTD_P,20240708T112210,1961.46
CTD_P,20240708T112712,1935.60
CTD_P,20240708T113213,1911.07
CTD_P,20240708T113431,1900.08
CTD_P,20240708T113435,1899.79
CTD_PTS,20240708T113437,1899.64,3.4323,34.8612
O2,20240708T113526,100.16350,24.10380,3.43644,48.47181,49.83781,57.76030,7.92249,1035.74304,864.27271,742.48639
FLBB,20240708T113529,55,114,567
CTD_P,20240708T113531,1895.50
CTD_P,20240708T113715,1887.28
CTD_P,20240708T114217,1864.07
CTD_P,20240708T114719,1840.68
CTD_P,20240708T114801,1837.18
CTD_P,20240708T114903,1831.17
CTD_P,20240708T115405,1800.99
CTD_P,20240708T115417,1799.88
CTD_PTS,20240708T115419,1799.70,3.8410,34.8953
O2,20240708T115507,87.54507,21.29179,3.83707,49.50840,50.87440,58.80086,7.92645,1055.39197,861.88123,730.77698
FLBB,20240708T115511,58,114,567
CTD_P,20240708T115513,1794.37
CTD_P,20240708T115907,1771.03
CTD_P,20240708T120409,1741.43
CTD_P,20240708T120911,1712.95
CTD_P,20240708T121131,1700.54
CTD_P,20240708T121139,1699.77
CTD_PTS,20240708T121141,1699.60,4.2002,34.9276
O2,20240708T121230,77.04778,18.91470,4.19269,50.43872,51.80472,59.73398,7.92926,1072.47803,859.68011,720.33667
FLBB,20240708T121233,56,115,566
CTD_P,20240708T121235,1694.88
CTD_P,20240708T121415,1686.44
CTD_P,20240708T121917,1661.97
CTD_P,20240708T122419,1639.26
CTD_P,20240708T122921,1617.98
CTD_P,20240708T123338,1600.61
CTD_P,20240708T123350,1599.82
CTD_PTS,20240708T123353,1599.71,4.6836,34.9715
O2,20240708T123441,64.90377,16.14080,4.68861,51.58436,52.95036,60.88074,7.93037,1092.38403,856.26001,705.70508
FLBB,20240708T123444,57,115,565
CTD_P,20240708T123446,1596.14
CTD_P,20240708T123529,1593.04
CTD_P,20240708T123631,1587.58
CTD_P,20240708T124133,1560.49
CTD_P,20240708T124635,1533.71
CTD_P,20240708T125136,1507.47
CTD_P,20240708T125303,1499.97
CTD_PTS,20240708T125305,1499.83,5.3457,35.0305
O2,20240708T125354,49.70225,12.57250,5.34817,53.18675,54.55275,62.48445,7.93170,1118.69202,851.53387,686.11609
FLBB,20240708T125357,56,114,564
CTD_P,20240708T125359,1495.23
CTD_P,20240708T125639,1481.80
CTD_P,20240708T130141,1457.81
CTD_P,20240708T130643,1436.08
CTD_P,20240708T131145,1416.48
CTD_P,20240708T131227,1413.67
CTD_P,20240708T131329,1408.60
CTD_P,20240708T131517,1399.85
CTD_PTS,20240708T131519,1399.68,5.9223,35.0856
O2,20240708T131608,38.85376,9.97610,5.93333,54.44422,55.81022,63.74141,7.93119,1138.30798,847.25500,668.61572
FLBB,20240708T131611,59,115,563
CTD_P,20240708T131613,1395.42
CTD_P,20240708T131831,1384.75
CTD_P,20240708T132333,1362.36
CTD_P,20240708T132835,1339.94
CTD_P,20240708T132917,1336.50
CTD_P,20240708T133019,1330.62
CTD_P,20240708T133521,1300.63
CTD_P,20240708T133530,1299.75
CTD_PTS,20240708T133532,1299.55,6.6265,35.1508
O2,20240708T133621,28.68754,7.49631,6.62983,55.72517,57.09117,65.02010,7.92893,1156.68799,842.03009,647.64020
FLBB,20240708T133624,56,118,562
CTD_P,20240708T133626,1294.05
CTD_P,20240708T134023,1270.25
CTD_P,20240708T134525,1240.58
CTD_P,20240708T135027,1212.00
CTD_P,20240708T135236,1200.40
CTD_P,20240708T135244,1199.72
CTD_PTS,20240708T135246,1199.55,7.1312,35.1981
O2,20240708T135335,22.45328,5.94141,7.13355,56.57627,57.94227,65.86853,7.92626,1169.03699,838.37097,632.37439
FLBB,20240708T135338,57,117,562
CTD_P,20240708T135340,1194.75
CTD_P,20240708T135529,1185.33
CTD_P,20240708T140031,1160.48
CTD_P,20240708T140533,1137.81
CTD_P,20240708T141035,1117.30
CTD_P,20240708T141452,1101.11
CTD_P,20240708T141512,1099.90
CTD_PTS,20240708T141514,1099.76,7.7817,35.2670
O2,20240708T141603,14.74231,3.96604,7.80363,57.72463,59.09063,67.02072,7.93009,1184.55200,833.20728,611.94489
FLBB,20240708T141606,57,116,561
CTD_P,20240708T141607,1096.56
CTD_P,20240708T141648,1093.85
CTD_P,20240708T141750,1088.78
CTD_P,20240708T142252,1064.18
CTD_P,20240708T142754,1040.19
CTD_P,20240708T143256,1016.48
CTD_P,20240708T143628,999.91
CTD_PTS,20240708T143630,999.74,8.4770,35.3338
O2,20240708T143719,9.14506,2.50311,8.51235,58.61212,59.97812,67.91400,7.93588,1195.79102,827.77533,590.19031
FLBB,20240708T143722,57,118,559
CTD_P,20240708T143723,995.56
CTD_P,20240708T143758,992.78
CTD_P,20240708T143841,989.09
CTD_P,20240708T143943,982.81
CTD_P,20240708T144445,951.51
CTD_P,20240708T144502,949.77
CTD_PTS,20240708T144504,949.53,8.8874,35.3763
O2,20240708T144508,6.55401,1.80980,8.87762,59.04995,60.41595,68.35417,7.93822,1201.30103,825.00610,578.92102
FLBB,20240708T144511,55,118,559
CTD_P,20240708T144512,948.73
CTD_P,20240708T144947,920.57
CTD_P,20240708T145310,900.34
CTD_P,20240708T145314,899.97
CTD_PTS,20240708T145316,899.77,9.2272,35.4118
O2,20240708T145319,4.85626,1.35197,9.21784,59.33879,60.70480,68.64427,7.93948,1204.67297,822.43488,568.39062
FLBB,20240708T145323,56,122,559
CTD_P,20240708T145324,899.02
CTD_P,20240708T145449,890.94
CTD_P,20240708T145951,863.99
CTD_P,20240708T150230,850.74
CTD_P,20240708T150241,849.88
CTD_PTS,20240708T150243,849.70,9.6616,35.4651
O2,20240708T150246,3.54106,0.99603,9.65026,59.55555,60.92155,68.86557,7.94402,1206.75403,819.07312,554.96002
FLBB,20240708T150250,56,110,558
CTD_P,20240708T150251,849.08
CTD_P,20240708T150453,839.58
CTD_P,20240708T150955,817.56
CTD_P,20240708T151358,800.77
CTD_P,20240708T151412,799.82
CTD_PTS,20240708T151414,799.66,10.1331,35.5143
O2,20240708T151417,2.73152,0.77701,10.12597,59.67625,61.04225,68.99281,7.95056,1206.97205,815.09167,540.12701
FLBB,20240708T151421,55,107,557
CTD_P,20240708T151422,799.12
CTD_P,20240708T151457,796.79
CTD_P,20240708T151539,793.74
CTD_P,20240708T151641,788.25
CTD_P,20240708T152143,760.93
CTD_P,20240708T152346,749.85
CTD_PTS,20240708T152348,749.68,10.4685,35.5301
O2,20240708T152351,2.41079,0.69127,10.46631,59.71314,61.07914,69.03592,7.95678,1206.57495,812.19452,529.47852
FLBB,20240708T152355,56,108,556
CTD_P,20240708T152356,748.97
CTD_P,20240708T152645,734.16
CTD_P,20240708T153147,707.97
CTD_P,20240708T153321,699.86
CTD_PTS,20240708T153323,699.67,10.8545,35.5651
O2,20240708T153326,2.16300,0.62578,10.84925,59.73294,61.09895,69.06187,7.96293,1205.94104,809.45178,517.46222
FLBB,20240708T153330,56,108,556
CTD_P,20240708T153331,699.01
CTD_P,20240708T153649,682.55
CTD_P,20240708T154151,658.76
CTD_P,20240708T154345,650.33
CTD_P,20240708T154353,649.76
CTD_PTS,20240708T154355,649.63,11.2221,35.5995
O2,20240708T154358,2.10066,0.61300,11.22117,59.71554,61.08154,69.05304,7.97150,1204.85999,806.29138,505.75699
FLBB,20240708T154402,56,111,555
CTD_P,20240708T154403,649.04
CTD_P,20240708T154653,636.85
CTD_P,20240708T155155,616.32
CTD_P,20240708T155235,613.44
CTD_P,20240708T155337,607.98
CTD_P,20240708T155511,599.65
CTD_PTS,20240708T155513,599.48,11.5319,35.6133
O2,20240708T155516,2.03013,0.59665,11.53039,59.70535,61.07135,69.04816,7.97681,1203.99695,803.84442,496.00031
FLBB,20240708T155520,55,108,555
CTD_P,20240708T155521,598.74
CTD_P,20240708T155839,581.34
CTD_P,20240708T160341,555.22
CTD_P,20240708T160445,549.81
CTD_PTS,20240708T160447,549.63,11.8065,35.6179
O2,20240708T160450,1.98782,0.58795,11.80837,59.69184,61.05785,69.03880,7.98096,1203.35803,801.63593,487.21021
FLBB,20240708T160454,55,231,554
CTD_P,20240708T160455,548.94
CTD_P,20240708T160843,530.08
CTD_P,20240708T161345,506.74
CTD_P,20240708T161515,500.22
CTD_P,20240708T161519,499.93
CTD_PTS,20240708T161521,499.83,12.2241,35.6566
O2,20240708T161524,1.92113,0.57360,12.22230,59.67285,61.03885,69.02571,7.98686,1201.98596,798.29218,474.08960
FLBB,20240708T161528,56,112,554
CTD_P,20240708T161529,499.23
CTD_P,20240708T161847,485.70
CTD_P,20240708T162349,466.83
CTD_P,20240708T162429,464.24
CTD_P,20240708T162531,459.22
CTD_P,20240708T162727,449.59
CTD_PTS,20240708T162729,449.44,12.5637,35.6759
O2,20240708T162732,1.87406,0.56388,12.56307,59.65574,61.02174,69.01393,7.99220,1201.12500,795.63049,463.26019
FLBB,20240708T162736,57,114,553
CTD_P,20240708T162737,448.76
CTD_P,20240708T163033,434.35
CTD_P,20240708T163535,410.00
CTD_P,20240708T163743,399.76
CTD_PTS,20240708T163745,399.56,13.3935,35.8198
O2,20240708T163748,1.76636,0.54134,13.38465,59.61405,60.98005,68.98012,8.00007,1197.81897,789.22443,437.05429
FLBB,20240708T163752,56,126,552
CTD_P,20240708T163753,398.92
CTD_P,20240708T164037,386.03
CTD_P,20240708T164540,362.87
CTD_P,20240708T164831,350.67
CTD_P,20240708T164844,349.73
CTD_PTS,20240708T164846,349.61,13.7033,35.8256
O2,20240708T164849,1.72018,0.53091,13.70209,59.59934,60.96534,68.97223,8.00689,1196.81494,786.05078,426.89429
FLBB,20240708T164853,57,129,552
CTD_P,20240708T164854,349.05
CTD_P,20240708T165043,341.97
CTD_P,20240708T165123,339.11
CTD_P,20240708T165226,333.78
CTD_P,20240708T165729,308.25
CTD_P,20240708T165910,300.21
CTD_P,20240708T165914,299.88
CTD_PTS,20240708T165916,299.74,14.8686,35.9845
O2,20240708T165919,1.67732,0.53089,14.85283,59.51748,60.88348,68.91998,8.03650,1191.96594,776.96179,389.92001
FLBB,20240708T165923,56,144,550
CTD_P,20240708T165924,299.12
CTD_P,20240708T170232,285.33
CTD_P,20240708T170735,264.28
CTD_P,20240708T171104,250.37
CTD_P,20240708T171113,249.79
CTD_PTS,20240708T171115,249.66,16.3056,36.1540
O2,20240708T171118,1.56793,0.51170,16.28189,59.43077,60.79677,68.85019,8.05342,1184.71497,763.73431,343.73700
FLBB,20240708T171121,55,136,548
CTD_P,20240708T171123,249.14
CTD_P,20240708T171238,244.53
CTD_P,20240708T171319,241.80
CTD_P,20240708T171422,236.44
CTD_P,20240708T171925,213.30
CTD_P,20240708T172223,203.09
CTD_P,20240708T172320,200.25
CTD_P,20240708T172329,199.80
CTD_PTS,20240708T172331,199.71,18.1081,36.2488
O2,20240708T172334,1.96658,0.66667,18.10526,59.17726,60.54326,68.62527,8.08202,1172.46106,745.50751,284.50720
FLBB,20240708T172337,56,126,546
CTD_P,20240708T172339,199.31
CTD_P,20240708T172428,196.94
CTD_P,20240708T172931,185.08
CTD_P,20240708T173011,183.52
CTD_P,20240708T173114,179.79
CTD_P,20240708T173154,177.09
CTD_P,20240708T173257,172.31
CTD_P,20240708T173337,169.03
CTD_P,20240708T173440,163.19
CTD_P,20240708T173706,151.72
CTD_P,20240708T173731,150.03
CTD_P,20240708T173735,149.78
CTD_PTS,20240708T173737,149.64,19.8664,35.9789
O2,20240708T173740,1.42508,0.50053,19.85526,59.18592,60.55193,68.65323,8.10130,1163.71204,728.45093,227.49760
FLBB,20240708T173743,52,112,543
CTD_P,20240708T173745,149.11
CTD_P,20240708T173943,141.89
CTD_P,20240708T174446,127.04
CTD_P,20240708T174949,118.43
CTD_P,20240708T175027,117.59
CTD_P,20240708T175130,114.56
CTD_P,20240708T175210,112.19
CTD_P,20240708T175313,107.58
CTD_P,20240708T175351,104.63
CTD_P,20240708T175454,99.16
CTD_PTS,20240708T175456,98.95,22.7155,36.1105
O2,20240708T175545,59.20914,22.01906,22.78249,45.72623,47.09223,55.21626,8.12403,934.49042,697.86218,132.23669
FLBB,20240708T175548,58,121,539
CTD_P,20240708T175550,94.36
CTD_P,20240708T175644,90.10
NO3,20240708T175654,19.48
CTD_P,20240708T175658,89.10
CTD_P,20240708T175702,88.81
CTD_PTS,20240708T175704,88.65,23.4329,36.1649
O2,20240708T175753,86.25604,32.66126,23.73421,41.36263,42.72863,50.85574,8.12711,843.57611,690.28497,101.39800
FLBB,20240708T175756,61,121,538
CTD_P,20240708T175758,84.80
CTD_P,20240708T175854,80.99
CTD_P,20240708T175911,79.88
CTD_PTS,20240708T175913,79.73,24.4083,36.3571
O2,20240708T180002,131.14520,50.38316,24.50822,36.10452,37.47052,45.60027,8.12974,724.78412,682.03442,76.39646
FLBB,20240708T180005,69,126,537
CTD_P,20240708T180007,76.43
CTD_P,20240708T180053,73.70
CTD_P,20240708T180158,69.93
CTD_PTS,20240708T180200,69.84,24.8326,36.3668
O2,20240708T180249,153.69611,59.67968,25.08367,33.94639,35.31239,43.45212,8.13972,674.67999,676.54132,57.86295
FLBB,20240708T180252,79,149,536
CTD_P,20240708T180253,67.16
CTD_P,20240708T180454,61.78
CTD_P,20240708T180536,60.13
CTD_P,20240708T180540,59.99
CTD_PTS,20240708T180542,59.94,25.3933,36.4189
O2,20240708T180631,175.77679,68.81570,25.52966,32.15371,33.51971,41.66554,8.14583,631.95972,670.91711,43.53477
FLBB,20240708T180634,95,142,535
CTD_P,20240708T180635,58.08
CTD_P,20240708T180920,53.85
CTD_P,20240708T181138,50.02
CTD_P,20240708T181141,49.96
CTD_PTS,20240708T181143,49.92,25.9305,36.3853
O2,20240708T181232,187.74510,74.05357,25.93921,31.20930,32.57529,40.72078,8.14548,608.44409,666.15259,30.40664
FLBB,20240708T181235,125,151,533
CTD_P,20240708T181236,48.27
CTD_P,20240708T181239,48.14
CTD_PTS,20240708T181241,48.03,25.9711,36.3955
O2,20240708T181244,188.40860,74.33781,25.95585,31.16118,32.52718,40.65764,8.13046,607.34729,662.03442,29.87409
FLBB,20240708T181247,126,150,533
CTD_P,20240708T181249,47.64
CTD_P,20240708T181251,47.55
CTD_P,20240708T181255,47.35
CTD_PTS,20240708T181257,47.23,26.1228,36.3939
O2,20240708T181300,190.19859,75.20316,26.07215,31.00388,32.36988,40.49985,8.12997,603.54742,661.92853,26.15173
FLBB,20240708T181303,124,152,533
CTD_P,20240708T181305,46.85
CTD_P,20240708T181309,46.66
CTD_PTS,20240708T181311,46.56,26.1641,36.3988
O2,20240708T181314,193.26180,76.49084,26.12717,30.79506,32.16106,40.28920,8.12814,598.30353,661.45850,24.39179
FLBB,20240708T181317,135,153,533
CTD_P,20240708T181319,46.19
CTD_P,20240708T181323,45.99
CTD_PTS,20240708T181325,45.90,26.1787,36.3998
O2,20240708T181328,195.56799,77.42915,26.14533,30.64941,32.01541,40.14050,8.12509,594.72803,661.01837,23.81105
FLBB,20240708T181331,146,160,532
CTD_P,20240708T181333,45.55
CTD_P,20240708T181347,44.98
CTD_PTS,20240708T181349,44.90,26.2172,36.3973
O2,20240708T181352,197.95100,78.43419,26.18855,30.49135,31.85735,39.99963,8.14229,590.72247,664.61938,22.42897
FLBB,20240708T181355,142,152,532
CTD_P,20240708T181357,44.55
CTD_P,20240708T181410,43.97
CTD_PTS,20240708T181412,43.90,26.2494,36.3857
O2,20240708T181415,198.87711,78.85512,26.22624,30.42229,31.78828,39.93057,8.14229,589.11853,664.32672,21.22402
FLBB,20240708T181418,147,154,532
CTD_P,20240708T181420,43.51
CTD_P,20240708T181435,42.57
CTD_P,20240708T181439,42.25
CTD_PTS,20240708T181441,42.10,26.3281,36.3884
O2,20240708T181444,200.48940,79.60377,26.30202,30.29889,31.66489,39.80885,8.14397,586.10870,663.86298,18.80240
FLBB,20240708T181447,151,163,532
CTD_P,20240708T181449,41.51
CTD_P,20240708T181453,41.23
CTD_PTS,20240708T181455,41.07,26.3800,36.3914
O2,20240708T181458,202.21710,80.36082,26.35083,30.18046,31.54646,39.67482,8.12836,583.17889,659.56293,17.24300
FLBB,20240708T181501,157,166,532
CTD_P,20240708T181503,40.57
CTD_P,20240708T181507,40.35
CTD_PTS,20240708T181509,40.23,26.4643,36.3963
O2,20240708T181512,203.86951,81.12453,26.42372,30.05803,31.42403,39.54955,8.12552,580.10797,659.07019,14.91521
FLBB,20240708T181515,160,166,532
CTD_P,20240708T181517,39.75
CTD_P,20240708T181521,39.50
CTD_PTS,20240708T181523,39.38,26.6024,36.4054
O2,20240708T181526,207.41170,82.71804,26.54683,29.81196,31.17796,39.30330,8.12534,574.00403,658.68573,10.98622
FLBB,20240708T181529,172,167,532
CTD_P,20240708T181531,38.92
CTD_P,20240708T181533,38.79
CTD_PTS,20240708T181535,38.68,26.9586,36.4283
O2,20240708T181537,212.34039,85.14648,26.84904,29.42715,30.79314,38.91913,8.12598,564.47412,657.85858,1.35336
FLBB,20240708T181540,172,176,532
CTD_P,20240708T181542,38.26
CTD_P,20240708T181550,37.84
CTD_PTS,20240708T181552,37.72,27.9476,36.5230
O2,20240708T181555,216.73869,88.26112,27.71111,28.86975,30.23575,38.36070,8.12495,550.33472,656.09180,-26.01994
FLBB,20240708T181558,181,184,531
CTD_P,20240708T181600,37.31
CTD_P,20240708T181608,36.93
CTD_PTS,20240708T181610,36.84,28.8092,36.6035
O2,20240708T181613,223.13980,92.21249,28.54160,28.23925,29.60525,37.74219,8.13694,533.96118,654.77490,-52.23362
FLBB,20240708T181616,143,222,531
CTD_P,20240708T181618,36.54
CTD_P,20240708T181621,36.44
CTD_P,20240708T181625,36.34
CTD_P,20240708T181636,36.07
CTD_P,20240708T181640,35.98
CTD_PTS,20240708T181642,35.96,29.2373,36.6731
O2,20240708T181645,228.46201,95.34776,29.10437,27.77752,29.14352,37.28807,8.14455,521.47961,646.73297,-69.90286
FLBB,20240708T181648,186,221,531
CTD_P,20240708T181650,35.84
CTD_P,20240708T181706,35.63
CTD_P,20240708T181723,35.52
CTD_P,20240708T181801,34.75
CTD_PTS,20240708T181803,34.69,29.3241,36.6799
O2,20240708T181806,232.15990,97.21149,29.29366,27.53546,28.90146,37.04958,8.14812,514.75311,639.57037,-75.82811
FLBB,20240708T181809,93,164,531
CTD_P,20240708T181811,34.40
CTD_P,20240708T181815,34.21
CTD_P,20240708T181826,33.72
CTD_PTS,20240708T181828,33.64,29.3305,36.6716
O2,20240708T181831,232.74280,97.48069,29.30846,27.50301,28.86901,37.02254,8.15353,513.85272,638.64819,-76.29084
FLBB,20240708T181834,89,161,530
CTD_P,20240708T181836,33.21
CTD_P,20240708T181848,32.60
CTD_PTS,20240708T181850,32.49,29.3355,36.6649
O2,20240708T181853,233.06880,97.63244,29.31741,27.48468,28.85068,37.00230,8.15162,513.27472,638.02258,-76.57073
FLBB,20240708T181856,78,165,530
CTD_P,20240708T181858,32.10
CTD_P,20240708T181902,31.89
CTD_PTS,20240708T181904,31.80,29.3332,36.6661
O2,20240708T181907,233.44080,97.79488,29.32128,27.46602,28.83202,36.97226,8.14024,512.95227,633.71191,-76.69190
FLBB,20240708T181910,78,166,530
CTD_P,20240708T181912,31.33
CTD_P,20240708T181929,30.40
CTD_PTS,20240708T181931,30.28,29.3446,36.6514
O2,20240708T181933,233.68201,97.91554,29.33280,27.45077,28.81677,36.96670,8.14993,512.29547,637.18091,-77.05205
FLBB,20240708T181937,70,157,529
CTD_P,20240708T181939,29.81
CTD_P,20240708T181941,29.65
CTD_PTS,20240708T181943,29.54,29.3453,36.6500
O2,20240708T181945,233.83760,97.98293,29.33409,27.44311,28.80910,36.95905,8.14994,512.11688,636.85699,-77.09237
FLBB,20240708T181949,73,168,529
CTD_P,20240708T181951,29.00
CTD_P,20240708T181953,28.87
CTD_PTS,20240708T181955,28.73,29.3428,36.6539
O2,20240708T181958,234.07539,98.08375,29.33476,27.43186,28.79786,36.94627,8.14841,511.93469,636.73090,-77.11352
FLBB,20240708T182001,71,162,529
CTD_P,20240708T182003,28.15
CTD_P,20240708T182005,27.99
CTD_P,20240708T182009,27.71
CTD_PTS,20240708T182011,27.55,29.3435,36.6373
O2,20240708T182014,234.13390,98.11160,29.33673,27.42846,28.79446,36.94281,8.14835,511.75449,636.67401,-77.17498
FLBB,20240708T182017,70,176,529
CTD_P,20240708T182019,26.94
CTD_P,20240708T182023,26.66
CTD_PTS,20240708T182025,26.53,29.3445,36.6348
O2,20240708T182028,234.36450,98.20723,29.33614,27.41801,28.78401,36.93047,8.14646,511.52170,636.39673,-77.15649
FLBB,20240708T182031,70,190,529
CTD_P,20240708T182033,25.97
CTD_P,20240708T182037,25.70
CTD_PTS,20240708T182039,25.56,29.3423,36.6364
O2,20240708T182042,234.53040,98.27732,29.33647,27.41023,28.77623,36.92300,8.14677,511.35690,636.27148,-77.16682
FLBB,20240708T182045,76,176,529
CTD_P,20240708T182047,24.99
CTD_P,20240708T182051,24.68
CTD_PTS,20240708T182053,24.56,29.3426,36.6356
O2,20240708T182056,234.44000,98.24151,29.33767,27.41398,28.77998,36.92636,8.14638,511.19910,636.21198,-77.20429
FLBB,20240708T182059,67,155,528
CTD_P,20240708T182101,23.97
CTD_P,20240708T182103,23.82
CTD_PTS,20240708T182105,23.66,29.3406,36.6364
O2,20240708T182107,234.57890,98.29761,29.33644,27.40800,28.77400,36.91857,8.14457,511.11951,636.07977,-77.16594
FLBB,20240708T182110,67,154,528
CTD_P,20240708T182112,23.15
CTD_P,20240708T182118,22.78
CTD_PTS,20240708T182120,22.67,29.3393,36.6369
O2,20240708T182123,234.91859,98.44004,29.33649,27.39232,28.75832,36.89759,8.13927,511.00711,632.33917,-77.16751
FLBB,20240708T182126,86,183,528
CTD_P,20240708T182128,22.11
CTD_P,20240708T182133,21.81
CTD_PTS,20240708T182135,21.62,29.3437,36.6344
O2,20240708T182137,235.04401,98.49408,29.33737,27.38624,28.75224,36.88884,8.13660,510.88690,632.14990,-77.19495
FLBB,20240708T182141,73,193,528
CTD_P,20240708T182142,21.21
CTD_P,20240708T182146,20.93
CTD_P,20240708T182150,20.65
CTD_PTS,20240708T182152,20.52,29.3424,36.6352
O2,20240708T182155,234.93069,98.44705,29.33765,27.39136,28.75736,36.90286,8.14550,510.71780,636.12451,-77.20390
FLBB,20240708T182158,67,161,528
CTD_P,20240708T182200,19.91
CTD_P,20240708T182204,19.62
CTD_PTS,20240708T182206,19.49,29.3416,36.6350
O2,20240708T182209,235.20610,98.56165,29.33717,27.37886,28.74486,36.88256,8.13770,510.65039,632.25342,-77.18865
FLBB,20240708T182212,68,163,528
CTD_P,20240708T182214,18.85
CTD_P,20240708T182218,18.50
CTD_PTS,20240708T182220,18.31,29.3401,36.6369
O2,20240708T182223,235.21440,98.56565,29.33747,27.37837,28.74437,36.88047,8.13610,510.53870,632.12128,-77.19820
FLBB,20240708T182226,68,158,528
CTD_P,20240708T182228,17.71
CTD_P,20240708T182232,17.34
CTD_PTS,20240708T182234,17.16,29.3414,36.6352
O2,20240708T182237,235.09621,98.51534,29.33700,27.38397,28.74997,36.89262,8.14265,510.53619,635.96008,-77.18344
FLBB,20240708T182240,70,166,527
CTD_P,20240708T182242,16.46
CTD_P,20240708T182245,16.20
CTD_PTS,20240708T182247,16.02,29.3398,36.6358
O2,20240708T182249,235.32970,98.61186,29.33625,27.37350,28.73949,36.87300,8.13351,510.44290,632.17670,-77.16003
FLBB,20240708T182253,69,165,527
CTD_P,20240708T182255,15.34
CTD_P,20240708T182257,15.13
CTD_PTS,20240708T182259,14.97,29.3399,36.6350
O2,20240708T182301,235.12930,98.52694,29.33568,27.38291,28.74891,36.89042,8.14151,510.42029,635.84528,-77.14223
FLBB,20240708T182305,69,159,527
CTD_P,20240708T182307,14.15
CTD_P,20240708T182309,13.95
CTD_PTS,20240708T182311,13.78,29.3399,36.6353
O2,20240708T182313,235.15770,98.53919,29.33590,27.38153,28.74753,36.88875,8.14122,510.40591,636.02948,-77.14902
FLBB,20240708T182317,70,157,527
CTD_P,20240708T182319,13.01
CTD_P,20240708T182323,12.56
CTD_P,20240708T182327,12.20
CTD_PTS,20240708T182329,12.00,29.3412,36.6341
O2,20240708T182332,235.27631,98.58971,29.33636,27.37591,28.74191,36.88371,8.14179,510.23050,636.25909,-77.16348
FLBB,20240708T182335,68,162,527
CTD_P,20240708T182337,11.28
CTD_P,20240708T182341,10.87
CTD_PTS,20240708T182343,10.74,29.3402,36.6351
O2,20240708T182346,235.41240,98.64671,29.33636,27.36967,28.73566,36.87772,8.14206,510.08661,636.16351,-77.16328
FLBB,20240708T182349,71,254,527
CTD_P,20240708T182351,9.96
CTD_P,20240708T182355,9.59
CTD_PTS,20240708T182357,9.43,29.3384,36.6360
O2,20240708T182400,235.51170,98.68843,29.33642,27.36508,28.73108,36.87234,8.14127,510.04169,636.25763,-77.16525
FLBB,20240708T182403,67,153,527
CTD_P,20240708T182405,8.66
CTD_P,20240708T182409,8.28
CTD_PTS,20240708T182411,8.05,29.3402,36.6349
O2,20240708T182414,235.56590,98.71097,29.33634,27.36262,28.72862,36.86924,8.14062,509.88760,636.25818,-77.16269
FLBB,20240708T182417,67,156,527
CTD_P,20240708T182419,7.25
CTD_P,20240708T182423,6.85
CTD_PTS,20240708T182425,6.66,29.3417,36.6355
O2,20240708T182428,235.81841,98.81914,29.33769,27.35057,28.71657,36.85118,8.13461,509.80411,632.41321,-77.20508
FLBB,20240708T182431,68,161,527
CTD_P,20240708T182433,5.87
CTD_P,20240708T182437,5.43
CTD_PTS,20240708T182439,5.27,29.3397,36.6366
O2,20240708T182442,235.78540,98.80495,29.33750,27.35215,28.71815,36.85799,8.13984,509.65521,636.13330,-77.19908
FLBB,20240708T182445,66,163,526
CTD_P,20240708T182447,4.41
CTD_P,20240708T182455,3.65
Message,20240708T182459,CP Stopped
CTD_P,20240708T182509,2.18
Message,20240708T182511,Surface Mission
CTD_P,20240708T182514,1.70
CTD_P,20240708T182516,1.52
O2,20240708T182519,236.06290,98.91285,29.33262,27.34115,28.70715,36.85136,8.14421,509.41879,636.47418,-77.04654
CTD_P,20240708T182520,1.19
O2,20240708T182534,236.11940,98.92667,29.32689,27.34057,28.70657,36.84843,8.14186,509.40179,636.44153,-76.86736
CTD_P,20240708T182535,-0.16
O2,20240708T182550,236.09840,98.90318,29.31837,27.34451,28.71051,36.85121,8.14070,509.48529,636.61871,-76.60083
CTD_P,20240708T182551,-0.02
O2,20240708T182604,236.11740,98.90285,29.31355,27.34533,28.71133,36.85094,8.13962,509.44641,636.69202,-76.45016
CTD_P,20240708T182605,-0.06
O2,20240708T182619,235.58270,98.65742,29.30105,27.37421,28.74021,36.87975,8.13953,510.22241,636.72852,-76.05923
CTD_P,20240708T182621,-0.10
O2,20240708T182634,236.11760,98.91325,29.31954,27.34322,28.70922,36.84945,8.14023,509.41309,636.81171,-76.63761
CTD_P,20240708T182635,-0.19
O2,20240708T182649,236.23849,98.96162,29.31821,27.33816,28.70415,36.84292,8.13876,509.34140,636.94781,-76.59601
CTD_P,20240708T182651,0.06
O2,20240708T182704,236.31450,98.96288,29.30048,27.34089,28.70689,36.84459,8.13770,509.37619,636.98163,-76.04153
CTD_P,20240708T182705,-0.09
O2,20240708T182719,236.59680,99.02423,29.26751,27.33954,28.70554,36.84396,8.13843,509.37289,637.06262,-75.01015
CTD_P,20240708T182720,-0.14
O2,20240708T182735,236.25459,98.96944,29.31886,27.33719,28.70319,36.84022,8.13702,509.32550,637.07080,-76.61617
CTD_P,20240708T182736,-0.06
CTD_P,20240708T183106,-0.30
O2,20240708T183109,239.13220,98.98774,28.63728,27.44618,28.81218,36.95721,8.14503,512.31091,639.62518,-55.24316
CTD_P,20240708T183111,-0.21
O2,20240708T183124,237.48550,98.57208,28.79122,27.46663,28.83263,36.97603,8.14340,512.85309,639.92670,-60.08059
CTD_P,20240708T183125,-0.04
O2,20240708T183139,238.17500,98.78981,28.75173,27.44916,28.81516,36.95540,8.14024,512.40222,639.79938,-58.84032
CTD_P,20240708T183140,-0.35
O2,20240708T183155,235.43130,98.53292,29.26549,27.39364,28.75964,36.88989,8.13025,511.11292,636.36609,-74.94682
CTD_P,20240708T183156,-0.29
O2,20240708T183209,237.34630,98.58031,28.82943,27.45947,28.82547,36.96246,8.13699,512.63629,639.80017,-61.28053
CTD_P,20240708T183210,-0.07
O2,20240708T183224,238.12910,98.78745,28.76135,27.44784,28.81384,36.94333,8.12949,512.36902,636.02887,-59.14235
CTD_P,20240708T183226,-0.27
O2,20240708T183239,238.87781,98.97280,28.68926,27.43931,28.80531,36.93140,8.12608,512.21509,636.17828,-56.87740
CTD_P,20240708T183240,-0.33
O2,20240708T183254,235.64790,98.28290,29.06716,27.45343,28.81943,36.94585,8.12642,512.53070,636.60388,-68.73695
CTD_P,20240708T183256,-0.15
O2,20240708T183309,238.12630,99.30015,29.05772,27.34351,28.70951,36.84538,8.13586,509.88699,640.66028,-68.44112
CTD_P,20240708T183310,-0.13
O2,20240708T183324,236.34351,98.46891,29.00670,27.44279,28.80879,36.94523,8.13644,512.23602,640.53058,-66.84209
CTD_P,20240708T183325,-0.32
CTD_P,20240708T183327,-0.32
CTD_P,20240708T183353,-0.27
CTD_bins,20240708T183748,25754,1000,1998.620
CTD_CP_H,20240708T183807,4.02,29.3395,36.6356,17,-1.002699,8
CTD_CP_H,20240708T183807,5.95,29.3411,36.6358,21,-1.002690,11
CTD_CP_H,20240708T183807,8.01,29.3394,36.6352,20,-1.002704,10
CTD_CP_H,20240708T183807,10.02,29.3394,36.6354,22,-1.002712,11
CTD_CP_H,20240708T183807,11.96,29.3397,36.6353,20,-1.002737,10
CTD_CP_H,20240708T183808,13.97,29.3394,36.6355,21,-1.002743,10
CTD_CP_H,20240708T183808,16.02,29.3395,36.6357,23,-1.002755,12
CTD_CP_H,20240708T183808,18.05,29.3405,36.6359,24,-1.002769,12
CTD_CP_H,20240708T183808,20.02,29.3407,36.6360,26,-1.002755,13
CTD_CP_H,20240708T183808,21.99,29.3410,36.6359,31,-1.002800,15
CTD_CP_H,20240708T183808,24.00,29.3417,36.6358,28,-1.002823,14
CTD_CP_H,20240708T183808,26.00,29.3425,36.6362,28,-1.002817,14
CTD_CP_H,20240708T183808,27.99,29.3436,36.6464,27,-1.002851,14
CTD_CP_H,20240708T183808,30.02,29.3445,36.6511,33,-1.002894,16
CTD_CP_H,20240708T183808,32.00,29.3362,36.6634,38,-1.002914,19
CTD_CP_H,20240708T183808,34.13,29.3280,36.6749,49,-1.002964,25
CTD_CP_H,20240708T183808,35.83,29.2134,36.6639,105,-1.003242,52
CTD_CP_H,20240708T183808,37.95,27.7091,36.4938,37,-1.006405,19
CTD_CP_H,20240708T183808,39.98,26.5145,36.3989,33,-1.008667,16
CTD_CP_H,20240708T183809,41.96,26.3314,36.3896,27,-1.009194,14
CTD_CP_H,20240708T183809,44.07,26.2428,36.3897,44,-1.009483,22
CTD_CP_H,20240708T183809,45.97,26.1756,36.3997,43,-1.009546,21
CTD_CP_H,20240708T183809,48.03,26.0047,36.3942,44,-1.010209,22
CTD_CP_H,20240708T183809,50.04,25.9243,36.3861,84,-1.010512,43
CTD_CP_H,20240708T183809,51.99,25.8688,36.4101,67,-1.009841,33
CTD_CP_H,20240708T183809,54.06,25.7613,36.4184,74,-1.010315,37
CTD_CP_H,20240708T183809,56.00,25.6618,36.4142,79,-1.010922,39
CTD_CP_H,20240708T183809,57.93,25.5823,36.4358,66,-1.010870,33
CTD_CP_H,20240708T183809,59.96,25.4208,36.4290,54,-1.011448,27
CTD_CP_H,20240708T183809,61.96,25.4085,36.4577,49,-1.010759,25
CTD_CP_H,20240708T183809,63.98,25.4140,36.4899,45,-1.010054,22
CTD_CP_H,20240708T183809,65.99,25.2893,36.4827,44,-1.010688,22
CTD_CP_H,20240708T183810,67.98,25.0916,36.4384,41,-1.012349,21
CTD_CP_H,20240708T183810,69.97,24.8144,36.3635,36,-1.014707,18
CTD_CP_H,20240708T183810,72.00,24.5468,36.3180,35,-1.016211,17
CTD_CP_H,20240708T183810,74.01,24.5652,36.3424,34,-1.015615,17
CTD_CP_H,20240708T183810,76.01,24.6110,36.3978,33,-1.014926,17
CTD_CP_H,20240708T183810,78.01,24.4768,36.3788,33,-1.015546,16
CTD_CP_H,20240708T183810,80.02,24.3924,36.3570,31,-1.015985,16
CTD_CP_H,20240708T183810,82.00,24.1321,36.3148,29,-1.017158,14
CTD_CP_H,20240708T183810,83.99,23.9110,36.2811,29,-1.018189,15
CTD_CP_H,20240708T183810,85.99,23.7147,36.2304,28,-1.019473,14
CTD_CP_H,20240708T183810,87.98,23.4543,36.1707,28,-1.020776,14
CTD_CP_H,20240708T183810,90.01,23.2518,36.1360,28,-1.021829,14
CTD_CP_H,20240708T183810,92.01,23.0701,36.1074,25,-1.022621,12
CTD_CP_H,20240708T183810,94.00,22.8859,36.0872,24,-1.023288,12
CTD_CP_H,20240708T183811,95.98,22.7593,36.0997,23,-1.023446,12
CTD_CP_H,20240708T183811,98.00,22.7217,36.1051,24,-1.023505,12
CTD_CP_H,20240708T183811,100.01,22.6791,36.1075,23,-1.023737,11
CTD_CP_H,20240708T183811,101.99,22.5569,36.0930,22,-1.024359,11
CTD_CP_H,20240708T183811,103.99,22.4347,36.0799,24,-1.025038,12
CTD_CP_H,20240708T183811,106.02,22.3067,36.0813,26,-1.025924,13
CTD_CP_H,20240708T183811,107.99,22.1755,36.0794,27,-1.026646,14
CTD_CP_H,20240708T183811,109.99,22.1020,36.0818,27,-1.026952,13
CTD_CP_H,20240708T183811,112.04,21.9183,36.0695,29,-1.027802,15
CTD_CP_H,20240708T183811,114.03,21.8287,36.0598,36,-1.028176,18
CTD_CP_H,20240708T183811,116.01,21.7161,36.0480,40,-1.028518,20
CTD_CP_H,20240708T183811,118.19,21.5417,36.0344,86,-1.029011,43
CTD_CP_H,20240708T183811,119.93,21.4466,36.0261,92,-1.029401,46
CTD_CP_H,20240708T183812,121.95,21.2628,36.0153,70,-1.029878,35
CTD_CP_H,20240708T183812,123.97,21.1795,36.0182,55,-1.030130,27
CTD_CP_H,20240708T183812,126.01,21.0911,36.0222,52,-1.030446,26
CTD_CP_H,20240708T183812,128.00,21.0325,36.0180,47,-1.030570,24
CTD_CP_H,20240708T183812,129.97,20.9652,36.0104,45,-1.030744,22
CTD_CP_H,20240708T183812,131.97,20.7922,35.9916,41,-1.031159,21
CTD_CP_H,20240708T183812,134.00,20.5791,35.9681,42,-1.031632,21
CTD_CP_H,20240708T183812,135.99,20.4999,35.9605,39,-1.031877,19
CTD_CP_H,20240708T183812,137.98,20.3919,35.9634,38,-1.032281,19
CTD_CP_H,20240708T183812,139.99,20.2448,35.9662,35,-1.032523,18
CTD_CP_H,20240708T183812,141.97,20.1451,35.9564,35,-1.032698,17
CTD_CP_H,20240708T183812,143.96,20.0401,35.9512,34,-1.032884,17
CTD_CP_H,20240708T183812,146.00,19.9616,35.9567,33,-1.032994,17
CTD_CP_H,20240708T183812,148.01,19.9165,35.9797,31,-1.033088,15
CTD_CP_H,20240708T183813,150.00,19.8617,35.9833,30,-1.033167,15
CTD_CP_H,20240708T183813,152.00,19.8526,36.0212,29,-1.033213,15
CTD_CP_H,20240708T183813,153.98,19.7817,36.0230,27,-1.033353,13
CTD_CP_H,20240708T183813,156.00,19.6174,36.0089,27,-1.033517,14
CTD_CP_H,20240708T183813,158.02,19.4215,35.9889,25,-1.033736,12
CTD_CP_H,20240708T183813,160.03,19.1297,35.9475,24,-1.033960,12
CTD_CP_H,20240708T183813,162.05,19.0675,35.9698,23,-1.034060,12
CTD_CP_H,20240708T183813,164.05,18.9666,35.9734,22,-1.034247,11
CTD_CP_H,20240708T183813,166.02,18.9220,35.9939,21,-1.034329,10
CTD_CP_H,20240708T183813,167.99,18.7268,35.9823,21,-1.034532,11
CTD_CP_H,20240708T183813,170.00,18.6062,35.9712,23,-1.034647,11
CTD_CP_H,20240708T183813,171.98,18.4907,35.9573,26,-1.034727,13
CTD_CP_H,20240708T183813,173.98,18.4438,35.9504,27,-1.034791,14
CTD_CP_H,20240708T183814,176.00,18.3658,35.9441,26,-1.034939,13
CTD_CP_H,20240708T183814,178.04,18.2104,35.9561,29,-1.035111,14
CTD_CP_H,20240708T183814,180.03,18.2075,35.9949,33,-1.035069,17
CTD_CP_H,20240708T183814,182.03,18.3027,36.0523,33,-1.034861,16
CTD_CP_H,20240708T183814,184.13,18.1539,36.0437,48,-1.035033,24
CTD_CP_H,20240708T183814,186.00,18.1606,36.0692,58,-1.035010,29
CTD_CP_H,20240708T183814,188.00,18.1125,36.0765,55,-1.035049,28
CTD_CP_H,20240708T183814,190.02,18.0715,36.0922,51,-1.035154,25
CTD_CP_H,20240708T183814,192.01,17.9687,36.0825,52,-1.035299,26
CTD_CP_H,20240708T183814,193.98,17.9164,36.0753,48,-1.035335,24
CTD_CP_H,20240708T183814,195.98,18.0535,36.1716,41,-1.034918,21
CTD_CP_H,20240708T183814,197.99,18.1010,36.2299,42,-1.034763,21
CTD_CP_H,20240708T183814,200.00,18.1050,36.2457,41,-1.034766,20
CTD_CP_H,20240708T183814,201.99,18.0684,36.2546,40,-1.034780,20
CTD_CP_H,20240708T183815,203.99,18.0597,36.2660,38,-1.034729,19
CTD_CP_H,20240708T183815,206.02,18.0819,36.2980,37,-1.034634,19
CTD_CP_H,20240708T183815,207.99,18.0054,36.2959,34,-1.034765,17
CTD_CP_H,20240708T183815,209.97,17.8833,36.2814,34,-1.034910,17
CTD_CP_H,20240708T183815,211.98,17.7409,36.2644,32,-1.035062,16
CTD_CP_H,20240708T183815,213.98,17.5357,36.2391,30,-1.035313,15
CTD_CP_H,20240708T183815,215.98,17.4507,36.2331,29,-1.035393,14
CTD_CP_H,20240708T183815,217.99,17.3818,36.2310,28,-1.035461,14
CTD_CP_H,20240708T183815,220.01,17.2745,36.2271,28,-1.035610,14
CTD_CP_H,20240708T183815,222.01,17.2511,36.2268,26,-1.035632,13
CTD_CP_H,20240708T183815,223.98,17.1290,36.2130,25,-1.035774,13
CTD_CP_H,20240708T183815,225.99,16.9933,36.1911,26,-1.035917,13
CTD_CP_H,20240708T183815,228.03,16.9077,36.1789,26,-1.036004,13
CTD_CP_H,20240708T183816,230.02,16.8180,36.1664,24,-1.036111,12
CTD_CP_H,20240708T183816,232.01,16.6945,36.1528,25,-1.036227,12
CTD_CP_H,20240708T183816,234.00,16.6283,36.1492,23,-1.036321,12
CTD_CP_H,20240708T183816,236.01,16.5416,36.1439,24,-1.036391,12
CTD_CP_H,20240708T183816,238.02,16.5351,36.1512,23,-1.036380,11
CTD_CP_H,20240708T183816,240.00,16.5550,36.1783,23,-1.036233,12
CTD_CP_H,20240708T183816,242.00,16.5538,36.1826,27,-1.036227,13
CTD_CP_H,20240708T183816,244.03,16.5499,36.1919,33,-1.036209,17
CTD_CP_H,20240708T183816,246.00,16.4813,36.1856,32,-1.036284,16
CTD_CP_H,20240708T183816,247.99,16.4262,36.1765,32,-1.036410,16
CTD_CP_H,20240708T183816,249.99,16.2884,36.1521,31,-1.036580,15
CTD_CP_H,20240708T183816,251.99,16.1786,36.1379,31,-1.036657,16
CTD_CP_H,20240708T183816,254.01,16.1234,36.1299,31,-1.036700,15
CTD_CP_H,20240708T183816,256.03,16.0752,36.1213,30,-1.036769,15
CTD_CP_H,20240708T183817,258.00,16.0160,36.1129,29,-1.036840,15
CTD_CP_H,20240708T183817,259.99,15.9341,36.1006,30,-1.036925,15
CTD_CP_H,20240708T183817,261.99,15.8797,36.0942,29,-1.036955,14
CTD_CP_H,20240708T183817,263.97,15.8420,36.0908,30,-1.036996,15
CTD_CP_H,20240708T183817,266.00,15.7844,36.0829,30,-1.037057,15
CTD_CP_H,20240708T183817,268.01,15.7129,36.0736,29,-1.037180,15
CTD_CP_H,20240708T183817,270.02,15.6298,36.0641,29,-1.037271,14
CTD_CP_H,20240708T183817,272.01,15.5718,36.0583,28,-1.037313,14
CTD_CP_H,20240708T183817,274.01,15.5456,36.0564,29,-1.037316,15
CTD_CP_H,20240708T183817,276.00,15.5227,36.0551,29,-1.037354,14
CTD_CP_H,20240708T183817,277.99,15.4680,36.0490,29,-1.037425,15
CTD_CP_H,20240708T183817,280.02,15.3890,36.0402,29,-1.037493,14
CTD_CP_H,20240708T183817,281.99,15.3355,36.0343,27,-1.037530,14
CTD_CP_H,20240708T183818,283.99,15.2823,36.0278,29,-1.037582,14
CTD_CP_H,20240708T183818,286.00,15.2606,36.0252,27,-1.037626,14
CTD_CP_H,20240708T183818,287.98,15.2464,36.0324,28,-1.037607,14
CTD_CP_H,20240708T183818,290.01,15.1959,36.0272,28,-1.037652,14
CTD_CP_H,20240708T183818,292.03,15.1045,36.0164,27,-1.037739,13
CTD_CP_H,20240708T183818,294.03,15.0455,36.0086,27,-1.037760,14
CTD_CP_H,20240708T183818,296.01,14.9990,36.0021,27,-1.037827,13
CTD_CP_H,20240708T183818,298.02,14.9382,35.9939,27,-1.037857,14
CTD_CP_H,20240708T183818,300.02,14.8646,35.9827,26,-1.037942,13
CTD_CP_H,20240708T183818,302.00,14.7621,35.9699,25,-1.038044,12
CTD_CP_H,20240708T183818,303.98,14.6345,35.9549,25,-1.038131,13
CTD_CP_H,20240708T183818,305.98,14.6085,35.9545,25,-1.038096,12
CTD_CP_H,20240708T183818,308.01,14.6216,35.9672,25,-1.038032,13
CTD_CP_H,20240708T183818,310.02,14.6108,35.9676,24,-1.038023,12
CTD_CP_H,20240708T183819,312.01,14.5713,35.9665,24,-1.038016,12
CTD_CP_H,20240708T183819,314.00,14.5579,35.9684,24,-1.038010,12
CTD_CP_H,20240708T183819,316.00,14.5507,35.9700,24,-1.037998,12
CTD_CP_H,20240708T183819,317.99,14.5290,35.9683,23,-1.037988,11
CTD_CP_H,20240708T183819,319.99,14.5105,35.9653,24,-1.038026,12
CTD_CP_H,20240708T183819,321.99,14.4776,35.9592,23,-1.038057,12
CTD_CP_H,20240708T183819,323.99,14.4502,35.9575,24,-1.038063,12
CTD_CP_H,20240708T183819,325.98,14.4317,35.9534,23,-1.038078,11
CTD_CP_H,20240708T183819,327.96,14.3701,35.9420,24,-1.038170,12
CTD_CP_H,20240708T183819,330.00,14.1900,35.9030,24,-1.038318,12
CTD_CP_H,20240708T183819,332.00,14.0841,35.8813,23,-1.038452,12
CTD_CP_H,20240708T183819,334.00,14.0073,35.8629,24,-1.038527,12
CTD_CP_H,20240708T183819,336.01,13.9909,35.8597,23,-1.038552,11
CTD_CP_H,20240708T183820,338.04,13.9606,35.8561,25,-1.038552,13
CTD_CP_H,20240708T183820,340.07,13.9729,35.8671,26,-1.038435,13
CTD_CP_H,20240708T183820,341.99,14.0351,35.8928,30,-1.038340,15
CTD_CP_H,20240708T183820,343.96,14.0363,35.8923,31,-1.038332,15
CTD_CP_H,20240708T183820,345.95,14.0220,35.8888,31,-1.038350,16
CTD_CP_H,20240708T183820,347.98,13.9430,35.8728,31,-1.038470,15
CTD_CP_H,20240708T183820,350.01,13.7087,35.8269,29,-1.038639,15
CTD_CP_H,20240708T183820,352.02,13.6668,35.8197,28,-1.038692,14
CTD_CP_H,20240708T183820,354.01,13.6644,35.8187,28,-1.038674,14
CTD_CP_H,20240708T183820,356.02,13.6618,35.8179,28,-1.038659,14
CTD_CP_H,20240708T183820,358.02,13.6629,35.8172,28,-1.038648,14
CTD_CP_H,20240708T183820,359.98,13.6439,35.8121,27,-1.038702,13
CTD_CP_H,20240708T183820,361.98,13.5816,35.7984,28,-1.038741,14
CTD_CP_H,20240708T183821,364.01,13.4857,35.7794,28,-1.038831,14
CTD_CP_H,20240708T183821,366.03,13.4621,35.7741,27,-1.038842,14
CTD_CP_H,20240708T183821,368.03,13.4362,35.7689,27,-1.038861,13
CTD_CP_H,20240708T183821,370.02,13.4041,35.7656,26,-1.038868,13
CTD_CP_H,20240708T183821,372.00,13.3586,35.7577,26,-1.038875,13
CTD_CP_H,20240708T183821,374.00,13.3156,35.7544,26,-1.038851,13
CTD_CP_H,20240708T183821,376.02,13.3108,35.7570,26,-1.038817,13
CTD_CP_H,20240708T183821,378.00,13.3212,35.7638,25,-1.038771,13
CTD_CP_H,20240708T183821,380.00,13.3528,35.7766,26,-1.038713,13
CTD_CP_H,20240708T183821,381.99,13.3650,35.7803,25,-1.038694,12
CTD_CP_H,20240708T183821,383.98,13.3940,35.7892,26,-1.038634,13
CTD_CP_H,20240708T183821,385.99,13.4130,35.7953,26,-1.038628,13
CTD_CP_H,20240708T183821,388.01,13.4102,35.7930,26,-1.038628,13
CTD_CP_H,20240708T183821,390.02,13.2900,35.7749,25,-1.038687,13
CTD_CP_H,20240708T183822,391.98,13.2434,35.7677,25,-1.038692,12
CTD_CP_H,20240708T183822,393.94,13.2952,35.7838,25,-1.038578,13
CTD_CP_H,20240708T183822,395.96,13.3893,35.8192,26,-1.038452,13
CTD_CP_H,20240708T183822,398.00,13.3918,35.8195,26,-1.038436,13
CTD_CP_H,20240708T183822,400.01,13.3928,35.8190,24,-1.038412,12
CTD_CP_H,20240708T183822,402.02,13.3868,35.8145,26,-1.038432,13
CTD_CP_H,20240708T183822,404.02,13.1979,35.7769,24,-1.038608,12
CTD_CP_H,20240708T183822,405.99,13.0850,35.7509,25,-1.038688,12
CTD_CP_H,20240708T183822,408.00,13.0853,35.7513,25,-1.038718,13
CTD_CP_H,20240708T183822,410.01,13.0905,35.7530,25,-1.038691,12
CTD_CP_H,20240708T183822,412.02,13.0955,35.7550,25,-1.038639,13
CTD_CP_H,20240708T183822,414.00,13.0897,35.7531,25,-1.038646,12
CTD_CP_H,20240708T183822,416.01,13.0376,35.7422,25,-1.038726,13
CTD_CP_H,20240708T183823,418.01,13.0085,35.7405,25,-1.038705,12
CTD_CP_H,20240708T183823,420.00,12.9366,35.7280,25,-1.038742,13
CTD_CP_H,20240708T183823,421.98,12.9423,35.7291,25,-1.038753,12
CTD_CP_H,20240708T183823,423.97,12.8787,35.7188,25,-1.038784,13
CTD_CP_H,20240708T183823,425.99,12.8008,35.7041,25,-1.038840,12
CTD_CP_H,20240708T183823,427.99,12.7560,35.6967,24,-1.038842,12
CTD_CP_H,20240708T183823,430.00,12.7422,35.6945,25,-1.038846,13
CTD_CP_H,20240708T183823,432.01,12.7288,35.6928,24,-1.038879,12
CTD_CP_H,20240708T183823,433.97,12.7101,35.6907,24,-1.038828,12
CTD_CP_H,20240708T183823,435.97,12.6975,35.6892,25,-1.038836,12
CTD_CP_H,20240708T183823,438.01,12.6926,35.6884,25,-1.038866,13
CTD_CP_H,20240708T183823,439.98,12.6838,35.6874,24,-1.038812,12
CTD_CP_H,20240708T183823,441.99,12.6648,35.6849,25,-1.038841,12
CTD_CP_H,20240708T183823,444.00,12.6409,35.6822,24,-1.038841,12
CTD_CP_H,20240708T183824,445.99,12.6163,35.6791,24,-1.038840,12
CTD_CP_H,20240708T183824,447.97,12.5865,35.6767,24,-1.038842,12
CTD_CP_H,20240708T183824,449.99,12.5579,35.6737,25,-1.038853,13
CTD_CP_H,20240708T183824,452.00,12.5364,35.6712,24,-1.038860,12
CTD_CP_H,20240708T183824,454.00,12.5092,35.6683,24,-1.038869,12
CTD_CP_H,20240708T183824,455.99,12.4931,35.6668,24,-1.038876,12
CTD_CP_H,20240708T183824,457.98,12.4795,35.6654,24,-1.038885,12
CTD_CP_H,20240708T183824,459.99,12.4547,35.6636,24,-1.038883,12
CTD_CP_H,20240708T183824,462.01,12.4416,35.6623,25,-1.038878,12
CTD_CP_H,20240708T183824,464.04,12.4243,35.6602,26,-1.038884,13
CTD_CP_H,20240708T183824,466.04,12.4121,35.6590,32,-1.038902,16
CTD_CP_H,20240708T183824,467.99,12.3913,35.6566,33,-1.038906,17
CTD_CP_H,20240708T183824,469.97,12.3729,35.6549,33,-1.038907,16
CTD_CP_H,20240708T183825,471.98,12.3577,35.6540,33,-1.038917,17
CTD_CP_H,20240708T183825,474.01,12.3400,35.6529,33,-1.038926,16
CTD_CP_H,20240708T183825,475.99,12.3248,35.6521,31,-1.038912,16
CTD_CP_H,20240708T183825,477.97,12.3084,35.6519,32,-1.038929,16
CTD_CP_H,20240708T183825,480.01,12.3065,35.6543,32,-1.038898,16
CTD_CP_H,20240708T183825,482.02,12.3040,35.6552,31,-1.038877,15
CTD_CP_H,20240708T183825,484.01,12.3007,35.6553,31,-1.038883,16
CTD_CP_H,20240708T183825,486.00,12.2837,35.6555,30,-1.038909,15
CTD_CP_H,20240708T183825,488.01,12.2690,35.6541,30,-1.038908,15
CTD_CP_H,20240708T183825,490.03,12.2637,35.6539,30,-1.038896,15
CTD_CP_H,20240708T183825,492.00,12.2538,35.6523,28,-1.038904,14
CTD_CP_H,20240708T183825,493.99,12.2216,35.6489,30,-1.038919,15
CTD_CP_H,20240708T183825,496.02,12.2172,35.6488,29,-1.038924,14
CTD_CP_H,20240708T183825,498.00,12.2247,35.6528,28,-1.038896,14
CTD_CP_H,20240708T183826,500.01,12.2222,35.6565,29,-1.038905,15
CTD_CP_H,20240708T183826,502.01,12.2079,35.6538,27,-1.038917,13
CTD_CP_H,20240708T183826,503.98,12.1660,35.6498,27,-1.038908,14
CTD_CP_H,20240708T183826,505.99,12.1836,35.6553,28,-1.038899,14
CTD_CP_H,20240708T183826,508.01,12.1603,35.6515,27,-1.038887,13
CTD_CP_H,20240708T183826,510.01,12.1228,35.6464,27,-1.038892,14
CTD_CP_H,20240708T183826,511.98,12.1148,35.6459,26,-1.038905,13
CTD_CP_H,20240708T183826,513.98,12.1289,35.6555,27,-1.038869,13
CTD_CP_H,20240708T183826,515.99,12.1143,35.6533,26,-1.038867,13
CTD_CP_H,20240708T183826,517.98,12.0885,35.6511,26,-1.038872,13
CTD_CP_H,20240708T183826,520.00,12.0688,35.6488,26,-1.038893,13
CTD_CP_H,20240708T183826,521.99,12.0724,35.6497,25,-1.038875,13
CTD_CP_H,20240708T183826,524.00,12.0619,35.6483,26,-1.038890,13
CTD_CP_H,20240708T183827,526.04,12.0222,35.6434,25,-1.038936,12
CTD_CP_H,20240708T183827,528.01,12.0004,35.6396,24,-1.038927,12
CTD_CP_H,20240708T183827,530.00,11.9862,35.6374,25,-1.038962,13
CTD_CP_H,20240708T183827,531.99,11.9561,35.6340,24,-1.038949,12
CTD_CP_H,20240708T183827,534.00,11.9444,35.6325,25,-1.038984,12
CTD_CP_H,20240708T183827,536.01,11.9686,35.6414,24,-1.038893,12
CTD_CP_H,20240708T183827,537.98,11.9744,35.6463,24,-1.038898,12
CTD_CP_H,20240708T183827,540.00,11.9661,35.6437,25,-1.038902,13
CTD_CP_H,20240708T183827,542.03,11.8996,35.6315,24,-1.038968,12
CTD_CP_H,20240708T183827,544.00,11.8353,35.6190,23,-1.039024,11
CTD_CP_H,20240708T183827,545.97,11.8204,35.6186,24,-1.039018,12
CTD_CP_H,20240708T183827,547.99,11.8129,35.6182,24,-1.039000,12
CTD_CP_H,20240708T183827,550.02,11.8070,35.6176,24,-1.039004,12
CTD_CP_H,20240708T183827,552.00,11.8000,35.6189,23,-1.039015,12
CTD_CP_H,20240708T183828,553.99,11.7959,35.6180,24,-1.039036,12
CTD_CP_H,20240708T183828,555.98,11.7742,35.6151,23,-1.039036,11
CTD_CP_H,20240708T183828,558.00,11.7627,35.6132,24,-1.039059,12
CTD_CP_H,20240708T183828,560.02,11.7547,35.6136,23,-1.039071,12
CTD_CP_H,20240708T183828,562.00,11.7407,35.6122,23,-1.039097,11
CTD_CP_H,20240708T183828,563.97,11.7278,35.6112,23,-1.039082,12
CTD_CP_H,20240708T183828,565.99,11.7097,35.6090,24,-1.039117,12
CTD_CP_H,20240708T183828,568.01,11.6864,35.6071,23,-1.039117,11
CTD_CP_H,20240708T183828,570.01,11.6728,35.6060,23,-1.039137,12
CTD_CP_H,20240708T183828,572.01,11.6674,35.6053,23,-1.039150,11
CTD_CP_H,20240708T183828,574.02,11.6592,35.6056,23,-1.039136,12
CTD_CP_H,20240708T183828,576.01,11.6675,35.6101,23,-1.039106,11
CTD_CP_H,20240708T183828,578.03,11.6570,35.6104,23,-1.039130,12
CTD_CP_H,20240708T183829,580.03,11.6137,35.6048,23,-1.039176,11
CTD_CP_H,20240708T183829,582.00,11.5928,35.6029,22,-1.039166,11
CTD_CP_H,20240708T183829,583.98,11.6062,35.6088,23,-1.039135,12
CTD_CP_H,20240708T183829,586.00,11.6057,35.6126,23,-1.039137,11
CTD_CP_H,20240708T183829,587.97,11.5926,35.6110,22,-1.039134,11
CTD_CP_H,20240708T183829,589.98,11.5648,35.6070,24,-1.039160,12
CTD_CP_H,20240708T183829,592.00,11.5342,35.6029,22,-1.039180,11
CTD_CP_H,20240708T183829,593.98,11.5251,35.6021,23,-1.039200,12
CTD_CP_H,20240708T183829,595.96,11.5121,35.6033,22,-1.039184,11
CTD_CP_H,20240708T183829,598.00,11.5343,35.6116,24,-1.039141,12
CTD_CP_H,20240708T183829,600.04,11.5231,35.6100,22,-1.039136,11
CTD_CP_H,20240708T183829,602.05,11.5076,35.6082,23,-1.039127,11
CTD_CP_H,20240708T183829,604.04,11.5095,35.6111,22,-1.039138,11
CTD_CP_H,20240708T183829,605.99,11.5016,35.6107,22,-1.039147,11
CTD_CP_H,20240708T183830,607.99,11.4882,35.6085,23,-1.039182,12
CTD_CP_H,20240708T183830,610.00,11.4757,35.6065,22,-1.039208,11
CTD_CP_H,20240708T183830,612.03,11.4420,35.6031,24,-1.039224,12
CTD_CP_H,20240708T183830,614.06,11.4228,35.6013,25,-1.039225,12
CTD_CP_H,20240708T183830,616.01,11.4293,35.6042,30,-1.039206,15
CTD_CP_H,20240708T183830,618.01,11.4420,35.6118,30,-1.039178,15
CTD_CP_H,20240708T183830,619.98,11.4411,35.6137,30,-1.039190,15
CTD_CP_H,20240708T183830,621.97,11.4288,35.6138,30,-1.039183,15
CTD_CP_H,20240708T183830,623.96,11.4170,35.6131,29,-1.039179,15
CTD_CP_H,20240708T183830,625.97,11.3993,35.6118,30,-1.039197,15
CTD_CP_H,20240708T183830,627.99,11.3849,35.6101,29,-1.039190,14
CTD_CP_H,20240708T183830,629.99,11.3764,35.6093,29,-1.039210,15
CTD_CP_H,20240708T183830,631.99,11.3647,35.6087,29,-1.039224,14
CTD_CP_H,20240708T183831,633.99,11.3524,35.6078,29,-1.039225,15
CTD_CP_H,20240708T183831,636.00,11.3359,35.6067,29,-1.039243,14
CTD_CP_H,20240708T183831,638.02,11.3181,35.6062,29,-1.039253,15
CTD_CP_H,20240708T183831,640.01,11.2991,35.6038,27,-1.039297,13
CTD_CP_H,20240708T183831,641.97,11.2727,35.6026,28,-1.039281,14
CTD_CP_H,20240708T183831,643.99,11.2570,35.6017,28,-1.039304,14
CTD_CP_H,20240708T183831,645.97,11.2403,35.6007,27,-1.039302,14
CTD_CP_H,20240708T183831,647.97,11.2311,35.5999,28,-1.039322,14
CTD_CP_H,20240708T183831,650.01,11.2207,35.5988,28,-1.039325,14
CTD_CP_H,20240708T183831,652.02,11.2072,35.5979,27,-1.039317,13
CTD_CP_H,20240708T183831,654.01,11.1999,35.5974,27,-1.039335,14
CTD_CP_H,20240708T183831,655.99,11.1907,35.5963,26,-1.039358,13
CTD_CP_H,20240708T183831,657.97,11.1720,35.5950,27,-1.039367,13
CTD_CP_H,20240708T183831,660.00,11.1582,35.5938,27,-1.039355,14
CTD_CP_H,20240708T183832,662.03,11.1469,35.5926,26,-1.039380,13
CTD_CP_H,20240708T183832,664.02,11.1328,35.5914,26,-1.039394,13
CTD_CP_H,20240708T183832,666.01,11.1239,35.5903,26,-1.039416,13
CTD_CP_H,20240708T183832,668.02,11.1088,35.5884,26,-1.039448,13
CTD_CP_H,20240708T183832,670.01,11.0878,35.5863,25,-1.039458,12
CTD_CP_H,20240708T183832,672.02,11.0668,35.5838,26,-1.039469,13
CTD_CP_H,20240708T183832,674.04,11.0450,35.5815,25,-1.039472,13
CTD_CP_H,20240708T183832,676.01,11.0527,35.5843,24,-1.039467,12
CTD_CP_H,20240708T183832,677.98,11.0451,35.5835,25,-1.039489,12
CTD_CP_H,20240708T183832,680.00,11.0328,35.5824,25,-1.039503,13
CTD_CP_H,20240708T183832,682.01,11.0133,35.5800,24,-1.039528,12
CTD_CP_H,20240708T183832,684.01,10.9961,35.5781,25,-1.039538,12
CTD_CP_H,20240708T183832,686.00,10.9853,35.5770,24,-1.039558,12
CTD_CP_H,20240708T183833,688.00,10.9643,35.5748,25,-1.039561,13
CTD_CP_H,20240708T183833,690.02,10.9490,35.5728,24,-1.039590,12
CTD_CP_H,20240708T183833,692.03,10.9265,35.5709,24,-1.039608,12
CTD_CP_H,20240708T183833,694.01,10.9094,35.5690,23,-1.039633,11
CTD_CP_H,20240708T183833,695.99,10.8898,35.5668,24,-1.039621,12
CTD_CP_H,20240708T183833,697.98,10.8696,35.5651,23,-1.039632,12
CTD_CP_H,20240708T183833,699.98,10.8526,35.5644,24,-1.039641,12
CTD_CP_H,20240708T183833,702.00,10.8294,35.5614,23,-1.039663,11
CTD_CP_H,20240708T183833,703.98,10.7963,35.5578,23,-1.039683,12
CTD_CP_H,20240708T183833,706.02,10.7850,35.5562,24,-1.039701,12
CTD_CP_H,20240708T183833,708.02,10.7761,35.5552,22,-1.039712,11
CTD_CP_H,20240708T183833,709.98,10.7819,35.5591,23,-1.039697,11
CTD_CP_H,20240708T183833,711.97,10.7817,35.5601,23,-1.039689,12
CTD_CP_H,20240708T183833,714.00,10.7706,35.5586,24,-1.039716,12
CTD_CP_H,20240708T183834,716.04,10.7466,35.5564,23,-1.039744,11
CTD_CP_H,20240708T183834,718.03,10.7209,35.5531,23,-1.039741,12
CTD_CP_H,20240708T183834,720.02,10.7065,35.5507,23,-1.039778,11
CTD_CP_H,20240708T183834,722.01,10.6916,35.5490,23,-1.039794,12
CTD_CP_H,20240708T183834,724.00,10.6765,35.5473,23,-1.039792,11
CTD_CP_H,20240708T183834,726.01,10.6558,35.5453,23,-1.039825,12
CTD_CP_H,20240708T183834,728.01,10.6367,35.5433,23,-1.039855,11
CTD_CP_H,20240708T183834,730.00,10.6321,35.5427,23,-1.039883,12
CTD_CP_H,20240708T183834,732.00,10.6237,35.5418,23,-1.039902,11
CTD_CP_H,20240708T183834,733.99,10.5875,35.5385,23,-1.039951,12
CTD_CP_H,20240708T183834,735.99,10.5445,35.5330,23,-1.039977,11
CTD_CP_H,20240708T183834,737.99,10.5311,35.5320,23,-1.040012,12
CTD_CP_H,20240708T183834,739.99,10.5175,35.5308,23,-1.040006,11
CTD_CP_H,20240708T183835,742.00,10.5118,35.5317,23,-1.040018,12
CTD_CP_H,20240708T183835,744.03,10.4761,35.5265,23,-1.040017,11
CTD_CP_H,20240708T183835,746.01,10.4696,35.5263,22,-1.040029,11
CTD_CP_H,20240708T183835,748.01,10.4668,35.5281,23,-1.040021,12
CTD_CP_H,20240708T183835,749.99,10.4672,35.5318,22,-1.040008,11
CTD_CP_H,20240708T183835,752.01,10.4625,35.5327,23,-1.040011,11
CTD_CP_H,20240708T183835,754.03,10.4626,35.5345,22,-1.040030,11
CTD_CP_H,20240708T183835,755.99,10.4578,35.5351,22,-1.040038,11
CTD_CP_H,20240708T183835,757.98,10.4506,35.5366,22,-1.040027,11
CTD_CP_H,20240708T183835,759.97,10.4526,35.5391,22,-1.040045,11
CTD_CP_H,20240708T183835,761.99,10.4463,35.5387,23,-1.040047,12
CTD_CP_H,20240708T183835,764.01,10.4388,35.5391,22,-1.040042,11
CTD_CP_H,20240708T183835,766.01,10.4307,35.5416,22,-1.040007,11
CTD_CP_H,20240708T183835,767.99,10.4263,35.5415,22,-1.039998,11
CTD_CP_H,20240708T183836,769.98,10.4204,35.5415,22,-1.040017,11
CTD_CP_H,20240708T183836,771.96,10.4256,35.5437,22,-1.040033,11
CTD_CP_H,20240708T183836,773.95,10.4188,35.5428,22,-1.040065,11
CTD_CP_H,20240708T183836,775.96,10.3958,35.5398,22,-1.040098,11
CTD_CP_H,20240708T183836,777.97,10.3564,35.5347,22,-1.040113,11
CTD_CP_H,20240708T183836,779.96,10.3275,35.5317,22,-1.040125,11
CTD_CP_H,20240708T183836,781.96,10.3189,35.5300,22,-1.040135,11
CTD_CP_H,20240708T183836,783.98,10.3011,35.5294,23,-1.040174,11
CTD_CP_H,20240708T183836,786.01,10.2752,35.5264,22,-1.040204,11
CTD_CP_H,20240708T183836,788.00,10.2474,35.5238,22,-1.040209,11
CTD_CP_H,20240708T183836,789.98,10.2187,35.5215,22,-1.040257,11
CTD_CP_H,20240708T183836,791.99,10.1993,35.5208,23,-1.040274,12
CTD_CP_H,20240708T183836,794.05,10.1850,35.5196,25,-1.040279,12
CTD_CP_H,20240708T183837,796.06,10.1710,35.5181,29,-1.040304,15
CTD_CP_H,20240708T183837,798.00,10.1471,35.5164,29,-1.040316,14
CTD_CP_H,20240708T183837,799.98,10.1311,35.5150,30,-1.040325,15
CTD_CP_H,20240708T183837,801.99,10.1106,35.5133,29,-1.040353,15
CTD_CP_H,20240708T183837,804.00,10.0826,35.5114,30,-1.040387,15
CTD_CP_H,20240708T183837,806.02,10.0676,35.5108,29,-1.040395,14
CTD_CP_H,20240708T183837,808.01,10.0529,35.5096,29,-1.040409,15
CTD_CP_H,20240708T183837,810.01,10.0593,35.5128,29,-1.040386,14
CTD_CP_H,20240708T183837,812.00,10.0509,35.5118,28,-1.040413,14
CTD_CP_H,20240708T183837,814.00,10.0374,35.5102,29,-1.040422,15
CTD_CP_H,20240708T183837,816.03,10.0110,35.5094,29,-1.040453,14
CTD_CP_H,20240708T183837,818.01,9.9942,35.5076,28,-1.040445,14
CTD_CP_H,20240708T183837,819.99,9.9836,35.5073,28,-1.040486,14
CTD_CP_H,20240708T183837,821.97,9.9792,35.5076,28,-1.040461,14
CTD_CP_H,20240708T183838,823.99,9.9709,35.5081,29,-1.040437,15
CTD_CP_H,20240708T183838,825.99,9.9614,35.5070,27,-1.040469,13
CTD_CP_H,20240708T183838,827.97,9.9321,35.5034,28,-1.040485,14
CTD_CP_H,20240708T183838,829.99,9.9123,35.5002,27,-1.040542,14
CTD_CP_H,20240708T183838,831.97,9.8774,35.4947,27,-1.040592,13
CTD_CP_H,20240708T183838,833.97,9.8478,35.4889,27,-1.040631,14
CTD_CP_H,20240708T183838,836.00,9.7930,35.4806,27,-1.040674,13
CTD_CP_H,20240708T183838,838.00,9.7650,35.4765,26,-1.040698,13
CTD_CP_H,20240708T183838,840.00,9.7121,35.4690,26,-1.040724,13
CTD_CP_H,20240708T183838,842.00,9.6982,35.4669,26,-1.040761,13
CTD_CP_H,20240708T183838,844.01,9.6884,35.4672,26,-1.040778,13
CTD_CP_H,20240708T183838,845.99,9.6695,35.4649,25,-1.040802,13
CTD_CP_H,20240708T183838,848.01,9.6572,35.4641,26,-1.040810,13
CTD_CP_H,20240708T183839,850.00,9.6578,35.4648,24,-1.040810,12
CTD_CP_H,20240708T183839,851.99,9.6293,35.4614,25,-1.040858,12
CTD_CP_H,20240708T183839,854.02,9.5970,35.4572,25,-1.040891,13
CTD_CP_H,20240708T183839,856.03,9.5849,35.4555,24,-1.040872,12
CTD_CP_H,20240708T183839,858.03,9.5794,35.4567,24,-1.040900,12
CTD_CP_H,20240708T183839,860.04,9.5697,35.4553,24,-1.040909,12
CTD_CP_H,20240708T183839,862.03,9.5492,35.4533,23,-1.040943,11
CTD_CP_H,20240708T183839,864.02,9.5343,35.4510,24,-1.040948,12
CTD_CP_H,20240708T183839,866.01,9.5059,35.4470,23,-1.040995,12
CTD_CP_H,20240708T183839,867.97,9.4910,35.4441,23,-1.041005,11
CTD_CP_H,20240708T183839,869.98,9.4528,35.4395,24,-1.041039,12
CTD_CP_H,20240708T183839,872.01,9.4290,35.4365,23,-1.041065,12
CTD_CP_H,20240708T183839,874.03,9.4030,35.4335,23,-1.041100,11
CTD_CP_H,20240708T183840,876.02,9.3851,35.4306,22,-1.041113,11
CTD_CP_H,20240708T183840,877.98,9.3762,35.4290,22,-1.041138,11
CTD_CP_H,20240708T183840,879.99,9.3649,35.4270,23,-1.041139,12
CTD_CP_H,20240708T183840,882.04,9.3250,35.4224,22,-1.041151,11
CTD_CP_H,20240708T183840,884.01,9.3087,35.4202,21,-1.041173,10
CTD_CP_H,20240708T183840,886.01,9.3008,35.4196,22,-1.041182,11
CTD_CP_H,20240708T183840,888.01,9.2960,35.4187,21,-1.041201,11
CTD_CP_H,20240708T183840,889.97,9.2930,35.4184,21,-1.041225,10
CTD_CP_H,20240708T183840,891.95,9.2840,35.4179,21,-1.041233,11
CTD_CP_H,20240708T183840,893.97,9.2706,35.4161,22,-1.041253,11
CTD_CP_H,20240708T183840,896.01,9.2605,35.4152,21,-1.041288,10
CTD_CP_H,20240708T183840,898.00,9.2349,35.4128,20,-1.041286,10
CTD_CP_H,20240708T183840,899.96,9.2271,35.4113,21,-1.041306,11
CTD_CP_H,20240708T183840,902.00,9.2054,35.4083,21,-1.041332,10
CTD_CP_H,20240708T183841,904.02,9.1750,35.4045,20,-1.041344,10
CTD_CP_H,20240708T183841,906.00,9.1629,35.4028,20,-1.041369,10
CTD_CP_H,20240708T183841,907.97,9.1587,35.4021,20,-1.041378,10
CTD_CP_H,20240708T183841,910.00,9.1473,35.4004,21,-1.041364,11
CTD_CP_H,20240708T183841,912.05,9.1340,35.3985,20,-1.041393,10
CTD_CP_H,20240708T183841,914.02,9.1210,35.3971,19,-1.041386,9
CTD_CP_H,20240708T183841,915.98,9.1126,35.3957,20,-1.041411,10
CTD_CP_H,20240708T183841,917.99,9.1028,35.3942,20,-1.041417,10
CTD_CP_H,20240708T183841,920.01,9.0954,35.3928,20,-1.041451,10
CTD_CP_H,20240708T183841,922.03,9.0781,35.3903,20,-1.041442,10
CTD_CP_H,20240708T183841,924.00,9.0674,35.3890,19,-1.041469,10
CTD_CP_H,20240708T183841,925.98,9.0423,35.3857,20,-1.041476,10
CTD_CP_H,20240708T183841,928.02,9.0146,35.3824,20,-1.041488,10
CTD_CP_H,20240708T183842,930.02,8.9862,35.3799,19,-1.041487,9
CTD_CP_H,20240708T183842,931.96,8.9686,35.3778,19,-1.041490,10
CTD_CP_H,20240708T183842,933.97,8.9607,35.3782,20,-1.041529,10
CTD_CP_H,20240708T183842,936.03,8.9558,35.3777,20,-1.041529,10
CTD_CP_H,20240708T183842,938.01,8.9428,35.3769,19,-1.041552,9
CTD_CP_H,20240708T183842,940.01,8.9350,35.3768,20,-1.041563,10
CTD_CP_H,20240708T183842,942.01,8.9421,35.3808,19,-1.041569,10
CTD_CP_H,20240708T183842,944.00,8.9324,35.3811,20,-1.041549,10
CTD_CP_H,20240708T183842,946.02,8.9244,35.3802,19,-1.041559,9
CTD_CP_H,20240708T183842,948.00,8.9006,35.3786,19,-1.041576,10
CTD_CP_H,20240708T183842,950.02,8.8834,35.3763,20,-1.041586,10
CTD_CP_H,20240708T183842,952.01,8.8761,35.3749,18,-1.041595,9
CTD_CP_H,20240708T183842,953.98,8.8548,35.3734,20,-1.041627,10
CTD_CP_H,20240708T183842,956.01,8.8327,35.3711,19,-1.041672,9
CTD_CP_H,20240708T183843,957.99,8.8179,35.3698,19,-1.041676,10
CTD_CP_H,20240708T183843,959.98,8.8055,35.3685,19,-1.041661,9
CTD_CP_H,20240708T183843,961.95,8.7946,35.3665,19,-1.041686,10
CTD_CP_H,20240708T183843,963.97,8.7729,35.3651,20,-1.041708,10
CTD_CP_H,20240708T183843,966.00,8.7591,35.3631,19,-1.041695,9
CTD_CP_H,20240708T183843,967.98,8.7506,35.3625,19,-1.041722,10
CTD_CP_H,20240708T183843,969.99,8.7364,35.3604,20,-1.041739,10
CTD_CP_H,20240708T183843,972.01,8.7224,35.3587,19,-1.041734,9
CTD_CP_H,20240708T183843,973.98,8.7132,35.3574,19,-1.041721,10
CTD_CP_H,20240708T183843,975.98,8.6951,35.3557,20,-1.041715,10
CTD_CP_H,20240708T183843,977.98,8.6722,35.3534,19,-1.041716,9
CTD_CP_H,20240708T183843,979.98,8.6647,35.3524,20,-1.041751,10
CTD_CP_H,20240708T183843,981.98,8.6461,35.3504,19,-1.041777,10
CTD_CP_H,20240708T183843,983.97,8.6162,35.3475,20,-1.041770,10
CTD_CP_H,20240708T183844,986.01,8.6105,35.3462,20,-1.041776,10
CTD_CP_H,20240708T183844,988.02,8.5750,35.3435,20,-1.041787,10
CTD_CP_H,20240708T183844,990.05,8.5503,35.3413,22,-1.041785,11
CTD_CP_H,20240708T183844,992.01,8.5463,35.3403,24,-1.041789,12
CTD_CP_H,20240708T183844,994.00,8.5346,35.3393,26,-1.041813,13
CTD_CP_H,20240708T183844,996.03,8.5245,35.3379,25,-1.041805,12
CTD_CP_H,20240708T183844,998.01,8.5044,35.3366,25,-1.041817,13
CTD_CP_H,20240708T183844,999.98,8.4757,35.3340,25,-1.041844,12
CTD_CP_H,20240708T183844,1002.00,8.4574,35.3324,26,-1.041860,13
CTD_CP_H,20240708T183844,1003.99,8.4400,35.3312,25,-1.041888,13
CTD_CP_H,20240708T183844,1006.00,8.4277,35.3296,26,-1.041884,13
CTD_CP_H,20240708T183844,1008.02,8.4242,35.3287,26,-1.041882,13
CTD_CP_H,20240708T183844,1010.01,8.4003,35.3262,25,-1.041887,12
CTD_CP_H,20240708T183845,1011.98,8.3882,35.3246,25,-1.041893,13
CTD_CP_H,20240708T183845,1013.96,8.3795,35.3236,26,-1.041918,13
CTD_CP_H,20240708T183845,1015.98,8.3642,35.3219,26,-1.041972,13
CTD_CP_H,20240708T183845,1018.00,8.3489,35.3202,26,-1.041999,13
CTD_CP_H,20240708T183845,1020.00,8.3297,35.3188,25,-1.042008,12
CTD_CP_H,20240708T183845,1021.98,8.3175,35.3172,26,-1.042033,13
CTD_CP_H,20240708T183845,1024.00,8.2989,35.3156,26,-1.042024,13
CTD_CP_H,20240708T183845,1025.99,8.2859,35.3142,25,-1.041995,13
CTD_CP_H,20240708T183845,1027.99,8.2686,35.3119,26,-1.042009,13
CTD_CP_H,20240708T183845,1029.99,8.2540,35.3107,25,-1.042009,12
CTD_CP_H,20240708T183845,1032.00,8.2332,35.3087,26,-1.042036,13
CTD_CP_H,20240708T183845,1034.01,8.2151,35.3070,25,-1.042045,13
CTD_CP_H,20240708T183845,1035.97,8.2011,35.3057,25,-1.042054,12
CTD_CP_H,20240708T183846,1037.96,8.1927,35.3046,25,-1.042030,13
CTD_CP_H,20240708T183846,1039.98,8.1772,35.3032,26,-1.042066,13
CTD_CP_H,20240708T183846,1041.99,8.1590,35.3013,25,-1.042066,12
CTD_CP_H,20240708T183846,1043.99,8.1467,35.3001,26,-1.042090,13
CTD_CP_H,20240708T183846,1046.00,8.1372,35.2991,25,-1.042083,13
CTD_CP_H,20240708T183846,1048.02,8.1359,35.3013,26,-1.042101,13
CTD_CP_H,20240708T183846,1050.02,8.1349,35.3017,25,-1.042110,12
CTD_CP_H,20240708T183846,1052.01,8.1161,35.2989,25,-1.042128,13
CTD_CP_H,20240708T183846,1054.00,8.0801,35.2945,25,-1.042138,12
CTD_CP_H,20240708T183846,1055.99,8.0852,35.2972,25,-1.042126,13
CTD_CP_H,20240708T183846,1057.99,8.0777,35.2971,25,-1.042153,12
CTD_CP_H,20240708T183846,1059.99,8.0505,35.2938,25,-1.042176,13
CTD_CP_H,20240708T183846,1062.00,8.0504,35.2938,25,-1.042180,12
CTD_CP_H,20240708T183846,1064.02,8.0455,35.2936,25,-1.042194,13
CTD_CP_H,20240708T183847,1065.99,8.0137,35.2905,24,-1.042181,12
CTD_CP_H,20240708T183847,1067.99,7.9804,35.2874,26,-1.042207,13
CTD_CP_H,20240708T183847,1070.02,7.9624,35.2856,24,-1.042214,12
CTD_CP_H,20240708T183847,1072.01,7.9528,35.2847,25,-1.042195,12
CTD_CP_H,20240708T183847,1074.00,7.9516,35.2842,24,-1.042199,12
CTD_CP_H,20240708T183847,1075.99,7.9480,35.2837,25,-1.042196,13
CTD_CP_H,20240708T183847,1077.99,7.9363,35.2836,24,-1.042187,12
CTD_CP_H,20240708T183847,1079.98,7.9144,35.2812,25,-1.042198,12
CTD_CP_H,20240708T183847,1081.99,7.9038,35.2795,24,-1.042199,12
CTD_CP_H,20240708T183847,1084.01,7.8929,35.2792,25,-1.042199,13
CTD_CP_H,20240708T183847,1086.02,7.8856,35.2777,24,-1.042236,12
CTD_CP_H,20240708T183847,1087.99,7.8733,35.2755,24,-1.042274,12
CTD_CP_H,20240708T183847,1089.98,7.8493,35.2730,24,-1.042278,12
CTD_CP_H,20240708T183848,1092.00,7.8321,35.2713,25,-1.042281,12
CTD_CP_H,20240708T183848,1094.05,7.8232,35.2703,27,-1.042290,14
CTD_CP_H,20240708T183848,1096.04,7.8180,35.2700,32,-1.042310,16
CTD_CP_H,20240708T183848,1098.01,7.8024,35.2688,33,-1.042310,16
CTD_CP_H,20240708T183848,1100.00,7.7815,35.2670,32,-1.042300,16
CTD_CP_H,20240708T183848,1101.98,7.7709,35.2655,33,-1.042306,17
CTD_CP_H,20240708T183848,1103.99,7.7584,35.2640,32,-1.042334,16
CTD_CP_H,20240708T183848,1106.00,7.7403,35.2624,33,-1.042346,16
CTD_CP_H,20240708T183848,1108.02,7.7311,35.2617,32,-1.042348,16
CTD_CP_H,20240708T183848,1110.01,7.7218,35.2605,32,-1.042369,16
CTD_CP_H,20240708T183848,1111.99,7.7050,35.2584,31,-1.042349,16
CTD_CP_H,20240708T183848,1113.98,7.6842,35.2559,31,-1.042346,15
CTD_CP_H,20240708T183848,1115.98,7.6582,35.2530,31,-1.042357,16
CTD_CP_H,20240708T183848,1118.00,7.6407,35.2512,31,-1.042380,15
CTD_CP_H,20240708T183849,1120.01,7.6349,35.2509,30,-1.042388,15
CTD_CP_H,20240708T183849,1121.98,7.6321,35.2507,30,-1.042373,15
CTD_CP_H,20240708T183849,1123.98,7.6197,35.2505,30,-1.042344,15
CTD_CP_H,20240708T183849,1126.00,7.6055,35.2493,30,-1.042377,15
CTD_CP_H,20240708T183849,1127.97,7.5970,35.2479,29,-1.042405,15
CTD_CP_H,20240708T183849,1129.97,7.5813,35.2470,29,-1.042393,14
CTD_CP_H,20240708T183849,1131.99,7.5756,35.2459,30,-1.042382,15
CTD_CP_H,20240708T183849,1134.01,7.5641,35.2443,28,-1.042389,14
CTD_CP_H,20240708T183849,1135.98,7.5434,35.2422,28,-1.042389,14
CTD_CP_H,20240708T183849,1137.97,7.5402,35.2414,28,-1.042407,14
CTD_CP_H,20240708T183849,1139.99,7.5165,35.2391,28,-1.042393,14
CTD_CP_H,20240708T183849,1141.99,7.4871,35.2357,27,-1.042412,14
CTD_CP_H,20240708T183849,1144.00,7.4726,35.2342,28,-1.042426,14
CTD_CP_H,20240708T183850,1146.01,7.4568,35.2322,26,-1.042455,13
CTD_CP_H,20240708T183850,1147.99,7.4481,35.2313,27,-1.042456,13
CTD_CP_H,20240708T183850,1150.00,7.4339,35.2295,27,-1.042460,14
CTD_CP_H,20240708T183850,1152.00,7.4159,35.2273,26,-1.042441,13
CTD_CP_H,20240708T183850,1154.00,7.3977,35.2259,26,-1.042449,13
CTD_CP_H,20240708T183850,1155.99,7.3845,35.2246,26,-1.042459,13
CTD_CP_H,20240708T183850,1158.00,7.3720,35.2227,26,-1.042453,13
CTD_CP_H,20240708T183850,1160.00,7.3602,35.2214,25,-1.042455,12
CTD_CP_H,20240708T183850,1161.98,7.3477,35.2202,25,-1.042444,13
CTD_CP_H,20240708T183850,1164.00,7.3251,35.2179,26,-1.042428,13
CTD_CP_H,20240708T183850,1166.01,7.3116,35.2162,24,-1.042429,12
CTD_CP_H,20240708T183850,1167.99,7.2964,35.2151,25,-1.042448,12
CTD_CP_H,20240708T183850,1170.02,7.2890,35.2139,25,-1.042451,13
CTD_CP_H,20240708T183850,1172.03,7.2827,35.2131,24,-1.042455,12
CTD_CP_H,20240708T183851,1174.02,7.2693,35.2117,24,-1.042476,12
CTD_CP_H,20240708T183851,1176.00,7.2585,35.2108,24,-1.042482,12
CTD_CP_H,20240708T183851,1177.99,7.2422,35.2091,24,-1.042477,12
CTD_CP_H,20240708T183851,1180.00,7.2306,35.2076,24,-1.042481,12
CTD_CP_H,20240708T183851,1182.03,7.2146,35.2062,24,-1.042495,12
CTD_CP_H,20240708T183851,1184.03,7.2067,35.2054,23,-1.042499,11
CTD_CP_H,20240708T183851,1186.00,7.1967,35.2047,23,-1.042477,12
CTD_CP_H,20240708T183851,1187.97,7.1874,35.2032,23,-1.042500,11
CTD_CP_H,20240708T183851,1189.96,7.1773,35.2026,23,-1.042494,12
CTD_CP_H,20240708T183851,1191.97,7.1672,35.2013,23,-1.042512,11
CTD_CP_H,20240708T183851,1193.99,7.1523,35.2003,23,-1.042497,12
CTD_CP_H,20240708T183851,1196.00,7.1440,35.1990,23,-1.042514,11
CTD_CP_H,20240708T183851,1198.03,7.1374,35.1982,23,-1.042524,12
CTD_CP_H,20240708T183852,1200.02,7.1294,35.1972,22,-1.042527,11
CTD_CP_H,20240708T183852,1202.01,7.1119,35.1959,23,-1.042534,11
CTD_CP_H,20240708T183852,1204.01,7.0898,35.1940,22,-1.042515,11
CTD_CP_H,20240708T183852,1205.99,7.0796,35.1928,22,-1.042523,11
CTD_CP_H,20240708T183852,1208.02,7.0742,35.1922,23,-1.042537,12
CTD_CP_H,20240708T183852,1210.00,7.0676,35.1909,21,-1.042506,10
CTD_CP_H,20240708T183852,1211.96,7.0501,35.1888,22,-1.042476,11
CTD_CP_H,20240708T183852,1213.97,7.0344,35.1869,22,-1.042441,11
CTD_CP_H,20240708T183852,1215.99,7.0284,35.1861,22,-1.042459,11
CTD_CP_H,20240708T183852,1217.99,7.0175,35.1847,21,-1.042470,11
CTD_CP_H,20240708T183852,1219.99,7.0071,35.1833,22,-1.042460,11
CTD_CP_H,20240708T183852,1222.01,6.9961,35.1835,21,-1.042488,10
CTD_CP_H,20240708T183852,1223.99,6.9951,35.1837,21,-1.042536,11
CTD_CP_H,20240708T183852,1225.98,6.9856,35.1826,21,-1.042569,10
CTD_CP_H,20240708T183853,1227.98,6.9658,35.1813,21,-1.042560,11
CTD_CP_H,20240708T183853,1229.99,6.9556,35.1801,21,-1.042577,10
CTD_CP_H,20240708T183853,1232.00,6.9489,35.1793,21,-1.042547,11
CTD_CP_H,20240708T183853,1234.00,6.9361,35.1780,21,-1.042524,10
CTD_CP_H,20240708T183853,1236.02,6.9337,35.1773,21,-1.042538,11
CTD_CP_H,20240708T183853,1238.04,6.9313,35.1774,21,-1.042560,10
CTD_CP_H,20240708T183853,1240.03,6.9213,35.1773,20,-1.042559,10
CTD_CP_H,20240708T183853,1242.02,6.9143,35.1770,21,-1.042580,11
CTD_CP_H,20240708T183853,1244.00,6.9096,35.1759,20,-1.042558,10
CTD_CP_H,20240708T183853,1245.99,6.9035,35.1761,21,-1.042570,10
CTD_CP_H,20240708T183853,1248.02,6.8956,35.1749,21,-1.042559,11
CTD_CP_H,20240708T183853,1250.01,6.8823,35.1730,20,-1.042545,10
CTD_CP_H,20240708T183853,1252.02,6.8625,35.1708,21,-1.042539,10
CTD_CP_H,20240708T183854,1254.03,6.8474,35.1696,20,-1.042523,10
CTD_CP_H,20240708T183854,1255.98,6.8372,35.1691,20,-1.042539,10
CTD_CP_H,20240708T183854,1258.00,6.8258,35.1684,21,-1.042543,11
CTD_CP_H,20240708T183854,1260.02,6.8177,35.1671,20,-1.042556,10
CTD_CP_H,20240708T183854,1261.99,6.8084,35.1665,20,-1.042577,10
CTD_CP_H,20240708T183854,1263.99,6.8010,35.1659,20,-1.042578,10
CTD_CP_H,20240708T183854,1265.98,6.7931,35.1652,20,-1.042588,10
CTD_CP_H,20240708T183854,1267.98,6.7863,35.1646,20,-1.042596,10
CTD_CP_H,20240708T183854,1269.98,6.7817,35.1640,20,-1.042608,10
CTD_CP_H,20240708T183854,1271.98,6.7758,35.1636,20,-1.042616,10
CTD_CP_H,20240708T183854,1273.97,6.7632,35.1626,20,-1.042618,10
CTD_CP_H,20240708T183854,1275.96,6.7495,35.1617,20,-1.042637,10
CTD_CP_H,20240708T183854,1277.97,6.7399,35.1613,20,-1.042665,10
CTD_CP_H,20240708T183854,1279.99,6.7285,35.1604,20,-1.042661,10
CTD_CP_H,20240708T183855,1282.01,6.7203,35.1598,20,-1.042686,10
CTD_CP_H,20240708T183855,1284.03,6.7095,35.1587,20,-1.042689,10
CTD_CP_H,20240708T183855,1286.01,6.6960,35.1576,19,-1.042682,9
CTD_CP_H,20240708T183855,1287.98,6.6776,35.1559,20,-1.042681,10
CTD_CP_H,20240708T183855,1289.99,6.6650,35.1545,20,-1.042679,10
CTD_CP_H,20240708T183855,1291.96,6.6575,35.1533,19,-1.042680,10
CTD_CP_H,20240708T183855,1293.97,6.6468,35.1526,21,-1.042690,10
CTD_CP_H,20240708T183855,1296.00,6.6404,35.1519,19,-1.042705,10
CTD_CP_H,20240708T183855,1297.97,6.6348,35.1511,20,-1.042716,10
CTD_CP_H,20240708T183855,1299.98,6.6243,35.1501,20,-1.042712,10
CTD_CP_H,20240708T183855,1302.00,6.6134,35.1494,20,-1.042675,10
CTD_CP_H,20240708T183855,1304.03,6.6056,35.1486,20,-1.042660,10
CTD_CP_H,20240708T183855,1306.04,6.5946,35.1472,20,-1.042661,10
CTD_CP_H,20240708T183856,1308.04,6.5877,35.1466,20,-1.042704,10
CTD_CP_H,20240708T183856,1310.04,6.5797,35.1457,20,-1.042705,10
CTD_CP_H,20240708T183856,1312.03,6.5664,35.1445,20,-1.042717,10
CTD_CP_H,20240708T183856,1314.03,6.5424,35.1431,20,-1.042707,10
CTD_CP_H,20240708T183856,1316.03,6.5343,35.1422,20,-1.042725,10
CTD_CP_H,20240708T183856,1318.01,6.5247,35.1409,20,-1.042723,10
CTD_CP_H,20240708T183856,1319.98,6.5117,35.1397,20,-1.042717,10
CTD_CP_H,20240708T183856,1321.95,6.4931,35.1378,20,-1.042719,10
CTD_CP_H,20240708T183856,1323.98,6.4672,35.1356,21,-1.042673,10
CTD_CP_H,20240708T183856,1326.00,6.4593,35.1345,20,-1.042686,10
CTD_CP_H,20240708T183856,1328.00,6.4516,35.1335,21,-1.042695,11
CTD_CP_H,20240708T183856,1330.01,6.4349,35.1322,20,-1.042670,10
CTD_CP_H,20240708T183856,1331.99,6.4245,35.1309,21,-1.042665,10
CTD_CP_H,20240708T183856,1334.01,6.4135,35.1305,21,-1.042668,11
CTD_CP_H,20240708T183857,1336.02,6.4020,35.1292,22,-1.042693,11
CTD_CP_H,20240708T183857,1338.04,6.3962,35.1286,24,-1.042688,12
CTD_CP_H,20240708T183857,1340.02,6.3875,35.1281,27,-1.042715,13
CTD_CP_H,20240708T183857,1342.00,6.3765,35.1272,26,-1.042759,13
CTD_CP_H,20240708T183857,1344.00,6.3521,35.1256,27,-1.042780,14
CTD_CP_H,20240708T183857,1346.03,6.3329,35.1238,27,-1.042758,13
CTD_CP_H,20240708T183857,1348.00,6.3090,35.1216,26,-1.042736,13
CTD_CP_H,20240708T183857,1349.98,6.2915,35.1199,27,-1.042711,14
CTD_CP_H,20240708T183857,1351.99,6.2759,35.1185,27,-1.042746,13
CTD_CP_H,20240708T183857,1353.98,6.2670,35.1175,27,-1.042763,14
CTD_CP_H,20240708T183857,1356.00,6.2527,35.1162,28,-1.042768,14
CTD_CP_H,20240708T183857,1358.02,6.2380,35.1150,27,-1.042740,13
CTD_CP_H,20240708T183857,1359.99,6.2163,35.1129,27,-1.042702,14
CTD_CP_H,20240708T183858,1361.99,6.1961,35.1110,27,-1.042697,13
CTD_CP_H,20240708T183858,1363.97,6.1835,35.1097,27,-1.042693,14
CTD_CP_H,20240708T183858,1365.97,6.1709,35.1086,27,-1.042659,13
CTD_CP_H,20240708T183858,1367.99,6.1552,35.1073,28,-1.042649,14
CTD_CP_H,20240708T183858,1370.01,6.1458,35.1064,27,-1.042716,14
CTD_CP_H,20240708T183858,1372.00,6.1259,35.1046,27,-1.042730,13
CTD_CP_H,20240708T183858,1373.98,6.1123,35.1034,27,-1.042736,14
CTD_CP_H,20240708T183858,1375.98,6.0998,35.1023,27,-1.042738,13
CTD_CP_H,20240708T183858,1377.98,6.0881,35.1011,27,-1.042713,14
CTD_CP_H,20240708T183858,1379.99,6.0709,35.0997,27,-1.042698,13
CTD_CP_H,20240708T183858,1381.96,6.0575,35.0984,26,-1.042726,13
CTD_CP_H,20240708T183858,1383.97,6.0323,35.0961,27,-1.042707,14
CTD_CP_H,20240708T183858,1385.99,6.0161,35.0945,26,-1.042716,13
CTD_CP_H,20240708T183858,1387.97,6.0084,35.0935,26,-1.042695,13
CTD_CP_H,20240708T183859,1389.98,5.9934,35.0922,26,-1.042674,13
CTD_CP_H,20240708T183859,1392.00,5.9809,35.0911,26,-1.042689,13
CTD_CP_H,20240708T183859,1394.00,5.9659,35.0897,25,-1.042703,12
CTD_CP_H,20240708T183859,1395.98,5.9498,35.0886,25,-1.042682,13
CTD_CP_H,20240708T183859,1397.98,5.9360,35.0872,26,-1.042702,13
CTD_CP_H,20240708T183859,1400.01,5.9219,35.0861,25,-1.042700,12
CTD_CP_H,20240708T183859,1402.00,5.9115,35.0852,25,-1.042731,13
CTD_CP_H,20240708T183859,1404.01,5.9041,35.0844,25,-1.042702,12
CTD_CP_H,20240708T183859,1406.01,5.8972,35.0834,24,-1.042690,12
CTD_CP_H,20240708T183859,1407.98,5.8850,35.0827,24,-1.042696,12
CTD_CP_H,20240708T183859,1410.01,5.8783,35.0820,25,-1.042692,13
CTD_CP_H,20240708T183859,1412.03,5.8726,35.0815,24,-1.042681,12
CTD_CP_H,20240708T183859,1414.06,5.8569,35.0799,28,-1.042695,14
CTD_CP_H,20240708T183900,1416.04,5.8442,35.0787,31,-1.042663,15
CTD_CP_H,20240708T183900,1418.00,5.8288,35.0775,33,-1.042639,17
CTD_CP_H,20240708T183900,1420.02,5.8176,35.0762,32,-1.042637,16
CTD_CP_H,20240708T183900,1422.00,5.8002,35.0745,31,-1.042614,15
CTD_CP_H,20240708T183900,1424.00,5.7786,35.0727,32,-1.042614,16
CTD_CP_H,20240708T183900,1426.03,5.7678,35.0717,31,-1.042589,16
CTD_CP_H,20240708T183900,1428.01,5.7544,35.0705,30,-1.042617,15
CTD_CP_H,20240708T183900,1430.00,5.7373,35.0689,30,-1.042580,15
CTD_CP_H,20240708T183900,1431.98,5.7190,35.0669,29,-1.042635,14
CTD_CP_H,20240708T183900,1433.99,5.7061,35.0658,30,-1.042638,15
CTD_CP_H,20240708T183900,1436.00,5.6838,35.0640,29,-1.042615,15
CTD_CP_H,20240708T183900,1438.00,5.6705,35.0626,29,-1.042619,14
CTD_CP_H,20240708T183900,1440.00,5.6590,35.0617,29,-1.042620,15
CTD_CP_H,20240708T183901,1442.00,5.6505,35.0603,28,-1.042615,14
CTD_CP_H,20240708T183901,1443.99,5.6315,35.0588,28,-1.042562,14
CTD_CP_H,20240708T183901,1446.01,5.6182,35.0578,28,-1.042554,14
CTD_CP_H,20240708T183901,1448.01,5.6156,35.0572,27,-1.042565,13
CTD_CP_H,20240708T183901,1450.00,5.6006,35.0559,28,-1.042566,14
CTD_CP_H,20240708T183901,1452.01,5.5779,35.0541,27,-1.042563,14
CTD_CP_H,20240708T183901,1454.01,5.5648,35.0531,27,-1.042549,13
CTD_CP_H,20240708T183901,1456.02,5.5572,35.0522,27,-1.042561,14
CTD_CP_H,20240708T183901,1458.00,5.5458,35.0509,26,-1.042562,13
CTD_CP_H,20240708T183901,1459.97,5.5376,35.0502,26,-1.042566,13
CTD_CP_H,20240708T183901,1461.96,5.5271,35.0492,26,-1.042553,13
CTD_CP_H,20240708T183901,1463.97,5.5162,35.0482,26,-1.042544,13
CTD_CP_H,20240708T183901,1466.00,5.5006,35.0468,26,-1.042545,13
CTD_CP_H,20240708T183901,1468.01,5.4922,35.0460,25,-1.042529,12
CTD_CP_H,20240708T183902,1470.00,5.4831,35.0450,25,-1.042517,13
CTD_CP_H,20240708T183902,1471.98,5.4746,35.0440,25,-1.042512,12
CTD_CP_H,20240708T183902,1473.99,5.4638,35.0429,25,-1.042517,13
CTD_CP_H,20240708T183902,1475.98,5.4466,35.0417,24,-1.042498,12
CTD_CP_H,20240708T183902,1478.01,5.4306,35.0403,25,-1.042495,12
CTD_CP_H,20240708T183902,1480.03,5.4167,35.0392,24,-1.042471,12
CTD_CP_H,20240708T183902,1481.99,5.4117,35.0385,24,-1.042477,12
CTD_CP_H,20240708T183902,1483.97,5.4059,35.0379,24,-1.042481,12
CTD_CP_H,20240708T183902,1485.96,5.4002,35.0374,24,-1.042498,12
CTD_CP_H,20240708T183902,1487.97,5.3918,35.0364,24,-1.042506,12
CTD_CP_H,20240708T183902,1489.99,5.3827,35.0358,24,-1.042491,12
CTD_CP_H,20240708T183902,1492.03,5.3710,35.0348,24,-1.042496,12
CTD_CP_H,20240708T183902,1494.02,5.3671,35.0344,23,-1.042513,12
CTD_CP_H,20240708T183903,1496.02,5.3640,35.0337,24,-1.042493,12
CTD_CP_H,20240708T183903,1498.01,5.3554,35.0330,23,-1.042504,11
CTD_CP_H,20240708T183903,1499.98,5.3437,35.0318,23,-1.042496,12
CTD_CP_H,20240708T183903,1502.00,5.3316,35.0305,24,-1.042470,12
CTD_CP_H,20240708T183903,1504.02,5.3174,35.0289,23,-1.042421,11
CTD_CP_H,20240708T183903,1506.00,5.3027,35.0278,23,-1.042399,12
CTD_CP_H,20240708T183903,1508.03,5.2884,35.0267,24,-1.042419,12
CTD_CP_H,20240708T183903,1510.01,5.2770,35.0258,22,-1.042421,11
CTD_CP_H,20240708T183903,1512.01,5.2636,35.0245,24,-1.042426,12
CTD_CP_H,20240708T183903,1514.02,5.2506,35.0231,22,-1.042403,11
CTD_CP_H,20240708T183903,1515.97,5.2415,35.0223,23,-1.042409,11
CTD_CP_H,20240708T183903,1518.01,5.2300,35.0210,24,-1.042382,12
CTD_CP_H,20240708T183903,1520.04,5.2153,35.0199,23,-1.042364,12
CTD_CP_H,20240708T183903,1522.05,5.2002,35.0187,23,-1.042345,11
CTD_CP_H,20240708T183904,1524.05,5.1913,35.0176,23,-1.042367,12
CTD_CP_H,20240708T183904,1526.02,5.1805,35.0164,22,-1.042348,11
CTD_CP_H,20240708T183904,1527.99,5.1669,35.0152,23,-1.042350,11
CTD_CP_H,20240708T183904,1530.02,5.1537,35.0141,23,-1.042326,12
CTD_CP_H,20240708T183904,1532.03,5.1389,35.0130,23,-1.042310,11
CTD_CP_H,20240708T183904,1534.01,5.1272,35.0117,22,-1.042298,11
CTD_CP_H,20240708T183904,1536.00,5.1132,35.0106,23,-1.042282,12
CTD_CP_H,20240708T183904,1537.99,5.0994,35.0093,22,-1.042251,11
CTD_CP_H,20240708T183904,1539.99,5.0840,35.0077,23,-1.042239,11
CTD_CP_H,20240708T183904,1542.03,5.0687,35.0064,23,-1.042202,12
CTD_CP_H,20240708T183904,1544.02,5.0539,35.0053,22,-1.042186,11
CTD_CP_H,20240708T183904,1546.01,5.0407,35.0037,23,-1.042174,11
CTD_CP_H,20240708T183904,1548.02,5.0301,35.0029,22,-1.042183,11
CTD_CP_H,20240708T183905,1549.97,5.0176,35.0017,22,-1.042153,11
CTD_CP_H,20240708T183905,1551.97,5.0074,35.0006,23,-1.042150,12
CTD_CP_H,20240708T183905,1554.00,4.9953,34.9996,23,-1.042158,11
CTD_CP_H,20240708T183905,1555.99,4.9787,34.9984,22,-1.042132,11
CTD_CP_H,20240708T183905,1557.99,4.9652,34.9972,23,-1.042138,12
CTD_CP_H,20240708T183905,1560.00,4.9577,34.9959,22,-1.042115,11
CTD_CP_H,20240708T183905,1561.96,4.9424,34.9946,22,-1.042118,11
CTD_CP_H,20240708T183905,1563.97,4.9185,34.9927,23,-1.042112,11
CTD_CP_H,20240708T183905,1565.99,4.8974,34.9911,22,-1.042104,11
CTD_CP_H,20240708T183905,1568.01,4.8852,34.9895,23,-1.042120,12
CTD_CP_H,20240708T183905,1570.02,4.8785,34.9889,22,-1.042111,11
CTD_CP_H,20240708T183905,1571.99,4.8664,34.9878,22,-1.042080,11
CTD_CP_H,20240708T183905,1573.96,4.8459,34.9861,22,-1.042061,11
CTD_CP_H,20240708T183905,1575.99,4.8271,34.9844,23,-1.042029,11
CTD_CP_H,20240708T183906,1578.00,4.8171,34.9837,22,-1.042044,11
CTD_CP_H,20240708T183906,1580.02,4.8111,34.9829,23,-1.042023,12
CTD_CP_H,20240708T183906,1582.04,4.8003,34.9819,22,-1.042003,11
CTD_CP_H,20240708T183906,1584.01,4.7943,34.9809,22,-1.041984,11
CTD_CP_H,20240708T183906,1586.01,4.7731,34.9793,22,-1.041958,11
CTD_CP_H,20240708T183906,1588.03,4.7607,34.9783,23,-1.041947,11
CTD_CP_H,20240708T183906,1590.03,4.7468,34.9771,22,-1.041917,11
CTD_CP_H,20240708T183906,1592.01,4.7307,34.9756,23,-1.041889,12
CTD_CP_H,20240708T183906,1594.02,4.7145,34.9741,26,-1.041880,13
CTD_CP_H,20240708T183906,1595.99,4.7065,34.9734,30,-1.041896,15
CTD_CP_H,20240708T183906,1598.00,4.7003,34.9725,31,-1.041900,15
CTD_CP_H,20240708T183906,1600.00,4.6817,34.9707,30,-1.041895,15
CTD_CP_H,20240708T183906,1601.98,4.6624,34.9695,30,-1.041880,15
CTD_CP_H,20240708T183907,1603.98,4.6489,34.9682,30,-1.041878,15
CTD_CP_H,20240708T183907,1605.99,4.6367,34.9670,30,-1.041860,15
CTD_CP_H,20240708T183907,1608.01,4.6204,34.9658,30,-1.041850,15
CTD_CP_H,20240708T183907,1610.03,4.6105,34.9648,30,-1.041834,15
CTD_CP_H,20240708T183907,1612.02,4.6012,34.9642,29,-1.041825,15
CTD_CP_H,20240708T183907,1613.99,4.5936,34.9632,29,-1.041804,14
CTD_CP_H,20240708T183907,1615.99,4.5881,34.9624,30,-1.041806,15
CTD_CP_H,20240708T183907,1617.99,4.5779,34.9617,29,-1.041797,15
CTD_CP_H,20240708T183907,1619.97,4.5670,34.9607,29,-1.041788,14
CTD_CP_H,20240708T183907,1621.99,4.5577,34.9598,29,-1.041759,15
CTD_CP_H,20240708T183907,1624.01,4.5452,34.9587,29,-1.041739,14
CTD_CP_H,20240708T183907,1626.01,4.5349,34.9577,28,-1.041726,14
CTD_CP_H,20240708T183907,1628.01,4.5219,34.9565,29,-1.041706,15
CTD_CP_H,20240708T183907,1630.01,4.5104,34.9556,28,-1.041699,14
CTD_CP_H,20240708T183908,1632.00,4.5041,34.9548,28,-1.041690,14
CTD_CP_H,20240708T183908,1634.00,4.4941,34.9540,28,-1.041680,14
CTD_CP_H,20240708T183908,1635.99,4.4810,34.9529,28,-1.041690,14
CTD_CP_H,20240708T183908,1638.01,4.4700,34.9519,28,-1.041667,14
CTD_CP_H,20240708T183908,1639.99,4.4609,34.9511,27,-1.041676,13
CTD_CP_H,20240708T183908,1641.98,4.4540,34.9503,27,-1.041651,14
CTD_CP_H,20240708T183908,1644.01,4.4404,34.9492,28,-1.041644,14
CTD_CP_H,20240708T183908,1645.99,4.4306,34.9485,26,-1.041600,13
CTD_CP_H,20240708T183908,1647.99,4.4256,34.9480,28,-1.041579,14
CTD_CP_H,20240708T183908,1650.00,4.4227,34.9474,26,-1.041578,13
CTD_CP_H,20240708T183908,1651.99,4.4126,34.9467,27,-1.041577,13
CTD_CP_H,20240708T183908,1653.99,4.4064,34.9457,26,-1.041575,13
CTD_CP_H,20240708T183908,1655.99,4.3894,34.9446,26,-1.041585,13
CTD_CP_H,20240708T183909,1657.98,4.3794,34.9436,26,-1.041571,13
CTD_CP_H,20240708T183909,1660.00,4.3643,34.9422,26,-1.041535,13
CTD_CP_H,20240708T183909,1661.99,4.3461,34.9409,25,-1.041512,13
CTD_CP_H,20240708T183909,1663.98,4.3368,34.9399,26,-1.041502,13
CTD_CP_H,20240708T183909,1665.99,4.3261,34.9392,25,-1.041486,12
CTD_CP_H,20240708T183909,1667.98,4.3220,34.9388,25,-1.041488,13
CTD_CP_H,20240708T183909,1669.97,4.3155,34.9381,25,-1.041481,12
CTD_CP_H,20240708T183909,1671.98,4.3071,34.9373,25,-1.041485,13
CTD_CP_H,20240708T183909,1673.97,4.2995,34.9367,24,-1.041476,12
CTD_CP_H,20240708T183909,1675.97,4.2880,34.9356,25,-1.041442,12
CTD_CP_H,20240708T183909,1678.01,4.2769,34.9348,25,-1.041457,13
CTD_CP_H,20240708T183909,1680.02,4.2718,34.9342,24,-1.041450,12
CTD_CP_H,20240708T183909,1682.00,4.2674,34.9335,24,-1.041474,12
CTD_CP_H,20240708T183909,1683.99,4.2555,34.9327,24,-1.041481,12
CTD_CP_H,20240708T183910,1685.99,4.2403,34.9316,24,-1.041453,12
CTD_CP_H,20240708T183910,1688.00,4.2336,34.9309,24,-1.041459,12
CTD_CP_H,20240708T183910,1690.03,4.2252,34.9300,24,-1.041438,12
CTD_CP_H,20240708T183910,1692.04,4.2126,34.9293,23,-1.041409,11
CTD_CP_H,20240708T183910,1694.03,4.2069,34.9286,23,-1.041406,12
CTD_CP_H,20240708T183910,1696.03,4.2050,34.9286,23,-1.041421,11
CTD_CP_H,20240708T183910,1698.03,4.2015,34.9283,23,-1.041442,12
CTD_CP_H,20240708T183910,1700.00,4.1996,34.9279,22,-1.041442,11
CTD_CP_H,20240708T183910,1701.98,4.1941,34.9274,23,-1.041428,11
CTD_CP_H,20240708T183910,1704.01,4.1880,34.9269,23,-1.041415,12
CTD_CP_H,20240708T183910,1706.00,4.1806,34.9260,22,-1.041400,11
CTD_CP_H,20240708T183910,1708.01,4.1739,34.9254,23,-1.041404,11
CTD_CP_H,20240708T183910,1710.01,4.1686,34.9245,22,-1.041393,11
CTD_CP_H,20240708T183911,1711.99,4.1536,34.9235,22,-1.041342,11
CTD_CP_H,20240708T183911,1714.00,4.1407,34.9227,22,-1.041314,11
CTD_CP_H,20240708T183911,1716.01,4.1317,34.9218,22,-1.041304,11
CTD_CP_H,20240708T183911,1717.99,4.1288,34.9213,21,-1.041317,11
CTD_CP_H,20240708T183911,1719.97,4.1218,34.9207,22,-1.041325,11
CTD_CP_H,20240708T183911,1721.97,4.1127,34.9200,21,-1.041318,10
CTD_CP_H,20240708T183911,1723.98,4.1038,34.9194,22,-1.041299,11
CTD_CP_H,20240708T183911,1726.00,4.0970,34.9186,21,-1.041293,11
CTD_CP_H,20240708T183911,1728.02,4.0871,34.9176,22,-1.041279,11
CTD_CP_H,20240708T183911,1730.05,4.0749,34.9167,21,-1.041256,10
CTD_CP_H,20240708T183911,1732.03,4.0667,34.9159,20,-1.041248,10
CTD_CP_H,20240708T183911,1733.99,4.0605,34.9154,21,-1.041259,11
CTD_CP_H,20240708T183911,1736.02,4.0556,34.9148,21,-1.041263,10
CTD_CP_H,20240708T183911,1738.05,4.0499,34.9145,21,-1.041276,11
CTD_CP_H,20240708T183912,1740.02,4.0436,34.9140,20,-1.041255,10
CTD_CP_H,20240708T183912,1742.01,4.0399,34.9137,21,-1.041238,10
CTD_CP_H,20240708T183912,1744.01,4.0356,34.9134,20,-1.041223,10
CTD_CP_H,20240708T183912,1746.00,4.0327,34.9130,21,-1.041234,11
CTD_CP_H,20240708T183912,1748.00,4.0296,34.9126,20,-1.041226,10
CTD_CP_H,20240708T183912,1750.00,4.0258,34.9120,21,-1.041225,10
CTD_CP_H,20240708T183912,1752.01,4.0169,34.9114,20,-1.041216,10
CTD_CP_H,20240708T183912,1754.00,4.0085,34.9104,21,-1.041202,11
CTD_CP_H,20240708T183912,1756.01,3.9970,34.9098,20,-1.041187,10
CTD_CP_H,20240708T183912,1757.98,3.9913,34.9092,20,-1.041199,10
CTD_CP_H,20240708T183912,1759.95,3.9870,34.9086,20,-1.041195,10
CTD_CP_H,20240708T183912,1761.97,3.9821,34.9083,21,-1.041183,10
CTD_CP_H,20240708T183912,1763.97,3.9758,34.9075,20,-1.041201,10
CTD_CP_H,20240708T183913,1765.99,3.9656,34.9067,21,-1.041167,11
CTD_CP_H,20240708T183913,1768.00,3.9572,34.9059,20,-1.041150,10
CTD_CP_H,20240708T183913,1769.98,3.9536,34.9055,20,-1.041140,10
CTD_CP_H,20240708T183913,1772.01,3.9494,34.9049,21,-1.041149,10
CTD_CP_H,20240708T183913,1773.99,3.9366,34.9037,19,-1.041131,10
CTD_CP_H,20240708T183913,1775.98,3.9242,34.9027,21,-1.041107,10
CTD_CP_H,20240708T183913,1778.02,3.9077,34.9020,20,-1.041087,10
CTD_CP_H,20240708T183913,1780.02,3.9033,34.9012,20,-1.041074,10
CTD_CP_H,20240708T183913,1782.02,3.8990,34.9006,20,-1.041061,10
CTD_CP_H,20240708T183913,1784.01,3.8882,34.9000,20,-1.041051,10
CTD_CP_H,20240708T183913,1786.01,3.8803,34.8992,20,-1.041062,10
CTD_CP_H,20240708T183913,1787.98,3.8728,34.8986,20,-1.041056,10
CTD_CP_H,20240708T183913,1790.00,3.8645,34.8979,21,-1.041034,11
CTD_CP_H,20240708T183913,1792.03,3.8570,34.8974,20,-1.041017,10
CTD_CP_H,20240708T183914,1794.01,3.8546,34.8968,20,-1.041010,10
CTD_CP_H,20240708T183914,1796.00,3.8486,34.8964,20,-1.041016,10
CTD_CP_H,20240708T183914,1797.98,3.8432,34.8959,20,-1.041017,10
CTD_CP_H,20240708T183914,1800.01,3.8393,34.8951,21,-1.040992,10
CTD_CP_H,20240708T183914,1802.05,3.8197,34.8938,20,-1.040980,10
CTD_CP_H,20240708T183914,1804.00,3.8060,34.8928,19,-1.040967,10
CTD_CP_H,20240708T183914,1805.97,3.8003,34.8922,20,-1.040956,10
CTD_CP_H,20240708T183914,1807.95,3.7956,34.8917,20,-1.040940,10
CTD_CP_H,20240708T183914,1810.00,3.7913,34.8915,21,-1.040936,10
CTD_CP_H,20240708T183914,1812.05,3.7834,34.8908,20,-1.040931,10
CTD_CP_H,20240708T183914,1814.02,3.7754,34.8900,19,-1.040924,10
CTD_CP_H,20240708T183914,1815.96,3.7737,34.8896,20,-1.040926,10
CTD_CP_H,20240708T183914,1817.95,3.7697,34.8894,20,-1.040916,10
CTD_CP_H,20240708T183915,1820.00,3.7595,34.8886,21,-1.040900,10
CTD_CP_H,20240708T183915,1822.01,3.7509,34.8876,19,-1.040896,10
CTD_CP_H,20240708T183915,1823.97,3.7387,34.8867,20,-1.040895,10
CTD_CP_H,20240708T183915,1825.95,3.7310,34.8858,20,-1.040866,10
CTD_CP_H,20240708T183915,1827.99,3.7196,34.8851,21,-1.040851,10
CTD_CP_H,20240708T183915,1830.03,3.7081,34.8842,20,-1.040827,10
CTD_CP_H,20240708T183915,1832.00,3.7047,34.8837,20,-1.040823,10
CTD_CP_H,20240708T183915,1834.01,3.6966,34.8832,21,-1.040808,11
CTD_CP_H,20240708T183915,1836.05,3.6906,34.8824,21,-1.040810,10
CTD_CP_H,20240708T183915,1838.03,3.6833,34.8820,22,-1.040794,11
CTD_CP_H,20240708T183915,1840.02,3.6788,34.8815,26,-1.040782,13
CTD_CP_H,20240708T183915,1842.01,3.6733,34.8810,25,-1.040792,13
CTD_CP_H,20240708T183915,1843.99,3.6650,34.8803,26,-1.040796,13
CTD_CP_H,20240708T183915,1845.99,3.6594,34.8797,26,-1.040784,13
CTD_CP_H,20240708T183916,1848.00,3.6508,34.8791,26,-1.040772,13
CTD_CP_H,20240708T183916,1850.00,3.6462,34.8787,26,-1.040756,13
CTD_CP_H,20240708T183916,1852.02,3.6394,34.8781,26,-1.040729,13
CTD_CP_H,20240708T183916,1854.00,3.6325,34.8774,25,-1.040730,12
CTD_CP_H,20240708T183916,1855.99,3.6231,34.8766,26,-1.040693,13
CTD_CP_H,20240708T183916,1858.00,3.6109,34.8758,26,-1.040695,13
CTD_CP_H,20240708T183916,1860.01,3.6051,34.8752,26,-1.040669,13
CTD_CP_H,20240708T183916,1862.00,3.5969,34.8741,25,-1.040671,13
CTD_CP_H,20240708T183916,1863.98,3.5861,34.8734,26,-1.040647,13
CTD_CP_H,20240708T183916,1865.99,3.5760,34.8726,26,-1.040637,13
CTD_CP_H,20240708T183916,1868.00,3.5629,34.8714,26,-1.040616,13
CTD_CP_H,20240708T183916,1870.00,3.5519,34.8704,26,-1.040584,13
CTD_CP_H,20240708T183916,1872.00,3.5419,34.8699,26,-1.040550,13
CTD_CP_H,20240708T183917,1873.99,3.5352,34.8691,26,-1.040547,13
CTD_CP_H,20240708T183917,1875.98,3.5287,34.8685,26,-1.040531,13
CTD_CP_H,20240708T183917,1877.99,3.5182,34.8680,27,-1.040518,13
CTD_CP_H,20240708T183917,1880.02,3.5100,34.8670,26,-1.040493,13
CTD_CP_H,20240708T183917,1881.98,3.5033,34.8665,25,-1.040501,13
CTD_CP_H,20240708T183917,1883.99,3.4929,34.8657,27,-1.040486,13
CTD_CP_H,20240708T183917,1886.02,3.4886,34.8651,26,-1.040470,13
CTD_CP_H,20240708T183917,1888.02,3.4772,34.8643,26,-1.040440,13
CTD_CP_H,20240708T183917,1889.99,3.4715,34.8640,25,-1.040440,13
CTD_CP_H,20240708T183917,1891.98,3.4677,34.8632,26,-1.040420,13
CTD_CP_H,20240708T183917,1894.01,3.4607,34.8627,26,-1.040434,13
CTD_CP_H,20240708T183917,1896.02,3.4501,34.8618,25,-1.040413,12
CTD_CP_H,20240708T183917,1897.98,3.4394,34.8611,25,-1.040363,13
CTD_CP_H,20240708T183918,1899.99,3.4323,34.8603,26,-1.040351,13
CTD_CP_H,20240708T183918,1902.02,3.4254,34.8597,25,-1.040341,12
CTD_CP_H,20240708T183918,1904.00,3.4172,34.8592,25,-1.040340,13
CTD_CP_H,20240708T183918,1905.99,3.4119,34.8587,25,-1.040328,12
CTD_CP_H,20240708T183918,1907.97,3.4040,34.8579,25,-1.040316,13
CTD_CP_H,20240708T183918,1910.00,3.3909,34.8570,26,-1.040290,13
CTD_CP_H,20240708T183918,1912.00,3.3825,34.8560,24,-1.040271,12
CTD_CP_H,20240708T183918,1913.96,3.3724,34.8554,25,-1.040269,12
CTD_CP_H,20240708T183918,1915.95,3.3677,34.8549,25,-1.040263,13
CTD_CP_H,20240708T183918,1917.97,3.3632,34.8543,26,-1.040283,13
CTD_CP_H,20240708T183918,1920.02,3.3511,34.8534,25,-1.040259,12
CTD_CP_H,20240708T183918,1922.03,3.3375,34.8526,25,-1.040229,13
CTD_CP_H,20240708T183918,1924.02,3.3299,34.8522,24,-1.040178,12
CTD_CP_H,20240708T183918,1925.97,3.3247,34.8516,24,-1.040170,12
CTD_CP_H,20240708T183919,1927.98,3.3236,34.8516,25,-1.040183,12
CTD_CP_H,20240708T183919,1930.00,3.3212,34.8510,24,-1.040205,12
CTD_CP_H,20240708T183919,1931.98,3.3128,34.8507,24,-1.040203,12
CTD_CP_H,20240708T183919,1933.96,3.3109,34.8502,24,-1.040188,12
CTD_CP_H,20240708T183919,1936.00,3.3013,34.8490,25,-1.040165,13
CTD_CP_H,20240708T183919,1938.04,3.2867,34.8484,24,-1.040156,12
CTD_CP_H,20240708T183919,1940.01,3.2743,34.8474,23,-1.040123,11
CTD_CP_H,20240708T183919,1941.98,3.2689,34.8470,24,-1.040125,12
CTD_CP_H,20240708T183919,1943.98,3.2660,34.8467,23,-1.040134,12
CTD_CP_H,20240708T183919,1945.97,3.2622,34.8462,24,-1.040112,12
CTD_CP_H,20240708T183919,1947.98,3.2548,34.8455,23,-1.040098,11
CTD_CP_H,20240708T183919,1949.99,3.2423,34.8446,24,-1.040091,12
CTD_CP_H,20240708T183919,1952.01,3.2347,34.8440,23,-1.040079,12
CTD_CP_H,20240708T183920,1954.00,3.2269,34.8434,23,-1.040064,11
CTD_CP_H,20240708T183920,1956.01,3.2175,34.8427,23,-1.040043,12
CTD_CP_H,20240708T183920,1958.03,3.2125,34.8420,23,-1.040032,11
CTD_CP_H,20240708T183920,1960.01,3.2070,34.8416,22,-1.040026,11
CTD_CP_H,20240708T183920,1962.01,3.1980,34.8409,23,-1.040017,12
CTD_CP_H,20240708T183920,1964.00,3.1883,34.8403,22,-1.040009,11
CTD_CP_H,20240708T183920,1966.00,3.1843,34.8400,23,-1.040026,11
CTD_CP_H,20240708T183920,1968.02,3.1774,34.8395,22,-1.039987,11
CTD_CP_H,20240708T183920,1970.00,3.1723,34.8393,22,-1.039972,11
CTD_CP_H,20240708T183920,1971.99,3.1667,34.8388,22,-1.039950,11
CTD_CP_H,20240708T183920,1974.02,3.1616,34.8383,23,-1.039949,12
CTD_CP_H,20240708T183920,1976.01,3.1579,34.8381,21,-1.039937,10
CTD_CP_H,20240708T183920,1977.98,3.1512,34.8376,22,-1.039943,11
CTD_CP_H,20240708T183920,1980.01,3.1487,34.8374,22,-1.039942,11
CTD_CP_H,20240708T183921,1982.00,3.1395,34.8369,21,-1.039957,11
CTD_CP_H,20240708T183921,1984.02,3.1310,34.8361,22,-1.039954,11
CTD_CP_H,20240708T183921,1986.02,3.1274,34.8361,21,-1.039963,10
CTD_CP_H,20240708T183921,1988.03,3.1245,34.8354,22,-1.039977,11
CTD_CP_H,20240708T183921,1990.04,3.1188,34.8351,21,-1.039968,11
CTD_CP_H,20240708T183921,1991.98,3.1141,34.8350,20,-1.039989,9
CTD_CP_H,20240708T183921,1993.98,3.1092,34.8347,22,nan,0
CTD_CP_H,20240708T183921,1995.89,3.1059,34.8343,18,nan,0
GPS,20240708T184104,17.841650,68.059357,4
CTD_P,20240708T184106,-0.29
