Message,20250730T095556,Firmware: 07/21/23 18:56:40 2.17.4 STD IRID Final
Message,20250730T095556,Username: f10469
GPS,20250730T095556,18.957088,63.016167,7
GPS,20250730T100327,18.957174,63.016510,7
CTD_P,20250730T100329,-0.31
FLBB_CFG,20250730T100331,695,700
Message,20250730T100331,Park Descent Mission
CTD_P,20250730T100334,-0.30
CTD_P,20250730T100448,-0.06
CTD_P,20250730T100550,0.11
CTD_P,20250730T100652,0.06
CTD_P,20250730T100755,0.16
CTD_P,20250730T100857,1.84
CTD_P,20250730T100959,5.55
CTD_P,20250730T101102,12.26
CTD_P,20250730T101204,20.39
CTD_P,20250730T101306,29.99
CTD_P,20250730T101408,41.19
CTD_P,20250730T101415,42.31
CTD_P,20250730T101416,42.54
CTD_P,20250730T101517,51.91
CTD_P,20250730T111520,480.22
CTD_P,20250730T121523,750.12
CTD_P,20250730T131129,903.70
CTD_P,20250730T134727,954.70
CTD_P,20250730T142052,972.21
CTD_P,20250730T152055,985.23
CTD_P,20250730T152158,985.05
CTD_P,20250730T152301,984.89
CTD_P,20250730T152315,984.87
CTD_P,20250730T152417,985.21
CTD_P,20250730T152520,985.92
CTD_P,20250730T152532,986.05
CTD_P,20250730T152634,987.18
CTD_P,20250730T152646,987.39
CTD_P,20250730T152748,988.83
CTD_P,20250730T153719,1002.88
Message,20250730T153722,Park Mission
CTD_P,20250730T153725,1003.01
CTD_PTSH,20250730T153747,1003.50,8.5582,35.3720,0.196863
CTD_P,20250730T153748,1003.61
CTD_P,20250730T163721,1050.26
CTD_PTSH,20250730T163744,1050.40,8.2567,35.3380,0.197083
CTD_P,20250730T163745,1050.40
CTD_P,20250730T173746,1056.42
CTD_PTSH,20250730T173809,1056.40,8.2560,35.3350,0.196947
CTD_P,20250730T173810,1056.41
CTD_P,20250730T183811,1058.28
CTD_PTSH,20250730T183834,1058.30,8.2544,35.3350,0.196848
CTD_P,20250730T183835,1058.29
CTD_P,20250730T193836,1039.67
CTD_PTSH,20250730T193859,1039.70,8.4158,35.3510,0.196579
CTD_P,20250730T193900,1039.67
CTD_P,20250730T203901,1040.49
CTD_PTSH,20250730T203924,1040.50,8.4163,35.3520,0.196451
CTD_P,20250730T203925,1040.47
CTD_P,20250730T213926,1040.09
CTD_PTSH,20250730T213949,1040.10,8.3712,35.3460,0.196399
CTD_P,20250730T213950,1040.10
CTD_P,20250730T223952,1020.83
CTD_PTSH,20250730T224015,1020.80,8.4175,35.3570,0.196287
CTD_P,20250730T224016,1020.77
CTD_P,20250730T234017,1023.42
CTD_PTSH,20250730T234040,1023.30,8.4597,35.3560,0.196220
CTD_P,20250730T234041,1023.29
CTD_P,20250731T004042,1020.59
CTD_PTSH,20250731T004105,1020.60,8.4163,35.3550,0.196173
CTD_P,20250731T004106,1020.55
CTD_P,20250731T014107,1021.28
CTD_PTSH,20250731T014130,1021.20,8.4082,35.3520,0.196144
CTD_P,20250731T014131,1021.16
CTD_P,20250731T024132,1021.65
CTD_PTSH,20250731T024155,1021.60,8.3753,35.3480,0.196134
CTD_P,20250731T024156,1021.61
CTD_P,20250731T034157,1023.25
CTD_PTSH,20250731T034220,1023.30,8.3862,35.3470,0.196090
CTD_P,20250731T034221,1023.29
CTD_P,20250731T044222,1027.09
CTD_PTSH,20250731T044245,1027.10,8.3911,35.3480,0.196034
CTD_P,20250731T044246,1027.06
CTD_P,20250731T054247,1027.91
CTD_PTSH,20250731T054310,1027.80,8.4542,35.3550,0.195982
CTD_P,20250731T054311,1027.81
CTD_P,20250731T064312,1027.05
CTD_PTSH,20250731T064335,1027.00,8.5161,35.3630,0.195844
CTD_P,20250731T064336,1026.95
CTD_P,20250731T074338,1009.63
CTD_PTSH,20250731T074401,1009.60,8.5653,35.3690,0.195738
CTD_P,20250731T074402,1009.60
CTD_P,20250731T084403,1009.12
CTD_PTSH,20250731T084426,1009.10,8.5727,35.3690,0.195723
CTD_P,20250731T084427,1009.03
CTD_P,20250731T094428,1010.21
CTD_PTSH,20250731T094451,1010.20,8.5719,35.3680,0.195650
CTD_P,20250731T094452,1010.26
CTD_P,20250731T104453,1007.95
CTD_PTSH,20250731T104516,1008.00,8.5470,35.3670,0.195641
CTD_P,20250731T104517,1008.02
CTD_P,20250731T114518,1005.86
CTD_PTSH,20250731T114541,1005.90,8.5363,35.3680,0.195639
CTD_P,20250731T114542,1005.86
CTD_P,20250731T124543,1009.50
CTD_PTSH,20250731T124606,1009.50,8.5588,35.3690,0.195568
CTD_P,20250731T124607,1009.50
CTD_P,20250731T134608,1009.43
CTD_PTSH,20250731T134631,1009.50,8.5241,35.3640,0.195607
CTD_P,20250731T134632,1009.44
CTD_P,20250731T144633,1010.15
CTD_PTSH,20250731T144656,1010.00,8.5253,35.3650,0.195534
CTD_P,20250731T144657,1009.99
CTD_P,20250731T154658,1009.32
CTD_PTSH,20250731T154721,1009.20,8.5512,35.3650,0.195549
CTD_P,20250731T154722,1009.21
CTD_P,20250731T164723,1009.27
CTD_PTSH,20250731T164746,1009.20,8.5509,35.3670,0.195465
CTD_P,20250731T164747,1009.20
CTD_P,20250731T174748,1010.29
CTD_PTSH,20250731T174811,1010.30,8.5669,35.3690,0.195443
CTD_P,20250731T174812,1010.22
CTD_P,20250731T184813,1010.17
CTD_PTSH,20250731T184836,1010.20,8.5688,35.3710,0.195416
CTD_P,20250731T184837,1010.18
CTD_P,20250731T194838,1015.39
CTD_PTSH,20250731T194901,1015.40,8.5989,35.3690,0.195316
CTD_P,20250731T194902,1015.45
CTD_P,20250731T204903,1009.38
CTD_PTSH,20250731T204926,1009.30,8.6009,35.3700,0.195256
CTD_P,20250731T204927,1009.35
CTD_P,20250731T214928,1009.80
CTD_PTSH,20250731T214951,1009.70,8.5599,35.3670,0.195291
CTD_P,20250731T214952,1009.75
CTD_P,20250731T224953,1010.09
CTD_PTSH,20250731T225016,1010.10,8.5154,35.3630,0.195340
CTD_P,20250731T225017,1010.09
CTD_P,20250731T235018,1008.70
CTD_PTSH,20250731T235041,1008.70,8.5124,35.3640,0.195320
CTD_P,20250731T235042,1008.69
CTD_P,20250801T005043,1005.66
CTD_PTSH,20250801T005106,1005.60,8.4354,35.3600,0.195352
CTD_P,20250801T005107,1005.62
CTD_P,20250801T015108,1013.06
CTD_PTSH,20250801T015131,1013.00,8.5077,35.3620,0.195300
CTD_P,20250801T015132,1013.00
CTD_P,20250801T025133,1011.95
CTD_PTSH,20250801T025156,1011.90,8.5131,35.3630,0.195217
CTD_P,20250801T025157,1011.90
CTD_P,20250801T035158,1012.63
CTD_PTSH,20250801T035221,1012.70,8.5193,35.3650,0.195237
CTD_P,20250801T035222,1012.70
CTD_P,20250801T045223,1017.77
CTD_PTSH,20250801T045246,1017.70,8.5657,35.3690,0.195143
CTD_P,20250801T045247,1017.73
CTD_P,20250801T055248,1012.31
CTD_PTSH,20250801T055311,1012.20,8.5879,35.3700,0.195075
CTD_P,20250801T055312,1012.18
CTD_P,20250801T065313,1013.10
CTD_PTSH,20250801T065336,1013.10,8.5815,35.3690,0.195099
CTD_P,20250801T065337,1013.05
CTD_P,20250801T075338,1010.33
CTD_PTSH,20250801T075401,1010.30,8.5707,35.3720,0.195056
CTD_P,20250801T075402,1010.29
CTD_P,20250801T085403,1013.16
CTD_PTSH,20250801T085426,1013.10,8.5809,35.3660,0.195034
CTD_P,20250801T085427,1013.11
CTD_P,20250801T095428,1010.02
CTD_PTSH,20250801T095451,1010.10,8.5094,35.3660,0.195089
CTD_P,20250801T095452,1010.11
CTD_P,20250801T105453,1010.00
CTD_PTSH,20250801T105516,1009.90,8.5176,35.3630,0.195044
CTD_P,20250801T105517,1009.91
CTD_P,20250801T115518,1004.29
CTD_PTSH,20250801T115541,1004.30,8.4546,35.3530,0.195112
CTD_P,20250801T115542,1004.30
CTD_P,20250801T125543,1011.12
CTD_PTSH,20250801T125606,1011.20,8.3890,35.3470,0.195382
CTD_P,20250801T125607,1011.16
CTD_P,20250801T135608,1012.43
CTD_PTSH,20250801T135631,1012.40,8.4440,35.3520,0.195293
CTD_P,20250801T135632,1012.40
CTD_P,20250801T145633,1012.15
CTD_PTSH,20250801T145656,1012.10,8.4436,35.3560,0.195232
CTD_P,20250801T145657,1012.13
CTD_P,20250801T155658,1015.31
CTD_PTSH,20250801T155721,1015.20,8.4867,35.3590,0.195243
CTD_P,20250801T155722,1015.24
CTD_P,20250801T165723,1014.28
CTD_PTSH,20250801T165746,1014.20,8.5365,35.3660,0.195101
CTD_P,20250801T165747,1014.26
CTD_P,20250801T175748,1011.58
CTD_PTSH,20250801T175811,1011.60,8.5338,35.3710,0.195073
CTD_P,20250801T175812,1011.56
CTD_P,20250801T185813,1015.67
CTD_PTSH,20250801T185836,1015.70,8.5380,35.3650,0.195088
CTD_P,20250801T185837,1015.74
CTD_P,20250801T195838,1014.18
CTD_PTSH,20250801T195901,1014.10,8.5398,35.3630,0.195077
CTD_P,20250801T195902,1014.14
CTD_P,20250801T205903,1012.15
CTD_PTSH,20250801T205926,1012.10,8.5067,35.3630,0.195077
CTD_P,20250801T205927,1012.11
CTD_P,20250801T215928,1012.53
CTD_PTSH,20250801T215951,1012.60,8.4881,35.3610,0.195048
CTD_P,20250801T215952,1012.58
CTD_P,20250801T225953,1011.67
CTD_PTSH,20250801T230016,1011.60,8.4919,35.3600,0.195106
CTD_P,20250801T230017,1011.59
CTD_P,20250802T000018,1012.42
CTD_PTSH,20250802T000041,1012.30,8.4876,35.3610,0.195046
CTD_P,20250802T000042,1012.33
CTD_P,20250802T010043,1010.50
CTD_PTSH,20250802T010106,1010.50,8.4632,35.3590,0.195121
CTD_P,20250802T010107,1010.54
CTD_P,20250802T020108,1014.62
CTD_PTSH,20250802T020131,1014.60,8.5100,35.3620,0.195038
CTD_P,20250802T020132,1014.64
CTD_P,20250802T030133,1016.14
CTD_PTSH,20250802T030156,1016.10,8.5228,35.3650,0.194929
CTD_P,20250802T030157,1016.12
CTD_P,20250802T040158,1015.07
CTD_PTSH,20250802T040221,1015.00,8.5209,35.3640,0.194945
CTD_P,20250802T040222,1015.03
CTD_P,20250802T050223,1013.19
CTD_PTSH,20250802T050246,1013.20,8.5287,35.3660,0.194927
CTD_P,20250802T050247,1013.14
CTD_P,20250802T060248,1016.33
CTD_PTSH,20250802T060311,1016.30,8.5288,35.3650,0.194880
CTD_P,20250802T060312,1016.35
CTD_P,20250802T070313,1014.50
CTD_PTSH,20250802T070336,1014.50,8.5487,35.3660,0.194850
CTD_P,20250802T070337,1014.48
CTD_P,20250802T080338,1015.85
CTD_PTSH,20250802T080401,1015.90,8.5543,35.3650,0.194818
CTD_P,20250802T080402,1015.88
CTD_P,20250802T090403,1016.48
CTD_PTSH,20250802T090426,1016.40,8.5957,35.3680,0.194738
CTD_P,20250802T090427,1016.39
CTD_P,20250802T100428,1013.38
CTD_PTSH,20250802T100451,1013.30,8.5934,35.3710,0.194747
CTD_P,20250802T100452,1013.27
CTD_P,20250802T110453,1012.37
CTD_PTSH,20250802T110516,1012.30,8.5546,35.3700,0.194777
CTD_P,20250802T110517,1012.23
CTD_P,20250802T120518,1010.65
CTD_PTSH,20250802T120541,1010.70,8.5158,35.3670,0.194799
CTD_P,20250802T120542,1010.67
CTD_P,20250802T130543,1012.71
CTD_PTSH,20250802T130606,1012.70,8.4665,35.3580,0.195043
CTD_P,20250802T130607,1012.72
CTD_P,20250802T140608,1011.72
CTD_PTSH,20250802T140631,1011.80,8.4368,35.3540,0.195087
CTD_P,20250802T140632,1011.77
CTD_P,20250802T150633,1011.03
CTD_PTSH,20250802T150656,1010.90,8.4174,35.3500,0.195135
CTD_P,20250802T150657,1010.86
CTD_P,20250802T160658,1013.28
CTD_PTSH,20250802T160721,1013.30,8.4060,35.3500,0.195150
CTD_P,20250802T160722,1013.32
CTD_P,20250802T170723,1015.53
CTD_PTSH,20250802T170746,1015.60,8.4231,35.3520,0.195109
CTD_P,20250802T170747,1015.61
CTD_P,20250802T180748,1014.59
CTD_PTSH,20250802T180811,1014.60,8.4682,35.3590,0.195025
CTD_P,20250802T180812,1014.60
CTD_P,20250802T190813,1016.47
CTD_PTSH,20250802T190836,1016.40,8.4799,35.3590,0.195066
CTD_P,20250802T190837,1016.38
CTD_P,20250802T200838,1014.59
CTD_PTSH,20250802T200901,1014.60,8.4777,35.3580,0.194972
CTD_P,20250802T200902,1014.63
CTD_P,20250802T210903,1021.06
CTD_PTSH,20250802T210926,1021.10,8.5027,35.3600,0.194977
CTD_P,20250802T210927,1021.09
CTD_P,20250802T220928,1019.84
CTD_PTSH,20250802T220951,1019.80,8.5485,35.3640,0.194890
CTD_P,20250802T220952,1019.79
CTD_P,20250802T230953,1014.23
CTD_PTSH,20250802T231016,1014.20,8.5245,35.3650,0.194882
CTD_P,20250802T231017,1014.19
CTD_P,20250803T001018,1010.71
CTD_PTSH,20250803T001041,1010.80,8.4852,35.3610,0.194963
CTD_P,20250803T001042,1010.84
CTD_P,20250803T011043,1012.58
CTD_PTSH,20250803T011106,1012.70,8.4427,35.3590,0.194988
CTD_P,20250803T011107,1012.70
CTD_P,20250803T021108,1012.61
CTD_PTSH,20250803T021131,1012.50,8.4433,35.3550,0.194942
CTD_P,20250803T021132,1012.50
CTD_P,20250803T031133,1014.93
CTD_PTSH,20250803T031156,1015.00,8.4195,35.3550,0.194970
CTD_P,20250803T031157,1014.97
CTD_P,20250803T041158,1016.03
CTD_PTSH,20250803T041221,1016.00,8.4048,35.3480,0.194990
CTD_P,20250803T041222,1015.97
CTD_P,20250803T051223,1016.98
CTD_PTSH,20250803T051246,1016.90,8.4300,35.3520,0.194926
CTD_P,20250803T051247,1016.92
CTD_P,20250803T061248,1016.72
CTD_PTSH,20250803T061311,1016.70,8.5108,35.3620,0.194865
CTD_P,20250803T061312,1016.66
CTD_P,20250803T071313,1016.08
CTD_PTSH,20250803T071336,1016.10,8.5173,35.3630,0.194909
CTD_P,20250803T071337,1016.09
CTD_P,20250803T081338,1018.17
CTD_PTSH,20250803T081401,1018.20,8.5344,35.3610,0.194812
CTD_P,20250803T081402,1018.14
CTD_P,20250803T091403,1018.97
CTD_PTSH,20250803T091426,1018.90,8.5193,35.3580,0.194793
CTD_P,20250803T091427,1018.95
CTD_P,20250803T101428,1017.45
CTD_PTSH,20250803T101451,1017.40,8.5092,35.3590,0.194805
CTD_P,20250803T101452,1017.44
CTD_P,20250803T111453,1015.71
CTD_PTSH,20250803T111516,1015.70,8.5176,35.3630,0.194751
CTD_P,20250803T111517,1015.69
CTD_P,20250803T121518,1011.92
CTD_PTSH,20250803T121541,1011.90,8.4633,35.3600,0.194752
CTD_P,20250803T121542,1011.84
CTD_P,20250803T131543,1013.50
CTD_PTSH,20250803T131606,1013.60,8.3807,35.3470,0.194841
CTD_P,20250803T131607,1013.57
CTD_P,20250803T141608,1015.00
CTD_PTSH,20250803T141631,1015.00,8.4363,35.3530,0.194780
CTD_P,20250803T141632,1014.96
CTD_P,20250803T151633,1018.56
CTD_PTSH,20250803T151656,1018.50,8.4413,35.3540,0.194780
CTD_P,20250803T151657,1018.56
CTD_P,20250803T161658,1016.50
CTD_PTSH,20250803T161721,1016.50,8.4622,35.3560,0.194780
CTD_P,20250803T161722,1016.46
CTD_P,20250803T171723,1014.19
CTD_PTSH,20250803T171746,1014.20,8.3967,35.3520,0.194797
CTD_P,20250803T171747,1014.24
CTD_P,20250803T181748,1017.40
CTD_PTSH,20250803T181811,1017.40,8.4198,35.3510,0.194782
CTD_P,20250803T181812,1017.40
CTD_P,20250803T191813,1018.09
CTD_PTSH,20250803T191836,1018.00,8.5098,35.3620,0.194668
CTD_P,20250803T191837,1018.00
CTD_P,20250803T201838,1019.23
CTD_PTSH,20250803T201901,1019.30,8.5445,35.3650,0.194673
CTD_P,20250803T201902,1019.26
CTD_P,20250803T211903,1017.07
CTD_PTSH,20250803T211926,1017.10,8.5376,35.3620,0.194618
CTD_P,20250803T211927,1017.04
CTD_P,20250803T221928,1018.26
CTD_PTSH,20250803T221951,1018.20,8.5510,35.3620,0.194579
CTD_P,20250803T221952,1018.15
CTD_P,20250803T231953,1014.51
CTD_PTSH,20250803T232016,1014.50,8.5466,35.3660,0.194579
CTD_P,20250803T232017,1014.49
CTD_P,20250804T002018,1018.32
CTD_PTSH,20250804T002041,1018.20,8.5156,35.3630,0.194648
CTD_P,20250804T002042,1018.20
CTD_P,20250804T012043,1013.95
CTD_PTSH,20250804T012106,1013.90,8.4832,35.3610,0.194604
CTD_P,20250804T012107,1013.90
CTD_P,20250804T022108,1010.98
CTD_PTSH,20250804T022131,1011.10,8.3576,35.3480,0.194715
CTD_P,20250804T022132,1011.13
CTD_P,20250804T032133,1015.57
CTD_PTSH,20250804T032156,1015.50,8.3573,35.3420,0.194670
CTD_P,20250804T032157,1015.49
CTD_P,20250804T042158,1017.03
CTD_PTSH,20250804T042221,1017.00,8.3819,35.3450,0.194710
CTD_P,20250804T042222,1016.94
CTD_P,20250804T052223,1018.43
CTD_PTSH,20250804T052246,1018.40,8.4278,35.3520,0.194626
CTD_P,20250804T052247,1018.37
CTD_P,20250804T062248,1016.34
CTD_PTSH,20250804T062311,1016.30,8.4721,35.3560,0.194585
CTD_P,20250804T062312,1016.26
CTD_P,20250804T072313,1016.19
CTD_PTSH,20250804T072336,1016.20,8.5007,35.3610,0.194490
CTD_P,20250804T072337,1016.19
CTD_P,20250804T082338,1015.87
CTD_PTSH,20250804T082401,1015.90,8.4760,35.3600,0.194528
CTD_P,20250804T082402,1015.89
CTD_P,20250804T092403,1015.03
CTD_PTSH,20250804T092426,1015.10,8.4678,35.3620,0.194492
CTD_P,20250804T092427,1015.04
CTD_P,20250804T102428,1017.66
CTD_PTSH,20250804T102451,1017.60,8.4932,35.3580,0.194459
CTD_P,20250804T102452,1017.55
CTD_P,20250804T112453,1016.13
CTD_PTSH,20250804T112516,1016.10,8.4942,35.3600,0.194475
CTD_P,20250804T112517,1016.10
CTD_P,20250804T122518,1018.85
CTD_PTSH,20250804T122541,1018.80,8.5016,35.3580,0.194405
CTD_P,20250804T122542,1018.84
CTD_P,20250804T132543,1013.33
CTD_PTSH,20250804T132606,1013.30,8.4248,35.3560,0.194444
CTD_P,20250804T132607,1013.34
CTD_P,20250804T142608,1014.92
CTD_PTSH,20250804T142631,1014.90,8.4175,35.3550,0.194468
CTD_P,20250804T142632,1014.93
CTD_P,20250804T152633,1016.49
CTD_PTSH,20250804T152656,1016.50,8.4204,35.3520,0.194514
CTD_P,20250804T152657,1016.48
CTD_P,20250804T162658,1014.87
CTD_PTSH,20250804T162721,1014.90,8.4094,35.3540,0.194430
CTD_P,20250804T162722,1014.86
CTD_P,20250804T172723,1018.01
CTD_PTSH,20250804T172746,1018.00,8.4194,35.3500,0.194452
CTD_P,20250804T172747,1018.03
CTD_P,20250804T182748,1018.04
CTD_PTSH,20250804T182811,1018.00,8.4550,35.3540,0.194384
CTD_P,20250804T182812,1017.99
CTD_P,20250804T192813,1017.98
CTD_PTSH,20250804T192836,1018.00,8.4838,35.3630,0.194342
CTD_P,20250804T192837,1018.02
CTD_P,20250804T202838,1018.75
CTD_PTSH,20250804T202901,1018.90,8.4712,35.3570,0.194320
CTD_P,20250804T202902,1018.89
CTD_P,20250804T212903,1021.19
CTD_PTSH,20250804T212926,1021.20,8.5000,35.3570,0.194401
CTD_P,20250804T212927,1021.20
CTD_P,20250804T222928,1021.47
CTD_PTSH,20250804T222951,1021.50,8.5016,35.3590,0.194325
CTD_P,20250804T222952,1021.50
CTD_P,20250804T232953,1018.78
CTD_PTSH,20250804T233016,1018.80,8.4999,35.3580,0.194280
CTD_P,20250804T233017,1018.75
CTD_P,20250805T003018,1018.77
CTD_PTSH,20250805T003041,1018.80,8.4978,35.3570,0.194273
CTD_P,20250805T003042,1018.73
CTD_P,20250805T013043,1018.18
CTD_PTSH,20250805T013106,1018.10,8.4936,35.3580,0.194266
CTD_P,20250805T013107,1018.13
CTD_P,20250805T023108,1013.88
CTD_PTSH,20250805T023131,1013.90,8.4378,35.3480,0.194302
CTD_P,20250805T023132,1013.86
CTD_P,20250805T033133,1009.58
CTD_PTSH,20250805T033156,1009.70,8.3354,35.3350,0.194397
CTD_P,20250805T033157,1009.68
CTD_P,20250805T043158,1014.26
CTD_PTSH,20250805T043221,1014.20,8.3252,35.3410,0.194377
CTD_P,20250805T043222,1014.19
CTD_P,20250805T053223,1016.87
CTD_PTSH,20250805T053246,1016.80,8.3842,35.3480,0.194319
CTD_P,20250805T053247,1016.80
CTD_P,20250805T063248,1014.16
CTD_PTSH,20250805T063311,1014.10,8.3522,35.3450,0.194317
CTD_P,20250805T063312,1014.06
CTD_P,20250805T073313,1014.88
CTD_PTSH,20250805T073336,1014.80,8.3548,35.3470,0.194325
CTD_P,20250805T073337,1014.79
CTD_P,20250805T083338,1019.50
CTD_PTSH,20250805T083401,1019.50,8.4069,35.3510,0.194279
CTD_P,20250805T083402,1019.47
CTD_P,20250805T093403,1021.37
CTD_PTSH,20250805T093426,1021.40,8.4682,35.3570,0.194199
CTD_P,20250805T093427,1021.42
CTD_P,20250805T103428,1020.75
CTD_PTSH,20250805T103451,1020.60,8.5293,35.3630,0.194153
CTD_P,20250805T103452,1020.56
CTD_P,20250805T113453,1020.64
CTD_PTSH,20250805T113516,1020.70,8.5299,35.3640,0.194124
CTD_P,20250805T113517,1020.68
CTD_P,20250805T123518,1017.71
CTD_PTSH,20250805T123541,1017.70,8.5645,35.3660,0.194075
CTD_P,20250805T123542,1017.68
CTD_P,20250805T133543,1018.72
CTD_PTSH,20250805T133606,1018.60,8.5297,35.3630,0.194061
CTD_P,20250805T133607,1018.60
CTD_P,20250805T143608,1013.91
CTD_PTSH,20250805T143631,1013.80,8.4392,35.3560,0.194151
CTD_P,20250805T143632,1013.81
CTD_P,20250805T153633,1017.11
CTD_PTSH,20250805T153656,1017.10,8.4240,35.3520,0.194176
CTD_P,20250805T153657,1017.11
CTD_P,20250805T163658,1016.60
CTD_PTSH,20250805T163721,1016.60,8.4228,35.3520,0.194210
CTD_P,20250805T163722,1016.62
CTD_P,20250805T173723,1023.02
CTD_PTSH,20250805T173746,1023.00,8.4267,35.3520,0.194189
CTD_P,20250805T173747,1022.98
CTD_P,20250805T183748,1017.75
CTD_PTSH,20250805T183811,1017.70,8.4677,35.3570,0.194046
CTD_P,20250805T183812,1017.74
CTD_P,20250805T193813,1017.68
CTD_PTSH,20250805T193836,1017.60,8.4793,35.3580,0.194173
CTD_P,20250805T193837,1017.61
CTD_P,20250805T203838,1018.30
CTD_PTSH,20250805T203901,1018.40,8.4777,35.3600,0.194068
CTD_P,20250805T203902,1018.40
CTD_P,20250805T213903,1018.91
CTD_PTSH,20250805T213926,1019.00,8.4664,35.3590,0.194036
CTD_P,20250805T213927,1018.97
CTD_P,20250805T223928,1018.58
CTD_PTSH,20250805T223951,1018.50,8.4759,35.3590,0.194029
CTD_P,20250805T223952,1018.53
CTD_P,20250805T233953,1016.61
CTD_PTSH,20250805T234016,1016.60,8.4805,35.3580,0.193984
CTD_P,20250805T234017,1016.57
CTD_P,20250806T004018,1019.77
CTD_PTSH,20250806T004041,1019.80,8.4757,35.3580,0.194036
CTD_P,20250806T004042,1019.80
CTD_P,20250806T014043,1017.92
CTD_PTSH,20250806T014106,1017.80,8.5017,35.3610,0.194025
CTD_P,20250806T014107,1017.80
CTD_P,20250806T024108,1014.69
CTD_PTSH,20250806T024131,1014.80,8.4226,35.3570,0.193967
CTD_P,20250806T024132,1014.78
CTD_P,20250806T034133,1015.79
CTD_PTSH,20250806T034156,1015.90,8.4036,35.3500,0.194005
CTD_P,20250806T034157,1015.85
CTD_P,20250806T044158,1015.95
CTD_PTSH,20250806T044221,1015.80,8.3808,35.3450,0.194043
CTD_P,20250806T044222,1015.81
CTD_P,20250806T054223,1014.76
CTD_PTSH,20250806T054246,1014.80,8.3306,35.3440,0.194083
CTD_P,20250806T054247,1014.83
CTD_P,20250806T064248,1019.09
CTD_PTSH,20250806T064311,1019.10,8.3488,35.3430,0.194047
CTD_P,20250806T064312,1019.07
CTD_P,20250806T074313,1017.06
CTD_PTSH,20250806T074336,1017.00,8.3477,35.3430,0.193983
CTD_P,20250806T074337,1017.00
CTD_P,20250806T084338,1022.77
CTD_PTSH,20250806T084401,1022.80,8.4038,35.3490,0.193978
CTD_P,20250806T084402,1022.82
CTD_P,20250806T094403,1022.41
CTD_PTSH,20250806T094426,1022.40,8.4880,35.3600,0.193866
CTD_P,20250806T094427,1022.33
CTD_P,20250806T104428,1020.99
CTD_PTSH,20250806T104451,1020.90,8.5115,35.3640,0.193909
CTD_P,20250806T104452,1020.90
CTD_P,20250806T114453,1019.19
CTD_PTSH,20250806T114516,1019.30,8.4815,35.3590,0.193908
CTD_P,20250806T114517,1019.25
CTD_P,20250806T124518,1019.09
CTD_PTSH,20250806T124541,1019.10,8.5023,35.3630,0.193817
CTD_P,20250806T124542,1019.11
CTD_P,20250806T134543,1018.64
CTD_PTSH,20250806T134606,1018.60,8.4966,35.3620,0.193887
CTD_P,20250806T134607,1018.59
CTD_P,20250806T144608,1017.62
CTD_PTSH,20250806T144631,1017.60,8.4928,35.3690,0.193853
CTD_P,20250806T144632,1017.66
CTD_P,20250806T154633,1020.36
CTD_PTSH,20250806T154656,1020.40,8.4471,35.3540,0.193841
CTD_P,20250806T154657,1020.39
CTD_P,20250806T164658,1016.32
CTD_PTSH,20250806T164721,1016.30,8.4408,35.3550,0.193899
CTD_P,20250806T164722,1016.27
CTD_P,20250806T174723,1018.79
CTD_PTSH,20250806T174746,1018.80,8.4291,35.3520,0.193762
CTD_P,20250806T174747,1018.80
CTD_P,20250806T184748,1016.33
CTD_PTSH,20250806T184811,1016.20,8.4486,35.3580,0.193805
CTD_P,20250806T184812,1016.21
CTD_P,20250806T194813,1017.77
CTD_PTSH,20250806T194836,1017.80,8.4415,35.3570,0.193807
CTD_P,20250806T194837,1017.73
CTD_P,20250806T204838,1019.62
CTD_PTSH,20250806T204901,1019.60,8.4311,35.3550,0.193771
CTD_P,20250806T204902,1019.65
CTD_P,20250806T214903,1020.05
CTD_PTSH,20250806T214926,1019.90,8.4896,35.3600,0.193661
CTD_P,20250806T214927,1019.92
CTD_P,20250806T224928,1019.60
CTD_PTSH,20250806T224951,1019.60,8.4557,35.3550,0.193688
CTD_P,20250806T224952,1019.59
CTD_P,20250806T234953,1020.94
CTD_PTSH,20250806T235016,1021.00,8.4550,35.3550,0.193720
CTD_P,20250806T235017,1021.00
CTD_P,20250807T005018,1019.72
CTD_PTSH,20250807T005041,1019.70,8.4847,35.3600,0.193603
CTD_P,20250807T005042,1019.71
CTD_P,20250807T015043,1020.39
CTD_PTSH,20250807T015106,1020.40,8.4879,35.3620,0.193623
CTD_P,20250807T015107,1020.45
CTD_P,20250807T025108,1021.67
CTD_PTSH,20250807T025131,1021.60,8.5120,35.3620,0.193584
CTD_P,20250807T025132,1021.59
CTD_P,20250807T035133,1017.72
CTD_PTSH,20250807T035156,1017.60,8.5041,35.3610,0.193625
CTD_P,20250807T035157,1017.65
CTD_P,20250807T045158,1019.04
CTD_PTSH,20250807T045221,1019.00,8.4539,35.3540,0.193596
CTD_P,20250807T045222,1019.01
CTD_P,20250807T055223,1017.65
CTD_PTSH,20250807T055246,1017.60,8.4260,35.3550,0.193540
CTD_P,20250807T055247,1017.59
CTD_P,20250807T065248,1016.70
CTD_PTSH,20250807T065311,1016.60,8.4143,35.3500,0.193495
CTD_P,20250807T065312,1016.61
CTD_P,20250807T075313,1017.83
CTD_PTSH,20250807T075336,1017.80,8.3668,35.3450,0.193583
CTD_P,20250807T075337,1017.85
CTD_P,20250807T085338,1020.08
CTD_PTSH,20250807T085401,1020.10,8.3534,35.3420,0.193593
CTD_P,20250807T085402,1020.17
CTD_P,20250807T095403,1022.39
CTD_PTSH,20250807T095426,1022.40,8.3888,35.3450,0.193374
CTD_P,20250807T095427,1022.39
CTD_P,20250807T105428,1019.74
CTD_PTSH,20250807T105451,1019.70,8.3864,35.3450,0.193475
CTD_P,20250807T105452,1019.66
CTD_P,20250807T115453,1020.12
CTD_PTSH,20250807T115516,1020.10,8.3580,35.3430,0.193422
CTD_P,20250807T115517,1020.05
CTD_P,20250807T125518,1021.87
CTD_PTSH,20250807T125541,1021.90,8.4177,35.3480,0.193394
CTD_P,20250807T125542,1021.89
CTD_P,20250807T135543,1022.60
CTD_PTSH,20250807T135606,1022.50,8.4894,35.3570,0.193266
CTD_P,20250807T135607,1022.52
CTD_P,20250807T145608,1019.74
CTD_PTSH,20250807T145631,1019.80,8.4415,35.3530,0.193329
CTD_P,20250807T145632,1019.74
CTD_P,20250807T155633,1020.21
CTD_PTSH,20250807T155656,1020.20,8.4109,35.3490,0.193271
CTD_P,20250807T155657,1020.14
CTD_P,20250807T165658,1018.27
CTD_PTSH,20250807T165721,1018.20,8.4210,35.3450,0.193263
CTD_P,20250807T165722,1018.24
CTD_P,20250807T175723,1019.25
CTD_PTSH,20250807T175746,1019.30,8.3391,35.3420,0.193248
CTD_P,20250807T175747,1019.27
CTD_P,20250807T185748,1020.45
CTD_PTSH,20250807T185811,1020.40,8.3431,35.3410,0.193194
CTD_P,20250807T185812,1020.46
CTD_P,20250807T195813,1019.17
CTD_PTSH,20250807T195836,1019.20,8.3571,35.3460,0.193217
CTD_P,20250807T195837,1019.17
CTD_P,20250807T205838,1020.41
CTD_PTSH,20250807T205901,1020.40,8.3938,35.3500,0.193206
CTD_P,20250807T205902,1020.39
CTD_P,20250807T215903,1021.23
CTD_PTSH,20250807T215926,1021.30,8.3903,35.3460,0.193102
CTD_P,20250807T215927,1021.24
CTD_P,20250807T225928,1021.52
CTD_PTSH,20250807T225951,1021.50,8.4271,35.3520,0.193041
CTD_P,20250807T225952,1021.56
CTD_P,20250807T235953,1023.81
CTD_PTSH,20250808T000016,1023.80,8.4593,35.3570,0.192998
CTD_P,20250808T000017,1023.84
CTD_P,20250808T010018,1019.17
CTD_PTSH,20250808T010041,1019.10,8.4540,35.3570,0.192991
CTD_P,20250808T010042,1019.07
CTD_P,20250808T020043,1021.94
CTD_PTSH,20250808T020106,1022.00,8.4470,35.3540,0.192961
CTD_P,20250808T020107,1022.03
CTD_P,20250808T030108,1022.33
CTD_PTSH,20250808T030131,1022.30,8.4965,35.3620,0.192881
CTD_P,20250808T030132,1022.33
CTD_P,20250808T040133,1020.87
CTD_PTSH,20250808T040156,1021.00,8.4999,35.3630,0.192831
CTD_P,20250808T040157,1020.97
CTD_P,20250808T050158,1021.87
CTD_PTSH,20250808T050221,1021.80,8.5082,35.3630,0.192934
CTD_P,20250808T050222,1021.81
CTD_P,20250808T060223,1018.68
CTD_PTSH,20250808T060246,1018.70,8.4638,35.3560,0.192854
CTD_P,20250808T060247,1018.71
CTD_P,20250808T070248,1020.95
CTD_PTSH,20250808T070311,1021.00,8.3876,35.3460,0.192909
CTD_P,20250808T070312,1020.96
CTD_P,20250808T080313,1020.91
CTD_PTSH,20250808T080336,1020.90,8.4002,35.3510,0.192844
CTD_P,20250808T080337,1020.88
CTD_P,20250808T090338,1020.86
CTD_PTSH,20250808T090401,1020.90,8.3875,35.3440,0.192730
CTD_P,20250808T090402,1020.85
CTD_P,20250808T100403,1024.85
CTD_PTSH,20250808T100426,1024.80,8.4820,35.3570,0.192714
CTD_P,20250808T100427,1024.77
CTD_P,20250808T110428,1020.34
CTD_PTSH,20250808T110451,1020.40,8.4464,35.3580,0.192600
CTD_P,20250808T110452,1020.36
CTD_P,20250808T120453,1022.79
CTD_PTSH,20250808T120516,1022.70,8.4490,35.3540,0.192561
CTD_P,20250808T120517,1022.73
CTD_P,20250808T130518,1021.46
CTD_PTSH,20250808T130541,1021.50,8.4148,35.3520,0.192527
CTD_P,20250808T130542,1021.45
CTD_P,20250808T140543,1020.36
CTD_PTSH,20250808T140606,1020.30,8.4092,35.3490,0.192474
CTD_P,20250808T140607,1020.29
CTD_P,20250808T150608,1021.98
CTD_PTSH,20250808T150631,1022.00,8.4075,35.3470,0.192524
CTD_P,20250808T150632,1021.94
CTD_P,20250808T160633,1020.39
CTD_PTSH,20250808T160656,1020.40,8.4180,35.3540,0.192380
CTD_P,20250808T160657,1020.35
CTD_P,20250808T170658,1018.02
CTD_PTSH,20250808T170721,1018.00,8.3728,35.3400,0.192326
CTD_P,20250808T170722,1018.01
CTD_P,20250808T180723,1020.09
CTD_PTSH,20250808T180746,1020.10,8.3323,35.3370,0.192333
CTD_P,20250808T180747,1020.12
CTD_P,20250808T190748,1021.36
CTD_PTSH,20250808T190811,1021.40,8.3500,35.3420,0.192262
CTD_P,20250808T190812,1021.38
CTD_P,20250808T200813,1021.74
CTD_PTSH,20250808T200836,1021.70,8.3823,35.3450,0.192211
CTD_P,20250808T200837,1021.67
CTD_P,20250808T210230,1019.35
CTD_PTSH,20250808T210253,1019.40,8.3511,35.3450,0.192069
CTD_P,20250808T210254,1019.43
Message,20250808T210256,Deep Descent Mission
CTD_P,20250808T210259,1019.45
CTD_P,20250808T210402,1021.03
CTD_P,20250808T210504,1026.08
CTD_P,20250808T210606,1033.39
CTD_P,20250808T210610,1033.94
CTD_P,20250808T210612,1034.10
CTD_P,20250808T210712,1042.09
CTD_P,20250808T211215,1082.35
CTD_P,20250808T211718,1121.52
CTD_P,20250808T212221,1159.48
CTD_P,20250808T212724,1195.46
CTD_P,20250808T213227,1230.02
CTD_P,20250808T213730,1262.70
CTD_P,20250808T214233,1294.61
CTD_P,20250808T214736,1325.28
CTD_P,20250808T215239,1356.13
CTD_P,20250808T215742,1386.62
CTD_P,20250808T220245,1416.97
CTD_P,20250808T220748,1447.37
CTD_P,20250808T221251,1477.12
CTD_P,20250808T221754,1505.93
CTD_P,20250808T222257,1533.12
CTD_P,20250808T222800,1559.59
CTD_P,20250808T223303,1586.15
CTD_P,20250808T223806,1612.57
CTD_P,20250808T224309,1639.13
CTD_P,20250808T224812,1664.81
CTD_P,20250808T225315,1689.41
CTD_P,20250808T225818,1712.76
CTD_P,20250808T230321,1734.32
CTD_P,20250808T230824,1754.57
CTD_P,20250808T231327,1774.06
CTD_P,20250808T231830,1792.77
CTD_P,20250808T232333,1811.13
CTD_P,20250808T232836,1829.06
CTD_P,20250808T233339,1847.15
CTD_P,20250808T233842,1864.76
CTD_P,20250808T234345,1881.41
CTD_P,20250808T234848,1897.13
CTD_P,20250808T235351,1911.24
CTD_P,20250808T235854,1923.99
CTD_P,20250809T000357,1935.52
CTD_P,20250809T000900,1946.09
CTD_P,20250809T001403,1955.72
CTD_P,20250809T001906,1964.73
CTD_P,20250809T002409,1973.45
CTD_P,20250809T002912,1981.44
CTD_P,20250809T003415,1988.59
CTD_P,20250809T003918,1995.47
CTD_P,20250809T004409,2001.22
Message,20250809T004412,ASCENT
CTD_P,20250809T004415,2001.30
CTD_P,20250809T004433,2001.63
CTD_P,20250809T004456,2001.73
CTD_P,20250809T004519,2001.18
CTD_P,20250809T004535,2000.38
CTD_P,20250809T004542,1999.96
CTD_P,20250809T004543,1999.89
Message,20250809T004545,CP Started
CTD_P,20250809T004611,1997.52
NO3,20250809T004620,42.17
O2,20250809T004626,99.84817,23.82558,3.11898,48.63544,50.00144,57.76677,7.76533,1037.44604,865.23767,751.72491
FLBB,20250809T004629,55,110,567
CTD_P,20250809T004631,1995.57
CTD_P,20250809T004635,1995.17
CTD_P,20250809T004637,1994.95
CTD_P,20250809T004737,1988.76
CTD_P,20250809T005239,1957.80
CTD_P,20250809T005741,1927.88
CTD_P,20250809T010225,1900.54
CTD_P,20250809T010233,1899.77
NO3,20250809T010242,42.19
O2,20250809T010248,91.97815,22.13782,3.44287,49.23737,50.60337,58.42400,7.82062,1048.87402,863.90210,742.29883
FLBB,20250809T010251,56,107,567
CTD_P,20250809T010253,1897.86
CTD_P,20250809T010755,1869.78
CTD_P,20250809T011257,1843.15
CTD_P,20250809T011759,1818.25
CTD_P,20250809T012143,1801.04
CTD_P,20250809T012159,1799.84
NO3,20250809T012208,42.30
O2,20250809T012214,83.52377,20.26918,3.75377,49.94251,51.30851,59.13242,7.82391,1062.34497,862.05280,733.21631
FLBB,20250809T012217,55,112,567
CTD_P,20250809T012219,1798.36
CTD_P,20250809T012301,1795.30
CTD_P,20250809T012803,1773.79
CTD_P,20250809T013305,1753.10
CTD_P,20250809T013350,1749.76
CTD_P,20250809T013452,1744.22
CTD_P,20250809T013954,1716.73
CTD_P,20250809T014300,1699.72
NO3,20250809T014309,42.41
O2,20250809T014315,71.84673,17.63448,4.18532,50.99598,52.36198,60.18770,7.82572,1081.27698,859.24042,720.55353
FLBB,20250809T014318,58,109,566
CTD_P,20250809T014320,1697.92
CTD_P,20250809T014456,1689.27
CTD_P,20250809T014958,1662.74
CTD_P,20250809T015500,1637.24
CTD_P,20250809T020002,1613.49
CTD_P,20250809T020256,1600.66
CTD_P,20250809T020307,1599.91
NO3,20250809T020316,42.15
O2,20250809T020322,61.53851,15.28805,4.64871,51.98415,53.35015,61.17877,7.82862,1098.46802,855.95581,706.88531
FLBB,20250809T020325,57,111,566
CTD_P,20250809T020327,1598.47
CTD_P,20250809T020504,1591.63
CTD_P,20250809T021006,1571.51
CTD_P,20250809T021050,1568.40
CTD_P,20250809T021152,1563.11
CTD_P,20250809T021654,1537.82
CTD_P,20250809T022156,1513.13
CTD_P,20250809T022439,1500.00
NO3,20250809T022448,42.33
O2,20250809T022454,45.65786,11.53153,5.28765,53.72124,55.08724,62.91762,7.83038,1127.05103,851.26459,687.91949
FLBB,20250809T022457,56,111,565
CTD_P,20250809T022459,1498.42
CTD_P,20250809T022658,1489.11
CTD_P,20250809T023200,1465.49
CTD_P,20250809T023701,1442.04
CTD_P,20250809T023744,1438.56
CTD_P,20250809T023845,1432.64
CTD_P,20250809T024347,1403.90
CTD_P,20250809T024431,1399.90
NO3,20250809T024440,42.26
O2,20250809T024446,35.69989,9.15522,5.88563,54.89333,56.25933,64.08829,7.82896,1144.98596,846.95972,670.04657
FLBB,20250809T024449,56,112,563
CTD_P,20250809T024451,1398.10
CTD_P,20250809T024849,1376.67
CTD_P,20250809T025351,1350.47
CTD_P,20250809T025853,1325.15
CTD_P,20250809T030355,1300.27
CTD_P,20250809T030359,1299.93
NO3,20250809T030408,41.95
O2,20250809T030414,24.97870,6.50901,6.51877,56.31031,57.67632,65.50107,7.82475,1165.74194,842.12628,650.99542
FLBB,20250809T030417,56,114,563
CTD_P,20250809T030419,1298.27
CTD_P,20250809T030857,1275.06
CTD_P,20250809T031359,1250.40
CTD_P,20250809T031901,1226.73
CTD_P,20250809T032403,1204.31
CTD_P,20250809T032503,1199.99
NO3,20250809T032513,40.92
O2,20250809T032519,18.09301,4.78255,7.09073,57.28570,58.65170,66.47325,7.82155,1179.21399,837.74683,633.67499
FLBB,20250809T032522,57,113,562
CTD_P,20250809T032523,1198.60
CTD_P,20250809T032905,1183.70
CTD_P,20250809T032947,1180.75
CTD_P,20250809T033049,1175.47
CTD_P,20250809T033551,1149.51
CTD_P,20250809T034053,1124.74
CTD_P,20250809T034555,1100.99
CTD_P,20250809T034609,1099.88
NO3,20250809T034619,40.32
O2,20250809T034625,12.31672,3.31391,7.80876,58.14286,59.50886,67.33383,7.82497,1190.67004,832.17950,611.78802
FLBB,20250809T034628,57,112,561
CTD_P,20250809T034629,1098.34
CTD_P,20250809T035057,1077.85
CTD_P,20250809T035559,1054.95
CTD_P,20250809T035641,1051.47
CTD_P,20250809T035743,1045.40
CTD_P,20250809T040245,1015.69
CTD_P,20250809T040527,1000.09
CTD_P,20250809T040531,999.70
NO3,20250809T040541,39.58
O2,20250809T040547,6.81891,1.86288,8.43413,59.05034,60.41634,68.24324,7.82690,1202.83398,827.35040,592.59839
FLBB,20250809T040550,56,120,560
CTD_P,20250809T040551,997.82
CTD_P,20250809T040747,987.01
CTD_P,20250809T041249,960.56
CTD_P,20250809T041452,950.44
CTD_P,20250809T041500,949.80
NO3,20250809T041510,38.92
O2,20250809T041516,5.68890,1.56686,8.77061,59.22544,60.59144,68.41792,7.82649,1204.68701,824.85590,582.22632
FLBB,20250809T041519,57,115,559
CTD_P,20250809T041520,948.24
CTD_P,20250809T041751,936.81
CTD_P,20250809T042253,916.09
CTD_P,20250809T042650,901.47
CTD_P,20250809T042715,899.98
NO3,20250809T042725,37.95
O2,20250809T042731,4.17605,1.16228,9.20625,59.47221,60.83821,68.66591,7.82770,1207.13196,821.56628,568.74988
FLBB,20250809T042734,57,118,559
CTD_P,20250809T042735,898.84
CTD_P,20250809T042755,897.66
CTD_P,20250809T042837,894.93
CTD_P,20250809T042939,889.93
CTD_P,20250809T043441,865.51
CTD_P,20250809T043755,849.41
NO3,20250809T043805,36.43
O2,20250809T043811,2.14196,0.60281,9.67241,59.83392,61.19992,69.03331,7.83339,1210.71802,817.73480,554.27081
FLBB,20250809T043814,55,110,558
CTD_P,20250809T043815,847.72
CTD_P,20250809T043943,840.28
CTD_P,20250809T044445,814.49
CTD_P,20250809T044737,800.01
CTD_P,20250809T044741,799.66
NO3,20250809T044751,36.20
O2,20250809T044757,1.59143,0.45143,10.00687,59.91913,61.28513,69.12381,7.83868,1210.73999,814.89642,543.84613
FLBB,20250809T044800,56,106,557
CTD_P,20250809T044801,798.01
CTD_P,20250809T044947,789.22
CTD_P,20250809T045449,765.34
CTD_P,20250809T045805,750.93
CTD_P,20250809T045820,749.85
NO3,20250809T045830,34.52
O2,20250809T045836,1.99060,0.57121,10.49778,59.79772,61.16372,69.00938,7.84566,1207.90295,811.04541,528.49231
FLBB,20250809T045839,56,112,557
CTD_P,20250809T045840,748.44
CTD_P,20250809T045951,743.50
CTD_P,20250809T050453,723.62
CTD_P,20250809T050535,720.71
CTD_P,20250809T050637,715.55
CTD_P,20250809T050946,699.86
NO3,20250809T050956,33.11
O2,20250809T051002,1.66827,0.48370,10.94320,59.82982,61.19582,69.05382,7.85799,1207.05798,807.38269,514.50848
FLBB,20250809T051005,55,111,556
CTD_P,20250809T051006,698.23
CTD_P,20250809T051139,690.73
CTD_P,20250809T051641,666.41
CTD_P,20250809T052007,649.82
NO3,20250809T052017,31.58
O2,20250809T052023,1.46489,0.42922,11.39735,59.83790,61.20390,69.07175,7.86784,1205.88794,803.58301,500.20081
FLBB,20250809T052026,55,115,555
CTD_P,20250809T052027,648.24
CTD_P,20250809T052143,642.15
CTD_P,20250809T052645,618.95
CTD_P,20250809T053054,601.28
CTD_P,20250809T053115,599.85
NO3,20250809T053125,30.01
O2,20250809T053131,1.68856,0.49918,11.78554,59.75898,61.12498,68.99986,7.87489,1203.85596,800.18951,487.93289
FLBB,20250809T053134,57,119,554
CTD_P,20250809T053135,598.53
CTD_P,20250809T053147,597.73
CTD_P,20250809T053227,594.84
CTD_P,20250809T053329,589.52
CTD_P,20250809T053831,564.64
CTD_P,20250809T054131,550.97
CTD_P,20250809T054146,549.85
NO3,20250809T054156,28.80
O2,20250809T054202,2.19875,0.65706,12.25991,59.60833,60.97433,68.85878,7.88445,1200.65906,796.31842,472.89551
FLBB,20250809T054205,56,121,554
CTD_P,20250809T054206,548.32
CTD_P,20250809T054333,541.87
CTD_P,20250809T054835,519.86
CTD_P,20250809T055310,499.47
NO3,20250809T055320,27.67
O2,20250809T055326,1.43449,0.43329,12.73463,59.74118,61.10719,68.99969,7.89251,1201.10095,792.40002,457.79889
FLBB,20250809T055329,56,121,553
CTD_P,20250809T055330,497.93
CTD_P,20250809T055338,497.33
CTD_P,20250809T055418,493.98
CTD_P,20250809T055520,487.98
CTD_P,20250809T060022,457.92
CTD_P,20250809T060144,450.06
CTD_P,20250809T060148,449.66
NO3,20250809T060158,26.84
O2,20250809T060204,1.18974,0.36228,13.09497,59.76947,61.13547,69.03488,7.89941,1200.72400,789.77942,446.30939
FLBB,20250809T060207,57,120,552
CTD_P,20250809T060208,447.73
CTD_P,20250809T060524,429.89
CTD_P,20250809T061026,404.13
CTD_P,20250809T061117,399.93
NO3,20250809T061127,25.02
O2,20250809T061133,0.98458,0.30352,13.64899,59.77572,61.14172,69.04932,7.90759,1198.99805,784.96271,428.59521
FLBB,20250809T061136,56,147,552
CTD_P,20250809T061137,398.33
CTD_P,20250809T061528,380.02
CTD_P,20250809T062030,357.04
CTD_P,20250809T062205,350.11
CTD_P,20250809T062209,349.81
NO3,20250809T062219,23.54
O2,20250809T062225,0.97392,0.30455,14.29797,59.73025,61.09625,69.02638,7.93013,1196.58301,779.51978,407.77509
FLBB,20250809T062228,57,137,551
CTD_P,20250809T062229,348.40
CTD_P,20250809T062532,335.71
CTD_P,20250809T062612,332.73
CTD_P,20250809T062714,327.18
CTD_P,20250809T063216,301.08
CTD_P,20250809T063231,299.87
NO3,20250809T063241,22.12
O2,20250809T063247,0.91151,0.29201,15.41317,59.66320,61.02921,68.97614,7.94693,1191.72803,770.03851,371.84290
FLBB,20250809T063250,55,123,549
CTD_P,20250809T063251,298.24
CTD_P,20250809T063718,277.56
CTD_P,20250809T064220,255.17
CTD_P,20250809T064332,250.17
CTD_P,20250809T064336,249.91
NO3,20250809T064346,21.92
O2,20250809T064352,3.53339,1.17575,17.20699,58.84433,60.21033,68.19064,7.98031,1173.39697,753.37659,313.71939
FLBB,20250809T064355,56,116,547
CTD_P,20250809T064356,248.53
CTD_P,20250809T064722,235.93
CTD_P,20250809T064804,233.30
CTD_P,20250809T064906,228.58
CTD_P,20250809T064947,225.15
CTD_P,20250809T065049,219.58
CTD_P,20250809T065429,201.10
CTD_P,20250809T065445,199.80
NO3,20250809T065455,20.94
O2,20250809T065501,9.95889,3.44991,19.16798,56.95024,58.31624,66.31668,8.00044,1137.92297,734.88568,249.89540
FLBB,20250809T065504,53,112,544
CTD_P,20250809T065505,198.19
CTD_P,20250809T065551,194.45
CTD_P,20250809T070053,172.54
CTD_P,20250809T070555,159.60
CTD_P,20250809T070942,153.31
CTD_P,20250809T071057,151.90
CTD_P,20250809T071135,151.00
CTD_P,20250809T071220,148.91
NO3,20250809T071230,22.87
O2,20250809T071236,5.44862,1.93257,20.34815,57.99750,59.36350,67.38400,8.02050,1146.26099,721.43127,211.43500
FLBB,20250809T071239,53,109,542
CTD_P,20250809T071240,147.90
CTD_P,20250809T071319,145.73
CTD_P,20250809T071421,141.61
CTD_P,20250809T071501,138.80
CTD_P,20250809T071603,133.82
CTD_P,20250809T072105,111.26
CTD_P,20250809T072338,101.54
CTD_P,20250809T072405,99.95
NO3,20250809T072415,14.52
O2,20250809T072421,118.16450,44.27576,23.17802,37.92398,39.28998,47.33461,8.04463,769.07343,692.23639,119.40860
FLBB,20250809T072424,52,125,538
CTD_P,20250809T072425,98.81
CTD_P,20250809T072607,93.45
CTD_P,20250809T072713,90.49
CTD_P,20250809T072726,89.93
NO3,20250809T072736,12.02
O2,20250809T072742,148.08980,55.73027,23.40742,35.10363,36.46964,44.51581,8.04617,703.09332,689.03638,111.97620
FLBB,20250809T072745,53,127,537
CTD_P,20250809T072746,89.09
CTD_P,20250809T073109,81.37
CTD_P,20250809T073147,79.66
NO3,20250809T073157,10.41
O2,20250809T073202,159.23550,60.19524,23.64606,34.12392,35.48992,43.53484,8.04491,679.60687,685.77008,104.25000
FLBB,20250809T073206,56,147,536
CTD_P,20250809T073207,78.43
CTD_P,20250809T073211,78.16
CTD_P,20250809T073313,73.82
CTD_P,20250809T073351,70.93
CTD_P,20250809T073406,69.65
NO3,20250809T073416,10.11
O2,20250809T073422,160.91110,61.03778,23.82843,33.92018,35.28618,43.33087,8.04469,674.22821,684.15002,98.35032
FLBB,20250809T073425,57,133,536
CTD_P,20250809T073426,67.90
CTD_P,20250809T073453,65.49
CTD_P,20250809T073558,59.78
NO3,20250809T073608,10.91
O2,20250809T073614,151.63220,57.57264,23.87892,34.61649,35.98249,44.02708,8.04459,690.45392,683.36230,96.71784
FLBB,20250809T073617,66,151,535
CTD_P,20250809T073618,58.04
CTD_P,20250809T073752,50.27
CTD_P,20250809T073756,49.97
NO3,20250809T073806,11.06
O2,20250809T073812,156.47459,61.22625,25.50049,33.55771,34.92371,42.96919,8.04548,663.78558,679.99359,44.47084
FLBB,20250809T073815,98,218,535
CTD_P,20250809T073816,48.67
CTD_P,20250809T073820,48.49
NO3,20250809T073830,6.39
O2,20250809T073836,199.90230,78.95793,26.01509,30.44558,31.81158,39.86479,8.05322,587.78442,672.66302,27.97765
FLBB,20250809T073839,127,214,535
CTD_P,20250809T073840,48.06
CTD_P,20250809T073844,48.09
CTD_P,20250809T073848,48.15
CTD_P,20250809T073852,48.20
CTD_P,20250809T073900,48.36
CTD_P,20250809T073913,48.69
CTD_P,20250809T073935,49.34
CTD_P,20250809T073955,49.58
CTD_P,20250809T074017,49.52
CTD_P,20250809T074039,49.40
CTD_P,20250809T074059,49.32
CTD_P,20250809T074119,49.37
CTD_P,20250809T074139,49.42
CTD_P,20250809T074159,49.32
CTD_P,20250809T074219,49.25
CTD_P,20250809T074237,49.15
CTD_P,20250809T074254,49.13
CTD_P,20250809T074311,49.20
CTD_P,20250809T074329,49.34
CTD_P,20250809T074349,49.58
CTD_P,20250809T074411,49.86
CTD_P,20250809T074437,50.12
CTD_P,20250809T074457,50.25
CTD_P,20250809T074528,50.33
CTD_P,20250809T074600,50.38
CTD_P,20250809T074632,50.42
CTD_P,20250809T074705,50.41
CTD_P,20250809T074739,50.43
CTD_P,20250809T074812,50.52
CTD_P,20250809T074847,50.75
CTD_P,20250809T074925,51.02
CTD_P,20250809T074959,51.18
CTD_P,20250809T075037,50.89
CTD_P,20250809T075041,50.75
CTD_P,20250809T075119,49.45
CTD_P,20250809T075139,48.64
CTD_P,20250809T075159,47.82
NO3,20250809T075209,0.39
O2,20250809T075214,228.50000,91.16215,26.56737,28.70427,30.07027,38.13036,8.06009,543.90808,658.77661,10.33073
FLBB,20250809T075217,307,323,532
CTD_P,20250809T075219,46.82
CTD_P,20250809T075221,46.72
NO3,20250809T075231,-0.27
O2,20250809T075236,231.85030,92.55659,26.60197,28.52828,29.89428,37.95831,8.06403,539.44421,658.44611,9.22708
FLBB,20250809T075240,205,222,532
CTD_P,20250809T075241,45.53
CTD_P,20250809T075243,45.40
CTD_P,20250809T075247,45.18
NO3,20250809T075257,-0.11
O2,20250809T075302,234.82500,93.79156,26.62999,28.37562,29.74162,37.80447,8.06286,535.66852,658.16492,8.33359
FLBB,20250809T075306,188,220,532
CTD_P,20250809T075307,43.85
CTD_P,20250809T075311,43.59
NO3,20250809T075321,-0.38
O2,20250809T075326,236.81110,94.61367,26.64689,28.27568,29.64168,37.70436,8.06268,533.07599,657.93091,7.79464
FLBB,20250809T075330,211,228,531
CTD_P,20250809T075331,42.27
CTD_P,20250809T075335,41.98
NO3,20250809T075345,-0.45
O2,20250809T075350,238.31950,95.23726,26.65905,28.20073,29.56673,37.63012,8.06339,531.20380,657.76123,7.40715
FLBB,20250809T075354,273,288,532
CTD_P,20250809T075355,40.64
CTD_P,20250809T075357,40.51
NO3,20250809T075407,-0.31
O2,20250809T075412,239.50960,95.72856,26.66814,28.14219,29.50819,37.57095,8.06277,529.72412,657.60358,7.11713
FLBB,20250809T075415,224,230,531
CTD_P,20250809T075417,39.08
CTD_P,20250809T075419,38.92
NO3,20250809T075429,-0.75
O2,20250809T075434,240.45110,96.11423,26.67357,28.09678,29.46278,37.52463,8.06184,528.47992,657.51752,6.94423
FLBB,20250809T075438,293,242,531
CTD_P,20250809T075439,37.21
CTD_P,20250809T075441,37.08
NO3,20250809T075451,-0.64
O2,20250809T075456,243.02209,97.20279,26.70828,27.96662,29.33262,37.39510,8.06248,525.30121,657.41858,5.83782
FLBB,20250809T075500,313,247,531
CTD_P,20250809T075501,35.19
CTD_P,20250809T075503,34.99
CTD_P,20250809T075507,34.64
NO3,20250809T075517,-0.82
O2,20250809T075522,248.02870,99.23904,26.72713,27.73578,29.10178,37.16277,8.06099,519.55139,657.21478,5.23701
FLBB,20250809T075526,354,238,531
CTD_P,20250809T075527,32.72
CTD_P,20250809T075531,32.36
NO3,20250809T075541,-0.72
O2,20250809T075546,252.56310,101.06940,26.73600,27.53480,28.90079,36.96149,8.06069,514.62347,657.06543,4.95446
FLBB,20250809T075550,407,291,531
CTD_P,20250809T075551,30.53
CTD_P,20250809T075555,30.16
NO3,20250809T075605,-0.67
O2,20250809T075610,255.68539,102.33060,26.74235,27.39902,28.76501,36.82557,8.06056,511.15189,656.95563,4.75186
FLBB,20250809T075614,386,262,531
CTD_P,20250809T075615,28.28
CTD_P,20250809T075619,27.90
NO3,20250809T075629,-0.62
O2,20250809T075634,257.96521,103.25330,26.74785,27.30092,28.66692,36.72741,8.06049,508.76199,656.89618,4.57681
FLBB,20250809T075638,391,254,531
CTD_P,20250809T075639,26.09
CTD_P,20250809T075643,25.71
NO3,20250809T075653,-0.76
O2,20250809T075658,259.35739,103.81660,26.75110,27.24162,28.60762,36.66833,8.06071,507.34680,656.87402,4.47315
FLBB,20250809T075702,459,238,531
CTD_P,20250809T075703,23.86
CTD_P,20250809T075707,23.49
NO3,20250809T075717,-0.78
O2,20250809T075722,260.19180,104.15720,26.75462,27.20571,28.57171,36.63242,8.06071,506.44958,656.82928,4.36103
FLBB,20250809T075726,574,286,531
CTD_P,20250809T075727,21.65
CTD_P,20250809T075731,21.29
NO3,20250809T075741,-1.04
O2,20250809T075746,260.90991,104.45330,26.75926,27.17435,28.54035,36.60052,8.06017,505.62970,656.79108,4.21331
FLBB,20250809T075750,595,365,531
CTD_P,20250809T075751,19.50
CTD_P,20250809T075755,19.12
NO3,20250809T075805,-0.88
O2,20250809T075810,261.90909,104.86240,26.76403,27.13150,28.49750,36.55768,8.06018,504.52350,656.77191,4.06117
FLBB,20250809T075814,462,329,530
CTD_P,20250809T075815,17.36
CTD_P,20250809T075819,17.00
NO3,20250809T075829,-1.11
O2,20250809T075834,263.54391,105.53080,26.77133,27.06203,28.42803,36.48875,8.06071,502.87921,656.76343,3.82877
FLBB,20250809T075838,397,297,530
CTD_P,20250809T075839,15.26
CTD_P,20250809T075843,14.90
NO3,20250809T075853,-0.92
O2,20250809T075858,264.89169,106.08500,26.77889,27.00463,28.37063,36.42909,8.05846,501.35770,656.70789,3.58772
FLBB,20250809T075902,561,477,530
CTD_P,20250809T075903,13.17
CTD_P,20250809T075907,12.84
NO3,20250809T075917,-0.67
O2,20250809T075922,266.86020,106.93060,26.80867,26.91480,28.28080,36.33998,8.05918,499.16550,656.60718,2.63916
FLBB,20250809T075926,563,337,530
CTD_P,20250809T075927,11.20
CTD_P,20250809T075931,10.90
NO3,20250809T075941,-0.94
O2,20250809T075946,268.36761,107.61340,26.84932,26.84025,28.20625,36.26498,8.05874,497.30090,656.44312,1.34451
FLBB,20250809T075950,490,289,530
CTD_P,20250809T075951,9.31
CTD_P,20250809T075955,8.99
NO3,20250809T080005,-1.07
O2,20250809T080010,268.80740,107.89450,26.90329,26.80366,28.16966,36.22808,8.05842,496.33231,656.15747,-0.37372
FLBB,20250809T080014,371,286,530
CTD_P,20250809T080015,7.45
CTD_P,20250809T080019,7.15
NO3,20250809T080029,-0.43
O2,20250809T080034,268.85849,107.99010,26.94198,26.78794,28.15394,36.21216,8.05822,495.90369,655.77588,-1.60523
FLBB,20250809T080038,255,254,530
CTD_P,20250809T080039,5.72
CTD_P,20250809T080043,5.44
NO3,20250809T080053,-1.19
O2,20250809T080058,268.73300,107.98160,26.96358,26.78526,28.15126,36.20850,8.05724,495.70251,655.49182,-2.29268
FLBB,20250809T080102,221,254,530
CTD_P,20250809T080103,4.07
CTD_P,20250809T080107,3.75
Message,20250809T080112,CP Stopped
CTD_P,20250809T080121,2.80
Message,20250809T080123,Surface Mission
CTD_P,20250809T080126,2.44
CTD_P,20250809T080128,2.32
O2,20250809T080131,268.76370,108.03920,26.98692,26.77579,28.14179,36.19577,8.05398,495.50070,655.24463,-3.03530
CTD_P,20250809T080132,1.99
O2,20250809T080146,268.91891,108.09490,26.98345,26.77088,28.13688,36.18593,8.04905,495.35571,651.12848,-2.92486
CTD_P,20250809T080148,1.10
O2,20250809T080201,269.09879,108.18850,26.99440,26.75990,28.12590,36.17274,8.04684,495.02371,650.96539,-3.27330
CTD_P,20250809T080202,0.05
O2,20250809T080216,264.25690,106.24600,26.99656,26.95272,28.31872,36.36819,8.04947,499.75949,654.71002,-3.34175
CTD_P,20250809T080217,0.01
O2,20250809T080232,263.23291,105.84130,27.00024,26.99296,28.35896,36.40743,8.04848,500.68149,654.82379,-3.45889
CTD_P,20250809T080233,0.20
O2,20250809T080246,264.02069,106.15770,27.00007,26.96103,28.32703,36.37020,8.04317,499.64929,650.94897,-3.45358
CTD_P,20250809T080247,0.01
O2,20250809T080301,262.28589,105.46000,26.99999,27.03166,28.39766,36.44694,8.04928,501.48169,654.71729,-3.45112
CTD_P,20250809T080303,0.00
O2,20250809T080316,264.45181,106.23220,26.94830,26.96200,28.32800,36.37242,8.04442,499.81430,650.90729,-1.80635
CTD_P,20250809T080317,0.05
O2,20250809T080331,266.41699,107.11460,26.99664,26.86574,28.23174,36.27928,8.04754,497.58200,654.75427,-3.34451
CTD_P,20250809T080333,0.06
O2,20250809T080346,264.54730,106.36760,26.99908,26.94008,28.30608,36.35344,8.04736,499.34970,654.77283,-3.42211
CTD_P,20250809T080347,-0.03
CTD_P,20250809T080726,-0.16
O2,20250809T080730,247.49420,98.89990,26.65694,27.78511,29.15111,37.22921,8.07810,520.02838,656.72168,7.47432
CTD_P,20250809T080731,-0.11
O2,20250809T080744,249.95050,99.65472,26.53112,27.72306,29.08906,37.14890,8.05984,518.49939,653.05920,11.48720
CTD_P,20250809T080745,0.05
O2,20250809T080759,248.12399,99.39446,26.79266,27.70762,29.07362,37.13226,8.05863,518.15912,653.17761,3.14899
CTD_P,20250809T080801,-0.24
O2,20250809T080814,247.68350,98.98304,26.66117,27.77518,29.14118,37.19853,8.05735,520.00909,656.94641,7.33949
CTD_P,20250809T080815,0.12
O2,20250809T080829,248.15491,99.44612,26.81462,27.69825,29.06425,37.11852,8.05427,517.95160,657.00488,2.44964
CTD_P,20250809T080831,-0.21
O2,20250809T080844,248.54530,99.45896,26.73452,27.71031,29.07631,37.12867,8.05236,518.16931,653.24377,5.00157
CTD_P,20250809T080845,-0.24
O2,20250809T080859,245.19740,98.07590,26.71003,27.86795,29.23395,37.28572,8.05177,522.32190,657.44641,5.78196
CTD_P,20250809T080900,-0.14
O2,20250809T080915,249.88721,100.27620,26.88992,27.59487,28.96087,37.01111,8.05024,515.73578,657.84271,0.05173
CTD_P,20250809T080916,-0.24
O2,20250809T080929,252.54150,101.05650,26.73366,27.53657,28.90257,36.95068,8.04811,513.88733,653.74573,5.02901
CTD_P,20250809T080930,-0.21
O2,20250809T080944,248.16940,99.47340,26.82661,27.69324,29.05923,37.10258,8.04334,517.59888,653.38147,2.06786
CTD_P,20250809T080946,-0.24
CTD_P,20250809T080947,-0.22
CTD_P,20250809T081013,-0.14
CTD_bins,20250809T081410,26104,1001,1999.320
CTD_CP_H,20250809T081430,4.24,26.9583,36.3876,22,0.264979,11
CTD_CP_H,20250809T081430,5.97,26.9453,36.3873,28,0.265069,14
CTD_CP_H,20250809T081430,7.98,26.9079,36.3865,27,0.265170,13
CTD_CP_H,20250809T081430,10.00,26.8465,36.3853,25,0.265261,13
CTD_CP_H,20250809T081430,11.97,26.8102,36.3856,24,0.265360,12
CTD_CP_H,20250809T081430,13.94,26.7807,36.3855,23,0.265444,11
CTD_CP_H,20250809T081430,15.95,26.7727,36.3855,23,0.265537,12
CTD_CP_H,20250809T081430,17.98,26.7666,36.3857,23,0.265628,11
CTD_CP_H,20250809T081430,19.99,26.7627,36.3857,22,0.265716,11
CTD_CP_H,20250809T081430,21.99,26.7589,36.3854,22,0.265808,11
CTD_CP_H,20250809T081430,24.01,26.7564,36.3862,22,0.265900,11
CTD_CP_H,20250809T081430,25.99,26.7542,36.3862,21,0.265991,11
CTD_CP_H,20250809T081430,27.96,26.7515,36.3861,22,0.266094,11
CTD_CP_H,20250809T081431,30.01,26.7462,36.3867,22,0.266186,11
CTD_CP_H,20250809T081431,32.00,26.7424,36.3878,21,0.266283,10
CTD_CP_H,20250809T081431,34.01,26.7340,36.3913,22,0.266374,11
CTD_CP_H,20250809T081431,36.03,26.7160,36.3967,21,0.266469,11
CTD_CP_H,20250809T081431,38.05,26.6815,36.4041,24,0.266577,12
CTD_CP_H,20250809T081431,40.04,26.6753,36.4045,28,0.266695,14
CTD_CP_H,20250809T081431,42.02,26.6642,36.4046,30,0.266831,15
CTD_CP_H,20250809T081431,44.01,26.6496,36.4050,30,0.266976,15
CTD_CP_H,20250809T081431,46.03,26.6237,36.4065,34,0.267129,17
CTD_CP_H,20250809T081431,48.29,26.3992,36.4015,120,0.270604,60
CTD_CP_H,20250809T081431,49.95,26.2880,36.4111,684,0.270065,342
CTD_CP_H,20250809T081431,51.35,25.7895,36.4067,94,0.269320,47
CTD_CP_H,20250809T081431,54.01,24.0075,36.3702,24,0.273117,12
CTD_CP_H,20250809T081431,56.00,23.9454,36.3660,23,0.273223,11
CTD_CP_H,20250809T081432,57.97,23.8993,36.3703,23,0.273326,12
CTD_CP_H,20250809T081432,59.97,23.8747,36.3911,23,0.273442,11
CTD_CP_H,20250809T081432,61.98,23.8572,36.3993,23,0.273545,12
CTD_CP_H,20250809T081432,64.00,23.8425,36.4074,23,0.273663,11
CTD_CP_H,20250809T081432,66.00,23.8526,36.4256,22,0.273769,11
CTD_CP_H,20250809T081432,67.99,23.8438,36.4238,23,0.273888,12
CTD_CP_H,20250809T081432,69.99,23.8130,36.4242,23,0.274008,11
CTD_CP_H,20250809T081432,72.01,23.8037,36.4343,26,0.274129,13
CTD_CP_H,20250809T081432,74.03,23.7806,36.4342,29,0.274274,15
CTD_CP_H,20250809T081432,76.03,23.7238,36.4299,28,0.274430,14
CTD_CP_H,20250809T081432,78.04,23.6729,36.4226,30,0.274588,15
CTD_CP_H,20250809T081432,80.09,23.6459,36.4178,38,0.274773,19
CTD_CP_H,20250809T081432,82.00,23.6029,36.4125,54,0.275039,27
CTD_CP_H,20250809T081432,83.99,23.5465,36.4106,53,0.275352,26
CTD_CP_H,20250809T081433,86.00,23.5059,36.4134,54,0.275682,27
CTD_CP_H,20250809T081433,88.01,23.4692,36.4142,50,0.276015,25
CTD_CP_H,20250809T081433,89.98,23.4088,36.4157,47,0.276341,24
CTD_CP_H,20250809T081433,91.96,23.3804,36.4209,44,0.276660,22
CTD_CP_H,20250809T081433,93.97,23.3200,36.4282,41,0.276956,20
CTD_CP_H,20250809T081433,95.99,23.2925,36.4332,39,0.277243,20
CTD_CP_H,20250809T081433,98.00,23.2482,36.4320,36,0.277524,18
CTD_CP_H,20250809T081433,99.99,23.1956,36.4336,34,0.277783,17
CTD_CP_H,20250809T081433,102.00,23.1417,36.4342,34,0.278037,17
CTD_CP_H,20250809T081433,103.99,23.0960,36.4470,32,0.278280,16
CTD_CP_H,20250809T081433,105.98,23.1010,36.4644,32,0.278516,16
CTD_CP_H,20250809T081433,108.00,22.9734,36.4426,31,0.278742,15
CTD_CP_H,20250809T081433,109.98,22.9156,36.4341,29,0.278958,15
CTD_CP_H,20250809T081434,111.96,22.7988,36.4213,29,0.279163,14
CTD_CP_H,20250809T081434,113.97,22.6496,36.3918,28,0.279356,14
CTD_CP_H,20250809T081434,115.97,22.6018,36.4015,29,0.279553,15
CTD_CP_H,20250809T081434,117.99,22.5599,36.3945,29,0.279740,14
CTD_CP_H,20250809T081434,120.00,22.4334,36.3644,28,0.279916,14
CTD_CP_H,20250809T081434,122.00,22.1679,36.3116,26,0.280076,13
CTD_CP_H,20250809T081434,123.99,21.9568,36.2849,26,0.280230,13
CTD_CP_H,20250809T081434,126.00,21.8447,36.2776,26,0.280380,13
CTD_CP_H,20250809T081434,128.00,21.7451,36.2660,25,0.280524,13
CTD_CP_H,20250809T081434,130.01,21.5802,36.2489,25,0.280656,12
CTD_CP_H,20250809T081434,132.01,21.4988,36.2618,25,0.280791,13
CTD_CP_H,20250809T081434,133.97,21.4044,36.2459,25,0.280922,12
CTD_CP_H,20250809T081434,135.96,21.3932,36.2662,25,0.281044,13
CTD_CP_H,20250809T081434,137.98,21.3152,36.2818,25,0.281163,12
CTD_CP_H,20250809T081435,140.03,21.0573,36.2521,28,0.281278,14
CTD_CP_H,20250809T081435,141.99,20.9622,36.2608,30,0.281402,15
CTD_CP_H,20250809T081435,143.98,20.8587,36.2600,30,0.281525,15
CTD_CP_H,20250809T081435,146.01,20.6814,36.2561,32,0.281654,16
CTD_CP_H,20250809T081435,148.01,20.3840,36.2130,41,0.281796,21
CTD_CP_H,20250809T081435,150.05,20.2813,36.2130,42,0.281966,21
CTD_CP_H,20250809T081435,152.08,20.2285,36.2276,100,0.282259,50
CTD_CP_H,20250809T081435,153.96,20.1728,36.2278,79,0.282629,39
CTD_CP_H,20250809T081435,156.00,20.0170,36.2229,75,0.282959,38
CTD_CP_H,20250809T081435,157.98,19.9752,36.2243,67,0.283271,33
CTD_CP_H,20250809T081435,159.98,19.9097,36.2278,61,0.283555,31
CTD_CP_H,20250809T081435,161.98,19.8016,36.2216,56,0.283818,28
CTD_CP_H,20250809T081435,163.99,19.6816,36.2152,52,0.284059,26
CTD_CP_H,20250809T081435,165.98,19.5741,36.2103,46,0.284287,23
CTD_CP_H,20250809T081436,167.98,19.4514,36.2083,42,0.284496,21
CTD_CP_H,20250809T081436,170.00,19.3116,36.1991,38,0.284700,19
CTD_CP_H,20250809T081436,171.99,19.2902,36.2264,34,0.284893,17
CTD_CP_H,20250809T081436,173.99,19.4316,36.3249,32,0.285081,16
CTD_CP_H,20250809T081436,175.99,19.4792,36.3726,31,0.285256,15
CTD_CP_H,20250809T081436,177.99,19.4635,36.3834,31,0.285435,16
CTD_CP_H,20250809T081436,180.03,19.4474,36.4091,28,0.285614,14
CTD_CP_H,20250809T081436,182.04,19.4147,36.4340,27,0.285778,13
CTD_CP_H,20250809T081436,184.02,19.3995,36.4391,26,0.285937,13
CTD_CP_H,20250809T081436,185.98,19.3955,36.4535,26,0.286100,13
CTD_CP_H,20250809T081436,188.00,19.3643,36.4658,26,0.286258,13
CTD_CP_H,20250809T081436,190.01,19.3186,36.4652,25,0.286426,13
CTD_CP_H,20250809T081436,192.01,19.2829,36.4803,25,0.286579,12
CTD_CP_H,20250809T081436,193.99,19.2504,36.4836,24,0.286731,12
CTD_CP_H,20250809T081437,196.00,19.2093,36.4897,25,0.286889,13
CTD_CP_H,20250809T081437,198.02,19.1960,36.4890,25,0.287047,12
CTD_CP_H,20250809T081437,200.00,19.1299,36.4931,24,0.287196,12
CTD_CP_H,20250809T081437,202.00,19.1121,36.5009,25,0.287357,13
CTD_CP_H,20250809T081437,204.02,19.0571,36.5031,24,0.287506,12
CTD_CP_H,20250809T081437,206.00,19.0131,36.5030,24,0.287653,12
CTD_CP_H,20250809T081437,208.00,18.9078,36.4875,24,0.287797,12
CTD_CP_H,20250809T081437,210.00,18.7451,36.4665,23,0.287930,11
CTD_CP_H,20250809T081437,212.01,18.6640,36.4530,24,0.288065,12
CTD_CP_H,20250809T081437,214.01,18.6409,36.4504,23,0.288197,12
CTD_CP_H,20250809T081437,215.98,18.6276,36.4496,24,0.288332,12
CTD_CP_H,20250809T081437,218.01,18.5188,36.4441,24,0.288467,12
CTD_CP_H,20250809T081437,220.04,18.3330,36.4315,24,0.288591,12
CTD_CP_H,20250809T081438,222.00,18.2290,36.4399,21,0.288705,10
CTD_CP_H,20250809T081438,224.00,18.0856,36.4714,22,0.288827,11
CTD_CP_H,20250809T081438,226.03,18.0054,36.4733,23,0.288943,12
CTD_CP_H,20250809T081438,228.02,17.9693,36.4847,25,0.289070,12
CTD_CP_H,20250809T081438,230.01,17.9423,36.4854,26,0.289198,13
CTD_CP_H,20250809T081438,232.02,17.9319,36.4875,26,0.289333,13
CTD_CP_H,20250809T081438,234.03,17.8959,36.4832,30,0.289472,15
CTD_CP_H,20250809T081438,236.00,17.7403,36.4622,36,0.289643,18
CTD_CP_H,20250809T081438,238.00,17.5569,36.4335,35,0.289819,18
CTD_CP_H,20250809T081438,239.99,17.4591,36.4174,34,0.289995,17
CTD_CP_H,20250809T081438,241.96,17.4241,36.4123,34,0.290168,17
CTD_CP_H,20250809T081438,243.95,17.3615,36.4046,31,0.290333,15
CTD_CP_H,20250809T081438,245.98,17.2796,36.3975,30,0.290488,15
CTD_CP_H,20250809T081438,247.97,17.2355,36.3960,29,0.290644,15
CTD_CP_H,20250809T081439,249.96,17.2030,36.3926,29,0.290791,14
CTD_CP_H,20250809T081439,251.96,17.1639,36.3863,29,0.290948,15
CTD_CP_H,20250809T081439,253.98,17.1350,36.3827,29,0.291097,14
CTD_CP_H,20250809T081439,256.01,17.0602,36.3740,28,0.291235,14
CTD_CP_H,20250809T081439,257.99,16.9879,36.3630,27,0.291385,14
CTD_CP_H,20250809T081439,259.98,16.9583,36.3623,28,0.291529,14
CTD_CP_H,20250809T081439,262.00,16.9059,36.3577,27,0.291665,13
CTD_CP_H,20250809T081439,264.02,16.8433,36.3480,27,0.291803,14
CTD_CP_H,20250809T081439,265.99,16.8122,36.3417,26,0.291936,13
CTD_CP_H,20250809T081439,267.96,16.7256,36.3262,27,0.292065,13
CTD_CP_H,20250809T081439,269.97,16.7004,36.3218,27,0.292193,14
CTD_CP_H,20250809T081439,271.99,16.5513,36.2940,27,0.292328,13
CTD_CP_H,20250809T081439,273.99,16.4099,36.2653,26,0.292446,13
CTD_CP_H,20250809T081439,276.00,16.3731,36.2614,27,0.292572,14
CTD_CP_H,20250809T081440,277.98,16.3436,36.2698,26,0.292700,13
CTD_CP_H,20250809T081440,279.97,16.3090,36.2659,27,0.292816,13
CTD_CP_H,20250809T081440,282.00,16.3346,36.2834,27,0.292939,14
CTD_CP_H,20250809T081440,284.02,16.2251,36.2673,26,0.293050,13
CTD_CP_H,20250809T081440,286.01,16.0465,36.2322,26,0.293154,13
CTD_CP_H,20250809T081440,288.00,15.9845,36.2195,26,0.293264,13
CTD_CP_H,20250809T081440,290.01,15.8705,36.2045,26,0.293360,13
CTD_CP_H,20250809T081440,292.02,15.7572,36.1830,25,0.293453,12
CTD_CP_H,20250809T081440,294.01,15.7062,36.1807,25,0.293548,13
CTD_CP_H,20250809T081440,295.99,15.6374,36.1716,25,0.293627,12
CTD_CP_H,20250809T081440,298.00,15.5017,36.1453,25,0.293722,13
CTD_CP_H,20250809T081440,299.99,15.3904,36.1212,24,0.293800,12
CTD_CP_H,20250809T081440,301.99,15.3461,36.1110,25,0.293883,12
CTD_CP_H,20250809T081441,304.00,15.3252,36.1105,24,0.293962,12
CTD_CP_H,20250809T081441,305.99,15.2545,36.0992,24,0.294041,12
CTD_CP_H,20250809T081441,307.98,15.1982,36.0944,23,0.294111,12
CTD_CP_H,20250809T081441,309.99,15.1235,36.0759,24,0.294191,12
CTD_CP_H,20250809T081441,312.01,15.0745,36.0642,23,0.294256,11
CTD_CP_H,20250809T081441,314.00,15.0065,36.0477,23,0.294330,12
CTD_CP_H,20250809T081441,316.03,14.9971,36.0481,23,0.294395,11
CTD_CP_H,20250809T081441,318.00,15.0164,36.0583,22,0.294467,11
CTD_CP_H,20250809T081441,319.98,15.0762,36.0839,23,0.294523,12
CTD_CP_H,20250809T081441,322.01,14.9500,36.0584,23,0.294586,11
CTD_CP_H,20250809T081441,323.99,14.7416,36.0135,22,0.294650,11
CTD_CP_H,20250809T081441,325.97,14.7281,36.0159,22,0.294700,11
CTD_CP_H,20250809T081441,327.96,14.7371,36.0224,22,0.294761,11
CTD_CP_H,20250809T081441,329.98,14.7349,36.0199,23,0.294815,12
CTD_CP_H,20250809T081442,332.03,14.6204,35.9996,23,0.294865,11
CTD_CP_H,20250809T081442,334.04,14.5053,35.9720,26,0.294927,13
CTD_CP_H,20250809T081442,335.98,14.4624,35.9634,29,0.294984,15
CTD_CP_H,20250809T081442,337.99,14.4406,35.9596,30,0.295065,15
CTD_CP_H,20250809T081442,340.00,14.4172,35.9559,29,0.295127,14
CTD_CP_H,20250809T081442,341.99,14.3759,35.9534,29,0.295196,15
CTD_CP_H,20250809T081442,343.99,14.3288,35.9498,29,0.295264,14
CTD_CP_H,20250809T081442,346.00,14.3194,35.9586,28,0.295325,14
CTD_CP_H,20250809T081442,348.00,14.3053,35.9583,28,0.295393,14
CTD_CP_H,20250809T081442,350.00,14.2719,35.9551,28,0.295449,14
CTD_CP_H,20250809T081442,352.01,14.2306,35.9471,28,0.295512,14
CTD_CP_H,20250809T081442,354.00,14.2209,35.9512,27,0.295576,14
CTD_CP_H,20250809T081442,355.99,14.2015,35.9491,27,0.295626,13
CTD_CP_H,20250809T081442,358.00,14.1048,35.9324,27,0.295690,14
CTD_CP_H,20250809T081443,360.01,14.0469,35.9202,27,0.295737,13
CTD_CP_H,20250809T081443,362.00,14.0166,35.9153,26,0.295800,13
CTD_CP_H,20250809T081443,364.00,13.9925,35.9122,27,0.295853,14
CTD_CP_H,20250809T081443,365.99,13.9824,35.9107,26,0.295907,13
CTD_CP_H,20250809T081443,367.98,13.9661,35.9091,27,0.295961,13
CTD_CP_H,20250809T081443,370.00,13.9429,35.9086,26,0.296018,13
CTD_CP_H,20250809T081443,372.00,13.9007,35.9044,26,0.296067,13
CTD_CP_H,20250809T081443,374.00,13.8779,35.9007,26,0.296126,13
CTD_CP_H,20250809T081443,376.02,13.8634,35.8991,26,0.296178,13
CTD_CP_H,20250809T081443,378.01,13.8427,35.8989,25,0.296230,13
CTD_CP_H,20250809T081443,379.99,13.8321,35.9021,26,0.296292,13
CTD_CP_H,20250809T081443,381.99,13.8293,35.9026,26,0.296343,13
CTD_CP_H,20250809T081443,383.97,13.8076,35.8993,25,0.296392,12
CTD_CP_H,20250809T081443,385.98,13.7872,35.8955,26,0.296452,13
CTD_CP_H,20250809T081444,387.98,13.7424,35.8918,25,0.296505,13
CTD_CP_H,20250809T081444,390.01,13.7313,35.8973,26,0.296558,13
CTD_CP_H,20250809T081444,392.03,13.7619,35.9125,25,0.296618,12
CTD_CP_H,20250809T081444,394.03,13.7349,35.9098,25,0.296663,13
CTD_CP_H,20250809T081444,396.00,13.7029,35.9047,24,0.296719,12
CTD_CP_H,20250809T081444,397.99,13.6698,35.8992,25,0.296772,12
CTD_CP_H,20250809T081444,399.99,13.6368,35.8940,24,0.296816,12
CTD_CP_H,20250809T081444,402.00,13.5887,35.8877,25,0.296869,13
CTD_CP_H,20250809T081444,404.02,13.5769,35.8850,24,0.296929,12
CTD_CP_H,20250809T081444,405.99,13.5602,35.8818,24,0.296970,12
CTD_CP_H,20250809T081444,408.00,13.5348,35.8782,25,0.297021,12
CTD_CP_H,20250809T081444,410.02,13.5069,35.8747,24,0.297074,12
CTD_CP_H,20250809T081444,412.02,13.4789,35.8698,24,0.297121,12
CTD_CP_H,20250809T081445,413.98,13.4661,35.8669,23,0.297174,12
CTD_CP_H,20250809T081445,415.98,13.4736,35.8750,24,0.297225,12
CTD_CP_H,20250809T081445,418.00,13.4722,35.8767,23,0.297273,11
CTD_CP_H,20250809T081445,419.97,13.4398,35.8723,23,0.297319,12
CTD_CP_H,20250809T081445,422.01,13.4278,35.8703,24,0.297371,12
CTD_CP_H,20250809T081445,424.02,13.4256,35.8707,22,0.297421,11
CTD_CP_H,20250809T081445,426.00,13.3968,35.8694,23,0.297466,11
CTD_CP_H,20250809T081445,428.03,13.3773,35.8671,23,0.297508,12
CTD_CP_H,20250809T081445,430.03,13.3624,35.8641,22,0.297554,11
CTD_CP_H,20250809T081445,431.99,13.3238,35.8574,22,0.297595,11
CTD_CP_H,20250809T081445,433.96,13.3165,35.8550,22,0.297632,11
CTD_CP_H,20250809T081445,435.99,13.2420,35.8434,23,0.297675,11
CTD_CP_H,20250809T081445,438.02,13.2059,35.8369,22,0.297718,11
CTD_CP_H,20250809T081445,440.01,13.1928,35.8345,22,0.297753,11
CTD_CP_H,20250809T081446,442.01,13.1810,35.8327,22,0.297800,11
CTD_CP_H,20250809T081446,443.99,13.1695,35.8306,21,0.297843,11
CTD_CP_H,20250809T081446,446.01,13.1340,35.8257,22,0.297873,11
CTD_CP_H,20250809T081446,447.99,13.1079,35.8210,20,0.297906,10
CTD_CP_H,20250809T081446,450.00,13.0558,35.8149,22,0.297951,11
CTD_CP_H,20250809T081446,452.01,13.0235,35.8112,20,0.297987,10
CTD_CP_H,20250809T081446,453.98,13.0188,35.8107,21,0.298017,10
CTD_CP_H,20250809T081446,456.00,13.0094,35.8107,21,0.298048,11
CTD_CP_H,20250809T081446,457.97,12.9958,35.8093,20,0.298094,10
CTD_CP_H,20250809T081446,460.00,12.9825,35.8084,22,0.298133,11
CTD_CP_H,20250809T081446,462.04,12.9663,35.8074,20,0.298167,10
CTD_CP_H,20250809T081446,464.02,12.9470,35.8056,20,0.298202,10
CTD_CP_H,20250809T081446,465.99,12.9315,35.8039,20,0.298235,10
CTD_CP_H,20250809T081447,467.99,12.9302,35.8040,20,0.298275,10
CTD_CP_H,20250809T081447,469.99,12.9279,35.8041,20,0.298308,10
CTD_CP_H,20250809T081447,471.99,12.9234,35.8041,20,0.298344,10
CTD_CP_H,20250809T081447,474.00,12.9108,35.8029,20,0.298382,10
CTD_CP_H,20250809T081447,476.01,12.9014,35.8018,20,0.298422,10
CTD_CP_H,20250809T081447,477.98,12.8830,35.8002,19,0.298453,9
CTD_CP_H,20250809T081447,479.98,12.8723,35.7992,21,0.298493,11
CTD_CP_H,20250809T081447,482.03,12.8637,35.7987,20,0.298523,10
CTD_CP_H,20250809T081447,484.02,12.8294,35.7956,20,0.298564,10
CTD_CP_H,20250809T081447,486.03,12.8197,35.7952,20,0.298606,10
CTD_CP_H,20250809T081447,488.02,12.8154,35.7950,20,0.298633,10
CTD_CP_H,20250809T081447,489.99,12.8089,35.7937,20,0.298666,10
CTD_CP_H,20250809T081447,491.98,12.7963,35.7918,21,0.298705,10
CTD_CP_H,20250809T081447,494.03,12.7812,35.7905,22,0.298746,11
CTD_CP_H,20250809T081448,496.01,12.7573,35.7873,24,0.298788,12
CTD_CP_H,20250809T081448,498.01,12.7365,35.7842,27,0.298830,14
CTD_CP_H,20250809T081448,500.04,12.7251,35.7838,26,0.298883,13
CTD_CP_H,20250809T081448,502.01,12.7170,35.7835,26,0.298930,13
CTD_CP_H,20250809T081448,504.00,12.7060,35.7823,27,0.298969,13
CTD_CP_H,20250809T081448,506.04,12.6712,35.7782,27,0.299026,14
CTD_CP_H,20250809T081448,508.03,12.6379,35.7745,26,0.299072,13
CTD_CP_H,20250809T081448,510.00,12.6283,35.7733,27,0.299113,13
CTD_CP_H,20250809T081448,511.98,12.6098,35.7710,27,0.299157,14
CTD_CP_H,20250809T081448,514.00,12.5709,35.7667,28,0.299212,14
CTD_CP_H,20250809T081448,516.00,12.5572,35.7645,27,0.299254,13
CTD_CP_H,20250809T081448,518.00,12.5212,35.7608,28,0.299297,14
CTD_CP_H,20250809T081448,520.03,12.5054,35.7599,28,0.299357,14
CTD_CP_H,20250809T081448,522.00,12.4735,35.7568,27,0.299395,14
CTD_CP_H,20250809T081449,523.98,12.4568,35.7543,28,0.299441,14
CTD_CP_H,20250809T081449,525.99,12.4506,35.7546,28,0.299502,14
CTD_CP_H,20250809T081449,527.99,12.4327,35.7516,27,0.299544,13
CTD_CP_H,20250809T081449,529.99,12.4266,35.7518,28,0.299589,14
CTD_CP_H,20250809T081449,532.00,12.4208,35.7515,27,0.299643,14
CTD_CP_H,20250809T081449,534.01,12.3970,35.7491,28,0.299692,14
CTD_CP_H,20250809T081449,535.99,12.3712,35.7466,26,0.299735,13
CTD_CP_H,20250809T081449,537.98,12.3560,35.7463,28,0.299788,14
CTD_CP_H,20250809T081449,540.00,12.3433,35.7450,27,0.299839,13
CTD_CP_H,20250809T081449,542.01,12.3220,35.7428,27,0.299882,14
CTD_CP_H,20250809T081449,544.02,12.3044,35.7415,27,0.299931,13
CTD_CP_H,20250809T081449,546.02,12.2924,35.7404,27,0.299985,14
CTD_CP_H,20250809T081449,548.00,12.2668,35.7374,26,0.300032,13
CTD_CP_H,20250809T081449,549.99,12.2555,35.7354,27,0.300080,13
CTD_CP_H,20250809T081450,552.01,12.2375,35.7323,27,0.300132,14
CTD_CP_H,20250809T081450,554.03,12.2171,35.7301,27,0.300174,13
CTD_CP_H,20250809T081450,556.04,12.2122,35.7293,26,0.300225,13
CTD_CP_H,20250809T081450,558.02,12.1948,35.7275,26,0.300279,13
CTD_CP_H,20250809T081450,560.01,12.1813,35.7260,26,0.300318,13
CTD_CP_H,20250809T081450,561.97,12.1698,35.7247,26,0.300365,13
CTD_CP_H,20250809T081450,563.98,12.1394,35.7217,26,0.300421,13
CTD_CP_H,20250809T081450,565.99,12.1198,35.7186,26,0.300464,13
CTD_CP_H,20250809T081450,567.99,12.1125,35.7192,25,0.300508,13
CTD_CP_H,20250809T081450,569.98,12.1079,35.7204,25,0.300559,12
CTD_CP_H,20250809T081450,572.01,12.0849,35.7185,25,0.300600,13
CTD_CP_H,20250809T081450,574.01,12.0545,35.7155,24,0.300642,12
CTD_CP_H,20250809T081450,576.01,12.0334,35.7129,25,0.300686,12
CTD_CP_H,20250809T081451,577.98,12.0083,35.7117,23,0.300728,12
CTD_CP_H,20250809T081451,579.94,11.9759,35.7089,24,0.300767,12
CTD_CP_H,20250809T081451,581.99,11.9543,35.7056,25,0.300801,12
CTD_CP_H,20250809T081451,584.01,11.9345,35.7030,23,0.300847,12
CTD_CP_H,20250809T081451,585.98,11.9104,35.7006,23,0.300887,11
CTD_CP_H,20250809T081451,587.99,11.8882,35.6982,24,0.300921,12
CTD_CP_H,20250809T081451,590.02,11.8585,35.6946,23,0.300957,12
CTD_CP_H,20250809T081451,592.02,11.8452,35.6931,23,0.301005,11
CTD_CP_H,20250809T081451,594.01,11.8282,35.6921,23,0.301039,12
CTD_CP_H,20250809T081451,596.03,11.8093,35.6892,28,0.301081,14
CTD_CP_H,20250809T081451,598.02,11.7938,35.6875,30,0.301131,15
CTD_CP_H,20250809T081451,600.00,11.7798,35.6856,29,0.301186,14
CTD_CP_H,20250809T081451,601.95,11.7761,35.6877,29,0.301231,15
CTD_CP_H,20250809T081451,603.97,11.7708,35.6880,30,0.301285,15
CTD_CP_H,20250809T081452,605.99,11.7524,35.6869,28,0.301340,14
CTD_CP_H,20250809T081452,608.00,11.7334,35.6856,29,0.301387,14
CTD_CP_H,20250809T081452,610.02,11.7178,35.6847,28,0.301440,14
CTD_CP_H,20250809T081452,612.02,11.7116,35.6841,28,0.301493,14
CTD_CP_H,20250809T081452,614.00,11.7011,35.6833,27,0.301541,14
CTD_CP_H,20250809T081452,616.00,11.6868,35.6825,28,0.301594,14
CTD_CP_H,20250809T081452,618.00,11.6754,35.6816,27,0.301648,13
CTD_CP_H,20250809T081452,620.00,11.6593,35.6804,27,0.301693,14
CTD_CP_H,20250809T081452,621.98,11.6455,35.6785,26,0.301749,13
CTD_CP_H,20250809T081452,623.98,11.6377,35.6782,27,0.301799,13
CTD_CP_H,20250809T081452,626.00,11.6182,35.6758,27,0.301847,14
CTD_CP_H,20250809T081452,628.01,11.5949,35.6733,26,0.301900,13
CTD_CP_H,20250809T081452,630.01,11.5766,35.6719,26,0.301948,13
CTD_CP_H,20250809T081452,632.00,11.5566,35.6697,26,0.301992,13
CTD_CP_H,20250809T081453,634.01,11.5330,35.6681,26,0.302038,13
CTD_CP_H,20250809T081453,636.03,11.5161,35.6657,26,0.302090,13
CTD_CP_H,20250809T081453,638.03,11.5014,35.6646,25,0.302135,12
CTD_CP_H,20250809T081453,640.00,11.4744,35.6619,25,0.302177,13
CTD_CP_H,20250809T081453,641.99,11.4516,35.6597,25,0.302233,12
CTD_CP_H,20250809T081453,643.99,11.4369,35.6584,25,0.302274,13
CTD_CP_H,20250809T081453,645.99,11.4242,35.6571,25,0.302314,12
CTD_CP_H,20250809T081453,647.99,11.4074,35.6551,25,0.302368,13
CTD_CP_H,20250809T081453,650.01,11.3903,35.6536,26,0.302415,13
CTD_CP_H,20250809T081453,652.00,11.3617,35.6515,24,0.302462,12
CTD_CP_H,20250809T081453,653.97,11.3459,35.6495,25,0.302498,12
CTD_CP_H,20250809T081453,655.97,11.3246,35.6478,25,0.302548,13
CTD_CP_H,20250809T081453,658.02,11.3032,35.6459,26,0.302593,13
CTD_CP_H,20250809T081453,660.03,11.2916,35.6446,24,0.302640,12
CTD_CP_H,20250809T081454,661.98,11.2676,35.6423,24,0.302682,12
CTD_CP_H,20250809T081454,663.97,11.2510,35.6412,25,0.302728,12
CTD_CP_H,20250809T081454,665.98,11.2339,35.6392,25,0.302773,13
CTD_CP_H,20250809T081454,668.02,11.2145,35.6374,25,0.302817,12
CTD_CP_H,20250809T081454,670.03,11.1847,35.6353,25,0.302866,13
CTD_CP_H,20250809T081454,672.00,11.1690,35.6334,24,0.302908,12
CTD_CP_H,20250809T081454,673.99,11.1568,35.6327,25,0.302950,12
CTD_CP_H,20250809T081454,676.01,11.1390,35.6308,25,0.302998,13
CTD_CP_H,20250809T081454,677.99,11.1181,35.6289,24,0.303046,12
CTD_CP_H,20250809T081454,679.98,11.1066,35.6279,25,0.303084,12
CTD_CP_H,20250809T081454,682.00,11.1038,35.6274,25,0.303136,13
CTD_CP_H,20250809T081454,684.01,11.0960,35.6267,25,0.303181,12
CTD_CP_H,20250809T081454,686.02,11.0817,35.6252,25,0.303229,13
CTD_CP_H,20250809T081455,688.01,11.0610,35.6235,25,0.303271,12
CTD_CP_H,20250809T081455,690.01,11.0457,35.6215,25,0.303320,13
CTD_CP_H,20250809T081455,692.01,11.0277,35.6202,25,0.303361,12
CTD_CP_H,20250809T081455,694.03,11.0043,35.6180,25,0.303406,13
CTD_CP_H,20250809T081455,696.01,10.9803,35.6157,24,0.303455,12
CTD_CP_H,20250809T081455,697.99,10.9556,35.6135,25,0.303498,12
CTD_CP_H,20250809T081455,699.99,10.9313,35.6113,24,0.303536,12
CTD_CP_H,20250809T081455,701.98,10.9150,35.6099,25,0.303585,13
CTD_CP_H,20250809T081455,704.02,10.8992,35.6083,25,0.303629,12
CTD_CP_H,20250809T081455,706.03,10.8770,35.6062,24,0.303666,12
CTD_CP_H,20250809T081455,708.03,10.8649,35.6046,24,0.303706,12
CTD_CP_H,20250809T081455,709.99,10.8305,35.6020,23,0.303753,12
CTD_CP_H,20250809T081455,711.96,10.8052,35.5993,24,0.303795,12
CTD_CP_H,20250809T081455,713.97,10.7921,35.5981,24,0.303833,12
CTD_CP_H,20250809T081456,716.01,10.7833,35.5970,24,0.303878,12
CTD_CP_H,20250809T081456,718.04,10.7627,35.5954,24,0.303926,12
CTD_CP_H,20250809T081456,720.02,10.7499,35.5942,24,0.303966,12
CTD_CP_H,20250809T081456,722.06,10.7301,35.5926,30,0.304005,15
CTD_CP_H,20250809T081456,724.03,10.7181,35.5914,31,0.304069,15
CTD_CP_H,20250809T081456,725.99,10.7033,35.5901,31,0.304121,16
CTD_CP_H,20250809T081456,727.99,10.6806,35.5878,32,0.304174,16
CTD_CP_H,20250809T081456,730.01,10.6671,35.5862,31,0.304235,15
CTD_CP_H,20250809T081456,732.01,10.6478,35.5838,31,0.304287,16
CTD_CP_H,20250809T081456,734.03,10.6239,35.5816,30,0.304346,15
CTD_CP_H,20250809T081456,736.00,10.6096,35.5808,29,0.304399,14
CTD_CP_H,20250809T081456,737.96,10.5919,35.5796,29,0.304453,15
CTD_CP_H,20250809T081456,739.97,10.5816,35.5785,30,0.304509,15
CTD_CP_H,20250809T081456,742.01,10.5723,35.5765,30,0.304565,15
CTD_CP_H,20250809T081457,744.01,10.5560,35.5746,28,0.304616,14
CTD_CP_H,20250809T081457,746.00,10.5351,35.5719,29,0.304673,14
CTD_CP_H,20250809T081457,748.02,10.5141,35.5705,29,0.304725,15
CTD_CP_H,20250809T081457,750.03,10.4966,35.5695,28,0.304775,14
CTD_CP_H,20250809T081457,752.04,10.4832,35.5693,28,0.304826,14
CTD_CP_H,20250809T081457,754.03,10.4600,35.5665,27,0.304876,13
CTD_CP_H,20250809T081457,755.99,10.4205,35.5611,27,0.304916,14
CTD_CP_H,20250809T081457,757.97,10.3949,35.5580,27,0.304968,13
CTD_CP_H,20250809T081457,759.97,10.3747,35.5553,27,0.305013,14
CTD_CP_H,20250809T081457,761.97,10.3467,35.5514,27,0.305052,13
CTD_CP_H,20250809T081457,764.01,10.2932,35.5441,27,0.305093,14
CTD_CP_H,20250809T081457,765.99,10.2648,35.5393,26,0.305147,13
CTD_CP_H,20250809T081457,767.99,10.2456,35.5373,27,0.305180,13
CTD_CP_H,20250809T081457,770.03,10.2301,35.5357,26,0.305221,13
CTD_CP_H,20250809T081458,772.00,10.2016,35.5320,25,0.305264,13
CTD_CP_H,20250809T081458,774.00,10.1830,35.5303,26,0.305308,13
CTD_CP_H,20250809T081458,776.01,10.1742,35.5291,25,0.305344,12
CTD_CP_H,20250809T081458,778.02,10.1573,35.5277,26,0.305383,13
CTD_CP_H,20250809T081458,780.02,10.1350,35.5253,24,0.305430,12
CTD_CP_H,20250809T081458,781.98,10.1126,35.5226,25,0.305466,13
CTD_CP_H,20250809T081458,784.02,10.0908,35.5214,25,0.305503,12
CTD_CP_H,20250809T081458,785.99,10.0864,35.5198,24,0.305542,12
CTD_CP_H,20250809T081458,787.97,10.0760,35.5192,25,0.305588,13
CTD_CP_H,20250809T081458,789.98,10.0630,35.5181,24,0.305625,12
CTD_CP_H,20250809T081458,791.99,10.0437,35.5164,25,0.305665,12
CTD_CP_H,20250809T081458,794.02,10.0220,35.5141,24,0.305705,12
CTD_CP_H,20250809T081458,795.99,10.0123,35.5131,23,0.305750,12
CTD_CP_H,20250809T081459,797.99,10.0099,35.5127,25,0.305789,12
CTD_CP_H,20250809T081459,800.03,10.0071,35.5125,24,0.305828,12
CTD_CP_H,20250809T081459,802.00,9.9983,35.5115,23,0.305868,12
CTD_CP_H,20250809T081459,803.98,9.9940,35.5110,24,0.305916,12
CTD_CP_H,20250809T081459,805.98,9.9879,35.5105,24,0.305954,12
CTD_CP_H,20250809T081459,807.98,9.9761,35.5091,24,0.305993,12
CTD_CP_H,20250809T081459,810.01,9.9652,35.5077,24,0.306040,12
CTD_CP_H,20250809T081459,812.01,9.9491,35.5065,23,0.306082,11
CTD_CP_H,20250809T081459,813.98,9.9421,35.5055,23,0.306117,12
CTD_CP_H,20250809T081459,815.97,9.9335,35.5045,24,0.306156,12
CTD_CP_H,20250809T081459,818.01,9.9032,35.5016,24,0.306203,12
CTD_CP_H,20250809T081459,820.02,9.8702,35.4984,23,0.306242,11
CTD_CP_H,20250809T081459,821.98,9.8565,35.4968,23,0.306278,12
CTD_CP_H,20250809T081459,823.99,9.8315,35.4947,24,0.306319,12
CTD_CP_H,20250809T081500,826.02,9.8150,35.4935,23,0.306362,11
CTD_CP_H,20250809T081500,827.99,9.8092,35.4927,23,0.306402,12
CTD_CP_H,20250809T081500,829.99,9.7993,35.4915,24,0.306441,12
CTD_CP_H,20250809T081500,831.99,9.7812,35.4898,23,0.306481,11
CTD_CP_H,20250809T081500,833.98,9.7610,35.4880,24,0.306525,12
CTD_CP_H,20250809T081500,835.99,9.7439,35.4865,23,0.306562,12
CTD_CP_H,20250809T081500,838.00,9.7380,35.4858,24,0.306601,12
CTD_CP_H,20250809T081500,840.01,9.7288,35.4845,23,0.306649,11
CTD_CP_H,20250809T081500,842.00,9.7155,35.4830,24,0.306687,12
CTD_CP_H,20250809T081500,844.01,9.6918,35.4814,23,0.306728,12
CTD_CP_H,20250809T081500,845.99,9.6823,35.4799,24,0.306772,12
CTD_CP_H,20250809T081500,848.02,9.6806,35.4793,24,0.306817,12
CTD_CP_H,20250809T081500,850.03,9.6619,35.4780,24,0.306861,12
CTD_CP_H,20250809T081500,852.04,9.6392,35.4762,24,0.306901,12
CTD_CP_H,20250809T081501,854.03,9.6312,35.4754,24,0.306940,12
CTD_CP_H,20250809T081501,856.03,9.6187,35.4743,24,0.306989,12
CTD_CP_H,20250809T081501,858.03,9.6065,35.4730,24,0.307027,12
CTD_CP_H,20250809T081501,860.02,9.5792,35.4707,24,0.307067,12
CTD_CP_H,20250809T081501,862.00,9.5712,35.4696,24,0.307113,12
CTD_CP_H,20250809T081501,864.03,9.5650,35.4685,25,0.307158,12
CTD_CP_H,20250809T081501,866.02,9.5390,35.4653,24,0.307190,12
CTD_CP_H,20250809T081501,868.01,9.5008,35.4615,25,0.307229,13
CTD_CP_H,20250809T081501,869.99,9.4766,35.4586,24,0.307282,12
CTD_CP_H,20250809T081501,872.00,9.4613,35.4566,26,0.307316,13
CTD_CP_H,20250809T081501,874.01,9.4374,35.4538,24,0.307358,12
CTD_CP_H,20250809T081501,875.98,9.4160,35.4513,25,0.307396,12
CTD_CP_H,20250809T081501,877.99,9.3842,35.4488,25,0.307438,13
CTD_CP_H,20250809T081502,879.99,9.3549,35.4454,24,0.307480,12
CTD_CP_H,20250809T081502,881.97,9.3348,35.4430,25,0.307511,12
CTD_CP_H,20250809T081502,883.99,9.3205,35.4415,25,0.307558,13
CTD_CP_H,20250809T081502,886.02,9.3107,35.4411,25,0.307600,12
CTD_CP_H,20250809T081502,888.01,9.3122,35.4453,24,0.307636,12
CTD_CP_H,20250809T081502,890.02,9.3053,35.4473,25,0.307669,13
CTD_CP_H,20250809T081502,892.03,9.2892,35.4473,24,0.307712,12
CTD_CP_H,20250809T081502,893.99,9.2702,35.4448,25,0.307758,12
CTD_CP_H,20250809T081502,896.03,9.2530,35.4425,31,0.307793,16
CTD_CP_H,20250809T081502,898.01,9.2432,35.4406,33,0.307839,16
CTD_CP_H,20250809T081502,900.00,9.1995,35.4354,35,0.307894,18
CTD_CP_H,20250809T081502,902.00,9.1718,35.4309,33,0.307940,16
CTD_CP_H,20250809T081502,903.97,9.1393,35.4265,33,0.307983,17
CTD_CP_H,20250809T081502,906.00,9.0739,35.4185,34,0.308035,17
CTD_CP_H,20250809T081503,908.02,9.0510,35.4152,32,0.308086,16
CTD_CP_H,20250809T081503,910.00,9.0367,35.4131,33,0.308123,16
CTD_CP_H,20250809T081503,912.00,9.0273,35.4129,31,0.308172,16
CTD_CP_H,20250809T081503,913.99,9.0016,35.4096,32,0.308218,16
CTD_CP_H,20250809T081503,916.01,8.9877,35.4077,31,0.308257,15
CTD_CP_H,20250809T081503,918.01,8.9682,35.4059,31,0.308300,16
CTD_CP_H,20250809T081503,920.01,8.9551,35.4037,30,0.308346,15
CTD_CP_H,20250809T081503,922.00,8.9274,35.4012,29,0.308387,14
CTD_CP_H,20250809T081503,923.99,8.9147,35.3998,30,0.308430,15
CTD_CP_H,20250809T081503,926.00,8.9116,35.3994,29,0.308469,15
CTD_CP_H,20250809T081503,927.98,8.9086,35.3989,29,0.308518,14
CTD_CP_H,20250809T081503,930.00,8.8964,35.3975,29,0.308558,15
CTD_CP_H,20250809T081503,932.01,8.8758,35.3952,28,0.308600,14
CTD_CP_H,20250809T081503,934.01,8.8549,35.3930,28,0.308644,14
CTD_CP_H,20250809T081504,936.03,8.8505,35.3942,28,0.308687,14
CTD_CP_H,20250809T081504,938.00,8.8439,35.3941,26,0.308724,13
CTD_CP_H,20250809T081504,940.00,8.8368,35.3940,28,0.308764,14
CTD_CP_H,20250809T081504,942.04,8.8326,35.3936,26,0.308812,13
CTD_CP_H,20250809T081504,944.03,8.8138,35.3915,26,0.308847,13
CTD_CP_H,20250809T081504,946.04,8.7950,35.3889,26,0.308883,13
CTD_CP_H,20250809T081504,948.02,8.7853,35.3875,25,0.308925,12
CTD_CP_H,20250809T081504,950.02,8.7672,35.3854,26,0.308968,13
CTD_CP_H,20250809T081504,952.01,8.7418,35.3832,24,0.308999,12
CTD_CP_H,20250809T081504,954.00,8.7343,35.3827,25,0.309035,13
CTD_CP_H,20250809T081504,955.99,8.7204,35.3816,24,0.309076,12
CTD_CP_H,20250809T081504,957.98,8.7049,35.3797,24,0.309112,12
CTD_CP_H,20250809T081504,960.00,8.6923,35.3785,24,0.309149,12
CTD_CP_H,20250809T081504,962.03,8.6896,35.3779,24,0.309185,12
CTD_CP_H,20250809T081505,964.01,8.6815,35.3768,23,0.309214,11
CTD_CP_H,20250809T081505,965.99,8.6667,35.3751,24,0.309256,12
CTD_CP_H,20250809T081505,968.01,8.6446,35.3727,23,0.309292,12
CTD_CP_H,20250809T081505,970.00,8.6238,35.3705,23,0.309326,11
CTD_CP_H,20250809T081505,971.98,8.6092,35.3688,22,0.309358,11
CTD_CP_H,20250809T081505,974.01,8.5948,35.3670,24,0.309393,12
CTD_CP_H,20250809T081505,976.03,8.5621,35.3642,22,0.309429,11
CTD_CP_H,20250809T081505,978.00,8.5441,35.3625,23,0.309462,12
CTD_CP_H,20250809T081505,979.97,8.5434,35.3627,22,0.309496,11
CTD_CP_H,20250809T081505,981.99,8.5429,35.3630,23,0.309530,11
CTD_CP_H,20250809T081505,983.99,8.5458,35.3647,21,0.309562,11
CTD_CP_H,20250809T081505,985.95,8.5368,35.3648,22,0.309594,11
CTD_CP_H,20250809T081505,987.99,8.5234,35.3629,22,0.309630,11
CTD_CP_H,20250809T081506,990.02,8.5145,35.3617,22,0.309658,11
CTD_CP_H,20250809T081506,992.00,8.5019,35.3601,21,0.309695,10
CTD_CP_H,20250809T081506,994.01,8.4888,35.3579,22,0.309727,11
CTD_CP_H,20250809T081506,996.03,8.4695,35.3562,21,0.309759,11
CTD_CP_H,20250809T081506,998.01,8.4462,35.3533,21,0.309791,10
CTD_CP_H,20250809T081506,1000.00,8.4358,35.3516,21,0.309816,11
CTD_CP_H,20250809T081506,1002.00,8.4272,35.3505,21,0.309848,10
CTD_CP_H,20250809T081506,1004.01,8.4060,35.3476,21,0.309884,11
CTD_CP_H,20250809T081506,1006.02,8.3814,35.3454,21,0.309909,10
CTD_CP_H,20250809T081506,1008.00,8.3643,35.3434,20,0.309940,10
CTD_CP_H,20250809T081506,1009.97,8.3598,35.3427,21,0.309966,11
CTD_CP_H,20250809T081506,1012.00,8.3539,35.3414,21,0.310001,10
CTD_CP_H,20250809T081506,1014.04,8.3353,35.3400,21,0.310032,11
CTD_CP_H,20250809T081506,1016.02,8.3224,35.3386,20,0.310059,10
CTD_CP_H,20250809T081507,1018.00,8.3140,35.3383,21,0.310081,10
CTD_CP_H,20250809T081507,1019.99,8.2987,35.3369,20,0.310113,10
CTD_CP_H,20250809T081507,1021.99,8.2807,35.3354,21,0.310140,11
CTD_CP_H,20250809T081507,1024.01,8.2688,35.3342,20,0.310177,10
CTD_CP_H,20250809T081507,1025.97,8.2593,35.3331,20,0.310201,10
CTD_CP_H,20250809T081507,1027.95,8.2510,35.3323,20,0.310224,10
CTD_CP_H,20250809T081507,1029.98,8.2404,35.3318,21,0.310258,10
CTD_CP_H,20250809T081507,1032.00,8.2266,35.3303,20,0.310280,10
CTD_CP_H,20250809T081507,1034.03,8.2057,35.3290,21,0.310315,11
CTD_CP_H,20250809T081507,1036.05,8.2006,35.3282,20,0.310347,10
CTD_CP_H,20250809T081507,1038.03,8.1842,35.3268,20,0.310368,10
CTD_CP_H,20250809T081507,1040.01,8.1740,35.3257,20,0.310393,10
CTD_CP_H,20250809T081507,1041.99,8.1644,35.3247,20,0.310420,10
CTD_CP_H,20250809T081507,1043.96,8.1547,35.3238,20,0.310447,10
CTD_CP_H,20250809T081508,1045.98,8.1445,35.3225,21,0.310481,10
CTD_CP_H,20250809T081508,1047.99,8.1279,35.3206,20,0.310506,10
CTD_CP_H,20250809T081508,1050.00,8.1024,35.3189,21,0.310528,11
CTD_CP_H,20250809T081508,1052.03,8.0864,35.3172,22,0.310558,11
CTD_CP_H,20250809T081508,1054.01,8.0773,35.3162,25,0.310589,12
CTD_CP_H,20250809T081508,1055.98,8.0650,35.3157,26,0.310626,13
CTD_CP_H,20250809T081508,1058.00,8.0593,35.3162,27,0.310663,14
CTD_CP_H,20250809T081508,1060.01,8.0541,35.3162,26,0.310699,13
CTD_CP_H,20250809T081508,1061.98,8.0481,35.3159,26,0.310735,13
CTD_CP_H,20250809T081508,1064.00,8.0425,35.3153,27,0.310775,13
CTD_CP_H,20250809T081508,1066.01,8.0338,35.3143,26,0.310810,13
CTD_CP_H,20250809T081508,1068.01,8.0170,35.3127,27,0.310847,14
CTD_CP_H,20250809T081508,1070.01,7.9906,35.3100,26,0.310881,13
CTD_CP_H,20250809T081509,1071.99,7.9873,35.3093,26,0.310923,13
CTD_CP_H,20250809T081509,1073.99,7.9789,35.3078,27,0.310959,13
CTD_CP_H,20250809T081509,1076.00,7.9504,35.3052,26,0.310995,13
CTD_CP_H,20250809T081509,1077.98,7.9395,35.3036,26,0.311029,13
CTD_CP_H,20250809T081509,1079.99,7.9261,35.3021,27,0.311068,14
CTD_CP_H,20250809T081509,1081.99,7.9090,35.3005,26,0.311107,13
CTD_CP_H,20250809T081509,1083.99,7.9000,35.2993,27,0.311142,13
CTD_CP_H,20250809T081509,1086.00,7.8910,35.2983,26,0.311183,13
CTD_CP_H,20250809T081509,1087.98,7.8812,35.2974,26,0.311215,13
CTD_CP_H,20250809T081509,1089.98,7.8627,35.2958,26,0.311258,13
CTD_CP_H,20250809T081509,1091.98,7.8466,35.2941,26,0.311293,13
CTD_CP_H,20250809T081509,1093.98,7.8363,35.2929,26,0.311330,13
CTD_CP_H,20250809T081509,1095.97,7.8255,35.2920,26,0.311368,13
CTD_CP_H,20250809T081509,1097.99,7.8215,35.2913,26,0.311414,13
CTD_CP_H,20250809T081510,1100.00,7.8079,35.2902,26,0.311448,13
CTD_CP_H,20250809T081510,1102.01,7.7911,35.2888,26,0.311485,13
CTD_CP_H,20250809T081510,1104.00,7.7868,35.2884,25,0.311528,13
CTD_CP_H,20250809T081510,1105.98,7.7815,35.2879,26,0.311575,13
CTD_CP_H,20250809T081510,1108.02,7.7780,35.2876,26,0.311612,13
CTD_CP_H,20250809T081510,1110.02,7.7720,35.2872,25,0.311648,12
CTD_CP_H,20250809T081510,1111.98,7.7582,35.2860,25,0.311693,13
CTD_CP_H,20250809T081510,1113.99,7.7500,35.2849,26,0.311735,13
CTD_CP_H,20250809T081510,1116.00,7.7347,35.2832,25,0.311766,12
CTD_CP_H,20250809T081510,1117.98,7.7210,35.2820,25,0.311808,13
CTD_CP_H,20250809T081510,1119.99,7.7142,35.2812,26,0.311853,13
CTD_CP_H,20250809T081510,1122.02,7.6994,35.2795,25,0.311891,12
CTD_CP_H,20250809T081510,1124.03,7.6716,35.2768,25,0.311922,13
CTD_CP_H,20250809T081510,1126.02,7.6567,35.2748,25,0.311953,12
CTD_CP_H,20250809T081511,1128.03,7.6346,35.2722,25,0.311995,13
CTD_CP_H,20250809T081511,1130.01,7.6087,35.2692,24,0.312035,12
CTD_CP_H,20250809T081511,1132.00,7.5826,35.2659,25,0.312065,12
CTD_CP_H,20250809T081511,1133.99,7.5646,35.2637,24,0.312095,12
CTD_CP_H,20250809T081511,1135.98,7.5432,35.2605,25,0.312129,13
CTD_CP_H,20250809T081511,1137.99,7.5120,35.2568,24,0.312164,12
CTD_CP_H,20250809T081511,1139.98,7.4859,35.2532,24,0.312201,12
CTD_CP_H,20250809T081511,1141.98,7.4640,35.2509,24,0.312225,12
CTD_CP_H,20250809T081511,1144.00,7.4535,35.2494,25,0.312258,12
CTD_CP_H,20250809T081511,1146.02,7.4428,35.2483,24,0.312290,12
CTD_CP_H,20250809T081511,1147.99,7.4299,35.2466,23,0.312324,12
CTD_CP_H,20250809T081511,1149.97,7.4174,35.2453,24,0.312351,12
CTD_CP_H,20250809T081511,1152.00,7.4069,35.2443,24,0.312382,12
CTD_CP_H,20250809T081512,1154.02,7.3956,35.2427,24,0.312410,12
CTD_CP_H,20250809T081512,1156.01,7.3818,35.2413,23,0.312448,11
CTD_CP_H,20250809T081512,1158.01,7.3671,35.2396,24,0.312473,12
CTD_CP_H,20250809T081512,1160.02,7.3545,35.2380,23,0.312501,12
CTD_CP_H,20250809T081512,1161.99,7.3410,35.2367,23,0.312525,11
CTD_CP_H,20250809T081512,1163.98,7.3159,35.2343,23,0.312555,12
CTD_CP_H,20250809T081512,1165.99,7.2967,35.2323,23,0.312589,11
CTD_CP_H,20250809T081512,1167.99,7.2784,35.2305,23,0.312612,12
CTD_CP_H,20250809T081512,1169.99,7.2707,35.2297,23,0.312642,11
CTD_CP_H,20250809T081512,1171.97,7.2669,35.2293,23,0.312669,12
CTD_CP_H,20250809T081512,1173.97,7.2588,35.2285,23,0.312696,11
CTD_CP_H,20250809T081512,1175.97,7.2460,35.2272,23,0.312722,12
CTD_CP_H,20250809T081512,1178.00,7.2296,35.2248,24,0.312756,12
CTD_CP_H,20250809T081512,1180.04,7.2077,35.2233,24,0.312787,12
CTD_CP_H,20250809T081513,1182.06,7.1990,35.2228,28,0.312814,14
CTD_CP_H,20250809T081513,1184.02,7.1874,35.2219,31,0.312848,15
CTD_CP_H,20250809T081513,1186.01,7.1791,35.2205,30,0.312886,15
CTD_CP_H,20250809T081513,1187.99,7.1731,35.2204,30,0.312927,15
CTD_CP_H,20250809T081513,1189.99,7.1613,35.2198,30,0.312966,15
CTD_CP_H,20250809T081513,1192.01,7.1456,35.2183,30,0.312997,15
CTD_CP_H,20250809T081513,1194.00,7.1394,35.2175,29,0.313034,15
CTD_CP_H,20250809T081513,1196.01,7.1242,35.2161,30,0.313081,15
CTD_CP_H,20250809T081513,1198.01,7.1162,35.2150,28,0.313112,14
CTD_CP_H,20250809T081513,1200.00,7.0955,35.2128,29,0.313146,14
CTD_CP_H,20250809T081513,1202.02,7.0859,35.2114,28,0.313176,14
CTD_CP_H,20250809T081513,1204.00,7.0833,35.2111,28,0.313220,14
CTD_CP_H,20250809T081513,1206.00,7.0685,35.2094,28,0.313256,14
CTD_CP_H,20250809T081513,1207.98,7.0360,35.2057,27,0.313288,14
CTD_CP_H,20250809T081514,1209.99,7.0270,35.2048,28,0.313317,14
CTD_CP_H,20250809T081514,1212.02,7.0090,35.2032,27,0.313357,13
CTD_CP_H,20250809T081514,1214.01,7.0010,35.2023,27,0.313395,14
CTD_CP_H,20250809T081514,1216.00,6.9898,35.2011,27,0.313425,13
CTD_CP_H,20250809T081514,1218.00,6.9789,35.1996,27,0.313461,14
CTD_CP_H,20250809T081514,1220.02,6.9701,35.1989,27,0.313496,13
CTD_CP_H,20250809T081514,1222.02,6.9625,35.1981,26,0.313531,13
CTD_CP_H,20250809T081514,1224.00,6.9542,35.1973,26,0.313569,13
CTD_CP_H,20250809T081514,1225.99,6.9476,35.1966,26,0.313598,13
CTD_CP_H,20250809T081514,1228.00,6.9385,35.1956,26,0.313632,13
CTD_CP_H,20250809T081514,1230.02,6.9295,35.1945,26,0.313674,13
CTD_CP_H,20250809T081514,1232.02,6.9185,35.1934,26,0.313713,13
CTD_CP_H,20250809T081514,1234.01,6.9107,35.1923,25,0.313739,13
CTD_CP_H,20250809T081515,1236.00,6.8962,35.1908,26,0.313769,13
CTD_CP_H,20250809T081515,1238.00,6.8853,35.1896,25,0.313808,12
CTD_CP_H,20250809T081515,1240.01,6.8739,35.1882,26,0.313846,13
CTD_CP_H,20250809T081515,1242.03,6.8651,35.1871,25,0.313881,13
CTD_CP_H,20250809T081515,1244.04,6.8443,35.1858,26,0.313906,13
CTD_CP_H,20250809T081515,1246.05,6.8306,35.1845,25,0.313945,12
CTD_CP_H,20250809T081515,1248.03,6.8231,35.1828,25,0.313980,13
CTD_CP_H,20250809T081515,1250.02,6.8092,35.1819,25,0.314017,12
CTD_CP_H,20250809T081515,1252.04,6.7939,35.1802,25,0.314047,13
CTD_CP_H,20250809T081515,1254.00,6.7798,35.1787,24,0.314074,12
CTD_CP_H,20250809T081515,1255.97,6.7590,35.1769,25,0.314112,12
CTD_CP_H,20250809T081515,1257.99,6.7514,35.1757,25,0.314150,13
CTD_CP_H,20250809T081515,1259.99,6.7448,35.1749,24,0.314181,12
CTD_CP_H,20250809T081515,1261.99,6.7350,35.1740,25,0.314208,12
CTD_CP_H,20250809T081516,1264.00,6.7203,35.1724,24,0.314234,12
CTD_CP_H,20250809T081516,1265.97,6.7015,35.1706,24,0.314277,12
CTD_CP_H,20250809T081516,1267.99,6.6897,35.1694,25,0.314312,13
CTD_CP_H,20250809T081516,1270.01,6.6797,35.1683,24,0.314340,12
CTD_CP_H,20250809T081516,1271.98,6.6642,35.1669,24,0.314374,12
CTD_CP_H,20250809T081516,1274.00,6.6582,35.1662,25,0.314404,12
CTD_CP_H,20250809T081516,1275.99,6.6522,35.1653,23,0.314445,12
CTD_CP_H,20250809T081516,1277.95,6.6411,35.1641,24,0.314476,12
CTD_CP_H,20250809T081516,1279.95,6.6261,35.1628,24,0.314508,12
CTD_CP_H,20250809T081516,1281.98,6.6128,35.1615,25,0.314543,12
CTD_CP_H,20250809T081516,1284.02,6.5990,35.1602,24,0.314575,12
CTD_CP_H,20250809T081516,1286.03,6.5875,35.1590,24,0.314612,12
CTD_CP_H,20250809T081516,1288.01,6.5770,35.1581,23,0.314642,12
CTD_CP_H,20250809T081516,1290.01,6.5700,35.1573,25,0.314680,12
CTD_CP_H,20250809T081517,1292.06,6.5630,35.1568,24,0.314716,12
CTD_CP_H,20250809T081517,1294.02,6.5579,35.1560,23,0.314750,12
CTD_CP_H,20250809T081517,1295.98,6.5543,35.1553,24,0.314786,12
CTD_CP_H,20250809T081517,1297.99,6.5424,35.1541,24,0.314818,12
CTD_CP_H,20250809T081517,1299.99,6.5238,35.1525,24,0.314849,12
CTD_CP_H,20250809T081517,1301.98,6.5141,35.1516,24,0.314893,12
CTD_CP_H,20250809T081517,1304.00,6.5056,35.1505,25,0.314927,12
CTD_CP_H,20250809T081517,1306.03,6.4994,35.1499,24,0.314960,12
CTD_CP_H,20250809T081517,1308.00,6.4903,35.1489,24,0.314994,12
CTD_CP_H,20250809T081517,1309.98,6.4791,35.1478,24,0.315034,12
CTD_CP_H,20250809T081517,1312.01,6.4658,35.1463,25,0.315076,13
CTD_CP_H,20250809T081517,1314.05,6.4566,35.1452,24,0.315107,12
CTD_CP_H,20250809T081517,1316.00,6.4473,35.1445,23,0.315140,11
CTD_CP_H,20250809T081517,1317.98,6.4350,35.1431,25,0.315172,13
CTD_CP_H,20250809T081518,1320.01,6.4116,35.1411,24,0.315213,12
CTD_CP_H,20250809T081518,1321.99,6.3969,35.1392,24,0.315247,12
CTD_CP_H,20250809T081518,1324.00,6.3777,35.1375,25,0.315278,12
CTD_CP_H,20250809T081518,1326.02,6.3593,35.1354,24,0.315307,12
CTD_CP_H,20250809T081518,1328.02,6.3414,35.1334,24,0.315347,12
CTD_CP_H,20250809T081518,1330.02,6.3170,35.1312,24,0.315381,12
CTD_CP_H,20250809T081518,1332.03,6.2925,35.1289,24,0.315407,12
CTD_CP_H,20250809T081518,1334.01,6.2676,35.1268,24,0.315435,12
CTD_CP_H,20250809T081518,1336.01,6.2545,35.1255,24,0.315468,12
CTD_CP_H,20250809T081518,1338.00,6.2380,35.1240,24,0.315506,12
CTD_CP_H,20250809T081518,1340.00,6.2286,35.1229,24,0.315540,12
CTD_CP_H,20250809T081518,1342.02,6.2226,35.1222,24,0.315568,12
CTD_CP_H,20250809T081518,1344.00,6.2112,35.1213,23,0.315596,12
CTD_CP_H,20250809T081519,1346.00,6.1993,35.1200,24,0.315631,12
CTD_CP_H,20250809T081519,1347.99,6.1836,35.1186,23,0.315667,11
CTD_CP_H,20250809T081519,1349.99,6.1636,35.1166,24,0.315699,12
CTD_CP_H,20250809T081519,1352.02,6.1520,35.1154,23,0.315725,12
CTD_CP_H,20250809T081519,1354.01,6.1424,35.1145,23,0.315755,11
CTD_CP_H,20250809T081519,1356.00,6.1377,35.1138,23,0.315787,12
CTD_CP_H,20250809T081519,1358.01,6.1249,35.1131,24,0.315831,12
CTD_CP_H,20250809T081519,1360.03,6.1194,35.1121,23,0.315856,11
CTD_CP_H,20250809T081519,1362.03,6.1146,35.1116,23,0.315885,12
CTD_CP_H,20250809T081519,1364.01,6.1025,35.1103,23,0.315908,11
CTD_CP_H,20250809T081519,1365.99,6.0918,35.1094,23,0.315950,12
CTD_CP_H,20250809T081519,1367.99,6.0774,35.1084,23,0.315983,11
CTD_CP_H,20250809T081519,1370.00,6.0644,35.1069,23,0.316010,12
CTD_CP_H,20250809T081519,1372.02,6.0477,35.1055,23,0.316038,11
CTD_CP_H,20250809T081520,1374.04,6.0368,35.1040,23,0.316065,12
CTD_CP_H,20250809T081520,1376.01,6.0133,35.1020,22,0.316105,11
CTD_CP_H,20250809T081520,1377.99,5.9975,35.1003,23,0.316131,11
CTD_CP_H,20250809T081520,1380.00,5.9933,35.0995,23,0.316163,12
CTD_CP_H,20250809T081520,1381.99,5.9804,35.0985,22,0.316189,11
CTD_CP_H,20250809T081520,1383.99,5.9603,35.0964,23,0.316217,11
CTD_CP_H,20250809T081520,1386.01,5.9454,35.0954,22,0.316246,11
CTD_CP_H,20250809T081520,1388.00,5.9404,35.0948,22,0.316284,11
CTD_CP_H,20250809T081520,1389.99,5.9338,35.0944,22,0.316311,11
CTD_CP_H,20250809T081520,1391.98,5.9246,35.0932,22,0.316338,11
CTD_CP_H,20250809T081520,1393.98,5.9146,35.0926,22,0.316366,11
CTD_CP_H,20250809T081520,1396.02,5.9072,35.0918,23,0.316398,12
CTD_CP_H,20250809T081520,1398.01,5.9043,35.0913,21,0.316429,10
CTD_CP_H,20250809T081520,1399.98,5.8883,35.0900,22,0.316456,11
CTD_CP_H,20250809T081521,1402.00,5.8718,35.0887,22,0.316483,11
CTD_CP_H,20250809T081521,1403.98,5.8665,35.0881,21,0.316511,11
CTD_CP_H,20250809T081521,1405.99,5.8539,35.0866,22,0.316542,11
CTD_CP_H,20250809T081521,1408.02,5.8416,35.0859,21,0.316573,10
CTD_CP_H,20250809T081521,1410.00,5.8251,35.0845,21,0.316601,11
CTD_CP_H,20250809T081521,1411.98,5.8183,35.0835,21,0.316625,10
CTD_CP_H,20250809T081521,1413.96,5.8152,35.0834,21,0.316654,11
CTD_CP_H,20250809T081521,1416.00,5.8046,35.0821,22,0.316682,11
CTD_CP_H,20250809T081521,1417.99,5.7902,35.0808,20,0.316713,10
CTD_CP_H,20250809T081521,1419.98,5.7830,35.0798,22,0.316740,11
CTD_CP_H,20250809T081521,1421.98,5.7726,35.0793,20,0.316765,10
CTD_CP_H,20250809T081521,1423.98,5.7575,35.0781,22,0.316789,11
CTD_CP_H,20250809T081521,1426.03,5.7428,35.0765,21,0.316817,10
CTD_CP_H,20250809T081522,1428.01,5.7345,35.0753,20,0.316837,10
CTD_CP_H,20250809T081522,1430.00,5.7141,35.0736,21,0.316871,11
CTD_CP_H,20250809T081522,1432.01,5.6990,35.0718,20,0.316894,10
CTD_CP_H,20250809T081522,1433.99,5.6704,35.0699,21,0.316917,10
CTD_CP_H,20250809T081522,1436.01,5.6594,35.0686,21,0.316940,11
CTD_CP_H,20250809T081522,1438.00,5.6493,35.0678,21,0.316963,10
CTD_CP_H,20250809T081522,1439.99,5.6407,35.0671,24,0.316994,12
CTD_CP_H,20250809T081522,1441.98,5.6292,35.0664,26,0.317025,13
CTD_CP_H,20250809T081522,1444.00,5.6112,35.0652,26,0.317053,13
CTD_CP_H,20250809T081522,1446.02,5.6023,35.0639,26,0.317086,13
CTD_CP_H,20250809T081522,1447.99,5.5942,35.0635,25,0.317116,13
CTD_CP_H,20250809T081522,1449.98,5.5803,35.0622,26,0.317149,13
CTD_CP_H,20250809T081522,1451.97,5.5659,35.0611,25,0.317181,12
CTD_CP_H,20250809T081522,1453.99,5.5555,35.0604,27,0.317220,14
CTD_CP_H,20250809T081523,1456.02,5.5448,35.0594,25,0.317247,12
CTD_CP_H,20250809T081523,1457.98,5.5394,35.0589,25,0.317277,13
CTD_CP_H,20250809T081523,1459.97,5.5261,35.0577,26,0.317304,13
CTD_CP_H,20250809T081523,1461.98,5.5178,35.0572,26,0.317345,13
CTD_CP_H,20250809T081523,1463.99,5.5142,35.0570,26,0.317379,13
CTD_CP_H,20250809T081523,1466.01,5.5065,35.0563,26,0.317405,13
CTD_CP_H,20250809T081523,1468.03,5.4961,35.0552,26,0.317434,13
CTD_CP_H,20250809T081523,1470.01,5.4848,35.0538,25,0.317476,12
CTD_CP_H,20250809T081523,1472.01,5.4701,35.0528,26,0.317504,13
CTD_CP_H,20250809T081523,1474.00,5.4553,35.0512,25,0.317537,13
CTD_CP_H,20250809T081523,1475.97,5.4388,35.0501,26,0.317568,13
CTD_CP_H,20250809T081523,1477.99,5.4296,35.0494,26,0.317600,13
CTD_CP_H,20250809T081523,1480.00,5.4179,35.0485,25,0.317635,12
CTD_CP_H,20250809T081523,1481.96,5.4054,35.0475,25,0.317670,13
CTD_CP_H,20250809T081524,1483.98,5.3984,35.0466,26,0.317704,13
CTD_CP_H,20250809T081524,1486.02,5.3870,35.0454,26,0.317734,13
CTD_CP_H,20250809T081524,1488.01,5.3787,35.0447,25,0.317768,12
CTD_CP_H,20250809T081524,1489.98,5.3714,35.0439,26,0.317806,13
CTD_CP_H,20250809T081524,1491.99,5.3660,35.0431,26,0.317839,13
CTD_CP_H,20250809T081524,1493.99,5.3475,35.0415,25,0.317867,13
CTD_CP_H,20250809T081524,1495.97,5.3343,35.0401,25,0.317895,12
CTD_CP_H,20250809T081524,1497.96,5.3080,35.0386,25,0.317932,13
CTD_CP_H,20250809T081524,1499.98,5.2978,35.0375,26,0.317968,13
CTD_CP_H,20250809T081524,1502.01,5.2900,35.0365,25,0.318002,12
CTD_CP_H,20250809T081524,1504.00,5.2803,35.0359,25,0.318027,13
CTD_CP_H,20250809T081524,1506.01,5.2738,35.0353,25,0.318054,12
CTD_CP_H,20250809T081524,1508.03,5.2641,35.0341,25,0.318096,13
CTD_CP_H,20250809T081524,1510.01,5.2518,35.0331,24,0.318128,12
CTD_CP_H,20250809T081525,1512.00,5.2468,35.0321,25,0.318154,12
CTD_CP_H,20250809T081525,1513.98,5.2253,35.0301,24,0.318184,12
CTD_CP_H,20250809T081525,1515.96,5.1904,35.0273,25,0.318210,13
CTD_CP_H,20250809T081525,1517.99,5.1782,35.0255,25,0.318244,12
CTD_CP_H,20250809T081525,1520.00,5.1659,35.0241,25,0.318277,13
CTD_CP_H,20250809T081525,1522.00,5.1494,35.0219,24,0.318310,12
CTD_CP_H,20250809T081525,1523.99,5.1383,35.0208,25,0.318335,12
CTD_CP_H,20250809T081525,1526.00,5.1161,35.0189,24,0.318361,12
CTD_CP_H,20250809T081525,1527.98,5.1065,35.0177,24,0.318391,12
CTD_CP_H,20250809T081525,1529.97,5.1029,35.0176,24,0.318417,12
CTD_CP_H,20250809T081525,1531.99,5.0899,35.0161,25,0.318450,13
CTD_CP_H,20250809T081525,1534.05,5.0701,35.0146,25,0.318473,12
CTD_CP_H,20250809T081525,1536.05,5.0513,35.0125,24,0.318502,12
CTD_CP_H,20250809T081526,1538.02,5.0338,35.0112,24,0.318525,12
CTD_CP_H,20250809T081526,1540.03,5.0231,35.0098,25,0.318557,13
CTD_CP_H,20250809T081526,1542.01,5.0068,35.0084,23,0.318584,11
CTD_CP_H,20250809T081526,1543.97,4.9950,35.0072,25,0.318612,13
CTD_CP_H,20250809T081526,1546.01,4.9859,35.0065,24,0.318633,12
CTD_CP_H,20250809T081526,1548.01,4.9799,35.0061,24,0.318662,12
CTD_CP_H,20250809T081526,1550.01,4.9757,35.0055,24,0.318699,12
CTD_CP_H,20250809T081526,1552.01,4.9686,35.0047,24,0.318723,12
CTD_CP_H,20250809T081526,1554.02,4.9649,35.0041,24,0.318750,12
CTD_CP_H,20250809T081526,1556.02,4.9562,35.0034,23,0.318769,11
CTD_CP_H,20250809T081526,1557.97,4.9487,35.0023,23,0.318792,12
CTD_CP_H,20250809T081526,1559.97,4.9276,35.0004,24,0.318815,12
CTD_CP_H,20250809T081526,1561.97,4.8999,34.9982,23,0.318847,11
CTD_CP_H,20250809T081526,1563.96,4.8859,34.9965,23,0.318874,12
CTD_CP_H,20250809T081527,1565.99,4.8700,34.9950,24,0.318896,12
CTD_CP_H,20250809T081527,1568.02,4.8508,34.9933,24,0.318916,12
CTD_CP_H,20250809T081527,1570.03,4.8344,34.9920,29,0.318939,14
CTD_CP_H,20250809T081527,1572.02,4.8288,34.9914,31,0.318970,16
CTD_CP_H,20250809T081527,1573.98,4.8132,34.9901,30,0.319007,15
CTD_CP_H,20250809T081527,1575.98,4.8012,34.9891,31,0.319037,15
CTD_CP_H,20250809T081527,1577.99,4.7902,34.9880,30,0.319063,15
CTD_CP_H,20250809T081527,1580.02,4.7820,34.9870,31,0.319088,16
CTD_CP_H,20250809T081527,1582.04,4.7632,34.9856,30,0.319124,15
CTD_CP_H,20250809T081527,1584.02,4.7437,34.9842,29,0.319156,14
CTD_CP_H,20250809T081527,1586.00,4.7373,34.9833,30,0.319184,15
CTD_CP_H,20250809T081527,1587.99,4.7239,34.9823,29,0.319210,15
CTD_CP_H,20250809T081527,1589.97,4.7169,34.9813,29,0.319236,14
CTD_CP_H,20250809T081527,1591.97,4.7037,34.9803,29,0.319261,15
CTD_CP_H,20250809T081528,1594.00,4.6900,34.9790,29,0.319294,14
CTD_CP_H,20250809T081528,1596.01,4.6775,34.9781,28,0.319325,14
CTD_CP_H,20250809T081528,1598.00,4.6687,34.9771,28,0.319355,14
CTD_CP_H,20250809T081528,1600.00,4.6555,34.9761,28,0.319379,14
CTD_CP_H,20250809T081528,1602.01,4.6498,34.9756,28,0.319407,14
CTD_CP_H,20250809T081528,1604.01,4.6480,34.9753,27,0.319433,14
CTD_CP_H,20250809T081528,1605.99,4.6440,34.9748,27,0.319467,13
CTD_CP_H,20250809T081528,1607.96,4.6336,34.9739,27,0.319491,14
CTD_CP_H,20250809T081528,1609.99,4.6266,34.9731,28,0.319523,14
CTD_CP_H,20250809T081528,1612.01,4.6198,34.9723,26,0.319546,13
CTD_CP_H,20250809T081528,1614.01,4.5962,34.9703,27,0.319572,13
CTD_CP_H,20250809T081528,1616.02,4.5830,34.9690,26,0.319600,13
CTD_CP_H,20250809T081528,1618.01,4.5710,34.9681,26,0.319629,13
CTD_CP_H,20250809T081529,1619.98,4.5645,34.9674,25,0.319652,13
CTD_CP_H,20250809T081529,1621.97,4.5512,34.9663,26,0.319679,13
CTD_CP_H,20250809T081529,1623.99,4.5410,34.9655,26,0.319703,13
CTD_CP_H,20250809T081529,1626.00,4.5307,34.9645,25,0.319728,12
CTD_CP_H,20250809T081529,1628.00,4.5255,34.9641,26,0.319755,13
CTD_CP_H,20250809T081529,1630.01,4.5217,34.9636,25,0.319783,13
CTD_CP_H,20250809T081529,1632.02,4.5101,34.9623,25,0.319804,12
CTD_CP_H,20250809T081529,1634.01,4.4949,34.9612,24,0.319830,12
CTD_CP_H,20250809T081529,1635.98,4.4903,34.9610,24,0.319851,12
CTD_CP_H,20250809T081529,1637.99,4.4857,34.9601,25,0.319878,13
CTD_CP_H,20250809T081529,1640.01,4.4744,34.9593,24,0.319899,12
CTD_CP_H,20250809T081529,1641.99,4.4644,34.9582,24,0.319926,12
CTD_CP_H,20250809T081529,1643.99,4.4476,34.9567,24,0.319949,12
CTD_CP_H,20250809T081529,1646.00,4.4338,34.9557,24,0.319972,12
CTD_CP_H,20250809T081530,1648.01,4.4185,34.9542,24,0.319993,12
CTD_CP_H,20250809T081530,1649.99,4.4100,34.9535,23,0.320010,11
CTD_CP_H,20250809T081530,1651.99,4.3995,34.9527,24,0.320033,12
CTD_CP_H,20250809T081530,1654.01,4.3894,34.9517,23,0.320061,12
CTD_CP_H,20250809T081530,1656.01,4.3850,34.9515,24,0.320087,12
CTD_CP_H,20250809T081530,1658.02,4.3796,34.9505,23,0.320106,11
CTD_CP_H,20250809T081530,1659.99,4.3583,34.9494,23,0.320128,12
CTD_CP_H,20250809T081530,1662.01,4.3540,34.9489,24,0.320151,12
CTD_CP_H,20250809T081530,1664.03,4.3526,34.9487,23,0.320168,11
CTD_CP_H,20250809T081530,1666.01,4.3458,34.9480,23,0.320189,12
CTD_CP_H,20250809T081530,1668.00,4.3388,34.9473,23,0.320219,11
CTD_CP_H,20250809T081530,1670.00,4.3292,34.9468,23,0.320241,12
CTD_CP_H,20250809T081530,1671.98,4.3219,34.9458,22,0.320263,11
CTD_CP_H,20250809T081530,1674.00,4.3150,34.9453,24,0.320278,12
CTD_CP_H,20250809T081531,1676.03,4.3091,34.9445,22,0.320298,11
CTD_CP_H,20250809T081531,1678.00,4.2954,34.9434,23,0.320318,11
CTD_CP_H,20250809T081531,1680.02,4.2778,34.9419,23,0.320340,12
CTD_CP_H,20250809T081531,1682.00,4.2678,34.9410,22,0.320365,11
CTD_CP_H,20250809T081531,1684.00,4.2605,34.9403,23,0.320387,11
CTD_CP_H,20250809T081531,1686.00,4.2533,34.9393,22,0.320405,11
CTD_CP_H,20250809T081531,1688.01,4.2424,34.9384,23,0.320425,12
CTD_CP_H,20250809T081531,1690.03,4.2318,34.9372,22,0.320446,11
CTD_CP_H,20250809T081531,1692.02,4.2182,34.9363,22,0.320457,11
CTD_CP_H,20250809T081531,1693.99,4.2110,34.9352,22,0.320483,11
CTD_CP_H,20250809T081531,1695.98,4.2075,34.9351,22,0.320500,11
CTD_CP_H,20250809T081531,1698.01,4.2021,34.9341,23,0.320527,11
CTD_CP_H,20250809T081531,1700.00,4.1966,34.9335,21,0.320543,11
CTD_CP_H,20250809T081532,1701.95,4.1871,34.9321,22,0.320564,11
CTD_CP_H,20250809T081532,1703.95,4.1674,34.9303,22,0.320578,11
CTD_CP_H,20250809T081532,1705.99,4.1519,34.9289,23,0.320596,11
CTD_CP_H,20250809T081532,1708.00,4.1430,34.9282,21,0.320612,11
CTD_CP_H,20250809T081532,1709.97,4.1293,34.9274,22,0.320634,11
CTD_CP_H,20250809T081532,1711.99,4.1248,34.9265,22,0.320650,11
CTD_CP_H,20250809T081532,1714.00,4.1196,34.9263,22,0.320670,11
CTD_CP_H,20250809T081532,1716.02,4.1108,34.9252,22,0.320693,11
CTD_CP_H,20250809T081532,1718.00,4.1018,34.9247,21,0.320712,10
CTD_CP_H,20250809T081532,1719.96,4.0992,34.9246,22,0.320728,11
CTD_CP_H,20250809T081532,1722.01,4.0977,34.9243,23,0.320744,12
CTD_CP_H,20250809T081532,1724.05,4.0961,34.9240,22,0.320762,11
CTD_CP_H,20250809T081532,1726.00,4.0937,34.9237,21,0.320774,10
CTD_CP_H,20250809T081532,1727.96,4.0894,34.9233,22,0.320797,11
CTD_CP_H,20250809T081533,1729.98,4.0791,34.9220,22,0.320810,11
CTD_CP_H,20250809T081533,1731.99,4.0648,34.9207,22,0.320832,11
CTD_CP_H,20250809T081533,1733.99,4.0503,34.9193,22,0.320850,11
CTD_CP_H,20250809T081533,1736.02,4.0323,34.9180,23,0.320865,12
CTD_CP_H,20250809T081533,1738.01,4.0145,34.9167,21,0.320877,10
CTD_CP_H,20250809T081533,1739.97,3.9925,34.9147,22,0.320893,11
CTD_CP_H,20250809T081533,1741.98,3.9769,34.9136,22,0.320905,11
CTD_CP_H,20250809T081533,1743.99,3.9679,34.9128,22,0.320919,11
CTD_CP_H,20250809T081533,1746.03,3.9653,34.9123,23,0.320935,12
CTD_CP_H,20250809T081533,1748.04,3.9521,34.9113,22,0.320950,11
CTD_CP_H,20250809T081533,1750.03,3.9444,34.9106,24,0.320967,12
CTD_CP_H,20250809T081533,1752.02,3.9422,34.9105,28,0.320990,14
CTD_CP_H,20250809T081533,1754.00,3.9391,34.9100,30,0.321008,15
CTD_CP_H,20250809T081533,1756.02,3.9347,34.9095,29,0.321031,14
CTD_CP_H,20250809T081534,1758.00,3.9283,34.9091,29,0.321049,15
CTD_CP_H,20250809T081534,1759.99,3.9151,34.9078,29,0.321073,14
CTD_CP_H,20250809T081534,1761.98,3.9097,34.9073,29,0.321093,15
CTD_CP_H,20250809T081534,1763.98,3.9051,34.9068,30,0.321107,15
CTD_CP_H,20250809T081534,1766.00,3.8963,34.9063,29,0.321131,14
CTD_CP_H,20250809T081534,1767.98,3.8901,34.9057,29,0.321153,15
CTD_CP_H,20250809T081534,1769.96,3.8811,34.9045,29,0.321179,14
CTD_CP_H,20250809T081534,1771.98,3.8696,34.9040,29,0.321198,15
CTD_CP_H,20250809T081534,1774.00,3.8606,34.9030,29,0.321216,14
CTD_CP_H,20250809T081534,1775.99,3.8552,34.9026,28,0.321236,14
CTD_CP_H,20250809T081534,1777.99,3.8452,34.9019,29,0.321257,15
CTD_CP_H,20250809T081534,1779.98,3.8366,34.9006,28,0.321269,14
CTD_CP_H,20250809T081534,1781.98,3.8266,34.8999,29,0.321296,14
CTD_CP_H,20250809T081535,1784.00,3.8147,34.8988,28,0.321319,14
CTD_CP_H,20250809T081535,1786.00,3.8113,34.8986,28,0.321339,14
CTD_CP_H,20250809T081535,1788.02,3.8075,34.8991,28,0.321355,14
CTD_CP_H,20250809T081535,1790.00,3.7995,34.8985,27,0.321375,14
CTD_CP_H,20250809T081535,1791.97,3.7919,34.8980,28,0.321393,14
CTD_CP_H,20250809T081535,1793.96,3.7884,34.8969,27,0.321416,13
CTD_CP_H,20250809T081535,1795.99,3.7784,34.8962,28,0.321435,14
CTD_CP_H,20250809T081535,1798.00,3.7697,34.8950,27,0.321459,14
CTD_CP_H,20250809T081535,1800.00,3.7638,34.8953,27,0.321478,13
CTD_CP_H,20250809T081535,1802.00,3.7599,34.8950,27,0.321502,14
CTD_CP_H,20250809T081535,1804.00,3.7535,34.8939,26,0.321519,13
CTD_CP_H,20250809T081535,1806.01,3.7465,34.8936,27,0.321539,13
CTD_CP_H,20250809T081535,1808.04,3.7435,34.8931,26,0.321559,13
CTD_CP_H,20250809T081535,1810.01,3.7402,34.8929,25,0.321581,13
CTD_CP_H,20250809T081536,1811.98,3.7375,34.8923,26,0.321603,13
CTD_CP_H,20250809T081536,1813.99,3.7284,34.8914,26,0.321623,13
CTD_CP_H,20250809T081536,1815.99,3.7146,34.8905,25,0.321648,12
CTD_CP_H,20250809T081536,1817.96,3.7072,34.8901,25,0.321663,13
CTD_CP_H,20250809T081536,1820.00,3.7066,34.8895,26,0.321686,13
CTD_CP_H,20250809T081536,1822.02,3.7047,34.8897,24,0.321706,12
CTD_CP_H,20250809T081536,1824.00,3.6947,34.8886,25,0.321723,12
CTD_CP_H,20250809T081536,1825.98,3.6869,34.8885,24,0.321741,12
CTD_CP_H,20250809T081536,1827.98,3.6827,34.8874,25,0.321768,13
CTD_CP_H,20250809T081536,1829.99,3.6752,34.8875,24,0.321792,12
CTD_CP_H,20250809T081536,1831.98,3.6704,34.8869,24,0.321810,12
CTD_CP_H,20250809T081536,1833.99,3.6623,34.8866,24,0.321827,12
CTD_CP_H,20250809T081536,1835.97,3.6586,34.8862,24,0.321846,12
CTD_CP_H,20250809T081536,1837.96,3.6511,34.8855,24,0.321865,12
CTD_CP_H,20250809T081537,1839.98,3.6374,34.8851,24,0.321891,12
CTD_CP_H,20250809T081537,1842.02,3.6295,34.8842,24,0.321913,12
CTD_CP_H,20250809T081537,1844.03,3.6245,34.8836,23,0.321936,11
CTD_CP_H,20250809T081537,1846.01,3.6205,34.8830,23,0.321958,12
CTD_CP_H,20250809T081537,1848.00,3.6101,34.8823,23,0.321974,11
CTD_CP_H,20250809T081537,1850.00,3.6071,34.8820,23,0.321992,12
CTD_CP_H,20250809T081537,1852.01,3.5983,34.8815,23,0.322013,11
CTD_CP_H,20250809T081537,1854.02,3.5910,34.8807,23,0.322031,12
CTD_CP_H,20250809T081537,1856.00,3.5872,34.8805,22,0.322060,11
CTD_CP_H,20250809T081537,1857.99,3.5830,34.8801,23,0.322083,11
CTD_CP_H,20250809T081537,1859.99,3.5777,34.8798,22,0.322105,11
CTD_CP_H,20250809T081537,1861.98,3.5723,34.8791,23,0.322128,12
CTD_CP_H,20250809T081537,1863.98,3.5652,34.8785,22,0.322147,11
CTD_CP_H,20250809T081537,1865.99,3.5596,34.8784,23,0.322169,11
CTD_CP_H,20250809T081538,1868.01,3.5552,34.8782,22,0.322201,11
CTD_CP_H,20250809T081538,1870.02,3.5504,34.8776,22,0.322222,11
CTD_CP_H,20250809T081538,1871.98,3.5480,34.8773,21,0.322251,11
CTD_CP_H,20250809T081538,1873.96,3.5425,34.8769,22,0.322273,11
CTD_CP_H,20250809T081538,1875.97,3.5361,34.8761,22,0.322291,11
CTD_CP_H,20250809T081538,1877.99,3.5331,34.8757,22,0.322316,11
CTD_CP_H,20250809T081538,1880.00,3.5253,34.8752,21,0.322341,10
CTD_CP_H,20250809T081538,1881.99,3.5218,34.8747,22,0.322367,11
CTD_CP_H,20250809T081538,1883.99,3.5134,34.8741,21,0.322396,11
CTD_CP_H,20250809T081538,1886.00,3.4988,34.8732,22,0.322420,11
CTD_CP_H,20250809T081538,1888.00,3.4961,34.8726,21,0.322443,10
CTD_CP_H,20250809T081538,1889.96,3.4904,34.8720,21,0.322472,11
CTD_CP_H,20250809T081538,1891.99,3.4792,34.8710,22,0.322495,11
CTD_CP_H,20250809T081539,1894.00,3.4723,34.8706,21,0.322524,10
CTD_CP_H,20250809T081539,1895.99,3.4648,34.8700,21,0.322554,11
CTD_CP_H,20250809T081539,1897.98,3.4593,34.8692,21,0.322579,10
CTD_CP_H,20250809T081539,1899.98,3.4457,34.8687,21,0.322607,11
CTD_CP_H,20250809T081539,1901.98,3.4416,34.8681,21,0.322631,10
CTD_CP_H,20250809T081539,1903.99,3.4399,34.8677,21,0.322668,11
CTD_CP_H,20250809T081539,1905.99,3.4337,34.8674,21,0.322698,10
CTD_CP_H,20250809T081539,1907.98,3.4225,34.8664,21,0.322732,11
CTD_CP_H,20250809T081539,1910.00,3.4134,34.8660,21,0.322758,10
CTD_CP_H,20250809T081539,1911.98,3.4072,34.8651,20,0.322783,10
CTD_CP_H,20250809T081539,1913.96,3.4039,34.8651,21,0.322825,11
CTD_CP_H,20250809T081539,1915.98,3.4008,34.8647,21,0.322858,10
CTD_CP_H,20250809T081539,1918.00,3.3929,34.8643,21,0.322890,11
CTD_CP_H,20250809T081539,1919.97,3.3883,34.8634,20,0.322923,10
CTD_CP_H,20250809T081540,1921.96,3.3743,34.8627,21,0.322958,10
CTD_CP_H,20250809T081540,1924.01,3.3679,34.8624,21,0.322998,11
CTD_CP_H,20250809T081540,1926.00,3.3639,34.8616,20,0.323033,10
CTD_CP_H,20250809T081540,1927.99,3.3599,34.8617,21,0.323069,10
CTD_CP_H,20250809T081540,1929.98,3.3516,34.8611,20,0.323104,10
CTD_CP_H,20250809T081540,1932.00,3.3514,34.8609,21,0.323155,11
CTD_CP_H,20250809T081540,1934.01,3.3509,34.8608,20,0.323191,10
CTD_CP_H,20250809T081540,1935.98,3.3492,34.8606,20,0.323228,10
CTD_CP_H,20250809T081540,1937.95,3.3476,34.8600,20,0.323275,10
CTD_CP_H,20250809T081540,1939.99,3.3339,34.8591,21,0.323318,10
CTD_CP_H,20250809T081540,1942.04,3.3223,34.8585,20,0.323356,10
CTD_CP_H,20250809T081540,1944.02,3.3158,34.8575,20,0.323400,10
CTD_CP_H,20250809T081540,1946.02,3.3098,34.8572,20,0.323451,10
CTD_CP_H,20250809T081540,1948.01,3.3019,34.8564,20,0.323497,10
CTD_CP_H,20250809T081541,1950.00,3.2945,34.8554,20,0.323534,10
CTD_CP_H,20250809T081541,1951.99,3.2865,34.8552,20,0.323589,10
CTD_CP_H,20250809T081541,1953.97,3.2811,34.8546,20,0.323638,10
CTD_CP_H,20250809T081541,1955.97,3.2712,34.8533,20,0.323683,10
CTD_CP_H,20250809T081541,1957.97,3.2609,34.8521,20,0.323743,10
CTD_CP_H,20250809T081541,1959.97,3.2522,34.8514,20,0.323793,10
CTD_CP_H,20250809T081541,1961.97,3.2422,34.8506,20,0.323841,10
CTD_CP_H,20250809T081541,1964.01,3.2364,34.8503,20,0.323903,10
CTD_CP_H,20250809T081541,1966.04,3.2261,34.8494,20,0.323953,10
CTD_CP_H,20250809T081541,1968.02,3.2184,34.8489,19,0.324005,10
CTD_CP_H,20250809T081541,1970.02,3.2171,34.8491,20,0.324073,10
CTD_CP_H,20250809T081541,1972.02,3.2145,34.8491,19,0.324122,9
CTD_CP_H,20250809T081541,1973.98,3.2056,34.8483,19,0.324172,10
CTD_CP_H,20250809T081542,1975.99,3.1909,34.8475,20,0.324234,10
CTD_CP_H,20250809T081542,1978.02,3.1836,34.8468,19,0.324282,9
CTD_CP_H,20250809T081542,1980.02,3.1823,34.8465,20,0.324332,10
CTD_CP_H,20250809T081542,1982.01,3.1778,34.8461,19,0.324395,10
CTD_CP_H,20250809T081542,1984.02,3.1696,34.8451,20,0.324432,10
CTD_CP_H,20250809T081542,1986.05,3.1564,34.8440,19,0.324473,9
CTD_CP_H,20250809T081542,1988.02,3.1490,34.8435,19,0.324519,10
CTD_CP_H,20250809T081542,1990.00,3.1474,34.8433,19,0.324515,9
CTD_CP_H,20250809T081542,1991.97,3.1413,34.8433,19,0.323682,10
CTD_CP_H,20250809T081542,1993.97,3.1371,34.8423,20,0.302048,3
CTD_CP_H,20250809T081542,1996.01,3.1307,34.8427,20,nan,0
CTD_CP_H,20250809T081542,1997.36,3.1258,34.8423,8,nan,0
GPS,20250809T081652,18.808397,62.841606,7
CTD_P,20250809T081654,-0.22
