Message,20250819T064148,Firmware: 07/21/23 18:56:40 2.17.4 STD IRID Final
Message,20250819T064148,Username: f10469
GPS,20250819T064148,18.719372,62.663246,8
GPS,20250819T065211,18.719719,62.664864,8
CTD_P,20250819T065213,-0.19
FLBB_CFG,20250819T065215,695,700
Message,20250819T065215,Park Descent Mission
CTD_P,20250819T065218,-0.12
CTD_P,20250819T065332,0.12
CTD_P,20250819T065434,-0.05
CTD_P,20250819T065536,0.24
CTD_P,20250819T065639,1.48
CTD_P,20250819T065741,2.33
CTD_P,20250819T065843,7.81
CTD_P,20250819T065945,16.51
CTD_P,20250819T070048,26.15
CTD_P,20250819T070150,35.94
CTD_P,20250819T070252,46.41
CTD_P,20250819T070301,48.07
CTD_P,20250819T070303,48.32
CTD_P,20250819T070403,58.61
CTD_P,20250819T080406,483.80
CTD_P,20250819T090409,761.39
CTD_P,20250819T095616,905.56
CTD_P,20250819T103111,959.74
CTD_P,20250819T105829,975.49
CTD_P,20250819T115832,987.99
CTD_P,20250819T115935,988.15
CTD_P,20250819T120038,988.29
CTD_P,20250819T120052,988.32
CTD_P,20250819T120154,988.93
CTD_P,20250819T122616,1011.17
Message,20250819T122619,Park Mission
CTD_P,20250819T122622,1011.24
CTD_PTSH,20250819T122644,1011.50,8.3552,35.3510,0.195394
CTD_P,20250819T122645,1011.53
CTD_P,20250819T132618,1022.75
CTD_PTSH,20250819T132641,1022.80,8.3089,35.3400,0.195376
CTD_P,20250819T132642,1022.76
CTD_P,20250819T142643,1026.80
CTD_PTSH,20250819T142706,1026.80,8.3169,35.3390,0.195397
CTD_P,20250819T142707,1026.74
CTD_P,20250819T152708,1030.07
CTD_PTSH,20250819T152731,1030.20,8.3047,35.3400,0.195335
CTD_P,20250819T152732,1030.20
CTD_P,20250819T162733,1032.58
CTD_PTSH,20250819T162756,1032.60,8.3191,35.3400,0.195153
CTD_P,20250819T162757,1032.56
CTD_P,20250819T172758,1009.43
CTD_PTSH,20250819T172821,1009.40,8.4678,35.3580,0.194941
CTD_P,20250819T172822,1009.36
CTD_P,20250819T182823,1011.38
CTD_PTSH,20250819T182846,1011.30,8.5139,35.3610,0.194820
CTD_P,20250819T182847,1011.30
CTD_P,20250819T192848,1012.86
CTD_PTSH,20250819T192911,1012.90,8.5547,35.3670,0.194769
CTD_P,20250819T192912,1012.88
CTD_P,20250819T202913,1012.62
CTD_PTSH,20250819T202936,1012.60,8.5607,35.3680,0.194819
CTD_P,20250819T202937,1012.60
CTD_P,20250819T212938,1012.93
CTD_PTSH,20250819T213001,1012.90,8.5646,35.3670,0.194851
CTD_P,20250819T213002,1012.91
CTD_P,20250819T223003,1010.78
CTD_PTSH,20250819T223026,1010.90,8.5488,35.3670,0.194782
CTD_P,20250819T223027,1010.90
CTD_P,20250819T233028,1009.73
CTD_PTSH,20250819T233051,1009.70,8.5152,35.3660,0.194830
CTD_P,20250819T233052,1009.72
CTD_P,20250820T003053,1008.29
CTD_PTSH,20250820T003116,1008.40,8.4857,35.3600,0.194787
CTD_P,20250820T003117,1008.36
CTD_P,20250820T013118,1006.89
CTD_PTSH,20250820T013141,1006.80,8.4434,35.3600,0.194785
CTD_P,20250820T013142,1006.84
CTD_P,20250820T023143,1008.00
CTD_PTSH,20250820T023206,1008.00,8.3688,35.3480,0.194823
CTD_P,20250820T023207,1007.99
CTD_P,20250820T033208,1010.31
CTD_PTSH,20250820T033231,1010.30,8.3649,35.3430,0.194865
CTD_P,20250820T033232,1010.29
CTD_P,20250820T043233,1010.21
CTD_PTSH,20250820T043256,1010.20,8.3348,35.3430,0.194826
CTD_P,20250820T043257,1010.27
CTD_P,20250820T053258,1013.95
CTD_PTSH,20250820T053321,1014.00,8.3579,35.3450,0.194758
CTD_P,20250820T053322,1014.01
CTD_P,20250820T063323,1014.14
CTD_PTSH,20250820T063346,1014.20,8.4098,35.3480,0.194651
CTD_P,20250820T063347,1014.12
CTD_P,20250820T073348,1015.52
CTD_PTSH,20250820T073411,1015.50,8.4627,35.3580,0.194612
CTD_P,20250820T073412,1015.48
CTD_P,20250820T083413,1014.03
CTD_PTSH,20250820T083436,1014.00,8.4831,35.3610,0.194542
CTD_P,20250820T083437,1014.02
CTD_P,20250820T093438,1014.80
CTD_PTSH,20250820T093501,1014.80,8.5240,35.3640,0.194442
CTD_P,20250820T093502,1014.76
CTD_P,20250820T103503,1013.60
CTD_PTSH,20250820T103526,1013.60,8.5061,35.3650,0.194444
CTD_P,20250820T103527,1013.61
CTD_P,20250820T113528,1013.13
CTD_PTSH,20250820T113551,1013.20,8.4901,35.3670,0.194361
CTD_P,20250820T113552,1013.13
CTD_P,20250820T123553,1010.52
CTD_PTSH,20250820T123616,1010.40,8.3973,35.3500,0.194544
CTD_P,20250820T123617,1010.36
CTD_P,20250820T133618,1012.29
CTD_PTSH,20250820T133641,1012.20,8.3947,35.3500,0.194529
CTD_P,20250820T133642,1012.23
CTD_P,20250820T143643,1013.34
CTD_PTSH,20250820T143706,1013.40,8.3882,35.3490,0.194464
CTD_P,20250820T143707,1013.40
CTD_P,20250820T153708,1015.20
CTD_PTSH,20250820T153731,1015.20,8.3981,35.3490,0.194398
CTD_P,20250820T153732,1015.19
CTD_P,20250820T163733,1015.78
CTD_PTSH,20250820T163756,1015.70,8.4524,35.3550,0.194379
CTD_P,20250820T163757,1015.72
CTD_P,20250820T173758,1014.30
CTD_PTSH,20250820T173821,1014.20,8.4185,35.3550,0.194364
CTD_P,20250820T173822,1014.25
CTD_P,20250820T183823,1012.50
CTD_PTSH,20250820T183846,1012.50,8.3448,35.3460,0.194366
CTD_P,20250820T183847,1012.52
CTD_P,20250820T193848,1016.30
CTD_PTSH,20250820T193911,1016.30,8.4168,35.3510,0.194306
CTD_P,20250820T193912,1016.35
CTD_P,20250820T203913,1017.58
CTD_PTSH,20250820T203936,1017.60,8.4535,35.3540,0.194228
CTD_P,20250820T203937,1017.54
CTD_P,20250820T213938,1016.95
CTD_PTSH,20250820T214001,1016.80,8.4487,35.3560,0.194211
CTD_P,20250820T214002,1016.84
CTD_P,20250820T224003,1016.89
CTD_PTSH,20250820T224026,1016.90,8.4364,35.3520,0.194217
CTD_P,20250820T224027,1016.86
CTD_P,20250820T234028,1015.36
CTD_PTSH,20250820T234051,1015.30,8.4520,35.3570,0.194176
CTD_P,20250820T234052,1015.26
CTD_P,20250821T004053,1016.19
CTD_PTSH,20250821T004116,1016.20,8.4012,35.3530,0.194210
CTD_P,20250821T004117,1016.25
CTD_P,20250821T014118,1013.22
CTD_PTSH,20250821T014141,1013.20,8.3623,35.3480,0.194207
CTD_P,20250821T014142,1013.20
CTD_P,20250821T024143,1017.15
CTD_PTSH,20250821T024206,1017.20,8.3349,35.3420,0.194225
CTD_P,20250821T024207,1017.19
CTD_P,20250821T034208,1016.36
CTD_PTSH,20250821T034231,1016.30,8.3738,35.3450,0.194234
CTD_P,20250821T034232,1016.30
CTD_P,20250821T044233,1015.22
CTD_PTSH,20250821T044256,1015.10,8.3531,35.3450,0.194159
CTD_P,20250821T044257,1015.13
CTD_P,20250821T054258,1013.75
CTD_PTSH,20250821T054321,1013.70,8.3443,35.3460,0.194125
CTD_P,20250821T054322,1013.72
CTD_P,20250821T064323,1015.76
CTD_PTSH,20250821T064346,1015.80,8.3262,35.3390,0.194137
CTD_P,20250821T064347,1015.79
CTD_P,20250821T074348,1017.56
CTD_PTSH,20250821T074411,1017.50,8.3638,35.3440,0.194077
CTD_P,20250821T074412,1017.49
CTD_P,20250821T084413,1018.16
CTD_PTSH,20250821T084436,1018.20,8.3603,35.3430,0.194023
CTD_P,20250821T084437,1018.21
CTD_P,20250821T094438,1015.51
CTD_PTSH,20250821T094501,1015.50,8.3707,35.3480,0.193990
CTD_P,20250821T094502,1015.51
CTD_P,20250821T104503,1018.55
CTD_PTSH,20250821T104526,1018.50,8.4081,35.3490,0.193953
CTD_P,20250821T104527,1018.45
CTD_P,20250821T114528,1019.35
CTD_PTSH,20250821T114551,1019.30,8.4200,35.3490,0.193974
CTD_P,20250821T114552,1019.31
CTD_P,20250821T124553,1018.59
CTD_PTSH,20250821T124616,1018.50,8.4358,35.3500,0.193929
CTD_P,20250821T124617,1018.50
CTD_P,20250821T134618,1017.24
CTD_PTSH,20250821T134641,1017.20,8.4380,35.3590,0.193881
CTD_P,20250821T134642,1017.24
CTD_P,20250821T144643,1017.22
CTD_PTSH,20250821T144706,1017.20,8.4214,35.3510,0.193823
CTD_P,20250821T144707,1017.19
CTD_P,20250821T154708,1016.22
CTD_PTSH,20250821T154731,1016.20,8.4053,35.3490,0.193888
CTD_P,20250821T154732,1016.17
CTD_P,20250821T164733,1015.95
CTD_PTSH,20250821T164756,1015.90,8.3565,35.3440,0.193788
CTD_P,20250821T164757,1015.93
CTD_P,20250821T174758,1015.68
CTD_PTSH,20250821T174821,1015.70,8.3290,35.3420,0.193802
CTD_P,20250821T174822,1015.68
CTD_P,20250821T184823,1016.63
CTD_PTSH,20250821T184846,1016.60,8.3419,35.3420,0.193772
CTD_P,20250821T184847,1016.54
CTD_P,20250821T194848,1017.06
CTD_PTSH,20250821T194911,1017.00,8.3356,35.3400,0.193765
CTD_P,20250821T194912,1017.04
CTD_P,20250821T204913,1018.51
CTD_PTSH,20250821T204936,1018.50,8.3516,35.3440,0.193685
CTD_P,20250821T204937,1018.51
CTD_P,20250821T214938,1021.08
CTD_PTSH,20250821T215001,1021.10,8.3882,35.3460,0.193670
CTD_P,20250821T215002,1021.07
CTD_P,20250821T225003,1019.87
CTD_PTSH,20250821T225026,1019.80,8.4024,35.3490,0.193607
CTD_P,20250821T225027,1019.82
CTD_P,20250821T235028,1020.06
CTD_PTSH,20250821T235051,1020.10,8.3967,35.3490,0.193536
CTD_P,20250821T235052,1020.06
CTD_P,20250822T005053,1020.22
CTD_PTSH,20250822T005116,1020.20,8.4761,35.3590,0.193511
CTD_P,20250822T005117,1020.16
CTD_P,20250822T015118,1016.11
CTD_PTSH,20250822T015141,1016.10,8.4497,35.3590,0.193473
CTD_P,20250822T015142,1016.13
CTD_P,20250822T025143,1017.97
CTD_PTSH,20250822T025206,1018.00,8.4256,35.3530,0.193601
CTD_P,20250822T025207,1017.95
CTD_P,20250822T035208,1015.65
CTD_PTSH,20250822T035231,1015.50,8.3928,35.3480,0.193356
CTD_P,20250822T035232,1015.51
CTD_P,20250822T045233,1017.16
CTD_PTSH,20250822T045256,1017.20,8.3686,35.3480,0.193378
CTD_P,20250822T045257,1017.22
CTD_P,20250822T055258,1018.40
CTD_PTSH,20250822T055321,1018.40,8.3918,35.3470,0.193359
CTD_P,20250822T055322,1018.38
CTD_P,20250822T065323,1015.61
CTD_PTSH,20250822T065346,1015.60,8.3562,35.3480,0.193333
CTD_P,20250822T065347,1015.63
CTD_P,20250822T075348,1011.88
CTD_PTSH,20250822T075411,1011.80,8.3169,35.3430,0.193414
CTD_P,20250822T075412,1011.78
CTD_P,20250822T085413,1017.39
CTD_PTSH,20250822T085436,1017.50,8.2911,35.3390,0.193287
CTD_P,20250822T085437,1017.52
CTD_P,20250822T095438,1017.42
CTD_PTSH,20250822T095501,1017.30,8.3214,35.3400,0.193341
CTD_P,20250822T095502,1017.29
CTD_P,20250822T105503,1016.73
CTD_PTSH,20250822T105526,1016.80,8.3152,35.3430,0.193162
CTD_P,20250822T105527,1016.81
CTD_P,20250822T115528,1016.55
CTD_PTSH,20250822T115551,1016.60,8.3090,35.3420,0.193086
CTD_P,20250822T115552,1016.56
CTD_P,20250822T125553,1018.42
CTD_PTSH,20250822T125616,1018.40,8.3318,35.3420,0.193140
CTD_P,20250822T125617,1018.41
CTD_P,20250822T135618,1023.27
CTD_PTSH,20250822T135641,1023.30,8.3831,35.3470,0.193045
CTD_P,20250822T135642,1023.27
CTD_P,20250822T145643,1020.10
CTD_PTSH,20250822T145706,1020.10,8.3883,35.3460,0.193058
CTD_P,20250822T145707,1020.08
CTD_P,20250822T155708,1021.21
CTD_PTSH,20250822T155731,1021.20,8.4224,35.3520,0.192963
CTD_P,20250822T155732,1021.17
CTD_P,20250822T165733,1019.62
CTD_PTSH,20250822T165756,1019.60,8.4213,35.3520,0.192964
CTD_P,20250822T165757,1019.62
CTD_P,20250822T175758,1019.87
CTD_PTSH,20250822T175821,1019.90,8.4329,35.3520,0.192913
CTD_P,20250822T175822,1019.88
CTD_P,20250822T185823,1018.54
CTD_PTSH,20250822T185846,1018.60,8.3553,35.3450,0.193006
CTD_P,20250822T185847,1018.63
CTD_P,20250822T195848,1017.94
CTD_PTSH,20250822T195911,1018.00,8.3440,35.3440,0.192707
CTD_P,20250822T195912,1017.93
CTD_P,20250822T205913,1017.97
CTD_PTSH,20250822T205936,1017.90,8.3477,35.3420,0.192874
CTD_P,20250822T205937,1017.93
CTD_P,20250822T215938,1011.82
CTD_PTSH,20250822T220001,1011.80,8.2871,35.3410,0.192984
CTD_P,20250822T220002,1011.86
CTD_P,20250822T230003,1019.93
CTD_PTSH,20250822T230026,1019.90,8.2963,35.3380,0.192777
CTD_P,20250822T230027,1019.92
CTD_P,20250823T000028,1021.53
CTD_PTSH,20250823T000051,1021.60,8.3743,35.3460,0.192708
CTD_P,20250823T000052,1021.56
CTD_P,20250823T010053,1021.40
CTD_PTSH,20250823T010116,1021.30,8.3852,35.3460,0.192757
CTD_P,20250823T010117,1021.31
CTD_P,20250823T020118,1019.43
CTD_PTSH,20250823T020141,1019.30,8.3938,35.3480,0.192702
CTD_P,20250823T020142,1019.35
CTD_P,20250823T030143,1020.89
CTD_PTSH,20250823T030206,1020.90,8.4094,35.3500,0.192622
CTD_P,20250823T030207,1020.91
CTD_P,20250823T040208,1017.12
CTD_PTSH,20250823T040231,1017.20,8.3562,35.3460,0.192625
CTD_P,20250823T040232,1017.15
CTD_P,20250823T050233,1019.23
CTD_PTSH,20250823T050256,1019.30,8.3472,35.3430,0.192668
CTD_P,20250823T050257,1019.22
CTD_P,20250823T060258,1017.45
CTD_PTSH,20250823T060321,1017.40,8.3440,35.3400,0.192566
CTD_P,20250823T060322,1017.44
CTD_P,20250823T070323,1020.83
CTD_PTSH,20250823T070346,1020.80,8.3303,35.3420,0.192623
CTD_P,20250823T070347,1020.81
CTD_P,20250823T080348,1020.89
CTD_PTSH,20250823T080411,1020.90,8.3507,35.3440,0.192527
CTD_P,20250823T080412,1020.93
CTD_P,20250823T090413,1020.74
CTD_PTSH,20250823T090436,1020.80,8.3686,35.3460,0.192429
CTD_P,20250823T090437,1020.77
CTD_P,20250823T100438,1016.78
CTD_PTSH,20250823T100501,1016.80,8.3260,35.3460,0.192557
CTD_P,20250823T100502,1016.76
CTD_P,20250823T110503,1019.19
CTD_PTSH,20250823T110526,1019.20,8.3133,35.3420,0.192398
CTD_P,20250823T110527,1019.24
CTD_P,20250823T120528,1018.23
CTD_PTSH,20250823T120551,1018.20,8.3327,35.3400,0.192363
CTD_P,20250823T120552,1018.18
CTD_P,20250823T130553,1020.12
CTD_PTSH,20250823T130616,1020.10,8.3448,35.3430,0.192372
CTD_P,20250823T130617,1020.06
CTD_P,20250823T140618,1022.64
CTD_PTSH,20250823T140641,1022.60,8.4190,35.3520,0.192241
CTD_P,20250823T140642,1022.60
CTD_P,20250823T150643,1020.25
CTD_PTSH,20250823T150706,1020.30,8.3787,35.3470,0.192289
CTD_P,20250823T150707,1020.26
CTD_P,20250823T160708,1021.05
CTD_PTSH,20250823T160731,1021.10,8.4068,35.3510,0.192167
CTD_P,20250823T160732,1021.06
CTD_P,20250823T170733,1019.42
CTD_PTSH,20250823T170756,1019.40,8.3647,35.3440,0.192237
CTD_P,20250823T170757,1019.34
CTD_P,20250823T180758,1017.99
CTD_PTSH,20250823T180821,1018.00,8.3361,35.3400,0.192127
CTD_P,20250823T180822,1017.99
CTD_P,20250823T190823,1020.63
CTD_PTSH,20250823T190846,1020.60,8.3092,35.3400,0.192197
CTD_P,20250823T190847,1020.61
CTD_P,20250823T200848,1018.10
CTD_PTSH,20250823T200911,1018.00,8.3083,35.3390,0.192205
CTD_P,20250823T200912,1018.04
CTD_P,20250823T210913,1016.96
CTD_PTSH,20250823T210936,1016.90,8.3075,35.3410,0.192155
CTD_P,20250823T210937,1016.94
CTD_P,20250823T220938,1019.90
CTD_PTSH,20250823T221001,1019.80,8.3191,35.3410,0.192069
CTD_P,20250823T221002,1019.79
CTD_P,20250823T231003,1020.32
CTD_PTSH,20250823T231026,1020.30,8.3425,35.3410,0.191972
CTD_P,20250823T231027,1020.27
CTD_P,20250824T001028,1020.02
CTD_PTSH,20250824T001051,1020.10,8.3112,35.3390,0.192035
CTD_P,20250824T001052,1020.10
CTD_P,20250824T011053,1020.37
CTD_PTSH,20250824T011116,1020.40,8.3095,35.3390,0.192053
CTD_P,20250824T011117,1020.38
CTD_P,20250824T021118,1020.14
CTD_PTSH,20250824T021141,1020.10,8.3331,35.3420,0.191833
CTD_P,20250824T021142,1020.14
CTD_P,20250824T031143,1023.77
CTD_PTSH,20250824T031206,1023.80,8.4064,35.3510,0.191820
CTD_P,20250824T031207,1023.75
CTD_P,20250824T041208,1025.14
CTD_PTSH,20250824T041231,1025.20,8.4519,35.3550,0.191842
CTD_P,20250824T041232,1025.16
CTD_P,20250824T051233,1021.65
CTD_PTSH,20250824T051256,1021.60,8.4315,35.3530,0.191802
CTD_P,20250824T051257,1021.56
CTD_P,20250824T061258,1022.25
CTD_PTSH,20250824T061321,1022.30,8.4211,35.3500,0.191802
CTD_P,20250824T061322,1022.30
CTD_P,20250824T071323,1018.46
CTD_PTSH,20250824T071346,1018.40,8.3860,35.3500,0.191809
CTD_P,20250824T071347,1018.40
CTD_P,20250824T081348,1021.30
CTD_PTSH,20250824T081411,1021.30,8.3689,35.3440,0.191721
CTD_P,20250824T081412,1021.30
CTD_P,20250824T091413,1018.64
CTD_PTSH,20250824T091436,1018.60,8.3481,35.3430,0.191846
CTD_P,20250824T091437,1018.62
CTD_P,20250824T101438,1021.90
CTD_PTSH,20250824T101501,1021.90,8.3676,35.3450,0.191755
CTD_P,20250824T101502,1021.87
CTD_P,20250824T111503,1017.83
CTD_PTSH,20250824T111526,1017.80,8.3140,35.3410,0.191719
CTD_P,20250824T111527,1017.85
CTD_P,20250824T121528,1019.10
CTD_PTSH,20250824T121551,1019.10,8.2885,35.3400,0.191591
CTD_P,20250824T121552,1019.09
CTD_P,20250824T131553,1017.67
CTD_PTSH,20250824T131616,1017.60,8.3242,35.3420,0.191631
CTD_P,20250824T131617,1017.64
CTD_P,20250824T141618,1018.98
CTD_PTSH,20250824T141641,1019.00,8.3102,35.3420,0.191749
CTD_P,20250824T141642,1018.96
CTD_P,20250824T151643,1018.75
CTD_PTSH,20250824T151706,1018.80,8.3127,35.3420,0.191487
CTD_P,20250824T151707,1018.85
CTD_P,20250824T161708,1020.00
CTD_PTSH,20250824T161731,1020.00,8.2960,35.3380,0.191591
CTD_P,20250824T161732,1020.01
CTD_P,20250824T171733,1021.99
CTD_PTSH,20250824T171756,1022.00,8.3221,35.3420,0.191570
CTD_P,20250824T171757,1021.97
CTD_P,20250824T181758,1023.49
CTD_PTSH,20250824T181821,1023.50,8.3480,35.3420,0.191412
CTD_P,20250824T181822,1023.51
CTD_P,20250824T191823,1022.22
CTD_PTSH,20250824T191846,1022.20,8.3615,35.3440,0.191386
CTD_P,20250824T191847,1022.16
CTD_P,20250824T201848,1019.83
CTD_PTSH,20250824T201911,1019.70,8.3435,35.3450,0.191406
CTD_P,20250824T201912,1019.75
CTD_P,20250824T211913,1022.02
CTD_PTSH,20250824T211936,1022.00,8.3373,35.3410,0.191430
CTD_P,20250824T211937,1022.00
CTD_P,20250824T221938,1019.67
CTD_PTSH,20250824T222001,1019.70,8.3271,35.3440,0.191414
CTD_P,20250824T222002,1019.73
CTD_P,20250824T232003,1022.35
CTD_PTSH,20250824T232026,1022.40,8.3330,35.3420,0.191288
CTD_P,20250824T232027,1022.42
CTD_P,20250825T002028,1020.81
CTD_PTSH,20250825T002051,1020.80,8.3727,35.3430,0.191347
CTD_P,20250825T002052,1020.76
CTD_P,20250825T012053,1018.53
CTD_PTSH,20250825T012116,1018.50,8.3319,35.3430,0.191235
CTD_P,20250825T012117,1018.53
CTD_P,20250825T022118,1021.91
CTD_PTSH,20250825T022141,1021.90,8.3438,35.3420,0.191359
CTD_P,20250825T022142,1021.93
CTD_P,20250825T032143,1021.29
CTD_PTSH,20250825T032206,1021.20,8.3535,35.3420,0.191116
CTD_P,20250825T032207,1021.24
CTD_P,20250825T042208,1020.43
CTD_PTSH,20250825T042231,1020.40,8.3478,35.3440,0.191165
CTD_P,20250825T042232,1020.38
CTD_P,20250825T052233,1021.02
CTD_PTSH,20250825T052256,1021.10,8.3306,35.3420,0.191254
CTD_P,20250825T052257,1021.10
CTD_P,20250825T062258,1021.77
CTD_PTSH,20250825T062321,1021.80,8.3553,35.3450,0.191179
CTD_P,20250825T062322,1021.76
CTD_P,20250825T072323,1022.35
CTD_PTSH,20250825T072346,1022.40,8.3510,35.3430,0.191130
CTD_P,20250825T072347,1022.35
CTD_P,20250825T082348,1020.40
CTD_PTSH,20250825T082411,1020.40,8.3557,35.3470,0.191101
CTD_P,20250825T082412,1020.38
CTD_P,20250825T092413,1023.10
CTD_PTSH,20250825T092436,1023.10,8.3543,35.3430,0.191000
CTD_P,20250825T092437,1023.09
CTD_P,20250825T102438,1021.62
CTD_PTSH,20250825T102501,1021.60,8.3658,35.3450,0.191015
CTD_P,20250825T102502,1021.57
CTD_P,20250825T112503,1023.10
CTD_PTSH,20250825T112526,1023.10,8.3775,35.3460,0.190921
CTD_P,20250825T112527,1023.06
CTD_P,20250825T122528,1021.23
CTD_PTSH,20250825T122551,1021.20,8.3484,35.3430,0.190956
CTD_P,20250825T122552,1021.24
CTD_P,20250825T132553,1020.79
CTD_PTSH,20250825T132616,1020.80,8.3468,35.3440,0.190893
CTD_P,20250825T132617,1020.76
CTD_P,20250825T142618,1022.35
CTD_PTSH,20250825T142641,1022.40,8.3500,35.3420,0.190910
CTD_P,20250825T142642,1022.34
CTD_P,20250825T152643,1020.08
CTD_PTSH,20250825T152706,1020.00,8.3500,35.3430,0.190870
CTD_P,20250825T152707,1020.01
CTD_P,20250825T162708,1020.69
CTD_PTSH,20250825T162731,1020.70,8.3178,35.3420,0.190946
CTD_P,20250825T162732,1020.74
CTD_P,20250825T172733,1021.66
CTD_PTSH,20250825T172756,1021.60,8.3450,35.3420,0.190794
CTD_P,20250825T172757,1021.62
CTD_P,20250825T182758,1022.15
CTD_PTSH,20250825T182821,1022.10,8.3465,35.3430,0.190706
CTD_P,20250825T182822,1022.15
CTD_P,20250825T192823,1018.00
CTD_PTSH,20250825T192846,1017.90,8.3164,35.3430,0.190838
CTD_P,20250825T192847,1017.92
CTD_P,20250825T202848,1018.10
CTD_PTSH,20250825T202911,1018.10,8.3057,35.3400,0.190770
CTD_P,20250825T202912,1018.08
CTD_P,20250825T212913,1020.70
CTD_PTSH,20250825T212936,1020.70,8.2958,35.3370,0.190715
CTD_P,20250825T212937,1020.67
CTD_P,20250825T222938,1020.60
CTD_PTSH,20250825T223001,1020.60,8.2735,35.3390,0.190703
CTD_P,20250825T223002,1020.60
CTD_P,20250825T233003,1020.27
CTD_PTSH,20250825T233026,1020.20,8.2923,35.3400,0.190657
CTD_P,20250825T233027,1020.21
CTD_P,20250826T003028,1019.59
CTD_PTSH,20250826T003051,1019.60,8.2868,35.3390,0.190594
CTD_P,20250826T003052,1019.62
CTD_P,20250826T013053,1020.69
CTD_PTSH,20250826T013116,1020.60,8.3066,35.3380,0.190548
CTD_P,20250826T013117,1020.65
CTD_P,20250826T023118,1021.53
CTD_PTSH,20250826T023141,1021.60,8.3010,35.3400,0.190501
CTD_P,20250826T023142,1021.54
CTD_P,20250826T033143,1021.08
CTD_PTSH,20250826T033206,1021.10,8.3071,35.3400,0.190470
CTD_P,20250826T033207,1021.07
CTD_P,20250826T043208,1022.74
CTD_PTSH,20250826T043231,1022.70,8.3562,35.3440,0.190484
CTD_P,20250826T043232,1022.68
CTD_P,20250826T053233,1024.16
CTD_PTSH,20250826T053256,1024.20,8.3231,35.3410,0.190365
CTD_P,20250826T053257,1024.20
CTD_P,20250826T063258,1023.13
CTD_PTSH,20250826T063321,1023.20,8.3171,35.3420,0.190436
CTD_P,20250826T063322,1023.22
CTD_P,20250826T073323,1022.19
CTD_PTSH,20250826T073346,1022.20,8.3526,35.3450,0.190432
CTD_P,20250826T073347,1022.17
CTD_P,20250826T083348,1022.61
CTD_PTSH,20250826T083411,1022.60,8.3828,35.3430,0.190392
CTD_P,20250826T083412,1022.54
CTD_P,20250826T093413,1022.61
CTD_PTSH,20250826T093436,1022.50,8.3921,35.3470,0.190364
CTD_P,20250826T093437,1022.49
CTD_P,20250826T103438,1018.68
CTD_PTSH,20250826T103501,1018.60,8.3541,35.3470,0.190347
CTD_P,20250826T103502,1018.56
CTD_P,20250826T113503,1025.27
CTD_PTSH,20250826T113526,1025.30,8.3567,35.3450,0.190241
CTD_P,20250826T113527,1025.35
CTD_P,20250826T123528,1022.11
CTD_PTSH,20250826T123551,1022.10,8.3675,35.3480,0.190153
CTD_P,20250826T123552,1022.10
CTD_P,20250826T133553,1021.79
CTD_PTSH,20250826T133616,1021.80,8.3587,35.3460,0.190134
CTD_P,20250826T133617,1021.79
CTD_P,20250826T143618,1021.32
CTD_PTSH,20250826T143641,1021.40,8.3292,35.3450,0.190141
CTD_P,20250826T143642,1021.38
CTD_P,20250826T153643,1019.92
CTD_PTSH,20250826T153706,1019.90,8.3170,35.3410,0.190113
CTD_P,20250826T153707,1019.91
CTD_P,20250826T163708,1020.19
CTD_PTSH,20250826T163731,1020.20,8.3085,35.3390,0.190065
CTD_P,20250826T163732,1020.24
CTD_P,20250826T173733,1021.93
CTD_PTSH,20250826T173756,1021.90,8.3087,35.3410,0.190085
CTD_P,20250826T173757,1021.95
CTD_P,20250826T183758,1021.93
CTD_PTSH,20250826T183821,1021.90,8.3348,35.3410,0.190031
CTD_P,20250826T183822,1021.86
CTD_P,20250826T193823,1022.11
CTD_PTSH,20250826T193846,1022.10,8.3386,35.3440,0.190120
CTD_P,20250826T193847,1022.08
CTD_P,20250826T203848,1021.13
CTD_PTSH,20250826T203911,1021.10,8.3446,35.3460,0.190071
CTD_P,20250826T203912,1021.15
CTD_P,20250826T213913,1022.00
CTD_PTSH,20250826T213936,1022.00,8.3370,35.3450,0.189891
CTD_P,20250826T213937,1022.00
CTD_P,20250826T223938,1020.56
CTD_PTSH,20250826T224001,1020.50,8.3215,35.3440,0.189927
CTD_P,20250826T224002,1020.56
CTD_P,20250826T234003,1023.54
CTD_PTSH,20250826T234026,1023.60,8.3132,35.3400,0.189866
CTD_P,20250826T234027,1023.59
CTD_P,20250827T004028,1022.52
CTD_PTSH,20250827T004051,1022.40,8.3522,35.3450,0.189808
CTD_P,20250827T004052,1022.44
CTD_P,20250827T014053,1024.52
CTD_PTSH,20250827T014116,1024.50,8.3549,35.3430,0.189718
CTD_P,20250827T014117,1024.53
CTD_P,20250827T024118,1020.37
CTD_PTSH,20250827T024141,1020.30,8.3546,35.3500,0.189786
CTD_P,20250827T024142,1020.30
CTD_P,20250827T034143,1019.21
CTD_PTSH,20250827T034206,1019.20,8.3138,35.3420,0.189730
CTD_P,20250827T034207,1019.17
CTD_P,20250827T044208,1020.13
CTD_PTSH,20250827T044231,1020.20,8.2962,35.3410,0.189666
CTD_P,20250827T044232,1020.14
CTD_P,20250827T054233,1017.82
CTD_PTSH,20250827T054256,1017.80,8.2445,35.3390,0.189740
CTD_P,20250827T054257,1017.82
CTD_P,20250827T064258,1020.58
CTD_PTSH,20250827T064321,1020.50,8.2835,35.3380,0.189550
CTD_P,20250827T064322,1020.49
CTD_P,20250827T074323,1022.85
CTD_PTSH,20250827T074346,1022.90,8.2899,35.3390,0.189579
CTD_P,20250827T074347,1022.88
CTD_P,20250827T084348,1021.99
CTD_PTSH,20250827T084411,1021.90,8.3177,35.3390,0.189638
CTD_P,20250827T084412,1021.94
CTD_P,20250827T094413,1020.96
CTD_PTSH,20250827T094436,1021.00,8.2903,35.3390,0.189462
CTD_P,20250827T094437,1021.04
CTD_P,20250827T104438,1019.49
CTD_PTSH,20250827T104501,1019.40,8.2932,35.3390,0.189413
CTD_P,20250827T104502,1019.35
CTD_P,20250827T114503,1022.57
CTD_PTSH,20250827T114526,1022.60,8.2989,35.3380,0.189615
CTD_P,20250827T114527,1022.61
CTD_P,20250827T124528,1023.93
CTD_PTSH,20250827T124551,1023.90,8.3225,35.3410,0.189316
CTD_P,20250827T124552,1023.85
CTD_P,20250827T134553,1022.01
CTD_PTSH,20250827T134616,1021.90,8.3354,35.3430,0.189228
CTD_P,20250827T134617,1021.91
CTD_P,20250827T144618,1021.43
CTD_PTSH,20250827T144641,1021.50,8.3263,35.3430,0.189220
CTD_P,20250827T144642,1021.47
CTD_P,20250827T154643,1025.08
CTD_PTSH,20250827T154706,1025.10,8.3813,35.3450,0.189216
CTD_P,20250827T154707,1025.06
CTD_P,20250827T164708,1021.06
CTD_PTSH,20250827T164731,1021.10,8.3498,35.3450,0.189283
CTD_P,20250827T164732,1021.09
CTD_P,20250827T174733,1025.04
CTD_PTSH,20250827T174756,1025.10,8.3449,35.3430,0.189030
CTD_P,20250827T174757,1025.02
CTD_P,20250827T184758,1024.21
CTD_PTSH,20250827T184821,1024.20,8.3413,35.3430,0.189106
CTD_P,20250827T184822,1024.22
CTD_P,20250827T194823,1021.14
CTD_PTSH,20250827T194846,1021.10,8.3253,35.3410,0.188999
CTD_P,20250827T194847,1021.05
CTD_P,20250827T204848,1023.79
CTD_PTSH,20250827T204911,1023.80,8.3170,35.3410,0.188873
CTD_P,20250827T204912,1023.85
CTD_P,20250827T214913,1026.47
CTD_PTSH,20250827T214936,1026.40,8.3681,35.3460,0.188760
CTD_P,20250827T214937,1026.35
CTD_P,20250827T224938,1023.27
CTD_PTSH,20250827T225001,1023.30,8.3762,35.3440,0.188797
CTD_P,20250827T225002,1023.31
CTD_P,20250827T235003,1024.31
CTD_PTSH,20250827T235026,1024.30,8.3896,35.3470,0.188846
CTD_P,20250827T235027,1024.29
CTD_P,20250828T005028,1022.73
CTD_PTSH,20250828T005051,1022.70,8.3384,35.3410,0.188709
CTD_P,20250828T005052,1022.75
CTD_P,20250828T015053,1025.35
CTD_PTSH,20250828T015116,1025.40,8.3414,35.3420,0.188611
CTD_P,20250828T015117,1025.34
CTD_P,20250828T025118,1021.58
CTD_PTSH,20250828T025141,1021.60,8.3264,35.3410,0.188457
CTD_P,20250828T025142,1021.59
CTD_P,20250828T035143,1026.12
CTD_PTSH,20250828T035206,1026.00,8.3671,35.3450,0.188324
CTD_P,20250828T035207,1026.00
CTD_P,20250828T045208,1019.97
CTD_PTSH,20250828T045231,1019.80,8.3725,35.3470,0.188433
CTD_P,20250828T045232,1019.82
CTD_P,20250828T055233,1022.14
CTD_PTSH,20250828T055256,1022.10,8.3375,35.3440,0.188123
CTD_P,20250828T055257,1022.11
CTD_P,20250828T065258,1023.16
CTD_PTSH,20250828T065321,1023.10,8.3682,35.3470,0.187888
CTD_P,20250828T065322,1023.07
CTD_P,20250828T075323,1020.35
CTD_PTSH,20250828T075346,1020.40,8.3071,35.3410,0.187581
CTD_P,20250828T075347,1020.46
CTD_P,20250828T085348,1020.04
CTD_PTSH,20250828T085411,1020.00,8.2975,35.3380,0.187387
CTD_P,20250828T085412,1019.96
CTD_P,20250828T095413,1021.85
CTD_PTSH,20250828T095436,1021.90,8.2870,35.3380,0.186990
CTD_P,20250828T095437,1021.91
CTD_P,20250828T105438,1022.73
CTD_PTSH,20250828T105501,1022.70,8.3157,35.3400,0.186053
CTD_P,20250828T105502,1022.74
CTD_P,20250828T115503,1024.20
CTD_PTSH,20250828T115526,1024.10,8.3075,35.3390,0.184811
CTD_P,20250828T115527,1024.15
CTD_P,20250828T125528,1017.82
CTD_PTSH,20250828T125551,1017.80,8.2621,35.3430,0.183238
CTD_P,20250828T125552,1017.82
CTD_P,20250828T135553,1020.44
CTD_PTSH,20250828T135616,1020.40,8.2714,35.3370,0.181827
CTD_P,20250828T135617,1020.42
CTD_P,20250828T145618,1026.42
CTD_PTSH,20250828T145641,1026.30,8.2895,35.3380,0.180559
CTD_P,20250828T145642,1026.35
CTD_P,20250828T155643,1022.47
CTD_PTSH,20250828T155706,1022.30,8.2979,35.3380,0.179484
CTD_P,20250828T155707,1022.34
CTD_P,20250828T165708,1019.62
CTD_PTSH,20250828T165731,1019.60,8.2962,35.3400,0.178820
CTD_P,20250828T165732,1019.63
CTD_P,20250828T175114,1021.98
CTD_PTSH,20250828T175137,1022.00,8.2986,35.3430,0.178002
CTD_P,20250828T175138,1022.05
Message,20250828T175140,Deep Descent Mission
CTD_P,20250828T175143,1022.10
CTD_P,20250828T175246,1023.73
CTD_P,20250828T175348,1028.86
CTD_P,20250828T175450,1036.26
CTD_P,20250828T175454,1036.70
CTD_P,20250828T175455,1036.85
CTD_P,20250828T175556,1045.21
CTD_P,20250828T180059,1085.86
CTD_P,20250828T180602,1125.50
CTD_P,20250828T181105,1162.40
CTD_P,20250828T181608,1198.74
CTD_P,20250828T182111,1233.15
CTD_P,20250828T182614,1267.04
CTD_P,20250828T183117,1300.30
CTD_P,20250828T183620,1332.42
CTD_P,20250828T184123,1364.68
CTD_P,20250828T184626,1396.63
CTD_P,20250828T185129,1428.13
CTD_P,20250828T185632,1458.11
CTD_P,20250828T190135,1485.97
CTD_P,20250828T190638,1512.25
CTD_P,20250828T191141,1537.55
CTD_P,20250828T191644,1562.26
CTD_P,20250828T192147,1586.60
CTD_P,20250828T192650,1610.71
CTD_P,20250828T193153,1634.71
CTD_P,20250828T193656,1658.21
CTD_P,20250828T194159,1681.90
CTD_P,20250828T194702,1704.24
CTD_P,20250828T195205,1725.59
CTD_P,20250828T195708,1745.49
CTD_P,20250828T200211,1763.51
CTD_P,20250828T200714,1780.13
CTD_P,20250828T201217,1796.45
CTD_P,20250828T201720,1812.49
CTD_P,20250828T202223,1828.44
CTD_P,20250828T202726,1844.37
CTD_P,20250828T203229,1860.65
CTD_P,20250828T203732,1877.25
CTD_P,20250828T204235,1893.73
CTD_P,20250828T204738,1909.86
CTD_P,20250828T205241,1925.51
CTD_P,20250828T205744,1940.30
CTD_P,20250828T210247,1953.99
CTD_P,20250828T210750,1966.25
CTD_P,20250828T211253,1976.94
CTD_P,20250828T211756,1985.98
CTD_P,20250828T212259,1993.80
CTD_P,20250828T212802,2000.66
Message,20250828T212805,ASCENT
CTD_P,20250828T212808,2000.80
CTD_P,20250828T212820,2001.05
CTD_P,20250828T212836,2001.28
CTD_P,20250828T212854,2001.24
CTD_P,20250828T212911,2000.84
CTD_P,20250828T212924,2000.30
CTD_P,20250828T212929,1999.99
CTD_P,20250828T212930,1999.93
Message,20250828T212932,CP Started
CTD_P,20250828T212958,1997.78
NO3,20250828T213008,42.07
O2,20250828T213014,100.07270,23.85829,3.08630,48.62874,49.99474,57.75574,7.76099,1037.05005,865.38202,752.67401
FLBB,20250828T213017,56,110,568
CTD_P,20250828T213018,1995.91
CTD_P,20250828T213022,1995.53
CTD_P,20250828T213024,1995.34
CTD_P,20250828T213125,1989.20
CTD_P,20250828T213627,1959.06
CTD_P,20250828T214129,1930.31
CTD_P,20250828T214631,1903.20
CTD_P,20250828T214709,1899.93
NO3,20250828T214719,42.13
O2,20250828T214725,95.84829,22.99769,3.32591,48.91901,50.28501,58.10144,7.81643,1042.76794,864.76758,745.70697
FLBB,20250828T214728,56,111,567
CTD_P,20250828T214729,1898.19
CTD_P,20250828T215133,1877.37
CTD_P,20250828T215635,1852.49
CTD_P,20250828T220137,1828.23
CTD_P,20250828T220639,1804.93
CTD_P,20250828T220745,1799.88
NO3,20250828T220755,42.12
O2,20250828T220800,86.44124,20.92650,3.66227,49.68763,51.05363,58.87709,7.82346,1057.42200,862.69330,735.89288
FLBB,20250828T220804,57,110,567
CTD_P,20250828T220805,1798.35
CTD_P,20250828T221141,1781.92
CTD_P,20250828T221643,1759.33
CTD_P,20250828T221727,1755.80
CTD_P,20250828T221829,1749.94
CTD_P,20250828T222331,1721.14
CTD_P,20250828T222715,1700.35
CTD_P,20250828T222719,1699.98
NO3,20250828T222729,42.28
O2,20250828T222734,77.09978,18.83957,4.01530,50.50074,51.86674,59.68944,7.82269,1072.53601,860.59448,725.54999
FLBB,20250828T222738,57,130,566
CTD_P,20250828T222739,1698.10
CTD_P,20250828T222833,1693.20
CTD_P,20250828T223335,1666.56
CTD_P,20250828T223837,1641.27
CTD_P,20250828T224340,1617.71
CTD_P,20250828T224731,1600.77
CTD_P,20250828T224745,1599.77
NO3,20250828T224755,42.12
O2,20250828T224800,63.93377,15.82942,4.51854,51.75422,53.12022,60.94810,7.82789,1094.49902,857.14008,710.73230
FLBB,20250828T224804,56,111,565
CTD_P,20250828T224805,1598.32
CTD_P,20250828T224843,1595.62
CTD_P,20250828T225346,1574.33
CTD_P,20250828T225430,1570.94
CTD_P,20250828T225533,1565.15
CTD_P,20250828T230036,1537.21
CTD_P,20250828T230539,1509.82
CTD_P,20250828T230731,1499.93
NO3,20250828T230741,42.16
O2,20250828T230746,52.98954,13.29976,5.04447,52.87252,54.23852,62.06604,7.82752,1113.09705,853.27472,695.15430
FLBB,20250828T230750,58,111,565
CTD_P,20250828T230751,1498.17
CTD_P,20250828T231042,1483.47
CTD_P,20250828T231545,1458.62
CTD_P,20250828T232048,1436.14
CTD_P,20250828T232551,1415.96
CTD_P,20250828T232954,1400.84
CTD_P,20250828T233011,1399.84
NO3,20250828T233021,41.73
O2,20250828T233026,38.98822,9.96029,5.73499,54.47949,55.84549,63.66893,7.82344,1138.44995,848.17822,674.56012
FLBB,20250828T233030,55,112,564
CTD_P,20250828T233031,1398.62
CTD_P,20250828T233054,1397.22
CTD_P,20250828T233137,1394.40
CTD_P,20250828T233240,1389.36
CTD_P,20250828T233743,1364.44
CTD_P,20250828T234246,1339.38
CTD_P,20250828T234749,1313.76
CTD_P,20250828T235035,1299.74
NO3,20250828T235045,41.37
O2,20250828T235050,28.72496,7.45980,6.38346,55.77613,57.14214,64.96231,7.82018,1157.51794,843.18500,655.07758
FLBB,20250828T235054,56,114,563
CTD_P,20250828T235055,1298.05
CTD_P,20250828T235251,1288.42
CTD_P,20250828T235754,1264.09
CTD_P,20250829T000257,1241.37
CTD_P,20250829T000800,1220.37
CTD_P,20250829T001257,1200.91
CTD_P,20250829T001313,1199.87
NO3,20250829T001323,41.44
O2,20250829T001328,17.99122,4.75254,7.06447,57.30699,58.67299,66.48953,7.81654,1179.38306,837.99762,634.47272
FLBB,20250829T001331,56,113,561
CTD_P,20250829T001333,1198.42
CTD_P,20250829T001339,1197.95
CTD_P,20250829T001441,1192.60
CTD_P,20250829T001944,1166.26
CTD_P,20250829T002447,1139.93
CTD_P,20250829T002950,1114.26
CTD_P,20250829T003242,1100.03
CTD_P,20250829T003246,1099.73
NO3,20250829T003256,40.25
O2,20250829T003301,12.72553,3.41966,7.75815,58.07927,59.44527,67.26451,7.81924,1189.48303,832.59589,613.33557
FLBB,20250829T003305,56,110,561
CTD_P,20250829T003306,1098.12
CTD_P,20250829T003453,1089.58
CTD_P,20250829T003955,1066.70
CTD_P,20250829T004458,1045.46
CTD_P,20250829T004541,1042.32
CTD_P,20250829T004643,1036.84
CTD_P,20250829T005145,1010.22
CTD_P,20250829T005343,1000.03
CTD_P,20250829T005347,999.72
NO3,20250829T005357,38.95
O2,20250829T005402,7.13174,1.95087,8.48761,58.98613,60.35213,68.17323,7.82110,1201.40906,826.90723,590.95221
FLBB,20250829T005406,56,113,560
CTD_P,20250829T005407,997.98
CTD_P,20250829T005647,984.43
CTD_P,20250829T010149,960.09
CTD_P,20250829T010357,950.21
CTD_P,20250829T010401,949.91
NO3,20250829T010411,38.25
O2,20250829T010416,5.48966,1.51513,8.85670,59.25422,60.62022,68.44250,7.82229,1204.42603,823.95758,579.56738
FLBB,20250829T010420,57,115,559
CTD_P,20250829T010421,948.41
CTD_P,20250829T010651,937.18
CTD_P,20250829T011153,915.39
CTD_P,20250829T011529,900.60
CTD_P,20250829T011540,899.87
NO3,20250829T011550,37.61
O2,20250829T011555,3.52628,0.98576,9.39023,59.58235,60.94835,68.77425,7.82590,1207.53699,819.80359,563.04248
FLBB,20250829T011559,56,119,558
CTD_P,20250829T011600,898.57
CTD_P,20250829T011655,895.03
CTD_P,20250829T011737,892.04
CTD_P,20250829T011839,886.69
CTD_P,20250829T012341,860.77
CTD_P,20250829T012549,849.96
NO3,20250829T012559,36.36
O2,20250829T012604,2.53219,0.71307,9.69868,59.75316,61.11916,68.95096,7.83180,1209.17896,817.22638,553.45312
FLBB,20250829T012607,57,116,558
CTD_P,20250829T012609,848.27
CTD_P,20250829T012843,835.54
CTD_P,20250829T013345,811.54
CTD_P,20250829T013613,800.28
CTD_P,20250829T013617,799.97
NO3,20250829T013626,35.56
O2,20250829T013632,1.59705,0.45422,10.11860,59.90928,61.27528,69.11452,7.83924,1209.93201,813.95361,540.35718
FLBB,20250829T013635,56,111,557
CTD_P,20250829T013637,798.45
CTD_P,20250829T013847,788.91
CTD_P,20250829T014349,767.48
CTD_P,20250829T014431,764.30
CTD_P,20250829T014533,758.68
CTD_P,20250829T014711,749.60
NO3,20250829T014720,34.06
O2,20250829T014726,1.47724,0.42488,10.59689,59.89708,61.26308,69.10840,7.84532,1208.38306,810.12921,525.38501
FLBB,20250829T014729,55,109,556
CTD_P,20250829T014731,747.79
CTD_P,20250829T015035,730.91
CTD_P,20250829T015537,703.96
CTD_P,20250829T015624,699.84
NO3,20250829T015634,32.82
O2,20250829T015639,1.64110,0.47647,11.00108,59.83104,61.19704,69.05458,7.85754,1206.48096,806.57990,512.68781
FLBB,20250829T015643,56,109,556
CTD_P,20250829T015644,698.09
CTD_P,20250829T020039,677.86
CTD_P,20250829T020541,653.04
CTD_P,20250829T020620,649.95
NO3,20250829T020630,31.52
O2,20250829T020635,1.49571,0.43839,11.41192,59.83012,61.19612,69.06097,7.86485,1205.40796,803.35522,499.74100
FLBB,20250829T020639,56,115,555
CTD_P,20250829T020640,648.43
CTD_P,20250829T021043,629.84
CTD_P,20250829T021545,607.67
CTD_P,20250829T021732,599.93
NO3,20250829T021742,30.05
O2,20250829T021747,1.62935,0.48224,11.83728,59.76784,61.13384,69.00740,7.87356,1203.46704,799.72681,486.29529
FLBB,20250829T021751,58,115,554
CTD_P,20250829T021752,598.48
CTD_P,20250829T022047,585.97
CTD_P,20250829T022129,582.72
CTD_P,20250829T022231,576.99
CTD_P,20250829T022726,549.71
NO3,20250829T022736,28.42
O2,20250829T022741,1.17660,0.35159,12.25756,59.83557,61.20157,69.08173,7.88016,1203.23804,796.40033,472.97031
FLBB,20250829T022744,56,119,554
CTD_P,20250829T022746,547.97
CTD_P,20250829T023248,521.97
CTD_P,20250829T023706,501.26
CTD_P,20250829T023724,499.79
NO3,20250829T023734,27.46
O2,20250829T023739,1.31840,0.39743,12.64630,59.77424,61.14024,69.03096,7.89072,1201.53601,793.14618,460.61151
FLBB,20250829T023742,56,122,553
CTD_P,20250829T023744,498.27
CTD_P,20250829T024246,476.46
CTD_P,20250829T024748,456.67
CTD_P,20250829T024932,450.02
CTD_P,20250829T024936,449.74
NO3,20250829T024945,25.91
O2,20250829T024951,1.02727,0.31279,13.09367,59.80693,61.17294,69.07047,7.89753,1200.60400,789.07257,446.35089
FLBB,20250829T024954,55,131,552
CTD_P,20250829T024956,448.45
CTD_P,20250829T025250,437.16
CTD_P,20250829T025331,434.25
CTD_P,20250829T025433,428.96
CTD_P,20250829T025935,402.24
CTD_P,20250829T030003,399.79
NO3,20250829T030012,24.32
O2,20250829T030018,0.98167,0.30289,13.68856,59.77348,61.13948,69.04718,7.90770,1198.60498,784.60400,427.32770
FLBB,20250829T030021,57,133,551
CTD_P,20250829T030023,398.06
CTD_P,20250829T030437,375.71
CTD_P,20250829T030932,351.39
CTD_P,20250829T030940,350.76
CTD_P,20250829T030952,349.81
NO3,20250829T031001,23.37
O2,20250829T031007,0.98177,0.30707,14.30707,59.72769,61.09369,69.02368,7.92999,1196.13794,778.97540,407.48270
FLBB,20250829T031010,55,175,551
CTD_P,20250829T031012,348.21
CTD_P,20250829T031442,328.00
CTD_P,20250829T031944,306.74
CTD_P,20250829T032122,300.15
CTD_P,20250829T032126,299.91
NO3,20250829T032135,21.76
O2,20250829T032141,0.92149,0.29364,15.16543,59.67897,61.04498,68.98862,7.94364,1192.54102,771.78717,379.84070
FLBB,20250829T032144,56,149,550
CTD_P,20250829T032146,298.58
CTD_P,20250829T032446,286.63
CTD_P,20250829T032526,283.76
CTD_P,20250829T032628,278.36
CTD_P,20250829T033130,253.83
CTD_P,20250829T033220,250.30
CTD_P,20250829T033224,250.01
CTD_P,20250829T033228,249.71
NO3,20250829T033237,21.62
O2,20250829T033243,0.88266,0.28898,16.43295,59.59546,60.96146,68.92378,7.96232,1186.23206,760.36682,338.84091
FLBB,20250829T033246,57,138,548
CTD_P,20250829T033248,248.35
CTD_P,20250829T033632,233.80
CTD_P,20250829T034134,216.65
CTD_P,20250829T034630,201.43
CTD_P,20250829T034700,200.11
CTD_P,20250829T034705,199.87
NO3,20250829T034714,20.54
O2,20250829T034720,2.17668,0.72999,17.58379,59.16501,60.53101,68.51093,7.97991,1175.77295,749.71582,301.47220
FLBB,20250829T034723,55,123,546
CTD_P,20250829T034725,198.75
CTD_P,20250829T034729,198.48
CTD_P,20250829T034831,194.74
CTD_P,20250829T034911,192.09
CTD_P,20250829T035013,187.20
CTD_P,20250829T035053,183.84
CTD_P,20250829T035155,178.02
CTD_P,20250829T035656,152.34
CTD_P,20250829T035726,150.36
CTD_P,20250829T035734,149.82
NO3,20250829T035743,22.55
O2,20250829T035749,0.85731,0.29695,19.16202,59.40122,60.76722,68.76569,7.99847,1169.87695,732.81732,250.08960
FLBB,20250829T035752,55,126,544
CTD_P,20250829T035754,148.51
CTD_P,20250829T040158,134.45
CTD_P,20250829T040700,123.38
CTD_P,20250829T041202,117.44
CTD_P,20250829T041241,116.59
CTD_P,20250829T041343,113.63
CTD_P,20250829T041423,111.42
CTD_P,20250829T041525,107.16
CTD_P,20250829T041605,104.24
CTD_P,20250829T041706,98.90
NO3,20250829T041715,22.07
O2,20250829T041721,35.00918,12.80635,21.92363,50.51813,51.88413,59.90953,8.02540,1023.42401,706.28821,160.13901
FLBB,20250829T041724,53,135,540
CTD_P,20250829T041726,97.15
CTD_P,20250829T041850,90.48
CTD_P,20250829T041858,89.83
NO3,20250829T041907,19.39
O2,20250829T041913,60.64790,22.39352,22.40922,45.62863,46.99463,55.02872,8.03409,931.53308,699.84381,144.35629
FLBB,20250829T041916,53,309,540
CTD_P,20250829T041918,88.34
CTD_P,20250829T042104,80.77
CTD_P,20250829T042117,79.91
NO3,20250829T042126,16.67
O2,20250829T042132,95.15225,35.69550,23.24060,40.44557,41.81157,49.85193,8.04036,822.53003,692.16711,117.38050
FLBB,20250829T042135,50,131,539
CTD_P,20250829T042137,78.55
CTD_P,20250829T042228,75.19
CTD_P,20250829T042349,69.73
NO3,20250829T042358,14.36
O2,20250829T042404,119.23420,45.13222,23.71494,37.58691,38.95291,46.99554,8.04263,758.49420,686.53442,102.02120
FLBB,20250829T042407,53,138,538
CTD_P,20250829T042409,68.43
CTD_P,20250829T042617,60.29
CTD_P,20250829T042625,59.80
NO3,20250829T042634,12.31
O2,20250829T042640,135.34320,51.54475,24.04139,35.92198,37.28798,45.33052,8.04254,719.81470,683.02698,91.46648
FLBB,20250829T042643,58,154,537
CTD_P,20250829T042645,58.61
CTD_P,20250829T042730,56.25
CTD_P,20250829T042925,55.33
CTD_P,20250829T043034,55.72
CTD_P,20250829T043148,55.48
CTD_P,20250829T043232,55.26
CTD_P,20250829T043312,54.93
CTD_P,20250829T043340,54.18
CTD_P,20250829T043414,53.46
CTD_P,20250829T043453,52.62
CTD_P,20250829T043555,49.67
NO3,20250829T043604,-0.35
O2,20250829T043610,238.49651,94.77637,26.34975,28.30762,29.67361,37.73631,8.06270,533.82611,660.68732,17.27742
FLBB,20250829T043613,275,216,534
CTD_P,20250829T043615,48.57
CTD_P,20250829T043617,48.43
NO3,20250829T043626,-0.59
O2,20250829T043631,239.79190,95.29817,26.35383,28.24592,29.61192,37.67633,8.06441,532.32507,660.53900,17.14711
FLBB,20250829T043635,285,225,533
CTD_P,20250829T043637,47.25
CTD_P,20250829T043639,47.09
NO3,20250829T043648,-0.42
O2,20250829T043654,240.27521,95.49363,26.35578,28.22286,29.58886,37.65346,8.06460,531.77777,660.42249,17.08496
FLBB,20250829T043657,212,241,533
CTD_P,20250829T043659,45.57
CTD_P,20250829T043701,45.38
NO3,20250829T043710,-0.77
O2,20250829T043716,240.72501,95.67578,26.35773,28.20139,29.56739,37.62999,8.06260,531.22882,660.34821,17.02250
FLBB,20250829T043719,225,207,533
CTD_P,20250829T043721,43.69
CTD_P,20250829T043723,43.53
CTD_P,20250829T043727,43.13
NO3,20250829T043736,-0.60
O2,20250829T043742,241.29401,95.90385,26.35883,28.17482,29.54082,37.60511,8.06429,530.64697,660.25330,16.98749
FLBB,20250829T043745,224,220,533
CTD_P,20250829T043747,41.36
CTD_P,20250829T043751,41.00
NO3,20250829T043800,-1.00
O2,20250829T043806,241.75250,96.08748,26.35963,28.15349,29.51949,37.58203,8.06254,530.15802,660.20361,16.96182
FLBB,20250829T043809,268,229,533
CTD_P,20250829T043811,39.15
CTD_P,20250829T043815,38.78
NO3,20250829T043824,-0.64
O2,20250829T043830,242.15680,96.24817,26.35962,28.13500,29.50100,37.56315,8.06215,529.63129,660.12762,16.96212
FLBB,20250829T043833,226,217,532
CTD_P,20250829T043835,36.97
CTD_P,20250829T043839,36.63
NO3,20250829T043848,-0.93
O2,20250829T043854,242.46060,96.36863,26.35947,28.12118,29.48718,37.54989,8.06271,529.28369,660.09900,16.96694
FLBB,20250829T043857,238,213,532
CTD_P,20250829T043859,34.75
CTD_P,20250829T043903,34.41
NO3,20250829T043912,-0.68
O2,20250829T043918,242.76489,96.48882,26.35904,28.10747,29.47347,37.53474,8.06126,529.03387,660.10651,16.98081
FLBB,20250829T043921,220,216,532
CTD_P,20250829T043923,32.52
CTD_P,20250829T043927,32.11
NO3,20250829T043936,-0.85
O2,20250829T043942,243.02400,96.59160,26.35891,28.09572,29.46172,37.52212,8.06039,528.71478,660.09479,16.98484
FLBB,20250829T043945,231,263,532
CTD_P,20250829T043947,30.15
CTD_P,20250829T043951,29.77
NO3,20250829T044000,-1.32
O2,20250829T044006,243.12801,96.63258,26.35869,28.09108,29.45708,37.51569,8.05862,528.47198,660.04761,16.99192
FLBB,20250829T044009,232,212,532
CTD_P,20250829T044011,27.92
CTD_P,20250829T044015,27.54
NO3,20250829T044024,-0.99
O2,20250829T044030,243.38680,96.73439,26.35810,28.07953,29.44553,37.50493,8.05939,528.21649,660.08759,17.01090
FLBB,20250829T044033,266,264,532
CTD_P,20250829T044035,25.72
CTD_P,20250829T044039,25.29
NO3,20250829T044048,-0.95
O2,20250829T044054,243.56760,96.80653,26.35828,28.07126,29.43726,37.49632,8.05906,528.01031,660.09778,17.00500
FLBB,20250829T044057,271,227,532
CTD_P,20250829T044059,23.51
CTD_P,20250829T044103,23.14
NO3,20250829T044112,-0.79
O2,20250829T044118,243.78641,96.89275,26.35785,28.06151,29.42751,37.48654,8.05904,527.72998,660.10138,17.01887
FLBB,20250829T044121,230,244,531
CTD_P,20250829T044123,21.26
CTD_P,20250829T044127,20.87
NO3,20250829T044136,-0.87
O2,20250829T044142,244.01401,96.98260,26.35753,28.05132,29.41732,37.47659,8.05927,527.56677,660.16101,17.02909
FLBB,20250829T044145,235,232,531
CTD_P,20250829T044147,18.98
CTD_P,20250829T044151,18.63
NO3,20250829T044200,-0.82
O2,20250829T044206,244.04930,96.99662,26.35750,28.04973,29.41573,37.47310,8.05737,527.49249,660.16858,17.02998
FLBB,20250829T044209,233,210,531
CTD_P,20250829T044211,16.75
CTD_P,20250829T044215,16.36
NO3,20250829T044224,-0.97
O2,20250829T044230,244.16200,97.03970,26.35655,28.04499,29.41099,37.46870,8.05771,527.29962,660.18738,17.06027
FLBB,20250829T044233,233,259,531
CTD_P,20250829T044235,14.64
CTD_P,20250829T044239,14.25
NO3,20250829T044248,-0.95
O2,20250829T044254,244.24471,97.07291,26.35673,28.04118,29.40718,37.46486,8.05768,527.24597,660.19128,17.05466
FLBB,20250829T044257,246,239,531
CTD_P,20250829T044259,12.53
CTD_P,20250829T044303,12.24
NO3,20250829T044312,-0.96
O2,20250829T044318,244.41460,97.14243,26.35785,28.03309,29.39909,37.45599,8.05690,527.07050,660.24127,17.01877
FLBB,20250829T044321,250,229,531
CTD_P,20250829T044323,10.58
CTD_P,20250829T044327,10.24
NO3,20250829T044336,-0.83
O2,20250829T044342,244.71890,97.26424,26.35834,28.01918,29.38518,37.44292,8.05775,526.70129,660.24091,17.00323
FLBB,20250829T044345,261,218,531
CTD_P,20250829T044347,8.65
CTD_P,20250829T044351,8.32
NO3,20250829T044400,-0.93
O2,20250829T044406,245.08810,97.41185,26.35883,28.00236,29.36836,37.42464,8.05628,526.24561,660.22351,16.98739
FLBB,20250829T044409,245,269,531
CTD_P,20250829T044411,6.95
CTD_P,20250829T044415,6.68
NO3,20250829T044424,-1.13
O2,20250829T044430,245.25470,97.47883,26.35925,27.99471,29.36071,37.41694,8.05623,526.02087,660.23389,16.97392
FLBB,20250829T044433,236,217,531
CTD_P,20250829T044435,5.60
CTD_P,20250829T044439,5.34
NO3,20250829T044448,-0.79
O2,20250829T044454,245.37360,97.52562,26.35901,27.98946,29.35546,37.41123,8.05577,525.85889,660.24237,16.98169
FLBB,20250829T044457,254,227,531
CTD_P,20250829T044459,4.26
CTD_P,20250829T044503,3.99
Message,20250829T044507,CP Stopped
CTD_P,20250829T044516,3.27
Message,20250829T044519,Surface Mission
CTD_P,20250829T044522,2.88
CTD_P,20250829T044523,2.83
O2,20250829T044526,245.63260,97.62860,26.35902,27.97783,29.34383,37.39969,8.05586,525.64697,660.32483,16.98130
CTD_P,20250829T044528,2.55
O2,20250829T044541,245.71249,97.65756,26.35747,27.97482,29.34082,37.39397,8.05315,525.52051,660.21008,17.03106
CTD_P,20250829T044542,1.56
O2,20250829T044556,245.91170,97.73946,26.35897,27.96533,29.33133,37.37490,8.04357,525.35651,656.32520,16.98287
CTD_P,20250829T044558,0.61
O2,20250829T044611,246.10410,97.80289,26.35162,27.95943,29.32543,37.36599,8.04056,525.20392,656.22223,17.21763
CTD_P,20250829T044612,-0.06
O2,20250829T044626,244.85049,97.26862,26.33117,28.02331,29.38931,37.44028,8.05096,526.62323,660.13208,17.87105
CTD_P,20250829T044627,0.09
O2,20250829T044642,245.28030,97.48785,26.35862,27.99380,29.35979,37.41068,8.05089,525.94592,660.31293,16.99408
CTD_P,20250829T044643,-0.02
O2,20250829T044656,245.56619,97.54895,26.32893,27.99195,29.35795,37.39941,8.04146,525.92560,656.49573,17.94265
CTD_P,20250829T044657,-0.10
O2,20250829T044711,245.37691,97.51584,26.35271,27.99164,29.35764,37.40879,8.05115,525.87738,660.32953,17.18291
CTD_P,20250829T044713,-0.16
O2,20250829T044726,245.57170,97.53884,26.32195,27.99428,29.36028,37.40308,8.04279,525.90997,656.58588,18.16560
CTD_P,20250829T044727,0.01
O2,20250829T044741,245.53670,97.58824,26.35775,27.98260,29.34860,37.38750,8.03890,525.60059,656.47510,17.02192
CTD_P,20250829T044743,0.02
CTD_P,20250829T045122,-0.02
O2,20250829T045125,244.42300,96.76982,26.14419,28.11209,29.47809,37.54729,8.06921,529.01257,662.26331,23.84754
CTD_P,20250829T045126,-0.09
O2,20250829T045140,245.91589,97.04102,25.96339,28.11213,29.47813,37.53919,8.06107,528.97711,662.17688,29.63264
CTD_P,20250829T045142,-0.23
O2,20250829T045155,244.24969,96.85259,26.23030,28.08789,29.45389,37.50282,8.04893,528.50092,658.56763,21.09420
CTD_P,20250829T045156,-0.13
O2,20250829T045210,245.58760,96.87736,25.94406,28.13413,29.50013,37.54768,8.04755,529.62219,658.46667,30.25145
CTD_P,20250829T045212,-0.30
O2,20250829T045225,244.75720,96.84720,26.11301,28.10859,29.47459,37.52188,8.04729,528.95239,658.58008,24.84478
CTD_P,20250829T045226,-0.29
O2,20250829T045240,245.72301,97.00315,25.98501,28.11274,29.47874,37.53073,8.05199,529.10852,662.61871,28.94057
CTD_P,20250829T045241,-0.26
O2,20250829T045256,243.81461,96.68034,26.23046,28.10754,29.47354,37.51885,8.04531,528.98932,658.98389,21.08918
CTD_P,20250829T045257,-0.26
O2,20250829T045310,245.27350,96.92117,26.03914,28.11281,29.47881,37.53102,8.05222,529.03381,662.79382,27.20818
CTD_P,20250829T045311,-0.28
O2,20250829T045325,244.52400,96.74133,26.10530,28.12201,29.48801,37.53961,8.05161,529.31952,663.09711,25.09144
CTD_P,20250829T045327,-0.29
O2,20250829T045340,245.76830,97.08620,26.02188,28.09695,29.46295,37.50681,8.04386,528.66443,659.14941,27.76060
CTD_P,20250829T045341,-0.26
CTD_P,20250829T045342,-0.26
CTD_P,20250829T045419,-0.19
CTD_bins,20250829T045816,26112,1001,1999.450
CTD_CP_H,20250829T045835,4.38,26.3617,36.5134,22,0.267408,11
CTD_CP_H,20250829T045835,5.99,26.3621,36.5134,36,0.267560,18
CTD_CP_H,20250829T045836,7.98,26.3620,36.5137,28,0.267736,14
CTD_CP_H,20250829T045836,10.02,26.3616,36.5135,24,0.267881,12
CTD_CP_H,20250829T045836,12.02,26.3610,36.5134,24,0.268021,12
CTD_CP_H,20250829T045836,14.01,26.3606,36.5135,23,0.268158,11
CTD_CP_H,20250829T045836,15.98,26.3618,36.5132,22,0.268295,11
CTD_CP_H,20250829T045836,18.00,26.3621,36.5138,22,0.268430,11
CTD_CP_H,20250829T045836,20.03,26.3629,36.5135,21,0.268576,11
CTD_CP_H,20250829T045836,21.99,26.3627,36.5137,21,0.268714,10
CTD_CP_H,20250829T045836,23.99,26.3635,36.5138,22,0.268862,11
CTD_CP_H,20250829T045836,26.00,26.3635,36.5138,22,0.269014,11
CTD_CP_H,20250829T045836,27.99,26.3641,36.5140,21,0.269174,11
CTD_CP_H,20250829T045836,29.98,26.3644,36.5140,21,0.269328,10
CTD_CP_H,20250829T045836,31.97,26.3653,36.5138,20,0.269478,10
CTD_CP_H,20250829T045836,33.99,26.3649,36.5142,22,0.269642,11
CTD_CP_H,20250829T045837,36.01,26.3655,36.5141,22,0.269810,11
CTD_CP_H,20250829T045837,37.99,26.3659,36.5142,22,0.269990,11
CTD_CP_H,20250829T045837,39.98,26.3664,36.5138,21,0.270165,11
CTD_CP_H,20250829T045837,41.98,26.3658,36.5141,23,0.270341,11
CTD_CP_H,20250829T045837,44.03,26.3661,36.5139,23,0.270540,12
CTD_CP_H,20250829T045837,46.06,26.3653,36.5142,26,0.270752,13
CTD_CP_H,20250829T045837,48.05,26.3655,36.5139,32,0.270998,16
CTD_CP_H,20250829T045837,50.01,26.3595,36.5144,38,0.271302,19
CTD_CP_H,20250829T045837,52.09,26.3185,36.5168,48,0.271672,24
CTD_CP_H,20250829T045837,53.92,26.1584,36.5111,93,0.272270,46
CTD_CP_H,20250829T045837,55.49,25.5918,36.4697,355,0.274263,178
CTD_CP_H,20250829T045837,57.99,24.3305,36.3814,35,0.275936,17
CTD_CP_H,20250829T045837,59.99,24.0294,36.3678,33,0.276200,17
CTD_CP_H,20250829T045837,61.99,23.8843,36.3461,31,0.276450,15
CTD_CP_H,20250829T045838,63.99,23.7356,36.3184,33,0.276706,17
CTD_CP_H,20250829T045838,66.02,23.7170,36.3351,31,0.276966,15
CTD_CP_H,20250829T045838,68.02,23.7459,36.3769,31,0.277209,16
CTD_CP_H,20250829T045838,70.00,23.6815,36.3782,29,0.277450,14
CTD_CP_H,20250829T045838,72.00,23.5140,36.3483,30,0.277680,15
CTD_CP_H,20250829T045838,74.00,23.5042,36.3550,29,0.277919,15
CTD_CP_H,20250829T045838,76.00,23.4761,36.3527,31,0.278146,15
CTD_CP_H,20250829T045838,77.99,23.4123,36.3352,30,0.278370,15
CTD_CP_H,20250829T045838,80.00,23.1732,36.2922,30,0.278586,15
CTD_CP_H,20250829T045838,81.99,23.0321,36.2631,28,0.278791,14
CTD_CP_H,20250829T045838,83.98,22.8691,36.2337,29,0.278988,15
CTD_CP_H,20250829T045838,85.99,22.7194,36.2072,27,0.279169,13
CTD_CP_H,20250829T045838,88.02,22.4768,36.1748,28,0.279344,14
CTD_CP_H,20250829T045839,90.01,22.3994,36.1620,25,0.279510,13
CTD_CP_H,20250829T045839,91.98,22.3104,36.1537,26,0.279663,13
CTD_CP_H,20250829T045839,93.99,22.1926,36.1420,25,0.279812,12
CTD_CP_H,20250829T045839,96.00,22.1523,36.1348,25,0.279953,13
CTD_CP_H,20250829T045839,98.03,21.9456,36.1117,23,0.280076,11
CTD_CP_H,20250829T045839,100.02,21.6895,36.0837,23,0.280191,12
CTD_CP_H,20250829T045839,102.01,21.5057,36.0606,22,0.280312,11
CTD_CP_H,20250829T045839,104.02,21.4188,36.0511,24,0.280423,12
CTD_CP_H,20250829T045839,106.04,21.3526,36.0412,28,0.280542,14
CTD_CP_H,20250829T045839,107.97,21.3029,36.0318,29,0.280670,14
CTD_CP_H,20250829T045839,110.00,21.1651,36.0345,30,0.280802,15
CTD_CP_H,20250829T045839,112.07,21.0077,36.0289,33,0.280943,17
CTD_CP_H,20250829T045839,114.00,20.8485,36.0191,40,0.281102,20
CTD_CP_H,20250829T045839,116.12,20.7391,36.0220,48,0.281291,24
CTD_CP_H,20250829T045840,117.99,20.6311,36.0116,125,0.281673,62
CTD_CP_H,20250829T045840,119.97,20.5176,35.9977,105,0.282198,53
CTD_CP_H,20250829T045840,121.93,20.3866,35.9781,83,0.282633,41
CTD_CP_H,20250829T045840,123.97,20.1900,35.9568,67,0.282990,34
CTD_CP_H,20250829T045840,126.01,20.0593,35.9569,64,0.283312,32
CTD_CP_H,20250829T045840,127.98,20.0186,35.9567,58,0.283614,29
CTD_CP_H,20250829T045840,129.98,19.9076,35.9459,52,0.283895,26
CTD_CP_H,20250829T045840,131.97,19.8014,35.9491,44,0.284145,22
CTD_CP_H,20250829T045840,133.98,19.7813,35.9944,43,0.284366,21
CTD_CP_H,20250829T045840,135.98,19.7528,36.0081,39,0.284581,20
CTD_CP_H,20250829T045840,137.99,19.6565,36.0282,37,0.284778,18
CTD_CP_H,20250829T045840,140.00,19.6293,36.0511,36,0.284961,18
CTD_CP_H,20250829T045840,142.00,19.5118,36.0475,34,0.285135,17
CTD_CP_H,20250829T045840,143.99,19.4242,36.0548,32,0.285297,16
CTD_CP_H,20250829T045841,146.00,19.2939,36.0651,32,0.285458,16
CTD_CP_H,20250829T045841,148.02,19.1800,36.0958,30,0.285606,15
CTD_CP_H,20250829T045841,149.98,19.1652,36.1077,30,0.285749,15
CTD_CP_H,20250829T045841,151.98,19.0912,36.1114,30,0.285891,15
CTD_CP_H,20250829T045841,153.98,18.9783,36.1200,26,0.286022,13
CTD_CP_H,20250829T045841,155.98,18.9275,36.1392,25,0.286145,13
CTD_CP_H,20250829T045841,158.02,18.8845,36.1476,25,0.286261,12
CTD_CP_H,20250829T045841,160.01,18.8486,36.1466,24,0.286370,12
CTD_CP_H,20250829T045841,162.00,18.7669,36.1516,24,0.286471,12
CTD_CP_H,20250829T045841,164.01,18.7919,36.1810,23,0.286574,12
CTD_CP_H,20250829T045841,166.03,18.7089,36.1849,23,0.286674,11
CTD_CP_H,20250829T045841,168.01,18.5578,36.1639,22,0.286760,11
CTD_CP_H,20250829T045841,170.02,18.3574,36.1416,23,0.286858,12
CTD_CP_H,20250829T045842,172.02,18.2790,36.1409,21,0.286946,10
CTD_CP_H,20250829T045842,173.97,18.2607,36.1458,22,0.287031,11
CTD_CP_H,20250829T045842,175.97,18.3208,36.1881,22,0.287122,11
CTD_CP_H,20250829T045842,177.98,18.2217,36.1879,22,0.287206,11
CTD_CP_H,20250829T045842,180.00,18.1258,36.2013,21,0.287302,11
CTD_CP_H,20250829T045842,181.99,18.0941,36.2215,21,0.287389,10
CTD_CP_H,20250829T045842,183.99,18.0724,36.2302,22,0.287470,11
CTD_CP_H,20250829T045842,186.02,18.1557,36.3044,25,0.287571,13
CTD_CP_H,20250829T045842,188.01,18.1133,36.3025,25,0.287666,12
CTD_CP_H,20250829T045842,189.99,18.0047,36.2820,25,0.287766,13
CTD_CP_H,20250829T045842,192.01,18.0359,36.3100,27,0.287858,13
CTD_CP_H,20250829T045842,194.02,17.9864,36.3235,32,0.287961,16
CTD_CP_H,20250829T045842,196.00,17.9268,36.3119,33,0.288078,17
CTD_CP_H,20250829T045842,198.00,17.7867,36.2786,33,0.288181,16
CTD_CP_H,20250829T045843,200.06,17.5066,36.2186,40,0.288289,20
CTD_CP_H,20250829T045843,201.98,17.2475,36.1646,49,0.288438,25
CTD_CP_H,20250829T045843,203.99,17.2330,36.1609,48,0.288609,24
CTD_CP_H,20250829T045843,205.99,17.2296,36.1603,42,0.288773,21
CTD_CP_H,20250829T045843,207.98,17.2957,36.2003,36,0.288923,18
CTD_CP_H,20250829T045843,209.98,17.3163,36.2560,35,0.289064,17
CTD_CP_H,20250829T045843,212.00,17.2833,36.2586,35,0.289204,18
CTD_CP_H,20250829T045843,213.98,17.3153,36.2802,33,0.289340,16
CTD_CP_H,20250829T045843,215.97,17.3357,36.3072,34,0.289478,17
CTD_CP_H,20250829T045843,217.99,17.2385,36.2916,34,0.289616,17
CTD_CP_H,20250829T045843,220.00,17.2040,36.2954,36,0.289764,18
CTD_CP_H,20250829T045843,221.98,17.2503,36.3247,35,0.289910,18
CTD_CP_H,20250829T045843,224.00,17.2191,36.3364,37,0.290051,18
CTD_CP_H,20250829T045843,226.01,17.0780,36.3096,36,0.290186,18
CTD_CP_H,20250829T045844,227.99,17.0042,36.3058,37,0.290321,19
CTD_CP_H,20250829T045844,230.01,16.8295,36.2776,34,0.290453,17
CTD_CP_H,20250829T045844,231.99,16.6948,36.2533,34,0.290576,17
CTD_CP_H,20250829T045844,233.97,16.5981,36.2412,33,0.290696,16
CTD_CP_H,20250829T045844,235.98,16.5593,36.2395,33,0.290819,17
CTD_CP_H,20250829T045844,238.00,16.5278,36.2436,32,0.290944,16
CTD_CP_H,20250829T045844,240.00,16.4812,36.2392,31,0.291060,15
CTD_CP_H,20250829T045844,241.99,16.4399,36.2365,30,0.291177,15
CTD_CP_H,20250829T045844,243.96,16.4506,36.2589,29,0.291293,15
CTD_CP_H,20250829T045844,245.97,16.4404,36.2634,30,0.291416,15
CTD_CP_H,20250829T045844,248.01,16.4429,36.2719,29,0.291526,14
CTD_CP_H,20250829T045844,250.02,16.4234,36.2702,29,0.291637,15
CTD_CP_H,20250829T045844,252.01,16.3906,36.2650,28,0.291747,14
CTD_CP_H,20250829T045844,254.00,16.3693,36.2599,28,0.291849,14
CTD_CP_H,20250829T045845,255.99,16.3061,36.2483,27,0.291942,13
CTD_CP_H,20250829T045845,258.01,16.2588,36.2439,27,0.292041,14
CTD_CP_H,20250829T045845,260.02,16.1703,36.2306,26,0.292124,13
CTD_CP_H,20250829T045845,262.00,16.0373,36.2078,25,0.292208,12
CTD_CP_H,20250829T045845,264.01,15.8941,36.1861,25,0.292284,13
CTD_CP_H,20250829T045845,266.02,15.7968,36.1689,24,0.292366,12
CTD_CP_H,20250829T045845,267.99,15.7481,36.1578,24,0.292439,12
CTD_CP_H,20250829T045845,270.00,15.7229,36.1533,24,0.292521,12
CTD_CP_H,20250829T045845,272.02,15.7113,36.1568,23,0.292588,11
CTD_CP_H,20250829T045845,273.98,15.7101,36.1625,22,0.292664,11
CTD_CP_H,20250829T045845,275.97,15.6888,36.1599,23,0.292730,12
CTD_CP_H,20250829T045845,278.00,15.6643,36.1564,23,0.292804,11
CTD_CP_H,20250829T045845,280.01,15.6322,36.1520,22,0.292867,11
CTD_CP_H,20250829T045846,282.00,15.5701,36.1458,23,0.292942,12
CTD_CP_H,20250829T045846,284.03,15.5497,36.1414,26,0.293010,13
CTD_CP_H,20250829T045846,286.02,15.5209,36.1365,29,0.293096,14
CTD_CP_H,20250829T045846,287.99,15.4506,36.1256,31,0.293172,16
CTD_CP_H,20250829T045846,290.03,15.3660,36.1139,31,0.293262,15
CTD_CP_H,20250829T045846,292.03,15.3127,36.1040,29,0.293338,15
CTD_CP_H,20250829T045846,294.01,15.2295,36.0925,30,0.293427,15
CTD_CP_H,20250829T045846,295.99,15.2003,36.0877,29,0.293505,14
CTD_CP_H,20250829T045846,297.99,15.1773,36.0838,31,0.293588,16
CTD_CP_H,20250829T045846,300.01,15.1581,36.0809,30,0.293672,15
CTD_CP_H,20250829T045846,302.00,15.1282,36.0776,30,0.293753,15
CTD_CP_H,20250829T045846,303.99,15.0979,36.0734,30,0.293829,15
CTD_CP_H,20250829T045846,305.99,15.0282,36.0650,29,0.293903,14
CTD_CP_H,20250829T045846,308.00,14.9730,36.0574,29,0.293976,15
CTD_CP_H,20250829T045847,309.99,14.9136,36.0491,29,0.294051,14
CTD_CP_H,20250829T045847,311.98,14.8825,36.0442,29,0.294119,15
CTD_CP_H,20250829T045847,313.99,14.8328,36.0369,29,0.294191,14
CTD_CP_H,20250829T045847,315.99,14.7947,36.0312,28,0.294255,14
CTD_CP_H,20250829T045847,317.98,14.7249,36.0232,28,0.294324,14
CTD_CP_H,20250829T045847,320.00,14.6808,36.0183,29,0.294389,15
CTD_CP_H,20250829T045847,322.01,14.6716,36.0183,28,0.294466,14
CTD_CP_H,20250829T045847,324.02,14.6611,36.0189,28,0.294524,14
CTD_CP_H,20250829T045847,326.03,14.6306,36.0147,28,0.294597,14
CTD_CP_H,20250829T045847,328.01,14.5943,36.0105,27,0.294659,13
CTD_CP_H,20250829T045847,330.00,14.5530,36.0045,28,0.294723,14
CTD_CP_H,20250829T045847,331.99,14.5148,35.9996,27,0.294791,14
CTD_CP_H,20250829T045847,333.99,14.5076,36.0015,28,0.294850,14
CTD_CP_H,20250829T045847,336.02,14.5038,36.0012,27,0.294920,13
CTD_CP_H,20250829T045848,338.02,14.4496,35.9929,27,0.294982,14
CTD_CP_H,20250829T045848,340.02,14.4053,35.9898,26,0.295042,13
CTD_CP_H,20250829T045848,342.00,14.3855,35.9865,26,0.295112,13
CTD_CP_H,20250829T045848,343.99,14.3643,35.9835,26,0.295167,13
CTD_CP_H,20250829T045848,346.00,14.3395,35.9794,26,0.295236,13
CTD_CP_H,20250829T045848,347.99,14.3116,35.9765,25,0.295290,12
CTD_CP_H,20250829T045848,349.97,14.2939,35.9744,25,0.295352,13
CTD_CP_H,20250829T045848,352.00,14.2858,35.9739,26,0.295418,13
CTD_CP_H,20250829T045848,354.01,14.2816,35.9728,24,0.295473,12
CTD_CP_H,20250829T045848,355.99,14.2790,35.9750,25,0.295542,12
CTD_CP_H,20250829T045848,358.02,14.2439,35.9747,25,0.295595,13
CTD_CP_H,20250829T045848,360.01,14.2258,35.9721,24,0.295660,12
CTD_CP_H,20250829T045848,361.99,14.2213,35.9711,25,0.295718,12
CTD_CP_H,20250829T045849,364.01,14.2060,35.9687,24,0.295770,12
CTD_CP_H,20250829T045849,366.00,14.1820,35.9650,24,0.295833,12
CTD_CP_H,20250829T045849,367.98,14.1506,35.9608,24,0.295886,12
CTD_CP_H,20250829T045849,369.98,14.1034,35.9541,24,0.295939,12
CTD_CP_H,20250829T045849,372.01,14.0722,35.9503,24,0.295996,12
CTD_CP_H,20250829T045849,374.02,14.0259,35.9454,23,0.296047,12
CTD_CP_H,20250829T045849,375.99,13.9734,35.9413,23,0.296095,11
CTD_CP_H,20250829T045849,377.97,13.9399,35.9397,23,0.296145,12
CTD_CP_H,20250829T045849,379.96,13.9145,35.9375,23,0.296195,11
CTD_CP_H,20250829T045849,381.97,13.8924,35.9353,23,0.296235,12
CTD_CP_H,20250829T045849,383.99,13.8583,35.9307,23,0.296294,11
CTD_CP_H,20250829T045849,386.02,13.8224,35.9259,23,0.296337,12
CTD_CP_H,20250829T045849,388.01,13.8029,35.9233,22,0.296377,11
CTD_CP_H,20250829T045849,389.96,13.7821,35.9205,22,0.296430,11
CTD_CP_H,20250829T045850,391.96,13.7585,35.9179,23,0.296477,11
CTD_CP_H,20250829T045850,394.00,13.7335,35.9150,23,0.296517,12
CTD_CP_H,20250829T045850,396.02,13.7167,35.9125,23,0.296563,11
CTD_CP_H,20250829T045850,398.03,13.6997,35.9097,23,0.296614,12
CTD_CP_H,20250829T045850,400.00,13.6723,35.9059,22,0.296655,11
CTD_CP_H,20250829T045850,401.97,13.6417,35.9010,23,0.296695,11
CTD_CP_H,20250829T045850,403.98,13.5922,35.8944,23,0.296736,12
CTD_CP_H,20250829T045850,405.99,13.5789,35.8916,23,0.296783,11
CTD_CP_H,20250829T045850,408.00,13.5560,35.8883,23,0.296824,12
CTD_CP_H,20250829T045850,409.99,13.5445,35.8857,22,0.296864,11
CTD_CP_H,20250829T045850,411.96,13.5106,35.8816,22,0.296908,11
CTD_CP_H,20250829T045850,413.97,13.4852,35.8773,23,0.296947,11
CTD_CP_H,20250829T045850,416.00,13.4710,35.8757,23,0.296988,12
CTD_CP_H,20250829T045850,418.00,13.4581,35.8736,22,0.297032,11
CTD_CP_H,20250829T045851,420.01,13.4395,35.8710,23,0.297074,11
CTD_CP_H,20250829T045851,422.02,13.4061,35.8660,22,0.297112,11
CTD_CP_H,20250829T045851,424.02,13.3934,35.8648,23,0.297148,12
CTD_CP_H,20250829T045851,426.01,13.3808,35.8635,22,0.297186,11
CTD_CP_H,20250829T045851,427.98,13.3582,35.8603,23,0.297233,11
CTD_CP_H,20250829T045851,429.99,13.3419,35.8581,23,0.297264,12
CTD_CP_H,20250829T045851,431.99,13.3138,35.8542,23,0.297306,11
CTD_CP_H,20250829T045851,434.00,13.2972,35.8509,25,0.297345,13
CTD_CP_H,20250829T045851,436.02,13.2714,35.8489,29,0.297389,14
CTD_CP_H,20250829T045851,437.98,13.2442,35.8463,31,0.297441,16
CTD_CP_H,20250829T045851,439.99,13.2151,35.8425,31,0.297486,15
CTD_CP_H,20250829T045851,442.01,13.1618,35.8340,31,0.297537,16
CTD_CP_H,20250829T045851,444.01,13.1161,35.8270,30,0.297590,15
CTD_CP_H,20250829T045852,445.99,13.0917,35.8243,31,0.297638,15
CTD_CP_H,20250829T045852,448.01,13.0857,35.8263,31,0.297697,16
CTD_CP_H,20250829T045852,449.98,13.0886,35.8303,30,0.297743,15
CTD_CP_H,20250829T045852,451.98,13.0913,35.8349,32,0.297815,16
CTD_CP_H,20250829T045852,453.99,13.0952,35.8370,31,0.297864,15
CTD_CP_H,20250829T045852,456.00,13.0909,35.8368,32,0.297921,16
CTD_CP_H,20250829T045852,458.01,13.0831,35.8357,31,0.297991,16
CTD_CP_H,20250829T045852,459.99,13.0762,35.8348,31,0.298039,15
CTD_CP_H,20250829T045852,461.97,13.0675,35.8330,31,0.298104,16
CTD_CP_H,20250829T045852,463.98,13.0551,35.8312,32,0.298162,16
CTD_CP_H,20250829T045852,465.98,13.0301,35.8277,30,0.298213,15
CTD_CP_H,20250829T045852,467.98,12.9764,35.8208,31,0.298274,15
CTD_CP_H,20250829T045852,469.99,12.9444,35.8170,30,0.298323,15
CTD_CP_H,20250829T045852,471.99,12.9375,35.8154,30,0.298378,15
CTD_CP_H,20250829T045853,473.98,12.9104,35.8118,29,0.298433,15
CTD_CP_H,20250829T045853,476.00,12.8567,35.8047,30,0.298484,15
CTD_CP_H,20250829T045853,478.02,12.8330,35.8016,29,0.298532,14
CTD_CP_H,20250829T045853,480.02,12.8150,35.7988,29,0.298586,15
CTD_CP_H,20250829T045853,482.02,12.7801,35.7948,28,0.298632,14
CTD_CP_H,20250829T045853,484.00,12.7578,35.7922,28,0.298678,14
CTD_CP_H,20250829T045853,486.00,12.7404,35.7901,28,0.298731,14
CTD_CP_H,20250829T045853,488.02,12.7271,35.7889,28,0.298779,14
CTD_CP_H,20250829T045853,490.01,12.7130,35.7871,27,0.298826,13
CTD_CP_H,20250829T045853,491.99,12.7034,35.7869,27,0.298876,14
CTD_CP_H,20250829T045853,493.99,12.6889,35.7861,27,0.298921,13
CTD_CP_H,20250829T045853,496.00,12.6686,35.7833,26,0.298966,13
CTD_CP_H,20250829T045853,497.99,12.6523,35.7814,26,0.299021,13
CTD_CP_H,20250829T045853,500.01,12.6326,35.7785,26,0.299062,13
CTD_CP_H,20250829T045854,502.04,12.6190,35.7771,26,0.299107,13
CTD_CP_H,20250829T045854,504.03,12.6088,35.7762,25,0.299140,13
CTD_CP_H,20250829T045854,506.03,12.5889,35.7736,26,0.299198,13
CTD_CP_H,20250829T045854,508.01,12.5610,35.7700,24,0.299239,12
CTD_CP_H,20250829T045854,509.97,12.5312,35.7659,25,0.299273,12
CTD_CP_H,20250829T045854,511.97,12.5147,35.7630,25,0.299325,13
CTD_CP_H,20250829T045854,513.98,12.4993,35.7612,25,0.299371,12
CTD_CP_H,20250829T045854,515.98,12.4677,35.7576,24,0.299399,12
CTD_CP_H,20250829T045854,518.00,12.4532,35.7578,25,0.299453,13
CTD_CP_H,20250829T045854,520.01,12.4450,35.7570,24,0.299501,12
CTD_CP_H,20250829T045854,522.01,12.4366,35.7557,24,0.299538,12
CTD_CP_H,20250829T045854,524.00,12.4227,35.7545,24,0.299575,12
CTD_CP_H,20250829T045854,525.99,12.4149,35.7533,24,0.299627,12
CTD_CP_H,20250829T045855,527.99,12.3980,35.7516,24,0.299673,12
CTD_CP_H,20250829T045855,530.00,12.3852,35.7504,24,0.299708,12
CTD_CP_H,20250829T045855,532.00,12.3766,35.7494,23,0.299752,11
CTD_CP_H,20250829T045855,533.98,12.3757,35.7491,23,0.299795,12
CTD_CP_H,20250829T045855,536.01,12.3565,35.7473,24,0.299841,12
CTD_CP_H,20250829T045855,538.01,12.3411,35.7452,22,0.299877,11
CTD_CP_H,20250829T045855,539.97,12.3291,35.7439,23,0.299922,11
CTD_CP_H,20250829T045855,541.99,12.3074,35.7421,23,0.299968,12
CTD_CP_H,20250829T045855,543.98,12.2929,35.7406,22,0.300005,11
CTD_CP_H,20250829T045855,545.98,12.2766,35.7397,23,0.300040,11
CTD_CP_H,20250829T045855,547.98,12.2640,35.7383,22,0.300084,11
CTD_CP_H,20250829T045855,549.99,12.2469,35.7366,23,0.300128,12
CTD_CP_H,20250829T045855,552.02,12.2343,35.7347,22,0.300161,11
CTD_CP_H,20250829T045855,554.03,12.2225,35.7328,22,0.300198,11
CTD_CP_H,20250829T045856,556.03,12.1913,35.7296,22,0.300240,11
CTD_CP_H,20250829T045856,558.01,12.1755,35.7283,21,0.300279,10
CTD_CP_H,20250829T045856,559.99,12.1608,35.7276,22,0.300311,11
CTD_CP_H,20250829T045856,562.03,12.1225,35.7224,22,0.300345,11
CTD_CP_H,20250829T045856,564.02,12.1074,35.7208,21,0.300385,11
CTD_CP_H,20250829T045856,566.02,12.0792,35.7177,22,0.300426,11
CTD_CP_H,20250829T045856,568.02,12.0590,35.7151,21,0.300455,10
CTD_CP_H,20250829T045856,569.97,12.0481,35.7136,21,0.300483,11
CTD_CP_H,20250829T045856,571.99,12.0398,35.7129,22,0.300528,11
CTD_CP_H,20250829T045856,573.99,12.0319,35.7119,21,0.300562,10
CTD_CP_H,20250829T045856,576.00,12.0082,35.7093,22,0.300598,11
CTD_CP_H,20250829T045856,578.00,11.9921,35.7066,21,0.300629,11
CTD_CP_H,20250829T045856,580.01,11.9569,35.7031,22,0.300663,11
CTD_CP_H,20250829T045856,582.04,11.9375,35.7020,22,0.300705,11
CTD_CP_H,20250829T045857,584.05,11.9216,35.7012,25,0.300744,12
CTD_CP_H,20250829T045857,586.02,11.9146,35.7004,28,0.300783,14
CTD_CP_H,20250829T045857,587.99,11.9062,35.6999,28,0.300829,14
CTD_CP_H,20250829T045857,589.99,11.8995,35.7008,28,0.300883,14
CTD_CP_H,20250829T045857,591.99,11.8906,35.6996,28,0.300927,14
CTD_CP_H,20250829T045857,593.99,11.8704,35.6982,28,0.300974,14
CTD_CP_H,20250829T045857,596.00,11.8532,35.6965,28,0.301025,14
CTD_CP_H,20250829T045857,597.99,11.8390,35.6959,27,0.301071,14
CTD_CP_H,20250829T045857,599.97,11.8333,35.6950,28,0.301121,14
CTD_CP_H,20250829T045857,601.98,11.8258,35.6939,28,0.301177,14
CTD_CP_H,20250829T045857,603.99,11.8014,35.6914,28,0.301219,14
CTD_CP_H,20250829T045857,605.99,11.7819,35.6908,27,0.301264,13
CTD_CP_H,20250829T045857,607.99,11.7696,35.6897,28,0.301318,14
CTD_CP_H,20250829T045857,610.03,11.7547,35.6885,28,0.301363,14
CTD_CP_H,20250829T045858,612.01,11.7302,35.6872,27,0.301413,14
CTD_CP_H,20250829T045858,614.00,11.7208,35.6862,28,0.301468,14
CTD_CP_H,20250829T045858,615.98,11.7106,35.6850,27,0.301511,13
CTD_CP_H,20250829T045858,617.99,11.6868,35.6830,28,0.301555,14
CTD_CP_H,20250829T045858,620.00,11.6577,35.6802,27,0.301608,14
CTD_CP_H,20250829T045858,622.00,11.6363,35.6775,27,0.301659,13
CTD_CP_H,20250829T045858,624.00,11.6126,35.6749,27,0.301699,14
CTD_CP_H,20250829T045858,626.01,11.6014,35.6735,27,0.301747,13
CTD_CP_H,20250829T045858,627.99,11.5835,35.6717,26,0.301797,13
CTD_CP_H,20250829T045858,630.00,11.5606,35.6693,27,0.301845,14
CTD_CP_H,20250829T045858,632.00,11.5341,35.6670,26,0.301887,13
CTD_CP_H,20250829T045858,634.01,11.5143,35.6649,27,0.301941,13
CTD_CP_H,20250829T045858,636.00,11.5040,35.6634,26,0.301981,13
CTD_CP_H,20250829T045859,637.99,11.4952,35.6633,26,0.302027,13
CTD_CP_H,20250829T045859,640.01,11.4847,35.6624,27,0.302080,14
CTD_CP_H,20250829T045859,642.01,11.4735,35.6611,25,0.302126,12
CTD_CP_H,20250829T045859,643.97,11.4605,35.6599,26,0.302163,13
CTD_CP_H,20250829T045859,645.97,11.4394,35.6570,26,0.302224,13
CTD_CP_H,20250829T045859,648.00,11.4191,35.6545,26,0.302268,13
CTD_CP_H,20250829T045859,650.01,11.4063,35.6535,26,0.302311,13
CTD_CP_H,20250829T045859,652.00,11.3942,35.6518,25,0.302361,13
CTD_CP_H,20250829T045859,653.99,11.3654,35.6506,25,0.302410,12
CTD_CP_H,20250829T045859,655.99,11.3539,35.6492,25,0.302452,13
CTD_CP_H,20250829T045859,657.98,11.3411,35.6477,25,0.302496,12
CTD_CP_H,20250829T045859,659.99,11.3267,35.6460,25,0.302548,13
CTD_CP_H,20250829T045859,661.98,11.3118,35.6448,24,0.302590,12
CTD_CP_H,20250829T045859,663.99,11.2968,35.6442,25,0.302632,12
CTD_CP_H,20250829T045900,666.00,11.2890,35.6439,24,0.302681,12
CTD_CP_H,20250829T045900,667.98,11.2746,35.6421,24,0.302728,12
CTD_CP_H,20250829T045900,669.99,11.2489,35.6403,24,0.302769,12
CTD_CP_H,20250829T045900,672.01,11.2280,35.6387,24,0.302813,12
CTD_CP_H,20250829T045900,674.00,11.2175,35.6377,23,0.302859,12
CTD_CP_H,20250829T045900,675.96,11.2080,35.6360,24,0.302905,12
CTD_CP_H,20250829T045900,677.99,11.1892,35.6338,24,0.302942,12
CTD_CP_H,20250829T045900,680.02,11.1544,35.6301,24,0.302988,12
CTD_CP_H,20250829T045900,682.02,11.1286,35.6266,23,0.303031,11
CTD_CP_H,20250829T045900,683.98,11.1218,35.6261,23,0.303068,12
CTD_CP_H,20250829T045900,685.98,11.1062,35.6248,24,0.303116,12
CTD_CP_H,20250829T045900,687.99,11.0855,35.6208,23,0.303161,11
CTD_CP_H,20250829T045900,689.99,11.0692,35.6179,23,0.303198,12
CTD_CP_H,20250829T045900,692.00,11.0292,35.6125,23,0.303239,11
CTD_CP_H,20250829T045901,694.01,11.0001,35.6083,23,0.303284,12
CTD_CP_H,20250829T045901,696.02,10.9971,35.6088,23,0.303329,11
CTD_CP_H,20250829T045901,698.02,10.9977,35.6086,23,0.303371,12
CTD_CP_H,20250829T045901,700.02,11.0059,35.6126,23,0.303416,11
CTD_CP_H,20250829T045901,702.03,11.0016,35.6136,23,0.303459,12
CTD_CP_H,20250829T045901,704.04,10.9860,35.6119,23,0.303503,11
CTD_CP_H,20250829T045901,706.05,10.9660,35.6098,23,0.303547,12
CTD_CP_H,20250829T045901,708.00,10.9491,35.6079,22,0.303594,11
CTD_CP_H,20250829T045901,709.97,10.9366,35.6059,23,0.303631,11
CTD_CP_H,20250829T045901,711.99,10.9268,35.6045,23,0.303676,12
CTD_CP_H,20250829T045901,713.98,10.9139,35.6032,22,0.303717,11
CTD_CP_H,20250829T045901,715.98,10.8967,35.6016,23,0.303760,11
CTD_CP_H,20250829T045901,717.98,10.8732,35.5993,22,0.303799,11
CTD_CP_H,20250829T045902,719.96,10.8419,35.5957,22,0.303837,11
CTD_CP_H,20250829T045902,721.99,10.8103,35.5923,23,0.303875,12
CTD_CP_H,20250829T045902,724.03,10.7994,35.5915,22,0.303928,11
CTD_CP_H,20250829T045902,726.02,10.7870,35.5900,22,0.303964,11
CTD_CP_H,20250829T045902,728.01,10.7723,35.5881,22,0.304000,11
CTD_CP_H,20250829T045902,730.02,10.7549,35.5861,22,0.304039,11
CTD_CP_H,20250829T045902,731.99,10.7318,35.5835,21,0.304082,10
CTD_CP_H,20250829T045902,733.98,10.7082,35.5806,22,0.304117,11
CTD_CP_H,20250829T045902,736.00,10.6883,35.5785,22,0.304155,11
CTD_CP_H,20250829T045902,738.01,10.6839,35.5776,22,0.304193,11
CTD_CP_H,20250829T045902,740.02,10.6767,35.5770,22,0.304238,11
CTD_CP_H,20250829T045902,742.03,10.6595,35.5756,22,0.304272,11
CTD_CP_H,20250829T045902,744.01,10.6412,35.5739,21,0.304308,11
CTD_CP_H,20250829T045902,745.99,10.6281,35.5721,22,0.304354,11
CTD_CP_H,20250829T045903,748.01,10.6083,35.5696,22,0.304390,11
CTD_CP_H,20250829T045903,750.03,10.5833,35.5673,22,0.304427,11
CTD_CP_H,20250829T045903,752.05,10.5617,35.5646,22,0.304461,11
CTD_CP_H,20250829T045903,754.04,10.5418,35.5626,21,0.304505,10
CTD_CP_H,20250829T045903,756.03,10.5275,35.5610,22,0.304541,11
CTD_CP_H,20250829T045903,758.02,10.5123,35.5593,21,0.304579,11
CTD_CP_H,20250829T045903,760.01,10.4877,35.5572,22,0.304613,11
CTD_CP_H,20250829T045903,762.03,10.4716,35.5556,22,0.304654,11
CTD_CP_H,20250829T045903,764.05,10.4538,35.5541,23,0.304695,11
CTD_CP_H,20250829T045903,766.03,10.4402,35.5526,26,0.304735,13
CTD_CP_H,20250829T045903,767.98,10.4317,35.5516,29,0.304778,15
CTD_CP_H,20250829T045903,770.00,10.4124,35.5512,29,0.304835,14
CTD_CP_H,20250829T045903,771.99,10.4073,35.5536,28,0.304883,14
CTD_CP_H,20250829T045903,773.99,10.3978,35.5533,29,0.304931,15
CTD_CP_H,20250829T045904,776.01,10.3840,35.5522,28,0.304991,14
CTD_CP_H,20250829T045904,778.00,10.3646,35.5504,28,0.305035,14
CTD_CP_H,20250829T045904,780.01,10.3525,35.5492,29,0.305079,14
CTD_CP_H,20250829T045904,782.01,10.3275,35.5459,28,0.305132,14
CTD_CP_H,20250829T045904,784.01,10.2865,35.5395,28,0.305178,14
CTD_CP_H,20250829T045904,786.02,10.2571,35.5364,28,0.305221,14
CTD_CP_H,20250829T045904,788.03,10.2346,35.5341,27,0.305276,14
CTD_CP_H,20250829T045904,789.99,10.2046,35.5309,27,0.305316,13
CTD_CP_H,20250829T045904,792.00,10.1861,35.5293,28,0.305361,14
CTD_CP_H,20250829T045904,794.04,10.1705,35.5278,27,0.305408,14
CTD_CP_H,20250829T045904,796.03,10.1559,35.5264,27,0.305453,13
CTD_CP_H,20250829T045904,798.03,10.1360,35.5247,27,0.305497,14
CTD_CP_H,20250829T045904,800.04,10.1133,35.5224,27,0.305536,13
CTD_CP_H,20250829T045904,802.03,10.0906,35.5206,26,0.305588,13
CTD_CP_H,20250829T045905,804.00,10.0789,35.5193,26,0.305627,13
CTD_CP_H,20250829T045905,805.98,10.0717,35.5191,26,0.305667,13
CTD_CP_H,20250829T045905,808.00,10.0464,35.5176,27,0.305709,14
CTD_CP_H,20250829T045905,810.04,10.0172,35.5142,26,0.305763,13
CTD_CP_H,20250829T045905,812.03,9.9940,35.5121,26,0.305801,13
CTD_CP_H,20250829T045905,814.01,9.9874,35.5114,25,0.305838,12
CTD_CP_H,20250829T045905,815.97,9.9820,35.5116,25,0.305885,13
CTD_CP_H,20250829T045905,817.98,9.9611,35.5097,26,0.305927,13
CTD_CP_H,20250829T045905,820.03,9.9463,35.5081,26,0.305969,13
CTD_CP_H,20250829T045905,822.03,9.9438,35.5088,25,0.306006,12
CTD_CP_H,20250829T045905,823.99,9.9384,35.5102,25,0.306052,13
CTD_CP_H,20250829T045905,825.99,9.9166,35.5080,25,0.306094,12
CTD_CP_H,20250829T045905,828.00,9.8934,35.5059,25,0.306130,13
CTD_CP_H,20250829T045906,830.00,9.8741,35.5038,24,0.306171,12
CTD_CP_H,20250829T045906,831.99,9.8599,35.5024,25,0.306215,12
CTD_CP_H,20250829T045906,834.01,9.8459,35.5008,25,0.306252,13
CTD_CP_H,20250829T045906,836.03,9.8303,35.4989,25,0.306288,12
CTD_CP_H,20250829T045906,838.02,9.8105,35.4963,24,0.306334,12
CTD_CP_H,20250829T045906,839.99,9.7793,35.4938,24,0.306371,12
CTD_CP_H,20250829T045906,841.98,9.7567,35.4918,24,0.306406,12
CTD_CP_H,20250829T045906,843.98,9.7324,35.4896,24,0.306443,12
CTD_CP_H,20250829T045906,845.99,9.7145,35.4878,24,0.306483,12
CTD_CP_H,20250829T045906,847.99,9.7036,35.4870,24,0.306523,12
CTD_CP_H,20250829T045906,850.01,9.7020,35.4867,24,0.306561,12
CTD_CP_H,20250829T045906,852.00,9.6931,35.4854,23,0.306597,12
CTD_CP_H,20250829T045906,853.97,9.6735,35.4839,24,0.306639,12
CTD_CP_H,20250829T045906,856.00,9.6621,35.4830,24,0.306685,12
CTD_CP_H,20250829T045907,858.03,9.6538,35.4820,24,0.306716,12
CTD_CP_H,20250829T045907,860.00,9.6480,35.4814,23,0.306756,11
CTD_CP_H,20250829T045907,861.97,9.6438,35.4806,24,0.306798,12
CTD_CP_H,20250829T045907,864.00,9.6307,35.4789,24,0.306838,12
CTD_CP_H,20250829T045907,866.02,9.6131,35.4771,23,0.306873,12
CTD_CP_H,20250829T045907,868.02,9.5844,35.4750,24,0.306917,12
CTD_CP_H,20250829T045907,870.04,9.5778,35.4740,23,0.306956,11
CTD_CP_H,20250829T045907,872.00,9.5691,35.4728,23,0.306999,12
CTD_CP_H,20250829T045907,874.01,9.5521,35.4714,24,0.307038,12
CTD_CP_H,20250829T045907,876.03,9.5433,35.4703,23,0.307070,11
CTD_CP_H,20250829T045907,878.03,9.5279,35.4688,23,0.307117,12
CTD_CP_H,20250829T045907,880.02,9.5186,35.4679,23,0.307158,11
CTD_CP_H,20250829T045907,882.01,9.5066,35.4674,23,0.307192,12
CTD_CP_H,20250829T045907,884.00,9.4990,35.4671,23,0.307230,11
CTD_CP_H,20250829T045908,885.99,9.4907,35.4668,23,0.307283,12
CTD_CP_H,20250829T045908,887.99,9.4790,35.4666,23,0.307316,11
CTD_CP_H,20250829T045908,889.98,9.4654,35.4659,23,0.307354,12
CTD_CP_H,20250829T045908,892.01,9.4491,35.4651,25,0.307401,12
CTD_CP_H,20250829T045908,894.02,9.4413,35.4642,29,0.307454,15
CTD_CP_H,20250829T045908,895.98,9.4321,35.4632,31,0.307499,15
CTD_CP_H,20250829T045908,897.99,9.4156,35.4612,31,0.307558,16
CTD_CP_H,20250829T045908,899.97,9.3920,35.4577,30,0.307613,15
CTD_CP_H,20250829T045908,901.97,9.3564,35.4532,30,0.307661,15
CTD_CP_H,20250829T045908,904.00,9.3245,35.4489,30,0.307721,15
CTD_CP_H,20250829T045908,906.00,9.2968,35.4461,29,0.307773,14
CTD_CP_H,20250829T045908,907.98,9.3011,35.4482,29,0.307818,15
CTD_CP_H,20250829T045908,910.01,9.2981,35.4495,30,0.307878,15
CTD_CP_H,20250829T045909,912.01,9.2845,35.4478,28,0.307927,14
CTD_CP_H,20250829T045909,913.98,9.2628,35.4445,29,0.307970,14
CTD_CP_H,20250829T045909,916.01,9.2263,35.4401,29,0.308023,15
CTD_CP_H,20250829T045909,918.01,9.1836,35.4333,28,0.308081,14
CTD_CP_H,20250829T045909,919.96,9.1652,35.4318,28,0.308118,14
CTD_CP_H,20250829T045909,921.98,9.1420,35.4308,29,0.308170,14
CTD_CP_H,20250829T045909,923.99,9.1230,35.4289,27,0.308218,14
CTD_CP_H,20250829T045909,925.97,9.1081,35.4266,28,0.308264,14
CTD_CP_H,20250829T045909,927.97,9.0849,35.4241,27,0.308306,13
CTD_CP_H,20250829T045909,929.98,9.0704,35.4227,28,0.308353,14
CTD_CP_H,20250829T045909,931.99,9.0571,35.4210,27,0.308395,14
CTD_CP_H,20250829T045909,933.97,9.0448,35.4188,27,0.308442,13
CTD_CP_H,20250829T045909,936.01,9.0084,35.4136,28,0.308486,14
CTD_CP_H,20250829T045909,938.01,8.9710,35.4086,26,0.308528,13
CTD_CP_H,20250829T045910,939.98,8.9372,35.4050,27,0.308571,14
CTD_CP_H,20250829T045910,942.00,8.9219,35.4036,27,0.308610,13
CTD_CP_H,20250829T045910,943.99,8.9083,35.4024,26,0.308655,13
CTD_CP_H,20250829T045910,945.98,8.8951,35.4009,27,0.308699,14
CTD_CP_H,20250829T045910,947.98,8.8736,35.3986,26,0.308735,13
CTD_CP_H,20250829T045910,949.99,8.8577,35.3971,27,0.308782,13
CTD_CP_H,20250829T045910,952.02,8.8508,35.3960,26,0.308827,13
CTD_CP_H,20250829T045910,954.02,8.8316,35.3943,26,0.308859,13
CTD_CP_H,20250829T045910,955.99,8.8198,35.3929,25,0.308903,13
CTD_CP_H,20250829T045910,957.97,8.8047,35.3916,26,0.308951,13
CTD_CP_H,20250829T045910,959.98,8.7921,35.3902,26,0.308993,13
CTD_CP_H,20250829T045910,961.97,8.7809,35.3887,25,0.309029,12
CTD_CP_H,20250829T045910,963.97,8.7610,35.3870,26,0.309072,13
CTD_CP_H,20250829T045910,965.99,8.7413,35.3850,25,0.309113,13
CTD_CP_H,20250829T045911,968.01,8.7338,35.3843,26,0.309155,13
CTD_CP_H,20250829T045911,970.01,8.7266,35.3835,24,0.309193,12
CTD_CP_H,20250829T045911,972.00,8.7094,35.3821,26,0.309236,13
CTD_CP_H,20250829T045911,974.05,8.6962,35.3811,25,0.309279,12
CTD_CP_H,20250829T045911,976.03,8.6796,35.3792,24,0.309313,12
CTD_CP_H,20250829T045911,978.00,8.6531,35.3761,24,0.309350,12
CTD_CP_H,20250829T045911,980.02,8.6227,35.3728,25,0.309395,13
CTD_CP_H,20250829T045911,982.01,8.6016,35.3708,23,0.309430,11
CTD_CP_H,20250829T045911,983.98,8.5868,35.3690,24,0.309468,12
CTD_CP_H,20250829T045911,985.99,8.5842,35.3699,24,0.309501,12
CTD_CP_H,20250829T045911,988.02,8.5767,35.3695,24,0.309541,12
CTD_CP_H,20250829T045911,990.01,8.5698,35.3685,23,0.309575,12
CTD_CP_H,20250829T045911,991.99,8.5528,35.3665,24,0.309617,12
CTD_CP_H,20250829T045911,993.98,8.5328,35.3636,23,0.309647,11
CTD_CP_H,20250829T045912,995.98,8.5138,35.3613,24,0.309683,12
CTD_CP_H,20250829T045912,997.98,8.5027,35.3597,23,0.309724,12
CTD_CP_H,20250829T045912,1000.00,8.4815,35.3575,24,0.309758,12
CTD_CP_H,20250829T045912,1002.02,8.4561,35.3538,23,0.309798,11
CTD_CP_H,20250829T045912,1004.00,8.4315,35.3517,23,0.309825,12
CTD_CP_H,20250829T045912,1005.99,8.4223,35.3505,23,0.309864,11
CTD_CP_H,20250829T045912,1008.01,8.4126,35.3493,24,0.309898,12
CTD_CP_H,20250829T045912,1010.04,8.4003,35.3482,23,0.309932,12
CTD_CP_H,20250829T045912,1012.00,8.3959,35.3473,23,0.309967,11
CTD_CP_H,20250829T045912,1013.97,8.3820,35.3460,23,0.310007,12
CTD_CP_H,20250829T045912,1015.97,8.3631,35.3441,23,0.310042,11
CTD_CP_H,20250829T045912,1017.98,8.3496,35.3427,23,0.310072,12
CTD_CP_H,20250829T045912,1019.99,8.3404,35.3417,23,0.310102,11
CTD_CP_H,20250829T045913,1021.98,8.3192,35.3397,22,0.310144,11
CTD_CP_H,20250829T045913,1023.96,8.3016,35.3384,23,0.310174,12
CTD_CP_H,20250829T045913,1025.99,8.2952,35.3380,23,0.310208,11
CTD_CP_H,20250829T045913,1028.00,8.2911,35.3379,22,0.310235,11
CTD_CP_H,20250829T045913,1029.97,8.2765,35.3364,22,0.310265,11
CTD_CP_H,20250829T045913,1031.99,8.2519,35.3339,23,0.310309,12
CTD_CP_H,20250829T045913,1034.00,8.2320,35.3318,22,0.310345,11
CTD_CP_H,20250829T045913,1035.97,8.2152,35.3299,22,0.310370,11
CTD_CP_H,20250829T045913,1038.00,8.1983,35.3286,23,0.310395,11
CTD_CP_H,20250829T045913,1040.05,8.1872,35.3289,23,0.310428,12
CTD_CP_H,20250829T045913,1042.04,8.1636,35.3259,23,0.310468,11
CTD_CP_H,20250829T045913,1044.00,8.1383,35.3229,27,0.310501,14
CTD_CP_H,20250829T045913,1045.98,8.1181,35.3206,30,0.310536,15
CTD_CP_H,20250829T045913,1048.00,8.1016,35.3196,29,0.310576,14
CTD_CP_H,20250829T045914,1050.00,8.0911,35.3183,29,0.310621,15
CTD_CP_H,20250829T045914,1052.01,8.0839,35.3173,29,0.310662,14
CTD_CP_H,20250829T045914,1054.02,8.0673,35.3159,29,0.310699,15
CTD_CP_H,20250829T045914,1056.00,8.0494,35.3144,28,0.310743,14
CTD_CP_H,20250829T045914,1057.96,8.0430,35.3140,28,0.310786,14
CTD_CP_H,20250829T045914,1059.97,8.0405,35.3140,29,0.310827,14
CTD_CP_H,20250829T045914,1061.99,8.0273,35.3128,28,0.310872,14
CTD_CP_H,20250829T045914,1064.01,8.0194,35.3120,28,0.310906,14
CTD_CP_H,20250829T045914,1065.99,8.0070,35.3106,27,0.310957,14
CTD_CP_H,20250829T045914,1067.98,7.9981,35.3095,28,0.310999,14
CTD_CP_H,20250829T045914,1070.01,7.9806,35.3078,28,0.311036,14
CTD_CP_H,20250829T045914,1072.03,7.9736,35.3070,27,0.311082,13
CTD_CP_H,20250829T045914,1074.00,7.9604,35.3058,26,0.311126,13
CTD_CP_H,20250829T045914,1076.00,7.9403,35.3046,27,0.311158,14
CTD_CP_H,20250829T045915,1078.01,7.9356,35.3040,26,0.311201,13
CTD_CP_H,20250829T045915,1080.00,7.9219,35.3026,26,0.311243,13
CTD_CP_H,20250829T045915,1082.00,7.9022,35.3005,26,0.311282,13
CTD_CP_H,20250829T045915,1083.99,7.8808,35.2981,26,0.311317,13
CTD_CP_H,20250829T045915,1085.99,7.8621,35.2958,26,0.311355,13
CTD_CP_H,20250829T045915,1087.99,7.8359,35.2931,25,0.311396,12
CTD_CP_H,20250829T045915,1090.01,7.8187,35.2910,26,0.311433,13
CTD_CP_H,20250829T045915,1092.03,7.8104,35.2896,25,0.311469,13
CTD_CP_H,20250829T045915,1094.02,7.7987,35.2883,25,0.311504,12
CTD_CP_H,20250829T045915,1096.02,7.7752,35.2860,25,0.311545,13
CTD_CP_H,20250829T045915,1098.00,7.7676,35.2852,24,0.311585,12
CTD_CP_H,20250829T045915,1099.97,7.7638,35.2846,25,0.311617,12
CTD_CP_H,20250829T045915,1101.99,7.7541,35.2832,25,0.311653,13
CTD_CP_H,20250829T045916,1103.99,7.7402,35.2815,24,0.311697,12
CTD_CP_H,20250829T045916,1105.96,7.7211,35.2792,24,0.311734,12
CTD_CP_H,20250829T045916,1107.97,7.7001,35.2771,24,0.311766,12
CTD_CP_H,20250829T045916,1109.97,7.6873,35.2756,24,0.311794,12
CTD_CP_H,20250829T045916,1111.97,7.6774,35.2744,24,0.311841,12
CTD_CP_H,20250829T045916,1113.98,7.6690,35.2738,24,0.311880,12
CTD_CP_H,20250829T045916,1116.01,7.6619,35.2729,25,0.311911,12
CTD_CP_H,20250829T045916,1118.00,7.6536,35.2718,23,0.311946,12
CTD_CP_H,20250829T045916,1119.95,7.6359,35.2698,24,0.311977,12
CTD_CP_H,20250829T045916,1121.98,7.6093,35.2666,24,0.312021,12
CTD_CP_H,20250829T045916,1123.99,7.5923,35.2646,23,0.312055,11
CTD_CP_H,20250829T045916,1125.99,7.5792,35.2627,24,0.312084,12
CTD_CP_H,20250829T045916,1128.00,7.5625,35.2613,23,0.312117,12
CTD_CP_H,20250829T045916,1129.99,7.5452,35.2595,24,0.312159,12
CTD_CP_H,20250829T045917,1132.04,7.5362,35.2578,24,0.312196,12
CTD_CP_H,20250829T045917,1134.03,7.5240,35.2564,23,0.312219,11
CTD_CP_H,20250829T045917,1135.99,7.5053,35.2545,23,0.312253,12
CTD_CP_H,20250829T045917,1138.00,7.4882,35.2528,24,0.312293,12
CTD_CP_H,20250829T045917,1140.01,7.4735,35.2514,23,0.312326,11
CTD_CP_H,20250829T045917,1142.00,7.4618,35.2500,23,0.312352,12
CTD_CP_H,20250829T045917,1143.99,7.4469,35.2484,23,0.312384,11
CTD_CP_H,20250829T045917,1145.98,7.4273,35.2465,23,0.312417,12
CTD_CP_H,20250829T045917,1148.02,7.4070,35.2445,24,0.312455,12
CTD_CP_H,20250829T045917,1150.01,7.3997,35.2432,22,0.312491,11
CTD_CP_H,20250829T045917,1151.98,7.3874,35.2416,23,0.312512,11
CTD_CP_H,20250829T045917,1153.99,7.3750,35.2403,23,0.312545,12
CTD_CP_H,20250829T045917,1155.99,7.3633,35.2392,23,0.312584,11
CTD_CP_H,20250829T045917,1157.98,7.3448,35.2375,23,0.312612,12
CTD_CP_H,20250829T045918,1159.99,7.3341,35.2363,23,0.312649,11
CTD_CP_H,20250829T045918,1161.97,7.3283,35.2354,23,0.312673,12
CTD_CP_H,20250829T045918,1163.97,7.3107,35.2339,23,0.312706,11
CTD_CP_H,20250829T045918,1165.98,7.2995,35.2325,23,0.312740,12
CTD_CP_H,20250829T045918,1167.97,7.2918,35.2317,23,0.312774,11
CTD_CP_H,20250829T045918,1169.97,7.2812,35.2304,23,0.312807,12
CTD_CP_H,20250829T045918,1172.02,7.2681,35.2288,24,0.312835,12
CTD_CP_H,20250829T045918,1174.01,7.2515,35.2274,22,0.312869,11
CTD_CP_H,20250829T045918,1175.96,7.2423,35.2264,23,0.312903,11
CTD_CP_H,20250829T045918,1178.00,7.2372,35.2257,24,0.312932,12
CTD_CP_H,20250829T045918,1180.03,7.2320,35.2251,23,0.312966,12
CTD_CP_H,20250829T045918,1182.01,7.2124,35.2231,23,0.312992,11
CTD_CP_H,20250829T045918,1183.98,7.1847,35.2201,22,0.313018,11
CTD_CP_H,20250829T045918,1185.96,7.1643,35.2180,23,0.313052,12
CTD_CP_H,20250829T045919,1188.01,7.1285,35.2145,24,0.313089,12
CTD_CP_H,20250829T045919,1190.05,7.1114,35.2128,23,0.313115,11
CTD_CP_H,20250829T045919,1192.01,7.1027,35.2120,22,0.313143,11
CTD_CP_H,20250829T045919,1193.99,7.0961,35.2116,23,0.313165,12
CTD_CP_H,20250829T045919,1196.00,7.0931,35.2108,23,0.313195,11
CTD_CP_H,20250829T045919,1198.02,7.0856,35.2100,25,0.313236,13
CTD_CP_H,20250829T045919,1200.02,7.0699,35.2084,30,0.313267,15
CTD_CP_H,20250829T045919,1202.01,7.0494,35.2065,31,0.313303,15
CTD_CP_H,20250829T045919,1204.01,7.0395,35.2052,31,0.313346,16
CTD_CP_H,20250829T045919,1206.03,7.0238,35.2037,31,0.313392,15
CTD_CP_H,20250829T045919,1208.00,7.0163,35.2026,30,0.313426,15
CTD_CP_H,20250829T045919,1210.00,6.9980,35.2007,31,0.313470,16
CTD_CP_H,20250829T045919,1212.02,6.9785,35.1988,30,0.313509,15
CTD_CP_H,20250829T045920,1214.03,6.9709,35.1980,31,0.313555,15
CTD_CP_H,20250829T045920,1216.02,6.9574,35.1966,30,0.313588,15
CTD_CP_H,20250829T045920,1217.99,6.9404,35.1948,30,0.313625,15
CTD_CP_H,20250829T045920,1220.00,6.9282,35.1935,30,0.313672,15
CTD_CP_H,20250829T045920,1222.00,6.9099,35.1920,30,0.313717,15
CTD_CP_H,20250829T045920,1224.01,6.8976,35.1906,30,0.313750,15
CTD_CP_H,20250829T045920,1226.02,6.8930,35.1899,29,0.313791,15
CTD_CP_H,20250829T045920,1228.00,6.8876,35.1894,29,0.313839,14
CTD_CP_H,20250829T045920,1230.00,6.8810,35.1885,29,0.313877,15
CTD_CP_H,20250829T045920,1231.98,6.8618,35.1865,28,0.313913,14
CTD_CP_H,20250829T045920,1233.97,6.8471,35.1850,29,0.313950,14
CTD_CP_H,20250829T045920,1235.97,6.8280,35.1829,28,0.313994,14
CTD_CP_H,20250829T045920,1237.97,6.8018,35.1806,28,0.314030,14
CTD_CP_H,20250829T045920,1239.98,6.7871,35.1788,28,0.314066,14
CTD_CP_H,20250829T045921,1242.00,6.7710,35.1772,28,0.314096,14
CTD_CP_H,20250829T045921,1244.01,6.7512,35.1753,27,0.314146,14
CTD_CP_H,20250829T045921,1245.99,6.7404,35.1745,27,0.314182,13
CTD_CP_H,20250829T045921,1247.98,6.7336,35.1736,27,0.314212,14
CTD_CP_H,20250829T045921,1249.99,6.7264,35.1727,27,0.314253,13
CTD_CP_H,20250829T045921,1251.98,6.7209,35.1719,26,0.314291,13
CTD_CP_H,20250829T045921,1253.99,6.7074,35.1705,27,0.314330,14
CTD_CP_H,20250829T045921,1256.02,6.6945,35.1691,27,0.314365,13
CTD_CP_H,20250829T045921,1258.02,6.6752,35.1678,26,0.314399,13
CTD_CP_H,20250829T045921,1259.99,6.6619,35.1669,26,0.314439,13
CTD_CP_H,20250829T045921,1262.02,6.6482,35.1657,27,0.314484,14
CTD_CP_H,20250829T045921,1264.03,6.6410,35.1648,25,0.314517,12
CTD_CP_H,20250829T045921,1266.01,6.6349,35.1639,26,0.314552,13
CTD_CP_H,20250829T045921,1268.02,6.6261,35.1629,25,0.314590,13
CTD_CP_H,20250829T045922,1269.99,6.6026,35.1606,25,0.314624,12
CTD_CP_H,20250829T045922,1272.01,6.5945,35.1600,26,0.314662,13
CTD_CP_H,20250829T045922,1274.00,6.5873,35.1597,24,0.314694,12
CTD_CP_H,20250829T045922,1275.96,6.5716,35.1586,25,0.314732,13
CTD_CP_H,20250829T045922,1277.98,6.5573,35.1570,25,0.314768,12
CTD_CP_H,20250829T045922,1280.00,6.5424,35.1554,25,0.314800,13
CTD_CP_H,20250829T045922,1281.99,6.5244,35.1533,24,0.314829,12
CTD_CP_H,20250829T045922,1284.01,6.5066,35.1520,25,0.314862,12
CTD_CP_H,20250829T045922,1286.01,6.4877,35.1495,24,0.314898,12
CTD_CP_H,20250829T045922,1287.98,6.4703,35.1480,24,0.314932,12
CTD_CP_H,20250829T045922,1290.00,6.4522,35.1460,25,0.314964,13
CTD_CP_H,20250829T045922,1292.03,6.4324,35.1442,24,0.314994,12
CTD_CP_H,20250829T045922,1294.01,6.4241,35.1430,24,0.315030,12
CTD_CP_H,20250829T045923,1296.01,6.4112,35.1420,24,0.315068,12
CTD_CP_H,20250829T045923,1298.02,6.3980,35.1412,24,0.315099,12
CTD_CP_H,20250829T045923,1300.03,6.3937,35.1409,24,0.315126,12
CTD_CP_H,20250829T045923,1302.02,6.3834,35.1402,23,0.315156,11
CTD_CP_H,20250829T045923,1304.02,6.3770,35.1395,24,0.315198,12
CTD_CP_H,20250829T045923,1306.04,6.3656,35.1380,24,0.315229,12
CTD_CP_H,20250829T045923,1308.01,6.3471,35.1366,23,0.315260,12
CTD_CP_H,20250829T045923,1309.97,6.3307,35.1355,24,0.315288,12
CTD_CP_H,20250829T045923,1311.99,6.3190,35.1344,24,0.315331,12
CTD_CP_H,20250829T045923,1313.98,6.3144,35.1338,23,0.315367,11
CTD_CP_H,20250829T045923,1315.99,6.3101,35.1334,24,0.315397,12
CTD_CP_H,20250829T045923,1318.02,6.3042,35.1329,24,0.315424,12
CTD_CP_H,20250829T045923,1320.02,6.2928,35.1316,23,0.315451,12
CTD_CP_H,20250829T045923,1322.01,6.2838,35.1307,24,0.315493,12
CTD_CP_H,20250829T045924,1324.01,6.2691,35.1293,23,0.315531,11
CTD_CP_H,20250829T045924,1326.00,6.2429,35.1276,24,0.315561,12
CTD_CP_H,20250829T045924,1327.99,6.2272,35.1262,23,0.315590,12
CTD_CP_H,20250829T045924,1329.97,6.2190,35.1254,24,0.315620,12
CTD_CP_H,20250829T045924,1331.99,6.2070,35.1240,24,0.315661,12
CTD_CP_H,20250829T045924,1334.02,6.1903,35.1229,24,0.315696,12
CTD_CP_H,20250829T045924,1336.01,6.1793,35.1219,23,0.315727,11
CTD_CP_H,20250829T045924,1338.00,6.1731,35.1212,24,0.315751,12
CTD_CP_H,20250829T045924,1340.02,6.1665,35.1203,24,0.315794,12
CTD_CP_H,20250829T045924,1342.01,6.1497,35.1189,23,0.315828,12
CTD_CP_H,20250829T045924,1344.01,6.1370,35.1180,25,0.315866,12
CTD_CP_H,20250829T045924,1345.99,6.1276,35.1170,23,0.315891,12
CTD_CP_H,20250829T045924,1347.95,6.1182,35.1161,24,0.315929,12
CTD_CP_H,20250829T045924,1350.00,6.1050,35.1145,25,0.315971,12
CTD_CP_H,20250829T045925,1352.02,6.0924,35.1134,24,0.316001,12
CTD_CP_H,20250829T045925,1354.01,6.0816,35.1125,24,0.316032,12
CTD_CP_H,20250829T045925,1355.98,6.0696,35.1114,24,0.316063,12
CTD_CP_H,20250829T045925,1357.99,6.0616,35.1105,25,0.316102,13
CTD_CP_H,20250829T045925,1359.99,6.0447,35.1087,24,0.316140,12
CTD_CP_H,20250829T045925,1362.00,6.0267,35.1070,25,0.316175,12
CTD_CP_H,20250829T045925,1363.99,6.0125,35.1055,24,0.316206,12
CTD_CP_H,20250829T045925,1365.99,5.9958,35.1039,25,0.316240,13
CTD_CP_H,20250829T045925,1368.00,5.9830,35.1028,24,0.316276,12
CTD_CP_H,20250829T045925,1370.01,5.9681,35.1012,25,0.316311,12
CTD_CP_H,20250829T045925,1372.01,5.9519,35.0998,24,0.316343,12
CTD_CP_H,20250829T045925,1374.02,5.9360,35.0983,25,0.316373,13
CTD_CP_H,20250829T045925,1376.03,5.9240,35.0970,24,0.316409,12
CTD_CP_H,20250829T045926,1378.00,5.9093,35.0953,24,0.316442,12
CTD_CP_H,20250829T045926,1379.99,5.8883,35.0934,24,0.316476,12
CTD_CP_H,20250829T045926,1381.98,5.8750,35.0920,24,0.316501,12
CTD_CP_H,20250829T045926,1384.00,5.8629,35.0911,25,0.316535,12
CTD_CP_H,20250829T045926,1386.03,5.8513,35.0899,24,0.316571,12
CTD_CP_H,20250829T045926,1388.00,5.8415,35.0889,24,0.316606,12
CTD_CP_H,20250829T045926,1390.00,5.8268,35.0875,25,0.316635,13
CTD_CP_H,20250829T045926,1391.98,5.8071,35.0857,24,0.316664,12
CTD_CP_H,20250829T045926,1394.00,5.7806,35.0831,27,0.316697,13
CTD_CP_H,20250829T045926,1396.05,5.7627,35.0816,31,0.316735,16
CTD_CP_H,20250829T045926,1398.01,5.7554,35.0807,33,0.316778,16
CTD_CP_H,20250829T045926,1400.00,5.7423,35.0791,33,0.316815,17
CTD_CP_H,20250829T045926,1402.00,5.7192,35.0762,33,0.316858,16
CTD_CP_H,20250829T045926,1403.98,5.6972,35.0746,32,0.316904,16
CTD_CP_H,20250829T045927,1405.98,5.6765,35.0722,33,0.316941,17
CTD_CP_H,20250829T045927,1407.98,5.6559,35.0708,32,0.316982,16
CTD_CP_H,20250829T045927,1409.96,5.6438,35.0699,32,0.317031,16
CTD_CP_H,20250829T045927,1411.99,5.6374,35.0691,33,0.317070,16
CTD_CP_H,20250829T045927,1414.02,5.6270,35.0683,31,0.317110,16
CTD_CP_H,20250829T045927,1416.01,5.6213,35.0673,31,0.317155,15
CTD_CP_H,20250829T045927,1418.01,5.6135,35.0667,31,0.317199,16
CTD_CP_H,20250829T045927,1420.00,5.6049,35.0656,30,0.317240,15
CTD_CP_H,20250829T045927,1422.00,5.5883,35.0642,31,0.317274,15
CTD_CP_H,20250829T045927,1424.01,5.5689,35.0625,30,0.317324,15
CTD_CP_H,20250829T045927,1425.99,5.5558,35.0613,30,0.317364,15
CTD_CP_H,20250829T045927,1427.98,5.5456,35.0601,30,0.317398,15
CTD_CP_H,20250829T045927,1429.99,5.5277,35.0585,30,0.317433,15
CTD_CP_H,20250829T045927,1432.01,5.5219,35.0570,29,0.317477,15
CTD_CP_H,20250829T045928,1434.00,5.4965,35.0547,29,0.317513,14
CTD_CP_H,20250829T045928,1436.00,5.4727,35.0524,29,0.317549,15
CTD_CP_H,20250829T045928,1438.03,5.4478,35.0505,29,0.317584,14
CTD_CP_H,20250829T045928,1440.02,5.4382,35.0489,27,0.317623,14
CTD_CP_H,20250829T045928,1442.01,5.4163,35.0467,28,0.317659,14
CTD_CP_H,20250829T045928,1444.02,5.3956,35.0444,27,0.317695,13
CTD_CP_H,20250829T045928,1446.00,5.3802,35.0431,27,0.317723,14
CTD_CP_H,20250829T045928,1447.99,5.3736,35.0421,27,0.317747,13
CTD_CP_H,20250829T045928,1450.00,5.3540,35.0402,27,0.317789,14
CTD_CP_H,20250829T045928,1452.01,5.3248,35.0377,26,0.317820,13
CTD_CP_H,20250829T045928,1453.98,5.3014,35.0363,26,0.317851,13
CTD_CP_H,20250829T045928,1456.00,5.2934,35.0352,26,0.317879,13
CTD_CP_H,20250829T045928,1457.99,5.2830,35.0344,25,0.317905,12
CTD_CP_H,20250829T045928,1460.00,5.2752,35.0336,26,0.317942,13
CTD_CP_H,20250829T045929,1462.01,5.2693,35.0326,25,0.317973,13
CTD_CP_H,20250829T045929,1464.02,5.2619,35.0321,25,0.318001,12
CTD_CP_H,20250829T045929,1466.03,5.2557,35.0312,25,0.318028,13
CTD_CP_H,20250829T045929,1468.00,5.2341,35.0297,24,0.318051,12
CTD_CP_H,20250829T045929,1470.01,5.2101,35.0279,25,0.318084,12
CTD_CP_H,20250829T045929,1472.01,5.1996,35.0266,24,0.318112,12
CTD_CP_H,20250829T045929,1473.99,5.1868,35.0255,24,0.318142,12
CTD_CP_H,20250829T045929,1475.99,5.1709,35.0240,24,0.318165,12
CTD_CP_H,20250829T045929,1478.00,5.1617,35.0233,24,0.318189,12
CTD_CP_H,20250829T045929,1480.02,5.1528,35.0224,24,0.318219,12
CTD_CP_H,20250829T045929,1482.01,5.1454,35.0214,23,0.318248,12
CTD_CP_H,20250829T045929,1484.01,5.1297,35.0203,24,0.318277,12
CTD_CP_H,20250829T045929,1486.01,5.1200,35.0194,23,0.318306,11
CTD_CP_H,20250829T045930,1487.98,5.1146,35.0184,23,0.318333,12
CTD_CP_H,20250829T045930,1490.01,5.1090,35.0177,24,0.318355,12
CTD_CP_H,20250829T045930,1492.03,5.0958,35.0164,23,0.318377,11
CTD_CP_H,20250829T045930,1494.02,5.0856,35.0156,23,0.318406,12
CTD_CP_H,20250829T045930,1496.01,5.0784,35.0148,23,0.318438,11
CTD_CP_H,20250829T045930,1498.01,5.0663,35.0136,23,0.318465,12
CTD_CP_H,20250829T045930,1500.01,5.0519,35.0125,23,0.318486,11
CTD_CP_H,20250829T045930,1502.02,5.0340,35.0112,23,0.318511,12
CTD_CP_H,20250829T045930,1504.00,5.0261,35.0103,22,0.318540,11
CTD_CP_H,20250829T045930,1505.99,5.0223,35.0098,23,0.318564,11
CTD_CP_H,20250829T045930,1508.04,5.0120,35.0088,23,0.318591,12
CTD_CP_H,20250829T045930,1510.00,5.0040,35.0077,21,0.318613,10
CTD_CP_H,20250829T045930,1511.96,4.9885,35.0066,23,0.318638,12
CTD_CP_H,20250829T045930,1513.98,4.9771,35.0055,22,0.318661,11
CTD_CP_H,20250829T045931,1516.00,4.9727,35.0053,23,0.318692,11
CTD_CP_H,20250829T045931,1517.99,4.9714,35.0048,21,0.318718,11
CTD_CP_H,20250829T045931,1519.99,4.9612,35.0038,23,0.318744,11
CTD_CP_H,20250829T045931,1522.02,4.9401,35.0024,22,0.318765,11
CTD_CP_H,20250829T045931,1524.02,4.9319,35.0013,22,0.318785,11
CTD_CP_H,20250829T045931,1526.01,4.9277,35.0010,22,0.318814,11
CTD_CP_H,20250829T045931,1527.99,4.9226,35.0004,22,0.318844,11
CTD_CP_H,20250829T045931,1529.98,4.9120,34.9994,22,0.318872,11
CTD_CP_H,20250829T045931,1531.98,4.9013,34.9986,22,0.318898,11
CTD_CP_H,20250829T045931,1534.00,4.8935,34.9981,22,0.318919,11
CTD_CP_H,20250829T045931,1536.00,4.8880,34.9976,22,0.318941,11
CTD_CP_H,20250829T045931,1538.01,4.8829,34.9971,22,0.318963,11
CTD_CP_H,20250829T045931,1540.04,4.8725,34.9960,22,0.318999,11
CTD_CP_H,20250829T045931,1542.01,4.8611,34.9951,21,0.319018,11
CTD_CP_H,20250829T045932,1543.99,4.8504,34.9936,22,0.319045,11
CTD_CP_H,20250829T045932,1545.98,4.8336,34.9920,21,0.319062,10
CTD_CP_H,20250829T045932,1547.96,4.8171,34.9909,22,0.319087,11
CTD_CP_H,20250829T045932,1549.98,4.8031,34.9897,22,0.319109,11
CTD_CP_H,20250829T045932,1551.99,4.7930,34.9889,22,0.319134,11
CTD_CP_H,20250829T045932,1553.97,4.7865,34.9880,21,0.319166,11
CTD_CP_H,20250829T045932,1555.96,4.7785,34.9870,22,0.319189,11
CTD_CP_H,20250829T045932,1557.99,4.7705,34.9864,22,0.319209,11
CTD_CP_H,20250829T045932,1560.05,4.7657,34.9860,22,0.319233,11
CTD_CP_H,20250829T045932,1562.03,4.7561,34.9853,21,0.319252,10
CTD_CP_H,20250829T045932,1563.96,4.7406,34.9838,21,0.319272,11
CTD_CP_H,20250829T045932,1565.96,4.7278,34.9829,22,0.319304,11
CTD_CP_H,20250829T045932,1567.99,4.7158,34.9818,22,0.319326,11
CTD_CP_H,20250829T045933,1570.05,4.7116,34.9812,23,0.319351,11
CTD_CP_H,20250829T045933,1572.06,4.7072,34.9806,24,0.319372,12
CTD_CP_H,20250829T045933,1574.03,4.6958,34.9797,29,0.319400,15
CTD_CP_H,20250829T045933,1576.02,4.6797,34.9782,28,0.319427,14
CTD_CP_H,20250829T045933,1577.98,4.6637,34.9769,28,0.319459,14
CTD_CP_H,20250829T045933,1580.00,4.6458,34.9755,29,0.319493,14
CTD_CP_H,20250829T045933,1581.99,4.6336,34.9744,28,0.319518,14
CTD_CP_H,20250829T045933,1584.00,4.6143,34.9729,29,0.319547,15
CTD_CP_H,20250829T045933,1586.00,4.6033,34.9721,28,0.319576,14
CTD_CP_H,20250829T045933,1588.02,4.5993,34.9717,29,0.319614,14
CTD_CP_H,20250829T045933,1590.03,4.5924,34.9711,28,0.319641,14
CTD_CP_H,20250829T045933,1592.00,4.5895,34.9704,28,0.319669,14
CTD_CP_H,20250829T045933,1594.01,4.5793,34.9695,29,0.319694,15
CTD_CP_H,20250829T045933,1596.02,4.5633,34.9679,28,0.319728,14
CTD_CP_H,20250829T045934,1598.00,4.5473,34.9664,28,0.319751,14
CTD_CP_H,20250829T045934,1599.99,4.5171,34.9638,28,0.319782,14
CTD_CP_H,20250829T045934,1601.98,4.5017,34.9620,27,0.319809,13
CTD_CP_H,20250829T045934,1603.97,4.4843,34.9603,28,0.319832,14
CTD_CP_H,20250829T045934,1606.00,4.4689,34.9593,28,0.319855,14
CTD_CP_H,20250829T045934,1608.00,4.4672,34.9589,27,0.319887,14
CTD_CP_H,20250829T045934,1609.98,4.4633,34.9588,27,0.319916,13
CTD_CP_H,20250829T045934,1611.99,4.4607,34.9582,28,0.319941,14
CTD_CP_H,20250829T045934,1614.00,4.4459,34.9567,26,0.319967,13
CTD_CP_H,20250829T045934,1615.99,4.4271,34.9548,27,0.319991,14
CTD_CP_H,20250829T045934,1618.01,4.4164,34.9535,27,0.320016,13
CTD_CP_H,20250829T045934,1620.01,4.4067,34.9523,26,0.320041,13
CTD_CP_H,20250829T045934,1621.98,4.3793,34.9503,26,0.320064,13
CTD_CP_H,20250829T045934,1624.01,4.3714,34.9490,27,0.320089,14
CTD_CP_H,20250829T045935,1626.02,4.3619,34.9483,26,0.320119,13
CTD_CP_H,20250829T045935,1628.02,4.3464,34.9472,26,0.320135,13
CTD_CP_H,20250829T045935,1630.00,4.3411,34.9464,25,0.320160,12
CTD_CP_H,20250829T045935,1632.00,4.3324,34.9458,26,0.320181,13
CTD_CP_H,20250829T045935,1634.00,4.3240,34.9448,25,0.320210,13
CTD_CP_H,20250829T045935,1636.02,4.3191,34.9443,26,0.320234,13
CTD_CP_H,20250829T045935,1638.02,4.3109,34.9435,24,0.320257,12
CTD_CP_H,20250829T045935,1639.99,4.3047,34.9429,25,0.320283,12
CTD_CP_H,20250829T045935,1642.00,4.2999,34.9421,25,0.320301,13
CTD_CP_H,20250829T045935,1644.01,4.2901,34.9413,24,0.320324,12
CTD_CP_H,20250829T045935,1645.98,4.2811,34.9403,24,0.320347,12
CTD_CP_H,20250829T045935,1647.96,4.2699,34.9397,24,0.320373,12
CTD_CP_H,20250829T045935,1649.97,4.2634,34.9393,25,0.320397,12
CTD_CP_H,20250829T045936,1652.02,4.2541,34.9383,24,0.320418,12
CTD_CP_H,20250829T045936,1654.00,4.2491,34.9376,23,0.320438,12
CTD_CP_H,20250829T045936,1655.98,4.2366,34.9368,24,0.320456,12
CTD_CP_H,20250829T045936,1657.99,4.2278,34.9357,24,0.320479,12
CTD_CP_H,20250829T045936,1660.02,4.2126,34.9347,24,0.320502,12
CTD_CP_H,20250829T045936,1662.02,4.2028,34.9339,23,0.320529,11
CTD_CP_H,20250829T045936,1663.99,4.1967,34.9335,23,0.320547,12
CTD_CP_H,20250829T045936,1665.97,4.1894,34.9325,23,0.320571,11
CTD_CP_H,20250829T045936,1667.97,4.1770,34.9317,23,0.320586,12
CTD_CP_H,20250829T045936,1669.99,4.1682,34.9305,23,0.320605,11
CTD_CP_H,20250829T045936,1672.02,4.1616,34.9295,24,0.320626,12
CTD_CP_H,20250829T045936,1674.00,4.1427,34.9288,22,0.320647,11
CTD_CP_H,20250829T045936,1675.95,4.1334,34.9279,23,0.320669,12
CTD_CP_H,20250829T045936,1677.96,4.1295,34.9270,23,0.320691,11
CTD_CP_H,20250829T045937,1679.99,4.1215,34.9264,23,0.320711,12
CTD_CP_H,20250829T045937,1681.99,4.1111,34.9256,22,0.320730,11
CTD_CP_H,20250829T045937,1683.99,4.1027,34.9248,23,0.320747,11
CTD_CP_H,20250829T045937,1686.00,4.0986,34.9245,22,0.320761,11
CTD_CP_H,20250829T045937,1688.00,4.0950,34.9238,23,0.320782,12
CTD_CP_H,20250829T045937,1690.02,4.0903,34.9239,22,0.320803,11
CTD_CP_H,20250829T045937,1691.99,4.0850,34.9232,22,0.320821,11
CTD_CP_H,20250829T045937,1693.98,4.0754,34.9219,22,0.320840,11
CTD_CP_H,20250829T045937,1695.98,4.0607,34.9206,22,0.320858,11
CTD_CP_H,20250829T045937,1697.98,4.0410,34.9193,22,0.320876,11
CTD_CP_H,20250829T045937,1700.01,4.0209,34.9173,22,0.320891,11
CTD_CP_H,20250829T045937,1702.03,4.0071,34.9161,22,0.320907,11
CTD_CP_H,20250829T045937,1704.00,4.0030,34.9156,21,0.320921,10
CTD_CP_H,20250829T045937,1705.97,3.9952,34.9147,22,0.320936,11
CTD_CP_H,20250829T045938,1708.00,3.9846,34.9139,22,0.320953,11
CTD_CP_H,20250829T045938,1709.99,3.9760,34.9132,21,0.320967,11
CTD_CP_H,20250829T045938,1712.00,3.9652,34.9120,22,0.320991,11
CTD_CP_H,20250829T045938,1714.01,3.9511,34.9114,21,0.321002,10
CTD_CP_H,20250829T045938,1715.98,3.9473,34.9110,21,0.321022,11
CTD_CP_H,20250829T045938,1717.99,3.9461,34.9109,22,0.321041,11
CTD_CP_H,20250829T045938,1720.00,3.9417,34.9100,21,0.321050,10
CTD_CP_H,20250829T045938,1721.99,3.9373,34.9099,21,0.321068,11
CTD_CP_H,20250829T045938,1723.99,3.9323,34.9093,21,0.321081,10
CTD_CP_H,20250829T045938,1725.97,3.9231,34.9083,21,0.321097,11
CTD_CP_H,20250829T045938,1727.97,3.9116,34.9077,21,0.321111,10
CTD_CP_H,20250829T045938,1729.95,3.8976,34.9065,21,0.321120,11
CTD_CP_H,20250829T045938,1731.95,3.8918,34.9061,21,0.321137,10
CTD_CP_H,20250829T045938,1734.00,3.8845,34.9051,22,0.321159,11
CTD_CP_H,20250829T045939,1736.05,3.8774,34.9045,21,0.321170,11
CTD_CP_H,20250829T045939,1738.05,3.8713,34.9039,21,0.321186,10
CTD_CP_H,20250829T045939,1740.04,3.8629,34.9031,21,0.321202,11
CTD_CP_H,20250829T045939,1742.00,3.8537,34.9026,20,0.321213,10
CTD_CP_H,20250829T045939,1743.96,3.8501,34.9022,21,0.321224,10
CTD_CP_H,20250829T045939,1745.98,3.8476,34.9015,21,0.321242,11
CTD_CP_H,20250829T045939,1748.01,3.8400,34.9013,21,0.321252,10
CTD_CP_H,20250829T045939,1749.98,3.8305,34.9003,20,0.321260,10
CTD_CP_H,20250829T045939,1751.94,3.8251,34.9001,21,0.321280,11
CTD_CP_H,20250829T045939,1753.99,3.8210,34.8997,22,0.321295,11
CTD_CP_H,20250829T045939,1756.01,3.8153,34.8993,22,0.321310,11
CTD_CP_H,20250829T045939,1758.00,3.8113,34.8989,26,0.321330,13
CTD_CP_H,20250829T045939,1759.98,3.8049,34.8984,27,0.321350,13
CTD_CP_H,20250829T045940,1761.96,3.8032,34.8980,27,0.321362,14
CTD_CP_H,20250829T045940,1763.97,3.7973,34.8973,27,0.321379,13
CTD_CP_H,20250829T045940,1765.99,3.7816,34.8960,27,0.321395,14
CTD_CP_H,20250829T045940,1767.98,3.7680,34.8953,26,0.321417,13
CTD_CP_H,20250829T045940,1770.00,3.7615,34.8943,28,0.321436,14
CTD_CP_H,20250829T045940,1772.02,3.7529,34.8940,26,0.321452,13
CTD_CP_H,20250829T045940,1774.01,3.7419,34.8930,27,0.321471,13
CTD_CP_H,20250829T045940,1776.00,3.7379,34.8925,26,0.321491,13
CTD_CP_H,20250829T045940,1777.99,3.7324,34.8921,27,0.321506,14
CTD_CP_H,20250829T045940,1780.00,3.7262,34.8915,26,0.321524,13
CTD_CP_H,20250829T045940,1782.01,3.7186,34.8909,27,0.321542,13
CTD_CP_H,20250829T045940,1784.02,3.7144,34.8904,26,0.321558,13
CTD_CP_H,20250829T045940,1785.99,3.7125,34.8904,26,0.321573,13
CTD_CP_H,20250829T045940,1788.00,3.7071,34.8899,27,0.321597,14
CTD_CP_H,20250829T045941,1790.01,3.7020,34.8891,26,0.321616,13
CTD_CP_H,20250829T045941,1791.99,3.6916,34.8892,26,0.321634,13
CTD_CP_H,20250829T045941,1793.99,3.6843,34.8883,27,0.321655,13
CTD_CP_H,20250829T045941,1796.01,3.6811,34.8877,26,0.321671,13
CTD_CP_H,20250829T045941,1798.00,3.6773,34.8876,26,0.321690,13
CTD_CP_H,20250829T045941,1799.99,3.6737,34.8872,26,0.321708,13
CTD_CP_H,20250829T045941,1801.97,3.6702,34.8865,26,0.321723,13
CTD_CP_H,20250829T045941,1803.99,3.6628,34.8863,27,0.321747,14
CTD_CP_H,20250829T045941,1806.01,3.6594,34.8857,26,0.321765,13
CTD_CP_H,20250829T045941,1808.01,3.6525,34.8851,26,0.321789,13
CTD_CP_H,20250829T045941,1810.00,3.6406,34.8838,26,0.321807,13
CTD_CP_H,20250829T045941,1812.00,3.6274,34.8832,26,0.321823,13
CTD_CP_H,20250829T045941,1813.99,3.6210,34.8825,26,0.321836,13
CTD_CP_H,20250829T045941,1815.98,3.6099,34.8815,26,0.321856,13
CTD_CP_H,20250829T045942,1817.97,3.6048,34.8810,26,0.321873,13
CTD_CP_H,20250829T045942,1819.99,3.5951,34.8808,26,0.321899,13
CTD_CP_H,20250829T045942,1822.02,3.5912,34.8805,26,0.321917,13
CTD_CP_H,20250829T045942,1824.01,3.5857,34.8793,25,0.321940,12
CTD_CP_H,20250829T045942,1826.00,3.5788,34.8792,26,0.321955,13
CTD_CP_H,20250829T045942,1827.99,3.5721,34.8782,25,0.321974,13
CTD_CP_H,20250829T045942,1829.99,3.5622,34.8779,26,0.321989,13
CTD_CP_H,20250829T045942,1831.99,3.5547,34.8767,25,0.322007,12
CTD_CP_H,20250829T045942,1833.97,3.5494,34.8759,25,0.322019,13
CTD_CP_H,20250829T045942,1835.96,3.5392,34.8755,25,0.322044,12
CTD_CP_H,20250829T045942,1838.00,3.5281,34.8745,26,0.322066,13
CTD_CP_H,20250829T045942,1840.01,3.5183,34.8738,24,0.322085,12
CTD_CP_H,20250829T045942,1841.99,3.5115,34.8731,25,0.322102,13
CTD_CP_H,20250829T045943,1844.02,3.5058,34.8728,25,0.322119,12
CTD_CP_H,20250829T045943,1846.00,3.5001,34.8722,24,0.322139,12
CTD_CP_H,20250829T045943,1848.00,3.4936,34.8718,25,0.322159,13
CTD_CP_H,20250829T045943,1849.99,3.4881,34.8714,24,0.322180,12
CTD_CP_H,20250829T045943,1851.98,3.4849,34.8708,25,0.322196,12
CTD_CP_H,20250829T045943,1854.01,3.4751,34.8701,25,0.322224,13
CTD_CP_H,20250829T045943,1855.99,3.4701,34.8700,24,0.322242,12
CTD_CP_H,20250829T045943,1857.97,3.4659,34.8693,25,0.322264,12
CTD_CP_H,20250829T045943,1859.97,3.4610,34.8691,24,0.322278,12
CTD_CP_H,20250829T045943,1861.99,3.4554,34.8682,25,0.322299,13
CTD_CP_H,20250829T045943,1864.04,3.4442,34.8677,25,0.322317,12
CTD_CP_H,20250829T045943,1866.01,3.4375,34.8670,23,0.322343,12
CTD_CP_H,20250829T045943,1867.99,3.4298,34.8665,25,0.322364,12
CTD_CP_H,20250829T045943,1870.00,3.4165,34.8657,23,0.322383,12
CTD_CP_H,20250829T045944,1871.97,3.4054,34.8649,24,0.322406,12
CTD_CP_H,20250829T045944,1873.98,3.4006,34.8647,24,0.322421,12
CTD_CP_H,20250829T045944,1876.00,3.3972,34.8643,24,0.322448,12
CTD_CP_H,20250829T045944,1878.01,3.3957,34.8639,24,0.322469,12
CTD_CP_H,20250829T045944,1880.03,3.3905,34.8632,24,0.322492,12
CTD_CP_H,20250829T045944,1882.01,3.3868,34.8625,23,0.322513,11
CTD_CP_H,20250829T045944,1884.01,3.3837,34.8625,24,0.322534,12
CTD_CP_H,20250829T045944,1886.00,3.3781,34.8624,23,0.322561,12
CTD_CP_H,20250829T045944,1888.02,3.3688,34.8620,24,0.322584,12
CTD_CP_H,20250829T045944,1890.02,3.3634,34.8610,23,0.322607,11
CTD_CP_H,20250829T045944,1891.99,3.3558,34.8602,23,0.322632,12
CTD_CP_H,20250829T045944,1894.02,3.3505,34.8602,24,0.322660,12
CTD_CP_H,20250829T045944,1896.04,3.3461,34.8597,23,0.322685,11
CTD_CP_H,20250829T045944,1898.01,3.3421,34.8596,23,0.322712,12
CTD_CP_H,20250829T045945,1900.00,3.3329,34.8588,23,0.322738,11
CTD_CP_H,20250829T045945,1901.99,3.3186,34.8572,23,0.322763,12
CTD_CP_H,20250829T045945,1904.01,3.3135,34.8569,23,0.322784,11
CTD_CP_H,20250829T045945,1906.02,3.3104,34.8565,23,0.322820,12
CTD_CP_H,20250829T045945,1907.99,3.3081,34.8563,22,0.322848,11
CTD_CP_H,20250829T045945,1909.97,3.2987,34.8560,23,0.322878,11
CTD_CP_H,20250829T045945,1912.01,3.2863,34.8546,23,0.322903,12
CTD_CP_H,20250829T045945,1914.01,3.2840,34.8547,22,0.322931,11
CTD_CP_H,20250829T045945,1915.97,3.2779,34.8542,22,0.322964,11
CTD_CP_H,20250829T045945,1917.99,3.2745,34.8535,23,0.322997,11
CTD_CP_H,20250829T045945,1920.02,3.2697,34.8535,22,0.323028,11
CTD_CP_H,20250829T045945,1922.00,3.2651,34.8527,22,0.323062,11
CTD_CP_H,20250829T045945,1924.02,3.2631,34.8532,22,0.323090,11
CTD_CP_H,20250829T045946,1926.03,3.2575,34.8526,22,0.323136,11
CTD_CP_H,20250829T045946,1928.00,3.2538,34.8521,21,0.323171,11
CTD_CP_H,20250829T045946,1929.99,3.2489,34.8522,22,0.323204,11
CTD_CP_H,20250829T045946,1931.98,3.2465,34.8517,21,0.323234,10
CTD_CP_H,20250829T045946,1933.99,3.2429,34.8517,22,0.323286,11
CTD_CP_H,20250829T045946,1936.00,3.2386,34.8509,21,0.323322,11
CTD_CP_H,20250829T045946,1937.98,3.2346,34.8511,21,0.323356,10
CTD_CP_H,20250829T045946,1939.96,3.2299,34.8503,21,0.323397,11
CTD_CP_H,20250829T045946,1942.00,3.2234,34.8499,22,0.323450,11
CTD_CP_H,20250829T045946,1944.05,3.2172,34.8501,21,0.323490,10
CTD_CP_H,20250829T045946,1946.03,3.2139,34.8493,21,0.323529,11
CTD_CP_H,20250829T045946,1947.99,3.2097,34.8486,20,0.323575,10
CTD_CP_H,20250829T045946,1949.96,3.2019,34.8477,21,0.323630,10
CTD_CP_H,20250829T045946,1951.99,3.1955,34.8481,21,0.323668,11
CTD_CP_H,20250829T045947,1954.00,3.1918,34.8473,21,0.323717,10
CTD_CP_H,20250829T045947,1955.98,3.1880,34.8467,20,0.323771,10
CTD_CP_H,20250829T045947,1957.97,3.1838,34.8464,21,0.323818,11
CTD_CP_H,20250829T045947,1960.01,3.1826,34.8468,21,0.323871,10
CTD_CP_H,20250829T045947,1962.01,3.1812,34.8461,20,0.323929,10
CTD_CP_H,20250829T045947,1964.02,3.1729,34.8460,21,0.323973,11
CTD_CP_H,20250829T045947,1966.04,3.1688,34.8455,20,0.324042,10
CTD_CP_H,20250829T045947,1968.00,3.1634,34.8452,20,0.324097,10
CTD_CP_H,20250829T045947,1969.98,3.1581,34.8450,20,0.324137,10
CTD_CP_H,20250829T045947,1971.97,3.1563,34.8459,20,0.324212,10
CTD_CP_H,20250829T045947,1973.97,3.1524,34.8455,20,0.324262,10
CTD_CP_H,20250829T045947,1975.96,3.1485,34.8447,20,0.324313,10
CTD_CP_H,20250829T045947,1977.96,3.1441,34.8439,20,0.324375,10
CTD_CP_H,20250829T045947,1979.98,3.1378,34.8439,20,0.324429,10
CTD_CP_H,20250829T045948,1981.99,3.1290,34.8429,20,0.324476,10
CTD_CP_H,20250829T045948,1984.03,3.1249,34.8430,20,0.324538,10
CTD_CP_H,20250829T045948,1986.02,3.1234,34.8424,19,0.324574,9
CTD_CP_H,20250829T045948,1988.01,3.1201,34.8423,20,0.324607,10
CTD_CP_H,20250829T045948,1990.00,3.1175,34.8426,19,0.324617,10
CTD_CP_H,20250829T045948,1991.98,3.1131,34.8419,20,0.324282,10
CTD_CP_H,20250829T045948,1993.99,3.1060,34.8414,20,0.309433,5
CTD_CP_H,20250829T045948,1996.03,3.0991,34.8409,21,nan,0
CTD_CP_H,20250829T045948,1997.51,3.0949,34.8409,11,nan,0
GPS,20250829T050121,18.667061,62.711563,5
CTD_P,20250829T050123,-0.12
