scope,wmo,sensor_model,sensor_serial,parameter,coefficient,value,source_file,source_variable,interpretation
float_specific,2902086,ECO_FLBB,2663,BBP700,DARK_BACKSCATTERING700,49,incois_2902086_meta.nc,PREDEPLOYMENT_CALIB_COEFFICIENT,WETLABS factory backscatter dark counts; float-specific (varies across the 13 INCOIS 301 meta.nc)
float_specific,2902086,ECO_FLBB,2663,BBP700,SCALE_BACKSCATTERING700,1.645e-06,incois_2902086_meta.nc,PREDEPLOYMENT_CALIB_COEFFICIENT,WETLABS factory backscatter scale [m-1 per count]; float-specific (varies across the 13 INCOIS 301 meta.nc)
family_generic,2902086,ECO_FLBB,2663,BBP700,khi,1.097,incois_2902086_meta.nc,PREDEPLOYMENT_CALIB_COEFFICIENT,Boss/Roesler chi factor 1.097 for 142-degree backscatter; family-generic (identical in all 13 INCOIS 301 meta.nc)
float_specific,2902086,ECO_FLBB,2663,CHLA,DARK_CHLA,49,incois_2902086_meta.nc,PREDEPLOYMENT_CALIB_COEFFICIENT,WETLABS factory chlorophyll dark counts; float-specific (varies across the 13 INCOIS 301 meta.nc)
family_generic,2902086,ECO_FLBB,2663,CHLA,SCALE_CHLA,0.0073,incois_2902086_meta.nc,PREDEPLOYMENT_CALIB_COEFFICIENT,WETLABS factory chlorophyll scale [ug/L per count]; family-generic (identical in all 13 INCOIS 301 meta.nc)
family_generic,2902086,AANDERAA_OPTODE_4330,n/a,DOXY,A0,2.00856,incois_2902086_meta.nc,PREDEPLOYMENT_CALIB_COEFFICIENT,Weiss Cstar solubility A0; family-generic (identical in all 13 INCOIS 301 meta.nc)
family_generic,2902086,AANDERAA_OPTODE_4330,n/a,DOXY,A1,3.224,incois_2902086_meta.nc,PREDEPLOYMENT_CALIB_COEFFICIENT,Weiss Cstar solubility A1; family-generic (identical in all 13 INCOIS 301 meta.nc)
family_generic,2902086,AANDERAA_OPTODE_4330,n/a,DOXY,A2,3.99063,incois_2902086_meta.nc,PREDEPLOYMENT_CALIB_COEFFICIENT,Weiss Cstar solubility A2; family-generic (identical in all 13 INCOIS 301 meta.nc)
family_generic,2902086,AANDERAA_OPTODE_4330,n/a,DOXY,A3,4.80299,incois_2902086_meta.nc,PREDEPLOYMENT_CALIB_COEFFICIENT,Weiss Cstar solubility A3; family-generic (identical in all 13 INCOIS 301 meta.nc)
family_generic,2902086,AANDERAA_OPTODE_4330,n/a,DOXY,A4,0.978188,incois_2902086_meta.nc,PREDEPLOYMENT_CALIB_COEFFICIENT,Weiss Cstar solubility A4; family-generic (identical in all 13 INCOIS 301 meta.nc)
family_generic,2902086,AANDERAA_OPTODE_4330,n/a,DOXY,A5,1.71069,incois_2902086_meta.nc,PREDEPLOYMENT_CALIB_COEFFICIENT,Weiss Cstar solubility A5; family-generic (identical in all 13 INCOIS 301 meta.nc)
family_generic,2902086,AANDERAA_OPTODE_4330,n/a,DOXY,B0,-0.00624523,incois_2902086_meta.nc,PREDEPLOYMENT_CALIB_COEFFICIENT,Garcia-Gordon-style salinity-correction B0; family-generic (identical in all 13 INCOIS 301 meta.nc)
family_generic,2902086,AANDERAA_OPTODE_4330,n/a,DOXY,B1,-0.00737614,incois_2902086_meta.nc,PREDEPLOYMENT_CALIB_COEFFICIENT,Garcia-Gordon-style salinity-correction B1; family-generic (identical in all 13 INCOIS 301 meta.nc)
family_generic,2902086,AANDERAA_OPTODE_4330,n/a,DOXY,B2,-0.010341,incois_2902086_meta.nc,PREDEPLOYMENT_CALIB_COEFFICIENT,Garcia-Gordon-style salinity-correction B2; family-generic (identical in all 13 INCOIS 301 meta.nc)
family_generic,2902086,AANDERAA_OPTODE_4330,n/a,DOXY,B3,-0.00817083,incois_2902086_meta.nc,PREDEPLOYMENT_CALIB_COEFFICIENT,Garcia-Gordon-style salinity-correction B3; family-generic (identical in all 13 INCOIS 301 meta.nc)
family_generic,2902086,AANDERAA_OPTODE_4330,n/a,DOXY,C0,-4.88682e-07,incois_2902086_meta.nc,PREDEPLOYMENT_CALIB_COEFFICIENT,salinity-correction C0 (PSAL^2 term); family-generic (identical in all 13 INCOIS 301 meta.nc)
family_generic,2902086,AANDERAA_OPTODE_4330,n/a,DOXY,D0,24.4543,incois_2902086_meta.nc,PREDEPLOYMENT_CALIB_COEFFICIENT,vapour-pressure D0; family-generic (identical in all 13 INCOIS 301 meta.nc)
family_generic,2902086,AANDERAA_OPTODE_4330,n/a,DOXY,D1,-67.4509,incois_2902086_meta.nc,PREDEPLOYMENT_CALIB_COEFFICIENT,vapour-pressure D1; family-generic (identical in all 13 INCOIS 301 meta.nc)
family_generic,2902086,AANDERAA_OPTODE_4330,n/a,DOXY,D2,-4.8489,incois_2902086_meta.nc,PREDEPLOYMENT_CALIB_COEFFICIENT,vapour-pressure D2; family-generic (identical in all 13 INCOIS 301 meta.nc)
family_generic,2902086,AANDERAA_OPTODE_4330,n/a,DOXY,D3,-0.000544,incois_2902086_meta.nc,PREDEPLOYMENT_CALIB_COEFFICIENT,vapour-pressure D3 (salinity term); family-generic (identical in all 13 INCOIS 301 meta.nc)
family_generic,2902086,AANDERAA_OPTODE_4330,n/a,DOXY,Pcoef1,0.1,incois_2902086_meta.nc,PREDEPLOYMENT_CALIB_COEFFICIENT,phase pressure-compensation slope [deg per bar/1000]; Aanderaa default 0.1; family-generic (identical in all 13 INCOIS 301 meta.nc)
family_generic,2902086,AANDERAA_OPTODE_4330,n/a,DOXY,Pcoef2,0.00022,incois_2902086_meta.nc,PREDEPLOYMENT_CALIB_COEFFICIENT,Pcorr temperature slope; Aanderaa default; family-generic (identical in all 13 INCOIS 301 meta.nc)
family_generic,2902086,AANDERAA_OPTODE_4330,n/a,DOXY,Pcoef3,0.0419,incois_2902086_meta.nc,PREDEPLOYMENT_CALIB_COEFFICIENT,Pcorr intercept; Aanderaa default; family-generic (identical in all 13 INCOIS 301 meta.nc)
float_specific,2902086,AANDERAA_OPTODE_4330,n/a,DOXY,PhaseCoef0,0.0657959,incois_2902086_meta.nc,PREDEPLOYMENT_CALIB_COEFFICIENT,CalPhase cubic c0 (per-foil factory calibration); float-specific (varies across the 13 INCOIS 301 meta.nc)
float_specific,2902086,AANDERAA_OPTODE_4330,n/a,DOXY,PhaseCoef1,1.00574,incois_2902086_meta.nc,PREDEPLOYMENT_CALIB_COEFFICIENT,CalPhase cubic c1 (per-foil factory calibration); float-specific (varies across the 13 INCOIS 301 meta.nc)
family_generic,2902086,AANDERAA_OPTODE_4330,n/a,DOXY,PhaseCoef2,0,incois_2902086_meta.nc,PREDEPLOYMENT_CALIB_COEFFICIENT,CalPhase cubic c2 (zero: Aanderaa standard foils); family-generic (identical in all 13 INCOIS 301 meta.nc)
family_generic,2902086,AANDERAA_OPTODE_4330,n/a,DOXY,PhaseCoef3,0,incois_2902086_meta.nc,PREDEPLOYMENT_CALIB_COEFFICIENT,CalPhase cubic c3 (zero: Aanderaa standard foils); family-generic (identical in all 13 INCOIS 301 meta.nc)
family_generic,2902086,AANDERAA_OPTODE_4330,n/a,DOXY,Spreset,0,incois_2902086_meta.nc,PREDEPLOYMENT_CALIB_COEFFICIENT,reference salinity [psu] of the Scorr vapour-pressure ratio; family-generic (identical in all 13 INCOIS 301 meta.nc)
float_specific,2902086,AANDERAA_OPTODE_4330,n/a,DOXY,c0,-3.60479e-06,incois_2902086_meta.nc,PREDEPLOYMENT_CALIB_COEFFICIENT,foil polynomial c0 (per foil-batch factory calibration); float-specific (varies across the 13 INCOIS 301 meta.nc)
float_specific,2902086,AANDERAA_OPTODE_4330,n/a,DOXY,c1,-6.84366e-06,incois_2902086_meta.nc,PREDEPLOYMENT_CALIB_COEFFICIENT,foil polynomial c1 (per foil-batch factory calibration); float-specific (varies across the 13 INCOIS 301 meta.nc)
float_specific,2902086,AANDERAA_OPTODE_4330,n/a,DOXY,c10,-309.375,incois_2902086_meta.nc,PREDEPLOYMENT_CALIB_COEFFICIENT,foil polynomial c10 (per foil-batch factory calibration); float-specific (varies across the 13 INCOIS 301 meta.nc)
float_specific,2902086,AANDERAA_OPTODE_4330,n/a,DOXY,c11,2.92369,incois_2902086_meta.nc,PREDEPLOYMENT_CALIB_COEFFICIENT,foil polynomial c11 (per foil-batch factory calibration); float-specific (varies across the 13 INCOIS 301 meta.nc)
float_specific,2902086,AANDERAA_OPTODE_4330,n/a,DOXY,c12,-0.0222201,incois_2902086_meta.nc,PREDEPLOYMENT_CALIB_COEFFICIENT,foil polynomial c12 (per foil-batch factory calibration); float-specific (varies across the 13 INCOIS 301 meta.nc)
float_specific,2902086,AANDERAA_OPTODE_4330,n/a,DOXY,c13,0.000214634,incois_2902086_meta.nc,PREDEPLOYMENT_CALIB_COEFFICIENT,foil polynomial c13 (per foil-batch factory calibration); float-specific (varies across the 13 INCOIS 301 meta.nc)
float_specific,2902086,AANDERAA_OPTODE_4330,n/a,DOXY,c14,-7.93483e-07,incois_2902086_meta.nc,PREDEPLOYMENT_CALIB_COEFFICIENT,foil polynomial c14 (per foil-batch factory calibration); float-specific (varies across the 13 INCOIS 301 meta.nc)
float_specific,2902086,AANDERAA_OPTODE_4330,n/a,DOXY,c15,3792.41,incois_2902086_meta.nc,PREDEPLOYMENT_CALIB_COEFFICIENT,foil polynomial c15 (per foil-batch factory calibration); float-specific (varies across the 13 INCOIS 301 meta.nc)
float_specific,2902086,AANDERAA_OPTODE_4330,n/a,DOXY,c16,-49.3514,incois_2902086_meta.nc,PREDEPLOYMENT_CALIB_COEFFICIENT,foil polynomial c16 (per foil-batch factory calibration); float-specific (varies across the 13 INCOIS 301 meta.nc)
float_specific,2902086,AANDERAA_OPTODE_4330,n/a,DOXY,c17,0.633521,incois_2902086_meta.nc,PREDEPLOYMENT_CALIB_COEFFICIENT,foil polynomial c17 (per foil-batch factory calibration); float-specific (varies across the 13 INCOIS 301 meta.nc)
float_specific,2902086,AANDERAA_OPTODE_4330,n/a,DOXY,c18,-0.0108549,incois_2902086_meta.nc,PREDEPLOYMENT_CALIB_COEFFICIENT,foil polynomial c18 (per foil-batch factory calibration); float-specific (varies across the 13 INCOIS 301 meta.nc)
float_specific,2902086,AANDERAA_OPTODE_4330,n/a,DOXY,c19,0.000121895,incois_2902086_meta.nc,PREDEPLOYMENT_CALIB_COEFFICIENT,foil polynomial c19 (per foil-batch factory calibration); float-specific (varies across the 13 INCOIS 301 meta.nc)
float_specific,2902086,AANDERAA_OPTODE_4330,n/a,DOXY,c2,0.0018392,incois_2902086_meta.nc,PREDEPLOYMENT_CALIB_COEFFICIENT,foil polynomial c2 (per foil-batch factory calibration); float-specific (varies across the 13 INCOIS 301 meta.nc)
float_specific,2902086,AANDERAA_OPTODE_4330,n/a,DOXY,c20,-7.34497e-07,incois_2902086_meta.nc,PREDEPLOYMENT_CALIB_COEFFICIENT,foil polynomial c20 (per foil-batch factory calibration); float-specific (varies across the 13 INCOIS 301 meta.nc)
family_generic,2902086,AANDERAA_OPTODE_4330,n/a,DOXY,c21,0,incois_2902086_meta.nc,PREDEPLOYMENT_CALIB_COEFFICIENT,"foil polynomial c21 (unused term, zero); family-generic (identical in all 13 INCOIS 301 meta.nc)"
family_generic,2902086,AANDERAA_OPTODE_4330,n/a,DOXY,c22,0,incois_2902086_meta.nc,PREDEPLOYMENT_CALIB_COEFFICIENT,"foil polynomial c22 (unused term, zero); family-generic (identical in all 13 INCOIS 301 meta.nc)"
family_generic,2902086,AANDERAA_OPTODE_4330,n/a,DOXY,c23,0,incois_2902086_meta.nc,PREDEPLOYMENT_CALIB_COEFFICIENT,"foil polynomial c23 (unused term, zero); family-generic (identical in all 13 INCOIS 301 meta.nc)"
family_generic,2902086,AANDERAA_OPTODE_4330,n/a,DOXY,c24,0,incois_2902086_meta.nc,PREDEPLOYMENT_CALIB_COEFFICIENT,"foil polynomial c24 (unused term, zero); family-generic (identical in all 13 INCOIS 301 meta.nc)"
family_generic,2902086,AANDERAA_OPTODE_4330,n/a,DOXY,c25,0,incois_2902086_meta.nc,PREDEPLOYMENT_CALIB_COEFFICIENT,"foil polynomial c25 (unused term, zero); family-generic (identical in all 13 INCOIS 301 meta.nc)"
family_generic,2902086,AANDERAA_OPTODE_4330,n/a,DOXY,c26,0,incois_2902086_meta.nc,PREDEPLOYMENT_CALIB_COEFFICIENT,"foil polynomial c26 (unused term, zero); family-generic (identical in all 13 INCOIS 301 meta.nc)"
family_generic,2902086,AANDERAA_OPTODE_4330,n/a,DOXY,c27,0,incois_2902086_meta.nc,PREDEPLOYMENT_CALIB_COEFFICIENT,"foil polynomial c27 (unused term, zero); family-generic (identical in all 13 INCOIS 301 meta.nc)"
float_specific,2902086,AANDERAA_OPTODE_4330,n/a,DOXY,c3,-0.198444,incois_2902086_meta.nc,PREDEPLOYMENT_CALIB_COEFFICIENT,foil polynomial c3 (per foil-batch factory calibration); float-specific (varies across the 13 INCOIS 301 meta.nc)
float_specific,2902086,AANDERAA_OPTODE_4330,n/a,DOXY,c4,0.000812123,incois_2902086_meta.nc,PREDEPLOYMENT_CALIB_COEFFICIENT,foil polynomial c4 (per foil-batch factory calibration); float-specific (varies across the 13 INCOIS 301 meta.nc)
float_specific,2902086,AANDERAA_OPTODE_4330,n/a,DOXY,c5,-1.22073e-06,incois_2902086_meta.nc,PREDEPLOYMENT_CALIB_COEFFICIENT,foil polynomial c5 (per foil-batch factory calibration); float-specific (varies across the 13 INCOIS 301 meta.nc)
float_specific,2902086,AANDERAA_OPTODE_4330,n/a,DOXY,c6,10.8689,incois_2902086_meta.nc,PREDEPLOYMENT_CALIB_COEFFICIENT,foil polynomial c6 (per foil-batch factory calibration); float-specific (varies across the 13 INCOIS 301 meta.nc)
float_specific,2902086,AANDERAA_OPTODE_4330,n/a,DOXY,c7,-0.0709398,incois_2902086_meta.nc,PREDEPLOYMENT_CALIB_COEFFICIENT,foil polynomial c7 (per foil-batch factory calibration); float-specific (varies across the 13 INCOIS 301 meta.nc)
float_specific,2902086,AANDERAA_OPTODE_4330,n/a,DOXY,c8,0.000281047,incois_2902086_meta.nc,PREDEPLOYMENT_CALIB_COEFFICIENT,foil polynomial c8 (per foil-batch factory calibration); float-specific (varies across the 13 INCOIS 301 meta.nc)
float_specific,2902086,AANDERAA_OPTODE_4330,n/a,DOXY,c9,-1.32885e-06,incois_2902086_meta.nc,PREDEPLOYMENT_CALIB_COEFFICIENT,foil polynomial c9 (per foil-batch factory calibration); float-specific (varies across the 13 INCOIS 301 meta.nc)
family_generic,2902086,AANDERAA_OPTODE_4330,n/a,DOXY,m0,1,incois_2902086_meta.nc,PREDEPLOYMENT_CALIB_COEFFICIENT,"foil polynomial temperature exponent m0 (structural, Aanderaa method; value generic, file formatting varies); family-generic (identical in all 13 INCOIS 301 meta.nc)"
family_generic,2902086,AANDERAA_OPTODE_4330,n/a,DOXY,m1,0,incois_2902086_meta.nc,PREDEPLOYMENT_CALIB_COEFFICIENT,"foil polynomial temperature exponent m1 (structural, Aanderaa method; value generic, file formatting varies); family-generic (identical in all 13 INCOIS 301 meta.nc)"
family_generic,2902086,AANDERAA_OPTODE_4330,n/a,DOXY,m10,0,incois_2902086_meta.nc,PREDEPLOYMENT_CALIB_COEFFICIENT,"foil polynomial temperature exponent m10 (structural, Aanderaa method; value generic, file formatting varies); family-generic (identical in all 13 INCOIS 301 meta.nc)"
family_generic,2902086,AANDERAA_OPTODE_4330,n/a,DOXY,m11,1,incois_2902086_meta.nc,PREDEPLOYMENT_CALIB_COEFFICIENT,"foil polynomial temperature exponent m11 (structural, Aanderaa method; value generic, file formatting varies); family-generic (identical in all 13 INCOIS 301 meta.nc)"
family_generic,2902086,AANDERAA_OPTODE_4330,n/a,DOXY,m12,2,incois_2902086_meta.nc,PREDEPLOYMENT_CALIB_COEFFICIENT,"foil polynomial temperature exponent m12 (structural, Aanderaa method; value generic, file formatting varies); family-generic (identical in all 13 INCOIS 301 meta.nc)"
family_generic,2902086,AANDERAA_OPTODE_4330,n/a,DOXY,m13,3,incois_2902086_meta.nc,PREDEPLOYMENT_CALIB_COEFFICIENT,"foil polynomial temperature exponent m13 (structural, Aanderaa method; value generic, file formatting varies); family-generic (identical in all 13 INCOIS 301 meta.nc)"
family_generic,2902086,AANDERAA_OPTODE_4330,n/a,DOXY,m14,4,incois_2902086_meta.nc,PREDEPLOYMENT_CALIB_COEFFICIENT,"foil polynomial temperature exponent m14 (structural, Aanderaa method; value generic, file formatting varies); family-generic (identical in all 13 INCOIS 301 meta.nc)"
family_generic,2902086,AANDERAA_OPTODE_4330,n/a,DOXY,m15,0,incois_2902086_meta.nc,PREDEPLOYMENT_CALIB_COEFFICIENT,"foil polynomial temperature exponent m15 (structural, Aanderaa method; value generic, file formatting varies); family-generic (identical in all 13 INCOIS 301 meta.nc)"
family_generic,2902086,AANDERAA_OPTODE_4330,n/a,DOXY,m16,1,incois_2902086_meta.nc,PREDEPLOYMENT_CALIB_COEFFICIENT,"foil polynomial temperature exponent m16 (structural, Aanderaa method; value generic, file formatting varies); family-generic (identical in all 13 INCOIS 301 meta.nc)"
family_generic,2902086,AANDERAA_OPTODE_4330,n/a,DOXY,m17,2,incois_2902086_meta.nc,PREDEPLOYMENT_CALIB_COEFFICIENT,"foil polynomial temperature exponent m17 (structural, Aanderaa method; value generic, file formatting varies); family-generic (identical in all 13 INCOIS 301 meta.nc)"
family_generic,2902086,AANDERAA_OPTODE_4330,n/a,DOXY,m18,3,incois_2902086_meta.nc,PREDEPLOYMENT_CALIB_COEFFICIENT,"foil polynomial temperature exponent m18 (structural, Aanderaa method; value generic, file formatting varies); family-generic (identical in all 13 INCOIS 301 meta.nc)"
family_generic,2902086,AANDERAA_OPTODE_4330,n/a,DOXY,m19,4,incois_2902086_meta.nc,PREDEPLOYMENT_CALIB_COEFFICIENT,"foil polynomial temperature exponent m19 (structural, Aanderaa method; value generic, file formatting varies); family-generic (identical in all 13 INCOIS 301 meta.nc)"
family_generic,2902086,AANDERAA_OPTODE_4330,n/a,DOXY,m2,0,incois_2902086_meta.nc,PREDEPLOYMENT_CALIB_COEFFICIENT,"foil polynomial temperature exponent m2 (structural, Aanderaa method; value generic, file formatting varies); family-generic (identical in all 13 INCOIS 301 meta.nc)"
family_generic,2902086,AANDERAA_OPTODE_4330,n/a,DOXY,m20,5,incois_2902086_meta.nc,PREDEPLOYMENT_CALIB_COEFFICIENT,"foil polynomial temperature exponent m20 (structural, Aanderaa method; value generic, file formatting varies); family-generic (identical in all 13 INCOIS 301 meta.nc)"
family_generic,2902086,AANDERAA_OPTODE_4330,n/a,DOXY,m21,0,incois_2902086_meta.nc,PREDEPLOYMENT_CALIB_COEFFICIENT,"foil polynomial temperature exponent m21 (structural, Aanderaa method; value generic, file formatting varies); family-generic (identical in all 13 INCOIS 301 meta.nc)"
family_generic,2902086,AANDERAA_OPTODE_4330,n/a,DOXY,m22,0,incois_2902086_meta.nc,PREDEPLOYMENT_CALIB_COEFFICIENT,"foil polynomial temperature exponent m22 (structural, Aanderaa method; value generic, file formatting varies); family-generic (identical in all 13 INCOIS 301 meta.nc)"
family_generic,2902086,AANDERAA_OPTODE_4330,n/a,DOXY,m23,0,incois_2902086_meta.nc,PREDEPLOYMENT_CALIB_COEFFICIENT,"foil polynomial temperature exponent m23 (structural, Aanderaa method; value generic, file formatting varies); family-generic (identical in all 13 INCOIS 301 meta.nc)"
family_generic,2902086,AANDERAA_OPTODE_4330,n/a,DOXY,m24,0,incois_2902086_meta.nc,PREDEPLOYMENT_CALIB_COEFFICIENT,"foil polynomial temperature exponent m24 (structural, Aanderaa method; value generic, file formatting varies); family-generic (identical in all 13 INCOIS 301 meta.nc)"
family_generic,2902086,AANDERAA_OPTODE_4330,n/a,DOXY,m25,0,incois_2902086_meta.nc,PREDEPLOYMENT_CALIB_COEFFICIENT,"foil polynomial temperature exponent m25 (structural, Aanderaa method; value generic, file formatting varies); family-generic (identical in all 13 INCOIS 301 meta.nc)"
family_generic,2902086,AANDERAA_OPTODE_4330,n/a,DOXY,m26,0,incois_2902086_meta.nc,PREDEPLOYMENT_CALIB_COEFFICIENT,"foil polynomial temperature exponent m26 (structural, Aanderaa method; value generic, file formatting varies); family-generic (identical in all 13 INCOIS 301 meta.nc)"
family_generic,2902086,AANDERAA_OPTODE_4330,n/a,DOXY,m27,0,incois_2902086_meta.nc,PREDEPLOYMENT_CALIB_COEFFICIENT,"foil polynomial temperature exponent m27 (structural, Aanderaa method; value generic, file formatting varies); family-generic (identical in all 13 INCOIS 301 meta.nc)"
family_generic,2902086,AANDERAA_OPTODE_4330,n/a,DOXY,m3,0,incois_2902086_meta.nc,PREDEPLOYMENT_CALIB_COEFFICIENT,"foil polynomial temperature exponent m3 (structural, Aanderaa method; value generic, file formatting varies); family-generic (identical in all 13 INCOIS 301 meta.nc)"
family_generic,2902086,AANDERAA_OPTODE_4330,n/a,DOXY,m4,1,incois_2902086_meta.nc,PREDEPLOYMENT_CALIB_COEFFICIENT,"foil polynomial temperature exponent m4 (structural, Aanderaa method; value generic, file formatting varies); family-generic (identical in all 13 INCOIS 301 meta.nc)"
family_generic,2902086,AANDERAA_OPTODE_4330,n/a,DOXY,m5,2,incois_2902086_meta.nc,PREDEPLOYMENT_CALIB_COEFFICIENT,"foil polynomial temperature exponent m5 (structural, Aanderaa method; value generic, file formatting varies); family-generic (identical in all 13 INCOIS 301 meta.nc)"
family_generic,2902086,AANDERAA_OPTODE_4330,n/a,DOXY,m6,0,incois_2902086_meta.nc,PREDEPLOYMENT_CALIB_COEFFICIENT,"foil polynomial temperature exponent m6 (structural, Aanderaa method; value generic, file formatting varies); family-generic (identical in all 13 INCOIS 301 meta.nc)"
family_generic,2902086,AANDERAA_OPTODE_4330,n/a,DOXY,m7,1,incois_2902086_meta.nc,PREDEPLOYMENT_CALIB_COEFFICIENT,"foil polynomial temperature exponent m7 (structural, Aanderaa method; value generic, file formatting varies); family-generic (identical in all 13 INCOIS 301 meta.nc)"
family_generic,2902086,AANDERAA_OPTODE_4330,n/a,DOXY,m8,2,incois_2902086_meta.nc,PREDEPLOYMENT_CALIB_COEFFICIENT,"foil polynomial temperature exponent m8 (structural, Aanderaa method; value generic, file formatting varies); family-generic (identical in all 13 INCOIS 301 meta.nc)"
family_generic,2902086,AANDERAA_OPTODE_4330,n/a,DOXY,m9,3,incois_2902086_meta.nc,PREDEPLOYMENT_CALIB_COEFFICIENT,"foil polynomial temperature exponent m9 (structural, Aanderaa method; value generic, file formatting varies); family-generic (identical in all 13 INCOIS 301 meta.nc)"
family_generic,2902086,AANDERAA_OPTODE_4330,n/a,DOXY,n0,4,incois_2902086_meta.nc,PREDEPLOYMENT_CALIB_COEFFICIENT,"foil polynomial CalPhase exponent n0 (structural, Aanderaa method; value generic, file formatting varies); family-generic (identical in all 13 INCOIS 301 meta.nc)"
family_generic,2902086,AANDERAA_OPTODE_4330,n/a,DOXY,n1,5,incois_2902086_meta.nc,PREDEPLOYMENT_CALIB_COEFFICIENT,"foil polynomial CalPhase exponent n1 (structural, Aanderaa method; value generic, file formatting varies); family-generic (identical in all 13 INCOIS 301 meta.nc)"
family_generic,2902086,AANDERAA_OPTODE_4330,n/a,DOXY,n10,1,incois_2902086_meta.nc,PREDEPLOYMENT_CALIB_COEFFICIENT,"foil polynomial CalPhase exponent n10 (structural, Aanderaa method; value generic, file formatting varies); family-generic (identical in all 13 INCOIS 301 meta.nc)"
family_generic,2902086,AANDERAA_OPTODE_4330,n/a,DOXY,n11,1,incois_2902086_meta.nc,PREDEPLOYMENT_CALIB_COEFFICIENT,"foil polynomial CalPhase exponent n11 (structural, Aanderaa method; value generic, file formatting varies); family-generic (identical in all 13 INCOIS 301 meta.nc)"
family_generic,2902086,AANDERAA_OPTODE_4330,n/a,DOXY,n12,1,incois_2902086_meta.nc,PREDEPLOYMENT_CALIB_COEFFICIENT,"foil polynomial CalPhase exponent n12 (structural, Aanderaa method; value generic, file formatting varies); family-generic (identical in all 13 INCOIS 301 meta.nc)"
family_generic,2902086,AANDERAA_OPTODE_4330,n/a,DOXY,n13,1,incois_2902086_meta.nc,PREDEPLOYMENT_CALIB_COEFFICIENT,"foil polynomial CalPhase exponent n13 (structural, Aanderaa method; value generic, file formatting varies); family-generic (identical in all 13 INCOIS 301 meta.nc)"
family_generic,2902086,AANDERAA_OPTODE_4330,n/a,DOXY,n14,1,incois_2902086_meta.nc,PREDEPLOYMENT_CALIB_COEFFICIENT,"foil polynomial CalPhase exponent n14 (structural, Aanderaa method; value generic, file formatting varies); family-generic (identical in all 13 INCOIS 301 meta.nc)"
family_generic,2902086,AANDERAA_OPTODE_4330,n/a,DOXY,n15,0,incois_2902086_meta.nc,PREDEPLOYMENT_CALIB_COEFFICIENT,"foil polynomial CalPhase exponent n15 (structural, Aanderaa method; value generic, file formatting varies); family-generic (identical in all 13 INCOIS 301 meta.nc)"
family_generic,2902086,AANDERAA_OPTODE_4330,n/a,DOXY,n16,0,incois_2902086_meta.nc,PREDEPLOYMENT_CALIB_COEFFICIENT,"foil polynomial CalPhase exponent n16 (structural, Aanderaa method; value generic, file formatting varies); family-generic (identical in all 13 INCOIS 301 meta.nc)"
family_generic,2902086,AANDERAA_OPTODE_4330,n/a,DOXY,n17,0,incois_2902086_meta.nc,PREDEPLOYMENT_CALIB_COEFFICIENT,"foil polynomial CalPhase exponent n17 (structural, Aanderaa method; value generic, file formatting varies); family-generic (identical in all 13 INCOIS 301 meta.nc)"
family_generic,2902086,AANDERAA_OPTODE_4330,n/a,DOXY,n18,0,incois_2902086_meta.nc,PREDEPLOYMENT_CALIB_COEFFICIENT,"foil polynomial CalPhase exponent n18 (structural, Aanderaa method; value generic, file formatting varies); family-generic (identical in all 13 INCOIS 301 meta.nc)"
family_generic,2902086,AANDERAA_OPTODE_4330,n/a,DOXY,n19,0,incois_2902086_meta.nc,PREDEPLOYMENT_CALIB_COEFFICIENT,"foil polynomial CalPhase exponent n19 (structural, Aanderaa method; value generic, file formatting varies); family-generic (identical in all 13 INCOIS 301 meta.nc)"
family_generic,2902086,AANDERAA_OPTODE_4330,n/a,DOXY,n2,4,incois_2902086_meta.nc,PREDEPLOYMENT_CALIB_COEFFICIENT,"foil polynomial CalPhase exponent n2 (structural, Aanderaa method; value generic, file formatting varies); family-generic (identical in all 13 INCOIS 301 meta.nc)"
family_generic,2902086,AANDERAA_OPTODE_4330,n/a,DOXY,n20,0,incois_2902086_meta.nc,PREDEPLOYMENT_CALIB_COEFFICIENT,"foil polynomial CalPhase exponent n20 (structural, Aanderaa method; value generic, file formatting varies); family-generic (identical in all 13 INCOIS 301 meta.nc)"
family_generic,2902086,AANDERAA_OPTODE_4330,n/a,DOXY,n21,0,incois_2902086_meta.nc,PREDEPLOYMENT_CALIB_COEFFICIENT,"foil polynomial CalPhase exponent n21 (structural, Aanderaa method; value generic, file formatting varies); family-generic (identical in all 13 INCOIS 301 meta.nc)"
family_generic,2902086,AANDERAA_OPTODE_4330,n/a,DOXY,n22,0,incois_2902086_meta.nc,PREDEPLOYMENT_CALIB_COEFFICIENT,"foil polynomial CalPhase exponent n22 (structural, Aanderaa method; value generic, file formatting varies); family-generic (identical in all 13 INCOIS 301 meta.nc)"
family_generic,2902086,AANDERAA_OPTODE_4330,n/a,DOXY,n23,0,incois_2902086_meta.nc,PREDEPLOYMENT_CALIB_COEFFICIENT,"foil polynomial CalPhase exponent n23 (structural, Aanderaa method; value generic, file formatting varies); family-generic (identical in all 13 INCOIS 301 meta.nc)"
family_generic,2902086,AANDERAA_OPTODE_4330,n/a,DOXY,n24,0,incois_2902086_meta.nc,PREDEPLOYMENT_CALIB_COEFFICIENT,"foil polynomial CalPhase exponent n24 (structural, Aanderaa method; value generic, file formatting varies); family-generic (identical in all 13 INCOIS 301 meta.nc)"
family_generic,2902086,AANDERAA_OPTODE_4330,n/a,DOXY,n25,0,incois_2902086_meta.nc,PREDEPLOYMENT_CALIB_COEFFICIENT,"foil polynomial CalPhase exponent n25 (structural, Aanderaa method; value generic, file formatting varies); family-generic (identical in all 13 INCOIS 301 meta.nc)"
family_generic,2902086,AANDERAA_OPTODE_4330,n/a,DOXY,n26,0,incois_2902086_meta.nc,PREDEPLOYMENT_CALIB_COEFFICIENT,"foil polynomial CalPhase exponent n26 (structural, Aanderaa method; value generic, file formatting varies); family-generic (identical in all 13 INCOIS 301 meta.nc)"
family_generic,2902086,AANDERAA_OPTODE_4330,n/a,DOXY,n27,0,incois_2902086_meta.nc,PREDEPLOYMENT_CALIB_COEFFICIENT,"foil polynomial CalPhase exponent n27 (structural, Aanderaa method; value generic, file formatting varies); family-generic (identical in all 13 INCOIS 301 meta.nc)"
family_generic,2902086,AANDERAA_OPTODE_4330,n/a,DOXY,n3,3,incois_2902086_meta.nc,PREDEPLOYMENT_CALIB_COEFFICIENT,"foil polynomial CalPhase exponent n3 (structural, Aanderaa method; value generic, file formatting varies); family-generic (identical in all 13 INCOIS 301 meta.nc)"
family_generic,2902086,AANDERAA_OPTODE_4330,n/a,DOXY,n4,3,incois_2902086_meta.nc,PREDEPLOYMENT_CALIB_COEFFICIENT,"foil polynomial CalPhase exponent n4 (structural, Aanderaa method; value generic, file formatting varies); family-generic (identical in all 13 INCOIS 301 meta.nc)"
family_generic,2902086,AANDERAA_OPTODE_4330,n/a,DOXY,n5,3,incois_2902086_meta.nc,PREDEPLOYMENT_CALIB_COEFFICIENT,"foil polynomial CalPhase exponent n5 (structural, Aanderaa method; value generic, file formatting varies); family-generic (identical in all 13 INCOIS 301 meta.nc)"
family_generic,2902086,AANDERAA_OPTODE_4330,n/a,DOXY,n6,2,incois_2902086_meta.nc,PREDEPLOYMENT_CALIB_COEFFICIENT,"foil polynomial CalPhase exponent n6 (structural, Aanderaa method; value generic, file formatting varies); family-generic (identical in all 13 INCOIS 301 meta.nc)"
family_generic,2902086,AANDERAA_OPTODE_4330,n/a,DOXY,n7,2,incois_2902086_meta.nc,PREDEPLOYMENT_CALIB_COEFFICIENT,"foil polynomial CalPhase exponent n7 (structural, Aanderaa method; value generic, file formatting varies); family-generic (identical in all 13 INCOIS 301 meta.nc)"
family_generic,2902086,AANDERAA_OPTODE_4330,n/a,DOXY,n8,2,incois_2902086_meta.nc,PREDEPLOYMENT_CALIB_COEFFICIENT,"foil polynomial CalPhase exponent n8 (structural, Aanderaa method; value generic, file formatting varies); family-generic (identical in all 13 INCOIS 301 meta.nc)"
family_generic,2902086,AANDERAA_OPTODE_4330,n/a,DOXY,n9,2,incois_2902086_meta.nc,PREDEPLOYMENT_CALIB_COEFFICIENT,"foil polynomial CalPhase exponent n9 (structural, Aanderaa method; value generic, file formatting varies); family-generic (identical in all 13 INCOIS 301 meta.nc)"
float_specific,2902086,AANDERAA_OPTODE_4330,n/a,TEMP_DOXY,T0,26.5636,incois_2902086_meta.nc,PREDEPLOYMENT_CALIB_COEFFICIENT,"optode thermistor polynomial T0 (per-unit factory calibration; firmware-internal, reference only); float-specific (varies across the 13 INCOIS 301 meta.nc)"
float_specific,2902086,AANDERAA_OPTODE_4330,n/a,TEMP_DOXY,T1,-0.0312362,incois_2902086_meta.nc,PREDEPLOYMENT_CALIB_COEFFICIENT,"optode thermistor polynomial T1 (per-unit factory calibration; firmware-internal, reference only); float-specific (varies across the 13 INCOIS 301 meta.nc)"
float_specific,2902086,AANDERAA_OPTODE_4330,n/a,TEMP_DOXY,T2,3.02924e-06,incois_2902086_meta.nc,PREDEPLOYMENT_CALIB_COEFFICIENT,"optode thermistor polynomial T2 (per-unit factory calibration; firmware-internal, reference only); float-specific (varies across the 13 INCOIS 301 meta.nc)"
float_specific,2902086,AANDERAA_OPTODE_4330,n/a,TEMP_DOXY,T3,-4.45159e-09,incois_2902086_meta.nc,PREDEPLOYMENT_CALIB_COEFFICIENT,"optode thermistor polynomial T3 (per-unit factory calibration; firmware-internal, reference only); float-specific (varies across the 13 INCOIS 301 meta.nc)"
family_generic,2902086,AANDERAA_OPTODE_4330,n/a,TEMP_DOXY,T4,0,incois_2902086_meta.nc,PREDEPLOYMENT_CALIB_COEFFICIENT,"optode thermistor polynomial T4 (per-unit factory calibration; firmware-internal, reference only); family-generic (identical in all 13 INCOIS 301 meta.nc)"
family_generic,2902086,AANDERAA_OPTODE_4330,n/a,TEMP_DOXY,T5,0,incois_2902086_meta.nc,PREDEPLOYMENT_CALIB_COEFFICIENT,"optode thermistor polynomial T5 (per-unit factory calibration; firmware-internal, reference only); family-generic (identical in all 13 INCOIS 301 meta.nc)"
float_specific,2902087,ECO_FLBB,2658,BBP700,DARK_BACKSCATTERING700,48,incois_2902087_meta.nc,PREDEPLOYMENT_CALIB_COEFFICIENT,WETLABS factory backscatter dark counts; float-specific (varies across the 13 INCOIS 301 meta.nc)
float_specific,2902087,ECO_FLBB,2658,BBP700,SCALE_BACKSCATTERING700,1.753e-06,incois_2902087_meta.nc,PREDEPLOYMENT_CALIB_COEFFICIENT,WETLABS factory backscatter scale [m-1 per count]; float-specific (varies across the 13 INCOIS 301 meta.nc)
family_generic,2902087,ECO_FLBB,2658,BBP700,khi,1.097,incois_2902087_meta.nc,PREDEPLOYMENT_CALIB_COEFFICIENT,Boss/Roesler chi factor 1.097 for 142-degree backscatter; family-generic (identical in all 13 INCOIS 301 meta.nc)
float_specific,2902087,ECO_FLBB,2658,CHLA,DARK_CHLA,48,incois_2902087_meta.nc,PREDEPLOYMENT_CALIB_COEFFICIENT,WETLABS factory chlorophyll dark counts; float-specific (varies across the 13 INCOIS 301 meta.nc)
family_generic,2902087,ECO_FLBB,2658,CHLA,SCALE_CHLA,0.0073,incois_2902087_meta.nc,PREDEPLOYMENT_CALIB_COEFFICIENT,WETLABS factory chlorophyll scale [ug/L per count]; family-generic (identical in all 13 INCOIS 301 meta.nc)
family_generic,2902087,AANDERAA_OPTODE_4330,n/a,DOXY,A0,2.00856,incois_2902087_meta.nc,PREDEPLOYMENT_CALIB_COEFFICIENT,Weiss Cstar solubility A0; family-generic (identical in all 13 INCOIS 301 meta.nc)
family_generic,2902087,AANDERAA_OPTODE_4330,n/a,DOXY,A1,3.224,incois_2902087_meta.nc,PREDEPLOYMENT_CALIB_COEFFICIENT,Weiss Cstar solubility A1; family-generic (identical in all 13 INCOIS 301 meta.nc)
family_generic,2902087,AANDERAA_OPTODE_4330,n/a,DOXY,A2,3.99063,incois_2902087_meta.nc,PREDEPLOYMENT_CALIB_COEFFICIENT,Weiss Cstar solubility A2; family-generic (identical in all 13 INCOIS 301 meta.nc)
family_generic,2902087,AANDERAA_OPTODE_4330,n/a,DOXY,A3,4.80299,incois_2902087_meta.nc,PREDEPLOYMENT_CALIB_COEFFICIENT,Weiss Cstar solubility A3; family-generic (identical in all 13 INCOIS 301 meta.nc)
family_generic,2902087,AANDERAA_OPTODE_4330,n/a,DOXY,A4,0.978188,incois_2902087_meta.nc,PREDEPLOYMENT_CALIB_COEFFICIENT,Weiss Cstar solubility A4; family-generic (identical in all 13 INCOIS 301 meta.nc)
family_generic,2902087,AANDERAA_OPTODE_4330,n/a,DOXY,A5,1.71069,incois_2902087_meta.nc,PREDEPLOYMENT_CALIB_COEFFICIENT,Weiss Cstar solubility A5; family-generic (identical in all 13 INCOIS 301 meta.nc)
family_generic,2902087,AANDERAA_OPTODE_4330,n/a,DOXY,B0,-0.00624523,incois_2902087_meta.nc,PREDEPLOYMENT_CALIB_COEFFICIENT,Garcia-Gordon-style salinity-correction B0; family-generic (identical in all 13 INCOIS 301 meta.nc)
family_generic,2902087,AANDERAA_OPTODE_4330,n/a,DOXY,B1,-0.00737614,incois_2902087_meta.nc,PREDEPLOYMENT_CALIB_COEFFICIENT,Garcia-Gordon-style salinity-correction B1; family-generic (identical in all 13 INCOIS 301 meta.nc)
family_generic,2902087,AANDERAA_OPTODE_4330,n/a,DOXY,B2,-0.010341,incois_2902087_meta.nc,PREDEPLOYMENT_CALIB_COEFFICIENT,Garcia-Gordon-style salinity-correction B2; family-generic (identical in all 13 INCOIS 301 meta.nc)
family_generic,2902087,AANDERAA_OPTODE_4330,n/a,DOXY,B3,-0.00817083,incois_2902087_meta.nc,PREDEPLOYMENT_CALIB_COEFFICIENT,Garcia-Gordon-style salinity-correction B3; family-generic (identical in all 13 INCOIS 301 meta.nc)
family_generic,2902087,AANDERAA_OPTODE_4330,n/a,DOXY,C0,-4.88682e-07,incois_2902087_meta.nc,PREDEPLOYMENT_CALIB_COEFFICIENT,salinity-correction C0 (PSAL^2 term); family-generic (identical in all 13 INCOIS 301 meta.nc)
family_generic,2902087,AANDERAA_OPTODE_4330,n/a,DOXY,D0,24.4543,incois_2902087_meta.nc,PREDEPLOYMENT_CALIB_COEFFICIENT,vapour-pressure D0; family-generic (identical in all 13 INCOIS 301 meta.nc)
family_generic,2902087,AANDERAA_OPTODE_4330,n/a,DOXY,D1,-67.4509,incois_2902087_meta.nc,PREDEPLOYMENT_CALIB_COEFFICIENT,vapour-pressure D1; family-generic (identical in all 13 INCOIS 301 meta.nc)
family_generic,2902087,AANDERAA_OPTODE_4330,n/a,DOXY,D2,-4.8489,incois_2902087_meta.nc,PREDEPLOYMENT_CALIB_COEFFICIENT,vapour-pressure D2; family-generic (identical in all 13 INCOIS 301 meta.nc)
family_generic,2902087,AANDERAA_OPTODE_4330,n/a,DOXY,D3,-0.000544,incois_2902087_meta.nc,PREDEPLOYMENT_CALIB_COEFFICIENT,vapour-pressure D3 (salinity term); family-generic (identical in all 13 INCOIS 301 meta.nc)
family_generic,2902087,AANDERAA_OPTODE_4330,n/a,DOXY,Pcoef1,0.1,incois_2902087_meta.nc,PREDEPLOYMENT_CALIB_COEFFICIENT,phase pressure-compensation slope [deg per bar/1000]; Aanderaa default 0.1; family-generic (identical in all 13 INCOIS 301 meta.nc)
family_generic,2902087,AANDERAA_OPTODE_4330,n/a,DOXY,Pcoef2,0.00022,incois_2902087_meta.nc,PREDEPLOYMENT_CALIB_COEFFICIENT,Pcorr temperature slope; Aanderaa default; family-generic (identical in all 13 INCOIS 301 meta.nc)
family_generic,2902087,AANDERAA_OPTODE_4330,n/a,DOXY,Pcoef3,0.0419,incois_2902087_meta.nc,PREDEPLOYMENT_CALIB_COEFFICIENT,Pcorr intercept; Aanderaa default; family-generic (identical in all 13 INCOIS 301 meta.nc)
float_specific,2902087,AANDERAA_OPTODE_4330,n/a,DOXY,PhaseCoef0,-2.00237,incois_2902087_meta.nc,PREDEPLOYMENT_CALIB_COEFFICIENT,CalPhase cubic c0 (per-foil factory calibration); float-specific (varies across the 13 INCOIS 301 meta.nc)
float_specific,2902087,AANDERAA_OPTODE_4330,n/a,DOXY,PhaseCoef1,1.02869,incois_2902087_meta.nc,PREDEPLOYMENT_CALIB_COEFFICIENT,CalPhase cubic c1 (per-foil factory calibration); float-specific (varies across the 13 INCOIS 301 meta.nc)
family_generic,2902087,AANDERAA_OPTODE_4330,n/a,DOXY,PhaseCoef2,0,incois_2902087_meta.nc,PREDEPLOYMENT_CALIB_COEFFICIENT,CalPhase cubic c2 (zero: Aanderaa standard foils); family-generic (identical in all 13 INCOIS 301 meta.nc)
family_generic,2902087,AANDERAA_OPTODE_4330,n/a,DOXY,PhaseCoef3,0,incois_2902087_meta.nc,PREDEPLOYMENT_CALIB_COEFFICIENT,CalPhase cubic c3 (zero: Aanderaa standard foils); family-generic (identical in all 13 INCOIS 301 meta.nc)
family_generic,2902087,AANDERAA_OPTODE_4330,n/a,DOXY,Spreset,0,incois_2902087_meta.nc,PREDEPLOYMENT_CALIB_COEFFICIENT,reference salinity [psu] of the Scorr vapour-pressure ratio; family-generic (identical in all 13 INCOIS 301 meta.nc)
float_specific,2902087,AANDERAA_OPTODE_4330,n/a,DOXY,c0,-2.8228e-06,incois_2902087_meta.nc,PREDEPLOYMENT_CALIB_COEFFICIENT,foil polynomial c0 (per foil-batch factory calibration); float-specific (varies across the 13 INCOIS 301 meta.nc)
float_specific,2902087,AANDERAA_OPTODE_4330,n/a,DOXY,c1,-6.77631e-06,incois_2902087_meta.nc,PREDEPLOYMENT_CALIB_COEFFICIENT,foil polynomial c1 (per foil-batch factory calibration); float-specific (varies across the 13 INCOIS 301 meta.nc)
float_specific,2902087,AANDERAA_OPTODE_4330,n/a,DOXY,c10,-297.128,incois_2902087_meta.nc,PREDEPLOYMENT_CALIB_COEFFICIENT,foil polynomial c10 (per foil-batch factory calibration); float-specific (varies across the 13 INCOIS 301 meta.nc)
float_specific,2902087,AANDERAA_OPTODE_4330,n/a,DOXY,c11,2.23673,incois_2902087_meta.nc,PREDEPLOYMENT_CALIB_COEFFICIENT,foil polynomial c11 (per foil-batch factory calibration); float-specific (varies across the 13 INCOIS 301 meta.nc)
float_specific,2902087,AANDERAA_OPTODE_4330,n/a,DOXY,c12,-0.00795345,incois_2902087_meta.nc,PREDEPLOYMENT_CALIB_COEFFICIENT,foil polynomial c12 (per foil-batch factory calibration); float-specific (varies across the 13 INCOIS 301 meta.nc)
float_specific,2902087,AANDERAA_OPTODE_4330,n/a,DOXY,c13,4.77958e-05,incois_2902087_meta.nc,PREDEPLOYMENT_CALIB_COEFFICIENT,foil polynomial c13 (per foil-batch factory calibration); float-specific (varies across the 13 INCOIS 301 meta.nc)
float_specific,2902087,AANDERAA_OPTODE_4330,n/a,DOXY,c14,7.51173e-08,incois_2902087_meta.nc,PREDEPLOYMENT_CALIB_COEFFICIENT,foil polynomial c14 (per foil-batch factory calibration); float-specific (varies across the 13 INCOIS 301 meta.nc)
float_specific,2902087,AANDERAA_OPTODE_4330,n/a,DOXY,c15,3624.94,incois_2902087_meta.nc,PREDEPLOYMENT_CALIB_COEFFICIENT,foil polynomial c15 (per foil-batch factory calibration); float-specific (varies across the 13 INCOIS 301 meta.nc)
float_specific,2902087,AANDERAA_OPTODE_4330,n/a,DOXY,c16,-37.6247,incois_2902087_meta.nc,PREDEPLOYMENT_CALIB_COEFFICIENT,foil polynomial c16 (per foil-batch factory calibration); float-specific (varies across the 13 INCOIS 301 meta.nc)
float_specific,2902087,AANDERAA_OPTODE_4330,n/a,DOXY,c17,0.245448,incois_2902087_meta.nc,PREDEPLOYMENT_CALIB_COEFFICIENT,foil polynomial c17 (per foil-batch factory calibration); float-specific (varies across the 13 INCOIS 301 meta.nc)
float_specific,2902087,AANDERAA_OPTODE_4330,n/a,DOXY,c18,-0.00331533,incois_2902087_meta.nc,PREDEPLOYMENT_CALIB_COEFFICIENT,foil polynomial c18 (per foil-batch factory calibration); float-specific (varies across the 13 INCOIS 301 meta.nc)
float_specific,2902087,AANDERAA_OPTODE_4330,n/a,DOXY,c19,4.75364e-05,incois_2902087_meta.nc,PREDEPLOYMENT_CALIB_COEFFICIENT,foil polynomial c19 (per foil-batch factory calibration); float-specific (varies across the 13 INCOIS 301 meta.nc)
float_specific,2902087,AANDERAA_OPTODE_4330,n/a,DOXY,c2,0.00180391,incois_2902087_meta.nc,PREDEPLOYMENT_CALIB_COEFFICIENT,foil polynomial c2 (per foil-batch factory calibration); float-specific (varies across the 13 INCOIS 301 meta.nc)
float_specific,2902087,AANDERAA_OPTODE_4330,n/a,DOXY,c20,-4.88391e-07,incois_2902087_meta.nc,PREDEPLOYMENT_CALIB_COEFFICIENT,foil polynomial c20 (per foil-batch factory calibration); float-specific (varies across the 13 INCOIS 301 meta.nc)
family_generic,2902087,AANDERAA_OPTODE_4330,n/a,DOXY,c21,0,incois_2902087_meta.nc,PREDEPLOYMENT_CALIB_COEFFICIENT,"foil polynomial c21 (unused term, zero); family-generic (identical in all 13 INCOIS 301 meta.nc)"
family_generic,2902087,AANDERAA_OPTODE_4330,n/a,DOXY,c22,0,incois_2902087_meta.nc,PREDEPLOYMENT_CALIB_COEFFICIENT,"foil polynomial c22 (unused term, zero); family-generic (identical in all 13 INCOIS 301 meta.nc)"
family_generic,2902087,AANDERAA_OPTODE_4330,n/a,DOXY,c23,0,incois_2902087_meta.nc,PREDEPLOYMENT_CALIB_COEFFICIENT,"foil polynomial c23 (unused term, zero); family-generic (identical in all 13 INCOIS 301 meta.nc)"
family_generic,2902087,AANDERAA_OPTODE_4330,n/a,DOXY,c24,0,incois_2902087_meta.nc,PREDEPLOYMENT_CALIB_COEFFICIENT,"foil polynomial c24 (unused term, zero); family-generic (identical in all 13 INCOIS 301 meta.nc)"
family_generic,2902087,AANDERAA_OPTODE_4330,n/a,DOXY,c25,0,incois_2902087_meta.nc,PREDEPLOYMENT_CALIB_COEFFICIENT,"foil polynomial c25 (unused term, zero); family-generic (identical in all 13 INCOIS 301 meta.nc)"
family_generic,2902087,AANDERAA_OPTODE_4330,n/a,DOXY,c26,0,incois_2902087_meta.nc,PREDEPLOYMENT_CALIB_COEFFICIENT,"foil polynomial c26 (unused term, zero); family-generic (identical in all 13 INCOIS 301 meta.nc)"
family_generic,2902087,AANDERAA_OPTODE_4330,n/a,DOXY,c27,0,incois_2902087_meta.nc,PREDEPLOYMENT_CALIB_COEFFICIENT,"foil polynomial c27 (unused term, zero); family-generic (identical in all 13 INCOIS 301 meta.nc)"
float_specific,2902087,AANDERAA_OPTODE_4330,n/a,DOXY,c3,-0.193033,incois_2902087_meta.nc,PREDEPLOYMENT_CALIB_COEFFICIENT,foil polynomial c3 (per foil-batch factory calibration); float-specific (varies across the 13 INCOIS 301 meta.nc)
float_specific,2902087,AANDERAA_OPTODE_4330,n/a,DOXY,c4,0.000629133,incois_2902087_meta.nc,PREDEPLOYMENT_CALIB_COEFFICIENT,foil polynomial c4 (per foil-batch factory calibration); float-specific (varies across the 13 INCOIS 301 meta.nc)
float_specific,2902087,AANDERAA_OPTODE_4330,n/a,DOXY,c5,-2.98282e-07,incois_2902087_meta.nc,PREDEPLOYMENT_CALIB_COEFFICIENT,foil polynomial c5 (per foil-batch factory calibration); float-specific (varies across the 13 INCOIS 301 meta.nc)
float_specific,2902087,AANDERAA_OPTODE_4330,n/a,DOXY,c6,10.499,incois_2902087_meta.nc,PREDEPLOYMENT_CALIB_COEFFICIENT,foil polynomial c6 (per foil-batch factory calibration); float-specific (varies across the 13 INCOIS 301 meta.nc)
float_specific,2902087,AANDERAA_OPTODE_4330,n/a,DOXY,c7,-0.0545574,incois_2902087_meta.nc,PREDEPLOYMENT_CALIB_COEFFICIENT,foil polynomial c7 (per foil-batch factory calibration); float-specific (varies across the 13 INCOIS 301 meta.nc)
float_specific,2902087,AANDERAA_OPTODE_4330,n/a,DOXY,c8,9.2565e-05,incois_2902087_meta.nc,PREDEPLOYMENT_CALIB_COEFFICIENT,foil polynomial c8 (per foil-batch factory calibration); float-specific (varies across the 13 INCOIS 301 meta.nc)
float_specific,2902087,AANDERAA_OPTODE_4330,n/a,DOXY,c9,-4.39705e-07,incois_2902087_meta.nc,PREDEPLOYMENT_CALIB_COEFFICIENT,foil polynomial c9 (per foil-batch factory calibration); float-specific (varies across the 13 INCOIS 301 meta.nc)
family_generic,2902087,AANDERAA_OPTODE_4330,n/a,DOXY,m0,1,incois_2902087_meta.nc,PREDEPLOYMENT_CALIB_COEFFICIENT,"foil polynomial temperature exponent m0 (structural, Aanderaa method; value generic, file formatting varies); family-generic (identical in all 13 INCOIS 301 meta.nc)"
family_generic,2902087,AANDERAA_OPTODE_4330,n/a,DOXY,m1,0,incois_2902087_meta.nc,PREDEPLOYMENT_CALIB_COEFFICIENT,"foil polynomial temperature exponent m1 (structural, Aanderaa method; value generic, file formatting varies); family-generic (identical in all 13 INCOIS 301 meta.nc)"
family_generic,2902087,AANDERAA_OPTODE_4330,n/a,DOXY,m10,0,incois_2902087_meta.nc,PREDEPLOYMENT_CALIB_COEFFICIENT,"foil polynomial temperature exponent m10 (structural, Aanderaa method; value generic, file formatting varies); family-generic (identical in all 13 INCOIS 301 meta.nc)"
family_generic,2902087,AANDERAA_OPTODE_4330,n/a,DOXY,m11,1,incois_2902087_meta.nc,PREDEPLOYMENT_CALIB_COEFFICIENT,"foil polynomial temperature exponent m11 (structural, Aanderaa method; value generic, file formatting varies); family-generic (identical in all 13 INCOIS 301 meta.nc)"
family_generic,2902087,AANDERAA_OPTODE_4330,n/a,DOXY,m12,2,incois_2902087_meta.nc,PREDEPLOYMENT_CALIB_COEFFICIENT,"foil polynomial temperature exponent m12 (structural, Aanderaa method; value generic, file formatting varies); family-generic (identical in all 13 INCOIS 301 meta.nc)"
family_generic,2902087,AANDERAA_OPTODE_4330,n/a,DOXY,m13,3,incois_2902087_meta.nc,PREDEPLOYMENT_CALIB_COEFFICIENT,"foil polynomial temperature exponent m13 (structural, Aanderaa method; value generic, file formatting varies); family-generic (identical in all 13 INCOIS 301 meta.nc)"
family_generic,2902087,AANDERAA_OPTODE_4330,n/a,DOXY,m14,4,incois_2902087_meta.nc,PREDEPLOYMENT_CALIB_COEFFICIENT,"foil polynomial temperature exponent m14 (structural, Aanderaa method; value generic, file formatting varies); family-generic (identical in all 13 INCOIS 301 meta.nc)"
family_generic,2902087,AANDERAA_OPTODE_4330,n/a,DOXY,m15,0,incois_2902087_meta.nc,PREDEPLOYMENT_CALIB_COEFFICIENT,"foil polynomial temperature exponent m15 (structural, Aanderaa method; value generic, file formatting varies); family-generic (identical in all 13 INCOIS 301 meta.nc)"
family_generic,2902087,AANDERAA_OPTODE_4330,n/a,DOXY,m16,1,incois_2902087_meta.nc,PREDEPLOYMENT_CALIB_COEFFICIENT,"foil polynomial temperature exponent m16 (structural, Aanderaa method; value generic, file formatting varies); family-generic (identical in all 13 INCOIS 301 meta.nc)"
family_generic,2902087,AANDERAA_OPTODE_4330,n/a,DOXY,m17,2,incois_2902087_meta.nc,PREDEPLOYMENT_CALIB_COEFFICIENT,"foil polynomial temperature exponent m17 (structural, Aanderaa method; value generic, file formatting varies); family-generic (identical in all 13 INCOIS 301 meta.nc)"
family_generic,2902087,AANDERAA_OPTODE_4330,n/a,DOXY,m18,3,incois_2902087_meta.nc,PREDEPLOYMENT_CALIB_COEFFICIENT,"foil polynomial temperature exponent m18 (structural, Aanderaa method; value generic, file formatting varies); family-generic (identical in all 13 INCOIS 301 meta.nc)"
family_generic,2902087,AANDERAA_OPTODE_4330,n/a,DOXY,m19,4,incois_2902087_meta.nc,PREDEPLOYMENT_CALIB_COEFFICIENT,"foil polynomial temperature exponent m19 (structural, Aanderaa method; value generic, file formatting varies); family-generic (identical in all 13 INCOIS 301 meta.nc)"
family_generic,2902087,AANDERAA_OPTODE_4330,n/a,DOXY,m2,0,incois_2902087_meta.nc,PREDEPLOYMENT_CALIB_COEFFICIENT,"foil polynomial temperature exponent m2 (structural, Aanderaa method; value generic, file formatting varies); family-generic (identical in all 13 INCOIS 301 meta.nc)"
family_generic,2902087,AANDERAA_OPTODE_4330,n/a,DOXY,m20,5,incois_2902087_meta.nc,PREDEPLOYMENT_CALIB_COEFFICIENT,"foil polynomial temperature exponent m20 (structural, Aanderaa method; value generic, file formatting varies); family-generic (identical in all 13 INCOIS 301 meta.nc)"
family_generic,2902087,AANDERAA_OPTODE_4330,n/a,DOXY,m21,0,incois_2902087_meta.nc,PREDEPLOYMENT_CALIB_COEFFICIENT,"foil polynomial temperature exponent m21 (structural, Aanderaa method; value generic, file formatting varies); family-generic (identical in all 13 INCOIS 301 meta.nc)"
family_generic,2902087,AANDERAA_OPTODE_4330,n/a,DOXY,m22,0,incois_2902087_meta.nc,PREDEPLOYMENT_CALIB_COEFFICIENT,"foil polynomial temperature exponent m22 (structural, Aanderaa method; value generic, file formatting varies); family-generic (identical in all 13 INCOIS 301 meta.nc)"
family_generic,2902087,AANDERAA_OPTODE_4330,n/a,DOXY,m23,0,incois_2902087_meta.nc,PREDEPLOYMENT_CALIB_COEFFICIENT,"foil polynomial temperature exponent m23 (structural, Aanderaa method; value generic, file formatting varies); family-generic (identical in all 13 INCOIS 301 meta.nc)"
family_generic,2902087,AANDERAA_OPTODE_4330,n/a,DOXY,m24,0,incois_2902087_meta.nc,PREDEPLOYMENT_CALIB_COEFFICIENT,"foil polynomial temperature exponent m24 (structural, Aanderaa method; value generic, file formatting varies); family-generic (identical in all 13 INCOIS 301 meta.nc)"
family_generic,2902087,AANDERAA_OPTODE_4330,n/a,DOXY,m25,0,incois_2902087_meta.nc,PREDEPLOYMENT_CALIB_COEFFICIENT,"foil polynomial temperature exponent m25 (structural, Aanderaa method; value generic, file formatting varies); family-generic (identical in all 13 INCOIS 301 meta.nc)"
family_generic,2902087,AANDERAA_OPTODE_4330,n/a,DOXY,m26,0,incois_2902087_meta.nc,PREDEPLOYMENT_CALIB_COEFFICIENT,"foil polynomial temperature exponent m26 (structural, Aanderaa method; value generic, file formatting varies); family-generic (identical in all 13 INCOIS 301 meta.nc)"
family_generic,2902087,AANDERAA_OPTODE_4330,n/a,DOXY,m27,0,incois_2902087_meta.nc,PREDEPLOYMENT_CALIB_COEFFICIENT,"foil polynomial temperature exponent m27 (structural, Aanderaa method; value generic, file formatting varies); family-generic (identical in all 13 INCOIS 301 meta.nc)"
family_generic,2902087,AANDERAA_OPTODE_4330,n/a,DOXY,m3,0,incois_2902087_meta.nc,PREDEPLOYMENT_CALIB_COEFFICIENT,"foil polynomial temperature exponent m3 (structural, Aanderaa method; value generic, file formatting varies); family-generic (identical in all 13 INCOIS 301 meta.nc)"
family_generic,2902087,AANDERAA_OPTODE_4330,n/a,DOXY,m4,1,incois_2902087_meta.nc,PREDEPLOYMENT_CALIB_COEFFICIENT,"foil polynomial temperature exponent m4 (structural, Aanderaa method; value generic, file formatting varies); family-generic (identical in all 13 INCOIS 301 meta.nc)"
family_generic,2902087,AANDERAA_OPTODE_4330,n/a,DOXY,m5,2,incois_2902087_meta.nc,PREDEPLOYMENT_CALIB_COEFFICIENT,"foil polynomial temperature exponent m5 (structural, Aanderaa method; value generic, file formatting varies); family-generic (identical in all 13 INCOIS 301 meta.nc)"
family_generic,2902087,AANDERAA_OPTODE_4330,n/a,DOXY,m6,0,incois_2902087_meta.nc,PREDEPLOYMENT_CALIB_COEFFICIENT,"foil polynomial temperature exponent m6 (structural, Aanderaa method; value generic, file formatting varies); family-generic (identical in all 13 INCOIS 301 meta.nc)"
family_generic,2902087,AANDERAA_OPTODE_4330,n/a,DOXY,m7,1,incois_2902087_meta.nc,PREDEPLOYMENT_CALIB_COEFFICIENT,"foil polynomial temperature exponent m7 (structural, Aanderaa method; value generic, file formatting varies); family-generic (identical in all 13 INCOIS 301 meta.nc)"
family_generic,2902087,AANDERAA_OPTODE_4330,n/a,DOXY,m8,2,incois_2902087_meta.nc,PREDEPLOYMENT_CALIB_COEFFICIENT,"foil polynomial temperature exponent m8 (structural, Aanderaa method; value generic, file formatting varies); family-generic (identical in all 13 INCOIS 301 meta.nc)"
family_generic,2902087,AANDERAA_OPTODE_4330,n/a,DOXY,m9,3,incois_2902087_meta.nc,PREDEPLOYMENT_CALIB_COEFFICIENT,"foil polynomial temperature exponent m9 (structural, Aanderaa method; value generic, file formatting varies); family-generic (identical in all 13 INCOIS 301 meta.nc)"
family_generic,2902087,AANDERAA_OPTODE_4330,n/a,DOXY,n0,4,incois_2902087_meta.nc,PREDEPLOYMENT_CALIB_COEFFICIENT,"foil polynomial CalPhase exponent n0 (structural, Aanderaa method; value generic, file formatting varies); family-generic (identical in all 13 INCOIS 301 meta.nc)"
family_generic,2902087,AANDERAA_OPTODE_4330,n/a,DOXY,n1,5,incois_2902087_meta.nc,PREDEPLOYMENT_CALIB_COEFFICIENT,"foil polynomial CalPhase exponent n1 (structural, Aanderaa method; value generic, file formatting varies); family-generic (identical in all 13 INCOIS 301 meta.nc)"
family_generic,2902087,AANDERAA_OPTODE_4330,n/a,DOXY,n10,1,incois_2902087_meta.nc,PREDEPLOYMENT_CALIB_COEFFICIENT,"foil polynomial CalPhase exponent n10 (structural, Aanderaa method; value generic, file formatting varies); family-generic (identical in all 13 INCOIS 301 meta.nc)"
family_generic,2902087,AANDERAA_OPTODE_4330,n/a,DOXY,n11,1,incois_2902087_meta.nc,PREDEPLOYMENT_CALIB_COEFFICIENT,"foil polynomial CalPhase exponent n11 (structural, Aanderaa method; value generic, file formatting varies); family-generic (identical in all 13 INCOIS 301 meta.nc)"
family_generic,2902087,AANDERAA_OPTODE_4330,n/a,DOXY,n12,1,incois_2902087_meta.nc,PREDEPLOYMENT_CALIB_COEFFICIENT,"foil polynomial CalPhase exponent n12 (structural, Aanderaa method; value generic, file formatting varies); family-generic (identical in all 13 INCOIS 301 meta.nc)"
family_generic,2902087,AANDERAA_OPTODE_4330,n/a,DOXY,n13,1,incois_2902087_meta.nc,PREDEPLOYMENT_CALIB_COEFFICIENT,"foil polynomial CalPhase exponent n13 (structural, Aanderaa method; value generic, file formatting varies); family-generic (identical in all 13 INCOIS 301 meta.nc)"
family_generic,2902087,AANDERAA_OPTODE_4330,n/a,DOXY,n14,1,incois_2902087_meta.nc,PREDEPLOYMENT_CALIB_COEFFICIENT,"foil polynomial CalPhase exponent n14 (structural, Aanderaa method; value generic, file formatting varies); family-generic (identical in all 13 INCOIS 301 meta.nc)"
family_generic,2902087,AANDERAA_OPTODE_4330,n/a,DOXY,n15,0,incois_2902087_meta.nc,PREDEPLOYMENT_CALIB_COEFFICIENT,"foil polynomial CalPhase exponent n15 (structural, Aanderaa method; value generic, file formatting varies); family-generic (identical in all 13 INCOIS 301 meta.nc)"
family_generic,2902087,AANDERAA_OPTODE_4330,n/a,DOXY,n16,0,incois_2902087_meta.nc,PREDEPLOYMENT_CALIB_COEFFICIENT,"foil polynomial CalPhase exponent n16 (structural, Aanderaa method; value generic, file formatting varies); family-generic (identical in all 13 INCOIS 301 meta.nc)"
family_generic,2902087,AANDERAA_OPTODE_4330,n/a,DOXY,n17,0,incois_2902087_meta.nc,PREDEPLOYMENT_CALIB_COEFFICIENT,"foil polynomial CalPhase exponent n17 (structural, Aanderaa method; value generic, file formatting varies); family-generic (identical in all 13 INCOIS 301 meta.nc)"
family_generic,2902087,AANDERAA_OPTODE_4330,n/a,DOXY,n18,0,incois_2902087_meta.nc,PREDEPLOYMENT_CALIB_COEFFICIENT,"foil polynomial CalPhase exponent n18 (structural, Aanderaa method; value generic, file formatting varies); family-generic (identical in all 13 INCOIS 301 meta.nc)"
family_generic,2902087,AANDERAA_OPTODE_4330,n/a,DOXY,n19,0,incois_2902087_meta.nc,PREDEPLOYMENT_CALIB_COEFFICIENT,"foil polynomial CalPhase exponent n19 (structural, Aanderaa method; value generic, file formatting varies); family-generic (identical in all 13 INCOIS 301 meta.nc)"
family_generic,2902087,AANDERAA_OPTODE_4330,n/a,DOXY,n2,4,incois_2902087_meta.nc,PREDEPLOYMENT_CALIB_COEFFICIENT,"foil polynomial CalPhase exponent n2 (structural, Aanderaa method; value generic, file formatting varies); family-generic (identical in all 13 INCOIS 301 meta.nc)"
family_generic,2902087,AANDERAA_OPTODE_4330,n/a,DOXY,n20,0,incois_2902087_meta.nc,PREDEPLOYMENT_CALIB_COEFFICIENT,"foil polynomial CalPhase exponent n20 (structural, Aanderaa method; value generic, file formatting varies); family-generic (identical in all 13 INCOIS 301 meta.nc)"
family_generic,2902087,AANDERAA_OPTODE_4330,n/a,DOXY,n21,0,incois_2902087_meta.nc,PREDEPLOYMENT_CALIB_COEFFICIENT,"foil polynomial CalPhase exponent n21 (structural, Aanderaa method; value generic, file formatting varies); family-generic (identical in all 13 INCOIS 301 meta.nc)"
family_generic,2902087,AANDERAA_OPTODE_4330,n/a,DOXY,n22,0,incois_2902087_meta.nc,PREDEPLOYMENT_CALIB_COEFFICIENT,"foil polynomial CalPhase exponent n22 (structural, Aanderaa method; value generic, file formatting varies); family-generic (identical in all 13 INCOIS 301 meta.nc)"
family_generic,2902087,AANDERAA_OPTODE_4330,n/a,DOXY,n23,0,incois_2902087_meta.nc,PREDEPLOYMENT_CALIB_COEFFICIENT,"foil polynomial CalPhase exponent n23 (structural, Aanderaa method; value generic, file formatting varies); family-generic (identical in all 13 INCOIS 301 meta.nc)"
family_generic,2902087,AANDERAA_OPTODE_4330,n/a,DOXY,n24,0,incois_2902087_meta.nc,PREDEPLOYMENT_CALIB_COEFFICIENT,"foil polynomial CalPhase exponent n24 (structural, Aanderaa method; value generic, file formatting varies); family-generic (identical in all 13 INCOIS 301 meta.nc)"
family_generic,2902087,AANDERAA_OPTODE_4330,n/a,DOXY,n25,0,incois_2902087_meta.nc,PREDEPLOYMENT_CALIB_COEFFICIENT,"foil polynomial CalPhase exponent n25 (structural, Aanderaa method; value generic, file formatting varies); family-generic (identical in all 13 INCOIS 301 meta.nc)"
family_generic,2902087,AANDERAA_OPTODE_4330,n/a,DOXY,n26,0,incois_2902087_meta.nc,PREDEPLOYMENT_CALIB_COEFFICIENT,"foil polynomial CalPhase exponent n26 (structural, Aanderaa method; value generic, file formatting varies); family-generic (identical in all 13 INCOIS 301 meta.nc)"
family_generic,2902087,AANDERAA_OPTODE_4330,n/a,DOXY,n27,0,incois_2902087_meta.nc,PREDEPLOYMENT_CALIB_COEFFICIENT,"foil polynomial CalPhase exponent n27 (structural, Aanderaa method; value generic, file formatting varies); family-generic (identical in all 13 INCOIS 301 meta.nc)"
family_generic,2902087,AANDERAA_OPTODE_4330,n/a,DOXY,n3,3,incois_2902087_meta.nc,PREDEPLOYMENT_CALIB_COEFFICIENT,"foil polynomial CalPhase exponent n3 (structural, Aanderaa method; value generic, file formatting varies); family-generic (identical in all 13 INCOIS 301 meta.nc)"
family_generic,2902087,AANDERAA_OPTODE_4330,n/a,DOXY,n4,3,incois_2902087_meta.nc,PREDEPLOYMENT_CALIB_COEFFICIENT,"foil polynomial CalPhase exponent n4 (structural, Aanderaa method; value generic, file formatting varies); family-generic (identical in all 13 INCOIS 301 meta.nc)"
family_generic,2902087,AANDERAA_OPTODE_4330,n/a,DOXY,n5,3,incois_2902087_meta.nc,PREDEPLOYMENT_CALIB_COEFFICIENT,"foil polynomial CalPhase exponent n5 (structural, Aanderaa method; value generic, file formatting varies); family-generic (identical in all 13 INCOIS 301 meta.nc)"
family_generic,2902087,AANDERAA_OPTODE_4330,n/a,DOXY,n6,2,incois_2902087_meta.nc,PREDEPLOYMENT_CALIB_COEFFICIENT,"foil polynomial CalPhase exponent n6 (structural, Aanderaa method; value generic, file formatting varies); family-generic (identical in all 13 INCOIS 301 meta.nc)"
family_generic,2902087,AANDERAA_OPTODE_4330,n/a,DOXY,n7,2,incois_2902087_meta.nc,PREDEPLOYMENT_CALIB_COEFFICIENT,"foil polynomial CalPhase exponent n7 (structural, Aanderaa method; value generic, file formatting varies); family-generic (identical in all 13 INCOIS 301 meta.nc)"
family_generic,2902087,AANDERAA_OPTODE_4330,n/a,DOXY,n8,2,incois_2902087_meta.nc,PREDEPLOYMENT_CALIB_COEFFICIENT,"foil polynomial CalPhase exponent n8 (structural, Aanderaa method; value generic, file formatting varies); family-generic (identical in all 13 INCOIS 301 meta.nc)"
family_generic,2902087,AANDERAA_OPTODE_4330,n/a,DOXY,n9,2,incois_2902087_meta.nc,PREDEPLOYMENT_CALIB_COEFFICIENT,"foil polynomial CalPhase exponent n9 (structural, Aanderaa method; value generic, file formatting varies); family-generic (identical in all 13 INCOIS 301 meta.nc)"
float_specific,2902087,AANDERAA_OPTODE_4330,n/a,TEMP_DOXY,T0,24.119,incois_2902087_meta.nc,PREDEPLOYMENT_CALIB_COEFFICIENT,"optode thermistor polynomial T0 (per-unit factory calibration; firmware-internal, reference only); float-specific (varies across the 13 INCOIS 301 meta.nc)"
float_specific,2902087,AANDERAA_OPTODE_4330,n/a,TEMP_DOXY,T1,-0.0310288,incois_2902087_meta.nc,PREDEPLOYMENT_CALIB_COEFFICIENT,"optode thermistor polynomial T1 (per-unit factory calibration; firmware-internal, reference only); float-specific (varies across the 13 INCOIS 301 meta.nc)"
float_specific,2902087,AANDERAA_OPTODE_4330,n/a,TEMP_DOXY,T2,2.89021e-06,incois_2902087_meta.nc,PREDEPLOYMENT_CALIB_COEFFICIENT,"optode thermistor polynomial T2 (per-unit factory calibration; firmware-internal, reference only); float-specific (varies across the 13 INCOIS 301 meta.nc)"
float_specific,2902087,AANDERAA_OPTODE_4330,n/a,TEMP_DOXY,T3,-4.18313e-09,incois_2902087_meta.nc,PREDEPLOYMENT_CALIB_COEFFICIENT,"optode thermistor polynomial T3 (per-unit factory calibration; firmware-internal, reference only); float-specific (varies across the 13 INCOIS 301 meta.nc)"
family_generic,2902087,AANDERAA_OPTODE_4330,n/a,TEMP_DOXY,T4,0,incois_2902087_meta.nc,PREDEPLOYMENT_CALIB_COEFFICIENT,"optode thermistor polynomial T4 (per-unit factory calibration; firmware-internal, reference only); family-generic (identical in all 13 INCOIS 301 meta.nc)"
family_generic,2902087,AANDERAA_OPTODE_4330,n/a,TEMP_DOXY,T5,0,incois_2902087_meta.nc,PREDEPLOYMENT_CALIB_COEFFICIENT,"optode thermistor polynomial T5 (per-unit factory calibration; firmware-internal, reference only); family-generic (identical in all 13 INCOIS 301 meta.nc)"
float_specific,2902088,ECO_FLBB,2660,BBP700,DARK_BACKSCATTERING700,51,incois_2902088_meta.nc,PREDEPLOYMENT_CALIB_COEFFICIENT,WETLABS factory backscatter dark counts; float-specific (varies across the 13 INCOIS 301 meta.nc)
float_specific,2902088,ECO_FLBB,2660,BBP700,SCALE_BACKSCATTERING700,1.8e-06,incois_2902088_meta.nc,PREDEPLOYMENT_CALIB_COEFFICIENT,WETLABS factory backscatter scale [m-1 per count]; float-specific (varies across the 13 INCOIS 301 meta.nc)
family_generic,2902088,ECO_FLBB,2660,BBP700,khi,1.097,incois_2902088_meta.nc,PREDEPLOYMENT_CALIB_COEFFICIENT,Boss/Roesler chi factor 1.097 for 142-degree backscatter; family-generic (identical in all 13 INCOIS 301 meta.nc)
float_specific,2902088,ECO_FLBB,2660,CHLA,DARK_CHLA,51,incois_2902088_meta.nc,PREDEPLOYMENT_CALIB_COEFFICIENT,WETLABS factory chlorophyll dark counts; float-specific (varies across the 13 INCOIS 301 meta.nc)
family_generic,2902088,ECO_FLBB,2660,CHLA,SCALE_CHLA,0.0073,incois_2902088_meta.nc,PREDEPLOYMENT_CALIB_COEFFICIENT,WETLABS factory chlorophyll scale [ug/L per count]; family-generic (identical in all 13 INCOIS 301 meta.nc)
family_generic,2902088,AANDERAA_OPTODE_4330,n/a,DOXY,A0,2.00856,incois_2902088_meta.nc,PREDEPLOYMENT_CALIB_COEFFICIENT,Weiss Cstar solubility A0; family-generic (identical in all 13 INCOIS 301 meta.nc)
family_generic,2902088,AANDERAA_OPTODE_4330,n/a,DOXY,A1,3.224,incois_2902088_meta.nc,PREDEPLOYMENT_CALIB_COEFFICIENT,Weiss Cstar solubility A1; family-generic (identical in all 13 INCOIS 301 meta.nc)
family_generic,2902088,AANDERAA_OPTODE_4330,n/a,DOXY,A2,3.99063,incois_2902088_meta.nc,PREDEPLOYMENT_CALIB_COEFFICIENT,Weiss Cstar solubility A2; family-generic (identical in all 13 INCOIS 301 meta.nc)
family_generic,2902088,AANDERAA_OPTODE_4330,n/a,DOXY,A3,4.80299,incois_2902088_meta.nc,PREDEPLOYMENT_CALIB_COEFFICIENT,Weiss Cstar solubility A3; family-generic (identical in all 13 INCOIS 301 meta.nc)
family_generic,2902088,AANDERAA_OPTODE_4330,n/a,DOXY,A4,0.978188,incois_2902088_meta.nc,PREDEPLOYMENT_CALIB_COEFFICIENT,Weiss Cstar solubility A4; family-generic (identical in all 13 INCOIS 301 meta.nc)
family_generic,2902088,AANDERAA_OPTODE_4330,n/a,DOXY,A5,1.71069,incois_2902088_meta.nc,PREDEPLOYMENT_CALIB_COEFFICIENT,Weiss Cstar solubility A5; family-generic (identical in all 13 INCOIS 301 meta.nc)
family_generic,2902088,AANDERAA_OPTODE_4330,n/a,DOXY,B0,-0.00624523,incois_2902088_meta.nc,PREDEPLOYMENT_CALIB_COEFFICIENT,Garcia-Gordon-style salinity-correction B0; family-generic (identical in all 13 INCOIS 301 meta.nc)
family_generic,2902088,AANDERAA_OPTODE_4330,n/a,DOXY,B1,-0.00737614,incois_2902088_meta.nc,PREDEPLOYMENT_CALIB_COEFFICIENT,Garcia-Gordon-style salinity-correction B1; family-generic (identical in all 13 INCOIS 301 meta.nc)
family_generic,2902088,AANDERAA_OPTODE_4330,n/a,DOXY,B2,-0.010341,incois_2902088_meta.nc,PREDEPLOYMENT_CALIB_COEFFICIENT,Garcia-Gordon-style salinity-correction B2; family-generic (identical in all 13 INCOIS 301 meta.nc)
family_generic,2902088,AANDERAA_OPTODE_4330,n/a,DOXY,B3,-0.00817083,incois_2902088_meta.nc,PREDEPLOYMENT_CALIB_COEFFICIENT,Garcia-Gordon-style salinity-correction B3; family-generic (identical in all 13 INCOIS 301 meta.nc)
family_generic,2902088,AANDERAA_OPTODE_4330,n/a,DOXY,C0,-4.88682e-07,incois_2902088_meta.nc,PREDEPLOYMENT_CALIB_COEFFICIENT,salinity-correction C0 (PSAL^2 term); family-generic (identical in all 13 INCOIS 301 meta.nc)
family_generic,2902088,AANDERAA_OPTODE_4330,n/a,DOXY,D0,24.4543,incois_2902088_meta.nc,PREDEPLOYMENT_CALIB_COEFFICIENT,vapour-pressure D0; family-generic (identical in all 13 INCOIS 301 meta.nc)
family_generic,2902088,AANDERAA_OPTODE_4330,n/a,DOXY,D1,-67.4509,incois_2902088_meta.nc,PREDEPLOYMENT_CALIB_COEFFICIENT,vapour-pressure D1; family-generic (identical in all 13 INCOIS 301 meta.nc)
family_generic,2902088,AANDERAA_OPTODE_4330,n/a,DOXY,D2,-4.8489,incois_2902088_meta.nc,PREDEPLOYMENT_CALIB_COEFFICIENT,vapour-pressure D2; family-generic (identical in all 13 INCOIS 301 meta.nc)
family_generic,2902088,AANDERAA_OPTODE_4330,n/a,DOXY,D3,-0.000544,incois_2902088_meta.nc,PREDEPLOYMENT_CALIB_COEFFICIENT,vapour-pressure D3 (salinity term); family-generic (identical in all 13 INCOIS 301 meta.nc)
family_generic,2902088,AANDERAA_OPTODE_4330,n/a,DOXY,Pcoef1,0.1,incois_2902088_meta.nc,PREDEPLOYMENT_CALIB_COEFFICIENT,phase pressure-compensation slope [deg per bar/1000]; Aanderaa default 0.1; family-generic (identical in all 13 INCOIS 301 meta.nc)
family_generic,2902088,AANDERAA_OPTODE_4330,n/a,DOXY,Pcoef2,0.00022,incois_2902088_meta.nc,PREDEPLOYMENT_CALIB_COEFFICIENT,Pcorr temperature slope; Aanderaa default; family-generic (identical in all 13 INCOIS 301 meta.nc)
family_generic,2902088,AANDERAA_OPTODE_4330,n/a,DOXY,Pcoef3,0.0419,incois_2902088_meta.nc,PREDEPLOYMENT_CALIB_COEFFICIENT,Pcorr intercept; Aanderaa default; family-generic (identical in all 13 INCOIS 301 meta.nc)
float_specific,2902088,AANDERAA_OPTODE_4330,n/a,DOXY,PhaseCoef0,-1.04262,incois_2902088_meta.nc,PREDEPLOYMENT_CALIB_COEFFICIENT,CalPhase cubic c0 (per-foil factory calibration); float-specific (varies across the 13 INCOIS 301 meta.nc)
float_specific,2902088,AANDERAA_OPTODE_4330,n/a,DOXY,PhaseCoef1,1.00706,incois_2902088_meta.nc,PREDEPLOYMENT_CALIB_COEFFICIENT,CalPhase cubic c1 (per-foil factory calibration); float-specific (varies across the 13 INCOIS 301 meta.nc)
family_generic,2902088,AANDERAA_OPTODE_4330,n/a,DOXY,PhaseCoef2,0,incois_2902088_meta.nc,PREDEPLOYMENT_CALIB_COEFFICIENT,CalPhase cubic c2 (zero: Aanderaa standard foils); family-generic (identical in all 13 INCOIS 301 meta.nc)
family_generic,2902088,AANDERAA_OPTODE_4330,n/a,DOXY,PhaseCoef3,0,incois_2902088_meta.nc,PREDEPLOYMENT_CALIB_COEFFICIENT,CalPhase cubic c3 (zero: Aanderaa standard foils); family-generic (identical in all 13 INCOIS 301 meta.nc)
family_generic,2902088,AANDERAA_OPTODE_4330,n/a,DOXY,Spreset,0,incois_2902088_meta.nc,PREDEPLOYMENT_CALIB_COEFFICIENT,reference salinity [psu] of the Scorr vapour-pressure ratio; family-generic (identical in all 13 INCOIS 301 meta.nc)
float_specific,2902088,AANDERAA_OPTODE_4330,n/a,DOXY,c0,-3.60479e-06,incois_2902088_meta.nc,PREDEPLOYMENT_CALIB_COEFFICIENT,foil polynomial c0 (per foil-batch factory calibration); float-specific (varies across the 13 INCOIS 301 meta.nc)
float_specific,2902088,AANDERAA_OPTODE_4330,n/a,DOXY,c1,-6.84366e-06,incois_2902088_meta.nc,PREDEPLOYMENT_CALIB_COEFFICIENT,foil polynomial c1 (per foil-batch factory calibration); float-specific (varies across the 13 INCOIS 301 meta.nc)
float_specific,2902088,AANDERAA_OPTODE_4330,n/a,DOXY,c10,-309.375,incois_2902088_meta.nc,PREDEPLOYMENT_CALIB_COEFFICIENT,foil polynomial c10 (per foil-batch factory calibration); float-specific (varies across the 13 INCOIS 301 meta.nc)
float_specific,2902088,AANDERAA_OPTODE_4330,n/a,DOXY,c11,2.92369,incois_2902088_meta.nc,PREDEPLOYMENT_CALIB_COEFFICIENT,foil polynomial c11 (per foil-batch factory calibration); float-specific (varies across the 13 INCOIS 301 meta.nc)
float_specific,2902088,AANDERAA_OPTODE_4330,n/a,DOXY,c12,-0.0222201,incois_2902088_meta.nc,PREDEPLOYMENT_CALIB_COEFFICIENT,foil polynomial c12 (per foil-batch factory calibration); float-specific (varies across the 13 INCOIS 301 meta.nc)
float_specific,2902088,AANDERAA_OPTODE_4330,n/a,DOXY,c13,0.000214634,incois_2902088_meta.nc,PREDEPLOYMENT_CALIB_COEFFICIENT,foil polynomial c13 (per foil-batch factory calibration); float-specific (varies across the 13 INCOIS 301 meta.nc)
float_specific,2902088,AANDERAA_OPTODE_4330,n/a,DOXY,c14,-7.93483e-07,incois_2902088_meta.nc,PREDEPLOYMENT_CALIB_COEFFICIENT,foil polynomial c14 (per foil-batch factory calibration); float-specific (varies across the 13 INCOIS 301 meta.nc)
float_specific,2902088,AANDERAA_OPTODE_4330,n/a,DOXY,c15,3792.41,incois_2902088_meta.nc,PREDEPLOYMENT_CALIB_COEFFICIENT,foil polynomial c15 (per foil-batch factory calibration); float-specific (varies across the 13 INCOIS 301 meta.nc)
float_specific,2902088,AANDERAA_OPTODE_4330,n/a,DOXY,c16,-49.3514,incois_2902088_meta.nc,PREDEPLOYMENT_CALIB_COEFFICIENT,foil polynomial c16 (per foil-batch factory calibration); float-specific (varies across the 13 INCOIS 301 meta.nc)
float_specific,2902088,AANDERAA_OPTODE_4330,n/a,DOXY,c17,0.633521,incois_2902088_meta.nc,PREDEPLOYMENT_CALIB_COEFFICIENT,foil polynomial c17 (per foil-batch factory calibration); float-specific (varies across the 13 INCOIS 301 meta.nc)
float_specific,2902088,AANDERAA_OPTODE_4330,n/a,DOXY,c18,-0.0108549,incois_2902088_meta.nc,PREDEPLOYMENT_CALIB_COEFFICIENT,foil polynomial c18 (per foil-batch factory calibration); float-specific (varies across the 13 INCOIS 301 meta.nc)
float_specific,2902088,AANDERAA_OPTODE_4330,n/a,DOXY,c19,0.000121895,incois_2902088_meta.nc,PREDEPLOYMENT_CALIB_COEFFICIENT,foil polynomial c19 (per foil-batch factory calibration); float-specific (varies across the 13 INCOIS 301 meta.nc)
float_specific,2902088,AANDERAA_OPTODE_4330,n/a,DOXY,c2,0.0018392,incois_2902088_meta.nc,PREDEPLOYMENT_CALIB_COEFFICIENT,foil polynomial c2 (per foil-batch factory calibration); float-specific (varies across the 13 INCOIS 301 meta.nc)
float_specific,2902088,AANDERAA_OPTODE_4330,n/a,DOXY,c20,-7.34497e-07,incois_2902088_meta.nc,PREDEPLOYMENT_CALIB_COEFFICIENT,foil polynomial c20 (per foil-batch factory calibration); float-specific (varies across the 13 INCOIS 301 meta.nc)
family_generic,2902088,AANDERAA_OPTODE_4330,n/a,DOXY,c21,0,incois_2902088_meta.nc,PREDEPLOYMENT_CALIB_COEFFICIENT,"foil polynomial c21 (unused term, zero); family-generic (identical in all 13 INCOIS 301 meta.nc)"
family_generic,2902088,AANDERAA_OPTODE_4330,n/a,DOXY,c22,0,incois_2902088_meta.nc,PREDEPLOYMENT_CALIB_COEFFICIENT,"foil polynomial c22 (unused term, zero); family-generic (identical in all 13 INCOIS 301 meta.nc)"
family_generic,2902088,AANDERAA_OPTODE_4330,n/a,DOXY,c23,0,incois_2902088_meta.nc,PREDEPLOYMENT_CALIB_COEFFICIENT,"foil polynomial c23 (unused term, zero); family-generic (identical in all 13 INCOIS 301 meta.nc)"
family_generic,2902088,AANDERAA_OPTODE_4330,n/a,DOXY,c24,0,incois_2902088_meta.nc,PREDEPLOYMENT_CALIB_COEFFICIENT,"foil polynomial c24 (unused term, zero); family-generic (identical in all 13 INCOIS 301 meta.nc)"
family_generic,2902088,AANDERAA_OPTODE_4330,n/a,DOXY,c25,0,incois_2902088_meta.nc,PREDEPLOYMENT_CALIB_COEFFICIENT,"foil polynomial c25 (unused term, zero); family-generic (identical in all 13 INCOIS 301 meta.nc)"
family_generic,2902088,AANDERAA_OPTODE_4330,n/a,DOXY,c26,0,incois_2902088_meta.nc,PREDEPLOYMENT_CALIB_COEFFICIENT,"foil polynomial c26 (unused term, zero); family-generic (identical in all 13 INCOIS 301 meta.nc)"
family_generic,2902088,AANDERAA_OPTODE_4330,n/a,DOXY,c27,0,incois_2902088_meta.nc,PREDEPLOYMENT_CALIB_COEFFICIENT,"foil polynomial c27 (unused term, zero); family-generic (identical in all 13 INCOIS 301 meta.nc)"
float_specific,2902088,AANDERAA_OPTODE_4330,n/a,DOXY,c3,-0.198444,incois_2902088_meta.nc,PREDEPLOYMENT_CALIB_COEFFICIENT,foil polynomial c3 (per foil-batch factory calibration); float-specific (varies across the 13 INCOIS 301 meta.nc)
float_specific,2902088,AANDERAA_OPTODE_4330,n/a,DOXY,c4,0.000812123,incois_2902088_meta.nc,PREDEPLOYMENT_CALIB_COEFFICIENT,foil polynomial c4 (per foil-batch factory calibration); float-specific (varies across the 13 INCOIS 301 meta.nc)
float_specific,2902088,AANDERAA_OPTODE_4330,n/a,DOXY,c5,-1.22073e-06,incois_2902088_meta.nc,PREDEPLOYMENT_CALIB_COEFFICIENT,foil polynomial c5 (per foil-batch factory calibration); float-specific (varies across the 13 INCOIS 301 meta.nc)
float_specific,2902088,AANDERAA_OPTODE_4330,n/a,DOXY,c6,10.8689,incois_2902088_meta.nc,PREDEPLOYMENT_CALIB_COEFFICIENT,foil polynomial c6 (per foil-batch factory calibration); float-specific (varies across the 13 INCOIS 301 meta.nc)
float_specific,2902088,AANDERAA_OPTODE_4330,n/a,DOXY,c7,-0.0709398,incois_2902088_meta.nc,PREDEPLOYMENT_CALIB_COEFFICIENT,foil polynomial c7 (per foil-batch factory calibration); float-specific (varies across the 13 INCOIS 301 meta.nc)
float_specific,2902088,AANDERAA_OPTODE_4330,n/a,DOXY,c8,0.000281047,incois_2902088_meta.nc,PREDEPLOYMENT_CALIB_COEFFICIENT,foil polynomial c8 (per foil-batch factory calibration); float-specific (varies across the 13 INCOIS 301 meta.nc)
float_specific,2902088,AANDERAA_OPTODE_4330,n/a,DOXY,c9,-1.32885e-06,incois_2902088_meta.nc,PREDEPLOYMENT_CALIB_COEFFICIENT,foil polynomial c9 (per foil-batch factory calibration); float-specific (varies across the 13 INCOIS 301 meta.nc)
family_generic,2902088,AANDERAA_OPTODE_4330,n/a,DOXY,m0,1,incois_2902088_meta.nc,PREDEPLOYMENT_CALIB_COEFFICIENT,"foil polynomial temperature exponent m0 (structural, Aanderaa method; value generic, file formatting varies); family-generic (identical in all 13 INCOIS 301 meta.nc)"
family_generic,2902088,AANDERAA_OPTODE_4330,n/a,DOXY,m1,0,incois_2902088_meta.nc,PREDEPLOYMENT_CALIB_COEFFICIENT,"foil polynomial temperature exponent m1 (structural, Aanderaa method; value generic, file formatting varies); family-generic (identical in all 13 INCOIS 301 meta.nc)"
family_generic,2902088,AANDERAA_OPTODE_4330,n/a,DOXY,m10,0,incois_2902088_meta.nc,PREDEPLOYMENT_CALIB_COEFFICIENT,"foil polynomial temperature exponent m10 (structural, Aanderaa method; value generic, file formatting varies); family-generic (identical in all 13 INCOIS 301 meta.nc)"
family_generic,2902088,AANDERAA_OPTODE_4330,n/a,DOXY,m11,1,incois_2902088_meta.nc,PREDEPLOYMENT_CALIB_COEFFICIENT,"foil polynomial temperature exponent m11 (structural, Aanderaa method; value generic, file formatting varies); family-generic (identical in all 13 INCOIS 301 meta.nc)"
family_generic,2902088,AANDERAA_OPTODE_4330,n/a,DOXY,m12,2,incois_2902088_meta.nc,PREDEPLOYMENT_CALIB_COEFFICIENT,"foil polynomial temperature exponent m12 (structural, Aanderaa method; value generic, file formatting varies); family-generic (identical in all 13 INCOIS 301 meta.nc)"
family_generic,2902088,AANDERAA_OPTODE_4330,n/a,DOXY,m13,3,incois_2902088_meta.nc,PREDEPLOYMENT_CALIB_COEFFICIENT,"foil polynomial temperature exponent m13 (structural, Aanderaa method; value generic, file formatting varies); family-generic (identical in all 13 INCOIS 301 meta.nc)"
family_generic,2902088,AANDERAA_OPTODE_4330,n/a,DOXY,m14,4,incois_2902088_meta.nc,PREDEPLOYMENT_CALIB_COEFFICIENT,"foil polynomial temperature exponent m14 (structural, Aanderaa method; value generic, file formatting varies); family-generic (identical in all 13 INCOIS 301 meta.nc)"
family_generic,2902088,AANDERAA_OPTODE_4330,n/a,DOXY,m15,0,incois_2902088_meta.nc,PREDEPLOYMENT_CALIB_COEFFICIENT,"foil polynomial temperature exponent m15 (structural, Aanderaa method; value generic, file formatting varies); family-generic (identical in all 13 INCOIS 301 meta.nc)"
family_generic,2902088,AANDERAA_OPTODE_4330,n/a,DOXY,m16,1,incois_2902088_meta.nc,PREDEPLOYMENT_CALIB_COEFFICIENT,"foil polynomial temperature exponent m16 (structural, Aanderaa method; value generic, file formatting varies); family-generic (identical in all 13 INCOIS 301 meta.nc)"
family_generic,2902088,AANDERAA_OPTODE_4330,n/a,DOXY,m17,2,incois_2902088_meta.nc,PREDEPLOYMENT_CALIB_COEFFICIENT,"foil polynomial temperature exponent m17 (structural, Aanderaa method; value generic, file formatting varies); family-generic (identical in all 13 INCOIS 301 meta.nc)"
family_generic,2902088,AANDERAA_OPTODE_4330,n/a,DOXY,m18,3,incois_2902088_meta.nc,PREDEPLOYMENT_CALIB_COEFFICIENT,"foil polynomial temperature exponent m18 (structural, Aanderaa method; value generic, file formatting varies); family-generic (identical in all 13 INCOIS 301 meta.nc)"
family_generic,2902088,AANDERAA_OPTODE_4330,n/a,DOXY,m19,4,incois_2902088_meta.nc,PREDEPLOYMENT_CALIB_COEFFICIENT,"foil polynomial temperature exponent m19 (structural, Aanderaa method; value generic, file formatting varies); family-generic (identical in all 13 INCOIS 301 meta.nc)"
family_generic,2902088,AANDERAA_OPTODE_4330,n/a,DOXY,m2,0,incois_2902088_meta.nc,PREDEPLOYMENT_CALIB_COEFFICIENT,"foil polynomial temperature exponent m2 (structural, Aanderaa method; value generic, file formatting varies); family-generic (identical in all 13 INCOIS 301 meta.nc)"
family_generic,2902088,AANDERAA_OPTODE_4330,n/a,DOXY,m20,5,incois_2902088_meta.nc,PREDEPLOYMENT_CALIB_COEFFICIENT,"foil polynomial temperature exponent m20 (structural, Aanderaa method; value generic, file formatting varies); family-generic (identical in all 13 INCOIS 301 meta.nc)"
family_generic,2902088,AANDERAA_OPTODE_4330,n/a,DOXY,m21,0,incois_2902088_meta.nc,PREDEPLOYMENT_CALIB_COEFFICIENT,"foil polynomial temperature exponent m21 (structural, Aanderaa method; value generic, file formatting varies); family-generic (identical in all 13 INCOIS 301 meta.nc)"
family_generic,2902088,AANDERAA_OPTODE_4330,n/a,DOXY,m22,0,incois_2902088_meta.nc,PREDEPLOYMENT_CALIB_COEFFICIENT,"foil polynomial temperature exponent m22 (structural, Aanderaa method; value generic, file formatting varies); family-generic (identical in all 13 INCOIS 301 meta.nc)"
family_generic,2902088,AANDERAA_OPTODE_4330,n/a,DOXY,m23,0,incois_2902088_meta.nc,PREDEPLOYMENT_CALIB_COEFFICIENT,"foil polynomial temperature exponent m23 (structural, Aanderaa method; value generic, file formatting varies); family-generic (identical in all 13 INCOIS 301 meta.nc)"
family_generic,2902088,AANDERAA_OPTODE_4330,n/a,DOXY,m24,0,incois_2902088_meta.nc,PREDEPLOYMENT_CALIB_COEFFICIENT,"foil polynomial temperature exponent m24 (structural, Aanderaa method; value generic, file formatting varies); family-generic (identical in all 13 INCOIS 301 meta.nc)"
family_generic,2902088,AANDERAA_OPTODE_4330,n/a,DOXY,m25,0,incois_2902088_meta.nc,PREDEPLOYMENT_CALIB_COEFFICIENT,"foil polynomial temperature exponent m25 (structural, Aanderaa method; value generic, file formatting varies); family-generic (identical in all 13 INCOIS 301 meta.nc)"
family_generic,2902088,AANDERAA_OPTODE_4330,n/a,DOXY,m26,0,incois_2902088_meta.nc,PREDEPLOYMENT_CALIB_COEFFICIENT,"foil polynomial temperature exponent m26 (structural, Aanderaa method; value generic, file formatting varies); family-generic (identical in all 13 INCOIS 301 meta.nc)"
family_generic,2902088,AANDERAA_OPTODE_4330,n/a,DOXY,m27,0,incois_2902088_meta.nc,PREDEPLOYMENT_CALIB_COEFFICIENT,"foil polynomial temperature exponent m27 (structural, Aanderaa method; value generic, file formatting varies); family-generic (identical in all 13 INCOIS 301 meta.nc)"
family_generic,2902088,AANDERAA_OPTODE_4330,n/a,DOXY,m3,0,incois_2902088_meta.nc,PREDEPLOYMENT_CALIB_COEFFICIENT,"foil polynomial temperature exponent m3 (structural, Aanderaa method; value generic, file formatting varies); family-generic (identical in all 13 INCOIS 301 meta.nc)"
family_generic,2902088,AANDERAA_OPTODE_4330,n/a,DOXY,m4,1,incois_2902088_meta.nc,PREDEPLOYMENT_CALIB_COEFFICIENT,"foil polynomial temperature exponent m4 (structural, Aanderaa method; value generic, file formatting varies); family-generic (identical in all 13 INCOIS 301 meta.nc)"
family_generic,2902088,AANDERAA_OPTODE_4330,n/a,DOXY,m5,2,incois_2902088_meta.nc,PREDEPLOYMENT_CALIB_COEFFICIENT,"foil polynomial temperature exponent m5 (structural, Aanderaa method; value generic, file formatting varies); family-generic (identical in all 13 INCOIS 301 meta.nc)"
family_generic,2902088,AANDERAA_OPTODE_4330,n/a,DOXY,m6,0,incois_2902088_meta.nc,PREDEPLOYMENT_CALIB_COEFFICIENT,"foil polynomial temperature exponent m6 (structural, Aanderaa method; value generic, file formatting varies); family-generic (identical in all 13 INCOIS 301 meta.nc)"
family_generic,2902088,AANDERAA_OPTODE_4330,n/a,DOXY,m7,1,incois_2902088_meta.nc,PREDEPLOYMENT_CALIB_COEFFICIENT,"foil polynomial temperature exponent m7 (structural, Aanderaa method; value generic, file formatting varies); family-generic (identical in all 13 INCOIS 301 meta.nc)"
family_generic,2902088,AANDERAA_OPTODE_4330,n/a,DOXY,m8,2,incois_2902088_meta.nc,PREDEPLOYMENT_CALIB_COEFFICIENT,"foil polynomial temperature exponent m8 (structural, Aanderaa method; value generic, file formatting varies); family-generic (identical in all 13 INCOIS 301 meta.nc)"
family_generic,2902088,AANDERAA_OPTODE_4330,n/a,DOXY,m9,3,incois_2902088_meta.nc,PREDEPLOYMENT_CALIB_COEFFICIENT,"foil polynomial temperature exponent m9 (structural, Aanderaa method; value generic, file formatting varies); family-generic (identical in all 13 INCOIS 301 meta.nc)"
family_generic,2902088,AANDERAA_OPTODE_4330,n/a,DOXY,n0,4,incois_2902088_meta.nc,PREDEPLOYMENT_CALIB_COEFFICIENT,"foil polynomial CalPhase exponent n0 (structural, Aanderaa method; value generic, file formatting varies); family-generic (identical in all 13 INCOIS 301 meta.nc)"
family_generic,2902088,AANDERAA_OPTODE_4330,n/a,DOXY,n1,5,incois_2902088_meta.nc,PREDEPLOYMENT_CALIB_COEFFICIENT,"foil polynomial CalPhase exponent n1 (structural, Aanderaa method; value generic, file formatting varies); family-generic (identical in all 13 INCOIS 301 meta.nc)"
family_generic,2902088,AANDERAA_OPTODE_4330,n/a,DOXY,n10,1,incois_2902088_meta.nc,PREDEPLOYMENT_CALIB_COEFFICIENT,"foil polynomial CalPhase exponent n10 (structural, Aanderaa method; value generic, file formatting varies); family-generic (identical in all 13 INCOIS 301 meta.nc)"
family_generic,2902088,AANDERAA_OPTODE_4330,n/a,DOXY,n11,1,incois_2902088_meta.nc,PREDEPLOYMENT_CALIB_COEFFICIENT,"foil polynomial CalPhase exponent n11 (structural, Aanderaa method; value generic, file formatting varies); family-generic (identical in all 13 INCOIS 301 meta.nc)"
family_generic,2902088,AANDERAA_OPTODE_4330,n/a,DOXY,n12,1,incois_2902088_meta.nc,PREDEPLOYMENT_CALIB_COEFFICIENT,"foil polynomial CalPhase exponent n12 (structural, Aanderaa method; value generic, file formatting varies); family-generic (identical in all 13 INCOIS 301 meta.nc)"
family_generic,2902088,AANDERAA_OPTODE_4330,n/a,DOXY,n13,1,incois_2902088_meta.nc,PREDEPLOYMENT_CALIB_COEFFICIENT,"foil polynomial CalPhase exponent n13 (structural, Aanderaa method; value generic, file formatting varies); family-generic (identical in all 13 INCOIS 301 meta.nc)"
family_generic,2902088,AANDERAA_OPTODE_4330,n/a,DOXY,n14,1,incois_2902088_meta.nc,PREDEPLOYMENT_CALIB_COEFFICIENT,"foil polynomial CalPhase exponent n14 (structural, Aanderaa method; value generic, file formatting varies); family-generic (identical in all 13 INCOIS 301 meta.nc)"
family_generic,2902088,AANDERAA_OPTODE_4330,n/a,DOXY,n15,0,incois_2902088_meta.nc,PREDEPLOYMENT_CALIB_COEFFICIENT,"foil polynomial CalPhase exponent n15 (structural, Aanderaa method; value generic, file formatting varies); family-generic (identical in all 13 INCOIS 301 meta.nc)"
family_generic,2902088,AANDERAA_OPTODE_4330,n/a,DOXY,n16,0,incois_2902088_meta.nc,PREDEPLOYMENT_CALIB_COEFFICIENT,"foil polynomial CalPhase exponent n16 (structural, Aanderaa method; value generic, file formatting varies); family-generic (identical in all 13 INCOIS 301 meta.nc)"
family_generic,2902088,AANDERAA_OPTODE_4330,n/a,DOXY,n17,0,incois_2902088_meta.nc,PREDEPLOYMENT_CALIB_COEFFICIENT,"foil polynomial CalPhase exponent n17 (structural, Aanderaa method; value generic, file formatting varies); family-generic (identical in all 13 INCOIS 301 meta.nc)"
family_generic,2902088,AANDERAA_OPTODE_4330,n/a,DOXY,n18,0,incois_2902088_meta.nc,PREDEPLOYMENT_CALIB_COEFFICIENT,"foil polynomial CalPhase exponent n18 (structural, Aanderaa method; value generic, file formatting varies); family-generic (identical in all 13 INCOIS 301 meta.nc)"
family_generic,2902088,AANDERAA_OPTODE_4330,n/a,DOXY,n19,0,incois_2902088_meta.nc,PREDEPLOYMENT_CALIB_COEFFICIENT,"foil polynomial CalPhase exponent n19 (structural, Aanderaa method; value generic, file formatting varies); family-generic (identical in all 13 INCOIS 301 meta.nc)"
family_generic,2902088,AANDERAA_OPTODE_4330,n/a,DOXY,n2,4,incois_2902088_meta.nc,PREDEPLOYMENT_CALIB_COEFFICIENT,"foil polynomial CalPhase exponent n2 (structural, Aanderaa method; value generic, file formatting varies); family-generic (identical in all 13 INCOIS 301 meta.nc)"
family_generic,2902088,AANDERAA_OPTODE_4330,n/a,DOXY,n20,0,incois_2902088_meta.nc,PREDEPLOYMENT_CALIB_COEFFICIENT,"foil polynomial CalPhase exponent n20 (structural, Aanderaa method; value generic, file formatting varies); family-generic (identical in all 13 INCOIS 301 meta.nc)"
family_generic,2902088,AANDERAA_OPTODE_4330,n/a,DOXY,n21,0,incois_2902088_meta.nc,PREDEPLOYMENT_CALIB_COEFFICIENT,"foil polynomial CalPhase exponent n21 (structural, Aanderaa method; value generic, file formatting varies); family-generic (identical in all 13 INCOIS 301 meta.nc)"
family_generic,2902088,AANDERAA_OPTODE_4330,n/a,DOXY,n22,0,incois_2902088_meta.nc,PREDEPLOYMENT_CALIB_COEFFICIENT,"foil polynomial CalPhase exponent n22 (structural, Aanderaa method; value generic, file formatting varies); family-generic (identical in all 13 INCOIS 301 meta.nc)"
family_generic,2902088,AANDERAA_OPTODE_4330,n/a,DOXY,n23,0,incois_2902088_meta.nc,PREDEPLOYMENT_CALIB_COEFFICIENT,"foil polynomial CalPhase exponent n23 (structural, Aanderaa method; value generic, file formatting varies); family-generic (identical in all 13 INCOIS 301 meta.nc)"
family_generic,2902088,AANDERAA_OPTODE_4330,n/a,DOXY,n24,0,incois_2902088_meta.nc,PREDEPLOYMENT_CALIB_COEFFICIENT,"foil polynomial CalPhase exponent n24 (structural, Aanderaa method; value generic, file formatting varies); family-generic (identical in all 13 INCOIS 301 meta.nc)"
family_generic,2902088,AANDERAA_OPTODE_4330,n/a,DOXY,n25,0,incois_2902088_meta.nc,PREDEPLOYMENT_CALIB_COEFFICIENT,"foil polynomial CalPhase exponent n25 (structural, Aanderaa method; value generic, file formatting varies); family-generic (identical in all 13 INCOIS 301 meta.nc)"
family_generic,2902088,AANDERAA_OPTODE_4330,n/a,DOXY,n26,0,incois_2902088_meta.nc,PREDEPLOYMENT_CALIB_COEFFICIENT,"foil polynomial CalPhase exponent n26 (structural, Aanderaa method; value generic, file formatting varies); family-generic (identical in all 13 INCOIS 301 meta.nc)"
family_generic,2902088,AANDERAA_OPTODE_4330,n/a,DOXY,n27,0,incois_2902088_meta.nc,PREDEPLOYMENT_CALIB_COEFFICIENT,"foil polynomial CalPhase exponent n27 (structural, Aanderaa method; value generic, file formatting varies); family-generic (identical in all 13 INCOIS 301 meta.nc)"
family_generic,2902088,AANDERAA_OPTODE_4330,n/a,DOXY,n3,3,incois_2902088_meta.nc,PREDEPLOYMENT_CALIB_COEFFICIENT,"foil polynomial CalPhase exponent n3 (structural, Aanderaa method; value generic, file formatting varies); family-generic (identical in all 13 INCOIS 301 meta.nc)"
family_generic,2902088,AANDERAA_OPTODE_4330,n/a,DOXY,n4,3,incois_2902088_meta.nc,PREDEPLOYMENT_CALIB_COEFFICIENT,"foil polynomial CalPhase exponent n4 (structural, Aanderaa method; value generic, file formatting varies); family-generic (identical in all 13 INCOIS 301 meta.nc)"
family_generic,2902088,AANDERAA_OPTODE_4330,n/a,DOXY,n5,3,incois_2902088_meta.nc,PREDEPLOYMENT_CALIB_COEFFICIENT,"foil polynomial CalPhase exponent n5 (structural, Aanderaa method; value generic, file formatting varies); family-generic (identical in all 13 INCOIS 301 meta.nc)"
family_generic,2902088,AANDERAA_OPTODE_4330,n/a,DOXY,n6,2,incois_2902088_meta.nc,PREDEPLOYMENT_CALIB_COEFFICIENT,"foil polynomial CalPhase exponent n6 (structural, Aanderaa method; value generic, file formatting varies); family-generic (identical in all 13 INCOIS 301 meta.nc)"
family_generic,2902088,AANDERAA_OPTODE_4330,n/a,DOXY,n7,2,incois_2902088_meta.nc,PREDEPLOYMENT_CALIB_COEFFICIENT,"foil polynomial CalPhase exponent n7 (structural, Aanderaa method; value generic, file formatting varies); family-generic (identical in all 13 INCOIS 301 meta.nc)"
family_generic,2902088,AANDERAA_OPTODE_4330,n/a,DOXY,n8,2,incois_2902088_meta.nc,PREDEPLOYMENT_CALIB_COEFFICIENT,"foil polynomial CalPhase exponent n8 (structural, Aanderaa method; value generic, file formatting varies); family-generic (identical in all 13 INCOIS 301 meta.nc)"
family_generic,2902088,AANDERAA_OPTODE_4330,n/a,DOXY,n9,2,incois_2902088_meta.nc,PREDEPLOYMENT_CALIB_COEFFICIENT,"foil polynomial CalPhase exponent n9 (structural, Aanderaa method; value generic, file formatting varies); family-generic (identical in all 13 INCOIS 301 meta.nc)"
float_specific,2902088,AANDERAA_OPTODE_4330,n/a,TEMP_DOXY,T0,24.3783,incois_2902088_meta.nc,PREDEPLOYMENT_CALIB_COEFFICIENT,"optode thermistor polynomial T0 (per-unit factory calibration; firmware-internal, reference only); float-specific (varies across the 13 INCOIS 301 meta.nc)"
float_specific,2902088,AANDERAA_OPTODE_4330,n/a,TEMP_DOXY,T1,-0.0315573,incois_2902088_meta.nc,PREDEPLOYMENT_CALIB_COEFFICIENT,"optode thermistor polynomial T1 (per-unit factory calibration; firmware-internal, reference only); float-specific (varies across the 13 INCOIS 301 meta.nc)"
float_specific,2902088,AANDERAA_OPTODE_4330,n/a,TEMP_DOXY,T2,2.99697e-06,incois_2902088_meta.nc,PREDEPLOYMENT_CALIB_COEFFICIENT,"optode thermistor polynomial T2 (per-unit factory calibration; firmware-internal, reference only); float-specific (varies across the 13 INCOIS 301 meta.nc)"
float_specific,2902088,AANDERAA_OPTODE_4330,n/a,TEMP_DOXY,T3,-4.27343e-09,incois_2902088_meta.nc,PREDEPLOYMENT_CALIB_COEFFICIENT,"optode thermistor polynomial T3 (per-unit factory calibration; firmware-internal, reference only); float-specific (varies across the 13 INCOIS 301 meta.nc)"
family_generic,2902088,AANDERAA_OPTODE_4330,n/a,TEMP_DOXY,T4,0,incois_2902088_meta.nc,PREDEPLOYMENT_CALIB_COEFFICIENT,"optode thermistor polynomial T4 (per-unit factory calibration; firmware-internal, reference only); family-generic (identical in all 13 INCOIS 301 meta.nc)"
family_generic,2902088,AANDERAA_OPTODE_4330,n/a,TEMP_DOXY,T5,0,incois_2902088_meta.nc,PREDEPLOYMENT_CALIB_COEFFICIENT,"optode thermistor polynomial T5 (per-unit factory calibration; firmware-internal, reference only); family-generic (identical in all 13 INCOIS 301 meta.nc)"
float_specific,2902089,ECO_FLBB,2666,BBP700,DARK_BACKSCATTERING700,50,incois_2902089_meta.nc,PREDEPLOYMENT_CALIB_COEFFICIENT,WETLABS factory backscatter dark counts; float-specific (varies across the 13 INCOIS 301 meta.nc)
float_specific,2902089,ECO_FLBB,2666,BBP700,SCALE_BACKSCATTERING700,1.668e-06,incois_2902089_meta.nc,PREDEPLOYMENT_CALIB_COEFFICIENT,WETLABS factory backscatter scale [m-1 per count]; float-specific (varies across the 13 INCOIS 301 meta.nc)
family_generic,2902089,ECO_FLBB,2666,BBP700,khi,1.097,incois_2902089_meta.nc,PREDEPLOYMENT_CALIB_COEFFICIENT,Boss/Roesler chi factor 1.097 for 142-degree backscatter; family-generic (identical in all 13 INCOIS 301 meta.nc)
float_specific,2902089,ECO_FLBB,2666,CHLA,DARK_CHLA,50,incois_2902089_meta.nc,PREDEPLOYMENT_CALIB_COEFFICIENT,WETLABS factory chlorophyll dark counts; float-specific (varies across the 13 INCOIS 301 meta.nc)
family_generic,2902089,ECO_FLBB,2666,CHLA,SCALE_CHLA,0.0073,incois_2902089_meta.nc,PREDEPLOYMENT_CALIB_COEFFICIENT,WETLABS factory chlorophyll scale [ug/L per count]; family-generic (identical in all 13 INCOIS 301 meta.nc)
family_generic,2902089,AANDERAA_OPTODE_4330,n/a,DOXY,A0,2.008560e+00,incois_2902089_meta.nc,PREDEPLOYMENT_CALIB_COEFFICIENT,Weiss Cstar solubility A0; family-generic (identical in all 13 INCOIS 301 meta.nc)
family_generic,2902089,AANDERAA_OPTODE_4330,n/a,DOXY,A1,3.224000e+00,incois_2902089_meta.nc,PREDEPLOYMENT_CALIB_COEFFICIENT,Weiss Cstar solubility A1; family-generic (identical in all 13 INCOIS 301 meta.nc)
family_generic,2902089,AANDERAA_OPTODE_4330,n/a,DOXY,A2,3.990630e+00,incois_2902089_meta.nc,PREDEPLOYMENT_CALIB_COEFFICIENT,Weiss Cstar solubility A2; family-generic (identical in all 13 INCOIS 301 meta.nc)
family_generic,2902089,AANDERAA_OPTODE_4330,n/a,DOXY,A3,4.802990e+00,incois_2902089_meta.nc,PREDEPLOYMENT_CALIB_COEFFICIENT,Weiss Cstar solubility A3; family-generic (identical in all 13 INCOIS 301 meta.nc)
family_generic,2902089,AANDERAA_OPTODE_4330,n/a,DOXY,A4,9.781880e-01,incois_2902089_meta.nc,PREDEPLOYMENT_CALIB_COEFFICIENT,Weiss Cstar solubility A4; family-generic (identical in all 13 INCOIS 301 meta.nc)
family_generic,2902089,AANDERAA_OPTODE_4330,n/a,DOXY,A5,1.710690e+00,incois_2902089_meta.nc,PREDEPLOYMENT_CALIB_COEFFICIENT,Weiss Cstar solubility A5; family-generic (identical in all 13 INCOIS 301 meta.nc)
family_generic,2902089,AANDERAA_OPTODE_4330,n/a,DOXY,B0,-6.245230e-03,incois_2902089_meta.nc,PREDEPLOYMENT_CALIB_COEFFICIENT,Garcia-Gordon-style salinity-correction B0; family-generic (identical in all 13 INCOIS 301 meta.nc)
family_generic,2902089,AANDERAA_OPTODE_4330,n/a,DOXY,B1,-7.376140e-03,incois_2902089_meta.nc,PREDEPLOYMENT_CALIB_COEFFICIENT,Garcia-Gordon-style salinity-correction B1; family-generic (identical in all 13 INCOIS 301 meta.nc)
family_generic,2902089,AANDERAA_OPTODE_4330,n/a,DOXY,B2,-1.034100e-02,incois_2902089_meta.nc,PREDEPLOYMENT_CALIB_COEFFICIENT,Garcia-Gordon-style salinity-correction B2; family-generic (identical in all 13 INCOIS 301 meta.nc)
family_generic,2902089,AANDERAA_OPTODE_4330,n/a,DOXY,B3,-8.170830e-03,incois_2902089_meta.nc,PREDEPLOYMENT_CALIB_COEFFICIENT,Garcia-Gordon-style salinity-correction B3; family-generic (identical in all 13 INCOIS 301 meta.nc)
family_generic,2902089,AANDERAA_OPTODE_4330,n/a,DOXY,C0,-4.886820e-07,incois_2902089_meta.nc,PREDEPLOYMENT_CALIB_COEFFICIENT,salinity-correction C0 (PSAL^2 term); family-generic (identical in all 13 INCOIS 301 meta.nc)
family_generic,2902089,AANDERAA_OPTODE_4330,n/a,DOXY,D0,2.445430e+01,incois_2902089_meta.nc,PREDEPLOYMENT_CALIB_COEFFICIENT,vapour-pressure D0; family-generic (identical in all 13 INCOIS 301 meta.nc)
family_generic,2902089,AANDERAA_OPTODE_4330,n/a,DOXY,D1,-6.745090e+01,incois_2902089_meta.nc,PREDEPLOYMENT_CALIB_COEFFICIENT,vapour-pressure D1; family-generic (identical in all 13 INCOIS 301 meta.nc)
family_generic,2902089,AANDERAA_OPTODE_4330,n/a,DOXY,D2,-4.848900e+00,incois_2902089_meta.nc,PREDEPLOYMENT_CALIB_COEFFICIENT,vapour-pressure D2; family-generic (identical in all 13 INCOIS 301 meta.nc)
family_generic,2902089,AANDERAA_OPTODE_4330,n/a,DOXY,D3,-5.440000e-04,incois_2902089_meta.nc,PREDEPLOYMENT_CALIB_COEFFICIENT,vapour-pressure D3 (salinity term); family-generic (identical in all 13 INCOIS 301 meta.nc)
family_generic,2902089,AANDERAA_OPTODE_4330,n/a,DOXY,Pcoef1,1.000000e-01,incois_2902089_meta.nc,PREDEPLOYMENT_CALIB_COEFFICIENT,phase pressure-compensation slope [deg per bar/1000]; Aanderaa default 0.1; family-generic (identical in all 13 INCOIS 301 meta.nc)
family_generic,2902089,AANDERAA_OPTODE_4330,n/a,DOXY,Pcoef2,2.200000e-04,incois_2902089_meta.nc,PREDEPLOYMENT_CALIB_COEFFICIENT,Pcorr temperature slope; Aanderaa default; family-generic (identical in all 13 INCOIS 301 meta.nc)
family_generic,2902089,AANDERAA_OPTODE_4330,n/a,DOXY,Pcoef3,4.190000e-02,incois_2902089_meta.nc,PREDEPLOYMENT_CALIB_COEFFICIENT,Pcorr intercept; Aanderaa default; family-generic (identical in all 13 INCOIS 301 meta.nc)
float_specific,2902089,AANDERAA_OPTODE_4330,n/a,DOXY,PhaseCoef0,-8.455280e-01,incois_2902089_meta.nc,PREDEPLOYMENT_CALIB_COEFFICIENT,CalPhase cubic c0 (per-foil factory calibration); float-specific (varies across the 13 INCOIS 301 meta.nc)
float_specific,2902089,AANDERAA_OPTODE_4330,n/a,DOXY,PhaseCoef1,1.006490e+00,incois_2902089_meta.nc,PREDEPLOYMENT_CALIB_COEFFICIENT,CalPhase cubic c1 (per-foil factory calibration); float-specific (varies across the 13 INCOIS 301 meta.nc)
family_generic,2902089,AANDERAA_OPTODE_4330,n/a,DOXY,PhaseCoef2,0.000000e+00,incois_2902089_meta.nc,PREDEPLOYMENT_CALIB_COEFFICIENT,CalPhase cubic c2 (zero: Aanderaa standard foils); family-generic (identical in all 13 INCOIS 301 meta.nc)
family_generic,2902089,AANDERAA_OPTODE_4330,n/a,DOXY,PhaseCoef3,0.000000e+00,incois_2902089_meta.nc,PREDEPLOYMENT_CALIB_COEFFICIENT,CalPhase cubic c3 (zero: Aanderaa standard foils); family-generic (identical in all 13 INCOIS 301 meta.nc)
family_generic,2902089,AANDERAA_OPTODE_4330,n/a,DOXY,Spreset,0.000000e+00,incois_2902089_meta.nc,PREDEPLOYMENT_CALIB_COEFFICIENT,reference salinity [psu] of the Scorr vapour-pressure ratio; family-generic (identical in all 13 INCOIS 301 meta.nc)
float_specific,2902089,AANDERAA_OPTODE_4330,n/a,DOXY,c0,-3.604788e-06,incois_2902089_meta.nc,PREDEPLOYMENT_CALIB_COEFFICIENT,foil polynomial c0 (per foil-batch factory calibration); float-specific (varies across the 13 INCOIS 301 meta.nc)
float_specific,2902089,AANDERAA_OPTODE_4330,n/a,DOXY,c1,-6.843659e-06,incois_2902089_meta.nc,PREDEPLOYMENT_CALIB_COEFFICIENT,foil polynomial c1 (per foil-batch factory calibration); float-specific (varies across the 13 INCOIS 301 meta.nc)
float_specific,2902089,AANDERAA_OPTODE_4330,n/a,DOXY,c10,-3.093750e+02,incois_2902089_meta.nc,PREDEPLOYMENT_CALIB_COEFFICIENT,foil polynomial c10 (per foil-batch factory calibration); float-specific (varies across the 13 INCOIS 301 meta.nc)
float_specific,2902089,AANDERAA_OPTODE_4330,n/a,DOXY,c11,2.923687e+00,incois_2902089_meta.nc,PREDEPLOYMENT_CALIB_COEFFICIENT,foil polynomial c11 (per foil-batch factory calibration); float-specific (varies across the 13 INCOIS 301 meta.nc)
float_specific,2902089,AANDERAA_OPTODE_4330,n/a,DOXY,c12,-2.222011e-02,incois_2902089_meta.nc,PREDEPLOYMENT_CALIB_COEFFICIENT,foil polynomial c12 (per foil-batch factory calibration); float-specific (varies across the 13 INCOIS 301 meta.nc)
float_specific,2902089,AANDERAA_OPTODE_4330,n/a,DOXY,c13,2.146338e-04,incois_2902089_meta.nc,PREDEPLOYMENT_CALIB_COEFFICIENT,foil polynomial c13 (per foil-batch factory calibration); float-specific (varies across the 13 INCOIS 301 meta.nc)
float_specific,2902089,AANDERAA_OPTODE_4330,n/a,DOXY,c14,-7.934825e-07,incois_2902089_meta.nc,PREDEPLOYMENT_CALIB_COEFFICIENT,foil polynomial c14 (per foil-batch factory calibration); float-specific (varies across the 13 INCOIS 301 meta.nc)
float_specific,2902089,AANDERAA_OPTODE_4330,n/a,DOXY,c15,3.792412e+03,incois_2902089_meta.nc,PREDEPLOYMENT_CALIB_COEFFICIENT,foil polynomial c15 (per foil-batch factory calibration); float-specific (varies across the 13 INCOIS 301 meta.nc)
float_specific,2902089,AANDERAA_OPTODE_4330,n/a,DOXY,c16,-4.935136e+01,incois_2902089_meta.nc,PREDEPLOYMENT_CALIB_COEFFICIENT,foil polynomial c16 (per foil-batch factory calibration); float-specific (varies across the 13 INCOIS 301 meta.nc)
float_specific,2902089,AANDERAA_OPTODE_4330,n/a,DOXY,c17,6.335210e-01,incois_2902089_meta.nc,PREDEPLOYMENT_CALIB_COEFFICIENT,foil polynomial c17 (per foil-batch factory calibration); float-specific (varies across the 13 INCOIS 301 meta.nc)
float_specific,2902089,AANDERAA_OPTODE_4330,n/a,DOXY,c18,-1.085494e-02,incois_2902089_meta.nc,PREDEPLOYMENT_CALIB_COEFFICIENT,foil polynomial c18 (per foil-batch factory calibration); float-specific (varies across the 13 INCOIS 301 meta.nc)
float_specific,2902089,AANDERAA_OPTODE_4330,n/a,DOXY,c19,1.218953e-04,incois_2902089_meta.nc,PREDEPLOYMENT_CALIB_COEFFICIENT,foil polynomial c19 (per foil-batch factory calibration); float-specific (varies across the 13 INCOIS 301 meta.nc)
float_specific,2902089,AANDERAA_OPTODE_4330,n/a,DOXY,c2,1.839203e-03,incois_2902089_meta.nc,PREDEPLOYMENT_CALIB_COEFFICIENT,foil polynomial c2 (per foil-batch factory calibration); float-specific (varies across the 13 INCOIS 301 meta.nc)
float_specific,2902089,AANDERAA_OPTODE_4330,n/a,DOXY,c20,-7.344973e-07,incois_2902089_meta.nc,PREDEPLOYMENT_CALIB_COEFFICIENT,foil polynomial c20 (per foil-batch factory calibration); float-specific (varies across the 13 INCOIS 301 meta.nc)
family_generic,2902089,AANDERAA_OPTODE_4330,n/a,DOXY,c21,0.000000e+00,incois_2902089_meta.nc,PREDEPLOYMENT_CALIB_COEFFICIENT,"foil polynomial c21 (unused term, zero); family-generic (identical in all 13 INCOIS 301 meta.nc)"
family_generic,2902089,AANDERAA_OPTODE_4330,n/a,DOXY,c22,0.000000e+00,incois_2902089_meta.nc,PREDEPLOYMENT_CALIB_COEFFICIENT,"foil polynomial c22 (unused term, zero); family-generic (identical in all 13 INCOIS 301 meta.nc)"
family_generic,2902089,AANDERAA_OPTODE_4330,n/a,DOXY,c23,0.000000e+00,incois_2902089_meta.nc,PREDEPLOYMENT_CALIB_COEFFICIENT,"foil polynomial c23 (unused term, zero); family-generic (identical in all 13 INCOIS 301 meta.nc)"
family_generic,2902089,AANDERAA_OPTODE_4330,n/a,DOXY,c24,0.000000e+00,incois_2902089_meta.nc,PREDEPLOYMENT_CALIB_COEFFICIENT,"foil polynomial c24 (unused term, zero); family-generic (identical in all 13 INCOIS 301 meta.nc)"
family_generic,2902089,AANDERAA_OPTODE_4330,n/a,DOXY,c25,0.000000e+00,incois_2902089_meta.nc,PREDEPLOYMENT_CALIB_COEFFICIENT,"foil polynomial c25 (unused term, zero); family-generic (identical in all 13 INCOIS 301 meta.nc)"
family_generic,2902089,AANDERAA_OPTODE_4330,n/a,DOXY,c26,0.000000e+00,incois_2902089_meta.nc,PREDEPLOYMENT_CALIB_COEFFICIENT,"foil polynomial c26 (unused term, zero); family-generic (identical in all 13 INCOIS 301 meta.nc)"
family_generic,2902089,AANDERAA_OPTODE_4330,n/a,DOXY,c27,0.000000e+00,incois_2902089_meta.nc,PREDEPLOYMENT_CALIB_COEFFICIENT,"foil polynomial c27 (unused term, zero); family-generic (identical in all 13 INCOIS 301 meta.nc)"
float_specific,2902089,AANDERAA_OPTODE_4330,n/a,DOXY,c3,-1.984442e-01,incois_2902089_meta.nc,PREDEPLOYMENT_CALIB_COEFFICIENT,foil polynomial c3 (per foil-batch factory calibration); float-specific (varies across the 13 INCOIS 301 meta.nc)
float_specific,2902089,AANDERAA_OPTODE_4330,n/a,DOXY,c4,8.121225e-04,incois_2902089_meta.nc,PREDEPLOYMENT_CALIB_COEFFICIENT,foil polynomial c4 (per foil-batch factory calibration); float-specific (varies across the 13 INCOIS 301 meta.nc)
float_specific,2902089,AANDERAA_OPTODE_4330,n/a,DOXY,c5,-1.220733e-06,incois_2902089_meta.nc,PREDEPLOYMENT_CALIB_COEFFICIENT,foil polynomial c5 (per foil-batch factory calibration); float-specific (varies across the 13 INCOIS 301 meta.nc)
float_specific,2902089,AANDERAA_OPTODE_4330,n/a,DOXY,c6,1.086894e+01,incois_2902089_meta.nc,PREDEPLOYMENT_CALIB_COEFFICIENT,foil polynomial c6 (per foil-batch factory calibration); float-specific (varies across the 13 INCOIS 301 meta.nc)
float_specific,2902089,AANDERAA_OPTODE_4330,n/a,DOXY,c7,-7.093984e-02,incois_2902089_meta.nc,PREDEPLOYMENT_CALIB_COEFFICIENT,foil polynomial c7 (per foil-batch factory calibration); float-specific (varies across the 13 INCOIS 301 meta.nc)
float_specific,2902089,AANDERAA_OPTODE_4330,n/a,DOXY,c8,2.810467e-04,incois_2902089_meta.nc,PREDEPLOYMENT_CALIB_COEFFICIENT,foil polynomial c8 (per foil-batch factory calibration); float-specific (varies across the 13 INCOIS 301 meta.nc)
float_specific,2902089,AANDERAA_OPTODE_4330,n/a,DOXY,c9,-1.328850e-06,incois_2902089_meta.nc,PREDEPLOYMENT_CALIB_COEFFICIENT,foil polynomial c9 (per foil-batch factory calibration); float-specific (varies across the 13 INCOIS 301 meta.nc)
family_generic,2902089,AANDERAA_OPTODE_4330,n/a,DOXY,m0,1.000000e+00,incois_2902089_meta.nc,PREDEPLOYMENT_CALIB_COEFFICIENT,"foil polynomial temperature exponent m0 (structural, Aanderaa method; value generic, file formatting varies); family-generic (identical in all 13 INCOIS 301 meta.nc)"
family_generic,2902089,AANDERAA_OPTODE_4330,n/a,DOXY,m1,0.000000e+00,incois_2902089_meta.nc,PREDEPLOYMENT_CALIB_COEFFICIENT,"foil polynomial temperature exponent m1 (structural, Aanderaa method; value generic, file formatting varies); family-generic (identical in all 13 INCOIS 301 meta.nc)"
family_generic,2902089,AANDERAA_OPTODE_4330,n/a,DOXY,m10,0.000000e+00,incois_2902089_meta.nc,PREDEPLOYMENT_CALIB_COEFFICIENT,"foil polynomial temperature exponent m10 (structural, Aanderaa method; value generic, file formatting varies); family-generic (identical in all 13 INCOIS 301 meta.nc)"
family_generic,2902089,AANDERAA_OPTODE_4330,n/a,DOXY,m11,1.000000e+00,incois_2902089_meta.nc,PREDEPLOYMENT_CALIB_COEFFICIENT,"foil polynomial temperature exponent m11 (structural, Aanderaa method; value generic, file formatting varies); family-generic (identical in all 13 INCOIS 301 meta.nc)"
family_generic,2902089,AANDERAA_OPTODE_4330,n/a,DOXY,m12,2.000000e+00,incois_2902089_meta.nc,PREDEPLOYMENT_CALIB_COEFFICIENT,"foil polynomial temperature exponent m12 (structural, Aanderaa method; value generic, file formatting varies); family-generic (identical in all 13 INCOIS 301 meta.nc)"
family_generic,2902089,AANDERAA_OPTODE_4330,n/a,DOXY,m13,3.000000e+00,incois_2902089_meta.nc,PREDEPLOYMENT_CALIB_COEFFICIENT,"foil polynomial temperature exponent m13 (structural, Aanderaa method; value generic, file formatting varies); family-generic (identical in all 13 INCOIS 301 meta.nc)"
family_generic,2902089,AANDERAA_OPTODE_4330,n/a,DOXY,m14,4.000000e+00,incois_2902089_meta.nc,PREDEPLOYMENT_CALIB_COEFFICIENT,"foil polynomial temperature exponent m14 (structural, Aanderaa method; value generic, file formatting varies); family-generic (identical in all 13 INCOIS 301 meta.nc)"
family_generic,2902089,AANDERAA_OPTODE_4330,n/a,DOXY,m15,0.000000e+00,incois_2902089_meta.nc,PREDEPLOYMENT_CALIB_COEFFICIENT,"foil polynomial temperature exponent m15 (structural, Aanderaa method; value generic, file formatting varies); family-generic (identical in all 13 INCOIS 301 meta.nc)"
family_generic,2902089,AANDERAA_OPTODE_4330,n/a,DOXY,m16,1.000000e+00,incois_2902089_meta.nc,PREDEPLOYMENT_CALIB_COEFFICIENT,"foil polynomial temperature exponent m16 (structural, Aanderaa method; value generic, file formatting varies); family-generic (identical in all 13 INCOIS 301 meta.nc)"
family_generic,2902089,AANDERAA_OPTODE_4330,n/a,DOXY,m17,2.000000e+00,incois_2902089_meta.nc,PREDEPLOYMENT_CALIB_COEFFICIENT,"foil polynomial temperature exponent m17 (structural, Aanderaa method; value generic, file formatting varies); family-generic (identical in all 13 INCOIS 301 meta.nc)"
family_generic,2902089,AANDERAA_OPTODE_4330,n/a,DOXY,m18,3.000000e+00,incois_2902089_meta.nc,PREDEPLOYMENT_CALIB_COEFFICIENT,"foil polynomial temperature exponent m18 (structural, Aanderaa method; value generic, file formatting varies); family-generic (identical in all 13 INCOIS 301 meta.nc)"
family_generic,2902089,AANDERAA_OPTODE_4330,n/a,DOXY,m19,4.000000e+00,incois_2902089_meta.nc,PREDEPLOYMENT_CALIB_COEFFICIENT,"foil polynomial temperature exponent m19 (structural, Aanderaa method; value generic, file formatting varies); family-generic (identical in all 13 INCOIS 301 meta.nc)"
family_generic,2902089,AANDERAA_OPTODE_4330,n/a,DOXY,m2,0.000000e+00,incois_2902089_meta.nc,PREDEPLOYMENT_CALIB_COEFFICIENT,"foil polynomial temperature exponent m2 (structural, Aanderaa method; value generic, file formatting varies); family-generic (identical in all 13 INCOIS 301 meta.nc)"
family_generic,2902089,AANDERAA_OPTODE_4330,n/a,DOXY,m20,5.000000e+00,incois_2902089_meta.nc,PREDEPLOYMENT_CALIB_COEFFICIENT,"foil polynomial temperature exponent m20 (structural, Aanderaa method; value generic, file formatting varies); family-generic (identical in all 13 INCOIS 301 meta.nc)"
family_generic,2902089,AANDERAA_OPTODE_4330,n/a,DOXY,m21,0.000000e+00,incois_2902089_meta.nc,PREDEPLOYMENT_CALIB_COEFFICIENT,"foil polynomial temperature exponent m21 (structural, Aanderaa method; value generic, file formatting varies); family-generic (identical in all 13 INCOIS 301 meta.nc)"
family_generic,2902089,AANDERAA_OPTODE_4330,n/a,DOXY,m22,0.000000e+00,incois_2902089_meta.nc,PREDEPLOYMENT_CALIB_COEFFICIENT,"foil polynomial temperature exponent m22 (structural, Aanderaa method; value generic, file formatting varies); family-generic (identical in all 13 INCOIS 301 meta.nc)"
family_generic,2902089,AANDERAA_OPTODE_4330,n/a,DOXY,m23,0.000000e+00,incois_2902089_meta.nc,PREDEPLOYMENT_CALIB_COEFFICIENT,"foil polynomial temperature exponent m23 (structural, Aanderaa method; value generic, file formatting varies); family-generic (identical in all 13 INCOIS 301 meta.nc)"
family_generic,2902089,AANDERAA_OPTODE_4330,n/a,DOXY,m24,0.000000e+00,incois_2902089_meta.nc,PREDEPLOYMENT_CALIB_COEFFICIENT,"foil polynomial temperature exponent m24 (structural, Aanderaa method; value generic, file formatting varies); family-generic (identical in all 13 INCOIS 301 meta.nc)"
family_generic,2902089,AANDERAA_OPTODE_4330,n/a,DOXY,m25,0.000000e+00,incois_2902089_meta.nc,PREDEPLOYMENT_CALIB_COEFFICIENT,"foil polynomial temperature exponent m25 (structural, Aanderaa method; value generic, file formatting varies); family-generic (identical in all 13 INCOIS 301 meta.nc)"
family_generic,2902089,AANDERAA_OPTODE_4330,n/a,DOXY,m26,0.000000e+00,incois_2902089_meta.nc,PREDEPLOYMENT_CALIB_COEFFICIENT,"foil polynomial temperature exponent m26 (structural, Aanderaa method; value generic, file formatting varies); family-generic (identical in all 13 INCOIS 301 meta.nc)"
family_generic,2902089,AANDERAA_OPTODE_4330,n/a,DOXY,m27,0.000000e+00,incois_2902089_meta.nc,PREDEPLOYMENT_CALIB_COEFFICIENT,"foil polynomial temperature exponent m27 (structural, Aanderaa method; value generic, file formatting varies); family-generic (identical in all 13 INCOIS 301 meta.nc)"
family_generic,2902089,AANDERAA_OPTODE_4330,n/a,DOXY,m3,0.000000e+00,incois_2902089_meta.nc,PREDEPLOYMENT_CALIB_COEFFICIENT,"foil polynomial temperature exponent m3 (structural, Aanderaa method; value generic, file formatting varies); family-generic (identical in all 13 INCOIS 301 meta.nc)"
family_generic,2902089,AANDERAA_OPTODE_4330,n/a,DOXY,m4,1.000000e+00,incois_2902089_meta.nc,PREDEPLOYMENT_CALIB_COEFFICIENT,"foil polynomial temperature exponent m4 (structural, Aanderaa method; value generic, file formatting varies); family-generic (identical in all 13 INCOIS 301 meta.nc)"
family_generic,2902089,AANDERAA_OPTODE_4330,n/a,DOXY,m5,2.000000e+00,incois_2902089_meta.nc,PREDEPLOYMENT_CALIB_COEFFICIENT,"foil polynomial temperature exponent m5 (structural, Aanderaa method; value generic, file formatting varies); family-generic (identical in all 13 INCOIS 301 meta.nc)"
family_generic,2902089,AANDERAA_OPTODE_4330,n/a,DOXY,m6,0.000000e+00,incois_2902089_meta.nc,PREDEPLOYMENT_CALIB_COEFFICIENT,"foil polynomial temperature exponent m6 (structural, Aanderaa method; value generic, file formatting varies); family-generic (identical in all 13 INCOIS 301 meta.nc)"
family_generic,2902089,AANDERAA_OPTODE_4330,n/a,DOXY,m7,1.000000e+00,incois_2902089_meta.nc,PREDEPLOYMENT_CALIB_COEFFICIENT,"foil polynomial temperature exponent m7 (structural, Aanderaa method; value generic, file formatting varies); family-generic (identical in all 13 INCOIS 301 meta.nc)"
family_generic,2902089,AANDERAA_OPTODE_4330,n/a,DOXY,m8,2.000000e+00,incois_2902089_meta.nc,PREDEPLOYMENT_CALIB_COEFFICIENT,"foil polynomial temperature exponent m8 (structural, Aanderaa method; value generic, file formatting varies); family-generic (identical in all 13 INCOIS 301 meta.nc)"
family_generic,2902089,AANDERAA_OPTODE_4330,n/a,DOXY,m9,3.000000e+00,incois_2902089_meta.nc,PREDEPLOYMENT_CALIB_COEFFICIENT,"foil polynomial temperature exponent m9 (structural, Aanderaa method; value generic, file formatting varies); family-generic (identical in all 13 INCOIS 301 meta.nc)"
family_generic,2902089,AANDERAA_OPTODE_4330,n/a,DOXY,n0,4.000000e+00,incois_2902089_meta.nc,PREDEPLOYMENT_CALIB_COEFFICIENT,"foil polynomial CalPhase exponent n0 (structural, Aanderaa method; value generic, file formatting varies); family-generic (identical in all 13 INCOIS 301 meta.nc)"
family_generic,2902089,AANDERAA_OPTODE_4330,n/a,DOXY,n1,5.000000e+00,incois_2902089_meta.nc,PREDEPLOYMENT_CALIB_COEFFICIENT,"foil polynomial CalPhase exponent n1 (structural, Aanderaa method; value generic, file formatting varies); family-generic (identical in all 13 INCOIS 301 meta.nc)"
family_generic,2902089,AANDERAA_OPTODE_4330,n/a,DOXY,n10,1.000000e+00,incois_2902089_meta.nc,PREDEPLOYMENT_CALIB_COEFFICIENT,"foil polynomial CalPhase exponent n10 (structural, Aanderaa method; value generic, file formatting varies); family-generic (identical in all 13 INCOIS 301 meta.nc)"
family_generic,2902089,AANDERAA_OPTODE_4330,n/a,DOXY,n11,1.000000e+00,incois_2902089_meta.nc,PREDEPLOYMENT_CALIB_COEFFICIENT,"foil polynomial CalPhase exponent n11 (structural, Aanderaa method; value generic, file formatting varies); family-generic (identical in all 13 INCOIS 301 meta.nc)"
family_generic,2902089,AANDERAA_OPTODE_4330,n/a,DOXY,n12,1.000000e+00,incois_2902089_meta.nc,PREDEPLOYMENT_CALIB_COEFFICIENT,"foil polynomial CalPhase exponent n12 (structural, Aanderaa method; value generic, file formatting varies); family-generic (identical in all 13 INCOIS 301 meta.nc)"
family_generic,2902089,AANDERAA_OPTODE_4330,n/a,DOXY,n13,1.000000e+00,incois_2902089_meta.nc,PREDEPLOYMENT_CALIB_COEFFICIENT,"foil polynomial CalPhase exponent n13 (structural, Aanderaa method; value generic, file formatting varies); family-generic (identical in all 13 INCOIS 301 meta.nc)"
family_generic,2902089,AANDERAA_OPTODE_4330,n/a,DOXY,n14,1.000000e+00,incois_2902089_meta.nc,PREDEPLOYMENT_CALIB_COEFFICIENT,"foil polynomial CalPhase exponent n14 (structural, Aanderaa method; value generic, file formatting varies); family-generic (identical in all 13 INCOIS 301 meta.nc)"
family_generic,2902089,AANDERAA_OPTODE_4330,n/a,DOXY,n15,0.000000e+00,incois_2902089_meta.nc,PREDEPLOYMENT_CALIB_COEFFICIENT,"foil polynomial CalPhase exponent n15 (structural, Aanderaa method; value generic, file formatting varies); family-generic (identical in all 13 INCOIS 301 meta.nc)"
family_generic,2902089,AANDERAA_OPTODE_4330,n/a,DOXY,n16,0.000000e+00,incois_2902089_meta.nc,PREDEPLOYMENT_CALIB_COEFFICIENT,"foil polynomial CalPhase exponent n16 (structural, Aanderaa method; value generic, file formatting varies); family-generic (identical in all 13 INCOIS 301 meta.nc)"
family_generic,2902089,AANDERAA_OPTODE_4330,n/a,DOXY,n17,0.000000e+00,incois_2902089_meta.nc,PREDEPLOYMENT_CALIB_COEFFICIENT,"foil polynomial CalPhase exponent n17 (structural, Aanderaa method; value generic, file formatting varies); family-generic (identical in all 13 INCOIS 301 meta.nc)"
family_generic,2902089,AANDERAA_OPTODE_4330,n/a,DOXY,n18,0.000000e+00,incois_2902089_meta.nc,PREDEPLOYMENT_CALIB_COEFFICIENT,"foil polynomial CalPhase exponent n18 (structural, Aanderaa method; value generic, file formatting varies); family-generic (identical in all 13 INCOIS 301 meta.nc)"
family_generic,2902089,AANDERAA_OPTODE_4330,n/a,DOXY,n19,0.000000e+00,incois_2902089_meta.nc,PREDEPLOYMENT_CALIB_COEFFICIENT,"foil polynomial CalPhase exponent n19 (structural, Aanderaa method; value generic, file formatting varies); family-generic (identical in all 13 INCOIS 301 meta.nc)"
family_generic,2902089,AANDERAA_OPTODE_4330,n/a,DOXY,n2,4.000000e+00,incois_2902089_meta.nc,PREDEPLOYMENT_CALIB_COEFFICIENT,"foil polynomial CalPhase exponent n2 (structural, Aanderaa method; value generic, file formatting varies); family-generic (identical in all 13 INCOIS 301 meta.nc)"
family_generic,2902089,AANDERAA_OPTODE_4330,n/a,DOXY,n20,0.000000e+00,incois_2902089_meta.nc,PREDEPLOYMENT_CALIB_COEFFICIENT,"foil polynomial CalPhase exponent n20 (structural, Aanderaa method; value generic, file formatting varies); family-generic (identical in all 13 INCOIS 301 meta.nc)"
family_generic,2902089,AANDERAA_OPTODE_4330,n/a,DOXY,n21,0.000000e+00,incois_2902089_meta.nc,PREDEPLOYMENT_CALIB_COEFFICIENT,"foil polynomial CalPhase exponent n21 (structural, Aanderaa method; value generic, file formatting varies); family-generic (identical in all 13 INCOIS 301 meta.nc)"
family_generic,2902089,AANDERAA_OPTODE_4330,n/a,DOXY,n22,0.000000e+00,incois_2902089_meta.nc,PREDEPLOYMENT_CALIB_COEFFICIENT,"foil polynomial CalPhase exponent n22 (structural, Aanderaa method; value generic, file formatting varies); family-generic (identical in all 13 INCOIS 301 meta.nc)"
family_generic,2902089,AANDERAA_OPTODE_4330,n/a,DOXY,n23,0.000000e+00,incois_2902089_meta.nc,PREDEPLOYMENT_CALIB_COEFFICIENT,"foil polynomial CalPhase exponent n23 (structural, Aanderaa method; value generic, file formatting varies); family-generic (identical in all 13 INCOIS 301 meta.nc)"
family_generic,2902089,AANDERAA_OPTODE_4330,n/a,DOXY,n24,0.000000e+00,incois_2902089_meta.nc,PREDEPLOYMENT_CALIB_COEFFICIENT,"foil polynomial CalPhase exponent n24 (structural, Aanderaa method; value generic, file formatting varies); family-generic (identical in all 13 INCOIS 301 meta.nc)"
family_generic,2902089,AANDERAA_OPTODE_4330,n/a,DOXY,n25,0.000000e+00,incois_2902089_meta.nc,PREDEPLOYMENT_CALIB_COEFFICIENT,"foil polynomial CalPhase exponent n25 (structural, Aanderaa method; value generic, file formatting varies); family-generic (identical in all 13 INCOIS 301 meta.nc)"
family_generic,2902089,AANDERAA_OPTODE_4330,n/a,DOXY,n26,0.000000e+00,incois_2902089_meta.nc,PREDEPLOYMENT_CALIB_COEFFICIENT,"foil polynomial CalPhase exponent n26 (structural, Aanderaa method; value generic, file formatting varies); family-generic (identical in all 13 INCOIS 301 meta.nc)"
family_generic,2902089,AANDERAA_OPTODE_4330,n/a,DOXY,n27,0.000000e+00,incois_2902089_meta.nc,PREDEPLOYMENT_CALIB_COEFFICIENT,"foil polynomial CalPhase exponent n27 (structural, Aanderaa method; value generic, file formatting varies); family-generic (identical in all 13 INCOIS 301 meta.nc)"
family_generic,2902089,AANDERAA_OPTODE_4330,n/a,DOXY,n3,3.000000e+00,incois_2902089_meta.nc,PREDEPLOYMENT_CALIB_COEFFICIENT,"foil polynomial CalPhase exponent n3 (structural, Aanderaa method; value generic, file formatting varies); family-generic (identical in all 13 INCOIS 301 meta.nc)"
family_generic,2902089,AANDERAA_OPTODE_4330,n/a,DOXY,n4,3.000000e+00,incois_2902089_meta.nc,PREDEPLOYMENT_CALIB_COEFFICIENT,"foil polynomial CalPhase exponent n4 (structural, Aanderaa method; value generic, file formatting varies); family-generic (identical in all 13 INCOIS 301 meta.nc)"
family_generic,2902089,AANDERAA_OPTODE_4330,n/a,DOXY,n5,3.000000e+00,incois_2902089_meta.nc,PREDEPLOYMENT_CALIB_COEFFICIENT,"foil polynomial CalPhase exponent n5 (structural, Aanderaa method; value generic, file formatting varies); family-generic (identical in all 13 INCOIS 301 meta.nc)"
family_generic,2902089,AANDERAA_OPTODE_4330,n/a,DOXY,n6,2.000000e+00,incois_2902089_meta.nc,PREDEPLOYMENT_CALIB_COEFFICIENT,"foil polynomial CalPhase exponent n6 (structural, Aanderaa method; value generic, file formatting varies); family-generic (identical in all 13 INCOIS 301 meta.nc)"
family_generic,2902089,AANDERAA_OPTODE_4330,n/a,DOXY,n7,2.000000e+00,incois_2902089_meta.nc,PREDEPLOYMENT_CALIB_COEFFICIENT,"foil polynomial CalPhase exponent n7 (structural, Aanderaa method; value generic, file formatting varies); family-generic (identical in all 13 INCOIS 301 meta.nc)"
family_generic,2902089,AANDERAA_OPTODE_4330,n/a,DOXY,n8,2.000000e+00,incois_2902089_meta.nc,PREDEPLOYMENT_CALIB_COEFFICIENT,"foil polynomial CalPhase exponent n8 (structural, Aanderaa method; value generic, file formatting varies); family-generic (identical in all 13 INCOIS 301 meta.nc)"
family_generic,2902089,AANDERAA_OPTODE_4330,n/a,DOXY,n9,2.000000e+00,incois_2902089_meta.nc,PREDEPLOYMENT_CALIB_COEFFICIENT,"foil polynomial CalPhase exponent n9 (structural, Aanderaa method; value generic, file formatting varies); family-generic (identical in all 13 INCOIS 301 meta.nc)"
float_specific,2902089,AANDERAA_OPTODE_4330,n/a,TEMP_DOXY,T0,2.715910e+01,incois_2902089_meta.nc,PREDEPLOYMENT_CALIB_COEFFICIENT,"optode thermistor polynomial T0 (per-unit factory calibration; firmware-internal, reference only); float-specific (varies across the 13 INCOIS 301 meta.nc)"
float_specific,2902089,AANDERAA_OPTODE_4330,n/a,TEMP_DOXY,T1,-3.155930e-02,incois_2902089_meta.nc,PREDEPLOYMENT_CALIB_COEFFICIENT,"optode thermistor polynomial T1 (per-unit factory calibration; firmware-internal, reference only); float-specific (varies across the 13 INCOIS 301 meta.nc)"
float_specific,2902089,AANDERAA_OPTODE_4330,n/a,TEMP_DOXY,T2,3.070280e-06,incois_2902089_meta.nc,PREDEPLOYMENT_CALIB_COEFFICIENT,"optode thermistor polynomial T2 (per-unit factory calibration; firmware-internal, reference only); float-specific (varies across the 13 INCOIS 301 meta.nc)"
float_specific,2902089,AANDERAA_OPTODE_4330,n/a,TEMP_DOXY,T3,-4.493370e-09,incois_2902089_meta.nc,PREDEPLOYMENT_CALIB_COEFFICIENT,"optode thermistor polynomial T3 (per-unit factory calibration; firmware-internal, reference only); float-specific (varies across the 13 INCOIS 301 meta.nc)"
family_generic,2902089,AANDERAA_OPTODE_4330,n/a,TEMP_DOXY,T4,0.000000e+00,incois_2902089_meta.nc,PREDEPLOYMENT_CALIB_COEFFICIENT,"optode thermistor polynomial T4 (per-unit factory calibration; firmware-internal, reference only); family-generic (identical in all 13 INCOIS 301 meta.nc)"
family_generic,2902089,AANDERAA_OPTODE_4330,n/a,TEMP_DOXY,T5,0.000000e+00,incois_2902089_meta.nc,PREDEPLOYMENT_CALIB_COEFFICIENT,"optode thermistor polynomial T5 (per-unit factory calibration; firmware-internal, reference only); family-generic (identical in all 13 INCOIS 301 meta.nc)"
float_specific,2902090,ECO_FLBB,2664,BBP700,DARK_BACKSCATTERING700,49,incois_2902090_meta.nc,PREDEPLOYMENT_CALIB_COEFFICIENT,WETLABS factory backscatter dark counts; float-specific (varies across the 13 INCOIS 301 meta.nc)
float_specific,2902090,ECO_FLBB,2664,BBP700,SCALE_BACKSCATTERING700,1.633e-06,incois_2902090_meta.nc,PREDEPLOYMENT_CALIB_COEFFICIENT,WETLABS factory backscatter scale [m-1 per count]; float-specific (varies across the 13 INCOIS 301 meta.nc)
family_generic,2902090,ECO_FLBB,2664,BBP700,khi,1.097,incois_2902090_meta.nc,PREDEPLOYMENT_CALIB_COEFFICIENT,Boss/Roesler chi factor 1.097 for 142-degree backscatter; family-generic (identical in all 13 INCOIS 301 meta.nc)
float_specific,2902090,ECO_FLBB,2664,CHLA,DARK_CHLA,49,incois_2902090_meta.nc,PREDEPLOYMENT_CALIB_COEFFICIENT,WETLABS factory chlorophyll dark counts; float-specific (varies across the 13 INCOIS 301 meta.nc)
family_generic,2902090,ECO_FLBB,2664,CHLA,SCALE_CHLA,0.0073,incois_2902090_meta.nc,PREDEPLOYMENT_CALIB_COEFFICIENT,WETLABS factory chlorophyll scale [ug/L per count]; family-generic (identical in all 13 INCOIS 301 meta.nc)
family_generic,2902090,AANDERAA_OPTODE_4330,n/a,DOXY,A0,2.00856,incois_2902090_meta.nc,PREDEPLOYMENT_CALIB_COEFFICIENT,Weiss Cstar solubility A0; family-generic (identical in all 13 INCOIS 301 meta.nc)
family_generic,2902090,AANDERAA_OPTODE_4330,n/a,DOXY,A1,3.224,incois_2902090_meta.nc,PREDEPLOYMENT_CALIB_COEFFICIENT,Weiss Cstar solubility A1; family-generic (identical in all 13 INCOIS 301 meta.nc)
family_generic,2902090,AANDERAA_OPTODE_4330,n/a,DOXY,A2,3.99063,incois_2902090_meta.nc,PREDEPLOYMENT_CALIB_COEFFICIENT,Weiss Cstar solubility A2; family-generic (identical in all 13 INCOIS 301 meta.nc)
family_generic,2902090,AANDERAA_OPTODE_4330,n/a,DOXY,A3,4.80299,incois_2902090_meta.nc,PREDEPLOYMENT_CALIB_COEFFICIENT,Weiss Cstar solubility A3; family-generic (identical in all 13 INCOIS 301 meta.nc)
family_generic,2902090,AANDERAA_OPTODE_4330,n/a,DOXY,A4,0.978188,incois_2902090_meta.nc,PREDEPLOYMENT_CALIB_COEFFICIENT,Weiss Cstar solubility A4; family-generic (identical in all 13 INCOIS 301 meta.nc)
family_generic,2902090,AANDERAA_OPTODE_4330,n/a,DOXY,A5,1.71069,incois_2902090_meta.nc,PREDEPLOYMENT_CALIB_COEFFICIENT,Weiss Cstar solubility A5; family-generic (identical in all 13 INCOIS 301 meta.nc)
family_generic,2902090,AANDERAA_OPTODE_4330,n/a,DOXY,B0,-0.00624523,incois_2902090_meta.nc,PREDEPLOYMENT_CALIB_COEFFICIENT,Garcia-Gordon-style salinity-correction B0; family-generic (identical in all 13 INCOIS 301 meta.nc)
family_generic,2902090,AANDERAA_OPTODE_4330,n/a,DOXY,B1,-0.00737614,incois_2902090_meta.nc,PREDEPLOYMENT_CALIB_COEFFICIENT,Garcia-Gordon-style salinity-correction B1; family-generic (identical in all 13 INCOIS 301 meta.nc)
family_generic,2902090,AANDERAA_OPTODE_4330,n/a,DOXY,B2,-0.010341,incois_2902090_meta.nc,PREDEPLOYMENT_CALIB_COEFFICIENT,Garcia-Gordon-style salinity-correction B2; family-generic (identical in all 13 INCOIS 301 meta.nc)
family_generic,2902090,AANDERAA_OPTODE_4330,n/a,DOXY,B3,-0.00817083,incois_2902090_meta.nc,PREDEPLOYMENT_CALIB_COEFFICIENT,Garcia-Gordon-style salinity-correction B3; family-generic (identical in all 13 INCOIS 301 meta.nc)
family_generic,2902090,AANDERAA_OPTODE_4330,n/a,DOXY,C0,-4.88682e-07,incois_2902090_meta.nc,PREDEPLOYMENT_CALIB_COEFFICIENT,salinity-correction C0 (PSAL^2 term); family-generic (identical in all 13 INCOIS 301 meta.nc)
family_generic,2902090,AANDERAA_OPTODE_4330,n/a,DOXY,D0,24.4543,incois_2902090_meta.nc,PREDEPLOYMENT_CALIB_COEFFICIENT,vapour-pressure D0; family-generic (identical in all 13 INCOIS 301 meta.nc)
family_generic,2902090,AANDERAA_OPTODE_4330,n/a,DOXY,D1,-67.4509,incois_2902090_meta.nc,PREDEPLOYMENT_CALIB_COEFFICIENT,vapour-pressure D1; family-generic (identical in all 13 INCOIS 301 meta.nc)
family_generic,2902090,AANDERAA_OPTODE_4330,n/a,DOXY,D2,-4.8489,incois_2902090_meta.nc,PREDEPLOYMENT_CALIB_COEFFICIENT,vapour-pressure D2; family-generic (identical in all 13 INCOIS 301 meta.nc)
family_generic,2902090,AANDERAA_OPTODE_4330,n/a,DOXY,D3,-0.000544,incois_2902090_meta.nc,PREDEPLOYMENT_CALIB_COEFFICIENT,vapour-pressure D3 (salinity term); family-generic (identical in all 13 INCOIS 301 meta.nc)
family_generic,2902090,AANDERAA_OPTODE_4330,n/a,DOXY,Pcoef1,0.1,incois_2902090_meta.nc,PREDEPLOYMENT_CALIB_COEFFICIENT,phase pressure-compensation slope [deg per bar/1000]; Aanderaa default 0.1; family-generic (identical in all 13 INCOIS 301 meta.nc)
family_generic,2902090,AANDERAA_OPTODE_4330,n/a,DOXY,Pcoef2,0.00022,incois_2902090_meta.nc,PREDEPLOYMENT_CALIB_COEFFICIENT,Pcorr temperature slope; Aanderaa default; family-generic (identical in all 13 INCOIS 301 meta.nc)
family_generic,2902090,AANDERAA_OPTODE_4330,n/a,DOXY,Pcoef3,0.0419,incois_2902090_meta.nc,PREDEPLOYMENT_CALIB_COEFFICIENT,Pcorr intercept; Aanderaa default; family-generic (identical in all 13 INCOIS 301 meta.nc)
float_specific,2902090,AANDERAA_OPTODE_4330,n/a,DOXY,PhaseCoef0,-0.954235,incois_2902090_meta.nc,PREDEPLOYMENT_CALIB_COEFFICIENT,CalPhase cubic c0 (per-foil factory calibration); float-specific (varies across the 13 INCOIS 301 meta.nc)
float_specific,2902090,AANDERAA_OPTODE_4330,n/a,DOXY,PhaseCoef1,1.01001,incois_2902090_meta.nc,PREDEPLOYMENT_CALIB_COEFFICIENT,CalPhase cubic c1 (per-foil factory calibration); float-specific (varies across the 13 INCOIS 301 meta.nc)
family_generic,2902090,AANDERAA_OPTODE_4330,n/a,DOXY,PhaseCoef2,0,incois_2902090_meta.nc,PREDEPLOYMENT_CALIB_COEFFICIENT,CalPhase cubic c2 (zero: Aanderaa standard foils); family-generic (identical in all 13 INCOIS 301 meta.nc)
family_generic,2902090,AANDERAA_OPTODE_4330,n/a,DOXY,PhaseCoef3,0,incois_2902090_meta.nc,PREDEPLOYMENT_CALIB_COEFFICIENT,CalPhase cubic c3 (zero: Aanderaa standard foils); family-generic (identical in all 13 INCOIS 301 meta.nc)
family_generic,2902090,AANDERAA_OPTODE_4330,n/a,DOXY,Spreset,0,incois_2902090_meta.nc,PREDEPLOYMENT_CALIB_COEFFICIENT,reference salinity [psu] of the Scorr vapour-pressure ratio; family-generic (identical in all 13 INCOIS 301 meta.nc)
float_specific,2902090,AANDERAA_OPTODE_4330,n/a,DOXY,c0,-3.60479e-06,incois_2902090_meta.nc,PREDEPLOYMENT_CALIB_COEFFICIENT,foil polynomial c0 (per foil-batch factory calibration); float-specific (varies across the 13 INCOIS 301 meta.nc)
float_specific,2902090,AANDERAA_OPTODE_4330,n/a,DOXY,c1,-6.84366e-06,incois_2902090_meta.nc,PREDEPLOYMENT_CALIB_COEFFICIENT,foil polynomial c1 (per foil-batch factory calibration); float-specific (varies across the 13 INCOIS 301 meta.nc)
float_specific,2902090,AANDERAA_OPTODE_4330,n/a,DOXY,c10,-309.375,incois_2902090_meta.nc,PREDEPLOYMENT_CALIB_COEFFICIENT,foil polynomial c10 (per foil-batch factory calibration); float-specific (varies across the 13 INCOIS 301 meta.nc)
float_specific,2902090,AANDERAA_OPTODE_4330,n/a,DOXY,c11,2.92369,incois_2902090_meta.nc,PREDEPLOYMENT_CALIB_COEFFICIENT,foil polynomial c11 (per foil-batch factory calibration); float-specific (varies across the 13 INCOIS 301 meta.nc)
float_specific,2902090,AANDERAA_OPTODE_4330,n/a,DOXY,c12,-0.0222201,incois_2902090_meta.nc,PREDEPLOYMENT_CALIB_COEFFICIENT,foil polynomial c12 (per foil-batch factory calibration); float-specific (varies across the 13 INCOIS 301 meta.nc)
float_specific,2902090,AANDERAA_OPTODE_4330,n/a,DOXY,c13,0.000214634,incois_2902090_meta.nc,PREDEPLOYMENT_CALIB_COEFFICIENT,foil polynomial c13 (per foil-batch factory calibration); float-specific (varies across the 13 INCOIS 301 meta.nc)
float_specific,2902090,AANDERAA_OPTODE_4330,n/a,DOXY,c14,-7.93483e-07,incois_2902090_meta.nc,PREDEPLOYMENT_CALIB_COEFFICIENT,foil polynomial c14 (per foil-batch factory calibration); float-specific (varies across the 13 INCOIS 301 meta.nc)
float_specific,2902090,AANDERAA_OPTODE_4330,n/a,DOXY,c15,3792.41,incois_2902090_meta.nc,PREDEPLOYMENT_CALIB_COEFFICIENT,foil polynomial c15 (per foil-batch factory calibration); float-specific (varies across the 13 INCOIS 301 meta.nc)
float_specific,2902090,AANDERAA_OPTODE_4330,n/a,DOXY,c16,-49.3514,incois_2902090_meta.nc,PREDEPLOYMENT_CALIB_COEFFICIENT,foil polynomial c16 (per foil-batch factory calibration); float-specific (varies across the 13 INCOIS 301 meta.nc)
float_specific,2902090,AANDERAA_OPTODE_4330,n/a,DOXY,c17,0.633521,incois_2902090_meta.nc,PREDEPLOYMENT_CALIB_COEFFICIENT,foil polynomial c17 (per foil-batch factory calibration); float-specific (varies across the 13 INCOIS 301 meta.nc)
float_specific,2902090,AANDERAA_OPTODE_4330,n/a,DOXY,c18,-0.0108549,incois_2902090_meta.nc,PREDEPLOYMENT_CALIB_COEFFICIENT,foil polynomial c18 (per foil-batch factory calibration); float-specific (varies across the 13 INCOIS 301 meta.nc)
float_specific,2902090,AANDERAA_OPTODE_4330,n/a,DOXY,c19,0.000121895,incois_2902090_meta.nc,PREDEPLOYMENT_CALIB_COEFFICIENT,foil polynomial c19 (per foil-batch factory calibration); float-specific (varies across the 13 INCOIS 301 meta.nc)
float_specific,2902090,AANDERAA_OPTODE_4330,n/a,DOXY,c2,0.0018392,incois_2902090_meta.nc,PREDEPLOYMENT_CALIB_COEFFICIENT,foil polynomial c2 (per foil-batch factory calibration); float-specific (varies across the 13 INCOIS 301 meta.nc)
float_specific,2902090,AANDERAA_OPTODE_4330,n/a,DOXY,c20,-7.34497e-07,incois_2902090_meta.nc,PREDEPLOYMENT_CALIB_COEFFICIENT,foil polynomial c20 (per foil-batch factory calibration); float-specific (varies across the 13 INCOIS 301 meta.nc)
family_generic,2902090,AANDERAA_OPTODE_4330,n/a,DOXY,c21,0,incois_2902090_meta.nc,PREDEPLOYMENT_CALIB_COEFFICIENT,"foil polynomial c21 (unused term, zero); family-generic (identical in all 13 INCOIS 301 meta.nc)"
family_generic,2902090,AANDERAA_OPTODE_4330,n/a,DOXY,c22,0,incois_2902090_meta.nc,PREDEPLOYMENT_CALIB_COEFFICIENT,"foil polynomial c22 (unused term, zero); family-generic (identical in all 13 INCOIS 301 meta.nc)"
family_generic,2902090,AANDERAA_OPTODE_4330,n/a,DOXY,c23,0,incois_2902090_meta.nc,PREDEPLOYMENT_CALIB_COEFFICIENT,"foil polynomial c23 (unused term, zero); family-generic (identical in all 13 INCOIS 301 meta.nc)"
family_generic,2902090,AANDERAA_OPTODE_4330,n/a,DOXY,c24,0,incois_2902090_meta.nc,PREDEPLOYMENT_CALIB_COEFFICIENT,"foil polynomial c24 (unused term, zero); family-generic (identical in all 13 INCOIS 301 meta.nc)"
family_generic,2902090,AANDERAA_OPTODE_4330,n/a,DOXY,c25,0,incois_2902090_meta.nc,PREDEPLOYMENT_CALIB_COEFFICIENT,"foil polynomial c25 (unused term, zero); family-generic (identical in all 13 INCOIS 301 meta.nc)"
family_generic,2902090,AANDERAA_OPTODE_4330,n/a,DOXY,c26,0,incois_2902090_meta.nc,PREDEPLOYMENT_CALIB_COEFFICIENT,"foil polynomial c26 (unused term, zero); family-generic (identical in all 13 INCOIS 301 meta.nc)"
family_generic,2902090,AANDERAA_OPTODE_4330,n/a,DOXY,c27,0,incois_2902090_meta.nc,PREDEPLOYMENT_CALIB_COEFFICIENT,"foil polynomial c27 (unused term, zero); family-generic (identical in all 13 INCOIS 301 meta.nc)"
float_specific,2902090,AANDERAA_OPTODE_4330,n/a,DOXY,c3,-0.198444,incois_2902090_meta.nc,PREDEPLOYMENT_CALIB_COEFFICIENT,foil polynomial c3 (per foil-batch factory calibration); float-specific (varies across the 13 INCOIS 301 meta.nc)
float_specific,2902090,AANDERAA_OPTODE_4330,n/a,DOXY,c4,0.000812123,incois_2902090_meta.nc,PREDEPLOYMENT_CALIB_COEFFICIENT,foil polynomial c4 (per foil-batch factory calibration); float-specific (varies across the 13 INCOIS 301 meta.nc)
float_specific,2902090,AANDERAA_OPTODE_4330,n/a,DOXY,c5,-1.22073e-06,incois_2902090_meta.nc,PREDEPLOYMENT_CALIB_COEFFICIENT,foil polynomial c5 (per foil-batch factory calibration); float-specific (varies across the 13 INCOIS 301 meta.nc)
float_specific,2902090,AANDERAA_OPTODE_4330,n/a,DOXY,c6,10.8689,incois_2902090_meta.nc,PREDEPLOYMENT_CALIB_COEFFICIENT,foil polynomial c6 (per foil-batch factory calibration); float-specific (varies across the 13 INCOIS 301 meta.nc)
float_specific,2902090,AANDERAA_OPTODE_4330,n/a,DOXY,c7,-0.0709398,incois_2902090_meta.nc,PREDEPLOYMENT_CALIB_COEFFICIENT,foil polynomial c7 (per foil-batch factory calibration); float-specific (varies across the 13 INCOIS 301 meta.nc)
float_specific,2902090,AANDERAA_OPTODE_4330,n/a,DOXY,c8,0.000281047,incois_2902090_meta.nc,PREDEPLOYMENT_CALIB_COEFFICIENT,foil polynomial c8 (per foil-batch factory calibration); float-specific (varies across the 13 INCOIS 301 meta.nc)
float_specific,2902090,AANDERAA_OPTODE_4330,n/a,DOXY,c9,-1.32885e-06,incois_2902090_meta.nc,PREDEPLOYMENT_CALIB_COEFFICIENT,foil polynomial c9 (per foil-batch factory calibration); float-specific (varies across the 13 INCOIS 301 meta.nc)
family_generic,2902090,AANDERAA_OPTODE_4330,n/a,DOXY,m0,1,incois_2902090_meta.nc,PREDEPLOYMENT_CALIB_COEFFICIENT,"foil polynomial temperature exponent m0 (structural, Aanderaa method; value generic, file formatting varies); family-generic (identical in all 13 INCOIS 301 meta.nc)"
family_generic,2902090,AANDERAA_OPTODE_4330,n/a,DOXY,m1,0,incois_2902090_meta.nc,PREDEPLOYMENT_CALIB_COEFFICIENT,"foil polynomial temperature exponent m1 (structural, Aanderaa method; value generic, file formatting varies); family-generic (identical in all 13 INCOIS 301 meta.nc)"
family_generic,2902090,AANDERAA_OPTODE_4330,n/a,DOXY,m10,0,incois_2902090_meta.nc,PREDEPLOYMENT_CALIB_COEFFICIENT,"foil polynomial temperature exponent m10 (structural, Aanderaa method; value generic, file formatting varies); family-generic (identical in all 13 INCOIS 301 meta.nc)"
family_generic,2902090,AANDERAA_OPTODE_4330,n/a,DOXY,m11,1,incois_2902090_meta.nc,PREDEPLOYMENT_CALIB_COEFFICIENT,"foil polynomial temperature exponent m11 (structural, Aanderaa method; value generic, file formatting varies); family-generic (identical in all 13 INCOIS 301 meta.nc)"
family_generic,2902090,AANDERAA_OPTODE_4330,n/a,DOXY,m12,2,incois_2902090_meta.nc,PREDEPLOYMENT_CALIB_COEFFICIENT,"foil polynomial temperature exponent m12 (structural, Aanderaa method; value generic, file formatting varies); family-generic (identical in all 13 INCOIS 301 meta.nc)"
family_generic,2902090,AANDERAA_OPTODE_4330,n/a,DOXY,m13,3,incois_2902090_meta.nc,PREDEPLOYMENT_CALIB_COEFFICIENT,"foil polynomial temperature exponent m13 (structural, Aanderaa method; value generic, file formatting varies); family-generic (identical in all 13 INCOIS 301 meta.nc)"
family_generic,2902090,AANDERAA_OPTODE_4330,n/a,DOXY,m14,4,incois_2902090_meta.nc,PREDEPLOYMENT_CALIB_COEFFICIENT,"foil polynomial temperature exponent m14 (structural, Aanderaa method; value generic, file formatting varies); family-generic (identical in all 13 INCOIS 301 meta.nc)"
family_generic,2902090,AANDERAA_OPTODE_4330,n/a,DOXY,m15,0,incois_2902090_meta.nc,PREDEPLOYMENT_CALIB_COEFFICIENT,"foil polynomial temperature exponent m15 (structural, Aanderaa method; value generic, file formatting varies); family-generic (identical in all 13 INCOIS 301 meta.nc)"
family_generic,2902090,AANDERAA_OPTODE_4330,n/a,DOXY,m16,1,incois_2902090_meta.nc,PREDEPLOYMENT_CALIB_COEFFICIENT,"foil polynomial temperature exponent m16 (structural, Aanderaa method; value generic, file formatting varies); family-generic (identical in all 13 INCOIS 301 meta.nc)"
family_generic,2902090,AANDERAA_OPTODE_4330,n/a,DOXY,m17,2,incois_2902090_meta.nc,PREDEPLOYMENT_CALIB_COEFFICIENT,"foil polynomial temperature exponent m17 (structural, Aanderaa method; value generic, file formatting varies); family-generic (identical in all 13 INCOIS 301 meta.nc)"
family_generic,2902090,AANDERAA_OPTODE_4330,n/a,DOXY,m18,3,incois_2902090_meta.nc,PREDEPLOYMENT_CALIB_COEFFICIENT,"foil polynomial temperature exponent m18 (structural, Aanderaa method; value generic, file formatting varies); family-generic (identical in all 13 INCOIS 301 meta.nc)"
family_generic,2902090,AANDERAA_OPTODE_4330,n/a,DOXY,m19,4,incois_2902090_meta.nc,PREDEPLOYMENT_CALIB_COEFFICIENT,"foil polynomial temperature exponent m19 (structural, Aanderaa method; value generic, file formatting varies); family-generic (identical in all 13 INCOIS 301 meta.nc)"
family_generic,2902090,AANDERAA_OPTODE_4330,n/a,DOXY,m2,0,incois_2902090_meta.nc,PREDEPLOYMENT_CALIB_COEFFICIENT,"foil polynomial temperature exponent m2 (structural, Aanderaa method; value generic, file formatting varies); family-generic (identical in all 13 INCOIS 301 meta.nc)"
family_generic,2902090,AANDERAA_OPTODE_4330,n/a,DOXY,m20,5,incois_2902090_meta.nc,PREDEPLOYMENT_CALIB_COEFFICIENT,"foil polynomial temperature exponent m20 (structural, Aanderaa method; value generic, file formatting varies); family-generic (identical in all 13 INCOIS 301 meta.nc)"
family_generic,2902090,AANDERAA_OPTODE_4330,n/a,DOXY,m21,0,incois_2902090_meta.nc,PREDEPLOYMENT_CALIB_COEFFICIENT,"foil polynomial temperature exponent m21 (structural, Aanderaa method; value generic, file formatting varies); family-generic (identical in all 13 INCOIS 301 meta.nc)"
family_generic,2902090,AANDERAA_OPTODE_4330,n/a,DOXY,m22,0,incois_2902090_meta.nc,PREDEPLOYMENT_CALIB_COEFFICIENT,"foil polynomial temperature exponent m22 (structural, Aanderaa method; value generic, file formatting varies); family-generic (identical in all 13 INCOIS 301 meta.nc)"
family_generic,2902090,AANDERAA_OPTODE_4330,n/a,DOXY,m23,0,incois_2902090_meta.nc,PREDEPLOYMENT_CALIB_COEFFICIENT,"foil polynomial temperature exponent m23 (structural, Aanderaa method; value generic, file formatting varies); family-generic (identical in all 13 INCOIS 301 meta.nc)"
family_generic,2902090,AANDERAA_OPTODE_4330,n/a,DOXY,m24,0,incois_2902090_meta.nc,PREDEPLOYMENT_CALIB_COEFFICIENT,"foil polynomial temperature exponent m24 (structural, Aanderaa method; value generic, file formatting varies); family-generic (identical in all 13 INCOIS 301 meta.nc)"
family_generic,2902090,AANDERAA_OPTODE_4330,n/a,DOXY,m25,0,incois_2902090_meta.nc,PREDEPLOYMENT_CALIB_COEFFICIENT,"foil polynomial temperature exponent m25 (structural, Aanderaa method; value generic, file formatting varies); family-generic (identical in all 13 INCOIS 301 meta.nc)"
family_generic,2902090,AANDERAA_OPTODE_4330,n/a,DOXY,m26,0,incois_2902090_meta.nc,PREDEPLOYMENT_CALIB_COEFFICIENT,"foil polynomial temperature exponent m26 (structural, Aanderaa method; value generic, file formatting varies); family-generic (identical in all 13 INCOIS 301 meta.nc)"
family_generic,2902090,AANDERAA_OPTODE_4330,n/a,DOXY,m27,0,incois_2902090_meta.nc,PREDEPLOYMENT_CALIB_COEFFICIENT,"foil polynomial temperature exponent m27 (structural, Aanderaa method; value generic, file formatting varies); family-generic (identical in all 13 INCOIS 301 meta.nc)"
family_generic,2902090,AANDERAA_OPTODE_4330,n/a,DOXY,m3,0,incois_2902090_meta.nc,PREDEPLOYMENT_CALIB_COEFFICIENT,"foil polynomial temperature exponent m3 (structural, Aanderaa method; value generic, file formatting varies); family-generic (identical in all 13 INCOIS 301 meta.nc)"
family_generic,2902090,AANDERAA_OPTODE_4330,n/a,DOXY,m4,1,incois_2902090_meta.nc,PREDEPLOYMENT_CALIB_COEFFICIENT,"foil polynomial temperature exponent m4 (structural, Aanderaa method; value generic, file formatting varies); family-generic (identical in all 13 INCOIS 301 meta.nc)"
family_generic,2902090,AANDERAA_OPTODE_4330,n/a,DOXY,m5,2,incois_2902090_meta.nc,PREDEPLOYMENT_CALIB_COEFFICIENT,"foil polynomial temperature exponent m5 (structural, Aanderaa method; value generic, file formatting varies); family-generic (identical in all 13 INCOIS 301 meta.nc)"
family_generic,2902090,AANDERAA_OPTODE_4330,n/a,DOXY,m6,0,incois_2902090_meta.nc,PREDEPLOYMENT_CALIB_COEFFICIENT,"foil polynomial temperature exponent m6 (structural, Aanderaa method; value generic, file formatting varies); family-generic (identical in all 13 INCOIS 301 meta.nc)"
family_generic,2902090,AANDERAA_OPTODE_4330,n/a,DOXY,m7,1,incois_2902090_meta.nc,PREDEPLOYMENT_CALIB_COEFFICIENT,"foil polynomial temperature exponent m7 (structural, Aanderaa method; value generic, file formatting varies); family-generic (identical in all 13 INCOIS 301 meta.nc)"
family_generic,2902090,AANDERAA_OPTODE_4330,n/a,DOXY,m8,2,incois_2902090_meta.nc,PREDEPLOYMENT_CALIB_COEFFICIENT,"foil polynomial temperature exponent m8 (structural, Aanderaa method; value generic, file formatting varies); family-generic (identical in all 13 INCOIS 301 meta.nc)"
family_generic,2902090,AANDERAA_OPTODE_4330,n/a,DOXY,m9,3,incois_2902090_meta.nc,PREDEPLOYMENT_CALIB_COEFFICIENT,"foil polynomial temperature exponent m9 (structural, Aanderaa method; value generic, file formatting varies); family-generic (identical in all 13 INCOIS 301 meta.nc)"
family_generic,2902090,AANDERAA_OPTODE_4330,n/a,DOXY,n0,4,incois_2902090_meta.nc,PREDEPLOYMENT_CALIB_COEFFICIENT,"foil polynomial CalPhase exponent n0 (structural, Aanderaa method; value generic, file formatting varies); family-generic (identical in all 13 INCOIS 301 meta.nc)"
family_generic,2902090,AANDERAA_OPTODE_4330,n/a,DOXY,n1,5,incois_2902090_meta.nc,PREDEPLOYMENT_CALIB_COEFFICIENT,"foil polynomial CalPhase exponent n1 (structural, Aanderaa method; value generic, file formatting varies); family-generic (identical in all 13 INCOIS 301 meta.nc)"
family_generic,2902090,AANDERAA_OPTODE_4330,n/a,DOXY,n10,1,incois_2902090_meta.nc,PREDEPLOYMENT_CALIB_COEFFICIENT,"foil polynomial CalPhase exponent n10 (structural, Aanderaa method; value generic, file formatting varies); family-generic (identical in all 13 INCOIS 301 meta.nc)"
family_generic,2902090,AANDERAA_OPTODE_4330,n/a,DOXY,n11,1,incois_2902090_meta.nc,PREDEPLOYMENT_CALIB_COEFFICIENT,"foil polynomial CalPhase exponent n11 (structural, Aanderaa method; value generic, file formatting varies); family-generic (identical in all 13 INCOIS 301 meta.nc)"
family_generic,2902090,AANDERAA_OPTODE_4330,n/a,DOXY,n12,1,incois_2902090_meta.nc,PREDEPLOYMENT_CALIB_COEFFICIENT,"foil polynomial CalPhase exponent n12 (structural, Aanderaa method; value generic, file formatting varies); family-generic (identical in all 13 INCOIS 301 meta.nc)"
family_generic,2902090,AANDERAA_OPTODE_4330,n/a,DOXY,n13,1,incois_2902090_meta.nc,PREDEPLOYMENT_CALIB_COEFFICIENT,"foil polynomial CalPhase exponent n13 (structural, Aanderaa method; value generic, file formatting varies); family-generic (identical in all 13 INCOIS 301 meta.nc)"
family_generic,2902090,AANDERAA_OPTODE_4330,n/a,DOXY,n14,1,incois_2902090_meta.nc,PREDEPLOYMENT_CALIB_COEFFICIENT,"foil polynomial CalPhase exponent n14 (structural, Aanderaa method; value generic, file formatting varies); family-generic (identical in all 13 INCOIS 301 meta.nc)"
family_generic,2902090,AANDERAA_OPTODE_4330,n/a,DOXY,n15,0,incois_2902090_meta.nc,PREDEPLOYMENT_CALIB_COEFFICIENT,"foil polynomial CalPhase exponent n15 (structural, Aanderaa method; value generic, file formatting varies); family-generic (identical in all 13 INCOIS 301 meta.nc)"
family_generic,2902090,AANDERAA_OPTODE_4330,n/a,DOXY,n16,0,incois_2902090_meta.nc,PREDEPLOYMENT_CALIB_COEFFICIENT,"foil polynomial CalPhase exponent n16 (structural, Aanderaa method; value generic, file formatting varies); family-generic (identical in all 13 INCOIS 301 meta.nc)"
family_generic,2902090,AANDERAA_OPTODE_4330,n/a,DOXY,n17,0,incois_2902090_meta.nc,PREDEPLOYMENT_CALIB_COEFFICIENT,"foil polynomial CalPhase exponent n17 (structural, Aanderaa method; value generic, file formatting varies); family-generic (identical in all 13 INCOIS 301 meta.nc)"
family_generic,2902090,AANDERAA_OPTODE_4330,n/a,DOXY,n18,0,incois_2902090_meta.nc,PREDEPLOYMENT_CALIB_COEFFICIENT,"foil polynomial CalPhase exponent n18 (structural, Aanderaa method; value generic, file formatting varies); family-generic (identical in all 13 INCOIS 301 meta.nc)"
family_generic,2902090,AANDERAA_OPTODE_4330,n/a,DOXY,n19,0,incois_2902090_meta.nc,PREDEPLOYMENT_CALIB_COEFFICIENT,"foil polynomial CalPhase exponent n19 (structural, Aanderaa method; value generic, file formatting varies); family-generic (identical in all 13 INCOIS 301 meta.nc)"
family_generic,2902090,AANDERAA_OPTODE_4330,n/a,DOXY,n2,4,incois_2902090_meta.nc,PREDEPLOYMENT_CALIB_COEFFICIENT,"foil polynomial CalPhase exponent n2 (structural, Aanderaa method; value generic, file formatting varies); family-generic (identical in all 13 INCOIS 301 meta.nc)"
family_generic,2902090,AANDERAA_OPTODE_4330,n/a,DOXY,n20,0,incois_2902090_meta.nc,PREDEPLOYMENT_CALIB_COEFFICIENT,"foil polynomial CalPhase exponent n20 (structural, Aanderaa method; value generic, file formatting varies); family-generic (identical in all 13 INCOIS 301 meta.nc)"
family_generic,2902090,AANDERAA_OPTODE_4330,n/a,DOXY,n21,0,incois_2902090_meta.nc,PREDEPLOYMENT_CALIB_COEFFICIENT,"foil polynomial CalPhase exponent n21 (structural, Aanderaa method; value generic, file formatting varies); family-generic (identical in all 13 INCOIS 301 meta.nc)"
family_generic,2902090,AANDERAA_OPTODE_4330,n/a,DOXY,n22,0,incois_2902090_meta.nc,PREDEPLOYMENT_CALIB_COEFFICIENT,"foil polynomial CalPhase exponent n22 (structural, Aanderaa method; value generic, file formatting varies); family-generic (identical in all 13 INCOIS 301 meta.nc)"
family_generic,2902090,AANDERAA_OPTODE_4330,n/a,DOXY,n23,0,incois_2902090_meta.nc,PREDEPLOYMENT_CALIB_COEFFICIENT,"foil polynomial CalPhase exponent n23 (structural, Aanderaa method; value generic, file formatting varies); family-generic (identical in all 13 INCOIS 301 meta.nc)"
family_generic,2902090,AANDERAA_OPTODE_4330,n/a,DOXY,n24,0,incois_2902090_meta.nc,PREDEPLOYMENT_CALIB_COEFFICIENT,"foil polynomial CalPhase exponent n24 (structural, Aanderaa method; value generic, file formatting varies); family-generic (identical in all 13 INCOIS 301 meta.nc)"
family_generic,2902090,AANDERAA_OPTODE_4330,n/a,DOXY,n25,0,incois_2902090_meta.nc,PREDEPLOYMENT_CALIB_COEFFICIENT,"foil polynomial CalPhase exponent n25 (structural, Aanderaa method; value generic, file formatting varies); family-generic (identical in all 13 INCOIS 301 meta.nc)"
family_generic,2902090,AANDERAA_OPTODE_4330,n/a,DOXY,n26,0,incois_2902090_meta.nc,PREDEPLOYMENT_CALIB_COEFFICIENT,"foil polynomial CalPhase exponent n26 (structural, Aanderaa method; value generic, file formatting varies); family-generic (identical in all 13 INCOIS 301 meta.nc)"
family_generic,2902090,AANDERAA_OPTODE_4330,n/a,DOXY,n27,0,incois_2902090_meta.nc,PREDEPLOYMENT_CALIB_COEFFICIENT,"foil polynomial CalPhase exponent n27 (structural, Aanderaa method; value generic, file formatting varies); family-generic (identical in all 13 INCOIS 301 meta.nc)"
family_generic,2902090,AANDERAA_OPTODE_4330,n/a,DOXY,n3,3,incois_2902090_meta.nc,PREDEPLOYMENT_CALIB_COEFFICIENT,"foil polynomial CalPhase exponent n3 (structural, Aanderaa method; value generic, file formatting varies); family-generic (identical in all 13 INCOIS 301 meta.nc)"
family_generic,2902090,AANDERAA_OPTODE_4330,n/a,DOXY,n4,3,incois_2902090_meta.nc,PREDEPLOYMENT_CALIB_COEFFICIENT,"foil polynomial CalPhase exponent n4 (structural, Aanderaa method; value generic, file formatting varies); family-generic (identical in all 13 INCOIS 301 meta.nc)"
family_generic,2902090,AANDERAA_OPTODE_4330,n/a,DOXY,n5,3,incois_2902090_meta.nc,PREDEPLOYMENT_CALIB_COEFFICIENT,"foil polynomial CalPhase exponent n5 (structural, Aanderaa method; value generic, file formatting varies); family-generic (identical in all 13 INCOIS 301 meta.nc)"
family_generic,2902090,AANDERAA_OPTODE_4330,n/a,DOXY,n6,2,incois_2902090_meta.nc,PREDEPLOYMENT_CALIB_COEFFICIENT,"foil polynomial CalPhase exponent n6 (structural, Aanderaa method; value generic, file formatting varies); family-generic (identical in all 13 INCOIS 301 meta.nc)"
family_generic,2902090,AANDERAA_OPTODE_4330,n/a,DOXY,n7,2,incois_2902090_meta.nc,PREDEPLOYMENT_CALIB_COEFFICIENT,"foil polynomial CalPhase exponent n7 (structural, Aanderaa method; value generic, file formatting varies); family-generic (identical in all 13 INCOIS 301 meta.nc)"
family_generic,2902090,AANDERAA_OPTODE_4330,n/a,DOXY,n8,2,incois_2902090_meta.nc,PREDEPLOYMENT_CALIB_COEFFICIENT,"foil polynomial CalPhase exponent n8 (structural, Aanderaa method; value generic, file formatting varies); family-generic (identical in all 13 INCOIS 301 meta.nc)"
family_generic,2902090,AANDERAA_OPTODE_4330,n/a,DOXY,n9,2,incois_2902090_meta.nc,PREDEPLOYMENT_CALIB_COEFFICIENT,"foil polynomial CalPhase exponent n9 (structural, Aanderaa method; value generic, file formatting varies); family-generic (identical in all 13 INCOIS 301 meta.nc)"
float_specific,2902090,AANDERAA_OPTODE_4330,n/a,TEMP_DOXY,T0,27.3409,incois_2902090_meta.nc,PREDEPLOYMENT_CALIB_COEFFICIENT,"optode thermistor polynomial T0 (per-unit factory calibration; firmware-internal, reference only); float-specific (varies across the 13 INCOIS 301 meta.nc)"
float_specific,2902090,AANDERAA_OPTODE_4330,n/a,TEMP_DOXY,T1,-0.0313813,incois_2902090_meta.nc,PREDEPLOYMENT_CALIB_COEFFICIENT,"optode thermistor polynomial T1 (per-unit factory calibration; firmware-internal, reference only); float-specific (varies across the 13 INCOIS 301 meta.nc)"
float_specific,2902090,AANDERAA_OPTODE_4330,n/a,TEMP_DOXY,T2,3.01972e-06,incois_2902090_meta.nc,PREDEPLOYMENT_CALIB_COEFFICIENT,"optode thermistor polynomial T2 (per-unit factory calibration; firmware-internal, reference only); float-specific (varies across the 13 INCOIS 301 meta.nc)"
float_specific,2902090,AANDERAA_OPTODE_4330,n/a,TEMP_DOXY,T3,-4.44236e-09,incois_2902090_meta.nc,PREDEPLOYMENT_CALIB_COEFFICIENT,"optode thermistor polynomial T3 (per-unit factory calibration; firmware-internal, reference only); float-specific (varies across the 13 INCOIS 301 meta.nc)"
family_generic,2902090,AANDERAA_OPTODE_4330,n/a,TEMP_DOXY,T4,0,incois_2902090_meta.nc,PREDEPLOYMENT_CALIB_COEFFICIENT,"optode thermistor polynomial T4 (per-unit factory calibration; firmware-internal, reference only); family-generic (identical in all 13 INCOIS 301 meta.nc)"
family_generic,2902090,AANDERAA_OPTODE_4330,n/a,TEMP_DOXY,T5,0,incois_2902090_meta.nc,PREDEPLOYMENT_CALIB_COEFFICIENT,"optode thermistor polynomial T5 (per-unit factory calibration; firmware-internal, reference only); family-generic (identical in all 13 INCOIS 301 meta.nc)"
float_specific,2902091,ECO_FLBB,2662,BBP700,DARK_BACKSCATTERING700,49,incois_2902091_meta.nc,PREDEPLOYMENT_CALIB_COEFFICIENT,WETLABS factory backscatter dark counts; float-specific (varies across the 13 INCOIS 301 meta.nc)
float_specific,2902091,ECO_FLBB,2662,BBP700,SCALE_BACKSCATTERING700,1.773e-06,incois_2902091_meta.nc,PREDEPLOYMENT_CALIB_COEFFICIENT,WETLABS factory backscatter scale [m-1 per count]; float-specific (varies across the 13 INCOIS 301 meta.nc)
family_generic,2902091,ECO_FLBB,2662,BBP700,khi,1.097,incois_2902091_meta.nc,PREDEPLOYMENT_CALIB_COEFFICIENT,Boss/Roesler chi factor 1.097 for 142-degree backscatter; family-generic (identical in all 13 INCOIS 301 meta.nc)
float_specific,2902091,ECO_FLBB,2662,CHLA,DARK_CHLA,48,incois_2902091_meta.nc,PREDEPLOYMENT_CALIB_COEFFICIENT,WETLABS factory chlorophyll dark counts; float-specific (varies across the 13 INCOIS 301 meta.nc)
family_generic,2902091,ECO_FLBB,2662,CHLA,SCALE_CHLA,0.0073,incois_2902091_meta.nc,PREDEPLOYMENT_CALIB_COEFFICIENT,WETLABS factory chlorophyll scale [ug/L per count]; family-generic (identical in all 13 INCOIS 301 meta.nc)
family_generic,2902091,AANDERAA_OPTODE_4330,n/a,DOXY,A0,2.00856,incois_2902091_meta.nc,PREDEPLOYMENT_CALIB_COEFFICIENT,Weiss Cstar solubility A0; family-generic (identical in all 13 INCOIS 301 meta.nc)
family_generic,2902091,AANDERAA_OPTODE_4330,n/a,DOXY,A1,3.224,incois_2902091_meta.nc,PREDEPLOYMENT_CALIB_COEFFICIENT,Weiss Cstar solubility A1; family-generic (identical in all 13 INCOIS 301 meta.nc)
family_generic,2902091,AANDERAA_OPTODE_4330,n/a,DOXY,A2,3.99063,incois_2902091_meta.nc,PREDEPLOYMENT_CALIB_COEFFICIENT,Weiss Cstar solubility A2; family-generic (identical in all 13 INCOIS 301 meta.nc)
family_generic,2902091,AANDERAA_OPTODE_4330,n/a,DOXY,A3,4.80299,incois_2902091_meta.nc,PREDEPLOYMENT_CALIB_COEFFICIENT,Weiss Cstar solubility A3; family-generic (identical in all 13 INCOIS 301 meta.nc)
family_generic,2902091,AANDERAA_OPTODE_4330,n/a,DOXY,A4,0.978188,incois_2902091_meta.nc,PREDEPLOYMENT_CALIB_COEFFICIENT,Weiss Cstar solubility A4; family-generic (identical in all 13 INCOIS 301 meta.nc)
family_generic,2902091,AANDERAA_OPTODE_4330,n/a,DOXY,A5,1.71069,incois_2902091_meta.nc,PREDEPLOYMENT_CALIB_COEFFICIENT,Weiss Cstar solubility A5; family-generic (identical in all 13 INCOIS 301 meta.nc)
family_generic,2902091,AANDERAA_OPTODE_4330,n/a,DOXY,B0,-0.00624523,incois_2902091_meta.nc,PREDEPLOYMENT_CALIB_COEFFICIENT,Garcia-Gordon-style salinity-correction B0; family-generic (identical in all 13 INCOIS 301 meta.nc)
family_generic,2902091,AANDERAA_OPTODE_4330,n/a,DOXY,B1,-0.00737614,incois_2902091_meta.nc,PREDEPLOYMENT_CALIB_COEFFICIENT,Garcia-Gordon-style salinity-correction B1; family-generic (identical in all 13 INCOIS 301 meta.nc)
family_generic,2902091,AANDERAA_OPTODE_4330,n/a,DOXY,B2,-0.010341,incois_2902091_meta.nc,PREDEPLOYMENT_CALIB_COEFFICIENT,Garcia-Gordon-style salinity-correction B2; family-generic (identical in all 13 INCOIS 301 meta.nc)
family_generic,2902091,AANDERAA_OPTODE_4330,n/a,DOXY,B3,-0.00817083,incois_2902091_meta.nc,PREDEPLOYMENT_CALIB_COEFFICIENT,Garcia-Gordon-style salinity-correction B3; family-generic (identical in all 13 INCOIS 301 meta.nc)
family_generic,2902091,AANDERAA_OPTODE_4330,n/a,DOXY,C0,-4.88682e-07,incois_2902091_meta.nc,PREDEPLOYMENT_CALIB_COEFFICIENT,salinity-correction C0 (PSAL^2 term); family-generic (identical in all 13 INCOIS 301 meta.nc)
family_generic,2902091,AANDERAA_OPTODE_4330,n/a,DOXY,D0,24.4543,incois_2902091_meta.nc,PREDEPLOYMENT_CALIB_COEFFICIENT,vapour-pressure D0; family-generic (identical in all 13 INCOIS 301 meta.nc)
family_generic,2902091,AANDERAA_OPTODE_4330,n/a,DOXY,D1,-67.4509,incois_2902091_meta.nc,PREDEPLOYMENT_CALIB_COEFFICIENT,vapour-pressure D1; family-generic (identical in all 13 INCOIS 301 meta.nc)
family_generic,2902091,AANDERAA_OPTODE_4330,n/a,DOXY,D2,-4.8489,incois_2902091_meta.nc,PREDEPLOYMENT_CALIB_COEFFICIENT,vapour-pressure D2; family-generic (identical in all 13 INCOIS 301 meta.nc)
family_generic,2902091,AANDERAA_OPTODE_4330,n/a,DOXY,D3,-0.000544,incois_2902091_meta.nc,PREDEPLOYMENT_CALIB_COEFFICIENT,vapour-pressure D3 (salinity term); family-generic (identical in all 13 INCOIS 301 meta.nc)
family_generic,2902091,AANDERAA_OPTODE_4330,n/a,DOXY,Pcoef1,0.1,incois_2902091_meta.nc,PREDEPLOYMENT_CALIB_COEFFICIENT,phase pressure-compensation slope [deg per bar/1000]; Aanderaa default 0.1; family-generic (identical in all 13 INCOIS 301 meta.nc)
family_generic,2902091,AANDERAA_OPTODE_4330,n/a,DOXY,Pcoef2,0.00022,incois_2902091_meta.nc,PREDEPLOYMENT_CALIB_COEFFICIENT,Pcorr temperature slope; Aanderaa default; family-generic (identical in all 13 INCOIS 301 meta.nc)
family_generic,2902091,AANDERAA_OPTODE_4330,n/a,DOXY,Pcoef3,0.0419,incois_2902091_meta.nc,PREDEPLOYMENT_CALIB_COEFFICIENT,Pcorr intercept; Aanderaa default; family-generic (identical in all 13 INCOIS 301 meta.nc)
float_specific,2902091,AANDERAA_OPTODE_4330,n/a,DOXY,PhaseCoef0,-1.60243,incois_2902091_meta.nc,PREDEPLOYMENT_CALIB_COEFFICIENT,CalPhase cubic c0 (per-foil factory calibration); float-specific (varies across the 13 INCOIS 301 meta.nc)
float_specific,2902091,AANDERAA_OPTODE_4330,n/a,DOXY,PhaseCoef1,1.01254,incois_2902091_meta.nc,PREDEPLOYMENT_CALIB_COEFFICIENT,CalPhase cubic c1 (per-foil factory calibration); float-specific (varies across the 13 INCOIS 301 meta.nc)
family_generic,2902091,AANDERAA_OPTODE_4330,n/a,DOXY,PhaseCoef2,0,incois_2902091_meta.nc,PREDEPLOYMENT_CALIB_COEFFICIENT,CalPhase cubic c2 (zero: Aanderaa standard foils); family-generic (identical in all 13 INCOIS 301 meta.nc)
family_generic,2902091,AANDERAA_OPTODE_4330,n/a,DOXY,PhaseCoef3,0,incois_2902091_meta.nc,PREDEPLOYMENT_CALIB_COEFFICIENT,CalPhase cubic c3 (zero: Aanderaa standard foils); family-generic (identical in all 13 INCOIS 301 meta.nc)
family_generic,2902091,AANDERAA_OPTODE_4330,n/a,DOXY,Spreset,0,incois_2902091_meta.nc,PREDEPLOYMENT_CALIB_COEFFICIENT,reference salinity [psu] of the Scorr vapour-pressure ratio; family-generic (identical in all 13 INCOIS 301 meta.nc)
float_specific,2902091,AANDERAA_OPTODE_4330,n/a,DOXY,c0,-3.60479e-06,incois_2902091_meta.nc,PREDEPLOYMENT_CALIB_COEFFICIENT,foil polynomial c0 (per foil-batch factory calibration); float-specific (varies across the 13 INCOIS 301 meta.nc)
float_specific,2902091,AANDERAA_OPTODE_4330,n/a,DOXY,c1,-6.84366e-06,incois_2902091_meta.nc,PREDEPLOYMENT_CALIB_COEFFICIENT,foil polynomial c1 (per foil-batch factory calibration); float-specific (varies across the 13 INCOIS 301 meta.nc)
float_specific,2902091,AANDERAA_OPTODE_4330,n/a,DOXY,c10,-309.375,incois_2902091_meta.nc,PREDEPLOYMENT_CALIB_COEFFICIENT,foil polynomial c10 (per foil-batch factory calibration); float-specific (varies across the 13 INCOIS 301 meta.nc)
float_specific,2902091,AANDERAA_OPTODE_4330,n/a,DOXY,c11,2.92369,incois_2902091_meta.nc,PREDEPLOYMENT_CALIB_COEFFICIENT,foil polynomial c11 (per foil-batch factory calibration); float-specific (varies across the 13 INCOIS 301 meta.nc)
float_specific,2902091,AANDERAA_OPTODE_4330,n/a,DOXY,c12,-0.0222201,incois_2902091_meta.nc,PREDEPLOYMENT_CALIB_COEFFICIENT,foil polynomial c12 (per foil-batch factory calibration); float-specific (varies across the 13 INCOIS 301 meta.nc)
float_specific,2902091,AANDERAA_OPTODE_4330,n/a,DOXY,c13,0.000214634,incois_2902091_meta.nc,PREDEPLOYMENT_CALIB_COEFFICIENT,foil polynomial c13 (per foil-batch factory calibration); float-specific (varies across the 13 INCOIS 301 meta.nc)
float_specific,2902091,AANDERAA_OPTODE_4330,n/a,DOXY,c14,-7.93483e-07,incois_2902091_meta.nc,PREDEPLOYMENT_CALIB_COEFFICIENT,foil polynomial c14 (per foil-batch factory calibration); float-specific (varies across the 13 INCOIS 301 meta.nc)
float_specific,2902091,AANDERAA_OPTODE_4330,n/a,DOXY,c15,3792.41,incois_2902091_meta.nc,PREDEPLOYMENT_CALIB_COEFFICIENT,foil polynomial c15 (per foil-batch factory calibration); float-specific (varies across the 13 INCOIS 301 meta.nc)
float_specific,2902091,AANDERAA_OPTODE_4330,n/a,DOXY,c16,-49.3514,incois_2902091_meta.nc,PREDEPLOYMENT_CALIB_COEFFICIENT,foil polynomial c16 (per foil-batch factory calibration); float-specific (varies across the 13 INCOIS 301 meta.nc)
float_specific,2902091,AANDERAA_OPTODE_4330,n/a,DOXY,c17,0.633521,incois_2902091_meta.nc,PREDEPLOYMENT_CALIB_COEFFICIENT,foil polynomial c17 (per foil-batch factory calibration); float-specific (varies across the 13 INCOIS 301 meta.nc)
float_specific,2902091,AANDERAA_OPTODE_4330,n/a,DOXY,c18,-0.0108549,incois_2902091_meta.nc,PREDEPLOYMENT_CALIB_COEFFICIENT,foil polynomial c18 (per foil-batch factory calibration); float-specific (varies across the 13 INCOIS 301 meta.nc)
float_specific,2902091,AANDERAA_OPTODE_4330,n/a,DOXY,c19,0.000121895,incois_2902091_meta.nc,PREDEPLOYMENT_CALIB_COEFFICIENT,foil polynomial c19 (per foil-batch factory calibration); float-specific (varies across the 13 INCOIS 301 meta.nc)
float_specific,2902091,AANDERAA_OPTODE_4330,n/a,DOXY,c2,0.0018392,incois_2902091_meta.nc,PREDEPLOYMENT_CALIB_COEFFICIENT,foil polynomial c2 (per foil-batch factory calibration); float-specific (varies across the 13 INCOIS 301 meta.nc)
float_specific,2902091,AANDERAA_OPTODE_4330,n/a,DOXY,c20,-7.34497e-07,incois_2902091_meta.nc,PREDEPLOYMENT_CALIB_COEFFICIENT,foil polynomial c20 (per foil-batch factory calibration); float-specific (varies across the 13 INCOIS 301 meta.nc)
family_generic,2902091,AANDERAA_OPTODE_4330,n/a,DOXY,c21,0,incois_2902091_meta.nc,PREDEPLOYMENT_CALIB_COEFFICIENT,"foil polynomial c21 (unused term, zero); family-generic (identical in all 13 INCOIS 301 meta.nc)"
family_generic,2902091,AANDERAA_OPTODE_4330,n/a,DOXY,c22,0,incois_2902091_meta.nc,PREDEPLOYMENT_CALIB_COEFFICIENT,"foil polynomial c22 (unused term, zero); family-generic (identical in all 13 INCOIS 301 meta.nc)"
family_generic,2902091,AANDERAA_OPTODE_4330,n/a,DOXY,c23,0,incois_2902091_meta.nc,PREDEPLOYMENT_CALIB_COEFFICIENT,"foil polynomial c23 (unused term, zero); family-generic (identical in all 13 INCOIS 301 meta.nc)"
family_generic,2902091,AANDERAA_OPTODE_4330,n/a,DOXY,c24,0,incois_2902091_meta.nc,PREDEPLOYMENT_CALIB_COEFFICIENT,"foil polynomial c24 (unused term, zero); family-generic (identical in all 13 INCOIS 301 meta.nc)"
family_generic,2902091,AANDERAA_OPTODE_4330,n/a,DOXY,c25,0,incois_2902091_meta.nc,PREDEPLOYMENT_CALIB_COEFFICIENT,"foil polynomial c25 (unused term, zero); family-generic (identical in all 13 INCOIS 301 meta.nc)"
family_generic,2902091,AANDERAA_OPTODE_4330,n/a,DOXY,c26,0,incois_2902091_meta.nc,PREDEPLOYMENT_CALIB_COEFFICIENT,"foil polynomial c26 (unused term, zero); family-generic (identical in all 13 INCOIS 301 meta.nc)"
family_generic,2902091,AANDERAA_OPTODE_4330,n/a,DOXY,c27,0,incois_2902091_meta.nc,PREDEPLOYMENT_CALIB_COEFFICIENT,"foil polynomial c27 (unused term, zero); family-generic (identical in all 13 INCOIS 301 meta.nc)"
float_specific,2902091,AANDERAA_OPTODE_4330,n/a,DOXY,c3,-0.198444,incois_2902091_meta.nc,PREDEPLOYMENT_CALIB_COEFFICIENT,foil polynomial c3 (per foil-batch factory calibration); float-specific (varies across the 13 INCOIS 301 meta.nc)
float_specific,2902091,AANDERAA_OPTODE_4330,n/a,DOXY,c4,0.000812123,incois_2902091_meta.nc,PREDEPLOYMENT_CALIB_COEFFICIENT,foil polynomial c4 (per foil-batch factory calibration); float-specific (varies across the 13 INCOIS 301 meta.nc)
float_specific,2902091,AANDERAA_OPTODE_4330,n/a,DOXY,c5,-1.22073e-06,incois_2902091_meta.nc,PREDEPLOYMENT_CALIB_COEFFICIENT,foil polynomial c5 (per foil-batch factory calibration); float-specific (varies across the 13 INCOIS 301 meta.nc)
float_specific,2902091,AANDERAA_OPTODE_4330,n/a,DOXY,c6,10.8689,incois_2902091_meta.nc,PREDEPLOYMENT_CALIB_COEFFICIENT,foil polynomial c6 (per foil-batch factory calibration); float-specific (varies across the 13 INCOIS 301 meta.nc)
float_specific,2902091,AANDERAA_OPTODE_4330,n/a,DOXY,c7,-0.0709398,incois_2902091_meta.nc,PREDEPLOYMENT_CALIB_COEFFICIENT,foil polynomial c7 (per foil-batch factory calibration); float-specific (varies across the 13 INCOIS 301 meta.nc)
float_specific,2902091,AANDERAA_OPTODE_4330,n/a,DOXY,c8,0.000281047,incois_2902091_meta.nc,PREDEPLOYMENT_CALIB_COEFFICIENT,foil polynomial c8 (per foil-batch factory calibration); float-specific (varies across the 13 INCOIS 301 meta.nc)
float_specific,2902091,AANDERAA_OPTODE_4330,n/a,DOXY,c9,-1.32885e-06,incois_2902091_meta.nc,PREDEPLOYMENT_CALIB_COEFFICIENT,foil polynomial c9 (per foil-batch factory calibration); float-specific (varies across the 13 INCOIS 301 meta.nc)
family_generic,2902091,AANDERAA_OPTODE_4330,n/a,DOXY,m0,1,incois_2902091_meta.nc,PREDEPLOYMENT_CALIB_COEFFICIENT,"foil polynomial temperature exponent m0 (structural, Aanderaa method; value generic, file formatting varies); family-generic (identical in all 13 INCOIS 301 meta.nc)"
family_generic,2902091,AANDERAA_OPTODE_4330,n/a,DOXY,m1,0,incois_2902091_meta.nc,PREDEPLOYMENT_CALIB_COEFFICIENT,"foil polynomial temperature exponent m1 (structural, Aanderaa method; value generic, file formatting varies); family-generic (identical in all 13 INCOIS 301 meta.nc)"
family_generic,2902091,AANDERAA_OPTODE_4330,n/a,DOXY,m10,0,incois_2902091_meta.nc,PREDEPLOYMENT_CALIB_COEFFICIENT,"foil polynomial temperature exponent m10 (structural, Aanderaa method; value generic, file formatting varies); family-generic (identical in all 13 INCOIS 301 meta.nc)"
family_generic,2902091,AANDERAA_OPTODE_4330,n/a,DOXY,m11,1,incois_2902091_meta.nc,PREDEPLOYMENT_CALIB_COEFFICIENT,"foil polynomial temperature exponent m11 (structural, Aanderaa method; value generic, file formatting varies); family-generic (identical in all 13 INCOIS 301 meta.nc)"
family_generic,2902091,AANDERAA_OPTODE_4330,n/a,DOXY,m12,2,incois_2902091_meta.nc,PREDEPLOYMENT_CALIB_COEFFICIENT,"foil polynomial temperature exponent m12 (structural, Aanderaa method; value generic, file formatting varies); family-generic (identical in all 13 INCOIS 301 meta.nc)"
family_generic,2902091,AANDERAA_OPTODE_4330,n/a,DOXY,m13,3,incois_2902091_meta.nc,PREDEPLOYMENT_CALIB_COEFFICIENT,"foil polynomial temperature exponent m13 (structural, Aanderaa method; value generic, file formatting varies); family-generic (identical in all 13 INCOIS 301 meta.nc)"
family_generic,2902091,AANDERAA_OPTODE_4330,n/a,DOXY,m14,4,incois_2902091_meta.nc,PREDEPLOYMENT_CALIB_COEFFICIENT,"foil polynomial temperature exponent m14 (structural, Aanderaa method; value generic, file formatting varies); family-generic (identical in all 13 INCOIS 301 meta.nc)"
family_generic,2902091,AANDERAA_OPTODE_4330,n/a,DOXY,m15,0,incois_2902091_meta.nc,PREDEPLOYMENT_CALIB_COEFFICIENT,"foil polynomial temperature exponent m15 (structural, Aanderaa method; value generic, file formatting varies); family-generic (identical in all 13 INCOIS 301 meta.nc)"
family_generic,2902091,AANDERAA_OPTODE_4330,n/a,DOXY,m16,1,incois_2902091_meta.nc,PREDEPLOYMENT_CALIB_COEFFICIENT,"foil polynomial temperature exponent m16 (structural, Aanderaa method; value generic, file formatting varies); family-generic (identical in all 13 INCOIS 301 meta.nc)"
family_generic,2902091,AANDERAA_OPTODE_4330,n/a,DOXY,m17,2,incois_2902091_meta.nc,PREDEPLOYMENT_CALIB_COEFFICIENT,"foil polynomial temperature exponent m17 (structural, Aanderaa method; value generic, file formatting varies); family-generic (identical in all 13 INCOIS 301 meta.nc)"
family_generic,2902091,AANDERAA_OPTODE_4330,n/a,DOXY,m18,3,incois_2902091_meta.nc,PREDEPLOYMENT_CALIB_COEFFICIENT,"foil polynomial temperature exponent m18 (structural, Aanderaa method; value generic, file formatting varies); family-generic (identical in all 13 INCOIS 301 meta.nc)"
family_generic,2902091,AANDERAA_OPTODE_4330,n/a,DOXY,m19,4,incois_2902091_meta.nc,PREDEPLOYMENT_CALIB_COEFFICIENT,"foil polynomial temperature exponent m19 (structural, Aanderaa method; value generic, file formatting varies); family-generic (identical in all 13 INCOIS 301 meta.nc)"
family_generic,2902091,AANDERAA_OPTODE_4330,n/a,DOXY,m2,0,incois_2902091_meta.nc,PREDEPLOYMENT_CALIB_COEFFICIENT,"foil polynomial temperature exponent m2 (structural, Aanderaa method; value generic, file formatting varies); family-generic (identical in all 13 INCOIS 301 meta.nc)"
family_generic,2902091,AANDERAA_OPTODE_4330,n/a,DOXY,m20,5,incois_2902091_meta.nc,PREDEPLOYMENT_CALIB_COEFFICIENT,"foil polynomial temperature exponent m20 (structural, Aanderaa method; value generic, file formatting varies); family-generic (identical in all 13 INCOIS 301 meta.nc)"
family_generic,2902091,AANDERAA_OPTODE_4330,n/a,DOXY,m21,0,incois_2902091_meta.nc,PREDEPLOYMENT_CALIB_COEFFICIENT,"foil polynomial temperature exponent m21 (structural, Aanderaa method; value generic, file formatting varies); family-generic (identical in all 13 INCOIS 301 meta.nc)"
family_generic,2902091,AANDERAA_OPTODE_4330,n/a,DOXY,m22,0,incois_2902091_meta.nc,PREDEPLOYMENT_CALIB_COEFFICIENT,"foil polynomial temperature exponent m22 (structural, Aanderaa method; value generic, file formatting varies); family-generic (identical in all 13 INCOIS 301 meta.nc)"
family_generic,2902091,AANDERAA_OPTODE_4330,n/a,DOXY,m23,0,incois_2902091_meta.nc,PREDEPLOYMENT_CALIB_COEFFICIENT,"foil polynomial temperature exponent m23 (structural, Aanderaa method; value generic, file formatting varies); family-generic (identical in all 13 INCOIS 301 meta.nc)"
family_generic,2902091,AANDERAA_OPTODE_4330,n/a,DOXY,m24,0,incois_2902091_meta.nc,PREDEPLOYMENT_CALIB_COEFFICIENT,"foil polynomial temperature exponent m24 (structural, Aanderaa method; value generic, file formatting varies); family-generic (identical in all 13 INCOIS 301 meta.nc)"
family_generic,2902091,AANDERAA_OPTODE_4330,n/a,DOXY,m25,0,incois_2902091_meta.nc,PREDEPLOYMENT_CALIB_COEFFICIENT,"foil polynomial temperature exponent m25 (structural, Aanderaa method; value generic, file formatting varies); family-generic (identical in all 13 INCOIS 301 meta.nc)"
family_generic,2902091,AANDERAA_OPTODE_4330,n/a,DOXY,m26,0,incois_2902091_meta.nc,PREDEPLOYMENT_CALIB_COEFFICIENT,"foil polynomial temperature exponent m26 (structural, Aanderaa method; value generic, file formatting varies); family-generic (identical in all 13 INCOIS 301 meta.nc)"
family_generic,2902091,AANDERAA_OPTODE_4330,n/a,DOXY,m27,0,incois_2902091_meta.nc,PREDEPLOYMENT_CALIB_COEFFICIENT,"foil polynomial temperature exponent m27 (structural, Aanderaa method; value generic, file formatting varies); family-generic (identical in all 13 INCOIS 301 meta.nc)"
family_generic,2902091,AANDERAA_OPTODE_4330,n/a,DOXY,m3,0,incois_2902091_meta.nc,PREDEPLOYMENT_CALIB_COEFFICIENT,"foil polynomial temperature exponent m3 (structural, Aanderaa method; value generic, file formatting varies); family-generic (identical in all 13 INCOIS 301 meta.nc)"
family_generic,2902091,AANDERAA_OPTODE_4330,n/a,DOXY,m4,1,incois_2902091_meta.nc,PREDEPLOYMENT_CALIB_COEFFICIENT,"foil polynomial temperature exponent m4 (structural, Aanderaa method; value generic, file formatting varies); family-generic (identical in all 13 INCOIS 301 meta.nc)"
family_generic,2902091,AANDERAA_OPTODE_4330,n/a,DOXY,m5,2,incois_2902091_meta.nc,PREDEPLOYMENT_CALIB_COEFFICIENT,"foil polynomial temperature exponent m5 (structural, Aanderaa method; value generic, file formatting varies); family-generic (identical in all 13 INCOIS 301 meta.nc)"
family_generic,2902091,AANDERAA_OPTODE_4330,n/a,DOXY,m6,0,incois_2902091_meta.nc,PREDEPLOYMENT_CALIB_COEFFICIENT,"foil polynomial temperature exponent m6 (structural, Aanderaa method; value generic, file formatting varies); family-generic (identical in all 13 INCOIS 301 meta.nc)"
family_generic,2902091,AANDERAA_OPTODE_4330,n/a,DOXY,m7,1,incois_2902091_meta.nc,PREDEPLOYMENT_CALIB_COEFFICIENT,"foil polynomial temperature exponent m7 (structural, Aanderaa method; value generic, file formatting varies); family-generic (identical in all 13 INCOIS 301 meta.nc)"
family_generic,2902091,AANDERAA_OPTODE_4330,n/a,DOXY,m8,2,incois_2902091_meta.nc,PREDEPLOYMENT_CALIB_COEFFICIENT,"foil polynomial temperature exponent m8 (structural, Aanderaa method; value generic, file formatting varies); family-generic (identical in all 13 INCOIS 301 meta.nc)"
family_generic,2902091,AANDERAA_OPTODE_4330,n/a,DOXY,m9,3,incois_2902091_meta.nc,PREDEPLOYMENT_CALIB_COEFFICIENT,"foil polynomial temperature exponent m9 (structural, Aanderaa method; value generic, file formatting varies); family-generic (identical in all 13 INCOIS 301 meta.nc)"
family_generic,2902091,AANDERAA_OPTODE_4330,n/a,DOXY,n0,4,incois_2902091_meta.nc,PREDEPLOYMENT_CALIB_COEFFICIENT,"foil polynomial CalPhase exponent n0 (structural, Aanderaa method; value generic, file formatting varies); family-generic (identical in all 13 INCOIS 301 meta.nc)"
family_generic,2902091,AANDERAA_OPTODE_4330,n/a,DOXY,n1,5,incois_2902091_meta.nc,PREDEPLOYMENT_CALIB_COEFFICIENT,"foil polynomial CalPhase exponent n1 (structural, Aanderaa method; value generic, file formatting varies); family-generic (identical in all 13 INCOIS 301 meta.nc)"
family_generic,2902091,AANDERAA_OPTODE_4330,n/a,DOXY,n10,1,incois_2902091_meta.nc,PREDEPLOYMENT_CALIB_COEFFICIENT,"foil polynomial CalPhase exponent n10 (structural, Aanderaa method; value generic, file formatting varies); family-generic (identical in all 13 INCOIS 301 meta.nc)"
family_generic,2902091,AANDERAA_OPTODE_4330,n/a,DOXY,n11,1,incois_2902091_meta.nc,PREDEPLOYMENT_CALIB_COEFFICIENT,"foil polynomial CalPhase exponent n11 (structural, Aanderaa method; value generic, file formatting varies); family-generic (identical in all 13 INCOIS 301 meta.nc)"
family_generic,2902091,AANDERAA_OPTODE_4330,n/a,DOXY,n12,1,incois_2902091_meta.nc,PREDEPLOYMENT_CALIB_COEFFICIENT,"foil polynomial CalPhase exponent n12 (structural, Aanderaa method; value generic, file formatting varies); family-generic (identical in all 13 INCOIS 301 meta.nc)"
family_generic,2902091,AANDERAA_OPTODE_4330,n/a,DOXY,n13,1,incois_2902091_meta.nc,PREDEPLOYMENT_CALIB_COEFFICIENT,"foil polynomial CalPhase exponent n13 (structural, Aanderaa method; value generic, file formatting varies); family-generic (identical in all 13 INCOIS 301 meta.nc)"
family_generic,2902091,AANDERAA_OPTODE_4330,n/a,DOXY,n14,1,incois_2902091_meta.nc,PREDEPLOYMENT_CALIB_COEFFICIENT,"foil polynomial CalPhase exponent n14 (structural, Aanderaa method; value generic, file formatting varies); family-generic (identical in all 13 INCOIS 301 meta.nc)"
family_generic,2902091,AANDERAA_OPTODE_4330,n/a,DOXY,n15,0,incois_2902091_meta.nc,PREDEPLOYMENT_CALIB_COEFFICIENT,"foil polynomial CalPhase exponent n15 (structural, Aanderaa method; value generic, file formatting varies); family-generic (identical in all 13 INCOIS 301 meta.nc)"
family_generic,2902091,AANDERAA_OPTODE_4330,n/a,DOXY,n16,0,incois_2902091_meta.nc,PREDEPLOYMENT_CALIB_COEFFICIENT,"foil polynomial CalPhase exponent n16 (structural, Aanderaa method; value generic, file formatting varies); family-generic (identical in all 13 INCOIS 301 meta.nc)"
family_generic,2902091,AANDERAA_OPTODE_4330,n/a,DOXY,n17,0,incois_2902091_meta.nc,PREDEPLOYMENT_CALIB_COEFFICIENT,"foil polynomial CalPhase exponent n17 (structural, Aanderaa method; value generic, file formatting varies); family-generic (identical in all 13 INCOIS 301 meta.nc)"
family_generic,2902091,AANDERAA_OPTODE_4330,n/a,DOXY,n18,0,incois_2902091_meta.nc,PREDEPLOYMENT_CALIB_COEFFICIENT,"foil polynomial CalPhase exponent n18 (structural, Aanderaa method; value generic, file formatting varies); family-generic (identical in all 13 INCOIS 301 meta.nc)"
family_generic,2902091,AANDERAA_OPTODE_4330,n/a,DOXY,n19,0,incois_2902091_meta.nc,PREDEPLOYMENT_CALIB_COEFFICIENT,"foil polynomial CalPhase exponent n19 (structural, Aanderaa method; value generic, file formatting varies); family-generic (identical in all 13 INCOIS 301 meta.nc)"
family_generic,2902091,AANDERAA_OPTODE_4330,n/a,DOXY,n2,4,incois_2902091_meta.nc,PREDEPLOYMENT_CALIB_COEFFICIENT,"foil polynomial CalPhase exponent n2 (structural, Aanderaa method; value generic, file formatting varies); family-generic (identical in all 13 INCOIS 301 meta.nc)"
family_generic,2902091,AANDERAA_OPTODE_4330,n/a,DOXY,n20,0,incois_2902091_meta.nc,PREDEPLOYMENT_CALIB_COEFFICIENT,"foil polynomial CalPhase exponent n20 (structural, Aanderaa method; value generic, file formatting varies); family-generic (identical in all 13 INCOIS 301 meta.nc)"
family_generic,2902091,AANDERAA_OPTODE_4330,n/a,DOXY,n21,0,incois_2902091_meta.nc,PREDEPLOYMENT_CALIB_COEFFICIENT,"foil polynomial CalPhase exponent n21 (structural, Aanderaa method; value generic, file formatting varies); family-generic (identical in all 13 INCOIS 301 meta.nc)"
family_generic,2902091,AANDERAA_OPTODE_4330,n/a,DOXY,n22,0,incois_2902091_meta.nc,PREDEPLOYMENT_CALIB_COEFFICIENT,"foil polynomial CalPhase exponent n22 (structural, Aanderaa method; value generic, file formatting varies); family-generic (identical in all 13 INCOIS 301 meta.nc)"
family_generic,2902091,AANDERAA_OPTODE_4330,n/a,DOXY,n23,0,incois_2902091_meta.nc,PREDEPLOYMENT_CALIB_COEFFICIENT,"foil polynomial CalPhase exponent n23 (structural, Aanderaa method; value generic, file formatting varies); family-generic (identical in all 13 INCOIS 301 meta.nc)"
family_generic,2902091,AANDERAA_OPTODE_4330,n/a,DOXY,n24,0,incois_2902091_meta.nc,PREDEPLOYMENT_CALIB_COEFFICIENT,"foil polynomial CalPhase exponent n24 (structural, Aanderaa method; value generic, file formatting varies); family-generic (identical in all 13 INCOIS 301 meta.nc)"
family_generic,2902091,AANDERAA_OPTODE_4330,n/a,DOXY,n25,0,incois_2902091_meta.nc,PREDEPLOYMENT_CALIB_COEFFICIENT,"foil polynomial CalPhase exponent n25 (structural, Aanderaa method; value generic, file formatting varies); family-generic (identical in all 13 INCOIS 301 meta.nc)"
family_generic,2902091,AANDERAA_OPTODE_4330,n/a,DOXY,n26,0,incois_2902091_meta.nc,PREDEPLOYMENT_CALIB_COEFFICIENT,"foil polynomial CalPhase exponent n26 (structural, Aanderaa method; value generic, file formatting varies); family-generic (identical in all 13 INCOIS 301 meta.nc)"
family_generic,2902091,AANDERAA_OPTODE_4330,n/a,DOXY,n27,0,incois_2902091_meta.nc,PREDEPLOYMENT_CALIB_COEFFICIENT,"foil polynomial CalPhase exponent n27 (structural, Aanderaa method; value generic, file formatting varies); family-generic (identical in all 13 INCOIS 301 meta.nc)"
family_generic,2902091,AANDERAA_OPTODE_4330,n/a,DOXY,n3,3,incois_2902091_meta.nc,PREDEPLOYMENT_CALIB_COEFFICIENT,"foil polynomial CalPhase exponent n3 (structural, Aanderaa method; value generic, file formatting varies); family-generic (identical in all 13 INCOIS 301 meta.nc)"
family_generic,2902091,AANDERAA_OPTODE_4330,n/a,DOXY,n4,3,incois_2902091_meta.nc,PREDEPLOYMENT_CALIB_COEFFICIENT,"foil polynomial CalPhase exponent n4 (structural, Aanderaa method; value generic, file formatting varies); family-generic (identical in all 13 INCOIS 301 meta.nc)"
family_generic,2902091,AANDERAA_OPTODE_4330,n/a,DOXY,n5,3,incois_2902091_meta.nc,PREDEPLOYMENT_CALIB_COEFFICIENT,"foil polynomial CalPhase exponent n5 (structural, Aanderaa method; value generic, file formatting varies); family-generic (identical in all 13 INCOIS 301 meta.nc)"
family_generic,2902091,AANDERAA_OPTODE_4330,n/a,DOXY,n6,2,incois_2902091_meta.nc,PREDEPLOYMENT_CALIB_COEFFICIENT,"foil polynomial CalPhase exponent n6 (structural, Aanderaa method; value generic, file formatting varies); family-generic (identical in all 13 INCOIS 301 meta.nc)"
family_generic,2902091,AANDERAA_OPTODE_4330,n/a,DOXY,n7,2,incois_2902091_meta.nc,PREDEPLOYMENT_CALIB_COEFFICIENT,"foil polynomial CalPhase exponent n7 (structural, Aanderaa method; value generic, file formatting varies); family-generic (identical in all 13 INCOIS 301 meta.nc)"
family_generic,2902091,AANDERAA_OPTODE_4330,n/a,DOXY,n8,2,incois_2902091_meta.nc,PREDEPLOYMENT_CALIB_COEFFICIENT,"foil polynomial CalPhase exponent n8 (structural, Aanderaa method; value generic, file formatting varies); family-generic (identical in all 13 INCOIS 301 meta.nc)"
family_generic,2902091,AANDERAA_OPTODE_4330,n/a,DOXY,n9,2,incois_2902091_meta.nc,PREDEPLOYMENT_CALIB_COEFFICIENT,"foil polynomial CalPhase exponent n9 (structural, Aanderaa method; value generic, file formatting varies); family-generic (identical in all 13 INCOIS 301 meta.nc)"
float_specific,2902091,AANDERAA_OPTODE_4330,n/a,TEMP_DOXY,T0,27.4829,incois_2902091_meta.nc,PREDEPLOYMENT_CALIB_COEFFICIENT,"optode thermistor polynomial T0 (per-unit factory calibration; firmware-internal, reference only); float-specific (varies across the 13 INCOIS 301 meta.nc)"
float_specific,2902091,AANDERAA_OPTODE_4330,n/a,TEMP_DOXY,T1,-0.031358,incois_2902091_meta.nc,PREDEPLOYMENT_CALIB_COEFFICIENT,"optode thermistor polynomial T1 (per-unit factory calibration; firmware-internal, reference only); float-specific (varies across the 13 INCOIS 301 meta.nc)"
float_specific,2902091,AANDERAA_OPTODE_4330,n/a,TEMP_DOXY,T2,3.03448e-06,incois_2902091_meta.nc,PREDEPLOYMENT_CALIB_COEFFICIENT,"optode thermistor polynomial T2 (per-unit factory calibration; firmware-internal, reference only); float-specific (varies across the 13 INCOIS 301 meta.nc)"
float_specific,2902091,AANDERAA_OPTODE_4330,n/a,TEMP_DOXY,T3,-4.46488e-09,incois_2902091_meta.nc,PREDEPLOYMENT_CALIB_COEFFICIENT,"optode thermistor polynomial T3 (per-unit factory calibration; firmware-internal, reference only); float-specific (varies across the 13 INCOIS 301 meta.nc)"
family_generic,2902091,AANDERAA_OPTODE_4330,n/a,TEMP_DOXY,T4,0,incois_2902091_meta.nc,PREDEPLOYMENT_CALIB_COEFFICIENT,"optode thermistor polynomial T4 (per-unit factory calibration; firmware-internal, reference only); family-generic (identical in all 13 INCOIS 301 meta.nc)"
family_generic,2902091,AANDERAA_OPTODE_4330,n/a,TEMP_DOXY,T5,0,incois_2902091_meta.nc,PREDEPLOYMENT_CALIB_COEFFICIENT,"optode thermistor polynomial T5 (per-unit factory calibration; firmware-internal, reference only); family-generic (identical in all 13 INCOIS 301 meta.nc)"
float_specific,2902092,ECO_FLBB,2659,BBP700,DARK_BACKSCATTERING700,50,incois_2902092_meta.nc,PREDEPLOYMENT_CALIB_COEFFICIENT,WETLABS factory backscatter dark counts; float-specific (varies across the 13 INCOIS 301 meta.nc)
float_specific,2902092,ECO_FLBB,2659,BBP700,SCALE_BACKSCATTERING700,1.74e-06,incois_2902092_meta.nc,PREDEPLOYMENT_CALIB_COEFFICIENT,WETLABS factory backscatter scale [m-1 per count]; float-specific (varies across the 13 INCOIS 301 meta.nc)
family_generic,2902092,ECO_FLBB,2659,BBP700,khi,1.097,incois_2902092_meta.nc,PREDEPLOYMENT_CALIB_COEFFICIENT,Boss/Roesler chi factor 1.097 for 142-degree backscatter; family-generic (identical in all 13 INCOIS 301 meta.nc)
float_specific,2902092,ECO_FLBB,2659,CHLA,DARK_CHLA,50,incois_2902092_meta.nc,PREDEPLOYMENT_CALIB_COEFFICIENT,WETLABS factory chlorophyll dark counts; float-specific (varies across the 13 INCOIS 301 meta.nc)
family_generic,2902092,ECO_FLBB,2659,CHLA,SCALE_CHLA,0.0073,incois_2902092_meta.nc,PREDEPLOYMENT_CALIB_COEFFICIENT,WETLABS factory chlorophyll scale [ug/L per count]; family-generic (identical in all 13 INCOIS 301 meta.nc)
family_generic,2902092,AANDERAA_OPTODE_4330,n/a,DOXY,A0,2.00856,incois_2902092_meta.nc,PREDEPLOYMENT_CALIB_COEFFICIENT,Weiss Cstar solubility A0; family-generic (identical in all 13 INCOIS 301 meta.nc)
family_generic,2902092,AANDERAA_OPTODE_4330,n/a,DOXY,A1,3.224,incois_2902092_meta.nc,PREDEPLOYMENT_CALIB_COEFFICIENT,Weiss Cstar solubility A1; family-generic (identical in all 13 INCOIS 301 meta.nc)
family_generic,2902092,AANDERAA_OPTODE_4330,n/a,DOXY,A2,3.99063,incois_2902092_meta.nc,PREDEPLOYMENT_CALIB_COEFFICIENT,Weiss Cstar solubility A2; family-generic (identical in all 13 INCOIS 301 meta.nc)
family_generic,2902092,AANDERAA_OPTODE_4330,n/a,DOXY,A3,4.80299,incois_2902092_meta.nc,PREDEPLOYMENT_CALIB_COEFFICIENT,Weiss Cstar solubility A3; family-generic (identical in all 13 INCOIS 301 meta.nc)
family_generic,2902092,AANDERAA_OPTODE_4330,n/a,DOXY,A4,0.978188,incois_2902092_meta.nc,PREDEPLOYMENT_CALIB_COEFFICIENT,Weiss Cstar solubility A4; family-generic (identical in all 13 INCOIS 301 meta.nc)
family_generic,2902092,AANDERAA_OPTODE_4330,n/a,DOXY,A5,1.71069,incois_2902092_meta.nc,PREDEPLOYMENT_CALIB_COEFFICIENT,Weiss Cstar solubility A5; family-generic (identical in all 13 INCOIS 301 meta.nc)
family_generic,2902092,AANDERAA_OPTODE_4330,n/a,DOXY,B0,-0.00624523,incois_2902092_meta.nc,PREDEPLOYMENT_CALIB_COEFFICIENT,Garcia-Gordon-style salinity-correction B0; family-generic (identical in all 13 INCOIS 301 meta.nc)
family_generic,2902092,AANDERAA_OPTODE_4330,n/a,DOXY,B1,-0.00737614,incois_2902092_meta.nc,PREDEPLOYMENT_CALIB_COEFFICIENT,Garcia-Gordon-style salinity-correction B1; family-generic (identical in all 13 INCOIS 301 meta.nc)
family_generic,2902092,AANDERAA_OPTODE_4330,n/a,DOXY,B2,-0.010341,incois_2902092_meta.nc,PREDEPLOYMENT_CALIB_COEFFICIENT,Garcia-Gordon-style salinity-correction B2; family-generic (identical in all 13 INCOIS 301 meta.nc)
family_generic,2902092,AANDERAA_OPTODE_4330,n/a,DOXY,B3,-0.00817083,incois_2902092_meta.nc,PREDEPLOYMENT_CALIB_COEFFICIENT,Garcia-Gordon-style salinity-correction B3; family-generic (identical in all 13 INCOIS 301 meta.nc)
family_generic,2902092,AANDERAA_OPTODE_4330,n/a,DOXY,C0,-4.88682e-07,incois_2902092_meta.nc,PREDEPLOYMENT_CALIB_COEFFICIENT,salinity-correction C0 (PSAL^2 term); family-generic (identical in all 13 INCOIS 301 meta.nc)
family_generic,2902092,AANDERAA_OPTODE_4330,n/a,DOXY,D0,24.4543,incois_2902092_meta.nc,PREDEPLOYMENT_CALIB_COEFFICIENT,vapour-pressure D0; family-generic (identical in all 13 INCOIS 301 meta.nc)
family_generic,2902092,AANDERAA_OPTODE_4330,n/a,DOXY,D1,-67.4509,incois_2902092_meta.nc,PREDEPLOYMENT_CALIB_COEFFICIENT,vapour-pressure D1; family-generic (identical in all 13 INCOIS 301 meta.nc)
family_generic,2902092,AANDERAA_OPTODE_4330,n/a,DOXY,D2,-4.8489,incois_2902092_meta.nc,PREDEPLOYMENT_CALIB_COEFFICIENT,vapour-pressure D2; family-generic (identical in all 13 INCOIS 301 meta.nc)
family_generic,2902092,AANDERAA_OPTODE_4330,n/a,DOXY,D3,-0.000544,incois_2902092_meta.nc,PREDEPLOYMENT_CALIB_COEFFICIENT,vapour-pressure D3 (salinity term); family-generic (identical in all 13 INCOIS 301 meta.nc)
family_generic,2902092,AANDERAA_OPTODE_4330,n/a,DOXY,Pcoef1,0.1,incois_2902092_meta.nc,PREDEPLOYMENT_CALIB_COEFFICIENT,phase pressure-compensation slope [deg per bar/1000]; Aanderaa default 0.1; family-generic (identical in all 13 INCOIS 301 meta.nc)
family_generic,2902092,AANDERAA_OPTODE_4330,n/a,DOXY,Pcoef2,0.00022,incois_2902092_meta.nc,PREDEPLOYMENT_CALIB_COEFFICIENT,Pcorr temperature slope; Aanderaa default; family-generic (identical in all 13 INCOIS 301 meta.nc)
family_generic,2902092,AANDERAA_OPTODE_4330,n/a,DOXY,Pcoef3,0.0419,incois_2902092_meta.nc,PREDEPLOYMENT_CALIB_COEFFICIENT,Pcorr intercept; Aanderaa default; family-generic (identical in all 13 INCOIS 301 meta.nc)
float_specific,2902092,AANDERAA_OPTODE_4330,n/a,DOXY,PhaseCoef0,-2.62483,incois_2902092_meta.nc,PREDEPLOYMENT_CALIB_COEFFICIENT,CalPhase cubic c0 (per-foil factory calibration); float-specific (varies across the 13 INCOIS 301 meta.nc)
float_specific,2902092,AANDERAA_OPTODE_4330,n/a,DOXY,PhaseCoef1,1.0122,incois_2902092_meta.nc,PREDEPLOYMENT_CALIB_COEFFICIENT,CalPhase cubic c1 (per-foil factory calibration); float-specific (varies across the 13 INCOIS 301 meta.nc)
family_generic,2902092,AANDERAA_OPTODE_4330,n/a,DOXY,PhaseCoef2,0,incois_2902092_meta.nc,PREDEPLOYMENT_CALIB_COEFFICIENT,CalPhase cubic c2 (zero: Aanderaa standard foils); family-generic (identical in all 13 INCOIS 301 meta.nc)
family_generic,2902092,AANDERAA_OPTODE_4330,n/a,DOXY,PhaseCoef3,0,incois_2902092_meta.nc,PREDEPLOYMENT_CALIB_COEFFICIENT,CalPhase cubic c3 (zero: Aanderaa standard foils); family-generic (identical in all 13 INCOIS 301 meta.nc)
family_generic,2902092,AANDERAA_OPTODE_4330,n/a,DOXY,Spreset,0,incois_2902092_meta.nc,PREDEPLOYMENT_CALIB_COEFFICIENT,reference salinity [psu] of the Scorr vapour-pressure ratio; family-generic (identical in all 13 INCOIS 301 meta.nc)
float_specific,2902092,AANDERAA_OPTODE_4330,n/a,DOXY,c0,-3.60479e-06,incois_2902092_meta.nc,PREDEPLOYMENT_CALIB_COEFFICIENT,foil polynomial c0 (per foil-batch factory calibration); float-specific (varies across the 13 INCOIS 301 meta.nc)
float_specific,2902092,AANDERAA_OPTODE_4330,n/a,DOXY,c1,-6.84366e-06,incois_2902092_meta.nc,PREDEPLOYMENT_CALIB_COEFFICIENT,foil polynomial c1 (per foil-batch factory calibration); float-specific (varies across the 13 INCOIS 301 meta.nc)
float_specific,2902092,AANDERAA_OPTODE_4330,n/a,DOXY,c10,-309.375,incois_2902092_meta.nc,PREDEPLOYMENT_CALIB_COEFFICIENT,foil polynomial c10 (per foil-batch factory calibration); float-specific (varies across the 13 INCOIS 301 meta.nc)
float_specific,2902092,AANDERAA_OPTODE_4330,n/a,DOXY,c11,2.92369,incois_2902092_meta.nc,PREDEPLOYMENT_CALIB_COEFFICIENT,foil polynomial c11 (per foil-batch factory calibration); float-specific (varies across the 13 INCOIS 301 meta.nc)
float_specific,2902092,AANDERAA_OPTODE_4330,n/a,DOXY,c12,-0.0222201,incois_2902092_meta.nc,PREDEPLOYMENT_CALIB_COEFFICIENT,foil polynomial c12 (per foil-batch factory calibration); float-specific (varies across the 13 INCOIS 301 meta.nc)
float_specific,2902092,AANDERAA_OPTODE_4330,n/a,DOXY,c13,0.000214634,incois_2902092_meta.nc,PREDEPLOYMENT_CALIB_COEFFICIENT,foil polynomial c13 (per foil-batch factory calibration); float-specific (varies across the 13 INCOIS 301 meta.nc)
float_specific,2902092,AANDERAA_OPTODE_4330,n/a,DOXY,c14,-7.93483e-07,incois_2902092_meta.nc,PREDEPLOYMENT_CALIB_COEFFICIENT,foil polynomial c14 (per foil-batch factory calibration); float-specific (varies across the 13 INCOIS 301 meta.nc)
float_specific,2902092,AANDERAA_OPTODE_4330,n/a,DOXY,c15,3792.41,incois_2902092_meta.nc,PREDEPLOYMENT_CALIB_COEFFICIENT,foil polynomial c15 (per foil-batch factory calibration); float-specific (varies across the 13 INCOIS 301 meta.nc)
float_specific,2902092,AANDERAA_OPTODE_4330,n/a,DOXY,c16,-49.3514,incois_2902092_meta.nc,PREDEPLOYMENT_CALIB_COEFFICIENT,foil polynomial c16 (per foil-batch factory calibration); float-specific (varies across the 13 INCOIS 301 meta.nc)
float_specific,2902092,AANDERAA_OPTODE_4330,n/a,DOXY,c17,0.633521,incois_2902092_meta.nc,PREDEPLOYMENT_CALIB_COEFFICIENT,foil polynomial c17 (per foil-batch factory calibration); float-specific (varies across the 13 INCOIS 301 meta.nc)
float_specific,2902092,AANDERAA_OPTODE_4330,n/a,DOXY,c18,-0.0108549,incois_2902092_meta.nc,PREDEPLOYMENT_CALIB_COEFFICIENT,foil polynomial c18 (per foil-batch factory calibration); float-specific (varies across the 13 INCOIS 301 meta.nc)
float_specific,2902092,AANDERAA_OPTODE_4330,n/a,DOXY,c19,0.000121895,incois_2902092_meta.nc,PREDEPLOYMENT_CALIB_COEFFICIENT,foil polynomial c19 (per foil-batch factory calibration); float-specific (varies across the 13 INCOIS 301 meta.nc)
float_specific,2902092,AANDERAA_OPTODE_4330,n/a,DOXY,c2,0.0018392,incois_2902092_meta.nc,PREDEPLOYMENT_CALIB_COEFFICIENT,foil polynomial c2 (per foil-batch factory calibration); float-specific (varies across the 13 INCOIS 301 meta.nc)
float_specific,2902092,AANDERAA_OPTODE_4330,n/a,DOXY,c20,-7.34497e-07,incois_2902092_meta.nc,PREDEPLOYMENT_CALIB_COEFFICIENT,foil polynomial c20 (per foil-batch factory calibration); float-specific (varies across the 13 INCOIS 301 meta.nc)
family_generic,2902092,AANDERAA_OPTODE_4330,n/a,DOXY,c21,0,incois_2902092_meta.nc,PREDEPLOYMENT_CALIB_COEFFICIENT,"foil polynomial c21 (unused term, zero); family-generic (identical in all 13 INCOIS 301 meta.nc)"
family_generic,2902092,AANDERAA_OPTODE_4330,n/a,DOXY,c22,0,incois_2902092_meta.nc,PREDEPLOYMENT_CALIB_COEFFICIENT,"foil polynomial c22 (unused term, zero); family-generic (identical in all 13 INCOIS 301 meta.nc)"
family_generic,2902092,AANDERAA_OPTODE_4330,n/a,DOXY,c23,0,incois_2902092_meta.nc,PREDEPLOYMENT_CALIB_COEFFICIENT,"foil polynomial c23 (unused term, zero); family-generic (identical in all 13 INCOIS 301 meta.nc)"
family_generic,2902092,AANDERAA_OPTODE_4330,n/a,DOXY,c24,0,incois_2902092_meta.nc,PREDEPLOYMENT_CALIB_COEFFICIENT,"foil polynomial c24 (unused term, zero); family-generic (identical in all 13 INCOIS 301 meta.nc)"
family_generic,2902092,AANDERAA_OPTODE_4330,n/a,DOXY,c25,0,incois_2902092_meta.nc,PREDEPLOYMENT_CALIB_COEFFICIENT,"foil polynomial c25 (unused term, zero); family-generic (identical in all 13 INCOIS 301 meta.nc)"
family_generic,2902092,AANDERAA_OPTODE_4330,n/a,DOXY,c26,0,incois_2902092_meta.nc,PREDEPLOYMENT_CALIB_COEFFICIENT,"foil polynomial c26 (unused term, zero); family-generic (identical in all 13 INCOIS 301 meta.nc)"
family_generic,2902092,AANDERAA_OPTODE_4330,n/a,DOXY,c27,0,incois_2902092_meta.nc,PREDEPLOYMENT_CALIB_COEFFICIENT,"foil polynomial c27 (unused term, zero); family-generic (identical in all 13 INCOIS 301 meta.nc)"
float_specific,2902092,AANDERAA_OPTODE_4330,n/a,DOXY,c3,-0.198444,incois_2902092_meta.nc,PREDEPLOYMENT_CALIB_COEFFICIENT,foil polynomial c3 (per foil-batch factory calibration); float-specific (varies across the 13 INCOIS 301 meta.nc)
float_specific,2902092,AANDERAA_OPTODE_4330,n/a,DOXY,c4,0.000812123,incois_2902092_meta.nc,PREDEPLOYMENT_CALIB_COEFFICIENT,foil polynomial c4 (per foil-batch factory calibration); float-specific (varies across the 13 INCOIS 301 meta.nc)
float_specific,2902092,AANDERAA_OPTODE_4330,n/a,DOXY,c5,-1.22073e-06,incois_2902092_meta.nc,PREDEPLOYMENT_CALIB_COEFFICIENT,foil polynomial c5 (per foil-batch factory calibration); float-specific (varies across the 13 INCOIS 301 meta.nc)
float_specific,2902092,AANDERAA_OPTODE_4330,n/a,DOXY,c6,10.8689,incois_2902092_meta.nc,PREDEPLOYMENT_CALIB_COEFFICIENT,foil polynomial c6 (per foil-batch factory calibration); float-specific (varies across the 13 INCOIS 301 meta.nc)
float_specific,2902092,AANDERAA_OPTODE_4330,n/a,DOXY,c7,-0.0709398,incois_2902092_meta.nc,PREDEPLOYMENT_CALIB_COEFFICIENT,foil polynomial c7 (per foil-batch factory calibration); float-specific (varies across the 13 INCOIS 301 meta.nc)
float_specific,2902092,AANDERAA_OPTODE_4330,n/a,DOXY,c8,0.000281047,incois_2902092_meta.nc,PREDEPLOYMENT_CALIB_COEFFICIENT,foil polynomial c8 (per foil-batch factory calibration); float-specific (varies across the 13 INCOIS 301 meta.nc)
float_specific,2902092,AANDERAA_OPTODE_4330,n/a,DOXY,c9,-1.32885e-06,incois_2902092_meta.nc,PREDEPLOYMENT_CALIB_COEFFICIENT,foil polynomial c9 (per foil-batch factory calibration); float-specific (varies across the 13 INCOIS 301 meta.nc)
family_generic,2902092,AANDERAA_OPTODE_4330,n/a,DOXY,m0,1,incois_2902092_meta.nc,PREDEPLOYMENT_CALIB_COEFFICIENT,"foil polynomial temperature exponent m0 (structural, Aanderaa method; value generic, file formatting varies); family-generic (identical in all 13 INCOIS 301 meta.nc)"
family_generic,2902092,AANDERAA_OPTODE_4330,n/a,DOXY,m1,0,incois_2902092_meta.nc,PREDEPLOYMENT_CALIB_COEFFICIENT,"foil polynomial temperature exponent m1 (structural, Aanderaa method; value generic, file formatting varies); family-generic (identical in all 13 INCOIS 301 meta.nc)"
family_generic,2902092,AANDERAA_OPTODE_4330,n/a,DOXY,m10,0,incois_2902092_meta.nc,PREDEPLOYMENT_CALIB_COEFFICIENT,"foil polynomial temperature exponent m10 (structural, Aanderaa method; value generic, file formatting varies); family-generic (identical in all 13 INCOIS 301 meta.nc)"
family_generic,2902092,AANDERAA_OPTODE_4330,n/a,DOXY,m11,1,incois_2902092_meta.nc,PREDEPLOYMENT_CALIB_COEFFICIENT,"foil polynomial temperature exponent m11 (structural, Aanderaa method; value generic, file formatting varies); family-generic (identical in all 13 INCOIS 301 meta.nc)"
family_generic,2902092,AANDERAA_OPTODE_4330,n/a,DOXY,m12,2,incois_2902092_meta.nc,PREDEPLOYMENT_CALIB_COEFFICIENT,"foil polynomial temperature exponent m12 (structural, Aanderaa method; value generic, file formatting varies); family-generic (identical in all 13 INCOIS 301 meta.nc)"
family_generic,2902092,AANDERAA_OPTODE_4330,n/a,DOXY,m13,3,incois_2902092_meta.nc,PREDEPLOYMENT_CALIB_COEFFICIENT,"foil polynomial temperature exponent m13 (structural, Aanderaa method; value generic, file formatting varies); family-generic (identical in all 13 INCOIS 301 meta.nc)"
family_generic,2902092,AANDERAA_OPTODE_4330,n/a,DOXY,m14,4,incois_2902092_meta.nc,PREDEPLOYMENT_CALIB_COEFFICIENT,"foil polynomial temperature exponent m14 (structural, Aanderaa method; value generic, file formatting varies); family-generic (identical in all 13 INCOIS 301 meta.nc)"
family_generic,2902092,AANDERAA_OPTODE_4330,n/a,DOXY,m15,0,incois_2902092_meta.nc,PREDEPLOYMENT_CALIB_COEFFICIENT,"foil polynomial temperature exponent m15 (structural, Aanderaa method; value generic, file formatting varies); family-generic (identical in all 13 INCOIS 301 meta.nc)"
family_generic,2902092,AANDERAA_OPTODE_4330,n/a,DOXY,m16,1,incois_2902092_meta.nc,PREDEPLOYMENT_CALIB_COEFFICIENT,"foil polynomial temperature exponent m16 (structural, Aanderaa method; value generic, file formatting varies); family-generic (identical in all 13 INCOIS 301 meta.nc)"
family_generic,2902092,AANDERAA_OPTODE_4330,n/a,DOXY,m17,2,incois_2902092_meta.nc,PREDEPLOYMENT_CALIB_COEFFICIENT,"foil polynomial temperature exponent m17 (structural, Aanderaa method; value generic, file formatting varies); family-generic (identical in all 13 INCOIS 301 meta.nc)"
family_generic,2902092,AANDERAA_OPTODE_4330,n/a,DOXY,m18,3,incois_2902092_meta.nc,PREDEPLOYMENT_CALIB_COEFFICIENT,"foil polynomial temperature exponent m18 (structural, Aanderaa method; value generic, file formatting varies); family-generic (identical in all 13 INCOIS 301 meta.nc)"
family_generic,2902092,AANDERAA_OPTODE_4330,n/a,DOXY,m19,4,incois_2902092_meta.nc,PREDEPLOYMENT_CALIB_COEFFICIENT,"foil polynomial temperature exponent m19 (structural, Aanderaa method; value generic, file formatting varies); family-generic (identical in all 13 INCOIS 301 meta.nc)"
family_generic,2902092,AANDERAA_OPTODE_4330,n/a,DOXY,m2,0,incois_2902092_meta.nc,PREDEPLOYMENT_CALIB_COEFFICIENT,"foil polynomial temperature exponent m2 (structural, Aanderaa method; value generic, file formatting varies); family-generic (identical in all 13 INCOIS 301 meta.nc)"
family_generic,2902092,AANDERAA_OPTODE_4330,n/a,DOXY,m20,5,incois_2902092_meta.nc,PREDEPLOYMENT_CALIB_COEFFICIENT,"foil polynomial temperature exponent m20 (structural, Aanderaa method; value generic, file formatting varies); family-generic (identical in all 13 INCOIS 301 meta.nc)"
family_generic,2902092,AANDERAA_OPTODE_4330,n/a,DOXY,m21,0,incois_2902092_meta.nc,PREDEPLOYMENT_CALIB_COEFFICIENT,"foil polynomial temperature exponent m21 (structural, Aanderaa method; value generic, file formatting varies); family-generic (identical in all 13 INCOIS 301 meta.nc)"
family_generic,2902092,AANDERAA_OPTODE_4330,n/a,DOXY,m22,0,incois_2902092_meta.nc,PREDEPLOYMENT_CALIB_COEFFICIENT,"foil polynomial temperature exponent m22 (structural, Aanderaa method; value generic, file formatting varies); family-generic (identical in all 13 INCOIS 301 meta.nc)"
family_generic,2902092,AANDERAA_OPTODE_4330,n/a,DOXY,m23,0,incois_2902092_meta.nc,PREDEPLOYMENT_CALIB_COEFFICIENT,"foil polynomial temperature exponent m23 (structural, Aanderaa method; value generic, file formatting varies); family-generic (identical in all 13 INCOIS 301 meta.nc)"
family_generic,2902092,AANDERAA_OPTODE_4330,n/a,DOXY,m24,0,incois_2902092_meta.nc,PREDEPLOYMENT_CALIB_COEFFICIENT,"foil polynomial temperature exponent m24 (structural, Aanderaa method; value generic, file formatting varies); family-generic (identical in all 13 INCOIS 301 meta.nc)"
family_generic,2902092,AANDERAA_OPTODE_4330,n/a,DOXY,m25,0,incois_2902092_meta.nc,PREDEPLOYMENT_CALIB_COEFFICIENT,"foil polynomial temperature exponent m25 (structural, Aanderaa method; value generic, file formatting varies); family-generic (identical in all 13 INCOIS 301 meta.nc)"
family_generic,2902092,AANDERAA_OPTODE_4330,n/a,DOXY,m26,0,incois_2902092_meta.nc,PREDEPLOYMENT_CALIB_COEFFICIENT,"foil polynomial temperature exponent m26 (structural, Aanderaa method; value generic, file formatting varies); family-generic (identical in all 13 INCOIS 301 meta.nc)"
family_generic,2902092,AANDERAA_OPTODE_4330,n/a,DOXY,m27,0,incois_2902092_meta.nc,PREDEPLOYMENT_CALIB_COEFFICIENT,"foil polynomial temperature exponent m27 (structural, Aanderaa method; value generic, file formatting varies); family-generic (identical in all 13 INCOIS 301 meta.nc)"
family_generic,2902092,AANDERAA_OPTODE_4330,n/a,DOXY,m3,0,incois_2902092_meta.nc,PREDEPLOYMENT_CALIB_COEFFICIENT,"foil polynomial temperature exponent m3 (structural, Aanderaa method; value generic, file formatting varies); family-generic (identical in all 13 INCOIS 301 meta.nc)"
family_generic,2902092,AANDERAA_OPTODE_4330,n/a,DOXY,m4,1,incois_2902092_meta.nc,PREDEPLOYMENT_CALIB_COEFFICIENT,"foil polynomial temperature exponent m4 (structural, Aanderaa method; value generic, file formatting varies); family-generic (identical in all 13 INCOIS 301 meta.nc)"
family_generic,2902092,AANDERAA_OPTODE_4330,n/a,DOXY,m5,2,incois_2902092_meta.nc,PREDEPLOYMENT_CALIB_COEFFICIENT,"foil polynomial temperature exponent m5 (structural, Aanderaa method; value generic, file formatting varies); family-generic (identical in all 13 INCOIS 301 meta.nc)"
family_generic,2902092,AANDERAA_OPTODE_4330,n/a,DOXY,m6,0,incois_2902092_meta.nc,PREDEPLOYMENT_CALIB_COEFFICIENT,"foil polynomial temperature exponent m6 (structural, Aanderaa method; value generic, file formatting varies); family-generic (identical in all 13 INCOIS 301 meta.nc)"
family_generic,2902092,AANDERAA_OPTODE_4330,n/a,DOXY,m7,1,incois_2902092_meta.nc,PREDEPLOYMENT_CALIB_COEFFICIENT,"foil polynomial temperature exponent m7 (structural, Aanderaa method; value generic, file formatting varies); family-generic (identical in all 13 INCOIS 301 meta.nc)"
family_generic,2902092,AANDERAA_OPTODE_4330,n/a,DOXY,m8,2,incois_2902092_meta.nc,PREDEPLOYMENT_CALIB_COEFFICIENT,"foil polynomial temperature exponent m8 (structural, Aanderaa method; value generic, file formatting varies); family-generic (identical in all 13 INCOIS 301 meta.nc)"
family_generic,2902092,AANDERAA_OPTODE_4330,n/a,DOXY,m9,3,incois_2902092_meta.nc,PREDEPLOYMENT_CALIB_COEFFICIENT,"foil polynomial temperature exponent m9 (structural, Aanderaa method; value generic, file formatting varies); family-generic (identical in all 13 INCOIS 301 meta.nc)"
family_generic,2902092,AANDERAA_OPTODE_4330,n/a,DOXY,n0,4,incois_2902092_meta.nc,PREDEPLOYMENT_CALIB_COEFFICIENT,"foil polynomial CalPhase exponent n0 (structural, Aanderaa method; value generic, file formatting varies); family-generic (identical in all 13 INCOIS 301 meta.nc)"
family_generic,2902092,AANDERAA_OPTODE_4330,n/a,DOXY,n1,5,incois_2902092_meta.nc,PREDEPLOYMENT_CALIB_COEFFICIENT,"foil polynomial CalPhase exponent n1 (structural, Aanderaa method; value generic, file formatting varies); family-generic (identical in all 13 INCOIS 301 meta.nc)"
family_generic,2902092,AANDERAA_OPTODE_4330,n/a,DOXY,n10,1,incois_2902092_meta.nc,PREDEPLOYMENT_CALIB_COEFFICIENT,"foil polynomial CalPhase exponent n10 (structural, Aanderaa method; value generic, file formatting varies); family-generic (identical in all 13 INCOIS 301 meta.nc)"
family_generic,2902092,AANDERAA_OPTODE_4330,n/a,DOXY,n11,1,incois_2902092_meta.nc,PREDEPLOYMENT_CALIB_COEFFICIENT,"foil polynomial CalPhase exponent n11 (structural, Aanderaa method; value generic, file formatting varies); family-generic (identical in all 13 INCOIS 301 meta.nc)"
family_generic,2902092,AANDERAA_OPTODE_4330,n/a,DOXY,n12,1,incois_2902092_meta.nc,PREDEPLOYMENT_CALIB_COEFFICIENT,"foil polynomial CalPhase exponent n12 (structural, Aanderaa method; value generic, file formatting varies); family-generic (identical in all 13 INCOIS 301 meta.nc)"
family_generic,2902092,AANDERAA_OPTODE_4330,n/a,DOXY,n13,1,incois_2902092_meta.nc,PREDEPLOYMENT_CALIB_COEFFICIENT,"foil polynomial CalPhase exponent n13 (structural, Aanderaa method; value generic, file formatting varies); family-generic (identical in all 13 INCOIS 301 meta.nc)"
family_generic,2902092,AANDERAA_OPTODE_4330,n/a,DOXY,n14,1,incois_2902092_meta.nc,PREDEPLOYMENT_CALIB_COEFFICIENT,"foil polynomial CalPhase exponent n14 (structural, Aanderaa method; value generic, file formatting varies); family-generic (identical in all 13 INCOIS 301 meta.nc)"
family_generic,2902092,AANDERAA_OPTODE_4330,n/a,DOXY,n15,0,incois_2902092_meta.nc,PREDEPLOYMENT_CALIB_COEFFICIENT,"foil polynomial CalPhase exponent n15 (structural, Aanderaa method; value generic, file formatting varies); family-generic (identical in all 13 INCOIS 301 meta.nc)"
family_generic,2902092,AANDERAA_OPTODE_4330,n/a,DOXY,n16,0,incois_2902092_meta.nc,PREDEPLOYMENT_CALIB_COEFFICIENT,"foil polynomial CalPhase exponent n16 (structural, Aanderaa method; value generic, file formatting varies); family-generic (identical in all 13 INCOIS 301 meta.nc)"
family_generic,2902092,AANDERAA_OPTODE_4330,n/a,DOXY,n17,0,incois_2902092_meta.nc,PREDEPLOYMENT_CALIB_COEFFICIENT,"foil polynomial CalPhase exponent n17 (structural, Aanderaa method; value generic, file formatting varies); family-generic (identical in all 13 INCOIS 301 meta.nc)"
family_generic,2902092,AANDERAA_OPTODE_4330,n/a,DOXY,n18,0,incois_2902092_meta.nc,PREDEPLOYMENT_CALIB_COEFFICIENT,"foil polynomial CalPhase exponent n18 (structural, Aanderaa method; value generic, file formatting varies); family-generic (identical in all 13 INCOIS 301 meta.nc)"
family_generic,2902092,AANDERAA_OPTODE_4330,n/a,DOXY,n19,0,incois_2902092_meta.nc,PREDEPLOYMENT_CALIB_COEFFICIENT,"foil polynomial CalPhase exponent n19 (structural, Aanderaa method; value generic, file formatting varies); family-generic (identical in all 13 INCOIS 301 meta.nc)"
family_generic,2902092,AANDERAA_OPTODE_4330,n/a,DOXY,n2,4,incois_2902092_meta.nc,PREDEPLOYMENT_CALIB_COEFFICIENT,"foil polynomial CalPhase exponent n2 (structural, Aanderaa method; value generic, file formatting varies); family-generic (identical in all 13 INCOIS 301 meta.nc)"
family_generic,2902092,AANDERAA_OPTODE_4330,n/a,DOXY,n20,0,incois_2902092_meta.nc,PREDEPLOYMENT_CALIB_COEFFICIENT,"foil polynomial CalPhase exponent n20 (structural, Aanderaa method; value generic, file formatting varies); family-generic (identical in all 13 INCOIS 301 meta.nc)"
family_generic,2902092,AANDERAA_OPTODE_4330,n/a,DOXY,n21,0,incois_2902092_meta.nc,PREDEPLOYMENT_CALIB_COEFFICIENT,"foil polynomial CalPhase exponent n21 (structural, Aanderaa method; value generic, file formatting varies); family-generic (identical in all 13 INCOIS 301 meta.nc)"
family_generic,2902092,AANDERAA_OPTODE_4330,n/a,DOXY,n22,0,incois_2902092_meta.nc,PREDEPLOYMENT_CALIB_COEFFICIENT,"foil polynomial CalPhase exponent n22 (structural, Aanderaa method; value generic, file formatting varies); family-generic (identical in all 13 INCOIS 301 meta.nc)"
family_generic,2902092,AANDERAA_OPTODE_4330,n/a,DOXY,n23,0,incois_2902092_meta.nc,PREDEPLOYMENT_CALIB_COEFFICIENT,"foil polynomial CalPhase exponent n23 (structural, Aanderaa method; value generic, file formatting varies); family-generic (identical in all 13 INCOIS 301 meta.nc)"
family_generic,2902092,AANDERAA_OPTODE_4330,n/a,DOXY,n24,0,incois_2902092_meta.nc,PREDEPLOYMENT_CALIB_COEFFICIENT,"foil polynomial CalPhase exponent n24 (structural, Aanderaa method; value generic, file formatting varies); family-generic (identical in all 13 INCOIS 301 meta.nc)"
family_generic,2902092,AANDERAA_OPTODE_4330,n/a,DOXY,n25,0,incois_2902092_meta.nc,PREDEPLOYMENT_CALIB_COEFFICIENT,"foil polynomial CalPhase exponent n25 (structural, Aanderaa method; value generic, file formatting varies); family-generic (identical in all 13 INCOIS 301 meta.nc)"
family_generic,2902092,AANDERAA_OPTODE_4330,n/a,DOXY,n26,0,incois_2902092_meta.nc,PREDEPLOYMENT_CALIB_COEFFICIENT,"foil polynomial CalPhase exponent n26 (structural, Aanderaa method; value generic, file formatting varies); family-generic (identical in all 13 INCOIS 301 meta.nc)"
family_generic,2902092,AANDERAA_OPTODE_4330,n/a,DOXY,n27,0,incois_2902092_meta.nc,PREDEPLOYMENT_CALIB_COEFFICIENT,"foil polynomial CalPhase exponent n27 (structural, Aanderaa method; value generic, file formatting varies); family-generic (identical in all 13 INCOIS 301 meta.nc)"
family_generic,2902092,AANDERAA_OPTODE_4330,n/a,DOXY,n3,3,incois_2902092_meta.nc,PREDEPLOYMENT_CALIB_COEFFICIENT,"foil polynomial CalPhase exponent n3 (structural, Aanderaa method; value generic, file formatting varies); family-generic (identical in all 13 INCOIS 301 meta.nc)"
family_generic,2902092,AANDERAA_OPTODE_4330,n/a,DOXY,n4,3,incois_2902092_meta.nc,PREDEPLOYMENT_CALIB_COEFFICIENT,"foil polynomial CalPhase exponent n4 (structural, Aanderaa method; value generic, file formatting varies); family-generic (identical in all 13 INCOIS 301 meta.nc)"
family_generic,2902092,AANDERAA_OPTODE_4330,n/a,DOXY,n5,3,incois_2902092_meta.nc,PREDEPLOYMENT_CALIB_COEFFICIENT,"foil polynomial CalPhase exponent n5 (structural, Aanderaa method; value generic, file formatting varies); family-generic (identical in all 13 INCOIS 301 meta.nc)"
family_generic,2902092,AANDERAA_OPTODE_4330,n/a,DOXY,n6,2,incois_2902092_meta.nc,PREDEPLOYMENT_CALIB_COEFFICIENT,"foil polynomial CalPhase exponent n6 (structural, Aanderaa method; value generic, file formatting varies); family-generic (identical in all 13 INCOIS 301 meta.nc)"
family_generic,2902092,AANDERAA_OPTODE_4330,n/a,DOXY,n7,2,incois_2902092_meta.nc,PREDEPLOYMENT_CALIB_COEFFICIENT,"foil polynomial CalPhase exponent n7 (structural, Aanderaa method; value generic, file formatting varies); family-generic (identical in all 13 INCOIS 301 meta.nc)"
family_generic,2902092,AANDERAA_OPTODE_4330,n/a,DOXY,n8,2,incois_2902092_meta.nc,PREDEPLOYMENT_CALIB_COEFFICIENT,"foil polynomial CalPhase exponent n8 (structural, Aanderaa method; value generic, file formatting varies); family-generic (identical in all 13 INCOIS 301 meta.nc)"
family_generic,2902092,AANDERAA_OPTODE_4330,n/a,DOXY,n9,2,incois_2902092_meta.nc,PREDEPLOYMENT_CALIB_COEFFICIENT,"foil polynomial CalPhase exponent n9 (structural, Aanderaa method; value generic, file formatting varies); family-generic (identical in all 13 INCOIS 301 meta.nc)"
float_specific,2902092,AANDERAA_OPTODE_4330,n/a,TEMP_DOXY,T0,21.9416,incois_2902092_meta.nc,PREDEPLOYMENT_CALIB_COEFFICIENT,"optode thermistor polynomial T0 (per-unit factory calibration; firmware-internal, reference only); float-specific (varies across the 13 INCOIS 301 meta.nc)"
float_specific,2902092,AANDERAA_OPTODE_4330,n/a,TEMP_DOXY,T1,-0.0304766,incois_2902092_meta.nc,PREDEPLOYMENT_CALIB_COEFFICIENT,"optode thermistor polynomial T1 (per-unit factory calibration; firmware-internal, reference only); float-specific (varies across the 13 INCOIS 301 meta.nc)"
float_specific,2902092,AANDERAA_OPTODE_4330,n/a,TEMP_DOXY,T2,2.84647e-06,incois_2902092_meta.nc,PREDEPLOYMENT_CALIB_COEFFICIENT,"optode thermistor polynomial T2 (per-unit factory calibration; firmware-internal, reference only); float-specific (varies across the 13 INCOIS 301 meta.nc)"
float_specific,2902092,AANDERAA_OPTODE_4330,n/a,TEMP_DOXY,T3,-4.12687e-09,incois_2902092_meta.nc,PREDEPLOYMENT_CALIB_COEFFICIENT,"optode thermistor polynomial T3 (per-unit factory calibration; firmware-internal, reference only); float-specific (varies across the 13 INCOIS 301 meta.nc)"
family_generic,2902092,AANDERAA_OPTODE_4330,n/a,TEMP_DOXY,T4,0,incois_2902092_meta.nc,PREDEPLOYMENT_CALIB_COEFFICIENT,"optode thermistor polynomial T4 (per-unit factory calibration; firmware-internal, reference only); family-generic (identical in all 13 INCOIS 301 meta.nc)"
family_generic,2902092,AANDERAA_OPTODE_4330,n/a,TEMP_DOXY,T5,0,incois_2902092_meta.nc,PREDEPLOYMENT_CALIB_COEFFICIENT,"optode thermistor polynomial T5 (per-unit factory calibration; firmware-internal, reference only); family-generic (identical in all 13 INCOIS 301 meta.nc)"
float_specific,2902093,ECO_FLBB,2661,BBP700,DARK_BACKSCATTERING700,51,incois_2902093_meta.nc,PREDEPLOYMENT_CALIB_COEFFICIENT,WETLABS factory backscatter dark counts; float-specific (varies across the 13 INCOIS 301 meta.nc)
float_specific,2902093,ECO_FLBB,2661,BBP700,SCALE_BACKSCATTERING700,1.86e-06,incois_2902093_meta.nc,PREDEPLOYMENT_CALIB_COEFFICIENT,WETLABS factory backscatter scale [m-1 per count]; float-specific (varies across the 13 INCOIS 301 meta.nc)
family_generic,2902093,ECO_FLBB,2661,BBP700,khi,1.097,incois_2902093_meta.nc,PREDEPLOYMENT_CALIB_COEFFICIENT,Boss/Roesler chi factor 1.097 for 142-degree backscatter; family-generic (identical in all 13 INCOIS 301 meta.nc)
float_specific,2902093,ECO_FLBB,2661,CHLA,DARK_CHLA,50,incois_2902093_meta.nc,PREDEPLOYMENT_CALIB_COEFFICIENT,WETLABS factory chlorophyll dark counts; float-specific (varies across the 13 INCOIS 301 meta.nc)
family_generic,2902093,ECO_FLBB,2661,CHLA,SCALE_CHLA,0.0073,incois_2902093_meta.nc,PREDEPLOYMENT_CALIB_COEFFICIENT,WETLABS factory chlorophyll scale [ug/L per count]; family-generic (identical in all 13 INCOIS 301 meta.nc)
family_generic,2902093,AANDERAA_OPTODE_4330,n/a,DOXY,A0,2.008560e+00,incois_2902093_meta.nc,PREDEPLOYMENT_CALIB_COEFFICIENT,Weiss Cstar solubility A0; family-generic (identical in all 13 INCOIS 301 meta.nc)
family_generic,2902093,AANDERAA_OPTODE_4330,n/a,DOXY,A1,3.224000e+00,incois_2902093_meta.nc,PREDEPLOYMENT_CALIB_COEFFICIENT,Weiss Cstar solubility A1; family-generic (identical in all 13 INCOIS 301 meta.nc)
family_generic,2902093,AANDERAA_OPTODE_4330,n/a,DOXY,A2,3.990630e+00,incois_2902093_meta.nc,PREDEPLOYMENT_CALIB_COEFFICIENT,Weiss Cstar solubility A2; family-generic (identical in all 13 INCOIS 301 meta.nc)
family_generic,2902093,AANDERAA_OPTODE_4330,n/a,DOXY,A3,4.802990e+00,incois_2902093_meta.nc,PREDEPLOYMENT_CALIB_COEFFICIENT,Weiss Cstar solubility A3; family-generic (identical in all 13 INCOIS 301 meta.nc)
family_generic,2902093,AANDERAA_OPTODE_4330,n/a,DOXY,A4,9.781880e-01,incois_2902093_meta.nc,PREDEPLOYMENT_CALIB_COEFFICIENT,Weiss Cstar solubility A4; family-generic (identical in all 13 INCOIS 301 meta.nc)
family_generic,2902093,AANDERAA_OPTODE_4330,n/a,DOXY,A5,1.710690e+00,incois_2902093_meta.nc,PREDEPLOYMENT_CALIB_COEFFICIENT,Weiss Cstar solubility A5; family-generic (identical in all 13 INCOIS 301 meta.nc)
family_generic,2902093,AANDERAA_OPTODE_4330,n/a,DOXY,B0,-6.245230e-03,incois_2902093_meta.nc,PREDEPLOYMENT_CALIB_COEFFICIENT,Garcia-Gordon-style salinity-correction B0; family-generic (identical in all 13 INCOIS 301 meta.nc)
family_generic,2902093,AANDERAA_OPTODE_4330,n/a,DOXY,B1,-7.376140e-03,incois_2902093_meta.nc,PREDEPLOYMENT_CALIB_COEFFICIENT,Garcia-Gordon-style salinity-correction B1; family-generic (identical in all 13 INCOIS 301 meta.nc)
family_generic,2902093,AANDERAA_OPTODE_4330,n/a,DOXY,B2,-1.034100e-02,incois_2902093_meta.nc,PREDEPLOYMENT_CALIB_COEFFICIENT,Garcia-Gordon-style salinity-correction B2; family-generic (identical in all 13 INCOIS 301 meta.nc)
family_generic,2902093,AANDERAA_OPTODE_4330,n/a,DOXY,B3,-8.170830e-03,incois_2902093_meta.nc,PREDEPLOYMENT_CALIB_COEFFICIENT,Garcia-Gordon-style salinity-correction B3; family-generic (identical in all 13 INCOIS 301 meta.nc)
family_generic,2902093,AANDERAA_OPTODE_4330,n/a,DOXY,C0,-4.886820e-07,incois_2902093_meta.nc,PREDEPLOYMENT_CALIB_COEFFICIENT,salinity-correction C0 (PSAL^2 term); family-generic (identical in all 13 INCOIS 301 meta.nc)
family_generic,2902093,AANDERAA_OPTODE_4330,n/a,DOXY,D0,2.445430e+01,incois_2902093_meta.nc,PREDEPLOYMENT_CALIB_COEFFICIENT,vapour-pressure D0; family-generic (identical in all 13 INCOIS 301 meta.nc)
family_generic,2902093,AANDERAA_OPTODE_4330,n/a,DOXY,D1,-6.745090e+01,incois_2902093_meta.nc,PREDEPLOYMENT_CALIB_COEFFICIENT,vapour-pressure D1; family-generic (identical in all 13 INCOIS 301 meta.nc)
family_generic,2902093,AANDERAA_OPTODE_4330,n/a,DOXY,D2,-4.848900e+00,incois_2902093_meta.nc,PREDEPLOYMENT_CALIB_COEFFICIENT,vapour-pressure D2; family-generic (identical in all 13 INCOIS 301 meta.nc)
family_generic,2902093,AANDERAA_OPTODE_4330,n/a,DOXY,D3,-5.440000e-04,incois_2902093_meta.nc,PREDEPLOYMENT_CALIB_COEFFICIENT,vapour-pressure D3 (salinity term); family-generic (identical in all 13 INCOIS 301 meta.nc)
family_generic,2902093,AANDERAA_OPTODE_4330,n/a,DOXY,Pcoef1,1.000000e-01,incois_2902093_meta.nc,PREDEPLOYMENT_CALIB_COEFFICIENT,phase pressure-compensation slope [deg per bar/1000]; Aanderaa default 0.1; family-generic (identical in all 13 INCOIS 301 meta.nc)
family_generic,2902093,AANDERAA_OPTODE_4330,n/a,DOXY,Pcoef2,2.200000e-04,incois_2902093_meta.nc,PREDEPLOYMENT_CALIB_COEFFICIENT,Pcorr temperature slope; Aanderaa default; family-generic (identical in all 13 INCOIS 301 meta.nc)
family_generic,2902093,AANDERAA_OPTODE_4330,n/a,DOXY,Pcoef3,4.190000e-02,incois_2902093_meta.nc,PREDEPLOYMENT_CALIB_COEFFICIENT,Pcorr intercept; Aanderaa default; family-generic (identical in all 13 INCOIS 301 meta.nc)
float_specific,2902093,AANDERAA_OPTODE_4330,n/a,DOXY,PhaseCoef0,-1.140520e+00,incois_2902093_meta.nc,PREDEPLOYMENT_CALIB_COEFFICIENT,CalPhase cubic c0 (per-foil factory calibration); float-specific (varies across the 13 INCOIS 301 meta.nc)
float_specific,2902093,AANDERAA_OPTODE_4330,n/a,DOXY,PhaseCoef1,1.008190e+00,incois_2902093_meta.nc,PREDEPLOYMENT_CALIB_COEFFICIENT,CalPhase cubic c1 (per-foil factory calibration); float-specific (varies across the 13 INCOIS 301 meta.nc)
family_generic,2902093,AANDERAA_OPTODE_4330,n/a,DOXY,PhaseCoef2,0.000000e+00,incois_2902093_meta.nc,PREDEPLOYMENT_CALIB_COEFFICIENT,CalPhase cubic c2 (zero: Aanderaa standard foils); family-generic (identical in all 13 INCOIS 301 meta.nc)
family_generic,2902093,AANDERAA_OPTODE_4330,n/a,DOXY,PhaseCoef3,0.000000e+00,incois_2902093_meta.nc,PREDEPLOYMENT_CALIB_COEFFICIENT,CalPhase cubic c3 (zero: Aanderaa standard foils); family-generic (identical in all 13 INCOIS 301 meta.nc)
family_generic,2902093,AANDERAA_OPTODE_4330,n/a,DOXY,Spreset,0.000000e+00,incois_2902093_meta.nc,PREDEPLOYMENT_CALIB_COEFFICIENT,reference salinity [psu] of the Scorr vapour-pressure ratio; family-generic (identical in all 13 INCOIS 301 meta.nc)
float_specific,2902093,AANDERAA_OPTODE_4330,n/a,DOXY,c0,-3.604788e-06,incois_2902093_meta.nc,PREDEPLOYMENT_CALIB_COEFFICIENT,foil polynomial c0 (per foil-batch factory calibration); float-specific (varies across the 13 INCOIS 301 meta.nc)
float_specific,2902093,AANDERAA_OPTODE_4330,n/a,DOXY,c1,-6.843659e-06,incois_2902093_meta.nc,PREDEPLOYMENT_CALIB_COEFFICIENT,foil polynomial c1 (per foil-batch factory calibration); float-specific (varies across the 13 INCOIS 301 meta.nc)
float_specific,2902093,AANDERAA_OPTODE_4330,n/a,DOXY,c10,-3.093750e+02,incois_2902093_meta.nc,PREDEPLOYMENT_CALIB_COEFFICIENT,foil polynomial c10 (per foil-batch factory calibration); float-specific (varies across the 13 INCOIS 301 meta.nc)
float_specific,2902093,AANDERAA_OPTODE_4330,n/a,DOXY,c11,2.923687e+00,incois_2902093_meta.nc,PREDEPLOYMENT_CALIB_COEFFICIENT,foil polynomial c11 (per foil-batch factory calibration); float-specific (varies across the 13 INCOIS 301 meta.nc)
float_specific,2902093,AANDERAA_OPTODE_4330,n/a,DOXY,c12,-2.222011e-02,incois_2902093_meta.nc,PREDEPLOYMENT_CALIB_COEFFICIENT,foil polynomial c12 (per foil-batch factory calibration); float-specific (varies across the 13 INCOIS 301 meta.nc)
float_specific,2902093,AANDERAA_OPTODE_4330,n/a,DOXY,c13,2.146338e-04,incois_2902093_meta.nc,PREDEPLOYMENT_CALIB_COEFFICIENT,foil polynomial c13 (per foil-batch factory calibration); float-specific (varies across the 13 INCOIS 301 meta.nc)
float_specific,2902093,AANDERAA_OPTODE_4330,n/a,DOXY,c14,-7.934825e-07,incois_2902093_meta.nc,PREDEPLOYMENT_CALIB_COEFFICIENT,foil polynomial c14 (per foil-batch factory calibration); float-specific (varies across the 13 INCOIS 301 meta.nc)
float_specific,2902093,AANDERAA_OPTODE_4330,n/a,DOXY,c15,3.792412e+03,incois_2902093_meta.nc,PREDEPLOYMENT_CALIB_COEFFICIENT,foil polynomial c15 (per foil-batch factory calibration); float-specific (varies across the 13 INCOIS 301 meta.nc)
float_specific,2902093,AANDERAA_OPTODE_4330,n/a,DOXY,c16,-4.935136e+01,incois_2902093_meta.nc,PREDEPLOYMENT_CALIB_COEFFICIENT,foil polynomial c16 (per foil-batch factory calibration); float-specific (varies across the 13 INCOIS 301 meta.nc)
float_specific,2902093,AANDERAA_OPTODE_4330,n/a,DOXY,c17,6.335210e-01,incois_2902093_meta.nc,PREDEPLOYMENT_CALIB_COEFFICIENT,foil polynomial c17 (per foil-batch factory calibration); float-specific (varies across the 13 INCOIS 301 meta.nc)
float_specific,2902093,AANDERAA_OPTODE_4330,n/a,DOXY,c18,-1.085494e-02,incois_2902093_meta.nc,PREDEPLOYMENT_CALIB_COEFFICIENT,foil polynomial c18 (per foil-batch factory calibration); float-specific (varies across the 13 INCOIS 301 meta.nc)
float_specific,2902093,AANDERAA_OPTODE_4330,n/a,DOXY,c19,1.218953e-04,incois_2902093_meta.nc,PREDEPLOYMENT_CALIB_COEFFICIENT,foil polynomial c19 (per foil-batch factory calibration); float-specific (varies across the 13 INCOIS 301 meta.nc)
float_specific,2902093,AANDERAA_OPTODE_4330,n/a,DOXY,c2,1.839203e-03,incois_2902093_meta.nc,PREDEPLOYMENT_CALIB_COEFFICIENT,foil polynomial c2 (per foil-batch factory calibration); float-specific (varies across the 13 INCOIS 301 meta.nc)
float_specific,2902093,AANDERAA_OPTODE_4330,n/a,DOXY,c20,-7.344973e-07,incois_2902093_meta.nc,PREDEPLOYMENT_CALIB_COEFFICIENT,foil polynomial c20 (per foil-batch factory calibration); float-specific (varies across the 13 INCOIS 301 meta.nc)
family_generic,2902093,AANDERAA_OPTODE_4330,n/a,DOXY,c21,0.000000e+00,incois_2902093_meta.nc,PREDEPLOYMENT_CALIB_COEFFICIENT,"foil polynomial c21 (unused term, zero); family-generic (identical in all 13 INCOIS 301 meta.nc)"
family_generic,2902093,AANDERAA_OPTODE_4330,n/a,DOXY,c22,0.000000e+00,incois_2902093_meta.nc,PREDEPLOYMENT_CALIB_COEFFICIENT,"foil polynomial c22 (unused term, zero); family-generic (identical in all 13 INCOIS 301 meta.nc)"
family_generic,2902093,AANDERAA_OPTODE_4330,n/a,DOXY,c23,0.000000e+00,incois_2902093_meta.nc,PREDEPLOYMENT_CALIB_COEFFICIENT,"foil polynomial c23 (unused term, zero); family-generic (identical in all 13 INCOIS 301 meta.nc)"
family_generic,2902093,AANDERAA_OPTODE_4330,n/a,DOXY,c24,0.000000e+00,incois_2902093_meta.nc,PREDEPLOYMENT_CALIB_COEFFICIENT,"foil polynomial c24 (unused term, zero); family-generic (identical in all 13 INCOIS 301 meta.nc)"
family_generic,2902093,AANDERAA_OPTODE_4330,n/a,DOXY,c25,0.000000e+00,incois_2902093_meta.nc,PREDEPLOYMENT_CALIB_COEFFICIENT,"foil polynomial c25 (unused term, zero); family-generic (identical in all 13 INCOIS 301 meta.nc)"
family_generic,2902093,AANDERAA_OPTODE_4330,n/a,DOXY,c26,0.000000e+00,incois_2902093_meta.nc,PREDEPLOYMENT_CALIB_COEFFICIENT,"foil polynomial c26 (unused term, zero); family-generic (identical in all 13 INCOIS 301 meta.nc)"
family_generic,2902093,AANDERAA_OPTODE_4330,n/a,DOXY,c27,0.000000e+00,incois_2902093_meta.nc,PREDEPLOYMENT_CALIB_COEFFICIENT,"foil polynomial c27 (unused term, zero); family-generic (identical in all 13 INCOIS 301 meta.nc)"
float_specific,2902093,AANDERAA_OPTODE_4330,n/a,DOXY,c3,-1.984442e-01,incois_2902093_meta.nc,PREDEPLOYMENT_CALIB_COEFFICIENT,foil polynomial c3 (per foil-batch factory calibration); float-specific (varies across the 13 INCOIS 301 meta.nc)
float_specific,2902093,AANDERAA_OPTODE_4330,n/a,DOXY,c4,8.121225e-04,incois_2902093_meta.nc,PREDEPLOYMENT_CALIB_COEFFICIENT,foil polynomial c4 (per foil-batch factory calibration); float-specific (varies across the 13 INCOIS 301 meta.nc)
float_specific,2902093,AANDERAA_OPTODE_4330,n/a,DOXY,c5,-1.220733e-06,incois_2902093_meta.nc,PREDEPLOYMENT_CALIB_COEFFICIENT,foil polynomial c5 (per foil-batch factory calibration); float-specific (varies across the 13 INCOIS 301 meta.nc)
float_specific,2902093,AANDERAA_OPTODE_4330,n/a,DOXY,c6,1.086894e+01,incois_2902093_meta.nc,PREDEPLOYMENT_CALIB_COEFFICIENT,foil polynomial c6 (per foil-batch factory calibration); float-specific (varies across the 13 INCOIS 301 meta.nc)
float_specific,2902093,AANDERAA_OPTODE_4330,n/a,DOXY,c7,-7.093984e-02,incois_2902093_meta.nc,PREDEPLOYMENT_CALIB_COEFFICIENT,foil polynomial c7 (per foil-batch factory calibration); float-specific (varies across the 13 INCOIS 301 meta.nc)
float_specific,2902093,AANDERAA_OPTODE_4330,n/a,DOXY,c8,2.810467e-04,incois_2902093_meta.nc,PREDEPLOYMENT_CALIB_COEFFICIENT,foil polynomial c8 (per foil-batch factory calibration); float-specific (varies across the 13 INCOIS 301 meta.nc)
float_specific,2902093,AANDERAA_OPTODE_4330,n/a,DOXY,c9,-1.328850e-06,incois_2902093_meta.nc,PREDEPLOYMENT_CALIB_COEFFICIENT,foil polynomial c9 (per foil-batch factory calibration); float-specific (varies across the 13 INCOIS 301 meta.nc)
family_generic,2902093,AANDERAA_OPTODE_4330,n/a,DOXY,m0,1.000000e+00,incois_2902093_meta.nc,PREDEPLOYMENT_CALIB_COEFFICIENT,"foil polynomial temperature exponent m0 (structural, Aanderaa method; value generic, file formatting varies); family-generic (identical in all 13 INCOIS 301 meta.nc)"
family_generic,2902093,AANDERAA_OPTODE_4330,n/a,DOXY,m1,0.000000e+00,incois_2902093_meta.nc,PREDEPLOYMENT_CALIB_COEFFICIENT,"foil polynomial temperature exponent m1 (structural, Aanderaa method; value generic, file formatting varies); family-generic (identical in all 13 INCOIS 301 meta.nc)"
family_generic,2902093,AANDERAA_OPTODE_4330,n/a,DOXY,m10,0.000000e+00,incois_2902093_meta.nc,PREDEPLOYMENT_CALIB_COEFFICIENT,"foil polynomial temperature exponent m10 (structural, Aanderaa method; value generic, file formatting varies); family-generic (identical in all 13 INCOIS 301 meta.nc)"
family_generic,2902093,AANDERAA_OPTODE_4330,n/a,DOXY,m11,1.000000e+00,incois_2902093_meta.nc,PREDEPLOYMENT_CALIB_COEFFICIENT,"foil polynomial temperature exponent m11 (structural, Aanderaa method; value generic, file formatting varies); family-generic (identical in all 13 INCOIS 301 meta.nc)"
family_generic,2902093,AANDERAA_OPTODE_4330,n/a,DOXY,m12,2.000000e+00,incois_2902093_meta.nc,PREDEPLOYMENT_CALIB_COEFFICIENT,"foil polynomial temperature exponent m12 (structural, Aanderaa method; value generic, file formatting varies); family-generic (identical in all 13 INCOIS 301 meta.nc)"
family_generic,2902093,AANDERAA_OPTODE_4330,n/a,DOXY,m13,3.000000e+00,incois_2902093_meta.nc,PREDEPLOYMENT_CALIB_COEFFICIENT,"foil polynomial temperature exponent m13 (structural, Aanderaa method; value generic, file formatting varies); family-generic (identical in all 13 INCOIS 301 meta.nc)"
family_generic,2902093,AANDERAA_OPTODE_4330,n/a,DOXY,m14,4.000000e+00,incois_2902093_meta.nc,PREDEPLOYMENT_CALIB_COEFFICIENT,"foil polynomial temperature exponent m14 (structural, Aanderaa method; value generic, file formatting varies); family-generic (identical in all 13 INCOIS 301 meta.nc)"
family_generic,2902093,AANDERAA_OPTODE_4330,n/a,DOXY,m15,0.000000e+00,incois_2902093_meta.nc,PREDEPLOYMENT_CALIB_COEFFICIENT,"foil polynomial temperature exponent m15 (structural, Aanderaa method; value generic, file formatting varies); family-generic (identical in all 13 INCOIS 301 meta.nc)"
family_generic,2902093,AANDERAA_OPTODE_4330,n/a,DOXY,m16,1.000000e+00,incois_2902093_meta.nc,PREDEPLOYMENT_CALIB_COEFFICIENT,"foil polynomial temperature exponent m16 (structural, Aanderaa method; value generic, file formatting varies); family-generic (identical in all 13 INCOIS 301 meta.nc)"
family_generic,2902093,AANDERAA_OPTODE_4330,n/a,DOXY,m17,2.000000e+00,incois_2902093_meta.nc,PREDEPLOYMENT_CALIB_COEFFICIENT,"foil polynomial temperature exponent m17 (structural, Aanderaa method; value generic, file formatting varies); family-generic (identical in all 13 INCOIS 301 meta.nc)"
family_generic,2902093,AANDERAA_OPTODE_4330,n/a,DOXY,m18,3.000000e+00,incois_2902093_meta.nc,PREDEPLOYMENT_CALIB_COEFFICIENT,"foil polynomial temperature exponent m18 (structural, Aanderaa method; value generic, file formatting varies); family-generic (identical in all 13 INCOIS 301 meta.nc)"
family_generic,2902093,AANDERAA_OPTODE_4330,n/a,DOXY,m19,4.000000e+00,incois_2902093_meta.nc,PREDEPLOYMENT_CALIB_COEFFICIENT,"foil polynomial temperature exponent m19 (structural, Aanderaa method; value generic, file formatting varies); family-generic (identical in all 13 INCOIS 301 meta.nc)"
family_generic,2902093,AANDERAA_OPTODE_4330,n/a,DOXY,m2,0.000000e+00,incois_2902093_meta.nc,PREDEPLOYMENT_CALIB_COEFFICIENT,"foil polynomial temperature exponent m2 (structural, Aanderaa method; value generic, file formatting varies); family-generic (identical in all 13 INCOIS 301 meta.nc)"
family_generic,2902093,AANDERAA_OPTODE_4330,n/a,DOXY,m20,5.000000e+00,incois_2902093_meta.nc,PREDEPLOYMENT_CALIB_COEFFICIENT,"foil polynomial temperature exponent m20 (structural, Aanderaa method; value generic, file formatting varies); family-generic (identical in all 13 INCOIS 301 meta.nc)"
family_generic,2902093,AANDERAA_OPTODE_4330,n/a,DOXY,m21,0.000000e+00,incois_2902093_meta.nc,PREDEPLOYMENT_CALIB_COEFFICIENT,"foil polynomial temperature exponent m21 (structural, Aanderaa method; value generic, file formatting varies); family-generic (identical in all 13 INCOIS 301 meta.nc)"
family_generic,2902093,AANDERAA_OPTODE_4330,n/a,DOXY,m22,0.000000e+00,incois_2902093_meta.nc,PREDEPLOYMENT_CALIB_COEFFICIENT,"foil polynomial temperature exponent m22 (structural, Aanderaa method; value generic, file formatting varies); family-generic (identical in all 13 INCOIS 301 meta.nc)"
family_generic,2902093,AANDERAA_OPTODE_4330,n/a,DOXY,m23,0.000000e+00,incois_2902093_meta.nc,PREDEPLOYMENT_CALIB_COEFFICIENT,"foil polynomial temperature exponent m23 (structural, Aanderaa method; value generic, file formatting varies); family-generic (identical in all 13 INCOIS 301 meta.nc)"
family_generic,2902093,AANDERAA_OPTODE_4330,n/a,DOXY,m24,0.000000e+00,incois_2902093_meta.nc,PREDEPLOYMENT_CALIB_COEFFICIENT,"foil polynomial temperature exponent m24 (structural, Aanderaa method; value generic, file formatting varies); family-generic (identical in all 13 INCOIS 301 meta.nc)"
family_generic,2902093,AANDERAA_OPTODE_4330,n/a,DOXY,m25,0.000000e+00,incois_2902093_meta.nc,PREDEPLOYMENT_CALIB_COEFFICIENT,"foil polynomial temperature exponent m25 (structural, Aanderaa method; value generic, file formatting varies); family-generic (identical in all 13 INCOIS 301 meta.nc)"
family_generic,2902093,AANDERAA_OPTODE_4330,n/a,DOXY,m26,0.000000e+00,incois_2902093_meta.nc,PREDEPLOYMENT_CALIB_COEFFICIENT,"foil polynomial temperature exponent m26 (structural, Aanderaa method; value generic, file formatting varies); family-generic (identical in all 13 INCOIS 301 meta.nc)"
family_generic,2902093,AANDERAA_OPTODE_4330,n/a,DOXY,m27,0.000000e+00,incois_2902093_meta.nc,PREDEPLOYMENT_CALIB_COEFFICIENT,"foil polynomial temperature exponent m27 (structural, Aanderaa method; value generic, file formatting varies); family-generic (identical in all 13 INCOIS 301 meta.nc)"
family_generic,2902093,AANDERAA_OPTODE_4330,n/a,DOXY,m3,0.000000e+00,incois_2902093_meta.nc,PREDEPLOYMENT_CALIB_COEFFICIENT,"foil polynomial temperature exponent m3 (structural, Aanderaa method; value generic, file formatting varies); family-generic (identical in all 13 INCOIS 301 meta.nc)"
family_generic,2902093,AANDERAA_OPTODE_4330,n/a,DOXY,m4,1.000000e+00,incois_2902093_meta.nc,PREDEPLOYMENT_CALIB_COEFFICIENT,"foil polynomial temperature exponent m4 (structural, Aanderaa method; value generic, file formatting varies); family-generic (identical in all 13 INCOIS 301 meta.nc)"
family_generic,2902093,AANDERAA_OPTODE_4330,n/a,DOXY,m5,2.000000e+00,incois_2902093_meta.nc,PREDEPLOYMENT_CALIB_COEFFICIENT,"foil polynomial temperature exponent m5 (structural, Aanderaa method; value generic, file formatting varies); family-generic (identical in all 13 INCOIS 301 meta.nc)"
family_generic,2902093,AANDERAA_OPTODE_4330,n/a,DOXY,m6,0.000000e+00,incois_2902093_meta.nc,PREDEPLOYMENT_CALIB_COEFFICIENT,"foil polynomial temperature exponent m6 (structural, Aanderaa method; value generic, file formatting varies); family-generic (identical in all 13 INCOIS 301 meta.nc)"
family_generic,2902093,AANDERAA_OPTODE_4330,n/a,DOXY,m7,1.000000e+00,incois_2902093_meta.nc,PREDEPLOYMENT_CALIB_COEFFICIENT,"foil polynomial temperature exponent m7 (structural, Aanderaa method; value generic, file formatting varies); family-generic (identical in all 13 INCOIS 301 meta.nc)"
family_generic,2902093,AANDERAA_OPTODE_4330,n/a,DOXY,m8,2.000000e+00,incois_2902093_meta.nc,PREDEPLOYMENT_CALIB_COEFFICIENT,"foil polynomial temperature exponent m8 (structural, Aanderaa method; value generic, file formatting varies); family-generic (identical in all 13 INCOIS 301 meta.nc)"
family_generic,2902093,AANDERAA_OPTODE_4330,n/a,DOXY,m9,3.000000e+00,incois_2902093_meta.nc,PREDEPLOYMENT_CALIB_COEFFICIENT,"foil polynomial temperature exponent m9 (structural, Aanderaa method; value generic, file formatting varies); family-generic (identical in all 13 INCOIS 301 meta.nc)"
family_generic,2902093,AANDERAA_OPTODE_4330,n/a,DOXY,n0,4.000000e+00,incois_2902093_meta.nc,PREDEPLOYMENT_CALIB_COEFFICIENT,"foil polynomial CalPhase exponent n0 (structural, Aanderaa method; value generic, file formatting varies); family-generic (identical in all 13 INCOIS 301 meta.nc)"
family_generic,2902093,AANDERAA_OPTODE_4330,n/a,DOXY,n1,5.000000e+00,incois_2902093_meta.nc,PREDEPLOYMENT_CALIB_COEFFICIENT,"foil polynomial CalPhase exponent n1 (structural, Aanderaa method; value generic, file formatting varies); family-generic (identical in all 13 INCOIS 301 meta.nc)"
family_generic,2902093,AANDERAA_OPTODE_4330,n/a,DOXY,n10,1.000000e+00,incois_2902093_meta.nc,PREDEPLOYMENT_CALIB_COEFFICIENT,"foil polynomial CalPhase exponent n10 (structural, Aanderaa method; value generic, file formatting varies); family-generic (identical in all 13 INCOIS 301 meta.nc)"
family_generic,2902093,AANDERAA_OPTODE_4330,n/a,DOXY,n11,1.000000e+00,incois_2902093_meta.nc,PREDEPLOYMENT_CALIB_COEFFICIENT,"foil polynomial CalPhase exponent n11 (structural, Aanderaa method; value generic, file formatting varies); family-generic (identical in all 13 INCOIS 301 meta.nc)"
family_generic,2902093,AANDERAA_OPTODE_4330,n/a,DOXY,n12,1.000000e+00,incois_2902093_meta.nc,PREDEPLOYMENT_CALIB_COEFFICIENT,"foil polynomial CalPhase exponent n12 (structural, Aanderaa method; value generic, file formatting varies); family-generic (identical in all 13 INCOIS 301 meta.nc)"
family_generic,2902093,AANDERAA_OPTODE_4330,n/a,DOXY,n13,1.000000e+00,incois_2902093_meta.nc,PREDEPLOYMENT_CALIB_COEFFICIENT,"foil polynomial CalPhase exponent n13 (structural, Aanderaa method; value generic, file formatting varies); family-generic (identical in all 13 INCOIS 301 meta.nc)"
family_generic,2902093,AANDERAA_OPTODE_4330,n/a,DOXY,n14,1.000000e+00,incois_2902093_meta.nc,PREDEPLOYMENT_CALIB_COEFFICIENT,"foil polynomial CalPhase exponent n14 (structural, Aanderaa method; value generic, file formatting varies); family-generic (identical in all 13 INCOIS 301 meta.nc)"
family_generic,2902093,AANDERAA_OPTODE_4330,n/a,DOXY,n15,0.000000e+00,incois_2902093_meta.nc,PREDEPLOYMENT_CALIB_COEFFICIENT,"foil polynomial CalPhase exponent n15 (structural, Aanderaa method; value generic, file formatting varies); family-generic (identical in all 13 INCOIS 301 meta.nc)"
family_generic,2902093,AANDERAA_OPTODE_4330,n/a,DOXY,n16,0.000000e+00,incois_2902093_meta.nc,PREDEPLOYMENT_CALIB_COEFFICIENT,"foil polynomial CalPhase exponent n16 (structural, Aanderaa method; value generic, file formatting varies); family-generic (identical in all 13 INCOIS 301 meta.nc)"
family_generic,2902093,AANDERAA_OPTODE_4330,n/a,DOXY,n17,0.000000e+00,incois_2902093_meta.nc,PREDEPLOYMENT_CALIB_COEFFICIENT,"foil polynomial CalPhase exponent n17 (structural, Aanderaa method; value generic, file formatting varies); family-generic (identical in all 13 INCOIS 301 meta.nc)"
family_generic,2902093,AANDERAA_OPTODE_4330,n/a,DOXY,n18,0.000000e+00,incois_2902093_meta.nc,PREDEPLOYMENT_CALIB_COEFFICIENT,"foil polynomial CalPhase exponent n18 (structural, Aanderaa method; value generic, file formatting varies); family-generic (identical in all 13 INCOIS 301 meta.nc)"
family_generic,2902093,AANDERAA_OPTODE_4330,n/a,DOXY,n19,0.000000e+00,incois_2902093_meta.nc,PREDEPLOYMENT_CALIB_COEFFICIENT,"foil polynomial CalPhase exponent n19 (structural, Aanderaa method; value generic, file formatting varies); family-generic (identical in all 13 INCOIS 301 meta.nc)"
family_generic,2902093,AANDERAA_OPTODE_4330,n/a,DOXY,n2,4.000000e+00,incois_2902093_meta.nc,PREDEPLOYMENT_CALIB_COEFFICIENT,"foil polynomial CalPhase exponent n2 (structural, Aanderaa method; value generic, file formatting varies); family-generic (identical in all 13 INCOIS 301 meta.nc)"
family_generic,2902093,AANDERAA_OPTODE_4330,n/a,DOXY,n20,0.000000e+00,incois_2902093_meta.nc,PREDEPLOYMENT_CALIB_COEFFICIENT,"foil polynomial CalPhase exponent n20 (structural, Aanderaa method; value generic, file formatting varies); family-generic (identical in all 13 INCOIS 301 meta.nc)"
family_generic,2902093,AANDERAA_OPTODE_4330,n/a,DOXY,n21,0.000000e+00,incois_2902093_meta.nc,PREDEPLOYMENT_CALIB_COEFFICIENT,"foil polynomial CalPhase exponent n21 (structural, Aanderaa method; value generic, file formatting varies); family-generic (identical in all 13 INCOIS 301 meta.nc)"
family_generic,2902093,AANDERAA_OPTODE_4330,n/a,DOXY,n22,0.000000e+00,incois_2902093_meta.nc,PREDEPLOYMENT_CALIB_COEFFICIENT,"foil polynomial CalPhase exponent n22 (structural, Aanderaa method; value generic, file formatting varies); family-generic (identical in all 13 INCOIS 301 meta.nc)"
family_generic,2902093,AANDERAA_OPTODE_4330,n/a,DOXY,n23,0.000000e+00,incois_2902093_meta.nc,PREDEPLOYMENT_CALIB_COEFFICIENT,"foil polynomial CalPhase exponent n23 (structural, Aanderaa method; value generic, file formatting varies); family-generic (identical in all 13 INCOIS 301 meta.nc)"
family_generic,2902093,AANDERAA_OPTODE_4330,n/a,DOXY,n24,0.000000e+00,incois_2902093_meta.nc,PREDEPLOYMENT_CALIB_COEFFICIENT,"foil polynomial CalPhase exponent n24 (structural, Aanderaa method; value generic, file formatting varies); family-generic (identical in all 13 INCOIS 301 meta.nc)"
family_generic,2902093,AANDERAA_OPTODE_4330,n/a,DOXY,n25,0.000000e+00,incois_2902093_meta.nc,PREDEPLOYMENT_CALIB_COEFFICIENT,"foil polynomial CalPhase exponent n25 (structural, Aanderaa method; value generic, file formatting varies); family-generic (identical in all 13 INCOIS 301 meta.nc)"
family_generic,2902093,AANDERAA_OPTODE_4330,n/a,DOXY,n26,0.000000e+00,incois_2902093_meta.nc,PREDEPLOYMENT_CALIB_COEFFICIENT,"foil polynomial CalPhase exponent n26 (structural, Aanderaa method; value generic, file formatting varies); family-generic (identical in all 13 INCOIS 301 meta.nc)"
family_generic,2902093,AANDERAA_OPTODE_4330,n/a,DOXY,n27,0.000000e+00,incois_2902093_meta.nc,PREDEPLOYMENT_CALIB_COEFFICIENT,"foil polynomial CalPhase exponent n27 (structural, Aanderaa method; value generic, file formatting varies); family-generic (identical in all 13 INCOIS 301 meta.nc)"
family_generic,2902093,AANDERAA_OPTODE_4330,n/a,DOXY,n3,3.000000e+00,incois_2902093_meta.nc,PREDEPLOYMENT_CALIB_COEFFICIENT,"foil polynomial CalPhase exponent n3 (structural, Aanderaa method; value generic, file formatting varies); family-generic (identical in all 13 INCOIS 301 meta.nc)"
family_generic,2902093,AANDERAA_OPTODE_4330,n/a,DOXY,n4,3.000000e+00,incois_2902093_meta.nc,PREDEPLOYMENT_CALIB_COEFFICIENT,"foil polynomial CalPhase exponent n4 (structural, Aanderaa method; value generic, file formatting varies); family-generic (identical in all 13 INCOIS 301 meta.nc)"
family_generic,2902093,AANDERAA_OPTODE_4330,n/a,DOXY,n5,3.000000e+00,incois_2902093_meta.nc,PREDEPLOYMENT_CALIB_COEFFICIENT,"foil polynomial CalPhase exponent n5 (structural, Aanderaa method; value generic, file formatting varies); family-generic (identical in all 13 INCOIS 301 meta.nc)"
family_generic,2902093,AANDERAA_OPTODE_4330,n/a,DOXY,n6,2.000000e+00,incois_2902093_meta.nc,PREDEPLOYMENT_CALIB_COEFFICIENT,"foil polynomial CalPhase exponent n6 (structural, Aanderaa method; value generic, file formatting varies); family-generic (identical in all 13 INCOIS 301 meta.nc)"
family_generic,2902093,AANDERAA_OPTODE_4330,n/a,DOXY,n7,2.000000e+00,incois_2902093_meta.nc,PREDEPLOYMENT_CALIB_COEFFICIENT,"foil polynomial CalPhase exponent n7 (structural, Aanderaa method; value generic, file formatting varies); family-generic (identical in all 13 INCOIS 301 meta.nc)"
family_generic,2902093,AANDERAA_OPTODE_4330,n/a,DOXY,n8,2.000000e+00,incois_2902093_meta.nc,PREDEPLOYMENT_CALIB_COEFFICIENT,"foil polynomial CalPhase exponent n8 (structural, Aanderaa method; value generic, file formatting varies); family-generic (identical in all 13 INCOIS 301 meta.nc)"
family_generic,2902093,AANDERAA_OPTODE_4330,n/a,DOXY,n9,2.000000e+00,incois_2902093_meta.nc,PREDEPLOYMENT_CALIB_COEFFICIENT,"foil polynomial CalPhase exponent n9 (structural, Aanderaa method; value generic, file formatting varies); family-generic (identical in all 13 INCOIS 301 meta.nc)"
float_specific,2902093,AANDERAA_OPTODE_4330,n/a,TEMP_DOXY,T0,2.324210e+01,incois_2902093_meta.nc,PREDEPLOYMENT_CALIB_COEFFICIENT,"optode thermistor polynomial T0 (per-unit factory calibration; firmware-internal, reference only); float-specific (varies across the 13 INCOIS 301 meta.nc)"
float_specific,2902093,AANDERAA_OPTODE_4330,n/a,TEMP_DOXY,T1,-3.077760e-02,incois_2902093_meta.nc,PREDEPLOYMENT_CALIB_COEFFICIENT,"optode thermistor polynomial T1 (per-unit factory calibration; firmware-internal, reference only); float-specific (varies across the 13 INCOIS 301 meta.nc)"
float_specific,2902093,AANDERAA_OPTODE_4330,n/a,TEMP_DOXY,T2,2.882400e-06,incois_2902093_meta.nc,PREDEPLOYMENT_CALIB_COEFFICIENT,"optode thermistor polynomial T2 (per-unit factory calibration; firmware-internal, reference only); float-specific (varies across the 13 INCOIS 301 meta.nc)"
float_specific,2902093,AANDERAA_OPTODE_4330,n/a,TEMP_DOXY,T3,-4.199110e-09,incois_2902093_meta.nc,PREDEPLOYMENT_CALIB_COEFFICIENT,"optode thermistor polynomial T3 (per-unit factory calibration; firmware-internal, reference only); float-specific (varies across the 13 INCOIS 301 meta.nc)"
family_generic,2902093,AANDERAA_OPTODE_4330,n/a,TEMP_DOXY,T4,0.000000e+00,incois_2902093_meta.nc,PREDEPLOYMENT_CALIB_COEFFICIENT,"optode thermistor polynomial T4 (per-unit factory calibration; firmware-internal, reference only); family-generic (identical in all 13 INCOIS 301 meta.nc)"
family_generic,2902093,AANDERAA_OPTODE_4330,n/a,TEMP_DOXY,T5,0.000000e+00,incois_2902093_meta.nc,PREDEPLOYMENT_CALIB_COEFFICIENT,"optode thermistor polynomial T5 (per-unit factory calibration; firmware-internal, reference only); family-generic (identical in all 13 INCOIS 301 meta.nc)"
float_specific,2902113,ECO_FLBB,3045,BBP700,DARK_BACKSCATTERING700,55,incois_2902113_meta.nc,PREDEPLOYMENT_CALIB_COEFFICIENT,WETLABS factory backscatter dark counts; float-specific (varies across the 13 INCOIS 301 meta.nc)
float_specific,2902113,ECO_FLBB,3045,BBP700,SCALE_BACKSCATTERING700,1.369e-06,incois_2902113_meta.nc,PREDEPLOYMENT_CALIB_COEFFICIENT,WETLABS factory backscatter scale [m-1 per count]; float-specific (varies across the 13 INCOIS 301 meta.nc)
family_generic,2902113,ECO_FLBB,3045,BBP700,khi,1.097,incois_2902113_meta.nc,PREDEPLOYMENT_CALIB_COEFFICIENT,Boss/Roesler chi factor 1.097 for 142-degree backscatter; family-generic (identical in all 13 INCOIS 301 meta.nc)
float_specific,2902113,ECO_FLBB,3045,CHLA,DARK_CHLA,53,incois_2902113_meta.nc,PREDEPLOYMENT_CALIB_COEFFICIENT,WETLABS factory chlorophyll dark counts; float-specific (varies across the 13 INCOIS 301 meta.nc)
family_generic,2902113,ECO_FLBB,3045,CHLA,SCALE_CHLA,0.0073,incois_2902113_meta.nc,PREDEPLOYMENT_CALIB_COEFFICIENT,WETLABS factory chlorophyll scale [ug/L per count]; family-generic (identical in all 13 INCOIS 301 meta.nc)
family_generic,2902113,AANDERAA_OPTODE_4330,1294,DOXY,A0,2.00856,incois_2902113_meta.nc,PREDEPLOYMENT_CALIB_COEFFICIENT,Weiss Cstar solubility A0; family-generic (identical in all 13 INCOIS 301 meta.nc)
family_generic,2902113,AANDERAA_OPTODE_4330,1294,DOXY,A1,3.224,incois_2902113_meta.nc,PREDEPLOYMENT_CALIB_COEFFICIENT,Weiss Cstar solubility A1; family-generic (identical in all 13 INCOIS 301 meta.nc)
family_generic,2902113,AANDERAA_OPTODE_4330,1294,DOXY,A2,3.99063,incois_2902113_meta.nc,PREDEPLOYMENT_CALIB_COEFFICIENT,Weiss Cstar solubility A2; family-generic (identical in all 13 INCOIS 301 meta.nc)
family_generic,2902113,AANDERAA_OPTODE_4330,1294,DOXY,A3,4.80299,incois_2902113_meta.nc,PREDEPLOYMENT_CALIB_COEFFICIENT,Weiss Cstar solubility A3; family-generic (identical in all 13 INCOIS 301 meta.nc)
family_generic,2902113,AANDERAA_OPTODE_4330,1294,DOXY,A4,0.978188,incois_2902113_meta.nc,PREDEPLOYMENT_CALIB_COEFFICIENT,Weiss Cstar solubility A4; family-generic (identical in all 13 INCOIS 301 meta.nc)
family_generic,2902113,AANDERAA_OPTODE_4330,1294,DOXY,A5,1.71069,incois_2902113_meta.nc,PREDEPLOYMENT_CALIB_COEFFICIENT,Weiss Cstar solubility A5; family-generic (identical in all 13 INCOIS 301 meta.nc)
family_generic,2902113,AANDERAA_OPTODE_4330,1294,DOXY,B0,-0.00624523,incois_2902113_meta.nc,PREDEPLOYMENT_CALIB_COEFFICIENT,Garcia-Gordon-style salinity-correction B0; family-generic (identical in all 13 INCOIS 301 meta.nc)
family_generic,2902113,AANDERAA_OPTODE_4330,1294,DOXY,B1,-0.00737614,incois_2902113_meta.nc,PREDEPLOYMENT_CALIB_COEFFICIENT,Garcia-Gordon-style salinity-correction B1; family-generic (identical in all 13 INCOIS 301 meta.nc)
family_generic,2902113,AANDERAA_OPTODE_4330,1294,DOXY,B2,-0.010341,incois_2902113_meta.nc,PREDEPLOYMENT_CALIB_COEFFICIENT,Garcia-Gordon-style salinity-correction B2; family-generic (identical in all 13 INCOIS 301 meta.nc)
family_generic,2902113,AANDERAA_OPTODE_4330,1294,DOXY,B3,-0.00817083,incois_2902113_meta.nc,PREDEPLOYMENT_CALIB_COEFFICIENT,Garcia-Gordon-style salinity-correction B3; family-generic (identical in all 13 INCOIS 301 meta.nc)
family_generic,2902113,AANDERAA_OPTODE_4330,1294,DOXY,C0,-4.88682e-07,incois_2902113_meta.nc,PREDEPLOYMENT_CALIB_COEFFICIENT,salinity-correction C0 (PSAL^2 term); family-generic (identical in all 13 INCOIS 301 meta.nc)
family_generic,2902113,AANDERAA_OPTODE_4330,1294,DOXY,D0,24.4543,incois_2902113_meta.nc,PREDEPLOYMENT_CALIB_COEFFICIENT,vapour-pressure D0; family-generic (identical in all 13 INCOIS 301 meta.nc)
family_generic,2902113,AANDERAA_OPTODE_4330,1294,DOXY,D1,-67.4509,incois_2902113_meta.nc,PREDEPLOYMENT_CALIB_COEFFICIENT,vapour-pressure D1; family-generic (identical in all 13 INCOIS 301 meta.nc)
family_generic,2902113,AANDERAA_OPTODE_4330,1294,DOXY,D2,-4.8489,incois_2902113_meta.nc,PREDEPLOYMENT_CALIB_COEFFICIENT,vapour-pressure D2; family-generic (identical in all 13 INCOIS 301 meta.nc)
family_generic,2902113,AANDERAA_OPTODE_4330,1294,DOXY,D3,-0.000544,incois_2902113_meta.nc,PREDEPLOYMENT_CALIB_COEFFICIENT,vapour-pressure D3 (salinity term); family-generic (identical in all 13 INCOIS 301 meta.nc)
family_generic,2902113,AANDERAA_OPTODE_4330,1294,DOXY,Pcoef1,0.1,incois_2902113_meta.nc,PREDEPLOYMENT_CALIB_COEFFICIENT,phase pressure-compensation slope [deg per bar/1000]; Aanderaa default 0.1; family-generic (identical in all 13 INCOIS 301 meta.nc)
family_generic,2902113,AANDERAA_OPTODE_4330,1294,DOXY,Pcoef2,0.00022,incois_2902113_meta.nc,PREDEPLOYMENT_CALIB_COEFFICIENT,Pcorr temperature slope; Aanderaa default; family-generic (identical in all 13 INCOIS 301 meta.nc)
family_generic,2902113,AANDERAA_OPTODE_4330,1294,DOXY,Pcoef3,0.0419,incois_2902113_meta.nc,PREDEPLOYMENT_CALIB_COEFFICIENT,Pcorr intercept; Aanderaa default; family-generic (identical in all 13 INCOIS 301 meta.nc)
float_specific,2902113,AANDERAA_OPTODE_4330,1294,DOXY,PhaseCoef0,0,incois_2902113_meta.nc,PREDEPLOYMENT_CALIB_COEFFICIENT,CalPhase cubic c0 (per-foil factory calibration); float-specific (varies across the 13 INCOIS 301 meta.nc)
float_specific,2902113,AANDERAA_OPTODE_4330,1294,DOXY,PhaseCoef1,1,incois_2902113_meta.nc,PREDEPLOYMENT_CALIB_COEFFICIENT,CalPhase cubic c1 (per-foil factory calibration); float-specific (varies across the 13 INCOIS 301 meta.nc)
family_generic,2902113,AANDERAA_OPTODE_4330,1294,DOXY,PhaseCoef2,0,incois_2902113_meta.nc,PREDEPLOYMENT_CALIB_COEFFICIENT,CalPhase cubic c2 (zero: Aanderaa standard foils); family-generic (identical in all 13 INCOIS 301 meta.nc)
family_generic,2902113,AANDERAA_OPTODE_4330,1294,DOXY,PhaseCoef3,0,incois_2902113_meta.nc,PREDEPLOYMENT_CALIB_COEFFICIENT,CalPhase cubic c3 (zero: Aanderaa standard foils); family-generic (identical in all 13 INCOIS 301 meta.nc)
family_generic,2902113,AANDERAA_OPTODE_4330,1294,DOXY,Spreset,0,incois_2902113_meta.nc,PREDEPLOYMENT_CALIB_COEFFICIENT,reference salinity [psu] of the Scorr vapour-pressure ratio; family-generic (identical in all 13 INCOIS 301 meta.nc)
float_specific,2902113,AANDERAA_OPTODE_4330,1294,DOXY,c0,-2.98831e-06,incois_2902113_meta.nc,PREDEPLOYMENT_CALIB_COEFFICIENT,foil polynomial c0 (per foil-batch factory calibration); float-specific (varies across the 13 INCOIS 301 meta.nc)
float_specific,2902113,AANDERAA_OPTODE_4330,1294,DOXY,c1,-6.13778e-06,incois_2902113_meta.nc,PREDEPLOYMENT_CALIB_COEFFICIENT,foil polynomial c1 (per foil-batch factory calibration); float-specific (varies across the 13 INCOIS 301 meta.nc)
float_specific,2902113,AANDERAA_OPTODE_4330,1294,DOXY,c10,-303.294,incois_2902113_meta.nc,PREDEPLOYMENT_CALIB_COEFFICIENT,foil polynomial c10 (per foil-batch factory calibration); float-specific (varies across the 13 INCOIS 301 meta.nc)
float_specific,2902113,AANDERAA_OPTODE_4330,1294,DOXY,c11,2.5305,incois_2902113_meta.nc,PREDEPLOYMENT_CALIB_COEFFICIENT,foil polynomial c11 (per foil-batch factory calibration); float-specific (varies across the 13 INCOIS 301 meta.nc)
float_specific,2902113,AANDERAA_OPTODE_4330,1294,DOXY,c12,-0.0126704,incois_2902113_meta.nc,PREDEPLOYMENT_CALIB_COEFFICIENT,foil polynomial c12 (per foil-batch factory calibration); float-specific (varies across the 13 INCOIS 301 meta.nc)
float_specific,2902113,AANDERAA_OPTODE_4330,1294,DOXY,c13,0.000104045,incois_2902113_meta.nc,PREDEPLOYMENT_CALIB_COEFFICIENT,foil polynomial c13 (per foil-batch factory calibration); float-specific (varies across the 13 INCOIS 301 meta.nc)
float_specific,2902113,AANDERAA_OPTODE_4330,1294,DOXY,c14,-3.56039e-07,incois_2902113_meta.nc,PREDEPLOYMENT_CALIB_COEFFICIENT,foil polynomial c14 (per foil-batch factory calibration); float-specific (varies across the 13 INCOIS 301 meta.nc)
float_specific,2902113,AANDERAA_OPTODE_4330,1294,DOXY,c15,3816.71,incois_2902113_meta.nc,PREDEPLOYMENT_CALIB_COEFFICIENT,foil polynomial c15 (per foil-batch factory calibration); float-specific (varies across the 13 INCOIS 301 meta.nc)
float_specific,2902113,AANDERAA_OPTODE_4330,1294,DOXY,c16,-44.7551,incois_2902113_meta.nc,PREDEPLOYMENT_CALIB_COEFFICIENT,foil polynomial c16 (per foil-batch factory calibration); float-specific (varies across the 13 INCOIS 301 meta.nc)
float_specific,2902113,AANDERAA_OPTODE_4330,1294,DOXY,c17,0.438616,incois_2902113_meta.nc,PREDEPLOYMENT_CALIB_COEFFICIENT,foil polynomial c17 (per foil-batch factory calibration); float-specific (varies across the 13 INCOIS 301 meta.nc)
float_specific,2902113,AANDERAA_OPTODE_4330,1294,DOXY,c18,-0.00714634,incois_2902113_meta.nc,PREDEPLOYMENT_CALIB_COEFFICIENT,foil polynomial c18 (per foil-batch factory calibration); float-specific (varies across the 13 INCOIS 301 meta.nc)
float_specific,2902113,AANDERAA_OPTODE_4330,1294,DOXY,c19,8.90624e-05,incois_2902113_meta.nc,PREDEPLOYMENT_CALIB_COEFFICIENT,foil polynomial c19 (per foil-batch factory calibration); float-specific (varies across the 13 INCOIS 301 meta.nc)
float_specific,2902113,AANDERAA_OPTODE_4330,1294,DOXY,c2,0.00168466,incois_2902113_meta.nc,PREDEPLOYMENT_CALIB_COEFFICIENT,foil polynomial c2 (per foil-batch factory calibration); float-specific (varies across the 13 INCOIS 301 meta.nc)
float_specific,2902113,AANDERAA_OPTODE_4330,1294,DOXY,c20,-6.34301e-07,incois_2902113_meta.nc,PREDEPLOYMENT_CALIB_COEFFICIENT,foil polynomial c20 (per foil-batch factory calibration); float-specific (varies across the 13 INCOIS 301 meta.nc)
family_generic,2902113,AANDERAA_OPTODE_4330,1294,DOXY,c21,0,incois_2902113_meta.nc,PREDEPLOYMENT_CALIB_COEFFICIENT,"foil polynomial c21 (unused term, zero); family-generic (identical in all 13 INCOIS 301 meta.nc)"
family_generic,2902113,AANDERAA_OPTODE_4330,1294,DOXY,c22,0,incois_2902113_meta.nc,PREDEPLOYMENT_CALIB_COEFFICIENT,"foil polynomial c22 (unused term, zero); family-generic (identical in all 13 INCOIS 301 meta.nc)"
family_generic,2902113,AANDERAA_OPTODE_4330,1294,DOXY,c23,0,incois_2902113_meta.nc,PREDEPLOYMENT_CALIB_COEFFICIENT,"foil polynomial c23 (unused term, zero); family-generic (identical in all 13 INCOIS 301 meta.nc)"
family_generic,2902113,AANDERAA_OPTODE_4330,1294,DOXY,c24,0,incois_2902113_meta.nc,PREDEPLOYMENT_CALIB_COEFFICIENT,"foil polynomial c24 (unused term, zero); family-generic (identical in all 13 INCOIS 301 meta.nc)"
family_generic,2902113,AANDERAA_OPTODE_4330,1294,DOXY,c25,0,incois_2902113_meta.nc,PREDEPLOYMENT_CALIB_COEFFICIENT,"foil polynomial c25 (unused term, zero); family-generic (identical in all 13 INCOIS 301 meta.nc)"
family_generic,2902113,AANDERAA_OPTODE_4330,1294,DOXY,c26,0,incois_2902113_meta.nc,PREDEPLOYMENT_CALIB_COEFFICIENT,"foil polynomial c26 (unused term, zero); family-generic (identical in all 13 INCOIS 301 meta.nc)"
family_generic,2902113,AANDERAA_OPTODE_4330,1294,DOXY,c27,0,incois_2902113_meta.nc,PREDEPLOYMENT_CALIB_COEFFICIENT,"foil polynomial c27 (unused term, zero); family-generic (identical in all 13 INCOIS 301 meta.nc)"
float_specific,2902113,AANDERAA_OPTODE_4330,1294,DOXY,c3,-0.185717,incois_2902113_meta.nc,PREDEPLOYMENT_CALIB_COEFFICIENT,foil polynomial c3 (per foil-batch factory calibration); float-specific (varies across the 13 INCOIS 301 meta.nc)
float_specific,2902113,AANDERAA_OPTODE_4330,1294,DOXY,c4,0.00067844,incois_2902113_meta.nc,PREDEPLOYMENT_CALIB_COEFFICIENT,foil polynomial c4 (per foil-batch factory calibration); float-specific (varies across the 13 INCOIS 301 meta.nc)
float_specific,2902113,AANDERAA_OPTODE_4330,1294,DOXY,c5,-5.59791e-07,incois_2902113_meta.nc,PREDEPLOYMENT_CALIB_COEFFICIENT,foil polynomial c5 (per foil-batch factory calibration); float-specific (varies across the 13 INCOIS 301 meta.nc)
float_specific,2902113,AANDERAA_OPTODE_4330,1294,DOXY,c6,10.4016,incois_2902113_meta.nc,PREDEPLOYMENT_CALIB_COEFFICIENT,foil polynomial c6 (per foil-batch factory calibration); float-specific (varies across the 13 INCOIS 301 meta.nc)
float_specific,2902113,AANDERAA_OPTODE_4330,1294,DOXY,c7,-0.0598691,incois_2902113_meta.nc,PREDEPLOYMENT_CALIB_COEFFICIENT,foil polynomial c7 (per foil-batch factory calibration); float-specific (varies across the 13 INCOIS 301 meta.nc)
float_specific,2902113,AANDERAA_OPTODE_4330,1294,DOXY,c8,0.000136042,incois_2902113_meta.nc,PREDEPLOYMENT_CALIB_COEFFICIENT,foil polynomial c8 (per foil-batch factory calibration); float-specific (varies across the 13 INCOIS 301 meta.nc)
float_specific,2902113,AANDERAA_OPTODE_4330,1294,DOXY,c9,-4.77698e-07,incois_2902113_meta.nc,PREDEPLOYMENT_CALIB_COEFFICIENT,foil polynomial c9 (per foil-batch factory calibration); float-specific (varies across the 13 INCOIS 301 meta.nc)
family_generic,2902113,AANDERAA_OPTODE_4330,1294,DOXY,m0,1,incois_2902113_meta.nc,PREDEPLOYMENT_CALIB_COEFFICIENT,"foil polynomial temperature exponent m0 (structural, Aanderaa method; value generic, file formatting varies); family-generic (identical in all 13 INCOIS 301 meta.nc)"
family_generic,2902113,AANDERAA_OPTODE_4330,1294,DOXY,m1,0,incois_2902113_meta.nc,PREDEPLOYMENT_CALIB_COEFFICIENT,"foil polynomial temperature exponent m1 (structural, Aanderaa method; value generic, file formatting varies); family-generic (identical in all 13 INCOIS 301 meta.nc)"
family_generic,2902113,AANDERAA_OPTODE_4330,1294,DOXY,m10,0,incois_2902113_meta.nc,PREDEPLOYMENT_CALIB_COEFFICIENT,"foil polynomial temperature exponent m10 (structural, Aanderaa method; value generic, file formatting varies); family-generic (identical in all 13 INCOIS 301 meta.nc)"
family_generic,2902113,AANDERAA_OPTODE_4330,1294,DOXY,m11,1,incois_2902113_meta.nc,PREDEPLOYMENT_CALIB_COEFFICIENT,"foil polynomial temperature exponent m11 (structural, Aanderaa method; value generic, file formatting varies); family-generic (identical in all 13 INCOIS 301 meta.nc)"
family_generic,2902113,AANDERAA_OPTODE_4330,1294,DOXY,m12,2,incois_2902113_meta.nc,PREDEPLOYMENT_CALIB_COEFFICIENT,"foil polynomial temperature exponent m12 (structural, Aanderaa method; value generic, file formatting varies); family-generic (identical in all 13 INCOIS 301 meta.nc)"
family_generic,2902113,AANDERAA_OPTODE_4330,1294,DOXY,m13,3,incois_2902113_meta.nc,PREDEPLOYMENT_CALIB_COEFFICIENT,"foil polynomial temperature exponent m13 (structural, Aanderaa method; value generic, file formatting varies); family-generic (identical in all 13 INCOIS 301 meta.nc)"
family_generic,2902113,AANDERAA_OPTODE_4330,1294,DOXY,m14,4,incois_2902113_meta.nc,PREDEPLOYMENT_CALIB_COEFFICIENT,"foil polynomial temperature exponent m14 (structural, Aanderaa method; value generic, file formatting varies); family-generic (identical in all 13 INCOIS 301 meta.nc)"
family_generic,2902113,AANDERAA_OPTODE_4330,1294,DOXY,m15,0,incois_2902113_meta.nc,PREDEPLOYMENT_CALIB_COEFFICIENT,"foil polynomial temperature exponent m15 (structural, Aanderaa method; value generic, file formatting varies); family-generic (identical in all 13 INCOIS 301 meta.nc)"
family_generic,2902113,AANDERAA_OPTODE_4330,1294,DOXY,m16,1,incois_2902113_meta.nc,PREDEPLOYMENT_CALIB_COEFFICIENT,"foil polynomial temperature exponent m16 (structural, Aanderaa method; value generic, file formatting varies); family-generic (identical in all 13 INCOIS 301 meta.nc)"
family_generic,2902113,AANDERAA_OPTODE_4330,1294,DOXY,m17,2,incois_2902113_meta.nc,PREDEPLOYMENT_CALIB_COEFFICIENT,"foil polynomial temperature exponent m17 (structural, Aanderaa method; value generic, file formatting varies); family-generic (identical in all 13 INCOIS 301 meta.nc)"
family_generic,2902113,AANDERAA_OPTODE_4330,1294,DOXY,m18,3,incois_2902113_meta.nc,PREDEPLOYMENT_CALIB_COEFFICIENT,"foil polynomial temperature exponent m18 (structural, Aanderaa method; value generic, file formatting varies); family-generic (identical in all 13 INCOIS 301 meta.nc)"
family_generic,2902113,AANDERAA_OPTODE_4330,1294,DOXY,m19,4,incois_2902113_meta.nc,PREDEPLOYMENT_CALIB_COEFFICIENT,"foil polynomial temperature exponent m19 (structural, Aanderaa method; value generic, file formatting varies); family-generic (identical in all 13 INCOIS 301 meta.nc)"
family_generic,2902113,AANDERAA_OPTODE_4330,1294,DOXY,m2,0,incois_2902113_meta.nc,PREDEPLOYMENT_CALIB_COEFFICIENT,"foil polynomial temperature exponent m2 (structural, Aanderaa method; value generic, file formatting varies); family-generic (identical in all 13 INCOIS 301 meta.nc)"
family_generic,2902113,AANDERAA_OPTODE_4330,1294,DOXY,m20,5,incois_2902113_meta.nc,PREDEPLOYMENT_CALIB_COEFFICIENT,"foil polynomial temperature exponent m20 (structural, Aanderaa method; value generic, file formatting varies); family-generic (identical in all 13 INCOIS 301 meta.nc)"
family_generic,2902113,AANDERAA_OPTODE_4330,1294,DOXY,m21,0,incois_2902113_meta.nc,PREDEPLOYMENT_CALIB_COEFFICIENT,"foil polynomial temperature exponent m21 (structural, Aanderaa method; value generic, file formatting varies); family-generic (identical in all 13 INCOIS 301 meta.nc)"
family_generic,2902113,AANDERAA_OPTODE_4330,1294,DOXY,m22,0,incois_2902113_meta.nc,PREDEPLOYMENT_CALIB_COEFFICIENT,"foil polynomial temperature exponent m22 (structural, Aanderaa method; value generic, file formatting varies); family-generic (identical in all 13 INCOIS 301 meta.nc)"
family_generic,2902113,AANDERAA_OPTODE_4330,1294,DOXY,m23,0,incois_2902113_meta.nc,PREDEPLOYMENT_CALIB_COEFFICIENT,"foil polynomial temperature exponent m23 (structural, Aanderaa method; value generic, file formatting varies); family-generic (identical in all 13 INCOIS 301 meta.nc)"
family_generic,2902113,AANDERAA_OPTODE_4330,1294,DOXY,m24,0,incois_2902113_meta.nc,PREDEPLOYMENT_CALIB_COEFFICIENT,"foil polynomial temperature exponent m24 (structural, Aanderaa method; value generic, file formatting varies); family-generic (identical in all 13 INCOIS 301 meta.nc)"
family_generic,2902113,AANDERAA_OPTODE_4330,1294,DOXY,m25,0,incois_2902113_meta.nc,PREDEPLOYMENT_CALIB_COEFFICIENT,"foil polynomial temperature exponent m25 (structural, Aanderaa method; value generic, file formatting varies); family-generic (identical in all 13 INCOIS 301 meta.nc)"
family_generic,2902113,AANDERAA_OPTODE_4330,1294,DOXY,m26,0,incois_2902113_meta.nc,PREDEPLOYMENT_CALIB_COEFFICIENT,"foil polynomial temperature exponent m26 (structural, Aanderaa method; value generic, file formatting varies); family-generic (identical in all 13 INCOIS 301 meta.nc)"
family_generic,2902113,AANDERAA_OPTODE_4330,1294,DOXY,m27,0,incois_2902113_meta.nc,PREDEPLOYMENT_CALIB_COEFFICIENT,"foil polynomial temperature exponent m27 (structural, Aanderaa method; value generic, file formatting varies); family-generic (identical in all 13 INCOIS 301 meta.nc)"
family_generic,2902113,AANDERAA_OPTODE_4330,1294,DOXY,m3,0,incois_2902113_meta.nc,PREDEPLOYMENT_CALIB_COEFFICIENT,"foil polynomial temperature exponent m3 (structural, Aanderaa method; value generic, file formatting varies); family-generic (identical in all 13 INCOIS 301 meta.nc)"
family_generic,2902113,AANDERAA_OPTODE_4330,1294,DOXY,m4,1,incois_2902113_meta.nc,PREDEPLOYMENT_CALIB_COEFFICIENT,"foil polynomial temperature exponent m4 (structural, Aanderaa method; value generic, file formatting varies); family-generic (identical in all 13 INCOIS 301 meta.nc)"
family_generic,2902113,AANDERAA_OPTODE_4330,1294,DOXY,m5,2,incois_2902113_meta.nc,PREDEPLOYMENT_CALIB_COEFFICIENT,"foil polynomial temperature exponent m5 (structural, Aanderaa method; value generic, file formatting varies); family-generic (identical in all 13 INCOIS 301 meta.nc)"
family_generic,2902113,AANDERAA_OPTODE_4330,1294,DOXY,m6,0,incois_2902113_meta.nc,PREDEPLOYMENT_CALIB_COEFFICIENT,"foil polynomial temperature exponent m6 (structural, Aanderaa method; value generic, file formatting varies); family-generic (identical in all 13 INCOIS 301 meta.nc)"
family_generic,2902113,AANDERAA_OPTODE_4330,1294,DOXY,m7,1,incois_2902113_meta.nc,PREDEPLOYMENT_CALIB_COEFFICIENT,"foil polynomial temperature exponent m7 (structural, Aanderaa method; value generic, file formatting varies); family-generic (identical in all 13 INCOIS 301 meta.nc)"
family_generic,2902113,AANDERAA_OPTODE_4330,1294,DOXY,m8,2,incois_2902113_meta.nc,PREDEPLOYMENT_CALIB_COEFFICIENT,"foil polynomial temperature exponent m8 (structural, Aanderaa method; value generic, file formatting varies); family-generic (identical in all 13 INCOIS 301 meta.nc)"
family_generic,2902113,AANDERAA_OPTODE_4330,1294,DOXY,m9,3,incois_2902113_meta.nc,PREDEPLOYMENT_CALIB_COEFFICIENT,"foil polynomial temperature exponent m9 (structural, Aanderaa method; value generic, file formatting varies); family-generic (identical in all 13 INCOIS 301 meta.nc)"
family_generic,2902113,AANDERAA_OPTODE_4330,1294,DOXY,n0,4,incois_2902113_meta.nc,PREDEPLOYMENT_CALIB_COEFFICIENT,"foil polynomial CalPhase exponent n0 (structural, Aanderaa method; value generic, file formatting varies); family-generic (identical in all 13 INCOIS 301 meta.nc)"
family_generic,2902113,AANDERAA_OPTODE_4330,1294,DOXY,n1,5,incois_2902113_meta.nc,PREDEPLOYMENT_CALIB_COEFFICIENT,"foil polynomial CalPhase exponent n1 (structural, Aanderaa method; value generic, file formatting varies); family-generic (identical in all 13 INCOIS 301 meta.nc)"
family_generic,2902113,AANDERAA_OPTODE_4330,1294,DOXY,n10,1,incois_2902113_meta.nc,PREDEPLOYMENT_CALIB_COEFFICIENT,"foil polynomial CalPhase exponent n10 (structural, Aanderaa method; value generic, file formatting varies); family-generic (identical in all 13 INCOIS 301 meta.nc)"
family_generic,2902113,AANDERAA_OPTODE_4330,1294,DOXY,n11,1,incois_2902113_meta.nc,PREDEPLOYMENT_CALIB_COEFFICIENT,"foil polynomial CalPhase exponent n11 (structural, Aanderaa method; value generic, file formatting varies); family-generic (identical in all 13 INCOIS 301 meta.nc)"
family_generic,2902113,AANDERAA_OPTODE_4330,1294,DOXY,n12,1,incois_2902113_meta.nc,PREDEPLOYMENT_CALIB_COEFFICIENT,"foil polynomial CalPhase exponent n12 (structural, Aanderaa method; value generic, file formatting varies); family-generic (identical in all 13 INCOIS 301 meta.nc)"
family_generic,2902113,AANDERAA_OPTODE_4330,1294,DOXY,n13,1,incois_2902113_meta.nc,PREDEPLOYMENT_CALIB_COEFFICIENT,"foil polynomial CalPhase exponent n13 (structural, Aanderaa method; value generic, file formatting varies); family-generic (identical in all 13 INCOIS 301 meta.nc)"
family_generic,2902113,AANDERAA_OPTODE_4330,1294,DOXY,n14,1,incois_2902113_meta.nc,PREDEPLOYMENT_CALIB_COEFFICIENT,"foil polynomial CalPhase exponent n14 (structural, Aanderaa method; value generic, file formatting varies); family-generic (identical in all 13 INCOIS 301 meta.nc)"
family_generic,2902113,AANDERAA_OPTODE_4330,1294,DOXY,n15,0,incois_2902113_meta.nc,PREDEPLOYMENT_CALIB_COEFFICIENT,"foil polynomial CalPhase exponent n15 (structural, Aanderaa method; value generic, file formatting varies); family-generic (identical in all 13 INCOIS 301 meta.nc)"
family_generic,2902113,AANDERAA_OPTODE_4330,1294,DOXY,n16,0,incois_2902113_meta.nc,PREDEPLOYMENT_CALIB_COEFFICIENT,"foil polynomial CalPhase exponent n16 (structural, Aanderaa method; value generic, file formatting varies); family-generic (identical in all 13 INCOIS 301 meta.nc)"
family_generic,2902113,AANDERAA_OPTODE_4330,1294,DOXY,n17,0,incois_2902113_meta.nc,PREDEPLOYMENT_CALIB_COEFFICIENT,"foil polynomial CalPhase exponent n17 (structural, Aanderaa method; value generic, file formatting varies); family-generic (identical in all 13 INCOIS 301 meta.nc)"
family_generic,2902113,AANDERAA_OPTODE_4330,1294,DOXY,n18,0,incois_2902113_meta.nc,PREDEPLOYMENT_CALIB_COEFFICIENT,"foil polynomial CalPhase exponent n18 (structural, Aanderaa method; value generic, file formatting varies); family-generic (identical in all 13 INCOIS 301 meta.nc)"
family_generic,2902113,AANDERAA_OPTODE_4330,1294,DOXY,n19,0,incois_2902113_meta.nc,PREDEPLOYMENT_CALIB_COEFFICIENT,"foil polynomial CalPhase exponent n19 (structural, Aanderaa method; value generic, file formatting varies); family-generic (identical in all 13 INCOIS 301 meta.nc)"
family_generic,2902113,AANDERAA_OPTODE_4330,1294,DOXY,n2,4,incois_2902113_meta.nc,PREDEPLOYMENT_CALIB_COEFFICIENT,"foil polynomial CalPhase exponent n2 (structural, Aanderaa method; value generic, file formatting varies); family-generic (identical in all 13 INCOIS 301 meta.nc)"
family_generic,2902113,AANDERAA_OPTODE_4330,1294,DOXY,n20,0,incois_2902113_meta.nc,PREDEPLOYMENT_CALIB_COEFFICIENT,"foil polynomial CalPhase exponent n20 (structural, Aanderaa method; value generic, file formatting varies); family-generic (identical in all 13 INCOIS 301 meta.nc)"
family_generic,2902113,AANDERAA_OPTODE_4330,1294,DOXY,n21,0,incois_2902113_meta.nc,PREDEPLOYMENT_CALIB_COEFFICIENT,"foil polynomial CalPhase exponent n21 (structural, Aanderaa method; value generic, file formatting varies); family-generic (identical in all 13 INCOIS 301 meta.nc)"
family_generic,2902113,AANDERAA_OPTODE_4330,1294,DOXY,n22,0,incois_2902113_meta.nc,PREDEPLOYMENT_CALIB_COEFFICIENT,"foil polynomial CalPhase exponent n22 (structural, Aanderaa method; value generic, file formatting varies); family-generic (identical in all 13 INCOIS 301 meta.nc)"
family_generic,2902113,AANDERAA_OPTODE_4330,1294,DOXY,n23,0,incois_2902113_meta.nc,PREDEPLOYMENT_CALIB_COEFFICIENT,"foil polynomial CalPhase exponent n23 (structural, Aanderaa method; value generic, file formatting varies); family-generic (identical in all 13 INCOIS 301 meta.nc)"
family_generic,2902113,AANDERAA_OPTODE_4330,1294,DOXY,n24,0,incois_2902113_meta.nc,PREDEPLOYMENT_CALIB_COEFFICIENT,"foil polynomial CalPhase exponent n24 (structural, Aanderaa method; value generic, file formatting varies); family-generic (identical in all 13 INCOIS 301 meta.nc)"
family_generic,2902113,AANDERAA_OPTODE_4330,1294,DOXY,n25,0,incois_2902113_meta.nc,PREDEPLOYMENT_CALIB_COEFFICIENT,"foil polynomial CalPhase exponent n25 (structural, Aanderaa method; value generic, file formatting varies); family-generic (identical in all 13 INCOIS 301 meta.nc)"
family_generic,2902113,AANDERAA_OPTODE_4330,1294,DOXY,n26,0,incois_2902113_meta.nc,PREDEPLOYMENT_CALIB_COEFFICIENT,"foil polynomial CalPhase exponent n26 (structural, Aanderaa method; value generic, file formatting varies); family-generic (identical in all 13 INCOIS 301 meta.nc)"
family_generic,2902113,AANDERAA_OPTODE_4330,1294,DOXY,n27,0,incois_2902113_meta.nc,PREDEPLOYMENT_CALIB_COEFFICIENT,"foil polynomial CalPhase exponent n27 (structural, Aanderaa method; value generic, file formatting varies); family-generic (identical in all 13 INCOIS 301 meta.nc)"
family_generic,2902113,AANDERAA_OPTODE_4330,1294,DOXY,n3,3,incois_2902113_meta.nc,PREDEPLOYMENT_CALIB_COEFFICIENT,"foil polynomial CalPhase exponent n3 (structural, Aanderaa method; value generic, file formatting varies); family-generic (identical in all 13 INCOIS 301 meta.nc)"
family_generic,2902113,AANDERAA_OPTODE_4330,1294,DOXY,n4,3,incois_2902113_meta.nc,PREDEPLOYMENT_CALIB_COEFFICIENT,"foil polynomial CalPhase exponent n4 (structural, Aanderaa method; value generic, file formatting varies); family-generic (identical in all 13 INCOIS 301 meta.nc)"
family_generic,2902113,AANDERAA_OPTODE_4330,1294,DOXY,n5,3,incois_2902113_meta.nc,PREDEPLOYMENT_CALIB_COEFFICIENT,"foil polynomial CalPhase exponent n5 (structural, Aanderaa method; value generic, file formatting varies); family-generic (identical in all 13 INCOIS 301 meta.nc)"
family_generic,2902113,AANDERAA_OPTODE_4330,1294,DOXY,n6,2,incois_2902113_meta.nc,PREDEPLOYMENT_CALIB_COEFFICIENT,"foil polynomial CalPhase exponent n6 (structural, Aanderaa method; value generic, file formatting varies); family-generic (identical in all 13 INCOIS 301 meta.nc)"
family_generic,2902113,AANDERAA_OPTODE_4330,1294,DOXY,n7,2,incois_2902113_meta.nc,PREDEPLOYMENT_CALIB_COEFFICIENT,"foil polynomial CalPhase exponent n7 (structural, Aanderaa method; value generic, file formatting varies); family-generic (identical in all 13 INCOIS 301 meta.nc)"
family_generic,2902113,AANDERAA_OPTODE_4330,1294,DOXY,n8,2,incois_2902113_meta.nc,PREDEPLOYMENT_CALIB_COEFFICIENT,"foil polynomial CalPhase exponent n8 (structural, Aanderaa method; value generic, file formatting varies); family-generic (identical in all 13 INCOIS 301 meta.nc)"
family_generic,2902113,AANDERAA_OPTODE_4330,1294,DOXY,n9,2,incois_2902113_meta.nc,PREDEPLOYMENT_CALIB_COEFFICIENT,"foil polynomial CalPhase exponent n9 (structural, Aanderaa method; value generic, file formatting varies); family-generic (identical in all 13 INCOIS 301 meta.nc)"
float_specific,2902113,AANDERAA_OPTODE_4330,1294,TEMP_DOXY,T0,19.8838,incois_2902113_meta.nc,PREDEPLOYMENT_CALIB_COEFFICIENT,"optode thermistor polynomial T0 (per-unit factory calibration; firmware-internal, reference only); float-specific (varies across the 13 INCOIS 301 meta.nc)"
float_specific,2902113,AANDERAA_OPTODE_4330,1294,TEMP_DOXY,T1,-0.0299283,incois_2902113_meta.nc,PREDEPLOYMENT_CALIB_COEFFICIENT,"optode thermistor polynomial T1 (per-unit factory calibration; firmware-internal, reference only); float-specific (varies across the 13 INCOIS 301 meta.nc)"
float_specific,2902113,AANDERAA_OPTODE_4330,1294,TEMP_DOXY,T2,2.8128e-06,incois_2902113_meta.nc,PREDEPLOYMENT_CALIB_COEFFICIENT,"optode thermistor polynomial T2 (per-unit factory calibration; firmware-internal, reference only); float-specific (varies across the 13 INCOIS 301 meta.nc)"
float_specific,2902113,AANDERAA_OPTODE_4330,1294,TEMP_DOXY,T3,-4.12082e-09,incois_2902113_meta.nc,PREDEPLOYMENT_CALIB_COEFFICIENT,"optode thermistor polynomial T3 (per-unit factory calibration; firmware-internal, reference only); float-specific (varies across the 13 INCOIS 301 meta.nc)"
family_generic,2902113,AANDERAA_OPTODE_4330,1294,TEMP_DOXY,T4,0,incois_2902113_meta.nc,PREDEPLOYMENT_CALIB_COEFFICIENT,"optode thermistor polynomial T4 (per-unit factory calibration; firmware-internal, reference only); family-generic (identical in all 13 INCOIS 301 meta.nc)"
family_generic,2902113,AANDERAA_OPTODE_4330,1294,TEMP_DOXY,T5,0,incois_2902113_meta.nc,PREDEPLOYMENT_CALIB_COEFFICIENT,"optode thermistor polynomial T5 (per-unit factory calibration; firmware-internal, reference only); family-generic (identical in all 13 INCOIS 301 meta.nc)"
float_specific,2902114,ECO_FLBB,3046,BBP700,DARK_BACKSCATTERING700,50,incois_2902114_meta.nc,PREDEPLOYMENT_CALIB_COEFFICIENT,WETLABS factory backscatter dark counts; float-specific (varies across the 13 INCOIS 301 meta.nc)
float_specific,2902114,ECO_FLBB,3046,BBP700,SCALE_BACKSCATTERING700,1.387e-06,incois_2902114_meta.nc,PREDEPLOYMENT_CALIB_COEFFICIENT,WETLABS factory backscatter scale [m-1 per count]; float-specific (varies across the 13 INCOIS 301 meta.nc)
family_generic,2902114,ECO_FLBB,3046,BBP700,khi,1.097,incois_2902114_meta.nc,PREDEPLOYMENT_CALIB_COEFFICIENT,Boss/Roesler chi factor 1.097 for 142-degree backscatter; family-generic (identical in all 13 INCOIS 301 meta.nc)
float_specific,2902114,ECO_FLBB,3046,CHLA,DARK_CHLA,50,incois_2902114_meta.nc,PREDEPLOYMENT_CALIB_COEFFICIENT,WETLABS factory chlorophyll dark counts; float-specific (varies across the 13 INCOIS 301 meta.nc)
family_generic,2902114,ECO_FLBB,3046,CHLA,SCALE_CHLA,0.0073,incois_2902114_meta.nc,PREDEPLOYMENT_CALIB_COEFFICIENT,WETLABS factory chlorophyll scale [ug/L per count]; family-generic (identical in all 13 INCOIS 301 meta.nc)
family_generic,2902114,AANDERAA_OPTODE_4330,1295,DOXY,A0,2.00856,incois_2902114_meta.nc,PREDEPLOYMENT_CALIB_COEFFICIENT,Weiss Cstar solubility A0; family-generic (identical in all 13 INCOIS 301 meta.nc)
family_generic,2902114,AANDERAA_OPTODE_4330,1295,DOXY,A1,3.224,incois_2902114_meta.nc,PREDEPLOYMENT_CALIB_COEFFICIENT,Weiss Cstar solubility A1; family-generic (identical in all 13 INCOIS 301 meta.nc)
family_generic,2902114,AANDERAA_OPTODE_4330,1295,DOXY,A2,3.99063,incois_2902114_meta.nc,PREDEPLOYMENT_CALIB_COEFFICIENT,Weiss Cstar solubility A2; family-generic (identical in all 13 INCOIS 301 meta.nc)
family_generic,2902114,AANDERAA_OPTODE_4330,1295,DOXY,A3,4.80299,incois_2902114_meta.nc,PREDEPLOYMENT_CALIB_COEFFICIENT,Weiss Cstar solubility A3; family-generic (identical in all 13 INCOIS 301 meta.nc)
family_generic,2902114,AANDERAA_OPTODE_4330,1295,DOXY,A4,0.978188,incois_2902114_meta.nc,PREDEPLOYMENT_CALIB_COEFFICIENT,Weiss Cstar solubility A4; family-generic (identical in all 13 INCOIS 301 meta.nc)
family_generic,2902114,AANDERAA_OPTODE_4330,1295,DOXY,A5,1.71069,incois_2902114_meta.nc,PREDEPLOYMENT_CALIB_COEFFICIENT,Weiss Cstar solubility A5; family-generic (identical in all 13 INCOIS 301 meta.nc)
family_generic,2902114,AANDERAA_OPTODE_4330,1295,DOXY,B0,-0.00624523,incois_2902114_meta.nc,PREDEPLOYMENT_CALIB_COEFFICIENT,Garcia-Gordon-style salinity-correction B0; family-generic (identical in all 13 INCOIS 301 meta.nc)
family_generic,2902114,AANDERAA_OPTODE_4330,1295,DOXY,B1,-0.00737614,incois_2902114_meta.nc,PREDEPLOYMENT_CALIB_COEFFICIENT,Garcia-Gordon-style salinity-correction B1; family-generic (identical in all 13 INCOIS 301 meta.nc)
family_generic,2902114,AANDERAA_OPTODE_4330,1295,DOXY,B2,-0.010341,incois_2902114_meta.nc,PREDEPLOYMENT_CALIB_COEFFICIENT,Garcia-Gordon-style salinity-correction B2; family-generic (identical in all 13 INCOIS 301 meta.nc)
family_generic,2902114,AANDERAA_OPTODE_4330,1295,DOXY,B3,-0.00817083,incois_2902114_meta.nc,PREDEPLOYMENT_CALIB_COEFFICIENT,Garcia-Gordon-style salinity-correction B3; family-generic (identical in all 13 INCOIS 301 meta.nc)
family_generic,2902114,AANDERAA_OPTODE_4330,1295,DOXY,C0,-4.88682e-07,incois_2902114_meta.nc,PREDEPLOYMENT_CALIB_COEFFICIENT,salinity-correction C0 (PSAL^2 term); family-generic (identical in all 13 INCOIS 301 meta.nc)
family_generic,2902114,AANDERAA_OPTODE_4330,1295,DOXY,D0,24.4543,incois_2902114_meta.nc,PREDEPLOYMENT_CALIB_COEFFICIENT,vapour-pressure D0; family-generic (identical in all 13 INCOIS 301 meta.nc)
family_generic,2902114,AANDERAA_OPTODE_4330,1295,DOXY,D1,-67.4509,incois_2902114_meta.nc,PREDEPLOYMENT_CALIB_COEFFICIENT,vapour-pressure D1; family-generic (identical in all 13 INCOIS 301 meta.nc)
family_generic,2902114,AANDERAA_OPTODE_4330,1295,DOXY,D2,-4.8489,incois_2902114_meta.nc,PREDEPLOYMENT_CALIB_COEFFICIENT,vapour-pressure D2; family-generic (identical in all 13 INCOIS 301 meta.nc)
family_generic,2902114,AANDERAA_OPTODE_4330,1295,DOXY,D3,-0.000544,incois_2902114_meta.nc,PREDEPLOYMENT_CALIB_COEFFICIENT,vapour-pressure D3 (salinity term); family-generic (identical in all 13 INCOIS 301 meta.nc)
family_generic,2902114,AANDERAA_OPTODE_4330,1295,DOXY,Pcoef1,0.1,incois_2902114_meta.nc,PREDEPLOYMENT_CALIB_COEFFICIENT,phase pressure-compensation slope [deg per bar/1000]; Aanderaa default 0.1; family-generic (identical in all 13 INCOIS 301 meta.nc)
family_generic,2902114,AANDERAA_OPTODE_4330,1295,DOXY,Pcoef2,0.00022,incois_2902114_meta.nc,PREDEPLOYMENT_CALIB_COEFFICIENT,Pcorr temperature slope; Aanderaa default; family-generic (identical in all 13 INCOIS 301 meta.nc)
family_generic,2902114,AANDERAA_OPTODE_4330,1295,DOXY,Pcoef3,0.0419,incois_2902114_meta.nc,PREDEPLOYMENT_CALIB_COEFFICIENT,Pcorr intercept; Aanderaa default; family-generic (identical in all 13 INCOIS 301 meta.nc)
float_specific,2902114,AANDERAA_OPTODE_4330,1295,DOXY,PhaseCoef0,0,incois_2902114_meta.nc,PREDEPLOYMENT_CALIB_COEFFICIENT,CalPhase cubic c0 (per-foil factory calibration); float-specific (varies across the 13 INCOIS 301 meta.nc)
float_specific,2902114,AANDERAA_OPTODE_4330,1295,DOXY,PhaseCoef1,1,incois_2902114_meta.nc,PREDEPLOYMENT_CALIB_COEFFICIENT,CalPhase cubic c1 (per-foil factory calibration); float-specific (varies across the 13 INCOIS 301 meta.nc)
family_generic,2902114,AANDERAA_OPTODE_4330,1295,DOXY,PhaseCoef2,0,incois_2902114_meta.nc,PREDEPLOYMENT_CALIB_COEFFICIENT,CalPhase cubic c2 (zero: Aanderaa standard foils); family-generic (identical in all 13 INCOIS 301 meta.nc)
family_generic,2902114,AANDERAA_OPTODE_4330,1295,DOXY,PhaseCoef3,0,incois_2902114_meta.nc,PREDEPLOYMENT_CALIB_COEFFICIENT,CalPhase cubic c3 (zero: Aanderaa standard foils); family-generic (identical in all 13 INCOIS 301 meta.nc)
family_generic,2902114,AANDERAA_OPTODE_4330,1295,DOXY,Spreset,0,incois_2902114_meta.nc,PREDEPLOYMENT_CALIB_COEFFICIENT,reference salinity [psu] of the Scorr vapour-pressure ratio; family-generic (identical in all 13 INCOIS 301 meta.nc)
float_specific,2902114,AANDERAA_OPTODE_4330,1295,DOXY,c0,-2.98831e-06,incois_2902114_meta.nc,PREDEPLOYMENT_CALIB_COEFFICIENT,foil polynomial c0 (per foil-batch factory calibration); float-specific (varies across the 13 INCOIS 301 meta.nc)
float_specific,2902114,AANDERAA_OPTODE_4330,1295,DOXY,c1,-6.13778e-06,incois_2902114_meta.nc,PREDEPLOYMENT_CALIB_COEFFICIENT,foil polynomial c1 (per foil-batch factory calibration); float-specific (varies across the 13 INCOIS 301 meta.nc)
float_specific,2902114,AANDERAA_OPTODE_4330,1295,DOXY,c10,-303.294,incois_2902114_meta.nc,PREDEPLOYMENT_CALIB_COEFFICIENT,foil polynomial c10 (per foil-batch factory calibration); float-specific (varies across the 13 INCOIS 301 meta.nc)
float_specific,2902114,AANDERAA_OPTODE_4330,1295,DOXY,c11,2.5305,incois_2902114_meta.nc,PREDEPLOYMENT_CALIB_COEFFICIENT,foil polynomial c11 (per foil-batch factory calibration); float-specific (varies across the 13 INCOIS 301 meta.nc)
float_specific,2902114,AANDERAA_OPTODE_4330,1295,DOXY,c12,-0.0126704,incois_2902114_meta.nc,PREDEPLOYMENT_CALIB_COEFFICIENT,foil polynomial c12 (per foil-batch factory calibration); float-specific (varies across the 13 INCOIS 301 meta.nc)
float_specific,2902114,AANDERAA_OPTODE_4330,1295,DOXY,c13,0.000104045,incois_2902114_meta.nc,PREDEPLOYMENT_CALIB_COEFFICIENT,foil polynomial c13 (per foil-batch factory calibration); float-specific (varies across the 13 INCOIS 301 meta.nc)
float_specific,2902114,AANDERAA_OPTODE_4330,1295,DOXY,c14,-3.56039e-07,incois_2902114_meta.nc,PREDEPLOYMENT_CALIB_COEFFICIENT,foil polynomial c14 (per foil-batch factory calibration); float-specific (varies across the 13 INCOIS 301 meta.nc)
float_specific,2902114,AANDERAA_OPTODE_4330,1295,DOXY,c15,3816.71,incois_2902114_meta.nc,PREDEPLOYMENT_CALIB_COEFFICIENT,foil polynomial c15 (per foil-batch factory calibration); float-specific (varies across the 13 INCOIS 301 meta.nc)
float_specific,2902114,AANDERAA_OPTODE_4330,1295,DOXY,c16,-44.7551,incois_2902114_meta.nc,PREDEPLOYMENT_CALIB_COEFFICIENT,foil polynomial c16 (per foil-batch factory calibration); float-specific (varies across the 13 INCOIS 301 meta.nc)
float_specific,2902114,AANDERAA_OPTODE_4330,1295,DOXY,c17,0.438616,incois_2902114_meta.nc,PREDEPLOYMENT_CALIB_COEFFICIENT,foil polynomial c17 (per foil-batch factory calibration); float-specific (varies across the 13 INCOIS 301 meta.nc)
float_specific,2902114,AANDERAA_OPTODE_4330,1295,DOXY,c18,-0.00714634,incois_2902114_meta.nc,PREDEPLOYMENT_CALIB_COEFFICIENT,foil polynomial c18 (per foil-batch factory calibration); float-specific (varies across the 13 INCOIS 301 meta.nc)
float_specific,2902114,AANDERAA_OPTODE_4330,1295,DOXY,c19,8.90624e-05,incois_2902114_meta.nc,PREDEPLOYMENT_CALIB_COEFFICIENT,foil polynomial c19 (per foil-batch factory calibration); float-specific (varies across the 13 INCOIS 301 meta.nc)
float_specific,2902114,AANDERAA_OPTODE_4330,1295,DOXY,c2,0.00168466,incois_2902114_meta.nc,PREDEPLOYMENT_CALIB_COEFFICIENT,foil polynomial c2 (per foil-batch factory calibration); float-specific (varies across the 13 INCOIS 301 meta.nc)
float_specific,2902114,AANDERAA_OPTODE_4330,1295,DOXY,c20,-6.34301e-07,incois_2902114_meta.nc,PREDEPLOYMENT_CALIB_COEFFICIENT,foil polynomial c20 (per foil-batch factory calibration); float-specific (varies across the 13 INCOIS 301 meta.nc)
family_generic,2902114,AANDERAA_OPTODE_4330,1295,DOXY,c21,0,incois_2902114_meta.nc,PREDEPLOYMENT_CALIB_COEFFICIENT,"foil polynomial c21 (unused term, zero); family-generic (identical in all 13 INCOIS 301 meta.nc)"
family_generic,2902114,AANDERAA_OPTODE_4330,1295,DOXY,c22,0,incois_2902114_meta.nc,PREDEPLOYMENT_CALIB_COEFFICIENT,"foil polynomial c22 (unused term, zero); family-generic (identical in all 13 INCOIS 301 meta.nc)"
family_generic,2902114,AANDERAA_OPTODE_4330,1295,DOXY,c23,0,incois_2902114_meta.nc,PREDEPLOYMENT_CALIB_COEFFICIENT,"foil polynomial c23 (unused term, zero); family-generic (identical in all 13 INCOIS 301 meta.nc)"
family_generic,2902114,AANDERAA_OPTODE_4330,1295,DOXY,c24,0,incois_2902114_meta.nc,PREDEPLOYMENT_CALIB_COEFFICIENT,"foil polynomial c24 (unused term, zero); family-generic (identical in all 13 INCOIS 301 meta.nc)"
family_generic,2902114,AANDERAA_OPTODE_4330,1295,DOXY,c25,0,incois_2902114_meta.nc,PREDEPLOYMENT_CALIB_COEFFICIENT,"foil polynomial c25 (unused term, zero); family-generic (identical in all 13 INCOIS 301 meta.nc)"
family_generic,2902114,AANDERAA_OPTODE_4330,1295,DOXY,c26,0,incois_2902114_meta.nc,PREDEPLOYMENT_CALIB_COEFFICIENT,"foil polynomial c26 (unused term, zero); family-generic (identical in all 13 INCOIS 301 meta.nc)"
family_generic,2902114,AANDERAA_OPTODE_4330,1295,DOXY,c27,0,incois_2902114_meta.nc,PREDEPLOYMENT_CALIB_COEFFICIENT,"foil polynomial c27 (unused term, zero); family-generic (identical in all 13 INCOIS 301 meta.nc)"
float_specific,2902114,AANDERAA_OPTODE_4330,1295,DOXY,c3,-0.185717,incois_2902114_meta.nc,PREDEPLOYMENT_CALIB_COEFFICIENT,foil polynomial c3 (per foil-batch factory calibration); float-specific (varies across the 13 INCOIS 301 meta.nc)
float_specific,2902114,AANDERAA_OPTODE_4330,1295,DOXY,c4,0.00067844,incois_2902114_meta.nc,PREDEPLOYMENT_CALIB_COEFFICIENT,foil polynomial c4 (per foil-batch factory calibration); float-specific (varies across the 13 INCOIS 301 meta.nc)
float_specific,2902114,AANDERAA_OPTODE_4330,1295,DOXY,c5,-5.59791e-07,incois_2902114_meta.nc,PREDEPLOYMENT_CALIB_COEFFICIENT,foil polynomial c5 (per foil-batch factory calibration); float-specific (varies across the 13 INCOIS 301 meta.nc)
float_specific,2902114,AANDERAA_OPTODE_4330,1295,DOXY,c6,10.4016,incois_2902114_meta.nc,PREDEPLOYMENT_CALIB_COEFFICIENT,foil polynomial c6 (per foil-batch factory calibration); float-specific (varies across the 13 INCOIS 301 meta.nc)
float_specific,2902114,AANDERAA_OPTODE_4330,1295,DOXY,c7,-0.0598691,incois_2902114_meta.nc,PREDEPLOYMENT_CALIB_COEFFICIENT,foil polynomial c7 (per foil-batch factory calibration); float-specific (varies across the 13 INCOIS 301 meta.nc)
float_specific,2902114,AANDERAA_OPTODE_4330,1295,DOXY,c8,0.000136042,incois_2902114_meta.nc,PREDEPLOYMENT_CALIB_COEFFICIENT,foil polynomial c8 (per foil-batch factory calibration); float-specific (varies across the 13 INCOIS 301 meta.nc)
float_specific,2902114,AANDERAA_OPTODE_4330,1295,DOXY,c9,-4.77698e-07,incois_2902114_meta.nc,PREDEPLOYMENT_CALIB_COEFFICIENT,foil polynomial c9 (per foil-batch factory calibration); float-specific (varies across the 13 INCOIS 301 meta.nc)
family_generic,2902114,AANDERAA_OPTODE_4330,1295,DOXY,m0,1,incois_2902114_meta.nc,PREDEPLOYMENT_CALIB_COEFFICIENT,"foil polynomial temperature exponent m0 (structural, Aanderaa method; value generic, file formatting varies); family-generic (identical in all 13 INCOIS 301 meta.nc)"
family_generic,2902114,AANDERAA_OPTODE_4330,1295,DOXY,m1,0,incois_2902114_meta.nc,PREDEPLOYMENT_CALIB_COEFFICIENT,"foil polynomial temperature exponent m1 (structural, Aanderaa method; value generic, file formatting varies); family-generic (identical in all 13 INCOIS 301 meta.nc)"
family_generic,2902114,AANDERAA_OPTODE_4330,1295,DOXY,m10,0,incois_2902114_meta.nc,PREDEPLOYMENT_CALIB_COEFFICIENT,"foil polynomial temperature exponent m10 (structural, Aanderaa method; value generic, file formatting varies); family-generic (identical in all 13 INCOIS 301 meta.nc)"
family_generic,2902114,AANDERAA_OPTODE_4330,1295,DOXY,m11,1,incois_2902114_meta.nc,PREDEPLOYMENT_CALIB_COEFFICIENT,"foil polynomial temperature exponent m11 (structural, Aanderaa method; value generic, file formatting varies); family-generic (identical in all 13 INCOIS 301 meta.nc)"
family_generic,2902114,AANDERAA_OPTODE_4330,1295,DOXY,m12,2,incois_2902114_meta.nc,PREDEPLOYMENT_CALIB_COEFFICIENT,"foil polynomial temperature exponent m12 (structural, Aanderaa method; value generic, file formatting varies); family-generic (identical in all 13 INCOIS 301 meta.nc)"
family_generic,2902114,AANDERAA_OPTODE_4330,1295,DOXY,m13,3,incois_2902114_meta.nc,PREDEPLOYMENT_CALIB_COEFFICIENT,"foil polynomial temperature exponent m13 (structural, Aanderaa method; value generic, file formatting varies); family-generic (identical in all 13 INCOIS 301 meta.nc)"
family_generic,2902114,AANDERAA_OPTODE_4330,1295,DOXY,m14,4,incois_2902114_meta.nc,PREDEPLOYMENT_CALIB_COEFFICIENT,"foil polynomial temperature exponent m14 (structural, Aanderaa method; value generic, file formatting varies); family-generic (identical in all 13 INCOIS 301 meta.nc)"
family_generic,2902114,AANDERAA_OPTODE_4330,1295,DOXY,m15,0,incois_2902114_meta.nc,PREDEPLOYMENT_CALIB_COEFFICIENT,"foil polynomial temperature exponent m15 (structural, Aanderaa method; value generic, file formatting varies); family-generic (identical in all 13 INCOIS 301 meta.nc)"
family_generic,2902114,AANDERAA_OPTODE_4330,1295,DOXY,m16,1,incois_2902114_meta.nc,PREDEPLOYMENT_CALIB_COEFFICIENT,"foil polynomial temperature exponent m16 (structural, Aanderaa method; value generic, file formatting varies); family-generic (identical in all 13 INCOIS 301 meta.nc)"
family_generic,2902114,AANDERAA_OPTODE_4330,1295,DOXY,m17,2,incois_2902114_meta.nc,PREDEPLOYMENT_CALIB_COEFFICIENT,"foil polynomial temperature exponent m17 (structural, Aanderaa method; value generic, file formatting varies); family-generic (identical in all 13 INCOIS 301 meta.nc)"
family_generic,2902114,AANDERAA_OPTODE_4330,1295,DOXY,m18,3,incois_2902114_meta.nc,PREDEPLOYMENT_CALIB_COEFFICIENT,"foil polynomial temperature exponent m18 (structural, Aanderaa method; value generic, file formatting varies); family-generic (identical in all 13 INCOIS 301 meta.nc)"
family_generic,2902114,AANDERAA_OPTODE_4330,1295,DOXY,m19,4,incois_2902114_meta.nc,PREDEPLOYMENT_CALIB_COEFFICIENT,"foil polynomial temperature exponent m19 (structural, Aanderaa method; value generic, file formatting varies); family-generic (identical in all 13 INCOIS 301 meta.nc)"
family_generic,2902114,AANDERAA_OPTODE_4330,1295,DOXY,m2,0,incois_2902114_meta.nc,PREDEPLOYMENT_CALIB_COEFFICIENT,"foil polynomial temperature exponent m2 (structural, Aanderaa method; value generic, file formatting varies); family-generic (identical in all 13 INCOIS 301 meta.nc)"
family_generic,2902114,AANDERAA_OPTODE_4330,1295,DOXY,m20,5,incois_2902114_meta.nc,PREDEPLOYMENT_CALIB_COEFFICIENT,"foil polynomial temperature exponent m20 (structural, Aanderaa method; value generic, file formatting varies); family-generic (identical in all 13 INCOIS 301 meta.nc)"
family_generic,2902114,AANDERAA_OPTODE_4330,1295,DOXY,m21,0,incois_2902114_meta.nc,PREDEPLOYMENT_CALIB_COEFFICIENT,"foil polynomial temperature exponent m21 (structural, Aanderaa method; value generic, file formatting varies); family-generic (identical in all 13 INCOIS 301 meta.nc)"
family_generic,2902114,AANDERAA_OPTODE_4330,1295,DOXY,m22,0,incois_2902114_meta.nc,PREDEPLOYMENT_CALIB_COEFFICIENT,"foil polynomial temperature exponent m22 (structural, Aanderaa method; value generic, file formatting varies); family-generic (identical in all 13 INCOIS 301 meta.nc)"
family_generic,2902114,AANDERAA_OPTODE_4330,1295,DOXY,m23,0,incois_2902114_meta.nc,PREDEPLOYMENT_CALIB_COEFFICIENT,"foil polynomial temperature exponent m23 (structural, Aanderaa method; value generic, file formatting varies); family-generic (identical in all 13 INCOIS 301 meta.nc)"
family_generic,2902114,AANDERAA_OPTODE_4330,1295,DOXY,m24,0,incois_2902114_meta.nc,PREDEPLOYMENT_CALIB_COEFFICIENT,"foil polynomial temperature exponent m24 (structural, Aanderaa method; value generic, file formatting varies); family-generic (identical in all 13 INCOIS 301 meta.nc)"
family_generic,2902114,AANDERAA_OPTODE_4330,1295,DOXY,m25,0,incois_2902114_meta.nc,PREDEPLOYMENT_CALIB_COEFFICIENT,"foil polynomial temperature exponent m25 (structural, Aanderaa method; value generic, file formatting varies); family-generic (identical in all 13 INCOIS 301 meta.nc)"
family_generic,2902114,AANDERAA_OPTODE_4330,1295,DOXY,m26,0,incois_2902114_meta.nc,PREDEPLOYMENT_CALIB_COEFFICIENT,"foil polynomial temperature exponent m26 (structural, Aanderaa method; value generic, file formatting varies); family-generic (identical in all 13 INCOIS 301 meta.nc)"
family_generic,2902114,AANDERAA_OPTODE_4330,1295,DOXY,m27,0,incois_2902114_meta.nc,PREDEPLOYMENT_CALIB_COEFFICIENT,"foil polynomial temperature exponent m27 (structural, Aanderaa method; value generic, file formatting varies); family-generic (identical in all 13 INCOIS 301 meta.nc)"
family_generic,2902114,AANDERAA_OPTODE_4330,1295,DOXY,m3,0,incois_2902114_meta.nc,PREDEPLOYMENT_CALIB_COEFFICIENT,"foil polynomial temperature exponent m3 (structural, Aanderaa method; value generic, file formatting varies); family-generic (identical in all 13 INCOIS 301 meta.nc)"
family_generic,2902114,AANDERAA_OPTODE_4330,1295,DOXY,m4,1,incois_2902114_meta.nc,PREDEPLOYMENT_CALIB_COEFFICIENT,"foil polynomial temperature exponent m4 (structural, Aanderaa method; value generic, file formatting varies); family-generic (identical in all 13 INCOIS 301 meta.nc)"
family_generic,2902114,AANDERAA_OPTODE_4330,1295,DOXY,m5,2,incois_2902114_meta.nc,PREDEPLOYMENT_CALIB_COEFFICIENT,"foil polynomial temperature exponent m5 (structural, Aanderaa method; value generic, file formatting varies); family-generic (identical in all 13 INCOIS 301 meta.nc)"
family_generic,2902114,AANDERAA_OPTODE_4330,1295,DOXY,m6,0,incois_2902114_meta.nc,PREDEPLOYMENT_CALIB_COEFFICIENT,"foil polynomial temperature exponent m6 (structural, Aanderaa method; value generic, file formatting varies); family-generic (identical in all 13 INCOIS 301 meta.nc)"
family_generic,2902114,AANDERAA_OPTODE_4330,1295,DOXY,m7,1,incois_2902114_meta.nc,PREDEPLOYMENT_CALIB_COEFFICIENT,"foil polynomial temperature exponent m7 (structural, Aanderaa method; value generic, file formatting varies); family-generic (identical in all 13 INCOIS 301 meta.nc)"
family_generic,2902114,AANDERAA_OPTODE_4330,1295,DOXY,m8,2,incois_2902114_meta.nc,PREDEPLOYMENT_CALIB_COEFFICIENT,"foil polynomial temperature exponent m8 (structural, Aanderaa method; value generic, file formatting varies); family-generic (identical in all 13 INCOIS 301 meta.nc)"
family_generic,2902114,AANDERAA_OPTODE_4330,1295,DOXY,m9,3,incois_2902114_meta.nc,PREDEPLOYMENT_CALIB_COEFFICIENT,"foil polynomial temperature exponent m9 (structural, Aanderaa method; value generic, file formatting varies); family-generic (identical in all 13 INCOIS 301 meta.nc)"
family_generic,2902114,AANDERAA_OPTODE_4330,1295,DOXY,n0,4,incois_2902114_meta.nc,PREDEPLOYMENT_CALIB_COEFFICIENT,"foil polynomial CalPhase exponent n0 (structural, Aanderaa method; value generic, file formatting varies); family-generic (identical in all 13 INCOIS 301 meta.nc)"
family_generic,2902114,AANDERAA_OPTODE_4330,1295,DOXY,n1,5,incois_2902114_meta.nc,PREDEPLOYMENT_CALIB_COEFFICIENT,"foil polynomial CalPhase exponent n1 (structural, Aanderaa method; value generic, file formatting varies); family-generic (identical in all 13 INCOIS 301 meta.nc)"
family_generic,2902114,AANDERAA_OPTODE_4330,1295,DOXY,n10,1,incois_2902114_meta.nc,PREDEPLOYMENT_CALIB_COEFFICIENT,"foil polynomial CalPhase exponent n10 (structural, Aanderaa method; value generic, file formatting varies); family-generic (identical in all 13 INCOIS 301 meta.nc)"
family_generic,2902114,AANDERAA_OPTODE_4330,1295,DOXY,n11,1,incois_2902114_meta.nc,PREDEPLOYMENT_CALIB_COEFFICIENT,"foil polynomial CalPhase exponent n11 (structural, Aanderaa method; value generic, file formatting varies); family-generic (identical in all 13 INCOIS 301 meta.nc)"
family_generic,2902114,AANDERAA_OPTODE_4330,1295,DOXY,n12,1,incois_2902114_meta.nc,PREDEPLOYMENT_CALIB_COEFFICIENT,"foil polynomial CalPhase exponent n12 (structural, Aanderaa method; value generic, file formatting varies); family-generic (identical in all 13 INCOIS 301 meta.nc)"
family_generic,2902114,AANDERAA_OPTODE_4330,1295,DOXY,n13,1,incois_2902114_meta.nc,PREDEPLOYMENT_CALIB_COEFFICIENT,"foil polynomial CalPhase exponent n13 (structural, Aanderaa method; value generic, file formatting varies); family-generic (identical in all 13 INCOIS 301 meta.nc)"
family_generic,2902114,AANDERAA_OPTODE_4330,1295,DOXY,n14,1,incois_2902114_meta.nc,PREDEPLOYMENT_CALIB_COEFFICIENT,"foil polynomial CalPhase exponent n14 (structural, Aanderaa method; value generic, file formatting varies); family-generic (identical in all 13 INCOIS 301 meta.nc)"
family_generic,2902114,AANDERAA_OPTODE_4330,1295,DOXY,n15,0,incois_2902114_meta.nc,PREDEPLOYMENT_CALIB_COEFFICIENT,"foil polynomial CalPhase exponent n15 (structural, Aanderaa method; value generic, file formatting varies); family-generic (identical in all 13 INCOIS 301 meta.nc)"
family_generic,2902114,AANDERAA_OPTODE_4330,1295,DOXY,n16,0,incois_2902114_meta.nc,PREDEPLOYMENT_CALIB_COEFFICIENT,"foil polynomial CalPhase exponent n16 (structural, Aanderaa method; value generic, file formatting varies); family-generic (identical in all 13 INCOIS 301 meta.nc)"
family_generic,2902114,AANDERAA_OPTODE_4330,1295,DOXY,n17,0,incois_2902114_meta.nc,PREDEPLOYMENT_CALIB_COEFFICIENT,"foil polynomial CalPhase exponent n17 (structural, Aanderaa method; value generic, file formatting varies); family-generic (identical in all 13 INCOIS 301 meta.nc)"
family_generic,2902114,AANDERAA_OPTODE_4330,1295,DOXY,n18,0,incois_2902114_meta.nc,PREDEPLOYMENT_CALIB_COEFFICIENT,"foil polynomial CalPhase exponent n18 (structural, Aanderaa method; value generic, file formatting varies); family-generic (identical in all 13 INCOIS 301 meta.nc)"
family_generic,2902114,AANDERAA_OPTODE_4330,1295,DOXY,n19,0,incois_2902114_meta.nc,PREDEPLOYMENT_CALIB_COEFFICIENT,"foil polynomial CalPhase exponent n19 (structural, Aanderaa method; value generic, file formatting varies); family-generic (identical in all 13 INCOIS 301 meta.nc)"
family_generic,2902114,AANDERAA_OPTODE_4330,1295,DOXY,n2,4,incois_2902114_meta.nc,PREDEPLOYMENT_CALIB_COEFFICIENT,"foil polynomial CalPhase exponent n2 (structural, Aanderaa method; value generic, file formatting varies); family-generic (identical in all 13 INCOIS 301 meta.nc)"
family_generic,2902114,AANDERAA_OPTODE_4330,1295,DOXY,n20,0,incois_2902114_meta.nc,PREDEPLOYMENT_CALIB_COEFFICIENT,"foil polynomial CalPhase exponent n20 (structural, Aanderaa method; value generic, file formatting varies); family-generic (identical in all 13 INCOIS 301 meta.nc)"
family_generic,2902114,AANDERAA_OPTODE_4330,1295,DOXY,n21,0,incois_2902114_meta.nc,PREDEPLOYMENT_CALIB_COEFFICIENT,"foil polynomial CalPhase exponent n21 (structural, Aanderaa method; value generic, file formatting varies); family-generic (identical in all 13 INCOIS 301 meta.nc)"
family_generic,2902114,AANDERAA_OPTODE_4330,1295,DOXY,n22,0,incois_2902114_meta.nc,PREDEPLOYMENT_CALIB_COEFFICIENT,"foil polynomial CalPhase exponent n22 (structural, Aanderaa method; value generic, file formatting varies); family-generic (identical in all 13 INCOIS 301 meta.nc)"
family_generic,2902114,AANDERAA_OPTODE_4330,1295,DOXY,n23,0,incois_2902114_meta.nc,PREDEPLOYMENT_CALIB_COEFFICIENT,"foil polynomial CalPhase exponent n23 (structural, Aanderaa method; value generic, file formatting varies); family-generic (identical in all 13 INCOIS 301 meta.nc)"
family_generic,2902114,AANDERAA_OPTODE_4330,1295,DOXY,n24,0,incois_2902114_meta.nc,PREDEPLOYMENT_CALIB_COEFFICIENT,"foil polynomial CalPhase exponent n24 (structural, Aanderaa method; value generic, file formatting varies); family-generic (identical in all 13 INCOIS 301 meta.nc)"
family_generic,2902114,AANDERAA_OPTODE_4330,1295,DOXY,n25,0,incois_2902114_meta.nc,PREDEPLOYMENT_CALIB_COEFFICIENT,"foil polynomial CalPhase exponent n25 (structural, Aanderaa method; value generic, file formatting varies); family-generic (identical in all 13 INCOIS 301 meta.nc)"
family_generic,2902114,AANDERAA_OPTODE_4330,1295,DOXY,n26,0,incois_2902114_meta.nc,PREDEPLOYMENT_CALIB_COEFFICIENT,"foil polynomial CalPhase exponent n26 (structural, Aanderaa method; value generic, file formatting varies); family-generic (identical in all 13 INCOIS 301 meta.nc)"
family_generic,2902114,AANDERAA_OPTODE_4330,1295,DOXY,n27,0,incois_2902114_meta.nc,PREDEPLOYMENT_CALIB_COEFFICIENT,"foil polynomial CalPhase exponent n27 (structural, Aanderaa method; value generic, file formatting varies); family-generic (identical in all 13 INCOIS 301 meta.nc)"
family_generic,2902114,AANDERAA_OPTODE_4330,1295,DOXY,n3,3,incois_2902114_meta.nc,PREDEPLOYMENT_CALIB_COEFFICIENT,"foil polynomial CalPhase exponent n3 (structural, Aanderaa method; value generic, file formatting varies); family-generic (identical in all 13 INCOIS 301 meta.nc)"
family_generic,2902114,AANDERAA_OPTODE_4330,1295,DOXY,n4,3,incois_2902114_meta.nc,PREDEPLOYMENT_CALIB_COEFFICIENT,"foil polynomial CalPhase exponent n4 (structural, Aanderaa method; value generic, file formatting varies); family-generic (identical in all 13 INCOIS 301 meta.nc)"
family_generic,2902114,AANDERAA_OPTODE_4330,1295,DOXY,n5,3,incois_2902114_meta.nc,PREDEPLOYMENT_CALIB_COEFFICIENT,"foil polynomial CalPhase exponent n5 (structural, Aanderaa method; value generic, file formatting varies); family-generic (identical in all 13 INCOIS 301 meta.nc)"
family_generic,2902114,AANDERAA_OPTODE_4330,1295,DOXY,n6,2,incois_2902114_meta.nc,PREDEPLOYMENT_CALIB_COEFFICIENT,"foil polynomial CalPhase exponent n6 (structural, Aanderaa method; value generic, file formatting varies); family-generic (identical in all 13 INCOIS 301 meta.nc)"
family_generic,2902114,AANDERAA_OPTODE_4330,1295,DOXY,n7,2,incois_2902114_meta.nc,PREDEPLOYMENT_CALIB_COEFFICIENT,"foil polynomial CalPhase exponent n7 (structural, Aanderaa method; value generic, file formatting varies); family-generic (identical in all 13 INCOIS 301 meta.nc)"
family_generic,2902114,AANDERAA_OPTODE_4330,1295,DOXY,n8,2,incois_2902114_meta.nc,PREDEPLOYMENT_CALIB_COEFFICIENT,"foil polynomial CalPhase exponent n8 (structural, Aanderaa method; value generic, file formatting varies); family-generic (identical in all 13 INCOIS 301 meta.nc)"
family_generic,2902114,AANDERAA_OPTODE_4330,1295,DOXY,n9,2,incois_2902114_meta.nc,PREDEPLOYMENT_CALIB_COEFFICIENT,"foil polynomial CalPhase exponent n9 (structural, Aanderaa method; value generic, file formatting varies); family-generic (identical in all 13 INCOIS 301 meta.nc)"
float_specific,2902114,AANDERAA_OPTODE_4330,1295,TEMP_DOXY,T0,24.749,incois_2902114_meta.nc,PREDEPLOYMENT_CALIB_COEFFICIENT,"optode thermistor polynomial T0 (per-unit factory calibration; firmware-internal, reference only); float-specific (varies across the 13 INCOIS 301 meta.nc)"
float_specific,2902114,AANDERAA_OPTODE_4330,1295,TEMP_DOXY,T1,-0.031041,incois_2902114_meta.nc,PREDEPLOYMENT_CALIB_COEFFICIENT,"optode thermistor polynomial T1 (per-unit factory calibration; firmware-internal, reference only); float-specific (varies across the 13 INCOIS 301 meta.nc)"
float_specific,2902114,AANDERAA_OPTODE_4330,1295,TEMP_DOXY,T2,2.89073e-06,incois_2902114_meta.nc,PREDEPLOYMENT_CALIB_COEFFICIENT,"optode thermistor polynomial T2 (per-unit factory calibration; firmware-internal, reference only); float-specific (varies across the 13 INCOIS 301 meta.nc)"
float_specific,2902114,AANDERAA_OPTODE_4330,1295,TEMP_DOXY,T3,-4.25028e-09,incois_2902114_meta.nc,PREDEPLOYMENT_CALIB_COEFFICIENT,"optode thermistor polynomial T3 (per-unit factory calibration; firmware-internal, reference only); float-specific (varies across the 13 INCOIS 301 meta.nc)"
family_generic,2902114,AANDERAA_OPTODE_4330,1295,TEMP_DOXY,T4,0,incois_2902114_meta.nc,PREDEPLOYMENT_CALIB_COEFFICIENT,"optode thermistor polynomial T4 (per-unit factory calibration; firmware-internal, reference only); family-generic (identical in all 13 INCOIS 301 meta.nc)"
family_generic,2902114,AANDERAA_OPTODE_4330,1295,TEMP_DOXY,T5,0,incois_2902114_meta.nc,PREDEPLOYMENT_CALIB_COEFFICIENT,"optode thermistor polynomial T5 (per-unit factory calibration; firmware-internal, reference only); family-generic (identical in all 13 INCOIS 301 meta.nc)"
float_specific,2902115,ECO_FLBB,3042,BBP700,DARK_BACKSCATTERING700,51,incois_2902115_meta.nc,PREDEPLOYMENT_CALIB_COEFFICIENT,WETLABS factory backscatter dark counts; float-specific (varies across the 13 INCOIS 301 meta.nc)
float_specific,2902115,ECO_FLBB,3042,BBP700,SCALE_BACKSCATTERING700,1.601e-06,incois_2902115_meta.nc,PREDEPLOYMENT_CALIB_COEFFICIENT,WETLABS factory backscatter scale [m-1 per count]; float-specific (varies across the 13 INCOIS 301 meta.nc)
family_generic,2902115,ECO_FLBB,3042,BBP700,khi,1.097,incois_2902115_meta.nc,PREDEPLOYMENT_CALIB_COEFFICIENT,Boss/Roesler chi factor 1.097 for 142-degree backscatter; family-generic (identical in all 13 INCOIS 301 meta.nc)
float_specific,2902115,ECO_FLBB,3042,CHLA,DARK_CHLA,50,incois_2902115_meta.nc,PREDEPLOYMENT_CALIB_COEFFICIENT,WETLABS factory chlorophyll dark counts; float-specific (varies across the 13 INCOIS 301 meta.nc)
family_generic,2902115,ECO_FLBB,3042,CHLA,SCALE_CHLA,0.0073,incois_2902115_meta.nc,PREDEPLOYMENT_CALIB_COEFFICIENT,WETLABS factory chlorophyll scale [ug/L per count]; family-generic (identical in all 13 INCOIS 301 meta.nc)
family_generic,2902115,AANDERAA_OPTODE_4330,n/a,DOXY,A0,2.00856,incois_2902115_meta.nc,PREDEPLOYMENT_CALIB_COEFFICIENT,Weiss Cstar solubility A0; family-generic (identical in all 13 INCOIS 301 meta.nc)
family_generic,2902115,AANDERAA_OPTODE_4330,n/a,DOXY,A1,3.224,incois_2902115_meta.nc,PREDEPLOYMENT_CALIB_COEFFICIENT,Weiss Cstar solubility A1; family-generic (identical in all 13 INCOIS 301 meta.nc)
family_generic,2902115,AANDERAA_OPTODE_4330,n/a,DOXY,A2,3.99063,incois_2902115_meta.nc,PREDEPLOYMENT_CALIB_COEFFICIENT,Weiss Cstar solubility A2; family-generic (identical in all 13 INCOIS 301 meta.nc)
family_generic,2902115,AANDERAA_OPTODE_4330,n/a,DOXY,A3,4.80299,incois_2902115_meta.nc,PREDEPLOYMENT_CALIB_COEFFICIENT,Weiss Cstar solubility A3; family-generic (identical in all 13 INCOIS 301 meta.nc)
family_generic,2902115,AANDERAA_OPTODE_4330,n/a,DOXY,A4,0.978188,incois_2902115_meta.nc,PREDEPLOYMENT_CALIB_COEFFICIENT,Weiss Cstar solubility A4; family-generic (identical in all 13 INCOIS 301 meta.nc)
family_generic,2902115,AANDERAA_OPTODE_4330,n/a,DOXY,A5,1.71069,incois_2902115_meta.nc,PREDEPLOYMENT_CALIB_COEFFICIENT,Weiss Cstar solubility A5; family-generic (identical in all 13 INCOIS 301 meta.nc)
family_generic,2902115,AANDERAA_OPTODE_4330,n/a,DOXY,B0,-0.00624523,incois_2902115_meta.nc,PREDEPLOYMENT_CALIB_COEFFICIENT,Garcia-Gordon-style salinity-correction B0; family-generic (identical in all 13 INCOIS 301 meta.nc)
family_generic,2902115,AANDERAA_OPTODE_4330,n/a,DOXY,B1,-0.00737614,incois_2902115_meta.nc,PREDEPLOYMENT_CALIB_COEFFICIENT,Garcia-Gordon-style salinity-correction B1; family-generic (identical in all 13 INCOIS 301 meta.nc)
family_generic,2902115,AANDERAA_OPTODE_4330,n/a,DOXY,B2,-0.010341,incois_2902115_meta.nc,PREDEPLOYMENT_CALIB_COEFFICIENT,Garcia-Gordon-style salinity-correction B2; family-generic (identical in all 13 INCOIS 301 meta.nc)
family_generic,2902115,AANDERAA_OPTODE_4330,n/a,DOXY,B3,-0.00817083,incois_2902115_meta.nc,PREDEPLOYMENT_CALIB_COEFFICIENT,Garcia-Gordon-style salinity-correction B3; family-generic (identical in all 13 INCOIS 301 meta.nc)
family_generic,2902115,AANDERAA_OPTODE_4330,n/a,DOXY,C0,-4.88682e-07,incois_2902115_meta.nc,PREDEPLOYMENT_CALIB_COEFFICIENT,salinity-correction C0 (PSAL^2 term); family-generic (identical in all 13 INCOIS 301 meta.nc)
family_generic,2902115,AANDERAA_OPTODE_4330,n/a,DOXY,D0,24.4543,incois_2902115_meta.nc,PREDEPLOYMENT_CALIB_COEFFICIENT,vapour-pressure D0; family-generic (identical in all 13 INCOIS 301 meta.nc)
family_generic,2902115,AANDERAA_OPTODE_4330,n/a,DOXY,D1,-67.4509,incois_2902115_meta.nc,PREDEPLOYMENT_CALIB_COEFFICIENT,vapour-pressure D1; family-generic (identical in all 13 INCOIS 301 meta.nc)
family_generic,2902115,AANDERAA_OPTODE_4330,n/a,DOXY,D2,-4.8489,incois_2902115_meta.nc,PREDEPLOYMENT_CALIB_COEFFICIENT,vapour-pressure D2; family-generic (identical in all 13 INCOIS 301 meta.nc)
family_generic,2902115,AANDERAA_OPTODE_4330,n/a,DOXY,D3,-0.000544,incois_2902115_meta.nc,PREDEPLOYMENT_CALIB_COEFFICIENT,vapour-pressure D3 (salinity term); family-generic (identical in all 13 INCOIS 301 meta.nc)
family_generic,2902115,AANDERAA_OPTODE_4330,n/a,DOXY,Pcoef1,0.1,incois_2902115_meta.nc,PREDEPLOYMENT_CALIB_COEFFICIENT,phase pressure-compensation slope [deg per bar/1000]; Aanderaa default 0.1; family-generic (identical in all 13 INCOIS 301 meta.nc)
family_generic,2902115,AANDERAA_OPTODE_4330,n/a,DOXY,Pcoef2,0.00022,incois_2902115_meta.nc,PREDEPLOYMENT_CALIB_COEFFICIENT,Pcorr temperature slope; Aanderaa default; family-generic (identical in all 13 INCOIS 301 meta.nc)
family_generic,2902115,AANDERAA_OPTODE_4330,n/a,DOXY,Pcoef3,0.0419,incois_2902115_meta.nc,PREDEPLOYMENT_CALIB_COEFFICIENT,Pcorr intercept; Aanderaa default; family-generic (identical in all 13 INCOIS 301 meta.nc)
float_specific,2902115,AANDERAA_OPTODE_4330,n/a,DOXY,PhaseCoef0,0,incois_2902115_meta.nc,PREDEPLOYMENT_CALIB_COEFFICIENT,CalPhase cubic c0 (per-foil factory calibration); float-specific (varies across the 13 INCOIS 301 meta.nc)
float_specific,2902115,AANDERAA_OPTODE_4330,n/a,DOXY,PhaseCoef1,1,incois_2902115_meta.nc,PREDEPLOYMENT_CALIB_COEFFICIENT,CalPhase cubic c1 (per-foil factory calibration); float-specific (varies across the 13 INCOIS 301 meta.nc)
family_generic,2902115,AANDERAA_OPTODE_4330,n/a,DOXY,PhaseCoef2,0,incois_2902115_meta.nc,PREDEPLOYMENT_CALIB_COEFFICIENT,CalPhase cubic c2 (zero: Aanderaa standard foils); family-generic (identical in all 13 INCOIS 301 meta.nc)
family_generic,2902115,AANDERAA_OPTODE_4330,n/a,DOXY,PhaseCoef3,0,incois_2902115_meta.nc,PREDEPLOYMENT_CALIB_COEFFICIENT,CalPhase cubic c3 (zero: Aanderaa standard foils); family-generic (identical in all 13 INCOIS 301 meta.nc)
family_generic,2902115,AANDERAA_OPTODE_4330,n/a,DOXY,Spreset,0,incois_2902115_meta.nc,PREDEPLOYMENT_CALIB_COEFFICIENT,reference salinity [psu] of the Scorr vapour-pressure ratio; family-generic (identical in all 13 INCOIS 301 meta.nc)
float_specific,2902115,AANDERAA_OPTODE_4330,n/a,DOXY,c0,-2.98831e-06,incois_2902115_meta.nc,PREDEPLOYMENT_CALIB_COEFFICIENT,foil polynomial c0 (per foil-batch factory calibration); float-specific (varies across the 13 INCOIS 301 meta.nc)
float_specific,2902115,AANDERAA_OPTODE_4330,n/a,DOXY,c1,-6.13778e-06,incois_2902115_meta.nc,PREDEPLOYMENT_CALIB_COEFFICIENT,foil polynomial c1 (per foil-batch factory calibration); float-specific (varies across the 13 INCOIS 301 meta.nc)
float_specific,2902115,AANDERAA_OPTODE_4330,n/a,DOXY,c10,-303.294,incois_2902115_meta.nc,PREDEPLOYMENT_CALIB_COEFFICIENT,foil polynomial c10 (per foil-batch factory calibration); float-specific (varies across the 13 INCOIS 301 meta.nc)
float_specific,2902115,AANDERAA_OPTODE_4330,n/a,DOXY,c11,2.5305,incois_2902115_meta.nc,PREDEPLOYMENT_CALIB_COEFFICIENT,foil polynomial c11 (per foil-batch factory calibration); float-specific (varies across the 13 INCOIS 301 meta.nc)
float_specific,2902115,AANDERAA_OPTODE_4330,n/a,DOXY,c12,-0.0126704,incois_2902115_meta.nc,PREDEPLOYMENT_CALIB_COEFFICIENT,foil polynomial c12 (per foil-batch factory calibration); float-specific (varies across the 13 INCOIS 301 meta.nc)
float_specific,2902115,AANDERAA_OPTODE_4330,n/a,DOXY,c13,0.000104045,incois_2902115_meta.nc,PREDEPLOYMENT_CALIB_COEFFICIENT,foil polynomial c13 (per foil-batch factory calibration); float-specific (varies across the 13 INCOIS 301 meta.nc)
float_specific,2902115,AANDERAA_OPTODE_4330,n/a,DOXY,c14,-3.56039e-07,incois_2902115_meta.nc,PREDEPLOYMENT_CALIB_COEFFICIENT,foil polynomial c14 (per foil-batch factory calibration); float-specific (varies across the 13 INCOIS 301 meta.nc)
float_specific,2902115,AANDERAA_OPTODE_4330,n/a,DOXY,c15,3816.71,incois_2902115_meta.nc,PREDEPLOYMENT_CALIB_COEFFICIENT,foil polynomial c15 (per foil-batch factory calibration); float-specific (varies across the 13 INCOIS 301 meta.nc)
float_specific,2902115,AANDERAA_OPTODE_4330,n/a,DOXY,c16,-44.7551,incois_2902115_meta.nc,PREDEPLOYMENT_CALIB_COEFFICIENT,foil polynomial c16 (per foil-batch factory calibration); float-specific (varies across the 13 INCOIS 301 meta.nc)
float_specific,2902115,AANDERAA_OPTODE_4330,n/a,DOXY,c17,0.438616,incois_2902115_meta.nc,PREDEPLOYMENT_CALIB_COEFFICIENT,foil polynomial c17 (per foil-batch factory calibration); float-specific (varies across the 13 INCOIS 301 meta.nc)
float_specific,2902115,AANDERAA_OPTODE_4330,n/a,DOXY,c18,-0.00714634,incois_2902115_meta.nc,PREDEPLOYMENT_CALIB_COEFFICIENT,foil polynomial c18 (per foil-batch factory calibration); float-specific (varies across the 13 INCOIS 301 meta.nc)
float_specific,2902115,AANDERAA_OPTODE_4330,n/a,DOXY,c19,8.90624e-05,incois_2902115_meta.nc,PREDEPLOYMENT_CALIB_COEFFICIENT,foil polynomial c19 (per foil-batch factory calibration); float-specific (varies across the 13 INCOIS 301 meta.nc)
float_specific,2902115,AANDERAA_OPTODE_4330,n/a,DOXY,c2,0.00168466,incois_2902115_meta.nc,PREDEPLOYMENT_CALIB_COEFFICIENT,foil polynomial c2 (per foil-batch factory calibration); float-specific (varies across the 13 INCOIS 301 meta.nc)
float_specific,2902115,AANDERAA_OPTODE_4330,n/a,DOXY,c20,-6.34301e-07,incois_2902115_meta.nc,PREDEPLOYMENT_CALIB_COEFFICIENT,foil polynomial c20 (per foil-batch factory calibration); float-specific (varies across the 13 INCOIS 301 meta.nc)
family_generic,2902115,AANDERAA_OPTODE_4330,n/a,DOXY,c21,0,incois_2902115_meta.nc,PREDEPLOYMENT_CALIB_COEFFICIENT,"foil polynomial c21 (unused term, zero); family-generic (identical in all 13 INCOIS 301 meta.nc)"
family_generic,2902115,AANDERAA_OPTODE_4330,n/a,DOXY,c22,0,incois_2902115_meta.nc,PREDEPLOYMENT_CALIB_COEFFICIENT,"foil polynomial c22 (unused term, zero); family-generic (identical in all 13 INCOIS 301 meta.nc)"
family_generic,2902115,AANDERAA_OPTODE_4330,n/a,DOXY,c23,0,incois_2902115_meta.nc,PREDEPLOYMENT_CALIB_COEFFICIENT,"foil polynomial c23 (unused term, zero); family-generic (identical in all 13 INCOIS 301 meta.nc)"
family_generic,2902115,AANDERAA_OPTODE_4330,n/a,DOXY,c24,0,incois_2902115_meta.nc,PREDEPLOYMENT_CALIB_COEFFICIENT,"foil polynomial c24 (unused term, zero); family-generic (identical in all 13 INCOIS 301 meta.nc)"
family_generic,2902115,AANDERAA_OPTODE_4330,n/a,DOXY,c25,0,incois_2902115_meta.nc,PREDEPLOYMENT_CALIB_COEFFICIENT,"foil polynomial c25 (unused term, zero); family-generic (identical in all 13 INCOIS 301 meta.nc)"
family_generic,2902115,AANDERAA_OPTODE_4330,n/a,DOXY,c26,0,incois_2902115_meta.nc,PREDEPLOYMENT_CALIB_COEFFICIENT,"foil polynomial c26 (unused term, zero); family-generic (identical in all 13 INCOIS 301 meta.nc)"
family_generic,2902115,AANDERAA_OPTODE_4330,n/a,DOXY,c27,0,incois_2902115_meta.nc,PREDEPLOYMENT_CALIB_COEFFICIENT,"foil polynomial c27 (unused term, zero); family-generic (identical in all 13 INCOIS 301 meta.nc)"
float_specific,2902115,AANDERAA_OPTODE_4330,n/a,DOXY,c3,-0.185717,incois_2902115_meta.nc,PREDEPLOYMENT_CALIB_COEFFICIENT,foil polynomial c3 (per foil-batch factory calibration); float-specific (varies across the 13 INCOIS 301 meta.nc)
float_specific,2902115,AANDERAA_OPTODE_4330,n/a,DOXY,c4,0.00067844,incois_2902115_meta.nc,PREDEPLOYMENT_CALIB_COEFFICIENT,foil polynomial c4 (per foil-batch factory calibration); float-specific (varies across the 13 INCOIS 301 meta.nc)
float_specific,2902115,AANDERAA_OPTODE_4330,n/a,DOXY,c5,-5.59791e-07,incois_2902115_meta.nc,PREDEPLOYMENT_CALIB_COEFFICIENT,foil polynomial c5 (per foil-batch factory calibration); float-specific (varies across the 13 INCOIS 301 meta.nc)
float_specific,2902115,AANDERAA_OPTODE_4330,n/a,DOXY,c6,10.4016,incois_2902115_meta.nc,PREDEPLOYMENT_CALIB_COEFFICIENT,foil polynomial c6 (per foil-batch factory calibration); float-specific (varies across the 13 INCOIS 301 meta.nc)
float_specific,2902115,AANDERAA_OPTODE_4330,n/a,DOXY,c7,-0.0598691,incois_2902115_meta.nc,PREDEPLOYMENT_CALIB_COEFFICIENT,foil polynomial c7 (per foil-batch factory calibration); float-specific (varies across the 13 INCOIS 301 meta.nc)
float_specific,2902115,AANDERAA_OPTODE_4330,n/a,DOXY,c8,0.000136042,incois_2902115_meta.nc,PREDEPLOYMENT_CALIB_COEFFICIENT,foil polynomial c8 (per foil-batch factory calibration); float-specific (varies across the 13 INCOIS 301 meta.nc)
float_specific,2902115,AANDERAA_OPTODE_4330,n/a,DOXY,c9,-4.77698e-07,incois_2902115_meta.nc,PREDEPLOYMENT_CALIB_COEFFICIENT,foil polynomial c9 (per foil-batch factory calibration); float-specific (varies across the 13 INCOIS 301 meta.nc)
family_generic,2902115,AANDERAA_OPTODE_4330,n/a,DOXY,m0,1,incois_2902115_meta.nc,PREDEPLOYMENT_CALIB_COEFFICIENT,"foil polynomial temperature exponent m0 (structural, Aanderaa method; value generic, file formatting varies); family-generic (identical in all 13 INCOIS 301 meta.nc)"
family_generic,2902115,AANDERAA_OPTODE_4330,n/a,DOXY,m1,0,incois_2902115_meta.nc,PREDEPLOYMENT_CALIB_COEFFICIENT,"foil polynomial temperature exponent m1 (structural, Aanderaa method; value generic, file formatting varies); family-generic (identical in all 13 INCOIS 301 meta.nc)"
family_generic,2902115,AANDERAA_OPTODE_4330,n/a,DOXY,m10,0,incois_2902115_meta.nc,PREDEPLOYMENT_CALIB_COEFFICIENT,"foil polynomial temperature exponent m10 (structural, Aanderaa method; value generic, file formatting varies); family-generic (identical in all 13 INCOIS 301 meta.nc)"
family_generic,2902115,AANDERAA_OPTODE_4330,n/a,DOXY,m11,1,incois_2902115_meta.nc,PREDEPLOYMENT_CALIB_COEFFICIENT,"foil polynomial temperature exponent m11 (structural, Aanderaa method; value generic, file formatting varies); family-generic (identical in all 13 INCOIS 301 meta.nc)"
family_generic,2902115,AANDERAA_OPTODE_4330,n/a,DOXY,m12,2,incois_2902115_meta.nc,PREDEPLOYMENT_CALIB_COEFFICIENT,"foil polynomial temperature exponent m12 (structural, Aanderaa method; value generic, file formatting varies); family-generic (identical in all 13 INCOIS 301 meta.nc)"
family_generic,2902115,AANDERAA_OPTODE_4330,n/a,DOXY,m13,3,incois_2902115_meta.nc,PREDEPLOYMENT_CALIB_COEFFICIENT,"foil polynomial temperature exponent m13 (structural, Aanderaa method; value generic, file formatting varies); family-generic (identical in all 13 INCOIS 301 meta.nc)"
family_generic,2902115,AANDERAA_OPTODE_4330,n/a,DOXY,m14,4,incois_2902115_meta.nc,PREDEPLOYMENT_CALIB_COEFFICIENT,"foil polynomial temperature exponent m14 (structural, Aanderaa method; value generic, file formatting varies); family-generic (identical in all 13 INCOIS 301 meta.nc)"
family_generic,2902115,AANDERAA_OPTODE_4330,n/a,DOXY,m15,0,incois_2902115_meta.nc,PREDEPLOYMENT_CALIB_COEFFICIENT,"foil polynomial temperature exponent m15 (structural, Aanderaa method; value generic, file formatting varies); family-generic (identical in all 13 INCOIS 301 meta.nc)"
family_generic,2902115,AANDERAA_OPTODE_4330,n/a,DOXY,m16,1,incois_2902115_meta.nc,PREDEPLOYMENT_CALIB_COEFFICIENT,"foil polynomial temperature exponent m16 (structural, Aanderaa method; value generic, file formatting varies); family-generic (identical in all 13 INCOIS 301 meta.nc)"
family_generic,2902115,AANDERAA_OPTODE_4330,n/a,DOXY,m17,2,incois_2902115_meta.nc,PREDEPLOYMENT_CALIB_COEFFICIENT,"foil polynomial temperature exponent m17 (structural, Aanderaa method; value generic, file formatting varies); family-generic (identical in all 13 INCOIS 301 meta.nc)"
family_generic,2902115,AANDERAA_OPTODE_4330,n/a,DOXY,m18,3,incois_2902115_meta.nc,PREDEPLOYMENT_CALIB_COEFFICIENT,"foil polynomial temperature exponent m18 (structural, Aanderaa method; value generic, file formatting varies); family-generic (identical in all 13 INCOIS 301 meta.nc)"
family_generic,2902115,AANDERAA_OPTODE_4330,n/a,DOXY,m19,4,incois_2902115_meta.nc,PREDEPLOYMENT_CALIB_COEFFICIENT,"foil polynomial temperature exponent m19 (structural, Aanderaa method; value generic, file formatting varies); family-generic (identical in all 13 INCOIS 301 meta.nc)"
family_generic,2902115,AANDERAA_OPTODE_4330,n/a,DOXY,m2,0,incois_2902115_meta.nc,PREDEPLOYMENT_CALIB_COEFFICIENT,"foil polynomial temperature exponent m2 (structural, Aanderaa method; value generic, file formatting varies); family-generic (identical in all 13 INCOIS 301 meta.nc)"
family_generic,2902115,AANDERAA_OPTODE_4330,n/a,DOXY,m20,5,incois_2902115_meta.nc,PREDEPLOYMENT_CALIB_COEFFICIENT,"foil polynomial temperature exponent m20 (structural, Aanderaa method; value generic, file formatting varies); family-generic (identical in all 13 INCOIS 301 meta.nc)"
family_generic,2902115,AANDERAA_OPTODE_4330,n/a,DOXY,m21,0,incois_2902115_meta.nc,PREDEPLOYMENT_CALIB_COEFFICIENT,"foil polynomial temperature exponent m21 (structural, Aanderaa method; value generic, file formatting varies); family-generic (identical in all 13 INCOIS 301 meta.nc)"
family_generic,2902115,AANDERAA_OPTODE_4330,n/a,DOXY,m22,0,incois_2902115_meta.nc,PREDEPLOYMENT_CALIB_COEFFICIENT,"foil polynomial temperature exponent m22 (structural, Aanderaa method; value generic, file formatting varies); family-generic (identical in all 13 INCOIS 301 meta.nc)"
family_generic,2902115,AANDERAA_OPTODE_4330,n/a,DOXY,m23,0,incois_2902115_meta.nc,PREDEPLOYMENT_CALIB_COEFFICIENT,"foil polynomial temperature exponent m23 (structural, Aanderaa method; value generic, file formatting varies); family-generic (identical in all 13 INCOIS 301 meta.nc)"
family_generic,2902115,AANDERAA_OPTODE_4330,n/a,DOXY,m24,0,incois_2902115_meta.nc,PREDEPLOYMENT_CALIB_COEFFICIENT,"foil polynomial temperature exponent m24 (structural, Aanderaa method; value generic, file formatting varies); family-generic (identical in all 13 INCOIS 301 meta.nc)"
family_generic,2902115,AANDERAA_OPTODE_4330,n/a,DOXY,m25,0,incois_2902115_meta.nc,PREDEPLOYMENT_CALIB_COEFFICIENT,"foil polynomial temperature exponent m25 (structural, Aanderaa method; value generic, file formatting varies); family-generic (identical in all 13 INCOIS 301 meta.nc)"
family_generic,2902115,AANDERAA_OPTODE_4330,n/a,DOXY,m26,0,incois_2902115_meta.nc,PREDEPLOYMENT_CALIB_COEFFICIENT,"foil polynomial temperature exponent m26 (structural, Aanderaa method; value generic, file formatting varies); family-generic (identical in all 13 INCOIS 301 meta.nc)"
family_generic,2902115,AANDERAA_OPTODE_4330,n/a,DOXY,m27,0,incois_2902115_meta.nc,PREDEPLOYMENT_CALIB_COEFFICIENT,"foil polynomial temperature exponent m27 (structural, Aanderaa method; value generic, file formatting varies); family-generic (identical in all 13 INCOIS 301 meta.nc)"
family_generic,2902115,AANDERAA_OPTODE_4330,n/a,DOXY,m3,0,incois_2902115_meta.nc,PREDEPLOYMENT_CALIB_COEFFICIENT,"foil polynomial temperature exponent m3 (structural, Aanderaa method; value generic, file formatting varies); family-generic (identical in all 13 INCOIS 301 meta.nc)"
family_generic,2902115,AANDERAA_OPTODE_4330,n/a,DOXY,m4,1,incois_2902115_meta.nc,PREDEPLOYMENT_CALIB_COEFFICIENT,"foil polynomial temperature exponent m4 (structural, Aanderaa method; value generic, file formatting varies); family-generic (identical in all 13 INCOIS 301 meta.nc)"
family_generic,2902115,AANDERAA_OPTODE_4330,n/a,DOXY,m5,2,incois_2902115_meta.nc,PREDEPLOYMENT_CALIB_COEFFICIENT,"foil polynomial temperature exponent m5 (structural, Aanderaa method; value generic, file formatting varies); family-generic (identical in all 13 INCOIS 301 meta.nc)"
family_generic,2902115,AANDERAA_OPTODE_4330,n/a,DOXY,m6,0,incois_2902115_meta.nc,PREDEPLOYMENT_CALIB_COEFFICIENT,"foil polynomial temperature exponent m6 (structural, Aanderaa method; value generic, file formatting varies); family-generic (identical in all 13 INCOIS 301 meta.nc)"
family_generic,2902115,AANDERAA_OPTODE_4330,n/a,DOXY,m7,1,incois_2902115_meta.nc,PREDEPLOYMENT_CALIB_COEFFICIENT,"foil polynomial temperature exponent m7 (structural, Aanderaa method; value generic, file formatting varies); family-generic (identical in all 13 INCOIS 301 meta.nc)"
family_generic,2902115,AANDERAA_OPTODE_4330,n/a,DOXY,m8,2,incois_2902115_meta.nc,PREDEPLOYMENT_CALIB_COEFFICIENT,"foil polynomial temperature exponent m8 (structural, Aanderaa method; value generic, file formatting varies); family-generic (identical in all 13 INCOIS 301 meta.nc)"
family_generic,2902115,AANDERAA_OPTODE_4330,n/a,DOXY,m9,3,incois_2902115_meta.nc,PREDEPLOYMENT_CALIB_COEFFICIENT,"foil polynomial temperature exponent m9 (structural, Aanderaa method; value generic, file formatting varies); family-generic (identical in all 13 INCOIS 301 meta.nc)"
family_generic,2902115,AANDERAA_OPTODE_4330,n/a,DOXY,n0,4,incois_2902115_meta.nc,PREDEPLOYMENT_CALIB_COEFFICIENT,"foil polynomial CalPhase exponent n0 (structural, Aanderaa method; value generic, file formatting varies); family-generic (identical in all 13 INCOIS 301 meta.nc)"
family_generic,2902115,AANDERAA_OPTODE_4330,n/a,DOXY,n1,5,incois_2902115_meta.nc,PREDEPLOYMENT_CALIB_COEFFICIENT,"foil polynomial CalPhase exponent n1 (structural, Aanderaa method; value generic, file formatting varies); family-generic (identical in all 13 INCOIS 301 meta.nc)"
family_generic,2902115,AANDERAA_OPTODE_4330,n/a,DOXY,n10,1,incois_2902115_meta.nc,PREDEPLOYMENT_CALIB_COEFFICIENT,"foil polynomial CalPhase exponent n10 (structural, Aanderaa method; value generic, file formatting varies); family-generic (identical in all 13 INCOIS 301 meta.nc)"
family_generic,2902115,AANDERAA_OPTODE_4330,n/a,DOXY,n11,1,incois_2902115_meta.nc,PREDEPLOYMENT_CALIB_COEFFICIENT,"foil polynomial CalPhase exponent n11 (structural, Aanderaa method; value generic, file formatting varies); family-generic (identical in all 13 INCOIS 301 meta.nc)"
family_generic,2902115,AANDERAA_OPTODE_4330,n/a,DOXY,n12,1,incois_2902115_meta.nc,PREDEPLOYMENT_CALIB_COEFFICIENT,"foil polynomial CalPhase exponent n12 (structural, Aanderaa method; value generic, file formatting varies); family-generic (identical in all 13 INCOIS 301 meta.nc)"
family_generic,2902115,AANDERAA_OPTODE_4330,n/a,DOXY,n13,1,incois_2902115_meta.nc,PREDEPLOYMENT_CALIB_COEFFICIENT,"foil polynomial CalPhase exponent n13 (structural, Aanderaa method; value generic, file formatting varies); family-generic (identical in all 13 INCOIS 301 meta.nc)"
family_generic,2902115,AANDERAA_OPTODE_4330,n/a,DOXY,n14,1,incois_2902115_meta.nc,PREDEPLOYMENT_CALIB_COEFFICIENT,"foil polynomial CalPhase exponent n14 (structural, Aanderaa method; value generic, file formatting varies); family-generic (identical in all 13 INCOIS 301 meta.nc)"
family_generic,2902115,AANDERAA_OPTODE_4330,n/a,DOXY,n15,0,incois_2902115_meta.nc,PREDEPLOYMENT_CALIB_COEFFICIENT,"foil polynomial CalPhase exponent n15 (structural, Aanderaa method; value generic, file formatting varies); family-generic (identical in all 13 INCOIS 301 meta.nc)"
family_generic,2902115,AANDERAA_OPTODE_4330,n/a,DOXY,n16,0,incois_2902115_meta.nc,PREDEPLOYMENT_CALIB_COEFFICIENT,"foil polynomial CalPhase exponent n16 (structural, Aanderaa method; value generic, file formatting varies); family-generic (identical in all 13 INCOIS 301 meta.nc)"
family_generic,2902115,AANDERAA_OPTODE_4330,n/a,DOXY,n17,0,incois_2902115_meta.nc,PREDEPLOYMENT_CALIB_COEFFICIENT,"foil polynomial CalPhase exponent n17 (structural, Aanderaa method; value generic, file formatting varies); family-generic (identical in all 13 INCOIS 301 meta.nc)"
family_generic,2902115,AANDERAA_OPTODE_4330,n/a,DOXY,n18,0,incois_2902115_meta.nc,PREDEPLOYMENT_CALIB_COEFFICIENT,"foil polynomial CalPhase exponent n18 (structural, Aanderaa method; value generic, file formatting varies); family-generic (identical in all 13 INCOIS 301 meta.nc)"
family_generic,2902115,AANDERAA_OPTODE_4330,n/a,DOXY,n19,0,incois_2902115_meta.nc,PREDEPLOYMENT_CALIB_COEFFICIENT,"foil polynomial CalPhase exponent n19 (structural, Aanderaa method; value generic, file formatting varies); family-generic (identical in all 13 INCOIS 301 meta.nc)"
family_generic,2902115,AANDERAA_OPTODE_4330,n/a,DOXY,n2,4,incois_2902115_meta.nc,PREDEPLOYMENT_CALIB_COEFFICIENT,"foil polynomial CalPhase exponent n2 (structural, Aanderaa method; value generic, file formatting varies); family-generic (identical in all 13 INCOIS 301 meta.nc)"
family_generic,2902115,AANDERAA_OPTODE_4330,n/a,DOXY,n20,0,incois_2902115_meta.nc,PREDEPLOYMENT_CALIB_COEFFICIENT,"foil polynomial CalPhase exponent n20 (structural, Aanderaa method; value generic, file formatting varies); family-generic (identical in all 13 INCOIS 301 meta.nc)"
family_generic,2902115,AANDERAA_OPTODE_4330,n/a,DOXY,n21,0,incois_2902115_meta.nc,PREDEPLOYMENT_CALIB_COEFFICIENT,"foil polynomial CalPhase exponent n21 (structural, Aanderaa method; value generic, file formatting varies); family-generic (identical in all 13 INCOIS 301 meta.nc)"
family_generic,2902115,AANDERAA_OPTODE_4330,n/a,DOXY,n22,0,incois_2902115_meta.nc,PREDEPLOYMENT_CALIB_COEFFICIENT,"foil polynomial CalPhase exponent n22 (structural, Aanderaa method; value generic, file formatting varies); family-generic (identical in all 13 INCOIS 301 meta.nc)"
family_generic,2902115,AANDERAA_OPTODE_4330,n/a,DOXY,n23,0,incois_2902115_meta.nc,PREDEPLOYMENT_CALIB_COEFFICIENT,"foil polynomial CalPhase exponent n23 (structural, Aanderaa method; value generic, file formatting varies); family-generic (identical in all 13 INCOIS 301 meta.nc)"
family_generic,2902115,AANDERAA_OPTODE_4330,n/a,DOXY,n24,0,incois_2902115_meta.nc,PREDEPLOYMENT_CALIB_COEFFICIENT,"foil polynomial CalPhase exponent n24 (structural, Aanderaa method; value generic, file formatting varies); family-generic (identical in all 13 INCOIS 301 meta.nc)"
family_generic,2902115,AANDERAA_OPTODE_4330,n/a,DOXY,n25,0,incois_2902115_meta.nc,PREDEPLOYMENT_CALIB_COEFFICIENT,"foil polynomial CalPhase exponent n25 (structural, Aanderaa method; value generic, file formatting varies); family-generic (identical in all 13 INCOIS 301 meta.nc)"
family_generic,2902115,AANDERAA_OPTODE_4330,n/a,DOXY,n26,0,incois_2902115_meta.nc,PREDEPLOYMENT_CALIB_COEFFICIENT,"foil polynomial CalPhase exponent n26 (structural, Aanderaa method; value generic, file formatting varies); family-generic (identical in all 13 INCOIS 301 meta.nc)"
family_generic,2902115,AANDERAA_OPTODE_4330,n/a,DOXY,n27,0,incois_2902115_meta.nc,PREDEPLOYMENT_CALIB_COEFFICIENT,"foil polynomial CalPhase exponent n27 (structural, Aanderaa method; value generic, file formatting varies); family-generic (identical in all 13 INCOIS 301 meta.nc)"
family_generic,2902115,AANDERAA_OPTODE_4330,n/a,DOXY,n3,3,incois_2902115_meta.nc,PREDEPLOYMENT_CALIB_COEFFICIENT,"foil polynomial CalPhase exponent n3 (structural, Aanderaa method; value generic, file formatting varies); family-generic (identical in all 13 INCOIS 301 meta.nc)"
family_generic,2902115,AANDERAA_OPTODE_4330,n/a,DOXY,n4,3,incois_2902115_meta.nc,PREDEPLOYMENT_CALIB_COEFFICIENT,"foil polynomial CalPhase exponent n4 (structural, Aanderaa method; value generic, file formatting varies); family-generic (identical in all 13 INCOIS 301 meta.nc)"
family_generic,2902115,AANDERAA_OPTODE_4330,n/a,DOXY,n5,3,incois_2902115_meta.nc,PREDEPLOYMENT_CALIB_COEFFICIENT,"foil polynomial CalPhase exponent n5 (structural, Aanderaa method; value generic, file formatting varies); family-generic (identical in all 13 INCOIS 301 meta.nc)"
family_generic,2902115,AANDERAA_OPTODE_4330,n/a,DOXY,n6,2,incois_2902115_meta.nc,PREDEPLOYMENT_CALIB_COEFFICIENT,"foil polynomial CalPhase exponent n6 (structural, Aanderaa method; value generic, file formatting varies); family-generic (identical in all 13 INCOIS 301 meta.nc)"
family_generic,2902115,AANDERAA_OPTODE_4330,n/a,DOXY,n7,2,incois_2902115_meta.nc,PREDEPLOYMENT_CALIB_COEFFICIENT,"foil polynomial CalPhase exponent n7 (structural, Aanderaa method; value generic, file formatting varies); family-generic (identical in all 13 INCOIS 301 meta.nc)"
family_generic,2902115,AANDERAA_OPTODE_4330,n/a,DOXY,n8,2,incois_2902115_meta.nc,PREDEPLOYMENT_CALIB_COEFFICIENT,"foil polynomial CalPhase exponent n8 (structural, Aanderaa method; value generic, file formatting varies); family-generic (identical in all 13 INCOIS 301 meta.nc)"
family_generic,2902115,AANDERAA_OPTODE_4330,n/a,DOXY,n9,2,incois_2902115_meta.nc,PREDEPLOYMENT_CALIB_COEFFICIENT,"foil polynomial CalPhase exponent n9 (structural, Aanderaa method; value generic, file formatting varies); family-generic (identical in all 13 INCOIS 301 meta.nc)"
float_specific,2902115,AANDERAA_OPTODE_4330,n/a,TEMP_DOXY,T0,25.5641,incois_2902115_meta.nc,PREDEPLOYMENT_CALIB_COEFFICIENT,"optode thermistor polynomial T0 (per-unit factory calibration; firmware-internal, reference only); float-specific (varies across the 13 INCOIS 301 meta.nc)"
float_specific,2902115,AANDERAA_OPTODE_4330,n/a,TEMP_DOXY,T1,-0.0310175,incois_2902115_meta.nc,PREDEPLOYMENT_CALIB_COEFFICIENT,"optode thermistor polynomial T1 (per-unit factory calibration; firmware-internal, reference only); float-specific (varies across the 13 INCOIS 301 meta.nc)"
float_specific,2902115,AANDERAA_OPTODE_4330,n/a,TEMP_DOXY,T2,2.9117e-06,incois_2902115_meta.nc,PREDEPLOYMENT_CALIB_COEFFICIENT,"optode thermistor polynomial T2 (per-unit factory calibration; firmware-internal, reference only); float-specific (varies across the 13 INCOIS 301 meta.nc)"
float_specific,2902115,AANDERAA_OPTODE_4330,n/a,TEMP_DOXY,T3,-4.26324e-09,incois_2902115_meta.nc,PREDEPLOYMENT_CALIB_COEFFICIENT,"optode thermistor polynomial T3 (per-unit factory calibration; firmware-internal, reference only); float-specific (varies across the 13 INCOIS 301 meta.nc)"
family_generic,2902115,AANDERAA_OPTODE_4330,n/a,TEMP_DOXY,T4,0,incois_2902115_meta.nc,PREDEPLOYMENT_CALIB_COEFFICIENT,"optode thermistor polynomial T4 (per-unit factory calibration; firmware-internal, reference only); family-generic (identical in all 13 INCOIS 301 meta.nc)"
family_generic,2902115,AANDERAA_OPTODE_4330,n/a,TEMP_DOXY,T5,0,incois_2902115_meta.nc,PREDEPLOYMENT_CALIB_COEFFICIENT,"optode thermistor polynomial T5 (per-unit factory calibration; firmware-internal, reference only); family-generic (identical in all 13 INCOIS 301 meta.nc)"
float_specific,2902118,ECO_FLBB,3065,BBP700,DARK_BACKSCATTERING700,52,incois_2902118_meta.nc,PREDEPLOYMENT_CALIB_COEFFICIENT,WETLABS factory backscatter dark counts; float-specific (varies across the 13 INCOIS 301 meta.nc)
float_specific,2902118,ECO_FLBB,3065,BBP700,SCALE_BACKSCATTERING700,1.441e-06,incois_2902118_meta.nc,PREDEPLOYMENT_CALIB_COEFFICIENT,WETLABS factory backscatter scale [m-1 per count]; float-specific (varies across the 13 INCOIS 301 meta.nc)
family_generic,2902118,ECO_FLBB,3065,BBP700,khi,1.097,incois_2902118_meta.nc,PREDEPLOYMENT_CALIB_COEFFICIENT,Boss/Roesler chi factor 1.097 for 142-degree backscatter; family-generic (identical in all 13 INCOIS 301 meta.nc)
float_specific,2902118,ECO_FLBB,3065,CHLA,DARK_CHLA,51,incois_2902118_meta.nc,PREDEPLOYMENT_CALIB_COEFFICIENT,WETLABS factory chlorophyll dark counts; float-specific (varies across the 13 INCOIS 301 meta.nc)
family_generic,2902118,ECO_FLBB,3065,CHLA,SCALE_CHLA,0.0073,incois_2902118_meta.nc,PREDEPLOYMENT_CALIB_COEFFICIENT,WETLABS factory chlorophyll scale [ug/L per count]; family-generic (identical in all 13 INCOIS 301 meta.nc)
family_generic,2902118,AANDERAA_OPTODE_4330,1329,DOXY,A0,2.00856,incois_2902118_meta.nc,PREDEPLOYMENT_CALIB_COEFFICIENT,Weiss Cstar solubility A0; family-generic (identical in all 13 INCOIS 301 meta.nc)
family_generic,2902118,AANDERAA_OPTODE_4330,1329,DOXY,A1,3.224,incois_2902118_meta.nc,PREDEPLOYMENT_CALIB_COEFFICIENT,Weiss Cstar solubility A1; family-generic (identical in all 13 INCOIS 301 meta.nc)
family_generic,2902118,AANDERAA_OPTODE_4330,1329,DOXY,A2,3.99063,incois_2902118_meta.nc,PREDEPLOYMENT_CALIB_COEFFICIENT,Weiss Cstar solubility A2; family-generic (identical in all 13 INCOIS 301 meta.nc)
family_generic,2902118,AANDERAA_OPTODE_4330,1329,DOXY,A3,4.80299,incois_2902118_meta.nc,PREDEPLOYMENT_CALIB_COEFFICIENT,Weiss Cstar solubility A3; family-generic (identical in all 13 INCOIS 301 meta.nc)
family_generic,2902118,AANDERAA_OPTODE_4330,1329,DOXY,A4,0.978188,incois_2902118_meta.nc,PREDEPLOYMENT_CALIB_COEFFICIENT,Weiss Cstar solubility A4; family-generic (identical in all 13 INCOIS 301 meta.nc)
family_generic,2902118,AANDERAA_OPTODE_4330,1329,DOXY,A5,1.71069,incois_2902118_meta.nc,PREDEPLOYMENT_CALIB_COEFFICIENT,Weiss Cstar solubility A5; family-generic (identical in all 13 INCOIS 301 meta.nc)
family_generic,2902118,AANDERAA_OPTODE_4330,1329,DOXY,B0,-0.00624523,incois_2902118_meta.nc,PREDEPLOYMENT_CALIB_COEFFICIENT,Garcia-Gordon-style salinity-correction B0; family-generic (identical in all 13 INCOIS 301 meta.nc)
family_generic,2902118,AANDERAA_OPTODE_4330,1329,DOXY,B1,-0.00737614,incois_2902118_meta.nc,PREDEPLOYMENT_CALIB_COEFFICIENT,Garcia-Gordon-style salinity-correction B1; family-generic (identical in all 13 INCOIS 301 meta.nc)
family_generic,2902118,AANDERAA_OPTODE_4330,1329,DOXY,B2,-0.010341,incois_2902118_meta.nc,PREDEPLOYMENT_CALIB_COEFFICIENT,Garcia-Gordon-style salinity-correction B2; family-generic (identical in all 13 INCOIS 301 meta.nc)
family_generic,2902118,AANDERAA_OPTODE_4330,1329,DOXY,B3,-0.00817083,incois_2902118_meta.nc,PREDEPLOYMENT_CALIB_COEFFICIENT,Garcia-Gordon-style salinity-correction B3; family-generic (identical in all 13 INCOIS 301 meta.nc)
family_generic,2902118,AANDERAA_OPTODE_4330,1329,DOXY,C0,-4.88682e-07,incois_2902118_meta.nc,PREDEPLOYMENT_CALIB_COEFFICIENT,salinity-correction C0 (PSAL^2 term); family-generic (identical in all 13 INCOIS 301 meta.nc)
family_generic,2902118,AANDERAA_OPTODE_4330,1329,DOXY,D0,24.4543,incois_2902118_meta.nc,PREDEPLOYMENT_CALIB_COEFFICIENT,vapour-pressure D0; family-generic (identical in all 13 INCOIS 301 meta.nc)
family_generic,2902118,AANDERAA_OPTODE_4330,1329,DOXY,D1,-67.4509,incois_2902118_meta.nc,PREDEPLOYMENT_CALIB_COEFFICIENT,vapour-pressure D1; family-generic (identical in all 13 INCOIS 301 meta.nc)
family_generic,2902118,AANDERAA_OPTODE_4330,1329,DOXY,D2,-4.8489,incois_2902118_meta.nc,PREDEPLOYMENT_CALIB_COEFFICIENT,vapour-pressure D2; family-generic (identical in all 13 INCOIS 301 meta.nc)
family_generic,2902118,AANDERAA_OPTODE_4330,1329,DOXY,D3,-0.000544,incois_2902118_meta.nc,PREDEPLOYMENT_CALIB_COEFFICIENT,vapour-pressure D3 (salinity term); family-generic (identical in all 13 INCOIS 301 meta.nc)
family_generic,2902118,AANDERAA_OPTODE_4330,1329,DOXY,Pcoef1,0.1,incois_2902118_meta.nc,PREDEPLOYMENT_CALIB_COEFFICIENT,phase pressure-compensation slope [deg per bar/1000]; Aanderaa default 0.1; family-generic (identical in all 13 INCOIS 301 meta.nc)
family_generic,2902118,AANDERAA_OPTODE_4330,1329,DOXY,Pcoef2,0.00022,incois_2902118_meta.nc,PREDEPLOYMENT_CALIB_COEFFICIENT,Pcorr temperature slope; Aanderaa default; family-generic (identical in all 13 INCOIS 301 meta.nc)
family_generic,2902118,AANDERAA_OPTODE_4330,1329,DOXY,Pcoef3,0.0419,incois_2902118_meta.nc,PREDEPLOYMENT_CALIB_COEFFICIENT,Pcorr intercept; Aanderaa default; family-generic (identical in all 13 INCOIS 301 meta.nc)
float_specific,2902118,AANDERAA_OPTODE_4330,1329,DOXY,PhaseCoef0,0,incois_2902118_meta.nc,PREDEPLOYMENT_CALIB_COEFFICIENT,CalPhase cubic c0 (per-foil factory calibration); float-specific (varies across the 13 INCOIS 301 meta.nc)
float_specific,2902118,AANDERAA_OPTODE_4330,1329,DOXY,PhaseCoef1,1,incois_2902118_meta.nc,PREDEPLOYMENT_CALIB_COEFFICIENT,CalPhase cubic c1 (per-foil factory calibration); float-specific (varies across the 13 INCOIS 301 meta.nc)
family_generic,2902118,AANDERAA_OPTODE_4330,1329,DOXY,PhaseCoef2,0,incois_2902118_meta.nc,PREDEPLOYMENT_CALIB_COEFFICIENT,CalPhase cubic c2 (zero: Aanderaa standard foils); family-generic (identical in all 13 INCOIS 301 meta.nc)
family_generic,2902118,AANDERAA_OPTODE_4330,1329,DOXY,PhaseCoef3,0,incois_2902118_meta.nc,PREDEPLOYMENT_CALIB_COEFFICIENT,CalPhase cubic c3 (zero: Aanderaa standard foils); family-generic (identical in all 13 INCOIS 301 meta.nc)
family_generic,2902118,AANDERAA_OPTODE_4330,1329,DOXY,Spreset,0,incois_2902118_meta.nc,PREDEPLOYMENT_CALIB_COEFFICIENT,reference salinity [psu] of the Scorr vapour-pressure ratio; family-generic (identical in all 13 INCOIS 301 meta.nc)
float_specific,2902118,AANDERAA_OPTODE_4330,1329,DOXY,c0,-2.98831e-06,incois_2902118_meta.nc,PREDEPLOYMENT_CALIB_COEFFICIENT,foil polynomial c0 (per foil-batch factory calibration); float-specific (varies across the 13 INCOIS 301 meta.nc)
float_specific,2902118,AANDERAA_OPTODE_4330,1329,DOXY,c1,-6.13778e-06,incois_2902118_meta.nc,PREDEPLOYMENT_CALIB_COEFFICIENT,foil polynomial c1 (per foil-batch factory calibration); float-specific (varies across the 13 INCOIS 301 meta.nc)
float_specific,2902118,AANDERAA_OPTODE_4330,1329,DOXY,c10,-303.294,incois_2902118_meta.nc,PREDEPLOYMENT_CALIB_COEFFICIENT,foil polynomial c10 (per foil-batch factory calibration); float-specific (varies across the 13 INCOIS 301 meta.nc)
float_specific,2902118,AANDERAA_OPTODE_4330,1329,DOXY,c11,2.5305,incois_2902118_meta.nc,PREDEPLOYMENT_CALIB_COEFFICIENT,foil polynomial c11 (per foil-batch factory calibration); float-specific (varies across the 13 INCOIS 301 meta.nc)
float_specific,2902118,AANDERAA_OPTODE_4330,1329,DOXY,c12,-0.0126704,incois_2902118_meta.nc,PREDEPLOYMENT_CALIB_COEFFICIENT,foil polynomial c12 (per foil-batch factory calibration); float-specific (varies across the 13 INCOIS 301 meta.nc)
float_specific,2902118,AANDERAA_OPTODE_4330,1329,DOXY,c13,0.000104045,incois_2902118_meta.nc,PREDEPLOYMENT_CALIB_COEFFICIENT,foil polynomial c13 (per foil-batch factory calibration); float-specific (varies across the 13 INCOIS 301 meta.nc)
float_specific,2902118,AANDERAA_OPTODE_4330,1329,DOXY,c14,-3.56039e-07,incois_2902118_meta.nc,PREDEPLOYMENT_CALIB_COEFFICIENT,foil polynomial c14 (per foil-batch factory calibration); float-specific (varies across the 13 INCOIS 301 meta.nc)
float_specific,2902118,AANDERAA_OPTODE_4330,1329,DOXY,c15,3816.71,incois_2902118_meta.nc,PREDEPLOYMENT_CALIB_COEFFICIENT,foil polynomial c15 (per foil-batch factory calibration); float-specific (varies across the 13 INCOIS 301 meta.nc)
float_specific,2902118,AANDERAA_OPTODE_4330,1329,DOXY,c16,-44.7551,incois_2902118_meta.nc,PREDEPLOYMENT_CALIB_COEFFICIENT,foil polynomial c16 (per foil-batch factory calibration); float-specific (varies across the 13 INCOIS 301 meta.nc)
float_specific,2902118,AANDERAA_OPTODE_4330,1329,DOXY,c17,0.438616,incois_2902118_meta.nc,PREDEPLOYMENT_CALIB_COEFFICIENT,foil polynomial c17 (per foil-batch factory calibration); float-specific (varies across the 13 INCOIS 301 meta.nc)
float_specific,2902118,AANDERAA_OPTODE_4330,1329,DOXY,c18,-0.00714634,incois_2902118_meta.nc,PREDEPLOYMENT_CALIB_COEFFICIENT,foil polynomial c18 (per foil-batch factory calibration); float-specific (varies across the 13 INCOIS 301 meta.nc)
float_specific,2902118,AANDERAA_OPTODE_4330,1329,DOXY,c19,8.90624e-05,incois_2902118_meta.nc,PREDEPLOYMENT_CALIB_COEFFICIENT,foil polynomial c19 (per foil-batch factory calibration); float-specific (varies across the 13 INCOIS 301 meta.nc)
float_specific,2902118,AANDERAA_OPTODE_4330,1329,DOXY,c2,0.00168466,incois_2902118_meta.nc,PREDEPLOYMENT_CALIB_COEFFICIENT,foil polynomial c2 (per foil-batch factory calibration); float-specific (varies across the 13 INCOIS 301 meta.nc)
float_specific,2902118,AANDERAA_OPTODE_4330,1329,DOXY,c20,-6.34301e-07,incois_2902118_meta.nc,PREDEPLOYMENT_CALIB_COEFFICIENT,foil polynomial c20 (per foil-batch factory calibration); float-specific (varies across the 13 INCOIS 301 meta.nc)
family_generic,2902118,AANDERAA_OPTODE_4330,1329,DOXY,c21,0,incois_2902118_meta.nc,PREDEPLOYMENT_CALIB_COEFFICIENT,"foil polynomial c21 (unused term, zero); family-generic (identical in all 13 INCOIS 301 meta.nc)"
family_generic,2902118,AANDERAA_OPTODE_4330,1329,DOXY,c22,0,incois_2902118_meta.nc,PREDEPLOYMENT_CALIB_COEFFICIENT,"foil polynomial c22 (unused term, zero); family-generic (identical in all 13 INCOIS 301 meta.nc)"
family_generic,2902118,AANDERAA_OPTODE_4330,1329,DOXY,c23,0,incois_2902118_meta.nc,PREDEPLOYMENT_CALIB_COEFFICIENT,"foil polynomial c23 (unused term, zero); family-generic (identical in all 13 INCOIS 301 meta.nc)"
family_generic,2902118,AANDERAA_OPTODE_4330,1329,DOXY,c24,0,incois_2902118_meta.nc,PREDEPLOYMENT_CALIB_COEFFICIENT,"foil polynomial c24 (unused term, zero); family-generic (identical in all 13 INCOIS 301 meta.nc)"
family_generic,2902118,AANDERAA_OPTODE_4330,1329,DOXY,c25,0,incois_2902118_meta.nc,PREDEPLOYMENT_CALIB_COEFFICIENT,"foil polynomial c25 (unused term, zero); family-generic (identical in all 13 INCOIS 301 meta.nc)"
family_generic,2902118,AANDERAA_OPTODE_4330,1329,DOXY,c26,0,incois_2902118_meta.nc,PREDEPLOYMENT_CALIB_COEFFICIENT,"foil polynomial c26 (unused term, zero); family-generic (identical in all 13 INCOIS 301 meta.nc)"
family_generic,2902118,AANDERAA_OPTODE_4330,1329,DOXY,c27,0,incois_2902118_meta.nc,PREDEPLOYMENT_CALIB_COEFFICIENT,"foil polynomial c27 (unused term, zero); family-generic (identical in all 13 INCOIS 301 meta.nc)"
float_specific,2902118,AANDERAA_OPTODE_4330,1329,DOXY,c3,-0.185717,incois_2902118_meta.nc,PREDEPLOYMENT_CALIB_COEFFICIENT,foil polynomial c3 (per foil-batch factory calibration); float-specific (varies across the 13 INCOIS 301 meta.nc)
float_specific,2902118,AANDERAA_OPTODE_4330,1329,DOXY,c4,0.00067844,incois_2902118_meta.nc,PREDEPLOYMENT_CALIB_COEFFICIENT,foil polynomial c4 (per foil-batch factory calibration); float-specific (varies across the 13 INCOIS 301 meta.nc)
float_specific,2902118,AANDERAA_OPTODE_4330,1329,DOXY,c5,-5.59791e-07,incois_2902118_meta.nc,PREDEPLOYMENT_CALIB_COEFFICIENT,foil polynomial c5 (per foil-batch factory calibration); float-specific (varies across the 13 INCOIS 301 meta.nc)
float_specific,2902118,AANDERAA_OPTODE_4330,1329,DOXY,c6,10.4016,incois_2902118_meta.nc,PREDEPLOYMENT_CALIB_COEFFICIENT,foil polynomial c6 (per foil-batch factory calibration); float-specific (varies across the 13 INCOIS 301 meta.nc)
float_specific,2902118,AANDERAA_OPTODE_4330,1329,DOXY,c7,-0.0598691,incois_2902118_meta.nc,PREDEPLOYMENT_CALIB_COEFFICIENT,foil polynomial c7 (per foil-batch factory calibration); float-specific (varies across the 13 INCOIS 301 meta.nc)
float_specific,2902118,AANDERAA_OPTODE_4330,1329,DOXY,c8,0.000136042,incois_2902118_meta.nc,PREDEPLOYMENT_CALIB_COEFFICIENT,foil polynomial c8 (per foil-batch factory calibration); float-specific (varies across the 13 INCOIS 301 meta.nc)
float_specific,2902118,AANDERAA_OPTODE_4330,1329,DOXY,c9,-4.77698e-07,incois_2902118_meta.nc,PREDEPLOYMENT_CALIB_COEFFICIENT,foil polynomial c9 (per foil-batch factory calibration); float-specific (varies across the 13 INCOIS 301 meta.nc)
family_generic,2902118,AANDERAA_OPTODE_4330,1329,DOXY,m0,1,incois_2902118_meta.nc,PREDEPLOYMENT_CALIB_COEFFICIENT,"foil polynomial temperature exponent m0 (structural, Aanderaa method; value generic, file formatting varies); family-generic (identical in all 13 INCOIS 301 meta.nc)"
family_generic,2902118,AANDERAA_OPTODE_4330,1329,DOXY,m1,0,incois_2902118_meta.nc,PREDEPLOYMENT_CALIB_COEFFICIENT,"foil polynomial temperature exponent m1 (structural, Aanderaa method; value generic, file formatting varies); family-generic (identical in all 13 INCOIS 301 meta.nc)"
family_generic,2902118,AANDERAA_OPTODE_4330,1329,DOXY,m10,0,incois_2902118_meta.nc,PREDEPLOYMENT_CALIB_COEFFICIENT,"foil polynomial temperature exponent m10 (structural, Aanderaa method; value generic, file formatting varies); family-generic (identical in all 13 INCOIS 301 meta.nc)"
family_generic,2902118,AANDERAA_OPTODE_4330,1329,DOXY,m11,1,incois_2902118_meta.nc,PREDEPLOYMENT_CALIB_COEFFICIENT,"foil polynomial temperature exponent m11 (structural, Aanderaa method; value generic, file formatting varies); family-generic (identical in all 13 INCOIS 301 meta.nc)"
family_generic,2902118,AANDERAA_OPTODE_4330,1329,DOXY,m12,2,incois_2902118_meta.nc,PREDEPLOYMENT_CALIB_COEFFICIENT,"foil polynomial temperature exponent m12 (structural, Aanderaa method; value generic, file formatting varies); family-generic (identical in all 13 INCOIS 301 meta.nc)"
family_generic,2902118,AANDERAA_OPTODE_4330,1329,DOXY,m13,3,incois_2902118_meta.nc,PREDEPLOYMENT_CALIB_COEFFICIENT,"foil polynomial temperature exponent m13 (structural, Aanderaa method; value generic, file formatting varies); family-generic (identical in all 13 INCOIS 301 meta.nc)"
family_generic,2902118,AANDERAA_OPTODE_4330,1329,DOXY,m14,4,incois_2902118_meta.nc,PREDEPLOYMENT_CALIB_COEFFICIENT,"foil polynomial temperature exponent m14 (structural, Aanderaa method; value generic, file formatting varies); family-generic (identical in all 13 INCOIS 301 meta.nc)"
family_generic,2902118,AANDERAA_OPTODE_4330,1329,DOXY,m15,0,incois_2902118_meta.nc,PREDEPLOYMENT_CALIB_COEFFICIENT,"foil polynomial temperature exponent m15 (structural, Aanderaa method; value generic, file formatting varies); family-generic (identical in all 13 INCOIS 301 meta.nc)"
family_generic,2902118,AANDERAA_OPTODE_4330,1329,DOXY,m16,1,incois_2902118_meta.nc,PREDEPLOYMENT_CALIB_COEFFICIENT,"foil polynomial temperature exponent m16 (structural, Aanderaa method; value generic, file formatting varies); family-generic (identical in all 13 INCOIS 301 meta.nc)"
family_generic,2902118,AANDERAA_OPTODE_4330,1329,DOXY,m17,2,incois_2902118_meta.nc,PREDEPLOYMENT_CALIB_COEFFICIENT,"foil polynomial temperature exponent m17 (structural, Aanderaa method; value generic, file formatting varies); family-generic (identical in all 13 INCOIS 301 meta.nc)"
family_generic,2902118,AANDERAA_OPTODE_4330,1329,DOXY,m18,3,incois_2902118_meta.nc,PREDEPLOYMENT_CALIB_COEFFICIENT,"foil polynomial temperature exponent m18 (structural, Aanderaa method; value generic, file formatting varies); family-generic (identical in all 13 INCOIS 301 meta.nc)"
family_generic,2902118,AANDERAA_OPTODE_4330,1329,DOXY,m19,4,incois_2902118_meta.nc,PREDEPLOYMENT_CALIB_COEFFICIENT,"foil polynomial temperature exponent m19 (structural, Aanderaa method; value generic, file formatting varies); family-generic (identical in all 13 INCOIS 301 meta.nc)"
family_generic,2902118,AANDERAA_OPTODE_4330,1329,DOXY,m2,0,incois_2902118_meta.nc,PREDEPLOYMENT_CALIB_COEFFICIENT,"foil polynomial temperature exponent m2 (structural, Aanderaa method; value generic, file formatting varies); family-generic (identical in all 13 INCOIS 301 meta.nc)"
family_generic,2902118,AANDERAA_OPTODE_4330,1329,DOXY,m20,5,incois_2902118_meta.nc,PREDEPLOYMENT_CALIB_COEFFICIENT,"foil polynomial temperature exponent m20 (structural, Aanderaa method; value generic, file formatting varies); family-generic (identical in all 13 INCOIS 301 meta.nc)"
family_generic,2902118,AANDERAA_OPTODE_4330,1329,DOXY,m21,0,incois_2902118_meta.nc,PREDEPLOYMENT_CALIB_COEFFICIENT,"foil polynomial temperature exponent m21 (structural, Aanderaa method; value generic, file formatting varies); family-generic (identical in all 13 INCOIS 301 meta.nc)"
family_generic,2902118,AANDERAA_OPTODE_4330,1329,DOXY,m22,0,incois_2902118_meta.nc,PREDEPLOYMENT_CALIB_COEFFICIENT,"foil polynomial temperature exponent m22 (structural, Aanderaa method; value generic, file formatting varies); family-generic (identical in all 13 INCOIS 301 meta.nc)"
family_generic,2902118,AANDERAA_OPTODE_4330,1329,DOXY,m23,0,incois_2902118_meta.nc,PREDEPLOYMENT_CALIB_COEFFICIENT,"foil polynomial temperature exponent m23 (structural, Aanderaa method; value generic, file formatting varies); family-generic (identical in all 13 INCOIS 301 meta.nc)"
family_generic,2902118,AANDERAA_OPTODE_4330,1329,DOXY,m24,0,incois_2902118_meta.nc,PREDEPLOYMENT_CALIB_COEFFICIENT,"foil polynomial temperature exponent m24 (structural, Aanderaa method; value generic, file formatting varies); family-generic (identical in all 13 INCOIS 301 meta.nc)"
family_generic,2902118,AANDERAA_OPTODE_4330,1329,DOXY,m25,0,incois_2902118_meta.nc,PREDEPLOYMENT_CALIB_COEFFICIENT,"foil polynomial temperature exponent m25 (structural, Aanderaa method; value generic, file formatting varies); family-generic (identical in all 13 INCOIS 301 meta.nc)"
family_generic,2902118,AANDERAA_OPTODE_4330,1329,DOXY,m26,0,incois_2902118_meta.nc,PREDEPLOYMENT_CALIB_COEFFICIENT,"foil polynomial temperature exponent m26 (structural, Aanderaa method; value generic, file formatting varies); family-generic (identical in all 13 INCOIS 301 meta.nc)"
family_generic,2902118,AANDERAA_OPTODE_4330,1329,DOXY,m27,0,incois_2902118_meta.nc,PREDEPLOYMENT_CALIB_COEFFICIENT,"foil polynomial temperature exponent m27 (structural, Aanderaa method; value generic, file formatting varies); family-generic (identical in all 13 INCOIS 301 meta.nc)"
family_generic,2902118,AANDERAA_OPTODE_4330,1329,DOXY,m3,0,incois_2902118_meta.nc,PREDEPLOYMENT_CALIB_COEFFICIENT,"foil polynomial temperature exponent m3 (structural, Aanderaa method; value generic, file formatting varies); family-generic (identical in all 13 INCOIS 301 meta.nc)"
family_generic,2902118,AANDERAA_OPTODE_4330,1329,DOXY,m4,1,incois_2902118_meta.nc,PREDEPLOYMENT_CALIB_COEFFICIENT,"foil polynomial temperature exponent m4 (structural, Aanderaa method; value generic, file formatting varies); family-generic (identical in all 13 INCOIS 301 meta.nc)"
family_generic,2902118,AANDERAA_OPTODE_4330,1329,DOXY,m5,2,incois_2902118_meta.nc,PREDEPLOYMENT_CALIB_COEFFICIENT,"foil polynomial temperature exponent m5 (structural, Aanderaa method; value generic, file formatting varies); family-generic (identical in all 13 INCOIS 301 meta.nc)"
family_generic,2902118,AANDERAA_OPTODE_4330,1329,DOXY,m6,0,incois_2902118_meta.nc,PREDEPLOYMENT_CALIB_COEFFICIENT,"foil polynomial temperature exponent m6 (structural, Aanderaa method; value generic, file formatting varies); family-generic (identical in all 13 INCOIS 301 meta.nc)"
family_generic,2902118,AANDERAA_OPTODE_4330,1329,DOXY,m7,1,incois_2902118_meta.nc,PREDEPLOYMENT_CALIB_COEFFICIENT,"foil polynomial temperature exponent m7 (structural, Aanderaa method; value generic, file formatting varies); family-generic (identical in all 13 INCOIS 301 meta.nc)"
family_generic,2902118,AANDERAA_OPTODE_4330,1329,DOXY,m8,2,incois_2902118_meta.nc,PREDEPLOYMENT_CALIB_COEFFICIENT,"foil polynomial temperature exponent m8 (structural, Aanderaa method; value generic, file formatting varies); family-generic (identical in all 13 INCOIS 301 meta.nc)"
family_generic,2902118,AANDERAA_OPTODE_4330,1329,DOXY,m9,3,incois_2902118_meta.nc,PREDEPLOYMENT_CALIB_COEFFICIENT,"foil polynomial temperature exponent m9 (structural, Aanderaa method; value generic, file formatting varies); family-generic (identical in all 13 INCOIS 301 meta.nc)"
family_generic,2902118,AANDERAA_OPTODE_4330,1329,DOXY,n0,4,incois_2902118_meta.nc,PREDEPLOYMENT_CALIB_COEFFICIENT,"foil polynomial CalPhase exponent n0 (structural, Aanderaa method; value generic, file formatting varies); family-generic (identical in all 13 INCOIS 301 meta.nc)"
family_generic,2902118,AANDERAA_OPTODE_4330,1329,DOXY,n1,5,incois_2902118_meta.nc,PREDEPLOYMENT_CALIB_COEFFICIENT,"foil polynomial CalPhase exponent n1 (structural, Aanderaa method; value generic, file formatting varies); family-generic (identical in all 13 INCOIS 301 meta.nc)"
family_generic,2902118,AANDERAA_OPTODE_4330,1329,DOXY,n10,1,incois_2902118_meta.nc,PREDEPLOYMENT_CALIB_COEFFICIENT,"foil polynomial CalPhase exponent n10 (structural, Aanderaa method; value generic, file formatting varies); family-generic (identical in all 13 INCOIS 301 meta.nc)"
family_generic,2902118,AANDERAA_OPTODE_4330,1329,DOXY,n11,1,incois_2902118_meta.nc,PREDEPLOYMENT_CALIB_COEFFICIENT,"foil polynomial CalPhase exponent n11 (structural, Aanderaa method; value generic, file formatting varies); family-generic (identical in all 13 INCOIS 301 meta.nc)"
family_generic,2902118,AANDERAA_OPTODE_4330,1329,DOXY,n12,1,incois_2902118_meta.nc,PREDEPLOYMENT_CALIB_COEFFICIENT,"foil polynomial CalPhase exponent n12 (structural, Aanderaa method; value generic, file formatting varies); family-generic (identical in all 13 INCOIS 301 meta.nc)"
family_generic,2902118,AANDERAA_OPTODE_4330,1329,DOXY,n13,1,incois_2902118_meta.nc,PREDEPLOYMENT_CALIB_COEFFICIENT,"foil polynomial CalPhase exponent n13 (structural, Aanderaa method; value generic, file formatting varies); family-generic (identical in all 13 INCOIS 301 meta.nc)"
family_generic,2902118,AANDERAA_OPTODE_4330,1329,DOXY,n14,1,incois_2902118_meta.nc,PREDEPLOYMENT_CALIB_COEFFICIENT,"foil polynomial CalPhase exponent n14 (structural, Aanderaa method; value generic, file formatting varies); family-generic (identical in all 13 INCOIS 301 meta.nc)"
family_generic,2902118,AANDERAA_OPTODE_4330,1329,DOXY,n15,0,incois_2902118_meta.nc,PREDEPLOYMENT_CALIB_COEFFICIENT,"foil polynomial CalPhase exponent n15 (structural, Aanderaa method; value generic, file formatting varies); family-generic (identical in all 13 INCOIS 301 meta.nc)"
family_generic,2902118,AANDERAA_OPTODE_4330,1329,DOXY,n16,0,incois_2902118_meta.nc,PREDEPLOYMENT_CALIB_COEFFICIENT,"foil polynomial CalPhase exponent n16 (structural, Aanderaa method; value generic, file formatting varies); family-generic (identical in all 13 INCOIS 301 meta.nc)"
family_generic,2902118,AANDERAA_OPTODE_4330,1329,DOXY,n17,0,incois_2902118_meta.nc,PREDEPLOYMENT_CALIB_COEFFICIENT,"foil polynomial CalPhase exponent n17 (structural, Aanderaa method; value generic, file formatting varies); family-generic (identical in all 13 INCOIS 301 meta.nc)"
family_generic,2902118,AANDERAA_OPTODE_4330,1329,DOXY,n18,0,incois_2902118_meta.nc,PREDEPLOYMENT_CALIB_COEFFICIENT,"foil polynomial CalPhase exponent n18 (structural, Aanderaa method; value generic, file formatting varies); family-generic (identical in all 13 INCOIS 301 meta.nc)"
family_generic,2902118,AANDERAA_OPTODE_4330,1329,DOXY,n19,0,incois_2902118_meta.nc,PREDEPLOYMENT_CALIB_COEFFICIENT,"foil polynomial CalPhase exponent n19 (structural, Aanderaa method; value generic, file formatting varies); family-generic (identical in all 13 INCOIS 301 meta.nc)"
family_generic,2902118,AANDERAA_OPTODE_4330,1329,DOXY,n2,4,incois_2902118_meta.nc,PREDEPLOYMENT_CALIB_COEFFICIENT,"foil polynomial CalPhase exponent n2 (structural, Aanderaa method; value generic, file formatting varies); family-generic (identical in all 13 INCOIS 301 meta.nc)"
family_generic,2902118,AANDERAA_OPTODE_4330,1329,DOXY,n20,0,incois_2902118_meta.nc,PREDEPLOYMENT_CALIB_COEFFICIENT,"foil polynomial CalPhase exponent n20 (structural, Aanderaa method; value generic, file formatting varies); family-generic (identical in all 13 INCOIS 301 meta.nc)"
family_generic,2902118,AANDERAA_OPTODE_4330,1329,DOXY,n21,0,incois_2902118_meta.nc,PREDEPLOYMENT_CALIB_COEFFICIENT,"foil polynomial CalPhase exponent n21 (structural, Aanderaa method; value generic, file formatting varies); family-generic (identical in all 13 INCOIS 301 meta.nc)"
family_generic,2902118,AANDERAA_OPTODE_4330,1329,DOXY,n22,0,incois_2902118_meta.nc,PREDEPLOYMENT_CALIB_COEFFICIENT,"foil polynomial CalPhase exponent n22 (structural, Aanderaa method; value generic, file formatting varies); family-generic (identical in all 13 INCOIS 301 meta.nc)"
family_generic,2902118,AANDERAA_OPTODE_4330,1329,DOXY,n23,0,incois_2902118_meta.nc,PREDEPLOYMENT_CALIB_COEFFICIENT,"foil polynomial CalPhase exponent n23 (structural, Aanderaa method; value generic, file formatting varies); family-generic (identical in all 13 INCOIS 301 meta.nc)"
family_generic,2902118,AANDERAA_OPTODE_4330,1329,DOXY,n24,0,incois_2902118_meta.nc,PREDEPLOYMENT_CALIB_COEFFICIENT,"foil polynomial CalPhase exponent n24 (structural, Aanderaa method; value generic, file formatting varies); family-generic (identical in all 13 INCOIS 301 meta.nc)"
family_generic,2902118,AANDERAA_OPTODE_4330,1329,DOXY,n25,0,incois_2902118_meta.nc,PREDEPLOYMENT_CALIB_COEFFICIENT,"foil polynomial CalPhase exponent n25 (structural, Aanderaa method; value generic, file formatting varies); family-generic (identical in all 13 INCOIS 301 meta.nc)"
family_generic,2902118,AANDERAA_OPTODE_4330,1329,DOXY,n26,0,incois_2902118_meta.nc,PREDEPLOYMENT_CALIB_COEFFICIENT,"foil polynomial CalPhase exponent n26 (structural, Aanderaa method; value generic, file formatting varies); family-generic (identical in all 13 INCOIS 301 meta.nc)"
family_generic,2902118,AANDERAA_OPTODE_4330,1329,DOXY,n27,0,incois_2902118_meta.nc,PREDEPLOYMENT_CALIB_COEFFICIENT,"foil polynomial CalPhase exponent n27 (structural, Aanderaa method; value generic, file formatting varies); family-generic (identical in all 13 INCOIS 301 meta.nc)"
family_generic,2902118,AANDERAA_OPTODE_4330,1329,DOXY,n3,3,incois_2902118_meta.nc,PREDEPLOYMENT_CALIB_COEFFICIENT,"foil polynomial CalPhase exponent n3 (structural, Aanderaa method; value generic, file formatting varies); family-generic (identical in all 13 INCOIS 301 meta.nc)"
family_generic,2902118,AANDERAA_OPTODE_4330,1329,DOXY,n4,3,incois_2902118_meta.nc,PREDEPLOYMENT_CALIB_COEFFICIENT,"foil polynomial CalPhase exponent n4 (structural, Aanderaa method; value generic, file formatting varies); family-generic (identical in all 13 INCOIS 301 meta.nc)"
family_generic,2902118,AANDERAA_OPTODE_4330,1329,DOXY,n5,3,incois_2902118_meta.nc,PREDEPLOYMENT_CALIB_COEFFICIENT,"foil polynomial CalPhase exponent n5 (structural, Aanderaa method; value generic, file formatting varies); family-generic (identical in all 13 INCOIS 301 meta.nc)"
family_generic,2902118,AANDERAA_OPTODE_4330,1329,DOXY,n6,2,incois_2902118_meta.nc,PREDEPLOYMENT_CALIB_COEFFICIENT,"foil polynomial CalPhase exponent n6 (structural, Aanderaa method; value generic, file formatting varies); family-generic (identical in all 13 INCOIS 301 meta.nc)"
family_generic,2902118,AANDERAA_OPTODE_4330,1329,DOXY,n7,2,incois_2902118_meta.nc,PREDEPLOYMENT_CALIB_COEFFICIENT,"foil polynomial CalPhase exponent n7 (structural, Aanderaa method; value generic, file formatting varies); family-generic (identical in all 13 INCOIS 301 meta.nc)"
family_generic,2902118,AANDERAA_OPTODE_4330,1329,DOXY,n8,2,incois_2902118_meta.nc,PREDEPLOYMENT_CALIB_COEFFICIENT,"foil polynomial CalPhase exponent n8 (structural, Aanderaa method; value generic, file formatting varies); family-generic (identical in all 13 INCOIS 301 meta.nc)"
family_generic,2902118,AANDERAA_OPTODE_4330,1329,DOXY,n9,2,incois_2902118_meta.nc,PREDEPLOYMENT_CALIB_COEFFICIENT,"foil polynomial CalPhase exponent n9 (structural, Aanderaa method; value generic, file formatting varies); family-generic (identical in all 13 INCOIS 301 meta.nc)"
float_specific,2902118,AANDERAA_OPTODE_4330,1329,TEMP_DOXY,T0,24.6341,incois_2902118_meta.nc,PREDEPLOYMENT_CALIB_COEFFICIENT,"optode thermistor polynomial T0 (per-unit factory calibration; firmware-internal, reference only); float-specific (varies across the 13 INCOIS 301 meta.nc)"
float_specific,2902118,AANDERAA_OPTODE_4330,1329,TEMP_DOXY,T1,-0.0309341,incois_2902118_meta.nc,PREDEPLOYMENT_CALIB_COEFFICIENT,"optode thermistor polynomial T1 (per-unit factory calibration; firmware-internal, reference only); float-specific (varies across the 13 INCOIS 301 meta.nc)"
float_specific,2902118,AANDERAA_OPTODE_4330,1329,TEMP_DOXY,T2,2.89963e-06,incois_2902118_meta.nc,PREDEPLOYMENT_CALIB_COEFFICIENT,"optode thermistor polynomial T2 (per-unit factory calibration; firmware-internal, reference only); float-specific (varies across the 13 INCOIS 301 meta.nc)"
float_specific,2902118,AANDERAA_OPTODE_4330,1329,TEMP_DOXY,T3,-4.25418e-09,incois_2902118_meta.nc,PREDEPLOYMENT_CALIB_COEFFICIENT,"optode thermistor polynomial T3 (per-unit factory calibration; firmware-internal, reference only); float-specific (varies across the 13 INCOIS 301 meta.nc)"
family_generic,2902118,AANDERAA_OPTODE_4330,1329,TEMP_DOXY,T4,0,incois_2902118_meta.nc,PREDEPLOYMENT_CALIB_COEFFICIENT,"optode thermistor polynomial T4 (per-unit factory calibration; firmware-internal, reference only); family-generic (identical in all 13 INCOIS 301 meta.nc)"
family_generic,2902118,AANDERAA_OPTODE_4330,1329,TEMP_DOXY,T5,0,incois_2902118_meta.nc,PREDEPLOYMENT_CALIB_COEFFICIENT,"optode thermistor polynomial T5 (per-unit factory calibration; firmware-internal, reference only); family-generic (identical in all 13 INCOIS 301 meta.nc)"
float_specific,2902120,ECO_FLBB,3066,BBP700,DARK_BACKSCATTERING700,49,incois_2902120_meta.nc,PREDEPLOYMENT_CALIB_COEFFICIENT,WETLABS factory backscatter dark counts; float-specific (varies across the 13 INCOIS 301 meta.nc)
float_specific,2902120,ECO_FLBB,3066,BBP700,SCALE_BACKSCATTERING700,1.413e-06,incois_2902120_meta.nc,PREDEPLOYMENT_CALIB_COEFFICIENT,WETLABS factory backscatter scale [m-1 per count]; float-specific (varies across the 13 INCOIS 301 meta.nc)
family_generic,2902120,ECO_FLBB,3066,BBP700,khi,1.097,incois_2902120_meta.nc,PREDEPLOYMENT_CALIB_COEFFICIENT,Boss/Roesler chi factor 1.097 for 142-degree backscatter; family-generic (identical in all 13 INCOIS 301 meta.nc)
float_specific,2902120,ECO_FLBB,3066,CHLA,DARK_CHLA,49,incois_2902120_meta.nc,PREDEPLOYMENT_CALIB_COEFFICIENT,WETLABS factory chlorophyll dark counts; float-specific (varies across the 13 INCOIS 301 meta.nc)
family_generic,2902120,ECO_FLBB,3066,CHLA,SCALE_CHLA,0.0073,incois_2902120_meta.nc,PREDEPLOYMENT_CALIB_COEFFICIENT,WETLABS factory chlorophyll scale [ug/L per count]; family-generic (identical in all 13 INCOIS 301 meta.nc)
family_generic,2902120,AANDERAA_OPTODE_4330,1331,DOXY,A0,2.00856,incois_2902120_meta.nc,PREDEPLOYMENT_CALIB_COEFFICIENT,Weiss Cstar solubility A0; family-generic (identical in all 13 INCOIS 301 meta.nc)
family_generic,2902120,AANDERAA_OPTODE_4330,1331,DOXY,A1,3.224,incois_2902120_meta.nc,PREDEPLOYMENT_CALIB_COEFFICIENT,Weiss Cstar solubility A1; family-generic (identical in all 13 INCOIS 301 meta.nc)
family_generic,2902120,AANDERAA_OPTODE_4330,1331,DOXY,A2,3.99063,incois_2902120_meta.nc,PREDEPLOYMENT_CALIB_COEFFICIENT,Weiss Cstar solubility A2; family-generic (identical in all 13 INCOIS 301 meta.nc)
family_generic,2902120,AANDERAA_OPTODE_4330,1331,DOXY,A3,4.80299,incois_2902120_meta.nc,PREDEPLOYMENT_CALIB_COEFFICIENT,Weiss Cstar solubility A3; family-generic (identical in all 13 INCOIS 301 meta.nc)
family_generic,2902120,AANDERAA_OPTODE_4330,1331,DOXY,A4,0.978188,incois_2902120_meta.nc,PREDEPLOYMENT_CALIB_COEFFICIENT,Weiss Cstar solubility A4; family-generic (identical in all 13 INCOIS 301 meta.nc)
family_generic,2902120,AANDERAA_OPTODE_4330,1331,DOXY,A5,1.71069,incois_2902120_meta.nc,PREDEPLOYMENT_CALIB_COEFFICIENT,Weiss Cstar solubility A5; family-generic (identical in all 13 INCOIS 301 meta.nc)
family_generic,2902120,AANDERAA_OPTODE_4330,1331,DOXY,B0,-0.00624523,incois_2902120_meta.nc,PREDEPLOYMENT_CALIB_COEFFICIENT,Garcia-Gordon-style salinity-correction B0; family-generic (identical in all 13 INCOIS 301 meta.nc)
family_generic,2902120,AANDERAA_OPTODE_4330,1331,DOXY,B1,-0.00737614,incois_2902120_meta.nc,PREDEPLOYMENT_CALIB_COEFFICIENT,Garcia-Gordon-style salinity-correction B1; family-generic (identical in all 13 INCOIS 301 meta.nc)
family_generic,2902120,AANDERAA_OPTODE_4330,1331,DOXY,B2,-0.010341,incois_2902120_meta.nc,PREDEPLOYMENT_CALIB_COEFFICIENT,Garcia-Gordon-style salinity-correction B2; family-generic (identical in all 13 INCOIS 301 meta.nc)
family_generic,2902120,AANDERAA_OPTODE_4330,1331,DOXY,B3,-0.00817083,incois_2902120_meta.nc,PREDEPLOYMENT_CALIB_COEFFICIENT,Garcia-Gordon-style salinity-correction B3; family-generic (identical in all 13 INCOIS 301 meta.nc)
family_generic,2902120,AANDERAA_OPTODE_4330,1331,DOXY,C0,-4.88682e-07,incois_2902120_meta.nc,PREDEPLOYMENT_CALIB_COEFFICIENT,salinity-correction C0 (PSAL^2 term); family-generic (identical in all 13 INCOIS 301 meta.nc)
family_generic,2902120,AANDERAA_OPTODE_4330,1331,DOXY,D0,24.4543,incois_2902120_meta.nc,PREDEPLOYMENT_CALIB_COEFFICIENT,vapour-pressure D0; family-generic (identical in all 13 INCOIS 301 meta.nc)
family_generic,2902120,AANDERAA_OPTODE_4330,1331,DOXY,D1,-67.4509,incois_2902120_meta.nc,PREDEPLOYMENT_CALIB_COEFFICIENT,vapour-pressure D1; family-generic (identical in all 13 INCOIS 301 meta.nc)
family_generic,2902120,AANDERAA_OPTODE_4330,1331,DOXY,D2,-4.8489,incois_2902120_meta.nc,PREDEPLOYMENT_CALIB_COEFFICIENT,vapour-pressure D2; family-generic (identical in all 13 INCOIS 301 meta.nc)
family_generic,2902120,AANDERAA_OPTODE_4330,1331,DOXY,D3,-0.000544,incois_2902120_meta.nc,PREDEPLOYMENT_CALIB_COEFFICIENT,vapour-pressure D3 (salinity term); family-generic (identical in all 13 INCOIS 301 meta.nc)
family_generic,2902120,AANDERAA_OPTODE_4330,1331,DOXY,Pcoef1,0.1,incois_2902120_meta.nc,PREDEPLOYMENT_CALIB_COEFFICIENT,phase pressure-compensation slope [deg per bar/1000]; Aanderaa default 0.1; family-generic (identical in all 13 INCOIS 301 meta.nc)
family_generic,2902120,AANDERAA_OPTODE_4330,1331,DOXY,Pcoef2,0.00022,incois_2902120_meta.nc,PREDEPLOYMENT_CALIB_COEFFICIENT,Pcorr temperature slope; Aanderaa default; family-generic (identical in all 13 INCOIS 301 meta.nc)
family_generic,2902120,AANDERAA_OPTODE_4330,1331,DOXY,Pcoef3,0.0419,incois_2902120_meta.nc,PREDEPLOYMENT_CALIB_COEFFICIENT,Pcorr intercept; Aanderaa default; family-generic (identical in all 13 INCOIS 301 meta.nc)
float_specific,2902120,AANDERAA_OPTODE_4330,1331,DOXY,PhaseCoef0,0,incois_2902120_meta.nc,PREDEPLOYMENT_CALIB_COEFFICIENT,CalPhase cubic c0 (per-foil factory calibration); float-specific (varies across the 13 INCOIS 301 meta.nc)
float_specific,2902120,AANDERAA_OPTODE_4330,1331,DOXY,PhaseCoef1,1,incois_2902120_meta.nc,PREDEPLOYMENT_CALIB_COEFFICIENT,CalPhase cubic c1 (per-foil factory calibration); float-specific (varies across the 13 INCOIS 301 meta.nc)
family_generic,2902120,AANDERAA_OPTODE_4330,1331,DOXY,PhaseCoef2,0,incois_2902120_meta.nc,PREDEPLOYMENT_CALIB_COEFFICIENT,CalPhase cubic c2 (zero: Aanderaa standard foils); family-generic (identical in all 13 INCOIS 301 meta.nc)
family_generic,2902120,AANDERAA_OPTODE_4330,1331,DOXY,PhaseCoef3,0,incois_2902120_meta.nc,PREDEPLOYMENT_CALIB_COEFFICIENT,CalPhase cubic c3 (zero: Aanderaa standard foils); family-generic (identical in all 13 INCOIS 301 meta.nc)
family_generic,2902120,AANDERAA_OPTODE_4330,1331,DOXY,Spreset,0,incois_2902120_meta.nc,PREDEPLOYMENT_CALIB_COEFFICIENT,reference salinity [psu] of the Scorr vapour-pressure ratio; family-generic (identical in all 13 INCOIS 301 meta.nc)
float_specific,2902120,AANDERAA_OPTODE_4330,1331,DOXY,c0,-2.98831e-06,incois_2902120_meta.nc,PREDEPLOYMENT_CALIB_COEFFICIENT,foil polynomial c0 (per foil-batch factory calibration); float-specific (varies across the 13 INCOIS 301 meta.nc)
float_specific,2902120,AANDERAA_OPTODE_4330,1331,DOXY,c1,-6.13778e-06,incois_2902120_meta.nc,PREDEPLOYMENT_CALIB_COEFFICIENT,foil polynomial c1 (per foil-batch factory calibration); float-specific (varies across the 13 INCOIS 301 meta.nc)
float_specific,2902120,AANDERAA_OPTODE_4330,1331,DOXY,c10,-303.294,incois_2902120_meta.nc,PREDEPLOYMENT_CALIB_COEFFICIENT,foil polynomial c10 (per foil-batch factory calibration); float-specific (varies across the 13 INCOIS 301 meta.nc)
float_specific,2902120,AANDERAA_OPTODE_4330,1331,DOXY,c11,2.5305,incois_2902120_meta.nc,PREDEPLOYMENT_CALIB_COEFFICIENT,foil polynomial c11 (per foil-batch factory calibration); float-specific (varies across the 13 INCOIS 301 meta.nc)
float_specific,2902120,AANDERAA_OPTODE_4330,1331,DOXY,c12,-0.0126704,incois_2902120_meta.nc,PREDEPLOYMENT_CALIB_COEFFICIENT,foil polynomial c12 (per foil-batch factory calibration); float-specific (varies across the 13 INCOIS 301 meta.nc)
float_specific,2902120,AANDERAA_OPTODE_4330,1331,DOXY,c13,0.000104045,incois_2902120_meta.nc,PREDEPLOYMENT_CALIB_COEFFICIENT,foil polynomial c13 (per foil-batch factory calibration); float-specific (varies across the 13 INCOIS 301 meta.nc)
float_specific,2902120,AANDERAA_OPTODE_4330,1331,DOXY,c14,-3.56039e-07,incois_2902120_meta.nc,PREDEPLOYMENT_CALIB_COEFFICIENT,foil polynomial c14 (per foil-batch factory calibration); float-specific (varies across the 13 INCOIS 301 meta.nc)
float_specific,2902120,AANDERAA_OPTODE_4330,1331,DOXY,c15,3816.71,incois_2902120_meta.nc,PREDEPLOYMENT_CALIB_COEFFICIENT,foil polynomial c15 (per foil-batch factory calibration); float-specific (varies across the 13 INCOIS 301 meta.nc)
float_specific,2902120,AANDERAA_OPTODE_4330,1331,DOXY,c16,-44.7551,incois_2902120_meta.nc,PREDEPLOYMENT_CALIB_COEFFICIENT,foil polynomial c16 (per foil-batch factory calibration); float-specific (varies across the 13 INCOIS 301 meta.nc)
float_specific,2902120,AANDERAA_OPTODE_4330,1331,DOXY,c17,0.438616,incois_2902120_meta.nc,PREDEPLOYMENT_CALIB_COEFFICIENT,foil polynomial c17 (per foil-batch factory calibration); float-specific (varies across the 13 INCOIS 301 meta.nc)
float_specific,2902120,AANDERAA_OPTODE_4330,1331,DOXY,c18,-0.00714634,incois_2902120_meta.nc,PREDEPLOYMENT_CALIB_COEFFICIENT,foil polynomial c18 (per foil-batch factory calibration); float-specific (varies across the 13 INCOIS 301 meta.nc)
float_specific,2902120,AANDERAA_OPTODE_4330,1331,DOXY,c19,8.90624e-05,incois_2902120_meta.nc,PREDEPLOYMENT_CALIB_COEFFICIENT,foil polynomial c19 (per foil-batch factory calibration); float-specific (varies across the 13 INCOIS 301 meta.nc)
float_specific,2902120,AANDERAA_OPTODE_4330,1331,DOXY,c2,0.00168466,incois_2902120_meta.nc,PREDEPLOYMENT_CALIB_COEFFICIENT,foil polynomial c2 (per foil-batch factory calibration); float-specific (varies across the 13 INCOIS 301 meta.nc)
float_specific,2902120,AANDERAA_OPTODE_4330,1331,DOXY,c20,-6.34301e-07,incois_2902120_meta.nc,PREDEPLOYMENT_CALIB_COEFFICIENT,foil polynomial c20 (per foil-batch factory calibration); float-specific (varies across the 13 INCOIS 301 meta.nc)
family_generic,2902120,AANDERAA_OPTODE_4330,1331,DOXY,c21,0,incois_2902120_meta.nc,PREDEPLOYMENT_CALIB_COEFFICIENT,"foil polynomial c21 (unused term, zero); family-generic (identical in all 13 INCOIS 301 meta.nc)"
family_generic,2902120,AANDERAA_OPTODE_4330,1331,DOXY,c22,0,incois_2902120_meta.nc,PREDEPLOYMENT_CALIB_COEFFICIENT,"foil polynomial c22 (unused term, zero); family-generic (identical in all 13 INCOIS 301 meta.nc)"
family_generic,2902120,AANDERAA_OPTODE_4330,1331,DOXY,c23,0,incois_2902120_meta.nc,PREDEPLOYMENT_CALIB_COEFFICIENT,"foil polynomial c23 (unused term, zero); family-generic (identical in all 13 INCOIS 301 meta.nc)"
family_generic,2902120,AANDERAA_OPTODE_4330,1331,DOXY,c24,0,incois_2902120_meta.nc,PREDEPLOYMENT_CALIB_COEFFICIENT,"foil polynomial c24 (unused term, zero); family-generic (identical in all 13 INCOIS 301 meta.nc)"
family_generic,2902120,AANDERAA_OPTODE_4330,1331,DOXY,c25,0,incois_2902120_meta.nc,PREDEPLOYMENT_CALIB_COEFFICIENT,"foil polynomial c25 (unused term, zero); family-generic (identical in all 13 INCOIS 301 meta.nc)"
family_generic,2902120,AANDERAA_OPTODE_4330,1331,DOXY,c26,0,incois_2902120_meta.nc,PREDEPLOYMENT_CALIB_COEFFICIENT,"foil polynomial c26 (unused term, zero); family-generic (identical in all 13 INCOIS 301 meta.nc)"
family_generic,2902120,AANDERAA_OPTODE_4330,1331,DOXY,c27,0,incois_2902120_meta.nc,PREDEPLOYMENT_CALIB_COEFFICIENT,"foil polynomial c27 (unused term, zero); family-generic (identical in all 13 INCOIS 301 meta.nc)"
float_specific,2902120,AANDERAA_OPTODE_4330,1331,DOXY,c3,-0.185717,incois_2902120_meta.nc,PREDEPLOYMENT_CALIB_COEFFICIENT,foil polynomial c3 (per foil-batch factory calibration); float-specific (varies across the 13 INCOIS 301 meta.nc)
float_specific,2902120,AANDERAA_OPTODE_4330,1331,DOXY,c4,0.00067844,incois_2902120_meta.nc,PREDEPLOYMENT_CALIB_COEFFICIENT,foil polynomial c4 (per foil-batch factory calibration); float-specific (varies across the 13 INCOIS 301 meta.nc)
float_specific,2902120,AANDERAA_OPTODE_4330,1331,DOXY,c5,-5.59791e-07,incois_2902120_meta.nc,PREDEPLOYMENT_CALIB_COEFFICIENT,foil polynomial c5 (per foil-batch factory calibration); float-specific (varies across the 13 INCOIS 301 meta.nc)
float_specific,2902120,AANDERAA_OPTODE_4330,1331,DOXY,c6,10.4016,incois_2902120_meta.nc,PREDEPLOYMENT_CALIB_COEFFICIENT,foil polynomial c6 (per foil-batch factory calibration); float-specific (varies across the 13 INCOIS 301 meta.nc)
float_specific,2902120,AANDERAA_OPTODE_4330,1331,DOXY,c7,-0.0598691,incois_2902120_meta.nc,PREDEPLOYMENT_CALIB_COEFFICIENT,foil polynomial c7 (per foil-batch factory calibration); float-specific (varies across the 13 INCOIS 301 meta.nc)
float_specific,2902120,AANDERAA_OPTODE_4330,1331,DOXY,c8,0.000136042,incois_2902120_meta.nc,PREDEPLOYMENT_CALIB_COEFFICIENT,foil polynomial c8 (per foil-batch factory calibration); float-specific (varies across the 13 INCOIS 301 meta.nc)
float_specific,2902120,AANDERAA_OPTODE_4330,1331,DOXY,c9,-4.77698e-07,incois_2902120_meta.nc,PREDEPLOYMENT_CALIB_COEFFICIENT,foil polynomial c9 (per foil-batch factory calibration); float-specific (varies across the 13 INCOIS 301 meta.nc)
family_generic,2902120,AANDERAA_OPTODE_4330,1331,DOXY,m0,1,incois_2902120_meta.nc,PREDEPLOYMENT_CALIB_COEFFICIENT,"foil polynomial temperature exponent m0 (structural, Aanderaa method; value generic, file formatting varies); family-generic (identical in all 13 INCOIS 301 meta.nc)"
family_generic,2902120,AANDERAA_OPTODE_4330,1331,DOXY,m1,0,incois_2902120_meta.nc,PREDEPLOYMENT_CALIB_COEFFICIENT,"foil polynomial temperature exponent m1 (structural, Aanderaa method; value generic, file formatting varies); family-generic (identical in all 13 INCOIS 301 meta.nc)"
family_generic,2902120,AANDERAA_OPTODE_4330,1331,DOXY,m10,0,incois_2902120_meta.nc,PREDEPLOYMENT_CALIB_COEFFICIENT,"foil polynomial temperature exponent m10 (structural, Aanderaa method; value generic, file formatting varies); family-generic (identical in all 13 INCOIS 301 meta.nc)"
family_generic,2902120,AANDERAA_OPTODE_4330,1331,DOXY,m11,1,incois_2902120_meta.nc,PREDEPLOYMENT_CALIB_COEFFICIENT,"foil polynomial temperature exponent m11 (structural, Aanderaa method; value generic, file formatting varies); family-generic (identical in all 13 INCOIS 301 meta.nc)"
family_generic,2902120,AANDERAA_OPTODE_4330,1331,DOXY,m12,2,incois_2902120_meta.nc,PREDEPLOYMENT_CALIB_COEFFICIENT,"foil polynomial temperature exponent m12 (structural, Aanderaa method; value generic, file formatting varies); family-generic (identical in all 13 INCOIS 301 meta.nc)"
family_generic,2902120,AANDERAA_OPTODE_4330,1331,DOXY,m13,3,incois_2902120_meta.nc,PREDEPLOYMENT_CALIB_COEFFICIENT,"foil polynomial temperature exponent m13 (structural, Aanderaa method; value generic, file formatting varies); family-generic (identical in all 13 INCOIS 301 meta.nc)"
family_generic,2902120,AANDERAA_OPTODE_4330,1331,DOXY,m14,4,incois_2902120_meta.nc,PREDEPLOYMENT_CALIB_COEFFICIENT,"foil polynomial temperature exponent m14 (structural, Aanderaa method; value generic, file formatting varies); family-generic (identical in all 13 INCOIS 301 meta.nc)"
family_generic,2902120,AANDERAA_OPTODE_4330,1331,DOXY,m15,0,incois_2902120_meta.nc,PREDEPLOYMENT_CALIB_COEFFICIENT,"foil polynomial temperature exponent m15 (structural, Aanderaa method; value generic, file formatting varies); family-generic (identical in all 13 INCOIS 301 meta.nc)"
family_generic,2902120,AANDERAA_OPTODE_4330,1331,DOXY,m16,1,incois_2902120_meta.nc,PREDEPLOYMENT_CALIB_COEFFICIENT,"foil polynomial temperature exponent m16 (structural, Aanderaa method; value generic, file formatting varies); family-generic (identical in all 13 INCOIS 301 meta.nc)"
family_generic,2902120,AANDERAA_OPTODE_4330,1331,DOXY,m17,2,incois_2902120_meta.nc,PREDEPLOYMENT_CALIB_COEFFICIENT,"foil polynomial temperature exponent m17 (structural, Aanderaa method; value generic, file formatting varies); family-generic (identical in all 13 INCOIS 301 meta.nc)"
family_generic,2902120,AANDERAA_OPTODE_4330,1331,DOXY,m18,3,incois_2902120_meta.nc,PREDEPLOYMENT_CALIB_COEFFICIENT,"foil polynomial temperature exponent m18 (structural, Aanderaa method; value generic, file formatting varies); family-generic (identical in all 13 INCOIS 301 meta.nc)"
family_generic,2902120,AANDERAA_OPTODE_4330,1331,DOXY,m19,4,incois_2902120_meta.nc,PREDEPLOYMENT_CALIB_COEFFICIENT,"foil polynomial temperature exponent m19 (structural, Aanderaa method; value generic, file formatting varies); family-generic (identical in all 13 INCOIS 301 meta.nc)"
family_generic,2902120,AANDERAA_OPTODE_4330,1331,DOXY,m2,0,incois_2902120_meta.nc,PREDEPLOYMENT_CALIB_COEFFICIENT,"foil polynomial temperature exponent m2 (structural, Aanderaa method; value generic, file formatting varies); family-generic (identical in all 13 INCOIS 301 meta.nc)"
family_generic,2902120,AANDERAA_OPTODE_4330,1331,DOXY,m20,5,incois_2902120_meta.nc,PREDEPLOYMENT_CALIB_COEFFICIENT,"foil polynomial temperature exponent m20 (structural, Aanderaa method; value generic, file formatting varies); family-generic (identical in all 13 INCOIS 301 meta.nc)"
family_generic,2902120,AANDERAA_OPTODE_4330,1331,DOXY,m21,0,incois_2902120_meta.nc,PREDEPLOYMENT_CALIB_COEFFICIENT,"foil polynomial temperature exponent m21 (structural, Aanderaa method; value generic, file formatting varies); family-generic (identical in all 13 INCOIS 301 meta.nc)"
family_generic,2902120,AANDERAA_OPTODE_4330,1331,DOXY,m22,0,incois_2902120_meta.nc,PREDEPLOYMENT_CALIB_COEFFICIENT,"foil polynomial temperature exponent m22 (structural, Aanderaa method; value generic, file formatting varies); family-generic (identical in all 13 INCOIS 301 meta.nc)"
family_generic,2902120,AANDERAA_OPTODE_4330,1331,DOXY,m23,0,incois_2902120_meta.nc,PREDEPLOYMENT_CALIB_COEFFICIENT,"foil polynomial temperature exponent m23 (structural, Aanderaa method; value generic, file formatting varies); family-generic (identical in all 13 INCOIS 301 meta.nc)"
family_generic,2902120,AANDERAA_OPTODE_4330,1331,DOXY,m24,0,incois_2902120_meta.nc,PREDEPLOYMENT_CALIB_COEFFICIENT,"foil polynomial temperature exponent m24 (structural, Aanderaa method; value generic, file formatting varies); family-generic (identical in all 13 INCOIS 301 meta.nc)"
family_generic,2902120,AANDERAA_OPTODE_4330,1331,DOXY,m25,0,incois_2902120_meta.nc,PREDEPLOYMENT_CALIB_COEFFICIENT,"foil polynomial temperature exponent m25 (structural, Aanderaa method; value generic, file formatting varies); family-generic (identical in all 13 INCOIS 301 meta.nc)"
family_generic,2902120,AANDERAA_OPTODE_4330,1331,DOXY,m26,0,incois_2902120_meta.nc,PREDEPLOYMENT_CALIB_COEFFICIENT,"foil polynomial temperature exponent m26 (structural, Aanderaa method; value generic, file formatting varies); family-generic (identical in all 13 INCOIS 301 meta.nc)"
family_generic,2902120,AANDERAA_OPTODE_4330,1331,DOXY,m27,0,incois_2902120_meta.nc,PREDEPLOYMENT_CALIB_COEFFICIENT,"foil polynomial temperature exponent m27 (structural, Aanderaa method; value generic, file formatting varies); family-generic (identical in all 13 INCOIS 301 meta.nc)"
family_generic,2902120,AANDERAA_OPTODE_4330,1331,DOXY,m3,0,incois_2902120_meta.nc,PREDEPLOYMENT_CALIB_COEFFICIENT,"foil polynomial temperature exponent m3 (structural, Aanderaa method; value generic, file formatting varies); family-generic (identical in all 13 INCOIS 301 meta.nc)"
family_generic,2902120,AANDERAA_OPTODE_4330,1331,DOXY,m4,1,incois_2902120_meta.nc,PREDEPLOYMENT_CALIB_COEFFICIENT,"foil polynomial temperature exponent m4 (structural, Aanderaa method; value generic, file formatting varies); family-generic (identical in all 13 INCOIS 301 meta.nc)"
family_generic,2902120,AANDERAA_OPTODE_4330,1331,DOXY,m5,2,incois_2902120_meta.nc,PREDEPLOYMENT_CALIB_COEFFICIENT,"foil polynomial temperature exponent m5 (structural, Aanderaa method; value generic, file formatting varies); family-generic (identical in all 13 INCOIS 301 meta.nc)"
family_generic,2902120,AANDERAA_OPTODE_4330,1331,DOXY,m6,0,incois_2902120_meta.nc,PREDEPLOYMENT_CALIB_COEFFICIENT,"foil polynomial temperature exponent m6 (structural, Aanderaa method; value generic, file formatting varies); family-generic (identical in all 13 INCOIS 301 meta.nc)"
family_generic,2902120,AANDERAA_OPTODE_4330,1331,DOXY,m7,1,incois_2902120_meta.nc,PREDEPLOYMENT_CALIB_COEFFICIENT,"foil polynomial temperature exponent m7 (structural, Aanderaa method; value generic, file formatting varies); family-generic (identical in all 13 INCOIS 301 meta.nc)"
family_generic,2902120,AANDERAA_OPTODE_4330,1331,DOXY,m8,2,incois_2902120_meta.nc,PREDEPLOYMENT_CALIB_COEFFICIENT,"foil polynomial temperature exponent m8 (structural, Aanderaa method; value generic, file formatting varies); family-generic (identical in all 13 INCOIS 301 meta.nc)"
family_generic,2902120,AANDERAA_OPTODE_4330,1331,DOXY,m9,3,incois_2902120_meta.nc,PREDEPLOYMENT_CALIB_COEFFICIENT,"foil polynomial temperature exponent m9 (structural, Aanderaa method; value generic, file formatting varies); family-generic (identical in all 13 INCOIS 301 meta.nc)"
family_generic,2902120,AANDERAA_OPTODE_4330,1331,DOXY,n0,4,incois_2902120_meta.nc,PREDEPLOYMENT_CALIB_COEFFICIENT,"foil polynomial CalPhase exponent n0 (structural, Aanderaa method; value generic, file formatting varies); family-generic (identical in all 13 INCOIS 301 meta.nc)"
family_generic,2902120,AANDERAA_OPTODE_4330,1331,DOXY,n1,5,incois_2902120_meta.nc,PREDEPLOYMENT_CALIB_COEFFICIENT,"foil polynomial CalPhase exponent n1 (structural, Aanderaa method; value generic, file formatting varies); family-generic (identical in all 13 INCOIS 301 meta.nc)"
family_generic,2902120,AANDERAA_OPTODE_4330,1331,DOXY,n10,1,incois_2902120_meta.nc,PREDEPLOYMENT_CALIB_COEFFICIENT,"foil polynomial CalPhase exponent n10 (structural, Aanderaa method; value generic, file formatting varies); family-generic (identical in all 13 INCOIS 301 meta.nc)"
family_generic,2902120,AANDERAA_OPTODE_4330,1331,DOXY,n11,1,incois_2902120_meta.nc,PREDEPLOYMENT_CALIB_COEFFICIENT,"foil polynomial CalPhase exponent n11 (structural, Aanderaa method; value generic, file formatting varies); family-generic (identical in all 13 INCOIS 301 meta.nc)"
family_generic,2902120,AANDERAA_OPTODE_4330,1331,DOXY,n12,1,incois_2902120_meta.nc,PREDEPLOYMENT_CALIB_COEFFICIENT,"foil polynomial CalPhase exponent n12 (structural, Aanderaa method; value generic, file formatting varies); family-generic (identical in all 13 INCOIS 301 meta.nc)"
family_generic,2902120,AANDERAA_OPTODE_4330,1331,DOXY,n13,1,incois_2902120_meta.nc,PREDEPLOYMENT_CALIB_COEFFICIENT,"foil polynomial CalPhase exponent n13 (structural, Aanderaa method; value generic, file formatting varies); family-generic (identical in all 13 INCOIS 301 meta.nc)"
family_generic,2902120,AANDERAA_OPTODE_4330,1331,DOXY,n14,1,incois_2902120_meta.nc,PREDEPLOYMENT_CALIB_COEFFICIENT,"foil polynomial CalPhase exponent n14 (structural, Aanderaa method; value generic, file formatting varies); family-generic (identical in all 13 INCOIS 301 meta.nc)"
family_generic,2902120,AANDERAA_OPTODE_4330,1331,DOXY,n15,0,incois_2902120_meta.nc,PREDEPLOYMENT_CALIB_COEFFICIENT,"foil polynomial CalPhase exponent n15 (structural, Aanderaa method; value generic, file formatting varies); family-generic (identical in all 13 INCOIS 301 meta.nc)"
family_generic,2902120,AANDERAA_OPTODE_4330,1331,DOXY,n16,0,incois_2902120_meta.nc,PREDEPLOYMENT_CALIB_COEFFICIENT,"foil polynomial CalPhase exponent n16 (structural, Aanderaa method; value generic, file formatting varies); family-generic (identical in all 13 INCOIS 301 meta.nc)"
family_generic,2902120,AANDERAA_OPTODE_4330,1331,DOXY,n17,0,incois_2902120_meta.nc,PREDEPLOYMENT_CALIB_COEFFICIENT,"foil polynomial CalPhase exponent n17 (structural, Aanderaa method; value generic, file formatting varies); family-generic (identical in all 13 INCOIS 301 meta.nc)"
family_generic,2902120,AANDERAA_OPTODE_4330,1331,DOXY,n18,0,incois_2902120_meta.nc,PREDEPLOYMENT_CALIB_COEFFICIENT,"foil polynomial CalPhase exponent n18 (structural, Aanderaa method; value generic, file formatting varies); family-generic (identical in all 13 INCOIS 301 meta.nc)"
family_generic,2902120,AANDERAA_OPTODE_4330,1331,DOXY,n19,0,incois_2902120_meta.nc,PREDEPLOYMENT_CALIB_COEFFICIENT,"foil polynomial CalPhase exponent n19 (structural, Aanderaa method; value generic, file formatting varies); family-generic (identical in all 13 INCOIS 301 meta.nc)"
family_generic,2902120,AANDERAA_OPTODE_4330,1331,DOXY,n2,4,incois_2902120_meta.nc,PREDEPLOYMENT_CALIB_COEFFICIENT,"foil polynomial CalPhase exponent n2 (structural, Aanderaa method; value generic, file formatting varies); family-generic (identical in all 13 INCOIS 301 meta.nc)"
family_generic,2902120,AANDERAA_OPTODE_4330,1331,DOXY,n20,0,incois_2902120_meta.nc,PREDEPLOYMENT_CALIB_COEFFICIENT,"foil polynomial CalPhase exponent n20 (structural, Aanderaa method; value generic, file formatting varies); family-generic (identical in all 13 INCOIS 301 meta.nc)"
family_generic,2902120,AANDERAA_OPTODE_4330,1331,DOXY,n21,0,incois_2902120_meta.nc,PREDEPLOYMENT_CALIB_COEFFICIENT,"foil polynomial CalPhase exponent n21 (structural, Aanderaa method; value generic, file formatting varies); family-generic (identical in all 13 INCOIS 301 meta.nc)"
family_generic,2902120,AANDERAA_OPTODE_4330,1331,DOXY,n22,0,incois_2902120_meta.nc,PREDEPLOYMENT_CALIB_COEFFICIENT,"foil polynomial CalPhase exponent n22 (structural, Aanderaa method; value generic, file formatting varies); family-generic (identical in all 13 INCOIS 301 meta.nc)"
family_generic,2902120,AANDERAA_OPTODE_4330,1331,DOXY,n23,0,incois_2902120_meta.nc,PREDEPLOYMENT_CALIB_COEFFICIENT,"foil polynomial CalPhase exponent n23 (structural, Aanderaa method; value generic, file formatting varies); family-generic (identical in all 13 INCOIS 301 meta.nc)"
family_generic,2902120,AANDERAA_OPTODE_4330,1331,DOXY,n24,0,incois_2902120_meta.nc,PREDEPLOYMENT_CALIB_COEFFICIENT,"foil polynomial CalPhase exponent n24 (structural, Aanderaa method; value generic, file formatting varies); family-generic (identical in all 13 INCOIS 301 meta.nc)"
family_generic,2902120,AANDERAA_OPTODE_4330,1331,DOXY,n25,0,incois_2902120_meta.nc,PREDEPLOYMENT_CALIB_COEFFICIENT,"foil polynomial CalPhase exponent n25 (structural, Aanderaa method; value generic, file formatting varies); family-generic (identical in all 13 INCOIS 301 meta.nc)"
family_generic,2902120,AANDERAA_OPTODE_4330,1331,DOXY,n26,0,incois_2902120_meta.nc,PREDEPLOYMENT_CALIB_COEFFICIENT,"foil polynomial CalPhase exponent n26 (structural, Aanderaa method; value generic, file formatting varies); family-generic (identical in all 13 INCOIS 301 meta.nc)"
family_generic,2902120,AANDERAA_OPTODE_4330,1331,DOXY,n27,0,incois_2902120_meta.nc,PREDEPLOYMENT_CALIB_COEFFICIENT,"foil polynomial CalPhase exponent n27 (structural, Aanderaa method; value generic, file formatting varies); family-generic (identical in all 13 INCOIS 301 meta.nc)"
family_generic,2902120,AANDERAA_OPTODE_4330,1331,DOXY,n3,3,incois_2902120_meta.nc,PREDEPLOYMENT_CALIB_COEFFICIENT,"foil polynomial CalPhase exponent n3 (structural, Aanderaa method; value generic, file formatting varies); family-generic (identical in all 13 INCOIS 301 meta.nc)"
family_generic,2902120,AANDERAA_OPTODE_4330,1331,DOXY,n4,3,incois_2902120_meta.nc,PREDEPLOYMENT_CALIB_COEFFICIENT,"foil polynomial CalPhase exponent n4 (structural, Aanderaa method; value generic, file formatting varies); family-generic (identical in all 13 INCOIS 301 meta.nc)"
family_generic,2902120,AANDERAA_OPTODE_4330,1331,DOXY,n5,3,incois_2902120_meta.nc,PREDEPLOYMENT_CALIB_COEFFICIENT,"foil polynomial CalPhase exponent n5 (structural, Aanderaa method; value generic, file formatting varies); family-generic (identical in all 13 INCOIS 301 meta.nc)"
family_generic,2902120,AANDERAA_OPTODE_4330,1331,DOXY,n6,2,incois_2902120_meta.nc,PREDEPLOYMENT_CALIB_COEFFICIENT,"foil polynomial CalPhase exponent n6 (structural, Aanderaa method; value generic, file formatting varies); family-generic (identical in all 13 INCOIS 301 meta.nc)"
family_generic,2902120,AANDERAA_OPTODE_4330,1331,DOXY,n7,2,incois_2902120_meta.nc,PREDEPLOYMENT_CALIB_COEFFICIENT,"foil polynomial CalPhase exponent n7 (structural, Aanderaa method; value generic, file formatting varies); family-generic (identical in all 13 INCOIS 301 meta.nc)"
family_generic,2902120,AANDERAA_OPTODE_4330,1331,DOXY,n8,2,incois_2902120_meta.nc,PREDEPLOYMENT_CALIB_COEFFICIENT,"foil polynomial CalPhase exponent n8 (structural, Aanderaa method; value generic, file formatting varies); family-generic (identical in all 13 INCOIS 301 meta.nc)"
family_generic,2902120,AANDERAA_OPTODE_4330,1331,DOXY,n9,2,incois_2902120_meta.nc,PREDEPLOYMENT_CALIB_COEFFICIENT,"foil polynomial CalPhase exponent n9 (structural, Aanderaa method; value generic, file formatting varies); family-generic (identical in all 13 INCOIS 301 meta.nc)"
float_specific,2902120,AANDERAA_OPTODE_4330,1331,TEMP_DOXY,T0,27.2209,incois_2902120_meta.nc,PREDEPLOYMENT_CALIB_COEFFICIENT,"optode thermistor polynomial T0 (per-unit factory calibration; firmware-internal, reference only); float-specific (varies across the 13 INCOIS 301 meta.nc)"
float_specific,2902120,AANDERAA_OPTODE_4330,1331,TEMP_DOXY,T1,-0.0320069,incois_2902120_meta.nc,PREDEPLOYMENT_CALIB_COEFFICIENT,"optode thermistor polynomial T1 (per-unit factory calibration; firmware-internal, reference only); float-specific (varies across the 13 INCOIS 301 meta.nc)"
float_specific,2902120,AANDERAA_OPTODE_4330,1331,TEMP_DOXY,T2,3.11116e-06,incois_2902120_meta.nc,PREDEPLOYMENT_CALIB_COEFFICIENT,"optode thermistor polynomial T2 (per-unit factory calibration; firmware-internal, reference only); float-specific (varies across the 13 INCOIS 301 meta.nc)"
float_specific,2902120,AANDERAA_OPTODE_4330,1331,TEMP_DOXY,T3,-4.54244e-09,incois_2902120_meta.nc,PREDEPLOYMENT_CALIB_COEFFICIENT,"optode thermistor polynomial T3 (per-unit factory calibration; firmware-internal, reference only); float-specific (varies across the 13 INCOIS 301 meta.nc)"
family_generic,2902120,AANDERAA_OPTODE_4330,1331,TEMP_DOXY,T4,0,incois_2902120_meta.nc,PREDEPLOYMENT_CALIB_COEFFICIENT,"optode thermistor polynomial T4 (per-unit factory calibration; firmware-internal, reference only); family-generic (identical in all 13 INCOIS 301 meta.nc)"
family_generic,2902120,AANDERAA_OPTODE_4330,1331,TEMP_DOXY,T5,0,incois_2902120_meta.nc,PREDEPLOYMENT_CALIB_COEFFICIENT,"optode thermistor polynomial T5 (per-unit factory calibration; firmware-internal, reference only); family-generic (identical in all 13 INCOIS 301 meta.nc)"
float_specific,2902130,ECO_FLBB,3043,BBP700,DARK_BACKSCATTERING700,50,incois_2902130_meta.nc,PREDEPLOYMENT_CALIB_COEFFICIENT,WETLABS factory backscatter dark counts; float-specific (varies across the INCOIS 301 meta.nc)
float_specific,2902130,ECO_FLBB,3043,BBP700,SCALE_BACKSCATTERING700,1.391e-06,incois_2902130_meta.nc,PREDEPLOYMENT_CALIB_COEFFICIENT,WETLABS factory backscatter scale [m-1 per count]; float-specific (varies across the INCOIS 301 meta.nc)
family_generic,2902130,ECO_FLBB,3043,BBP700,khi,1.097,incois_2902130_meta.nc,PREDEPLOYMENT_CALIB_COEFFICIENT,Boss/Roesler chi factor 1.097 for 142-degree backscatter; family-generic (identical in all 13 INCOIS 301 meta.nc)
float_specific,2902130,ECO_FLBB,3043,CHLA,DARK_CHLA,50,incois_2902130_meta.nc,PREDEPLOYMENT_CALIB_COEFFICIENT,WETLABS factory chlorophyll dark counts; float-specific (varies across the INCOIS 301 meta.nc)
family_generic,2902130,ECO_FLBB,3043,CHLA,SCALE_CHLA,0.0073,incois_2902130_meta.nc,PREDEPLOYMENT_CALIB_COEFFICIENT,WETLABS factory chlorophyll scale [ug/L per count]; family-generic (identical in all 13 INCOIS 301 meta.nc)
family_generic,2902130,AANDERAA_OPTODE_4330,n/a,DOXY,A0,2.00856,incois_2902130_meta.nc,PREDEPLOYMENT_CALIB_COEFFICIENT,Weiss Cstar solubility A0; family-generic (identical in all 13 INCOIS 301 meta.nc)
family_generic,2902130,AANDERAA_OPTODE_4330,n/a,DOXY,A1,3.224,incois_2902130_meta.nc,PREDEPLOYMENT_CALIB_COEFFICIENT,Weiss Cstar solubility A1; family-generic (identical in all 13 INCOIS 301 meta.nc)
family_generic,2902130,AANDERAA_OPTODE_4330,n/a,DOXY,A2,3.99063,incois_2902130_meta.nc,PREDEPLOYMENT_CALIB_COEFFICIENT,Weiss Cstar solubility A2; family-generic (identical in all 13 INCOIS 301 meta.nc)
family_generic,2902130,AANDERAA_OPTODE_4330,n/a,DOXY,A3,4.80299,incois_2902130_meta.nc,PREDEPLOYMENT_CALIB_COEFFICIENT,Weiss Cstar solubility A3; family-generic (identical in all 13 INCOIS 301 meta.nc)
family_generic,2902130,AANDERAA_OPTODE_4330,n/a,DOXY,A4,0.978188,incois_2902130_meta.nc,PREDEPLOYMENT_CALIB_COEFFICIENT,Weiss Cstar solubility A4; family-generic (identical in all 13 INCOIS 301 meta.nc)
family_generic,2902130,AANDERAA_OPTODE_4330,n/a,DOXY,A5,1.71069,incois_2902130_meta.nc,PREDEPLOYMENT_CALIB_COEFFICIENT,Weiss Cstar solubility A5; family-generic (identical in all 13 INCOIS 301 meta.nc)
family_generic,2902130,AANDERAA_OPTODE_4330,n/a,DOXY,B0,-0.00624523,incois_2902130_meta.nc,PREDEPLOYMENT_CALIB_COEFFICIENT,Garcia-Gordon-style salinity-correction B0; family-generic (identical in all 13 INCOIS 301 meta.nc)
family_generic,2902130,AANDERAA_OPTODE_4330,n/a,DOXY,B1,-0.00737614,incois_2902130_meta.nc,PREDEPLOYMENT_CALIB_COEFFICIENT,Garcia-Gordon-style salinity-correction B1; family-generic (identical in all 13 INCOIS 301 meta.nc)
family_generic,2902130,AANDERAA_OPTODE_4330,n/a,DOXY,B2,-0.010341,incois_2902130_meta.nc,PREDEPLOYMENT_CALIB_COEFFICIENT,Garcia-Gordon-style salinity-correction B2; family-generic (identical in all 13 INCOIS 301 meta.nc)
family_generic,2902130,AANDERAA_OPTODE_4330,n/a,DOXY,B3,-0.00817083,incois_2902130_meta.nc,PREDEPLOYMENT_CALIB_COEFFICIENT,Garcia-Gordon-style salinity-correction B3; family-generic (identical in all 13 INCOIS 301 meta.nc)
family_generic,2902130,AANDERAA_OPTODE_4330,n/a,DOXY,C0,-4.88682e-07,incois_2902130_meta.nc,PREDEPLOYMENT_CALIB_COEFFICIENT,salinity-correction C0 (PSAL^2 term); family-generic (identical in all 13 INCOIS 301 meta.nc)
family_generic,2902130,AANDERAA_OPTODE_4330,n/a,DOXY,D0,24.4543,incois_2902130_meta.nc,PREDEPLOYMENT_CALIB_COEFFICIENT,vapour-pressure D0; family-generic (identical in all 13 INCOIS 301 meta.nc)
family_generic,2902130,AANDERAA_OPTODE_4330,n/a,DOXY,D1,-67.4509,incois_2902130_meta.nc,PREDEPLOYMENT_CALIB_COEFFICIENT,vapour-pressure D1; family-generic (identical in all 13 INCOIS 301 meta.nc)
family_generic,2902130,AANDERAA_OPTODE_4330,n/a,DOXY,D2,-4.8489,incois_2902130_meta.nc,PREDEPLOYMENT_CALIB_COEFFICIENT,vapour-pressure D2; family-generic (identical in all 13 INCOIS 301 meta.nc)
family_generic,2902130,AANDERAA_OPTODE_4330,n/a,DOXY,D3,-0.000544,incois_2902130_meta.nc,PREDEPLOYMENT_CALIB_COEFFICIENT,vapour-pressure D3 (salinity term); family-generic (identical in all 13 INCOIS 301 meta.nc)
family_generic,2902130,AANDERAA_OPTODE_4330,n/a,DOXY,Pcoef1,0.1,incois_2902130_meta.nc,PREDEPLOYMENT_CALIB_COEFFICIENT,phase pressure-compensation slope [deg per bar/1000]; Aanderaa default 0.1; family-generic (identical in all 13 INCOIS 301 meta.nc)
family_generic,2902130,AANDERAA_OPTODE_4330,n/a,DOXY,Pcoef2,0.00022,incois_2902130_meta.nc,PREDEPLOYMENT_CALIB_COEFFICIENT,Pcorr temperature slope; Aanderaa default; family-generic (identical in all 13 INCOIS 301 meta.nc)
family_generic,2902130,AANDERAA_OPTODE_4330,n/a,DOXY,Pcoef3,0.0419,incois_2902130_meta.nc,PREDEPLOYMENT_CALIB_COEFFICIENT,Pcorr intercept; Aanderaa default; family-generic (identical in all 13 INCOIS 301 meta.nc)
float_specific,2902130,AANDERAA_OPTODE_4330,n/a,DOXY,PhaseCoef0,0,incois_2902130_meta.nc,PREDEPLOYMENT_CALIB_COEFFICIENT,CalPhase cubic c0 (per-foil factory calibration); float-specific (varies across the INCOIS 301 meta.nc)
float_specific,2902130,AANDERAA_OPTODE_4330,n/a,DOXY,PhaseCoef1,1,incois_2902130_meta.nc,PREDEPLOYMENT_CALIB_COEFFICIENT,CalPhase cubic c1 (per-foil factory calibration); float-specific (varies across the INCOIS 301 meta.nc)
family_generic,2902130,AANDERAA_OPTODE_4330,n/a,DOXY,PhaseCoef2,0,incois_2902130_meta.nc,PREDEPLOYMENT_CALIB_COEFFICIENT,CalPhase cubic c2 (zero: Aanderaa standard foils); family-generic (identical in all 13 INCOIS 301 meta.nc)
family_generic,2902130,AANDERAA_OPTODE_4330,n/a,DOXY,PhaseCoef3,0,incois_2902130_meta.nc,PREDEPLOYMENT_CALIB_COEFFICIENT,CalPhase cubic c3 (zero: Aanderaa standard foils); family-generic (identical in all 13 INCOIS 301 meta.nc)
family_generic,2902130,AANDERAA_OPTODE_4330,n/a,DOXY,Spreset,0,incois_2902130_meta.nc,PREDEPLOYMENT_CALIB_COEFFICIENT,reference salinity [psu] of the Scorr vapour-pressure ratio; family-generic (identical in all 13 INCOIS 301 meta.nc)
float_specific,2902130,AANDERAA_OPTODE_4330,n/a,DOXY,c0,-2.98831e-06,incois_2902130_meta.nc,PREDEPLOYMENT_CALIB_COEFFICIENT,foil polynomial c0 (per foil-batch factory calibration); float-specific (varies across the INCOIS 301 meta.nc)
float_specific,2902130,AANDERAA_OPTODE_4330,n/a,DOXY,c1,-6.13778e-06,incois_2902130_meta.nc,PREDEPLOYMENT_CALIB_COEFFICIENT,foil polynomial c1 (per foil-batch factory calibration); float-specific (varies across the INCOIS 301 meta.nc)
float_specific,2902130,AANDERAA_OPTODE_4330,n/a,DOXY,c10,-303.294,incois_2902130_meta.nc,PREDEPLOYMENT_CALIB_COEFFICIENT,foil polynomial c10 (per foil-batch factory calibration); float-specific (varies across the INCOIS 301 meta.nc)
float_specific,2902130,AANDERAA_OPTODE_4330,n/a,DOXY,c11,2.5305,incois_2902130_meta.nc,PREDEPLOYMENT_CALIB_COEFFICIENT,foil polynomial c11 (per foil-batch factory calibration); float-specific (varies across the INCOIS 301 meta.nc)
float_specific,2902130,AANDERAA_OPTODE_4330,n/a,DOXY,c12,-0.0126704,incois_2902130_meta.nc,PREDEPLOYMENT_CALIB_COEFFICIENT,foil polynomial c12 (per foil-batch factory calibration); float-specific (varies across the INCOIS 301 meta.nc)
float_specific,2902130,AANDERAA_OPTODE_4330,n/a,DOXY,c13,0.000104045,incois_2902130_meta.nc,PREDEPLOYMENT_CALIB_COEFFICIENT,foil polynomial c13 (per foil-batch factory calibration); float-specific (varies across the INCOIS 301 meta.nc)
float_specific,2902130,AANDERAA_OPTODE_4330,n/a,DOXY,c14,-3.56039e-07,incois_2902130_meta.nc,PREDEPLOYMENT_CALIB_COEFFICIENT,foil polynomial c14 (per foil-batch factory calibration); float-specific (varies across the INCOIS 301 meta.nc)
float_specific,2902130,AANDERAA_OPTODE_4330,n/a,DOXY,c15,3816.71,incois_2902130_meta.nc,PREDEPLOYMENT_CALIB_COEFFICIENT,foil polynomial c15 (per foil-batch factory calibration); float-specific (varies across the INCOIS 301 meta.nc)
float_specific,2902130,AANDERAA_OPTODE_4330,n/a,DOXY,c16,-44.7551,incois_2902130_meta.nc,PREDEPLOYMENT_CALIB_COEFFICIENT,foil polynomial c16 (per foil-batch factory calibration); float-specific (varies across the INCOIS 301 meta.nc)
float_specific,2902130,AANDERAA_OPTODE_4330,n/a,DOXY,c17,0.438616,incois_2902130_meta.nc,PREDEPLOYMENT_CALIB_COEFFICIENT,foil polynomial c17 (per foil-batch factory calibration); float-specific (varies across the INCOIS 301 meta.nc)
float_specific,2902130,AANDERAA_OPTODE_4330,n/a,DOXY,c18,-0.00714634,incois_2902130_meta.nc,PREDEPLOYMENT_CALIB_COEFFICIENT,foil polynomial c18 (per foil-batch factory calibration); float-specific (varies across the INCOIS 301 meta.nc)
float_specific,2902130,AANDERAA_OPTODE_4330,n/a,DOXY,c19,8.90624e-05,incois_2902130_meta.nc,PREDEPLOYMENT_CALIB_COEFFICIENT,foil polynomial c19 (per foil-batch factory calibration); float-specific (varies across the INCOIS 301 meta.nc)
float_specific,2902130,AANDERAA_OPTODE_4330,n/a,DOXY,c2,0.00168466,incois_2902130_meta.nc,PREDEPLOYMENT_CALIB_COEFFICIENT,foil polynomial c2 (per foil-batch factory calibration); float-specific (varies across the INCOIS 301 meta.nc)
float_specific,2902130,AANDERAA_OPTODE_4330,n/a,DOXY,c20,-6.34301e-07,incois_2902130_meta.nc,PREDEPLOYMENT_CALIB_COEFFICIENT,foil polynomial c20 (per foil-batch factory calibration); float-specific (varies across the INCOIS 301 meta.nc)
family_generic,2902130,AANDERAA_OPTODE_4330,n/a,DOXY,c21,0,incois_2902130_meta.nc,PREDEPLOYMENT_CALIB_COEFFICIENT,"foil polynomial c21 (unused term, zero); family-generic (identical in all 13 INCOIS 301 meta.nc)"
family_generic,2902130,AANDERAA_OPTODE_4330,n/a,DOXY,c22,0,incois_2902130_meta.nc,PREDEPLOYMENT_CALIB_COEFFICIENT,"foil polynomial c22 (unused term, zero); family-generic (identical in all 13 INCOIS 301 meta.nc)"
family_generic,2902130,AANDERAA_OPTODE_4330,n/a,DOXY,c23,0,incois_2902130_meta.nc,PREDEPLOYMENT_CALIB_COEFFICIENT,"foil polynomial c23 (unused term, zero); family-generic (identical in all 13 INCOIS 301 meta.nc)"
family_generic,2902130,AANDERAA_OPTODE_4330,n/a,DOXY,c24,0,incois_2902130_meta.nc,PREDEPLOYMENT_CALIB_COEFFICIENT,"foil polynomial c24 (unused term, zero); family-generic (identical in all 13 INCOIS 301 meta.nc)"
family_generic,2902130,AANDERAA_OPTODE_4330,n/a,DOXY,c25,0,incois_2902130_meta.nc,PREDEPLOYMENT_CALIB_COEFFICIENT,"foil polynomial c25 (unused term, zero); family-generic (identical in all 13 INCOIS 301 meta.nc)"
family_generic,2902130,AANDERAA_OPTODE_4330,n/a,DOXY,c26,0,incois_2902130_meta.nc,PREDEPLOYMENT_CALIB_COEFFICIENT,"foil polynomial c26 (unused term, zero); family-generic (identical in all 13 INCOIS 301 meta.nc)"
family_generic,2902130,AANDERAA_OPTODE_4330,n/a,DOXY,c27,0,incois_2902130_meta.nc,PREDEPLOYMENT_CALIB_COEFFICIENT,"foil polynomial c27 (unused term, zero); family-generic (identical in all 13 INCOIS 301 meta.nc)"
float_specific,2902130,AANDERAA_OPTODE_4330,n/a,DOXY,c3,-0.185717,incois_2902130_meta.nc,PREDEPLOYMENT_CALIB_COEFFICIENT,foil polynomial c3 (per foil-batch factory calibration); float-specific (varies across the INCOIS 301 meta.nc)
float_specific,2902130,AANDERAA_OPTODE_4330,n/a,DOXY,c4,0.00067844,incois_2902130_meta.nc,PREDEPLOYMENT_CALIB_COEFFICIENT,foil polynomial c4 (per foil-batch factory calibration); float-specific (varies across the INCOIS 301 meta.nc)
float_specific,2902130,AANDERAA_OPTODE_4330,n/a,DOXY,c5,-5.59791e-07,incois_2902130_meta.nc,PREDEPLOYMENT_CALIB_COEFFICIENT,foil polynomial c5 (per foil-batch factory calibration); float-specific (varies across the INCOIS 301 meta.nc)
float_specific,2902130,AANDERAA_OPTODE_4330,n/a,DOXY,c6,10.4016,incois_2902130_meta.nc,PREDEPLOYMENT_CALIB_COEFFICIENT,foil polynomial c6 (per foil-batch factory calibration); float-specific (varies across the INCOIS 301 meta.nc)
float_specific,2902130,AANDERAA_OPTODE_4330,n/a,DOXY,c7,-0.0598691,incois_2902130_meta.nc,PREDEPLOYMENT_CALIB_COEFFICIENT,foil polynomial c7 (per foil-batch factory calibration); float-specific (varies across the INCOIS 301 meta.nc)
float_specific,2902130,AANDERAA_OPTODE_4330,n/a,DOXY,c8,0.000136042,incois_2902130_meta.nc,PREDEPLOYMENT_CALIB_COEFFICIENT,foil polynomial c8 (per foil-batch factory calibration); float-specific (varies across the INCOIS 301 meta.nc)
float_specific,2902130,AANDERAA_OPTODE_4330,n/a,DOXY,c9,-4.77698e-07,incois_2902130_meta.nc,PREDEPLOYMENT_CALIB_COEFFICIENT,foil polynomial c9 (per foil-batch factory calibration); float-specific (varies across the INCOIS 301 meta.nc)
family_generic,2902130,AANDERAA_OPTODE_4330,n/a,DOXY,m0,1,incois_2902130_meta.nc,PREDEPLOYMENT_CALIB_COEFFICIENT,"foil polynomial temperature exponent m0 (structural, Aanderaa method; value generic, file formatting varies); family-generic (identical in all 13 INCOIS 301 meta.nc)"
family_generic,2902130,AANDERAA_OPTODE_4330,n/a,DOXY,m1,0,incois_2902130_meta.nc,PREDEPLOYMENT_CALIB_COEFFICIENT,"foil polynomial temperature exponent m1 (structural, Aanderaa method; value generic, file formatting varies); family-generic (identical in all 13 INCOIS 301 meta.nc)"
family_generic,2902130,AANDERAA_OPTODE_4330,n/a,DOXY,m10,0,incois_2902130_meta.nc,PREDEPLOYMENT_CALIB_COEFFICIENT,"foil polynomial temperature exponent m10 (structural, Aanderaa method; value generic, file formatting varies); family-generic (identical in all 13 INCOIS 301 meta.nc)"
family_generic,2902130,AANDERAA_OPTODE_4330,n/a,DOXY,m11,1,incois_2902130_meta.nc,PREDEPLOYMENT_CALIB_COEFFICIENT,"foil polynomial temperature exponent m11 (structural, Aanderaa method; value generic, file formatting varies); family-generic (identical in all 13 INCOIS 301 meta.nc)"
family_generic,2902130,AANDERAA_OPTODE_4330,n/a,DOXY,m12,2,incois_2902130_meta.nc,PREDEPLOYMENT_CALIB_COEFFICIENT,"foil polynomial temperature exponent m12 (structural, Aanderaa method; value generic, file formatting varies); family-generic (identical in all 13 INCOIS 301 meta.nc)"
family_generic,2902130,AANDERAA_OPTODE_4330,n/a,DOXY,m13,3,incois_2902130_meta.nc,PREDEPLOYMENT_CALIB_COEFFICIENT,"foil polynomial temperature exponent m13 (structural, Aanderaa method; value generic, file formatting varies); family-generic (identical in all 13 INCOIS 301 meta.nc)"
family_generic,2902130,AANDERAA_OPTODE_4330,n/a,DOXY,m14,4,incois_2902130_meta.nc,PREDEPLOYMENT_CALIB_COEFFICIENT,"foil polynomial temperature exponent m14 (structural, Aanderaa method; value generic, file formatting varies); family-generic (identical in all 13 INCOIS 301 meta.nc)"
family_generic,2902130,AANDERAA_OPTODE_4330,n/a,DOXY,m15,0,incois_2902130_meta.nc,PREDEPLOYMENT_CALIB_COEFFICIENT,"foil polynomial temperature exponent m15 (structural, Aanderaa method; value generic, file formatting varies); family-generic (identical in all 13 INCOIS 301 meta.nc)"
family_generic,2902130,AANDERAA_OPTODE_4330,n/a,DOXY,m16,1,incois_2902130_meta.nc,PREDEPLOYMENT_CALIB_COEFFICIENT,"foil polynomial temperature exponent m16 (structural, Aanderaa method; value generic, file formatting varies); family-generic (identical in all 13 INCOIS 301 meta.nc)"
family_generic,2902130,AANDERAA_OPTODE_4330,n/a,DOXY,m17,2,incois_2902130_meta.nc,PREDEPLOYMENT_CALIB_COEFFICIENT,"foil polynomial temperature exponent m17 (structural, Aanderaa method; value generic, file formatting varies); family-generic (identical in all 13 INCOIS 301 meta.nc)"
family_generic,2902130,AANDERAA_OPTODE_4330,n/a,DOXY,m18,3,incois_2902130_meta.nc,PREDEPLOYMENT_CALIB_COEFFICIENT,"foil polynomial temperature exponent m18 (structural, Aanderaa method; value generic, file formatting varies); family-generic (identical in all 13 INCOIS 301 meta.nc)"
family_generic,2902130,AANDERAA_OPTODE_4330,n/a,DOXY,m19,4,incois_2902130_meta.nc,PREDEPLOYMENT_CALIB_COEFFICIENT,"foil polynomial temperature exponent m19 (structural, Aanderaa method; value generic, file formatting varies); family-generic (identical in all 13 INCOIS 301 meta.nc)"
family_generic,2902130,AANDERAA_OPTODE_4330,n/a,DOXY,m2,0,incois_2902130_meta.nc,PREDEPLOYMENT_CALIB_COEFFICIENT,"foil polynomial temperature exponent m2 (structural, Aanderaa method; value generic, file formatting varies); family-generic (identical in all 13 INCOIS 301 meta.nc)"
family_generic,2902130,AANDERAA_OPTODE_4330,n/a,DOXY,m20,5,incois_2902130_meta.nc,PREDEPLOYMENT_CALIB_COEFFICIENT,"foil polynomial temperature exponent m20 (structural, Aanderaa method; value generic, file formatting varies); family-generic (identical in all 13 INCOIS 301 meta.nc)"
family_generic,2902130,AANDERAA_OPTODE_4330,n/a,DOXY,m21,0,incois_2902130_meta.nc,PREDEPLOYMENT_CALIB_COEFFICIENT,"foil polynomial temperature exponent m21 (structural, Aanderaa method; value generic, file formatting varies); family-generic (identical in all 13 INCOIS 301 meta.nc)"
family_generic,2902130,AANDERAA_OPTODE_4330,n/a,DOXY,m22,0,incois_2902130_meta.nc,PREDEPLOYMENT_CALIB_COEFFICIENT,"foil polynomial temperature exponent m22 (structural, Aanderaa method; value generic, file formatting varies); family-generic (identical in all 13 INCOIS 301 meta.nc)"
family_generic,2902130,AANDERAA_OPTODE_4330,n/a,DOXY,m23,0,incois_2902130_meta.nc,PREDEPLOYMENT_CALIB_COEFFICIENT,"foil polynomial temperature exponent m23 (structural, Aanderaa method; value generic, file formatting varies); family-generic (identical in all 13 INCOIS 301 meta.nc)"
family_generic,2902130,AANDERAA_OPTODE_4330,n/a,DOXY,m24,0,incois_2902130_meta.nc,PREDEPLOYMENT_CALIB_COEFFICIENT,"foil polynomial temperature exponent m24 (structural, Aanderaa method; value generic, file formatting varies); family-generic (identical in all 13 INCOIS 301 meta.nc)"
family_generic,2902130,AANDERAA_OPTODE_4330,n/a,DOXY,m25,0,incois_2902130_meta.nc,PREDEPLOYMENT_CALIB_COEFFICIENT,"foil polynomial temperature exponent m25 (structural, Aanderaa method; value generic, file formatting varies); family-generic (identical in all 13 INCOIS 301 meta.nc)"
family_generic,2902130,AANDERAA_OPTODE_4330,n/a,DOXY,m26,0,incois_2902130_meta.nc,PREDEPLOYMENT_CALIB_COEFFICIENT,"foil polynomial temperature exponent m26 (structural, Aanderaa method; value generic, file formatting varies); family-generic (identical in all 13 INCOIS 301 meta.nc)"
family_generic,2902130,AANDERAA_OPTODE_4330,n/a,DOXY,m27,0,incois_2902130_meta.nc,PREDEPLOYMENT_CALIB_COEFFICIENT,"foil polynomial temperature exponent m27 (structural, Aanderaa method; value generic, file formatting varies); family-generic (identical in all 13 INCOIS 301 meta.nc)"
family_generic,2902130,AANDERAA_OPTODE_4330,n/a,DOXY,m3,0,incois_2902130_meta.nc,PREDEPLOYMENT_CALIB_COEFFICIENT,"foil polynomial temperature exponent m3 (structural, Aanderaa method; value generic, file formatting varies); family-generic (identical in all 13 INCOIS 301 meta.nc)"
family_generic,2902130,AANDERAA_OPTODE_4330,n/a,DOXY,m4,1,incois_2902130_meta.nc,PREDEPLOYMENT_CALIB_COEFFICIENT,"foil polynomial temperature exponent m4 (structural, Aanderaa method; value generic, file formatting varies); family-generic (identical in all 13 INCOIS 301 meta.nc)"
family_generic,2902130,AANDERAA_OPTODE_4330,n/a,DOXY,m5,2,incois_2902130_meta.nc,PREDEPLOYMENT_CALIB_COEFFICIENT,"foil polynomial temperature exponent m5 (structural, Aanderaa method; value generic, file formatting varies); family-generic (identical in all 13 INCOIS 301 meta.nc)"
family_generic,2902130,AANDERAA_OPTODE_4330,n/a,DOXY,m6,0,incois_2902130_meta.nc,PREDEPLOYMENT_CALIB_COEFFICIENT,"foil polynomial temperature exponent m6 (structural, Aanderaa method; value generic, file formatting varies); family-generic (identical in all 13 INCOIS 301 meta.nc)"
family_generic,2902130,AANDERAA_OPTODE_4330,n/a,DOXY,m7,1,incois_2902130_meta.nc,PREDEPLOYMENT_CALIB_COEFFICIENT,"foil polynomial temperature exponent m7 (structural, Aanderaa method; value generic, file formatting varies); family-generic (identical in all 13 INCOIS 301 meta.nc)"
family_generic,2902130,AANDERAA_OPTODE_4330,n/a,DOXY,m8,2,incois_2902130_meta.nc,PREDEPLOYMENT_CALIB_COEFFICIENT,"foil polynomial temperature exponent m8 (structural, Aanderaa method; value generic, file formatting varies); family-generic (identical in all 13 INCOIS 301 meta.nc)"
family_generic,2902130,AANDERAA_OPTODE_4330,n/a,DOXY,m9,3,incois_2902130_meta.nc,PREDEPLOYMENT_CALIB_COEFFICIENT,"foil polynomial temperature exponent m9 (structural, Aanderaa method; value generic, file formatting varies); family-generic (identical in all 13 INCOIS 301 meta.nc)"
family_generic,2902130,AANDERAA_OPTODE_4330,n/a,DOXY,n0,4,incois_2902130_meta.nc,PREDEPLOYMENT_CALIB_COEFFICIENT,"foil polynomial CalPhase exponent n0 (structural, Aanderaa method; value generic, file formatting varies); family-generic (identical in all 13 INCOIS 301 meta.nc)"
family_generic,2902130,AANDERAA_OPTODE_4330,n/a,DOXY,n1,5,incois_2902130_meta.nc,PREDEPLOYMENT_CALIB_COEFFICIENT,"foil polynomial CalPhase exponent n1 (structural, Aanderaa method; value generic, file formatting varies); family-generic (identical in all 13 INCOIS 301 meta.nc)"
family_generic,2902130,AANDERAA_OPTODE_4330,n/a,DOXY,n10,1,incois_2902130_meta.nc,PREDEPLOYMENT_CALIB_COEFFICIENT,"foil polynomial CalPhase exponent n10 (structural, Aanderaa method; value generic, file formatting varies); family-generic (identical in all 13 INCOIS 301 meta.nc)"
family_generic,2902130,AANDERAA_OPTODE_4330,n/a,DOXY,n11,1,incois_2902130_meta.nc,PREDEPLOYMENT_CALIB_COEFFICIENT,"foil polynomial CalPhase exponent n11 (structural, Aanderaa method; value generic, file formatting varies); family-generic (identical in all 13 INCOIS 301 meta.nc)"
family_generic,2902130,AANDERAA_OPTODE_4330,n/a,DOXY,n12,1,incois_2902130_meta.nc,PREDEPLOYMENT_CALIB_COEFFICIENT,"foil polynomial CalPhase exponent n12 (structural, Aanderaa method; value generic, file formatting varies); family-generic (identical in all 13 INCOIS 301 meta.nc)"
family_generic,2902130,AANDERAA_OPTODE_4330,n/a,DOXY,n13,1,incois_2902130_meta.nc,PREDEPLOYMENT_CALIB_COEFFICIENT,"foil polynomial CalPhase exponent n13 (structural, Aanderaa method; value generic, file formatting varies); family-generic (identical in all 13 INCOIS 301 meta.nc)"
family_generic,2902130,AANDERAA_OPTODE_4330,n/a,DOXY,n14,1,incois_2902130_meta.nc,PREDEPLOYMENT_CALIB_COEFFICIENT,"foil polynomial CalPhase exponent n14 (structural, Aanderaa method; value generic, file formatting varies); family-generic (identical in all 13 INCOIS 301 meta.nc)"
family_generic,2902130,AANDERAA_OPTODE_4330,n/a,DOXY,n15,0,incois_2902130_meta.nc,PREDEPLOYMENT_CALIB_COEFFICIENT,"foil polynomial CalPhase exponent n15 (structural, Aanderaa method; value generic, file formatting varies); family-generic (identical in all 13 INCOIS 301 meta.nc)"
family_generic,2902130,AANDERAA_OPTODE_4330,n/a,DOXY,n16,0,incois_2902130_meta.nc,PREDEPLOYMENT_CALIB_COEFFICIENT,"foil polynomial CalPhase exponent n16 (structural, Aanderaa method; value generic, file formatting varies); family-generic (identical in all 13 INCOIS 301 meta.nc)"
family_generic,2902130,AANDERAA_OPTODE_4330,n/a,DOXY,n17,0,incois_2902130_meta.nc,PREDEPLOYMENT_CALIB_COEFFICIENT,"foil polynomial CalPhase exponent n17 (structural, Aanderaa method; value generic, file formatting varies); family-generic (identical in all 13 INCOIS 301 meta.nc)"
family_generic,2902130,AANDERAA_OPTODE_4330,n/a,DOXY,n18,0,incois_2902130_meta.nc,PREDEPLOYMENT_CALIB_COEFFICIENT,"foil polynomial CalPhase exponent n18 (structural, Aanderaa method; value generic, file formatting varies); family-generic (identical in all 13 INCOIS 301 meta.nc)"
family_generic,2902130,AANDERAA_OPTODE_4330,n/a,DOXY,n19,0,incois_2902130_meta.nc,PREDEPLOYMENT_CALIB_COEFFICIENT,"foil polynomial CalPhase exponent n19 (structural, Aanderaa method; value generic, file formatting varies); family-generic (identical in all 13 INCOIS 301 meta.nc)"
family_generic,2902130,AANDERAA_OPTODE_4330,n/a,DOXY,n2,4,incois_2902130_meta.nc,PREDEPLOYMENT_CALIB_COEFFICIENT,"foil polynomial CalPhase exponent n2 (structural, Aanderaa method; value generic, file formatting varies); family-generic (identical in all 13 INCOIS 301 meta.nc)"
family_generic,2902130,AANDERAA_OPTODE_4330,n/a,DOXY,n20,0,incois_2902130_meta.nc,PREDEPLOYMENT_CALIB_COEFFICIENT,"foil polynomial CalPhase exponent n20 (structural, Aanderaa method; value generic, file formatting varies); family-generic (identical in all 13 INCOIS 301 meta.nc)"
family_generic,2902130,AANDERAA_OPTODE_4330,n/a,DOXY,n21,0,incois_2902130_meta.nc,PREDEPLOYMENT_CALIB_COEFFICIENT,"foil polynomial CalPhase exponent n21 (structural, Aanderaa method; value generic, file formatting varies); family-generic (identical in all 13 INCOIS 301 meta.nc)"
family_generic,2902130,AANDERAA_OPTODE_4330,n/a,DOXY,n22,0,incois_2902130_meta.nc,PREDEPLOYMENT_CALIB_COEFFICIENT,"foil polynomial CalPhase exponent n22 (structural, Aanderaa method; value generic, file formatting varies); family-generic (identical in all 13 INCOIS 301 meta.nc)"
family_generic,2902130,AANDERAA_OPTODE_4330,n/a,DOXY,n23,0,incois_2902130_meta.nc,PREDEPLOYMENT_CALIB_COEFFICIENT,"foil polynomial CalPhase exponent n23 (structural, Aanderaa method; value generic, file formatting varies); family-generic (identical in all 13 INCOIS 301 meta.nc)"
family_generic,2902130,AANDERAA_OPTODE_4330,n/a,DOXY,n24,0,incois_2902130_meta.nc,PREDEPLOYMENT_CALIB_COEFFICIENT,"foil polynomial CalPhase exponent n24 (structural, Aanderaa method; value generic, file formatting varies); family-generic (identical in all 13 INCOIS 301 meta.nc)"
family_generic,2902130,AANDERAA_OPTODE_4330,n/a,DOXY,n25,0,incois_2902130_meta.nc,PREDEPLOYMENT_CALIB_COEFFICIENT,"foil polynomial CalPhase exponent n25 (structural, Aanderaa method; value generic, file formatting varies); family-generic (identical in all 13 INCOIS 301 meta.nc)"
family_generic,2902130,AANDERAA_OPTODE_4330,n/a,DOXY,n26,0,incois_2902130_meta.nc,PREDEPLOYMENT_CALIB_COEFFICIENT,"foil polynomial CalPhase exponent n26 (structural, Aanderaa method; value generic, file formatting varies); family-generic (identical in all 13 INCOIS 301 meta.nc)"
family_generic,2902130,AANDERAA_OPTODE_4330,n/a,DOXY,n27,0,incois_2902130_meta.nc,PREDEPLOYMENT_CALIB_COEFFICIENT,"foil polynomial CalPhase exponent n27 (structural, Aanderaa method; value generic, file formatting varies); family-generic (identical in all 13 INCOIS 301 meta.nc)"
family_generic,2902130,AANDERAA_OPTODE_4330,n/a,DOXY,n3,3,incois_2902130_meta.nc,PREDEPLOYMENT_CALIB_COEFFICIENT,"foil polynomial CalPhase exponent n3 (structural, Aanderaa method; value generic, file formatting varies); family-generic (identical in all 13 INCOIS 301 meta.nc)"
family_generic,2902130,AANDERAA_OPTODE_4330,n/a,DOXY,n4,3,incois_2902130_meta.nc,PREDEPLOYMENT_CALIB_COEFFICIENT,"foil polynomial CalPhase exponent n4 (structural, Aanderaa method; value generic, file formatting varies); family-generic (identical in all 13 INCOIS 301 meta.nc)"
family_generic,2902130,AANDERAA_OPTODE_4330,n/a,DOXY,n5,3,incois_2902130_meta.nc,PREDEPLOYMENT_CALIB_COEFFICIENT,"foil polynomial CalPhase exponent n5 (structural, Aanderaa method; value generic, file formatting varies); family-generic (identical in all 13 INCOIS 301 meta.nc)"
family_generic,2902130,AANDERAA_OPTODE_4330,n/a,DOXY,n6,2,incois_2902130_meta.nc,PREDEPLOYMENT_CALIB_COEFFICIENT,"foil polynomial CalPhase exponent n6 (structural, Aanderaa method; value generic, file formatting varies); family-generic (identical in all 13 INCOIS 301 meta.nc)"
family_generic,2902130,AANDERAA_OPTODE_4330,n/a,DOXY,n7,2,incois_2902130_meta.nc,PREDEPLOYMENT_CALIB_COEFFICIENT,"foil polynomial CalPhase exponent n7 (structural, Aanderaa method; value generic, file formatting varies); family-generic (identical in all 13 INCOIS 301 meta.nc)"
family_generic,2902130,AANDERAA_OPTODE_4330,n/a,DOXY,n8,2,incois_2902130_meta.nc,PREDEPLOYMENT_CALIB_COEFFICIENT,"foil polynomial CalPhase exponent n8 (structural, Aanderaa method; value generic, file formatting varies); family-generic (identical in all 13 INCOIS 301 meta.nc)"
family_generic,2902130,AANDERAA_OPTODE_4330,n/a,DOXY,n9,2,incois_2902130_meta.nc,PREDEPLOYMENT_CALIB_COEFFICIENT,"foil polynomial CalPhase exponent n9 (structural, Aanderaa method; value generic, file formatting varies); family-generic (identical in all 13 INCOIS 301 meta.nc)"
float_specific,2902130,AANDERAA_OPTODE_4330,n/a,TEMP_DOXY,T0,21.0405,incois_2902130_meta.nc,PREDEPLOYMENT_CALIB_COEFFICIENT,"optode thermistor polynomial T0 (per-unit factory calibration; firmware-internal, reference only); float-specific (varies across the INCOIS 301 meta.nc)"
float_specific,2902130,AANDERAA_OPTODE_4330,n/a,TEMP_DOXY,T1,-0.0307435,incois_2902130_meta.nc,PREDEPLOYMENT_CALIB_COEFFICIENT,"optode thermistor polynomial T1 (per-unit factory calibration; firmware-internal, reference only); float-specific (varies across the INCOIS 301 meta.nc)"
float_specific,2902130,AANDERAA_OPTODE_4330,n/a,TEMP_DOXY,T2,2.92164e-06,incois_2902130_meta.nc,PREDEPLOYMENT_CALIB_COEFFICIENT,"optode thermistor polynomial T2 (per-unit factory calibration; firmware-internal, reference only); float-specific (varies across the INCOIS 301 meta.nc)"
float_specific,2902130,AANDERAA_OPTODE_4330,n/a,TEMP_DOXY,T3,-4.19955e-09,incois_2902130_meta.nc,PREDEPLOYMENT_CALIB_COEFFICIENT,"optode thermistor polynomial T3 (per-unit factory calibration; firmware-internal, reference only); float-specific (varies across the INCOIS 301 meta.nc)"
family_generic,2902130,AANDERAA_OPTODE_4330,n/a,TEMP_DOXY,T4,0,incois_2902130_meta.nc,PREDEPLOYMENT_CALIB_COEFFICIENT,"optode thermistor polynomial T4 (per-unit factory calibration; firmware-internal, reference only); family-generic (identical in all 13 INCOIS 301 meta.nc)"
family_generic,2902130,AANDERAA_OPTODE_4330,n/a,TEMP_DOXY,T5,0,incois_2902130_meta.nc,PREDEPLOYMENT_CALIB_COEFFICIENT,"optode thermistor polynomial T5 (per-unit factory calibration; firmware-internal, reference only); family-generic (identical in all 13 INCOIS 301 meta.nc)"
float_specific,2902131,ECO_FLBB,3044,BBP700,DARK_BACKSCATTERING700,50,incois_2902131_meta.nc,PREDEPLOYMENT_CALIB_COEFFICIENT,WETLABS factory backscatter dark counts; float-specific (varies across the INCOIS 301 meta.nc)
float_specific,2902131,ECO_FLBB,3044,BBP700,SCALE_BACKSCATTERING700,1.368e-06,incois_2902131_meta.nc,PREDEPLOYMENT_CALIB_COEFFICIENT,WETLABS factory backscatter scale [m-1 per count]; float-specific (varies across the INCOIS 301 meta.nc)
family_generic,2902131,ECO_FLBB,3044,BBP700,khi,1.097,incois_2902131_meta.nc,PREDEPLOYMENT_CALIB_COEFFICIENT,Boss/Roesler chi factor 1.097 for 142-degree backscatter; family-generic (identical in all 13 INCOIS 301 meta.nc)
float_specific,2902131,ECO_FLBB,3044,CHLA,DARK_CHLA,51,incois_2902131_meta.nc,PREDEPLOYMENT_CALIB_COEFFICIENT,WETLABS factory chlorophyll dark counts; float-specific (varies across the INCOIS 301 meta.nc)
family_generic,2902131,ECO_FLBB,3044,CHLA,SCALE_CHLA,0.0073,incois_2902131_meta.nc,PREDEPLOYMENT_CALIB_COEFFICIENT,WETLABS factory chlorophyll scale [ug/L per count]; family-generic (identical in all 13 INCOIS 301 meta.nc)
family_generic,2902131,AANDERAA_OPTODE_4330,n/a,DOXY,A0,2.008560e+00,incois_2902131_meta.nc,PREDEPLOYMENT_CALIB_COEFFICIENT,Weiss Cstar solubility A0; family-generic (identical in all 13 INCOIS 301 meta.nc)
family_generic,2902131,AANDERAA_OPTODE_4330,n/a,DOXY,A1,3.224000e+00,incois_2902131_meta.nc,PREDEPLOYMENT_CALIB_COEFFICIENT,Weiss Cstar solubility A1; family-generic (identical in all 13 INCOIS 301 meta.nc)
family_generic,2902131,AANDERAA_OPTODE_4330,n/a,DOXY,A2,3.990630e+00,incois_2902131_meta.nc,PREDEPLOYMENT_CALIB_COEFFICIENT,Weiss Cstar solubility A2; family-generic (identical in all 13 INCOIS 301 meta.nc)
family_generic,2902131,AANDERAA_OPTODE_4330,n/a,DOXY,A3,4.802990e+00,incois_2902131_meta.nc,PREDEPLOYMENT_CALIB_COEFFICIENT,Weiss Cstar solubility A3; family-generic (identical in all 13 INCOIS 301 meta.nc)
family_generic,2902131,AANDERAA_OPTODE_4330,n/a,DOXY,A4,9.781880e-01,incois_2902131_meta.nc,PREDEPLOYMENT_CALIB_COEFFICIENT,Weiss Cstar solubility A4; family-generic (identical in all 13 INCOIS 301 meta.nc)
family_generic,2902131,AANDERAA_OPTODE_4330,n/a,DOXY,A5,1.710690e+00,incois_2902131_meta.nc,PREDEPLOYMENT_CALIB_COEFFICIENT,Weiss Cstar solubility A5; family-generic (identical in all 13 INCOIS 301 meta.nc)
family_generic,2902131,AANDERAA_OPTODE_4330,n/a,DOXY,B0,-6.245230e-03,incois_2902131_meta.nc,PREDEPLOYMENT_CALIB_COEFFICIENT,Garcia-Gordon-style salinity-correction B0; family-generic (identical in all 13 INCOIS 301 meta.nc)
family_generic,2902131,AANDERAA_OPTODE_4330,n/a,DOXY,B1,-7.376140e-03,incois_2902131_meta.nc,PREDEPLOYMENT_CALIB_COEFFICIENT,Garcia-Gordon-style salinity-correction B1; family-generic (identical in all 13 INCOIS 301 meta.nc)
family_generic,2902131,AANDERAA_OPTODE_4330,n/a,DOXY,B2,-1.034100e-02,incois_2902131_meta.nc,PREDEPLOYMENT_CALIB_COEFFICIENT,Garcia-Gordon-style salinity-correction B2; family-generic (identical in all 13 INCOIS 301 meta.nc)
family_generic,2902131,AANDERAA_OPTODE_4330,n/a,DOXY,B3,-8.170830e-03,incois_2902131_meta.nc,PREDEPLOYMENT_CALIB_COEFFICIENT,Garcia-Gordon-style salinity-correction B3; family-generic (identical in all 13 INCOIS 301 meta.nc)
family_generic,2902131,AANDERAA_OPTODE_4330,n/a,DOXY,C0,-4.886820e-07,incois_2902131_meta.nc,PREDEPLOYMENT_CALIB_COEFFICIENT,salinity-correction C0 (PSAL^2 term); family-generic (identical in all 13 INCOIS 301 meta.nc)
family_generic,2902131,AANDERAA_OPTODE_4330,n/a,DOXY,D0,2.445430e+01,incois_2902131_meta.nc,PREDEPLOYMENT_CALIB_COEFFICIENT,vapour-pressure D0; family-generic (identical in all 13 INCOIS 301 meta.nc)
family_generic,2902131,AANDERAA_OPTODE_4330,n/a,DOXY,D1,-6.745090e+01,incois_2902131_meta.nc,PREDEPLOYMENT_CALIB_COEFFICIENT,vapour-pressure D1; family-generic (identical in all 13 INCOIS 301 meta.nc)
family_generic,2902131,AANDERAA_OPTODE_4330,n/a,DOXY,D2,-4.848900e+00,incois_2902131_meta.nc,PREDEPLOYMENT_CALIB_COEFFICIENT,vapour-pressure D2; family-generic (identical in all 13 INCOIS 301 meta.nc)
family_generic,2902131,AANDERAA_OPTODE_4330,n/a,DOXY,D3,-5.440000e-04,incois_2902131_meta.nc,PREDEPLOYMENT_CALIB_COEFFICIENT,vapour-pressure D3 (salinity term); family-generic (identical in all 13 INCOIS 301 meta.nc)
family_generic,2902131,AANDERAA_OPTODE_4330,n/a,DOXY,Pcoef1,1.000000e-01,incois_2902131_meta.nc,PREDEPLOYMENT_CALIB_COEFFICIENT,phase pressure-compensation slope [deg per bar/1000]; Aanderaa default 0.1; family-generic (identical in all 13 INCOIS 301 meta.nc)
family_generic,2902131,AANDERAA_OPTODE_4330,n/a,DOXY,Pcoef2,2.200000e-04,incois_2902131_meta.nc,PREDEPLOYMENT_CALIB_COEFFICIENT,Pcorr temperature slope; Aanderaa default; family-generic (identical in all 13 INCOIS 301 meta.nc)
family_generic,2902131,AANDERAA_OPTODE_4330,n/a,DOXY,Pcoef3,4.190000e-02,incois_2902131_meta.nc,PREDEPLOYMENT_CALIB_COEFFICIENT,Pcorr intercept; Aanderaa default; family-generic (identical in all 13 INCOIS 301 meta.nc)
float_specific,2902131,AANDERAA_OPTODE_4330,n/a,DOXY,PhaseCoef0,0.000000e+00,incois_2902131_meta.nc,PREDEPLOYMENT_CALIB_COEFFICIENT,CalPhase cubic c0 (per-foil factory calibration); float-specific (varies across the INCOIS 301 meta.nc)
float_specific,2902131,AANDERAA_OPTODE_4330,n/a,DOXY,PhaseCoef1,1.000000e+00,incois_2902131_meta.nc,PREDEPLOYMENT_CALIB_COEFFICIENT,CalPhase cubic c1 (per-foil factory calibration); float-specific (varies across the INCOIS 301 meta.nc)
family_generic,2902131,AANDERAA_OPTODE_4330,n/a,DOXY,PhaseCoef2,0.000000e+00,incois_2902131_meta.nc,PREDEPLOYMENT_CALIB_COEFFICIENT,CalPhase cubic c2 (zero: Aanderaa standard foils); family-generic (identical in all 13 INCOIS 301 meta.nc)
family_generic,2902131,AANDERAA_OPTODE_4330,n/a,DOXY,PhaseCoef3,0.000000e+00,incois_2902131_meta.nc,PREDEPLOYMENT_CALIB_COEFFICIENT,CalPhase cubic c3 (zero: Aanderaa standard foils); family-generic (identical in all 13 INCOIS 301 meta.nc)
family_generic,2902131,AANDERAA_OPTODE_4330,n/a,DOXY,Spreset,0.000000e+00,incois_2902131_meta.nc,PREDEPLOYMENT_CALIB_COEFFICIENT,reference salinity [psu] of the Scorr vapour-pressure ratio; family-generic (identical in all 13 INCOIS 301 meta.nc)
float_specific,2902131,AANDERAA_OPTODE_4330,n/a,DOXY,c0,-2.988314e-06,incois_2902131_meta.nc,PREDEPLOYMENT_CALIB_COEFFICIENT,foil polynomial c0 (per foil-batch factory calibration); float-specific (varies across the INCOIS 301 meta.nc)
float_specific,2902131,AANDERAA_OPTODE_4330,n/a,DOXY,c1,-6.137785e-06,incois_2902131_meta.nc,PREDEPLOYMENT_CALIB_COEFFICIENT,foil polynomial c1 (per foil-batch factory calibration); float-specific (varies across the INCOIS 301 meta.nc)
float_specific,2902131,AANDERAA_OPTODE_4330,n/a,DOXY,c10,-3.032937e+02,incois_2902131_meta.nc,PREDEPLOYMENT_CALIB_COEFFICIENT,foil polynomial c10 (per foil-batch factory calibration); float-specific (varies across the INCOIS 301 meta.nc)
float_specific,2902131,AANDERAA_OPTODE_4330,n/a,DOXY,c11,2.530496e+00,incois_2902131_meta.nc,PREDEPLOYMENT_CALIB_COEFFICIENT,foil polynomial c11 (per foil-batch factory calibration); float-specific (varies across the INCOIS 301 meta.nc)
float_specific,2902131,AANDERAA_OPTODE_4330,n/a,DOXY,c12,-1.267045e-02,incois_2902131_meta.nc,PREDEPLOYMENT_CALIB_COEFFICIENT,foil polynomial c12 (per foil-batch factory calibration); float-specific (varies across the INCOIS 301 meta.nc)
float_specific,2902131,AANDERAA_OPTODE_4330,n/a,DOXY,c13,1.040454e-04,incois_2902131_meta.nc,PREDEPLOYMENT_CALIB_COEFFICIENT,foil polynomial c13 (per foil-batch factory calibration); float-specific (varies across the INCOIS 301 meta.nc)
float_specific,2902131,AANDERAA_OPTODE_4330,n/a,DOXY,c14,-3.560390e-07,incois_2902131_meta.nc,PREDEPLOYMENT_CALIB_COEFFICIENT,foil polynomial c14 (per foil-batch factory calibration); float-specific (varies across the INCOIS 301 meta.nc)
float_specific,2902131,AANDERAA_OPTODE_4330,n/a,DOXY,c15,3.816713e+03,incois_2902131_meta.nc,PREDEPLOYMENT_CALIB_COEFFICIENT,foil polynomial c15 (per foil-batch factory calibration); float-specific (varies across the INCOIS 301 meta.nc)
float_specific,2902131,AANDERAA_OPTODE_4330,n/a,DOXY,c16,-4.475507e+01,incois_2902131_meta.nc,PREDEPLOYMENT_CALIB_COEFFICIENT,foil polynomial c16 (per foil-batch factory calibration); float-specific (varies across the INCOIS 301 meta.nc)
float_specific,2902131,AANDERAA_OPTODE_4330,n/a,DOXY,c17,4.386164e-01,incois_2902131_meta.nc,PREDEPLOYMENT_CALIB_COEFFICIENT,foil polynomial c17 (per foil-batch factory calibration); float-specific (varies across the INCOIS 301 meta.nc)
float_specific,2902131,AANDERAA_OPTODE_4330,n/a,DOXY,c18,-7.146342e-03,incois_2902131_meta.nc,PREDEPLOYMENT_CALIB_COEFFICIENT,foil polynomial c18 (per foil-batch factory calibration); float-specific (varies across the INCOIS 301 meta.nc)
float_specific,2902131,AANDERAA_OPTODE_4330,n/a,DOXY,c19,8.906236e-05,incois_2902131_meta.nc,PREDEPLOYMENT_CALIB_COEFFICIENT,foil polynomial c19 (per foil-batch factory calibration); float-specific (varies across the INCOIS 301 meta.nc)
float_specific,2902131,AANDERAA_OPTODE_4330,n/a,DOXY,c2,1.684659e-03,incois_2902131_meta.nc,PREDEPLOYMENT_CALIB_COEFFICIENT,foil polynomial c2 (per foil-batch factory calibration); float-specific (varies across the INCOIS 301 meta.nc)
float_specific,2902131,AANDERAA_OPTODE_4330,n/a,DOXY,c20,-6.343012e-07,incois_2902131_meta.nc,PREDEPLOYMENT_CALIB_COEFFICIENT,foil polynomial c20 (per foil-batch factory calibration); float-specific (varies across the INCOIS 301 meta.nc)
family_generic,2902131,AANDERAA_OPTODE_4330,n/a,DOXY,c21,0.000000e+00,incois_2902131_meta.nc,PREDEPLOYMENT_CALIB_COEFFICIENT,"foil polynomial c21 (unused term, zero); family-generic (identical in all 13 INCOIS 301 meta.nc)"
family_generic,2902131,AANDERAA_OPTODE_4330,n/a,DOXY,c22,0.000000e+00,incois_2902131_meta.nc,PREDEPLOYMENT_CALIB_COEFFICIENT,"foil polynomial c22 (unused term, zero); family-generic (identical in all 13 INCOIS 301 meta.nc)"
family_generic,2902131,AANDERAA_OPTODE_4330,n/a,DOXY,c23,0.000000e+00,incois_2902131_meta.nc,PREDEPLOYMENT_CALIB_COEFFICIENT,"foil polynomial c23 (unused term, zero); family-generic (identical in all 13 INCOIS 301 meta.nc)"
family_generic,2902131,AANDERAA_OPTODE_4330,n/a,DOXY,c24,0.000000e+00,incois_2902131_meta.nc,PREDEPLOYMENT_CALIB_COEFFICIENT,"foil polynomial c24 (unused term, zero); family-generic (identical in all 13 INCOIS 301 meta.nc)"
family_generic,2902131,AANDERAA_OPTODE_4330,n/a,DOXY,c25,0.000000e+00,incois_2902131_meta.nc,PREDEPLOYMENT_CALIB_COEFFICIENT,"foil polynomial c25 (unused term, zero); family-generic (identical in all 13 INCOIS 301 meta.nc)"
family_generic,2902131,AANDERAA_OPTODE_4330,n/a,DOXY,c26,0.000000e+00,incois_2902131_meta.nc,PREDEPLOYMENT_CALIB_COEFFICIENT,"foil polynomial c26 (unused term, zero); family-generic (identical in all 13 INCOIS 301 meta.nc)"
family_generic,2902131,AANDERAA_OPTODE_4330,n/a,DOXY,c27,0.000000e+00,incois_2902131_meta.nc,PREDEPLOYMENT_CALIB_COEFFICIENT,"foil polynomial c27 (unused term, zero); family-generic (identical in all 13 INCOIS 301 meta.nc)"
float_specific,2902131,AANDERAA_OPTODE_4330,n/a,DOXY,c3,-1.857173e-01,incois_2902131_meta.nc,PREDEPLOYMENT_CALIB_COEFFICIENT,foil polynomial c3 (per foil-batch factory calibration); float-specific (varies across the INCOIS 301 meta.nc)
float_specific,2902131,AANDERAA_OPTODE_4330,n/a,DOXY,c4,6.784399e-04,incois_2902131_meta.nc,PREDEPLOYMENT_CALIB_COEFFICIENT,foil polynomial c4 (per foil-batch factory calibration); float-specific (varies across the INCOIS 301 meta.nc)
float_specific,2902131,AANDERAA_OPTODE_4330,n/a,DOXY,c5,-5.597908e-07,incois_2902131_meta.nc,PREDEPLOYMENT_CALIB_COEFFICIENT,foil polynomial c5 (per foil-batch factory calibration); float-specific (varies across the INCOIS 301 meta.nc)
float_specific,2902131,AANDERAA_OPTODE_4330,n/a,DOXY,c6,1.040158e+01,incois_2902131_meta.nc,PREDEPLOYMENT_CALIB_COEFFICIENT,foil polynomial c6 (per foil-batch factory calibration); float-specific (varies across the INCOIS 301 meta.nc)
float_specific,2902131,AANDERAA_OPTODE_4330,n/a,DOXY,c7,-5.986907e-02,incois_2902131_meta.nc,PREDEPLOYMENT_CALIB_COEFFICIENT,foil polynomial c7 (per foil-batch factory calibration); float-specific (varies across the INCOIS 301 meta.nc)
float_specific,2902131,AANDERAA_OPTODE_4330,n/a,DOXY,c8,1.360425e-04,incois_2902131_meta.nc,PREDEPLOYMENT_CALIB_COEFFICIENT,foil polynomial c8 (per foil-batch factory calibration); float-specific (varies across the INCOIS 301 meta.nc)
float_specific,2902131,AANDERAA_OPTODE_4330,n/a,DOXY,c9,-4.776977e-07,incois_2902131_meta.nc,PREDEPLOYMENT_CALIB_COEFFICIENT,foil polynomial c9 (per foil-batch factory calibration); float-specific (varies across the INCOIS 301 meta.nc)
family_generic,2902131,AANDERAA_OPTODE_4330,n/a,DOXY,m0,1.000000e+00,incois_2902131_meta.nc,PREDEPLOYMENT_CALIB_COEFFICIENT,"foil polynomial temperature exponent m0 (structural, Aanderaa method; value generic, file formatting varies); family-generic (identical in all 13 INCOIS 301 meta.nc)"
family_generic,2902131,AANDERAA_OPTODE_4330,n/a,DOXY,m1,0.000000e+00,incois_2902131_meta.nc,PREDEPLOYMENT_CALIB_COEFFICIENT,"foil polynomial temperature exponent m1 (structural, Aanderaa method; value generic, file formatting varies); family-generic (identical in all 13 INCOIS 301 meta.nc)"
family_generic,2902131,AANDERAA_OPTODE_4330,n/a,DOXY,m10,0.000000e+00,incois_2902131_meta.nc,PREDEPLOYMENT_CALIB_COEFFICIENT,"foil polynomial temperature exponent m10 (structural, Aanderaa method; value generic, file formatting varies); family-generic (identical in all 13 INCOIS 301 meta.nc)"
family_generic,2902131,AANDERAA_OPTODE_4330,n/a,DOXY,m11,1.000000e+00,incois_2902131_meta.nc,PREDEPLOYMENT_CALIB_COEFFICIENT,"foil polynomial temperature exponent m11 (structural, Aanderaa method; value generic, file formatting varies); family-generic (identical in all 13 INCOIS 301 meta.nc)"
family_generic,2902131,AANDERAA_OPTODE_4330,n/a,DOXY,m12,2.000000e+00,incois_2902131_meta.nc,PREDEPLOYMENT_CALIB_COEFFICIENT,"foil polynomial temperature exponent m12 (structural, Aanderaa method; value generic, file formatting varies); family-generic (identical in all 13 INCOIS 301 meta.nc)"
family_generic,2902131,AANDERAA_OPTODE_4330,n/a,DOXY,m13,3.000000e+00,incois_2902131_meta.nc,PREDEPLOYMENT_CALIB_COEFFICIENT,"foil polynomial temperature exponent m13 (structural, Aanderaa method; value generic, file formatting varies); family-generic (identical in all 13 INCOIS 301 meta.nc)"
family_generic,2902131,AANDERAA_OPTODE_4330,n/a,DOXY,m14,4.000000e+00,incois_2902131_meta.nc,PREDEPLOYMENT_CALIB_COEFFICIENT,"foil polynomial temperature exponent m14 (structural, Aanderaa method; value generic, file formatting varies); family-generic (identical in all 13 INCOIS 301 meta.nc)"
family_generic,2902131,AANDERAA_OPTODE_4330,n/a,DOXY,m15,0.000000e+00,incois_2902131_meta.nc,PREDEPLOYMENT_CALIB_COEFFICIENT,"foil polynomial temperature exponent m15 (structural, Aanderaa method; value generic, file formatting varies); family-generic (identical in all 13 INCOIS 301 meta.nc)"
family_generic,2902131,AANDERAA_OPTODE_4330,n/a,DOXY,m16,1.000000e+00,incois_2902131_meta.nc,PREDEPLOYMENT_CALIB_COEFFICIENT,"foil polynomial temperature exponent m16 (structural, Aanderaa method; value generic, file formatting varies); family-generic (identical in all 13 INCOIS 301 meta.nc)"
family_generic,2902131,AANDERAA_OPTODE_4330,n/a,DOXY,m17,2.000000e+00,incois_2902131_meta.nc,PREDEPLOYMENT_CALIB_COEFFICIENT,"foil polynomial temperature exponent m17 (structural, Aanderaa method; value generic, file formatting varies); family-generic (identical in all 13 INCOIS 301 meta.nc)"
family_generic,2902131,AANDERAA_OPTODE_4330,n/a,DOXY,m18,3.000000e+00,incois_2902131_meta.nc,PREDEPLOYMENT_CALIB_COEFFICIENT,"foil polynomial temperature exponent m18 (structural, Aanderaa method; value generic, file formatting varies); family-generic (identical in all 13 INCOIS 301 meta.nc)"
family_generic,2902131,AANDERAA_OPTODE_4330,n/a,DOXY,m19,4.000000e+00,incois_2902131_meta.nc,PREDEPLOYMENT_CALIB_COEFFICIENT,"foil polynomial temperature exponent m19 (structural, Aanderaa method; value generic, file formatting varies); family-generic (identical in all 13 INCOIS 301 meta.nc)"
family_generic,2902131,AANDERAA_OPTODE_4330,n/a,DOXY,m2,0.000000e+00,incois_2902131_meta.nc,PREDEPLOYMENT_CALIB_COEFFICIENT,"foil polynomial temperature exponent m2 (structural, Aanderaa method; value generic, file formatting varies); family-generic (identical in all 13 INCOIS 301 meta.nc)"
family_generic,2902131,AANDERAA_OPTODE_4330,n/a,DOXY,m20,5.000000e+00,incois_2902131_meta.nc,PREDEPLOYMENT_CALIB_COEFFICIENT,"foil polynomial temperature exponent m20 (structural, Aanderaa method; value generic, file formatting varies); family-generic (identical in all 13 INCOIS 301 meta.nc)"
family_generic,2902131,AANDERAA_OPTODE_4330,n/a,DOXY,m21,0.000000e+00,incois_2902131_meta.nc,PREDEPLOYMENT_CALIB_COEFFICIENT,"foil polynomial temperature exponent m21 (structural, Aanderaa method; value generic, file formatting varies); family-generic (identical in all 13 INCOIS 301 meta.nc)"
family_generic,2902131,AANDERAA_OPTODE_4330,n/a,DOXY,m22,0.000000e+00,incois_2902131_meta.nc,PREDEPLOYMENT_CALIB_COEFFICIENT,"foil polynomial temperature exponent m22 (structural, Aanderaa method; value generic, file formatting varies); family-generic (identical in all 13 INCOIS 301 meta.nc)"
family_generic,2902131,AANDERAA_OPTODE_4330,n/a,DOXY,m23,0.000000e+00,incois_2902131_meta.nc,PREDEPLOYMENT_CALIB_COEFFICIENT,"foil polynomial temperature exponent m23 (structural, Aanderaa method; value generic, file formatting varies); family-generic (identical in all 13 INCOIS 301 meta.nc)"
family_generic,2902131,AANDERAA_OPTODE_4330,n/a,DOXY,m24,0.000000e+00,incois_2902131_meta.nc,PREDEPLOYMENT_CALIB_COEFFICIENT,"foil polynomial temperature exponent m24 (structural, Aanderaa method; value generic, file formatting varies); family-generic (identical in all 13 INCOIS 301 meta.nc)"
family_generic,2902131,AANDERAA_OPTODE_4330,n/a,DOXY,m25,0.000000e+00,incois_2902131_meta.nc,PREDEPLOYMENT_CALIB_COEFFICIENT,"foil polynomial temperature exponent m25 (structural, Aanderaa method; value generic, file formatting varies); family-generic (identical in all 13 INCOIS 301 meta.nc)"
family_generic,2902131,AANDERAA_OPTODE_4330,n/a,DOXY,m26,0.000000e+00,incois_2902131_meta.nc,PREDEPLOYMENT_CALIB_COEFFICIENT,"foil polynomial temperature exponent m26 (structural, Aanderaa method; value generic, file formatting varies); family-generic (identical in all 13 INCOIS 301 meta.nc)"
family_generic,2902131,AANDERAA_OPTODE_4330,n/a,DOXY,m27,0.000000e+00,incois_2902131_meta.nc,PREDEPLOYMENT_CALIB_COEFFICIENT,"foil polynomial temperature exponent m27 (structural, Aanderaa method; value generic, file formatting varies); family-generic (identical in all 13 INCOIS 301 meta.nc)"
family_generic,2902131,AANDERAA_OPTODE_4330,n/a,DOXY,m3,0.000000e+00,incois_2902131_meta.nc,PREDEPLOYMENT_CALIB_COEFFICIENT,"foil polynomial temperature exponent m3 (structural, Aanderaa method; value generic, file formatting varies); family-generic (identical in all 13 INCOIS 301 meta.nc)"
family_generic,2902131,AANDERAA_OPTODE_4330,n/a,DOXY,m4,1.000000e+00,incois_2902131_meta.nc,PREDEPLOYMENT_CALIB_COEFFICIENT,"foil polynomial temperature exponent m4 (structural, Aanderaa method; value generic, file formatting varies); family-generic (identical in all 13 INCOIS 301 meta.nc)"
family_generic,2902131,AANDERAA_OPTODE_4330,n/a,DOXY,m5,2.000000e+00,incois_2902131_meta.nc,PREDEPLOYMENT_CALIB_COEFFICIENT,"foil polynomial temperature exponent m5 (structural, Aanderaa method; value generic, file formatting varies); family-generic (identical in all 13 INCOIS 301 meta.nc)"
family_generic,2902131,AANDERAA_OPTODE_4330,n/a,DOXY,m6,0.000000e+00,incois_2902131_meta.nc,PREDEPLOYMENT_CALIB_COEFFICIENT,"foil polynomial temperature exponent m6 (structural, Aanderaa method; value generic, file formatting varies); family-generic (identical in all 13 INCOIS 301 meta.nc)"
family_generic,2902131,AANDERAA_OPTODE_4330,n/a,DOXY,m7,1.000000e+00,incois_2902131_meta.nc,PREDEPLOYMENT_CALIB_COEFFICIENT,"foil polynomial temperature exponent m7 (structural, Aanderaa method; value generic, file formatting varies); family-generic (identical in all 13 INCOIS 301 meta.nc)"
family_generic,2902131,AANDERAA_OPTODE_4330,n/a,DOXY,m8,2.000000e+00,incois_2902131_meta.nc,PREDEPLOYMENT_CALIB_COEFFICIENT,"foil polynomial temperature exponent m8 (structural, Aanderaa method; value generic, file formatting varies); family-generic (identical in all 13 INCOIS 301 meta.nc)"
family_generic,2902131,AANDERAA_OPTODE_4330,n/a,DOXY,m9,3.000000e+00,incois_2902131_meta.nc,PREDEPLOYMENT_CALIB_COEFFICIENT,"foil polynomial temperature exponent m9 (structural, Aanderaa method; value generic, file formatting varies); family-generic (identical in all 13 INCOIS 301 meta.nc)"
family_generic,2902131,AANDERAA_OPTODE_4330,n/a,DOXY,n0,4.000000e+00,incois_2902131_meta.nc,PREDEPLOYMENT_CALIB_COEFFICIENT,"foil polynomial CalPhase exponent n0 (structural, Aanderaa method; value generic, file formatting varies); family-generic (identical in all 13 INCOIS 301 meta.nc)"
family_generic,2902131,AANDERAA_OPTODE_4330,n/a,DOXY,n1,5.000000e+00,incois_2902131_meta.nc,PREDEPLOYMENT_CALIB_COEFFICIENT,"foil polynomial CalPhase exponent n1 (structural, Aanderaa method; value generic, file formatting varies); family-generic (identical in all 13 INCOIS 301 meta.nc)"
family_generic,2902131,AANDERAA_OPTODE_4330,n/a,DOXY,n10,1.000000e+00,incois_2902131_meta.nc,PREDEPLOYMENT_CALIB_COEFFICIENT,"foil polynomial CalPhase exponent n10 (structural, Aanderaa method; value generic, file formatting varies); family-generic (identical in all 13 INCOIS 301 meta.nc)"
family_generic,2902131,AANDERAA_OPTODE_4330,n/a,DOXY,n11,1.000000e+00,incois_2902131_meta.nc,PREDEPLOYMENT_CALIB_COEFFICIENT,"foil polynomial CalPhase exponent n11 (structural, Aanderaa method; value generic, file formatting varies); family-generic (identical in all 13 INCOIS 301 meta.nc)"
family_generic,2902131,AANDERAA_OPTODE_4330,n/a,DOXY,n12,1.000000e+00,incois_2902131_meta.nc,PREDEPLOYMENT_CALIB_COEFFICIENT,"foil polynomial CalPhase exponent n12 (structural, Aanderaa method; value generic, file formatting varies); family-generic (identical in all 13 INCOIS 301 meta.nc)"
family_generic,2902131,AANDERAA_OPTODE_4330,n/a,DOXY,n13,1.000000e+00,incois_2902131_meta.nc,PREDEPLOYMENT_CALIB_COEFFICIENT,"foil polynomial CalPhase exponent n13 (structural, Aanderaa method; value generic, file formatting varies); family-generic (identical in all 13 INCOIS 301 meta.nc)"
family_generic,2902131,AANDERAA_OPTODE_4330,n/a,DOXY,n14,1.000000e+00,incois_2902131_meta.nc,PREDEPLOYMENT_CALIB_COEFFICIENT,"foil polynomial CalPhase exponent n14 (structural, Aanderaa method; value generic, file formatting varies); family-generic (identical in all 13 INCOIS 301 meta.nc)"
family_generic,2902131,AANDERAA_OPTODE_4330,n/a,DOXY,n15,0.000000e+00,incois_2902131_meta.nc,PREDEPLOYMENT_CALIB_COEFFICIENT,"foil polynomial CalPhase exponent n15 (structural, Aanderaa method; value generic, file formatting varies); family-generic (identical in all 13 INCOIS 301 meta.nc)"
family_generic,2902131,AANDERAA_OPTODE_4330,n/a,DOXY,n16,0.000000e+00,incois_2902131_meta.nc,PREDEPLOYMENT_CALIB_COEFFICIENT,"foil polynomial CalPhase exponent n16 (structural, Aanderaa method; value generic, file formatting varies); family-generic (identical in all 13 INCOIS 301 meta.nc)"
family_generic,2902131,AANDERAA_OPTODE_4330,n/a,DOXY,n17,0.000000e+00,incois_2902131_meta.nc,PREDEPLOYMENT_CALIB_COEFFICIENT,"foil polynomial CalPhase exponent n17 (structural, Aanderaa method; value generic, file formatting varies); family-generic (identical in all 13 INCOIS 301 meta.nc)"
family_generic,2902131,AANDERAA_OPTODE_4330,n/a,DOXY,n18,0.000000e+00,incois_2902131_meta.nc,PREDEPLOYMENT_CALIB_COEFFICIENT,"foil polynomial CalPhase exponent n18 (structural, Aanderaa method; value generic, file formatting varies); family-generic (identical in all 13 INCOIS 301 meta.nc)"
family_generic,2902131,AANDERAA_OPTODE_4330,n/a,DOXY,n19,0.000000e+00,incois_2902131_meta.nc,PREDEPLOYMENT_CALIB_COEFFICIENT,"foil polynomial CalPhase exponent n19 (structural, Aanderaa method; value generic, file formatting varies); family-generic (identical in all 13 INCOIS 301 meta.nc)"
family_generic,2902131,AANDERAA_OPTODE_4330,n/a,DOXY,n2,4.000000e+00,incois_2902131_meta.nc,PREDEPLOYMENT_CALIB_COEFFICIENT,"foil polynomial CalPhase exponent n2 (structural, Aanderaa method; value generic, file formatting varies); family-generic (identical in all 13 INCOIS 301 meta.nc)"
family_generic,2902131,AANDERAA_OPTODE_4330,n/a,DOXY,n20,0.000000e+00,incois_2902131_meta.nc,PREDEPLOYMENT_CALIB_COEFFICIENT,"foil polynomial CalPhase exponent n20 (structural, Aanderaa method; value generic, file formatting varies); family-generic (identical in all 13 INCOIS 301 meta.nc)"
family_generic,2902131,AANDERAA_OPTODE_4330,n/a,DOXY,n21,0.000000e+00,incois_2902131_meta.nc,PREDEPLOYMENT_CALIB_COEFFICIENT,"foil polynomial CalPhase exponent n21 (structural, Aanderaa method; value generic, file formatting varies); family-generic (identical in all 13 INCOIS 301 meta.nc)"
family_generic,2902131,AANDERAA_OPTODE_4330,n/a,DOXY,n22,0.000000e+00,incois_2902131_meta.nc,PREDEPLOYMENT_CALIB_COEFFICIENT,"foil polynomial CalPhase exponent n22 (structural, Aanderaa method; value generic, file formatting varies); family-generic (identical in all 13 INCOIS 301 meta.nc)"
family_generic,2902131,AANDERAA_OPTODE_4330,n/a,DOXY,n23,0.000000e+00,incois_2902131_meta.nc,PREDEPLOYMENT_CALIB_COEFFICIENT,"foil polynomial CalPhase exponent n23 (structural, Aanderaa method; value generic, file formatting varies); family-generic (identical in all 13 INCOIS 301 meta.nc)"
family_generic,2902131,AANDERAA_OPTODE_4330,n/a,DOXY,n24,0.000000e+00,incois_2902131_meta.nc,PREDEPLOYMENT_CALIB_COEFFICIENT,"foil polynomial CalPhase exponent n24 (structural, Aanderaa method; value generic, file formatting varies); family-generic (identical in all 13 INCOIS 301 meta.nc)"
family_generic,2902131,AANDERAA_OPTODE_4330,n/a,DOXY,n25,0.000000e+00,incois_2902131_meta.nc,PREDEPLOYMENT_CALIB_COEFFICIENT,"foil polynomial CalPhase exponent n25 (structural, Aanderaa method; value generic, file formatting varies); family-generic (identical in all 13 INCOIS 301 meta.nc)"
family_generic,2902131,AANDERAA_OPTODE_4330,n/a,DOXY,n26,0.000000e+00,incois_2902131_meta.nc,PREDEPLOYMENT_CALIB_COEFFICIENT,"foil polynomial CalPhase exponent n26 (structural, Aanderaa method; value generic, file formatting varies); family-generic (identical in all 13 INCOIS 301 meta.nc)"
family_generic,2902131,AANDERAA_OPTODE_4330,n/a,DOXY,n27,0.000000e+00,incois_2902131_meta.nc,PREDEPLOYMENT_CALIB_COEFFICIENT,"foil polynomial CalPhase exponent n27 (structural, Aanderaa method; value generic, file formatting varies); family-generic (identical in all 13 INCOIS 301 meta.nc)"
family_generic,2902131,AANDERAA_OPTODE_4330,n/a,DOXY,n3,3.000000e+00,incois_2902131_meta.nc,PREDEPLOYMENT_CALIB_COEFFICIENT,"foil polynomial CalPhase exponent n3 (structural, Aanderaa method; value generic, file formatting varies); family-generic (identical in all 13 INCOIS 301 meta.nc)"
family_generic,2902131,AANDERAA_OPTODE_4330,n/a,DOXY,n4,3.000000e+00,incois_2902131_meta.nc,PREDEPLOYMENT_CALIB_COEFFICIENT,"foil polynomial CalPhase exponent n4 (structural, Aanderaa method; value generic, file formatting varies); family-generic (identical in all 13 INCOIS 301 meta.nc)"
family_generic,2902131,AANDERAA_OPTODE_4330,n/a,DOXY,n5,3.000000e+00,incois_2902131_meta.nc,PREDEPLOYMENT_CALIB_COEFFICIENT,"foil polynomial CalPhase exponent n5 (structural, Aanderaa method; value generic, file formatting varies); family-generic (identical in all 13 INCOIS 301 meta.nc)"
family_generic,2902131,AANDERAA_OPTODE_4330,n/a,DOXY,n6,2.000000e+00,incois_2902131_meta.nc,PREDEPLOYMENT_CALIB_COEFFICIENT,"foil polynomial CalPhase exponent n6 (structural, Aanderaa method; value generic, file formatting varies); family-generic (identical in all 13 INCOIS 301 meta.nc)"
family_generic,2902131,AANDERAA_OPTODE_4330,n/a,DOXY,n7,2.000000e+00,incois_2902131_meta.nc,PREDEPLOYMENT_CALIB_COEFFICIENT,"foil polynomial CalPhase exponent n7 (structural, Aanderaa method; value generic, file formatting varies); family-generic (identical in all 13 INCOIS 301 meta.nc)"
family_generic,2902131,AANDERAA_OPTODE_4330,n/a,DOXY,n8,2.000000e+00,incois_2902131_meta.nc,PREDEPLOYMENT_CALIB_COEFFICIENT,"foil polynomial CalPhase exponent n8 (structural, Aanderaa method; value generic, file formatting varies); family-generic (identical in all 13 INCOIS 301 meta.nc)"
family_generic,2902131,AANDERAA_OPTODE_4330,n/a,DOXY,n9,2.000000e+00,incois_2902131_meta.nc,PREDEPLOYMENT_CALIB_COEFFICIENT,"foil polynomial CalPhase exponent n9 (structural, Aanderaa method; value generic, file formatting varies); family-generic (identical in all 13 INCOIS 301 meta.nc)"
float_specific,2902131,AANDERAA_OPTODE_4330,n/a,TEMP_DOXY,T0,2.076270e+01,incois_2902131_meta.nc,PREDEPLOYMENT_CALIB_COEFFICIENT,"optode thermistor polynomial T0 (per-unit factory calibration; firmware-internal, reference only); float-specific (varies across the INCOIS 301 meta.nc)"
float_specific,2902131,AANDERAA_OPTODE_4330,n/a,TEMP_DOXY,T1,-3.030640e-02,incois_2902131_meta.nc,PREDEPLOYMENT_CALIB_COEFFICIENT,"optode thermistor polynomial T1 (per-unit factory calibration; firmware-internal, reference only); float-specific (varies across the INCOIS 301 meta.nc)"
float_specific,2902131,AANDERAA_OPTODE_4330,n/a,TEMP_DOXY,T2,2.851950e-06,incois_2902131_meta.nc,PREDEPLOYMENT_CALIB_COEFFICIENT,"optode thermistor polynomial T2 (per-unit factory calibration; firmware-internal, reference only); float-specific (varies across the INCOIS 301 meta.nc)"
float_specific,2902131,AANDERAA_OPTODE_4330,n/a,TEMP_DOXY,T3,-4.125610e-09,incois_2902131_meta.nc,PREDEPLOYMENT_CALIB_COEFFICIENT,"optode thermistor polynomial T3 (per-unit factory calibration; firmware-internal, reference only); float-specific (varies across the INCOIS 301 meta.nc)"
family_generic,2902131,AANDERAA_OPTODE_4330,n/a,TEMP_DOXY,T4,0.000000e+00,incois_2902131_meta.nc,PREDEPLOYMENT_CALIB_COEFFICIENT,"optode thermistor polynomial T4 (per-unit factory calibration; firmware-internal, reference only); family-generic (identical in all 13 INCOIS 301 meta.nc)"
family_generic,2902131,AANDERAA_OPTODE_4330,n/a,TEMP_DOXY,T5,0.000000e+00,incois_2902131_meta.nc,PREDEPLOYMENT_CALIB_COEFFICIENT,"optode thermistor polynomial T5 (per-unit factory calibration; firmware-internal, reference only); family-generic (identical in all 13 INCOIS 301 meta.nc)"
