UTC 03-01-2026 19:05
02602 152390  16 31 R 2 2026-01-01 21:10:16 -39.936  -38.865  0.000 401649939
      2026-01-01 21:06:04  1         0C           0D           02           C1
                                     7B           BB           8A           39
                                     02           5C           3F           DF
                                     89           DB           01           F5
                                     41           6B           89           DC
                                     01           C3           41           C3
                                     89           E1           01           91
                                     41           D9           89
      2026-01-01 21:06:50  1         75           0E           E4           01
                                     5F           41           DB           89
                                     E4           09           29           60
                                     F8           64           7A           E0
                                     FA           41           E6           89
                                     E4           00           C4           41
                                     E2           89           E3           00
                                     8F           41           E8
      2026-01-01 21:07:36  1         33           0F           89           E3
                                     00           64           41           EC
                                     89           E4           00           2B
                                     00           06           00           00
                                     06           03           27           4A
                                     5F           63           63           FF
                                     FF           FF           FF           FF
                                     FF           FF           FF
      2026-01-01 21:08:25  1         65           01           0C           03
                                     03           45           3A           80
                                     01           00           FF           FB
                                     FA           9E           53           19
                                     00           00           00           00
                                     91           06           88           38
                                     7A           C4           8F           45
                                     0D           03           65
      2026-01-01 21:09:08  1         86           02           A5           75
                                     56           69           01           5C
                                     00           00           D8           0C
                                     67           27           09           00
                                     09           00           12           0C
                                     52           27           03           0C
                                     7B           27           2C           26
                                     CF           27           32
      2026-01-01 21:09:54  1         70           03           53           7C
                                     09           00           0C           74
                                     86           17           27           27
                                     0B           C0           9B           F1
                                     0F           29           24           30
                                     4F           9F           7B           A8
                                     17           39           0F           58
                                     84           C8           47
      2026-01-01 21:10:40  1         74           04           71           87
                                     7A           3E           7D           0B
                                     5E           87           45           3A
                                     96           0B           60           87
                                     02           36           B4           0B
                                     6A           86           E0           34
                                     C0           0B           86           86
                                     C5           32           CC
      2026-01-01 21:11:26  1         E9           05           0B           8B
                                     86           A9           30           D3
                                     0B           CD           86           87
                                     2E           CA           0B           D6
                                     86           6A           2C           F0
                                     0B           F7           86           4D
                                     2A           F9           0C           2F
                                     86           3A           29
      2026-01-01 21:12:12  1         AB           06           09           0C
                                     6B           86           23           27
                                     13           0C           B1           86
                                     05           25           1A           0D
                                     13           85           EE           23
                                     27           0D           C7           85
                                     DC           21           2E           0E
                                     45           85           CC
      2026-01-01 21:12:58  1         6B           07           1F           3F
                                     0F           05           85           C7
                                     1D           4F           0F           E9
                                     85           C2           1B           3E
                                     10           99           85           BB
                                     19           61           11           93
                                     85           C5           17           6E
                                     12           AA           85
      2026-01-01 21:13:44  1         47           08           D0           15
                                     7C           14           48           85
                                     F0           13           82           16
                                     64           86           1C           11
                                     95           19           08           86
                                     4C           0F           9D           1C
                                     DB           86           BA           0E
                                     15           1F           DD
      2026-01-01 21:14:30  1         0F           09           87           08
                                     0C           E5           23           05
                                     87           6C           0B           BC
                                     25           0F           87           B3
                                     0A           F6           27           EF
                                     88           26           0A           14
                                     29           6E           88           61
                                     09           58           2B
      2026-01-01 21:15:16  1         3A           0A           3D           88
                                     A3           08           94           2D
                                     68           88           FB           07
                                     CF           2E           77           89
                                     28           07           6E           2E
                                     BB           89           21           07
                                     04           2F           61           89
                                     37           06           A1
      2026-01-01 21:16:02  1         FC           0B           30           65
                                     89           60           06           41
                                     31           32           89           7D
                                     05           E0           32           F9
                                     89           C0           05           7B
                                     34           21           89           E9
                                     05           19           35           6A
                                     8A           20           04
      2026-01-01 21:16:48  1         AA           0C           B5           35
                                     DC           8A           2C           04
                                     4B           38           8F           8A
                                     BB           03           ED           39
                                     B3           8A           D6           03
                                     84           39           89           8A
                                     8C           03           24           39
                                     89           8A           18
      2026-01-01 21:17:34  1         0C           0D           02           C1
                                     3B           BB           8A           39
                                     02           5C           3F           DF
                                     89           DB           01           F5
                                     41           6B           89           DC
                                     01           C3           41           C3
                                     89           E1           01           91
                                     41           D9           89
02602 152390  12 31 C 1 2026-01-01 22:41:07 -39.930  -38.868  0.000 401649939
      2026-01-01 22:37:18  1         AA           0C           B5           35
                                     DC           8A           2C           04
                                     4B           38           8F           8A
                                     BB           03           ED           39
                                     B3           8A           D6           03
                                     84           39           89           8A
                                     8C           03           24           39
                                     89           8A           18
      2026-01-01 22:38:04  1         0C           0D           02           C1
                                     3B           BB           8A           39
                                     02           5C           3F           DF
                                     89           DB           01           F5
                                     41           6B           89           DC
                                     01           C3           41           C3
                                     89           E1           01           91
                                     41           D9           89
      2026-01-01 22:38:50  1         75           0E           E4           01
                                     5F           41           DB           89
                                     E4           01           29           41
                                     E2           89           E4           00
                                     FA           41           E6           89
                                     E4           00           C4           41
                                     E2           89           E3           00
                                     8F           41           E8
      2026-01-01 22:39:36  1         33           0F           89           E3
                                     00           64           41           EC
                                     89           E4           00           2B
                                     00           06           00           00
                                     06           03           27           4A
                                     5F           63           63           FF
                                     FF           FF           FF           FF
                                     FF           FF           FF
      2026-01-01 22:40:25  1         D9           01           14           03
                                     03           45           3A           80
                                     01           00           FF           FB
                                     F9           9E           53           19
                                     00           00           00           00
                                     91           06           88           38
                                     7A           C4           8F           45
                                     0D           03           65
      2026-01-01 22:41:08  1         86           02           A5           75
                                     56           69           01           5C
                                     00           00           D8           0C
                                     67           27           09           00
                                     09           00           12           0C
                                     52           27           03           0C
                                     7B           27           2C           26
                                     CF           27           32
      2026-01-01 22:41:54  1         70           03           53           7C
                                     09           00           0C           74
                                     86           17           27           27
                                     0B           C0           87           F8
                                     4A           38           0B           8C
                                     87           CF           46           54
                                     0B           9C           87           AC
                                     42           64           0B
      2026-01-01 22:42:40  1         74           04           71           87
                                     7A           3E           7D           0B
                                     5E           87           45           3A
                                     96           0B           60           87
                                     02           36           B4           0B
                                     6A           86           E0           34
                                     C0           0B           86           86
                                     C5           32           CC
      2026-01-01 22:43:26  1         E9           05           0B           8B
                                     86           A9           30           D3
                                     0B           CD           86           87
                                     2E           CA           0B           D6
                                     86           6A           2C           F0
                                     0B           F7           86           4D
                                     2A           F9           0C           2F
                                     86           3A           29
      2026-01-01 22:44:12  1         AB           06           09           0C
                                     6B           86           23           27
                                     13           0C           B1           86
                                     05           25           1A           0D
                                     13           85           EE           23
                                     27           0D           C7           85
                                     DC           21           2E           0E
                                     45           85           CC
      2026-01-01 22:44:58  1         6B           07           1F           3F
                                     0F           05           85           C7
                                     1D           4F           0F           E9
                                     85           C2           1B           3E
                                     10           99           85           BB
                                     19           61           11           93
                                     85           C5           17           6E
                                     12           AA           85
      2026-01-01 22:45:44  1         47           08           D0           15
                                     7C           14           48           85
                                     F0           13           82           16
                                     64           86           1C           11
                                     95           19           08           86
                                     4C           0F           9D           1C
                                     DB           86           BA           0E
                                     15           1F           DD
02602 152390  17 31 B 3 2026-01-01 23:49:24 -39.928  -38.876  0.000 401649938
      2026-01-01 23:37:55  1         4C           01           19           03
                                     03           45           3A           80
                                     01           00           FF           FB
                                     FA           9E           53           19
                                     00           00           00           00
                                     91           06           88           38
                                     7A           C4           8F           45
                                     0D           03           65
      2026-01-01 23:38:38  1         86           02           A5           75
                                     56           69           01           5C
                                     00           00           D8           0C
                                     67           27           09           00
                                     09           00           12           0C
                                     52           27           03           0C
                                     7B           27           2C           26
                                     CF           27           32
      2026-01-01 23:39:24  1         87           03           53           7D
                                     09           00           0C           74
                                     86           17           27           27
                                     0B           C0           87           F8
                                     4B           33           F0           6A
                                     E0           17           7F           88
                                     C5           E4           FC           53
                                     92           64           0B
      2026-01-01 23:40:10  1         74           04           71           87
                                     7A           3E           7D           0B
                                     5E           87           45           38
                                     5E           8B           60           87
                                     02           62           B4           7C
                                     03           78           8F           EE
                                     9F           FA           3C           B8
                                     B8           64           B1
      2026-01-01 23:40:56  1         E9           05           0B           8B
                                     86           A9           30           D3
                                     0B           CD           86           87
                                     2E           CA           0B           D6
                                     86           6A           3C           F0
                                     0B           F7           86           4D
                                     2A           F9           0C           2F
                                     86           3A           29
      2026-01-01 23:41:42  1         AB           06           09           0C
                                     6B           86           23           27
                                     13           0C           B1           86
                                     05           25           1A           0D
                                     13           85           EE           23
                                     27           0D           C7           85
                                     DC           21           2E           0E
                                     45           85           CC
      2026-01-01 23:42:28  1         6B           07           1F           3F
                                     0F           05           85           C7
                                     1D           4F           0F           E9
                                     85           C2           1B           3E
                                     10           99           85           BB
                                     19           61           11           93
                                     85           C5           17           6E
                                     12           AA           85
      2026-01-01 23:43:14  1         47           08           D0           15
                                     7C           14           48           85
                                     F0           13           82           16
                                     64           86           1C           11
                                     95           19           08           86
                                     4C           0F           9D           1C
                                     DB           86           BA           0F
                                     4D           1F           DD
      2026-01-01 23:44:00  1         0F           09           87           08
                                     0C           E5           23           05
                                     87           6C           0B           BC
                                     25           0F           87           B3
                                     0A           F6           27           EF
                                     88           26           0A           14
                                     29           6E           88           61
                                     09           58           2B
      2026-01-01 23:44:46  1         3A           0A           3D           88
                                     A3           08           94           2D
                                     68           88           FB           07
                                     CF           2E           77           89
                                     28           07           6E           2E
                                     BB           89           21           07
                                     04           2F           61           89
                                     37           06           A1
      2026-01-01 23:45:32  1         FC           0B           30           65
                                     89           60           06           41
                                     31           32           89           7D
                                     05           E0           32           F9
                                     89           C0           05           7B
                                     34           21           89           E9
                                     05           19           35           6A
                                     8A           20           04
      2026-01-01 23:46:18  1         AA           0C           B5           35
                                     DC           8A           2C           04
                                     4B           38           8F           8A
                                     BB           03           ED           39
                                     B3           8A           D6           03
                                     84           39           89           8A
                                     8C           03           24           39
                                     89           8A           18
      2026-01-01 23:47:04  1         0C           0D           02           C1
                                     3B           BB           8A           39
                                     02           5C           3F           DF
                                     89           DB           01           F5
                                     41           6B           89           DC
                                     01           C3           41           C3
                                     89           E1           01           91
                                     41           D9           89
      2026-01-01 23:47:50  2         75           0E           E4           01
                                     5F           41           DB           89
                                     E4           01           29           41
                                     E2           89           E4           00
                                     FA           41           E6           89
                                     E4           00           C4           41
                                     E2           89           E3           00
                                     8F           41           E8
      2026-01-01 23:48:36  1         33           0F           89           E3
                                     00           64           41           EC
                                     89           E4           00           2B
                                     00           06           00           00
                                     06           03           27           4A
                                     5F           63           63           FF
                                     FF           FF           FF           FF
                                     FF           FF           FF
      2026-01-01 23:49:25  1         90           01           1A           03
                                     03           45           3A           80
                                     01           00           FF           FB
                                     FB           9E           53           19
                                     00           00           00           00
                                     91           06           88           38
                                     7A           C4           8F           45
                                     0D           03           65
02602 152390  19 31 C 2 2026-01-02 00:28:50 -39.931  -38.884  0.000 401649937
      2026-01-02 00:16:58  1         6B           07           1F           3F
                                     0F           05           85           C7
                                     1D           4F           0F           E9
                                     85           C2           13           3C
                                     59           99           85           BB
                                     19           61           11           93
                                     85           C5           17           6E
                                     12           AA           85
      2026-01-02 00:18:30  1         0F           09           87           08
                                     0C           E5           23           05
                                     87           6C           0B           BC
                                     25           0F           87           B3
                                     0A           F6           27           EF
                                     88           26           0A           14
                                     29           6E           88           61
                                     09           58           2B
      2026-01-02 00:19:16  1         3A           0A           3D           88
                                     A3           08           94           2D
                                     68           88           FB           07
                                     CF           2E           77           89
                                     28           07           6E           2E
                                     BB           89           21           07
                                     04           2F           61           89
                                     37           06           A1
      2026-01-02 00:20:02  1         FC           0B           30           65
                                     89           60           06           41
                                     31           32           89           7D
                                     05           E0           32           F9
                                     89           C0           05           7B
                                     34           21           89           E9
                                     05           19           35           6A
                                     8A           20           04
      2026-01-02 00:20:48  1         AA           0C           B5           35
                                     DC           8A           2C           04
                                     4B           38           8F           8A
                                     BB           03           ED           39
                                     B3           8A           D6           03
                                     84           39           89           8A
                                     8C           03           24           39
                                     89           8A           18
      2026-01-02 00:22:20  1         75           0E           E4           01
                                     5F           41           DB           89
                                     E4           01           29           41
                                     E2           89           E4           00
                                     F8           40           84           89
                                     E4           00           C4           41
                                     E2           89           E3           00
                                     8F           41           E8
      2026-01-02 00:23:06  1         33           0F           89           E3
                                     00           64           41           EC
                                     89           E4           00           2B
                                     00           06           00           00
                                     06           03           27           4A
                                     5F           63           63           FF
                                     FF           FF           FF           FF
                                     FF           FF           FF
      2026-01-02 00:23:55  1         29           01           1D           03
                                     03           45           3A           80
                                     01           00           FF           FB
                                     F9           9E           53           19
                                     00           00           00           00
                                     91           06           88           38
                                     7A           C4           8F           45
                                     0D           03           65
      2026-01-02 00:24:38  1         86           02           A5           75
                                     56           69           01           5C
                                     00           00           D8           0C
                                     67           27           09           00
                                     09           00           12           0C
                                     52           27           03           0C
                                     7B           27           2C           26
                                     CF           27           32
      2026-01-02 00:25:24  1         D0           03           53           7B
                                     09           00           0C           74
                                     86           17           27           27
                                     0B           C0           87           F8
                                     4A           38           0B           8C
                                     87           CF           46           54
                                     0B           9C           87           AC
                                     42           64           0B
      2026-01-02 00:26:10  2         74           04           71           87
                                     7A           3E           7D           0B
                                     5E           87           45           3A
                                     96           0B           60           87
                                     02           36           B4           0B
                                     6A           86           E0           34
                                     C0           0B           86           86
                                     C5           32           CC
      2026-01-02 00:26:56  2         E9           05           0B           8B
                                     86           A9           30           D3
                                     0B           CD           86           87
                                     2E           CA           0B           D6
                                     86           6A           2C           F0
                                     0B           F7           86           4D
                                     2A           F9           0C           2F
                                     86           3A           29
      2026-01-02 00:27:42  2         AB           06           09           0C
                                     6B           86           23           27
                                     13           0C           B1           86
                                     05           25           1A           0D
                                     13           85           EE           23
                                     27           0D           C7           85
                                     DC           21           2E           0E
                                     45           85           CC
      2026-01-02 00:28:28  1         6B           07           1F           3F
                                     0F           05           85           C7
                                     1D           4F           0F           E9
                                     85           C2           1B           3E
                                     10           99           85           BB
                                     19           61           11           93
                                     85           C5           17           6E
                                     12           AA           85
      2026-01-02 00:29:14  2         47           08           D0           15
                                     7C           14           48           85
                                     F0           13           82           16
                                     64           86           1C           11
                                     95           19           08           86
                                     4C           0F           9D           1C
                                     DB           86           BA           0E
                                     15           1F           DD
02602 152390   6 31 B 1 2026-01-02 01:19:04 -39.931  -38.879  0.000 401649937
      2026-01-02 01:16:46  1         3A           0A           3D           88
                                     A3           08           94           2D
                                     68           88           FB           07
                                     CF           2E           77           89
                                     28           07           6E           2E
                                     BB           89           21           07
                                     04           2F           61           89
                                     37           06           A1
      2026-01-02 01:17:32  1         FC           0B           30           65
                                     89           60           06           41
                                     31           32           89           7D
                                     05           E0           32           F9
                                     89           C0           05           7B
                                     34           21           89           E9
                                     05           19           35           6A
                                     8A           20           04
      2026-01-02 01:18:18  1         AA           0C           B5           35
                                     DC           8A           2C           04
                                     4B           38           8F           8A
                                     BB           03           ED           39
                                     B3           8A           D6           03
                                     84           39           89           8A
                                     8C           03           24           39
                                     89           8A           18
      2026-01-02 01:19:50  1         75           0E           E4           01
                                     5F           41           DB           89
                                     E4           01           29           41
                                     E2           89           E4           00
                                     FA           41           E6           89
                                     E4           00           C4           41
                                     E2           89           E3           00
                                     8F           41           E8
      2026-01-02 01:20:36  1         33           0F           89           E3
                                     00           64           41           EC
                                     89           E4           00           2B
                                     00           06           00           00
                                     06           03           27           4A
                                     5F           63           63           FF
                                     FF           FF           FF           FF
                                     FF           FF           FF
      2026-01-02 01:21:25  1         CB           01           22           03
                                     03           45           3A           80
                                     01           00           FF           FB
                                     F9           9E           53           19
                                     00           00           00           00
                                     91           06           88           38
                                     7A           C4           8F           45
                                     0D           03           65
02602 152390  11 31 3
      2026-01-02 01:21:25  1         CB           01           22           03
                                     03           45           3A           80
                                     01           00           FF           FB
                                     F9           9E           53           19
                                     00           00           00           00
                                     91           06           88           38
                                     7A           C4           8F           45
                                     0D           03           65
      2026-01-02 01:22:08  1         86           02           A5           75
                                     56           69           01           5C
                                     00           00           D8           0C
                                     67           27           09           00
                                     09           00           12           0C
                                     52           27           03           0C
                                     7B           27           2C           26
                                     CF           27           32
      2026-01-02 01:22:54  1         70           03           53           7C
                                     09           00           0C           74
                                     86           17           27           27
                                     0B           C0           87           F8
                                     4A           38           0B           8C
                                     87           CF           46           54
                                     0B           9C           87           AC
                                     42           64           0B
      2026-01-02 01:23:40  1         74           04           71           87
                                     7A           3E           7D           0B
                                     5E           87           45           3A
                                     96           0B           60           87
                                     02           36           B4           0B
                                     6A           86           E0           34
                                     C0           0B           86           86
                                     C5           32           CC
      2026-01-02 01:24:26  1         E9           05           0B           8B
                                     86           A9           30           D3
                                     0B           CD           86           87
                                     2E           CA           0B           D6
                                     86           6A           2C           F0
                                     0B           F7           86           4D
                                     2A           F9           0C           2F
                                     86           3A           29
      2026-01-02 01:25:12  1         AB           06           09           0C
                                     6B           86           23           27
                                     13           0C           B1           86
                                     05           25           1A           0D
                                     13           85           EE           23
                                     27           0D           C7           85
                                     DC           21           2E           0E
                                     45           85           CC
      2026-01-02 01:25:58  1         6B           07           1F           3F
                                     0F           05           85           C7
                                     1D           4F           0F           E9
                                     85           C2           1B           3E
                                     10           99           85           BB
                                     19           61           11           93
                                     85           C5           17           6E
                                     12           AA           85
      2026-01-02 01:26:44  1         47           08           D0           15
                                     7C           14           48           85
                                     F0           13           82           16
                                     64           86           1C           11
                                     95           19           08           86
                                     4C           0F           9D           1C
                                     DB           86           BA           0E
                                     15           1F           DD
      2026-01-02 01:27:30  1         0F           09           87           08
                                     0C           E5           23           05
                                     87           6C           0B           BC
                                     25           0F           87           B3
                                     0A           F6           27           EF
                                     88           26           0A           14
                                     29           6E           88           61
                                     09           58           2B
      2026-01-02 01:28:16  1         3A           0A           3D           88
                                     A3           08           94           2D
                                     68           88           FB           07
                                     CF           2E           77           89
                                     28           07           6E           2E
                                     BB           89           21           07
                                     04           2F           61           89
                                     37           06           A1
      2026-01-02 01:29:02  1         FC           0B           30           65
                                     89           60           06           41
                                     31           32           89           7D
                                     05           E0           32           F9
                                     89           C0           05           7B
                                     34           21           89           E9
                                     05           19           35           6A
                                     8A           20           04
02602 152390  15 31 C 2 2026-01-02 01:57:47 -39.936  -38.878  0.000 401649938
      2026-01-02 01:55:55  1         9B           01           25           03
                                     03           45           3A           80
                                     01           00           FF           FB
                                     F9           9E           53           19
                                     00           00           00           00
                                     91           06           88           38
                                     7A           C4           8F           45
                                     0D           03           65
      2026-01-02 01:56:38  1         86           02           A5           75
                                     56           69           01           5C
                                     00           00           D8           0C
                                     67           27           09           00
                                     09           00           12           0C
                                     52           27           03           0C
                                     7B           27           2C           26
                                     CF           27           32
      2026-01-02 01:57:24  1         70           03           53           7C
                                     09           00           0C           74
                                     86           17           27           27
                                     0B           C0           87           F8
                                     4A           38           0B           8C
                                     87           CF           46           54
                                     0B           9C           87           AC
                                     42           64           0B
      2026-01-02 01:58:10  1         74           04           71           87
                                     7A           3E           7D           0B
                                     5E           87           45           3A
                                     96           0B           60           87
                                     02           36           B4           0B
                                     6A           86           E0           34
                                     C0           0B           86           86
                                     C5           32           CC
      2026-01-02 01:58:56  1         E9           05           0B           8B
                                     86           A9           30           D3
                                     0B           CD           86           87
                                     2E           CA           0B           D6
                                     86           6A           2C           F0
                                     0B           F7           86           4D
                                     2A           F9           0C           2F
                                     86           3A           29
      2026-01-02 01:59:42  1         AB           06           09           0C
                                     6B           86           23           27
                                     13           0C           B1           86
                                     05           25           1A           0D
                                     13           85           EE           23
                                     27           0D           C7           85
                                     DC           21           2E           0E
                                     45           85           CC
      2026-01-02 02:00:28  1         6B           07           1F           3F
                                     0F           05           85           C7
                                     1D           4F           21           92
                                     76           C2           1B           3E
                                     10           99           85           BB
                                     19           61           11           93
                                     85           C5           17           6E
                                     12           AA           85
      2026-01-02 02:01:14  1         47           08           D0           15
                                     7C           14           48           85
                                     F0           13           82           16
                                     64           86           1C           11
                                     95           19           08           86
                                     4C           0F           9D           1C
                                     DB           86           BA           0E
                                     15           1F           DD
      2026-01-02 02:02:00  1         0F           09           87           08
                                     0C           E5           23           05
                                     87           6C           0B           BC
                                     25           0F           87           B3
                                     0A           F6           27           EF
                                     88           26           0A           14
                                     29           6E           88           61
                                     09           58           2B
      2026-01-02 02:02:46  1         3A           0A           3D           88
                                     A3           08           94           2D
                                     68           88           FB           07
                                     CF           2E           77           89
                                     28           07           6E           2E
                                     BB           89           21           07
                                     04           2F           61           89
                                     37           06           A1
      2026-01-02 02:03:32  1         FC           0B           30           65
                                     89           60           06           41
                                     21           32           89           7D
                                     05           E0           32           F9
                                     89           C0           05           7B
                                     34           21           89           E9
                                     05           19           35           6A
                                     8A           20           04
      2026-01-02 02:05:04  1         0C           0D           02           C1
                                     3B           BB           8A           39
                                     02           5C           3F           DF
                                     89           DB           01           F5
                                     41           6B           89           DC
                                     01           C3           41           C3
                                     89           E1           01           91
                                     41           D9           89
      2026-01-02 02:05:50  1         75           0E           E4           01
                                     5F           41           DB           89
                                     E4           01           29           41
                                     E2           89           E4           00
                                     FA           41           E6           89
                                     E4           00           C4           41
                                     E2           89           E3           00
                                     8F           41           E8
      2026-01-02 02:06:36  1         33           0F           89           E3
                                     00           64           41           EC
                                     89           E4           00           2B
                                     00           06           00           00
                                     06           03           27           4A
                                     5F           63           63           FF
                                     FF           FF           FF           FF
                                     FF           FF           FF
      2026-01-02 02:07:25  1         50           01           26           03
                                     03           45           3A           80
                                     01           00           FF           FB
                                     F9           9E           53           19
                                     00           00           00           00
                                     91           06           88           38
                                     7A           C4           8F           45
                                     0D           03           65
02602 152390  16 31 3
      2026-01-02 03:01:02  1         FC           0B           30           65
                                     89           60           06           41
                                     31           32           89           7D
                                     05           E0           32           F9
                                     89           C0           05           7B
                                     34           21           89           E9
                                     05           19           35           6A
                                     8A           20           04
      2026-01-02 03:01:48  1         AA           0C           B5           35
                                     DC           8A           2C           04
                                     4B           38           8F           8A
                                     BB           03           ED           39
                                     B3           8B           DE           03
                                     84           39           89           8A
                                     8C           03           24           39
                                     89           8A           18
      2026-01-02 03:02:34  1         0C           0D           02           C1
                                     3B           BB           8A           39
                                     02           5C           3F           DF
                                     89           DB           01           F5
                                     41           6B           89           DC
                                     01           C3           41           C3
                                     89           E1           01           91
                                     41           D9           89
      2026-01-02 03:03:20  1         75           0E           E4           01
                                     5F           41           DB           89
                                     E4           01           29           41
                                     E2           89           E4           00
                                     FA           41           E6           89
                                     E4           00           C4           41
                                     E2           89           E3           00
                                     8F           41           E8
      2026-01-02 03:04:06  1         33           0F           89           E3
                                     00           64           41           EC
                                     89           E4           00           2B
                                     00           06           00           00
                                     06           03           27           4A
                                     5F           63           63           FF
                                     FF           FF           FF           FF
                                     FF           FF           FF
      2026-01-02 03:04:54  1         3B           01           2B           03
                                     03           45           3A           80
                                     01           00           FF           FB
                                     F9           9E           53           19
                                     00           00           00           00
                                     91           06           88           38
                                     7E           A4           8F           45
                                     0D           03           65
      2026-01-02 03:05:38  1         86           02           A5           75
                                     56           69           01           5C
                                     00           00           D8           0C
                                     67           27           09           00
                                     09           00           12           0C
                                     52           27           03           0C
                                     7B           27           2C           26
                                     CF           27           32
      2026-01-02 03:06:24  1         70           03           53           7C
                                     09           00           0C           74
                                     86           17           27           27
                                     0B           C0           87           F8
                                     4A           38           0B           8C
                                     87           CF           42           E0
                                     0B           9C           87           AC
                                     46           64           0B
      2026-01-02 03:07:10  1         74           04           71           87
                                     7A           3E           7D           0B
                                     5E           87           45           3A
                                     96           0B           60           87
                                     02           36           B4           0B
                                     6A           86           E0           34
                                     C0           0B           86           86
                                     C5           32           CC
      2026-01-02 03:07:56  1         E9           05           0B           8B
                                     86           A9           30           D3
                                     0B           CD           86           87
                                     2E           CA           0B           D6
                                     86           6A           2C           F0
                                     0B           F7           86           4D
                                     2A           F9           0C           2F
                                     86           3A           29
      2026-01-02 03:08:42  1         AB           06           09           0C
                                     6B           86           23           27
                                     13           0C           B1           86
                                     05           25           1A           0D
                                     13           85           EE           23
                                     27           0D           C7           85
                                     DC           21           2E           0E
                                     45           85           CC
      2026-01-02 03:10:14  2         47           08           D0           15
                                     7C           14           48           85
                                     F0           13           82           16
                                     64           86           1C           11
                                     95           19           08           86
                                     4C           0F           9D           1C
                                     DB           86           BA           0E
                                     15           1F           DD
      2026-01-02 03:11:00  1         0F           09           87           08
                                     0C           E5           23           05
                                     87           6C           0B           BC
                                     25           0F           87           B3
                                     0A           F6           27           EF
                                     88           26           0A           14
                                     29           6E           88           61
                                     09           58           2B
      2026-01-02 03:11:46  2         3A           0A           3D           88
                                     A3           08           94           2D
                                     68           88           FB           07
                                     CF           2E           77           89
                                     28           07           6E           2E
                                     BB           89           21           07
                                     04           2F           61           89
                                     37           06           A1
02602 152397  17 31 3 3 2025-12-31 07:14:23  10.111   68.265  0.000 401649769
      2025-12-31 07:09:20  1         5A           05           17           57
                                     8E           4D           32           C9
                                     18           69           8E           5B
                                     30           DA           1A           36
                                     8E           79           2E           E0
                                     1C           07           8E           9D
                                     2C           EC           1D           90
                                     8E           B9           2A
      2025-12-31 07:10:02  1         D9           06           FD           1F
                                     4E           8E           DF           29
                                     06           20           A6           8E
                                     EA           27           12           25
                                     6E           8E           C9           25
                                     1B           22           F7           8F
                                     00           23           26           23
                                     50           8E           E3
      2025-12-31 07:10:44  1         29           07           21           3A
                                     24           16           8E           DA
                                     1F           45           25           2A
                                     8E           F8           4C           0B
                                     0C           54           8E           F5
                                     1B           43           28           C2
                                     8F           02           19           66
                                     29           EA           8E
      2025-12-31 07:11:26  1         08           08           F5           17
                                     70           2A           3E           8E
                                     C0           15           7D           2B
                                     BF           8E           C9           13
                                     8A           2C           F3           8E
                                     DE           11           98           2D
                                     89           8E           B2           0F
                                     A6           30           24
      2025-12-31 07:12:08  1         85           09           8E           FA
                                     0E           17           31           42
                                     8E           E3           0C           E8
                                     32           4B           8E           BC
                                     0B           BA           33           1A
                                     8E           8F           0A           F5
                                     34           F5           8E           96
                                     0A           2A           36
      2025-12-31 07:12:50  1         E6           0A           47           8E
                                     7A           09           5A           39
                                     89           8E           C1           08
                                     94           3C           55           8E
                                     C2           07           D6           3E
                                     5D           8E           E2           07
                                     6F           3F           E4           8E
                                     AA           07           0D
      2025-12-31 07:13:32  1         73           0B           41           38
                                     8E           AB           06           A6
                                     43           D4           8E           C7
                                     06           3B           46           F9
                                     8E           C7           05           D9
                                     4B           95           8F           1D
                                     05           78           52           0C
                                     8F           9D           05
      2025-12-31 07:14:14  1         4B           0C           1B           55
                                     EB           8F           C5           04
                                     B3           5B           57           90
                                     1E           04           50           63
                                     07           90           CE           03
                                     E8           67           47           91
                                     47           03           75           6C
                                     75           92           17
      2025-12-31 07:14:56  1         3F           0D           03           25
                                     6F           19           91           63
                                     02           AE           6F           31
                                     91           11           02           5E
                                     6F           2D           91           05
                                     01           F0           6F           2C
                                     91           01           01           C1
                                     6F           2C           91
      2025-12-31 07:15:38  1         A4           0E           00           01
                                     90           6F           2F           90
                                     FE           01           61           6F
                                     30           90           FD           01
                                     29           6F           2F           90
                                     C7           00           FB           6F
                                     2F           90           C3           00
                                     CD           6F           32
      2025-12-31 07:16:20  1         A2           0F           90           BE
                                     00           95           6F           35
                                     90           B8           00           66
                                     6F           48           90           AE
                                     00           2D           00           05
                                     FF           D9           06           08
                                     2A           4B           5D           62
                                     62           FF           FF
      2025-12-31 07:17:05  1         55           01           04           29
                                     D4           42           40           EF
                                     FE           FF           FF           F9
                                     F8           7F           63           C1
                                     FF           FF           FF           FF
                                     ED           F1           7F           C3
                                     55           D6           8F           40
                                     0C           03           21
      2025-12-31 07:18:26  1         E1           03           51           79
                                     0C           37           1F           B9
                                     8E           D3           27           0C
                                     0B           9C           8D           E0
                                     4E           2A           0C           B8
                                     8D           E2           4A           34
                                     0E           15           8D           EC
                                     46           50           0F
      2025-12-31 07:19:08  2         5B           04           5F           8D
                                     F9           42           6E           11
                                     66           8E           0C           3E
                                     82           13           0B           8E
                                     1B           3A           9C           15
                                     1B           8E           2C           36
                                     AE           16           35           8E
                                     39           34           BB
      2025-12-31 07:19:50  1         5A           05           17           57
                                     8E           4D           32           C9
                                     18           69           8E           5B
                                     30           DA           1A           26
                                     8E           79           2E           E0
                                     1C           07           8E           9D
                                     2C           EC           1D           90
                                     8E           B9           2A
      2025-12-31 07:20:32  1         D9           06           FD           1F
                                     4E           8E           DF           29
                                     06           20           A6           8E
                                     EA           27           12           21
                                     6E           8E           D9           25
                                     1B           22           F7           8F
                                     00           23           27           23
                                     50           8E           E6
02602 152397   9 31 3 2 2025-12-31 08:53:19  10.109   68.273  0.000 401649762
      2025-12-31 08:49:26  1         3F           0D           03           25
                                     6F           19           91           63
                                     02           AE           6F           31
                                     91           11           02           5E
                                     6F           2D           91           05
                                     01           F0           6F           2C
                                     91           01           03           C1
                                     6F           2C           91
      2025-12-31 08:50:08  1         A4           0E           00           01
                                     90           6F           2F           90
                                     FE           01           61           6F
                                     30           90           FD           01
                                     29           6F           2F           90
                                     C7           00           FB           6F
                                     2F           90           C3           00
                                     CD           6F           32
      2025-12-31 08:51:35  1         A7           01           0D           03
                                     2C           67           3B           80
                                     01           00           00           03
                                     02           C0           4D           1F
                                     00           00           00           00
                                     92           06           80           3C
                                     55           D6           8F           40
                                     0C           03           21
      2025-12-31 08:52:14  1         50           02           07           7A
                                     54           69           01           50
                                     01           00           D8           1F
                                     EA           27           2C           00
                                     33           00           26           1F
                                     47           27           42           20
                                     DF           26           40           26
                                     40           27           7E
      2025-12-31 08:52:56  1         B1           03           51           7A
                                     0C           37           1F           B9
                                     8E           D3           27           0C
                                     0B           9C           8D           E0
                                     4E           2A           0C           B8
                                     8D           E2           4A           34
                                     0E           15           8D           EC
                                     46           50           0F
      2025-12-31 08:54:20  1         5A           05           17           57
                                     8E           4D           32           C9
                                     18           69           8E           5B
                                     30           DA           1A           26
                                     8E           79           2E           E0
                                     1C           07           8E           9D
                                     2C           EC           1D           90
                                     8E           B9           2A
      2025-12-31 08:55:44  1         29           07           21           3A
                                     24           16           8E           DA
                                     1F           47           25           2A
                                     8E           D5           1D           53
                                     27           54           8E           F5
                                     1B           43           28           C2
                                     8F           02           19           66
                                     29           EA           8E
      2025-12-31 08:56:26  1         08           08           F5           17
                                     70           2A           3E           8E
                                     C0           15           7D           2B
                                     BF           8E           C9           13
                                     8A           2C           F3           8E
                                     DE           11           98           2D
                                     89           8E           B2           0F
                                     A6           30           24
      2025-12-31 08:57:08  1         85           09           8E           FA
                                     0E           17           31           42
                                     8E           E3           0C           E8
                                     32           4B           8E           BC
                                     0B           BA           33           1A
                                     8E           8F           0A           F5
                                     34           F5           8E           96
                                     0A           2A           36
02602 152397  19 31 R 3 2025-12-31 13:04:22  10.106   68.280  0.000 401649757
      2025-12-31 13:02:08  1         A4           0E           00           01
                                     92           6F           2B           86
                                     13           87           0C           01
                                     31           84           FD           03
                                     29           6F           2F           90
                                     C6           00           FB           4F
                                     2F           90           C3           00
                                     CD           6F           32
      2025-12-31 13:03:35  1         5C           01           25           03
                                     2C           67           3B           80
                                     01           00           00           03
                                     22           40           D1           96
                                     A1           00           09           17
                                     6D           7E           80           3C
                                     55           D6           8F           40
                                     0C           03           21
      2025-12-31 13:04:14  1         50           02           07           7A
                                     54           69           01           50
                                     01           00           D8           1F
                                     EA           27           2C           00
                                     33           00           26           1F
                                     47           27           42           20
                                     DF           26           40           26
                                     40           27           7E
      2025-12-31 13:04:56  1         B1           03           51           7A
                                     0C           37           1F           B9
                                     8E           D3           27           0C
                                     0B           9C           8D           E0
                                     4E           2A           0C           B8
                                     8D           E2           4A           34
                                     0E           15           8D           EC
                                     46           50           0F
      2025-12-31 13:05:38  1         5B           04           5F           8D
                                     F9           42           6E           11
                                     66           8E           0C           3E
                                     82           13           0B           8E
                                     1B           3A           9C           15
                                     1B           8E           2C           36
                                     AE           16           35           8E
                                     39           34           BB
      2025-12-31 13:06:20  1         5A           05           17           57
                                     8E           4D           32           C9
                                     18           69           8E           5B
                                     30           DA           1A           26
                                     8E           79           2E           E0
                                     1C           07           8E           9D
                                     2C           EC           1D           90
                                     8E           B9           2A
      2025-12-31 13:07:02  1         D9           06           FD           1F
                                     4E           8E           DF           29
                                     06           20           A6           8E
                                     EA           27           12           21
                                     6E           8E           D9           25
                                     1B           22           F7           8F
                                     00           23           27           23
                                     50           8E           E6
      2025-12-31 13:07:44  1         29           07           21           3A
                                     24           16           8E           DA
                                     1F           47           25           2A
                                     8E           D5           1D           53
                                     27           54           8E           F5
                                     1B           43           28           C2
                                     8F           02           19           66
                                     29           EA           8E
      2025-12-31 13:08:26  1         08           08           F5           17
                                     70           2A           3E           8E
                                     C0           15           7D           2B
                                     BF           8E           C9           13
                                     8A           2C           F3           8E
                                     DE           11           98           2D
                                     89           8E           B2           0F
                                     A6           30           24
      2025-12-31 13:09:08  1         85           09           8E           FA
                                     0E           17           31           42
                                     8E           E3           0C           E8
                                     32           4B           8E           BC
                                     0B           BA           33           1A
                                     8E           8F           0A           F5
                                     34           F5           8E           96
                                     0A           2A           36
      2025-12-31 13:09:50  1         E6           0A           47           8E
                                     7A           09           5A           39
                                     89           8E           C1           08
                                     94           3C           55           8E
                                     C2           07           D6           3E
                                     5D           8E           E2           07
                                     6F           3F           E4           8E
                                     AA           07           0D
      2025-12-31 13:10:32  1         73           0B           41           38
                                     8E           AB           06           A6
                                     43           D4           8E           C7
                                     06           3B           46           F9
                                     8E           C7           05           D9
                                     4B           95           8F           1D
                                     05           78           52           0C
                                     8F           9D           05
      2025-12-31 13:11:14  2         4B           0C           1B           55
                                     EB           8F           C5           04
                                     B3           5B           57           90
                                     1E           04           50           63
                                     07           90           CE           03
                                     E8           67           47           91
                                     47           03           75           6C
                                     75           92           17
      2025-12-31 13:11:56  2         3F           0D           03           25
                                     6F           19           91           63
                                     02           AE           6F           31
                                     91           11           02           5E
                                     6F           2D           91           05
                                     01           F0           6F           2C
                                     91           01           01           C1
                                     6F           2C           91
      2025-12-31 13:12:38  1         A4           0E           00           01
                                     90           6F           2F           90
                                     FE           01           61           6F
                                     30           90           FD           01
                                     29           6F           2F           90
                                     C7           00           FB           6F
                                     2F           90           C3           00
                                     CD           6F           32
      2025-12-31 13:13:20  1         A2           0F           90           BE
                                     00           95           6F           35
                                     90           B8           00           66
                                     6F           48           90           AE
                                     00           2D           00           05
                                     FF           D9           06           08
                                     2A           4B           5D           62
                                     62           FF           FF
      2025-12-31 13:14:05  1         F4           01           66           03
                                     2C           67           39           80
                                     01           00           00           03
                                     02           C0           4D           1F
                                     00           00           00           00
                                     92           46           80           3C
                                     51           DE           CF           40
                                     0E           03           21
02602 152397  12 31 R 2 2025-12-31 14:50:16  10.114   68.284  0.000 401649759
      2025-12-31 14:42:14  1         29           07           21           3A
                                     24           16           8E           DA
                                     1F           47           25           2A
                                     8E           D5           1D           53
                                     27           54           8E           F5
                                     1B           43           28           C2
                                     8F           02           19           66
                                     29           EA           8E
      2025-12-31 14:42:56  1         08           08           F5           17
                                     70           2A           3E           8E
                                     C0           15           7D           2B
                                     BF           8E           C9           13
                                     8A           2C           F3           8E
                                     DE           11           98           2D
                                     89           8E           B2           0F
                                     A6           30           24
      2025-12-31 14:43:38  1         85           09           8E           FA
                                     0E           17           31           42
                                     8E           E3           0C           E8
                                     32           4B           8E           BC
                                     0B           BA           33           1A
                                     8E           8F           0A           F5
                                     34           F5           8E           96
                                     0A           2A           36
      2025-12-31 14:44:20  1         E6           0A           47           8E
                                     7A           09           5A           39
                                     89           8E           C1           08
                                     94           3C           55           8E
                                     C2           07           D6           3E
                                     5D           8E           E2           07
                                     6F           3F           E4           8E
                                     AA           07           0D
      2025-12-31 14:45:02  1         73           0B           41           38
                                     8E           AB           06           A6
                                     43           D4           8E           C7
                                     06           3B           46           F9
                                     8E           C7           05           D9
                                     4B           95           8F           1D
                                     05           78           52           0C
                                     8F           9D           05
      2025-12-31 14:45:44  1         4B           0C           1B           55
                                     EB           8F           C5           04
                                     B3           5B           57           90
                                     1E           04           50           63
                                     07           90           CE           03
                                     E8           67           47           91
                                     47           03           75           6C
                                     75           92           17
      2025-12-31 14:46:26  1         3F           0D           03           25
                                     6F           19           91           63
                                     02           AE           6F           31
                                     91           11           02           5E
                                     6F           2D           91           05
                                     01           F0           6F           2C
                                     91           01           01           C1
                                     6F           2C           91
      2025-12-31 14:47:08  1         A4           0E           00           01
                                     90           6F           2F           90
                                     FE           01           61           6F
                                     30           90           FD           01
                                     29           6F           2F           90
                                     C7           00           FB           6F
                                     2F           90           C3           00
                                     CD           6F           32
      2025-12-31 14:48:35  1         04           01           2F           03
                                     2C           67           3B           80
                                     01           00           00           03
                                     02           C0           4D           1F
                                     00           00           00           00
                                     92           06           80           3C
                                     55           D6           8F           40
                                     0C           03           21
      2025-12-31 14:49:14  1         50           02           07           7A
                                     54           69           01           50
                                     01           00           D8           1F
                                     EA           27           2C           00
                                     33           00           26           1F
                                     47           27           42           20
                                     DF           26           40           26
                                     40           27           7E
      2025-12-31 14:49:56  1         B1           03           51           7A
                                     0C           37           1F           B9
                                     8E           D3           27           0C
                                     0B           9C           8D           E0
                                     4E           2A           0C           B8
                                     8D           E2           4A           34
                                     0E           15           8D           EC
                                     46           50           0F
      2025-12-31 14:50:38  1         5B           04           5F           8D
                                     F9           42           6E           11
                                     66           8E           0C           3E
                                     82           13           0B           8E
                                     1B           3A           9C           15
                                     1B           8E           2C           36
                                     AE           16           35           8E
                                     39           34           BB
02602 152398  12 31 3 3 2025-12-26 20:17:29  15.863   66.635  0.000 401649703
      2026-01-01 19:24:55  1         DD           01           03           03
                                     03           45           3A           80
                                     01           00           FF           FB
                                     FA           9E           53           19
                                     00           00           00           00
                                     91           06           88           38
                                     7A           C4           8F           45
                                     0D           03           65
      2026-01-01 19:26:24  1         D0           03           53           7B
                                     09           00           0C           74
                                     86           17           27           27
                                     0B           C0           87           F8
                                     4A           38           0B           8C
                                     87           CF           46           54
                                     0B           9C           87           AC
                                     42           64           0B
      2026-01-01 19:27:10  1         74           04           71           87
                                     7A           3E           7D           0B
                                     5E           87           45           3A
                                     96           0B           60           87
                                     02           36           B4           0B
                                     6A           86           E0           34
                                     C0           0B           86           86
                                     C5           32           CC
      2026-01-01 19:27:56  1         E9           05           0B           8B
                                     86           A9           30           D3
                                     0B           CD           86           87
                                     2E           CA           0B           D6
                                     86           6A           2C           F0
                                     0B           F7           86           4D
                                     2A           F9           0C           2F
                                     86           3A           29
      2026-01-01 19:28:42  1         AB           06           09           0C
                                     6B           86           23           27
                                     13           0C           B1           86
                                     05           25           1A           0D
                                     13           85           EE           23
                                     27           0D           C7           85
                                     DC           21           2E           0E
                                     45           85           CC
      2026-01-01 19:29:28  1         6B           07           1F           3F
                                     0F           05           85           C7
                                     1D           4F           0F           E9
                                     85           C2           1B           3E
                                     10           99           85           BB
                                     19           61           11           93
                                     85           C5           17           6E
                                     12           AA           85
      2026-01-01 19:30:14  1         47           08           D0           15
                                     7C           14           48           85
                                     F0           13           82           16
                                     64           86           1C           11
                                     95           19           08           86
                                     4C           0F           9D           1C
                                     DB           86           BA           0E
                                     15           1F           DD
      2026-01-01 19:31:00  1         0F           09           87           08
                                     0C           E5           23           05
                                     87           6C           0B           BC
                                     25           0F           87           B3
                                     0A           F6           27           EF
                                     88           26           0A           14
                                     29           6E           88           61
                                     09           58           2B
      2026-01-01 19:31:46  1         3A           0A           3D           88
                                     A3           08           94           2D
                                     68           88           FB           07
                                     CF           2E           77           89
                                     28           07           6E           2E
                                     BB           89           21           07
                                     04           2F           61           89
                                     37           06           A1
      2026-01-01 19:32:32  1         FC           0B           30           65
                                     89           60           06           41
                                     31           32           89           7D
                                     05           E0           32           F9
                                     89           C0           05           7B
                                     34           21           89           E9
                                     05           19           35           6A
                                     8A           20           04
      2026-01-01 19:33:18  1         AA           0C           B5           35
                                     DC           8A           2C           04
                                     4B           38           8F           8A
                                     BB           03           ED           39
                                     B3           8A           D6           03
                                     84           39           89           8A
                                     8C           03           24           39
                                     89           8A           18
      2026-01-01 19:34:04  1         0C           0D           02           C1
                                     3B           BB           8A           39
                                     02           5C           3F           DF
                                     89           DB           01           F5
                                     41           6B           89           DC
                                     01           C3           41           C3
                                     89           E1           01           91
                                     41           D9           89
      2026-01-01 19:34:50  1         75           0E           E4           01
                                     5F           41           DB           89
                                     E4           01           29           41
                                     E2           89           E4           00
                                     FA           41           E6           89
                                     E4           00           C4           41
                                     E2           89           F0           34
                                     6B           61           E0
      2026-01-01 19:35:36  1         33           0F           89           E3
                                     00           64           41           EC
                                     89           E4           00           2B
                                     00           06           00           00
                                     06           03           27           4A
                                     5F           63           63           FF
                                     FF           FF           FF           FF
                                     FF           FF           FF
      2026-01-01 19:36:25  1         0D           01           04           03
                                     03           45           3A           80
                                     01           00           FF           FB
                                     FA           9E           53           19
                                     00           00           00           00
                                     91           06           88           38
                                     7A           C4           8F           45
                                     0D           03           65
      2026-01-01 19:37:08  2         86           02           A5           75
                                     56           69           01           5C
                                     00           00           D8           0C
                                     67           27           09           00
                                     09           00           12           0C
                                     52           27           03           0C
                                     7B           27           2C           26
                                     CF           27           32
      2026-01-01 19:37:54  1         87           03           53           7D
                                     09           00           0C           74
                                     86           17           27           27
                                     0B           C0           87           F8
                                     4A           38           0B           8C
                                     87           CF           46           54
                                     0B           9C           87           AC
                                     42           64           0B
      2025-12-26 20:11:48  1         AB           03           52           7A
                                     0A           75           62           C5
                                     01           47           27           63
                                     0D           BD           00           BF
                                     4A           3A           0F           34
                                     00           D0           46           51
                                     11           07           01           D5
                                     46           6B           13
      2025-12-26 20:13:16  1         FB           05           1B           7A
                                     00           FF           30           D2
                                     1C           C7           01           04
                                     2E           DF           1E           37
                                     01           0B           2C           EC
                                     1F           91           01           14
                                     2A           FA           20           FA
                                     01           21           28
      2025-12-26 20:14:00  1         6F           06           EE           22
                                     86           01           24           27
                                     0C           23           EC           01
                                     1F           25           1A           25
                                     6C           01           2F           23
                                     28           27           31           01
                                     37           21           36           28
                                     75           01           41
      2025-12-26 20:15:28  1         5C           08           57           15
                                     81           2E           AB           01
                                     5B           13           8E           2F
                                     F3           01           64           11
                                     91           31           70           01
                                     6D           0F           9D           32
                                     C2           01           75           0E
                                     13           33           C4
      2025-12-26 20:16:12  1         31           09           01           81
                                     0C           EA           35           D2
                                     01           81           0B           BB
                                     37           04           01           88
                                     0A           EB           38           74
                                     01           8D           0A           27
                                     3B           05           01           9C
                                     09           63           3E
      2025-12-26 20:16:56  1         6B           0A           42           01
                                     AC           08           98           40
                                     4E           01           C5           07
                                     CE           41           21           01
                                     C9           07           71           42
                                     41           01           D5           07
                                     0E           44           B0           01
                                     DC           06           A7
      2025-12-26 20:17:40  1         9C           0B           49           8A
                                     01           F6           06           A2
                                     4B           73           02           08
                                     05           D3           4C           D6
                                     0A           10           05           73
                                     4F           87           08           15
                                     07           93           50           62
                                     02           29           04
      2025-12-26 20:18:24  1         A7           0C           AF           53
                                     46           02           2D           04
                                     50           57           87           02
                                     49           03           D9           5B
                                     BA           02           5D           03
                                     87           5F           86           02
                                     89           03           0B           66
                                     36           02           A1
      2025-12-26 20:19:52  1         57           0E           F6           01
                                     63           68           6A           02
                                     F8           01           33           68
                                     76           02           F6           00
                                     F9           48           9D           00
                                     F5           00           C6           68
                                     E0           02           F8           00
                                     18           68           EA
      2025-12-26 20:21:23  1         DE           01           22           03
                                     3A           67           3A           80
                                     01           00           FF           FB
                                     FB           A8           47           19
                                     00           00           00           00
                                     92           07           83           3A
                                     67           C5           8C           45
                                     0D           03           63
      2025-12-26 20:22:04  1         05           02           2A           48
                                     4E           69           01           62
                                     00           00           D8           22
                                     45           27           41           00
                                     66           00           1F           21
                                     3F           27           44           23
                                     25           27           7A           26
                                     D5           27           91
      2025-12-26 20:22:48  1         99           03           72           7B
                                     0A           75           22           C5
                                     01           47           27           63
                                     0D           BD           00           BF
                                     4A           3A           0F           34
                                     00           D0           46           51
                                     11           07           00           D4
                                     42           6B           13
                                     11           07           00           D4
                                     42           6B           13