UTC 12-01-2026 19:05
02602 039699  14 31 R 3 2026-01-09 13:16:51  12.946   80.214  0.000 401650046
      2026-01-09 13:13:11  1         02           01           01           00
                                     00           00           00           00
                                     00           00           00           00
                                     00           00           00           00
                                     00           00           00           00
                                     00           1A           01           08
                                     11           12           07           00
                                     0A           00           5B
      2026-01-09 13:13:54  1         03           01           01           C9
                                     00           0D           00           C4
                                     00           0C           00           C9
                                     00           11           03           D5
                                     00           0D           1A           01
                                     09           05           12           09
                                     00           0D           00           C4
                                     00           0B           1F
      2026-01-09 13:14:34  1         04           01           01           00
                                     C4           00           0A           00
                                     6F           00           0A           00
                                     6F           00           0A           00
                                     6F           00           08           89
                                     D2           68           DE           00
                                     1E           7F           00           6F
                                     89           D2           45
      2026-01-09 13:15:13  1         05           01           01           68
                                     DE           00           1E           7F
                                     00           6F           89           D2
                                     68           DE           00           1E
                                     7F           00           6F           89
                                     D2           68           DE           00
                                     1E           7F           00           6F
                                     89           D2           0E
      2026-01-09 13:15:52  1         06           01           01           68
                                     DE           00           1E           7F
                                     00           6F           89           D2
                                     68           DE           00           1E
                                     7F           00           6F           89
                                     D2           68           DE           00
                                     1E           7F           00           6F
                                     89           D2           1F
      2026-01-09 13:16:31  1         07           01           01           68
                                     DE           00           1E           7F
                                     00           6F           89           D2
                                     68           DE           00           1E
                                     7F           00           6F           89
                                     D2           68           DE           00
                                     1E           7F           00           6F
                                     89           D2           1F
      2026-01-09 13:17:13  1         08           01           01           68
                                     DE           00           1E           7F
                                     00           6F           89           D2
                                     68           DE           00           1E
                                     7F           00           6F           89
                                     D2           68           DE           00
                                     1E           7F           00           6F
                                     89           D2           1F
      2026-01-09 13:17:51  3         09           01           01           68
                                     DE           00           1E           7F
                                     00           6F           89           D2
                                     68           DE           00           1E
                                     7F           00           6F           89
                                     D2           68           DE           00
                                     1E           7F           00           6F
                                     89           D2           1F
      2026-01-09 13:18:30  3         09           01           01           68
                                     DE           00           1E           7F
                                     00           6F           89           D2
                                     68           DE           00           1E
                                     7F           00           6F           89
                                     D2           68           DE           00
                                     1E           7F           00           6F
                                     89           D2           1F
      2026-01-09 13:19:12  3         09           01           01           68
                                     DE           00           1E           7F
                                     00           6F           89           D2
                                     68           DE           00           1E
                                     7F           00           6F           89
                                     D2           68           DE           00
                                     1E           7F           00           6F
                                     89           D2           1F
      2026-01-09 13:19:51  1         0B           01           01           68
                                     DE           00           1E           7F
                                     00           6F           89           D2
                                     68           DE           00           1E
                                     7F           00           6F           89
                                     D2           68           DE           00
                                     1E           7F           00           6F
                                     89           D2           1F
      2026-01-09 13:20:31  1         0C           01           01           68
                                     DE           00           1E           7F
                                     00           6F           89           D2
                                     68           DE           00           1E
                                     7F           00           6F           89
                                     D2           68           DE           00
                                     1E           7F           00           6F
                                     89           D2           1F
      2026-01-09 13:21:53  1         0A           01           80           68
                                     DE           00           1E           7F
                                     00           6F           0D           D2
                                     68           DE           18           1E
                                     7F           20           69           81
                                     D2           68           DE           00
                                     5A           7F           80           6F
                                     89           CA           1E
      2026-01-09 13:22:35  1         0F           81           01           68
                                     5E           00           1E           3E
                                     80           10           66           F3
                                     2F           3F           01           83
                                     8A           03           32           9B
                                     B8           FC           A4           17
                                     E4           E1           C0           A1
                                     90           26           10
02602 039699   4 31 C 3 2026-01-09 15:07:47  12.945   80.213  0.000 401650043
      2026-01-09 14:59:31  1         14           01           01           68
                                     DE           00           1E           7F
                                     00           6F           89           D2
                                     68           DE           00           1E
                                     7F           00           6F           89
                                     DA           6A           8F           01
                                     86           7F           00           EF
                                     C9           DA           17
      2026-01-09 15:06:54  1         1E           01           01           1A
                                     01           09           14           22
                                     1F           7A           B1           67
                                     62           00           0A           03
                                     DE           03           E5           06
                                     7A           18           38           40
                                     00           12           00           04
                                     FF           FF           84
      2026-01-09 15:07:33  1         1E           01           01           1A
                                     01           09           14           22
                                     1F           3A           B1           67
                                     62           00           0A           03
                                     DF           83           E5           06
                                     7A           18           38           40
                                     00           12           08           04
                                     FF           FF           84
      2026-01-09 15:08:54  1         02           01           01           00
                                     00           00           00           00
                                     00           00           00           00
                                     00           00           00           00
                                     00           00           00           00
                                     00           1A           01           08
                                     11           12           07           20
                                     0A           00           1F
02602 039699   7 31 B 3 2026-01-09 16:04:19  12.947   80.213  0.000 401650042
      2026-01-09 16:01:06  1         09           01           01           68
                                     DE           00           1E           7F
                                     00           6F           89           D2
                                     68           DE           00           1E
                                     7F           00           6F           89
                                     D2           68           DE           00
                                     1E           7F           00           6F
                                     89           D2           1F
      2026-01-09 16:01:48  1         0A           01           01           68
                                     DE           00           1E           7F
                                     00           6F           89           D2
                                     68           DE           00           1E
                                     7F           00           6F           89
                                     D2           68           DE           00
                                     1E           7F           00           6F
                                     89           D2           1F
      2026-01-09 16:03:11  1         0C           01           01           68
                                     DE           00           1E           7F
                                     00           6F           89           D2
                                     68           DE           00           1E
                                     7F           00           6F           89
                                     D2           68           DE           00
                                     1E           7F           00           6F
                                     89           D2           15
      2026-01-09 16:03:53  1         0D           01           01           68
                                     DE           00           1E           7F
                                     00           6F           89           D2
                                     68           DE           00           1E
                                     7F           00           6F           89
                                     D2           68           DE           00
                                     1E           7F           00           6F
                                     89           D2           1F
      2026-01-09 16:05:11  1         0F           01           01           68
                                     DE           00           1E           7F
                                     00           6F           89           D2
                                     68           DE           00           1E
                                     7F           00           6F           89
                                     D2           68           DE           00
                                     1E           7F           00           6F
                                     89           D2           1F
      2026-01-09 16:06:33  1         11           01           01           68
                                     DE           00           1E           7F
                                     00           6F           89           D2
                                     68           DE           00           1E
                                     7F           00           6F           89
                                     D2           68           DE           00
                                     1E           7F           00           6F
                                     89           D2           1F
      2026-01-09 16:08:36  1         12           01           01           68
                                     DE           00           1E           7F
                                     00           6F           89           D2
                                     68           DE           00           1E
                                     7F           00           6F           89
                                     D2           68           DE           00
                                     1E           7F           00           6F
                                     89           D2           1F
02602 039699  13 31 C 3 2026-01-09 16:44:56  12.948   80.211  0.000 401650041
      2026-01-09 16:40:16  1         1E           01           01           1A
                                     01           09           16           07
                                     1B           74           44           67
                                     34           00           0A           03
                                     DE           03           E2           06
                                     7A           18           38           40
                                     00           13           00           04
                                     FF           FF           C4
      2026-01-09 16:40:55  1         1E           01           01           1A
                                     01           09           16           07
                                     1B           74           44           67
                                     34           00           0A           03
                                     DE           03           E2           06
                                     7A           18           38           48
                                     80           13           00           05
                                     FF           FF           C4
      2026-01-09 16:42:16  1         02           01           01           00
                                     00           00           00           00
                                     00           00           00           00
                                     00           00           00           00
                                     00           00           00           00
                                     00           1A           01           08
                                     11           12           07           00
                                     0A           00           1F
      2026-01-09 16:42:55  1         03           01           01           C9
                                     00           0D           00           C4
                                     00           0C           00           C9
                                     00           11           03           D5
                                     00           0D           1A           01
                                     09           05           12           09
                                     00           0D           00           C4
                                     00           0B           1F
      2026-01-09 16:43:34  1         04           01           01           00
                                     C4           00           0A           00
                                     6F           00           0A           00
                                     6F           00           0A           00
                                     6F           00           08           89
                                     D2           68           DE           00
                                     1E           7F           00           6F
                                     89           D2           1F
      2026-01-09 16:44:13  1         05           01           01           68
                                     DE           00           1E           7F
                                     00           6F           89           D2
                                     68           DE           00           1E
                                     7F           00           6F           89
                                     D2           68           DE           00
                                     1E           7F           00           6F
                                     89           D2           1F
      2026-01-09 16:44:55  1         06           01           01           68
                                     DE           00           1E           7F
                                     00           6F           89           D2
                                     68           DE           00           1E
                                     7F           00           6F           89
                                     D2           68           DE           00
                                     1E           7F           00           6F
                                     89           D2           1F
      2026-01-09 16:45:38  1         07           01           01           68
                                     DE           00           1E           7F
                                     00           6F           89           D2
                                     68           DE           00           1E
                                     7F           00           6F           89
                                     D2           68           DE           00
                                     1E           7F           00           6F
                                     89           D2           1F
      2026-01-09 16:46:18  3         08           01           01           68
                                     DE           00           1E           7F
                                     00           6F           89           D2
                                     68           DE           00           1E
                                     7F           00           6F           89
                                     D2           68           DE           00
                                     1E           7F           00           6F
                                     89           D2           11
      2026-01-09 16:46:59  3         08           01           01           68
                                     DE           00           1E           7F
                                     00           6F           89           D2
                                     68           DE           00           1E
                                     7F           00           6F           89
                                     D2           68           DE           00
                                     1E           7F           00           6F
                                     89           D2           11
      2026-01-09 16:47:40  3         08           01           01           68
                                     DE           00           1E           7F
                                     00           6F           89           D2
                                     68           DE           00           1E
                                     7F           00           6F           89
                                     D2           68           DE           00
                                     1E           7F           00           6F
                                     89           D2           11
      2026-01-09 16:48:59  1         0B           01           01           68
                                     DE           00           1E           7F
                                     00           6F           89           D2
                                     68           DE           00           1E
                                     7F           00           6F           89
                                     D2           68           DE           00
                                     1E           7F           00           6F
                                     89           D2           1F
      2026-01-09 16:49:39  1         0C           01           01           68
                                     DE           00           1E           7F
                                     00           6F           89           D2
                                     68           DE           00           1E
                                     7F           00           6F           89
                                     D2           68           DE           00
                                     1E           7F           00           6F
                                     89           D2           1F
02602 039699   6 31 3 3 2026-01-09 17:55:05  12.946   80.213  0.000 401650041
      2026-01-09 17:52:17  1         03           01           01           C9
                                     00           0D           00           C4
                                     00           0C           00           C9
                                     00           11           03           D5
                                     00           0D           1A           01
                                     09           05           12           09
                                     00           0D           00           C4
                                     00           0B           1F
      2026-01-09 17:53:36  1         04           01           01           00
                                     C4           00           0A           00
                                     6F           00           0A           02
                                     6F           04           0A           00
                                     6F           00           08           89
                                     D2           68           DE           00
                                     1E           7F           00           6F
                                     89           D2           1F
      2026-01-09 17:54:58  1         06           01           01           68
                                     DE           00           1E           7F
                                     00           6F           89           D2
                                     68           DE           00           1E
                                     7F           00           6F           89
                                     D2           68           DE           00
                                     1E           7F           00           6F
                                     89           D2           1F
      2026-01-09 17:55:40  1         05           01           01           68
                                     DE           00           1E           7F
                                     00           6F           89           D2
                                     68           DE           00           1E
                                     7F           00           6F           89
                                     D2           68           DE           02
                                     1E           7F           00           6F
                                     89           D2           1F
      2026-01-09 17:56:19  1         08           01           01           68
                                     DE           00           1E           7F
                                     00           6F           89           D2
                                     68           DE           00           1E
                                     7F           00           6F           89
                                     D2           68           DE           02
                                     1E           7F           00           6F
                                     89           D2           1F
      2026-01-09 17:57:41  1         0A           01           01           68
                                     DE           00           1E           7F
                                     00           6F           89           D2
                                     68           DE           00           1E
                                     7F           00           6F           89
                                     D2           68           DE           00
                                     1E           7F           00           6F
                                     89           D2           1F
02602 039699   8 31 3 3 2026-01-09 19:31:36  12.951   80.209  0.000 401650038
      2026-01-09 19:28:22  1         07           01           01           68
                                     DE           00           1E           7F
                                     00           6F           89           D2
                                     68           DE           00           1E
                                     7F           00           6F           89
                                     D2           68           DE           00
                                     1E           7F           00           6F
                                     89           D2           10
      2026-01-09 19:29:02  1         08           01           01           68
                                     DE           00           1E           7F
                                     00           6F           89           D2
                                     68           DE           00           1E
                                     7F           00           6F           89
                                     D2           68           DE           00
                                     1E           7F           00           6F
                                     89           D2           11
      2026-01-09 19:30:21  1         09           01           01           68
                                     DE           00           1E           7F
                                     00           6F           89           D2
                                     68           DE           00           1E
                                     7F           00           6F           89
                                     D2           68           DE           00
                                     1E           7F           00           6F
                                     89           D2           1F
      2026-01-09 19:31:41  1         0B           01           01           68
                                     DE           00           1E           7F
                                     00           6F           89           D2
                                     68           DE           00           1E
                                     7F           00           6F           89
                                     D2           68           DE           00
                                     1E           7F           00           6F
                                     89           D2           14
      2026-01-09 19:32:19  1         0C           01           01           68
                                     DE           00           1E           7F
                                     00           6F           89           D2
                                     68           DE           00           1E
                                     7F           00           6F           89
                                     D2           68           DE           00
                                     1E           7F           00           6F
                                     89           D2           15
      2026-01-09 19:33:01  2         0D           01           01           68
                                     DE           00           1E           7F
                                     00           6F           89           D2
                                     68           DE           00           1E
                                     7F           00           6F           89
                                     D2           68           DE           00
                                     1E           7F           00           6F
                                     89           D2           16
      2026-01-09 19:33:43  2         0D           01           01           68
                                     DE           00           1E           7F
                                     00           6F           89           D2
                                     68           DE           00           1E
                                     7F           00           6F           89
                                     D2           68           DE           00
                                     1E           7F           00           6F
                                     89           D2           16
      2026-01-09 19:34:25  1         0F           01           01           68
                                     DE           00           1E           7F
                                     00           6F           89           D2
                                     68           DE           00           1E
                                     7F           00           6F           89
                                     D2           68           DE           00
                                     1E           7F           00           6F
                                     89           D2           1F
02602 039699  12 31 R 3 2026-01-10 00:20:40  12.945   80.209  0.000 401650040
      2026-01-10 00:16:58  2         13           01           01           68
                                     DE           00           1E           7F
                                     00           6F           89           D2
                                     68           DE           00           1E
                                     7F           00           6F           89
                                     D2           68           DE           00
                                     1E           7F           00           6F
                                     89           D2           1F
      2026-01-10 00:17:40  2         13           01           01           68
                                     DE           00           1E           7F
                                     00           6F           89           D2
                                     68           DE           00           1E
                                     7F           00           6F           89
                                     D2           68           DE           00
                                     1E           7F           00           6F
                                     89           D2           1F
      2026-01-10 00:18:19  1         15           01           01           68
                                     DE           00           1E           7F
                                     00           6F           89           D2
                                     68           DE           00           1E
                                     7F           00           6F           89
                                     D2           68           DE           00
                                     1E           7F           00           6F
                                     89           D2           1E
      2026-01-10 00:18:57  2         16           01           01           68
                                     DE           00           1E           7F
                                     00           6F           89           D2
                                     68           DE           00           1E
                                     7F           00           6F           89
                                     D2           68           DE           00
                                     1E           7F           00           6F
                                     89           D2           1F
      2026-01-10 00:19:37  2         16           01           01           68
                                     DE           00           1E           7F
                                     00           6F           89           D2
                                     68           DE           00           1E
                                     7F           00           6F           89
                                     D2           68           DE           00
                                     1E           7F           00           6F
                                     89           D2           1F
      2026-01-10 00:20:20  1         18           01           01           68
                                     DE           00           1E           7F
                                     00           6F           89           D2
                                     68           DE           00           1E
                                     7F           00           6F           89
                                     D2           68           DE           00
                                     1E           7F           00           6F
                                     89           D2           1F
      2026-01-10 00:21:00  1         19           01           01           68
                                     DE           00           1E           7F
                                     00           6F           89           D2
                                     68           DE           00           1E
                                     7F           00           6F           89
                                     D2           68           DE           00
                                     1E           7F           00           6F
                                     89           D2           1F
      2026-01-10 00:21:41  1         1A           01           01           68
                                     DE           00           1E           7F
                                     00           6F           89           D2
                                     68           DE           00           1E
                                     7F           00           6F           89
                                     D2           68           DE           00
                                     1E           7F           00           6F
                                     89           D2           23
      2026-01-10 00:22:22  1         1B           01           01           68
                                     DE           00           1E           7F
                                     00           6F           89           D2
                                     68           DE           00           1E
                                     7F           00           6F           89
                                     D2           68           DE           00
                                     1E           7F           00           6F
                                     89           D2           24
      2026-01-10 00:23:04  1         1C           01           01           68
                                     DE           00           1E           7F
                                     00           6F           89           D2
                                     68           DE           00           1E
                                     7F           00           6F           89
                                     CD           68           E8           00
                                     1F           7F           00           6F
                                     1A           01           1F
      2026-01-10 00:23:46  1         1D           01           01           09
                                     06           12           0A           00
                                     1A           01           09           12
                                     10           0A           00           00
                                     00           00           00           00
                                     00           00           00           00
                                     00           00           00           00
                                     00           00           1F
      2026-01-10 00:24:28  1         1D           01           01           09
                                     06           12           4A           48
                                     92           96           93           25
                                     2F           F2           00           DF
                                     D2           0B           F4           49
                                     F6           5B           3F           D5
                                     25           98           36           88
                                     ED           93           46
02602 039699   1 31 C
      2026-01-11 03:17:25  1         1C           01           02           65
                                     75           00           1E           7F
                                     00           7A           89           E1
                                     65           75           00           1E
                                     7F           00           7A           89
                                     E1           65           74           00
                                     1D           00           00           7A
                                     1A           01           60
02602 039699   6 31 B 3 2026-01-11 04:16:22  12.946   80.214  0.000 401650047
      2026-01-11 04:13:17  1         09           01           02           65
                                     75           00           1E           7F
                                     00           7A           89           E1
                                     65           75           00           1E
                                     7F           00           7A           89
                                     E1           65           75           00
                                     1E           7F           00           7A
                                     89           E1           1F
      2026-01-11 04:14:41  1         0B           01           02           65
                                     75           00           1E           7F
                                     00           7A           89           E1
                                     65           75           00           1E
                                     7F           00           7A           89
                                     E1           65           75           00
                                     1E           7F           00           7A
                                     89           E1           1F
      2026-01-11 04:15:21  1         0C           01           02           65
                                     75           00           1E           7F
                                     00           7A           89           E1
                                     65           75           00           1E
                                     7F           00           7A           89
                                     E1           65           75           00
                                     1E           7F           00           7A
                                     89           E1           1E
      2026-01-11 04:16:02  1         0D           01           02           65
                                     75           00           1E           7F
                                     00           7A           89           E1
                                     65           75           00           1E
                                     7F           00           7A           89
                                     E1           65           75           00
                                     1E           7F           00           7A
                                     89           E1           1F
      2026-01-11 04:18:05  1         10           01           02           65
                                     75           00           1E           7F
                                     00           7A           89           E1
                                     65           75           00           1E
                                     7F           00           7A           89
                                     E3           65           75           00
                                     1E           7F           00           7A
                                     89           E1           1F
      2026-01-11 04:20:50  1         12           01           02           65
                                     75           00           1E           7F
                                     00           7A           89           E1
                                     65           75           00           1E
                                     7F           00           7A           89
                                     E1           65           75           00
                                     1E           7F           00           7A
                                     09           E1           9F
02602 039699  11 31 C 3 2026-01-11 04:56:11  12.945   80.215  0.000 401650046
      2026-01-11 04:52:49  1         1E           01           02           1A
                                     01           0B           08           13
                                     27           89           E8           62
                                     E4           00           0D           03
                                     DE           03           DE           06
                                     7A           17           38           2D
                                     00           16           00           04
                                     FD           FF           25
      2026-01-11 04:53:29  1         01           01           02           4E
                                     20           67           14           49
                                     FF           00           00           00
                                     00           00           00           00
                                     01           00           00           00
                                     00           00           00           00
                                     00           00           00           00
                                     00           00           1F
      2026-01-11 04:54:07  1         02           01           02           00
                                     00           00           00           00
                                     00           00           00           00
                                     00           00           00           00
                                     00           00           00           00
                                     00           1A           01           0A
                                     06           10           30           00
                                     0C           00           1F
      2026-01-11 04:54:47  1         03           01           02           D0
                                     00           0D           00           CC
                                     00           0D           00           CD
                                     00           13           03           DE
                                     00           0D           1A           01
                                     0A           12           10           32
                                     00           0D           00           CC
                                     00           0D           1F
      2026-01-11 04:55:29  1         04           01           02           00
                                     CC           00           0A           00
                                     7A           00           0B           00
                                     7A           00           09           00
                                     7A           00           08           89
                                     E1           65           75           00
                                     1E           7F           00           7A
                                     89           E1           1F
      2026-01-11 04:56:10  2         05           01           02           65
                                     75           00           1E           7F
                                     00           7A           89           E1
                                     65           75           00           1E
                                     7F           00           7A           89
                                     E1           65           75           00
                                     1E           7F           00           7A
                                     89           E1           1F
      2026-01-11 04:56:48  2         05           01           02           65
                                     75           00           1E           7F
                                     00           7A           89           E1
                                     65           75           00           1E
                                     7F           00           7A           89
                                     E1           65           75           00
                                     1E           7F           00           7A
                                     89           E1           1F
      2026-01-11 04:57:26  1         06           01           02           65
                                     75           00           1E           7F
                                     00           7A           89           E1
                                     65           75           00           1E
                                     7F           00           7A           89
                                     E1           65           75           00
                                     1E           7F           00           7A
                                     89           E1           1F
      2026-01-11 04:58:05  1         07           01           02           65
                                     75           00           1E           7F
                                     00           7A           89           E1
                                     65           75           00           1E
                                     7F           00           7A           89
                                     E1           65           75           00
                                     1E           7F           00           7A
                                     89           E1           1F
      2026-01-11 04:58:45  1         08           01           02           65
                                     75           00           1E           7F
                                     00           7A           89           E1
                                     65           75           00           1E
                                     7F           00           7A           89
                                     E1           65           75           00
                                     1E           7F           00           7A
                                     89           E1           1F
      2026-01-11 05:00:10  1         0A           01           02           65
                                     75           00           1E           7F
                                     00           7A           89           E1
                                     65           75           00           1E
                                     7F           00           7A           89
                                     E1           65           71           00
                                     1E           7F           00           7A
                                     89           E1           1F
02602 039699  13 31 3 3 2026-01-11 07:05:00  12.944   80.221  0.000 401650047
      2026-01-11 07:00:10  1         0F           01           02           65
                                     75           00           1E           7F
                                     00           7A           89           E1
                                     65           75           00           1E
                                     7F           00           7A           89
                                     E1           65           75           00
                                     1E           7F           00           7A
                                     8D           E1           1F
      2026-01-11 07:02:51  1         12           01           02           65
                                     75           00           1E           7F
                                     00           7A           89           E1
                                     65           75           00           1E
                                     7F           00           7A           89
                                     E1           65           75           00
                                     1E           7F           00           7A
                                     89           E1           1F
      2026-01-11 07:03:30  1         13           01           02           65
                                     75           00           1E           7F
                                     00           7A           89           E1
                                     65           75           00           1E
                                     7F           00           7A           89
                                     E1           65           75           00
                                     1E           7F           00           7A
                                     89           E1           1F
      2026-01-11 07:04:12  1         14           01           02           65
                                     75           00           1E           7F
                                     00           7A           89           E1
                                     65           75           00           1E
                                     7F           00           7A           89
                                     E1           65           75           00
                                     1E           7F           00           7A
                                     89           E1           1F
      2026-01-11 07:04:52  1         15           01           02           65
                                     75           00           1E           7F
                                     00           7A           89           E1
                                     65           75           00           1E
                                     7F           00           7A           89
                                     E1           65           75           00
                                     1E           7F           00           7A
                                     89           E1           1F
      2026-01-11 07:05:33  1         16           01           02           65
                                     75           00           1E           7F
                                     00           7A           89           E1
                                     65           75           00           1E
                                     7F           00           7A           89
                                     E1           65           75           00
                                     1E           7F           00           7A
                                     89           E1           1F
      2026-01-11 07:06:14  1         17           01           02           65
                                     75           00           1E           7F
                                     00           7A           89           E1
                                     65           75           00           1E
                                     7F           00           7A           89
                                     E1           65           75           00
                                     1E           7F           00           7A
                                     89           E1           1F
      2026-01-11 07:06:54  1         18           01           02           65
                                     75           00           1E           7F
                                     00           7A           89           E1
                                     65           75           00           1E
                                     7F           00           7A           89
                                     E1           65           75           00
                                     1E           7F           00           7A
                                     89           E1           1F
      2026-01-11 07:07:34  1         19           01           02           65
                                     75           00           1E           7F
                                     00           7A           89           E1
                                     65           75           00           1E
                                     7F           00           7A           89
                                     E1           65           75           00
                                     1E           7F           00           7A
                                     89           E1           1F
      2026-01-11 07:08:13  2         1A           01           02           65
                                     75           00           1E           7F
                                     00           7A           89           E1
                                     65           75           00           1E
                                     7F           00           7A           89
                                     E1           65           75           00
                                     1E           7F           00           7A
                                     89           E1           1F
      2026-01-11 07:08:51  2         1A           01           02           65
                                     75           00           1E           7F
                                     00           7A           89           E1
                                     65           75           00           1E
                                     7F           00           7A           89
                                     E1           65           75           00
                                     1E           7F           00           7A
                                     89           E1           1F
      2026-01-11 07:09:31  1         1B           01           02           65
                                     75           00           1E           7F
                                     00           7A           89           E1
                                     45           75           00           1E
                                     7F           00           7A           89
                                     E1           65           75           00
                                     1E           7F           00           7A
                                     89           E1           2F
      2026-01-11 07:10:11  1         1C           01           02           65
                                     75           00           1E           5F
                                     00           3A           89           E1
                                     65           75           00           1E
                                     7F           00           7A           89
                                     E1           65           74           00
                                     1D           00           00           7A
                                     1A           81           1F
02602 039699   6 31 R 3 2026-01-11 12:17:25  12.945   80.211  0.000 401650045
      2026-01-11 12:13:04  1         1D           01           02           0A
                                     13           10           33           00
                                     1A           01           0B           07
                                     0E           33           00           00
                                     00           00           00           00
                                     00           00           00           00
                                     00           00           00           00
                                     00           00           1F
      2026-01-11 12:15:06  1         01           01           02           4E
                                     20           27           14           49
                                     FF           00           00           00
                                     00           00           00           00
                                     00           00           00           00
                                     00           00           00           00
                                     00           00           00           00
                                     00           00           1F
      2026-01-11 12:15:44  1         02           01           02           00
                                     00           00           00           00
                                     00           00           00           00
                                     00           00           00           00
                                     00           00           00           00
                                     00           1A           01           0A
                                     06           10           30           00
                                     0C           00           1F
      2026-01-11 12:17:05  1         03           01           02           D0
                                     00           0D           00           CC
                                     00           0D           00           CD
                                     00           13           03           DE
                                     00           0D           1A           01
                                     0A           12           10           32
                                     00           0D           00           CC
                                     00           0D           E9
      2026-01-11 12:17:46  1         04           01           02           00
                                     CC           00           0A           00
                                     7A           00           0B           00
                                     7A           00           09           00
                                     7A           00           08           89
                                     E1           65           75           00
                                     1E           7F           00           7A
                                     89           E1           2C
      2026-01-11 12:19:05  1         06           01           02           65
                                     75           00           1E           7F
                                     00           7A           89           E1
                                     65           75           00           1E
                                     7F           00           7A           89
                                     E1           65           75           00
                                     1E           7F           00           7A
                                     89           E1           1F
02602 039699   6 31 B 3 2026-01-12 15:03:23  12.948   80.214  0.000 401650048
      2026-01-12 14:58:41  2         12           01           03           60
                                     0E           00           1F           7F
                                     00           7D           89           EB
                                     60           0E           00           1F
                                     7F           00           7D           89
                                     EB           60           0E           00
                                     1F           7F           00           7D
                                     89           EB           1F
      2026-01-12 14:59:19  2         12           01           03           60
                                     0E           00           1F           7F
                                     00           7D           89           EB
                                     60           0E           00           1F
                                     7F           00           7D           89
                                     EB           60           0E           00
                                     1F           7F           00           7D
                                     89           EB           1F
      2026-01-12 15:00:00  1         13           01           03           60
                                     0E           00           1F           7F
                                     00           7D           89           EB
                                     60           0E           00           1F
                                     7F           00           7D           89
                                     EB           60           0E           00
                                     1F           7F           00           7D
                                     89           EB           1F
      2026-01-12 15:05:54  1         1B           01           03           60
                                     06           00           1F           7F
                                     00           7D           89           EB
                                     60           0E           00           1F
                                     7F           00           7D           89
                                     EB           60           0E           00
                                     1F           7F           00           7D
                                     89           EB           1F
      2026-01-12 15:07:54  1         1D           01           03           0C
                                     08           0F           20           00
                                     1A           01           0C           14
                                     0D           20           00           00
                                     00           00           00           00
                                     00           00           00           00
                                     00           00           00           00
                                     00           00           1F
      2026-01-12 15:08:35  1         1E           01           03           1A
                                     01           0C           14           23
                                     2E           0D           D9           62
                                     35           00           09           04
                                     01           04           12           06
                                     7A           16           38           40
                                     00           13           00           04
                                     FF           FF           72
02602 039699  13 31 C 3 2026-01-12 15:44:00  12.945   80.210  0.000 401650046
      2026-01-12 15:38:15  1         08           01           03           60
                                     0E           00           1F           7F
                                     00           7D           89           EB
                                     60           0E           00           1F
                                     7F           00           7D           89
                                     EB           60           0E           00
                                     1F           7F           00           7D
                                     89           EB           1F
      2026-01-12 15:39:39  1         0A           01           03           60
                                     0E           00           1F           7F
                                     00           55           09           EB
                                     60           0E           00           5D
                                     7F           00           7D           89
                                     EB           60           0E           00
                                     1F           7B           01           3D
                                     89           EB           4F
      2026-01-12 15:40:21  1         0B           01           03           60
                                     0E           00           1F           7F
                                     80           7D           89           EB
                                     60           0E           00           1F
                                     7F           00           7D           89
                                     E0           00           00           00
                                     00           00           00           00
                                     00           00           00
      2026-01-12 15:41:42  1         0D           01           03           60
                                     0E           00           1F           7F
                                     00           7D           89           EB
                                     60           0E           00           1F
                                     7F           00           7D           89
                                     EB           60           0E           00
                                     1F           7F           00           7D
                                     89           EB           1F
      2026-01-12 15:43:04  1         0E           01           03           60
                                     0E           00           1F           7F
                                     00           7D           89           EB
                                     60           0E           00           1F
                                     7F           00           7D           89
                                     EB           60           0E           00
                                     1F           7F           00           7D
                                     89           EB           1F
      2026-01-12 15:43:42  2         10           01           03           60
                                     0E           00           1F           7F
                                     00           7D           89           EB
                                     60           0E           00           1F
                                     7F           00           7D           89
                                     EB           60           0E           00
                                     1F           7F           00           7D
                                     89           EB           1F
      2026-01-12 15:44:23  2         10           01           03           60
                                     0E           00           1F           7F
                                     00           7D           89           EB
                                     60           0E           00           1F
                                     7F           00           7D           89
                                     EB           60           0E           00
                                     1F           7F           00           7D
                                     89           EB           1F
      2026-01-12 15:45:05  1         11           01           03           60
                                     0E           00           1F           7F
                                     00           7D           89           EB
                                     60           0E           00           1F
                                     7F           00           7D           89
                                     EB           60           0E           00
                                     1F           7F           00           7D
                                     89           EB           1F
      2026-01-12 15:45:44  1         12           01           03           60
                                     0E           00           1F           7F
                                     00           7D           89           EB
                                     60           0E           00           1F
                                     7F           00           7D           89
                                     EB           60           0E           00
                                     1F           7F           00           7D
                                     89           EB           0D
      2026-01-12 15:46:23  1         13           01           03           60
                                     0E           00           1F           7F
                                     00           7D           89           EB
                                     60           0E           00           1F
                                     7F           00           7D           89
                                     EB           60           0E           00
                                     1F           7F           00           7D
                                     89           EB           1F
      2026-01-12 15:47:03  1         14           01           03           60
                                     0E           00           1F           7F
                                     00           7D           89           EB
                                     60           0E           00           1F
                                     7F           00           7D           89
                                     EB           60           0E           00
                                     1F           7F           00           7D
                                     89           EB           0F
      2026-01-12 15:47:41  1         15           01           03           60
                                     0E           00           1F           7F
                                     00           7D           89           EB
                                     60           0E           00           1F
                                     7F           00           7D           89
                                     EB           60           0E           00
                                     1F           7F           00           7D
                                     89           EB           1F
      2026-01-12 15:49:01  1         17           01           03           60
                                     0E           00           1F           7F
                                     08           7D           89           EB
                                     60           0E           00           1F
                                     7F           00           7D           89
                                     EB           60           0E           00
                                     1F           7F           00           7D
                                     89           EB           1F
02602 039699   1 31 3
      2026-01-12 17:12:46  1         0A           01           03           60
                                     0E           00           1F           7F
                                     00           7D           89           EB
                                     71           54           80           BB
                                     7F           84           1C           82
                                     EA           44           37           04
                                     1F           7B           01           79
                                     89           EB           9F
02602 039699   4 31 C 2 2026-01-12 17:19:36  12.948   80.210  0.000 401650044
      2026-01-12 17:19:37  1         13           01           03           60
                                     0E           00           1F           7F
                                     00           7D           89           EB
                                     60           0E           00           1F
                                     7F           11           5C           B9
                                     8B           D0           8D           00
                                     9B           07           10           76
                                     BE           8E           7E
      2026-01-12 17:24:26  1         1A           01           03           60
                                     0E           00           1F           7F
                                     00           7D           89           EB
                                     60           0E           00           1F
                                     FF           00           7F           89
                                     EB           60           0E           00
                                     1F           7F           00           7D
                                     89           EB           1F
      2026-01-12 17:25:05  2         1B           01           03           60
                                     0E           00           1F           7F
                                     00           7D           89           EB
                                     60           0E           00           1F
                                     7F           00           7D           89
                                     EB           60           0E           00
                                     1F           7F           00           7D
                                     89           EB           16
      2026-01-12 17:25:49  2         1B           01           03           60
                                     0E           00           1F           7F
                                     00           7D           89           EB
                                     60           0E           00           1F
                                     7F           00           7D           89
                                     EB           60           0E           00
                                     1F           7F           00           7D
                                     89           EB           16
02602 039699  17 31 3 3 2026-01-12 18:53:30  12.946   80.212  0.000 401650044
      2026-01-12 18:47:29  1         0D           01           8B           69
                                     1F           00           1B           FE
                                     FD           5F           09           EB
                                     60           82           26           3F
                                     2F           14           B5           A5
                                     AD           64           2D           21
                                     1F           7F           00           7D
                                     89           EB           3F
      2026-01-12 18:48:08  2         0D           01           03           60
                                     0E           00           1F           7F
                                     00           7D           89           EB
                                     60           0E           00           1F
                                     7F           00           7D           89
                                     EB           60           0E           00
                                     1F           7F           00           7D
                                     89           EB           1F
      2026-01-12 18:48:50  2         0D           01           03           60
                                     0E           00           1F           7F
                                     00           7D           89           EB
                                     60           0E           00           1F
                                     7F           00           7D           89
                                     EB           60           0E           00
                                     1F           7F           00           7D
                                     89           EB           1F
      2026-01-12 18:49:30  1         0F           01           03           60
                                     0E           00           1F           7F
                                     00           7D           89           EB
                                     60           0E           00           1F
                                     7F           00           7D           89
                                     EB           60           0E           00
                                     1F           7F           00           7D
                                     89           EB           1F
      2026-01-12 18:50:08  1         10           01           03           60
                                     0E           00           1F           7F
                                     00           7D           89           EB
                                     60           0E           00           1F
                                     7F           00           7D           89
                                     EB           60           0E           00
                                     1F           7F           00           7D
                                     89           EB           1F
      2026-01-12 18:50:46  1         11           01           03           60
                                     0E           00           1F           7F
                                     00           7D           89           EB
                                     60           0E           00           1F
                                     7F           00           7D           89
                                     EB           60           0E           00
                                     1F           7F           00           7D
                                     89           EB           1F
      2026-01-12 18:51:28  1         12           01           03           60
                                     0E           00           1F           7F
                                     00           7D           89           EB
                                     60           0E           00           1F
                                     7F           00           7D           89
                                     EB           60           0E           00
                                     1F           7F           00           7D
                                     89           EB           1F
      2026-01-12 18:52:08  1         13           01           03           60
                                     0E           00           1F           7F
                                     00           7D           89           EB
                                     60           0E           00           1F
                                     7F           00           7D           89
                                     EB           60           0E           00
                                     1F           7F           00           7D
                                     89           EB           0E
      2026-01-12 18:52:47  1         14           01           03           60
                                     0E           00           1F           7F
                                     00           7D           89           EB
                                     60           0E           00           1F
                                     7F           00           7D           89
                                     EB           60           0E           00
                                     1F           7F           00           7D
                                     89           EB           1F
      2026-01-12 18:53:29  1         15           01           03           60
                                     0E           00           1F           7F
                                     00           7D           89           EB
                                     60           0E           00           1F
                                     7F           00           7D           89
                                     EB           60           0E           00
                                     1F           7F           00           7D
                                     89           EB           1F
      2026-01-12 18:54:10  2         16           01           03           60
                                     0E           00           1F           7F
                                     00           7D           89           EB
                                     60           0E           00           1F
                                     7F           00           7D           89
                                     EB           60           0E           00
                                     1F           7F           00           7D
                                     89           EB           11
      2026-01-12 18:54:50  2         16           01           03           60
                                     0E           00           1F           7F
                                     00           7D           89           EB
                                     60           0E           00           1F
                                     7F           00           7D           89
                                     EB           60           0E           00
                                     1F           7F           00           7D
                                     89           EB           11
      2026-01-12 18:55:31  1         17           01           03           60
                                     0E           00           1F           7F
                                     00           7D           89           EB
                                     60           0E           00           1F
                                     7F           00           7D           89
                                     EB           60           0E           00
                                     1F           7F           00           7D
                                     89           EB           1F
      2026-01-12 18:56:13  1         18           01           03           60
                                     0E           00           1F           7F
                                     00           7D           89           EB
                                     60           0E           00           1F
                                     7F           00           7D           89
                                     EB           60           0E           00
                                     1F           7F           00           7D
                                     89           EB           1F
      2026-01-12 18:56:54  1         19           01           03           60
                                     0E           00           1F           7F
                                     00           7D           89           EB
                                     60           0E           00           1F
                                     7F           00           7D           89
                                     EB           60           0E           00
                                     1F           7F           00           7D
                                     89           EB           1F
      2026-01-12 18:57:35  1         1A           01           03           60
                                     0E           00           1F           7F
                                     00           7D           89           EB
                                     60           0E           00           1F
                                     7F           00           7D           89
                                     EB           60           0E           00
                                     1F           7F           00           7D
                                     89           EB           1F
      2026-01-12 18:58:16  1         1B           01           03           60
                                     0E           00           1F           7F
                                     00           7D           89           EB
                                     60           0E           00           1F
                                     7F           00           7D           89
                                     EB           60           0E           00
                                     1F           7F           00           7D
                                     89           EB           1F
02602 152382  16 31 B
      2026-01-04 22:29:57  1         85           05           09           CF
                                     83           BC           32           C4
                                     09           F3           87           B0
                                     30           91           09           F8
                                     87           9E           2E           DB
                                     89           F7           07           91
                                     2C           E8           0A           1D
                                     A7           81           2A
      2026-01-04 22:31:21  1         F0           07           21           37
                                     0A           07           86           E1
                                     1F           3E           0A           2F
                                     86           BA           1D           49
                                     0A           46           86           96
                                     1B           5A           09           F9
                                     86           6A           19           68
                                     0A           10           86
      2026-01-04 22:32:03  1         7C           08           44           17
                                     6F           0A           8C           86
                                     38           15           7C           0A
                                     95           86           00           13
                                     87           0B           10           85
                                     E7           11           97           0A
                                     40           85           A0           0F
                                     9C           0C           11
      2026-01-04 22:32:45  1         60           09           85           A9
                                     0E           0D           0C           E2
                                     85           A1           0C           E5
                                     0D           74           85           9D
                                     0B           B7           0D           EE
                                     85           9C           0A           F1
                                     0E           8E           85           98
                                     0A           26           0E
      2026-01-04 22:34:09  1         7F           0B           0F           C7
                                     85           71           06           A0
                                     10           6B           85           7A
                                     06           44           10           9A
                                     85           79           05           DC
                                     0F           C0           85           51
                                     05           78           11           39
                                     85           6C           05
      2026-01-04 22:34:51  1         90           0C           19           12
                                     CB           85           96           04
                                     99           12           E5           85
                                     89           04           50           0E
                                     9B           85           02           43
                                     ED           11           B4           85
                                     36           03           85           12
                                     C8           85           3A
      2026-01-04 22:35:33  1         1D           0D           03           20
                                     12           CE           84           7A
                                     02           BD           16           14
                                     84           43           02           5B
                                     17           CB           84           37
                                     01           F6           19           2F
                                     84           2D           01           B4
                                     19           B4           84
      2026-01-04 22:36:15  1         BF           0E           32           01
                                     90           1A           1B           84
                                     34           01           63           1A
                                     52           84           3A           01
                                     2D           1A           97           84
                                     3F           00           F6           1A
                                     9E           84           3D           00
                                     C9           1A           AD
      2026-01-04 22:37:42  1         12           01           04           02
                                     F4           48           3B           80
                                     01           00           FF           FA
                                     FA           9B           4C           18
                                     00           00           00           00
                                     92           04           89           35
                                     7A           C6           8F           53
                                     0D           03           64
      2026-01-04 22:38:21  1         DF           02           A6           A1
                                     4A           69           27           28
                                     23           01           D9           0A
                                     56           26           FE           00
                                     0B           00           36           0A
                                     42           26           64           0A
                                     74           27           31           26
                                     64           27           C5
      2026-01-04 22:39:03  1         55           03           53           7A
                                     09           0C           0A           55
                                     87           58           27           1F
                                     07           AB           88           06
                                     4E           1E           08           14
                                     88           00           4A           3B
                                     08           A4           88           03
                                     46           55           08
      2026-01-04 22:39:45  1         85           04           FF           87
                                     FE           42           65           09
                                     5E           87           F9           3E
                                     81           09           77           87
                                     E8           3A           98           09
                                     66           87           CB           36
                                     AF           09           BD           87
                                     C9           34           BA
      2026-01-04 22:40:27  1         85           05           09           CF
                                     87           BC           32           C4
                                     09           F3           87           B0
                                     30           D1           09           F8
                                     87           9E           2E           DB
                                     09           F7           87           91
                                     2C           E8           0A           1D
                                     87           81           2A
      2026-01-04 22:41:09  1         C3           16           F0           0A
                                     2A           87           7A           28
                                     FE           0A           48           87
                                     6C           27           13           0A
                                     56           87           4F           25
                                     1A           0A           44           87
                                     2C           23           27           0A
                                     29           87           0B
      2026-01-04 22:43:57  2         BF           0A           F2           85
                                     90           09           65           0F
                                     E3           85           9C           08
                                     97           0F           CA           85
                                     8F           07           D2           0F
                                     E4           85           86           07
                                     6C           0F           BD           85
                                     79           07           0A
02602 152382  21 31 C
      2026-01-04 23:09:12  1         CE           01           07           02
                                     F4           48           3B           80
                                     01           00           FF           FA
                                     FB           9B           44           18
                                     00           00           00           00
                                     92           04           89           35
                                     7A           C6           8F           53
                                     8D           03           64
      2026-01-04 23:14:03  1         7C           08           44           17
                                     6F           0A           8C           86
                                     38           15           7C           0A
                                     95           86           00           13
                                     87           0B           10           85
                                     E7           11           97           0A
                                     40           85           A0           0F
                                     9C           0C           11
      2026-01-04 23:15:27  1         BF           0A           F2           85
                                     90           09           65           0F
                                     E3           85           9C           08
                                     97           0F           CA           85
                                     8F           07           D2           0F
                                     E4           85           86           07
                                     6C           0F           BD           85
                                     79           07           0A
      2026-01-04 23:16:09  1         7F           0B           0F           C7
                                     85           71           06           A0
                                     10           6B           85           7A
                                     06           44           10           9A
                                     85           79           05           DC
                                     0F           C0           85           51
                                     05           78           11           39
                                     85           6C           05
      2026-01-04 23:16:51  1         90           0C           19           12
                                     CB           85           96           04
                                     99           12           E5           85
                                     89           04           50           0E
                                     9B           85           02           03
                                     ED           11           B4           85
                                     36           03           85           12
                                     C8           85           3A
      2026-01-04 23:17:33  1         1D           0D           03           20
                                     12           CE           84           7A
                                     02           BD           16           14
                                     84           43           02           5B
                                     17           CB           84           37
                                     01           F6           19           2F
                                     84           2D           01           B4
                                     19           B4           84
      2026-01-04 23:18:15  1         BF           0E           32           01
                                     90           1A           1B           84
                                     34           01           63           1A
                                     52           84           3A           01
                                     2D           1A           97           84
                                     3F           00           F6           1A
                                     9E           84           3D           00
                                     C9           1A           AD
      2026-01-04 23:18:57  1         57           0F           84           3E
                                     00           94           1A           BE
                                     84           3D           00           62
                                     1A           F0           84           39
                                     00           2C           00           06
                                     FF           C5           06           04
                                     2C           4F           61           63
                                     63           FF           FF
      2026-01-04 23:19:42  1         33           01           08           02
                                     F4           48           3B           80
                                     01           00           FF           FA
                                     FA           9B           4C           18
                                     00           00           00           00
                                     92           04           89           35
                                     7A           C6           8F           53
                                     0D           03           64
      2026-01-04 23:20:21  2         DF           02           82           A1
                                     5A           69           01           29
                                     03           00           D9           0A
                                     56           26           FE           00
                                     0B           00           36           0A
                                     42           26           64           0A
                                     74           27           31           26
                                     64           27           C5
      2026-01-04 23:21:03  2         65           03           53           7B
                                     09           0C           0A           55
                                     87           58           27           1F
                                     07           AB           88           06
                                     4E           1E           08           14
                                     88           00           4A           3B
                                     08           A4           88           03
                                     46           55           08
      2026-01-04 23:21:45  2         85           04           FF           87
                                     FE           42           65           09
                                     5E           87           F9           3E
                                     81           09           77           87
                                     E8           3A           98           09
                                     66           87           CB           36
                                     AF           09           BD           87
                                     C9           34           BA
      2026-01-04 23:22:27  2         85           05           09           CF
                                     87           BC           32           C4
                                     09           F3           87           B0
                                     30           D1           09           F8
                                     87           9E           2E           DB
                                     09           F7           87           91
                                     2C           E8           0A           1D
                                     87           81           2A
      2026-01-04 23:23:09  2         C1           06           F9           0A
                                     2A           87           7A           28
                                     FE           0A           48           87
                                     6C           27           13           0A
                                     56           87           4F           25
                                     1A           0A           44           87
                                     2C           23           27           0A
                                     29           87           0B
      2026-01-04 23:23:51  2         F0           07           21           37
                                     0A           07           86           E1
                                     1F           3E           0A           2F
                                     86           BA           1D           49
                                     0A           46           86           96
                                     1B           5A           09           F9
                                     86           6A           19           68
                                     0A           10           86
02602 152382   9 31 B 2 2026-01-05 00:13:08 -47.838  -16.702  0.000 401649607
      2026-01-05 00:11:27  1         57           0F           84           3E
                                     00           94           1A           BE
                                     84           3D           00           62
                                     1A           F0           84           39
                                     00           2C           00           06
                                     FF           C5           06           04
                                     2C           4F           61           63
                                     63           FF           FF
      2026-01-05 00:12:12  1         E2           01           0D           02
                                     F4           48           3B           80
                                     01           00           FF           FA
                                     FA           9B           4C           18
                                     00           00           00           00
                                     92           04           89           35
                                     7A           C6           8F           53
                                     0D           03           64
      2026-01-05 00:12:51  1         DF           02           82           A1
                                     5A           69           01           29
                                     03           00           D9           0A
                                     56           26           FE           00
                                     0B           00           36           0A
                                     42           26           64           0A
                                     74           27           31           26
                                     64           27           C5
      2026-01-05 00:14:15  1         85           04           FF           87
                                     FE           42           65           09
                                     5E           87           F9           3E
                                     81           09           77           87
                                     E8           3A           98           09
                                     66           87           CB           36
                                     AF           09           BD           87
                                     C9           34           BA
      2026-01-05 00:14:57  1         85           05           09           CF
                                     87           BC           3B           C4
                                     09           F3           87           B0
                                     30           D1           09           F8
                                     87           9E           2E           DB
                                     09           F7           87           91
                                     2C           E8           0A           1D
                                     87           81           2A
      2026-01-05 00:16:21  1         F0           07           21           37
                                     0A           07           86           E1
                                     1F           3E           0A           2F
                                     86           BA           1D           49
                                     0A           46           86           96
                                     1B           5A           09           F9
                                     86           6A           19           68
                                     0E           10           86
      2026-01-05 00:19:09  1         7F           0B           0F           C7
                                     85           71           06           A0
                                     10           6B           85           7A
                                     06           44           10           9A
                                     85           79           05           DC
                                     0F           C0           85           51
                                     05           78           11           39
                                     85           6C           05
      2026-01-05 00:21:15  1         BF           0E           32           01
                                     90           1A           1B           84
                                     34           03           62           1A
                                     52           84           1A           51
                                     2D           08           96           C4
                                     1F           12           03           F4
                                     3C           48           6E           41
                                     B2           BD           7B
      2026-01-05 00:21:57  1         57           0F           94           3E
                                     00           94           1A           BE
                                     84           3D           00           62
                                     1A           F0           C4           39
                                     00           2C           00           06
                                     FF           C5           06           04
                                     2C           4F           61           03
                                     63           FF           FF
02602 152382  19 31 3 3 2026-01-05 00:45:03 -47.832  -16.713  0.000 401649606
      2026-01-05 00:40:51  1         90           0C           19           12
                                     CB           85           96           04
                                     99           12           E5           85
                                     89           04           50           0E
                                     9B           85           02           03
                                     ED           11           B4           85
                                     36           03           85           12
                                     C8           85           3A
      2026-01-05 00:41:33  1         1D           0D           03           20
                                     12           CE           84           7A
                                     02           BD           16           14
                                     84           43           02           5B
                                     17           CB           84           37
                                     01           F6           19           2F
                                     84           2D           01           B4
                                     19           B4           84
      2026-01-05 00:42:15  1         BF           0E           32           01
                                     90           1A           1B           84
                                     34           01           63           1A
                                     52           84           3A           01
                                     2D           1A           97           84
                                     3F           00           F6           1A
                                     9E           84           3D           00
                                     C9           1A           AD
      2026-01-05 00:42:57  1         57           0F           84           3E
                                     00           94           1A           BE
                                     84           3D           00           62
                                     1A           F0           84           39
                                     00           2C           00           06
                                     FF           C5           06           04
                                     2C           4F           61           63
                                     63           FF           FF
      2026-01-05 00:43:42  1         A3           01           10           02
                                     F4           48           3B           80
                                     01           00           FF           FA
                                     FA           9B           4C           18
                                     00           00           00           00
                                     92           04           89           35
                                     7A           C6           8F           53
                                     0D           03           64
      2026-01-05 00:44:21  1         DF           02           82           A1
                                     5A           69           01           29
                                     03           00           D9           0A
                                     56           26           FE           00
                                     0B           00           36           0A
                                     42           26           64           0A
                                     74           27           31           26
                                     64           27           C5
      2026-01-05 00:45:03  1         65           03           53           7B
                                     09           0C           0A           55
                                     87           58           27           1F
                                     07           AB           88           06
                                     4E           1E           08           14
                                     88           00           4A           3B
                                     08           A4           88           03
                                     46           55           08
      2026-01-05 00:45:45  1         85           04           FF           87
                                     FE           42           65           09
                                     5E           87           F9           3E
                                     81           09           77           87
                                     E8           3A           98           09
                                     66           87           CB           36
                                     AF           09           BD           87
                                     C9           34           BA
      2026-01-05 00:46:27  1         85           05           09           CF
                                     87           BC           32           C4
                                     09           F3           87           B0
                                     30           D1           09           F8
                                     87           9E           2E           DB
                                     09           F7           87           91
                                     2C           E8           0A           1D
                                     87           81           2A
      2026-01-05 00:47:09  1         C1           06           F9           0A
                                     2A           87           7A           28
                                     FE           0A           48           87
                                     6C           27           13           0A
                                     56           87           4F           25
                                     1A           0A           44           87
                                     2C           23           27           0A
                                     29           87           0B
      2026-01-05 00:47:51  1         F0           07           21           37
                                     0A           07           86           E1
                                     1F           3E           0A           2F
                                     86           BA           1D           49
                                     0A           46           86           96
                                     1B           5A           09           F9
                                     86           6A           19           68
                                     0A           10           86
      2026-01-05 00:48:33  1         7C           08           44           17
                                     6F           0A           8C           86
                                     38           15           7C           0A
                                     95           86           00           13
                                     87           0B           10           85
                                     E7           11           97           0A
                                     40           85           A0           0F
                                     9C           0C           11
      2026-01-05 00:49:15  2         60           09           85           A9
                                     0E           0D           0C           E2
                                     85           A1           0C           E5
                                     0D           74           85           9D
                                     0B           B7           0D           EE
                                     85           9C           0A           F1
                                     0E           8E           85           98
                                     0A           26           0E
      2026-01-05 00:49:57  2         BF           0A           F2           85
                                     90           09           65           0F
                                     E3           85           9C           08
                                     97           0F           CA           85
                                     8F           07           D2           0F
                                     E4           85           86           07
                                     6C           0F           BD           85
                                     79           07           0A
      2026-01-05 00:50:39  2         7F           0B           0F           C7
                                     85           71           06           A0
                                     10           6B           85           7A
                                     06           44           10           9A
                                     85           79           05           DC
                                     0F           C0           85           51
                                     05           78           11           39
                                     85           6C           05
      2026-01-05 00:51:21  1         90           0C           19           12
                                     CB           85           96           04
                                     99           12           E5           85
                                     89           56           A9           5E
                                     B5           2B           52           B4
                                     2D           5A           D6           05
                                     AA           06           D8           1D
                                     5F           44           6C
02602 152382  17 31 C 2 2026-01-05 00:54:51 -47.831  -16.707  0.000 401649608
      2026-01-05 00:50:39  1         7F           0B           0F           C7
                                     85           71           06           A0
                                     10           6B           85           7A
                                     06           44           10           9A
                                     85           79           05           DC
                                     0F           C0           85           51
                                     05           78           11           39
                                     85           6C           05
      2026-01-05 00:51:21  1         90           0C           19           12
                                     CB           85           96           04
                                     99           12           E5           85
                                     89           04           50           0E
                                     9B           85           02           03
                                     ED           11           B4           85
                                     36           03           85           12
                                     C8           85           3A
      2026-01-05 00:52:03  1         1D           0D           03           20
                                     12           CE           84           7A
                                     02           BD           16           14
                                     84           43           02           5B
                                     17           CB           84           37
                                     01           F6           19           2F
                                     84           2D           01           B4
                                     19           B4           84
      2026-01-05 00:52:45  1         BF           0E           32           01
                                     90           1A           1B           84
                                     34           01           63           1A
                                     52           84           3A           01
                                     2D           1A           97           84
                                     3F           00           F6           1A
                                     9E           84           3D           00
                                     C9           1A           AD
      2026-01-05 00:53:27  1         57           0F           84           3E
                                     00           94           1A           BE
                                     84           3D           00           62
                                     1A           F0           84           39
                                     00           2C           00           06
                                     FF           C5           06           04
                                     2C           4F           61           63
                                     63           FF           FF
      2026-01-05 00:54:12  1         3B           01           11           02
                                     F4           48           3B           80
                                     01           00           FF           FA
                                     FA           9B           4C           18
                                     00           00           00           00
                                     92           04           89           35
                                     7A           C6           8F           53
                                     0D           03           64
      2026-01-05 00:55:33  1         C5           03           53           7C
                                     09           0C           0A           55
                                     87           58           27           1F
                                     07           AB           88           06
                                     4E           1E           08           14
                                     88           00           4A           3B
                                     08           A4           88           03
                                     46           55           08
      2026-01-05 00:56:15  1         85           04           FF           87
                                     FE           42           65           09
                                     5E           87           F9           3E
                                     81           09           77           87
                                     E8           3A           98           09
                                     66           87           CB           36
                                     AF           09           BD           87
                                     C9           34           BA
      2026-01-05 00:56:57  1         85           05           09           CF
                                     87           BC           32           C4
                                     09           F3           87           B0
                                     30           91           09           F8
                                     8F           9E           2E           DB
                                     09           F7           87           91
                                     2C           E8           0A           1D
                                     87           81           2A
      2026-01-05 00:57:39  1         C1           06           F9           0A
                                     2A           87           7A           28
                                     FE           0A           48           87
                                     6C           27           13           0A
                                     56           87           4F           25
                                     1A           0A           44           87
                                     2C           23           27           0A
                                     29           87           0B
      2026-01-05 00:58:21  1         F0           07           21           37
                                     0A           07           86           E1
                                     1F           3E           0A           2F
                                     86           BA           1D           49
                                     0A           46           86           96
                                     1B           5A           09           F9
                                     86           6A           19           68
                                     0A           10           86
      2026-01-05 00:59:03  1         7C           08           44           17
                                     6F           0A           8C           86
                                     38           15           7C           0A
                                     95           86           00           13
                                     87           0B           10           85
                                     E7           11           97           0A
                                     40           85           A0           0F
                                     9C           0C           11
      2026-01-05 00:59:45  1         60           09           85           A9
                                     0E           0D           0C           E2
                                     85           A1           0C           E5
                                     0D           74           85           9D
                                     0B           B7           0D           EE
                                     85           9C           0A           F1
                                     0E           8E           85           98
                                     0A           26           0E
      2026-01-05 01:00:27  2         BF           0A           F2           85
                                     90           09           65           0F
                                     E3           85           9C           08
                                     97           0F           CA           85
                                     8F           07           D2           0F
                                     E4           85           86           07
                                     6C           0F           BD           85
                                     79           07           0A
      2026-01-05 01:01:09  1         7F           0B           0F           47
                                     85           71           06           A0
                                     10           6B           85           7A
                                     06           44           10           9A
                                     85           79           05           DC
                                     0F           C0           85           51
                                     05           78           11           39
                                     85           6C           05
      2026-01-05 01:01:51  1         81           C3           F3           02
                                     9F           85           96           04
                                     99           16           E7           85
                                     89           00           50           0E
                                     9B           85           02           03
                                     ED           11           B4           85
                                     34           01           85           12
                                     C8           85           3A
02602 152382  19 31 3 3 2026-01-05 02:25:30 -47.810  -16.731  0.000 401649607
      2026-01-05 02:16:45  1         BF           0E           32           01
                                     90           1A           1B           84
                                     34           01           63           1A
                                     52           84           3A           01
                                     2D           1A           97           84
                                     3F           00           F6           1A
                                     9E           84           3D           20
                                     C9           1A           AD
      2026-01-05 02:18:12  1         53           01           19           02
                                     F4           48           3B           80
                                     01           00           FF           FA
                                     FA           9B           4C           18
                                     00           00           00           00
                                     92           04           89           35
                                     7A           C6           8F           53
                                     0D           03           64
      2026-01-05 02:19:33  1         55           03           53           7A
                                     09           0C           0A           55
                                     87           58           27           1F
                                     07           AB           88           06
                                     4E           1E           08           14
                                     88           00           4A           3B
                                     08           A4           88           03
                                     46           55           08
      2026-01-05 02:20:57  1         85           05           09           CF
                                     87           BC           32           C4
                                     09           F3           87           B0
                                     30           D1           09           F8
                                     87           9E           2E           DB
                                     09           F7           87           91
                                     2C           E8           0A           1D
                                     87           81           2A
      2026-01-05 02:21:39  1         C1           06           F9           0A
                                     2A           87           7A           28
                                     FE           0A           48           87
                                     6C           27           13           0A
                                     56           87           4F           25
                                     1A           0A           44           87
                                     2C           23           27           0A
                                     29           87           0B
      2026-01-05 02:22:21  1         F0           07           21           37
                                     0A           07           86           E1
                                     1F           3E           0A           2F
                                     86           BA           1D           49
                                     0A           46           86           96
                                     1B           5A           09           F9
                                     86           6A           19           68
                                     0A           10           86
      2026-01-05 02:23:03  1         7C           08           44           17
                                     6F           0A           8C           86
                                     38           15           7C           0A
                                     95           86           00           13
                                     87           0B           10           85
                                     E7           11           97           0A
                                     40           85           A0           0F
                                     9C           0C           11
      2026-01-05 02:23:45  1         60           09           85           A9
                                     0E           0D           0C           E2
                                     85           A1           0C           E5
                                     0D           74           85           9D
                                     0B           B7           0D           EE
                                     85           9C           0A           F1
                                     0E           8E           85           98
                                     0A           26           0E
      2026-01-05 02:24:27  1         BF           0A           F2           85
                                     90           09           65           0F
                                     E3           85           9C           08
                                     97           0F           CA           85
                                     8F           07           D2           0F
                                     E4           85           86           07
                                     6C           0F           BD           85
                                     79           07           0A
      2026-01-05 02:25:09  1         7F           0B           0F           C7
                                     85           71           06           A0
                                     10           6B           85           7A
                                     06           44           10           9A
                                     85           79           05           DC
                                     0F           C0           85           51
                                     05           78           11           39
                                     85           6C           05
      2026-01-05 02:25:51  1         90           0C           19           12
                                     CB           85           96           04
                                     99           12           E5           85
                                     89           04           50           0E
                                     9B           85           02           03
                                     ED           11           B4           85
                                     36           03           85           12
                                     C8           85           3A
      2026-01-05 02:26:33  1         1D           0D           03           20
                                     12           CE           84           7A
                                     02           BD           16           14
                                     84           43           02           5B
                                     17           CB           84           37
                                     01           F6           19           2F
                                     84           2D           01           B4
                                     19           B4           84
      2026-01-05 02:27:15  1         BF           0E           32           01
                                     90           1A           1B           84
                                     34           01           63           1A
                                     52           84           3A           01
                                     2D           1A           97           84
                                     3F           00           F6           1A
                                     9E           84           3D           00
                                     C9           1A           AD
      2026-01-05 02:27:57  2         57           0F           84           3E
                                     00           94           1A           BE
                                     84           3D           00           62
                                     1A           F0           84           39
                                     00           2C           00           06
                                     FF           C5           06           04
                                     2C           4F           61           63
                                     63           FF           FF
      2026-01-05 02:28:42  1         FB           01           1A           02
                                     F4           48           3B           80
                                     01           00           FF           FA
                                     FA           9B           4C           18
                                     00           00           00           00
                                     92           04           89           35
                                     7A           C6           8F           53
                                     0D           03           64
      2026-01-05 02:29:21  2         DF           02           82           A1
                                     5A           69           01           29
                                     03           00           D9           0A
                                     56           26           FE           00
                                     0B           00           36           0A
                                     42           26           64           0A
                                     74           27           31           26
                                     64           27           C5
      2026-01-05 02:30:03  1         65           03           53           7B
                                     09           0C           0A           55
                                     C7           C9           40           11
                                     87           4D           63           BB
                                     05           7F           44           0A
                                     44           00           25           1D
                                     84           52           44           01
                                     A3           2A           84
02602 152382  13 31 3 2 2026-01-05 04:01:03 -47.798  -16.754  0.000 401649606
      2026-01-05 03:56:51  1         F0           07           21           37
                                     0A           07           86           E1
                                     1F           3E           0A           2F
                                     86           BA           1D           49
                                     0A           46           86           96
                                     1B           5A           09           F9
                                     86           6A           19           68
                                     0A           10           86
      2026-01-05 03:57:33  1         7C           08           44           17
                                     6F           0A           8C           86
                                     38           15           7C           0A
                                     95           86           00           13
                                     87           0B           10           85
                                     E7           11           97           0A
                                     40           85           A0           0F
                                     9C           0C           11
      2026-01-05 03:58:15  1         60           09           85           A9
                                     0E           0D           0C           E2
                                     85           A1           0C           E5
                                     0D           74           85           9D
                                     0B           B7           0D           EE
                                     85           9C           0A           F1
                                     0E           8E           85           98
                                     0A           26           0E
      2026-01-05 03:58:57  1         BF           0A           F2           85
                                     90           09           65           0F
                                     E3           85           9C           08
                                     97           0F           CA           85
                                     8F           07           D2           0F
                                     E4           85           86           07
                                     6C           0F           BD           85
                                     79           07           0A
      2026-01-05 03:59:39  1         7F           0B           0F           C7
                                     85           71           06           A0
                                     10           6B           85           7A
                                     06           44           10           9A
                                     85           79           05           DC
                                     0F           C0           85           51
                                     05           78           11           39
                                     85           6C           05
      2026-01-05 04:00:21  1         90           0C           19           12
                                     CB           85           96           04
                                     99           12           E5           85
                                     89           04           50           0E
                                     9B           85           02           03
                                     ED           11           B4           85
                                     36           03           85           12
                                     C8           85           3A
      2026-01-05 04:01:03  1         1D           0D           03           20
                                     12           CE           84           7A
                                     02           BD           16           14
                                     84           43           02           5B
                                     17           CB           84           37
                                     01           F6           19           2F
                                     84           2D           01           B4
                                     19           B4           84
      2026-01-05 04:01:45  1         BF           0E           32           01
                                     90           1A           1B           84
                                     34           01           63           1A
                                     52           84           3A           01
                                     2D           1A           97           84
                                     3F           00           F6           1A
                                     9E           84           3D           00
                                     C9           1A           AD
      2026-01-05 04:02:27  1         57           0F           84           3E
                                     00           94           1A           BE
                                     84           3D           00           62
                                     1A           F0           84           39
                                     00           2C           00           06
                                     FF           C5           06           04
                                     2C           4F           61           63
                                     63           FF           FF
      2026-01-05 04:03:12  1         D1           01           23           02
                                     F4           48           3B           80
                                     01           00           FF           FA
                                     FA           9B           4C           18
                                     00           00           00           00
                                     92           04           89           35
                                     7A           C6           8F           53
                                     0D           03           64
      2026-01-05 04:03:51  1         DF           02           82           A1
                                     5A           69           01           29
                                     03           00           D9           0A
                                     56           26           FE           00
                                     0B           00           36           0A
                                     42           26           64           0A
                                     74           27           31           26
                                     64           27           C5
      2026-01-05 04:04:33  1         65           03           53           7B
                                     09           0C           0A           55
                                     87           58           27           1F
                                     07           AB           88           06
                                     4E           1E           08           14
                                     88           00           4A           3B
                                     08           A4           88           03
                                     46           55           08
      2026-01-05 04:05:15  1         85           04           FF           87
                                     FE           42           65           09
                                     5E           87           F9           3E
                                     81           09           77           87
                                     E8           3A           98           09
                                     66           87           CB           36
                                     AF           09           FD           87
                                     C9           34           1A
02602 152382  15 31 R 2 2026-01-05 05:58:42 -47.786  -16.767  0.000 401649607
      2026-01-05 05:58:42  1         D9           01           2E           02
                                     F4           48           3B           80
                                     01           00           FF           FA
                                     FA           9B           4C           18
                                     00           00           00           00
                                     92           04           89           35
                                     7A           C6           8F           53
                                     0D           03           64
      2026-01-05 05:59:21  1         DF           02           82           A1
                                     5A           69           01           29
                                     03           00           D9           0A
                                     56           26           FE           00
                                     0B           00           36           0A
                                     42           26           64           0A
                                     74           27           31           26
                                     64           27           C5
      2026-01-05 06:00:03  1         65           03           53           7B
                                     09           0C           0A           55
                                     87           58           27           1F
                                     07           AB           88           06
                                     4E           1E           08           14
                                     88           00           4A           3B
                                     08           A4           88           03
                                     46           55           08
      2026-01-05 06:00:45  1         85           04           FF           87
                                     FE           42           65           09
                                     5E           87           F9           3E
                                     81           09           77           87
                                     E8           3A           98           09
                                     66           87           CB           36
                                     AF           09           BD           87
                                     C9           34           BA
      2026-01-05 06:01:27  1         85           05           09           CF
                                     87           BC           32           C4
                                     09           F3           87           B0
                                     30           D1           09           F8
                                     87           9E           2E           DB
                                     09           F7           87           91
                                     2C           E8           0A           1D
                                     87           81           2A
      2026-01-05 06:02:09  1         C1           06           F9           0A
                                     2A           87           7A           28
                                     FE           02           48           8D
                                     4C           37           13           0A
                                     56           87           4F           25
                                     1A           0A           08           97
                                     2C           23           27           2A
                                     2C           97           0B
      2026-01-05 06:02:51  1         F0           07           21           37
                                     0A           07           86           E1
                                     1F           3E           0A           2F
                                     86           BA           1D           49
                                     0A           46           86           96
                                     1B           5A           09           F9
                                     86           6A           19           68
                                     0A           10           86
      2026-01-05 06:03:33  1         7C           08           44           17
                                     6F           0A           8C           86
                                     38           15           7C           0A
                                     95           86           00           13
                                     87           0B           10           85
                                     E7           11           97           0A
                                     40           85           A0           0F
                                     9C           0C           11
      2026-01-05 06:04:15  1         60           09           85           A9
                                     0E           0D           0C           E2
                                     85           A1           0C           E5
                                     0D           74           85           9D
                                     0B           B7           0D           EE
                                     85           9C           0A           F1
                                     0E           8E           85           98
                                     0A           26           0E
      2026-01-05 06:04:57  1         BF           0A           F2           85
                                     90           09           65           0F
                                     E3           85           9C           08
                                     97           0F           CA           85
                                     8F           07           D2           0F
                                     E4           85           86           07
                                     6C           0F           BD           85
                                     79           07           0A
      2026-01-05 06:05:39  1         7F           0B           0F           C7
                                     85           71           06           A0
                                     10           6B           85           7A
                                     06           44           10           9A
                                     85           79           05           DC
                                     0F           C0           85           51
                                     05           78           11           39
                                     85           6C           05
      2026-01-05 06:06:21  1         90           0C           19           12
                                     CB           85           96           04
                                     99           12           E5           85
                                     89           04           50           0E
                                     9B           85           02           03
                                     ED           11           B4           85
                                     36           03           85           12
                                     C8           85           3A
      2026-01-05 06:07:03  1         1D           0D           03           20
                                     12           CE           84           7A
                                     02           BD           16           14
                                     84           43           02           5B
                                     17           CB           84           37
                                     01           F6           19           2F
                                     84           2D           01           B4
                                     19           B4           80
      2026-01-05 06:07:45  1         BF           0E           32           01
                                     90           1A           1B           84
                                     34           01           63           1A
                                     52           84           3A           01
                                     2D           1A           97           84
                                     3F           00           F6           1A
                                     9E           84           3D           00
                                     C9           1A           AD
      2026-01-05 06:08:27  1         57           0F           84           3E
                                     00           94           1A           BE
                                     84           3D           00           62
                                     1A           F0           84           39
                                     00           2C           00           06
                                     FF           C5           06           04
                                     2C           4F           61           63
                                     63           FF           FF
02602 152390   5 31 R
      2026-01-11 17:32:16  1         CF           02           AC           A4
                                     63           69           01           02
                                     00           00           D8           8C
                                     96           07           3C           10
                                     14           18           61           0C
                                     6A           06           DC           0C
                                     D1           07           84           26
                                     DC           27           91
      2026-01-11 17:33:00  1         88           03           53           60
                                     08           D6           0C           9B
                                     86           12           27           3C
                                     0B           BE           88           15
                                     4E           24           0B           D2
                                     87           FC           4A           37
                                     0B           B4           87           CD
                                     46           4D           0B
      2026-01-11 17:33:46  1         7A           04           7D           87
                                     9D           42           62           0B
                                     61           87           68           3E
                                     7F           0B           5D           87
                                     34           3A           99           0B
                                     4B           86           EF           36
                                     B3           4B           8F           82
                                     4F           34           BC
      2026-01-11 17:34:32  1         CA           25           0B           4D
                                     86           AC           32           C8
                                     0B           9F           86           8C
                                     30           D3           0B           DF
                                     86           6F           2E           DD
                                     0C           1E           86           58
                                     2C           F0           0C           53
                                     06           41           2A
      2026-01-11 17:35:18  1         D9           06           FC           0C
                                     7A           86           1A           28
                                     FC           0C           D0           85
                                     FB           27           11           0D
                                     5D           85           EE           25
                                     20           0D           FF           85
                                     DE           23           20           0E
                                     7F           84           57
02602 152390  17 31 R 3 2026-01-11 19:12:07 -40.280  -39.708  0.000 401649939
      2026-01-11 19:08:04  1         12           07           21           34
                                     0F           62           85           D0
                                     1F           43           0F           DD
                                     85           C6           1D           4E
                                     10           AE           85           C4
                                     1B           5A           11           E3
                                     85           CA           19           66
                                     12           7B           85
      2026-01-11 19:08:50  1         DC           08           C6           17
                                     70           13           83           85
                                     CF           15           80           15
                                     FB           86           0F           13
                                     84           19           55           86
                                     61           11           91           1C
                                     2B           86           9E           0F
                                     9D           20           30
      2026-01-11 19:09:36  1         D4           09           87           0D
                                     0E           14           24           0F
                                     87           8C           0C           E6
                                     27           08           87           FF
                                     0B           B7           2A           19
                                     88           83           0A           F1
                                     2C           96           88           E7
                                     0A           2D           2E
      2026-01-11 19:10:22  1         7F           0A           8E           89
                                     36           09           5B           30
                                     43           89           74           08
                                     97           32           2D           89
                                     BC           07           CE           33
                                     B2           8A           05           07
                                     70           34           F0           8A
                                     40           07           09
      2026-01-11 19:11:08  1         B5           0B           36           05
                                     8A           76           06           A3
                                     37           09           8A           9F
                                     06           3C           38           DC
                                     8A           FA           05           E1
                                     39           E6           8B           32
                                     05           7B           3B           99
                                     8B           88           05
      2026-01-11 19:11:54  1         6A           0C           13           3C
                                     89           8B           C1           04
                                     AF           3C           DA           8B
                                     C8           04           4B           3B
                                     69           8B           10           03
                                     E8           3A           AD           8A
                                     86           03           8A           3F
                                     85           8A           8E
      2026-01-11 19:12:40  1         C6           0D           03           26
                                     42           A5           8A           96
                                     02           B2           42           FB
                                     8A           9C           02           5A
                                     43           12           8A           97
                                     01           F1           43           1B
                                     8A           96           01           C7
                                     43           2F           8A
      2026-01-11 19:13:26  1         CC           0E           8E           01
                                     8E           43           39           8A
                                     8C           01           5E           43
                                     48           8A           87           01
                                     2F           43           67           8A
                                     81           00           F9           44
                                     62           8A           8A           00
                                     CB           44           7A
      2026-01-11 19:14:12  1         D0           0F           8A           8D
                                     00           9B           44           AB
                                     8A           90           00           66
                                     44           E9           8A           92
                                     00           2E           00           06
                                     FF           9D           06           03
                                     26           49           5E           63
                                     64           FF           FF
      2026-01-11 19:15:44  1         CF           02           AC           A4
                                     63           69           01           02
                                     00           00           D8           0C
                                     96           27           3C           00
                                     14           00           21           0C
                                     6B           94           DC           0C
                                     D1           27           84           26
                                     DC           27           91
      2026-01-11 19:16:30  1         AB           03           53           7A
                                     08           D6           0C           9B
                                     86           12           27           3C
                                     0B           BE           88           15
                                     4E           24           0B           D2
                                     87           FC           4A           37
                                     0B           B4           87           CD
                                     46           4D           0B
      2026-01-11 19:17:16  2         7A           04           7D           87
                                     9D           42           62           0B
                                     61           87           68           3E
                                     7F           0B           5D           87
                                     34           3A           99           0B
                                     4B           86           EF           36
                                     B3           0B           8F           86
                                     CF           34           BC
      2026-01-11 19:18:02  2         CA           05           0B           8D
                                     86           AC           32           C8
                                     0B           9F           86           8C
                                     30           D3           0B           DF
                                     86           6F           2E           DD
                                     0C           1E           86           58
                                     2C           F0           0C           53
                                     86           40           2A
      2026-01-11 19:18:48  2         D9           06           FC           0C
                                     7A           86           1A           28
                                     FC           0C           D0           85
                                     FB           27           11           0D
                                     5D           85           ED           25
                                     20           0D           EF           85
                                     DE           23           22           0E
                                     7E           85           D7
02602 152390  17 31 R 3 2026-01-11 20:50:48 -40.289  -39.733  0.000 401649935
      2026-01-11 20:46:12  1         D0           0F           8A           8D
                                     00           9B           44           AB
                                     8A           90           00           66
                                     44           E9           8A           92
                                     00           2E           00           06
                                     FF           9D           06           03
                                     26           49           5E           63
                                     64           FF           FF
      2026-01-11 20:47:01  1         59           01           12           03
                                     03           46           3B           80
                                     01           00           FF           F9
                                     FC           93           53           1A
                                     00           00           00           00
                                     91           06           88           38
                                     79           BE           8F           45
                                     0C           03           21
      2026-01-11 20:47:44  1         CF           02           AC           A4
                                     63           69           01           02
                                     00           00           D8           0C
                                     96           27           3C           00
                                     14           00           21           0C
                                     6A           26           DC           0C
                                     D1           27           84           26
                                     DC           27           91
      2026-01-11 20:48:30  1         FA           03           53           79
                                     08           D6           0C           9B
                                     86           12           27           3C
                                     0B           BE           88           15
                                     4E           24           0B           D2
                                     87           FC           4A           37
                                     0B           B4           87           CD
                                     46           4D           0B
      2026-01-11 20:49:16  1         7A           04           7D           87
                                     9D           42           62           0B
                                     61           87           68           3E
                                     7F           0B           5D           87
                                     34           3A           99           0B
                                     4B           86           EF           36
                                     B3           0B           8F           86
                                     CF           34           BC
      2026-01-11 20:50:02  1         CA           05           0B           8D
                                     86           AC           32           C8
                                     0B           9F           86           8C
                                     30           D3           0B           DF
                                     86           6F           2E           DD
                                     0C           1E           86           58
                                     2C           F0           0C           53
                                     86           40           2A
      2026-01-11 20:50:48  1         D9           06           FC           0C
                                     7A           86           1A           28
                                     FC           0C           D0           85
                                     FB           27           11           0D
                                     5D           85           ED           25
                                     20           0D           EF           85
                                     DE           23           22           0E
                                     7E           85           D3
      2026-01-11 20:51:34  1         12           07           21           34
                                     0F           62           85           D0
                                     1F           43           0F           DD
                                     85           C6           1D           4E
                                     10           AE           85           C4
                                     1B           5A           11           E3
                                     85           CA           19           66
                                     12           7B           85
      2026-01-11 20:52:20  1         DC           08           C6           17
                                     70           13           83           85
                                     CF           15           80           15
                                     FB           86           0F           13
                                     84           19           55           86
                                     61           11           91           1C
                                     2B           86           9E           0F
                                     9D           20           30
      2026-01-11 20:53:06  1         D4           09           87           0D
                                     0E           14           24           0F
                                     87           8C           0C           E6
                                     27           08           87           FF
                                     0B           B7           2A           19
                                     88           83           0A           F1
                                     2C           96           88           E7
                                     0A           2D           2E
      2026-01-11 20:53:52  1         7F           0A           8E           89
                                     36           09           5B           30
                                     43           89           74           08
                                     97           32           2D           89
                                     BC           07           CE           33
                                     B2           8A           05           07
                                     70           34           F0           8A
                                     40           07           09
      2026-01-11 20:54:38  1         B5           0B           36           05
                                     8A           76           06           A3
                                     37           09           8A           9F
                                     06           3C           38           DC
                                     8A           FA           05           E1
                                     39           E6           8B           32
                                     05           7B           3B           99
                                     8B           88           05
      2026-01-11 20:55:24  1         6A           0C           13           3C
                                     89           8B           C1           04
                                     AF           3C           DA           8B
                                     C8           04           4B           3B
                                     69           8B           10           03
                                     E8           3A           AD           8A
                                     86           03           8A           3F
                                     85           8A           8E
      2026-01-11 20:56:10  2         C6           0D           03           26
                                     42           A5           8A           96
                                     02           B2           42           FB
                                     8A           9C           02           5A
                                     43           12           8A           97
                                     01           F1           43           1B
                                     8A           96           01           C7
                                     43           2F           8A
      2026-01-11 20:56:56  2         CC           0E           8E           01
                                     8E           43           39           8A
                                     8C           01           5E           43
                                     48           8A           87           01
                                     2F           43           67           8A
                                     81           00           F9           44
                                     62           8A           8A           00
                                     CB           44           7A
02602 152390   7 31 C 2 2026-01-11 22:33:32 -40.295  -39.749  0.000 401649933
      2026-01-11 22:30:31  1         E6           01           1B           03
                                     03           46           3B           80
                                     01           00           FF           F9
                                     FA           93           53           1A
                                     00           00           00           00
                                     91           06           88           38
                                     79           BE           8F           45
                                     0C           03           21
      2026-01-11 22:31:14  1         CF           02           AC           A4
                                     63           69           01           02
                                     00           00           D8           0C
                                     96           27           3C           00
                                     14           00           21           0C
                                     6A           26           DC           0C
                                     D1           27           84           26
                                     DC           27           91
      2026-01-11 22:32:00  1         AB           03           53           7A
                                     08           D6           0C           9B
                                     86           12           27           3C
                                     0B           BE           88           15
                                     4E           24           0B           D2
                                     87           FC           4A           37
                                     0B           B4           87           CD
                                     46           4D           0B
      2026-01-11 22:32:46  1         7A           04           7D           87
                                     9D           42           62           0B
                                     61           87           68           3E
                                     7F           0B           5D           87
                                     34           3A           99           0B
                                     4B           86           EF           36
                                     B3           0B           8F           86
                                     CF           34           BC
      2026-01-11 22:34:18  1         D9           06           FC           0C
                                     7A           86           1A           28
                                     FC           0D           D0           85
                                     FB           27           11           0D
                                     5D           85           ED           25
                                     20           0D           EF           85
                                     DE           23           22           0E
                                     7E           85           D7
      2026-01-11 22:36:36  1         D4           09           87           0D
                                     0E           14           24           0F
                                     87           8C           0C           E6
                                     27           08           87           FF
                                     0B           B7           2A           19
                                     88           83           0A           F1
                                     2C           96           88           E7
                                     0A           2D           2E
      2026-01-11 22:37:22  1         7F           0A           8E           89
                                     36           09           5B           30
                                     43           89           74           08
                                     97           32           2D           89
                                     BC           07           CE           33
                                     B2           8A           05           07
                                     70           34           F0           8A
                                     40           07           09
02602 152390  15 31 B 3 2026-01-11 23:29:30 -40.305  -39.766  0.000 401649934
      2026-01-11 23:29:30  1         CA           03           53           78
                                     08           D6           0C           9B
                                     86           12           27           3C
                                     0B           BE           88           15
                                     4E           24           0B           D2
                                     87           FC           4A           37
                                     0B           B4           87           CD
                                     46           4D           0B
      2026-01-11 23:30:16  1         7A           04           7D           87
                                     9D           42           62           0B
                                     61           87           68           3E
                                     7F           0B           5D           87
                                     34           3A           99           0B
                                     4B           86           EF           36
                                     B3           0B           8F           86
                                     CF           34           BC
      2026-01-11 23:31:48  1         D9           06           FC           0C
                                     7A           86           1A           28
                                     FC           0C           D0           85
                                     FB           27           11           0D
                                     5D           85           ED           25
                                     20           0D           EF           85
                                     DE           23           22           0E
                                     7E           85           D7
      2026-01-11 23:32:34  1         12           07           21           34
                                     0F           62           85           D0
                                     1F           43           0F           DD
                                     85           C6           1D           4E
                                     10           AE           85           C4
                                     1B           5A           11           E3
                                     85           CA           19           66
                                     12           7B           84
      2026-01-11 23:33:20  1         DC           08           C6           17
                                     70           13           83           85
                                     CF           15           80           15
                                     FB           86           0F           99
                                     80           19           57           86
                                     61           11           91           1C
                                     2B           86           9E           0F
                                     9D           20           30
      2026-01-11 23:34:06  1         D4           09           87           0D
                                     0E           14           24           0F
                                     87           8C           0C           E6
                                     27           08           87           FF
                                     0B           B7           2A           19
                                     88           83           08           F1
                                     28           93           28           FF
                                     4A           2D           2E
      2026-01-11 23:35:38  1         B5           0B           36           05
                                     8A           76           06           A3
                                     37           09           8A           9F
                                     06           3C           38           DC
                                     8A           FA           05           E1
                                     39           E6           8B           32
                                     05           7B           3B           99
                                     8B           88           05
      2026-01-11 23:36:24  1         6A           0C           13           3C
                                     89           8B           C1           04
                                     AF           3C           DA           8B
                                     C8           04           4B           3B
                                     69           8B           10           03
                                     E8           3A           AD           8A
                                     86           03           8A           3F
                                     85           8A           8E
      2026-01-11 23:37:10  1         C6           0D           03           26
                                     42           A5           8A           96
                                     02           B2           42           FB
                                     8A           9C           02           FF
                                     C7           FA           C0           DF
                                     99           F1           43           13
                                     8E           16           11           E7
                                     42           2E           A2
      2026-01-11 23:37:56  1         CC           0E           8E           01
                                     8E           43           39           8A
                                     8C           01           5E           43
                                     48           8A           87           01
                                     2F           43           67           8A
                                     81           00           6B           6D
                                     D4           B2           8A           00
                                     CB           44           7A
      2026-01-11 23:38:42  1         D0           0F           8A           8D
                                     00           9B           44           AB
                                     8A           90           00           66
                                     44           E9           8A           92
                                     00           2E           00           06
                                     FF           9D           06           03
                                     26           49           5E           63
                                     64           FF           FF
      2026-01-11 23:39:31  1         10           01           21           03
                                     03           46           3B           80
                                     01           00           FF           F9
                                     FB           93           53           1A
                                     00           00           00           00
                                     91           06           88           38
                                     79           BE           8F           45
                                     0C           03           21
      2026-01-11 23:40:14  1         CF           02           AC           A4
                                     63           69           01           02
                                     00           00           D8           0C
                                     96           27           3C           00
                                     14           00           21           0C
                                     6A           26           DC           0C
                                     D1           27           84           26
                                     DC           27           91
      2026-01-11 23:41:00  1         FA           03           53           79
                                     08           D6           0C           9B
                                     86           12           27           3C
                                     0B           BE           88           15
                                     4E           24           0B           D2
                                     87           FC           4A           37
                                     0B           B4           87           CD
                                     46           4D           0B
      2026-01-11 23:41:46  1         7A           04           7D           87
                                     9D           42           62           0B
                                     61           87           68           3E
                                     7F           0B           7D           87
                                     34           3A           99           0B
                                     4B           86           EF           36
                                     B3           0B           8F           82
                                     CF           24           BC
02602 152390  20 31 C 3 2026-01-12 00:22:24 -40.307  -39.770  0.000 401649934
      2026-01-12 00:11:40  1         C6           0D           03           26
                                     42           A5           8A           96
                                     02           B2           42           FB
                                     8A           9C           02           5A
                                     43           12           8A           97
                                     01           F1           43           1B
                                     8A           96           01           C7
                                     43           2F           82
      2026-01-12 00:12:26  1         CC           0E           8E           01
                                     8E           43           39           8A
                                     8C           01           5E           43
                                     48           8A           87           01
                                     2F           43           67           8A
                                     81           00           F9           44
                                     62           8A           8A           00
                                     CB           44           7A
      2026-01-12 00:13:12  1         D0           0F           8A           8D
                                     00           9B           44           AB
                                     8A           90           00           66
                                     44           E9           8A           92
                                     00           2E           00           06
                                     FF           9D           06           03
                                     26           49           5E           63
                                     64           FF           FF
      2026-01-12 00:14:01  1         04           01           24           03
                                     03           46           3B           80
                                     01           00           FF           F9
                                     FA           93           53           1A
                                     00           00           00           00
                                     91           06           88           38
                                     79           BE           8F           45
                                     0C           03           21
      2026-01-12 00:14:44  1         CF           02           AC           A4
                                     63           69           01           02
                                     00           00           D8           0C
                                     96           27           3C           00
                                     14           00           21           0C
                                     6A           26           DC           0C
                                     D1           27           84           26
                                     DC           27           91
      2026-01-12 00:15:30  1         FA           03           53           79
                                     08           D6           0C           9B
                                     86           12           27           3C
                                     0B           BE           88           15
                                     4E           24           0B           D2
                                     87           FC           4A           37
                                     0B           B4           87           CD
                                     46           4D           0B
      2026-01-12 00:16:16  1         7A           04           7D           87
                                     9D           42           62           0B
                                     61           87           68           3E
                                     7F           0B           5D           87
                                     34           3A           99           0B
                                     4B           86           EF           36
                                     B3           0B           8F           86
                                     CF           34           BC
      2026-01-12 00:17:02  1         CA           05           0B           8D
                                     86           AC           32           C8
                                     0B           9F           86           8C
                                     30           D3           0B           DF
                                     86           6F           2E           DD
                                     0C           1E           86           58
                                     2C           F0           0C           53
                                     86           40           2A
      2026-01-12 00:17:48  1         D9           06           FC           0C
                                     7A           86           1A           28
                                     FC           0C           D0           85
                                     FB           27           11           0D
                                     5D           85           ED           25
                                     20           0D           EF           85
                                     DE           23           22           0E
                                     7E           85           D7
      2026-01-12 00:18:34  1         12           07           21           34
                                     0F           62           85           D0
                                     1F           43           0F           DD
                                     85           C6           1D           4E
                                     10           AE           85           C4
                                     1B           5A           11           E3
                                     85           CA           19           66
                                     12           7B           85
      2026-01-12 00:19:20  2         DC           08           C6           17
                                     70           13           83           85
                                     CF           15           80           15
                                     FB           86           0F           13
                                     84           19           55           86
                                     61           11           91           1C
                                     2B           86           9E           0F
                                     9D           20           30
      2026-01-12 00:20:06  2         D4           09           87           0D
                                     0E           14           24           0F
                                     87           8C           0C           E6
                                     27           08           87           FF
                                     0B           B7           2A           19
                                     88           83           0A           F1
                                     2C           96           88           E7
                                     0A           2D           2E
      2026-01-12 00:20:52  2         7F           0A           8E           89
                                     36           09           5B           30
                                     43           89           74           08
                                     97           32           2D           89
                                     BC           07           CE           33
                                     B2           8A           05           07
                                     70           34           F0           8A
                                     40           07           09
      2026-01-12 00:21:38  2         B5           0B           36           05
                                     8A           76           06           A3
                                     37           09           8A           9F
                                     06           3C           38           DC
                                     8A           FA           05           E1
                                     39           E6           8B           32
                                     05           7B           3B           99
                                     8B           88           05
      2026-01-12 00:22:24  2         6A           0C           13           3C
                                     89           8B           C1           04
                                     AF           3C           DA           8B
                                     C8           04           4B           3B
                                     69           8B           10           03
                                     E8           3A           AD           8A
                                     86           03           8A           3F
                                     85           8A           8E
02602 152390   5 31 B 1 2026-01-12 01:12:15 -40.311  -39.772  0.000 401649935
      2026-01-12 01:11:31  1         0C           01           29           03
                                     03           46           3B           80
                                     01           00           FF           F9
                                     FA           93           53           1A
                                     00           00           00           00
                                     91           06           88           38
                                     79           BE           8F           45
                                     0C           03           21
      2026-01-12 01:12:14  1         CF           02           AC           A4
                                     63           69           01           02
                                     00           00           D8           0C
                                     96           27           3C           00
                                     14           00           21           0C
                                     6A           26           DC           0C
                                     D1           27           84           26
                                     DC           27           91
      2026-01-12 01:13:00  1         CA           03           53           78
                                     08           D6           0C           9B
                                     86           12           27           3C
                                     0B           BE           88           15
                                     4E           24           4B           B2
                                     87           FC           4A           37
                                     0B           B4           87           CD
                                     46           4D           0B
      2026-01-12 01:18:22  1         7E           0A           8E           59
                                     B6           10           57           6A
                                     26           F0           02           AC
                                     88           D4           34           FC
                                     21           BF           2F           D8
                                     E2           EA           5E           2E
                                     E0           69           E1           04
                                     83           8E           1B
      2026-01-12 01:19:54  1         6A           0C           13           3C
                                     89           8B           C1           04
                                     AF           3C           DA           8B
                                     C8           04           4B           3B
                                     69           8B           10           03
                                     E8           3A           AD           8A
                                     86           03           8A           3F
                                     85           8A           8E
02602 152390  18 31 C 2 2026-01-12 01:54:01 -40.307  -39.785  0.000 401649933
      2026-01-12 01:49:48  1         D9           06           FC           0C
                                     7A           86           1A           28
                                     FC           0C           D0           85
                                     FB           27           11           0D
                                     5D           85           ED           25
                                     20           0D           EF           85
                                     DE           23           22           0E
                                     7E           85           D7
      2026-01-12 01:50:34  1         12           07           21           34
                                     0F           62           85           D0
                                     1F           43           0F           DD
                                     85           C6           1D           4E
                                     10           AE           85           C4
                                     1B           5A           11           E3
                                     85           CA           19           66
                                     12           7B           85
      2026-01-12 01:51:20  1         DC           08           C6           17
                                     70           13           83           85
                                     CF           15           80           15
                                     FB           86           0F           13
                                     84           19           55           86
                                     61           11           91           1C
                                     2B           86           9E           0F
                                     9D           20           30
      2026-01-12 01:52:06  1         D4           09           87           0D
                                     0E           14           24           0F
                                     87           8C           0C           E6
                                     27           08           87           FF
                                     0B           B7           2A           19
                                     88           83           0A           F1
                                     2C           96           88           E7
                                     0A           2D           2E
      2026-01-12 01:52:52  1         7F           0A           8E           89
                                     36           09           5B           30
                                     43           89           74           08
                                     97           32           2D           89
                                     BC           07           CE           33
                                     B2           8A           05           07
                                     70           34           F0           8A
                                     40           07           09
      2026-01-12 01:53:38  1         B5           0B           36           05
                                     8A           76           0E           A3
                                     B7           09           8A           9F
                                     06           3C           38           DC
                                     8A           FA           05           E1
                                     39           E6           8B           32
                                     05           7B           3B           99
                                     8B           88           05
      2026-01-12 01:54:24  1         6A           0C           13           3C
                                     89           8B           C1           04
                                     AF           3C           DA           8B
                                     C8           04           4B           3B
                                     69           8B           10           03
                                     E8           3A           AD           8A
                                     86           03           8A           3F
                                     85           8A           8E
      2026-01-12 01:55:10  1         C6           0D           03           26
                                     42           A5           8A           96
                                     02           B2           42           FB
                                     8A           9C           02           5A
                                     43           12           8A           97
                                     01           F1           43           1B
                                     8A           96           01           C7
                                     43           2F           8A
      2026-01-12 01:55:56  1         CC           0E           8E           01
                                     8E           43           39           8A
                                     8C           01           5E           43
                                     48           8A           87           01
                                     2F           43           67           8A
                                     81           00           F9           44
                                     62           8A           8A           00
                                     CB           44           7A
      2026-01-12 01:56:42  1         D0           0F           8A           8D
                                     00           9B           44           AB
                                     8A           90           00           66
                                     44           E9           8A           92
                                     00           2E           00           06
                                     FF           9D           06           03
                                     26           49           5E           63
                                     64           FF           FF
      2026-01-12 01:57:31  1         80           01           2D           03
                                     03           46           3B           80
                                     01           00           FF           F9
                                     FB           93           53           1A
                                     00           00           00           00
                                     91           06           88           38
                                     79           BE           8F           45
                                     0C           23           31
      2026-01-12 01:58:14  1         CF           02           AC           A4
                                     63           69           01           02
                                     00           00           D8           0C
                                     96           27           3C           00
                                     14           00           21           0C
                                     6A           26           DC           0C
                                     D1           27           84           26
                                     DC           27           91
      2026-01-12 01:59:00  1         FA           03           53           79
                                     08           D6           0C           9B
                                     86           12           27           3C
                                     0B           BE           88           15
                                     4E           24           0B           D2
                                     87           FC           4A           37
                                     0B           B4           87           CD
                                     46           4D           0B
      2026-01-12 01:59:46  2         7A           04           7D           87
                                     9D           42           62           0B
                                     61           87           68           3E
                                     7F           0B           5D           87
                                     34           3A           99           0B
                                     4B           86           EF           36
                                     B3           0B           8F           86
                                     CF           34           BC
      2026-01-12 02:00:32  2         CA           05           0B           8D
                                     86           AC           32           C8
                                     0B           9F           86           8C
                                     30           D3           0B           DF
                                     86           6F           2E           DD
                                     0C           1E           86           58
                                     2C           F0           0C           53
                                     86           40           2A
      2026-01-12 02:01:18  1         D9           06           FC           0C
                                     7A           86           1A           28
                                     FC           0C           D0           85
                                     FB           27           11           0D
                                     5D           85           ED           25
                                     20           0D           EF           85
                                     DE           03           22           0E
                                     7E           85           D7
02602 152390  17 31 3 3 2026-01-12 02:03:36 -40.308  -39.782  0.000 401649934
      2026-01-12 01:57:31  1         80           01           2D           03
                                     03           46           3B           80
                                     01           00           FF           F9
                                     FB           93           53           1A
                                     00           00           00           00
                                     91           06           88           38
                                     79           BE           8F           45
                                     8C           03           21
      2026-01-12 01:59:00  1         FA           03           53           79
                                     08           D6           0C           9B
                                     86           12           27           3C
                                     0B           BE           88           15
                                     4E           24           0B           D2
                                     87           FC           4A           37
                                     0B           B4           87           CD
                                     46           4D           0B
      2026-01-12 01:59:46  1         7A           04           7D           87
                                     9D           42           62           0B
                                     61           87           68           3E
                                     7F           0B           5D           87
                                     34           3A           99           0B
                                     4B           86           EF           36
                                     B3           0B           8F           86
                                     CF           34           BC
      2026-01-12 02:00:32  1         CA           05           0B           8D
                                     86           AC           32           C8
                                     0B           9F           86           8C
                                     30           D3           0B           DF
                                     86           6F           2E           DD
                                     0C           1E           86           58
                                     2C           F0           0C           53
                                     86           40           2A
      2026-01-12 02:01:18  1         D9           06           FC           0C
                                     7A           86           1A           28
                                     FC           0C           D0           85
                                     FB           27           11           0D
                                     5D           85           ED           25
                                     20           0D           EF           85
                                     5C           47           C3           CC
                                     5F           84           D7
      2026-01-12 02:02:04  1         12           07           21           34
                                     0F           62           85           D0
                                     1F           43           0F           DD
                                     85           C6           1D           4E
                                     10           AE           85           C4
                                     1B           5A           11           E3
                                     85           CA           19           66
                                     12           7B           85
      2026-01-12 02:02:50  1         DC           08           C6           17
                                     70           13           83           85
                                     CF           15           80           15
                                     FB           86           0F           13
                                     84           19           55           86
                                     61           11           91           1C
                                     2B           86           9E           0F
                                     9D           20           30
      2026-01-12 02:03:36  1         D4           09           87           0D
                                     0E           14           24           0F
                                     87           8C           0C           E6
                                     27           08           87           FF
                                     0B           B7           2A           19
                                     88           83           0A           F1
                                     2C           96           88           E7
                                     0A           2D           2E
      2026-01-12 02:04:22  1         7F           0A           8E           89
                                     36           09           5B           30
                                     43           89           74           08
                                     D7           90           6D           8C
                                     BC           07           CE           33
                                     B2           8A           05           07
                                     70           34           F0           8A
                                     40           07           09
      2026-01-12 02:05:08  1         B5           0B           36           05
                                     8A           76           06           A3
                                     37           09           8A           9F
                                     06           3C           38           DC
                                     8A           FA           05           E1
                                     39           E6           8B           32
                                     05           7B           3B           99
                                     8B           88           05
      2026-01-12 02:05:54  1         6A           0C           13           3C
                                     89           8B           C1           04
                                     AF           3C           DA           8B
                                     C8           04           4B           3B
                                     69           8B           10           03
                                     E8           3A           AD           8A
                                     86           03           8A           3F
                                     85           8A           8E
      2026-01-12 02:06:40  1         C6           0D           03           26
                                     42           A5           8A           96
                                     02           B2           42           FB
                                     8A           9C           02           5A
                                     43           12           8A           97
                                     01           F1           43           1B
                                     8A           96           01           C7
                                     43           2F           8A
      2026-01-12 02:07:26  1         CC           0E           8E           01
                                     8E           43           39           8A
                                     8C           01           5E           43
                                     48           8A           87           01
                                     2F           43           67           8A
                                     81           00           F9           44
                                     62           8A           8A           00
                                     CB           44           7A
      2026-01-12 02:08:12  1         D0           0F           8A           8D
                                     00           9B           44           AB
                                     8A           90           00           66
                                     44           E9           8A           92
                                     00           2E           00           06
                                     FF           9D           06           03
                                     26           49           5E           63
                                     64           FF           FF
      2026-01-12 02:09:01  1         13           01           2E           03
                                     03           46           3B           80
                                     01           00           FF           F9
                                     FC           93           53           1A
                                     00           00           00           00
                                     91           06           88           38
                                     79           BE           8F           45
                                     0C           03           21
      2026-01-12 02:09:44  2         CF           02           AC           A4
                                     63           69           01           02
                                     00           00           D8           0C
                                     96           27           3C           00
                                     14           00           21           0C
                                     6A           26           DC           0C
                                     D1           27           84           26
                                     DC           27           91
02602 152393   8 31 R
      2026-01-04 19:30:54  1         6B           09           89           14
                                     0C           E0           2F           0E
                                     89           35           0B           BB
                                     2F           15           89           11
                                     0A           EE           30           81
                                     89           23           0A           2C
                                     32           42           89           7C
                                     09           64           32
      2026-01-04 19:31:40  1         E2           0A           DB           89
                                     79           08           9A           33
                                     6C           89           79           07
                                     D2           34           C2           89
                                     B4           07           6E           35
                                     81           89           DF           07
                                     0A           36           89           8A
                                     11           06           A6
      2026-01-04 19:32:26  1         7D           0B           36           BF
                                     8A           20           06           40
                                     36           D2           8A           25
                                     05           DD           36           CD
                                     8A           23           05           7C
                                     36           C6           8A           20
                                     05           0E           36           C8
                                     8A           20           04
      2026-01-04 19:33:12  1         17           0C           A9           36
                                     D9           8A           20           04
                                     4B           36           E6           8A
                                     1D           03           E7           37
                                     1D           8A           1D           03
                                     82           37           78           8A
                                     13           03           26           38
                                     1B           8A           19
      2026-01-04 19:33:58  1         00           0D           02           BF
                                     BC           5C           89           B8
                                     02           5C           40           F7
                                     8A           76           03           F8
                                     E6           66           9C           49
                                     45           FC           D9           6C
                                     E3           07           47           D1
                                     1A           08           1D
      2026-01-04 19:34:44  1         E1           0E           4C           01
                                     60           46           C6           8A
                                     48           01           2C           47
                                     F6           8A           15           00
                                     EA           49           9A           89
                                     BD           00           C4           4A
                                     71           89           AA           00
                                     9C           4A           8F
      2026-01-04 19:35:30  1         A2           0F           89           AC
                                     00           67           4A           95
                                     89           AC           00           2D
                                     00           06           00           00
                                     06           03           25           45
                                     5B           63           62           FF
                                     FF           FF           FF           FF
                                     FF           FF           FF
      2026-01-04 19:36:19  1         BD           01           08           03
                                     04           49           3A           80
                                     01           00           FF           F8
                                     F9           8D           42           09
                                     00           00           00           00
                                     91           06           83           3A
                                     6E           CC           8B           46
                                     0B           02           53
02602 152393  10 31 C 2 2026-01-04 19:56:35 -37.246    0.318  0.000 401649789
      2026-01-04 19:53:54  1         6B           09           89           14
                                     0C           E0           2F           0E
                                     89           35           0B           BB
                                     2F           15           89           11
                                     8A           6E           35           81
                                     89           23           8B           2C
                                     12           7A           E6           AF
                                     FF           08           64
      2026-01-04 19:54:40  1         E2           0A           DB           89
                                     79           08           9A           33
                                     6C           89           79           07
                                     D2           34           C2           89
                                     60           87           2E           35
                                     81           89           DF           07
                                     0A           36           89           8A
                                     11           06           A6
      2026-01-04 19:55:26  1         7D           0B           36           BF
                                     8A           20           06           40
                                     36           D2           8A           25
                                     05           DD           36           CD
                                     8A           23           05           7C
                                     36           C6           8A           20
                                     05           0E           36           C8
                                     8A           20           04
      2026-01-04 19:56:12  1         17           0C           A9           36
                                     D9           8A           20           04
                                     4B           36           E6           8A
                                     1D           03           E7           37
                                     1D           8A           1D           03
                                     82           37           78           8A
                                     13           03           26           38
                                     1B           8A           19
      2026-01-04 19:56:58  1         10           0D           02           BF
                                     3C           1C           89           B8
                                     02           5E           42           76
                                     8A           36           01           F8
                                     44           A0           8A           64
                                     01           B8           45           8A
                                     8A           5E           01           8E
                                     46           92           8A
      2026-01-04 19:57:44  1         E1           0E           4C           01
                                     60           46           C6           8A
                                     48           01           2C           47
                                     F6           8A           15           00
                                     EA           49           9A           89
                                     BD           00           C4           4A
                                     71           89           AA           00
                                     9C           4A           8F
      2026-01-04 19:58:30  1         A2           0F           89           AC
                                     00           67           4A           95
                                     89           AC           00           2D
                                     00           06           00           00
                                     06           03           25           45
                                     5B           63           62           FF
                                     FF           FF           FF           FF
                                     FF           FF           FF
      2026-01-04 19:59:19  1         F9           01           0A           03
                                     04           49           3A           80
                                     01           00           FF           F8
                                     F8           8D           42           09
                                     00           00           00           00
                                     91           06           83           3A
                                     6A           CC           8B           42
                                     0B           02           D3
      2026-01-04 20:00:02  1         22           02           A0           5D
                                     5A           69           01           61
                                     00           00           D8           0E
                                     AC           26           EF           00
                                     27           00           1E           0E
                                     69           26           EA           0F
                                     3B           27           17           26
                                     72           27           38
      2026-01-04 20:00:48  1         64           03           59           7C
                                     09           A7           0E           66
                                     86           0C           26           F0
                                     0A           B4           87           CE
                                     4A           3B           0A           D2
                                     87           B0           46           51
                                     0A           E9           87           8A
                                     42           5E           0B
02602 152393  18 31 B 3 2026-01-04 21:04:48 -37.226    0.327  0.000 401649787
      2026-01-04 20:52:10  1         E2           0A           DB           89
                                     79           08           9A           B3
                                     6C           89           79           07
                                     D2           34           C2           89
                                     B4           07           6E           35
                                     81           89           DF           07
                                     0A           36           89           82
                                     11           06           A6
      2026-01-04 20:55:14  1         E1           0E           4C           01
                                     60           46           C6           8A
                                     48           01           2C           47
                                     F6           8A           15           00
                                     EA           49           9A           89
                                     BD           00           C4           4A
                                     71           89           AA           00
                                     9C           4A           8F
      2026-01-04 20:56:00  1         A2           0F           89           AC
                                     00           67           4A           95
                                     89           AC           00           2D
                                     00           06           00           00
                                     06           03           25           45
                                     5B           63           62           FF
                                     FF           FF           FF           FF
                                     FF           FF           FF
      2026-01-04 20:56:49  1         ED           01           0F           03
                                     04           4B           3A           81
                                     01           00           BF           F8
                                     F1           2F           40           09
                                     00           00           00           00
                                     91           06           83           3A
                                     6A           CC           8B           42
                                     0B           02           D3
      2026-01-04 20:57:32  1         22           02           A0           5D
                                     5A           69           01           61
                                     00           00           D8           0E
                                     AC           06           47           80
                                     27           00           1E           0E
                                     49           26           EA           0F
                                     3B           27           17           26
                                     72           27           38
      2026-01-04 20:59:04  1         71           04           16           87
                                     60           3E           84           0B
                                     45           87           27           3A
                                     97           0C           02           86
                                     EC           36           AA           0C
                                     41           86           D6           3C
                                     9F           68           65           8E
                                     FD           32           C9
      2026-01-04 20:59:50  1         2A           25           08           8A
                                     AE           E2           B0           D4
                                     0C           FB           86           7C
                                     2E           E1           0D           7E
                                     86           60           2C           F1
                                     0D           E5           86           49
                                     2A           F4           0E           2E
                                     86           30           29
      2026-01-04 21:00:36  1         50           06           06           0E
                                     3D           86           07           27
                                     11           0E           DE           85
                                     FC           25           1F           10
                                     5C           86           01           23
                                     27           11           6C           85
                                     F8           21           36           13
                                     4E           86           12
      2026-01-04 21:01:22  1         39           07           1F           43
                                     15           3F           86           32
                                     1D           4A           16           00
                                     86           21           1B           56
                                     18           FE           86           6F
                                     19           5F           1B           23
                                     86           28           16           72
                                     1D           E8           86
      2026-01-04 21:02:08  1         68           08           F9           15
                                     7A           22           1F           87
                                     7B           13           88           25
                                     F4           88           02           11
                                     95           26           01           87
                                     C6           0F           9D           2B
                                     12           88           AD           0E
                                     0D           2D           7D
      2026-01-04 21:02:54  1         6B           09           89           14
                                     0C           E0           2F           0E
                                     89           35           0B           BB
                                     2F           15           89           11
                                     0A           EE           30           81
                                     89           23           0A           2C
                                     32           42           89           6C
                                     09           64           32
      2026-01-04 21:03:40  1         E0           0A           DB           89
                                     7B           08           8A           33
                                     6C           89           79           07
                                     D2           34           C2           89
                                     B4           07           6E           35
                                     81           89           DF           07
                                     0A           36           89           8A
                                     11           06           A6
      2026-01-04 21:04:26  2         7D           0B           36           BF
                                     8A           20           06           40
                                     36           D2           8A           25
                                     05           DD           36           CD
                                     8A           23           05           7C
                                     36           C6           8A           20
                                     05           0E           36           C8
                                     8A           20           04
      2026-01-04 21:05:12  2         17           0C           A9           36
                                     D9           8A           20           04
                                     4B           36           E6           8A
                                     1D           03           E7           37
                                     1D           8A           1D           03
                                     82           37           78           8A
                                     13           03           26           38
                                     1B           8A           19
      2026-01-04 21:05:58  2         10           0D           02           BF
                                     3C           1C           89           B8
                                     02           5E           42           76
                                     8A           36           01           F8
                                     44           A0           8A           64
                                     01           B8           45           8A
                                     8A           5E           01           8E
                                     46           92           8A
02602 152393  20 31 C 3 2026-01-04 21:44:40 -37.216    0.333  0.000 401649787
      2026-01-04 21:31:19  1         D8           01           12           03
                                     04           49           3A           80
                                     01           00           FF           F8
                                     F8           8D           42           09
                                     00           00           00           00
                                     91           06           83           3A
                                     6A           CC           8B           42
                                     0B           02           D3
      2026-01-04 21:33:34  1         71           04           16           07
                                     61           3E           84           0B
                                     45           87           27           3A
                                     97           0C           02           86
                                     EC           36           AA           0C
                                     41           86           D6           34
                                     BD           0C           65           86
                                     BD           32           C9
      2026-01-04 21:35:06  1         50           06           06           0E
                                     3D           86           07           27
                                     11           0E           DE           85
                                     FC           25           1F           10
                                     5C           86           01           23
                                     27           11           6C           85
                                     F8           21           36           13
                                     4E           86           12
      2026-01-04 21:35:52  1         39           07           1F           43
                                     15           3F           86           32
                                     1D           4A           16           00
                                     86           21           1B           56
                                     18           FE           86           6F
                                     19           5F           1B           31
                                     98           77           C1           1F
                                     C2           3E           F1
      2026-01-04 21:36:38  1         68           08           F9           15
                                     7A           22           1F           87
                                     7B           13           88           25
                                     F4           88           02           11
                                     95           26           01           87
                                     C6           0F           9D           2B
                                     12           88           AD           0E
                                     0D           2D           7D
      2026-01-04 21:37:24  1         6B           09           89           14
                                     0C           E0           2F           0E
                                     89           35           0B           BB
                                     2F           15           89           11
                                     0A           EE           30           81
                                     89           23           0A           2C
                                     32           42           89           6C
                                     09           64           32
      2026-01-04 21:38:10  1         E2           0A           DB           89
                                     79           08           9A           33
                                     6C           89           79           07
                                     D2           34           C2           89
                                     B4           07           6E           35
                                     81           89           DF           07
                                     0A           36           89           8A
                                     11           06           A6
      2026-01-04 21:38:56  1         7D           0B           36           BF
                                     8A           20           06           40
                                     36           D2           8A           25
                                     05           DD           36           CD
                                     8A           23           05           7C
                                     36           C6           8A           20
                                     05           0E           36           C8
                                     8A           20           04
      2026-01-04 21:39:42  1         17           0C           A9           36
                                     D9           8A           20           04
                                     4B           36           E6           8A
                                     1D           03           E7           37
                                     1D           8A           1D           03
                                     82           37           78           8A
                                     13           03           26           38
                                     1B           8A           19
      2026-01-04 21:40:28  1         10           0D           02           BF
                                     3C           1C           89           B8
                                     02           5E           42           76
                                     8A           36           01           F8
                                     44           A0           8A           64
                                     01           B8           45           8A
                                     8A           5E           01           8E
                                     46           92           8A
      2026-01-04 21:41:14  1         E1           0E           4C           01
                                     60           46           C6           8A
                                     48           01           2C           47
                                     F6           8A           15           00
                                     EA           49           9A           89
                                     BD           00           C4           4A
                                     71           89           AA           00
                                     9C           4A           8F
      2026-01-04 21:42:00  1         A2           0F           89           AC
                                     00           67           4A           95
                                     89           AC           00           2D
                                     00           06           00           00
                                     06           03           25           45
                                     5B           63           62           FF
                                     FF           FF           FF           FF
                                     FF           FF           FF
      2026-01-04 21:42:49  1         4B           01           13           03
                                     04           49           3A           80
                                     01           00           FF           F8
                                     F8           8D           42           09
                                     00           00           00           00
                                     91           06           83           3A
                                     6A           CC           8B           42
                                     0B           02           D3
      2026-01-04 21:43:32  2         22           02           A0           5D
                                     5A           69           01           61
                                     00           00           D8           0E
                                     AC           26           EF           00
                                     27           00           1E           0E
                                     69           26           EA           0F
                                     3B           27           17           26
                                     72           27           38
      2026-01-04 21:44:18  2         C4           03           59           7B
                                     09           A7           0E           66
                                     86           0C           26           F0
                                     0A           B4           87           CE
                                     4A           3B           0A           D2
                                     87           B0           46           51
                                     0A           E9           87           8A
                                     42           5E           0B
      2026-01-04 21:45:04  1         71           04           16           87
                                     60           3E           84           0B
                                     45           87           27           3A
                                     97           0C           02           86
                                     EC           36           AA           0C
                                     41           86           D6           34
                                     BD           0C           65           86
                                     BD           32           C9
      2026-01-04 21:45:50  2         2A           05           0C           9A
                                     86           9B           30           D4
                                     0C           FB           86           7C
                                     2E           E1           0D           7E
                                     86           60           2C           F1
                                     0D           E5           86           49
                                     2A           F4           0E           2E
                                     86           30           29
02602 152393   9 31 B 2 2026-01-04 22:37:12 -37.199    0.345  0.000 401649786
      2026-01-04 22:34:08  1         68           08           F9           15
                                     7A           22           1F           87
                                     7B           13           88           25
                                     F4           88           02           11
                                     95           26           01           87
                                     C6           0F           9D           2B
                                     12           88           AD           0E
                                     0D           2D           7D
      2026-01-04 22:34:54  1         6B           09           89           14
                                     0C           E0           2F           0E
                                     89           35           0B           BB
                                     2F           15           89           11
                                     0A           EE           30           81
                                     89           23           0A           2C
                                     32           42           89           6C
                                     09           64           32
      2026-01-04 22:35:40  1         E2           0A           DB           89
                                     79           08           9A           33
                                     6C           89           79           07
                                     D2           34           C2           89
                                     B4           07           6E           35
                                     81           89           DF           07
                                     0A           36           89           8A
                                     11           06           A6
      2026-01-04 22:36:26  1         7D           0B           36           BF
                                     9A           20           06           40
                                     36           D2           8A           25
                                     05           DD           36           CD
                                     8A           23           05           7C
                                     36           C6           8A           20
                                     05           0E           36           C8
                                     8A           20           04
      2026-01-04 22:37:12  1         17           0C           A9           36
                                     D9           8A           20           04
                                     4B           36           E6           8A
                                     1D           03           E7           37
                                     1D           8A           1D           03
                                     82           37           78           8A
                                     13           03           26           38
                                     19           8A           19
      2026-01-04 22:37:58  1         10           0D           02           BF
                                     3C           1C           89           B8
                                     02           5E           42           76
                                     8A           36           01           F8
                                     44           A0           8A           64
                                     01           B8           45           88
                                     8A           5E           01           8E
                                     44           92           8A
      2026-01-04 22:38:44  1         E1           0E           4C           01
                                     60           46           C6           8A
                                     48           01           2C           47
                                     F6           8A           15           00
                                     EA           49           9A           89
                                     BD           00           C4           4A
                                     71           89           AA           00
                                     9C           4A           8F
      2026-01-04 22:39:30  1         A2           0F           89           AE
                                     00           67           4A           95
                                     C9           AC           02           2B
                                     80           0C           FF           FE
                                     36           0F           BA           9E
                                     C9           B3           22           04
                                     DD           23           88           AF
                                     F3           E2           40
      2026-01-04 22:40:19  1         80           01           18           03
                                     04           49           3A           80
                                     01           00           FF           F8
                                     F8           9D           52           49
                                     00           00           20           00
                                     91           82           83           36
                                     6A           CC           8B           42
                                     0F           02           D3
02602 152393  13 31 3 2 2026-01-04 23:08:48 -37.191    0.347  0.000 401649787
      2026-01-04 23:03:19  1         B0           01           1A           03
                                     04           49           3A           80
                                     01           00           FF           F8
                                     F8           8D           42           09
                                     00           00           00           00
                                     91           06           83           3A
                                     6A           CC           8B           42
                                     0B           02           D3
      2026-01-04 23:04:02  1         22           02           A0           5D
                                     5A           69           01           61
                                     00           00           D8           0E
                                     AC           26           EF           00
                                     27           00           1E           0E
                                     69           26           EA           0F
                                     3B           27           17           26
                                     72           27           38
      2026-01-04 23:04:48  1         64           03           59           7C
                                     09           A7           0E           66
                                     86           0C           26           F0
                                     0A           B4           87           CE
                                     4A           3B           0A           D2
                                     87           B0           46           51
                                     0A           E9           87           8A
                                     42           5E           0B
      2026-01-04 23:05:34  1         71           04           16           87
                                     60           3E           84           0B
                                     45           87           27           3A
                                     97           0C           02           86
                                     EC           36           AA           0C
                                     41           86           D6           34
                                     BD           0C           65           86
                                     BD           32           C9
      2026-01-04 23:06:20  1         2A           05           0C           9A
                                     86           9B           30           D4
                                     0C           FB           86           7C
                                     2E           E1           0D           7E
                                     86           60           2C           F1
                                     0D           E5           86           49
                                     2A           F4           0E           2E
                                     86           30           29
      2026-01-04 23:08:38  1         68           08           F9           15
                                     7A           22           1F           87
                                     7B           13           88           25
                                     F4           88           02           11
                                     95           26           01           87
                                     C6           0F           9D           2B
                                     12           88           AD           0E
                                     0D           2D           7D
      2026-01-04 23:09:24  1         6B           09           89           14
                                     0C           E0           2F           0E
                                     89           35           0B           BB
                                     2F           15           89           11
                                     0A           EE           30           81
                                     89           23           0A           2C
                                     32           42           89           6C
                                     09           64           32
      2026-01-04 23:10:10  1         73           1A           79           88
                                     39           28           8A           33
                                     6C           A9           79           07
                                     D2           34           C2           89
                                     B4           07           6E           35
                                     81           89           DF           07
                                     0A           36           89           8A
                                     11           06           A6
      2026-01-04 23:10:56  1         7D           0B           36           BF
                                     8A           20           06           40
                                     36           D2           8A           25
                                     05           DD           36           CD
                                     8A           23           05           7C
                                     36           C6           8A           20
                                     05           0E           36           C8
                                     8A           20           04
      2026-01-04 23:11:42  1         17           0C           A9           36
                                     D9           8A           20           04
                                     4B           36           E6           8A
                                     1D           03           E7           37
                                     1D           8A           1D           03
                                     82           36           78           8A
                                     13           03           26           38
                                     1B           8A           19
      2026-01-04 23:12:28  1         10           0F           02           BF
                                     3C           1C           89           B8
                                     02           5E           42           76
                                     8A           36           01           F8
                                     44           A0           8A           64
                                     01           B8           45           8A
                                     8A           5E           01           8E
                                     46           92           8A
      2026-01-04 23:13:14  1         E1           0E           4C           01
                                     60           46           C6           8A
                                     48           01           2C           47
                                     F6           8A           15           00
                                     EA           49           9A           89
                                     BD           00           E4           C8
                                     95           6B           EB           52
                                     65           9D           8B
      2026-01-04 23:14:00  1         A2           0F           89           AC
                                     00           67           4A           95
                                     89           AC           00           2D
                                     00           06           00           00
                                     06           03           25           45
                                     5B           63           62           FF
                                     FF           FF           FF           FF
                                     FF           FF           FF
02602 152393  17 31 C 3 2026-01-04 23:13:37 -37.186    0.350  0.000 401649785
      2026-01-04 23:13:14  1         E1           0E           4C           01
                                     60           46           C6           8A
                                     48           01           2C           47
                                     F6           8A           15           00
                                     EA           49           9A           89
                                     BD           00           C4           4A
                                     CB           CF           60           53
                                     5D           43           34
      2026-01-04 23:14:00  1         A2           0F           89           AC
                                     00           67           4A           95
                                     89           AC           00           2D
                                     00           06           00           00
                                     06           03           25           45
                                     5B           63           62           FF
                                     FF           FF           FF           FF
                                     FF           FF           FF
      2026-01-04 23:14:49  1         28           01           1B           03
                                     04           49           3A           80
                                     01           00           FF           F8
                                     F8           8D           42           09
                                     00           00           00           00
                                     91           06           83           3A
                                     6A           CC           8B           42
                                     0B           02           D3
      2026-01-04 23:15:32  1         22           02           A0           5D
                                     5A           69           01           61
                                     00           00           D8           0E
                                     AC           26           EF           00
                                     27           00           1E           0E
                                     69           26           EA           0F
                                     3B           27           17           26
                                     72           27           38
      2026-01-04 23:16:18  1         C4           03           59           7B
                                     09           A7           0E           66
                                     86           0C           26           F0
                                     0A           B4           87           CE
                                     4A           3B           0A           D2
                                     87           B0           46           51
                                     0A           E9           87           8A
                                     42           5E           0B
      2026-01-04 23:17:04  1         71           04           16           87
                                     60           3E           84           0B
                                     45           87           27           3A
                                     97           0C           02           86
                                     EC           36           AA           0C
                                     41           86           D6           34
                                     BD           0C           65           86
                                     BD           32           C9
      2026-01-04 23:17:50  1         2A           05           0C           9A
                                     86           9B           30           D4
                                     0C           FB           86           7C
                                     2E           E1           0D           7E
                                     86           60           2C           F1
                                     0D           E5           86           49
                                     2A           F4           0E           2E
                                     86           30           29
      2026-01-04 23:18:36  1         50           06           06           0E
                                     3D           86           07           27
                                     11           0E           DE           85
                                     FC           25           1F           10
                                     5C           86           01           23
                                     27           11           6C           85
                                     F8           21           36           13
                                     4E           86           12
      2026-01-04 23:19:22  1         39           07           1F           43
                                     15           3F           86           32
                                     1D           4A           16           00
                                     86           21           1B           56
                                     18           FE           86           6F
                                     19           5F           1B           23
                                     86           A8           17           72
                                     1D           E8           86
      2026-01-04 23:20:08  1         68           08           F9           15
                                     7A           22           1F           87
                                     7B           13           88           25
                                     F4           88           02           11
                                     95           26           01           87
                                     C6           0F           9D           2B
                                     12           88           AD           0E
                                     0D           2D           7D
      2026-01-04 23:20:54  1         6B           09           89           14
                                     0C           E0           2F           0E
                                     89           35           0B           BB
                                     2F           15           89           11
                                     0A           EE           30           81
                                     89           23           0A           2C
                                     32           42           89           6C
                                     09           64           32
      2026-01-04 23:21:40  1         E2           0A           DB           89
                                     79           08           9A           33
                                     6C           89           79           07
                                     D2           34           C2           89
                                     B4           07           6E           35
                                     81           89           DF           07
                                     0A           36           89           8A
                                     11           06           A6
      2026-01-04 23:22:26  1         7D           0B           36           BF
                                     8A           20           06           40
                                     36           D2           8A           25
                                     05           DD           36           CD
                                     8A           23           05           7C
                                     36           C6           8A           20
                                     05           0E           36           C8
                                     8A           20           04
      2026-01-04 23:23:12  1         17           0C           A9           36
                                     D9           8A           20           04
                                     4B           36           E6           8A
                                     1D           03           E7           37
                                     1D           8A           1D           03
                                     82           37           78           8A
                                     13           03           26           38
                                     1B           8A           19
      2026-01-04 23:23:58  2         10           0D           02           BF
                                     3C           1C           89           B8
                                     02           5E           42           76
                                     8A           36           01           F8
                                     44           A0           8A           64
                                     01           B8           45           8A
                                     8A           5E           01           8E
                                     46           92           8A
      2026-01-04 23:24:44  1         E1           0C           44           01
                                     60           44           C7           8A
                                     C8           01           0C           47
                                     76           8A           15           40
                                     EA           49           D8           89
                                     BD           00           C4           4A
                                     71           89           AA           00
                                     9C           4C           8F
02602 152393  17 31 3 3 2026-01-05 00:46:51 -37.168    0.359  0.000 401649787
      2026-01-05 00:40:38  1         68           08           F9           15
                                     7A           22           1F           87
                                     7B           13           88           25
                                     F4           88           02           11
                                     95           26           01           87
                                     C6           0F           9D           2B
                                     12           88           AD           0E
                                     0D           2D           7D
      2026-01-05 00:42:56  1         7D           0B           36           BF
                                     8A           20           06           40
                                     36           D2           8A           25
                                     05           DD           36           CD
                                     8A           23           05           7C
                                     36           C6           8A           20
                                     05           0E           36           C8
                                     8A           20           04
      2026-01-05 00:43:42  1         17           0C           A9           36
                                     D9           8A           20           04
                                     4B           36           E6           8A
                                     1D           03           E7           37
                                     1D           8A           1D           03
                                     82           37           78           8A
                                     13           03           26           38
                                     1B           8A           19
      2026-01-05 00:44:28  1         10           0D           02           89
                                     83           C7           EE           0F
                                     FF           C3           FB           12
                                     73           D3           FC           0F
                                     7B           7F           75           9B
                                     FC           47           B2           CA
                                     8A           5E           01           8E
                                     46           92           8A
      2026-01-05 00:45:14  1         E1           0E           4C           01
                                     60           46           C6           8A
                                     48           01           2C           47
                                     F6           8A           15           00
                                     EA           49           9A           89
                                     BD           00           C4           4A
                                     71           89           AA           00
                                     9C           4A           8F
      2026-01-05 00:46:00  1         A2           0F           89           AC
                                     00           67           4A           95
                                     89           AC           00           2D
                                     00           06           00           00
                                     06           03           25           45
                                     5B           63           62           FF
                                     FF           FF           FF           FF
                                     FF           FF           FF
      2026-01-05 00:46:49  1         9A           01           23           03
                                     04           49           3A           80
                                     01           00           FF           F8
                                     F8           8D           42           09
                                     00           00           00           00
                                     91           06           83           3A
                                     6A           CC           8B           42
                                     0B           02           D3
      2026-01-05 00:47:32  1         22           02           A0           5D
                                     5A           69           01           61
                                     00           00           D8           0E
                                     AC           26           EF           00
                                     27           00           1E           0E
                                     69           26           EA           0F
                                     3B           27           17           26
                                     72           27           38
      2026-01-05 00:48:18  1         64           03           59           7C
                                     09           A7           0E           66
                                     86           0C           26           F0
                                     0A           B4           87           CE
                                     4A           3B           0A           D2
                                     87           B0           46           51
                                     0A           E9           87           8A
                                     42           5E           0B
      2026-01-05 00:49:04  1         71           04           16           87
                                     60           3E           84           0B
                                     45           87           27           3A
                                     97           0C           02           86
                                     EC           36           AA           0C
                                     41           86           D6           34
                                     BD           0C           65           86
                                     BD           32           C9
      2026-01-05 00:49:50  1         2A           05           0C           9A
                                     86           9B           30           D4
                                     0C           FB           86           7C
                                     2E           E1           0D           7E
                                     86           60           2C           F1
                                     0D           E5           86           49
                                     2A           F4           0E           2E
                                     86           30           29
      2026-01-05 00:50:36  1         50           06           06           0E
                                     3D           86           07           27
                                     11           0E           DE           85
                                     FC           25           1F           10
                                     5C           86           01           23
                                     27           11           6C           85
                                     F8           21           36           13
                                     4E           86           12
      2026-01-05 00:51:22  1         39           07           1F           43
                                     15           3F           86           32
                                     1D           4A           16           00
                                     86           21           1B           56
                                     18           FE           86           6F
                                     19           5F           1B           23
                                     86           A8           17           72
                                     1D           E8           86
      2026-01-05 00:52:54  2         6B           09           89           14
                                     0C           E0           2F           0E
                                     89           35           0B           BB
                                     2F           15           89           11
                                     0A           EE           30           81
                                     89           23           0A           2C
                                     32           42           89           6C
                                     09           64           32
      2026-01-05 00:53:40  2         E2           0A           DB           89
                                     79           08           9A           33
                                     6C           89           79           07
                                     D2           34           C2           89
                                     B4           07           6E           35
                                     81           89           DF           07
                                     0A           36           89           8A
                                     11           06           A6
02602 152393   2 31 3
      2026-01-05 02:21:04  1         71           04           16           87
                                     60           3E           84           0B
                                     45           87           27           3A
                                     97           0C           02           86
                                     EC           36           AA           0C
                                     41           86           D6           34
                                     BD           0C           65           86
                                     BD           32           C9
      2026-01-05 02:21:50  1         2A           05           0C           9A
                                     86           9B           30           D4
                                     0C           FB           86           7C
                                     2E           E1           0D           7E
                                     86           60           2C           F1
                                     0D           E5           86           49
                                     2A           F4           0E           2E
                                     86           30           29
02602 152397  15 31 3 3 2026-01-10 07:49:06   9.712   67.968  0.000 401649766
      2026-01-10 07:48:37  1         D1           0C           B5           5E
                                     59           90           8C           04
                                     4F           C6           DE           D3
                                     71           C0           17           66
                                     FD           9F           35           D3
                                     D4           CA           14           79
                                     FE           BD           D9           C9
                                     18           03           20
      2026-01-10 07:49:19  1         57           0D           02           BE
                                     6E           EC           91           93
                                     02           5C           6E           C3
                                     91           4A           01           F4
                                     6E           C7           91           3B
                                     01           C3           6E           C3
                                     91           24           01           94
                                     6E           BC           91
      2026-01-10 07:50:01  1         7B           0E           19           01
                                     62           6E           BF           91
                                     17           01           28           6E
                                     BD           90           DD           00
                                     F6           6E           BE           90
                                     D8           00           C5           6E
                                     C4           90           D3           00
                                     94           6E           D0
      2026-01-10 07:50:43  1         87           0F           90           CD
                                     00           65           6F           0C
                                     90           C8           00           27
                                     00           05           00           00
                                     06           08           2A           4D
                                     5E           62           62           FF
                                     FF           FF           FF           FF
                                     FF           FF           FF
      2026-01-10 07:51:28  1         F2           01           05           03
                                     2C           68           3A           80
                                     01           00           00           02
                                     01           C1           4D           1E
                                     00           00           00           00
                                     92           06           7F           3C
                                     53           D7           8F           41
                                     0C           03           21
      2026-01-10 07:52:07  1         AB           02           0E           A9
                                     61           69           01           67
                                     00           00           D8           20
                                     02           26           ED           00
                                     37           00           1B           1F
                                     7D           26           E6           20
                                     6B           27           05           26
                                     77           27           39
      2026-01-10 07:52:49  1         FF           03           51           7A
                                     0C           57           20           04
                                     8E           E2           26           FB
                                     0B           DC           8D           E8
                                     4A           36           0D           63
                                     8D           F7           46           51
                                     0F           2C           8E           08
                                     42           6A           10
      2026-01-10 07:53:31  1         C9           04           EB           8E
                                     18           3E           83           13
                                     21           8E           29           3A
                                     85           15           07           8E
                                     3E           36           B4           16
                                     0A           8E           46           34
                                     BC           17           4F           8E
                                     5B           32           C7
      2026-01-10 07:54:13  1         8C           05           18           6C
                                     8E           6D           30           D7
                                     19           6E           8E           78
                                     2E           DD           1A           C4
                                     8E           94           2C           E9
                                     1C           5F           8E           B1
                                     2A           F8           1E           26
                                     8E           D7           29
      2026-01-10 07:55:37  1         54           07           1F           43
                                     25           10           8E           E9
                                     1D           4F           26           C9
                                     8F           07           1B           5E
                                     28           2C           8F           10
                                     19           67           29           99
                                     8F           15           17           71
                                     2B           1E           8F
      2026-01-10 07:57:01  2         70           09           8E           C2
                                     0C           E1           33           4A
                                     8E           CD           0B           B5
                                     35           2D           8E           C2
                                     0A           F0           36           E4
                                     8E           B6           0A           26
                                     38           7A           8E           B1
                                     09           67           3A
      2026-01-10 07:57:43  2         9E           0A           E6           8E
                                     B4           08           9D           3D
                                     8C           8E           83           07
                                     D0           40           66           8E
                                     AD           07           6D           42
                                     74           8E           E9           07
                                     0D           45           0A           8E
                                     E3           06           95
      2026-01-10 07:59:07  1         D1           0C           B5           5E
                                     5D           90           8C           04
                                     4F           62           FE           91
                                     0F           03           EC           66
                                     B8           91           7A           03
                                     8B           6A           7B           91
                                     EA           03           27           6D
                                     D1           91           B1
02602 152397  15 31 R 3 2026-01-10 12:45:56   9.708   67.959  0.000 401649757
      2026-01-10 12:41:55  1         C6           0B           48           47
                                     8F           11           06           3F
                                     4A           59           8E           B8
                                     05           DE           4F           34
                                     8E           F6           05           80
                                     53           3B           8F           32
                                     05           11           58           24
                                     8F           E4           04
      2026-01-10 12:42:37  1         D1           0C           B5           5E
                                     5D           90           8C           04
                                     4F           62           FE           91
                                     0F           03           AD           66
                                     B8           91           7A           43
                                     8B           6A           7B           91
                                     EA           03           27           6D
                                     41           10           E1
      2026-01-10 12:44:01  1         7B           0E           19           01
                                     62           6E           BF           91
                                     17           01           28           6E
                                     BD           90           DD           00
                                     F6           6E           BE           90
                                     D8           00           C5           6E
                                     C4           90           D3           00
                                     94           6E           D0
      2026-01-10 12:44:43  1         87           0F           90           CD
                                     00           65           6F           0C
                                     90           C8           00           27
                                     00           05           00           00
                                     06           08           2A           4D
                                     5E           62           62           FF
                                     FF           FF           FF           FF
                                     FF           FF           FF
      2026-01-10 12:45:28  1         99           01           21           03
                                     2C           68           3A           80
                                     01           00           00           02
                                     01           C1           4D           1E
                                     00           00           00           00
                                     92           06           7F           3C
                                     53           D7           8F           41
                                     0C           03           21
      2026-01-10 12:46:07  1         AB           02           0E           A9
                                     61           69           01           67
                                     00           00           D8           20
                                     02           26           ED           00
                                     37           00           1B           1F
                                     7D           26           E6           20
                                     6B           27           05           26
                                     77           27           39
      2026-01-10 12:46:49  1         AF           03           51           79
                                     0C           57           20           04
                                     8E           E2           26           FB
                                     0B           DC           8D           E8
                                     4A           36           0D           63
                                     8D           F7           46           51
                                     0F           2C           8E           08
                                     42           6A           10
      2026-01-10 12:47:31  1         C9           04           EB           8E
                                     18           3E           83           13
                                     21           8E           29           3A
                                     85           15           07           8E
                                     3E           36           B4           16
                                     0A           8E           46           34
                                     BC           17           4F           8E
                                     5B           32           C7
      2026-01-10 12:48:13  1         8C           05           18           6C
                                     8E           6D           30           D7
                                     19           6E           8E           78
                                     2E           DD           1A           C4
                                     8E           94           2C           E9
                                     1C           5F           8E           B1
                                     2A           F8           1E           26
                                     8E           D7           29
      2026-01-10 12:49:37  1         54           07           1F           43
                                     25           10           8E           E9
                                     1D           4F           26           C9
                                     8F           07           1B           5E
                                     28           2C           8F           10
                                     19           67           29           99
                                     8F           15           17           71
                                     2B           1E           8F
      2026-01-10 12:51:01  1         70           09           8E           C2
                                     0C           E1           33           4A
                                     8E           CD           0B           B5
                                     35           2D           8E           42
                                     0A           F0           36           E4
                                     8E           B6           0A           26
                                     38           7A           8E           B1
                                     09           67           3A
      2026-01-10 12:51:43  1         9E           0A           E6           8E
                                     B4           08           9D           3D
                                     8C           8E           83           07
                                     D0           40           66           8E
                                     AD           07           6D           42
                                     74           8E           E9           07
                                     0D           45           0A           8E
                                     E3           06           95
      2026-01-10 12:53:07  1         D1           0C           B5           5E
                                     5D           90           8C           04
                                     4F           62           FE           91
                                     0F           03           EC           66
                                     B8           91           7A           03
                                     8B           6A           7B           91
                                     EA           03           27           6D
                                     D1           91           B1
      2026-01-10 12:53:49  2         57           0D           02           BE
                                     6E           EC           91           93
                                     02           5C           6E           C3
                                     91           4A           01           F4
                                     6E           C7           91           3B
                                     01           C3           6E           C3
                                     91           24           01           94
                                     6E           BC           91
02602 152397  11 31 R 2 2026-01-10 14:23:14   9.708   67.967  0.000 401649759
      2026-01-10 14:21:19  1         FE           03           51           7A
                                     08           57           20           04
                                     8E           E2           26           FB
                                     0B           DC           8D           E8
                                     4A           36           0D           63
                                     8D           F7           46           51
                                     0F           2C           8E           08
                                     42           6A           10
      2026-01-10 14:22:42  1         8C           05           18           6C
                                     8E           6D           30           D7
                                     19           6E           8E           78
                                     2E           DD           1A           C4
                                     8E           94           2C           E9
                                     1C           5F           8E           B1
                                     2A           F8           1E           26
                                     8E           D7           29
      2026-01-10 14:24:06  1         54           07           1F           43
                                     25           10           8E           E9
                                     1D           4F           26           C9
                                     8F           07           1B           5E
                                     28           2C           8F           10
                                     19           67           29           99
                                     8F           15           17           71
                                     2B           1E           8F
      2026-01-10 14:24:48  1         E0           08           22           15
                                     7A           2B           BE           8E
                                     F0           13           87           2D
                                     A8           8E           F9           11
                                     92           2F           09           8F
                                     08           0F           A1           2F
                                     66           8E           C3           0E
                                     15           30           F4
      2026-01-10 14:26:12  1         9E           0A           E6           8E
                                     B4           08           9D           3D
                                     8C           8E           83           07
                                     D0           40           66           8E
                                     AD           07           6D           42
                                     74           8E           E9           07
                                     0D           45           0A           8E
                                     E3           06           95
      2026-01-10 14:27:36  1         D1           0C           B5           5E
                                     5D           90           8C           04
                                     4F           62           FE           91
                                     0F           03           EC           66
                                     B8           91           7A           03
                                     8B           6A           7B           91
                                     EA           03           27           6D
                                     D1           91           B1
      2026-01-10 14:28:18  1         57           0D           02           BE
                                     6E           EC           91           93
                                     02           5C           6E           C3
                                     91           4A           01           F4
                                     6E           C7           91           3B
                                     01           C3           6E           C3
                                     91           24           01           94
                                     6E           BC           91
      2026-01-10 14:29:00  1         7B           0E           19           01
                                     62           6E           BF           91
                                     17           01           28           6E
                                     BD           90           DD           00
                                     F6           6E           BE           90
                                     D8           00           C5           6E
                                     C4           90           D3           00
                                     94           6E           D0
      2026-01-10 14:29:42  1         87           0F           90           CD
                                     00           65           6F           0C
                                     90           C8           00           27
                                     00           05           00           00
                                     06           08           2A           4D
                                     5E           62           62           FF
                                     FF           FF           FF           FF
                                     FF           FF           FF
      2026-01-10 14:30:28  1         5C           01           2B           03
                                     2C           68           3A           80
                                     01           00           00           02
                                     02           C1           4D           1E
                                     00           00           00           00
                                     92           06           7F           3C
                                     53           D7           8F           41
                                     0C           03           21
      2026-01-10 14:31:06  1         AB           02           0E           A9
                                     61           69           01           67
                                     00           00           DB           DF
                                     FD           D9           12           FF
                                     C8           FF           BF           FF
                                     C5           F9           C5           85
                                     C0           07           18           4D
                                     44           82           64
02602 152398  16 31 R
      2026-01-05 13:39:37  1         9F           01           0D           03
                                     3A           68           3B           80
                                     01           00           FF           FB
                                     FB           B1           48           1A
                                     00           00           00           00
                                     92           07           83           3A
                                     81           C4           8F           44
                                     0D           03           64
      2026-01-05 13:40:18  1         06           02           11           76
                                     53           A9           01           0F
                                     01           00           D8           22
                                     8C           27           1F           00
                                     78           00           26           21
                                     65           27           4E           23
                                     A8           27           2A           26
                                     BB           27           8C
      2026-01-05 13:41:46  1         8A           04           0A           01
                                     39           42           64           13
                                     97           01           42           3E
                                     81           15           F6           01
                                     4A           3A           96           18
                                     4A           01           4C           36
                                     AF           19           61           01
                                     56           34           BB
      2026-01-05 13:42:30  1         83           05           1A           77
                                     01           5E           32           CE
                                     1B           A8           01           69
                                     30           D1           1C           D7
                                     01           7A           2E           DE
                                     1E           7F           01           83
                                     2C           ED           1F           9B
                                     01           91           2A
      2026-01-05 13:43:14  1         56           06           F9           20
                                     C9           01           A0           29
                                     03           22           57           01
                                     B1           27           12           23
                                     E5           01           C8           25
                                     1A           25           7C           71
                                     D7           23           2A           27
                                     26           01           DF
      2026-01-05 13:43:58  1         03           07           21           35
                                     27           FA           01           E5
                                     1F           40           28           DD
                                     01           E3           1D           4C
                                     2A           18           01           E5
                                     1B           5A           2B           AF
                                     01           EB           19           5F
                                     2D           35           01
      2026-01-05 13:44:42  1         E5           08           F4           17
                                     6C           2E           10           01
                                     F8           15           82           2E
                                     DD           01           FB           13
                                     71           2F           F0           01
                                     FE           11           90           31
                                     B8           02           0A           0F
                                     A5           33           03
      2026-01-05 13:45:26  1         5D           09           02           15
                                     0E           13           33           98
                                     02           1D           0C           EA
                                     35           23           02           2A
                                     0B           BD           36           37
                                     02           34           0A           EF
                                     37           FE           02           3E
                                     0A           29           3B
      2026-01-05 13:46:10  1         DC           0A           2C           02
                                     50           09           65           3D
                                     E9           02           69           08
                                     97           40           5F           02
                                     80           07           CF           40
                                     A5           02           8A           07
                                     6B           43           0D           02
                                     90           07           0C
      2026-01-05 13:46:54  1         E5           0B           45           B4
                                     02           A7           06           AA
                                     4A           1D           02           B5
                                     06           43           4C           BC
                                     02           D9           05           DF
                                     4F           29           02           EC
                                     05           72           50           28
                                     03           05           05
      2026-01-05 13:47:38  1         97           0C           19           51
                                     9E           03           0B           04
                                     B2           53           D2           03
                                     13           04           53           58
                                     AC           03           26           03
                                     E2           5D           26           03
                                     58           03           8B           63
                                     C9           03           6F
      2026-01-05 13:48:22  1         18           0D           03           15
                                     66           6F           03           C0
                                     02           C0           66           97
                                     03           D9           02           55
                                     66           B8           03           D5
                                     01           F6           66           F1
                                     03           DA           01           C8
                                     67           C7           03
      2026-01-05 13:49:06  1         BA           0E           D2           01
                                     91           67           EC           03
                                     D0           01           61           67
                                     F0           03           CF           01
                                     2E           67           F8           03
                                     CD           00           FA           68
                                     30           03           CC           00
                                     CF           68           36
      2026-01-05 13:50:37  1         37           01           06           03
                                     3A           68           3B           80
                                     01           00           FF           FB
                                     FB           B1           48           1A
                                     00           00           00           00
                                     92           07           83           3A
                                     81           C4           8F           44
                                     0D           03           64
      2026-01-05 13:52:02  2         DD           03           52           7B
                                     0A           9D           22           41
                                     01           EA           27           0F
                                     0C           5B           01           35
                                     4E           23           0D           A4
                                     01           30           4A           3B
                                     0F           75           01           35
                                     46           54           11
02602 152398   5 31 R
      2026-01-05 15:22:58  1         03           07           21           35
                                     25           FE           21           E5
                                     1F           00           68           DD
                                     01           E3           5D           4C
                                     2A           18           01           E5
                                     1B           D8           2B           AF
                                     11           EB           19           5F
                                     2D           35           01
      2026-01-05 15:24:26  1         5D           09           02           15
                                     0E           13           33           98
                                     02           1D           0C           EA
                                     35           23           02           2A
                                     0B           BD           36           37
                                     02           34           0A           EF
                                     37           FE           02           3E
                                     0B           29           3B
      2026-01-05 15:25:10  1         DC           0A           2C           02
                                     50           09           65           3D
                                     E9           02           69           08
                                     97           40           5F           02
                                     80           07           CF           40
                                     A5           02           8A           07
                                     6B           43           4D           02
                                     90           07           0C
      2026-01-05 15:25:54  1         E5           0B           45           B4
                                     02           A7           06           AA
                                     4A           1D           02           B5
                                     06           43           4C           BC
                                     02           D9           05           DF
                                     4F           29           02           EC
                                     05           72           D0           28
                                     03           05           05
      2026-01-05 15:26:38  1         97           0C           19           51
                                     9E           03           0B           04
                                     B2           53           D2           03
                                     13           04           53           58
                                     AC           03           26           03
                                     E2           5D           26           03
                                     18           03           8B           63
                                     C9           03           6F
02602 152398   9 31 B 1 2026-01-05 15:49:02  15.905   66.586  0.000 401649705
      2026-01-05 15:43:30  1         D4           FE           1B           88
                                     00           71           CE           05
                                     F9           BE           FB           49
                                     FF           50           1A           21
                                     4E           18           7A           2F
                                     60           60           C0           3E
                                     33           45           08           10
                                     E0           A4           50
      2026-01-05 15:44:14  1         56           06           F9           20
                                     C9           01           A0           29
                                     03           22           57           01
                                     B1           27           12           23
                                     E5           01           C8           25
                                     1A           25           7F           01
                                     D7           23           2A           27
                                     26           01           DF
      2026-01-05 15:44:58  1         03           07           21           31
                                     37           FA           01           E5
                                     1F           40           28           DD
                                     01           E3           1D           4C
                                     2A           18           01           E5
                                     1B           5A           2B           AF
                                     01           EB           19           5F
                                     2D           35           01
      2026-01-05 15:47:10  1         DC           0A           2C           00
                                     50           09           65           3D
                                     E9           02           69           08
                                     59           B7           7E           26
                                     99           2E           F9           36
                                     43           30           E0           86
                                     D6           86           1A           05
                                     20           0E           18
      2026-01-05 15:50:06  1         BA           0E           D2           01
                                     91           67           EC           03
                                     D0           01           61           67
                                     F0           03           CF           01
                                     2E           67           F8           03
                                     CD           00           FA           68
                                     30           03           CC           00
                                     CF           68           36
      2026-01-05 15:51:37  1         2E           01           11           03
                                     3A           68           3B           80
                                     01           00           FF           FB
                                     FB           B1           48           1A
                                     00           00           00           00
                                     92           07           83           3A
                                     81           C4           8F           44
                                     0D           03           64
      2026-01-05 15:52:18  1         06           02           31           77
                                     5B           69           01           0F
                                     01           00           D8           22
                                     8C           27           1F           00
                                     78           00           26           21
                                     65           27           4E           23
                                     A8           27           2A           26
                                     BB           27           8C
      2026-01-05 15:53:02  1         7D           03           52           7C
                                     0A           9D           22           41
                                     01           EA           27           0F
                                     0C           5B           01           35
                                     4E           23           0D           A4
                                     01           30           4A           3B
                                     0F           75           01           35
                                     46           54           11
      2026-01-05 15:54:30  1         83           05           1A           77
                                     01           5E           32           CE
                                     1B           A8           01           69
                                     30           D1           1C           97
                                     01           7A           0E           D4
                                     81           C0           FE           1D
                                     E6           CD           95           9A
                                     1A           D1           2C
02602 152398   9 31 C 3 2026-01-05 16:27:05  15.902   66.586  0.000 401649705
      2026-01-05 16:22:22  1         18           0D           03           15
                                     66           6F           03           C0
                                     02           C0           66           97
                                     03           D9           02           55
                                     66           B8           03           D5
                                     41           F4           66           F1
                                     03           DA           01           C0
                                     67           C1           03
      2026-01-05 16:23:06  1         BA           0E           D2           01
                                     91           67           EC           03
                                     D0           01           61           67
                                     F0           03           CF           01
                                     2E           67           F8           03
                                     CD           00           FA           68
                                     30           03           CC           00
                                     CF           68           36
      2026-01-05 16:23:50  1         50           0F           03           CA
                                     00           98           68           30
                                     03           C2           00           61
                                     68           26           03           BB
                                     00           25           00           05
                                     FF           A2           06           06
                                     2A           4B           5E           63
                                     64           FF           FF
      2026-01-05 16:26:46  1         8A           04           82           01
                                     39           42           64           13
                                     97           01           42           3E
                                     81           15           F6           01
                                     5A           3A           96           18
                                     4A           01           4C           36
                                     AF           19           61           01
                                     56           34           BB
      2026-01-05 16:27:30  1         83           05           1A           77
                                     01           5E           32           CE
                                     1B           A8           01           69
                                     30           D1           1C           D7
                                     01           7A           2E           DE
                                     1E           7F           01           83
                                     2C           ED           1F           9B
                                     01           91           2A
      2026-01-05 16:28:14  1         56           06           E9           20
                                     C9           01           A0           29
                                     03           22           57           01
                                     B1           27           12           23
                                     E5           01           C8           25
                                     1A           25           7F           01
                                     D7           23           2A           27
                                     26           01           DF
      2026-01-05 16:29:42  1         E5           08           F4           17
                                     6C           2E           10           01
                                     F8           15           82           2E
                                     DD           01           FB           13
                                     71           2F           F0           01
                                     FE           11           90           31
                                     B8           02           0A           0F
                                     A5           33           03
      2026-01-05 16:30:26  1         5D           09           02           15
                                     0E           13           33           98
                                     02           1D           0C           EA
                                     35           23           02           2A
                                     0B           BD           36           37
                                     02           34           0A           EF
                                     37           FE           02           3E
                                     0A           29           3B
      2026-01-05 16:31:54  1         E5           0B           45           B4
                                     02           A7           06           AA
                                     4A           1D           02           B5
                                     06           43           4C           BC
                                     02           D9           05           DF
                                     4F           29           02           EC
                                     05           72           50           28
                                     03           05           05
02602 152398   4 31 B 2 2026-01-05 17:25:03  15.898   66.580  0.000 401649703
      2026-01-05 17:24:42  1         E5           08           F4           17
                                     6C           2E           10           01
                                     F8           15           82           2E
                                     DD           01           FB           13
                                     71           2F           F0           01
                                     FE           11           90           31
                                     B8           02           0A           0F
                                     A5           33           03
      2026-01-05 17:25:26  1         5D           09           02           15
                                     0E           13           33           98
                                     02           1D           0C           EA
                                     35           23           02           2A
                                     0B           BD           36           37
                                     02           34           0A           EF
                                     37           FE           02           3E
                                     0A           29           3B
      2026-01-05 17:27:38  1         97           0C           19           51
                                     9E           03           0B           04
                                     B2           53           D2           03
                                     13           04           53           58
                                     AC           03           26           03
                                     E2           5D           26           03
                                     58           03           8B           63
                                     C9           03           6F
      2026-01-05 17:31:18  1         07           02           31           77
                                     5B           69           01           0F
                                     01           00           D8           22
                                     8C           27           1F           00
                                     78           20           26           20
                                     64           27           46           23
                                     12           D2           D5           E2
                                     F8           75           BC
02602 152398  12 31 C 1 2026-01-05 18:04:40  15.904   66.572  0.000 401649700
      2026-01-05 18:03:37  1         BE           01           1D           03
                                     3A           68           3B           80
                                     01           00           FF           FB
                                     FB           B1           48           1A
                                     00           00           00           00
                                     92           07           83           3A
                                     81           C4           8F           44
                                     0D           03           64
      2026-01-05 18:04:18  1         06           02           31           77
                                     5B           69           01           0F
                                     01           00           D8           22
                                     8C           27           1F           00
                                     78           00           26           21
                                     65           27           4E           23
                                     A8           27           2A           26
                                     BB           27           8C
      2026-01-05 18:05:02  1         DD           03           52           7B
                                     0A           9D           22           41
                                     01           EA           27           0F
                                     0C           5B           01           35
                                     4E           23           0D           A4
                                     01           30           4A           3B
                                     0F           75           01           35
                                     46           54           11
      2026-01-05 18:05:46  1         8A           04           82           01
                                     39           42           64           13
                                     97           01           42           3E
                                     81           15           F6           01
                                     4A           3A           96           18
                                     4A           01           4C           36
                                     AF           19           61           01
                                     56           34           BB
      2026-01-05 18:06:30  1         83           05           1A           77
                                     01           5E           32           CE
                                     1B           A8           01           69
                                     30           D1           1C           D7
                                     01           7A           2E           DE
                                     1E           7F           01           83
                                     2C           ED           1F           9B
                                     01           91           2A
      2026-01-05 18:07:14  1         56           06           F9           20
                                     C9           01           A0           29
                                     03           22           57           01
                                     B1           27           12           23
                                     E5           01           C8           25
                                     1A           25           7F           01
                                     D7           23           2A           27
                                     26           01           DF
      2026-01-05 18:07:58  1         03           03           23           35
                                     27           7A           01           E5
                                     1F           40           28           DD
                                     01           E3           1D           4C
                                     2A           59           10           E5
                                     49           5E           3C           21
                                     EC           39           CC           80
                                     97           CA           03
      2026-01-05 18:09:26  1         5D           09           02           15
                                     0E           13           33           98
                                     02           1D           0C           EA
                                     35           23           02           2A
                                     0B           BD           36           37
                                     02           34           0A           EF
                                     37           FE           02           3E
                                     0A           29           3B
      2026-01-05 18:10:10  1         DC           0A           2C           02
                                     50           09           65           3D
                                     E9           02           69           08
                                     97           40           5F           02
                                     80           07           CF           40
                                     A5           02           8A           07
                                     6B           43           0D           02
                                     90           07           0C
      2026-01-05 18:10:54  1         E5           0B           45           B4
                                     02           A7           06           AA
                                     4A           1D           02           B5
                                     06           43           4C           BC
                                     02           D9           05           DF
                                     4F           29           02           EC
                                     05           72           50           28
                                     03           05           05
      2026-01-05 18:11:38  1         97           0C           19           51
                                     9E           03           0B           04
                                     B2           53           D2           03
                                     13           04           53           58
                                     AC           03           26           03
                                     E2           5D           26           03
                                     58           03           8B           63
                                     C9           03           6F
      2026-01-05 18:12:22  1         18           0D           03           15
                                     66           6F           03           C0
                                     02           C0           66           97
                                     03           D9           02           55
                                     66           B8           03           D5
                                     01           F4           66           F1
                                     03           DA           01           C8
                                     67           C3           03
02602 152398  16 31 3 3 2026-01-05 19:17:53  15.892   66.570  0.000 401649704
      2026-01-05 19:11:46  1         8A           04           82           01
                                     39           42           64           13
                                     97           01           42           3E
                                     81           15           F6           01
                                     4A           3A           96           18
                                     4A           01           4C           36
                                     AF           19           61           01
                                     56           34           BB
      2026-01-05 19:12:30  1         83           05           1A           77
                                     01           5E           32           CE
                                     1B           A8           01           69
                                     30           D1           1C           D7
                                     01           7A           2E           DE
                                     1E           7F           01           83
                                     2C           ED           1F           9B
                                     01           91           2A
      2026-01-05 19:13:14  1         56           06           F9           20
                                     C9           01           A0           29
                                     03           22           57           01
                                     B1           27           12           23
                                     E5           01           C8           25
                                     1A           25           7F           01
                                     D7           23           2A           27
                                     26           01           DF
      2026-01-05 19:14:42  1         E5           08           F4           17
                                     6E           2E           10           01
                                     F8           15           82           2E
                                     DD           01           FB           13
                                     71           2F           F0           01
                                     FE           11           90           31
                                     B8           02           0A           0F
                                     A5           33           03
      2026-01-05 19:15:26  1         5D           09           02           15
                                     0E           13           33           98
                                     02           1D           0C           EA
                                     35           23           02           2A
                                     0B           BD           36           37
                                     02           34           0A           EF
                                     37           FE           02           3E
                                     0A           29           3B
      2026-01-05 19:16:10  1         DC           0A           2C           02
                                     50           09           65           3D
                                     E9           02           69           08
                                     97           40           5F           02
                                     80           07           CF           40
                                     A5           02           8A           07
                                     6B           43           0D           02
                                     90           07           0C
      2026-01-05 19:16:54  1         E5           0B           45           B4
                                     02           A7           06           AA
                                     4A           1D           02           B5
                                     06           43           4C           BC
                                     02           D9           05           DF
                                     4F           29           02           EC
                                     05           72           50           28
                                     03           05           05
      2026-01-05 19:17:38  1         97           0C           19           51
                                     9E           03           0B           04
                                     B2           53           D2           03
                                     13           04           53           58
                                     AC           03           26           03
                                     E2           5D           26           03
                                     58           03           8B           63
                                     C9           03           6F
      2026-01-05 19:18:22  1         18           0D           03           15
                                     66           6F           03           C0
                                     02           C0           66           97
                                     03           D9           02           55
                                     66           B8           03           D5
                                     01           F4           66           F1
                                     03           DA           01           C8
                                     67           C3           03
      2026-01-05 19:19:06  1         BA           0E           D2           01
                                     91           67           EC           03
                                     D0           01           61           67
                                     F0           03           CF           01
                                     2E           67           F8           03
                                     CD           00           FA           68
                                     30           03           CC           00
                                     CF           68           36
      2026-01-05 19:19:50  1         50           0F           03           CA
                                     00           98           68           30
                                     03           C2           00           61
                                     68           26           03           BB
                                     00           25           00           05
                                     FF           A2           06           06
                                     2A           4B           5E           63
                                     64           FF           FF
      2026-01-05 19:20:37  1         94           01           24           03
                                     3A           68           3B           80
                                     01           00           FF           FB
                                     FB           B1           48           1A
                                     00           00           00           00
                                     92           07           83           3A
                                     81           C4           8F           44
                                     0D           03           64
      2026-01-05 19:21:18  1         06           02           31           77
                                     5B           69           01           0F
                                     01           00           D8           22
                                     8C           27           1F           00
                                     78           00           26           21
                                     65           27           4E           23
                                     A8           27           2A           26
                                     BB           27           8C
      2026-01-05 19:22:02  2         DD           03           52           7B
                                     0A           9D           22           41
                                     01           EA           27           0F
                                     0C           5B           01           35
                                     4E           23           0D           A4
                                     01           30           4A           3B
                                     0F           75           01           35
                                     46           54           11
      2026-01-05 19:22:46  1         8A           04           82           01
                                     39           42           64           13
                                     97           01           42           3E
                                     81           15           F6           01
                                     4A           3A           96           18
                                     4A           01           4C           36
                                     AF           18           61           01
                                     54           38           BB
02602 152398   9 31 3 1 2026-01-05 20:55:53  15.893   66.554  0.000 401649701
      2026-01-05 20:52:58  1         03           07           21           35
                                     27           FA           01           E5
                                     1F           40           28           DD
                                     01           E3           1D           4C
                                     2A           18           01           E5
                                     1B           5A           2B           AF
                                     01           EB           19           5F
                                     2D           35           01
      2026-01-05 20:53:42  1         E5           08           F4           17
                                     6C           2E           10           01
                                     F8           15           82           2E
                                     DD           01           FB           13
                                     71           2F           F0           01
                                     FE           11           90           31
                                     B8           02           0A           0F
                                     A5           33           03
      2026-01-05 20:54:26  1         5D           09           02           15
                                     0E           13           33           98
                                     02           1D           0C           EA
                                     35           23           02           2A
                                     0B           BD           36           37
                                     02           34           0A           EF
                                     37           FE           02           3E
                                     0A           29           3B
      2026-01-05 20:55:10  1         DC           0A           2C           02
                                     50           09           65           3D
                                     E9           02           69           08
                                     97           40           5F           02
                                     80           07           CF           40
                                     A5           02           8A           07
                                     6B           43           0D           02
                                     90           07           0C
      2026-01-05 20:55:54  1         E5           0B           45           B4
                                     02           A7           06           AA
                                     4A           1D           02           B5
                                     06           43           4C           BC
                                     02           D9           05           DF
                                     4F           29           02           EC
                                     05           72           50           28
                                     03           05           05
      2026-01-05 20:56:38  1         97           0C           19           51
                                     9E           03           0B           04
                                     B2           53           D2           03
                                     13           04           53           58
                                     AC           03           26           03
                                     E2           5D           26           03
                                     58           03           8B           63
                                     C9           03           6F
      2026-01-05 20:57:22  1         18           0D           03           15
                                     66           6F           03           C0
                                     02           C0           66           97
                                     03           D9           02           55
                                     66           B8           03           D5
                                     01           F4           66           F1
                                     03           DA           01           C8
                                     67           C3           03
      2026-01-05 20:58:06  1         BA           0E           D2           01
                                     91           67           EC           03
                                     D0           01           61           67
                                     F0           03           CF           01
                                     2E           67           F8           03
                                     CD           00           FA           68
                                     30           03           CC           00
                                     CF           68           36
      2026-01-05 20:58:50  1         50           0F           03           CA
                                     00           98           68           30
                                     03           C2           00           61
                                     68           26           03           BB
                                     00           25           00           05
                                     FF           A2           06           06
                                     2A           4B           5E           63
                                     64           FF           FF
02602 152399  12 31 3 2 2026-01-04 18:26:01  23.346   60.889  0.000 401649727
      2026-01-04 18:22:57  1         29           0A           BD           00
                                     00           08           9A           49
                                     D9           00           00           07
                                     D5           4A           AA           00
                                     00           07           6F           4B
                                     FD           00           09           0B
                                     4B           6D           E9           28
                                     6A           D2           5A
      2026-01-04 18:23:43  1         B4           0B           50           80
                                     00           00           06           38
                                     53           F5           00           00
                                     05           E1           54           31
                                     00           00           05           7D
                                     56           4E           00           00
                                     05           13           65           A4
                                     B4           B4           96
      2026-01-04 18:24:29  1         BD           0C           B2           58
                                     D5           00           00           04
                                     4E           58           FB           00
                                     00           03           E8           59
                                     E9           00           00           03
                                     8B           5B           36           00
                                     00           03           25           5B
                                     CE           00           00
      2026-01-04 18:25:15  1         81           0D           02           BF
                                     60           D3           00           00
                                     02           57           61           02
                                     00           00           01           F7
                                     61           01           00           00
                                     01           C0           61           28
                                     00           00           01           91
                                     61           55           00
      2026-01-04 18:26:01  1         76           0E           00           01
                                     64           61           86           00
                                     00           01           2F           61
                                     8E           00           00           00
                                     FD           61           90           00
                                     00           00           C9           61
                                     96           00           00           00
                                     96           61           A2
      2026-01-04 18:26:47  1         13           0F           00           00
                                     00           64           61           D3
                                     00           00           00           2B
                                     00           07           00           00
                                     06           07           2A           4A
                                     5C           63           64           FF
                                     FF           FF           FF           FF
                                     FF           FF           FF
      2026-01-04 18:27:36  1         6B           01           21           01
                                     3F           68           3A           80
                                     01           00           FF           FE
                                     FE           99           41           14
                                     00           00           00           00
                                     93           04           82           39
                                     6A           D0           90           42
                                     0D           03           65
      2026-01-04 18:28:19  1         55           02           44           0C
                                     5A           69           01           5B
                                     00           00           D8           24
                                     CD           27           60           00
                                     43           00           14           24
                                     24           27           6A           25
                                     91           26           F3           26
                                     F3           27           91
      2026-01-04 18:29:05  1         F8           03           52           7A
                                     0A           47           24           C2
                                     00           00           27           4C
                                     0E           20           00           00
                                     4A           31           0F           F9
                                     00           00           46           52
                                     11           C9           00           00
                                     42           68           14
      2026-01-04 18:29:51  1         FA           04           28           00
                                     00           3E           84           17
                                     2E           00           00           3A
                                     9C           1A           05           00
                                     10           36           BB           1B
                                     07           00           00           34
                                     BF           1C           58           00
                                     00           32           CD
      2026-01-04 18:30:37  1         8F           05           1D           B4
                                     00           00           30           D7
                                     1F           0E           00           00
                                     2E           DE           20           6F
                                     00           00           2C           EF
                                     21           9C           00           00
                                     2A           FC           23           7A
                                     00           00           29
      2026-01-04 18:31:23  1         0E           06           01           24
                                     EA           00           00           27
                                     0B           26           3F           00
                                     00           25           19           27
                                     B4           00           00           23
                                     2C           29           0D           00
                                     00           21           36           2A
                                     C5           00           00
02602 152399  12 31 C 1 2026-01-04 18:33:18  23.333   60.886  0.000 401649731
      2026-01-04 18:26:47  1         13           0F           00           00
                                     00           64           61           D3
                                     00           00           00           2B
                                     00           07           00           00
                                     06           07           2A           4A
                                     5C           63           64           FF
                                     FF           FF           FF           FF
                                     FF           FF           FF
      2026-01-04 18:27:36  1         6B           01           21           03
                                     3B           68           3A           80
                                     01           00           FF           FE
                                     FE           99           41           14
                                     00           00           00           00
                                     93           04           82           39
                                     6A           D0           90           42
                                     0D           03           65
      2026-01-04 18:28:19  1         55           02           44           0C
                                     5A           69           01           5B
                                     00           00           D8           24
                                     CD           27           60           00
                                     43           00           14           24
                                     24           27           6A           25
                                     91           26           F3           26
                                     F3           27           91
      2026-01-04 18:29:05  1         F8           03           52           7A
                                     0A           47           24           C2
                                     00           00           27           4C
                                     0E           20           00           00
                                     4A           31           0F           F9
                                     00           00           46           52
                                     11           C9           00           00
                                     42           68           14
      2026-01-04 18:29:51  1         FA           04           28           00
                                     00           3E           84           17
                                     2E           00           00           3A
                                     9C           1A           05           00
                                     00           36           B3           1B
                                     07           00           00           34
                                     BF           1C           58           00
                                     00           32           CD
      2026-01-04 18:30:37  1         8F           05           1D           B4
                                     00           00           30           D7
                                     1F           0E           00           00
                                     2E           DE           20           6F
                                     00           00           2C           EF
                                     21           9C           00           00
                                     2A           FC           23           7A
                                     00           00           29
      2026-01-04 18:31:23  1         0E           06           01           24
                                     EA           00           00           27
                                     0B           26           3F           00
                                     00           25           19           27
                                     B4           00           00           23
                                     2C           29           0D           00
                                     00           21           36           2A
                                     C5           00           00
      2026-01-04 18:32:09  1         47           07           1F           3D
                                     2C           E5           00           00
                                     1D           4A           2E           A7
                                     00           00           1B           5C
                                     30           B1           00           00
                                     19           6A           32           A5
                                     00           00           17           72
                                     34           A9           00
      2026-01-04 18:32:55  1         28           08           00           15
                                     7B           36           8A           00
                                     00           13           83           38
                                     5C           00           00           11
                                     99           3B           39           00
                                     00           0F           9B           3E
                                     CD           00           00           0E
                                     14           41           A8
      2026-01-04 18:33:41  1         E5           09           00           00
                                     08           E4           43           D6
                                     00           00           0B           B8
                                     45           A9           00           00
                                     0A           F3           48           57
                                     02           00           0A           1F
                                     48           5A           00           00
                                     09           5C           48
      2026-01-04 18:34:27  1         29           0A           BD           00
                                     00           08           9A           49
                                     D9           00           00           07
                                     D5           4A           AA           00
                                     00           07           6F           4B
                                     FD           00           00           07
                                     08           4C           CD           00
                                     00           06           A5
      2026-01-04 18:35:13  1         A4           0B           50           80
                                     00           00           06           38
                                     53           F5           10           00
                                     05           E1           54           31
                                     00           00           01           5D
                                     56           4E           00           00
                                     25           13           57           24
                                     00           00           04
02602 152399  12 31 3 3 2026-01-04 20:03:23  23.337   60.894  0.000 401649728
      2026-01-08 07:39:40  2         F1           01           00           1A
                                     01           08           0D           07
                                     08           61           00           64
                                     A1           00           0C           03
                                     D5           03           E2           06
                                     7A           18           38           40
                                     00           15           00           04
                                     FF           FF           87
      2026-01-08 07:40:19  2         F1           01           00           1A
                                     01           08           0D           07
                                     08           61           00           64
                                     A1           00           0C           03
                                     D5           03           E2           06
                                     7A           18           38           40
                                     00           15           00           04
                                     FF           FF           87
      2026-01-08 07:41:00  1         F1           01           00           1A
                                     01           08           0D           08
                                     26           61           08           64
                                     A6           00           0D           03
                                     D5           03           E2           06
                                     7A           18           38           40
                                     00           17           00           04
                                     FF           FF           B6
      2026-01-08 07:41:39  1         F1           01           00           1A
                                     01           08           0D           09
                                     17           61           06           64
                                     A7           00           0C           03
                                     D5           03           E2           06
                                     7A           18           38           40
                                     00           15           00           04
                                     FF           FF           A4
      2026-01-08 07:42:20  1         F1           01           00           1A
                                     01           08           0D           0A
                                     08           61           06           64
                                     A5           00           0D           03
                                     D5           03           E2           06
                                     7A           18           38           40
                                     00           16           00           04
                                     FF           FF           96
      2026-01-08 07:42:59  2         F1           01           00           1A
                                     01           08           0D           0A
                                     35           61           02           64
                                     A4           00           0C           03
                                     D5           03           E2           06
                                     7A           18           38           40
                                     00           16           00           04
                                     FF           FF           BD
      2026-01-08 07:43:39  2         F1           01           00           1A
                                     01           08           0D           0A
                                     35           61           02           64
                                     A4           00           0C           03
                                     D5           03           E2           06
                                     7A           18           38           40
                                     00           16           00           04
                                     FF           FF           BD
      2026-01-08 07:44:21  1         F1           01           00           1A
                                     01           08           0D           0B
                                     26           61           07           64
                                     A5           00           0D           03
                                     D5           03           E2           06
                                     7A           19           36           19
                                     00           16           00           04
                                     FF           FF           8E
      2026-01-08 07:45:03  1         F1           01           00           1A
                                     01           08           0D           0C
                                     17           61           05           64
                                     BD           00           0C           03
                                     D5           03           E2           06
                                     7A           18           38           40
                                     00           18           00           04
                                     FF           FF           BF
      2026-01-08 07:46:23  1         F1           01           00           0A
                                     01           08           0D           0D
                                     36           45           07           64
                                     D2           00           0B           03
                                     D5           03           E2           06
                                     58           18           38           40
                                     00           1E           01           24
                                     FF           FB           E3
      2026-01-04 19:58:47  1         13           0F           00           00
                                     00           64           61           D3
                                     00           00           00           2B
                                     00           07           00           00
                                     06           07           2A           4A
                                     5C           63           64           FF
                                     FF           FF           FF           FF
                                     FF           FF           FF
      2026-01-04 19:59:36  1         03           01           29           03
                                     3B           68           3A           80
                                     01           00           FF           FE
                                     FE           99           41           14
                                     00           00           00           00
                                     93           04           82           39
                                     6A           D0           90           42
                                     0D           03           65
      2026-01-04 20:01:05  1         F8           03           52           7A
                                     0A           47           24           C2
                                     00           00           27           4C
                                     0E           20           00           00
                                     4A           31           0F           F9
                                     00           00           46           52
                                     11           C9           00           00
                                     42           68           14
      2026-01-04 20:01:51  1         FA           04           28           00
                                     00           3E           84           17
                                     2E           00           00           3A
                                     9C           1A           05           00
                                     00           36           B3           1B
                                     07           00           00           34
                                     BF           1C           58           00
                                     00           32           CD
      2026-01-04 20:02:37  1         8F           05           1D           B4
                                     00           00           30           D7
                                     1F           0E           00           00
                                     2E           DE           20           6F
                                     00           00           2C           EF
                                     21           9C           00           00
                                     2A           FC           23           7A
                                     00           00           29
      2026-01-04 20:03:23  1         0E           06           01           24
                                     EA           00           00           27
                                     0B           26           3F           00
                                     00           25           19           27
                                     B4           00           00           23
                                     2C           29           0D           00
                                     00           21           36           2A
                                     C5           00           00
      2026-01-04 20:04:09  1         47           07           1F           3D
                                     2C           E5           00           00
                                     1D           4A           2E           A7
                                     00           00           1B           5C
                                     30           B1           00           00
                                     19           6A           32           A5
                                     00           00           17           72
                                     34           A9           00
      2026-01-04 20:04:55  1         28           08           00           15
                                     7B           36           8A           00
                                     00           13           83           38
                                     5C           00           00           11
                                     99           3B           39           00
                                     00           0F           9B           3E
                                     CD           00           00           0E
                                     14           41           A8
      2026-01-04 20:05:41  1         E5           09           00           00
                                     0C           E4           43           D6
                                     00           00           0B           BC
                                     45           A9           00           00
                                     0A           F3           48           57
                                     00           00           0A           1F
                                     48           5A           00           00
                                     09           5C           48
      2026-01-04 20:06:27  1         29           0A           BD           00
                                     00           08           9A           49
                                     D9           00           00           07
                                     D5           4A           AA           00
                                     00           07           6F           4B
                                     FD           00           00           07
                                     08           4C           CD           00
                                     00           06           A5
      2026-01-04 20:07:13  1         B4           0B           50           80
                                     00           00           06           38
                                     53           F5           00           00
                                     05           E1           54           31
                                     00           00           05           7D
                                     56           4E           00           00
                                     05           13           57           24
                                     00           00           04
      2026-01-04 20:07:59  1         BD           0C           B2           58
                                     D5           00           00           04
                                     4E           58           FB           00
                                     00           03           E8           59
                                     E9           00           00           03
                                     8B           1B           36           00
                                     00           03           25           5B
                                     CE           00           00
                                     00           03           25           5B
                                     CE           00           00