UTC 14-01-2026 19:05
02602 039699  14 31 R 3 2026-01-09 13:16:51  12.946   80.214  0.000 401650046
      2026-01-09 13:13:11  1         02           01           01           00
                                     00           00           00           00
                                     00           00           00           00
                                     00           00           00           00
                                     00           00           00           00
                                     00           1A           01           08
                                     11           12           07           00
                                     0A           00           5B
      2026-01-09 13:13:54  1         03           01           01           C9
                                     00           0D           00           C4
                                     00           0C           00           C9
                                     00           11           03           D5
                                     00           0D           1A           01
                                     09           05           12           09
                                     00           0D           00           C4
                                     00           0B           1F
      2026-01-09 13:14:34  1         04           01           01           00
                                     C4           00           0A           00
                                     6F           00           0A           00
                                     6F           00           0A           00
                                     6F           00           08           89
                                     D2           68           DE           00
                                     1E           7F           00           6F
                                     89           D2           45
      2026-01-09 13:15:13  1         05           01           01           68
                                     DE           00           1E           7F
                                     00           6F           89           D2
                                     68           DE           00           1E
                                     7F           00           6F           89
                                     D2           68           DE           00
                                     1E           7F           00           6F
                                     89           D2           0E
      2026-01-09 13:15:52  1         06           01           01           68
                                     DE           00           1E           7F
                                     00           6F           89           D2
                                     68           DE           00           1E
                                     7F           00           6F           89
                                     D2           68           DE           00
                                     1E           7F           00           6F
                                     89           D2           1F
      2026-01-09 13:16:31  1         07           01           01           68
                                     DE           00           1E           7F
                                     00           6F           89           D2
                                     68           DE           00           1E
                                     7F           00           6F           89
                                     D2           68           DE           00
                                     1E           7F           00           6F
                                     89           D2           1F
      2026-01-09 13:17:13  1         08           01           01           68
                                     DE           00           1E           7F
                                     00           6F           89           D2
                                     68           DE           00           1E
                                     7F           00           6F           89
                                     D2           68           DE           00
                                     1E           7F           00           6F
                                     89           D2           1F
      2026-01-09 13:17:51  3         09           01           01           68
                                     DE           00           1E           7F
                                     00           6F           89           D2
                                     68           DE           00           1E
                                     7F           00           6F           89
                                     D2           68           DE           00
                                     1E           7F           00           6F
                                     89           D2           1F
      2026-01-09 13:18:30  3         09           01           01           68
                                     DE           00           1E           7F
                                     00           6F           89           D2
                                     68           DE           00           1E
                                     7F           00           6F           89
                                     D2           68           DE           00
                                     1E           7F           00           6F
                                     89           D2           1F
      2026-01-09 13:19:12  3         09           01           01           68
                                     DE           00           1E           7F
                                     00           6F           89           D2
                                     68           DE           00           1E
                                     7F           00           6F           89
                                     D2           68           DE           00
                                     1E           7F           00           6F
                                     89           D2           1F
      2026-01-09 13:19:51  1         0B           01           01           68
                                     DE           00           1E           7F
                                     00           6F           89           D2
                                     68           DE           00           1E
                                     7F           00           6F           89
                                     D2           68           DE           00
                                     1E           7F           00           6F
                                     89           D2           1F
      2026-01-09 13:20:31  1         0C           01           01           68
                                     DE           00           1E           7F
                                     00           6F           89           D2
                                     68           DE           00           1E
                                     7F           00           6F           89
                                     D2           68           DE           00
                                     1E           7F           00           6F
                                     89           D2           1F
      2026-01-09 13:21:53  1         0A           01           80           68
                                     DE           00           1E           7F
                                     00           6F           0D           D2
                                     68           DE           18           1E
                                     7F           20           69           81
                                     D2           68           DE           00
                                     5A           7F           80           6F
                                     89           CA           1E
      2026-01-09 13:22:35  1         0F           81           01           68
                                     5E           00           1E           3E
                                     80           10           66           F3
                                     2F           3F           01           83
                                     8A           03           32           9B
                                     B8           FC           A4           17
                                     E4           E1           C0           A1
                                     90           26           10
02602 039699   4 31 C 3 2026-01-09 15:07:47  12.945   80.213  0.000 401650043
      2026-01-09 14:59:31  1         14           01           01           68
                                     DE           00           1E           7F
                                     00           6F           89           D2
                                     68           DE           00           1E
                                     7F           00           6F           89
                                     DA           6A           8F           01
                                     86           7F           00           EF
                                     C9           DA           17
      2026-01-09 15:06:54  1         1E           01           01           1A
                                     01           09           14           22
                                     1F           7A           B1           67
                                     62           00           0A           03
                                     DE           03           E5           06
                                     7A           18           38           40
                                     00           12           00           04
                                     FF           FF           84
      2026-01-09 15:07:33  1         1E           01           01           1A
                                     01           09           14           22
                                     1F           3A           B1           67
                                     62           00           0A           03
                                     DF           83           E5           06
                                     7A           18           38           40
                                     00           12           08           04
                                     FF           FF           84
      2026-01-09 15:08:54  1         02           01           01           00
                                     00           00           00           00
                                     00           00           00           00
                                     00           00           00           00
                                     00           00           00           00
                                     00           1A           01           08
                                     11           12           07           20
                                     0A           00           1F
02602 039699   7 31 B 3 2026-01-09 16:04:19  12.947   80.213  0.000 401650042
      2026-01-09 16:01:06  1         09           01           01           68
                                     DE           00           1E           7F
                                     00           6F           89           D2
                                     68           DE           00           1E
                                     7F           00           6F           89
                                     D2           68           DE           00
                                     1E           7F           00           6F
                                     89           D2           1F
      2026-01-09 16:01:48  1         0A           01           01           68
                                     DE           00           1E           7F
                                     00           6F           89           D2
                                     68           DE           00           1E
                                     7F           00           6F           89
                                     D2           68           DE           00
                                     1E           7F           00           6F
                                     89           D2           1F
      2026-01-09 16:03:11  1         0C           01           01           68
                                     DE           00           1E           7F
                                     00           6F           89           D2
                                     68           DE           00           1E
                                     7F           00           6F           89
                                     D2           68           DE           00
                                     1E           7F           00           6F
                                     89           D2           15
      2026-01-09 16:03:53  1         0D           01           01           68
                                     DE           00           1E           7F
                                     00           6F           89           D2
                                     68           DE           00           1E
                                     7F           00           6F           89
                                     D2           68           DE           00
                                     1E           7F           00           6F
                                     89           D2           1F
      2026-01-09 16:05:11  1         0F           01           01           68
                                     DE           00           1E           7F
                                     00           6F           89           D2
                                     68           DE           00           1E
                                     7F           00           6F           89
                                     D2           68           DE           00
                                     1E           7F           00           6F
                                     89           D2           1F
      2026-01-09 16:06:33  1         11           01           01           68
                                     DE           00           1E           7F
                                     00           6F           89           D2
                                     68           DE           00           1E
                                     7F           00           6F           89
                                     D2           68           DE           00
                                     1E           7F           00           6F
                                     89           D2           1F
      2026-01-09 16:08:36  1         12           01           01           68
                                     DE           00           1E           7F
                                     00           6F           89           D2
                                     68           DE           00           1E
                                     7F           00           6F           89
                                     D2           68           DE           00
                                     1E           7F           00           6F
                                     89           D2           1F
02602 039699  13 31 C 3 2026-01-09 16:44:56  12.948   80.211  0.000 401650041
      2026-01-09 16:40:16  1         1E           01           01           1A
                                     01           09           16           07
                                     1B           74           44           67
                                     34           00           0A           03
                                     DE           03           E2           06
                                     7A           18           38           40
                                     00           13           00           04
                                     FF           FF           C4
      2026-01-09 16:40:55  1         1E           01           01           1A
                                     01           09           16           07
                                     1B           74           44           67
                                     34           00           0A           03
                                     DE           03           E2           06
                                     7A           18           38           48
                                     80           13           00           05
                                     FF           FF           C4
      2026-01-09 16:42:16  1         02           01           01           00
                                     00           00           00           00
                                     00           00           00           00
                                     00           00           00           00
                                     00           00           00           00
                                     00           1A           01           08
                                     11           12           07           00
                                     0A           00           1F
      2026-01-09 16:42:55  1         03           01           01           C9
                                     00           0D           00           C4
                                     00           0C           00           C9
                                     00           11           03           D5
                                     00           0D           1A           01
                                     09           05           12           09
                                     00           0D           00           C4
                                     00           0B           1F
      2026-01-09 16:43:34  1         04           01           01           00
                                     C4           00           0A           00
                                     6F           00           0A           00
                                     6F           00           0A           00
                                     6F           00           08           89
                                     D2           68           DE           00
                                     1E           7F           00           6F
                                     89           D2           1F
      2026-01-09 16:44:13  1         05           01           01           68
                                     DE           00           1E           7F
                                     00           6F           89           D2
                                     68           DE           00           1E
                                     7F           00           6F           89
                                     D2           68           DE           00
                                     1E           7F           00           6F
                                     89           D2           1F
      2026-01-09 16:44:55  1         06           01           01           68
                                     DE           00           1E           7F
                                     00           6F           89           D2
                                     68           DE           00           1E
                                     7F           00           6F           89
                                     D2           68           DE           00
                                     1E           7F           00           6F
                                     89           D2           1F
      2026-01-09 16:45:38  1         07           01           01           68
                                     DE           00           1E           7F
                                     00           6F           89           D2
                                     68           DE           00           1E
                                     7F           00           6F           89
                                     D2           68           DE           00
                                     1E           7F           00           6F
                                     89           D2           1F
      2026-01-09 16:46:18  3         08           01           01           68
                                     DE           00           1E           7F
                                     00           6F           89           D2
                                     68           DE           00           1E
                                     7F           00           6F           89
                                     D2           68           DE           00
                                     1E           7F           00           6F
                                     89           D2           11
      2026-01-09 16:46:59  3         08           01           01           68
                                     DE           00           1E           7F
                                     00           6F           89           D2
                                     68           DE           00           1E
                                     7F           00           6F           89
                                     D2           68           DE           00
                                     1E           7F           00           6F
                                     89           D2           11
      2026-01-09 16:47:40  3         08           01           01           68
                                     DE           00           1E           7F
                                     00           6F           89           D2
                                     68           DE           00           1E
                                     7F           00           6F           89
                                     D2           68           DE           00
                                     1E           7F           00           6F
                                     89           D2           11
      2026-01-09 16:48:59  1         0B           01           01           68
                                     DE           00           1E           7F
                                     00           6F           89           D2
                                     68           DE           00           1E
                                     7F           00           6F           89
                                     D2           68           DE           00
                                     1E           7F           00           6F
                                     89           D2           1F
      2026-01-09 16:49:39  1         0C           01           01           68
                                     DE           00           1E           7F
                                     00           6F           89           D2
                                     68           DE           00           1E
                                     7F           00           6F           89
                                     D2           68           DE           00
                                     1E           7F           00           6F
                                     89           D2           1F
02602 039699   6 31 3 3 2026-01-09 17:55:05  12.946   80.213  0.000 401650041
      2026-01-09 17:52:17  1         03           01           01           C9
                                     00           0D           00           C4
                                     00           0C           00           C9
                                     00           11           03           D5
                                     00           0D           1A           01
                                     09           05           12           09
                                     00           0D           00           C4
                                     00           0B           1F
      2026-01-09 17:53:36  1         04           01           01           00
                                     C4           00           0A           00
                                     6F           00           0A           02
                                     6F           04           0A           00
                                     6F           00           08           89
                                     D2           68           DE           00
                                     1E           7F           00           6F
                                     89           D2           1F
      2026-01-09 17:54:58  1         06           01           01           68
                                     DE           00           1E           7F
                                     00           6F           89           D2
                                     68           DE           00           1E
                                     7F           00           6F           89
                                     D2           68           DE           00
                                     1E           7F           00           6F
                                     89           D2           1F
      2026-01-09 17:55:40  1         05           01           01           68
                                     DE           00           1E           7F
                                     00           6F           89           D2
                                     68           DE           00           1E
                                     7F           00           6F           89
                                     D2           68           DE           02
                                     1E           7F           00           6F
                                     89           D2           1F
      2026-01-09 17:56:19  1         08           01           01           68
                                     DE           00           1E           7F
                                     00           6F           89           D2
                                     68           DE           00           1E
                                     7F           00           6F           89
                                     D2           68           DE           02
                                     1E           7F           00           6F
                                     89           D2           1F
      2026-01-09 17:57:41  1         0A           01           01           68
                                     DE           00           1E           7F
                                     00           6F           89           D2
                                     68           DE           00           1E
                                     7F           00           6F           89
                                     D2           68           DE           00
                                     1E           7F           00           6F
                                     89           D2           1F
02602 039699   8 31 3 3 2026-01-09 19:31:36  12.951   80.209  0.000 401650038
      2026-01-09 19:28:22  1         07           01           01           68
                                     DE           00           1E           7F
                                     00           6F           89           D2
                                     68           DE           00           1E
                                     7F           00           6F           89
                                     D2           68           DE           00
                                     1E           7F           00           6F
                                     89           D2           10
      2026-01-09 19:29:02  1         08           01           01           68
                                     DE           00           1E           7F
                                     00           6F           89           D2
                                     68           DE           00           1E
                                     7F           00           6F           89
                                     D2           68           DE           00
                                     1E           7F           00           6F
                                     89           D2           11
      2026-01-09 19:30:21  1         09           01           01           68
                                     DE           00           1E           7F
                                     00           6F           89           D2
                                     68           DE           00           1E
                                     7F           00           6F           89
                                     D2           68           DE           00
                                     1E           7F           00           6F
                                     89           D2           1F
      2026-01-09 19:31:41  1         0B           01           01           68
                                     DE           00           1E           7F
                                     00           6F           89           D2
                                     68           DE           00           1E
                                     7F           00           6F           89
                                     D2           68           DE           00
                                     1E           7F           00           6F
                                     89           D2           14
      2026-01-09 19:32:19  1         0C           01           01           68
                                     DE           00           1E           7F
                                     00           6F           89           D2
                                     68           DE           00           1E
                                     7F           00           6F           89
                                     D2           68           DE           00
                                     1E           7F           00           6F
                                     89           D2           15
      2026-01-09 19:33:01  2         0D           01           01           68
                                     DE           00           1E           7F
                                     00           6F           89           D2
                                     68           DE           00           1E
                                     7F           00           6F           89
                                     D2           68           DE           00
                                     1E           7F           00           6F
                                     89           D2           16
      2026-01-09 19:33:43  2         0D           01           01           68
                                     DE           00           1E           7F
                                     00           6F           89           D2
                                     68           DE           00           1E
                                     7F           00           6F           89
                                     D2           68           DE           00
                                     1E           7F           00           6F
                                     89           D2           16
      2026-01-09 19:34:25  1         0F           01           01           68
                                     DE           00           1E           7F
                                     00           6F           89           D2
                                     68           DE           00           1E
                                     7F           00           6F           89
                                     D2           68           DE           00
                                     1E           7F           00           6F
                                     89           D2           1F
02602 039699  12 31 R 3 2026-01-10 00:20:40  12.945   80.209  0.000 401650040
      2026-01-10 00:16:58  2         13           01           01           68
                                     DE           00           1E           7F
                                     00           6F           89           D2
                                     68           DE           00           1E
                                     7F           00           6F           89
                                     D2           68           DE           00
                                     1E           7F           00           6F
                                     89           D2           1F
      2026-01-10 00:17:40  2         13           01           01           68
                                     DE           00           1E           7F
                                     00           6F           89           D2
                                     68           DE           00           1E
                                     7F           00           6F           89
                                     D2           68           DE           00
                                     1E           7F           00           6F
                                     89           D2           1F
      2026-01-10 00:18:19  1         15           01           01           68
                                     DE           00           1E           7F
                                     00           6F           89           D2
                                     68           DE           00           1E
                                     7F           00           6F           89
                                     D2           68           DE           00
                                     1E           7F           00           6F
                                     89           D2           1E
      2026-01-10 00:18:57  2         16           01           01           68
                                     DE           00           1E           7F
                                     00           6F           89           D2
                                     68           DE           00           1E
                                     7F           00           6F           89
                                     D2           68           DE           00
                                     1E           7F           00           6F
                                     89           D2           1F
      2026-01-10 00:19:37  2         16           01           01           68
                                     DE           00           1E           7F
                                     00           6F           89           D2
                                     68           DE           00           1E
                                     7F           00           6F           89
                                     D2           68           DE           00
                                     1E           7F           00           6F
                                     89           D2           1F
      2026-01-10 00:20:20  1         18           01           01           68
                                     DE           00           1E           7F
                                     00           6F           89           D2
                                     68           DE           00           1E
                                     7F           00           6F           89
                                     D2           68           DE           00
                                     1E           7F           00           6F
                                     89           D2           1F
      2026-01-10 00:21:00  1         19           01           01           68
                                     DE           00           1E           7F
                                     00           6F           89           D2
                                     68           DE           00           1E
                                     7F           00           6F           89
                                     D2           68           DE           00
                                     1E           7F           00           6F
                                     89           D2           1F
      2026-01-10 00:21:41  1         1A           01           01           68
                                     DE           00           1E           7F
                                     00           6F           89           D2
                                     68           DE           00           1E
                                     7F           00           6F           89
                                     D2           68           DE           00
                                     1E           7F           00           6F
                                     89           D2           23
      2026-01-10 00:22:22  1         1B           01           01           68
                                     DE           00           1E           7F
                                     00           6F           89           D2
                                     68           DE           00           1E
                                     7F           00           6F           89
                                     D2           68           DE           00
                                     1E           7F           00           6F
                                     89           D2           24
      2026-01-10 00:23:04  1         1C           01           01           68
                                     DE           00           1E           7F
                                     00           6F           89           D2
                                     68           DE           00           1E
                                     7F           00           6F           89
                                     CD           68           E8           00
                                     1F           7F           00           6F
                                     1A           01           1F
      2026-01-10 00:23:46  1         1D           01           01           09
                                     06           12           0A           00
                                     1A           01           09           12
                                     10           0A           00           00
                                     00           00           00           00
                                     00           00           00           00
                                     00           00           00           00
                                     00           00           1F
      2026-01-10 00:24:28  1         1D           01           01           09
                                     06           12           4A           48
                                     92           96           93           25
                                     2F           F2           00           DF
                                     D2           0B           F4           49
                                     F6           5B           3F           D5
                                     25           98           36           88
                                     ED           93           46
02602 039699   1 31 C
      2026-01-11 03:17:25  1         1C           01           02           65
                                     75           00           1E           7F
                                     00           7A           89           E1
                                     65           75           00           1E
                                     7F           00           7A           89
                                     E1           65           74           00
                                     1D           00           00           7A
                                     1A           01           60
02602 039699   6 31 B 3 2026-01-11 04:16:22  12.946   80.214  0.000 401650047
      2026-01-11 04:13:17  1         09           01           02           65
                                     75           00           1E           7F
                                     00           7A           89           E1
                                     65           75           00           1E
                                     7F           00           7A           89
                                     E1           65           75           00
                                     1E           7F           00           7A
                                     89           E1           1F
      2026-01-11 04:14:41  1         0B           01           02           65
                                     75           00           1E           7F
                                     00           7A           89           E1
                                     65           75           00           1E
                                     7F           00           7A           89
                                     E1           65           75           00
                                     1E           7F           00           7A
                                     89           E1           1F
      2026-01-11 04:15:21  1         0C           01           02           65
                                     75           00           1E           7F
                                     00           7A           89           E1
                                     65           75           00           1E
                                     7F           00           7A           89
                                     E1           65           75           00
                                     1E           7F           00           7A
                                     89           E1           1E
      2026-01-11 04:16:02  1         0D           01           02           65
                                     75           00           1E           7F
                                     00           7A           89           E1
                                     65           75           00           1E
                                     7F           00           7A           89
                                     E1           65           75           00
                                     1E           7F           00           7A
                                     89           E1           1F
      2026-01-11 04:18:05  1         10           01           02           65
                                     75           00           1E           7F
                                     00           7A           89           E1
                                     65           75           00           1E
                                     7F           00           7A           89
                                     E3           65           75           00
                                     1E           7F           00           7A
                                     89           E1           1F
      2026-01-11 04:20:50  1         12           01           02           65
                                     75           00           1E           7F
                                     00           7A           89           E1
                                     65           75           00           1E
                                     7F           00           7A           89
                                     E1           65           75           00
                                     1E           7F           00           7A
                                     09           E1           9F
02602 039699  11 31 C 3 2026-01-11 04:56:11  12.945   80.215  0.000 401650046
      2026-01-11 04:52:49  1         1E           01           02           1A
                                     01           0B           08           13
                                     27           89           E8           62
                                     E4           00           0D           03
                                     DE           03           DE           06
                                     7A           17           38           2D
                                     00           16           00           04
                                     FD           FF           25
      2026-01-11 04:53:29  1         01           01           02           4E
                                     20           67           14           49
                                     FF           00           00           00
                                     00           00           00           00
                                     01           00           00           00
                                     00           00           00           00
                                     00           00           00           00
                                     00           00           1F
      2026-01-11 04:54:07  1         02           01           02           00
                                     00           00           00           00
                                     00           00           00           00
                                     00           00           00           00
                                     00           00           00           00
                                     00           1A           01           0A
                                     06           10           30           00
                                     0C           00           1F
      2026-01-11 04:54:47  1         03           01           02           D0
                                     00           0D           00           CC
                                     00           0D           00           CD
                                     00           13           03           DE
                                     00           0D           1A           01
                                     0A           12           10           32
                                     00           0D           00           CC
                                     00           0D           1F
      2026-01-11 04:55:29  1         04           01           02           00
                                     CC           00           0A           00
                                     7A           00           0B           00
                                     7A           00           09           00
                                     7A           00           08           89
                                     E1           65           75           00
                                     1E           7F           00           7A
                                     89           E1           1F
      2026-01-11 04:56:10  2         05           01           02           65
                                     75           00           1E           7F
                                     00           7A           89           E1
                                     65           75           00           1E
                                     7F           00           7A           89
                                     E1           65           75           00
                                     1E           7F           00           7A
                                     89           E1           1F
      2026-01-11 04:56:48  2         05           01           02           65
                                     75           00           1E           7F
                                     00           7A           89           E1
                                     65           75           00           1E
                                     7F           00           7A           89
                                     E1           65           75           00
                                     1E           7F           00           7A
                                     89           E1           1F
      2026-01-11 04:57:26  1         06           01           02           65
                                     75           00           1E           7F
                                     00           7A           89           E1
                                     65           75           00           1E
                                     7F           00           7A           89
                                     E1           65           75           00
                                     1E           7F           00           7A
                                     89           E1           1F
      2026-01-11 04:58:05  1         07           01           02           65
                                     75           00           1E           7F
                                     00           7A           89           E1
                                     65           75           00           1E
                                     7F           00           7A           89
                                     E1           65           75           00
                                     1E           7F           00           7A
                                     89           E1           1F
      2026-01-11 04:58:45  1         08           01           02           65
                                     75           00           1E           7F
                                     00           7A           89           E1
                                     65           75           00           1E
                                     7F           00           7A           89
                                     E1           65           75           00
                                     1E           7F           00           7A
                                     89           E1           1F
      2026-01-11 05:00:10  1         0A           01           02           65
                                     75           00           1E           7F
                                     00           7A           89           E1
                                     65           75           00           1E
                                     7F           00           7A           89
                                     E1           65           71           00
                                     1E           7F           00           7A
                                     89           E1           1F
02602 039699  13 31 3 3 2026-01-11 07:05:00  12.944   80.221  0.000 401650047
      2026-01-11 07:00:10  1         0F           01           02           65
                                     75           00           1E           7F
                                     00           7A           89           E1
                                     65           75           00           1E
                                     7F           00           7A           89
                                     E1           65           75           00
                                     1E           7F           00           7A
                                     8D           E1           1F
      2026-01-11 07:02:51  1         12           01           02           65
                                     75           00           1E           7F
                                     00           7A           89           E1
                                     65           75           00           1E
                                     7F           00           7A           89
                                     E1           65           75           00
                                     1E           7F           00           7A
                                     89           E1           1F
      2026-01-11 07:03:30  1         13           01           02           65
                                     75           00           1E           7F
                                     00           7A           89           E1
                                     65           75           00           1E
                                     7F           00           7A           89
                                     E1           65           75           00
                                     1E           7F           00           7A
                                     89           E1           1F
      2026-01-11 07:04:12  1         14           01           02           65
                                     75           00           1E           7F
                                     00           7A           89           E1
                                     65           75           00           1E
                                     7F           00           7A           89
                                     E1           65           75           00
                                     1E           7F           00           7A
                                     89           E1           1F
      2026-01-11 07:04:52  1         15           01           02           65
                                     75           00           1E           7F
                                     00           7A           89           E1
                                     65           75           00           1E
                                     7F           00           7A           89
                                     E1           65           75           00
                                     1E           7F           00           7A
                                     89           E1           1F
      2026-01-11 07:05:33  1         16           01           02           65
                                     75           00           1E           7F
                                     00           7A           89           E1
                                     65           75           00           1E
                                     7F           00           7A           89
                                     E1           65           75           00
                                     1E           7F           00           7A
                                     89           E1           1F
      2026-01-11 07:06:14  1         17           01           02           65
                                     75           00           1E           7F
                                     00           7A           89           E1
                                     65           75           00           1E
                                     7F           00           7A           89
                                     E1           65           75           00
                                     1E           7F           00           7A
                                     89           E1           1F
      2026-01-11 07:06:54  1         18           01           02           65
                                     75           00           1E           7F
                                     00           7A           89           E1
                                     65           75           00           1E
                                     7F           00           7A           89
                                     E1           65           75           00
                                     1E           7F           00           7A
                                     89           E1           1F
      2026-01-11 07:07:34  1         19           01           02           65
                                     75           00           1E           7F
                                     00           7A           89           E1
                                     65           75           00           1E
                                     7F           00           7A           89
                                     E1           65           75           00
                                     1E           7F           00           7A
                                     89           E1           1F
      2026-01-11 07:08:13  2         1A           01           02           65
                                     75           00           1E           7F
                                     00           7A           89           E1
                                     65           75           00           1E
                                     7F           00           7A           89
                                     E1           65           75           00
                                     1E           7F           00           7A
                                     89           E1           1F
      2026-01-11 07:08:51  2         1A           01           02           65
                                     75           00           1E           7F
                                     00           7A           89           E1
                                     65           75           00           1E
                                     7F           00           7A           89
                                     E1           65           75           00
                                     1E           7F           00           7A
                                     89           E1           1F
      2026-01-11 07:09:31  1         1B           01           02           65
                                     75           00           1E           7F
                                     00           7A           89           E1
                                     45           75           00           1E
                                     7F           00           7A           89
                                     E1           65           75           00
                                     1E           7F           00           7A
                                     89           E1           2F
      2026-01-11 07:10:11  1         1C           01           02           65
                                     75           00           1E           5F
                                     00           3A           89           E1
                                     65           75           00           1E
                                     7F           00           7A           89
                                     E1           65           74           00
                                     1D           00           00           7A
                                     1A           81           1F
02602 039699   6 31 R 3 2026-01-11 12:17:25  12.945   80.211  0.000 401650045
      2026-01-11 12:13:04  1         1D           01           02           0A
                                     13           10           33           00
                                     1A           01           0B           07
                                     0E           33           00           00
                                     00           00           00           00
                                     00           00           00           00
                                     00           00           00           00
                                     00           00           1F
      2026-01-11 12:15:06  1         01           01           02           4E
                                     20           27           14           49
                                     FF           00           00           00
                                     00           00           00           00
                                     00           00           00           00
                                     00           00           00           00
                                     00           00           00           00
                                     00           00           1F
      2026-01-11 12:15:44  1         02           01           02           00
                                     00           00           00           00
                                     00           00           00           00
                                     00           00           00           00
                                     00           00           00           00
                                     00           1A           01           0A
                                     06           10           30           00
                                     0C           00           1F
      2026-01-11 12:17:05  1         03           01           02           D0
                                     00           0D           00           CC
                                     00           0D           00           CD
                                     00           13           03           DE
                                     00           0D           1A           01
                                     0A           12           10           32
                                     00           0D           00           CC
                                     00           0D           E9
      2026-01-11 12:17:46  1         04           01           02           00
                                     CC           00           0A           00
                                     7A           00           0B           00
                                     7A           00           09           00
                                     7A           00           08           89
                                     E1           65           75           00
                                     1E           7F           00           7A
                                     89           E1           2C
      2026-01-11 12:19:05  1         06           01           02           65
                                     75           00           1E           7F
                                     00           7A           89           E1
                                     65           75           00           1E
                                     7F           00           7A           89
                                     E1           65           75           00
                                     1E           7F           00           7A
                                     89           E1           1F
02602 039699   6 31 B 3 2026-01-12 15:03:23  12.948   80.214  0.000 401650048
      2026-01-12 14:58:41  2         12           01           03           60
                                     0E           00           1F           7F
                                     00           7D           89           EB
                                     60           0E           00           1F
                                     7F           00           7D           89
                                     EB           60           0E           00
                                     1F           7F           00           7D
                                     89           EB           1F
      2026-01-12 14:59:19  2         12           01           03           60
                                     0E           00           1F           7F
                                     00           7D           89           EB
                                     60           0E           00           1F
                                     7F           00           7D           89
                                     EB           60           0E           00
                                     1F           7F           00           7D
                                     89           EB           1F
      2026-01-12 15:00:00  1         13           01           03           60
                                     0E           00           1F           7F
                                     00           7D           89           EB
                                     60           0E           00           1F
                                     7F           00           7D           89
                                     EB           60           0E           00
                                     1F           7F           00           7D
                                     89           EB           1F
      2026-01-12 15:05:54  1         1B           01           03           60
                                     06           00           1F           7F
                                     00           7D           89           EB
                                     60           0E           00           1F
                                     7F           00           7D           89
                                     EB           60           0E           00
                                     1F           7F           00           7D
                                     89           EB           1F
      2026-01-12 15:07:54  1         1D           01           03           0C
                                     08           0F           20           00
                                     1A           01           0C           14
                                     0D           20           00           00
                                     00           00           00           00
                                     00           00           00           00
                                     00           00           00           00
                                     00           00           1F
      2026-01-12 15:08:35  1         1E           01           03           1A
                                     01           0C           14           23
                                     2E           0D           D9           62
                                     35           00           09           04
                                     01           04           12           06
                                     7A           16           38           40
                                     00           13           00           04
                                     FF           FF           72
02602 039699  13 31 C 3 2026-01-12 15:44:00  12.945   80.210  0.000 401650046
      2026-01-12 15:38:15  1         08           01           03           60
                                     0E           00           1F           7F
                                     00           7D           89           EB
                                     60           0E           00           1F
                                     7F           00           7D           89
                                     EB           60           0E           00
                                     1F           7F           00           7D
                                     89           EB           1F
      2026-01-12 15:39:39  1         0A           01           03           60
                                     0E           00           1F           7F
                                     00           55           09           EB
                                     60           0E           00           5D
                                     7F           00           7D           89
                                     EB           60           0E           00
                                     1F           7B           01           3D
                                     89           EB           4F
      2026-01-12 15:40:21  1         0B           01           03           60
                                     0E           00           1F           7F
                                     80           7D           89           EB
                                     60           0E           00           1F
                                     7F           00           7D           89
                                     E0           00           00           00
                                     00           00           00           00
                                     00           00           00
      2026-01-12 15:41:42  1         0D           01           03           60
                                     0E           00           1F           7F
                                     00           7D           89           EB
                                     60           0E           00           1F
                                     7F           00           7D           89
                                     EB           60           0E           00
                                     1F           7F           00           7D
                                     89           EB           1F
      2026-01-12 15:43:04  1         0E           01           03           60
                                     0E           00           1F           7F
                                     00           7D           89           EB
                                     60           0E           00           1F
                                     7F           00           7D           89
                                     EB           60           0E           00
                                     1F           7F           00           7D
                                     89           EB           1F
      2026-01-12 15:43:42  2         10           01           03           60
                                     0E           00           1F           7F
                                     00           7D           89           EB
                                     60           0E           00           1F
                                     7F           00           7D           89
                                     EB           60           0E           00
                                     1F           7F           00           7D
                                     89           EB           1F
      2026-01-12 15:44:23  2         10           01           03           60
                                     0E           00           1F           7F
                                     00           7D           89           EB
                                     60           0E           00           1F
                                     7F           00           7D           89
                                     EB           60           0E           00
                                     1F           7F           00           7D
                                     89           EB           1F
      2026-01-12 15:45:05  1         11           01           03           60
                                     0E           00           1F           7F
                                     00           7D           89           EB
                                     60           0E           00           1F
                                     7F           00           7D           89
                                     EB           60           0E           00
                                     1F           7F           00           7D
                                     89           EB           1F
      2026-01-12 15:45:44  1         12           01           03           60
                                     0E           00           1F           7F
                                     00           7D           89           EB
                                     60           0E           00           1F
                                     7F           00           7D           89
                                     EB           60           0E           00
                                     1F           7F           00           7D
                                     89           EB           0D
      2026-01-12 15:46:23  1         13           01           03           60
                                     0E           00           1F           7F
                                     00           7D           89           EB
                                     60           0E           00           1F
                                     7F           00           7D           89
                                     EB           60           0E           00
                                     1F           7F           00           7D
                                     89           EB           1F
      2026-01-12 15:47:03  1         14           01           03           60
                                     0E           00           1F           7F
                                     00           7D           89           EB
                                     60           0E           00           1F
                                     7F           00           7D           89
                                     EB           60           0E           00
                                     1F           7F           00           7D
                                     89           EB           0F
      2026-01-12 15:47:41  1         15           01           03           60
                                     0E           00           1F           7F
                                     00           7D           89           EB
                                     60           0E           00           1F
                                     7F           00           7D           89
                                     EB           60           0E           00
                                     1F           7F           00           7D
                                     89           EB           1F
      2026-01-12 15:49:01  1         17           01           03           60
                                     0E           00           1F           7F
                                     08           7D           89           EB
                                     60           0E           00           1F
                                     7F           00           7D           89
                                     EB           60           0E           00
                                     1F           7F           00           7D
                                     89           EB           1F
02602 039699   1 31 3
      2026-01-12 17:12:46  1         0A           01           03           60
                                     0E           00           1F           7F
                                     00           7D           89           EB
                                     71           54           80           BB
                                     7F           84           1C           82
                                     EA           44           37           04
                                     1F           7B           01           79
                                     89           EB           9F
02602 039699   4 31 C 2 2026-01-12 17:19:36  12.948   80.210  0.000 401650044
      2026-01-12 17:19:37  1         13           01           03           60
                                     0E           00           1F           7F
                                     00           7D           89           EB
                                     60           0E           00           1F
                                     7F           11           5C           B9
                                     8B           D0           8D           00
                                     9B           07           10           76
                                     BE           8E           7E
      2026-01-12 17:24:26  1         1A           01           03           60
                                     0E           00           1F           7F
                                     00           7D           89           EB
                                     60           0E           00           1F
                                     FF           00           7F           89
                                     EB           60           0E           00
                                     1F           7F           00           7D
                                     89           EB           1F
      2026-01-12 17:25:05  2         1B           01           03           60
                                     0E           00           1F           7F
                                     00           7D           89           EB
                                     60           0E           00           1F
                                     7F           00           7D           89
                                     EB           60           0E           00
                                     1F           7F           00           7D
                                     89           EB           16
      2026-01-12 17:25:49  2         1B           01           03           60
                                     0E           00           1F           7F
                                     00           7D           89           EB
                                     60           0E           00           1F
                                     7F           00           7D           89
                                     EB           60           0E           00
                                     1F           7F           00           7D
                                     89           EB           16
02602 039699  17 31 3 3 2026-01-12 18:53:30  12.946   80.212  0.000 401650044
      2026-01-12 18:47:29  1         0D           01           8B           69
                                     1F           00           1B           FE
                                     FD           5F           09           EB
                                     60           82           26           3F
                                     2F           14           B5           A5
                                     AD           64           2D           21
                                     1F           7F           00           7D
                                     89           EB           3F
      2026-01-12 18:48:08  2         0D           01           03           60
                                     0E           00           1F           7F
                                     00           7D           89           EB
                                     60           0E           00           1F
                                     7F           00           7D           89
                                     EB           60           0E           00
                                     1F           7F           00           7D
                                     89           EB           1F
      2026-01-12 18:48:50  2         0D           01           03           60
                                     0E           00           1F           7F
                                     00           7D           89           EB
                                     60           0E           00           1F
                                     7F           00           7D           89
                                     EB           60           0E           00
                                     1F           7F           00           7D
                                     89           EB           1F
      2026-01-12 18:49:30  1         0F           01           03           60
                                     0E           00           1F           7F
                                     00           7D           89           EB
                                     60           0E           00           1F
                                     7F           00           7D           89
                                     EB           60           0E           00
                                     1F           7F           00           7D
                                     89           EB           1F
      2026-01-12 18:50:08  1         10           01           03           60
                                     0E           00           1F           7F
                                     00           7D           89           EB
                                     60           0E           00           1F
                                     7F           00           7D           89
                                     EB           60           0E           00
                                     1F           7F           00           7D
                                     89           EB           1F
      2026-01-12 18:50:46  1         11           01           03           60
                                     0E           00           1F           7F
                                     00           7D           89           EB
                                     60           0E           00           1F
                                     7F           00           7D           89
                                     EB           60           0E           00
                                     1F           7F           00           7D
                                     89           EB           1F
      2026-01-12 18:51:28  1         12           01           03           60
                                     0E           00           1F           7F
                                     00           7D           89           EB
                                     60           0E           00           1F
                                     7F           00           7D           89
                                     EB           60           0E           00
                                     1F           7F           00           7D
                                     89           EB           1F
      2026-01-12 18:52:08  1         13           01           03           60
                                     0E           00           1F           7F
                                     00           7D           89           EB
                                     60           0E           00           1F
                                     7F           00           7D           89
                                     EB           60           0E           00
                                     1F           7F           00           7D
                                     89           EB           0E
      2026-01-12 18:52:47  1         14           01           03           60
                                     0E           00           1F           7F
                                     00           7D           89           EB
                                     60           0E           00           1F
                                     7F           00           7D           89
                                     EB           60           0E           00
                                     1F           7F           00           7D
                                     89           EB           1F
      2026-01-12 18:53:29  1         15           01           03           60
                                     0E           00           1F           7F
                                     00           7D           89           EB
                                     60           0E           00           1F
                                     7F           00           7D           89
                                     EB           60           0E           00
                                     1F           7F           00           7D
                                     89           EB           1F
      2026-01-12 18:54:10  2         16           01           03           60
                                     0E           00           1F           7F
                                     00           7D           89           EB
                                     60           0E           00           1F
                                     7F           00           7D           89
                                     EB           60           0E           00
                                     1F           7F           00           7D
                                     89           EB           11
      2026-01-12 18:54:50  2         16           01           03           60
                                     0E           00           1F           7F
                                     00           7D           89           EB
                                     60           0E           00           1F
                                     7F           00           7D           89
                                     EB           60           0E           00
                                     1F           7F           00           7D
                                     89           EB           11
      2026-01-12 18:55:31  1         17           01           03           60
                                     0E           00           1F           7F
                                     00           7D           89           EB
                                     60           0E           00           1F
                                     7F           00           7D           89
                                     EB           60           0E           00
                                     1F           7F           00           7D
                                     89           EB           1F
      2026-01-12 18:56:13  1         18           01           03           60
                                     0E           00           1F           7F
                                     00           7D           89           EB
                                     60           0E           00           1F
                                     7F           00           7D           89
                                     EB           60           0E           00
                                     1F           7F           00           7D
                                     89           EB           1F
      2026-01-12 18:56:54  1         19           01           03           60
                                     0E           00           1F           7F
                                     00           7D           89           EB
                                     60           0E           00           1F
                                     7F           00           7D           89
                                     EB           60           0E           00
                                     1F           7F           00           7D
                                     89           EB           1F
      2026-01-12 18:57:35  1         1A           01           03           60
                                     0E           00           1F           7F
                                     00           7D           89           EB
                                     60           0E           00           1F
                                     7F           00           7D           89
                                     EB           60           0E           00
                                     1F           7F           00           7D
                                     89           EB           1F
      2026-01-12 18:58:16  1         1B           01           03           60
                                     0E           00           1F           7F
                                     00           7D           89           EB
                                     60           0E           00           1F
                                     7F           00           7D           89
                                     EB           60           0E           00
                                     1F           7F           00           7D
                                     89           EB           1F
02602 039699  12 31 R 1 2026-01-13 00:24:34  12.945   80.214  0.000 401650042
      2026-01-13 00:20:53  1         17           01           03           60
                                     0E           00           1F           7F
                                     00           7D           89           EB
                                     60           0E           00           1F
                                     7F           00           7D           89
                                     EB           60           0E           00
                                     1F           7F           00           7D
                                     89           EB           1F
      2026-01-13 00:21:34  1         18           01           03           60
                                     0E           00           1F           7F
                                     00           7D           89           EB
                                     60           0E           00           1F
                                     7F           00           7D           89
                                     EB           60           0E           00
                                     1F           7F           00           7D
                                     89           EB           1F
      2026-01-13 00:22:13  1         19           01           03           60
                                     0E           00           1F           7F
                                     00           7D           89           EB
                                     60           0E           00           1F
                                     7F           00           7D           89
                                     EB           60           0E           00
                                     1F           7F           00           7D
                                     89           EB           1F
      2026-01-13 00:22:55  1         1A           01           03           60
                                     0E           00           1F           7F
                                     00           7D           89           EB
                                     60           0E           00           1F
                                     7F           00           7D           89
                                     EB           60           0E           00
                                     1F           7F           00           7D
                                     89           EB           1F
      2026-01-13 00:23:35  1         1B           01           03           60
                                     0E           00           1F           7F
                                     00           7D           89           EB
                                     60           0E           00           1F
                                     7F           00           7D           89
                                     EB           60           0E           00
                                     1F           7F           00           7D
                                     89           EB           1F
      2026-01-13 00:24:13  1         1C           01           03           60
                                     0E           00           1F           7F
                                     00           7D           89           EB
                                     60           0E           00           1F
                                     7F           00           7D           89
                                     EB           60           0D           00
                                     1E           00           00           7D
                                     1A           01           3D
      2026-01-13 00:24:55  4         1D           01           03           0C
                                     08           0F           20           00
                                     1A           01           0C           14
                                     0D           20           00           00
                                     00           00           00           00
                                     00           00           00           00
                                     00           00           00           00
                                     00           00           1F
      2026-01-13 00:25:36  4         1D           01           03           0C
                                     08           0F           20           00
                                     1A           01           0C           14
                                     0D           20           00           00
                                     00           00           00           00
                                     00           00           00           00
                                     00           00           00           00
                                     00           00           1F
      2026-01-13 00:26:17  4         1D           01           03           0C
                                     08           0F           20           00
                                     1A           01           0C           14
                                     0D           20           00           00
                                     00           00           00           00
                                     00           00           00           00
                                     00           00           00           00
                                     00           00           1F
      2026-01-13 00:26:57  4         1D           01           03           0C
                                     08           0F           20           00
                                     1A           01           0C           14
                                     0D           20           00           00
                                     00           00           00           00
                                     00           00           00           00
                                     00           00           00           00
                                     00           00           1F
      2026-01-13 00:27:36  1         01           01           03           4E
                                     20           27           14           49
                                     FF           00           00           00
                                     00           00           00           00
                                     00           00           00           00
                                     00           00           00           00
                                     00           00           00           00
                                     00           00           1F
      2026-01-13 00:28:15  1         02           01           03           00
                                     00           00           00           00
                                     00           00           00           00
                                     00           00           00           00
                                     00           00           00           00
                                     00           1A           01           0B
                                     13           0F           1D           00
                                     0D           00           78
02602 039699   1 31 C
      2026-01-13 02:35:22  1         10           01           03           60
                                     0E           00           1F           7F
                                     00           7D           89           EB
                                     60           0E           00           1F
                                     7F           00           7D           89
                                     EB           60           0E           00
                                     1F           7F           00           7D
                                     89           EB           0B
02602 039699   5 31 C 3 2026-01-14 03:55:48  12.948   80.209  0.000 401650044
      2026-01-14 03:53:17  1         0C           01           04           65
                                     41           00           0B           00
                                     00           94           61           BF
                                     65           41           00           0B
                                     00           00           94           61
                                     BF           65           41           00
                                     0B           00           00           94
                                     61           BF           1F
      2026-01-14 03:54:35  1         0E           01           04           65
                                     41           00           0B           00
                                     00           94           61           BF
                                     65           41           00           0B
                                     00           00           94           61
                                     BF           65           41           00
                                     0B           00           00           94
                                     61           9F           1F
      2026-01-14 03:55:58  1         10           01           04           65
                                     41           00           0B           00
                                     00           94           61           BF
                                     65           41           00           0B
                                     00           00           94           61
                                     BF           65           41           00
                                     0B           00           00           94
                                     61           BF           1F
      2026-01-14 03:57:17  2         12           01           04           65
                                     41           00           0B           00
                                     00           94           61           BF
                                     65           41           00           0B
                                     00           00           94           61
                                     BF           65           41           00
                                     0B           00           00           94
                                     61           BF           1F
      2026-01-14 03:57:56  2         12           01           04           65
                                     41           00           0B           00
                                     00           94           61           BF
                                     65           41           00           0B
                                     00           00           94           61
                                     BF           65           41           00
                                     0B           00           00           94
                                     61           BF           1F
02602 039699   3 31 B
      2026-01-14 04:53:03  1         1E           01           04           1A
                                     01           0E           0A           14
                                     31           00           0D           5D
                                     4E           00           05           03
                                     E4           03           DE           06
                                     7A           17           38           2D
                                     00           0C           00           04
                                     FF           FF           2A
      2026-01-14 04:53:42  1         1E           01           04           1A
                                     01           0E           0A           14
                                     31           00           0D           5D
                                     4E           00           05           03
                                     E4           03           DE           06
                                     7A           06           38           2D
                                     00           09           01           6E
                                     FF           7B           2B
      2026-01-14 04:54:24  1         01           01           04           4E
                                     20           27           14           49
                                     FF           00           00           00
                                     00           00           00           00
                                     00           00           00           00
                                     00           00           00           00
                                     00           00           00           00
                                     00           00           1F
02602 039699   9 31 C 1 2026-01-14 05:33:43  12.956   80.194  0.000 401649999
      2026-01-14 05:30:50  1         12           01           04           65
                                     41           00           0B           00
                                     00           94           61           BF
                                     65           41           00           0B
                                     00           00           94           61
                                     BD           65           41           00
                                     0B           00           00           94
                                     61           BF           46
      2026-01-14 05:31:28  1         13           01           04           65
                                     41           00           0B           00
                                     00           94           61           BF
                                     65           41           00           0B
                                     00           00           94           61
                                     BF           65           41           00
                                     0B           00           00           94
                                     61           BF           1F
      2026-01-14 05:32:11  1         14           01           04           65
                                     41           00           0B           00
                                     00           94           61           BF
                                     65           D3           49           2F
                                     92           40           96           69
                                     BF           65           61           04
                                     DB           65           B6           94
                                     76           4F           16
      2026-01-14 05:32:51  1         15           01           04           65
                                     41           00           0B           00
                                     00           94           61           BF
                                     65           41           00           0B
                                     00           00           94           61
                                     BF           65           41           00
                                     0B           00           00           94
                                     61           BF           1F
      2026-01-14 05:35:36  3         19           01           04           65
                                     41           00           0B           00
                                     00           94           61           BF
                                     65           41           00           0B
                                     00           00           94           61
                                     BF           65           41           00
                                     0B           00           00           94
                                     61           BF           1F
      2026-01-14 05:36:14  3         19           01           04           65
                                     41           00           0B           00
                                     00           94           61           BF
                                     65           41           00           0B
                                     00           00           94           61
                                     BF           65           41           00
                                     0B           00           00           94
                                     61           BF           1F
      2026-01-14 05:36:56  3         19           01           04           65
                                     41           00           0B           00
                                     00           94           61           BF
                                     65           41           00           0B
                                     00           00           94           61
                                     BF           65           41           00
                                     0B           00           00           94
                                     61           BF           1F
      2026-01-14 05:38:14  1         1C           01           04           65
                                     41           00           0B           00
                                     00           94           61           BF
                                     65           41           00           0B
                                     00           00           94           61
                                     BF           65           3F           00
                                     0C           7F           00           94
                                     1A           01           1F
      2026-01-14 05:38:56  1         1D           01           04           0D
                                     05           0E           0D           00
                                     1A           01           0E           09
                                     0C           0D           00           00
                                     00           00           00           40
                                     00           00           00           00
                                     00           00           00           00
                                     00           00           1F
02602 039699  18 31 3 2 2026-01-14 06:24:24  12.947   80.216  0.000 401649945
      2026-01-14 06:21:06  1         16           01           04           65
                                     41           00           0B           00
                                     00           94           61           BF
                                     65           41           00           0B
                                     00           00           94           61
                                     BF           65           41           00
                                     0B           00           00           94
                                     61           BF           1F
      2026-01-14 06:22:30  1         19           01           04           65
                                     41           00           0B           00
                                     00           94           61           BF
                                     65           41           00           0B
                                     00           00           94           61
                                     BF           65           41           00
                                     0B           00           00           94
                                     61           BF           1F
      2026-01-14 06:23:09  1         1A           01           04           65
                                     41           00           0B           00
                                     00           94           61           BF
                                     65           41           00           0B
                                     00           00           94           61
                                     BF           65           41           00
                                     0B           00           00           94
                                     61           BF           1F
      2026-01-14 06:23:48  1         1B           01           04           65
                                     41           00           0B           00
                                     00           94           61           BF
                                     65           41           00           0B
                                     00           00           94           61
                                     BF           65           41           00
                                     0B           00           00           94
                                     61           BF           1F
      2026-01-14 06:24:30  1         1C           01           04           65
                                     41           00           0B           00
                                     00           94           61           BF
                                     65           41           00           0B
                                     00           00           94           61
                                     BF           65           3F           00
                                     0C           7F           00           94
                                     1A           01           C9
      2026-01-14 06:25:12  2         1D           01           04           0D
                                     15           0E           0D           00
                                     1A           01           0E           09
                                     0C           0D           00           00
                                     00           00           00           00
                                     00           00           00           00
                                     00           00           00           00
                                     00           00           1F
      2026-01-14 06:25:50  2         1D           01           04           0D
                                     15           0E           0D           00
                                     1A           01           0E           09
                                     0C           0D           00           00
                                     00           00           00           00
                                     00           00           00           00
                                     00           00           00           00
                                     00           00           1F
      2026-01-14 06:26:29  3         1E           01           04           1A
                                     01           0E           0B           35
                                     2E           00           0D           70
                                     42           00           09           03
                                     E5           03           FF           06
                                     7A           1F           38           2D
                                     00           0A           00           04
                                     FF           FF           7C
      2026-01-14 06:27:07  3         1E           01           04           1A
                                     01           0E           0B           35
                                     2E           00           0D           70
                                     42           00           09           03
                                     E5           03           FF           06
                                     7A           1F           38           2D
                                     00           0A           00           04
                                     FF           FF           7C
      2026-01-14 06:27:47  3         1E           01           04           1A
                                     01           0E           0B           35
                                     2E           00           0D           70
                                     42           00           09           03
                                     E5           03           FF           06
                                     7A           1F           38           2D
                                     00           0A           00           04
                                     FF           FF           7C
      2026-01-14 06:28:29  1         02           01           04           00
                                     00           00           00           00
                                     00           00           00           00
                                     00           00           00           00
                                     00           00           00           00
                                     00           1A           01           0D
                                     08           0E           0A           00
                                     0C           00           1F
      2026-01-14 06:29:12  1         03           01           04           CD
                                     00           04           00           C8
                                     00           0E           00           CA
                                     00           12           03           DD
                                     00           0D           1A           01
                                     0D           14           0E           0C
                                     00           05           00           C8
                                     00           05           1F
      2026-01-14 06:29:52  2         04           01           04           00
                                     C8           00           05           00
                                     94           00           07           00
                                     95           00           04           00
                                     94           00           08           61
                                     BF           65           41           00
                                     0B           00           00           94
                                     61           BF           1F
      2026-01-14 06:30:30  2         04           01           04           00
                                     C8           00           05           00
                                     94           00           07           00
                                     95           00           04           00
                                     94           00           08           61
                                     BF           65           41           00
                                     0B           00           00           94
                                     61           BF           1F
      2026-01-14 06:31:09  1         06           01           04           65
                                     41           00           0B           00
                                     00           94           61           BF
                                     65           41           00           0B
                                     00           00           94           61
                                     BF           65           41           00
                                     0B           00           00           94
                                     61           BF           3A
      2026-01-14 06:31:52  3         07           01           04           65
                                     41           00           0B           00
                                     00           94           61           BF
                                     65           41           00           0B
                                     00           00           94           61
                                     BF           65           41           00
                                     0B           00           00           94
                                     61           BF           3B
      2026-01-14 06:32:40  3         07           01           04           65
                                     41           00           0B           00
                                     00           94           61           BF
                                     65           41           00           0B
                                     00           00           94           61
                                     BF           65           41           00
                                     0B           00           00           94
                                     61           BF           3B
      2026-01-14 06:33:25  3         07           01           04           65
                                     41           00           0B           00
                                     00           94           61           BF
                                     65           41           00           0B
                                     00           00           94           61
                                     BF           65           41           00
                                     0B           00           00           94
                                     61           BF           3B
02602 039699   7 31 3 1 2026-01-14 08:03:46  12.956   80.211  0.000 401649900
      2026-01-14 08:02:41  1         06           01           04           00
                                     C8           00           05           00
                                     94           00           07           08
                                     95           00           04           00
                                     94           00           08           61
                                     BF           65           41           00
                                     0B           00           00           94
                                     61           BF           1F
      2026-01-14 08:03:25  1         04           01           04           00
                                     C8           00           05           00
                                     94           00           07           00
                                     95           00           04           00
                                     94           00           08           61
                                     BF           65           41           00
                                     0B           00           00           94
                                     61           BF           1F
      2026-01-14 08:04:05  1         47           01           04           65
                                     41           00           0B           00
                                     00           94           61           BF
                                     65           41           00           0B
                                     00           00           94           61
                                     BF           65           41           00
                                     0B           00           00           94
                                     61           BF           1F
      2026-01-14 08:04:55  1         06           01           04           65
                                     41           00           0B           00
                                     00           94           61           BF
                                     65           41           80           1B
                                     02           00           94           61
                                     9F           65           01           00
                                     4A           01           00           D4
                                     67           1F           0F
      2026-01-14 08:07:36  1         0A           01           04           65
                                     41           00           0B           00
                                     00           94           61           BF
                                     65           41           00           0B
                                     00           00           94           61
                                     BF           65           41           00
                                     0B           00           00           94
                                     61           BF           1F
      2026-01-14 08:08:19  1         0B           01           04           65
                                     41           00           0B           00
                                     00           94           61           BF
                                     65           41           00           0B
                                     00           00           94           61
                                     BF           65           41           00
                                     0B           00           00           94
                                     61           BF           1F
      2026-01-14 08:09:41  1         0D           01           04           65
                                     41           00           0B           00
                                     00           94           61           BF
                                     65           41           00           0B
                                     00           00           94           61
                                     BF           65           41           00
                                     0B           00           00           94
                                     61           BF           1F
02602 039700   1 31 3
      2026-01-13 07:12:00  1         F1           02           00           1A
                                     01           8F           0C           28
                                     17           00           04           67
                                     2A           82           01           05
                                     19           03           C6           0E
                                     3A           98           10           64
                                     01           11           10           90
                                     FF           77           5B
02602 152389   9 31 B 1 2026-01-14 07:22:27 -54.108 -156.891  0.000 401649795
      2026-01-14 07:17:42  1         41           05           09           F7
                                     87           4A           30           D6
                                     0A           23           87           34
                                     2E           DF           0A           4F
                                     87           23           2C           F1
                                     0A           7E           87           0F
                                     2A           FC           0A           BD
                                     86           FD           29
      2026-01-14 07:18:26  1         B7           06           09           0A
                                     E1           86           E1           27
                                     0C           0B           29           86
                                     C9           25           07           0B
                                     8B           86           AE           23
                                     27           0C           14           86
                                     99           21           36           0C
                                     67           86           79
      2026-01-14 07:19:10  1         E3           07           1F           3F
                                     0C           B0           86           5B
                                     1D           50           0D           48
                                     86           3D           1B           58
                                     0D           AA           86           1B
                                     19           6A           0E           6C
                                     86           06           17           72
                                     0F           04           85
      2026-01-14 07:19:54  1         37           08           F2           15
                                     81           0F           B8           85
                                     D9           13           89           10
                                     36           85           B2           11
                                     96           11           07           85
                                     A6           0F           A3           12
                                     ED           85           CA           0E
                                     0E           12           09
      2026-01-14 07:20:38  1         25           09           85           94
                                     0C           E4           11           40
                                     85           5C           0B           BA
                                     11           B2           85           57
                                     0A           E9           11           EF
                                     85           4F           0A           24
                                     12           3A           85           4F
                                     09           5C           12
      2026-01-14 07:21:22  1         F6           0A           D4           85
                                     56           08           9B           13
                                     77           85           60           07
                                     D1           13           77           85
                                     5C           07           6E           14
                                     09           85           68           07
                                     0A           14           56           85
                                     6D           06           A7
      2026-01-14 07:22:06  1         4E           0B           14           C9
                                     85           75           06           42
                                     15           61           85           82
                                     05           DE           15           3B
                                     85           78           05           7B
                                     15           B3           85           80
                                     05           13           16           21
                                     85           8D           04
      2026-01-14 07:22:50  1         A2           0C           AC           16
                                     3A           85           89           04
                                     4F           16           48           85
                                     8B           03           EA           16
                                     87           85           94           03
                                     87           16           AC           85
                                     86           03           1F           17
                                     44           85           6F
      2026-01-14 07:23:34  1         19           0D           02           B9
                                     1A           FE           85           31
                                     02           53           1E           B1
                                     84           E8           01           F3
                                     1F           7A           84           E5
                                     01           C7           1F           80
                                     84           E8           01           92
                                     1F           8E           84
02602 152389  20 31 C 3 2026-01-14 08:01:41 -54.103 -156.850  0.000 401649799
      2026-01-14 07:49:14  1         85           03           50           79
                                     09           08           0A           E2
                                     86           E3           27           46
                                     08           2A           87           D4
                                     4A           37           08           76
                                     87           CA           46           53
                                     08           B7           87           BC
                                     42           6C           08
      2026-01-14 07:52:54  1         37           08           F2           15
                                     81           0F           B8           85
                                     D9           13           89           10
                                     36           85           B2           11
                                     96           11           07           85
                                     A6           0F           A3           12
                                     ED           85           CA           0E
                                     0E           12           09
      2026-01-14 07:53:38  1         25           09           85           94
                                     0C           E4           11           40
                                     85           5C           0B           BA
                                     11           B2           85           57
                                     0A           E9           11           EF
                                     85           4F           0A           24
                                     12           3A           85           4F
                                     09           5C           12
      2026-01-14 07:54:22  1         F6           0A           D4           85
                                     56           08           9B           13
                                     77           85           60           07
                                     D1           13           77           85
                                     5C           07           6E           14
                                     09           85           68           07
                                     0A           14           56           85
                                     6D           06           A7
      2026-01-14 07:55:06  1         4E           0B           14           C9
                                     85           75           06           42
                                     15           61           85           82
                                     05           DE           15           3B
                                     85           78           05           7B
                                     15           B3           85           80
                                     05           13           16           21
                                     85           8D           04
      2026-01-14 07:55:50  1         A2           0C           AC           16
                                     3A           85           89           04
                                     4F           16           48           85
                                     8B           03           EA           16
                                     87           85           94           03
                                     87           16           AC           85
                                     86           03           1F           17
                                     44           85           6F
      2026-01-14 07:56:34  1         19           0D           02           B9
                                     1A           FE           85           31
                                     02           53           1E           B1
                                     84           E8           01           F3
                                     1F           7A           84           E5
                                     01           C7           1F           80
                                     84           E8           01           92
                                     1F           8E           84
      2026-01-14 07:57:18  1         97           0E           EA           01
                                     64           1F           95           84
                                     E9           01           2C           1F
                                     C8           84           E4           00
                                     F8           1F           D8           84
                                     E1           00           C0           1F
                                     E9           84           DF           00
                                     93           1F           E8
      2026-01-14 07:58:02  1         38           0F           84           E0
                                     00           66           1F           E6
                                     84           E0           00           27
                                     00           06           00           00
                                     06           04           2B           50
                                     60           62           63           FF
                                     FF           FF           FF           FF
                                     FF           FF           FF
      2026-01-14 07:58:49  1         BA           01           05           03
                                     1B           49           3A           80
                                     01           00           FF           FD
                                     FD           A3           54           1E
                                     00           00           00           00
                                     91           05           88           37
                                     77           C8           8F           4B
                                     0F           03           DE
      2026-01-14 07:59:30  1         BA           02           46           F2
                                     66           69           01           61
                                     02           00           D8           0A
                                     EC           27           51           00
                                     0B           00           22           0A
                                     D7           27           42           0B
                                     23           26           88           26
                                     7B           27           94
      2026-01-14 08:00:14  1         75           03           50           7D
                                     09           08           0A           E2
                                     86           E3           27           46
                                     08           2A           87           D4
                                     4A           37           08           76
                                     87           CA           46           53
                                     08           B7           87           BC
                                     42           6C           08
      2026-01-14 08:00:58  2         0E           04           F9           87
                                     AC           3E           84           09
                                     40           87           96           3A
                                     99           09           84           87
                                     7C           36           B2           09
                                     A9           87           6C           34
                                     BD           09           CD           87
                                     5C           32           C6
      2026-01-14 08:01:42  2         41           05           09           F7
                                     87           4A           30           D6
                                     0A           23           87           34
                                     2E           DF           0A           4F
                                     87           23           2C           F1
                                     0A           7E           87           0F
                                     2A           FC           0A           BD
                                     86           FD           29
      2026-01-14 08:02:26  2         B7           06           09           0A
                                     E1           86           E1           27
                                     0C           0B           29           86
                                     C9           25           07           0B
                                     8B           86           AE           23
                                     27           0C           14           86
                                     99           21           36           0C
                                     67           86           79
      2026-01-14 08:03:10  2         E3           07           1F           3F
                                     0C           B0           86           5B
                                     1D           50           0D           48
                                     86           3D           1B           58
                                     0D           AA           86           1B
                                     19           6A           0E           6C
                                     86           06           17           72
                                     0F           04           85
02602 152389  12 31 3 2 2026-01-14 08:45:19 -54.107 -156.838  0.000 401649801
      2026-01-14 08:41:18  1         97           0E           EA           11
                                     76           1F           D7           84
                                     E9           01           04           1F
                                     C1           A0           E4           40
                                     B8           1F           D8           84
                                     F1           00           C0           1F
                                     E9           84           5F           00
                                     93           1F           E8
      2026-01-14 08:42:02  1         38           0F           84           E0
                                     00           66           1F           E6
                                     84           E0           00           27
                                     00           06           00           00
                                     06           04           2B           50
                                     60           62           63           FF
                                     FF           FF           FF           FF
                                     FF           FF           FF
      2026-01-14 08:42:49  1         5E           01           09           03
                                     1B           49           3A           80
                                     01           00           FF           FD
                                     FC           A3           54           1E
                                     00           00           00           00
                                     91           05           88           37
                                     77           C8           8F           4B
                                     0F           03           DE
      2026-01-14 08:43:30  1         BA           02           46           F2
                                     66           69           01           61
                                     02           00           D8           0A
                                     EC           27           51           00
                                     0B           00           22           0A
                                     D7           27           42           0B
                                     23           26           88           26
                                     7B           27           94
      2026-01-14 08:44:14  1         C5           03           50           7B
                                     09           08           0A           E2
                                     86           E3           27           46
                                     08           2A           87           D4
                                     4A           37           08           76
                                     87           CA           46           53
                                     08           B7           87           BC
                                     42           6C           08
      2026-01-14 08:44:58  1         0E           04           F9           87
                                     AC           3E           84           09
                                     40           87           96           3A
                                     99           09           A4           87
                                     7C           36           B2           09
                                     A9           87           6C           34
                                     BD           09           CD           87
                                     5C           32           C6
      2026-01-14 08:45:42  1         41           05           09           F7
                                     87           4A           30           D6
                                     0A           23           87           34
                                     2E           DF           0A           4F
                                     87           23           2C           F1
                                     0A           7E           87           0F
                                     2A           FC           0A           BD
                                     86           FD           29
      2026-01-14 08:46:26  1         B7           06           09           0A
                                     E1           86           E1           27
                                     0C           0B           29           86
                                     C9           25           07           0B
                                     8B           86           AE           23
                                     27           0C           14           86
                                     99           21           36           0C
                                     67           86           79
      2026-01-14 08:47:10  1         E3           07           1F           3F
                                     0C           B0           86           5B
                                     1D           50           0D           48
                                     86           3D           1B           58
                                     0D           AA           86           1B
                                     19           6A           0E           6C
                                     86           06           17           72
                                     0F           04           85
      2026-01-14 08:47:54  1         37           08           F2           15
                                     81           0F           B8           85
                                     D9           13           89           10
                                     36           85           B2           11
                                     96           11           07           85
                                     A6           0F           A3           12
                                     ED           85           CA           0E
                                     0E           12           09
      2026-01-14 08:48:38  1         25           09           85           94
                                     0C           E4           11           40
                                     85           5C           0B           BA
                                     11           B2           85           57
                                     0A           E9           11           EF
                                     85           4F           0A           24
                                     12           3A           85           4F
                                     09           5C           12
      2026-01-14 08:49:22  1         F6           0A           D4           85
                                     56           08           9B           13
                                     77           85           64           07
                                     D1           17           77           95
                                     5C           07           6E           14
                                     09           85           68           07
                                     0A           15           56           85
                                     6D           86           A7
02602 152389  15 31 B 3 2026-01-14 08:51:55 -54.101 -156.830  0.000 401649800
      2026-01-14 08:53:02  1         38           0F           84           E0
                                     00           66           1F           E6
                                     84           E0           00           27
                                     00           06           00           00
                                     06           04           2B           50
                                     60           62           63           FF
                                     FF           FF           FF           FF
                                     FF           FF           FF
      2026-01-14 08:54:30  1         BA           02           46           F2
                                     66           69           01           61
                                     02           00           D8           0A
                                     EC           27           51           00
                                     0B           00           22           0A
                                     D7           27           42           0B
                                     23           26           88           26
                                     7B           27           94
      2026-01-14 08:55:14  1         45           03           50           7C
                                     09           08           0A           E2
                                     86           E3           27           47
                                     08           2A           87           D4
                                     4A           37           08           76
                                     87           CA           46           53
                                     08           B7           87           BC
                                     42           6C           08
      2026-01-14 08:55:58  1         0E           04           F9           87
                                     AC           3E           84           09
                                     40           87           96           3A
                                     99           09           84           87
                                     7C           36           B2           09
                                     A9           87           6C           34
                                     BD           09           CD           87
                                     5C           32           C6
      2026-01-14 08:56:42  1         41           05           09           F7
                                     87           4A           30           D6
                                     0A           23           87           34
                                     2E           DF           0A           4F
                                     87           23           2C           F1
                                     0A           7E           87           0F
                                     2A           FC           0A           BD
                                     86           FD           3F
      2026-01-14 08:57:26  1         B7           06           09           0A
                                     E1           86           E1           27
                                     0C           0B           29           86
                                     C9           25           07           0B
                                     8B           86           AE           23
                                     27           0C           14           86
                                     99           21           36           0C
                                     67           86           79
      2026-01-14 09:00:22  1         F6           0A           D4           85
                                     56           08           9B           13
                                     77           85           60           07
                                     D1           13           77           85
                                     5C           07           6E           14
                                     09           85           68           07
                                     0A           14           56           85
                                     6D           06           A7
      2026-01-14 09:01:06  1         4E           0B           14           C9
                                     85           75           06           42
                                     15           61           85           82
                                     05           DE           15           3B
                                     85           78           05           7B
                                     15           B3           85           80
                                     05           13           16           21
                                     85           8D           04
      2026-01-14 09:01:50  1         A2           0C           AC           16
                                     3A           85           89           04
                                     4F           16           48           85
                                     8B           03           EA           16
                                     87           85           94           03
                                     87           16           AC           85
                                     86           03           1F           17
                                     44           85           6F
      2026-01-14 09:02:34  2         19           0D           02           B9
                                     1A           FE           85           31
                                     02           53           1E           B1
                                     84           E8           01           F3
                                     1F           7A           84           E5
                                     01           C7           1F           80
                                     84           E8           01           92
                                     1F           8E           84
      2026-01-14 09:03:18  2         97           0E           EA           01
                                     64           1F           95           84
                                     E9           01           2C           1F
                                     C8           84           E4           00
                                     F8           1F           D8           84
                                     E1           00           C0           1F
                                     E9           84           DF           00
                                     93           1F           E8
      2026-01-14 09:04:02  1         38           0F           84           E0
                                     00           66           1F           E6
                                     84           E0           00           27
                                     00           06           00           00
                                     06           04           2B           50
                                     60           62           63           FF
                                     FF           FF           9D           FF
                                     FD           EF           FF
      2026-01-14 09:04:49  1         6E           01           0B           03
                                     1B           49           3A           80
                                     01           00           FF           FD
                                     FC           A3           54           1E
                                     00           00           00           00
                                     91           05           88           37
                                     77           C8           8F           4B
                                     0F           03           DE
02602 152389  19 31 C 3 2026-01-14 09:29:19 -54.100 -156.827  0.000 401649800
      2026-01-14 09:28:58  1         0E           04           F9           87
                                     AC           3E           84           09
                                     40           87           96           3A
                                     99           09           84           87
                                     7C           36           B2           09
                                     A9           87           6C           34
                                     BD           0B           CD           87
                                     5C           32           C6
      2026-01-14 09:29:42  1         41           05           09           F7
                                     87           4A           30           D6
                                     0A           23           87           34
                                     2E           DF           0A           4F
                                     87           23           2C           F1
                                     0A           7E           87           0F
                                     2A           FC           0A           BD
                                     86           FD           29
      2026-01-14 09:33:22  1         F6           0A           D4           85
                                     56           08           9B           13
                                     77           85           60           07
                                     D1           13           77           85
                                     5C           07           6E           14
                                     09           85           68           07
                                     0A           14           56           85
                                     6D           06           A7
      2026-01-14 09:34:06  1         4E           0B           14           C9
                                     85           75           06           42
                                     15           61           85           82
                                     05           DE           15           3B
                                     85           78           05           7B
                                     15           B3           85           80
                                     05           13           16           21
                                     85           8D           04
      2026-01-14 09:34:50  1         A2           0C           AC           16
                                     3A           85           89           04
                                     4F           16           48           85
                                     8B           03           EA           16
                                     87           85           94           03
                                     87           16           AC           85
                                     86           03           1F           17
                                     44           85           6F
      2026-01-14 09:35:34  1         19           0D           02           B9
                                     1A           FE           85           31
                                     02           53           1E           B1
                                     84           E8           01           F3
                                     1F           7A           84           E5
                                     01           C7           1F           80
                                     84           E8           01           92
                                     1F           8E           84
      2026-01-14 09:36:18  1         97           0E           EA           01
                                     64           1F           95           84
                                     E9           01           2C           1F
                                     C8           84           E4           00
                                     F8           1F           D8           84
                                     E1           00           C0           1F
                                     E9           84           DF           00
                                     93           1F           E8
      2026-01-14 09:37:02  1         38           0F           84           E0
                                     00           66           1F           E6
                                     84           E0           00           27
                                     00           06           00           00
                                     06           04           2B           50
                                     60           62           63           FF
                                     FF           FF           FF           FF
                                     FF           FF           FF
      2026-01-14 09:37:49  1         0E           01           0E           03
                                     1B           49           3A           80
                                     01           00           FF           FD
                                     FC           A3           54           1E
                                     00           00           00           00
                                     91           05           88           37
                                     77           C8           8F           4B
                                     0F           03           DE
      2026-01-14 09:38:30  1         BA           02           46           F2
                                     66           69           01           61
                                     02           00           D8           0A
                                     EC           27           51           00
                                     0B           00           22           0A
                                     D7           27           42           0B
                                     23           26           88           26
                                     7B           27           94
      2026-01-14 09:39:14  1         C5           03           50           7B
                                     09           08           0A           E2
                                     86           E3           27           46
                                     08           2A           87           D4
                                     4A           37           08           76
                                     87           CA           46           53
                                     08           B7           87           BC
                                     42           6C           08
      2026-01-14 09:39:58  1         0E           04           F9           87
                                     AC           3E           84           09
                                     40           87           96           3A
                                     99           09           84           87
                                     7C           36           B2           09
                                     A9           87           6C           34
                                     BD           09           CD           87
                                     5C           32           C6
      2026-01-14 09:40:42  1         41           05           09           F7
                                     87           4A           30           D6
                                     0A           23           87           34
                                     2E           DF           0A           4F
                                     87           23           2C           F1
                                     0A           7E           87           0F
                                     2A           FC           0A           BD
                                     82           7D           29
      2026-01-14 09:42:10  2         E3           07           1F           3F
                                     0C           B0           86           5B
                                     1D           50           0D           48
                                     86           3D           1B           58
                                     0D           AA           86           1B
                                     19           6A           0E           6C
                                     86           06           17           72
                                     0F           04           85
      2026-01-14 09:42:54  2         37           08           F2           15
                                     81           0F           B8           85
                                     D9           13           89           10
                                     36           85           B2           11
                                     96           11           07           85
                                     A6           0F           A3           12
                                     ED           85           CA           0E
                                     0E           12           09
      2026-01-14 09:43:38  2         25           09           85           94
                                     0C           E4           11           40
                                     85           5C           0B           BA
                                     11           B2           85           57
                                     0A           E9           11           EF
                                     85           4F           0A           24
                                     12           3A           85           4F
                                     09           5C           12
02602 152389  19 31 3 3 2026-01-14 10:25:25 -54.101 -156.819  0.000 401649800
      2026-01-14 10:18:50  1         A2           0C           AC           16
                                     3A           85           89           04
                                     4F           16           48           85
                                     8B           03           EA           16
                                     87           85           94           07
                                     87           16           AC           85
                                     86           03           1F           17
                                     44           85           6F
      2026-01-14 10:20:18  1         97           0E           EA           01
                                     64           1F           95           84
                                     E9           01           2C           1F
                                     C8           84           E4           00
                                     F8           1F           D8           84
                                     E1           00           C0           1F
                                     E9           84           DF           00
                                     93           1F           E8
      2026-01-14 10:21:02  1         38           0F           84           E0
                                     00           66           1F           E6
                                     84           E0           00           27
                                     00           06           00           00
                                     06           04           2B           50
                                     60           62           63           FF
                                     FF           FF           FF           FF
                                     FF           FF           FF
      2026-01-14 10:21:49  1         D7           01           12           03
                                     1B           49           3A           80
                                     01           00           FF           FD
                                     FC           A3           54           1E
                                     00           00           00           00
                                     91           05           88           37
                                     77           C8           8F           4B
                                     0F           03           DE
      2026-01-14 10:22:30  1         BA           02           46           F2
                                     66           69           01           61
                                     02           00           D8           0A
                                     EC           27           51           00
                                     0B           00           22           0A
                                     D7           27           42           0B
                                     23           26           88           26
                                     7B           27           94
      2026-01-14 10:23:14  1         C5           03           50           7B
                                     09           08           0A           E2
                                     86           E3           27           46
                                     08           2A           87           D4
                                     4A           37           08           76
                                     87           CA           46           53
                                     08           B7           87           BC
                                     42           6C           08
      2026-01-14 10:23:58  1         0E           04           F9           87
                                     AC           3E           84           09
                                     40           87           96           3A
                                     99           09           84           87
                                     7C           36           B2           09
                                     A9           87           6C           CB
                                     42           E9           CD           87
                                     5C           32           C6
      2026-01-14 10:24:42  1         41           05           09           F7
                                     87           4A           30           D6
                                     0A           23           87           34
                                     2E           DF           0A           4F
                                     87           23           2C           F1
                                     0A           7E           87           0F
                                     2A           FC           0A           BD
                                     86           FD           29
      2026-01-14 10:25:26  1         B7           06           09           0A
                                     E1           86           E1           27
                                     0C           0B           29           86
                                     C9           25           07           0B
                                     8B           86           AE           23
                                     27           0C           34           86
                                     99           21           36           0C
                                     67           86           79
      2026-01-14 10:26:10  1         E3           07           1F           3F
                                     0C           B0           86           5B
                                     1D           50           0D           48
                                     86           3D           1B           58
                                     0D           AA           86           1B
                                     19           6A           0E           6C
                                     86           06           17           72
                                     0F           04           85
      2026-01-14 10:26:54  1         37           08           F2           15
                                     81           0F           B8           85
                                     D9           13           89           10
                                     36           85           B2           11
                                     96           11           07           85
                                     A6           0F           A3           12
                                     ED           85           CA           0E
                                     0E           12           09
      2026-01-14 10:27:38  1         25           09           85           94
                                     0C           E4           11           40
                                     85           5C           0B           BA
                                     11           B2           85           57
                                     0A           E9           11           EF
                                     85           4F           0A           24
                                     12           3A           85           4F
                                     09           5C           12
      2026-01-14 10:28:22  1         F6           0A           D4           85
                                     56           08           9B           13
                                     77           85           60           07
                                     D1           13           77           85
                                     5C           07           6E           14
                                     09           85           68           07
                                     0A           14           56           85
                                     6D           06           A7
      2026-01-14 10:29:06  1         4E           0B           14           C9
                                     85           75           06           42
                                     15           61           85           82
                                     05           DE           15           3B
                                     85           78           05           7B
                                     15           B3           85           80
                                     05           13           16           21
                                     85           8D           04
      2026-01-14 10:29:50  1         A2           0C           AC           16
                                     3A           85           89           04
                                     4F           16           48           85
                                     8B           03           EA           16
                                     87           85           94           03
                                     87           16           AC           85
                                     86           03           1F           17
                                     44           85           6F
      2026-01-14 10:30:34  2         19           0D           02           B9
                                     1A           FE           85           31
                                     02           53           1E           B1
                                     84           E8           01           F3
                                     1F           7A           84           E5
                                     01           C7           1F           80
                                     84           E8           01           92
                                     1F           8E           84
      2026-01-14 10:31:18  1         B7           CE           CA           15
                                     F6           47           BC           BF
                                     C9           CD           E7           81
                                     C8           97           BA           01
                                     F7           DA           57           7A
                                     E0           3F           60           61
                                     EA           64           27           0F
                                     10           FF           90
      2026-01-14 10:32:02  1         38           0F           84           E0
                                     00           66           1F           E6
                                     84           E0           00           27
                                     00           06           00           00
                                     06           04           2B           50
                                     E0           62           63           FF
                                     FF           FF           FF           FF
                                     F7           FF           FF
02602 152389   3 31 B
      2026-01-14 10:32:49  1         4F           01           13           03
                                     1B           49           3A           80
                                     01           00           FF           FD
                                     FC           A3           54           1E
                                     00           00           00           00
                                     91           05           88           37
                                     77           C8           8F           4B
                                     0F           03           DE
      2026-01-14 10:33:30  1         BA           02           46           F2
                                     66           69           01           61
                                     02           00           C8           0A
                                     65           27           11           00
                                     1B           68           1D           EA
                                     F7           F5           1F           00
                                     41           EC           28           3B
                                     76           0F           28
      2026-01-14 10:39:22  1         F6           0A           D4           85
                                     76           08           9B           13
                                     77           85           60           07
                                     D9           13           77           85
                                     5C           07           6E           14
                                     09           85           68           17
                                     4A           14           46           85
                                     2D           06           A7
02602 152389  15 31 C 2 2026-01-14 11:18:57 -54.100 -156.824  0.000 401649799
      2026-01-14 11:10:10  1         E3           07           1F           3F
                                     0C           B0           86           5B
                                     1D           50           0D           48
                                     86           3D           1B           58
                                     0D           AA           86           1B
                                     19           6A           0E           6C
                                     86           06           17           72
                                     0F           04           85
      2026-01-14 11:10:54  1         37           08           F2           15
                                     81           0F           B8           85
                                     D9           13           89           10
                                     36           85           B2           11
                                     96           11           07           85
                                     A6           0F           A3           12
                                     ED           85           CA           0E
                                     0E           12           09
      2026-01-14 11:11:38  1         25           09           85           94
                                     0C           E4           11           40
                                     85           5C           0B           BA
                                     11           B2           85           57
                                     0A           E9           11           EF
                                     85           4F           0A           24
                                     12           3A           85           4F
                                     09           5C           12
      2026-01-14 11:12:22  1         F6           0A           D4           85
                                     56           08           9B           13
                                     77           85           60           07
                                     D1           13           77           85
                                     5C           07           6E           14
                                     09           85           68           07
                                     0A           14           56           85
                                     6D           06           A7
      2026-01-14 11:13:06  1         4E           0B           14           C9
                                     85           75           06           42
                                     15           61           85           82
                                     05           DE           15           3B
                                     85           78           05           7B
                                     15           B3           85           80
                                     05           13           16           21
                                     85           8D           04
      2026-01-14 11:13:50  1         A2           0C           AC           16
                                     3A           85           89           04
                                     4F           16           48           85
                                     8B           03           EA           16
                                     87           85           94           03
                                     87           16           AC           85
                                     86           03           1F           17
                                     44           85           6F
      2026-01-14 11:14:34  1         19           0D           02           B9
                                     1A           FE           85           31
                                     02           53           1E           B1
                                     84           E8           01           F3
                                     1F           7A           84           E5
                                     01           C7           1F           80
                                     84           E8           01           92
                                     1F           8E           84
      2026-01-14 11:15:18  1         97           0E           EA           01
                                     64           1F           95           84
                                     E9           01           2C           1F
                                     C8           84           E4           00
                                     F8           1F           D8           84
                                     E1           00           C0           1F
                                     E9           84           DF           00
                                     93           1F           E8
      2026-01-14 11:16:02  1         38           0F           84           E0
                                     00           66           1F           E6
                                     84           E0           00           27
                                     00           06           00           00
                                     06           04           2B           50
                                     60           62           63           FF
                                     FF           FF           FF           FF
                                     FF           FF           FF
      2026-01-14 11:16:49  1         B7           01           17           03
                                     1B           49           3A           80
                                     01           00           FF           FD
                                     FC           A3           54           1E
                                     00           00           00           00
                                     91           05           88           37
                                     77           C8           8F           4B
                                     0F           03           DE
      2026-01-14 11:17:30  1         BA           02           46           F2
                                     66           69           01           61
                                     02           00           D8           0A
                                     EC           27           51           00
                                     0B           00           22           0A
                                     D7           27           42           0B
                                     23           26           88           26
                                     7B           27           94
      2026-01-14 11:18:14  1         C5           03           50           7B
                                     09           08           0A           E2
                                     86           E3           27           46
                                     08           2A           87           D4
                                     4A           37           08           76
                                     87           CA           46           53
                                     08           B7           87           BC
                                     42           6C           08
      2026-01-14 11:18:58  1         0E           04           F9           87
                                     AC           3E           84           09
                                     40           87           96           3A
                                     99           09           84           87
                                     7C           36           B2           09
                                     A9           87           6C           34
                                     BD           09           CD           87
                                     5C           32           C6
      2026-01-14 11:19:42  1         41           05           09           F7
                                     87           4A           30           D6
                                     0A           23           87           34
                                     2E           DF           0A           4F
                                     87           23           2C           F1
                                     0A           7E           87           0F
                                     2A           FC           0A           BD
                                     86           FD           29
      2026-01-14 11:20:26  1         B7           06           09           0A
                                     E1           86           E1           27
                                     0C           0B           29           86
                                     C9           25           07           0B
                                     8B           86           AE           23
                                     27           0C           14           86
                                     99           21           36           0C
                                     67           86           79
02602 152389  17 31 3 3 2026-01-14 12:03:52 -54.104 -156.824  0.000 401649800
      2026-01-14 12:00:02  1         38           0F           84           E0
                                     00           66           1F           E6
                                     84           E0           00           27
                                     00           06           00           00
                                     06           04           2B           50
                                     60           62           63           FF
                                     FF           FF           FF           FF
                                     FF           FF           FF
      2026-01-14 12:00:49  1         27           01           1B           03
                                     1B           49           3A           80
                                     01           00           FF           FD
                                     FC           A3           54           1E
                                     00           00           00           00
                                     91           05           88           37
                                     77           C8           8F           4B
                                     0F           03           DE
      2026-01-14 12:01:30  1         BA           02           46           F2
                                     66           69           01           61
                                     02           00           D8           0A
                                     EC           27           51           00
                                     0B           00           22           0A
                                     D7           27           42           0B
                                     23           26           88           26
                                     7B           27           94
      2026-01-14 12:02:14  1         C5           03           50           7B
                                     09           08           0A           E2
                                     86           E3           27           46
                                     08           2A           87           D4
                                     4A           37           08           76
                                     87           CA           46           53
                                     08           B7           87           BC
                                     42           6C           08
      2026-01-14 12:02:58  1         0E           04           F9           87
                                     AC           3E           84           09
                                     40           87           96           3A
                                     99           09           84           87
                                     7C           36           B2           09
                                     A9           87           6C           34
                                     BD           09           CD           87
                                     5C           32           C6
      2026-01-14 12:03:42  1         41           05           09           F7
                                     87           4A           30           D6
                                     0A           23           87           34
                                     2E           DF           0A           4F
                                     87           23           2C           F1
                                     0A           7E           87           0F
                                     2A           FC           0A           BD
                                     86           FD           29
      2026-01-14 12:04:26  1         B7           06           09           0A
                                     E1           86           E1           27
                                     0C           0B           29           86
                                     C9           25           07           0B
                                     8B           86           AE           23
                                     27           0C           14           86
                                     99           21           36           0C
                                     67           86           79
      2026-01-14 12:05:10  1         E3           07           1F           3F
                                     0C           B0           86           5B
                                     1D           50           0D           48
                                     86           3D           1B           58
                                     0D           AA           86           1B
                                     19           6A           0E           6C
                                     86           06           17           72
                                     0F           04           85
      2026-01-14 12:05:54  1         37           08           F2           15
                                     81           0F           B8           85
                                     D9           13           89           10
                                     36           85           B2           11
                                     96           11           07           85
                                     A6           0F           A3           12
                                     ED           85           CA           0E
                                     0E           12           09
      2026-01-14 12:07:22  1         F6           0A           D4           85
                                     56           08           9B           13
                                     77           85           60           07
                                     D1           13           77           85
                                     5C           07           6E           14
                                     09           85           68           07
                                     0A           14           56           85
                                     6D           06           A7
      2026-01-14 12:08:06  2         4E           0B           14           C9
                                     85           75           06           42
                                     15           61           85           82
                                     05           DE           15           3B
                                     85           78           05           7B
                                     15           B3           85           80
                                     05           13           16           21
                                     85           8D           04
      2026-01-14 12:08:50  1         A2           0C           AC           16
                                     3A           85           89           04
                                     4F           16           48           85
                                     8B           03           EA           16
                                     87           85           94           03
                                     87           16           AC           85
                                     86           03           1F           17
                                     44           85           6F
      2026-01-14 12:09:34  2         19           0D           02           B9
                                     1A           FE           85           31
                                     02           53           1E           B1
                                     84           E8           01           F3
                                     1F           7A           84           E5
                                     01           C7           1F           80
                                     84           E8           01           92
                                     1F           8E           84
      2026-01-14 12:10:18  2         97           0E           EA           01
                                     64           1F           95           84
                                     E9           01           2C           1F
                                     C8           84           E4           00
                                     F8           1F           D8           84
                                     E1           00           C0           1F
                                     E9           84           DF           00
                                     93           1F           E8
02602 152389   8 31 C 1 2026-01-14 12:52:44 -54.115 -156.827  0.000 401649799
      2026-01-14 12:49:54  1         37           08           F2           15
                                     81           0F           B8           85
                                     D9           13           89           10
                                     36           85           B2           11
                                     96           11           07           85
                                     A6           0F           A3           12
                                     ED           85           CA           0E
                                     0E           12           09
      2026-01-14 12:50:38  1         25           09           85           94
                                     0C           E4           11           50
                                     85           1C           0B           BA
                                     11           32           85           57
                                     0A           E9           11           EF
                                     85           4F           0A           24
                                     12           3A           05           4F
                                     09           5C           12
      2026-01-14 12:51:22  1         F6           0A           D4           85
                                     56           08           9B           13
                                     77           85           60           07
                                     D1           13           77           85
                                     5C           07           6E           14
                                     09           85           68           07
                                     0A           14           56           85
                                     6D           06           A7
      2026-01-14 12:52:06  1         4E           0B           14           C9
                                     85           75           06           42
                                     15           61           85           82
                                     05           DE           15           3B
                                     85           78           05           7B
                                     15           B3           85           80
                                     05           13           16           21
                                     85           8D           04
      2026-01-14 12:52:50  1         A2           0C           AC           16
                                     3A           85           89           04
                                     4F           16           48           85
                                     8B           03           EA           16
                                     87           85           94           03
                                     87           16           AC           C5
                                     86           03           1F           17
                                     44           85           6F
      2026-01-14 12:54:18  1         97           0E           EA           01
                                     64           1F           95           84
                                     E9           01           2C           1F
                                     C8           84           E4           00
                                     F8           1F           D8           84
                                     E1           00           C0           1F
                                     E9           84           DF           00
                                     93           1F           E8
      2026-01-14 12:55:02  1         38           0F           84           E0
                                     00           66           1F           E6
                                     84           E0           00           27
                                     00           06           00           00
                                     06           04           2B           50
                                     60           62           63           FF
                                     FF           FF           FF           FF
                                     FF           FF           FF
      2026-01-14 12:55:49  1         D4           01           20           03
                                     1B           49           3A           80
                                     01           00           FF           FD
                                     FE           A3           54           1E
                                     80           00           00           00
                                     91           05           88           37
                                     77           C8           8F           4B
                                     0F           03           DE
02602 152389  12 31 3 2 2026-01-14 13:41:21 -54.114 -156.806  0.000 401649801
      2026-01-14 13:36:06  1         4E           53           14           CB
                                     A8           AA           2A           41
                                     6C           54           95           08
                                     2D           CC           97           11
                                     C5           7C           25           53
                                     D5           91           8D           A8
                                     05           13           13           01
                                     D5           9D           04
      2026-01-14 13:37:34  1         19           0D           02           B9
                                     1A           FE           85           31
                                     02           53           1E           B1
                                     84           E8           01           F3
                                     1F           7A           84           E5
                                     01           C7           1F           80
                                     84           E8           01           92
                                     1F           8E           A4
      2026-01-14 13:38:18  1         97           0E           EA           01
                                     64           1F           95           84
                                     E9           01           2C           1F
                                     C8           84           E4           00
                                     F8           1F           D8           84
                                     E1           00           C0           1F
                                     E9           84           DF           00
                                     93           1F           E8
      2026-01-14 13:39:49  1         C5           01           24           03
                                     1B           49           3A           80
                                     01           00           FF           FD
                                     FC           23           54           1E
                                     00           00           00           00
                                     91           05           88           37
                                     77           C8           8F           4B
                                     0F           03           DE
      2026-01-14 13:40:30  1         BA           02           46           F2
                                     66           69           01           61
                                     02           00           D8           0A
                                     EC           27           51           00
                                     0B           00           22           0A
                                     D7           27           42           0B
                                     23           26           88           26
                                     7B           27           94
      2026-01-14 13:41:14  1         D5           03           50           7A
                                     09           08           0A           E2
                                     86           E3           27           46
                                     08           2A           87           D4
                                     4A           37           08           76
                                     87           CA           46           53
                                     08           B7           87           BC
                                     42           6C           08
      2026-01-14 13:41:58  1         0E           04           F9           87
                                     AC           3E           84           09
                                     40           87           96           3A
                                     99           09           84           87
                                     7C           36           B2           09
                                     A9           87           6C           34
                                     BD           09           CD           87
                                     5C           32           C6
      2026-01-14 13:42:42  1         41           05           09           F7
                                     87           4A           30           D6
                                     0A           23           87           34
                                     2E           DF           0A           4F
                                     87           23           2C           F1
                                     0A           7E           87           0F
                                     2A           FC           0A           BD
                                     86           FD           29
      2026-01-14 13:43:26  1         B7           06           09           0A
                                     E1           86           E1           27
                                     0C           0B           29           86
                                     C9           25           07           0B
                                     8B           86           AE           23
                                     27           0C           14           86
                                     99           21           36           0C
                                     67           86           79
      2026-01-14 13:44:10  1         E3           07           1F           3F
                                     0C           B0           86           5B
                                     1D           50           0D           48
                                     86           3D           1B           58
                                     0D           AA           86           1B
                                     19           6A           0E           6C
                                     86           06           17           72
                                     0F           04           85
      2026-01-14 13:44:54  1         37           08           F2           15
                                     81           0F           B8           85
                                     D9           13           89           10
                                     36           85           B2           11
                                     96           11           07           85
                                     A6           0F           A2           10
                                     CD           80           E2           AE
                                     4E           07           EA
      2026-01-14 13:45:38  1         25           09           85           94
                                     0C           E4           11           40
                                     85           5C           0B           BA
                                     11           B2           85           57
                                     0A           E9           11           EF
                                     85           4F           0A           24
                                     12           3A           85           4F
                                     09           5C           12
02602 152389   4 31 C
      2026-01-14 14:28:54  1         37           08           F2           15
                                     81           0F           B8           85
                                     D9           13           89           10
                                     36           85           B2           11
                                     96           11           0F           85
                                     A6           0F           A3           12
                                     ED           85           CA           0E
                                     0E           12           09
      2026-01-14 14:29:38  1         25           09           85           94
                                     0C           E4           11           40
                                     85           5C           0B           BA
                                     11           B2           85           57
                                     0A           E9           11           EF
                                     85           4F           0A           24
                                     12           3A           85           4F
                                     09           5C           12
      2026-01-14 14:30:22  1         F6           0A           D4           85
                                     56           08           9B           13
                                     77           85           60           07
                                     D1           13           77           85
                                     5C           07           6E           14
                                     09           85           68           07
                                     0A           14           56           85
                                     6D           06           27
      2026-01-14 14:31:06  1         4E           0B           14           C9
                                     85           75           06           02
                                     15           61           85           82
                                     05           DE           15           3B
                                     85           78           05           7B
                                     15           B3           85           80
                                     05           11           16           21
                                     85           8F           06
02602 152389  12 31 R 1 2026-01-14 14:40:37 -54.124 -156.809  0.000 401649801
      2026-01-14 14:33:18  1         97           0E           EA           01
                                     64           1F           95           84
                                     E9           01           2C           1F
                                     C8           84           E4           00
                                     F8           1F           D8           84
                                     E1           00           C0           1F
                                     E9           84           DF           00
                                     93           1F           E8
      2026-01-14 14:34:02  1         38           0F           84           E0
                                     00           66           1F           E6
                                     84           E0           00           27
                                     00           06           00           00
                                     06           04           2B           50
                                     60           62           63           FF
                                     FF           FF           FF           FF
                                     FF           FF           FF
      2026-01-14 14:34:49  1         B9           01           29           03
                                     1B           49           3A           80
                                     01           00           FF           FD
                                     FD           A3           54           1E
                                     00           00           00           00
                                     91           05           88           37
                                     77           C8           8F           4B
                                     0F           03           DE
      2026-01-14 14:35:30  1         BA           02           46           F2
                                     66           69           01           61
                                     02           00           D8           0A
                                     EC           27           51           00
                                     0B           00           22           0A
                                     D7           27           42           0B
                                     23           26           88           26
                                     7B           27           94
      2026-01-14 14:36:14  1         C5           03           50           7B
                                     09           08           0A           E2
                                     86           E3           27           46
                                     08           2A           87           D4
                                     4A           37           08           76
                                     87           CA           46           53
                                     08           B7           87           BC
                                     42           6C           08
      2026-01-14 14:36:58  1         0E           04           F9           87
                                     AC           3E           84           09
                                     40           87           96           3A
                                     99           09           84           87
                                     7C           36           B2           09
                                     A9           87           6C           34
                                     BD           09           CD           87
                                     5C           32           C6
      2026-01-14 14:37:42  1         41           05           09           F7
                                     87           4A           30           D6
                                     0A           23           87           34
                                     2E           DF           0A           4F
                                     87           23           2C           F1
                                     0A           7E           87           0F
                                     2A           FC           0A           BD
                                     86           FD           29
      2026-01-14 14:38:26  1         B7           06           09           0A
                                     E1           86           E1           27
                                     0C           0B           69           86
                                     C9           25           07           0B
                                     8B           86           AE           23
                                     27           0C           14           86
                                     99           21           36           0C
                                     67           86           79
      2026-01-14 14:39:10  1         E3           07           1F           3F
                                     0C           B0           86           5B
                                     1D           50           0D           48
                                     86           3D           1B           58
                                     0D           AA           86           1B
                                     19           6A           0E           6C
                                     86           06           17           72
                                     0F           04           85
      2026-01-14 14:39:54  1         37           08           F2           15
                                     81           0F           B8           85
                                     D9           13           89           10
                                     36           85           B2           11
                                     96           11           07           85
                                     A6           0F           A3           12
                                     ED           85           CA           0E
                                     0E           12           09
      2026-01-14 14:40:38  1         25           09           85           94
                                     0C           E4           11           40
                                     85           5C           0B           BA
                                     11           B2           85           57
                                     0A           E9           11           EF
                                     85           4F           0A           24
                                     12           3A           85           4F
                                     09           5C           12
      2026-01-14 14:41:22  1         F6           0A           D4           85
                                     56           08           9B           13
                                     77           85           60           07
                                     D1           13           77           85
                                     5C           07           6E           14
                                     09           85           68           07
                                     0A           14           56           85
                                     6D           06           A7
02602 152390   5 31 R
      2026-01-11 17:32:16  1         CF           02           AC           A4
                                     63           69           01           02
                                     00           00           D8           8C
                                     96           07           3C           10
                                     14           18           61           0C
                                     6A           06           DC           0C
                                     D1           07           84           26
                                     DC           27           91
      2026-01-11 17:33:00  1         88           03           53           60
                                     08           D6           0C           9B
                                     86           12           27           3C
                                     0B           BE           88           15
                                     4E           24           0B           D2
                                     87           FC           4A           37
                                     0B           B4           87           CD
                                     46           4D           0B
      2026-01-11 17:33:46  1         7A           04           7D           87
                                     9D           42           62           0B
                                     61           87           68           3E
                                     7F           0B           5D           87
                                     34           3A           99           0B
                                     4B           86           EF           36
                                     B3           4B           8F           82
                                     4F           34           BC
      2026-01-11 17:34:32  1         CA           25           0B           4D
                                     86           AC           32           C8
                                     0B           9F           86           8C
                                     30           D3           0B           DF
                                     86           6F           2E           DD
                                     0C           1E           86           58
                                     2C           F0           0C           53
                                     06           41           2A
      2026-01-11 17:35:18  1         D9           06           FC           0C
                                     7A           86           1A           28
                                     FC           0C           D0           85
                                     FB           27           11           0D
                                     5D           85           EE           25
                                     20           0D           FF           85
                                     DE           23           20           0E
                                     7F           84           57
02602 152390  17 31 R 3 2026-01-11 19:12:07 -40.280  -39.708  0.000 401649939
      2026-01-11 19:08:04  1         12           07           21           34
                                     0F           62           85           D0
                                     1F           43           0F           DD
                                     85           C6           1D           4E
                                     10           AE           85           C4
                                     1B           5A           11           E3
                                     85           CA           19           66
                                     12           7B           85
      2026-01-11 19:08:50  1         DC           08           C6           17
                                     70           13           83           85
                                     CF           15           80           15
                                     FB           86           0F           13
                                     84           19           55           86
                                     61           11           91           1C
                                     2B           86           9E           0F
                                     9D           20           30
      2026-01-11 19:09:36  1         D4           09           87           0D
                                     0E           14           24           0F
                                     87           8C           0C           E6
                                     27           08           87           FF
                                     0B           B7           2A           19
                                     88           83           0A           F1
                                     2C           96           88           E7
                                     0A           2D           2E
      2026-01-11 19:10:22  1         7F           0A           8E           89
                                     36           09           5B           30
                                     43           89           74           08
                                     97           32           2D           89
                                     BC           07           CE           33
                                     B2           8A           05           07
                                     70           34           F0           8A
                                     40           07           09
      2026-01-11 19:11:08  1         B5           0B           36           05
                                     8A           76           06           A3
                                     37           09           8A           9F
                                     06           3C           38           DC
                                     8A           FA           05           E1
                                     39           E6           8B           32
                                     05           7B           3B           99
                                     8B           88           05
      2026-01-11 19:11:54  1         6A           0C           13           3C
                                     89           8B           C1           04
                                     AF           3C           DA           8B
                                     C8           04           4B           3B
                                     69           8B           10           03
                                     E8           3A           AD           8A
                                     86           03           8A           3F
                                     85           8A           8E
      2026-01-11 19:12:40  1         C6           0D           03           26
                                     42           A5           8A           96
                                     02           B2           42           FB
                                     8A           9C           02           5A
                                     43           12           8A           97
                                     01           F1           43           1B
                                     8A           96           01           C7
                                     43           2F           8A
      2026-01-11 19:13:26  1         CC           0E           8E           01
                                     8E           43           39           8A
                                     8C           01           5E           43
                                     48           8A           87           01
                                     2F           43           67           8A
                                     81           00           F9           44
                                     62           8A           8A           00
                                     CB           44           7A
      2026-01-11 19:14:12  1         D0           0F           8A           8D
                                     00           9B           44           AB
                                     8A           90           00           66
                                     44           E9           8A           92
                                     00           2E           00           06
                                     FF           9D           06           03
                                     26           49           5E           63
                                     64           FF           FF
      2026-01-11 19:15:44  1         CF           02           AC           A4
                                     63           69           01           02
                                     00           00           D8           0C
                                     96           27           3C           00
                                     14           00           21           0C
                                     6B           94           DC           0C
                                     D1           27           84           26
                                     DC           27           91
      2026-01-11 19:16:30  1         AB           03           53           7A
                                     08           D6           0C           9B
                                     86           12           27           3C
                                     0B           BE           88           15
                                     4E           24           0B           D2
                                     87           FC           4A           37
                                     0B           B4           87           CD
                                     46           4D           0B
      2026-01-11 19:17:16  2         7A           04           7D           87
                                     9D           42           62           0B
                                     61           87           68           3E
                                     7F           0B           5D           87
                                     34           3A           99           0B
                                     4B           86           EF           36
                                     B3           0B           8F           86
                                     CF           34           BC
      2026-01-11 19:18:02  2         CA           05           0B           8D
                                     86           AC           32           C8
                                     0B           9F           86           8C
                                     30           D3           0B           DF
                                     86           6F           2E           DD
                                     0C           1E           86           58
                                     2C           F0           0C           53
                                     86           40           2A
      2026-01-11 19:18:48  2         D9           06           FC           0C
                                     7A           86           1A           28
                                     FC           0C           D0           85
                                     FB           27           11           0D
                                     5D           85           ED           25
                                     20           0D           EF           85
                                     DE           23           22           0E
                                     7E           85           D7
02602 152390  17 31 R 3 2026-01-11 20:50:48 -40.289  -39.733  0.000 401649935
      2026-01-11 20:46:12  1         D0           0F           8A           8D
                                     00           9B           44           AB
                                     8A           90           00           66
                                     44           E9           8A           92
                                     00           2E           00           06
                                     FF           9D           06           03
                                     26           49           5E           63
                                     64           FF           FF
      2026-01-11 20:47:01  1         59           01           12           03
                                     03           46           3B           80
                                     01           00           FF           F9
                                     FC           93           53           1A
                                     00           00           00           00
                                     91           06           88           38
                                     79           BE           8F           45
                                     0C           03           21
      2026-01-11 20:47:44  1         CF           02           AC           A4
                                     63           69           01           02
                                     00           00           D8           0C
                                     96           27           3C           00
                                     14           00           21           0C
                                     6A           26           DC           0C
                                     D1           27           84           26
                                     DC           27           91
      2026-01-11 20:48:30  1         FA           03           53           79
                                     08           D6           0C           9B
                                     86           12           27           3C
                                     0B           BE           88           15
                                     4E           24           0B           D2
                                     87           FC           4A           37
                                     0B           B4           87           CD
                                     46           4D           0B
      2026-01-11 20:49:16  1         7A           04           7D           87
                                     9D           42           62           0B
                                     61           87           68           3E
                                     7F           0B           5D           87
                                     34           3A           99           0B
                                     4B           86           EF           36
                                     B3           0B           8F           86
                                     CF           34           BC
      2026-01-11 20:50:02  1         CA           05           0B           8D
                                     86           AC           32           C8
                                     0B           9F           86           8C
                                     30           D3           0B           DF
                                     86           6F           2E           DD
                                     0C           1E           86           58
                                     2C           F0           0C           53
                                     86           40           2A
      2026-01-11 20:50:48  1         D9           06           FC           0C
                                     7A           86           1A           28
                                     FC           0C           D0           85
                                     FB           27           11           0D
                                     5D           85           ED           25
                                     20           0D           EF           85
                                     DE           23           22           0E
                                     7E           85           D3
      2026-01-11 20:51:34  1         12           07           21           34
                                     0F           62           85           D0
                                     1F           43           0F           DD
                                     85           C6           1D           4E
                                     10           AE           85           C4
                                     1B           5A           11           E3
                                     85           CA           19           66
                                     12           7B           85
      2026-01-11 20:52:20  1         DC           08           C6           17
                                     70           13           83           85
                                     CF           15           80           15
                                     FB           86           0F           13
                                     84           19           55           86
                                     61           11           91           1C
                                     2B           86           9E           0F
                                     9D           20           30
      2026-01-11 20:53:06  1         D4           09           87           0D
                                     0E           14           24           0F
                                     87           8C           0C           E6
                                     27           08           87           FF
                                     0B           B7           2A           19
                                     88           83           0A           F1
                                     2C           96           88           E7
                                     0A           2D           2E
      2026-01-11 20:53:52  1         7F           0A           8E           89
                                     36           09           5B           30
                                     43           89           74           08
                                     97           32           2D           89
                                     BC           07           CE           33
                                     B2           8A           05           07
                                     70           34           F0           8A
                                     40           07           09
      2026-01-11 20:54:38  1         B5           0B           36           05
                                     8A           76           06           A3
                                     37           09           8A           9F
                                     06           3C           38           DC
                                     8A           FA           05           E1
                                     39           E6           8B           32
                                     05           7B           3B           99
                                     8B           88           05
      2026-01-11 20:55:24  1         6A           0C           13           3C
                                     89           8B           C1           04
                                     AF           3C           DA           8B
                                     C8           04           4B           3B
                                     69           8B           10           03
                                     E8           3A           AD           8A
                                     86           03           8A           3F
                                     85           8A           8E
      2026-01-11 20:56:10  2         C6           0D           03           26
                                     42           A5           8A           96
                                     02           B2           42           FB
                                     8A           9C           02           5A
                                     43           12           8A           97
                                     01           F1           43           1B
                                     8A           96           01           C7
                                     43           2F           8A
      2026-01-11 20:56:56  2         CC           0E           8E           01
                                     8E           43           39           8A
                                     8C           01           5E           43
                                     48           8A           87           01
                                     2F           43           67           8A
                                     81           00           F9           44
                                     62           8A           8A           00
                                     CB           44           7A
02602 152390   7 31 C 2 2026-01-11 22:33:32 -40.295  -39.749  0.000 401649933
      2026-01-11 22:30:31  1         E6           01           1B           03
                                     03           46           3B           80
                                     01           00           FF           F9
                                     FA           93           53           1A
                                     00           00           00           00
                                     91           06           88           38
                                     79           BE           8F           45
                                     0C           03           21
      2026-01-11 22:31:14  1         CF           02           AC           A4
                                     63           69           01           02
                                     00           00           D8           0C
                                     96           27           3C           00
                                     14           00           21           0C
                                     6A           26           DC           0C
                                     D1           27           84           26
                                     DC           27           91
      2026-01-11 22:32:00  1         AB           03           53           7A
                                     08           D6           0C           9B
                                     86           12           27           3C
                                     0B           BE           88           15
                                     4E           24           0B           D2
                                     87           FC           4A           37
                                     0B           B4           87           CD
                                     46           4D           0B
      2026-01-11 22:32:46  1         7A           04           7D           87
                                     9D           42           62           0B
                                     61           87           68           3E
                                     7F           0B           5D           87
                                     34           3A           99           0B
                                     4B           86           EF           36
                                     B3           0B           8F           86
                                     CF           34           BC
      2026-01-11 22:34:18  1         D9           06           FC           0C
                                     7A           86           1A           28
                                     FC           0D           D0           85
                                     FB           27           11           0D
                                     5D           85           ED           25
                                     20           0D           EF           85
                                     DE           23           22           0E
                                     7E           85           D7
      2026-01-11 22:36:36  1         D4           09           87           0D
                                     0E           14           24           0F
                                     87           8C           0C           E6
                                     27           08           87           FF
                                     0B           B7           2A           19
                                     88           83           0A           F1
                                     2C           96           88           E7
                                     0A           2D           2E
      2026-01-11 22:37:22  1         7F           0A           8E           89
                                     36           09           5B           30
                                     43           89           74           08
                                     97           32           2D           89
                                     BC           07           CE           33
                                     B2           8A           05           07
                                     70           34           F0           8A
                                     40           07           09
02602 152390  15 31 B 3 2026-01-11 23:29:30 -40.305  -39.766  0.000 401649934
      2026-01-11 23:29:30  1         CA           03           53           78
                                     08           D6           0C           9B
                                     86           12           27           3C
                                     0B           BE           88           15
                                     4E           24           0B           D2
                                     87           FC           4A           37
                                     0B           B4           87           CD
                                     46           4D           0B
      2026-01-11 23:30:16  1         7A           04           7D           87
                                     9D           42           62           0B
                                     61           87           68           3E
                                     7F           0B           5D           87
                                     34           3A           99           0B
                                     4B           86           EF           36
                                     B3           0B           8F           86
                                     CF           34           BC
      2026-01-11 23:31:48  1         D9           06           FC           0C
                                     7A           86           1A           28
                                     FC           0C           D0           85
                                     FB           27           11           0D
                                     5D           85           ED           25
                                     20           0D           EF           85
                                     DE           23           22           0E
                                     7E           85           D7
      2026-01-11 23:32:34  1         12           07           21           34
                                     0F           62           85           D0
                                     1F           43           0F           DD
                                     85           C6           1D           4E
                                     10           AE           85           C4
                                     1B           5A           11           E3
                                     85           CA           19           66
                                     12           7B           84
      2026-01-11 23:33:20  1         DC           08           C6           17
                                     70           13           83           85
                                     CF           15           80           15
                                     FB           86           0F           99
                                     80           19           57           86
                                     61           11           91           1C
                                     2B           86           9E           0F
                                     9D           20           30
      2026-01-11 23:34:06  1         D4           09           87           0D
                                     0E           14           24           0F
                                     87           8C           0C           E6
                                     27           08           87           FF
                                     0B           B7           2A           19
                                     88           83           08           F1
                                     28           93           28           FF
                                     4A           2D           2E
      2026-01-11 23:35:38  1         B5           0B           36           05
                                     8A           76           06           A3
                                     37           09           8A           9F
                                     06           3C           38           DC
                                     8A           FA           05           E1
                                     39           E6           8B           32
                                     05           7B           3B           99
                                     8B           88           05
      2026-01-11 23:36:24  1         6A           0C           13           3C
                                     89           8B           C1           04
                                     AF           3C           DA           8B
                                     C8           04           4B           3B
                                     69           8B           10           03
                                     E8           3A           AD           8A
                                     86           03           8A           3F
                                     85           8A           8E
      2026-01-11 23:37:10  1         C6           0D           03           26
                                     42           A5           8A           96
                                     02           B2           42           FB
                                     8A           9C           02           FF
                                     C7           FA           C0           DF
                                     99           F1           43           13
                                     8E           16           11           E7
                                     42           2E           A2
      2026-01-11 23:37:56  1         CC           0E           8E           01
                                     8E           43           39           8A
                                     8C           01           5E           43
                                     48           8A           87           01
                                     2F           43           67           8A
                                     81           00           6B           6D
                                     D4           B2           8A           00
                                     CB           44           7A
      2026-01-11 23:38:42  1         D0           0F           8A           8D
                                     00           9B           44           AB
                                     8A           90           00           66
                                     44           E9           8A           92
                                     00           2E           00           06
                                     FF           9D           06           03
                                     26           49           5E           63
                                     64           FF           FF
      2026-01-11 23:39:31  1         10           01           21           03
                                     03           46           3B           80
                                     01           00           FF           F9
                                     FB           93           53           1A
                                     00           00           00           00
                                     91           06           88           38
                                     79           BE           8F           45
                                     0C           03           21
      2026-01-11 23:40:14  1         CF           02           AC           A4
                                     63           69           01           02
                                     00           00           D8           0C
                                     96           27           3C           00
                                     14           00           21           0C
                                     6A           26           DC           0C
                                     D1           27           84           26
                                     DC           27           91
      2026-01-11 23:41:00  1         FA           03           53           79
                                     08           D6           0C           9B
                                     86           12           27           3C
                                     0B           BE           88           15
                                     4E           24           0B           D2
                                     87           FC           4A           37
                                     0B           B4           87           CD
                                     46           4D           0B
      2026-01-11 23:41:46  1         7A           04           7D           87
                                     9D           42           62           0B
                                     61           87           68           3E
                                     7F           0B           7D           87
                                     34           3A           99           0B
                                     4B           86           EF           36
                                     B3           0B           8F           82
                                     CF           24           BC
02602 152390  20 31 C 3 2026-01-12 00:22:24 -40.307  -39.770  0.000 401649934
      2026-01-12 00:11:40  1         C6           0D           03           26
                                     42           A5           8A           96
                                     02           B2           42           FB
                                     8A           9C           02           5A
                                     43           12           8A           97
                                     01           F1           43           1B
                                     8A           96           01           C7
                                     43           2F           82
      2026-01-12 00:12:26  1         CC           0E           8E           01
                                     8E           43           39           8A
                                     8C           01           5E           43
                                     48           8A           87           01
                                     2F           43           67           8A
                                     81           00           F9           44
                                     62           8A           8A           00
                                     CB           44           7A
      2026-01-12 00:13:12  1         D0           0F           8A           8D
                                     00           9B           44           AB
                                     8A           90           00           66
                                     44           E9           8A           92
                                     00           2E           00           06
                                     FF           9D           06           03
                                     26           49           5E           63
                                     64           FF           FF
      2026-01-12 00:14:01  1         04           01           24           03
                                     03           46           3B           80
                                     01           00           FF           F9
                                     FA           93           53           1A
                                     00           00           00           00
                                     91           06           88           38
                                     79           BE           8F           45
                                     0C           03           21
      2026-01-12 00:14:44  1         CF           02           AC           A4
                                     63           69           01           02
                                     00           00           D8           0C
                                     96           27           3C           00
                                     14           00           21           0C
                                     6A           26           DC           0C
                                     D1           27           84           26
                                     DC           27           91
      2026-01-12 00:15:30  1         FA           03           53           79
                                     08           D6           0C           9B
                                     86           12           27           3C
                                     0B           BE           88           15
                                     4E           24           0B           D2
                                     87           FC           4A           37
                                     0B           B4           87           CD
                                     46           4D           0B
      2026-01-12 00:16:16  1         7A           04           7D           87
                                     9D           42           62           0B
                                     61           87           68           3E
                                     7F           0B           5D           87
                                     34           3A           99           0B
                                     4B           86           EF           36
                                     B3           0B           8F           86
                                     CF           34           BC
      2026-01-12 00:17:02  1         CA           05           0B           8D
                                     86           AC           32           C8
                                     0B           9F           86           8C
                                     30           D3           0B           DF
                                     86           6F           2E           DD
                                     0C           1E           86           58
                                     2C           F0           0C           53
                                     86           40           2A
      2026-01-12 00:17:48  1         D9           06           FC           0C
                                     7A           86           1A           28
                                     FC           0C           D0           85
                                     FB           27           11           0D
                                     5D           85           ED           25
                                     20           0D           EF           85
                                     DE           23           22           0E
                                     7E           85           D7
      2026-01-12 00:18:34  1         12           07           21           34
                                     0F           62           85           D0
                                     1F           43           0F           DD
                                     85           C6           1D           4E
                                     10           AE           85           C4
                                     1B           5A           11           E3
                                     85           CA           19           66
                                     12           7B           85
      2026-01-12 00:19:20  2         DC           08           C6           17
                                     70           13           83           85
                                     CF           15           80           15
                                     FB           86           0F           13
                                     84           19           55           86
                                     61           11           91           1C
                                     2B           86           9E           0F
                                     9D           20           30
      2026-01-12 00:20:06  2         D4           09           87           0D
                                     0E           14           24           0F
                                     87           8C           0C           E6
                                     27           08           87           FF
                                     0B           B7           2A           19
                                     88           83           0A           F1
                                     2C           96           88           E7
                                     0A           2D           2E
      2026-01-12 00:20:52  2         7F           0A           8E           89
                                     36           09           5B           30
                                     43           89           74           08
                                     97           32           2D           89
                                     BC           07           CE           33
                                     B2           8A           05           07
                                     70           34           F0           8A
                                     40           07           09
      2026-01-12 00:21:38  2         B5           0B           36           05
                                     8A           76           06           A3
                                     37           09           8A           9F
                                     06           3C           38           DC
                                     8A           FA           05           E1
                                     39           E6           8B           32
                                     05           7B           3B           99
                                     8B           88           05
      2026-01-12 00:22:24  2         6A           0C           13           3C
                                     89           8B           C1           04
                                     AF           3C           DA           8B
                                     C8           04           4B           3B
                                     69           8B           10           03
                                     E8           3A           AD           8A
                                     86           03           8A           3F
                                     85           8A           8E
02602 152390   5 31 B 1 2026-01-12 01:12:15 -40.311  -39.772  0.000 401649935
      2026-01-12 01:11:31  1         0C           01           29           03
                                     03           46           3B           80
                                     01           00           FF           F9
                                     FA           93           53           1A
                                     00           00           00           00
                                     91           06           88           38
                                     79           BE           8F           45
                                     0C           03           21
      2026-01-12 01:12:14  1         CF           02           AC           A4
                                     63           69           01           02
                                     00           00           D8           0C
                                     96           27           3C           00
                                     14           00           21           0C
                                     6A           26           DC           0C
                                     D1           27           84           26
                                     DC           27           91
      2026-01-12 01:13:00  1         CA           03           53           78
                                     08           D6           0C           9B
                                     86           12           27           3C
                                     0B           BE           88           15
                                     4E           24           4B           B2
                                     87           FC           4A           37
                                     0B           B4           87           CD
                                     46           4D           0B
      2026-01-12 01:18:22  1         7E           0A           8E           59
                                     B6           10           57           6A
                                     26           F0           02           AC
                                     88           D4           34           FC
                                     21           BF           2F           D8
                                     E2           EA           5E           2E
                                     E0           69           E1           04
                                     83           8E           1B
      2026-01-12 01:19:54  1         6A           0C           13           3C
                                     89           8B           C1           04
                                     AF           3C           DA           8B
                                     C8           04           4B           3B
                                     69           8B           10           03
                                     E8           3A           AD           8A
                                     86           03           8A           3F
                                     85           8A           8E
02602 152390  18 31 C 2 2026-01-12 01:54:01 -40.307  -39.785  0.000 401649933
      2026-01-12 01:49:48  1         D9           06           FC           0C
                                     7A           86           1A           28
                                     FC           0C           D0           85
                                     FB           27           11           0D
                                     5D           85           ED           25
                                     20           0D           EF           85
                                     DE           23           22           0E
                                     7E           85           D7
      2026-01-12 01:50:34  1         12           07           21           34
                                     0F           62           85           D0
                                     1F           43           0F           DD
                                     85           C6           1D           4E
                                     10           AE           85           C4
                                     1B           5A           11           E3
                                     85           CA           19           66
                                     12           7B           85
      2026-01-12 01:51:20  1         DC           08           C6           17
                                     70           13           83           85
                                     CF           15           80           15
                                     FB           86           0F           13
                                     84           19           55           86
                                     61           11           91           1C
                                     2B           86           9E           0F
                                     9D           20           30
      2026-01-12 01:52:06  1         D4           09           87           0D
                                     0E           14           24           0F
                                     87           8C           0C           E6
                                     27           08           87           FF
                                     0B           B7           2A           19
                                     88           83           0A           F1
                                     2C           96           88           E7
                                     0A           2D           2E
      2026-01-12 01:52:52  1         7F           0A           8E           89
                                     36           09           5B           30
                                     43           89           74           08
                                     97           32           2D           89
                                     BC           07           CE           33
                                     B2           8A           05           07
                                     70           34           F0           8A
                                     40           07           09
      2026-01-12 01:53:38  1         B5           0B           36           05
                                     8A           76           0E           A3
                                     B7           09           8A           9F
                                     06           3C           38           DC
                                     8A           FA           05           E1
                                     39           E6           8B           32
                                     05           7B           3B           99
                                     8B           88           05
      2026-01-12 01:54:24  1         6A           0C           13           3C
                                     89           8B           C1           04
                                     AF           3C           DA           8B
                                     C8           04           4B           3B
                                     69           8B           10           03
                                     E8           3A           AD           8A
                                     86           03           8A           3F
                                     85           8A           8E
      2026-01-12 01:55:10  1         C6           0D           03           26
                                     42           A5           8A           96
                                     02           B2           42           FB
                                     8A           9C           02           5A
                                     43           12           8A           97
                                     01           F1           43           1B
                                     8A           96           01           C7
                                     43           2F           8A
      2026-01-12 01:55:56  1         CC           0E           8E           01
                                     8E           43           39           8A
                                     8C           01           5E           43
                                     48           8A           87           01
                                     2F           43           67           8A
                                     81           00           F9           44
                                     62           8A           8A           00
                                     CB           44           7A
      2026-01-12 01:56:42  1         D0           0F           8A           8D
                                     00           9B           44           AB
                                     8A           90           00           66
                                     44           E9           8A           92
                                     00           2E           00           06
                                     FF           9D           06           03
                                     26           49           5E           63
                                     64           FF           FF
      2026-01-12 01:57:31  1         80           01           2D           03
                                     03           46           3B           80
                                     01           00           FF           F9
                                     FB           93           53           1A
                                     00           00           00           00
                                     91           06           88           38
                                     79           BE           8F           45
                                     0C           23           31
      2026-01-12 01:58:14  1         CF           02           AC           A4
                                     63           69           01           02
                                     00           00           D8           0C
                                     96           27           3C           00
                                     14           00           21           0C
                                     6A           26           DC           0C
                                     D1           27           84           26
                                     DC           27           91
      2026-01-12 01:59:00  1         FA           03           53           79
                                     08           D6           0C           9B
                                     86           12           27           3C
                                     0B           BE           88           15
                                     4E           24           0B           D2
                                     87           FC           4A           37
                                     0B           B4           87           CD
                                     46           4D           0B
      2026-01-12 01:59:46  2         7A           04           7D           87
                                     9D           42           62           0B
                                     61           87           68           3E
                                     7F           0B           5D           87
                                     34           3A           99           0B
                                     4B           86           EF           36
                                     B3           0B           8F           86
                                     CF           34           BC
      2026-01-12 02:00:32  2         CA           05           0B           8D
                                     86           AC           32           C8
                                     0B           9F           86           8C
                                     30           D3           0B           DF
                                     86           6F           2E           DD
                                     0C           1E           86           58
                                     2C           F0           0C           53
                                     86           40           2A
      2026-01-12 02:01:18  1         D9           06           FC           0C
                                     7A           86           1A           28
                                     FC           0C           D0           85
                                     FB           27           11           0D
                                     5D           85           ED           25
                                     20           0D           EF           85
                                     DE           03           22           0E
                                     7E           85           D7
02602 152390  17 31 3 3 2026-01-12 02:03:36 -40.308  -39.782  0.000 401649934
      2026-01-12 01:57:31  1         80           01           2D           03
                                     03           46           3B           80
                                     01           00           FF           F9
                                     FB           93           53           1A
                                     00           00           00           00
                                     91           06           88           38
                                     79           BE           8F           45
                                     8C           03           21
      2026-01-12 01:59:00  1         FA           03           53           79
                                     08           D6           0C           9B
                                     86           12           27           3C
                                     0B           BE           88           15
                                     4E           24           0B           D2
                                     87           FC           4A           37
                                     0B           B4           87           CD
                                     46           4D           0B
      2026-01-12 01:59:46  1         7A           04           7D           87
                                     9D           42           62           0B
                                     61           87           68           3E
                                     7F           0B           5D           87
                                     34           3A           99           0B
                                     4B           86           EF           36
                                     B3           0B           8F           86
                                     CF           34           BC
      2026-01-12 02:00:32  1         CA           05           0B           8D
                                     86           AC           32           C8
                                     0B           9F           86           8C
                                     30           D3           0B           DF
                                     86           6F           2E           DD
                                     0C           1E           86           58
                                     2C           F0           0C           53
                                     86           40           2A
      2026-01-12 02:01:18  1         D9           06           FC           0C
                                     7A           86           1A           28
                                     FC           0C           D0           85
                                     FB           27           11           0D
                                     5D           85           ED           25
                                     20           0D           EF           85
                                     5C           47           C3           CC
                                     5F           84           D7
      2026-01-12 02:02:04  1         12           07           21           34
                                     0F           62           85           D0
                                     1F           43           0F           DD
                                     85           C6           1D           4E
                                     10           AE           85           C4
                                     1B           5A           11           E3
                                     85           CA           19           66
                                     12           7B           85
      2026-01-12 02:02:50  1         DC           08           C6           17
                                     70           13           83           85
                                     CF           15           80           15
                                     FB           86           0F           13
                                     84           19           55           86
                                     61           11           91           1C
                                     2B           86           9E           0F
                                     9D           20           30
      2026-01-12 02:03:36  1         D4           09           87           0D
                                     0E           14           24           0F
                                     87           8C           0C           E6
                                     27           08           87           FF
                                     0B           B7           2A           19
                                     88           83           0A           F1
                                     2C           96           88           E7
                                     0A           2D           2E
      2026-01-12 02:04:22  1         7F           0A           8E           89
                                     36           09           5B           30
                                     43           89           74           08
                                     D7           90           6D           8C
                                     BC           07           CE           33
                                     B2           8A           05           07
                                     70           34           F0           8A
                                     40           07           09
      2026-01-12 02:05:08  1         B5           0B           36           05
                                     8A           76           06           A3
                                     37           09           8A           9F
                                     06           3C           38           DC
                                     8A           FA           05           E1
                                     39           E6           8B           32
                                     05           7B           3B           99
                                     8B           88           05
      2026-01-12 02:05:54  1         6A           0C           13           3C
                                     89           8B           C1           04
                                     AF           3C           DA           8B
                                     C8           04           4B           3B
                                     69           8B           10           03
                                     E8           3A           AD           8A
                                     86           03           8A           3F
                                     85           8A           8E
      2026-01-12 02:06:40  1         C6           0D           03           26
                                     42           A5           8A           96
                                     02           B2           42           FB
                                     8A           9C           02           5A
                                     43           12           8A           97
                                     01           F1           43           1B
                                     8A           96           01           C7
                                     43           2F           8A
      2026-01-12 02:07:26  1         CC           0E           8E           01
                                     8E           43           39           8A
                                     8C           01           5E           43
                                     48           8A           87           01
                                     2F           43           67           8A
                                     81           00           F9           44
                                     62           8A           8A           00
                                     CB           44           7A
      2026-01-12 02:08:12  1         D0           0F           8A           8D
                                     00           9B           44           AB
                                     8A           90           00           66
                                     44           E9           8A           92
                                     00           2E           00           06
                                     FF           9D           06           03
                                     26           49           5E           63
                                     64           FF           FF
      2026-01-12 02:09:01  1         13           01           2E           03
                                     03           46           3B           80
                                     01           00           FF           F9
                                     FC           93           53           1A
                                     00           00           00           00
                                     91           06           88           38
                                     79           BE           8F           45
                                     0C           03           21
      2026-01-12 02:09:44  2         CF           02           AC           A4
                                     63           69           01           02
                                     00           00           D8           0C
                                     96           27           3C           00
                                     14           00           21           0C
                                     6A           26           DC           0C
                                     D1           27           84           26
                                     DC           27           91
02602 152392  18 31 B
      2026-01-13 17:41:24  1         6E           82           41           56
                                     E6           69           61           E4
                                     04           48           DA           0C
                                     3C           2C           F6           08
                                     74           00           36           0F
                                     B3           26           D8           1D
                                     4B           26           E4           26
                                     14           27           85
      2026-01-13 17:42:08  1         AE           03           53           7B
                                     09           B6           0D           17
                                     87           15           26           AE
                                     09           00           88           0F
                                     4E           1E           09           56
                                     88           03           4A           3E
                                     09           B3           87           FE
                                     46           53           09
      2026-01-13 17:43:36  1         67           05           0E           D4
                                     C7           05           32           C7
                                     0A           D0           87           61
                                     30           D5           0A           85
                                     87           39           2E           E4
                                     0B           D0           87           42
                                     2C           F0           0C           57
                                     87           41           2A
      2026-01-13 17:45:04  1         33           07           21           36
                                     0D           3B           86           73
                                     1F           42           0C           72
                                     86           32           1D           4A
                                     0C           A9           86           07
                                     9C           59           0D           1A
                                     85           E2           19           62
                                     0E           41           85
      2026-01-13 17:45:48  1         91           08           DF           17
                                     6C           0E           43           85
                                     A8           15           7C           12
                                     92           86           21           13
                                     89           13           06           86
                                     0B           11           97           14
                                     8A           86           07           0F
                                     A2           13           EC
      2026-01-13 17:46:32  1         7C           09           85           B8
                                     0E           15           16           DB
                                     86           03           0C           E8
                                     19           D8           86           52
                                     0B           B6           17           01
                                     85           BE           0A           F3
                                     16           80           85           83
                                     0A           29           19
      2026-01-13 17:47:16  1         22           0A           7F           85
                                     CA           09           5D           1D
                                     26           86           39           08
                                     94           1A           18           85
                                     73           07           D0           1D
                                     0E           85           C0           07
                                     6A           1F           B1           86
                                     2E           07           08
      2026-01-13 17:48:00  1         3C           0B           20           A1
                                     86           4D           06           A3
                                     21           2E           86           4B
                                     06           3E           21           86
                                     86           49           05           DE
                                     21           6B           86           37
                                     05           5E           21           A7
                                     86           15           05
      2026-01-13 17:48:44  1         F1           0C           14           1F
                                     FF           85           82           04
                                     B0           20           25           85
                                     54           04           49           31
                                     1C           76           06           F8
                                     03           DE           C0           7C
                                     DC           F7           C5           EF
                                     0C           FF           D8
      2026-01-13 17:50:12  1         FF           0E           67           01
                                     78           25           4B           84
                                     69           01           41           25
                                     55           84           6A           01
                                     1C           25           50           84
                                     69           00           F9           25
                                     4D           84           69           00
                                     C3           25           4F
      2026-01-13 17:50:56  1         CA           0F           84           6A
                                     00           90           25           6A
                                     84           6E           00           64
                                     25           6C           84           6E
                                     00           28           00           07
                                     FF           93           06           05
                                     2E           50           61           62
                                     61           FF           FF
      2026-01-13 17:51:43  1         6D           01           06           03
                                     2B           4A           3B           80
                                     01           00           FF           F7
                                     F6           97           40           0A
                                     00           00           00           00
                                     92           04           85           37
                                     74           CB           8C           4E
                                     0E           03           A6
      2026-01-13 17:52:24  1         6E           02           51           42
                                     66           69           20           F4
                                     04           02           D8           0C
                                     1C           27           35           80
                                     34           00           36           0B
                                     B3           26           D8           0D
                                     4B           26           E4           26
                                     14           27           95
      2026-01-13 17:53:08  1         AE           03           53           7B
                                     09           B6           0D           17
                                     87           15           26           AE
                                     09           00           88           0F
                                     4E           1E           08           56
                                     8C           81           67           9E
                                     99           8D           5C           81
                                     94           9E           FA
      2026-01-13 17:53:52  2         69           04           E0           87
                                     ED           42           6B           0A
                                     30           87           DC           3E
                                     7D           0A           8A           87
                                     C7           3A           95           0A
                                     B6           87           A6           36
                                     B3           0A           DC           87
                                     97           34           B7
      2026-01-13 17:54:36  1         67           05           0A           F4
                                     87           85           32           C7
                                     4A           D0           A7           61
                                     38           D5           08           85
                                     C7           39           2E           E4
                                     0B           D0           87           42
                                     2C           F0           0C           57
                                     87           41           2A
      2026-01-13 17:55:20  1         DA           06           FB           0B
                                     BA           87           00           29
                                     04           0D           03           87
                                     11           27           13           0D
                                     B6           87           07           25
                                     1F           0D           1B           86
                                     CE           23           24           0E
                                     A0           86           D0
02602 152392  18 31 C 1 2026-01-13 18:21:44 -44.672   56.773  0.000 401649873
      2026-01-13 18:21:44  1         F1           0C           14           1F
                                     FF           85           82           04
                                     B0           20           25           85
                                     54           04           49           1F
                                     73           84           FD           03
                                     EC           21           5F           85
                                     18           03           83           22
                                     51           85           26
      2026-01-13 18:23:56  1         CA           0F           84           6A
                                     00           90           25           6A
                                     84           6E           00           64
                                     25           6C           84           6E
                                     00           28           00           07
                                     FF           93           06           05
                                     2E           50           61           62
                                     61           FF           FF
      2026-01-13 18:25:24  1         6E           02           51           42
                                     66           69           00           F4
                                     04           00           D8           0C
                                     3C           27           35           00
                                     34           00           36           0B
                                     B3           26           D8           0D
                                     4B           26           E4           26
                                     14           27           95
      2026-01-13 18:26:08  1         AE           03           53           7B
                                     09           B6           0D           17
                                     87           15           26           AE
                                     09           00           88           0F
                                     4E           1E           09           56
                                     88           03           4A           36
                                     09           B3           87           FE
                                     46           53           09
      2026-01-13 18:26:52  1         69           04           E0           87
                                     ED           42           6B           0A
                                     30           87           DC           3E
                                     7D           0A           8A           87
                                     C7           3A           95           0A
                                     B6           87           A6           36
                                     B3           0A           DC           87
                                     97           34           B7
      2026-01-13 18:28:20  1         DA           06           FB           0B
                                     BA           87           00           29
                                     04           0D           03           87
                                     11           27           13           0D
                                     B6           87           07           25
                                     1F           0D           1B           86
                                     CE           23           24           0E
                                     A0           86           D0
      2026-01-13 18:29:04  1         33           07           21           36
                                     0D           3B           86           73
                                     1F           42           0C           72
                                     86           32           1D           4A
                                     0C           A9           86           05
                                     1B           58           0D           1A
                                     85           E2           19           62
                                     0E           41           85
      2026-01-13 18:29:48  1         91           08           DF           17
                                     6C           0E           43           85
                                     A8           15           7C           12
                                     92           86           21           13
                                     89           13           06           86
                                     0B           11           97           14
                                     8A           86           07           0F
                                     A2           13           EC
      2026-01-13 18:30:32  1         7C           09           85           B8
                                     0E           15           16           DB
                                     86           03           0C           E8
                                     19           D8           86           52
                                     0B           B6           17           01
                                     85           BE           0A           F3
                                     16           80           85           83
                                     0A           29           19
      2026-01-13 18:31:16  2         22           0A           7F           85
                                     CA           09           5D           1D
                                     26           86           39           08
                                     94           1A           18           85
                                     73           07           D0           1D
                                     0E           85           C0           07
                                     6A           1F           B1           86
                                     2E           07           08
      2026-01-13 18:32:00  2         3C           0B           20           A1
                                     86           4D           06           A3
                                     21           2E           86           4B
                                     06           3E           21           86
                                     86           49           05           DE
                                     21           6B           86           37
                                     05           5E           21           A7
                                     86           15           05
      2026-01-13 18:32:44  1         F1           0C           14           1F
                                     FF           85           82           04
                                     B0           20           24           95
                                     52           06           09           95
                                     79           E5           19           BE
                                     A1           E8           0F           87
                                     53           DA           3C           F1
                                     28           C2           93
      2026-01-13 18:33:28  2         F9           0D           03           1F
                                     22           D5           84           DB
                                     02           C0           24           B9
                                     84           75           02           50
                                     24           F8           84           63
                                     01           F7           25           12
                                     84           63           01           C5
                                     25           48           84
      2026-01-13 18:34:12  2         FF           0E           67           01
                                     78           25           4B           84
                                     69           01           41           25
                                     55           84           6A           01
                                     1C           25           50           84
                                     69           00           F9           25
                                     4D           84           69           00
                                     C3           25           4F
02602 152392   9 31 B 1 2026-01-13 19:22:36 -44.657   56.784  0.000 401649877
      2026-01-13 19:22:36  1         67           05           0A           F4
                                     87           85           32           C7
                                     0A           D0           87           61
                                     20           C5           0A           85
                                     87           39           2E           E4
                                     0B           D0           87           42
                                     2C           F0           0C           57
                                     87           41           2E
      2026-01-13 19:23:20  1         DA           06           FB           0B
                                     BA           87           00           29
                                     04           0D           03           87
                                     11           27           13           0D
                                     B6           87           07           25
                                     1F           0D           1B           86
                                     CE           23           24           0E
                                     A0           86           D0
      2026-01-13 19:24:04  1         33           07           21           36
                                     0D           3B           86           73
                                     1F           42           0C           72
                                     86           32           15           5A
                                     0C           A9           B6           05
                                     1B           58           08           08
                                     C5           C2           DE           B9
                                     F3           79           C4
      2026-01-13 19:24:48  1         91           08           DF           17
                                     6C           0E           43           85
                                     A8           15           7C           12
                                     92           86           21           13
                                     89           13           06           86
                                     0B           11           97           14
                                     8A           86           07           0F
                                     A2           13           EC
      2026-01-13 19:25:32  1         7C           09           85           B8
                                     0E           15           16           DB
                                     86           03           0C           E8
                                     19           D8           86           52
                                     0B           B6           17           01
                                     85           BE           0A           F3
                                     16           80           85           83
                                     0A           29           19
      2026-01-13 19:26:16  1         22           0A           7F           85
                                     CA           09           5D           1D
                                     26           86           39           08
                                     94           1A           18           85
                                     73           07           D0           1D
                                     0E           85           C0           07
                                     6A           1F           B1           86
                                     2E           07           08
      2026-01-13 19:29:12  1         FF           0E           67           01
                                     78           25           4B           84
                                     61           01           41           25
                                     55           84           4A           01
                                     1C           25           50           84
                                     69           00           F9           25
                                     4D           84           69           80
                                     C3           25           4F
      2026-01-13 19:29:56  1         CA           0F           84           6A
                                     00           90           25           6A
                                     84           6E           00           64
                                     25           6C           84           6E
                                     70           28           00           07
                                     FF           92           06           05
                                     6E           72           61           62
                                     61           FF           FF
      2026-01-13 19:32:08  1         AE           03           53           7B
                                     09           B6           0D           17
                                     87           15           26           AE
                                     09           00           88           0F
                                     4E           1E           09           56
                                     88           03           4A           36
                                     09           B3           87           FE
                                     46           53           09
02602 152392  16 31 3 2 2026-01-13 19:31:40 -44.659   56.771  0.000 401649873
      2026-01-13 19:25:32  1         7C           09           85           B8
                                     0E           15           16           DB
                                     86           03           0C           E8
                                     19           D8           86           52
                                     0B           B6           17           00
                                     87           BF           0B           F7
                                     16           80           95           83
                                     8A           29           19
      2026-01-13 19:26:16  1         22           0A           7F           85
                                     CA           09           5D           1D
                                     26           86           39           08
                                     94           1A           18           85
                                     73           07           D0           1D
                                     0E           85           C0           07
                                     6A           1F           B1           86
                                     2E           07           08
      2026-01-13 19:27:44  1         F1           0C           14           1F
                                     FF           85           82           04
                                     B0           20           25           85
                                     54           04           49           1F
                                     73           84           FD           03
                                     EC           21           5F           85
                                     18           03           83           22
                                     51           85           26
      2026-01-13 19:28:28  1         F9           0D           03           1F
                                     22           D5           84           DB
                                     02           C0           24           B9
                                     84           75           02           50
                                     24           F8           84           63
                                     01           F7           25           12
                                     84           63           01           C5
                                     25           48           84
      2026-01-13 19:29:12  1         FF           0E           67           01
                                     78           25           4B           84
                                     69           01           41           25
                                     55           84           6A           01
                                     1C           25           50           84
                                     69           00           F9           25
                                     4D           93           86           FF
                                     3C           DA           B0
      2026-01-13 19:29:56  1         CA           2E           84           6A
                                     09           90           25           7B
                                     A4           6E           00           64
                                     25           6C           84           6E
                                     00           28           00           07
                                     FF           93           06           05
                                     2E           50           61           62
                                     61           FF           FF
      2026-01-13 19:30:43  1         E9           01           0F           03
                                     2B           4A           3B           80
                                     01           00           FF           F7
                                     F7           97           40           0A
                                     00           00           00           00
                                     92           04           85           37
                                     74           CB           8C           4E
                                     0E           03           A6
      2026-01-13 19:31:24  1         6E           02           51           42
                                     66           69           00           F4
                                     04           00           D8           0C
                                     3C           27           35           00
                                     34           00           36           0B
                                     B3           26           D8           0D
                                     4B           26           E4           26
                                     14           27           95
      2026-01-13 19:33:36  1         67           05           0A           F4
                                     87           85           32           C7
                                     0A           D0           87           61
                                     30           D5           0A           85
                                     87           39           2E           E4
                                     0B           D0           87           42
                                     2C           F0           0C           57
                                     87           41           2A
      2026-01-13 19:34:20  1         DA           06           FB           0B
                                     BA           87           00           29
                                     04           0D           03           87
                                     11           27           13           0D
                                     B6           87           07           25
                                     1F           0D           1B           86
                                     CE           23           24           0E
                                     A0           86           D0
      2026-01-13 19:35:04  1         33           07           21           36
                                     0D           3B           86           73
                                     1F           42           0C           72
                                     86           32           1D           4A
                                     0C           A9           86           05
                                     1B           58           0D           1A
                                     85           E2           19           62
                                     0E           41           85
      2026-01-13 19:35:48  1         91           08           DF           17
                                     6C           0E           43           85
                                     A8           15           7C           12
                                     92           86           21           13
                                     89           13           06           86
                                     0B           11           97           14
                                     8A           86           07           0F
                                     A2           13           EC
      2026-01-13 19:36:32  1         7C           09           85           B8
                                     0E           15           16           DB
                                     86           03           0C           E8
                                     19           D8           86           52
                                     0B           B6           17           01
                                     85           BE           0A           F3
                                     16           80           85           83
                                     0A           29           19
      2026-01-13 19:37:16  1         22           0A           7F           85
                                     CA           09           5D           1D
                                     26           86           39           08
                                     94           1A           1E           BD
                                     D2           DC           17           E0
                                     78           7B           3F           F8
                                     05           0F           D8           C3
                                     17           03           84
      2026-01-13 19:38:00  2         3C           0B           20           A1
                                     86           4D           06           A3
                                     21           2E           86           4B
                                     06           3E           21           86
                                     86           49           05           DE
                                     21           6B           86           37
                                     05           5E           21           A7
                                     86           15           05
02602 152392  15 31 C 2 2026-01-13 20:01:28 -44.653   56.775  0.000 401649872
      2026-01-13 20:01:28  1         F9           0D           03           1F
                                     22           D5           84           DB
                                     02           C0           24           B9
                                     84           75           02           50
                                     24           F8           84           63
                                     01           F7           25           12
                                     84           63           01           C5
                                     25           48           84
      2026-01-13 20:02:12  1         FF           0E           67           01
                                     78           25           4B           84
                                     69           01           41           25
                                     55           84           6A           01
                                     1C           25           50           84
                                     69           00           F9           25
                                     4D           84           69           00
                                     C3           25           4F
      2026-01-13 20:02:56  1         CA           0F           84           6A
                                     00           90           25           6A
                                     84           6E           00           64
                                     25           6C           84           6E
                                     00           28           00           07
                                     FF           93           06           05
                                     2E           50           61           62
                                     61           FF           FF
      2026-01-13 20:03:43  1         A8           01           12           03
                                     2B           4A           3B           80
                                     01           00           FF           F7
                                     F7           97           40           0A
                                     00           00           00           00
                                     92           04           85           37
                                     74           CB           8C           4E
                                     0E           03           A6
      2026-01-13 20:04:24  1         6E           02           51           42
                                     66           69           00           F4
                                     04           00           D8           0C
                                     3C           27           35           00
                                     34           00           36           0B
                                     B3           26           D8           0D
                                     4B           26           E4           26
                                     14           27           95
      2026-01-13 20:05:08  1         9E           03           53           7A
                                     09           B6           0D           17
                                     87           15           26           AE
                                     09           00           88           0F
                                     4E           1E           09           56
                                     88           03           4A           36
                                     09           B3           87           FE
                                     46           53           09
      2026-01-13 20:05:52  1         69           04           E0           87
                                     ED           42           6B           0A
                                     30           87           DC           3E
                                     7D           0A           8A           87
                                     C7           3A           95           0A
                                     B6           87           A6           36
                                     B3           0A           DC           87
                                     97           34           B7
      2026-01-13 20:06:36  1         67           05           0A           F4
                                     87           85           32           C7
                                     0A           D0           87           61
                                     30           D5           0A           85
                                     87           39           2E           E4
                                     0B           D0           87           42
                                     2C           F0           0C           57
                                     87           41           2A
      2026-01-13 20:07:20  1         DA           06           FB           0B
                                     BA           87           00           29
                                     04           0D           03           87
                                     11           27           13           0D
                                     B6           87           07           25
                                     1F           0D           1B           86
                                     CE           23           24           0E
                                     A0           86           D0
      2026-01-13 20:08:04  1         33           07           21           36
                                     0D           3B           86           73
                                     1F           42           0C           72
                                     86           32           1D           4A
                                     0C           A9           86           05
                                     1B           58           0D           1A
                                     85           E2           19           62
                                     0E           41           85
      2026-01-13 20:08:48  1         91           08           DF           17
                                     6C           0E           43           85
                                     A8           15           7C           12
                                     92           86           21           13
                                     89           13           06           86
                                     0B           11           97           14
                                     8A           86           07           0F
                                     A2           13           EC
      2026-01-13 20:09:32  1         7C           09           85           B8
                                     0E           15           16           DB
                                     86           03           0C           E8
                                     19           D8           86           52
                                     0B           B6           17           01
                                     85           BE           0A           F3
                                     16           80           85           83
                                     0A           29           19
      2026-01-13 20:10:16  1         22           0A           7F           85
                                     CA           09           5D           1D
                                     26           86           39           08
                                     94           1A           18           85
                                     73           07           D0           1D
                                     0E           85           C0           07
                                     6A           1F           B1           86
                                     2E           07           08
      2026-01-13 20:11:00  1         3C           0B           20           A1
                                     86           4D           06           A3
                                     21           2E           86           4B
                                     06           3E           21           86
                                     86           49           05           DE
                                     21           6B           86           37
                                     05           5E           21           A7
                                     86           15           05
      2026-01-13 20:12:28  1         F9           0D           03           1F
                                     22           D5           84           DB
                                     02           C0           24           B8
                                     84           75           02           50
                                     24           F8           84           63
                                     01           F7           25           12
                                     84           63           01           C5
                                     25           48           84
02602 152392  19 31 3 3 2026-01-13 21:11:08 -44.637   56.793  0.000 401649873
      2026-01-13 21:05:16  1         22           0A           7F           85
                                     CA           09           5D           1D
                                     26           86           39           08
                                     94           1A           18           85
                                     73           07           D0           1D
                                     0E           85           C0           07
                                     6A           1F           B1           86
                                     2E           07           08
      2026-01-13 21:06:44  1         F1           0C           14           1F
                                     FF           85           82           04
                                     B0           20           25           85
                                     54           04           49           1F
                                     73           84           FD           03
                                     EC           21           5F           85
                                     18           03           83           22
                                     51           85           26
      2026-01-13 21:07:28  1         F9           0D           03           1F
                                     22           D5           84           DB
                                     02           C0           24           B9
                                     84           75           02           50
                                     24           F8           84           63
                                     01           F7           25           12
                                     84           63           01           C5
                                     25           48           84
      2026-01-13 21:08:12  1         FF           0E           67           01
                                     78           23           B4           74
                                     69           01           41           25
                                     55           84           6A           01
                                     1C           25           50           84
                                     69           00           F9           25
                                     4D           84           69           40
                                     C3           25           4F
      2026-01-13 21:08:56  1         CA           0F           84           6A
                                     00           90           25           6A
                                     84           6E           00           64
                                     25           6C           84           6E
                                     00           28           00           07
                                     FF           93           06           05
                                     2E           50           61           62
                                     61           FF           FF
      2026-01-13 21:09:43  1         86           01           18           03
                                     2B           4A           3B           80
                                     01           00           FF           F7
                                     F9           97           40           0A
                                     00           00           00           00
                                     92           04           85           37
                                     74           CB           8C           4E
                                     0E           03           A6
      2026-01-13 21:10:24  1         6E           02           51           42
                                     66           69           00           F4
                                     04           00           D8           0C
                                     3C           27           35           00
                                     34           00           36           0B
                                     B3           26           D8           0D
                                     4B           26           E4           26
                                     14           27           95
      2026-01-13 21:11:08  1         3E           03           53           7D
                                     09           B6           0D           17
                                     87           15           26           AE
                                     09           00           88           0F
                                     4E           1E           09           56
                                     88           03           4A           36
                                     09           B3           87           FE
                                     46           53           09
      2026-01-13 21:11:52  1         69           04           E0           87
                                     ED           42           6B           0A
                                     30           87           DC           3E
                                     7D           0A           8A           87
                                     C7           3A           95           0A
                                     B6           87           A6           36
                                     B3           0A           DC           87
                                     97           34           B7
      2026-01-13 21:12:36  1         67           05           0A           F4
                                     87           85           32           C7
                                     0A           D0           87           69
                                     30           D5           0A           85
                                     87           39           2E           E4
                                     0B           D0           87           42
                                     2C           F0           0C           57
                                     87           41           2A
      2026-01-13 21:13:20  1         DA           06           FB           0B
                                     BA           87           00           29
                                     04           0D           03           87
                                     11           27           13           0D
                                     B6           87           07           25
                                     1F           0D           1B           86
                                     CE           23           24           0E
                                     A0           86           D0
      2026-01-13 21:14:04  1         33           07           21           36
                                     0D           3B           86           73
                                     1F           42           0C           72
                                     86           32           1D           4A
                                     0C           A9           86           05
                                     1B           58           0D           1A
                                     85           E2           19           62
                                     0E           41           85
      2026-01-13 21:14:48  1         91           08           DF           17
                                     6C           0E           43           85
                                     A8           15           7C           12
                                     92           86           21           13
                                     89           13           06           86
                                     0B           11           97           14
                                     8A           86           07           0F
                                     A2           13           EC
      2026-01-13 21:15:32  2         7C           09           85           B8
                                     0E           15           16           DB
                                     86           03           0C           E8
                                     19           D8           86           52
                                     0B           B6           17           01
                                     85           BE           0A           F3
                                     16           80           85           83
                                     0A           29           19
      2026-01-13 21:16:16  1         22           0A           7F           85
                                     CA           09           5D           1D
                                     26           86           39           08
                                     94           1A           18           85
                                     73           07           D0           1D
                                     0E           85           C0           07
                                     6A           1F           B1           86
                                     2E           07           88
      2026-01-13 21:17:00  2         3C           0B           20           A1
                                     86           4D           06           A3
                                     21           2E           86           4B
                                     06           3E           21           86
                                     86           49           05           DE
                                     21           6B           86           37
                                     05           5E           21           A7
                                     86           15           05
      2026-01-13 21:17:44  1         F1           0C           14           1F
                                     FF           85           82           04
                                     B8           20           25           85
                                     74           14           49           17
                                     73           84           B9           43
                                     FF           20           5F           85
                                     18           03           83           22
                                     53           87           26
02602 152392  13 31 3 3 2026-01-13 22:47:56 -44.618   56.810  0.000 401649874
      2026-01-13 22:43:32  1         7C           09           85           B8
                                     0E           15           16           DB
                                     86           03           0C           E8
                                     19           D8           86           52
                                     0B           B6           17           01
                                     85           BE           0A           F3
                                     16           80           85           83
                                     0A           29           19
      2026-01-13 22:44:16  1         22           0A           7F           85
                                     CA           09           5D           1D
                                     26           86           39           08
                                     94           1A           18           85
                                     73           07           C0           1D
                                     0E           85           C0           07
                                     6A           1F           B1           86
                                     2E           07           08
      2026-01-13 22:45:00  1         3C           0B           20           A1
                                     86           4D           06           A3
                                     21           2E           86           4B
                                     06           3E           21           86
                                     86           49           05           DE
                                     21           6B           86           37
                                     05           5E           21           A7
                                     86           15           05
      2026-01-13 22:45:44  1         F1           0C           14           1F
                                     FF           85           82           04
                                     B0           20           25           85
                                     54           04           49           1F
                                     73           84           FD           03
                                     EC           21           5F           85
                                     18           03           83           22
                                     51           85           26
      2026-01-13 22:46:28  1         F9           0D           03           1F
                                     22           D5           84           DB
                                     02           C0           24           B9
                                     84           75           02           50
                                     24           F8           84           63
                                     01           F7           25           12
                                     84           63           01           C5
                                     25           48           84
      2026-01-13 22:47:12  1         FF           0E           67           01
                                     78           25           4B           84
                                     69           01           41           25
                                     55           84           6A           01
                                     1C           25           50           84
                                     69           00           F9           25
                                     4D           84           69           00
                                     C3           25           4F
      2026-01-13 22:47:56  1         CA           0F           84           6A
                                     00           90           25           6A
                                     84           6E           00           64
                                     25           6C           84           6E
                                     00           28           00           07
                                     FF           93           06           05
                                     2E           50           61           62
                                     61           FF           FF
      2026-01-13 22:48:43  1         DA           01           21           03
                                     2B           4A           3B           80
                                     01           00           FF           F7
                                     F7           97           40           0A
                                     00           00           00           00
                                     92           04           85           37
                                     74           CB           8C           4E
                                     0E           03           A6
      2026-01-13 22:49:24  1         6E           02           51           42
                                     66           69           00           F4
                                     04           00           D8           0C
                                     3C           27           35           00
                                     34           00           36           0B
                                     B3           26           D8           0D
                                     4B           26           E4           26
                                     14           27           95
      2026-01-13 22:50:08  1         AE           03           53           7B
                                     09           B6           0D           17
                                     87           15           26           AE
                                     09           00           88           0F
                                     4E           1E           09           56
                                     88           03           4A           36
                                     09           B3           87           FE
                                     46           53           09
      2026-01-13 22:50:52  1         69           04           E0           87
                                     ED           42           6B           0A
                                     30           87           DC           3E
                                     7D           0A           8A           87
                                     C7           3A           95           0A
                                     B6           87           A6           36
                                     B3           0A           DC           87
                                     97           34           B7
      2026-01-13 22:51:36  1         67           05           0A           F4
                                     87           85           32           C7
                                     0A           D0           87           61
                                     30           D5           0A           85
                                     87           39           2E           E4
                                     0B           D0           87           42
                                     2C           F0           0C           57
                                     87           41           2A
      2026-01-13 22:52:20  1         DA           06           FB           0B
                                     BA           87           00           29
                                     04           0D           03           87
                                     11           27           13           0D
                                     B6           87           07           25
                                     1F           0D           1B           86
                                     CE           23           24           0E
                                     A0           86           D0
02602 152392  17 31 R 2 2026-01-14 01:12:02 -44.577   56.849  0.000 401649871
      2026-01-14 01:10:12  1         FF           0E           63           01
                                     78           25           4B           84
                                     69           01           C1           25
                                     55           84           6A           01
                                     1C           25           50           84
                                     69           00           F9           25
                                     4D           84           69           00
                                     C3           25           4F
      2026-01-14 01:11:43  1         E2           01           2E           03
                                     2B           4A           3B           80
                                     01           00           FF           F7
                                     F7           97           40           0A
                                     00           00           00           00
                                     92           04           85           37
                                     74           CB           8C           4E
                                     0E           03           A6
      2026-01-14 01:12:24  1         6E           02           51           42
                                     66           69           00           F4
                                     04           00           D8           0C
                                     3C           27           35           00
                                     34           00           36           0B
                                     B3           26           D8           0D
                                     4B           26           E4           26
                                     14           27           95
      2026-01-14 01:13:08  1         9E           03           53           7A
                                     09           B6           0D           17
                                     87           15           26           AE
                                     09           00           88           0F
                                     4E           1E           09           56
                                     88           03           4A           36
                                     09           B3           87           FE
                                     46           53           09
      2026-01-14 01:13:52  1         69           04           E0           87
                                     ED           42           6B           0A
                                     30           87           DC           3E
                                     7D           0A           8A           87
                                     C7           3A           95           0A
                                     B6           87           A6           36
                                     B3           0A           DC           87
                                     97           34           B7
      2026-01-14 01:14:36  1         67           05           0A           F4
                                     87           85           32           C7
                                     0A           D0           87           61
                                     30           D5           0A           85
                                     87           39           2E           E4
                                     0B           D0           87           42
                                     2C           F0           0C           57
                                     87           41           2A
      2026-01-14 01:15:20  1         DA           06           FB           0B
                                     BA           87           00           29
                                     04           0D           03           87
                                     11           27           13           0D
                                     B6           87           07           25
                                     1F           0D           1B           86
                                     CE           23           24           0E
                                     A0           86           D0
      2026-01-14 01:16:04  1         33           07           21           36
                                     0D           3B           86           73
                                     1F           42           0C           72
                                     86           32           1D           4A
                                     0C           A9           86           05
                                     1B           58           0D           1A
                                     85           E2           19           62
                                     0E           41           85
      2026-01-14 01:16:48  1         91           08           DF           17
                                     6C           0E           43           85
                                     A8           15           7C           12
                                     92           86           21           13
                                     89           13           06           86
                                     0B           11           97           14
                                     8A           86           07           0F
                                     A2           13           EC
      2026-01-14 01:17:32  1         7C           09           85           B8
                                     0E           15           16           DB
                                     86           03           0C           E8
                                     19           D8           86           52
                                     0B           B6           17           01
                                     85           BE           0A           F3
                                     16           80           85           83
                                     0A           29           19
      2026-01-14 01:18:16  1         22           0A           7F           85
                                     CA           09           5D           1D
                                     26           86           39           08
                                     94           1A           18           85
                                     73           07           D0           1D
                                     0E           85           C0           07
                                     6A           1F           B1           86
                                     2E           07           08
      2026-01-14 01:19:00  1         3C           0B           20           A1
                                     86           4D           06           A3
                                     21           2E           86           4B
                                     06           3E           21           86
                                     86           49           05           DC
                                     63           79           86           37
                                     05           5E           21           A7
                                     86           15           05
      2026-01-14 01:19:44  1         F1           0C           14           1F
                                     FF           85           82           04
                                     B0           20           25           85
                                     54           04           49           1F
                                     73           84           FD           03
                                     EC           21           5F           85
                                     18           03           83           22
                                     51           85           26
      2026-01-14 01:20:28  1         F9           0D           03           1F
                                     22           D5           84           DB
                                     02           C0           24           B9
                                     84           75           02           50
                                     24           F8           84           63
                                     01           F7           25           12
                                     84           63           01           C5
                                     25           48           84
      2026-01-14 01:21:12  1         FF           0E           67           01
                                     78           25           4B           84
                                     69           01           41           25
                                     55           84           6A           01
                                     1C           25           50           84
                                     69           00           F9           25
                                     4D           84           69           00
                                     C3           25           4F
      2026-01-14 01:21:56  2         CA           0F           84           6A
                                     00           90           25           6A
                                     84           6E           00           64
                                     25           6C           84           6E
                                     00           28           00           07
                                     FF           93           06           05
                                     2E           50           61           62
                                     61           FF           FF
02602 152392   8 31 C 1 2026-01-14 02:32:52 -44.577   56.878  0.000 401649868
      2026-01-14 02:30:08  1         AE           03           53           7B
                                     09           B6           0D           17
                                     87           15           26           AE
                                     09           00           88           0F
                                     4E           1E           09           56
                                     88           03           4A           36
                                     09           B3           87           FE
                                     46           53           09
      2026-01-14 02:30:52  1         69           04           E0           87
                                     ED           42           6B           0A
                                     30           87           DC           3E
                                     7D           0A           8A           87
                                     C7           3A           95           0A
                                     B6           87           A6           36
                                     B3           0A           DC           87
                                     97           34           B7
      2026-01-14 02:31:36  1         67           05           0A           F4
                                     87           85           32           C7
                                     0A           D0           87           61
                                     30           D5           0A           85
                                     87           39           2E           E4
                                     0B           D0           87           42
                                     2C           F0           0C           57
                                     87           41           2A
      2026-01-14 02:32:20  1         DA           06           FB           0B
                                     BA           87           00           29
                                     04           0D           03           87
                                     11           27           13           0D
                                     B6           87           07           25
                                     1F           0D           1B           86
                                     CE           23           24           0E
                                     A0           86           D0
      2026-01-14 02:33:04  1         33           07           31           36
                                     0D           3B           86           73
                                     1F           42           0C           72
                                     86           32           1D           4A
                                     0C           A9           86           05
                                     1B           58           0D           1A
                                     85           E2           19           62
                                     0E           41           85
      2026-01-14 02:33:48  1         91           08           DF           17
                                     6C           0E           43           85
                                     A8           15           7C           12
                                     92           86           21           13
                                     89           13           06           86
                                     0B           11           97           14
                                     8A           86           07           0F
                                     A2           13           EC
      2026-01-14 02:35:16  1         22           0A           7F           85
                                     CA           09           5D           1D
                                     26           86           39           08
                                     94           1A           18           85
                                     73           07           D0           1D
                                     0E           85           C0           07
                                     6A           1F           B1           86
                                     2E           07           08
      2026-01-14 02:36:00  1         3C           0B           20           A1
                                     86           4D           06           A3
                                     21           2E           86           4B
                                     06           3E           21           86
                                     86           49           05           DE
                                     21           6B           86           37
                                     05           5E           21           A7
                                     86           15           05
02602 152392   4 31 R
      2026-01-14 02:49:12  1         FF           0E           67           01
                                     78           25           4B           84
                                     69           01           41           25
                                     55           84           6A           01
                                     1C           25           58           84
                                     69           00           F9           25
                                     4D           84           69           00
                                     C3           25           4F
      2026-01-14 02:49:56  1         CA           0F           84           6A
                                     00           90           25           6A
                                     84           6E           00           64
                                     25           6C           84           6E
                                     00           28           00           07
                                     FF           93           06           05
                                     2E           50           61           62
                                     61           FF           FF
      2026-01-14 02:50:43  1         5B           01           37           03
                                     2B           4A           3B           80
                                     01           00           FF           F7
                                     F7           97           40           0A
                                     00           00           00           00
                                     92           04           85           37
                                     74           CB           8C           4E
                                     0E           03           A6
      2026-01-14 02:51:24  1         6E           02           51           42
                                     66           68           00           F4
                                     04           00           D8           0C
                                     3C           27           35           00
                                     34           00           36           0B
                                     B3           26           D8           0D
                                     4B           26           E4           26
                                     14           27           95
02602 152397  15 31 3 3 2026-01-10 07:49:06   9.712   67.968  0.000 401649766
      2026-01-10 07:48:37  1         D1           0C           B5           5E
                                     59           90           8C           04
                                     4F           C6           DE           D3
                                     71           C0           17           66
                                     FD           9F           35           D3
                                     D4           CA           14           79
                                     FE           BD           D9           C9
                                     18           03           20
      2026-01-10 07:49:19  1         57           0D           02           BE
                                     6E           EC           91           93
                                     02           5C           6E           C3
                                     91           4A           01           F4
                                     6E           C7           91           3B
                                     01           C3           6E           C3
                                     91           24           01           94
                                     6E           BC           91
      2026-01-10 07:50:01  1         7B           0E           19           01
                                     62           6E           BF           91
                                     17           01           28           6E
                                     BD           90           DD           00
                                     F6           6E           BE           90
                                     D8           00           C5           6E
                                     C4           90           D3           00
                                     94           6E           D0
      2026-01-10 07:50:43  1         87           0F           90           CD
                                     00           65           6F           0C
                                     90           C8           00           27
                                     00           05           00           00
                                     06           08           2A           4D
                                     5E           62           62           FF
                                     FF           FF           FF           FF
                                     FF           FF           FF
      2026-01-10 07:51:28  1         F2           01           05           03
                                     2C           68           3A           80
                                     01           00           00           02
                                     01           C1           4D           1E
                                     00           00           00           00
                                     92           06           7F           3C
                                     53           D7           8F           41
                                     0C           03           21
      2026-01-10 07:52:07  1         AB           02           0E           A9
                                     61           69           01           67
                                     00           00           D8           20
                                     02           26           ED           00
                                     37           00           1B           1F
                                     7D           26           E6           20
                                     6B           27           05           26
                                     77           27           39
      2026-01-10 07:52:49  1         FF           03           51           7A
                                     0C           57           20           04
                                     8E           E2           26           FB
                                     0B           DC           8D           E8
                                     4A           36           0D           63
                                     8D           F7           46           51
                                     0F           2C           8E           08
                                     42           6A           10
      2026-01-10 07:53:31  1         C9           04           EB           8E
                                     18           3E           83           13
                                     21           8E           29           3A
                                     85           15           07           8E
                                     3E           36           B4           16
                                     0A           8E           46           34
                                     BC           17           4F           8E
                                     5B           32           C7
      2026-01-10 07:54:13  1         8C           05           18           6C
                                     8E           6D           30           D7
                                     19           6E           8E           78
                                     2E           DD           1A           C4
                                     8E           94           2C           E9
                                     1C           5F           8E           B1
                                     2A           F8           1E           26
                                     8E           D7           29
      2026-01-10 07:55:37  1         54           07           1F           43
                                     25           10           8E           E9
                                     1D           4F           26           C9
                                     8F           07           1B           5E
                                     28           2C           8F           10
                                     19           67           29           99
                                     8F           15           17           71
                                     2B           1E           8F
      2026-01-10 07:57:01  2         70           09           8E           C2
                                     0C           E1           33           4A
                                     8E           CD           0B           B5
                                     35           2D           8E           C2
                                     0A           F0           36           E4
                                     8E           B6           0A           26
                                     38           7A           8E           B1
                                     09           67           3A
      2026-01-10 07:57:43  2         9E           0A           E6           8E
                                     B4           08           9D           3D
                                     8C           8E           83           07
                                     D0           40           66           8E
                                     AD           07           6D           42
                                     74           8E           E9           07
                                     0D           45           0A           8E
                                     E3           06           95
      2026-01-10 07:59:07  1         D1           0C           B5           5E
                                     5D           90           8C           04
                                     4F           62           FE           91
                                     0F           03           EC           66
                                     B8           91           7A           03
                                     8B           6A           7B           91
                                     EA           03           27           6D
                                     D1           91           B1
02602 152397  15 31 R 3 2026-01-10 12:45:56   9.708   67.959  0.000 401649757
      2026-01-10 12:41:55  1         C6           0B           48           47
                                     8F           11           06           3F
                                     4A           59           8E           B8
                                     05           DE           4F           34
                                     8E           F6           05           80
                                     53           3B           8F           32
                                     05           11           58           24
                                     8F           E4           04
      2026-01-10 12:42:37  1         D1           0C           B5           5E
                                     5D           90           8C           04
                                     4F           62           FE           91
                                     0F           03           AD           66
                                     B8           91           7A           43
                                     8B           6A           7B           91
                                     EA           03           27           6D
                                     41           10           E1
      2026-01-10 12:44:01  1         7B           0E           19           01
                                     62           6E           BF           91
                                     17           01           28           6E
                                     BD           90           DD           00
                                     F6           6E           BE           90
                                     D8           00           C5           6E
                                     C4           90           D3           00
                                     94           6E           D0
      2026-01-10 12:44:43  1         87           0F           90           CD
                                     00           65           6F           0C
                                     90           C8           00           27
                                     00           05           00           00
                                     06           08           2A           4D
                                     5E           62           62           FF
                                     FF           FF           FF           FF
                                     FF           FF           FF
      2026-01-10 12:45:28  1         99           01           21           03
                                     2C           68           3A           80
                                     01           00           00           02
                                     01           C1           4D           1E
                                     00           00           00           00
                                     92           06           7F           3C
                                     53           D7           8F           41
                                     0C           03           21
      2026-01-10 12:46:07  1         AB           02           0E           A9
                                     61           69           01           67
                                     00           00           D8           20
                                     02           26           ED           00
                                     37           00           1B           1F
                                     7D           26           E6           20
                                     6B           27           05           26
                                     77           27           39
      2026-01-10 12:46:49  1         AF           03           51           79
                                     0C           57           20           04
                                     8E           E2           26           FB
                                     0B           DC           8D           E8
                                     4A           36           0D           63
                                     8D           F7           46           51
                                     0F           2C           8E           08
                                     42           6A           10
      2026-01-10 12:47:31  1         C9           04           EB           8E
                                     18           3E           83           13
                                     21           8E           29           3A
                                     85           15           07           8E
                                     3E           36           B4           16
                                     0A           8E           46           34
                                     BC           17           4F           8E
                                     5B           32           C7
      2026-01-10 12:48:13  1         8C           05           18           6C
                                     8E           6D           30           D7
                                     19           6E           8E           78
                                     2E           DD           1A           C4
                                     8E           94           2C           E9
                                     1C           5F           8E           B1
                                     2A           F8           1E           26
                                     8E           D7           29
      2026-01-10 12:49:37  1         54           07           1F           43
                                     25           10           8E           E9
                                     1D           4F           26           C9
                                     8F           07           1B           5E
                                     28           2C           8F           10
                                     19           67           29           99
                                     8F           15           17           71
                                     2B           1E           8F
      2026-01-10 12:51:01  1         70           09           8E           C2
                                     0C           E1           33           4A
                                     8E           CD           0B           B5
                                     35           2D           8E           42
                                     0A           F0           36           E4
                                     8E           B6           0A           26
                                     38           7A           8E           B1
                                     09           67           3A
      2026-01-10 12:51:43  1         9E           0A           E6           8E
                                     B4           08           9D           3D
                                     8C           8E           83           07
                                     D0           40           66           8E
                                     AD           07           6D           42
                                     74           8E           E9           07
                                     0D           45           0A           8E
                                     E3           06           95
      2026-01-10 12:53:07  1         D1           0C           B5           5E
                                     5D           90           8C           04
                                     4F           62           FE           91
                                     0F           03           EC           66
                                     B8           91           7A           03
                                     8B           6A           7B           91
                                     EA           03           27           6D
                                     D1           91           B1
      2026-01-10 12:53:49  2         57           0D           02           BE
                                     6E           EC           91           93
                                     02           5C           6E           C3
                                     91           4A           01           F4
                                     6E           C7           91           3B
                                     01           C3           6E           C3
                                     91           24           01           94
                                     6E           BC           91
02602 152397  11 31 R 2 2026-01-10 14:23:14   9.708   67.967  0.000 401649759
      2026-01-10 14:21:19  1         FE           03           51           7A
                                     08           57           20           04
                                     8E           E2           26           FB
                                     0B           DC           8D           E8
                                     4A           36           0D           63
                                     8D           F7           46           51
                                     0F           2C           8E           08
                                     42           6A           10
      2026-01-10 14:22:42  1         8C           05           18           6C
                                     8E           6D           30           D7
                                     19           6E           8E           78
                                     2E           DD           1A           C4
                                     8E           94           2C           E9
                                     1C           5F           8E           B1
                                     2A           F8           1E           26
                                     8E           D7           29
      2026-01-10 14:24:06  1         54           07           1F           43
                                     25           10           8E           E9
                                     1D           4F           26           C9
                                     8F           07           1B           5E
                                     28           2C           8F           10
                                     19           67           29           99
                                     8F           15           17           71
                                     2B           1E           8F
      2026-01-10 14:24:48  1         E0           08           22           15
                                     7A           2B           BE           8E
                                     F0           13           87           2D
                                     A8           8E           F9           11
                                     92           2F           09           8F
                                     08           0F           A1           2F
                                     66           8E           C3           0E
                                     15           30           F4
      2026-01-10 14:26:12  1         9E           0A           E6           8E
                                     B4           08           9D           3D
                                     8C           8E           83           07
                                     D0           40           66           8E
                                     AD           07           6D           42
                                     74           8E           E9           07
                                     0D           45           0A           8E
                                     E3           06           95
      2026-01-10 14:27:36  1         D1           0C           B5           5E
                                     5D           90           8C           04
                                     4F           62           FE           91
                                     0F           03           EC           66
                                     B8           91           7A           03
                                     8B           6A           7B           91
                                     EA           03           27           6D
                                     D1           91           B1
      2026-01-10 14:28:18  1         57           0D           02           BE
                                     6E           EC           91           93
                                     02           5C           6E           C3
                                     91           4A           01           F4
                                     6E           C7           91           3B
                                     01           C3           6E           C3
                                     91           24           01           94
                                     6E           BC           91
      2026-01-10 14:29:00  1         7B           0E           19           01
                                     62           6E           BF           91
                                     17           01           28           6E
                                     BD           90           DD           00
                                     F6           6E           BE           90
                                     D8           00           C5           6E
                                     C4           90           D3           00
                                     94           6E           D0
      2026-01-10 14:29:42  1         87           0F           90           CD
                                     00           65           6F           0C
                                     90           C8           00           27
                                     00           05           00           00
                                     06           08           2A           4D
                                     5E           62           62           FF
                                     FF           FF           FF           FF
                                     FF           FF           FF
      2026-01-10 14:30:28  1         5C           01           2B           03
                                     2C           68           3A           80
                                     01           00           00           02
                                     02           C1           4D           1E
                                     00           00           00           00
                                     92           06           7F           3C
                                     53           D7           8F           41
                                     0C           03           21
      2026-01-10 14:31:06  1         AB           02           0E           A9
                                     61           69           01           67
                                     00           00           DB           DF
                                     FD           D9           12           FF
                                     C8           FF           BF           FF
                                     C5           F9           C5           85
                                     C0           07           18           4D
                                     44           82           64
02602 152399  14 31 R 3 2026-01-14 13:56:18  22.820   60.781  0.000 401649730
      2026-01-14 13:52:24  1         B0           0D           02           BF
                                     60           2C           00           00
                                     02           55           60           3B
                                     00           00           01           F2
                                     60           3F           00           00
                                     01           C2           60           44
                                     00           80           01           93
                                     70           45           00
      2026-01-14 13:53:10  1         01           0E           00           01
                                     5B           60           4C           00
                                     00           01           2C           60
                                     54           00           00           00
                                     FD           60           62           00
                                     00           00           CC           60
                                     6C           00           00           00
                                     94           60           87
      2026-01-14 13:53:56  1         71           0F           00           00
                                     00           67           60           FF
                                     00           00           00           2B
                                     00           07           00           00
                                     06           06           2A           49
                                     5D           63           64           FF
                                     FF           FF           FF           FF
                                     FF           FF           FF
      2026-01-14 13:54:45  1         27           01           08           03
                                     3B           69           3A           80
                                     01           00           FF           FE
                                     FE           98           41           13
                                     00           00           00           00
                                     93           04           81           38
                                     5B           D6           8C           42
                                     0D           03           63
      2026-01-14 13:55:28  1         20           02           4A           3B
                                     67           69           01           6A
                                     00           00           D8           24
                                     36           27           4C           00
                                     4E           00           15           23
                                     9F           27           43           24
                                     EC           27           4F           27
                                     10           27           7F
      2026-01-14 13:56:14  1         64           03           52           7A
                                     0A           33           23           D4
                                     00           00           27           6D
                                     0E           0B           00           00
                                     4A           33           0F           70
                                     00           00           46           51
                                     11           36           00           00
                                     42           48           13
      2026-01-14 13:57:00  1         6F           04           3E           00
                                     00           3E           86           15
                                     D9           00           00           3A
                                     9B           18           3A           00
                                     00           36           B4           19
                                     B6           00           00           34
                                     BD           1B           84           00
                                     00           32           CE
      2026-01-14 13:57:46  1         D2           05           1C           DD
                                     00           00           30           CF
                                     1E           30           00           00
                                     2E           E1           1F           9A
                                     00           00           2C           E9
                                     20           C1           00           00
                                     2A           F8           22           01
                                     00           00           29
      2026-01-14 13:58:32  1         D9           06           08           23
                                     54           00           00           27
                                     0E           24           CA           00
                                     00           25           1A           26
                                     4B           00           00           23
                                     27           28           18           00
                                     00           21           33           29
                                     8B           00           00
      2026-01-14 13:59:18  1         90           07           1F           45
                                     2B           68           00           00
                                     1D           4E           2D           1A
                                     00           00           1B           5C
                                     2F           22           00           00
                                     19           63           31           4C
                                     00           00           17           5F
                                     33           9C           00
      2026-01-14 14:00:50  1         32           09           00           00
                                     0C           E2           42           01
                                     00           00           0B           BD
                                     42           57           00           00
                                     0A           F4           46           D3
                                     00           00           0A           29
                                     48           4F           00           00
                                     09           5F           48
      2026-01-14 14:01:36  1         EC           0A           B7           00
                                     00           08           97           4C
                                     46           00           00           07
                                     D7           4E           7F           00
                                     00           07           72           50
                                     5B           00           00           07
                                     08           52           D3           00
                                     00           06           AA
      2026-01-14 14:02:22  1         23           0B           52           B7
                                     00           00           06           3E
                                     51           99           00           00
                                     05           DC           53           68
                                     00           00           05           7E
                                     55           7D           00           00
                                     05           13           58           07
                                     00           00           04
      2026-01-14 14:03:08  1         A1           0C           B5           5A
                                     68           00           00           04
                                     32           5B           9A           00
                                     00           03           E3           5F
                                     29           00           00           03
                                     86           60           41           00
                                     00           03           22           60
                                     27           00           00
02602 152399   8 31 R 1 2026-01-14 15:37:03  22.826   60.789  0.000 401649733
      2026-01-14 15:34:22  1         23           0B           52           B7
                                     00           00           06           3E
                                     51           99           00           80
                                     05           DC           53           68
                                     00           00           05           7E
                                     55           7D           00           00
                                     05           13           58           07
                                     00           00           04
      2026-01-14 15:35:08  1         A1           0C           B5           5A
                                     68           00           00           04
                                     32           5B           9A           00
                                     00           03           E3           5F
                                     29           00           00           03
                                     86           60           41           00
                                     00           03           22           60
                                     27           00           00
      2026-01-14 15:35:54  1         B0           0D           02           BF
                                     60           2C           00           00
                                     02           55           60           3B
                                     00           00           01           F2
                                     60           3F           00           00
                                     01           C2           60           44
                                     00           00           01           93
                                     60           45           00
      2026-01-14 15:36:40  1         01           0E           00           01
                                     5B           60           4C           00
                                     00           01           2C           60
                                     54           00           00           00
                                     FD           60           62           00
                                     00           00           CC           60
                                     6C           00           00           00
                                     94           60           87
      2026-01-14 15:37:26  1         71           0F           00           00
                                     00           67           60           FF
                                     00           00           00           2B
                                     00           07           00           00
                                     06           06           2A           49
                                     5D           63           64           FF
                                     FF           FF           FF           FF
                                     FF           FF           FF
      2026-01-14 15:38:15  1         9E           01           11           03
                                     3B           69           3A           80
                                     01           00           FF           FE
                                     FE           98           41           13
                                     00           00           00           00
                                     93           04           81           38
                                     5B           D6           8C           42
                                     0D           03           63
      2026-01-14 15:38:58  1         20           02           4A           3B
                                     67           69           01           6A
                                     00           00           D8           24
                                     36           27           4C           00
                                     4E           00           15           23
                                     9F           27           43           24
                                     EC           27           4F           27
                                     10           27           7F
      2026-01-14 15:39:44  1         64           03           52           7A
                                     0A           33           23           D4
                                     00           00           27           6D
                                     0E           0B           00           00
                                     4A           33           0F           70
                                     00           00           46           51
                                     11           36           00           00
                                     42           48           13
02602 152399   9 31 B 3 2026-01-14 16:05:31  22.815   60.789  0.000 401649727
      2026-01-14 16:01:15  1         AE           01           13           03
                                     3B           69           3A           80
                                     01           00           FF           FE
                                     FE           98           41           13
                                     00           00           00           00
                                     93           04           81           38
                                     5B           D6           8C           42
                                     0D           03           63
      2026-01-14 16:03:30  1         6F           04           3E           00
                                     00           3E           86           15
                                     D9           00           00           3A
                                     9B           18           3A           00
                                     00           36           34           39
                                     B6           00           00           34
                                     BD           1B           84           00
                                     20           32           CE
      2026-01-14 16:04:16  1         D2           05           1C           DD
                                     00           00           30           CF
                                     1E           30           00           00
                                     2E           E1           1F           9A
                                     00           00           2C           E9
                                     20           C1           00           00
                                     2A           F8           22           01
                                     00           00           29
      2026-01-14 16:05:02  1         D9           06           08           23
                                     54           00           00           27
                                     0E           24           CA           00
                                     00           24           1A           26
                                     43           00           00           21
                                     07           04           58           2A
                                     00           F1           37           39
                                     CB           00           90
      2026-01-14 16:05:48  1         90           07           1F           45
                                     2B           68           00           00
                                     1D           4E           2D           1A
                                     00           00           1B           5C
                                     2F           22           00           00
                                     19           63           31           4C
                                     00           00           17           5F
                                     33           9C           00
      2026-01-14 16:06:34  1         D9           08           00           15
                                     80           35           F5           00
                                     00           13           8B           38
                                     F4           00           00           11
                                     D7           3B           83           00
                                     00           0F           95           3E
                                     CA           00           00           0E
                                     0C           3F           79
      2026-01-14 16:08:06  1         EC           0A           B7           00
                                     00           08           97           4C
                                     46           00           00           07
                                     D7           4E           7F           00
                                     00           07           72           50
                                     5B           00           00           07
                                     08           52           D3           00
                                     00           06           AA
      2026-01-14 16:09:38  1         A1           0C           B5           5A
                                     68           00           00           04
                                     32           5B           9A           00
                                     00           03           E3           5F
                                     29           00           00           03
                                     86           60           41           00
                                     00           03           22           60
                                     27           00           00
      2026-01-14 16:11:56  1         71           0F           00           00
                                     00           67           60           FF
                                     00           00           00           2B
                                     00           07           00           00
                                     06           06           2A           49
                                     5D           63           64           FF
                                     FF           FF           FF           FF
                                     FF           FF           FF
02602 152399   9 31 C 3 2026-01-14 16:44:54  22.812   60.786  0.000 401649727
      2026-01-14 16:41:50  1         32           09           00           00
                                     0C           E2           42           01
                                     00           00           0B           BD
                                     42           57           00           00
                                     0A           F4           46           D3
                                     00           00           0A           29
                                     48           4F           00           00
                                     09           5F           48
      2026-01-14 16:42:36  1         EC           0A           B7           00
                                     00           08           97           4C
                                     46           00           00           07
                                     D7           4E           7F           00
                                     00           07           72           50
                                     5B           00           00           07
                                     08           52           D3           00
                                     00           06           AA
      2026-01-14 16:43:22  1         23           0B           52           B7
                                     00           00           06           3E
                                     51           99           00           00
                                     05           DC           53           68
                                     00           00           05           7E
                                     55           7D           00           00
                                     05           13           58           07
                                     00           00           04
      2026-01-14 16:44:08  1         A1           0C           B5           5A
                                     68           00           00           04
                                     32           5B           9A           00
                                     00           03           E3           5F
                                     29           00           00           03
                                     86           60           41           00
                                     00           03           22           60
                                     27           00           00
      2026-01-14 16:44:54  1         B0           0D           02           BF
                                     60           2C           00           00
                                     02           55           60           3B
                                     00           00           01           F2
                                     60           3F           00           00
                                     01           C2           60           44
                                     00           00           01           93
                                     60           45           00
      2026-01-14 16:45:40  1         01           0E           00           01
                                     5B           60           4C           00
                                     00           01           2C           60
                                     54           00           00           00
                                     FD           60           62           00
                                     00           00           CC           60
                                     6C           00           00           00
                                     94           60           87
      2026-01-14 16:46:26  1         71           0F           00           00
                                     00           67           60           FF
                                     00           00           00           2B
                                     00           07           00           00
                                     06           06           2A           49
                                     5D           63           64           FF
                                     FF           FF           FF           FF
                                     FF           FF           FF
      2026-01-14 16:47:15  1         56           01           17           03
                                     3B           69           3A           80
                                     01           00           FF           FE
                                     FE           98           41           13
                                     00           00           00           00
                                     93           04           81           38
                                     5B           D6           8C           42
                                     0D           03           63
      2026-01-14 16:47:58  1         20           02           4A           3B
                                     67           69           01           6A
                                     00           00           D8           24
                                     36           27           4C           00
                                     4E           00           15           23
                                     9F           27           43           24
                                     EC           27           4F           27
                                     10           27           7F
02602 152399   7 31 B 1 2026-01-14 17:40:29  22.805   60.796  0.000 401649731
      2026-01-14 17:40:06  1         EC           0A           B7           00
                                     00           0C           17           4F
                                     47           01           E0           0E
                                     57           0E           7F           00
                                     00           83           72           50
                                     5B           04           00           07
                                     88           52           F3           00
                                     14           0E           AB
      2026-01-14 17:40:52  1         23           0B           52           B7
                                     00           00           06           3E
                                     51           99           00           00
                                     05           DC           53           68
                                     00           00           05           7E
                                     55           7D           00           00
                                     05           13           58           07
                                     00           00           04
      2026-01-14 17:41:38  1         81           0E           B5           5A
                                     6C           00           00           04
                                     32           5B           9A           04
                                     00           03           A3           5F
                                     29           00           00           03
                                     A6           60           41           00
                                     00           03           22           60
                                     27           00           00
      2026-01-14 17:42:24  1         B0           0D           02           BF
                                     60           2C           00           00
                                     02           55           60           3B
                                     00           00           01           F2
                                     60           3F           00           00
                                     01           C2           60           44
                                     00           00           01           93
                                     60           45           00
      2026-01-14 17:43:10  1         01           0E           00           01
                                     5B           60           4C           00
                                     00           01           2C           60
                                     54           00           00           00
                                     FD           60           62           00
                                     00           00           CC           60
                                     6C           00           00           00
                                     94           60           87
      2026-01-14 17:43:56  1         71           0F           00           00
                                     00           67           40           FF
                                     00           00           00           2B
                                     00           07           00           00
                                     06           06           2A           49
                                     5D           63           64           FF
                                     FF           FF           FF           FF
                                     FF           FF           FF
      2026-01-14 17:45:28  1         20           02           48           3B
                                     67           69           01           6A
                                     00           00           D8           24
                                     36           27           4C           00
                                     4E           00           15           23
                                     9F           27           43           24
                                     EC           27           4F           27
                                     10           27           7F
02602 152399  11 31 C 2 2026-01-14 18:19:15  22.802   60.784  0.000 401649732
      2026-01-08 07:39:40  2         F1           01           00           1A
                                     01           08           0D           07
                                     08           61           00           64
                                     A1           00           0C           03
                                     D5           03           E2           06
                                     7A           18           38           40
                                     00           15           00           04
                                     FF           FF           87
      2026-01-08 07:40:19  2         F1           01           00           1A
                                     01           08           0D           07
                                     08           61           00           64
                                     A1           00           0C           03
                                     D5           03           E2           06
                                     7A           18           38           40
                                     00           15           00           04
                                     FF           FF           87
      2026-01-08 07:41:00  1         F1           01           00           1A
                                     01           08           0D           08
                                     26           61           08           64
                                     A6           00           0D           03
                                     D5           03           E2           06
                                     7A           18           38           40
                                     00           17           00           04
                                     FF           FF           B6
      2026-01-08 07:41:39  1         F1           01           00           1A
                                     01           08           0D           09
                                     17           61           06           64
                                     A7           00           0C           03
                                     D5           03           E2           06
                                     7A           18           38           40
                                     00           15           00           04
                                     FF           FF           A4
      2026-01-08 07:42:20  1         F1           01           00           1A
                                     01           08           0D           0A
                                     08           61           06           64
                                     A5           00           0D           03
                                     D5           03           E2           06
                                     7A           18           38           40
                                     00           16           00           04
                                     FF           FF           96
      2026-01-08 07:42:59  2         F1           01           00           1A
                                     01           08           0D           0A
                                     35           61           02           64
                                     A4           00           0C           03
                                     D5           03           E2           06
                                     7A           18           38           40
                                     00           16           00           04
                                     FF           FF           BD
      2026-01-08 07:43:39  2         F1           01           00           1A
                                     01           08           0D           0A
                                     35           61           02           64
                                     A4           00           0C           03
                                     D5           03           E2           06
                                     7A           18           38           40
                                     00           16           00           04
                                     FF           FF           BD
      2026-01-08 07:44:21  1         F1           01           00           1A
                                     01           08           0D           0B
                                     26           61           07           64
                                     A5           00           0D           03
                                     D5           03           E2           06
                                     7A           19           36           19
                                     00           16           00           04
                                     FF           FF           8E
      2026-01-08 07:45:03  1         F1           01           00           1A
                                     01           08           0D           0C
                                     17           61           05           64
                                     BD           00           0C           03
                                     D5           03           E2           06
                                     7A           18           38           40
                                     00           18           00           04
                                     FF           FF           BF
      2026-01-08 07:46:23  1         F1           01           00           0A
                                     01           08           0D           0D
                                     36           45           07           64
                                     D2           00           0B           03
                                     D5           03           E2           06
                                     58           18           38           40
                                     00           1E           01           24
                                     FF           FB           E3
      2026-01-14 18:19:15  1         3E           01           1F           03
                                     3B           69           3A           80
                                     01           00           FF           FE
                                     FE           98           41           13
                                     00           00           00           00
                                     93           04           81           38
                                     5B           D6           8C           42
                                     0D           03           63
      2026-01-14 18:19:58  1         20           02           4A           3B
                                     67           69           01           6A
                                     00           00           D8           24
                                     36           27           4C           00
                                     4E           00           15           23
                                     9F           27           43           24
                                     EC           27           4F           27
                                     10           27           7F
      2026-01-14 18:20:44  1         64           03           52           7A
                                     0A           33           23           D4
                                     00           00           27           6D
                                     0E           0B           00           00
                                     4A           33           0F           70
                                     00           00           46           51
                                     11           36           00           00
                                     42           48           13
      2026-01-14 18:21:30  1         6F           04           3E           00
                                     00           3E           86           15
                                     D9           00           00           3A
                                     9B           18           3A           00
                                     00           36           B4           19
                                     B6           00           00           34
                                     BD           1B           84           00
                                     00           32           CE
      2026-01-14 18:22:16  1         D2           05           1C           DD
                                     00           00           30           CF
                                     1E           30           00           00
                                     2E           E1           1F           9A
                                     00           00           2C           E9
                                     20           C1           00           00
                                     2A           F8           22           01
                                     00           00           29
      2026-01-14 18:23:02  1         D9           06           08           23
                                     54           00           00           27
                                     0E           24           CA           00
                                     00           25           1A           26
                                     4B           00           00           23
                                     27           28           18           00
                                     00           21           33           29
                                     8B           00           00
      2026-01-14 18:23:48  1         90           07           1F           45
                                     2B           68           00           00
                                     1D           4E           2D           1A
                                     00           00           1B           5C
                                     2F           22           00           00
                                     19           63           31           4C
                                     00           00           17           5F
                                     33           9C           00
      2026-01-14 18:24:34  1         D9           08           00           15
                                     80           35           F5           00
                                     00           13           8B           38
                                     F4           00           00           11
                                     97           3B           83           00
                                     00           0F           95           3E
                                     CA           00           00           0E
                                     0C           3F           79
      2026-01-14 18:25:20  1         32           09           00           00
                                     0C           E3           43           81
                                     40           F8           F8           07
                                     80           E2           A0           70
                                     7E           35           F0           70
                                     E0           0C           90           EF
                                     18           1C           3F           F8
                                     07           10           B0
      2026-01-14 18:26:52  1         23           0B           52           B7
                                     00           00           06           3E
                                     51           99           00           00
                                     05           DC           53           68
                                     00           00           05           7E
                                     55           7D           00           00
                                     05           13           58           07
                                     00           00           04
      2026-01-14 18:28:24  1         B0           0D           02           BF
                                     60           2C           00           00
                                     02           55           60           3B
                                     00           00           01           F2
                                     60           1F           00           00
                                     01           C2           60           44
                                     00           00           01           93
                                     60           45           00
                                     00           00           01           93
                                     60           45           00