UTC 04-01-2026 19:05
02602 152389  11 31 R 1 2026-01-04 06:17:06 -53.854 -158.095  0.000 401649803
      2026-01-04 06:10:53  1         2B           0C           15           14
                                     F4           85           5E           04
                                     B2           15           5B           85
                                     65           04           4D           15
                                     66           85           5F           03
                                     E5           16           25           85
                                     72           03           84           16
                                     7F           85           71
      2026-01-04 06:11:37  1         B5           0D           03           1E
                                     16           B8           85           5F
                                     02           BD           17           B8
                                     85           3E           02           59
                                     1E           03           84           FE
                                     01           FA           1E           26
                                     85           08           01           C5
                                     1E           39           85
      2026-01-04 06:12:21  1         7C           0E           0B           01
                                     96           1E           C6           85
                                     0C           01           61           1F
                                     39           85           06           01
                                     2D           1F           7D           85
                                     0B           00           E2           1F
                                     7A           85           0A           00
                                     C7           1F           76
      2026-01-04 06:13:05  1         C4           0F           85           0B
                                     00           94           1F           75
                                     85           0B           00           62
                                     1F           73           85           0B
                                     00           27           00           06
                                     FF           98           06           04
                                     2C           51           61           63
                                     64           FF           FF
      2026-01-04 06:13:52  1         6D           01           05           03
                                     1B           48           3B           80
                                     01           00           FF           FC
                                     FB           A2           54           1F
                                     00           00           00           00
                                     91           05           88           37
                                     78           CC           8F           4B
                                     0F           03           DE
      2026-01-04 06:14:33  1         62           02           3F           C3
                                     59           69           00           D8
                                     81           20           D8           0A
                                     ED           27           46           00
                                     0E           00           22           0A
                                     CA           26           EC           0B
                                     14           27           5E           26
                                     CF           27           9C
      2026-01-04 06:15:17  1         6B           03           50           7C
                                     09           15           0A           DC
                                     86           E4           27           3A
                                     08           00           87           D8
                                     4E           22           08           43
                                     87           D0           4A           33
                                     08           83           87           C6
                                     46           4F           08
      2026-01-04 06:16:01  1         BB           04           C1           87
                                     BB           42           63           09
                                     0A           87           A8           3E
                                     7D           09           3F           87
                                     97           3A           9B           09
                                     7D           87           7F           36
                                     B2           09           A0           87
                                     70           34           B9
      2026-01-04 06:16:45  1         80           05           09           D1
                                     87           5B           32           CC
                                     09           FB           87           47
                                     30           D2           0A           31
                                     87           38           2E           DE
                                     0A           4F           87           24
                                     2C           EF           0A           73
                                     87           12           2A
      2026-01-04 06:17:29  1         2D           06           F8           0A
                                     AF           86           F2           29
                                     09           0B           13           86
                                     D4           27           0C           0B
                                     8A           86           C4           25
                                     17           0B           AF           86
                                     A8           23           29           0B
                                     E8           86           8E
      2026-01-04 06:18:13  1         5B           07           21           38
                                     0C           43           86           70
                                     1F           2D           0C           D0
                                     86           57           1D           4F
                                     0D           14           86           35
                                     1B           59           0D           9D
                                     86           1A           19           69
                                     0E           4F           86
02602 152389  13 31 C 1 2026-01-04 06:25:11 -53.838 -158.091  0.000 401649799
      2026-01-04 06:17:29  1         2D           06           F8           0A
                                     AF           86           F2           29
                                     09           0B           13           86
                                     D4           27           0C           0B
                                     8A           86           C4           25
                                     17           0B           AF           86
                                     A8           23           29           0B
                                     E8           86           8E
      2026-01-04 06:18:13  1         5B           07           21           38
                                     0C           43           86           70
                                     1F           2D           0C           D0
                                     86           57           1D           4F
                                     0D           14           86           35
                                     1B           59           0D           9D
                                     86           1A           19           69
                                     0E           4F           86
      2026-01-04 06:18:57  1         62           08           05           17
                                     6E           0E           90           85
                                     DF           15           7D           0F
                                     C3           85           CB           13
                                     84           10           BA           85
                                     C0           11           94           11
                                     45           85           A6           0F
                                     9B           0F           BA
      2026-01-04 06:19:41  1         84           09           85           4E
                                     0E           0F           0F           9F
                                     85           35           0C           E7
                                     10           AF           85           3F
                                     0B           B7           11           12
                                     85           41           0A           F0
                                     12           1E           85           5B
                                     0A           28           12
      2026-01-04 06:20:25  1         42           0A           65           85
                                     57           09           65           13
                                     05           85           58           08
                                     98           13           16           85
                                     4E           07           D1           13
                                     32           85           4D           07
                                     6F           13           C3           85
                                     5A           07           08
      2026-01-04 06:21:09  1         27           0B           14           10
                                     85           5D           06           98
                                     14           19           85           5B
                                     06           42           14           3F
                                     85           5A           05           D8
                                     14           56           85           57
                                     05           76           14           9C
                                     85           58           05
      2026-01-04 06:21:53  1         2B           0C           15           14
                                     F4           85           5E           04
                                     B2           15           5B           85
                                     65           04           4D           15
                                     66           85           5F           03
                                     E5           16           25           85
                                     72           03           84           16
                                     7F           85           71
      2026-01-04 06:22:37  1         B5           0D           03           1E
                                     16           B8           85           5F
                                     02           BD           17           B8
                                     85           3E           02           59
                                     1E           03           84           FE
                                     01           FA           1E           26
                                     85           08           01           C5
                                     1E           39           85
      2026-01-04 06:23:21  1         7C           0E           0B           01
                                     96           1E           C6           85
                                     0C           01           61           1F
                                     39           85           06           01
                                     2D           1F           7D           85
                                     0B           00           E2           1F
                                     7A           85           0A           00
                                     C7           1F           76
      2026-01-04 06:24:05  1         C4           0F           85           0B
                                     00           94           1F           75
                                     85           0B           00           62
                                     1F           73           85           0B
                                     00           27           00           06
                                     FF           98           06           04
                                     2C           51           61           63
                                     64           FF           FF
      2026-01-04 06:24:52  1         C5           01           06           03
                                     1B           48           3B           80
                                     01           00           FF           FC
                                     FB           A2           54           1F
                                     00           00           00           00
                                     91           05           88           37
                                     78           CC           8F           4B
                                     0F           03           DE
      2026-01-04 06:25:33  1         62           02           3F           C3
                                     59           69           00           F8
                                     01           00           D8           0A
                                     ED           27           46           00
                                     0E           00           22           0A
                                     CA           26           EC           0B
                                     14           27           5E           26
                                     CF           27           9C
      2026-01-04 06:26:17  1         6B           03           50           7C
                                     09           15           0A           DC
                                     86           E4           27           3A
                                     08           00           87           D8
                                     4E           22           08           43
                                     87           D0           4A           33
                                     08           83           87           C6
                                     46           4F           08
02602 152389  17 31 B 2 2026-01-04 07:23:06 -53.836 -158.069  0.000 401649800
      2026-01-04 07:16:53  1         2B           0C           15           14
                                     F4           85           5E           04
                                     B2           15           5B           85
                                     65           04           4D           15
                                     66           85           5F           03
                                     E5           16           25           85
                                     72           03           84           16
                                     7F           85           71
      2026-01-04 07:19:52  1         82           01           0B           03
                                     1B           48           3B           80
                                     01           00           FF           FC
                                     FD           A2           54           1F
                                     00           00           00           00
                                     91           05           88           37
                                     78           CC           8F           4B
                                     0F           03           DE
      2026-01-04 07:20:33  1         62           02           3F           C3
                                     4B           69           00           F8
                                     01           00           D8           0A
                                     ED           27           46           00
                                     0E           00           22           0A
                                     CA           26           EC           0B
                                     14           27           5E           26
                                     CF           27           9C
      2026-01-04 07:21:17  1         6B           03           50           7C
                                     09           15           0A           DC
                                     86           E4           27           3A
                                     08           00           87           D8
                                     4E           22           08           43
                                     87           D0           4A           33
                                     08           83           87           C6
                                     46           4F           08
      2026-01-04 07:22:45  1         80           05           09           D1
                                     87           5B           32           CC
                                     09           FB           87           47
                                     30           D2           0A           72
                                     CF           98           0C           DE
                                     0A           4F           87           24
                                     2C           EF           0A           73
                                     87           12           2A
      2026-01-04 07:23:29  1         2D           06           F8           0A
                                     AF           86           F2           29
                                     09           0B           13           86
                                     D4           27           0C           0B
                                     8A           86           C4           25
                                     17           0B           AF           86
                                     A8           37           19           8B
                                     68           86           8E
      2026-01-04 07:24:57  1         62           08           05           17
                                     6E           0E           90           85
                                     DF           15           7D           0F
                                     C3           85           CB           13
                                     84           10           BA           85
                                     C0           11           94           11
                                     45           85           A6           0F
                                     9B           0F           BA
      2026-01-04 07:25:41  1         84           09           85           4E
                                     0E           0F           0F           9F
                                     85           35           0C           E7
                                     10           AF           85           3F
                                     0B           B7           11           12
                                     85           41           0A           F0
                                     12           1E           85           5B
                                     0A           28           12
      2026-01-04 07:26:25  1         62           8A           E5           84
                                     57           09           6D           02
                                     AA           7A           B0           08
                                     98           13           16           85
                                     4E           07           D1           13
                                     32           85           4D           07
                                     6F           13           C3           85
                                     5A           07           08
      2026-01-04 07:27:09  1         27           0B           14           10
                                     85           5D           06           98
                                     14           19           85           5B
                                     06           42           14           3F
                                     85           5A           05           D8
                                     34           56           85           57
                                     05           76           34           9C
                                     95           58           05
      2026-01-04 07:27:53  1         2B           0C           15           14
                                     E4           85           5E           04
                                     B2           15           5B           85
                                     65           04           4D           15
                                     66           85           5F           03
                                     E5           16           05           1E
                                     B1           6B           C2           64
                                     23           D9           07
      2026-01-04 07:28:37  2         B5           0D           03           1E
                                     16           B8           85           5F
                                     02           BD           17           B8
                                     85           3E           02           59
                                     1E           03           84           FE
                                     01           FA           1E           26
                                     85           08           01           C5
                                     1E           39           85
      2026-01-04 07:29:21  2         7C           0E           0B           01
                                     96           1E           C6           85
                                     0C           01           61           1F
                                     39           85           06           01
                                     2D           1F           7D           85
                                     0B           00           E2           1F
                                     7A           85           0A           00
                                     C7           1F           76
      2026-01-04 07:30:05  2         C4           0F           85           0B
                                     00           94           1F           75
                                     85           0B           00           62
                                     1F           73           85           0B
                                     00           27           00           06
                                     FF           98           06           04
                                     2C           51           61           63
                                     64           FF           FF
02602 152389  19 31 C 3 2026-01-04 07:57:56 -53.833 -158.054  0.000 401649800
      2026-01-04 07:57:57  1         62           08           05           17
                                     6E           0E           90           85
                                     DF           15           7D           0F
                                     C3           85           CB           13
                                     84           10           BA           85
                                     C0           11           94           11
                                     45           85           A6           0F
                                     9B           0F           BA
      2026-01-04 08:00:09  1         27           0B           14           10
                                     85           5D           06           98
                                     14           19           85           5B
                                     06           42           14           3F
                                     85           5A           05           D8
                                     14           56           85           57
                                     05           76           14           9C
                                     85           58           05
      2026-01-04 08:00:53  1         2B           0C           15           14
                                     F4           85           5E           04
                                     B2           15           5B           85
                                     65           04           4D           15
                                     66           85           5F           03
                                     E5           16           25           85
                                     72           03           84           16
                                     7F           85           71
      2026-01-04 08:01:37  1         B5           0D           03           1E
                                     16           B8           85           5F
                                     02           BD           17           B8
                                     85           3E           02           59
                                     1E           03           84           FE
                                     01           FA           1E           26
                                     85           08           01           C5
                                     1E           39           85
      2026-01-04 08:02:21  1         7C           0E           1B           01
                                     96           1E           C6           85
                                     0C           01           61           1F
                                     39           85           06           01
                                     2D           1F           7D           85
                                     0B           00           E2           1F
                                     7A           85           0A           00
                                     C7           1F           76
      2026-01-04 08:03:05  1         C4           0F           85           0B
                                     00           94           1F           75
                                     85           0B           00           62
                                     1F           73           85           0B
                                     00           27           00           06
                                     FF           98           06           04
                                     2C           51           61           63
                                     64           FF           FF
      2026-01-04 08:03:52  1         0E           01           0F           03
                                     1B           48           3B           80
                                     01           00           FF           FC
                                     FC           A2           54           1F
                                     00           00           00           00
                                     91           05           88           37
                                     78           CC           8F           4B
                                     0F           03           DE
      2026-01-04 08:04:33  1         62           12           77           C3
                                     59           69           00           F8
                                     01           00           D8           0A
                                     ED           27           46           00
                                     0E           00           22           0A
                                     CA           26           EC           0B
                                     14           27           5E           26
                                     CF           27           9C
      2026-01-04 08:05:17  1         6B           03           50           7C
                                     09           15           0A           DC
                                     86           E4           27           3A
                                     08           00           87           D8
                                     4E           22           08           43
                                     87           D0           4A           33
                                     08           83           87           C6
                                     46           4F           08
      2026-01-04 08:06:01  1         BB           04           C1           87
                                     BB           42           63           09
                                     0A           87           A8           3E
                                     7D           09           3F           87
                                     97           3A           9B           09
                                     7D           87           7F           36
                                     B2           09           A0           87
                                     70           34           B9
      2026-01-04 08:06:45  1         80           05           09           D1
                                     87           5B           32           CC
                                     09           FB           87           47
                                     30           D2           0A           31
                                     87           38           2E           DE
                                     0A           4F           87           24
                                     2C           EF           0A           73
                                     87           12           2A
      2026-01-04 08:07:29  2         2D           06           F8           0A
                                     AF           86           F2           29
                                     09           0B           13           86
                                     D4           27           0C           0B
                                     8A           86           C4           25
                                     17           0B           AF           86
                                     A8           23           29           0B
                                     E8           86           8E
      2026-01-04 08:08:13  2         5B           07           21           38
                                     0C           43           86           70
                                     1F           2D           0C           D0
                                     86           57           1D           4F
                                     0D           14           86           35
                                     1B           59           0D           9D
                                     86           1A           19           69
                                     0E           4F           86
      2026-01-04 08:09:41  2         84           09           85           4E
                                     0E           0F           0F           9F
                                     85           35           0C           E7
                                     10           AF           85           3F
                                     0B           B7           11           12
                                     85           41           0A           F0
                                     12           1E           85           5B
                                     0A           28           12
      2026-01-04 08:10:25  2         42           0A           65           85
                                     57           09           65           13
                                     05           85           58           08
                                     98           13           16           85
                                     4E           07           D1           13
                                     32           85           4D           07
                                     6F           13           C3           85
                                     5A           07           08
02602 152389  15 31 B 3 2026-01-04 08:58:48 -53.825 -158.034  0.000 401649800
      2026-01-04 08:58:05  1         C4           0F           85           0B
                                     00           94           1F           75
                                     85           0B           00           62
                                     1F           73           85           0B
                                     00           27           00           06
                                     FF           98           06           04
                                     2C           51           61           63
                                     64           FF           FF
      2026-01-04 09:01:01  1         BB           04           C1           87
                                     BB           42           63           09
                                     0A           87           A8           3E
                                     7D           09           3F           87
                                     97           3A           9B           09
                                     7D           87           7F           36
                                     B2           09           A0           87
                                     70           34           B9
      2026-01-04 09:01:45  1         80           05           09           D1
                                     87           5B           32           CC
                                     09           FB           87           47
                                     30           D2           0A           31
                                     87           38           2E           DE
                                     0A           4F           87           24
                                     2C           EF           0A           73
                                     87           12           2A
      2026-01-04 09:02:29  1         2D           06           F8           0A
                                     AF           86           F2           29
                                     09           0B           13           86
                                     D4           27           0C           0B
                                     8A           86           C4           25
                                     17           0B           AF           86
                                     A8           23           29           0B
                                     E8           86           8E
      2026-01-04 09:03:13  1         5B           07           21           38
                                     0C           43           86           70
                                     1F           2D           0C           D0
                                     86           57           1D           4F
                                     0D           14           86           35
                                     1B           59           0D           9D
                                     86           1A           19           69
                                     0E           4F           86
      2026-01-04 09:03:57  1         62           08           05           17
                                     6E           0E           90           85
                                     DF           15           7D           0F
                                     C3           85           CB           13
                                     84           10           BA           85
                                     C0           11           94           11
                                     45           85           A6           0F
                                     9B           0F           BA
      2026-01-04 09:04:41  1         84           09           85           4E
                                     0E           0F           0F           9F
                                     85           35           0E           E3
                                     10           AF           8D           3F
                                     0B           AF           91           D3
                                     A5           D1           0A           F0
                                     12           1E           85           5B
                                     0A           2C           92
      2026-01-04 09:05:25  1         42           0A           65           85
                                     57           09           65           13
                                     05           85           58           08
                                     98           13           16           85
                                     4E           07           D1           13
                                     32           85           4D           07
                                     6F           13           C3           85
                                     5A           07           08
      2026-01-04 09:06:53  1         2B           0C           15           14
                                     F4           85           5E           04
                                     B2           15           5B           85
                                     65           04           4D           15
                                     66           85           5F           03
                                     E5           16           25           85
                                     72           03           84           16
                                     7F           85           71
      2026-01-04 09:07:37  1         B5           0D           03           1E
                                     16           B8           85           5F
                                     02           BD           17           B8
                                     85           3E           02           59
                                     1E           03           84           FE
                                     01           FA           1E           26
                                     85           08           01           C5
                                     1E           39           85
      2026-01-04 09:08:21  1         7C           0E           0B           01
                                     96           1E           C6           85
                                     0C           01           61           1F
                                     39           85           06           01
                                     2D           1F           7D           85
                                     0B           00           E2           1F
                                     7A           85           0A           00
                                     C7           1F           76
      2026-01-04 09:09:05  1         C4           0F           85           0B
                                     08           14           1F           75
                                     85           0B           00           62
                                     1F           73           85           0B
                                     00           27           00           06
                                     FF           98           06           04
                                     2C           51           61           63
                                     64           FF           FF
      2026-01-04 09:09:52  1         6B           01           15           03
                                     1B           48           3B           80
                                     01           00           FF           FC
                                     FD           A2           54           1F
                                     00           01           00           00
                                     91           05           88           37
                                     F8           6E           8E           4F
                                     0F           04           7E
      2026-01-04 09:10:33  2         62           02           3F           C3
                                     59           69           00           F8
                                     01           00           D8           0A
                                     ED           27           46           00
                                     0E           00           22           0A
                                     CA           26           EC           0B
                                     14           27           5E           26
                                     CF           27           9C
02602 152389  17 31 C 3 2026-01-04 09:40:44 -53.820 -158.020  0.000 401649800
      2026-01-04 09:39:09  1         27           0B           14           10
                                     85           5D           06           98
                                     14           19           85           5B
                                     06           42           14           3F
                                     85           5A           05           D8
                                     14           56           85           57
                                     05           76           14           9C
                                     85           58           05
      2026-01-04 09:39:53  1         2B           0C           15           14
                                     F4           85           5E           04
                                     B2           15           5B           85
                                     65           04           4D           15
                                     66           85           5F           03
                                     E5           16           25           85
                                     72           03           84           16
                                     7F           85           71
      2026-01-04 09:40:37  1         B5           0D           03           1E
                                     16           B8           85           5F
                                     02           BD           17           B8
                                     85           3E           02           59
                                     1E           03           84           FE
                                     01           FA           1E           26
                                     85           08           01           C5
                                     1E           39           85
      2026-01-04 09:41:21  1         7C           0E           0B           01
                                     96           1E           C6           85
                                     0C           01           61           1F
                                     39           85           06           01
                                     2D           1F           7D           85
                                     0B           00           E2           1F
                                     7A           85           0A           00
                                     C7           1F           76
      2026-01-04 09:42:05  1         C4           0F           85           0B
                                     00           94           1F           75
                                     85           0B           00           62
                                     1F           73           85           0B
                                     00           27           00           06
                                     FF           98           06           04
                                     2C           51           61           63
                                     64           FF           FF
      2026-01-04 09:42:52  1         63           01           18           03
                                     1B           48           3B           80
                                     01           00           FF           FC
                                     FD           A2           54           1F
                                     00           00           00           00
                                     91           05           88           37
                                     78           CC           8F           4B
                                     0F           03           DE
      2026-01-04 09:44:17  1         EB           03           50           7B
                                     09           15           0A           DC
                                     86           E4           27           3A
                                     08           00           87           D8
                                     4E           22           08           43
                                     87           D0           4A           33
                                     08           83           87           C6
                                     46           4F           08
      2026-01-04 09:45:01  1         BB           04           C1           87
                                     BB           42           63           09
                                     0A           87           A8           3E
                                     7D           09           3F           87
                                     97           3A           9B           09
                                     7D           87           7F           36
                                     B2           09           A0           87
                                     70           34           B9
      2026-01-04 09:45:45  1         80           05           09           D1
                                     87           5B           32           CC
                                     09           FB           87           47
                                     30           D2           0A           31
                                     87           38           2E           DE
                                     0A           4F           87           24
                                     2C           EF           0A           73
                                     87           12           2A
      2026-01-04 09:46:29  1         2D           06           F8           0A
                                     AF           86           F2           29
                                     09           0B           13           86
                                     D4           27           0C           0B
                                     8A           86           C4           25
                                     17           0B           AF           86
                                     A8           23           29           0B
                                     E8           86           8E
      2026-01-04 09:47:13  1         5B           07           21           38
                                     0C           43           86           70
                                     1F           2D           0C           D0
                                     86           57           1D           4F
                                     0D           14           86           35
                                     1B           59           0D           9D
                                     86           1A           19           69
                                     0E           4F           86
      2026-01-04 09:47:57  2         62           08           05           17
                                     6E           0E           90           85
                                     DF           15           7D           0F
                                     C3           85           CB           13
                                     84           10           BA           85
                                     C0           11           94           11
                                     45           85           A6           0F
                                     9B           0F           BA
      2026-01-04 09:48:41  2         84           09           85           4E
                                     0E           0F           0F           9F
                                     85           35           0C           E7
                                     10           AF           85           3F
                                     0B           B7           11           12
                                     85           41           0A           F0
                                     12           1E           85           5B
                                     0A           28           12
      2026-01-04 09:49:25  2         42           0A           65           85
                                     57           09           65           13
                                     05           85           58           08
                                     98           13           16           85
                                     4E           07           D1           13
                                     32           85           4D           07
                                     6F           13           C3           85
                                     5A           07           08
02602 152389  15 31 3 3 2026-01-04 09:47:01 -53.820 -158.024  0.000 401649800
      2026-01-04 09:42:05  1         C4           0F           85           0B
                                     00           94           1F           75
                                     85           0B           00           62
                                     1F           73           85           0B
                                     00           27           00           06
                                     FF           98           06           04
                                     2C           51           61           63
                                     64           FF           FF
      2026-01-04 09:42:52  1         63           01           18           03
                                     1B           48           3B           80
                                     01           00           FF           FC
                                     FD           A2           54           1F
                                     00           00           00           00
                                     91           05           88           37
                                     78           CC           8F           4B
                                     0F           03           DE
      2026-01-04 09:43:33  1         62           02           3F           C3
                                     59           69           00           F8
                                     01           00           D8           0A
                                     ED           27           46           00
                                     0E           00           22           0A
                                     CA           26           EC           0B
                                     14           27           5E           26
                                     CF           27           9C
      2026-01-04 09:44:17  1         EB           03           50           7B
                                     09           15           0A           DC
                                     86           E4           27           3A
                                     08           00           87           D8
                                     4E           22           08           43
                                     87           D0           4A           33
                                     08           83           87           C6
                                     46           4F           08
      2026-01-04 09:45:01  1         BB           04           C1           87
                                     BB           42           63           09
                                     0A           87           A8           3E
                                     7D           09           3F           87
                                     97           3A           9B           09
                                     7D           87           7F           36
                                     B2           09           A0           87
                                     70           34           B9
      2026-01-04 09:45:45  1         80           05           09           D1
                                     87           5B           32           CC
                                     09           FB           87           47
                                     30           D2           0A           31
                                     87           38           2E           DE
                                     0A           4F           87           24
                                     2C           EF           0A           73
                                     87           12           2A
      2026-01-04 09:46:29  1         2D           06           F8           0A
                                     AF           86           F2           29
                                     09           0B           13           86
                                     D4           27           0C           0B
                                     8A           86           C4           25
                                     17           0B           AF           86
                                     A8           23           29           0B
                                     E8           86           8E
      2026-01-04 09:47:13  1         5B           07           21           38
                                     0C           43           86           70
                                     1F           2D           0C           D0
                                     86           57           1D           4F
                                     0D           14           86           35
                                     1B           59           0D           9D
                                     86           1A           19           69
                                     0E           4F           86
      2026-01-04 09:48:41  1         84           09           85           4E
                                     0E           0F           0F           9F
                                     85           35           0C           E7
                                     10           AF           85           3F
                                     0B           B7           11           12
                                     85           41           0A           F0
                                     12           1E           85           5B
                                     0A           28           12
      2026-01-04 09:50:09  1         27           0B           14           10
                                     85           5D           06           98
                                     14           19           85           5B
                                     06           42           14           3F
                                     85           5A           05           D8
                                     14           56           85           57
                                     05           76           14           9C
                                     85           58           05
      2026-01-04 09:50:53  1         2B           0C           15           14
                                     F4           85           5E           04
                                     B2           15           5B           85
                                     65           04           4D           15
                                     66           85           5F           03
                                     E5           16           25           85
                                     72           03           84           16
                                     7F           85           71
      2026-01-04 09:51:37  1         B5           0D           03           1E
                                     16           B8           85           5F
                                     02           BD           17           B8
                                     85           3E           02           59
                                     1E           03           84           FE
                                     01           FA           1E           26
                                     85           08           01           C5
                                     1E           39           85
      2026-01-04 09:52:21  2         7C           0E           0B           01
                                     96           1E           C6           85
                                     0C           01           61           1F
                                     39           85           06           01
                                     2D           1F           7D           85
                                     0B           00           E2           1F
                                     7A           85           0A           00
                                     C7           1F           76
      2026-01-04 09:53:05  1         C4           0F           85           0B
                                     00           9C           1F           75
                                     85           0B           02           62
                                     1F           73           85           0B
                                     00           27           00           06
                                     FF           98           06           04
                                     2C           51           61           63
                                     64           FF           FF
02602 152389   4 31 B 1 2026-01-04 10:46:14 -53.817 -158.000  0.000 401649802
      2026-01-04 10:40:45  1         80           05           09           D1
                                     87           5B           32           CC
                                     09           FB           87           47
                                     30           D2           0A           31
                                     87           38           2E           DE
                                     0A           5F           87           06
                                     28           C6           26           3B
                                     87           12           2E
      2026-01-04 10:44:25  1         42           0A           65           85
                                     57           09           65           13
                                     05           85           58           08
                                     98           13           16           85
                                     4E           07           D1           13
                                     32           85           4D           07
                                     6F           13           C3           C5
                                     5A           03           08
      2026-01-04 10:45:53  1         2B           0C           15           14
                                     F4           85           5E           04
                                     B2           15           5B           85
                                     65           04           4D           15
                                     66           85           5F           03
                                     E5           16           25           85
                                     72           03           84           16
                                     7F           85           71
02602 152389  11 31 C 1 2026-01-04 11:26:12 -53.807 -158.003  0.000 401649799
      2026-01-04 11:18:09  1         27           0B           14           10
                                     85           5D           06           98
                                     14           19           85           5B
                                     06           42           14           3F
                                     85           5A           05           D8
                                     14           56           85           57
                                     05           76           14           9C
                                     85           58           05
      2026-01-04 11:18:53  1         2B           0C           15           14
                                     F4           85           5E           04
                                     B2           15           5B           85
                                     65           04           4D           15
                                     66           85           5F           03
                                     E5           16           25           85
                                     72           03           84           16
                                     7F           85           71
      2026-01-04 11:19:37  1         B5           0D           03           1E
                                     16           B8           85           5F
                                     02           BD           17           B8
                                     85           3E           02           59
                                     1E           03           84           FE
                                     01           FA           1E           26
                                     85           08           01           C5
                                     1E           39           85
      2026-01-04 11:20:21  1         7C           0E           0B           01
                                     96           1E           C6           85
                                     0C           01           61           1F
                                     39           85           06           01
                                     2D           1F           7D           85
                                     0B           00           E2           1F
                                     7A           85           0A           00
                                     C7           1F           76
      2026-01-04 11:21:05  1         C4           0F           85           0B
                                     00           94           1F           75
                                     85           0B           00           62
                                     1F           73           85           0B
                                     00           27           00           06
                                     FF           98           06           04
                                     2C           51           61           63
                                     64           FF           FF
      2026-01-04 11:21:52  1         49           01           21           03
                                     1B           48           3B           80
                                     01           00           FF           FC
                                     FD           A2           54           1F
                                     00           00           00           00
                                     91           05           88           37
                                     78           CC           8F           4B
                                     0F           03           DE
      2026-01-04 11:22:33  1         62           7C           2F           C3
                                     59           69           00           F8
                                     01           00           D9           03
                                     ED           27           56           00
                                     0E           00           22           0A
                                     CA           26           EC           0B
                                     14           27           5E           26
                                     CF           27           9C
      2026-01-04 11:23:17  1         EB           03           50           7B
                                     09           15           0A           DC
                                     86           E4           27           3A
                                     08           00           87           D8
                                     4E           22           08           43
                                     87           D0           4A           33
                                     08           83           87           C6
                                     46           4F           08
      2026-01-04 11:24:01  1         BB           04           C1           87
                                     BB           42           63           09
                                     0A           87           A8           3E
                                     7D           09           3F           87
                                     97           3A           9B           09
                                     7D           87           7F           36
                                     B2           09           A0           87
                                     70           34           B9
      2026-01-04 11:25:29  1         2D           06           F8           0A
                                     AF           86           F2           29
                                     09           0B           13           86
                                     D4           27           0C           0B
                                     8A           86           C4           25
                                     17           0B           AF           86
                                     A8           23           29           0B
                                     E8           86           8E
      2026-01-04 11:26:57  1         62           08           05           17
                                     6E           0E           90           85
                                     DF           15           7D           0F
                                     C3           85           CB           13
                                     84           10           BA           85
                                     C0           11           94           11
                                     45           85           A6           0F
                                     9B           0F           BA
02602 152389  17 31 3 1 2026-01-04 11:26:25 -53.802 -157.977  0.000 401649800
      2026-01-04 11:21:52  1         49           01           21           03
                                     1B           48           3B           80
                                     01           00           FF           FC
                                     FD           A2           54           1F
                                     00           00           00           00
                                     91           05           88           37
                                     78           CC           8F           4B
                                     0F           03           DE
      2026-01-04 11:23:17  1         EB           03           50           7B
                                     09           15           0A           DC
                                     86           E4           27           3A
                                     08           00           87           D8
                                     4E           22           08           43
                                     87           D0           4A           33
                                     08           83           87           C6
                                     46           4F           08
      2026-01-04 11:24:01  1         BB           04           C1           87
                                     BB           42           63           09
                                     0A           87           A8           3E
                                     7D           09           3F           87
                                     97           3A           9B           09
                                     7D           87           7F           36
                                     B2           09           A0           87
                                     70           34           B9
      2026-01-04 11:24:45  1         80           05           09           D1
                                     87           5B           32           CC
                                     09           FB           87           47
                                     30           D2           0A           31
                                     87           38           2E           DE
                                     0A           4F           87           24
                                     2C           EF           0A           73
                                     87           12           2A
      2026-01-04 11:25:29  1         2D           06           F8           0A
                                     AF           86           F2           29
                                     09           0B           13           86
                                     D4           27           0C           0B
                                     8A           86           C4           25
                                     17           0B           AF           86
                                     A8           23           29           0B
                                     E8           86           8E
      2026-01-04 11:26:57  1         62           08           05           17
                                     6E           0E           90           85
                                     DF           15           7D           0F
                                     C3           85           CB           13
                                     84           10           BA           85
                                     C0           11           94           11
                                     45           85           A6           0F
                                     9B           0F           BA
      2026-01-04 11:27:41  1         84           09           85           4E
                                     0E           0F           0F           9F
                                     85           35           0C           E7
                                     10           AF           85           3F
                                     0B           B7           11           12
                                     85           41           0A           F0
                                     12           1E           85           5B
                                     0A           28           12
      2026-01-04 11:28:25  1         42           0A           65           85
                                     57           09           65           13
                                     05           85           58           08
                                     98           13           16           85
                                     4E           07           D1           13
                                     32           85           4D           07
                                     6F           13           C3           85
                                     5A           07           08
      2026-01-04 11:29:09  1         27           0B           14           10
                                     85           5D           06           98
                                     14           19           85           5B
                                     06           42           14           3F
                                     85           5A           05           D8
                                     14           56           85           57
                                     05           76           14           9C
                                     85           58           05
      2026-01-04 11:29:53  1         2B           0C           15           14
                                     F4           85           5E           04
                                     B2           15           1B           87
                                     67           06           4D           15
                                     66           85           5F           03
                                     E5           16           25           C5
                                     72           03           84           16
                                     7F           85           71
      2026-01-04 11:30:37  2         B5           0D           03           1E
                                     16           B8           85           5F
                                     02           BD           17           B8
                                     85           3E           02           59
                                     1E           03           84           FE
                                     01           FA           1E           26
                                     85           08           01           C5
                                     1E           39           85
      2026-01-04 11:31:21  2         7C           0E           0B           01
                                     96           1E           C6           85
                                     0C           01           61           1F
                                     39           85           06           01
                                     2D           1F           7D           85
                                     0B           00           E2           1F
                                     7A           85           0A           00
                                     C7           1F           76
      2026-01-04 11:32:05  2         C4           0F           85           0B
                                     00           94           1F           75
                                     85           0B           00           62
                                     1F           73           85           0B
                                     00           27           00           06
                                     FF           98           06           04
                                     2C           51           61           63
                                     64           FF           FF
      2026-01-04 11:32:52  1         95           01           22           03
                                     1B           48           3B           80
                                     01           00           FF           FC
                                     FC           A2           54           1F
                                     00           00           00           00
                                     91           05           88           37
                                     78           CC           8F           4B
                                     0F           03           DE
02602 152389   7 31 C
      2026-01-04 12:57:53  1         2B           0C           15           14
                                     F4           85           5E           04
                                     B2           15           5B           85
                                     67           04           4D           15
                                     66           85           5F           03
                                     E5           16           25           85
                                     72           03           84           16
                                     7F           85           71
      2026-01-04 12:58:37  1         B5           0D           03           1E
                                     16           B8           85           5F
                                     02           BD           17           B8
                                     85           3E           02           59
                                     1E           03           84           FE
                                     01           FA           1E           26
                                     85           08           01           C5
                                     1E           39           85
      2026-01-04 12:59:21  1         7C           0E           0B           01
                                     96           1E           C6           85
                                     0C           01           61           1F
                                     39           85           06           01
                                     2D           1F           7D           85
                                     0B           00           E2           1F
                                     7A           85           0A           00
                                     C7           1F           76
      2026-01-04 13:00:05  1         C4           0F           85           0B
                                     00           94           1F           75
                                     85           0B           00           62
                                     1F           73           85           0B
                                     40           27           00           06
                                     FF           98           06           04
                                     2C           51           61           63
                                     64           FF           FF
      2026-01-04 13:00:52  1         FD           01           2A           03
                                     1B           48           3B           80
                                     01           00           FF           FC
                                     FC           A2           54           1F
                                     00           00           00           00
                                     91           05           88           37
                                     78           CC           8F           4B
                                     0F           03           DE
      2026-01-04 13:01:33  1         62           02           3F           C3
                                     59           69           00           F8
                                     01           00           D8           0A
                                     EC           27           C6           84
                                     2E           20           0F           0A
                                     E6           26           BE           F5
                                     8B           4A           AF           13
                                     63           93           CE
      2026-01-04 13:02:17  1         EB           03           50           7B
                                     0B           15           0A           DC
                                     86           E4           27           3A
                                     08           00           87           D8
                                     4E           22           08           43
                                     87           D0           4A           33
                                     08           83           87           C6
                                     46           4F           08
02602 152389  16 31 3 3 2026-01-04 13:03:30 -53.791 -157.983  0.000 401649799
      2026-01-04 12:57:53  1         2B           0C           15           14
                                     F4           85           5E           04
                                     B2           35           5B           85
                                     6F           64           4D           15
                                     66           85           5F           03
                                     E5           16           25           85
                                     72           03           84           16
                                     FF           85           71
      2026-01-04 12:59:21  1         7C           0E           0B           01
                                     96           1E           C6           85
                                     0C           01           61           1F
                                     39           85           06           01
                                     2D           1F           7D           85
                                     0B           00           E2           1F
                                     7A           85           0A           00
                                     C7           1F           76
      2026-01-04 13:00:05  1         C4           0F           85           0B
                                     00           94           1F           75
                                     85           0B           00           62
                                     1F           73           85           0B
                                     00           27           00           06
                                     FF           98           06           04
                                     2C           51           61           63
                                     64           FF           FF
      2026-01-04 13:00:52  1         FD           01           2A           03
                                     1B           48           3B           80
                                     01           00           FF           FC
                                     FC           A2           54           1F
                                     00           00           00           00
                                     91           05           88           37
                                     78           CC           8F           4B
                                     0F           03           DE
      2026-01-04 13:01:33  1         62           02           3F           C3
                                     59           69           00           F8
                                     01           00           D8           0A
                                     ED           27           46           00
                                     0E           00           22           0A
                                     CA           26           EC           0B
                                     14           27           5E           26
                                     CF           27           9C
      2026-01-04 13:02:17  1         EB           03           50           7B
                                     09           15           0A           DC
                                     86           E4           27           3A
                                     08           00           87           D8
                                     4E           22           08           43
                                     87           D0           4A           33
                                     08           83           87           C6
                                     46           4F           08
      2026-01-04 13:03:01  1         BB           04           C1           87
                                     BB           42           63           09
                                     0A           87           A8           3E
                                     7D           09           3F           87
                                     97           3A           9B           09
                                     7D           87           7F           36
                                     B2           09           A0           87
                                     70           34           B9
      2026-01-04 13:03:45  1         80           05           09           D1
                                     87           5B           32           CC
                                     09           FB           87           47
                                     30           D2           0A           31
                                     87           38           2E           DE
                                     0A           4F           87           24
                                     2C           EF           0A           73
                                     87           12           2A
      2026-01-04 13:04:29  1         2D           06           F8           0A
                                     AF           86           F2           29
                                     09           0B           13           86
                                     D4           27           0C           0B
                                     8A           86           C4           25
                                     17           0B           AF           86
                                     A8           23           29           0B
                                     E8           86           8E
      2026-01-04 13:05:13  1         5B           07           21           38
                                     0C           43           86           70
                                     1F           2D           0C           D0
                                     86           57           1D           4F
                                     0D           14           86           35
                                     1B           59           0D           9D
                                     86           1A           19           69
                                     0E           4F           86
      2026-01-04 13:05:57  1         62           08           05           17
                                     6E           0E           90           85
                                     DF           15           7D           0F
                                     C3           85           CB           13
                                     84           10           BA           85
                                     C0           11           94           11
                                     45           85           A6           0F
                                     9B           0F           BA
      2026-01-04 13:06:41  1         84           09           85           4E
                                     0E           0F           0F           9F
                                     85           35           0C           E7
                                     10           AF           85           3F
                                     0B           B7           11           12
                                     85           41           0A           F0
                                     12           1E           85           5B
                                     0A           28           12
      2026-01-04 13:08:09  1         27           0B           14           10
                                     85           5D           06           98
                                     14           19           85           5B
                                     06           42           14           3F
                                     85           5A           05           D8
                                     14           56           85           57
                                     05           76           14           9C
                                     85           58           05
      2026-01-04 13:08:53  1         2B           0C           15           14
                                     F4           85           5E           04
                                     B2           15           5B           85
                                     65           04           4D           15
                                     66           85           5F           03
                                     E5           16           25           85
                                     72           03           84           16
                                     7F           85           71
      2026-01-04 13:09:37  2         B5           0D           03           1E
                                     16           B8           85           5F
                                     02           BD           17           B8
                                     85           3E           02           59
                                     1E           03           84           FE
                                     01           FA           1E           26
                                     85           08           01           C5
                                     1E           39           85
02602 152389   1 31 C
      2026-01-04 14:36:53  1         2B           0C           15           14
                                     F0           85           5E           04
                                     B2           15           5B           85
                                     75           04           4D           15
                                     66           85           5F           03
                                     E5           16           25           85
                                     F2           03           84           16
                                     7F           85           71
02602 152389   6 31 3
      2026-01-04 14:37:37  1         B5           0D           03           1E
                                     16           B8           85           7F
                                     02           BD           17           B8
                                     85           3E           02           59
                                     1E           03           84           FE
                                     01           FA           1E           26
                                     85           88           01           C5
                                     1E           39           8D
      2026-01-04 14:39:05  1         C4           0F           8D           09
                                     00           94           1F           75
                                     85           0B           00           62
                                     1F           73           85           0B
                                     00           27           00           06
                                     FF           98           06           04
                                     2C           51           61           63
                                     64           FF           7C
      2026-01-04 14:39:52  1         44           01           33           03
                                     1B           48           3B           80
                                     01           00           FF           FC
                                     FC           A2           54           1F
                                     00           00           00           00
                                     91           05           88           37
                                     78           CC           8F           4B
                                     0F           03           DE
      2026-01-04 14:40:33  1         62           02           3F           C3
                                     59           69           00           F8
                                     01           00           D8           0A
                                     ED           27           46           00
                                     0E           00           22           0A
                                     CA           26           EC           0B
                                     14           27           5E           26
                                     CF           27           9C
      2026-01-04 14:41:17  1         EB           03           50           7B
                                     19           15           0A           DC
                                     86           E4           67           2B
                                     71           04           85           D8
                                     3E           22           00           2A
                                     F6           13           1F           08
                                     C9           3C           28           1C
                                     9C           98           73
      2026-01-04 14:42:01  1         BB           04           C1           87
                                     BB           42           63           09
                                     0A           87           A8           3E
                                     7D           09           3F           87
                                     97           3A           9B           09
                                     7D           87           7F           36
                                     B2           09           A0           87
                                     70           34           B9
02602 152389  14 31 R 2 2026-01-04 14:57:05 -53.784 -157.975  0.000 401649799
      2026-01-04 14:52:17  1         FB           03           50           7A
                                     09           15           0A           DC
                                     86           E4           27           3A
                                     08           00           87           D8
                                     4E           22           08           43
                                     87           D0           4A           33
                                     08           83           87           C6
                                     46           4F           08
      2026-01-04 14:53:01  1         BB           04           C1           87
                                     BB           42           63           09
                                     0A           87           A8           3E
                                     7D           09           3F           87
                                     97           3A           9B           09
                                     7D           87           7F           36
                                     B2           09           A0           87
                                     70           34           B9
      2026-01-04 14:53:45  1         80           05           09           D1
                                     87           5B           32           CC
                                     09           FB           87           47
                                     30           D2           0A           31
                                     87           38           2E           DE
                                     0A           4F           87           24
                                     2C           EF           0A           73
                                     87           12           2A
      2026-01-04 14:54:29  1         2D           06           F8           0A
                                     AF           86           F2           29
                                     09           0B           13           86
                                     D4           27           0C           0B
                                     8A           86           C4           25
                                     17           0B           AF           86
                                     A8           23           29           0B
                                     E8           86           8E
      2026-01-04 14:55:13  1         5B           07           21           38
                                     0C           43           86           70
                                     1F           2D           0C           D0
                                     86           57           1D           4F
                                     0D           14           86           35
                                     1B           59           0D           9D
                                     86           1A           19           69
                                     0E           4F           86
      2026-01-04 14:55:57  1         62           08           05           17
                                     6E           0E           90           85
                                     DF           15           7D           0F
                                     C3           85           CB           13
                                     84           10           BA           85
                                     C0           11           94           11
                                     45           85           A6           0F
                                     9B           0F           BA
      2026-01-04 14:56:41  1         84           09           85           4E
                                     0E           0F           0F           9F
                                     85           35           0C           E7
                                     10           AF           85           3F
                                     0B           B7           11           12
                                     85           41           0A           F0
                                     12           1E           85           5B
                                     0A           28           12
      2026-01-04 14:57:25  1         42           0A           65           85
                                     57           09           65           13
                                     05           85           58           08
                                     98           13           16           85
                                     4E           07           D1           13
                                     32           85           4D           07
                                     6F           13           C3           85
                                     5A           07           08
      2026-01-04 14:58:09  1         27           0B           14           10
                                     85           5D           06           98
                                     14           19           85           5B
                                     06           42           14           3F
                                     85           5A           05           D8
                                     14           56           85           57
                                     05           76           14           9C
                                     85           58           05
      2026-01-04 14:58:53  1         2B           0C           15           14
                                     F4           85           5E           04
                                     B2           15           5B           85
                                     65           04           4D           15
                                     66           85           5F           03
                                     E5           16           25           85
                                     72           03           84           16
                                     7F           85           71
      2026-01-04 14:59:37  1         B5           0D           03           1E
                                     16           B8           85           5F
                                     02           BD           17           B8
                                     85           3E           02           59
                                     1E           03           84           FE
                                     01           FA           1E           26
                                     85           08           01           C5
                                     1E           39           85
      2026-01-04 15:00:21  1         7C           0E           0B           01
                                     96           1E           C6           85
                                     0C           01           61           1F
                                     39           85           06           01
                                     2D           1F           7D           85
                                     0B           00           E2           1F
                                     7A           85           0A           00
                                     C7           1F           76
      2026-01-04 15:01:05  1         C4           0F           85           0B
                                     00           94           1F           75
                                     85           0B           00           62
                                     1F           73           85           0B
                                     00           27           00           06
                                     FF           98           06           04
                                     2C           51           61           63
                                     64           FF           FF
      2026-01-04 15:02:33  1         62           02           3F           C3
                                     59           69           00           F8
                                     01           00           D8           0A
                                     ED           27           46           00
                                     0E           00           22           0A
                                     CA           26           EC           0B
                                     14           27           5E           66
                                     CF           27           9C
02602 152390  18 31 R 3 2026-01-01 19:25:16 -39.947  -38.859  0.000 401649945
      2026-01-01 19:24:55  1         DD           01           03           03
                                     03           45           3A           80
                                     01           00           FF           FB
                                     FA           9E           53           19
                                     00           00           00           00
                                     91           06           88           38
                                     7A           C4           8F           45
                                     0D           03           65
      2026-01-01 19:26:24  1         D0           03           53           7B
                                     09           00           0C           74
                                     86           17           27           27
                                     0B           C0           87           F8
                                     4A           38           0B           8C
                                     87           CF           46           54
                                     0B           9C           87           AC
                                     42           64           0B
      2026-01-01 19:27:10  1         74           04           71           87
                                     7A           3E           7D           0B
                                     5E           87           45           3A
                                     96           0B           60           87
                                     02           36           B4           0B
                                     6A           86           E0           34
                                     C0           0B           86           86
                                     C5           32           CC
      2026-01-01 19:27:56  1         E9           05           0B           8B
                                     86           A9           30           D3
                                     0B           CD           86           87
                                     2E           CA           0B           D6
                                     86           6A           2C           F0
                                     0B           F7           86           4D
                                     2A           F9           0C           2F
                                     86           3A           29
      2026-01-01 19:28:42  1         AB           06           09           0C
                                     6B           86           23           27
                                     13           0C           B1           86
                                     05           25           1A           0D
                                     13           85           EE           23
                                     27           0D           C7           85
                                     DC           21           2E           0E
                                     45           85           CC
      2026-01-01 19:29:28  1         6B           07           1F           3F
                                     0F           05           85           C7
                                     1D           4F           0F           E9
                                     85           C2           1B           3E
                                     10           99           85           BB
                                     19           61           11           93
                                     85           C5           17           6E
                                     12           AA           85
      2026-01-01 19:30:14  1         47           08           D0           15
                                     7C           14           48           85
                                     F0           13           82           16
                                     64           86           1C           11
                                     95           19           08           86
                                     4C           0F           9D           1C
                                     DB           86           BA           0E
                                     15           1F           DD
      2026-01-01 19:31:00  1         0F           09           87           08
                                     0C           E5           23           05
                                     87           6C           0B           BC
                                     25           0F           87           B3
                                     0A           F6           27           EF
                                     88           26           0A           14
                                     29           6E           88           61
                                     09           58           2B
      2026-01-01 19:31:46  1         3A           0A           3D           88
                                     A3           08           94           2D
                                     68           88           FB           07
                                     CF           2E           77           89
                                     28           07           6E           2E
                                     BB           89           21           07
                                     04           2F           61           89
                                     37           06           A1
      2026-01-01 19:32:32  1         FC           0B           30           65
                                     89           60           06           41
                                     31           32           89           7D
                                     05           E0           32           F9
                                     89           C0           05           7B
                                     34           21           89           E9
                                     05           19           35           6A
                                     8A           20           04
      2026-01-01 19:33:18  1         AA           0C           B5           35
                                     DC           8A           2C           04
                                     4B           38           8F           8A
                                     BB           03           ED           39
                                     B3           8A           D6           03
                                     84           39           89           8A
                                     8C           03           24           39
                                     89           8A           18
      2026-01-01 19:34:04  1         0C           0D           02           C1
                                     3B           BB           8A           39
                                     02           5C           3F           DF
                                     89           DB           01           F5
                                     41           6B           89           DC
                                     01           C3           41           C3
                                     89           E1           01           91
                                     41           D9           89
      2026-01-01 19:34:50  1         75           0E           E4           01
                                     5F           41           DB           89
                                     E4           01           29           41
                                     E2           89           E4           00
                                     FA           41           E6           89
                                     E4           00           C4           41
                                     E2           89           F0           34
                                     6B           61           E0
      2026-01-01 19:35:36  1         33           0F           89           E3
                                     00           64           41           EC
                                     89           E4           00           2B
                                     00           06           00           00
                                     06           03           27           4A
                                     5F           63           63           FF
                                     FF           FF           FF           FF
                                     FF           FF           FF
      2026-01-01 19:36:25  1         0D           01           04           03
                                     03           45           3A           80
                                     01           00           FF           FB
                                     FA           9E           53           19
                                     00           00           00           00
                                     91           06           88           38
                                     7A           C4           8F           45
                                     0D           03           65
      2026-01-01 19:37:08  2         86           02           A5           75
                                     56           69           01           5C
                                     00           00           D8           0C
                                     67           27           09           00
                                     09           00           12           0C
                                     52           27           03           0C
                                     7B           27           2C           26
                                     CF           27           32
      2026-01-01 19:37:54  1         87           03           53           7D
                                     09           00           0C           74
                                     86           17           27           27
                                     0B           C0           87           F8
                                     4A           38           0B           8C
                                     87           CF           46           54
                                     0B           9C           87           AC
                                     42           64           0B
02602 152390  16 31 R 2 2026-01-01 21:10:16 -39.936  -38.865  0.000 401649939
      2026-01-01 21:06:04  1         0C           0D           02           C1
                                     7B           BB           8A           39
                                     02           5C           3F           DF
                                     89           DB           01           F5
                                     41           6B           89           DC
                                     01           C3           41           C3
                                     89           E1           01           91
                                     41           D9           89
      2026-01-01 21:06:50  1         75           0E           E4           01
                                     5F           41           DB           89
                                     E4           09           29           60
                                     F8           64           7A           E0
                                     FA           41           E6           89
                                     E4           00           C4           41
                                     E2           89           E3           00
                                     8F           41           E8
      2026-01-01 21:07:36  1         33           0F           89           E3
                                     00           64           41           EC
                                     89           E4           00           2B
                                     00           06           00           00
                                     06           03           27           4A
                                     5F           63           63           FF
                                     FF           FF           FF           FF
                                     FF           FF           FF
      2026-01-01 21:08:25  1         65           01           0C           03
                                     03           45           3A           80
                                     01           00           FF           FB
                                     FA           9E           53           19
                                     00           00           00           00
                                     91           06           88           38
                                     7A           C4           8F           45
                                     0D           03           65
      2026-01-01 21:09:08  1         86           02           A5           75
                                     56           69           01           5C
                                     00           00           D8           0C
                                     67           27           09           00
                                     09           00           12           0C
                                     52           27           03           0C
                                     7B           27           2C           26
                                     CF           27           32
      2026-01-01 21:09:54  1         70           03           53           7C
                                     09           00           0C           74
                                     86           17           27           27
                                     0B           C0           9B           F1
                                     0F           29           24           30
                                     4F           9F           7B           A8
                                     17           39           0F           58
                                     84           C8           47
      2026-01-01 21:10:40  1         74           04           71           87
                                     7A           3E           7D           0B
                                     5E           87           45           3A
                                     96           0B           60           87
                                     02           36           B4           0B
                                     6A           86           E0           34
                                     C0           0B           86           86
                                     C5           32           CC
      2026-01-01 21:11:26  1         E9           05           0B           8B
                                     86           A9           30           D3
                                     0B           CD           86           87
                                     2E           CA           0B           D6
                                     86           6A           2C           F0
                                     0B           F7           86           4D
                                     2A           F9           0C           2F
                                     86           3A           29
      2026-01-01 21:12:12  1         AB           06           09           0C
                                     6B           86           23           27
                                     13           0C           B1           86
                                     05           25           1A           0D
                                     13           85           EE           23
                                     27           0D           C7           85
                                     DC           21           2E           0E
                                     45           85           CC
      2026-01-01 21:12:58  1         6B           07           1F           3F
                                     0F           05           85           C7
                                     1D           4F           0F           E9
                                     85           C2           1B           3E
                                     10           99           85           BB
                                     19           61           11           93
                                     85           C5           17           6E
                                     12           AA           85
      2026-01-01 21:13:44  1         47           08           D0           15
                                     7C           14           48           85
                                     F0           13           82           16
                                     64           86           1C           11
                                     95           19           08           86
                                     4C           0F           9D           1C
                                     DB           86           BA           0E
                                     15           1F           DD
      2026-01-01 21:14:30  1         0F           09           87           08
                                     0C           E5           23           05
                                     87           6C           0B           BC
                                     25           0F           87           B3
                                     0A           F6           27           EF
                                     88           26           0A           14
                                     29           6E           88           61
                                     09           58           2B
      2026-01-01 21:15:16  1         3A           0A           3D           88
                                     A3           08           94           2D
                                     68           88           FB           07
                                     CF           2E           77           89
                                     28           07           6E           2E
                                     BB           89           21           07
                                     04           2F           61           89
                                     37           06           A1
      2026-01-01 21:16:02  1         FC           0B           30           65
                                     89           60           06           41
                                     31           32           89           7D
                                     05           E0           32           F9
                                     89           C0           05           7B
                                     34           21           89           E9
                                     05           19           35           6A
                                     8A           20           04
      2026-01-01 21:16:48  1         AA           0C           B5           35
                                     DC           8A           2C           04
                                     4B           38           8F           8A
                                     BB           03           ED           39
                                     B3           8A           D6           03
                                     84           39           89           8A
                                     8C           03           24           39
                                     89           8A           18
      2026-01-01 21:17:34  1         0C           0D           02           C1
                                     3B           BB           8A           39
                                     02           5C           3F           DF
                                     89           DB           01           F5
                                     41           6B           89           DC
                                     01           C3           41           C3
                                     89           E1           01           91
                                     41           D9           89
02602 152390  12 31 C 1 2026-01-01 22:41:07 -39.930  -38.868  0.000 401649939
      2026-01-01 22:37:18  1         AA           0C           B5           35
                                     DC           8A           2C           04
                                     4B           38           8F           8A
                                     BB           03           ED           39
                                     B3           8A           D6           03
                                     84           39           89           8A
                                     8C           03           24           39
                                     89           8A           18
      2026-01-01 22:38:04  1         0C           0D           02           C1
                                     3B           BB           8A           39
                                     02           5C           3F           DF
                                     89           DB           01           F5
                                     41           6B           89           DC
                                     01           C3           41           C3
                                     89           E1           01           91
                                     41           D9           89
      2026-01-01 22:38:50  1         75           0E           E4           01
                                     5F           41           DB           89
                                     E4           01           29           41
                                     E2           89           E4           00
                                     FA           41           E6           89
                                     E4           00           C4           41
                                     E2           89           E3           00
                                     8F           41           E8
      2026-01-01 22:39:36  1         33           0F           89           E3
                                     00           64           41           EC
                                     89           E4           00           2B
                                     00           06           00           00
                                     06           03           27           4A
                                     5F           63           63           FF
                                     FF           FF           FF           FF
                                     FF           FF           FF
      2026-01-01 22:40:25  1         D9           01           14           03
                                     03           45           3A           80
                                     01           00           FF           FB
                                     F9           9E           53           19
                                     00           00           00           00
                                     91           06           88           38
                                     7A           C4           8F           45
                                     0D           03           65
      2026-01-01 22:41:08  1         86           02           A5           75
                                     56           69           01           5C
                                     00           00           D8           0C
                                     67           27           09           00
                                     09           00           12           0C
                                     52           27           03           0C
                                     7B           27           2C           26
                                     CF           27           32
      2026-01-01 22:41:54  1         70           03           53           7C
                                     09           00           0C           74
                                     86           17           27           27
                                     0B           C0           87           F8
                                     4A           38           0B           8C
                                     87           CF           46           54
                                     0B           9C           87           AC
                                     42           64           0B
      2026-01-01 22:42:40  1         74           04           71           87
                                     7A           3E           7D           0B
                                     5E           87           45           3A
                                     96           0B           60           87
                                     02           36           B4           0B
                                     6A           86           E0           34
                                     C0           0B           86           86
                                     C5           32           CC
      2026-01-01 22:43:26  1         E9           05           0B           8B
                                     86           A9           30           D3
                                     0B           CD           86           87
                                     2E           CA           0B           D6
                                     86           6A           2C           F0
                                     0B           F7           86           4D
                                     2A           F9           0C           2F
                                     86           3A           29
      2026-01-01 22:44:12  1         AB           06           09           0C
                                     6B           86           23           27
                                     13           0C           B1           86
                                     05           25           1A           0D
                                     13           85           EE           23
                                     27           0D           C7           85
                                     DC           21           2E           0E
                                     45           85           CC
      2026-01-01 22:44:58  1         6B           07           1F           3F
                                     0F           05           85           C7
                                     1D           4F           0F           E9
                                     85           C2           1B           3E
                                     10           99           85           BB
                                     19           61           11           93
                                     85           C5           17           6E
                                     12           AA           85
      2026-01-01 22:45:44  1         47           08           D0           15
                                     7C           14           48           85
                                     F0           13           82           16
                                     64           86           1C           11
                                     95           19           08           86
                                     4C           0F           9D           1C
                                     DB           86           BA           0E
                                     15           1F           DD
02602 152390  17 31 B 3 2026-01-01 23:49:24 -39.928  -38.876  0.000 401649938
      2026-01-01 23:37:55  1         4C           01           19           03
                                     03           45           3A           80
                                     01           00           FF           FB
                                     FA           9E           53           19
                                     00           00           00           00
                                     91           06           88           38
                                     7A           C4           8F           45
                                     0D           03           65
      2026-01-01 23:38:38  1         86           02           A5           75
                                     56           69           01           5C
                                     00           00           D8           0C
                                     67           27           09           00
                                     09           00           12           0C
                                     52           27           03           0C
                                     7B           27           2C           26
                                     CF           27           32
      2026-01-01 23:39:24  1         87           03           53           7D
                                     09           00           0C           74
                                     86           17           27           27
                                     0B           C0           87           F8
                                     4B           33           F0           6A
                                     E0           17           7F           88
                                     C5           E4           FC           53
                                     92           64           0B
      2026-01-01 23:40:10  1         74           04           71           87
                                     7A           3E           7D           0B
                                     5E           87           45           38
                                     5E           8B           60           87
                                     02           62           B4           7C
                                     03           78           8F           EE
                                     9F           FA           3C           B8
                                     B8           64           B1
      2026-01-01 23:40:56  1         E9           05           0B           8B
                                     86           A9           30           D3
                                     0B           CD           86           87
                                     2E           CA           0B           D6
                                     86           6A           3C           F0
                                     0B           F7           86           4D
                                     2A           F9           0C           2F
                                     86           3A           29
      2026-01-01 23:41:42  1         AB           06           09           0C
                                     6B           86           23           27
                                     13           0C           B1           86
                                     05           25           1A           0D
                                     13           85           EE           23
                                     27           0D           C7           85
                                     DC           21           2E           0E
                                     45           85           CC
      2026-01-01 23:42:28  1         6B           07           1F           3F
                                     0F           05           85           C7
                                     1D           4F           0F           E9
                                     85           C2           1B           3E
                                     10           99           85           BB
                                     19           61           11           93
                                     85           C5           17           6E
                                     12           AA           85
      2026-01-01 23:43:14  1         47           08           D0           15
                                     7C           14           48           85
                                     F0           13           82           16
                                     64           86           1C           11
                                     95           19           08           86
                                     4C           0F           9D           1C
                                     DB           86           BA           0F
                                     4D           1F           DD
      2026-01-01 23:44:00  1         0F           09           87           08
                                     0C           E5           23           05
                                     87           6C           0B           BC
                                     25           0F           87           B3
                                     0A           F6           27           EF
                                     88           26           0A           14
                                     29           6E           88           61
                                     09           58           2B
      2026-01-01 23:44:46  1         3A           0A           3D           88
                                     A3           08           94           2D
                                     68           88           FB           07
                                     CF           2E           77           89
                                     28           07           6E           2E
                                     BB           89           21           07
                                     04           2F           61           89
                                     37           06           A1
      2026-01-01 23:45:32  1         FC           0B           30           65
                                     89           60           06           41
                                     31           32           89           7D
                                     05           E0           32           F9
                                     89           C0           05           7B
                                     34           21           89           E9
                                     05           19           35           6A
                                     8A           20           04
      2026-01-01 23:46:18  1         AA           0C           B5           35
                                     DC           8A           2C           04
                                     4B           38           8F           8A
                                     BB           03           ED           39
                                     B3           8A           D6           03
                                     84           39           89           8A
                                     8C           03           24           39
                                     89           8A           18
      2026-01-01 23:47:04  1         0C           0D           02           C1
                                     3B           BB           8A           39
                                     02           5C           3F           DF
                                     89           DB           01           F5
                                     41           6B           89           DC
                                     01           C3           41           C3
                                     89           E1           01           91
                                     41           D9           89
      2026-01-01 23:47:50  2         75           0E           E4           01
                                     5F           41           DB           89
                                     E4           01           29           41
                                     E2           89           E4           00
                                     FA           41           E6           89
                                     E4           00           C4           41
                                     E2           89           E3           00
                                     8F           41           E8
      2026-01-01 23:48:36  1         33           0F           89           E3
                                     00           64           41           EC
                                     89           E4           00           2B
                                     00           06           00           00
                                     06           03           27           4A
                                     5F           63           63           FF
                                     FF           FF           FF           FF
                                     FF           FF           FF
      2026-01-01 23:49:25  1         90           01           1A           03
                                     03           45           3A           80
                                     01           00           FF           FB
                                     FB           9E           53           19
                                     00           00           00           00
                                     91           06           88           38
                                     7A           C4           8F           45
                                     0D           03           65
02602 152390  19 31 C 2 2026-01-02 00:28:50 -39.931  -38.884  0.000 401649937
      2026-01-02 00:16:58  1         6B           07           1F           3F
                                     0F           05           85           C7
                                     1D           4F           0F           E9
                                     85           C2           13           3C
                                     59           99           85           BB
                                     19           61           11           93
                                     85           C5           17           6E
                                     12           AA           85
      2026-01-02 00:18:30  1         0F           09           87           08
                                     0C           E5           23           05
                                     87           6C           0B           BC
                                     25           0F           87           B3
                                     0A           F6           27           EF
                                     88           26           0A           14
                                     29           6E           88           61
                                     09           58           2B
      2026-01-02 00:19:16  1         3A           0A           3D           88
                                     A3           08           94           2D
                                     68           88           FB           07
                                     CF           2E           77           89
                                     28           07           6E           2E
                                     BB           89           21           07
                                     04           2F           61           89
                                     37           06           A1
      2026-01-02 00:20:02  1         FC           0B           30           65
                                     89           60           06           41
                                     31           32           89           7D
                                     05           E0           32           F9
                                     89           C0           05           7B
                                     34           21           89           E9
                                     05           19           35           6A
                                     8A           20           04
      2026-01-02 00:20:48  1         AA           0C           B5           35
                                     DC           8A           2C           04
                                     4B           38           8F           8A
                                     BB           03           ED           39
                                     B3           8A           D6           03
                                     84           39           89           8A
                                     8C           03           24           39
                                     89           8A           18
      2026-01-02 00:22:20  1         75           0E           E4           01
                                     5F           41           DB           89
                                     E4           01           29           41
                                     E2           89           E4           00
                                     F8           40           84           89
                                     E4           00           C4           41
                                     E2           89           E3           00
                                     8F           41           E8
      2026-01-02 00:23:06  1         33           0F           89           E3
                                     00           64           41           EC
                                     89           E4           00           2B
                                     00           06           00           00
                                     06           03           27           4A
                                     5F           63           63           FF
                                     FF           FF           FF           FF
                                     FF           FF           FF
      2026-01-02 00:23:55  1         29           01           1D           03
                                     03           45           3A           80
                                     01           00           FF           FB
                                     F9           9E           53           19
                                     00           00           00           00
                                     91           06           88           38
                                     7A           C4           8F           45
                                     0D           03           65
      2026-01-02 00:24:38  1         86           02           A5           75
                                     56           69           01           5C
                                     00           00           D8           0C
                                     67           27           09           00
                                     09           00           12           0C
                                     52           27           03           0C
                                     7B           27           2C           26
                                     CF           27           32
      2026-01-02 00:25:24  1         D0           03           53           7B
                                     09           00           0C           74
                                     86           17           27           27
                                     0B           C0           87           F8
                                     4A           38           0B           8C
                                     87           CF           46           54
                                     0B           9C           87           AC
                                     42           64           0B
      2026-01-02 00:26:10  2         74           04           71           87
                                     7A           3E           7D           0B
                                     5E           87           45           3A
                                     96           0B           60           87
                                     02           36           B4           0B
                                     6A           86           E0           34
                                     C0           0B           86           86
                                     C5           32           CC
      2026-01-02 00:26:56  2         E9           05           0B           8B
                                     86           A9           30           D3
                                     0B           CD           86           87
                                     2E           CA           0B           D6
                                     86           6A           2C           F0
                                     0B           F7           86           4D
                                     2A           F9           0C           2F
                                     86           3A           29
      2026-01-02 00:27:42  2         AB           06           09           0C
                                     6B           86           23           27
                                     13           0C           B1           86
                                     05           25           1A           0D
                                     13           85           EE           23
                                     27           0D           C7           85
                                     DC           21           2E           0E
                                     45           85           CC
      2026-01-02 00:28:28  1         6B           07           1F           3F
                                     0F           05           85           C7
                                     1D           4F           0F           E9
                                     85           C2           1B           3E
                                     10           99           85           BB
                                     19           61           11           93
                                     85           C5           17           6E
                                     12           AA           85
      2026-01-02 00:29:14  2         47           08           D0           15
                                     7C           14           48           85
                                     F0           13           82           16
                                     64           86           1C           11
                                     95           19           08           86
                                     4C           0F           9D           1C
                                     DB           86           BA           0E
                                     15           1F           DD
02602 152390   6 31 B 1 2026-01-02 01:19:04 -39.931  -38.879  0.000 401649937
      2026-01-02 01:16:46  1         3A           0A           3D           88
                                     A3           08           94           2D
                                     68           88           FB           07
                                     CF           2E           77           89
                                     28           07           6E           2E
                                     BB           89           21           07
                                     04           2F           61           89
                                     37           06           A1
      2026-01-02 01:17:32  1         FC           0B           30           65
                                     89           60           06           41
                                     31           32           89           7D
                                     05           E0           32           F9
                                     89           C0           05           7B
                                     34           21           89           E9
                                     05           19           35           6A
                                     8A           20           04
      2026-01-02 01:18:18  1         AA           0C           B5           35
                                     DC           8A           2C           04
                                     4B           38           8F           8A
                                     BB           03           ED           39
                                     B3           8A           D6           03
                                     84           39           89           8A
                                     8C           03           24           39
                                     89           8A           18
      2026-01-02 01:19:50  1         75           0E           E4           01
                                     5F           41           DB           89
                                     E4           01           29           41
                                     E2           89           E4           00
                                     FA           41           E6           89
                                     E4           00           C4           41
                                     E2           89           E3           00
                                     8F           41           E8
      2026-01-02 01:20:36  1         33           0F           89           E3
                                     00           64           41           EC
                                     89           E4           00           2B
                                     00           06           00           00
                                     06           03           27           4A
                                     5F           63           63           FF
                                     FF           FF           FF           FF
                                     FF           FF           FF
      2026-01-02 01:21:25  1         CB           01           22           03
                                     03           45           3A           80
                                     01           00           FF           FB
                                     F9           9E           53           19
                                     00           00           00           00
                                     91           06           88           38
                                     7A           C4           8F           45
                                     0D           03           65
02602 152390  11 31 3
      2026-01-02 01:21:25  1         CB           01           22           03
                                     03           45           3A           80
                                     01           00           FF           FB
                                     F9           9E           53           19
                                     00           00           00           00
                                     91           06           88           38
                                     7A           C4           8F           45
                                     0D           03           65
      2026-01-02 01:22:08  1         86           02           A5           75
                                     56           69           01           5C
                                     00           00           D8           0C
                                     67           27           09           00
                                     09           00           12           0C
                                     52           27           03           0C
                                     7B           27           2C           26
                                     CF           27           32
      2026-01-02 01:22:54  1         70           03           53           7C
                                     09           00           0C           74
                                     86           17           27           27
                                     0B           C0           87           F8
                                     4A           38           0B           8C
                                     87           CF           46           54
                                     0B           9C           87           AC
                                     42           64           0B
      2026-01-02 01:23:40  1         74           04           71           87
                                     7A           3E           7D           0B
                                     5E           87           45           3A
                                     96           0B           60           87
                                     02           36           B4           0B
                                     6A           86           E0           34
                                     C0           0B           86           86
                                     C5           32           CC
      2026-01-02 01:24:26  1         E9           05           0B           8B
                                     86           A9           30           D3
                                     0B           CD           86           87
                                     2E           CA           0B           D6
                                     86           6A           2C           F0
                                     0B           F7           86           4D
                                     2A           F9           0C           2F
                                     86           3A           29
      2026-01-02 01:25:12  1         AB           06           09           0C
                                     6B           86           23           27
                                     13           0C           B1           86
                                     05           25           1A           0D
                                     13           85           EE           23
                                     27           0D           C7           85
                                     DC           21           2E           0E
                                     45           85           CC
      2026-01-02 01:25:58  1         6B           07           1F           3F
                                     0F           05           85           C7
                                     1D           4F           0F           E9
                                     85           C2           1B           3E
                                     10           99           85           BB
                                     19           61           11           93
                                     85           C5           17           6E
                                     12           AA           85
      2026-01-02 01:26:44  1         47           08           D0           15
                                     7C           14           48           85
                                     F0           13           82           16
                                     64           86           1C           11
                                     95           19           08           86
                                     4C           0F           9D           1C
                                     DB           86           BA           0E
                                     15           1F           DD
      2026-01-02 01:27:30  1         0F           09           87           08
                                     0C           E5           23           05
                                     87           6C           0B           BC
                                     25           0F           87           B3
                                     0A           F6           27           EF
                                     88           26           0A           14
                                     29           6E           88           61
                                     09           58           2B
      2026-01-02 01:28:16  1         3A           0A           3D           88
                                     A3           08           94           2D
                                     68           88           FB           07
                                     CF           2E           77           89
                                     28           07           6E           2E
                                     BB           89           21           07
                                     04           2F           61           89
                                     37           06           A1
      2026-01-02 01:29:02  1         FC           0B           30           65
                                     89           60           06           41
                                     31           32           89           7D
                                     05           E0           32           F9
                                     89           C0           05           7B
                                     34           21           89           E9
                                     05           19           35           6A
                                     8A           20           04
02602 152390  15 31 C 2 2026-01-02 01:57:47 -39.936  -38.878  0.000 401649938
      2026-01-02 01:55:55  1         9B           01           25           03
                                     03           45           3A           80
                                     01           00           FF           FB
                                     F9           9E           53           19
                                     00           00           00           00
                                     91           06           88           38
                                     7A           C4           8F           45
                                     0D           03           65
      2026-01-02 01:56:38  1         86           02           A5           75
                                     56           69           01           5C
                                     00           00           D8           0C
                                     67           27           09           00
                                     09           00           12           0C
                                     52           27           03           0C
                                     7B           27           2C           26
                                     CF           27           32
      2026-01-02 01:57:24  1         70           03           53           7C
                                     09           00           0C           74
                                     86           17           27           27
                                     0B           C0           87           F8
                                     4A           38           0B           8C
                                     87           CF           46           54
                                     0B           9C           87           AC
                                     42           64           0B
      2026-01-02 01:58:10  1         74           04           71           87
                                     7A           3E           7D           0B
                                     5E           87           45           3A
                                     96           0B           60           87
                                     02           36           B4           0B
                                     6A           86           E0           34
                                     C0           0B           86           86
                                     C5           32           CC
      2026-01-02 01:58:56  1         E9           05           0B           8B
                                     86           A9           30           D3
                                     0B           CD           86           87
                                     2E           CA           0B           D6
                                     86           6A           2C           F0
                                     0B           F7           86           4D
                                     2A           F9           0C           2F
                                     86           3A           29
      2026-01-02 01:59:42  1         AB           06           09           0C
                                     6B           86           23           27
                                     13           0C           B1           86
                                     05           25           1A           0D
                                     13           85           EE           23
                                     27           0D           C7           85
                                     DC           21           2E           0E
                                     45           85           CC
      2026-01-02 02:00:28  1         6B           07           1F           3F
                                     0F           05           85           C7
                                     1D           4F           21           92
                                     76           C2           1B           3E
                                     10           99           85           BB
                                     19           61           11           93
                                     85           C5           17           6E
                                     12           AA           85
      2026-01-02 02:01:14  1         47           08           D0           15
                                     7C           14           48           85
                                     F0           13           82           16
                                     64           86           1C           11
                                     95           19           08           86
                                     4C           0F           9D           1C
                                     DB           86           BA           0E
                                     15           1F           DD
      2026-01-02 02:02:00  1         0F           09           87           08
                                     0C           E5           23           05
                                     87           6C           0B           BC
                                     25           0F           87           B3
                                     0A           F6           27           EF
                                     88           26           0A           14
                                     29           6E           88           61
                                     09           58           2B
      2026-01-02 02:02:46  1         3A           0A           3D           88
                                     A3           08           94           2D
                                     68           88           FB           07
                                     CF           2E           77           89
                                     28           07           6E           2E
                                     BB           89           21           07
                                     04           2F           61           89
                                     37           06           A1
      2026-01-02 02:03:32  1         FC           0B           30           65
                                     89           60           06           41
                                     21           32           89           7D
                                     05           E0           32           F9
                                     89           C0           05           7B
                                     34           21           89           E9
                                     05           19           35           6A
                                     8A           20           04
      2026-01-02 02:05:04  1         0C           0D           02           C1
                                     3B           BB           8A           39
                                     02           5C           3F           DF
                                     89           DB           01           F5
                                     41           6B           89           DC
                                     01           C3           41           C3
                                     89           E1           01           91
                                     41           D9           89
      2026-01-02 02:05:50  1         75           0E           E4           01
                                     5F           41           DB           89
                                     E4           01           29           41
                                     E2           89           E4           00
                                     FA           41           E6           89
                                     E4           00           C4           41
                                     E2           89           E3           00
                                     8F           41           E8
      2026-01-02 02:06:36  1         33           0F           89           E3
                                     00           64           41           EC
                                     89           E4           00           2B
                                     00           06           00           00
                                     06           03           27           4A
                                     5F           63           63           FF
                                     FF           FF           FF           FF
                                     FF           FF           FF
      2026-01-02 02:07:25  1         50           01           26           03
                                     03           45           3A           80
                                     01           00           FF           FB
                                     F9           9E           53           19
                                     00           00           00           00
                                     91           06           88           38
                                     7A           C4           8F           45
                                     0D           03           65
02602 152390  16 31 3
      2026-01-02 03:01:02  1         FC           0B           30           65
                                     89           60           06           41
                                     31           32           89           7D
                                     05           E0           32           F9
                                     89           C0           05           7B
                                     34           21           89           E9
                                     05           19           35           6A
                                     8A           20           04
      2026-01-02 03:01:48  1         AA           0C           B5           35
                                     DC           8A           2C           04
                                     4B           38           8F           8A
                                     BB           03           ED           39
                                     B3           8B           DE           03
                                     84           39           89           8A
                                     8C           03           24           39
                                     89           8A           18
      2026-01-02 03:02:34  1         0C           0D           02           C1
                                     3B           BB           8A           39
                                     02           5C           3F           DF
                                     89           DB           01           F5
                                     41           6B           89           DC
                                     01           C3           41           C3
                                     89           E1           01           91
                                     41           D9           89
      2026-01-02 03:03:20  1         75           0E           E4           01
                                     5F           41           DB           89
                                     E4           01           29           41
                                     E2           89           E4           00
                                     FA           41           E6           89
                                     E4           00           C4           41
                                     E2           89           E3           00
                                     8F           41           E8
      2026-01-02 03:04:06  1         33           0F           89           E3
                                     00           64           41           EC
                                     89           E4           00           2B
                                     00           06           00           00
                                     06           03           27           4A
                                     5F           63           63           FF
                                     FF           FF           FF           FF
                                     FF           FF           FF
      2026-01-02 03:04:54  1         3B           01           2B           03
                                     03           45           3A           80
                                     01           00           FF           FB
                                     F9           9E           53           19
                                     00           00           00           00
                                     91           06           88           38
                                     7E           A4           8F           45
                                     0D           03           65
      2026-01-02 03:05:38  1         86           02           A5           75
                                     56           69           01           5C
                                     00           00           D8           0C
                                     67           27           09           00
                                     09           00           12           0C
                                     52           27           03           0C
                                     7B           27           2C           26
                                     CF           27           32
      2026-01-02 03:06:24  1         70           03           53           7C
                                     09           00           0C           74
                                     86           17           27           27
                                     0B           C0           87           F8
                                     4A           38           0B           8C
                                     87           CF           42           E0
                                     0B           9C           87           AC
                                     46           64           0B
      2026-01-02 03:07:10  1         74           04           71           87
                                     7A           3E           7D           0B
                                     5E           87           45           3A
                                     96           0B           60           87
                                     02           36           B4           0B
                                     6A           86           E0           34
                                     C0           0B           86           86
                                     C5           32           CC
      2026-01-02 03:07:56  1         E9           05           0B           8B
                                     86           A9           30           D3
                                     0B           CD           86           87
                                     2E           CA           0B           D6
                                     86           6A           2C           F0
                                     0B           F7           86           4D
                                     2A           F9           0C           2F
                                     86           3A           29
      2026-01-02 03:08:42  1         AB           06           09           0C
                                     6B           86           23           27
                                     13           0C           B1           86
                                     05           25           1A           0D
                                     13           85           EE           23
                                     27           0D           C7           85
                                     DC           21           2E           0E
                                     45           85           CC
      2026-01-02 03:10:14  2         47           08           D0           15
                                     7C           14           48           85
                                     F0           13           82           16
                                     64           86           1C           11
                                     95           19           08           86
                                     4C           0F           9D           1C
                                     DB           86           BA           0E
                                     15           1F           DD
      2026-01-02 03:11:00  1         0F           09           87           08
                                     0C           E5           23           05
                                     87           6C           0B           BC
                                     25           0F           87           B3
                                     0A           F6           27           EF
                                     88           26           0A           14
                                     29           6E           88           61
                                     09           58           2B
      2026-01-02 03:11:46  2         3A           0A           3D           88
                                     A3           08           94           2D
                                     68           88           FB           07
                                     CF           2E           77           89
                                     28           07           6E           2E
                                     BB           89           21           07
                                     04           2F           61           89
                                     37           06           A1
02602 152392   9 31 3 1 2026-01-03 18:53:16 -44.953   56.242  0.000 401649865
      2026-01-03 18:50:15  1         79           07           1F           43
                                     0B           A8           86           6B
                                     1D           50           0C           59
                                     86           57           1B           56
                                     0D           22           86           44
                                     19           63           0D           51
                                     86           20           17           71
                                     0D           E9           86
      2026-01-03 18:50:59  1         E7           08           09           15
                                     81           0E           45           85
                                     EA           13           8E           0F
                                     6A           85           EC           11
                                     96           12           38           86
                                     1F           0F           A0           11
                                     A3           85           DE           0E
                                     11           13           23
      2026-01-03 18:51:43  1         F9           09           85           F9
                                     0C           E8           13           75
                                     85           E2           0B           B9
                                     14           31           85           E8
                                     0A           F4           15           02
                                     85           E9           0A           2B
                                     16           2B           85           F3
                                     09           61           19
      2026-01-03 18:52:27  1         99           0A           EA           86
                                     56           08           99           1C
                                     0E           86           A9           07
                                     D2           1B           95           86
                                     6E           07           6D           18
                                     EE           85           E5           07
                                     09           18           0F           85
                                     9A           06           A4
      2026-01-03 18:53:11  1         97           0B           18           87
                                     85           83           06           3F
                                     17           C3           85           44
                                     05           E0           18           35
                                     85           2F           05           78
                                     18           E7           85           23
                                     05           03           19           D3
                                     85           2E           04
      2026-01-03 18:53:55  1         0B           0C           B0           19
                                     BA           85           04           04
                                     4D           1B           FB           85
                                     07           03           ED           1B
                                     4C           84           B0           03
                                     87           1E           E0           84
                                     D3           03           26           1E
                                     92           84           84
      2026-01-03 18:54:39  1         72           0D           02           C2
                                     20           63           84           6F
                                     02           48           22           4E
                                     84           42           01           F8
                                     22           70           84           43
                                     01           C2           22           70
                                     84           44           01           8D
                                     22           70           84
      2026-01-03 18:55:23  1         0E           0E           44           01
                                     5F           22           6F           84
                                     44           01           29           22
                                     6E           84           44           00
                                     FB           22           6D           84
                                     44           00           C4           22
                                     6D           84           44           00
                                     95           22           6E
      2026-01-03 18:56:54  1         FC           01           02           03
                                     2B           C9           3A           80
                                     01           00           FF           F7
                                     F7           8E           3E           09
                                     00           00           00           00
                                     92           04           86           36
                                     74           CC           8F           4F
                                     0E           03           A8
02602 152392   5 31 B 2 2026-01-03 19:29:52 -44.960   56.261  0.000 401649871
      2026-01-03 19:29:07  1         50           0F           84           44
                                     00           68           22           6F
                                     84           44           00           2B
                                     00           06           00           00
                                     06           04           2C           4F
                                     20           63           63           FF
                                     FF           FF           FF           FF
                                     FF           FF           FF
      2026-01-03 19:29:54  1         47           01           05           03
                                     2B           49           3A           80
                                     01           00           FF           F7
                                     FA           8E           3E           09
                                     00           00           00           00
                                     92           04           86           36
                                     74           CC           8F           4F
                                     0E           03           A8
      2026-01-03 19:30:35  1         57           02           4A           13
                                     59           69           01           62
                                     04           00           D8           0B
                                     5A           27           03           00
                                     93           00           3E           0A
                                     BC           27           22           0C
                                     64           26           D6           26
                                     72           27           97
      2026-01-03 19:34:59  1         E7           08           09           15
                                     81           0E           45           85
                                     EA           13           8E           0F
                                     6A           85           EC           11
                                     96           12           38           86
                                     1F           0F           A0           11
                                     A3           85           DE           0E
                                     11           13           23
      2026-01-03 19:37:55  1         09           08           B0           19
                                     BA           85           04           04
                                     4D           1F           FB           87
                                     07           09           8A           4F
                                     08           9C           6A           CE
                                     EB           37           66           78
                                     53           EC           F3           A3
                                     E5           B4           84
02602 152392  12 31 C 2 2026-01-03 20:10:28 -44.961   56.269  0.000 401649871
      2026-01-03 20:08:43  1         F9           09           85           F9
                                     0C           E8           13           75
                                     85           E2           0B           B9
                                     14           31           85           E8
                                     0A           F4           15           02
                                     85           E9           0A           2B
                                     16           2B           85           F3
                                     09           61           19
      2026-01-03 20:09:27  1         99           0A           EA           86
                                     56           08           99           1C
                                     0E           86           A9           07
                                     D2           1B           95           86
                                     6E           07           6D           18
                                     EE           85           E5           07
                                     09           18           0F           85
                                     9A           06           A4
      2026-01-03 20:10:11  1         97           0B           18           87
                                     85           83           06           3F
                                     17           C3           85           44
                                     05           E0           18           35
                                     85           2F           05           78
                                     18           E7           85           23
                                     05           03           19           D3
                                     85           2E           04
      2026-01-03 20:11:39  1         72           0D           02           C2
                                     20           63           84           6F
                                     02           48           22           4E
                                     84           42           01           F8
                                     22           70           84           43
                                     01           C2           22           70
                                     84           44           01           8D
                                     22           70           84
      2026-01-03 20:12:23  1         0E           0E           44           01
                                     5F           22           6F           84
                                     44           01           29           22
                                     6E           84           44           00
                                     FB           22           6D           84
                                     44           00           C4           22
                                     6D           84           44           00
                                     95           22           6E
      2026-01-03 20:13:07  1         50           0F           84           44
                                     00           68           22           6F
                                     84           44           00           2B
                                     00           06           00           00
                                     06           04           2C           4F
                                     60           63           63           FF
                                     FF           FF           FF           FF
                                     FF           FF           FF
      2026-01-03 20:13:54  1         5C           01           09           03
                                     2B           49           3A           80
                                     01           00           FF           F7
                                     F7           8E           3E           09
                                     00           00           00           00
                                     92           04           86           36
                                     74           CC           8F           55
                                     0F           03           EB
      2026-01-03 20:15:19  1         62           03           53           7B
                                     09           47           0C           45
                                     87           44           26           CA
                                     08           F5           88           14
                                     4A           33           09           38
                                     88           0A           46           51
                                     09           77           87           FD
                                     42           67           09
      2026-01-03 20:16:03  1         C6           04           C4           87
                                     EE           3E           82           0A
                                     01           87           DD           3A
                                     88           0A           57           87
                                     C5           36           AE           0A
                                     9E           87           BD           34
                                     BA           0A           90           87
                                     AA           32           BE
      2026-01-03 20:17:31  1         99           06           FF           0C
                                     10           87           39           27
                                     15           0C           B0           87
                                     29           25           22           0C
                                     87           87           0D           23
                                     2C           0B           AE           86
                                     C3           21           34           0C
                                     81           86           B4
      2026-01-03 20:18:15  1         79           07           1F           43
                                     0B           A8           86           6B
                                     1D           50           0C           59
                                     86           57           1B           56
                                     0D           22           86           44
                                     19           63           0D           51
                                     86           20           17           71
                                     0D           E9           86
      2026-01-03 20:18:59  1         E7           08           09           15
                                     81           0E           45           85
                                     EA           13           8E           0F
                                     6A           85           EC           11
                                     96           12           38           86
                                     1F           0F           A0           11
                                     A3           85           DE           0E
                                     11           13           23
02602 152392  19 31 3 3 2026-01-03 20:32:55 -44.960   56.270  0.000 401649871
      2026-01-03 20:26:19  1         62           03           53           7B
                                     09           47           0C           45
                                     87           44           26           CA
                                     08           F5           88           14
                                     4A           33           09           38
                                     88           0A           46           51
                                     09           77           87           FD
                                     42           67           09
      2026-01-03 20:29:15  1         79           07           1F           43
                                     0B           A8           86           6B
                                     1D           50           0C           59
                                     86           57           1B           56
                                     0D           22           86           44
                                     19           63           0D           51
                                     86           20           17           71
                                     0D           E9           86
      2026-01-03 20:29:59  1         E7           08           09           15
                                     81           0E           45           85
                                     EA           13           8E           0F
                                     6A           85           EC           11
                                     96           12           38           86
                                     1F           0F           A0           11
                                     A3           85           DE           0E
                                     11           13           23
      2026-01-03 20:30:43  1         F9           09           85           F9
                                     0C           E8           13           75
                                     85           E2           0B           B9
                                     14           31           85           E8
                                     0A           F4           15           02
                                     85           E9           0A           2B
                                     16           2B           85           F3
                                     09           61           19
      2026-01-03 20:31:27  1         99           0A           EA           86
                                     56           08           99           1C
                                     0E           86           A9           07
                                     D2           1B           95           86
                                     6E           07           6D           18
                                     EE           85           E5           07
                                     09           18           0F           85
                                     9A           06           A4
      2026-01-03 20:32:11  1         97           0B           18           87
                                     85           83           06           3F
                                     17           C3           85           44
                                     05           E0           18           35
                                     85           2F           05           78
                                     18           E7           85           23
                                     05           03           19           D3
                                     85           2E           04
      2026-01-03 20:32:55  1         0B           0C           B0           19
                                     BA           85           04           04
                                     4D           1B           FB           85
                                     07           03           ED           1B
                                     4C           84           B0           03
                                     87           1E           E0           84
                                     D3           03           26           1E
                                     92           84           84
      2026-01-03 20:33:39  1         72           0D           02           C2
                                     20           63           84           6F
                                     02           48           22           4E
                                     84           42           01           F8
                                     22           70           84           43
                                     01           C2           22           70
                                     84           44           01           8D
                                     22           70           84
      2026-01-03 20:34:23  1         0E           0E           44           01
                                     5F           22           6F           84
                                     44           01           29           22
                                     6E           84           44           00
                                     FB           22           6D           84
                                     44           00           C4           22
                                     6D           84           44           00
                                     95           22           6E
      2026-01-03 20:35:07  1         50           0F           84           44
                                     00           68           22           6F
                                     84           44           00           2B
                                     00           06           00           00
                                     06           04           2C           4F
                                     60           63           63           FF
                                     FF           FF           FF           FF
                                     FF           FF           FF
      2026-01-03 20:35:54  1         6C           01           0B           03
                                     2B           49           3A           80
                                     01           00           FF           F7
                                     F7           8E           3E           09
                                     00           00           00           00
                                     92           04           86           36
                                     74           CC           8F           55
                                     0F           03           EB
      2026-01-03 20:36:35  1         57           02           4A           13
                                     59           69           01           62
                                     04           00           D8           0B
                                     5A           27           03           00
                                     93           00           3E           0A
                                     BC           27           22           0C
                                     64           26           D6           26
                                     72           27           97
      2026-01-03 20:37:19  1         63           03           53           7C
                                     09           47           0C           45
                                     87           44           26           CA
                                     08           F5           88           14
                                     4A           33           09           38
                                     88           0A           46           51
                                     09           77           87           FD
                                     42           67           09
      2026-01-03 20:38:03  2         C6           04           C4           87
                                     EE           3E           82           0A
                                     01           87           DD           3A
                                     88           0A           57           87
                                     C5           36           AE           0A
                                     9E           87           BD           34
                                     BA           0A           90           87
                                     AA           32           BE
      2026-01-03 20:38:47  2         4B           05           0A           D4
                                     87           9F           30           D0
                                     0A           B8           87           7F
                                     2E           E1           0A           9C
                                     87           60           2C           ED
                                     0A           FE           87           4B
                                     2A           F7           0B           CE
                                     87           4F           28
      2026-01-03 20:39:31  2         99           06           FF           0C
                                     10           87           39           27
                                     15           0C           B0           87
                                     29           25           22           0C
                                     87           87           0D           23
                                     2C           0B           AE           86
                                     C3           21           34           0C
                                     81           86           B4
02602 152392  17 31 3 3 2026-01-03 22:10:27 -44.953   56.297  0.000 401649872
      2026-01-03 22:05:19  1         62           03           53           7B
                                     09           47           0C           45
                                     87           44           26           CA
                                     08           F5           88           14
                                     4A           33           09           38
                                     88           0A           46           51
                                     09           77           87           FD
                                     42           67           09
      2026-01-03 22:06:03  1         C6           04           E4           C7
                                     EE           3E           82           0A
                                     01           87           DD           3A
                                     88           0A           57           87
                                     C5           36           AE           0A
                                     9E           87           BD           34
                                     BA           0A           90           87
                                     AA           32           BE
      2026-01-03 22:06:47  1         4B           05           0A           D4
                                     87           9F           30           D0
                                     0A           B8           87           7F
                                     2E           E1           0A           9C
                                     87           60           2C           ED
                                     0A           FE           87           4B
                                     2A           F7           0B           CE
                                     87           4F           28
      2026-01-03 22:07:31  1         99           06           FF           0C
                                     10           87           39           27
                                     15           0C           B0           87
                                     29           25           22           0C
                                     87           87           0D           23
                                     2C           0B           AE           86
                                     C3           21           34           0C
                                     81           86           B4
      2026-01-03 22:08:15  1         79           07           1F           43
                                     0B           A8           86           6B
                                     1D           50           0C           59
                                     86           57           1B           56
                                     0D           22           86           44
                                     19           63           0D           51
                                     86           20           17           71
                                     0D           E9           86
      2026-01-03 22:08:59  1         E7           08           09           15
                                     81           0E           45           85
                                     EA           13           8E           0F
                                     6A           85           EC           11
                                     96           12           38           86
                                     1F           0F           A0           11
                                     A3           85           DE           0E
                                     11           13           23
      2026-01-03 22:09:43  1         F9           09           85           F9
                                     0C           E8           13           75
                                     85           E2           0B           B9
                                     14           31           85           E8
                                     0A           F4           15           02
                                     85           E9           0A           2B
                                     16           2B           85           F3
                                     09           61           19
      2026-01-03 22:10:27  1         99           0A           EA           86
                                     56           08           99           1C
                                     0E           86           A9           07
                                     D2           1B           95           86
                                     6E           07           6D           18
                                     EE           85           E5           07
                                     09           18           0F           85
                                     9A           06           A4
      2026-01-03 22:11:11  1         97           0B           18           87
                                     85           83           06           3F
                                     17           C3           85           44
                                     05           E0           18           35
                                     85           2F           05           78
                                     18           E7           85           23
                                     05           03           19           D3
                                     85           2E           04
      2026-01-03 22:11:55  1         0B           0C           B0           19
                                     BA           85           04           04
                                     4D           1B           FB           85
                                     07           03           ED           1B
                                     4C           84           B0           03
                                     87           1E           E0           84
                                     D3           03           26           1E
                                     92           84           84
      2026-01-03 22:12:39  1         72           0D           02           C2
                                     20           63           84           6F
                                     02           48           22           4E
                                     84           42           01           F8
                                     22           70           84           43
                                     01           C2           22           70
                                     84           44           01           8D
                                     22           70           84
      2026-01-03 22:13:23  1         0E           0E           44           01
                                     5F           22           6F           84
                                     44           01           29           22
                                     6E           84           44           00
                                     FB           22           6D           84
                                     44           00           C4           22
                                     6D           84           44           00
                                     95           22           6E
      2026-01-03 22:14:07  1         50           0F           84           44
                                     00           68           22           6F
                                     84           44           00           2B
                                     00           06           00           00
                                     06           04           2C           4F
                                     60           63           63           FF
                                     FF           FF           FF           FF
                                     FF           FF           FF
      2026-01-03 22:14:54  1         1F           01           14           03
                                     2B           49           3A           80
                                     01           00           FF           F7
                                     F8           8E           3E           09
                                     00           00           00           00
                                     92           04           86           36
                                     74           CC           8F           55
                                     0F           03           EB
      2026-01-03 22:15:35  2         57           02           4A           13
                                     59           69           01           62
                                     04           00           D8           0B
                                     5A           27           03           00
                                     93           00           3E           0A
                                     BC           27           22           0C
                                     64           26           D6           26
                                     72           27           97
      2026-01-03 22:16:19  1         62           03           53           7B
                                     09           47           08           45
                                     87           44           26           CA
                                     08           F5           88           14
                                     4A           33           09           38
                                     88           0A           46           51
                                     09           77           87           FD
                                     42           67           09
02602 152392  18 31 R 3 2026-01-04 01:31:01 -44.939   56.321  0.000 401649871
      2026-01-04 01:31:23  1         0E           0E           44           01
                                     5F           22           6F           84
                                     44           01           29           22
                                     6E           84           44           00
                                     FB           22           6D           84
                                     44           00           C4           22
                                     6D           84           44           00
                                     95           22           6E
      2026-01-04 01:32:07  1         50           0F           84           44
                                     00           68           22           6F
                                     84           44           00           2B
                                     00           06           00           00
                                     06           04           2C           4F
                                     60           63           63           FF
                                     FF           FF           FF           FF
                                     FF           FF           FF
      2026-01-04 01:32:54  1         F7           01           26           03
                                     2B           49           3A           80
                                     01           00           FF           F2
                                     F2           9E           3E           49
                                     20           01           80           00
                                     92           04           86           26
                                     74           CC           8F           55
                                     0F           03           EB
      2026-01-04 01:33:35  1         57           02           4A           13
                                     59           69           01           62
                                     04           00           D8           0B
                                     5A           26           03           0E
                                     2E           00           3E           0A
                                     BC           27           22           0C
                                     64           26           D6           26
                                     72           27           97
      2026-01-04 01:34:19  1         62           03           53           7B
                                     09           47           0C           45
                                     87           44           26           CA
                                     08           F5           88           14
                                     4A           33           09           38
                                     88           0A           46           51
                                     09           77           87           FD
                                     42           67           09
      2026-01-04 01:35:03  1         C6           04           C4           87
                                     EE           3E           82           0A
                                     01           87           DD           3A
                                     88           0A           57           87
                                     C5           36           AE           0A
                                     9E           87           BD           34
                                     BA           0A           90           87
                                     AA           32           BE
      2026-01-04 01:35:47  1         4B           05           0A           D4
                                     87           9F           30           D0
                                     0A           B8           87           7F
                                     2E           A3           0E           9C
                                     87           60           2C           ED
                                     0A           FE           87           4B
                                     2A           F7           0B           CE
                                     87           4F           28
      2026-01-04 01:36:31  1         99           06           FF           0C
                                     10           87           39           27
                                     15           0C           B0           87
                                     29           25           22           0C
                                     87           87           0D           23
                                     2C           0B           AE           86
                                     C3           21           34           0C
                                     81           86           B4
      2026-01-04 01:37:15  1         79           07           1F           43
                                     0B           A8           86           6A
                                     1D           58           0C           59
                                     86           57           1B           56
                                     0D           22           86           44
                                     19           63           0D           51
                                     86           20           17           71
                                     0D           E9           86
      2026-01-04 01:37:59  1         E7           08           09           15
                                     81           0E           45           85
                                     EA           13           8E           0F
                                     6A           85           EC           11
                                     96           12           38           86
                                     1F           0F           A0           11
                                     A3           85           DE           0E
                                     11           13           23
      2026-01-04 01:38:43  1         F9           09           85           F9
                                     0C           E8           13           75
                                     85           E2           0B           B9
                                     14           31           85           E8
                                     0A           F4           15           02
                                     85           E9           0A           2B
                                     16           2B           85           F3
                                     09           61           19
      2026-01-04 01:39:27  1         99           0A           EA           86
                                     56           08           99           1C
                                     0E           86           A9           07
                                     D2           1B           95           86
                                     6E           07           6D           18
                                     EE           85           E5           07
                                     09           18           0F           85
                                     98           14           A4
      2026-01-04 01:40:11  2         97           0B           18           87
                                     85           83           06           3F
                                     17           C3           85           44
                                     05           E0           18           35
                                     85           2F           05           78
                                     18           E7           85           23
                                     05           03           19           D3
                                     85           2E           04
      2026-01-04 01:40:55  2         0B           0C           B0           19
                                     BA           85           04           04
                                     4D           1B           FB           85
                                     07           03           ED           1B
                                     4C           84           B0           03
                                     87           1E           E0           84
                                     D3           03           26           1E
                                     92           84           84
      2026-01-04 01:41:39  2         72           0D           02           C2
                                     20           63           84           6F
                                     02           48           22           4E
                                     84           42           01           F8
                                     22           70           84           43
                                     01           C2           22           70
                                     84           44           01           8D
                                     22           70           84
02602 152392  11 31 C 1 2026-01-04 02:40:19 -44.937   56.330  0.000 401649872
      2026-01-04 02:36:39  1         72           0D           02           C2
                                     20           63           84           6F
                                     02           48           22           4E
                                     84           42           01           F8
                                     22           70           84           43
                                     01           C2           22           70
                                     84           44           01           8D
                                     22           70           84
      2026-01-04 02:37:23  1         0E           0E           44           01
                                     5F           22           6F           84
                                     44           01           29           22
                                     6E           84           44           00
                                     FB           22           6D           84
                                     44           00           C4           22
                                     6D           84           44           00
                                     95           22           6E
      2026-01-04 02:38:07  1         50           0F           84           44
                                     00           68           22           6F
                                     84           44           00           2B
                                     00           06           00           00
                                     06           04           2C           4F
                                     60           63           63           FF
                                     FF           FF           FF           FF
                                     FF           FF           FF
      2026-01-04 02:38:54  1         AF           01           2C           03
                                     2B           49           3A           80
                                     01           00           FF           F7
                                     F7           8E           3E           09
                                     00           00           00           00
                                     92           04           86           36
                                     74           CC           8F           55
                                     0F           03           EB
      2026-01-04 02:39:35  1         57           02           4A           13
                                     59           69           01           62
                                     04           00           D8           0B
                                     5A           27           03           00
                                     93           00           3E           0A
                                     BC           27           22           0C
                                     64           26           D6           26
                                     72           27           97
      2026-01-04 02:40:19  1         F3           03           53           7A
                                     09           47           0C           45
                                     87           44           26           CA
                                     08           F5           88           14
                                     4A           33           09           38
                                     88           0A           46           51
                                     09           77           87           FD
                                     42           67           09
      2026-01-04 02:41:03  1         C6           04           C4           87
                                     EE           3E           82           0A
                                     01           87           DD           3A
                                     88           0A           57           87
                                     C5           36           AE           0A
                                     9E           87           BD           34
                                     BA           0A           90           87
                                     AA           32           BE
      2026-01-04 02:41:47  1         4B           05           0A           D4
                                     87           9F           30           D0
                                     0A           B0           0F           77
                                     4C           3F           F0           9A
                                     6A           1B           89           1B
                                     D6           FC           F4           B7
                                     F1           A4           A8           41
                                     7F           87           9D
      2026-01-04 02:42:31  1         99           06           FF           0C
                                     10           87           39           27
                                     15           0C           B0           87
                                     29           25           22           0C
                                     87           87           0D           23
                                     2C           0B           AE           86
                                     C3           21           34           0C
                                     81           86           B4
      2026-01-04 02:43:15  1         79           07           1F           43
                                     0B           A8           86           6B
                                     1D           50           0C           59
                                     86           57           1B           56
                                     0D           22           86           44
                                     19           63           0D           51
                                     86           20           17           71
                                     0D           E9           86
      2026-01-04 02:43:59  1         E7           08           09           15
                                     01           0E           45           85
                                     EA           13           8E           0F
                                     6A           85           EC           11
                                     96           12           38           86
                                     1F           0F           A0           11
                                     A3           84           DE           0E
                                     11           13           23
02602 152397  17 31 3 3 2025-12-31 07:14:23  10.111   68.265  0.000 401649769
      2025-12-31 07:09:20  1         5A           05           17           57
                                     8E           4D           32           C9
                                     18           69           8E           5B
                                     30           DA           1A           36
                                     8E           79           2E           E0
                                     1C           07           8E           9D
                                     2C           EC           1D           90
                                     8E           B9           2A
      2025-12-31 07:10:02  1         D9           06           FD           1F
                                     4E           8E           DF           29
                                     06           20           A6           8E
                                     EA           27           12           25
                                     6E           8E           C9           25
                                     1B           22           F7           8F
                                     00           23           26           23
                                     50           8E           E3
      2025-12-31 07:10:44  1         29           07           21           3A
                                     24           16           8E           DA
                                     1F           45           25           2A
                                     8E           F8           4C           0B
                                     0C           54           8E           F5
                                     1B           43           28           C2
                                     8F           02           19           66
                                     29           EA           8E
      2025-12-31 07:11:26  1         08           08           F5           17
                                     70           2A           3E           8E
                                     C0           15           7D           2B
                                     BF           8E           C9           13
                                     8A           2C           F3           8E
                                     DE           11           98           2D
                                     89           8E           B2           0F
                                     A6           30           24
      2025-12-31 07:12:08  1         85           09           8E           FA
                                     0E           17           31           42
                                     8E           E3           0C           E8
                                     32           4B           8E           BC
                                     0B           BA           33           1A
                                     8E           8F           0A           F5
                                     34           F5           8E           96
                                     0A           2A           36
      2025-12-31 07:12:50  1         E6           0A           47           8E
                                     7A           09           5A           39
                                     89           8E           C1           08
                                     94           3C           55           8E
                                     C2           07           D6           3E
                                     5D           8E           E2           07
                                     6F           3F           E4           8E
                                     AA           07           0D
      2025-12-31 07:13:32  1         73           0B           41           38
                                     8E           AB           06           A6
                                     43           D4           8E           C7
                                     06           3B           46           F9
                                     8E           C7           05           D9
                                     4B           95           8F           1D
                                     05           78           52           0C
                                     8F           9D           05
      2025-12-31 07:14:14  1         4B           0C           1B           55
                                     EB           8F           C5           04
                                     B3           5B           57           90
                                     1E           04           50           63
                                     07           90           CE           03
                                     E8           67           47           91
                                     47           03           75           6C
                                     75           92           17
      2025-12-31 07:14:56  1         3F           0D           03           25
                                     6F           19           91           63
                                     02           AE           6F           31
                                     91           11           02           5E
                                     6F           2D           91           05
                                     01           F0           6F           2C
                                     91           01           01           C1
                                     6F           2C           91
      2025-12-31 07:15:38  1         A4           0E           00           01
                                     90           6F           2F           90
                                     FE           01           61           6F
                                     30           90           FD           01
                                     29           6F           2F           90
                                     C7           00           FB           6F
                                     2F           90           C3           00
                                     CD           6F           32
      2025-12-31 07:16:20  1         A2           0F           90           BE
                                     00           95           6F           35
                                     90           B8           00           66
                                     6F           48           90           AE
                                     00           2D           00           05
                                     FF           D9           06           08
                                     2A           4B           5D           62
                                     62           FF           FF
      2025-12-31 07:17:05  1         55           01           04           29
                                     D4           42           40           EF
                                     FE           FF           FF           F9
                                     F8           7F           63           C1
                                     FF           FF           FF           FF
                                     ED           F1           7F           C3
                                     55           D6           8F           40
                                     0C           03           21
      2025-12-31 07:18:26  1         E1           03           51           79
                                     0C           37           1F           B9
                                     8E           D3           27           0C
                                     0B           9C           8D           E0
                                     4E           2A           0C           B8
                                     8D           E2           4A           34
                                     0E           15           8D           EC
                                     46           50           0F
      2025-12-31 07:19:08  2         5B           04           5F           8D
                                     F9           42           6E           11
                                     66           8E           0C           3E
                                     82           13           0B           8E
                                     1B           3A           9C           15
                                     1B           8E           2C           36
                                     AE           16           35           8E
                                     39           34           BB
      2025-12-31 07:19:50  1         5A           05           17           57
                                     8E           4D           32           C9
                                     18           69           8E           5B
                                     30           DA           1A           26
                                     8E           79           2E           E0
                                     1C           07           8E           9D
                                     2C           EC           1D           90
                                     8E           B9           2A
      2025-12-31 07:20:32  1         D9           06           FD           1F
                                     4E           8E           DF           29
                                     06           20           A6           8E
                                     EA           27           12           21
                                     6E           8E           D9           25
                                     1B           22           F7           8F
                                     00           23           27           23
                                     50           8E           E6
02602 152397   9 31 3 2 2025-12-31 08:53:19  10.109   68.273  0.000 401649762
      2025-12-31 08:49:26  1         3F           0D           03           25
                                     6F           19           91           63
                                     02           AE           6F           31
                                     91           11           02           5E
                                     6F           2D           91           05
                                     01           F0           6F           2C
                                     91           01           03           C1
                                     6F           2C           91
      2025-12-31 08:50:08  1         A4           0E           00           01
                                     90           6F           2F           90
                                     FE           01           61           6F
                                     30           90           FD           01
                                     29           6F           2F           90
                                     C7           00           FB           6F
                                     2F           90           C3           00
                                     CD           6F           32
      2025-12-31 08:51:35  1         A7           01           0D           03
                                     2C           67           3B           80
                                     01           00           00           03
                                     02           C0           4D           1F
                                     00           00           00           00
                                     92           06           80           3C
                                     55           D6           8F           40
                                     0C           03           21
      2025-12-31 08:52:14  1         50           02           07           7A
                                     54           69           01           50
                                     01           00           D8           1F
                                     EA           27           2C           00
                                     33           00           26           1F
                                     47           27           42           20
                                     DF           26           40           26
                                     40           27           7E
      2025-12-31 08:52:56  1         B1           03           51           7A
                                     0C           37           1F           B9
                                     8E           D3           27           0C
                                     0B           9C           8D           E0
                                     4E           2A           0C           B8
                                     8D           E2           4A           34
                                     0E           15           8D           EC
                                     46           50           0F
      2025-12-31 08:54:20  1         5A           05           17           57
                                     8E           4D           32           C9
                                     18           69           8E           5B
                                     30           DA           1A           26
                                     8E           79           2E           E0
                                     1C           07           8E           9D
                                     2C           EC           1D           90
                                     8E           B9           2A
      2025-12-31 08:55:44  1         29           07           21           3A
                                     24           16           8E           DA
                                     1F           47           25           2A
                                     8E           D5           1D           53
                                     27           54           8E           F5
                                     1B           43           28           C2
                                     8F           02           19           66
                                     29           EA           8E
      2025-12-31 08:56:26  1         08           08           F5           17
                                     70           2A           3E           8E
                                     C0           15           7D           2B
                                     BF           8E           C9           13
                                     8A           2C           F3           8E
                                     DE           11           98           2D
                                     89           8E           B2           0F
                                     A6           30           24
      2025-12-31 08:57:08  1         85           09           8E           FA
                                     0E           17           31           42
                                     8E           E3           0C           E8
                                     32           4B           8E           BC
                                     0B           BA           33           1A
                                     8E           8F           0A           F5
                                     34           F5           8E           96
                                     0A           2A           36
02602 152397  19 31 R 3 2025-12-31 13:04:22  10.106   68.280  0.000 401649757
      2025-12-31 13:02:08  1         A4           0E           00           01
                                     92           6F           2B           86
                                     13           87           0C           01
                                     31           84           FD           03
                                     29           6F           2F           90
                                     C6           00           FB           4F
                                     2F           90           C3           00
                                     CD           6F           32
      2025-12-31 13:03:35  1         5C           01           25           03
                                     2C           67           3B           80
                                     01           00           00           03
                                     22           40           D1           96
                                     A1           00           09           17
                                     6D           7E           80           3C
                                     55           D6           8F           40
                                     0C           03           21
      2025-12-31 13:04:14  1         50           02           07           7A
                                     54           69           01           50
                                     01           00           D8           1F
                                     EA           27           2C           00
                                     33           00           26           1F
                                     47           27           42           20
                                     DF           26           40           26
                                     40           27           7E
      2025-12-31 13:04:56  1         B1           03           51           7A
                                     0C           37           1F           B9
                                     8E           D3           27           0C
                                     0B           9C           8D           E0
                                     4E           2A           0C           B8
                                     8D           E2           4A           34
                                     0E           15           8D           EC
                                     46           50           0F
      2025-12-31 13:05:38  1         5B           04           5F           8D
                                     F9           42           6E           11
                                     66           8E           0C           3E
                                     82           13           0B           8E
                                     1B           3A           9C           15
                                     1B           8E           2C           36
                                     AE           16           35           8E
                                     39           34           BB
      2025-12-31 13:06:20  1         5A           05           17           57
                                     8E           4D           32           C9
                                     18           69           8E           5B
                                     30           DA           1A           26
                                     8E           79           2E           E0
                                     1C           07           8E           9D
                                     2C           EC           1D           90
                                     8E           B9           2A
      2025-12-31 13:07:02  1         D9           06           FD           1F
                                     4E           8E           DF           29
                                     06           20           A6           8E
                                     EA           27           12           21
                                     6E           8E           D9           25
                                     1B           22           F7           8F
                                     00           23           27           23
                                     50           8E           E6
      2025-12-31 13:07:44  1         29           07           21           3A
                                     24           16           8E           DA
                                     1F           47           25           2A
                                     8E           D5           1D           53
                                     27           54           8E           F5
                                     1B           43           28           C2
                                     8F           02           19           66
                                     29           EA           8E
      2025-12-31 13:08:26  1         08           08           F5           17
                                     70           2A           3E           8E
                                     C0           15           7D           2B
                                     BF           8E           C9           13
                                     8A           2C           F3           8E
                                     DE           11           98           2D
                                     89           8E           B2           0F
                                     A6           30           24
      2025-12-31 13:09:08  1         85           09           8E           FA
                                     0E           17           31           42
                                     8E           E3           0C           E8
                                     32           4B           8E           BC
                                     0B           BA           33           1A
                                     8E           8F           0A           F5
                                     34           F5           8E           96
                                     0A           2A           36
      2025-12-31 13:09:50  1         E6           0A           47           8E
                                     7A           09           5A           39
                                     89           8E           C1           08
                                     94           3C           55           8E
                                     C2           07           D6           3E
                                     5D           8E           E2           07
                                     6F           3F           E4           8E
                                     AA           07           0D
      2025-12-31 13:10:32  1         73           0B           41           38
                                     8E           AB           06           A6
                                     43           D4           8E           C7
                                     06           3B           46           F9
                                     8E           C7           05           D9
                                     4B           95           8F           1D
                                     05           78           52           0C
                                     8F           9D           05
      2025-12-31 13:11:14  2         4B           0C           1B           55
                                     EB           8F           C5           04
                                     B3           5B           57           90
                                     1E           04           50           63
                                     07           90           CE           03
                                     E8           67           47           91
                                     47           03           75           6C
                                     75           92           17
      2025-12-31 13:11:56  2         3F           0D           03           25
                                     6F           19           91           63
                                     02           AE           6F           31
                                     91           11           02           5E
                                     6F           2D           91           05
                                     01           F0           6F           2C
                                     91           01           01           C1
                                     6F           2C           91
      2025-12-31 13:12:38  1         A4           0E           00           01
                                     90           6F           2F           90
                                     FE           01           61           6F
                                     30           90           FD           01
                                     29           6F           2F           90
                                     C7           00           FB           6F
                                     2F           90           C3           00
                                     CD           6F           32
      2025-12-31 13:13:20  1         A2           0F           90           BE
                                     00           95           6F           35
                                     90           B8           00           66
                                     6F           48           90           AE
                                     00           2D           00           05
                                     FF           D9           06           08
                                     2A           4B           5D           62
                                     62           FF           FF
      2025-12-31 13:14:05  1         F4           01           66           03
                                     2C           67           39           80
                                     01           00           00           03
                                     02           C0           4D           1F
                                     00           00           00           00
                                     92           46           80           3C
                                     51           DE           CF           40
                                     0E           03           21
02602 152397  12 31 R 2 2025-12-31 14:50:16  10.114   68.284  0.000 401649759
      2025-12-31 14:42:14  1         29           07           21           3A
                                     24           16           8E           DA
                                     1F           47           25           2A
                                     8E           D5           1D           53
                                     27           54           8E           F5
                                     1B           43           28           C2
                                     8F           02           19           66
                                     29           EA           8E
      2025-12-31 14:42:56  1         08           08           F5           17
                                     70           2A           3E           8E
                                     C0           15           7D           2B
                                     BF           8E           C9           13
                                     8A           2C           F3           8E
                                     DE           11           98           2D
                                     89           8E           B2           0F
                                     A6           30           24
      2025-12-31 14:43:38  1         85           09           8E           FA
                                     0E           17           31           42
                                     8E           E3           0C           E8
                                     32           4B           8E           BC
                                     0B           BA           33           1A
                                     8E           8F           0A           F5
                                     34           F5           8E           96
                                     0A           2A           36
      2025-12-31 14:44:20  1         E6           0A           47           8E
                                     7A           09           5A           39
                                     89           8E           C1           08
                                     94           3C           55           8E
                                     C2           07           D6           3E
                                     5D           8E           E2           07
                                     6F           3F           E4           8E
                                     AA           07           0D
      2025-12-31 14:45:02  1         73           0B           41           38
                                     8E           AB           06           A6
                                     43           D4           8E           C7
                                     06           3B           46           F9
                                     8E           C7           05           D9
                                     4B           95           8F           1D
                                     05           78           52           0C
                                     8F           9D           05
      2025-12-31 14:45:44  1         4B           0C           1B           55
                                     EB           8F           C5           04
                                     B3           5B           57           90
                                     1E           04           50           63
                                     07           90           CE           03
                                     E8           67           47           91
                                     47           03           75           6C
                                     75           92           17
      2025-12-31 14:46:26  1         3F           0D           03           25
                                     6F           19           91           63
                                     02           AE           6F           31
                                     91           11           02           5E
                                     6F           2D           91           05
                                     01           F0           6F           2C
                                     91           01           01           C1
                                     6F           2C           91
      2025-12-31 14:47:08  1         A4           0E           00           01
                                     90           6F           2F           90
                                     FE           01           61           6F
                                     30           90           FD           01
                                     29           6F           2F           90
                                     C7           00           FB           6F
                                     2F           90           C3           00
                                     CD           6F           32
      2025-12-31 14:48:35  1         04           01           2F           03
                                     2C           67           3B           80
                                     01           00           00           03
                                     02           C0           4D           1F
                                     00           00           00           00
                                     92           06           80           3C
                                     55           D6           8F           40
                                     0C           03           21
      2025-12-31 14:49:14  1         50           02           07           7A
                                     54           69           01           50
                                     01           00           D8           1F
                                     EA           27           2C           00
                                     33           00           26           1F
                                     47           27           42           20
                                     DF           26           40           26
                                     40           27           7E
      2025-12-31 14:49:56  1         B1           03           51           7A
                                     0C           37           1F           B9
                                     8E           D3           27           0C
                                     0B           9C           8D           E0
                                     4E           2A           0C           B8
                                     8D           E2           4A           34
                                     0E           15           8D           EC
                                     46           50           0F
      2025-12-31 14:50:38  1         5B           04           5F           8D
                                     F9           42           6E           11
                                     66           8E           0C           3E
                                     82           13           0B           8E
                                     1B           3A           9C           15
                                     1B           8E           2C           36
                                     AE           16           35           8E
                                     39           34           BB
02602 152399  10 31 R 1 2026-01-04 12:36:48  23.343   60.883  0.000 401649733
      2026-01-04 12:33:21  1         FA           04           28           00
                                     00           3E           84           17
                                     2E           00           00           3A
                                     9C           1A           05           00
                                     00           36           B3           1B
                                     07           00           00           34
                                     BF           1C           58           00
                                     00           32           CD
      2026-01-04 12:34:07  1         8F           05           1D           B4
                                     00           00           30           D7
                                     1F           0E           00           00
                                     2E           DE           20           6F
                                     00           00           2C           EF
                                     21           9C           00           00
                                     2A           FC           23           7A
                                     00           00           29
      2026-01-04 12:34:53  1         0E           06           01           24
                                     EA           00           00           27
                                     0B           26           3F           00
                                     00           25           19           27
                                     B4           00           00           23
                                     2C           29           0D           00
                                     00           21           36           2A
                                     C5           00           00
      2026-01-04 12:35:39  1         47           07           1F           3D
                                     2C           E5           00           00
                                     1D           4A           2E           A7
                                     00           00           1B           5C
                                     30           B1           00           00
                                     19           6A           32           A5
                                     00           00           17           72
                                     34           A9           00
      2026-01-04 12:36:25  1         28           08           00           15
                                     7B           36           8A           00
                                     00           13           83           38
                                     5C           00           00           11
                                     99           3B           39           00
                                     00           0F           9B           3E
                                     CD           00           00           0E
                                     14           41           A8
      2026-01-04 12:37:11  1         E5           09           00           00
                                     0C           E4           43           D6
                                     00           00           0B           BC
                                     45           A9           00           00
                                     0A           F3           48           57
                                     00           00           0A           1F
                                     48           5A           00           00
                                     09           5C           48
      2026-01-04 12:37:57  1         29           0A           BD           00
                                     00           08           9A           49
                                     D9           00           00           07
                                     D5           4A           AA           00
                                     00           07           6F           4B
                                     FD           00           00           07
                                     08           4C           CD           00
                                     00           06           A5
      2026-01-04 12:38:43  1         B4           0B           50           80
                                     00           00           06           38
                                     53           F5           00           00
                                     05           E1           54           31
                                     00           00           05           7D
                                     56           4E           00           00
                                     05           13           57           24
                                     00           00           04
      2026-01-04 12:39:29  1         BD           0C           B2           58
                                     D5           00           00           04
                                     4E           58           FB           00
                                     00           03           E8           59
                                     E9           00           00           03
                                     8B           5B           36           00
                                     00           03           25           5B
                                     CE           00           00
      2026-01-04 12:40:15  1         81           0D           02           BF
                                     60           D3           00           00
                                     02           57           61           02
                                     00           00           01           F7
                                     61           01           00           00
                                     01           C0           61           28
                                     00           00           01           91
                                     61           55           00
02602 152399  11 31 R 3 2026-01-04 14:15:45  23.356   60.894  0.000 401649729
      2026-01-04 14:13:01  1         76           0E           00           01
                                     64           61           86           00
                                     00           01           2F           61
                                     8E           00           00           00
                                     FD           61           90           00
                                     00           00           C9           61
                                     96           00           00           00
                                     96           61           A2
      2026-01-04 14:13:47  1         13           0F           00           00
                                     00           64           61           D3
                                     00           00           00           2B
                                     00           07           00           00
                                     06           07           2A           4A
                                     5C           63           64           FF
                                     FF           FF           FF           FF
                                     FF           FF           FF
      2026-01-04 14:14:36  1         A0           01           0B           03
                                     3B           68           3A           80
                                     01           00           FF           FE
                                     FE           99           41           14
                                     00           00           00           00
                                     93           04           82           39
                                     6A           D0           90           42
                                     0D           03           65
      2026-01-04 14:16:05  1         F8           03           52           7A
                                     0A           47           24           C2
                                     00           00           27           4C
                                     0E           20           00           00
                                     4A           31           0F           F9
                                     00           00           46           52
                                     11           C9           00           00
                                     42           68           14
      2026-01-04 14:16:51  1         FA           04           28           00
                                     00           3E           84           17
                                     2E           00           00           3A
                                     9C           1A           05           00
                                     00           36           B3           1B
                                     07           00           00           34
                                     BF           1C           58           00
                                     00           32           CD
      2026-01-04 14:17:37  1         8F           05           1D           B4
                                     00           00           30           D7
                                     1F           0E           00           00
                                     2E           DE           20           6F
                                     00           00           2C           EF
                                     21           9C           00           00
                                     2A           FC           23           7A
                                     00           00           29
      2026-01-04 14:18:23  1         0E           06           01           24
                                     EA           00           00           27
                                     0B           26           3F           00
                                     00           25           19           27
                                     B4           00           00           23
                                     2C           29           0D           00
                                     00           21           36           2A
                                     C5           00           00
      2026-01-04 14:19:55  1         28           08           00           15
                                     7B           36           8A           00
                                     00           13           83           38
                                     5C           00           00           11
                                     99           3B           39           00
                                     00           0F           9B           3E
                                     CD           00           00           0E
                                     14           41           A8
      2026-01-04 14:20:41  1         E5           09           00           00
                                     0C           E4           43           DE
                                     00           00           0B           BC
                                     45           A9           00           20
                                     0A           F3           48           57
                                     02           00           0A           5F
                                     48           58           1F           F7
                                     BE           D3           DD
      2026-01-04 14:21:27  1         29           0A           BD           00
                                     00           08           9A           49
                                     D9           00           00           07
                                     D5           4A           AA           00
                                     00           07           6F           4B
                                     FD           00           00           07
                                     08           4C           CD           00
                                     00           06           A5
      2026-01-04 14:22:13  1         B4           0B           50           80
                                     00           00           06           38
                                     53           F5           00           00
                                     05           E1           54           31
                                     00           00           05           7D
                                     56           4E           00           00
                                     05           13           57           24
                                     00           00           04
02602 152399  11 31 B 2 2026-01-04 16:10:36  23.349   60.889  0.000 401649730
      2026-01-04 16:05:43  1         B4           0B           50           80
                                     00           00           06           38
                                     53           F5           00           00
                                     05           E1           54           31
                                     00           00           05           7D
                                     56           4E           00           00
                                     05           13           57           24
                                     00           00           04
      2026-01-04 16:07:15  1         81           0D           02           BF
                                     60           D3           00           00
                                     02           57           61           02
                                     00           00           01           F7
                                     61           01           00           00
                                     01           C0           61           28
                                     00           00           01           91
                                     61           55           00
      2026-01-04 16:08:01  1         76           0E           00           01
                                     64           61           86           00
                                     00           01           2F           61
                                     8E           00           00           00
                                     FD           61           90           00
                                     00           00           C9           61
                                     96           00           00           00
                                     96           61           A2
      2026-01-04 16:08:47  1         13           0F           00           00
                                     00           64           61           D3
                                     00           00           00           2B
                                     00           07           00           00
                                     06           07           2A           4A
                                     5C           63           64           FF
                                     FF           FF           FF           FF
                                     FF           FF           DF
      2026-01-04 16:09:36  1         49           01           15           03
                                     3B           68           3A           80
                                     01           00           FF           FE
                                     FE           99           41           14
                                     00           00           00           00
                                     93           04           82           39
                                     6A           D0           90           42
                                     0D           03           65
      2026-01-04 16:10:19  1         55           02           44           0C
                                     5A           69           01           5B
                                     00           00           D8           24
                                     CD           27           60           00
                                     43           00           14           24
                                     24           27           6A           25
                                     91           26           F3           26
                                     F3           27           93
      2026-01-04 16:11:51  1         FA           04           28           00
                                     00           3E           84           17
                                     2E           00           00           3A
                                     9C           1A           05           00
                                     00           36           B3           1B
                                     07           00           00           34
                                     BF           1C           58           00
                                     00           32           CD
      2026-01-04 16:12:37  1         8F           05           1D           B4
                                     00           00           30           D7
                                     1F           0E           00           00
                                     2E           DE           20           6F
                                     00           00           2C           EF
                                     21           9C           00           00
                                     2A           FC           23           7A
                                     00           00           29
      2026-01-04 16:13:23  1         0E           06           01           24
                                     EA           00           00           27
                                     0B           26           3F           00
                                     00           25           19           27
                                     B4           00           00           23
                                     2C           29           0D           00
                                     00           21           36           2A
                                     C5           00           00
      2026-01-04 16:14:09  1         47           07           1F           3D
                                     2C           E5           00           00
                                     1D           4A           2E           A7
                                     00           00           1B           5C
                                     30           B1           00           00
                                     19           6A           32           A5
                                     00           00           17           72
                                     34           A9           00
      2026-01-04 16:14:55  1         28           08           00           15
                                     7B           36           8A           00
                                     00           13           83           38
                                     5C           00           00           11
                                     99           3B           39           00
                                     00           0F           9B           3E
                                     CD           00           00           0E
                                     14           41           A8
02602 152399  14 31 C 2 2026-01-04 16:49:48  23.348   60.889  0.000 401649729
      2026-01-04 16:44:49  1         55           02           44           0C
                                     5A           69           01           5B
                                     00           00           D8           24
                                     CD           27           60           00
                                     43           00           14           24
                                     24           27           6A           25
                                     91           26           F3           26
                                     F3           27           91
      2026-01-04 16:45:35  1         F8           03           52           7A
                                     0A           47           24           C2
                                     00           00           27           4C
                                     0E           20           00           00
                                     4A           31           0F           F9
                                     00           00           46           52
                                     11           C9           00           00
                                     42           68           14
      2026-01-04 16:46:21  1         FA           04           28           00
                                     00           3E           84           17
                                     2E           00           00           3A
                                     9C           1A           05           00
                                     00           36           B3           1B
                                     07           00           00           34
                                     BF           1C           58           00
                                     00           32           CD
      2026-01-04 16:47:07  1         8F           05           1D           B4
                                     00           00           30           D7
                                     1F           0E           00           00
                                     2E           DE           20           6F
                                     00           00           2C           EF
                                     21           9C           00           00
                                     2A           FC           23           7A
                                     00           00           29
      2026-01-04 16:47:53  1         0E           06           01           24
                                     EA           00           00           27
                                     0B           26           3F           00
                                     00           25           19           27
                                     B4           00           00           23
                                     2C           29           0D           00
                                     00           21           36           2A
                                     C5           00           00
      2026-01-04 16:48:39  1         47           07           1F           3D
                                     2C           E5           00           00
                                     1D           4A           2E           A7
                                     00           00           1B           5C
                                     30           B1           00           00
                                     19           6A           32           A5
                                     00           00           17           72
                                     34           A9           00
      2026-01-04 16:49:25  1         28           08           00           15
                                     7B           36           8A           00
                                     00           13           83           38
                                     5C           00           00           11
                                     99           3B           39           00
                                     00           0F           9B           3E
                                     CD           00           00           0E
                                     14           41           A8
      2026-01-04 16:50:11  1         E5           09           00           00
                                     0C           E4           43           D6
                                     00           00           0B           BC
                                     45           A9           00           00
                                     0A           F3           48           57
                                     00           00           0A           1F
                                     48           5A           00           00
                                     09           5C           48
      2026-01-04 16:50:57  1         29           0A           BD           00
                                     00           08           9A           49
                                     D9           00           00           07
                                     D5           4A           AA           00
                                     00           07           6F           4B
                                     FD           00           00           07
                                     08           4C           CD           00
                                     00           06           A5
      2026-01-04 16:51:43  1         B4           0B           50           80
                                     00           00           06           38
                                     53           F5           00           00
                                     05           E1           54           31
                                     00           00           05           7D
                                     56           4E           00           00
                                     05           13           57           24
                                     00           00           04
      2026-01-04 16:52:29  1         BD           0C           B2           58
                                     D5           00           00           04
                                     4E           58           FB           00
                                     00           03           E8           59
                                     E9           00           00           03
                                     8B           5B           36           00
                                     00           03           25           5B
                                     CE           00           00
      2026-01-04 16:53:15  1         81           0D           02           BF
                                     60           D3           00           00
                                     02           57           61           02
                                     00           00           01           F7
                                     61           01           00           00
                                     01           C0           61           28
                                     00           00           01           91
                                     61           55           00
      2026-01-04 16:54:01  1         76           0E           00           01
                                     64           61           86           00
                                     00           01           2F           61
                                     8E           00           00           00
                                     FD           61           90           00
                                     00           00           C9           61
                                     96           00           00           00
                                     96           61           A2
      2026-01-04 16:54:47  1         13           0F           00           00
                                     00           64           61           D3
                                     00           00           00           2B
                                     00           07           00           00
                                     06           07           2A           4A
                                     1C           63           64           FF
                                     FF           FF           FF           FF
                                     FF           FF           FF
02602 152399   3 31 B
      2026-01-04 17:46:55  1         28           08           00           15
                                     7B           36           8A           00
                                     00           13           83           38
                                     5C           00           00           11
                                     99           3B           39           00
                                     00           0F           9B           3E
                                     CD           00           00           0E
                                     14           41           A8
      2026-01-04 17:47:41  1         E5           09           00           00
                                     0C           E4           43           D6
                                     00           00           0B           BC
                                     45           A9           00           00
                                     0A           F3           48           57
                                     00           00           0A           1F
                                     48           5A           00           00
                                     09           5C           48
      2026-01-04 17:49:13  1         B4           0B           50           80
                                     00           00           06           38
                                     53           F5           00           00
                                     05           E1           54           31
                                     00           00           05           7D
                                     56           4E           00           60
                                     00           13           57           24
                                     00           00           04
02602 152399  11 31 3 2 2026-01-04 18:26:01  23.348   60.890  0.000 401649726
      2026-01-04 18:22:57  1         29           0A           BD           00
                                     00           08           9A           49
                                     D9           00           00           07
                                     D5           4A           AA           00
                                     00           07           6F           4B
                                     FD           00           09           0B
                                     4B           6D           E9           28
                                     6A           D2           5A
      2026-01-04 18:23:43  1         B4           0B           50           80
                                     00           00           06           38
                                     53           F5           00           00
                                     05           E1           54           31
                                     00           00           05           7D
                                     56           4E           00           00
                                     05           13           65           A4
                                     B4           B4           96
      2026-01-04 18:24:29  1         BD           0C           B2           58
                                     D5           00           00           04
                                     4E           58           FB           00
                                     00           03           E8           59
                                     E9           00           00           03
                                     8B           5B           36           00
                                     00           03           25           5B
                                     CE           00           00
      2026-01-04 18:25:15  1         81           0D           02           BF
                                     60           D3           00           00
                                     02           57           61           02
                                     00           00           01           F7
                                     61           01           00           00
                                     01           C0           61           28
                                     00           00           01           91
                                     61           55           00
      2026-01-04 18:26:01  1         76           0E           00           01
                                     64           61           86           00
                                     00           01           2F           61
                                     8E           00           00           00
                                     FD           61           90           00
                                     00           00           C9           61
                                     96           00           00           00
                                     96           61           A2
      2026-01-04 18:26:47  1         13           0F           00           00
                                     00           64           61           D3
                                     00           00           00           2B
                                     00           07           00           00
                                     06           07           2A           4A
                                     5C           63           64           FF
                                     FF           FF           FF           FF
                                     FF           FF           FF
      2026-01-04 18:27:36  1         6B           01           21           01
                                     3F           68           3A           80
                                     01           00           FF           FE
                                     FE           99           41           14
                                     00           00           00           00
                                     93           04           82           39
                                     6A           D0           90           42
                                     0D           03           65
      2026-01-04 18:28:19  1         55           02           44           0C
                                     5A           69           01           5B
                                     00           00           D8           24
                                     CD           27           60           00
                                     43           00           14           24
                                     24           27           6A           25
                                     91           26           F3           26
                                     F3           27           91
      2026-01-04 18:29:05  1         F8           03           52           7A
                                     0A           47           24           C2
                                     00           00           27           4C
                                     0E           20           00           00
                                     4A           31           0F           F9
                                     00           00           46           52
                                     11           C9           00           00
                                     42           68           14
      2026-01-04 18:29:51  1         FA           04           28           00
                                     00           3E           84           17
                                     2E           00           00           3A
                                     9C           1A           05           00
                                     10           36           BB           1B
                                     07           00           00           34
                                     BF           1C           58           00
                                     00           32           CD
      2026-01-04 18:30:37  1         8F           05           1D           B4
                                     00           00           30           D7
                                     1F           0E           00           00
                                     2E           DE           20           6F
                                     00           00           2C           EF
                                     21           9C           00           00
                                     2A           FC           23           7A
                                     00           00           29
02602 152399   5 31 C 1 2026-01-04 18:33:18  23.344   60.897  0.000 401649726
      2026-01-04 05:41:33  1         62           02           3F           C2
                                     59           E8           00           78
                                     01           08           D8           0A
                                     ED           27           46           00
                                     0E           82           23           0A
                                     CA           A6           EE           0B
                                     1C           27           5F           36
                                     CF           A7           0C
      2026-01-04 18:32:09  1         47           07           1F           3D
                                     2C           E5           00           00
                                     1D           4A           2E           A7
                                     00           00           1B           5C
                                     30           B1           00           00
                                     19           6A           32           A5
                                     00           00           17           72
                                     34           A9           00
      2026-01-04 18:32:55  1         28           08           00           15
                                     7B           36           8A           00
                                     00           13           83           38
                                     5C           00           00           11
                                     99           3B           39           00
                                     00           0F           9B           3E
                                     CD           00           00           0E
                                     14           41           A8
      2026-01-04 18:33:41  1         E5           09           00           00
                                     08           E4           43           D6
                                     00           00           0B           B8
                                     45           A9           00           00
                                     0A           F3           48           57
                                     02           00           0A           1F
                                     48           5A           00           00
                                     09           5C           48
      2026-01-04 18:34:27  1         29           0A           BD           00
                                     00           08           9A           49
                                     D9           00           00           07
                                     D5           4A           AA           00
                                     00           07           6F           4B
                                     FD           00           00           07
                                     08           4C           CD           00
                                     00           06           A5
      2026-01-04 18:35:13  1         A4           0B           50           80
                                     00           00           06           38
                                     53           F5           10           00
                                     05           E1           54           31
                                     00           00           01           5D
                                     56           4E           00           00
                                     25           13           57           24
                                     00           00           04
                                     25           13           57           24
                                     00           00           04