UTC 08-01-2026 19:05
02602 152382  16 31 B
      2026-01-04 22:29:57  1         85           05           09           CF
                                     83           BC           32           C4
                                     09           F3           87           B0
                                     30           91           09           F8
                                     87           9E           2E           DB
                                     89           F7           07           91
                                     2C           E8           0A           1D
                                     A7           81           2A
      2026-01-04 22:31:21  1         F0           07           21           37
                                     0A           07           86           E1
                                     1F           3E           0A           2F
                                     86           BA           1D           49
                                     0A           46           86           96
                                     1B           5A           09           F9
                                     86           6A           19           68
                                     0A           10           86
      2026-01-04 22:32:03  1         7C           08           44           17
                                     6F           0A           8C           86
                                     38           15           7C           0A
                                     95           86           00           13
                                     87           0B           10           85
                                     E7           11           97           0A
                                     40           85           A0           0F
                                     9C           0C           11
      2026-01-04 22:32:45  1         60           09           85           A9
                                     0E           0D           0C           E2
                                     85           A1           0C           E5
                                     0D           74           85           9D
                                     0B           B7           0D           EE
                                     85           9C           0A           F1
                                     0E           8E           85           98
                                     0A           26           0E
      2026-01-04 22:34:09  1         7F           0B           0F           C7
                                     85           71           06           A0
                                     10           6B           85           7A
                                     06           44           10           9A
                                     85           79           05           DC
                                     0F           C0           85           51
                                     05           78           11           39
                                     85           6C           05
      2026-01-04 22:34:51  1         90           0C           19           12
                                     CB           85           96           04
                                     99           12           E5           85
                                     89           04           50           0E
                                     9B           85           02           43
                                     ED           11           B4           85
                                     36           03           85           12
                                     C8           85           3A
      2026-01-04 22:35:33  1         1D           0D           03           20
                                     12           CE           84           7A
                                     02           BD           16           14
                                     84           43           02           5B
                                     17           CB           84           37
                                     01           F6           19           2F
                                     84           2D           01           B4
                                     19           B4           84
      2026-01-04 22:36:15  1         BF           0E           32           01
                                     90           1A           1B           84
                                     34           01           63           1A
                                     52           84           3A           01
                                     2D           1A           97           84
                                     3F           00           F6           1A
                                     9E           84           3D           00
                                     C9           1A           AD
      2026-01-04 22:37:42  1         12           01           04           02
                                     F4           48           3B           80
                                     01           00           FF           FA
                                     FA           9B           4C           18
                                     00           00           00           00
                                     92           04           89           35
                                     7A           C6           8F           53
                                     0D           03           64
      2026-01-04 22:38:21  1         DF           02           A6           A1
                                     4A           69           27           28
                                     23           01           D9           0A
                                     56           26           FE           00
                                     0B           00           36           0A
                                     42           26           64           0A
                                     74           27           31           26
                                     64           27           C5
      2026-01-04 22:39:03  1         55           03           53           7A
                                     09           0C           0A           55
                                     87           58           27           1F
                                     07           AB           88           06
                                     4E           1E           08           14
                                     88           00           4A           3B
                                     08           A4           88           03
                                     46           55           08
      2026-01-04 22:39:45  1         85           04           FF           87
                                     FE           42           65           09
                                     5E           87           F9           3E
                                     81           09           77           87
                                     E8           3A           98           09
                                     66           87           CB           36
                                     AF           09           BD           87
                                     C9           34           BA
      2026-01-04 22:40:27  1         85           05           09           CF
                                     87           BC           32           C4
                                     09           F3           87           B0
                                     30           D1           09           F8
                                     87           9E           2E           DB
                                     09           F7           87           91
                                     2C           E8           0A           1D
                                     87           81           2A
      2026-01-04 22:41:09  1         C3           16           F0           0A
                                     2A           87           7A           28
                                     FE           0A           48           87
                                     6C           27           13           0A
                                     56           87           4F           25
                                     1A           0A           44           87
                                     2C           23           27           0A
                                     29           87           0B
      2026-01-04 22:43:57  2         BF           0A           F2           85
                                     90           09           65           0F
                                     E3           85           9C           08
                                     97           0F           CA           85
                                     8F           07           D2           0F
                                     E4           85           86           07
                                     6C           0F           BD           85
                                     79           07           0A
02602 152382  21 31 C
      2026-01-04 23:09:12  1         CE           01           07           02
                                     F4           48           3B           80
                                     01           00           FF           FA
                                     FB           9B           44           18
                                     00           00           00           00
                                     92           04           89           35
                                     7A           C6           8F           53
                                     8D           03           64
      2026-01-04 23:14:03  1         7C           08           44           17
                                     6F           0A           8C           86
                                     38           15           7C           0A
                                     95           86           00           13
                                     87           0B           10           85
                                     E7           11           97           0A
                                     40           85           A0           0F
                                     9C           0C           11
      2026-01-04 23:15:27  1         BF           0A           F2           85
                                     90           09           65           0F
                                     E3           85           9C           08
                                     97           0F           CA           85
                                     8F           07           D2           0F
                                     E4           85           86           07
                                     6C           0F           BD           85
                                     79           07           0A
      2026-01-04 23:16:09  1         7F           0B           0F           C7
                                     85           71           06           A0
                                     10           6B           85           7A
                                     06           44           10           9A
                                     85           79           05           DC
                                     0F           C0           85           51
                                     05           78           11           39
                                     85           6C           05
      2026-01-04 23:16:51  1         90           0C           19           12
                                     CB           85           96           04
                                     99           12           E5           85
                                     89           04           50           0E
                                     9B           85           02           03
                                     ED           11           B4           85
                                     36           03           85           12
                                     C8           85           3A
      2026-01-04 23:17:33  1         1D           0D           03           20
                                     12           CE           84           7A
                                     02           BD           16           14
                                     84           43           02           5B
                                     17           CB           84           37
                                     01           F6           19           2F
                                     84           2D           01           B4
                                     19           B4           84
      2026-01-04 23:18:15  1         BF           0E           32           01
                                     90           1A           1B           84
                                     34           01           63           1A
                                     52           84           3A           01
                                     2D           1A           97           84
                                     3F           00           F6           1A
                                     9E           84           3D           00
                                     C9           1A           AD
      2026-01-04 23:18:57  1         57           0F           84           3E
                                     00           94           1A           BE
                                     84           3D           00           62
                                     1A           F0           84           39
                                     00           2C           00           06
                                     FF           C5           06           04
                                     2C           4F           61           63
                                     63           FF           FF
      2026-01-04 23:19:42  1         33           01           08           02
                                     F4           48           3B           80
                                     01           00           FF           FA
                                     FA           9B           4C           18
                                     00           00           00           00
                                     92           04           89           35
                                     7A           C6           8F           53
                                     0D           03           64
      2026-01-04 23:20:21  2         DF           02           82           A1
                                     5A           69           01           29
                                     03           00           D9           0A
                                     56           26           FE           00
                                     0B           00           36           0A
                                     42           26           64           0A
                                     74           27           31           26
                                     64           27           C5
      2026-01-04 23:21:03  2         65           03           53           7B
                                     09           0C           0A           55
                                     87           58           27           1F
                                     07           AB           88           06
                                     4E           1E           08           14
                                     88           00           4A           3B
                                     08           A4           88           03
                                     46           55           08
      2026-01-04 23:21:45  2         85           04           FF           87
                                     FE           42           65           09
                                     5E           87           F9           3E
                                     81           09           77           87
                                     E8           3A           98           09
                                     66           87           CB           36
                                     AF           09           BD           87
                                     C9           34           BA
      2026-01-04 23:22:27  2         85           05           09           CF
                                     87           BC           32           C4
                                     09           F3           87           B0
                                     30           D1           09           F8
                                     87           9E           2E           DB
                                     09           F7           87           91
                                     2C           E8           0A           1D
                                     87           81           2A
      2026-01-04 23:23:09  2         C1           06           F9           0A
                                     2A           87           7A           28
                                     FE           0A           48           87
                                     6C           27           13           0A
                                     56           87           4F           25
                                     1A           0A           44           87
                                     2C           23           27           0A
                                     29           87           0B
      2026-01-04 23:23:51  2         F0           07           21           37
                                     0A           07           86           E1
                                     1F           3E           0A           2F
                                     86           BA           1D           49
                                     0A           46           86           96
                                     1B           5A           09           F9
                                     86           6A           19           68
                                     0A           10           86
02602 152382   9 31 B 2 2026-01-05 00:13:08 -47.838  -16.702  0.000 401649607
      2026-01-05 00:11:27  1         57           0F           84           3E
                                     00           94           1A           BE
                                     84           3D           00           62
                                     1A           F0           84           39
                                     00           2C           00           06
                                     FF           C5           06           04
                                     2C           4F           61           63
                                     63           FF           FF
      2026-01-05 00:12:12  1         E2           01           0D           02
                                     F4           48           3B           80
                                     01           00           FF           FA
                                     FA           9B           4C           18
                                     00           00           00           00
                                     92           04           89           35
                                     7A           C6           8F           53
                                     0D           03           64
      2026-01-05 00:12:51  1         DF           02           82           A1
                                     5A           69           01           29
                                     03           00           D9           0A
                                     56           26           FE           00
                                     0B           00           36           0A
                                     42           26           64           0A
                                     74           27           31           26
                                     64           27           C5
      2026-01-05 00:14:15  1         85           04           FF           87
                                     FE           42           65           09
                                     5E           87           F9           3E
                                     81           09           77           87
                                     E8           3A           98           09
                                     66           87           CB           36
                                     AF           09           BD           87
                                     C9           34           BA
      2026-01-05 00:14:57  1         85           05           09           CF
                                     87           BC           3B           C4
                                     09           F3           87           B0
                                     30           D1           09           F8
                                     87           9E           2E           DB
                                     09           F7           87           91
                                     2C           E8           0A           1D
                                     87           81           2A
      2026-01-05 00:16:21  1         F0           07           21           37
                                     0A           07           86           E1
                                     1F           3E           0A           2F
                                     86           BA           1D           49
                                     0A           46           86           96
                                     1B           5A           09           F9
                                     86           6A           19           68
                                     0E           10           86
      2026-01-05 00:19:09  1         7F           0B           0F           C7
                                     85           71           06           A0
                                     10           6B           85           7A
                                     06           44           10           9A
                                     85           79           05           DC
                                     0F           C0           85           51
                                     05           78           11           39
                                     85           6C           05
      2026-01-05 00:21:15  1         BF           0E           32           01
                                     90           1A           1B           84
                                     34           03           62           1A
                                     52           84           1A           51
                                     2D           08           96           C4
                                     1F           12           03           F4
                                     3C           48           6E           41
                                     B2           BD           7B
      2026-01-05 00:21:57  1         57           0F           94           3E
                                     00           94           1A           BE
                                     84           3D           00           62
                                     1A           F0           C4           39
                                     00           2C           00           06
                                     FF           C5           06           04
                                     2C           4F           61           03
                                     63           FF           FF
02602 152382  19 31 3 3 2026-01-05 00:45:03 -47.832  -16.713  0.000 401649606
      2026-01-05 00:40:51  1         90           0C           19           12
                                     CB           85           96           04
                                     99           12           E5           85
                                     89           04           50           0E
                                     9B           85           02           03
                                     ED           11           B4           85
                                     36           03           85           12
                                     C8           85           3A
      2026-01-05 00:41:33  1         1D           0D           03           20
                                     12           CE           84           7A
                                     02           BD           16           14
                                     84           43           02           5B
                                     17           CB           84           37
                                     01           F6           19           2F
                                     84           2D           01           B4
                                     19           B4           84
      2026-01-05 00:42:15  1         BF           0E           32           01
                                     90           1A           1B           84
                                     34           01           63           1A
                                     52           84           3A           01
                                     2D           1A           97           84
                                     3F           00           F6           1A
                                     9E           84           3D           00
                                     C9           1A           AD
      2026-01-05 00:42:57  1         57           0F           84           3E
                                     00           94           1A           BE
                                     84           3D           00           62
                                     1A           F0           84           39
                                     00           2C           00           06
                                     FF           C5           06           04
                                     2C           4F           61           63
                                     63           FF           FF
      2026-01-05 00:43:42  1         A3           01           10           02
                                     F4           48           3B           80
                                     01           00           FF           FA
                                     FA           9B           4C           18
                                     00           00           00           00
                                     92           04           89           35
                                     7A           C6           8F           53
                                     0D           03           64
      2026-01-05 00:44:21  1         DF           02           82           A1
                                     5A           69           01           29
                                     03           00           D9           0A
                                     56           26           FE           00
                                     0B           00           36           0A
                                     42           26           64           0A
                                     74           27           31           26
                                     64           27           C5
      2026-01-05 00:45:03  1         65           03           53           7B
                                     09           0C           0A           55
                                     87           58           27           1F
                                     07           AB           88           06
                                     4E           1E           08           14
                                     88           00           4A           3B
                                     08           A4           88           03
                                     46           55           08
      2026-01-05 00:45:45  1         85           04           FF           87
                                     FE           42           65           09
                                     5E           87           F9           3E
                                     81           09           77           87
                                     E8           3A           98           09
                                     66           87           CB           36
                                     AF           09           BD           87
                                     C9           34           BA
      2026-01-05 00:46:27  1         85           05           09           CF
                                     87           BC           32           C4
                                     09           F3           87           B0
                                     30           D1           09           F8
                                     87           9E           2E           DB
                                     09           F7           87           91
                                     2C           E8           0A           1D
                                     87           81           2A
      2026-01-05 00:47:09  1         C1           06           F9           0A
                                     2A           87           7A           28
                                     FE           0A           48           87
                                     6C           27           13           0A
                                     56           87           4F           25
                                     1A           0A           44           87
                                     2C           23           27           0A
                                     29           87           0B
      2026-01-05 00:47:51  1         F0           07           21           37
                                     0A           07           86           E1
                                     1F           3E           0A           2F
                                     86           BA           1D           49
                                     0A           46           86           96
                                     1B           5A           09           F9
                                     86           6A           19           68
                                     0A           10           86
      2026-01-05 00:48:33  1         7C           08           44           17
                                     6F           0A           8C           86
                                     38           15           7C           0A
                                     95           86           00           13
                                     87           0B           10           85
                                     E7           11           97           0A
                                     40           85           A0           0F
                                     9C           0C           11
      2026-01-05 00:49:15  2         60           09           85           A9
                                     0E           0D           0C           E2
                                     85           A1           0C           E5
                                     0D           74           85           9D
                                     0B           B7           0D           EE
                                     85           9C           0A           F1
                                     0E           8E           85           98
                                     0A           26           0E
      2026-01-05 00:49:57  2         BF           0A           F2           85
                                     90           09           65           0F
                                     E3           85           9C           08
                                     97           0F           CA           85
                                     8F           07           D2           0F
                                     E4           85           86           07
                                     6C           0F           BD           85
                                     79           07           0A
      2026-01-05 00:50:39  2         7F           0B           0F           C7
                                     85           71           06           A0
                                     10           6B           85           7A
                                     06           44           10           9A
                                     85           79           05           DC
                                     0F           C0           85           51
                                     05           78           11           39
                                     85           6C           05
      2026-01-05 00:51:21  1         90           0C           19           12
                                     CB           85           96           04
                                     99           12           E5           85
                                     89           56           A9           5E
                                     B5           2B           52           B4
                                     2D           5A           D6           05
                                     AA           06           D8           1D
                                     5F           44           6C
02602 152382  17 31 C 2 2026-01-05 00:54:51 -47.831  -16.707  0.000 401649608
      2026-01-05 00:50:39  1         7F           0B           0F           C7
                                     85           71           06           A0
                                     10           6B           85           7A
                                     06           44           10           9A
                                     85           79           05           DC
                                     0F           C0           85           51
                                     05           78           11           39
                                     85           6C           05
      2026-01-05 00:51:21  1         90           0C           19           12
                                     CB           85           96           04
                                     99           12           E5           85
                                     89           04           50           0E
                                     9B           85           02           03
                                     ED           11           B4           85
                                     36           03           85           12
                                     C8           85           3A
      2026-01-05 00:52:03  1         1D           0D           03           20
                                     12           CE           84           7A
                                     02           BD           16           14
                                     84           43           02           5B
                                     17           CB           84           37
                                     01           F6           19           2F
                                     84           2D           01           B4
                                     19           B4           84
      2026-01-05 00:52:45  1         BF           0E           32           01
                                     90           1A           1B           84
                                     34           01           63           1A
                                     52           84           3A           01
                                     2D           1A           97           84
                                     3F           00           F6           1A
                                     9E           84           3D           00
                                     C9           1A           AD
      2026-01-05 00:53:27  1         57           0F           84           3E
                                     00           94           1A           BE
                                     84           3D           00           62
                                     1A           F0           84           39
                                     00           2C           00           06
                                     FF           C5           06           04
                                     2C           4F           61           63
                                     63           FF           FF
      2026-01-05 00:54:12  1         3B           01           11           02
                                     F4           48           3B           80
                                     01           00           FF           FA
                                     FA           9B           4C           18
                                     00           00           00           00
                                     92           04           89           35
                                     7A           C6           8F           53
                                     0D           03           64
      2026-01-05 00:55:33  1         C5           03           53           7C
                                     09           0C           0A           55
                                     87           58           27           1F
                                     07           AB           88           06
                                     4E           1E           08           14
                                     88           00           4A           3B
                                     08           A4           88           03
                                     46           55           08
      2026-01-05 00:56:15  1         85           04           FF           87
                                     FE           42           65           09
                                     5E           87           F9           3E
                                     81           09           77           87
                                     E8           3A           98           09
                                     66           87           CB           36
                                     AF           09           BD           87
                                     C9           34           BA
      2026-01-05 00:56:57  1         85           05           09           CF
                                     87           BC           32           C4
                                     09           F3           87           B0
                                     30           91           09           F8
                                     8F           9E           2E           DB
                                     09           F7           87           91
                                     2C           E8           0A           1D
                                     87           81           2A
      2026-01-05 00:57:39  1         C1           06           F9           0A
                                     2A           87           7A           28
                                     FE           0A           48           87
                                     6C           27           13           0A
                                     56           87           4F           25
                                     1A           0A           44           87
                                     2C           23           27           0A
                                     29           87           0B
      2026-01-05 00:58:21  1         F0           07           21           37
                                     0A           07           86           E1
                                     1F           3E           0A           2F
                                     86           BA           1D           49
                                     0A           46           86           96
                                     1B           5A           09           F9
                                     86           6A           19           68
                                     0A           10           86
      2026-01-05 00:59:03  1         7C           08           44           17
                                     6F           0A           8C           86
                                     38           15           7C           0A
                                     95           86           00           13
                                     87           0B           10           85
                                     E7           11           97           0A
                                     40           85           A0           0F
                                     9C           0C           11
      2026-01-05 00:59:45  1         60           09           85           A9
                                     0E           0D           0C           E2
                                     85           A1           0C           E5
                                     0D           74           85           9D
                                     0B           B7           0D           EE
                                     85           9C           0A           F1
                                     0E           8E           85           98
                                     0A           26           0E
      2026-01-05 01:00:27  2         BF           0A           F2           85
                                     90           09           65           0F
                                     E3           85           9C           08
                                     97           0F           CA           85
                                     8F           07           D2           0F
                                     E4           85           86           07
                                     6C           0F           BD           85
                                     79           07           0A
      2026-01-05 01:01:09  1         7F           0B           0F           47
                                     85           71           06           A0
                                     10           6B           85           7A
                                     06           44           10           9A
                                     85           79           05           DC
                                     0F           C0           85           51
                                     05           78           11           39
                                     85           6C           05
      2026-01-05 01:01:51  1         81           C3           F3           02
                                     9F           85           96           04
                                     99           16           E7           85
                                     89           00           50           0E
                                     9B           85           02           03
                                     ED           11           B4           85
                                     34           01           85           12
                                     C8           85           3A
02602 152382  19 31 3 3 2026-01-05 02:25:30 -47.810  -16.731  0.000 401649607
      2026-01-05 02:16:45  1         BF           0E           32           01
                                     90           1A           1B           84
                                     34           01           63           1A
                                     52           84           3A           01
                                     2D           1A           97           84
                                     3F           00           F6           1A
                                     9E           84           3D           20
                                     C9           1A           AD
      2026-01-05 02:18:12  1         53           01           19           02
                                     F4           48           3B           80
                                     01           00           FF           FA
                                     FA           9B           4C           18
                                     00           00           00           00
                                     92           04           89           35
                                     7A           C6           8F           53
                                     0D           03           64
      2026-01-05 02:19:33  1         55           03           53           7A
                                     09           0C           0A           55
                                     87           58           27           1F
                                     07           AB           88           06
                                     4E           1E           08           14
                                     88           00           4A           3B
                                     08           A4           88           03
                                     46           55           08
      2026-01-05 02:20:57  1         85           05           09           CF
                                     87           BC           32           C4
                                     09           F3           87           B0
                                     30           D1           09           F8
                                     87           9E           2E           DB
                                     09           F7           87           91
                                     2C           E8           0A           1D
                                     87           81           2A
      2026-01-05 02:21:39  1         C1           06           F9           0A
                                     2A           87           7A           28
                                     FE           0A           48           87
                                     6C           27           13           0A
                                     56           87           4F           25
                                     1A           0A           44           87
                                     2C           23           27           0A
                                     29           87           0B
      2026-01-05 02:22:21  1         F0           07           21           37
                                     0A           07           86           E1
                                     1F           3E           0A           2F
                                     86           BA           1D           49
                                     0A           46           86           96
                                     1B           5A           09           F9
                                     86           6A           19           68
                                     0A           10           86
      2026-01-05 02:23:03  1         7C           08           44           17
                                     6F           0A           8C           86
                                     38           15           7C           0A
                                     95           86           00           13
                                     87           0B           10           85
                                     E7           11           97           0A
                                     40           85           A0           0F
                                     9C           0C           11
      2026-01-05 02:23:45  1         60           09           85           A9
                                     0E           0D           0C           E2
                                     85           A1           0C           E5
                                     0D           74           85           9D
                                     0B           B7           0D           EE
                                     85           9C           0A           F1
                                     0E           8E           85           98
                                     0A           26           0E
      2026-01-05 02:24:27  1         BF           0A           F2           85
                                     90           09           65           0F
                                     E3           85           9C           08
                                     97           0F           CA           85
                                     8F           07           D2           0F
                                     E4           85           86           07
                                     6C           0F           BD           85
                                     79           07           0A
      2026-01-05 02:25:09  1         7F           0B           0F           C7
                                     85           71           06           A0
                                     10           6B           85           7A
                                     06           44           10           9A
                                     85           79           05           DC
                                     0F           C0           85           51
                                     05           78           11           39
                                     85           6C           05
      2026-01-05 02:25:51  1         90           0C           19           12
                                     CB           85           96           04
                                     99           12           E5           85
                                     89           04           50           0E
                                     9B           85           02           03
                                     ED           11           B4           85
                                     36           03           85           12
                                     C8           85           3A
      2026-01-05 02:26:33  1         1D           0D           03           20
                                     12           CE           84           7A
                                     02           BD           16           14
                                     84           43           02           5B
                                     17           CB           84           37
                                     01           F6           19           2F
                                     84           2D           01           B4
                                     19           B4           84
      2026-01-05 02:27:15  1         BF           0E           32           01
                                     90           1A           1B           84
                                     34           01           63           1A
                                     52           84           3A           01
                                     2D           1A           97           84
                                     3F           00           F6           1A
                                     9E           84           3D           00
                                     C9           1A           AD
      2026-01-05 02:27:57  2         57           0F           84           3E
                                     00           94           1A           BE
                                     84           3D           00           62
                                     1A           F0           84           39
                                     00           2C           00           06
                                     FF           C5           06           04
                                     2C           4F           61           63
                                     63           FF           FF
      2026-01-05 02:28:42  1         FB           01           1A           02
                                     F4           48           3B           80
                                     01           00           FF           FA
                                     FA           9B           4C           18
                                     00           00           00           00
                                     92           04           89           35
                                     7A           C6           8F           53
                                     0D           03           64
      2026-01-05 02:29:21  2         DF           02           82           A1
                                     5A           69           01           29
                                     03           00           D9           0A
                                     56           26           FE           00
                                     0B           00           36           0A
                                     42           26           64           0A
                                     74           27           31           26
                                     64           27           C5
      2026-01-05 02:30:03  1         65           03           53           7B
                                     09           0C           0A           55
                                     C7           C9           40           11
                                     87           4D           63           BB
                                     05           7F           44           0A
                                     44           00           25           1D
                                     84           52           44           01
                                     A3           2A           84
02602 152382  13 31 3 2 2026-01-05 04:01:03 -47.798  -16.754  0.000 401649606
      2026-01-05 03:56:51  1         F0           07           21           37
                                     0A           07           86           E1
                                     1F           3E           0A           2F
                                     86           BA           1D           49
                                     0A           46           86           96
                                     1B           5A           09           F9
                                     86           6A           19           68
                                     0A           10           86
      2026-01-05 03:57:33  1         7C           08           44           17
                                     6F           0A           8C           86
                                     38           15           7C           0A
                                     95           86           00           13
                                     87           0B           10           85
                                     E7           11           97           0A
                                     40           85           A0           0F
                                     9C           0C           11
      2026-01-05 03:58:15  1         60           09           85           A9
                                     0E           0D           0C           E2
                                     85           A1           0C           E5
                                     0D           74           85           9D
                                     0B           B7           0D           EE
                                     85           9C           0A           F1
                                     0E           8E           85           98
                                     0A           26           0E
      2026-01-05 03:58:57  1         BF           0A           F2           85
                                     90           09           65           0F
                                     E3           85           9C           08
                                     97           0F           CA           85
                                     8F           07           D2           0F
                                     E4           85           86           07
                                     6C           0F           BD           85
                                     79           07           0A
      2026-01-05 03:59:39  1         7F           0B           0F           C7
                                     85           71           06           A0
                                     10           6B           85           7A
                                     06           44           10           9A
                                     85           79           05           DC
                                     0F           C0           85           51
                                     05           78           11           39
                                     85           6C           05
      2026-01-05 04:00:21  1         90           0C           19           12
                                     CB           85           96           04
                                     99           12           E5           85
                                     89           04           50           0E
                                     9B           85           02           03
                                     ED           11           B4           85
                                     36           03           85           12
                                     C8           85           3A
      2026-01-05 04:01:03  1         1D           0D           03           20
                                     12           CE           84           7A
                                     02           BD           16           14
                                     84           43           02           5B
                                     17           CB           84           37
                                     01           F6           19           2F
                                     84           2D           01           B4
                                     19           B4           84
      2026-01-05 04:01:45  1         BF           0E           32           01
                                     90           1A           1B           84
                                     34           01           63           1A
                                     52           84           3A           01
                                     2D           1A           97           84
                                     3F           00           F6           1A
                                     9E           84           3D           00
                                     C9           1A           AD
      2026-01-05 04:02:27  1         57           0F           84           3E
                                     00           94           1A           BE
                                     84           3D           00           62
                                     1A           F0           84           39
                                     00           2C           00           06
                                     FF           C5           06           04
                                     2C           4F           61           63
                                     63           FF           FF
      2026-01-05 04:03:12  1         D1           01           23           02
                                     F4           48           3B           80
                                     01           00           FF           FA
                                     FA           9B           4C           18
                                     00           00           00           00
                                     92           04           89           35
                                     7A           C6           8F           53
                                     0D           03           64
      2026-01-05 04:03:51  1         DF           02           82           A1
                                     5A           69           01           29
                                     03           00           D9           0A
                                     56           26           FE           00
                                     0B           00           36           0A
                                     42           26           64           0A
                                     74           27           31           26
                                     64           27           C5
      2026-01-05 04:04:33  1         65           03           53           7B
                                     09           0C           0A           55
                                     87           58           27           1F
                                     07           AB           88           06
                                     4E           1E           08           14
                                     88           00           4A           3B
                                     08           A4           88           03
                                     46           55           08
      2026-01-05 04:05:15  1         85           04           FF           87
                                     FE           42           65           09
                                     5E           87           F9           3E
                                     81           09           77           87
                                     E8           3A           98           09
                                     66           87           CB           36
                                     AF           09           FD           87
                                     C9           34           1A
02602 152382  15 31 R 2 2026-01-05 05:58:42 -47.786  -16.767  0.000 401649607
      2026-01-05 05:58:42  1         D9           01           2E           02
                                     F4           48           3B           80
                                     01           00           FF           FA
                                     FA           9B           4C           18
                                     00           00           00           00
                                     92           04           89           35
                                     7A           C6           8F           53
                                     0D           03           64
      2026-01-05 05:59:21  1         DF           02           82           A1
                                     5A           69           01           29
                                     03           00           D9           0A
                                     56           26           FE           00
                                     0B           00           36           0A
                                     42           26           64           0A
                                     74           27           31           26
                                     64           27           C5
      2026-01-05 06:00:03  1         65           03           53           7B
                                     09           0C           0A           55
                                     87           58           27           1F
                                     07           AB           88           06
                                     4E           1E           08           14
                                     88           00           4A           3B
                                     08           A4           88           03
                                     46           55           08
      2026-01-05 06:00:45  1         85           04           FF           87
                                     FE           42           65           09
                                     5E           87           F9           3E
                                     81           09           77           87
                                     E8           3A           98           09
                                     66           87           CB           36
                                     AF           09           BD           87
                                     C9           34           BA
      2026-01-05 06:01:27  1         85           05           09           CF
                                     87           BC           32           C4
                                     09           F3           87           B0
                                     30           D1           09           F8
                                     87           9E           2E           DB
                                     09           F7           87           91
                                     2C           E8           0A           1D
                                     87           81           2A
      2026-01-05 06:02:09  1         C1           06           F9           0A
                                     2A           87           7A           28
                                     FE           02           48           8D
                                     4C           37           13           0A
                                     56           87           4F           25
                                     1A           0A           08           97
                                     2C           23           27           2A
                                     2C           97           0B
      2026-01-05 06:02:51  1         F0           07           21           37
                                     0A           07           86           E1
                                     1F           3E           0A           2F
                                     86           BA           1D           49
                                     0A           46           86           96
                                     1B           5A           09           F9
                                     86           6A           19           68
                                     0A           10           86
      2026-01-05 06:03:33  1         7C           08           44           17
                                     6F           0A           8C           86
                                     38           15           7C           0A
                                     95           86           00           13
                                     87           0B           10           85
                                     E7           11           97           0A
                                     40           85           A0           0F
                                     9C           0C           11
      2026-01-05 06:04:15  1         60           09           85           A9
                                     0E           0D           0C           E2
                                     85           A1           0C           E5
                                     0D           74           85           9D
                                     0B           B7           0D           EE
                                     85           9C           0A           F1
                                     0E           8E           85           98
                                     0A           26           0E
      2026-01-05 06:04:57  1         BF           0A           F2           85
                                     90           09           65           0F
                                     E3           85           9C           08
                                     97           0F           CA           85
                                     8F           07           D2           0F
                                     E4           85           86           07
                                     6C           0F           BD           85
                                     79           07           0A
      2026-01-05 06:05:39  1         7F           0B           0F           C7
                                     85           71           06           A0
                                     10           6B           85           7A
                                     06           44           10           9A
                                     85           79           05           DC
                                     0F           C0           85           51
                                     05           78           11           39
                                     85           6C           05
      2026-01-05 06:06:21  1         90           0C           19           12
                                     CB           85           96           04
                                     99           12           E5           85
                                     89           04           50           0E
                                     9B           85           02           03
                                     ED           11           B4           85
                                     36           03           85           12
                                     C8           85           3A
      2026-01-05 06:07:03  1         1D           0D           03           20
                                     12           CE           84           7A
                                     02           BD           16           14
                                     84           43           02           5B
                                     17           CB           84           37
                                     01           F6           19           2F
                                     84           2D           01           B4
                                     19           B4           80
      2026-01-05 06:07:45  1         BF           0E           32           01
                                     90           1A           1B           84
                                     34           01           63           1A
                                     52           84           3A           01
                                     2D           1A           97           84
                                     3F           00           F6           1A
                                     9E           84           3D           00
                                     C9           1A           AD
      2026-01-05 06:08:27  1         57           0F           84           3E
                                     00           94           1A           BE
                                     84           3D           00           62
                                     1A           F0           84           39
                                     00           2C           00           06
                                     FF           C5           06           04
                                     2C           4F           61           63
                                     63           FF           FF
02602 152389   2 31 B
      2026-01-04 05:41:33  1         62           02           3F           C2
                                     59           E8           00           78
                                     01           08           D8           0A
                                     ED           27           46           00
                                     0E           82           23           0A
                                     CA           A6           EE           0B
                                     1C           27           5F           36
                                     CF           A7           0C
02602 152389  11 31 R 1 2026-01-04 06:17:06 -53.854 -158.095  0.000 401649803
      2026-01-04 06:10:53  1         2B           0C           15           14
                                     F4           85           5E           04
                                     B2           15           5B           85
                                     65           04           4D           15
                                     66           85           5F           03
                                     E5           16           25           85
                                     72           03           84           16
                                     7F           85           71
      2026-01-04 06:11:37  1         B5           0D           03           1E
                                     16           B8           85           5F
                                     02           BD           17           B8
                                     85           3E           02           59
                                     1E           03           84           FE
                                     01           FA           1E           26
                                     85           08           01           C5
                                     1E           39           85
      2026-01-04 06:12:21  1         7C           0E           0B           01
                                     96           1E           C6           85
                                     0C           01           61           1F
                                     39           85           06           01
                                     2D           1F           7D           85
                                     0B           00           E2           1F
                                     7A           85           0A           00
                                     C7           1F           76
      2026-01-04 06:13:05  1         C4           0F           85           0B
                                     00           94           1F           75
                                     85           0B           00           62
                                     1F           73           85           0B
                                     00           27           00           06
                                     FF           98           06           04
                                     2C           51           61           63
                                     64           FF           FF
      2026-01-04 06:13:52  1         6D           01           05           03
                                     1B           48           3B           80
                                     01           00           FF           FC
                                     FB           A2           54           1F
                                     00           00           00           00
                                     91           05           88           37
                                     78           CC           8F           4B
                                     0F           03           DE
      2026-01-04 06:14:33  1         62           02           3F           C3
                                     59           69           00           D8
                                     81           20           D8           0A
                                     ED           27           46           00
                                     0E           00           22           0A
                                     CA           26           EC           0B
                                     14           27           5E           26
                                     CF           27           9C
      2026-01-04 06:15:17  1         6B           03           50           7C
                                     09           15           0A           DC
                                     86           E4           27           3A
                                     08           00           87           D8
                                     4E           22           08           43
                                     87           D0           4A           33
                                     08           83           87           C6
                                     46           4F           08
      2026-01-04 06:16:01  1         BB           04           C1           87
                                     BB           42           63           09
                                     0A           87           A8           3E
                                     7D           09           3F           87
                                     97           3A           9B           09
                                     7D           87           7F           36
                                     B2           09           A0           87
                                     70           34           B9
      2026-01-04 06:16:45  1         80           05           09           D1
                                     87           5B           32           CC
                                     09           FB           87           47
                                     30           D2           0A           31
                                     87           38           2E           DE
                                     0A           4F           87           24
                                     2C           EF           0A           73
                                     87           12           2A
      2026-01-04 06:17:29  1         2D           06           F8           0A
                                     AF           86           F2           29
                                     09           0B           13           86
                                     D4           27           0C           0B
                                     8A           86           C4           25
                                     17           0B           AF           86
                                     A8           23           29           0B
                                     E8           86           8E
      2026-01-04 06:18:13  1         5B           07           21           38
                                     0C           43           86           70
                                     1F           2D           0C           D0
                                     86           57           1D           4F
                                     0D           14           86           35
                                     1B           59           0D           9D
                                     86           1A           19           69
                                     0E           4F           86
02602 152389  13 31 C 1 2026-01-04 06:25:11 -53.838 -158.091  0.000 401649799
      2026-01-04 06:17:29  1         2D           06           F8           0A
                                     AF           86           F2           29
                                     09           0B           13           86
                                     D4           27           0C           0B
                                     8A           86           C4           25
                                     17           0B           AF           86
                                     A8           23           29           0B
                                     E8           86           8E
      2026-01-04 06:18:13  1         5B           07           21           38
                                     0C           43           86           70
                                     1F           2D           0C           D0
                                     86           57           1D           4F
                                     0D           14           86           35
                                     1B           59           0D           9D
                                     86           1A           19           69
                                     0E           4F           86
      2026-01-04 06:18:57  1         62           08           05           17
                                     6E           0E           90           85
                                     DF           15           7D           0F
                                     C3           85           CB           13
                                     84           10           BA           85
                                     C0           11           94           11
                                     45           85           A6           0F
                                     9B           0F           BA
      2026-01-04 06:19:41  1         84           09           85           4E
                                     0E           0F           0F           9F
                                     85           35           0C           E7
                                     10           AF           85           3F
                                     0B           B7           11           12
                                     85           41           0A           F0
                                     12           1E           85           5B
                                     0A           28           12
      2026-01-04 06:20:25  1         42           0A           65           85
                                     57           09           65           13
                                     05           85           58           08
                                     98           13           16           85
                                     4E           07           D1           13
                                     32           85           4D           07
                                     6F           13           C3           85
                                     5A           07           08
      2026-01-04 06:21:09  1         27           0B           14           10
                                     85           5D           06           98
                                     14           19           85           5B
                                     06           42           14           3F
                                     85           5A           05           D8
                                     14           56           85           57
                                     05           76           14           9C
                                     85           58           05
      2026-01-04 06:21:53  1         2B           0C           15           14
                                     F4           85           5E           04
                                     B2           15           5B           85
                                     65           04           4D           15
                                     66           85           5F           03
                                     E5           16           25           85
                                     72           03           84           16
                                     7F           85           71
      2026-01-04 06:22:37  1         B5           0D           03           1E
                                     16           B8           85           5F
                                     02           BD           17           B8
                                     85           3E           02           59
                                     1E           03           84           FE
                                     01           FA           1E           26
                                     85           08           01           C5
                                     1E           39           85
      2026-01-04 06:23:21  1         7C           0E           0B           01
                                     96           1E           C6           85
                                     0C           01           61           1F
                                     39           85           06           01
                                     2D           1F           7D           85
                                     0B           00           E2           1F
                                     7A           85           0A           00
                                     C7           1F           76
      2026-01-04 06:24:05  1         C4           0F           85           0B
                                     00           94           1F           75
                                     85           0B           00           62
                                     1F           73           85           0B
                                     00           27           00           06
                                     FF           98           06           04
                                     2C           51           61           63
                                     64           FF           FF
      2026-01-04 06:24:52  1         C5           01           06           03
                                     1B           48           3B           80
                                     01           00           FF           FC
                                     FB           A2           54           1F
                                     00           00           00           00
                                     91           05           88           37
                                     78           CC           8F           4B
                                     0F           03           DE
      2026-01-04 06:25:33  1         62           02           3F           C3
                                     59           69           00           F8
                                     01           00           D8           0A
                                     ED           27           46           00
                                     0E           00           22           0A
                                     CA           26           EC           0B
                                     14           27           5E           26
                                     CF           27           9C
      2026-01-04 06:26:17  1         6B           03           50           7C
                                     09           15           0A           DC
                                     86           E4           27           3A
                                     08           00           87           D8
                                     4E           22           08           43
                                     87           D0           4A           33
                                     08           83           87           C6
                                     46           4F           08
02602 152389  17 31 B 2 2026-01-04 07:23:06 -53.836 -158.069  0.000 401649800
      2026-01-04 07:16:53  1         2B           0C           15           14
                                     F4           85           5E           04
                                     B2           15           5B           85
                                     65           04           4D           15
                                     66           85           5F           03
                                     E5           16           25           85
                                     72           03           84           16
                                     7F           85           71
      2026-01-04 07:19:52  1         82           01           0B           03
                                     1B           48           3B           80
                                     01           00           FF           FC
                                     FD           A2           54           1F
                                     00           00           00           00
                                     91           05           88           37
                                     78           CC           8F           4B
                                     0F           03           DE
      2026-01-04 07:20:33  1         62           02           3F           C3
                                     4B           69           00           F8
                                     01           00           D8           0A
                                     ED           27           46           00
                                     0E           00           22           0A
                                     CA           26           EC           0B
                                     14           27           5E           26
                                     CF           27           9C
      2026-01-04 07:21:17  1         6B           03           50           7C
                                     09           15           0A           DC
                                     86           E4           27           3A
                                     08           00           87           D8
                                     4E           22           08           43
                                     87           D0           4A           33
                                     08           83           87           C6
                                     46           4F           08
      2026-01-04 07:22:45  1         80           05           09           D1
                                     87           5B           32           CC
                                     09           FB           87           47
                                     30           D2           0A           72
                                     CF           98           0C           DE
                                     0A           4F           87           24
                                     2C           EF           0A           73
                                     87           12           2A
      2026-01-04 07:23:29  1         2D           06           F8           0A
                                     AF           86           F2           29
                                     09           0B           13           86
                                     D4           27           0C           0B
                                     8A           86           C4           25
                                     17           0B           AF           86
                                     A8           37           19           8B
                                     68           86           8E
      2026-01-04 07:24:57  1         62           08           05           17
                                     6E           0E           90           85
                                     DF           15           7D           0F
                                     C3           85           CB           13
                                     84           10           BA           85
                                     C0           11           94           11
                                     45           85           A6           0F
                                     9B           0F           BA
      2026-01-04 07:25:41  1         84           09           85           4E
                                     0E           0F           0F           9F
                                     85           35           0C           E7
                                     10           AF           85           3F
                                     0B           B7           11           12
                                     85           41           0A           F0
                                     12           1E           85           5B
                                     0A           28           12
      2026-01-04 07:26:25  1         62           8A           E5           84
                                     57           09           6D           02
                                     AA           7A           B0           08
                                     98           13           16           85
                                     4E           07           D1           13
                                     32           85           4D           07
                                     6F           13           C3           85
                                     5A           07           08
      2026-01-04 07:27:09  1         27           0B           14           10
                                     85           5D           06           98
                                     14           19           85           5B
                                     06           42           14           3F
                                     85           5A           05           D8
                                     34           56           85           57
                                     05           76           34           9C
                                     95           58           05
      2026-01-04 07:27:53  1         2B           0C           15           14
                                     E4           85           5E           04
                                     B2           15           5B           85
                                     65           04           4D           15
                                     66           85           5F           03
                                     E5           16           05           1E
                                     B1           6B           C2           64
                                     23           D9           07
      2026-01-04 07:28:37  2         B5           0D           03           1E
                                     16           B8           85           5F
                                     02           BD           17           B8
                                     85           3E           02           59
                                     1E           03           84           FE
                                     01           FA           1E           26
                                     85           08           01           C5
                                     1E           39           85
      2026-01-04 07:29:21  2         7C           0E           0B           01
                                     96           1E           C6           85
                                     0C           01           61           1F
                                     39           85           06           01
                                     2D           1F           7D           85
                                     0B           00           E2           1F
                                     7A           85           0A           00
                                     C7           1F           76
      2026-01-04 07:30:05  2         C4           0F           85           0B
                                     00           94           1F           75
                                     85           0B           00           62
                                     1F           73           85           0B
                                     00           27           00           06
                                     FF           98           06           04
                                     2C           51           61           63
                                     64           FF           FF
02602 152389  19 31 C 3 2026-01-04 07:57:56 -53.833 -158.054  0.000 401649800
      2026-01-04 07:57:57  1         62           08           05           17
                                     6E           0E           90           85
                                     DF           15           7D           0F
                                     C3           85           CB           13
                                     84           10           BA           85
                                     C0           11           94           11
                                     45           85           A6           0F
                                     9B           0F           BA
      2026-01-04 08:00:09  1         27           0B           14           10
                                     85           5D           06           98
                                     14           19           85           5B
                                     06           42           14           3F
                                     85           5A           05           D8
                                     14           56           85           57
                                     05           76           14           9C
                                     85           58           05
      2026-01-04 08:00:53  1         2B           0C           15           14
                                     F4           85           5E           04
                                     B2           15           5B           85
                                     65           04           4D           15
                                     66           85           5F           03
                                     E5           16           25           85
                                     72           03           84           16
                                     7F           85           71
      2026-01-04 08:01:37  1         B5           0D           03           1E
                                     16           B8           85           5F
                                     02           BD           17           B8
                                     85           3E           02           59
                                     1E           03           84           FE
                                     01           FA           1E           26
                                     85           08           01           C5
                                     1E           39           85
      2026-01-04 08:02:21  1         7C           0E           1B           01
                                     96           1E           C6           85
                                     0C           01           61           1F
                                     39           85           06           01
                                     2D           1F           7D           85
                                     0B           00           E2           1F
                                     7A           85           0A           00
                                     C7           1F           76
      2026-01-04 08:03:05  1         C4           0F           85           0B
                                     00           94           1F           75
                                     85           0B           00           62
                                     1F           73           85           0B
                                     00           27           00           06
                                     FF           98           06           04
                                     2C           51           61           63
                                     64           FF           FF
      2026-01-04 08:03:52  1         0E           01           0F           03
                                     1B           48           3B           80
                                     01           00           FF           FC
                                     FC           A2           54           1F
                                     00           00           00           00
                                     91           05           88           37
                                     78           CC           8F           4B
                                     0F           03           DE
      2026-01-04 08:04:33  1         62           12           77           C3
                                     59           69           00           F8
                                     01           00           D8           0A
                                     ED           27           46           00
                                     0E           00           22           0A
                                     CA           26           EC           0B
                                     14           27           5E           26
                                     CF           27           9C
      2026-01-04 08:05:17  1         6B           03           50           7C
                                     09           15           0A           DC
                                     86           E4           27           3A
                                     08           00           87           D8
                                     4E           22           08           43
                                     87           D0           4A           33
                                     08           83           87           C6
                                     46           4F           08
      2026-01-04 08:06:01  1         BB           04           C1           87
                                     BB           42           63           09
                                     0A           87           A8           3E
                                     7D           09           3F           87
                                     97           3A           9B           09
                                     7D           87           7F           36
                                     B2           09           A0           87
                                     70           34           B9
      2026-01-04 08:06:45  1         80           05           09           D1
                                     87           5B           32           CC
                                     09           FB           87           47
                                     30           D2           0A           31
                                     87           38           2E           DE
                                     0A           4F           87           24
                                     2C           EF           0A           73
                                     87           12           2A
      2026-01-04 08:07:29  2         2D           06           F8           0A
                                     AF           86           F2           29
                                     09           0B           13           86
                                     D4           27           0C           0B
                                     8A           86           C4           25
                                     17           0B           AF           86
                                     A8           23           29           0B
                                     E8           86           8E
      2026-01-04 08:08:13  2         5B           07           21           38
                                     0C           43           86           70
                                     1F           2D           0C           D0
                                     86           57           1D           4F
                                     0D           14           86           35
                                     1B           59           0D           9D
                                     86           1A           19           69
                                     0E           4F           86
      2026-01-04 08:09:41  2         84           09           85           4E
                                     0E           0F           0F           9F
                                     85           35           0C           E7
                                     10           AF           85           3F
                                     0B           B7           11           12
                                     85           41           0A           F0
                                     12           1E           85           5B
                                     0A           28           12
      2026-01-04 08:10:25  2         42           0A           65           85
                                     57           09           65           13
                                     05           85           58           08
                                     98           13           16           85
                                     4E           07           D1           13
                                     32           85           4D           07
                                     6F           13           C3           85
                                     5A           07           08
02602 152389  15 31 B 3 2026-01-04 08:58:48 -53.825 -158.034  0.000 401649800
      2026-01-04 08:58:05  1         C4           0F           85           0B
                                     00           94           1F           75
                                     85           0B           00           62
                                     1F           73           85           0B
                                     00           27           00           06
                                     FF           98           06           04
                                     2C           51           61           63
                                     64           FF           FF
      2026-01-04 09:01:01  1         BB           04           C1           87
                                     BB           42           63           09
                                     0A           87           A8           3E
                                     7D           09           3F           87
                                     97           3A           9B           09
                                     7D           87           7F           36
                                     B2           09           A0           87
                                     70           34           B9
      2026-01-04 09:01:45  1         80           05           09           D1
                                     87           5B           32           CC
                                     09           FB           87           47
                                     30           D2           0A           31
                                     87           38           2E           DE
                                     0A           4F           87           24
                                     2C           EF           0A           73
                                     87           12           2A
      2026-01-04 09:02:29  1         2D           06           F8           0A
                                     AF           86           F2           29
                                     09           0B           13           86
                                     D4           27           0C           0B
                                     8A           86           C4           25
                                     17           0B           AF           86
                                     A8           23           29           0B
                                     E8           86           8E
      2026-01-04 09:03:13  1         5B           07           21           38
                                     0C           43           86           70
                                     1F           2D           0C           D0
                                     86           57           1D           4F
                                     0D           14           86           35
                                     1B           59           0D           9D
                                     86           1A           19           69
                                     0E           4F           86
      2026-01-04 09:03:57  1         62           08           05           17
                                     6E           0E           90           85
                                     DF           15           7D           0F
                                     C3           85           CB           13
                                     84           10           BA           85
                                     C0           11           94           11
                                     45           85           A6           0F
                                     9B           0F           BA
      2026-01-04 09:04:41  1         84           09           85           4E
                                     0E           0F           0F           9F
                                     85           35           0E           E3
                                     10           AF           8D           3F
                                     0B           AF           91           D3
                                     A5           D1           0A           F0
                                     12           1E           85           5B
                                     0A           2C           92
      2026-01-04 09:05:25  1         42           0A           65           85
                                     57           09           65           13
                                     05           85           58           08
                                     98           13           16           85
                                     4E           07           D1           13
                                     32           85           4D           07
                                     6F           13           C3           85
                                     5A           07           08
      2026-01-04 09:06:53  1         2B           0C           15           14
                                     F4           85           5E           04
                                     B2           15           5B           85
                                     65           04           4D           15
                                     66           85           5F           03
                                     E5           16           25           85
                                     72           03           84           16
                                     7F           85           71
      2026-01-04 09:07:37  1         B5           0D           03           1E
                                     16           B8           85           5F
                                     02           BD           17           B8
                                     85           3E           02           59
                                     1E           03           84           FE
                                     01           FA           1E           26
                                     85           08           01           C5
                                     1E           39           85
      2026-01-04 09:08:21  1         7C           0E           0B           01
                                     96           1E           C6           85
                                     0C           01           61           1F
                                     39           85           06           01
                                     2D           1F           7D           85
                                     0B           00           E2           1F
                                     7A           85           0A           00
                                     C7           1F           76
      2026-01-04 09:09:05  1         C4           0F           85           0B
                                     08           14           1F           75
                                     85           0B           00           62
                                     1F           73           85           0B
                                     00           27           00           06
                                     FF           98           06           04
                                     2C           51           61           63
                                     64           FF           FF
      2026-01-04 09:09:52  1         6B           01           15           03
                                     1B           48           3B           80
                                     01           00           FF           FC
                                     FD           A2           54           1F
                                     00           01           00           00
                                     91           05           88           37
                                     F8           6E           8E           4F
                                     0F           04           7E
      2026-01-04 09:10:33  2         62           02           3F           C3
                                     59           69           00           F8
                                     01           00           D8           0A
                                     ED           27           46           00
                                     0E           00           22           0A
                                     CA           26           EC           0B
                                     14           27           5E           26
                                     CF           27           9C
02602 152389  17 31 C 3 2026-01-04 09:40:44 -53.820 -158.020  0.000 401649800
      2026-01-04 09:39:09  1         27           0B           14           10
                                     85           5D           06           98
                                     14           19           85           5B
                                     06           42           14           3F
                                     85           5A           05           D8
                                     14           56           85           57
                                     05           76           14           9C
                                     85           58           05
      2026-01-04 09:39:53  1         2B           0C           15           14
                                     F4           85           5E           04
                                     B2           15           5B           85
                                     65           04           4D           15
                                     66           85           5F           03
                                     E5           16           25           85
                                     72           03           84           16
                                     7F           85           71
      2026-01-04 09:40:37  1         B5           0D           03           1E
                                     16           B8           85           5F
                                     02           BD           17           B8
                                     85           3E           02           59
                                     1E           03           84           FE
                                     01           FA           1E           26
                                     85           08           01           C5
                                     1E           39           85
      2026-01-04 09:41:21  1         7C           0E           0B           01
                                     96           1E           C6           85
                                     0C           01           61           1F
                                     39           85           06           01
                                     2D           1F           7D           85
                                     0B           00           E2           1F
                                     7A           85           0A           00
                                     C7           1F           76
      2026-01-04 09:42:05  1         C4           0F           85           0B
                                     00           94           1F           75
                                     85           0B           00           62
                                     1F           73           85           0B
                                     00           27           00           06
                                     FF           98           06           04
                                     2C           51           61           63
                                     64           FF           FF
      2026-01-04 09:42:52  1         63           01           18           03
                                     1B           48           3B           80
                                     01           00           FF           FC
                                     FD           A2           54           1F
                                     00           00           00           00
                                     91           05           88           37
                                     78           CC           8F           4B
                                     0F           03           DE
      2026-01-04 09:44:17  1         EB           03           50           7B
                                     09           15           0A           DC
                                     86           E4           27           3A
                                     08           00           87           D8
                                     4E           22           08           43
                                     87           D0           4A           33
                                     08           83           87           C6
                                     46           4F           08
      2026-01-04 09:45:01  1         BB           04           C1           87
                                     BB           42           63           09
                                     0A           87           A8           3E
                                     7D           09           3F           87
                                     97           3A           9B           09
                                     7D           87           7F           36
                                     B2           09           A0           87
                                     70           34           B9
      2026-01-04 09:45:45  1         80           05           09           D1
                                     87           5B           32           CC
                                     09           FB           87           47
                                     30           D2           0A           31
                                     87           38           2E           DE
                                     0A           4F           87           24
                                     2C           EF           0A           73
                                     87           12           2A
      2026-01-04 09:46:29  1         2D           06           F8           0A
                                     AF           86           F2           29
                                     09           0B           13           86
                                     D4           27           0C           0B
                                     8A           86           C4           25
                                     17           0B           AF           86
                                     A8           23           29           0B
                                     E8           86           8E
      2026-01-04 09:47:13  1         5B           07           21           38
                                     0C           43           86           70
                                     1F           2D           0C           D0
                                     86           57           1D           4F
                                     0D           14           86           35
                                     1B           59           0D           9D
                                     86           1A           19           69
                                     0E           4F           86
      2026-01-04 09:47:57  2         62           08           05           17
                                     6E           0E           90           85
                                     DF           15           7D           0F
                                     C3           85           CB           13
                                     84           10           BA           85
                                     C0           11           94           11
                                     45           85           A6           0F
                                     9B           0F           BA
      2026-01-04 09:48:41  2         84           09           85           4E
                                     0E           0F           0F           9F
                                     85           35           0C           E7
                                     10           AF           85           3F
                                     0B           B7           11           12
                                     85           41           0A           F0
                                     12           1E           85           5B
                                     0A           28           12
      2026-01-04 09:49:25  2         42           0A           65           85
                                     57           09           65           13
                                     05           85           58           08
                                     98           13           16           85
                                     4E           07           D1           13
                                     32           85           4D           07
                                     6F           13           C3           85
                                     5A           07           08
02602 152389  15 31 3 3 2026-01-04 09:47:01 -53.820 -158.024  0.000 401649800
      2026-01-04 09:42:05  1         C4           0F           85           0B
                                     00           94           1F           75
                                     85           0B           00           62
                                     1F           73           85           0B
                                     00           27           00           06
                                     FF           98           06           04
                                     2C           51           61           63
                                     64           FF           FF
      2026-01-04 09:42:52  1         63           01           18           03
                                     1B           48           3B           80
                                     01           00           FF           FC
                                     FD           A2           54           1F
                                     00           00           00           00
                                     91           05           88           37
                                     78           CC           8F           4B
                                     0F           03           DE
      2026-01-04 09:43:33  1         62           02           3F           C3
                                     59           69           00           F8
                                     01           00           D8           0A
                                     ED           27           46           00
                                     0E           00           22           0A
                                     CA           26           EC           0B
                                     14           27           5E           26
                                     CF           27           9C
      2026-01-04 09:44:17  1         EB           03           50           7B
                                     09           15           0A           DC
                                     86           E4           27           3A
                                     08           00           87           D8
                                     4E           22           08           43
                                     87           D0           4A           33
                                     08           83           87           C6
                                     46           4F           08
      2026-01-04 09:45:01  1         BB           04           C1           87
                                     BB           42           63           09
                                     0A           87           A8           3E
                                     7D           09           3F           87
                                     97           3A           9B           09
                                     7D           87           7F           36
                                     B2           09           A0           87
                                     70           34           B9
      2026-01-04 09:45:45  1         80           05           09           D1
                                     87           5B           32           CC
                                     09           FB           87           47
                                     30           D2           0A           31
                                     87           38           2E           DE
                                     0A           4F           87           24
                                     2C           EF           0A           73
                                     87           12           2A
      2026-01-04 09:46:29  1         2D           06           F8           0A
                                     AF           86           F2           29
                                     09           0B           13           86
                                     D4           27           0C           0B
                                     8A           86           C4           25
                                     17           0B           AF           86
                                     A8           23           29           0B
                                     E8           86           8E
      2026-01-04 09:47:13  1         5B           07           21           38
                                     0C           43           86           70
                                     1F           2D           0C           D0
                                     86           57           1D           4F
                                     0D           14           86           35
                                     1B           59           0D           9D
                                     86           1A           19           69
                                     0E           4F           86
      2026-01-04 09:48:41  1         84           09           85           4E
                                     0E           0F           0F           9F
                                     85           35           0C           E7
                                     10           AF           85           3F
                                     0B           B7           11           12
                                     85           41           0A           F0
                                     12           1E           85           5B
                                     0A           28           12
      2026-01-04 09:50:09  1         27           0B           14           10
                                     85           5D           06           98
                                     14           19           85           5B
                                     06           42           14           3F
                                     85           5A           05           D8
                                     14           56           85           57
                                     05           76           14           9C
                                     85           58           05
      2026-01-04 09:50:53  1         2B           0C           15           14
                                     F4           85           5E           04
                                     B2           15           5B           85
                                     65           04           4D           15
                                     66           85           5F           03
                                     E5           16           25           85
                                     72           03           84           16
                                     7F           85           71
      2026-01-04 09:51:37  1         B5           0D           03           1E
                                     16           B8           85           5F
                                     02           BD           17           B8
                                     85           3E           02           59
                                     1E           03           84           FE
                                     01           FA           1E           26
                                     85           08           01           C5
                                     1E           39           85
      2026-01-04 09:52:21  2         7C           0E           0B           01
                                     96           1E           C6           85
                                     0C           01           61           1F
                                     39           85           06           01
                                     2D           1F           7D           85
                                     0B           00           E2           1F
                                     7A           85           0A           00
                                     C7           1F           76
      2026-01-04 09:53:05  1         C4           0F           85           0B
                                     00           9C           1F           75
                                     85           0B           02           62
                                     1F           73           85           0B
                                     00           27           00           06
                                     FF           98           06           04
                                     2C           51           61           63
                                     64           FF           FF
02602 152389   4 31 B 1 2026-01-04 10:46:14 -53.817 -158.000  0.000 401649802
      2026-01-04 10:40:45  1         80           05           09           D1
                                     87           5B           32           CC
                                     09           FB           87           47
                                     30           D2           0A           31
                                     87           38           2E           DE
                                     0A           5F           87           06
                                     28           C6           26           3B
                                     87           12           2E
      2026-01-04 10:44:25  1         42           0A           65           85
                                     57           09           65           13
                                     05           85           58           08
                                     98           13           16           85
                                     4E           07           D1           13
                                     32           85           4D           07
                                     6F           13           C3           C5
                                     5A           03           08
      2026-01-04 10:45:53  1         2B           0C           15           14
                                     F4           85           5E           04
                                     B2           15           5B           85
                                     65           04           4D           15
                                     66           85           5F           03
                                     E5           16           25           85
                                     72           03           84           16
                                     7F           85           71
02602 152389  11 31 C 1 2026-01-04 11:26:12 -53.807 -158.003  0.000 401649799
      2026-01-04 11:18:09  1         27           0B           14           10
                                     85           5D           06           98
                                     14           19           85           5B
                                     06           42           14           3F
                                     85           5A           05           D8
                                     14           56           85           57
                                     05           76           14           9C
                                     85           58           05
      2026-01-04 11:18:53  1         2B           0C           15           14
                                     F4           85           5E           04
                                     B2           15           5B           85
                                     65           04           4D           15
                                     66           85           5F           03
                                     E5           16           25           85
                                     72           03           84           16
                                     7F           85           71
      2026-01-04 11:19:37  1         B5           0D           03           1E
                                     16           B8           85           5F
                                     02           BD           17           B8
                                     85           3E           02           59
                                     1E           03           84           FE
                                     01           FA           1E           26
                                     85           08           01           C5
                                     1E           39           85
      2026-01-04 11:20:21  1         7C           0E           0B           01
                                     96           1E           C6           85
                                     0C           01           61           1F
                                     39           85           06           01
                                     2D           1F           7D           85
                                     0B           00           E2           1F
                                     7A           85           0A           00
                                     C7           1F           76
      2026-01-04 11:21:05  1         C4           0F           85           0B
                                     00           94           1F           75
                                     85           0B           00           62
                                     1F           73           85           0B
                                     00           27           00           06
                                     FF           98           06           04
                                     2C           51           61           63
                                     64           FF           FF
      2026-01-04 11:21:52  1         49           01           21           03
                                     1B           48           3B           80
                                     01           00           FF           FC
                                     FD           A2           54           1F
                                     00           00           00           00
                                     91           05           88           37
                                     78           CC           8F           4B
                                     0F           03           DE
      2026-01-04 11:22:33  1         62           7C           2F           C3
                                     59           69           00           F8
                                     01           00           D9           03
                                     ED           27           56           00
                                     0E           00           22           0A
                                     CA           26           EC           0B
                                     14           27           5E           26
                                     CF           27           9C
      2026-01-04 11:23:17  1         EB           03           50           7B
                                     09           15           0A           DC
                                     86           E4           27           3A
                                     08           00           87           D8
                                     4E           22           08           43
                                     87           D0           4A           33
                                     08           83           87           C6
                                     46           4F           08
      2026-01-04 11:24:01  1         BB           04           C1           87
                                     BB           42           63           09
                                     0A           87           A8           3E
                                     7D           09           3F           87
                                     97           3A           9B           09
                                     7D           87           7F           36
                                     B2           09           A0           87
                                     70           34           B9
      2026-01-04 11:25:29  1         2D           06           F8           0A
                                     AF           86           F2           29
                                     09           0B           13           86
                                     D4           27           0C           0B
                                     8A           86           C4           25
                                     17           0B           AF           86
                                     A8           23           29           0B
                                     E8           86           8E
      2026-01-04 11:26:57  1         62           08           05           17
                                     6E           0E           90           85
                                     DF           15           7D           0F
                                     C3           85           CB           13
                                     84           10           BA           85
                                     C0           11           94           11
                                     45           85           A6           0F
                                     9B           0F           BA
02602 152389  17 31 3 1 2026-01-04 11:26:25 -53.802 -157.977  0.000 401649800
      2026-01-04 11:21:52  1         49           01           21           03
                                     1B           48           3B           80
                                     01           00           FF           FC
                                     FD           A2           54           1F
                                     00           00           00           00
                                     91           05           88           37
                                     78           CC           8F           4B
                                     0F           03           DE
      2026-01-04 11:23:17  1         EB           03           50           7B
                                     09           15           0A           DC
                                     86           E4           27           3A
                                     08           00           87           D8
                                     4E           22           08           43
                                     87           D0           4A           33
                                     08           83           87           C6
                                     46           4F           08
      2026-01-04 11:24:01  1         BB           04           C1           87
                                     BB           42           63           09
                                     0A           87           A8           3E
                                     7D           09           3F           87
                                     97           3A           9B           09
                                     7D           87           7F           36
                                     B2           09           A0           87
                                     70           34           B9
      2026-01-04 11:24:45  1         80           05           09           D1
                                     87           5B           32           CC
                                     09           FB           87           47
                                     30           D2           0A           31
                                     87           38           2E           DE
                                     0A           4F           87           24
                                     2C           EF           0A           73
                                     87           12           2A
      2026-01-04 11:25:29  1         2D           06           F8           0A
                                     AF           86           F2           29
                                     09           0B           13           86
                                     D4           27           0C           0B
                                     8A           86           C4           25
                                     17           0B           AF           86
                                     A8           23           29           0B
                                     E8           86           8E
      2026-01-04 11:26:57  1         62           08           05           17
                                     6E           0E           90           85
                                     DF           15           7D           0F
                                     C3           85           CB           13
                                     84           10           BA           85
                                     C0           11           94           11
                                     45           85           A6           0F
                                     9B           0F           BA
      2026-01-04 11:27:41  1         84           09           85           4E
                                     0E           0F           0F           9F
                                     85           35           0C           E7
                                     10           AF           85           3F
                                     0B           B7           11           12
                                     85           41           0A           F0
                                     12           1E           85           5B
                                     0A           28           12
      2026-01-04 11:28:25  1         42           0A           65           85
                                     57           09           65           13
                                     05           85           58           08
                                     98           13           16           85
                                     4E           07           D1           13
                                     32           85           4D           07
                                     6F           13           C3           85
                                     5A           07           08
      2026-01-04 11:29:09  1         27           0B           14           10
                                     85           5D           06           98
                                     14           19           85           5B
                                     06           42           14           3F
                                     85           5A           05           D8
                                     14           56           85           57
                                     05           76           14           9C
                                     85           58           05
      2026-01-04 11:29:53  1         2B           0C           15           14
                                     F4           85           5E           04
                                     B2           15           1B           87
                                     67           06           4D           15
                                     66           85           5F           03
                                     E5           16           25           C5
                                     72           03           84           16
                                     7F           85           71
      2026-01-04 11:30:37  2         B5           0D           03           1E
                                     16           B8           85           5F
                                     02           BD           17           B8
                                     85           3E           02           59
                                     1E           03           84           FE
                                     01           FA           1E           26
                                     85           08           01           C5
                                     1E           39           85
      2026-01-04 11:31:21  2         7C           0E           0B           01
                                     96           1E           C6           85
                                     0C           01           61           1F
                                     39           85           06           01
                                     2D           1F           7D           85
                                     0B           00           E2           1F
                                     7A           85           0A           00
                                     C7           1F           76
      2026-01-04 11:32:05  2         C4           0F           85           0B
                                     00           94           1F           75
                                     85           0B           00           62
                                     1F           73           85           0B
                                     00           27           00           06
                                     FF           98           06           04
                                     2C           51           61           63
                                     64           FF           FF
      2026-01-04 11:32:52  1         95           01           22           03
                                     1B           48           3B           80
                                     01           00           FF           FC
                                     FC           A2           54           1F
                                     00           00           00           00
                                     91           05           88           37
                                     78           CC           8F           4B
                                     0F           03           DE
02602 152389   7 31 C
      2026-01-04 12:57:53  1         2B           0C           15           14
                                     F4           85           5E           04
                                     B2           15           5B           85
                                     67           04           4D           15
                                     66           85           5F           03
                                     E5           16           25           85
                                     72           03           84           16
                                     7F           85           71
      2026-01-04 12:58:37  1         B5           0D           03           1E
                                     16           B8           85           5F
                                     02           BD           17           B8
                                     85           3E           02           59
                                     1E           03           84           FE
                                     01           FA           1E           26
                                     85           08           01           C5
                                     1E           39           85
      2026-01-04 12:59:21  1         7C           0E           0B           01
                                     96           1E           C6           85
                                     0C           01           61           1F
                                     39           85           06           01
                                     2D           1F           7D           85
                                     0B           00           E2           1F
                                     7A           85           0A           00
                                     C7           1F           76
      2026-01-04 13:00:05  1         C4           0F           85           0B
                                     00           94           1F           75
                                     85           0B           00           62
                                     1F           73           85           0B
                                     40           27           00           06
                                     FF           98           06           04
                                     2C           51           61           63
                                     64           FF           FF
      2026-01-04 13:00:52  1         FD           01           2A           03
                                     1B           48           3B           80
                                     01           00           FF           FC
                                     FC           A2           54           1F
                                     00           00           00           00
                                     91           05           88           37
                                     78           CC           8F           4B
                                     0F           03           DE
      2026-01-04 13:01:33  1         62           02           3F           C3
                                     59           69           00           F8
                                     01           00           D8           0A
                                     EC           27           C6           84
                                     2E           20           0F           0A
                                     E6           26           BE           F5
                                     8B           4A           AF           13
                                     63           93           CE
      2026-01-04 13:02:17  1         EB           03           50           7B
                                     0B           15           0A           DC
                                     86           E4           27           3A
                                     08           00           87           D8
                                     4E           22           08           43
                                     87           D0           4A           33
                                     08           83           87           C6
                                     46           4F           08
02602 152389  16 31 3 3 2026-01-04 13:03:30 -53.791 -157.983  0.000 401649799
      2026-01-04 12:57:53  1         2B           0C           15           14
                                     F4           85           5E           04
                                     B2           35           5B           85
                                     6F           64           4D           15
                                     66           85           5F           03
                                     E5           16           25           85
                                     72           03           84           16
                                     FF           85           71
      2026-01-04 12:59:21  1         7C           0E           0B           01
                                     96           1E           C6           85
                                     0C           01           61           1F
                                     39           85           06           01
                                     2D           1F           7D           85
                                     0B           00           E2           1F
                                     7A           85           0A           00
                                     C7           1F           76
      2026-01-04 13:00:05  1         C4           0F           85           0B
                                     00           94           1F           75
                                     85           0B           00           62
                                     1F           73           85           0B
                                     00           27           00           06
                                     FF           98           06           04
                                     2C           51           61           63
                                     64           FF           FF
      2026-01-04 13:00:52  1         FD           01           2A           03
                                     1B           48           3B           80
                                     01           00           FF           FC
                                     FC           A2           54           1F
                                     00           00           00           00
                                     91           05           88           37
                                     78           CC           8F           4B
                                     0F           03           DE
      2026-01-04 13:01:33  1         62           02           3F           C3
                                     59           69           00           F8
                                     01           00           D8           0A
                                     ED           27           46           00
                                     0E           00           22           0A
                                     CA           26           EC           0B
                                     14           27           5E           26
                                     CF           27           9C
      2026-01-04 13:02:17  1         EB           03           50           7B
                                     09           15           0A           DC
                                     86           E4           27           3A
                                     08           00           87           D8
                                     4E           22           08           43
                                     87           D0           4A           33
                                     08           83           87           C6
                                     46           4F           08
      2026-01-04 13:03:01  1         BB           04           C1           87
                                     BB           42           63           09
                                     0A           87           A8           3E
                                     7D           09           3F           87
                                     97           3A           9B           09
                                     7D           87           7F           36
                                     B2           09           A0           87
                                     70           34           B9
      2026-01-04 13:03:45  1         80           05           09           D1
                                     87           5B           32           CC
                                     09           FB           87           47
                                     30           D2           0A           31
                                     87           38           2E           DE
                                     0A           4F           87           24
                                     2C           EF           0A           73
                                     87           12           2A
      2026-01-04 13:04:29  1         2D           06           F8           0A
                                     AF           86           F2           29
                                     09           0B           13           86
                                     D4           27           0C           0B
                                     8A           86           C4           25
                                     17           0B           AF           86
                                     A8           23           29           0B
                                     E8           86           8E
      2026-01-04 13:05:13  1         5B           07           21           38
                                     0C           43           86           70
                                     1F           2D           0C           D0
                                     86           57           1D           4F
                                     0D           14           86           35
                                     1B           59           0D           9D
                                     86           1A           19           69
                                     0E           4F           86
      2026-01-04 13:05:57  1         62           08           05           17
                                     6E           0E           90           85
                                     DF           15           7D           0F
                                     C3           85           CB           13
                                     84           10           BA           85
                                     C0           11           94           11
                                     45           85           A6           0F
                                     9B           0F           BA
      2026-01-04 13:06:41  1         84           09           85           4E
                                     0E           0F           0F           9F
                                     85           35           0C           E7
                                     10           AF           85           3F
                                     0B           B7           11           12
                                     85           41           0A           F0
                                     12           1E           85           5B
                                     0A           28           12
      2026-01-04 13:08:09  1         27           0B           14           10
                                     85           5D           06           98
                                     14           19           85           5B
                                     06           42           14           3F
                                     85           5A           05           D8
                                     14           56           85           57
                                     05           76           14           9C
                                     85           58           05
      2026-01-04 13:08:53  1         2B           0C           15           14
                                     F4           85           5E           04
                                     B2           15           5B           85
                                     65           04           4D           15
                                     66           85           5F           03
                                     E5           16           25           85
                                     72           03           84           16
                                     7F           85           71
      2026-01-04 13:09:37  2         B5           0D           03           1E
                                     16           B8           85           5F
                                     02           BD           17           B8
                                     85           3E           02           59
                                     1E           03           84           FE
                                     01           FA           1E           26
                                     85           08           01           C5
                                     1E           39           85
02602 152389   1 31 C
      2026-01-04 14:36:53  1         2B           0C           15           14
                                     F0           85           5E           04
                                     B2           15           5B           85
                                     75           04           4D           15
                                     66           85           5F           03
                                     E5           16           25           85
                                     F2           03           84           16
                                     7F           85           71
02602 152389   6 31 3
      2026-01-04 14:37:37  1         B5           0D           03           1E
                                     16           B8           85           7F
                                     02           BD           17           B8
                                     85           3E           02           59
                                     1E           03           84           FE
                                     01           FA           1E           26
                                     85           88           01           C5
                                     1E           39           8D
      2026-01-04 14:39:05  1         C4           0F           8D           09
                                     00           94           1F           75
                                     85           0B           00           62
                                     1F           73           85           0B
                                     00           27           00           06
                                     FF           98           06           04
                                     2C           51           61           63
                                     64           FF           7C
      2026-01-04 14:39:52  1         44           01           33           03
                                     1B           48           3B           80
                                     01           00           FF           FC
                                     FC           A2           54           1F
                                     00           00           00           00
                                     91           05           88           37
                                     78           CC           8F           4B
                                     0F           03           DE
      2026-01-04 14:40:33  1         62           02           3F           C3
                                     59           69           00           F8
                                     01           00           D8           0A
                                     ED           27           46           00
                                     0E           00           22           0A
                                     CA           26           EC           0B
                                     14           27           5E           26
                                     CF           27           9C
      2026-01-04 14:41:17  1         EB           03           50           7B
                                     19           15           0A           DC
                                     86           E4           67           2B
                                     71           04           85           D8
                                     3E           22           00           2A
                                     F6           13           1F           08
                                     C9           3C           28           1C
                                     9C           98           73
      2026-01-04 14:42:01  1         BB           04           C1           87
                                     BB           42           63           09
                                     0A           87           A8           3E
                                     7D           09           3F           87
                                     97           3A           9B           09
                                     7D           87           7F           36
                                     B2           09           A0           87
                                     70           34           B9
02602 152389  14 31 R 2 2026-01-04 14:57:05 -53.784 -157.975  0.000 401649799
      2026-01-04 14:52:17  1         FB           03           50           7A
                                     09           15           0A           DC
                                     86           E4           27           3A
                                     08           00           87           D8
                                     4E           22           08           43
                                     87           D0           4A           33
                                     08           83           87           C6
                                     46           4F           08
      2026-01-04 14:53:01  1         BB           04           C1           87
                                     BB           42           63           09
                                     0A           87           A8           3E
                                     7D           09           3F           87
                                     97           3A           9B           09
                                     7D           87           7F           36
                                     B2           09           A0           87
                                     70           34           B9
      2026-01-04 14:53:45  1         80           05           09           D1
                                     87           5B           32           CC
                                     09           FB           87           47
                                     30           D2           0A           31
                                     87           38           2E           DE
                                     0A           4F           87           24
                                     2C           EF           0A           73
                                     87           12           2A
      2026-01-04 14:54:29  1         2D           06           F8           0A
                                     AF           86           F2           29
                                     09           0B           13           86
                                     D4           27           0C           0B
                                     8A           86           C4           25
                                     17           0B           AF           86
                                     A8           23           29           0B
                                     E8           86           8E
      2026-01-04 14:55:13  1         5B           07           21           38
                                     0C           43           86           70
                                     1F           2D           0C           D0
                                     86           57           1D           4F
                                     0D           14           86           35
                                     1B           59           0D           9D
                                     86           1A           19           69
                                     0E           4F           86
      2026-01-04 14:55:57  1         62           08           05           17
                                     6E           0E           90           85
                                     DF           15           7D           0F
                                     C3           85           CB           13
                                     84           10           BA           85
                                     C0           11           94           11
                                     45           85           A6           0F
                                     9B           0F           BA
      2026-01-04 14:56:41  1         84           09           85           4E
                                     0E           0F           0F           9F
                                     85           35           0C           E7
                                     10           AF           85           3F
                                     0B           B7           11           12
                                     85           41           0A           F0
                                     12           1E           85           5B
                                     0A           28           12
      2026-01-04 14:57:25  1         42           0A           65           85
                                     57           09           65           13
                                     05           85           58           08
                                     98           13           16           85
                                     4E           07           D1           13
                                     32           85           4D           07
                                     6F           13           C3           85
                                     5A           07           08
      2026-01-04 14:58:09  1         27           0B           14           10
                                     85           5D           06           98
                                     14           19           85           5B
                                     06           42           14           3F
                                     85           5A           05           D8
                                     14           56           85           57
                                     05           76           14           9C
                                     85           58           05
      2026-01-04 14:58:53  1         2B           0C           15           14
                                     F4           85           5E           04
                                     B2           15           5B           85
                                     65           04           4D           15
                                     66           85           5F           03
                                     E5           16           25           85
                                     72           03           84           16
                                     7F           85           71
      2026-01-04 14:59:37  1         B5           0D           03           1E
                                     16           B8           85           5F
                                     02           BD           17           B8
                                     85           3E           02           59
                                     1E           03           84           FE
                                     01           FA           1E           26
                                     85           08           01           C5
                                     1E           39           85
      2026-01-04 15:00:21  1         7C           0E           0B           01
                                     96           1E           C6           85
                                     0C           01           61           1F
                                     39           85           06           01
                                     2D           1F           7D           85
                                     0B           00           E2           1F
                                     7A           85           0A           00
                                     C7           1F           76
      2026-01-04 15:01:05  1         C4           0F           85           0B
                                     00           94           1F           75
                                     85           0B           00           62
                                     1F           73           85           0B
                                     00           27           00           06
                                     FF           98           06           04
                                     2C           51           61           63
                                     64           FF           FF
      2026-01-04 15:02:33  1         62           02           3F           C3
                                     59           69           00           F8
                                     01           00           D8           0A
                                     ED           27           46           00
                                     0E           00           22           0A
                                     CA           26           EC           0B
                                     14           27           5E           66
                                     CF           27           9C
02602 152390  18 31 R 3 2026-01-01 19:25:16 -39.947  -38.859  0.000 401649945
      2026-01-01 19:24:55  1         DD           01           03           03
                                     03           45           3A           80
                                     01           00           FF           FB
                                     FA           9E           53           19
                                     00           00           00           00
                                     91           06           88           38
                                     7A           C4           8F           45
                                     0D           03           65
      2026-01-01 19:26:24  1         D0           03           53           7B
                                     09           00           0C           74
                                     86           17           27           27
                                     0B           C0           87           F8
                                     4A           38           0B           8C
                                     87           CF           46           54
                                     0B           9C           87           AC
                                     42           64           0B
      2026-01-01 19:27:10  1         74           04           71           87
                                     7A           3E           7D           0B
                                     5E           87           45           3A
                                     96           0B           60           87
                                     02           36           B4           0B
                                     6A           86           E0           34
                                     C0           0B           86           86
                                     C5           32           CC
      2026-01-01 19:27:56  1         E9           05           0B           8B
                                     86           A9           30           D3
                                     0B           CD           86           87
                                     2E           CA           0B           D6
                                     86           6A           2C           F0
                                     0B           F7           86           4D
                                     2A           F9           0C           2F
                                     86           3A           29
      2026-01-01 19:28:42  1         AB           06           09           0C
                                     6B           86           23           27
                                     13           0C           B1           86
                                     05           25           1A           0D
                                     13           85           EE           23
                                     27           0D           C7           85
                                     DC           21           2E           0E
                                     45           85           CC
      2026-01-01 19:29:28  1         6B           07           1F           3F
                                     0F           05           85           C7
                                     1D           4F           0F           E9
                                     85           C2           1B           3E
                                     10           99           85           BB
                                     19           61           11           93
                                     85           C5           17           6E
                                     12           AA           85
      2026-01-01 19:30:14  1         47           08           D0           15
                                     7C           14           48           85
                                     F0           13           82           16
                                     64           86           1C           11
                                     95           19           08           86
                                     4C           0F           9D           1C
                                     DB           86           BA           0E
                                     15           1F           DD
      2026-01-01 19:31:00  1         0F           09           87           08
                                     0C           E5           23           05
                                     87           6C           0B           BC
                                     25           0F           87           B3
                                     0A           F6           27           EF
                                     88           26           0A           14
                                     29           6E           88           61
                                     09           58           2B
      2026-01-01 19:31:46  1         3A           0A           3D           88
                                     A3           08           94           2D
                                     68           88           FB           07
                                     CF           2E           77           89
                                     28           07           6E           2E
                                     BB           89           21           07
                                     04           2F           61           89
                                     37           06           A1
      2026-01-01 19:32:32  1         FC           0B           30           65
                                     89           60           06           41
                                     31           32           89           7D
                                     05           E0           32           F9
                                     89           C0           05           7B
                                     34           21           89           E9
                                     05           19           35           6A
                                     8A           20           04
      2026-01-01 19:33:18  1         AA           0C           B5           35
                                     DC           8A           2C           04
                                     4B           38           8F           8A
                                     BB           03           ED           39
                                     B3           8A           D6           03
                                     84           39           89           8A
                                     8C           03           24           39
                                     89           8A           18
      2026-01-01 19:34:04  1         0C           0D           02           C1
                                     3B           BB           8A           39
                                     02           5C           3F           DF
                                     89           DB           01           F5
                                     41           6B           89           DC
                                     01           C3           41           C3
                                     89           E1           01           91
                                     41           D9           89
      2026-01-01 19:34:50  1         75           0E           E4           01
                                     5F           41           DB           89
                                     E4           01           29           41
                                     E2           89           E4           00
                                     FA           41           E6           89
                                     E4           00           C4           41
                                     E2           89           F0           34
                                     6B           61           E0
      2026-01-01 19:35:36  1         33           0F           89           E3
                                     00           64           41           EC
                                     89           E4           00           2B
                                     00           06           00           00
                                     06           03           27           4A
                                     5F           63           63           FF
                                     FF           FF           FF           FF
                                     FF           FF           FF
      2026-01-01 19:36:25  1         0D           01           04           03
                                     03           45           3A           80
                                     01           00           FF           FB
                                     FA           9E           53           19
                                     00           00           00           00
                                     91           06           88           38
                                     7A           C4           8F           45
                                     0D           03           65
      2026-01-01 19:37:08  2         86           02           A5           75
                                     56           69           01           5C
                                     00           00           D8           0C
                                     67           27           09           00
                                     09           00           12           0C
                                     52           27           03           0C
                                     7B           27           2C           26
                                     CF           27           32
      2026-01-01 19:37:54  1         87           03           53           7D
                                     09           00           0C           74
                                     86           17           27           27
                                     0B           C0           87           F8
                                     4A           38           0B           8C
                                     87           CF           46           54
                                     0B           9C           87           AC
                                     42           64           0B
02602 152390  16 31 R 2 2026-01-01 21:10:16 -39.936  -38.865  0.000 401649939
      2026-01-01 21:06:04  1         0C           0D           02           C1
                                     7B           BB           8A           39
                                     02           5C           3F           DF
                                     89           DB           01           F5
                                     41           6B           89           DC
                                     01           C3           41           C3
                                     89           E1           01           91
                                     41           D9           89
      2026-01-01 21:06:50  1         75           0E           E4           01
                                     5F           41           DB           89
                                     E4           09           29           60
                                     F8           64           7A           E0
                                     FA           41           E6           89
                                     E4           00           C4           41
                                     E2           89           E3           00
                                     8F           41           E8
      2026-01-01 21:07:36  1         33           0F           89           E3
                                     00           64           41           EC
                                     89           E4           00           2B
                                     00           06           00           00
                                     06           03           27           4A
                                     5F           63           63           FF
                                     FF           FF           FF           FF
                                     FF           FF           FF
      2026-01-01 21:08:25  1         65           01           0C           03
                                     03           45           3A           80
                                     01           00           FF           FB
                                     FA           9E           53           19
                                     00           00           00           00
                                     91           06           88           38
                                     7A           C4           8F           45
                                     0D           03           65
      2026-01-01 21:09:08  1         86           02           A5           75
                                     56           69           01           5C
                                     00           00           D8           0C
                                     67           27           09           00
                                     09           00           12           0C
                                     52           27           03           0C
                                     7B           27           2C           26
                                     CF           27           32
      2026-01-01 21:09:54  1         70           03           53           7C
                                     09           00           0C           74
                                     86           17           27           27
                                     0B           C0           9B           F1
                                     0F           29           24           30
                                     4F           9F           7B           A8
                                     17           39           0F           58
                                     84           C8           47
      2026-01-01 21:10:40  1         74           04           71           87
                                     7A           3E           7D           0B
                                     5E           87           45           3A
                                     96           0B           60           87
                                     02           36           B4           0B
                                     6A           86           E0           34
                                     C0           0B           86           86
                                     C5           32           CC
      2026-01-01 21:11:26  1         E9           05           0B           8B
                                     86           A9           30           D3
                                     0B           CD           86           87
                                     2E           CA           0B           D6
                                     86           6A           2C           F0
                                     0B           F7           86           4D
                                     2A           F9           0C           2F
                                     86           3A           29
      2026-01-01 21:12:12  1         AB           06           09           0C
                                     6B           86           23           27
                                     13           0C           B1           86
                                     05           25           1A           0D
                                     13           85           EE           23
                                     27           0D           C7           85
                                     DC           21           2E           0E
                                     45           85           CC
      2026-01-01 21:12:58  1         6B           07           1F           3F
                                     0F           05           85           C7
                                     1D           4F           0F           E9
                                     85           C2           1B           3E
                                     10           99           85           BB
                                     19           61           11           93
                                     85           C5           17           6E
                                     12           AA           85
      2026-01-01 21:13:44  1         47           08           D0           15
                                     7C           14           48           85
                                     F0           13           82           16
                                     64           86           1C           11
                                     95           19           08           86
                                     4C           0F           9D           1C
                                     DB           86           BA           0E
                                     15           1F           DD
      2026-01-01 21:14:30  1         0F           09           87           08
                                     0C           E5           23           05
                                     87           6C           0B           BC
                                     25           0F           87           B3
                                     0A           F6           27           EF
                                     88           26           0A           14
                                     29           6E           88           61
                                     09           58           2B
      2026-01-01 21:15:16  1         3A           0A           3D           88
                                     A3           08           94           2D
                                     68           88           FB           07
                                     CF           2E           77           89
                                     28           07           6E           2E
                                     BB           89           21           07
                                     04           2F           61           89
                                     37           06           A1
      2026-01-01 21:16:02  1         FC           0B           30           65
                                     89           60           06           41
                                     31           32           89           7D
                                     05           E0           32           F9
                                     89           C0           05           7B
                                     34           21           89           E9
                                     05           19           35           6A
                                     8A           20           04
      2026-01-01 21:16:48  1         AA           0C           B5           35
                                     DC           8A           2C           04
                                     4B           38           8F           8A
                                     BB           03           ED           39
                                     B3           8A           D6           03
                                     84           39           89           8A
                                     8C           03           24           39
                                     89           8A           18
      2026-01-01 21:17:34  1         0C           0D           02           C1
                                     3B           BB           8A           39
                                     02           5C           3F           DF
                                     89           DB           01           F5
                                     41           6B           89           DC
                                     01           C3           41           C3
                                     89           E1           01           91
                                     41           D9           89
02602 152390  12 31 C 1 2026-01-01 22:41:07 -39.930  -38.868  0.000 401649939
      2026-01-01 22:37:18  1         AA           0C           B5           35
                                     DC           8A           2C           04
                                     4B           38           8F           8A
                                     BB           03           ED           39
                                     B3           8A           D6           03
                                     84           39           89           8A
                                     8C           03           24           39
                                     89           8A           18
      2026-01-01 22:38:04  1         0C           0D           02           C1
                                     3B           BB           8A           39
                                     02           5C           3F           DF
                                     89           DB           01           F5
                                     41           6B           89           DC
                                     01           C3           41           C3
                                     89           E1           01           91
                                     41           D9           89
      2026-01-01 22:38:50  1         75           0E           E4           01
                                     5F           41           DB           89
                                     E4           01           29           41
                                     E2           89           E4           00
                                     FA           41           E6           89
                                     E4           00           C4           41
                                     E2           89           E3           00
                                     8F           41           E8
      2026-01-01 22:39:36  1         33           0F           89           E3
                                     00           64           41           EC
                                     89           E4           00           2B
                                     00           06           00           00
                                     06           03           27           4A
                                     5F           63           63           FF
                                     FF           FF           FF           FF
                                     FF           FF           FF
      2026-01-01 22:40:25  1         D9           01           14           03
                                     03           45           3A           80
                                     01           00           FF           FB
                                     F9           9E           53           19
                                     00           00           00           00
                                     91           06           88           38
                                     7A           C4           8F           45
                                     0D           03           65
      2026-01-01 22:41:08  1         86           02           A5           75
                                     56           69           01           5C
                                     00           00           D8           0C
                                     67           27           09           00
                                     09           00           12           0C
                                     52           27           03           0C
                                     7B           27           2C           26
                                     CF           27           32
      2026-01-01 22:41:54  1         70           03           53           7C
                                     09           00           0C           74
                                     86           17           27           27
                                     0B           C0           87           F8
                                     4A           38           0B           8C
                                     87           CF           46           54
                                     0B           9C           87           AC
                                     42           64           0B
      2026-01-01 22:42:40  1         74           04           71           87
                                     7A           3E           7D           0B
                                     5E           87           45           3A
                                     96           0B           60           87
                                     02           36           B4           0B
                                     6A           86           E0           34
                                     C0           0B           86           86
                                     C5           32           CC
      2026-01-01 22:43:26  1         E9           05           0B           8B
                                     86           A9           30           D3
                                     0B           CD           86           87
                                     2E           CA           0B           D6
                                     86           6A           2C           F0
                                     0B           F7           86           4D
                                     2A           F9           0C           2F
                                     86           3A           29
      2026-01-01 22:44:12  1         AB           06           09           0C
                                     6B           86           23           27
                                     13           0C           B1           86
                                     05           25           1A           0D
                                     13           85           EE           23
                                     27           0D           C7           85
                                     DC           21           2E           0E
                                     45           85           CC
      2026-01-01 22:44:58  1         6B           07           1F           3F
                                     0F           05           85           C7
                                     1D           4F           0F           E9
                                     85           C2           1B           3E
                                     10           99           85           BB
                                     19           61           11           93
                                     85           C5           17           6E
                                     12           AA           85
      2026-01-01 22:45:44  1         47           08           D0           15
                                     7C           14           48           85
                                     F0           13           82           16
                                     64           86           1C           11
                                     95           19           08           86
                                     4C           0F           9D           1C
                                     DB           86           BA           0E
                                     15           1F           DD
02602 152390  17 31 B 3 2026-01-01 23:49:24 -39.928  -38.876  0.000 401649938
      2026-01-01 23:37:55  1         4C           01           19           03
                                     03           45           3A           80
                                     01           00           FF           FB
                                     FA           9E           53           19
                                     00           00           00           00
                                     91           06           88           38
                                     7A           C4           8F           45
                                     0D           03           65
      2026-01-01 23:38:38  1         86           02           A5           75
                                     56           69           01           5C
                                     00           00           D8           0C
                                     67           27           09           00
                                     09           00           12           0C
                                     52           27           03           0C
                                     7B           27           2C           26
                                     CF           27           32
      2026-01-01 23:39:24  1         87           03           53           7D
                                     09           00           0C           74
                                     86           17           27           27
                                     0B           C0           87           F8
                                     4B           33           F0           6A
                                     E0           17           7F           88
                                     C5           E4           FC           53
                                     92           64           0B
      2026-01-01 23:40:10  1         74           04           71           87
                                     7A           3E           7D           0B
                                     5E           87           45           38
                                     5E           8B           60           87
                                     02           62           B4           7C
                                     03           78           8F           EE
                                     9F           FA           3C           B8
                                     B8           64           B1
      2026-01-01 23:40:56  1         E9           05           0B           8B
                                     86           A9           30           D3
                                     0B           CD           86           87
                                     2E           CA           0B           D6
                                     86           6A           3C           F0
                                     0B           F7           86           4D
                                     2A           F9           0C           2F
                                     86           3A           29
      2026-01-01 23:41:42  1         AB           06           09           0C
                                     6B           86           23           27
                                     13           0C           B1           86
                                     05           25           1A           0D
                                     13           85           EE           23
                                     27           0D           C7           85
                                     DC           21           2E           0E
                                     45           85           CC
      2026-01-01 23:42:28  1         6B           07           1F           3F
                                     0F           05           85           C7
                                     1D           4F           0F           E9
                                     85           C2           1B           3E
                                     10           99           85           BB
                                     19           61           11           93
                                     85           C5           17           6E
                                     12           AA           85
      2026-01-01 23:43:14  1         47           08           D0           15
                                     7C           14           48           85
                                     F0           13           82           16
                                     64           86           1C           11
                                     95           19           08           86
                                     4C           0F           9D           1C
                                     DB           86           BA           0F
                                     4D           1F           DD
      2026-01-01 23:44:00  1         0F           09           87           08
                                     0C           E5           23           05
                                     87           6C           0B           BC
                                     25           0F           87           B3
                                     0A           F6           27           EF
                                     88           26           0A           14
                                     29           6E           88           61
                                     09           58           2B
      2026-01-01 23:44:46  1         3A           0A           3D           88
                                     A3           08           94           2D
                                     68           88           FB           07
                                     CF           2E           77           89
                                     28           07           6E           2E
                                     BB           89           21           07
                                     04           2F           61           89
                                     37           06           A1
      2026-01-01 23:45:32  1         FC           0B           30           65
                                     89           60           06           41
                                     31           32           89           7D
                                     05           E0           32           F9
                                     89           C0           05           7B
                                     34           21           89           E9
                                     05           19           35           6A
                                     8A           20           04
      2026-01-01 23:46:18  1         AA           0C           B5           35
                                     DC           8A           2C           04
                                     4B           38           8F           8A
                                     BB           03           ED           39
                                     B3           8A           D6           03
                                     84           39           89           8A
                                     8C           03           24           39
                                     89           8A           18
      2026-01-01 23:47:04  1         0C           0D           02           C1
                                     3B           BB           8A           39
                                     02           5C           3F           DF
                                     89           DB           01           F5
                                     41           6B           89           DC
                                     01           C3           41           C3
                                     89           E1           01           91
                                     41           D9           89
      2026-01-01 23:47:50  2         75           0E           E4           01
                                     5F           41           DB           89
                                     E4           01           29           41
                                     E2           89           E4           00
                                     FA           41           E6           89
                                     E4           00           C4           41
                                     E2           89           E3           00
                                     8F           41           E8
      2026-01-01 23:48:36  1         33           0F           89           E3
                                     00           64           41           EC
                                     89           E4           00           2B
                                     00           06           00           00
                                     06           03           27           4A
                                     5F           63           63           FF
                                     FF           FF           FF           FF
                                     FF           FF           FF
      2026-01-01 23:49:25  1         90           01           1A           03
                                     03           45           3A           80
                                     01           00           FF           FB
                                     FB           9E           53           19
                                     00           00           00           00
                                     91           06           88           38
                                     7A           C4           8F           45
                                     0D           03           65
02602 152390  19 31 C 2 2026-01-02 00:28:50 -39.931  -38.884  0.000 401649937
      2026-01-02 00:16:58  1         6B           07           1F           3F
                                     0F           05           85           C7
                                     1D           4F           0F           E9
                                     85           C2           13           3C
                                     59           99           85           BB
                                     19           61           11           93
                                     85           C5           17           6E
                                     12           AA           85
      2026-01-02 00:18:30  1         0F           09           87           08
                                     0C           E5           23           05
                                     87           6C           0B           BC
                                     25           0F           87           B3
                                     0A           F6           27           EF
                                     88           26           0A           14
                                     29           6E           88           61
                                     09           58           2B
      2026-01-02 00:19:16  1         3A           0A           3D           88
                                     A3           08           94           2D
                                     68           88           FB           07
                                     CF           2E           77           89
                                     28           07           6E           2E
                                     BB           89           21           07
                                     04           2F           61           89
                                     37           06           A1
      2026-01-02 00:20:02  1         FC           0B           30           65
                                     89           60           06           41
                                     31           32           89           7D
                                     05           E0           32           F9
                                     89           C0           05           7B
                                     34           21           89           E9
                                     05           19           35           6A
                                     8A           20           04
      2026-01-02 00:20:48  1         AA           0C           B5           35
                                     DC           8A           2C           04
                                     4B           38           8F           8A
                                     BB           03           ED           39
                                     B3           8A           D6           03
                                     84           39           89           8A
                                     8C           03           24           39
                                     89           8A           18
      2026-01-02 00:22:20  1         75           0E           E4           01
                                     5F           41           DB           89
                                     E4           01           29           41
                                     E2           89           E4           00
                                     F8           40           84           89
                                     E4           00           C4           41
                                     E2           89           E3           00
                                     8F           41           E8
      2026-01-02 00:23:06  1         33           0F           89           E3
                                     00           64           41           EC
                                     89           E4           00           2B
                                     00           06           00           00
                                     06           03           27           4A
                                     5F           63           63           FF
                                     FF           FF           FF           FF
                                     FF           FF           FF
      2026-01-02 00:23:55  1         29           01           1D           03
                                     03           45           3A           80
                                     01           00           FF           FB
                                     F9           9E           53           19
                                     00           00           00           00
                                     91           06           88           38
                                     7A           C4           8F           45
                                     0D           03           65
      2026-01-02 00:24:38  1         86           02           A5           75
                                     56           69           01           5C
                                     00           00           D8           0C
                                     67           27           09           00
                                     09           00           12           0C
                                     52           27           03           0C
                                     7B           27           2C           26
                                     CF           27           32
      2026-01-02 00:25:24  1         D0           03           53           7B
                                     09           00           0C           74
                                     86           17           27           27
                                     0B           C0           87           F8
                                     4A           38           0B           8C
                                     87           CF           46           54
                                     0B           9C           87           AC
                                     42           64           0B
      2026-01-02 00:26:10  2         74           04           71           87
                                     7A           3E           7D           0B
                                     5E           87           45           3A
                                     96           0B           60           87
                                     02           36           B4           0B
                                     6A           86           E0           34
                                     C0           0B           86           86
                                     C5           32           CC
      2026-01-02 00:26:56  2         E9           05           0B           8B
                                     86           A9           30           D3
                                     0B           CD           86           87
                                     2E           CA           0B           D6
                                     86           6A           2C           F0
                                     0B           F7           86           4D
                                     2A           F9           0C           2F
                                     86           3A           29
      2026-01-02 00:27:42  2         AB           06           09           0C
                                     6B           86           23           27
                                     13           0C           B1           86
                                     05           25           1A           0D
                                     13           85           EE           23
                                     27           0D           C7           85
                                     DC           21           2E           0E
                                     45           85           CC
      2026-01-02 00:28:28  1         6B           07           1F           3F
                                     0F           05           85           C7
                                     1D           4F           0F           E9
                                     85           C2           1B           3E
                                     10           99           85           BB
                                     19           61           11           93
                                     85           C5           17           6E
                                     12           AA           85
      2026-01-02 00:29:14  2         47           08           D0           15
                                     7C           14           48           85
                                     F0           13           82           16
                                     64           86           1C           11
                                     95           19           08           86
                                     4C           0F           9D           1C
                                     DB           86           BA           0E
                                     15           1F           DD
02602 152390   6 31 B 1 2026-01-02 01:19:04 -39.931  -38.879  0.000 401649937
      2026-01-02 01:16:46  1         3A           0A           3D           88
                                     A3           08           94           2D
                                     68           88           FB           07
                                     CF           2E           77           89
                                     28           07           6E           2E
                                     BB           89           21           07
                                     04           2F           61           89
                                     37           06           A1
      2026-01-02 01:17:32  1         FC           0B           30           65
                                     89           60           06           41
                                     31           32           89           7D
                                     05           E0           32           F9
                                     89           C0           05           7B
                                     34           21           89           E9
                                     05           19           35           6A
                                     8A           20           04
      2026-01-02 01:18:18  1         AA           0C           B5           35
                                     DC           8A           2C           04
                                     4B           38           8F           8A
                                     BB           03           ED           39
                                     B3           8A           D6           03
                                     84           39           89           8A
                                     8C           03           24           39
                                     89           8A           18
      2026-01-02 01:19:50  1         75           0E           E4           01
                                     5F           41           DB           89
                                     E4           01           29           41
                                     E2           89           E4           00
                                     FA           41           E6           89
                                     E4           00           C4           41
                                     E2           89           E3           00
                                     8F           41           E8
      2026-01-02 01:20:36  1         33           0F           89           E3
                                     00           64           41           EC
                                     89           E4           00           2B
                                     00           06           00           00
                                     06           03           27           4A
                                     5F           63           63           FF
                                     FF           FF           FF           FF
                                     FF           FF           FF
      2026-01-02 01:21:25  1         CB           01           22           03
                                     03           45           3A           80
                                     01           00           FF           FB
                                     F9           9E           53           19
                                     00           00           00           00
                                     91           06           88           38
                                     7A           C4           8F           45
                                     0D           03           65
02602 152390  11 31 3
      2026-01-02 01:21:25  1         CB           01           22           03
                                     03           45           3A           80
                                     01           00           FF           FB
                                     F9           9E           53           19
                                     00           00           00           00
                                     91           06           88           38
                                     7A           C4           8F           45
                                     0D           03           65
      2026-01-02 01:22:08  1         86           02           A5           75
                                     56           69           01           5C
                                     00           00           D8           0C
                                     67           27           09           00
                                     09           00           12           0C
                                     52           27           03           0C
                                     7B           27           2C           26
                                     CF           27           32
      2026-01-02 01:22:54  1         70           03           53           7C
                                     09           00           0C           74
                                     86           17           27           27
                                     0B           C0           87           F8
                                     4A           38           0B           8C
                                     87           CF           46           54
                                     0B           9C           87           AC
                                     42           64           0B
      2026-01-02 01:23:40  1         74           04           71           87
                                     7A           3E           7D           0B
                                     5E           87           45           3A
                                     96           0B           60           87
                                     02           36           B4           0B
                                     6A           86           E0           34
                                     C0           0B           86           86
                                     C5           32           CC
      2026-01-02 01:24:26  1         E9           05           0B           8B
                                     86           A9           30           D3
                                     0B           CD           86           87
                                     2E           CA           0B           D6
                                     86           6A           2C           F0
                                     0B           F7           86           4D
                                     2A           F9           0C           2F
                                     86           3A           29
      2026-01-02 01:25:12  1         AB           06           09           0C
                                     6B           86           23           27
                                     13           0C           B1           86
                                     05           25           1A           0D
                                     13           85           EE           23
                                     27           0D           C7           85
                                     DC           21           2E           0E
                                     45           85           CC
      2026-01-02 01:25:58  1         6B           07           1F           3F
                                     0F           05           85           C7
                                     1D           4F           0F           E9
                                     85           C2           1B           3E
                                     10           99           85           BB
                                     19           61           11           93
                                     85           C5           17           6E
                                     12           AA           85
      2026-01-02 01:26:44  1         47           08           D0           15
                                     7C           14           48           85
                                     F0           13           82           16
                                     64           86           1C           11
                                     95           19           08           86
                                     4C           0F           9D           1C
                                     DB           86           BA           0E
                                     15           1F           DD
      2026-01-02 01:27:30  1         0F           09           87           08
                                     0C           E5           23           05
                                     87           6C           0B           BC
                                     25           0F           87           B3
                                     0A           F6           27           EF
                                     88           26           0A           14
                                     29           6E           88           61
                                     09           58           2B
      2026-01-02 01:28:16  1         3A           0A           3D           88
                                     A3           08           94           2D
                                     68           88           FB           07
                                     CF           2E           77           89
                                     28           07           6E           2E
                                     BB           89           21           07
                                     04           2F           61           89
                                     37           06           A1
      2026-01-02 01:29:02  1         FC           0B           30           65
                                     89           60           06           41
                                     31           32           89           7D
                                     05           E0           32           F9
                                     89           C0           05           7B
                                     34           21           89           E9
                                     05           19           35           6A
                                     8A           20           04
02602 152390  15 31 C 2 2026-01-02 01:57:47 -39.936  -38.878  0.000 401649938
      2026-01-02 01:55:55  1         9B           01           25           03
                                     03           45           3A           80
                                     01           00           FF           FB
                                     F9           9E           53           19
                                     00           00           00           00
                                     91           06           88           38
                                     7A           C4           8F           45
                                     0D           03           65
      2026-01-02 01:56:38  1         86           02           A5           75
                                     56           69           01           5C
                                     00           00           D8           0C
                                     67           27           09           00
                                     09           00           12           0C
                                     52           27           03           0C
                                     7B           27           2C           26
                                     CF           27           32
      2026-01-02 01:57:24  1         70           03           53           7C
                                     09           00           0C           74
                                     86           17           27           27
                                     0B           C0           87           F8
                                     4A           38           0B           8C
                                     87           CF           46           54
                                     0B           9C           87           AC
                                     42           64           0B
      2026-01-02 01:58:10  1         74           04           71           87
                                     7A           3E           7D           0B
                                     5E           87           45           3A
                                     96           0B           60           87
                                     02           36           B4           0B
                                     6A           86           E0           34
                                     C0           0B           86           86
                                     C5           32           CC
      2026-01-02 01:58:56  1         E9           05           0B           8B
                                     86           A9           30           D3
                                     0B           CD           86           87
                                     2E           CA           0B           D6
                                     86           6A           2C           F0
                                     0B           F7           86           4D
                                     2A           F9           0C           2F
                                     86           3A           29
      2026-01-02 01:59:42  1         AB           06           09           0C
                                     6B           86           23           27
                                     13           0C           B1           86
                                     05           25           1A           0D
                                     13           85           EE           23
                                     27           0D           C7           85
                                     DC           21           2E           0E
                                     45           85           CC
      2026-01-02 02:00:28  1         6B           07           1F           3F
                                     0F           05           85           C7
                                     1D           4F           21           92
                                     76           C2           1B           3E
                                     10           99           85           BB
                                     19           61           11           93
                                     85           C5           17           6E
                                     12           AA           85
      2026-01-02 02:01:14  1         47           08           D0           15
                                     7C           14           48           85
                                     F0           13           82           16
                                     64           86           1C           11
                                     95           19           08           86
                                     4C           0F           9D           1C
                                     DB           86           BA           0E
                                     15           1F           DD
      2026-01-02 02:02:00  1         0F           09           87           08
                                     0C           E5           23           05
                                     87           6C           0B           BC
                                     25           0F           87           B3
                                     0A           F6           27           EF
                                     88           26           0A           14
                                     29           6E           88           61
                                     09           58           2B
      2026-01-02 02:02:46  1         3A           0A           3D           88
                                     A3           08           94           2D
                                     68           88           FB           07
                                     CF           2E           77           89
                                     28           07           6E           2E
                                     BB           89           21           07
                                     04           2F           61           89
                                     37           06           A1
      2026-01-02 02:03:32  1         FC           0B           30           65
                                     89           60           06           41
                                     21           32           89           7D
                                     05           E0           32           F9
                                     89           C0           05           7B
                                     34           21           89           E9
                                     05           19           35           6A
                                     8A           20           04
      2026-01-02 02:05:04  1         0C           0D           02           C1
                                     3B           BB           8A           39
                                     02           5C           3F           DF
                                     89           DB           01           F5
                                     41           6B           89           DC
                                     01           C3           41           C3
                                     89           E1           01           91
                                     41           D9           89
      2026-01-02 02:05:50  1         75           0E           E4           01
                                     5F           41           DB           89
                                     E4           01           29           41
                                     E2           89           E4           00
                                     FA           41           E6           89
                                     E4           00           C4           41
                                     E2           89           E3           00
                                     8F           41           E8
      2026-01-02 02:06:36  1         33           0F           89           E3
                                     00           64           41           EC
                                     89           E4           00           2B
                                     00           06           00           00
                                     06           03           27           4A
                                     5F           63           63           FF
                                     FF           FF           FF           FF
                                     FF           FF           FF
      2026-01-02 02:07:25  1         50           01           26           03
                                     03           45           3A           80
                                     01           00           FF           FB
                                     F9           9E           53           19
                                     00           00           00           00
                                     91           06           88           38
                                     7A           C4           8F           45
                                     0D           03           65
02602 152390  16 31 3
      2026-01-02 03:01:02  1         FC           0B           30           65
                                     89           60           06           41
                                     31           32           89           7D
                                     05           E0           32           F9
                                     89           C0           05           7B
                                     34           21           89           E9
                                     05           19           35           6A
                                     8A           20           04
      2026-01-02 03:01:48  1         AA           0C           B5           35
                                     DC           8A           2C           04
                                     4B           38           8F           8A
                                     BB           03           ED           39
                                     B3           8B           DE           03
                                     84           39           89           8A
                                     8C           03           24           39
                                     89           8A           18
      2026-01-02 03:02:34  1         0C           0D           02           C1
                                     3B           BB           8A           39
                                     02           5C           3F           DF
                                     89           DB           01           F5
                                     41           6B           89           DC
                                     01           C3           41           C3
                                     89           E1           01           91
                                     41           D9           89
      2026-01-02 03:03:20  1         75           0E           E4           01
                                     5F           41           DB           89
                                     E4           01           29           41
                                     E2           89           E4           00
                                     FA           41           E6           89
                                     E4           00           C4           41
                                     E2           89           E3           00
                                     8F           41           E8
      2026-01-02 03:04:06  1         33           0F           89           E3
                                     00           64           41           EC
                                     89           E4           00           2B
                                     00           06           00           00
                                     06           03           27           4A
                                     5F           63           63           FF
                                     FF           FF           FF           FF
                                     FF           FF           FF
      2026-01-02 03:04:54  1         3B           01           2B           03
                                     03           45           3A           80
                                     01           00           FF           FB
                                     F9           9E           53           19
                                     00           00           00           00
                                     91           06           88           38
                                     7E           A4           8F           45
                                     0D           03           65
      2026-01-02 03:05:38  1         86           02           A5           75
                                     56           69           01           5C
                                     00           00           D8           0C
                                     67           27           09           00
                                     09           00           12           0C
                                     52           27           03           0C
                                     7B           27           2C           26
                                     CF           27           32
      2026-01-02 03:06:24  1         70           03           53           7C
                                     09           00           0C           74
                                     86           17           27           27
                                     0B           C0           87           F8
                                     4A           38           0B           8C
                                     87           CF           42           E0
                                     0B           9C           87           AC
                                     46           64           0B
      2026-01-02 03:07:10  1         74           04           71           87
                                     7A           3E           7D           0B
                                     5E           87           45           3A
                                     96           0B           60           87
                                     02           36           B4           0B
                                     6A           86           E0           34
                                     C0           0B           86           86
                                     C5           32           CC
      2026-01-02 03:07:56  1         E9           05           0B           8B
                                     86           A9           30           D3
                                     0B           CD           86           87
                                     2E           CA           0B           D6
                                     86           6A           2C           F0
                                     0B           F7           86           4D
                                     2A           F9           0C           2F
                                     86           3A           29
      2026-01-02 03:08:42  1         AB           06           09           0C
                                     6B           86           23           27
                                     13           0C           B1           86
                                     05           25           1A           0D
                                     13           85           EE           23
                                     27           0D           C7           85
                                     DC           21           2E           0E
                                     45           85           CC
      2026-01-02 03:10:14  2         47           08           D0           15
                                     7C           14           48           85
                                     F0           13           82           16
                                     64           86           1C           11
                                     95           19           08           86
                                     4C           0F           9D           1C
                                     DB           86           BA           0E
                                     15           1F           DD
      2026-01-02 03:11:00  1         0F           09           87           08
                                     0C           E5           23           05
                                     87           6C           0B           BC
                                     25           0F           87           B3
                                     0A           F6           27           EF
                                     88           26           0A           14
                                     29           6E           88           61
                                     09           58           2B
      2026-01-02 03:11:46  2         3A           0A           3D           88
                                     A3           08           94           2D
                                     68           88           FB           07
                                     CF           2E           77           89
                                     28           07           6E           2E
                                     BB           89           21           07
                                     04           2F           61           89
                                     37           06           A1
02602 152392   9 31 3 1 2026-01-03 18:53:16 -44.953   56.242  0.000 401649865
      2026-01-03 18:50:15  1         79           07           1F           43
                                     0B           A8           86           6B
                                     1D           50           0C           59
                                     86           57           1B           56
                                     0D           22           86           44
                                     19           63           0D           51
                                     86           20           17           71
                                     0D           E9           86
      2026-01-03 18:50:59  1         E7           08           09           15
                                     81           0E           45           85
                                     EA           13           8E           0F
                                     6A           85           EC           11
                                     96           12           38           86
                                     1F           0F           A0           11
                                     A3           85           DE           0E
                                     11           13           23
      2026-01-03 18:51:43  1         F9           09           85           F9
                                     0C           E8           13           75
                                     85           E2           0B           B9
                                     14           31           85           E8
                                     0A           F4           15           02
                                     85           E9           0A           2B
                                     16           2B           85           F3
                                     09           61           19
      2026-01-03 18:52:27  1         99           0A           EA           86
                                     56           08           99           1C
                                     0E           86           A9           07
                                     D2           1B           95           86
                                     6E           07           6D           18
                                     EE           85           E5           07
                                     09           18           0F           85
                                     9A           06           A4
      2026-01-03 18:53:11  1         97           0B           18           87
                                     85           83           06           3F
                                     17           C3           85           44
                                     05           E0           18           35
                                     85           2F           05           78
                                     18           E7           85           23
                                     05           03           19           D3
                                     85           2E           04
      2026-01-03 18:53:55  1         0B           0C           B0           19
                                     BA           85           04           04
                                     4D           1B           FB           85
                                     07           03           ED           1B
                                     4C           84           B0           03
                                     87           1E           E0           84
                                     D3           03           26           1E
                                     92           84           84
      2026-01-03 18:54:39  1         72           0D           02           C2
                                     20           63           84           6F
                                     02           48           22           4E
                                     84           42           01           F8
                                     22           70           84           43
                                     01           C2           22           70
                                     84           44           01           8D
                                     22           70           84
      2026-01-03 18:55:23  1         0E           0E           44           01
                                     5F           22           6F           84
                                     44           01           29           22
                                     6E           84           44           00
                                     FB           22           6D           84
                                     44           00           C4           22
                                     6D           84           44           00
                                     95           22           6E
      2026-01-03 18:56:54  1         FC           01           02           03
                                     2B           C9           3A           80
                                     01           00           FF           F7
                                     F7           8E           3E           09
                                     00           00           00           00
                                     92           04           86           36
                                     74           CC           8F           4F
                                     0E           03           A8
02602 152392   5 31 B 2 2026-01-03 19:29:52 -44.960   56.261  0.000 401649871
      2026-01-03 19:29:07  1         50           0F           84           44
                                     00           68           22           6F
                                     84           44           00           2B
                                     00           06           00           00
                                     06           04           2C           4F
                                     20           63           63           FF
                                     FF           FF           FF           FF
                                     FF           FF           FF
      2026-01-03 19:29:54  1         47           01           05           03
                                     2B           49           3A           80
                                     01           00           FF           F7
                                     FA           8E           3E           09
                                     00           00           00           00
                                     92           04           86           36
                                     74           CC           8F           4F
                                     0E           03           A8
      2026-01-03 19:30:35  1         57           02           4A           13
                                     59           69           01           62
                                     04           00           D8           0B
                                     5A           27           03           00
                                     93           00           3E           0A
                                     BC           27           22           0C
                                     64           26           D6           26
                                     72           27           97
      2026-01-03 19:34:59  1         E7           08           09           15
                                     81           0E           45           85
                                     EA           13           8E           0F
                                     6A           85           EC           11
                                     96           12           38           86
                                     1F           0F           A0           11
                                     A3           85           DE           0E
                                     11           13           23
      2026-01-03 19:37:55  1         09           08           B0           19
                                     BA           85           04           04
                                     4D           1F           FB           87
                                     07           09           8A           4F
                                     08           9C           6A           CE
                                     EB           37           66           78
                                     53           EC           F3           A3
                                     E5           B4           84
02602 152392  12 31 C 2 2026-01-03 20:10:28 -44.961   56.269  0.000 401649871
      2026-01-03 20:08:43  1         F9           09           85           F9
                                     0C           E8           13           75
                                     85           E2           0B           B9
                                     14           31           85           E8
                                     0A           F4           15           02
                                     85           E9           0A           2B
                                     16           2B           85           F3
                                     09           61           19
      2026-01-03 20:09:27  1         99           0A           EA           86
                                     56           08           99           1C
                                     0E           86           A9           07
                                     D2           1B           95           86
                                     6E           07           6D           18
                                     EE           85           E5           07
                                     09           18           0F           85
                                     9A           06           A4
      2026-01-03 20:10:11  1         97           0B           18           87
                                     85           83           06           3F
                                     17           C3           85           44
                                     05           E0           18           35
                                     85           2F           05           78
                                     18           E7           85           23
                                     05           03           19           D3
                                     85           2E           04
      2026-01-03 20:11:39  1         72           0D           02           C2
                                     20           63           84           6F
                                     02           48           22           4E
                                     84           42           01           F8
                                     22           70           84           43
                                     01           C2           22           70
                                     84           44           01           8D
                                     22           70           84
      2026-01-03 20:12:23  1         0E           0E           44           01
                                     5F           22           6F           84
                                     44           01           29           22
                                     6E           84           44           00
                                     FB           22           6D           84
                                     44           00           C4           22
                                     6D           84           44           00
                                     95           22           6E
      2026-01-03 20:13:07  1         50           0F           84           44
                                     00           68           22           6F
                                     84           44           00           2B
                                     00           06           00           00
                                     06           04           2C           4F
                                     60           63           63           FF
                                     FF           FF           FF           FF
                                     FF           FF           FF
      2026-01-03 20:13:54  1         5C           01           09           03
                                     2B           49           3A           80
                                     01           00           FF           F7
                                     F7           8E           3E           09
                                     00           00           00           00
                                     92           04           86           36
                                     74           CC           8F           55
                                     0F           03           EB
      2026-01-03 20:15:19  1         62           03           53           7B
                                     09           47           0C           45
                                     87           44           26           CA
                                     08           F5           88           14
                                     4A           33           09           38
                                     88           0A           46           51
                                     09           77           87           FD
                                     42           67           09
      2026-01-03 20:16:03  1         C6           04           C4           87
                                     EE           3E           82           0A
                                     01           87           DD           3A
                                     88           0A           57           87
                                     C5           36           AE           0A
                                     9E           87           BD           34
                                     BA           0A           90           87
                                     AA           32           BE
      2026-01-03 20:17:31  1         99           06           FF           0C
                                     10           87           39           27
                                     15           0C           B0           87
                                     29           25           22           0C
                                     87           87           0D           23
                                     2C           0B           AE           86
                                     C3           21           34           0C
                                     81           86           B4
      2026-01-03 20:18:15  1         79           07           1F           43
                                     0B           A8           86           6B
                                     1D           50           0C           59
                                     86           57           1B           56
                                     0D           22           86           44
                                     19           63           0D           51
                                     86           20           17           71
                                     0D           E9           86
      2026-01-03 20:18:59  1         E7           08           09           15
                                     81           0E           45           85
                                     EA           13           8E           0F
                                     6A           85           EC           11
                                     96           12           38           86
                                     1F           0F           A0           11
                                     A3           85           DE           0E
                                     11           13           23
02602 152392  19 31 3 3 2026-01-03 20:32:55 -44.960   56.270  0.000 401649871
      2026-01-03 20:26:19  1         62           03           53           7B
                                     09           47           0C           45
                                     87           44           26           CA
                                     08           F5           88           14
                                     4A           33           09           38
                                     88           0A           46           51
                                     09           77           87           FD
                                     42           67           09
      2026-01-03 20:29:15  1         79           07           1F           43
                                     0B           A8           86           6B
                                     1D           50           0C           59
                                     86           57           1B           56
                                     0D           22           86           44
                                     19           63           0D           51
                                     86           20           17           71
                                     0D           E9           86
      2026-01-03 20:29:59  1         E7           08           09           15
                                     81           0E           45           85
                                     EA           13           8E           0F
                                     6A           85           EC           11
                                     96           12           38           86
                                     1F           0F           A0           11
                                     A3           85           DE           0E
                                     11           13           23
      2026-01-03 20:30:43  1         F9           09           85           F9
                                     0C           E8           13           75
                                     85           E2           0B           B9
                                     14           31           85           E8
                                     0A           F4           15           02
                                     85           E9           0A           2B
                                     16           2B           85           F3
                                     09           61           19
      2026-01-03 20:31:27  1         99           0A           EA           86
                                     56           08           99           1C
                                     0E           86           A9           07
                                     D2           1B           95           86
                                     6E           07           6D           18
                                     EE           85           E5           07
                                     09           18           0F           85
                                     9A           06           A4
      2026-01-03 20:32:11  1         97           0B           18           87
                                     85           83           06           3F
                                     17           C3           85           44
                                     05           E0           18           35
                                     85           2F           05           78
                                     18           E7           85           23
                                     05           03           19           D3
                                     85           2E           04
      2026-01-03 20:32:55  1         0B           0C           B0           19
                                     BA           85           04           04
                                     4D           1B           FB           85
                                     07           03           ED           1B
                                     4C           84           B0           03
                                     87           1E           E0           84
                                     D3           03           26           1E
                                     92           84           84
      2026-01-03 20:33:39  1         72           0D           02           C2
                                     20           63           84           6F
                                     02           48           22           4E
                                     84           42           01           F8
                                     22           70           84           43
                                     01           C2           22           70
                                     84           44           01           8D
                                     22           70           84
      2026-01-03 20:34:23  1         0E           0E           44           01
                                     5F           22           6F           84
                                     44           01           29           22
                                     6E           84           44           00
                                     FB           22           6D           84
                                     44           00           C4           22
                                     6D           84           44           00
                                     95           22           6E
      2026-01-03 20:35:07  1         50           0F           84           44
                                     00           68           22           6F
                                     84           44           00           2B
                                     00           06           00           00
                                     06           04           2C           4F
                                     60           63           63           FF
                                     FF           FF           FF           FF
                                     FF           FF           FF
      2026-01-03 20:35:54  1         6C           01           0B           03
                                     2B           49           3A           80
                                     01           00           FF           F7
                                     F7           8E           3E           09
                                     00           00           00           00
                                     92           04           86           36
                                     74           CC           8F           55
                                     0F           03           EB
      2026-01-03 20:36:35  1         57           02           4A           13
                                     59           69           01           62
                                     04           00           D8           0B
                                     5A           27           03           00
                                     93           00           3E           0A
                                     BC           27           22           0C
                                     64           26           D6           26
                                     72           27           97
      2026-01-03 20:37:19  1         63           03           53           7C
                                     09           47           0C           45
                                     87           44           26           CA
                                     08           F5           88           14
                                     4A           33           09           38
                                     88           0A           46           51
                                     09           77           87           FD
                                     42           67           09
      2026-01-03 20:38:03  2         C6           04           C4           87
                                     EE           3E           82           0A
                                     01           87           DD           3A
                                     88           0A           57           87
                                     C5           36           AE           0A
                                     9E           87           BD           34
                                     BA           0A           90           87
                                     AA           32           BE
      2026-01-03 20:38:47  2         4B           05           0A           D4
                                     87           9F           30           D0
                                     0A           B8           87           7F
                                     2E           E1           0A           9C
                                     87           60           2C           ED
                                     0A           FE           87           4B
                                     2A           F7           0B           CE
                                     87           4F           28
      2026-01-03 20:39:31  2         99           06           FF           0C
                                     10           87           39           27
                                     15           0C           B0           87
                                     29           25           22           0C
                                     87           87           0D           23
                                     2C           0B           AE           86
                                     C3           21           34           0C
                                     81           86           B4
02602 152392  17 31 3 3 2026-01-03 22:10:27 -44.953   56.297  0.000 401649872
      2026-01-03 22:05:19  1         62           03           53           7B
                                     09           47           0C           45
                                     87           44           26           CA
                                     08           F5           88           14
                                     4A           33           09           38
                                     88           0A           46           51
                                     09           77           87           FD
                                     42           67           09
      2026-01-03 22:06:03  1         C6           04           E4           C7
                                     EE           3E           82           0A
                                     01           87           DD           3A
                                     88           0A           57           87
                                     C5           36           AE           0A
                                     9E           87           BD           34
                                     BA           0A           90           87
                                     AA           32           BE
      2026-01-03 22:06:47  1         4B           05           0A           D4
                                     87           9F           30           D0
                                     0A           B8           87           7F
                                     2E           E1           0A           9C
                                     87           60           2C           ED
                                     0A           FE           87           4B
                                     2A           F7           0B           CE
                                     87           4F           28
      2026-01-03 22:07:31  1         99           06           FF           0C
                                     10           87           39           27
                                     15           0C           B0           87
                                     29           25           22           0C
                                     87           87           0D           23
                                     2C           0B           AE           86
                                     C3           21           34           0C
                                     81           86           B4
      2026-01-03 22:08:15  1         79           07           1F           43
                                     0B           A8           86           6B
                                     1D           50           0C           59
                                     86           57           1B           56
                                     0D           22           86           44
                                     19           63           0D           51
                                     86           20           17           71
                                     0D           E9           86
      2026-01-03 22:08:59  1         E7           08           09           15
                                     81           0E           45           85
                                     EA           13           8E           0F
                                     6A           85           EC           11
                                     96           12           38           86
                                     1F           0F           A0           11
                                     A3           85           DE           0E
                                     11           13           23
      2026-01-03 22:09:43  1         F9           09           85           F9
                                     0C           E8           13           75
                                     85           E2           0B           B9
                                     14           31           85           E8
                                     0A           F4           15           02
                                     85           E9           0A           2B
                                     16           2B           85           F3
                                     09           61           19
      2026-01-03 22:10:27  1         99           0A           EA           86
                                     56           08           99           1C
                                     0E           86           A9           07
                                     D2           1B           95           86
                                     6E           07           6D           18
                                     EE           85           E5           07
                                     09           18           0F           85
                                     9A           06           A4
      2026-01-03 22:11:11  1         97           0B           18           87
                                     85           83           06           3F
                                     17           C3           85           44
                                     05           E0           18           35
                                     85           2F           05           78
                                     18           E7           85           23
                                     05           03           19           D3
                                     85           2E           04
      2026-01-03 22:11:55  1         0B           0C           B0           19
                                     BA           85           04           04
                                     4D           1B           FB           85
                                     07           03           ED           1B
                                     4C           84           B0           03
                                     87           1E           E0           84
                                     D3           03           26           1E
                                     92           84           84
      2026-01-03 22:12:39  1         72           0D           02           C2
                                     20           63           84           6F
                                     02           48           22           4E
                                     84           42           01           F8
                                     22           70           84           43
                                     01           C2           22           70
                                     84           44           01           8D
                                     22           70           84
      2026-01-03 22:13:23  1         0E           0E           44           01
                                     5F           22           6F           84
                                     44           01           29           22
                                     6E           84           44           00
                                     FB           22           6D           84
                                     44           00           C4           22
                                     6D           84           44           00
                                     95           22           6E
      2026-01-03 22:14:07  1         50           0F           84           44
                                     00           68           22           6F
                                     84           44           00           2B
                                     00           06           00           00
                                     06           04           2C           4F
                                     60           63           63           FF
                                     FF           FF           FF           FF
                                     FF           FF           FF
      2026-01-03 22:14:54  1         1F           01           14           03
                                     2B           49           3A           80
                                     01           00           FF           F7
                                     F8           8E           3E           09
                                     00           00           00           00
                                     92           04           86           36
                                     74           CC           8F           55
                                     0F           03           EB
      2026-01-03 22:15:35  2         57           02           4A           13
                                     59           69           01           62
                                     04           00           D8           0B
                                     5A           27           03           00
                                     93           00           3E           0A
                                     BC           27           22           0C
                                     64           26           D6           26
                                     72           27           97
      2026-01-03 22:16:19  1         62           03           53           7B
                                     09           47           08           45
                                     87           44           26           CA
                                     08           F5           88           14
                                     4A           33           09           38
                                     88           0A           46           51
                                     09           77           87           FD
                                     42           67           09
02602 152392  18 31 R 3 2026-01-04 01:31:01 -44.939   56.321  0.000 401649871
      2026-01-04 01:31:23  1         0E           0E           44           01
                                     5F           22           6F           84
                                     44           01           29           22
                                     6E           84           44           00
                                     FB           22           6D           84
                                     44           00           C4           22
                                     6D           84           44           00
                                     95           22           6E
      2026-01-04 01:32:07  1         50           0F           84           44
                                     00           68           22           6F
                                     84           44           00           2B
                                     00           06           00           00
                                     06           04           2C           4F
                                     60           63           63           FF
                                     FF           FF           FF           FF
                                     FF           FF           FF
      2026-01-04 01:32:54  1         F7           01           26           03
                                     2B           49           3A           80
                                     01           00           FF           F2
                                     F2           9E           3E           49
                                     20           01           80           00
                                     92           04           86           26
                                     74           CC           8F           55
                                     0F           03           EB
      2026-01-04 01:33:35  1         57           02           4A           13
                                     59           69           01           62
                                     04           00           D8           0B
                                     5A           26           03           0E
                                     2E           00           3E           0A
                                     BC           27           22           0C
                                     64           26           D6           26
                                     72           27           97
      2026-01-04 01:34:19  1         62           03           53           7B
                                     09           47           0C           45
                                     87           44           26           CA
                                     08           F5           88           14
                                     4A           33           09           38
                                     88           0A           46           51
                                     09           77           87           FD
                                     42           67           09
      2026-01-04 01:35:03  1         C6           04           C4           87
                                     EE           3E           82           0A
                                     01           87           DD           3A
                                     88           0A           57           87
                                     C5           36           AE           0A
                                     9E           87           BD           34
                                     BA           0A           90           87
                                     AA           32           BE
      2026-01-04 01:35:47  1         4B           05           0A           D4
                                     87           9F           30           D0
                                     0A           B8           87           7F
                                     2E           A3           0E           9C
                                     87           60           2C           ED
                                     0A           FE           87           4B
                                     2A           F7           0B           CE
                                     87           4F           28
      2026-01-04 01:36:31  1         99           06           FF           0C
                                     10           87           39           27
                                     15           0C           B0           87
                                     29           25           22           0C
                                     87           87           0D           23
                                     2C           0B           AE           86
                                     C3           21           34           0C
                                     81           86           B4
      2026-01-04 01:37:15  1         79           07           1F           43
                                     0B           A8           86           6A
                                     1D           58           0C           59
                                     86           57           1B           56
                                     0D           22           86           44
                                     19           63           0D           51
                                     86           20           17           71
                                     0D           E9           86
      2026-01-04 01:37:59  1         E7           08           09           15
                                     81           0E           45           85
                                     EA           13           8E           0F
                                     6A           85           EC           11
                                     96           12           38           86
                                     1F           0F           A0           11
                                     A3           85           DE           0E
                                     11           13           23
      2026-01-04 01:38:43  1         F9           09           85           F9
                                     0C           E8           13           75
                                     85           E2           0B           B9
                                     14           31           85           E8
                                     0A           F4           15           02
                                     85           E9           0A           2B
                                     16           2B           85           F3
                                     09           61           19
      2026-01-04 01:39:27  1         99           0A           EA           86
                                     56           08           99           1C
                                     0E           86           A9           07
                                     D2           1B           95           86
                                     6E           07           6D           18
                                     EE           85           E5           07
                                     09           18           0F           85
                                     98           14           A4
      2026-01-04 01:40:11  2         97           0B           18           87
                                     85           83           06           3F
                                     17           C3           85           44
                                     05           E0           18           35
                                     85           2F           05           78
                                     18           E7           85           23
                                     05           03           19           D3
                                     85           2E           04
      2026-01-04 01:40:55  2         0B           0C           B0           19
                                     BA           85           04           04
                                     4D           1B           FB           85
                                     07           03           ED           1B
                                     4C           84           B0           03
                                     87           1E           E0           84
                                     D3           03           26           1E
                                     92           84           84
      2026-01-04 01:41:39  2         72           0D           02           C2
                                     20           63           84           6F
                                     02           48           22           4E
                                     84           42           01           F8
                                     22           70           84           43
                                     01           C2           22           70
                                     84           44           01           8D
                                     22           70           84
02602 152392  11 31 C 1 2026-01-04 02:40:19 -44.937   56.330  0.000 401649872
      2026-01-04 02:36:39  1         72           0D           02           C2
                                     20           63           84           6F
                                     02           48           22           4E
                                     84           42           01           F8
                                     22           70           84           43
                                     01           C2           22           70
                                     84           44           01           8D
                                     22           70           84
      2026-01-04 02:37:23  1         0E           0E           44           01
                                     5F           22           6F           84
                                     44           01           29           22
                                     6E           84           44           00
                                     FB           22           6D           84
                                     44           00           C4           22
                                     6D           84           44           00
                                     95           22           6E
      2026-01-04 02:38:07  1         50           0F           84           44
                                     00           68           22           6F
                                     84           44           00           2B
                                     00           06           00           00
                                     06           04           2C           4F
                                     60           63           63           FF
                                     FF           FF           FF           FF
                                     FF           FF           FF
      2026-01-04 02:38:54  1         AF           01           2C           03
                                     2B           49           3A           80
                                     01           00           FF           F7
                                     F7           8E           3E           09
                                     00           00           00           00
                                     92           04           86           36
                                     74           CC           8F           55
                                     0F           03           EB
      2026-01-04 02:39:35  1         57           02           4A           13
                                     59           69           01           62
                                     04           00           D8           0B
                                     5A           27           03           00
                                     93           00           3E           0A
                                     BC           27           22           0C
                                     64           26           D6           26
                                     72           27           97
      2026-01-04 02:40:19  1         F3           03           53           7A
                                     09           47           0C           45
                                     87           44           26           CA
                                     08           F5           88           14
                                     4A           33           09           38
                                     88           0A           46           51
                                     09           77           87           FD
                                     42           67           09
      2026-01-04 02:41:03  1         C6           04           C4           87
                                     EE           3E           82           0A
                                     01           87           DD           3A
                                     88           0A           57           87
                                     C5           36           AE           0A
                                     9E           87           BD           34
                                     BA           0A           90           87
                                     AA           32           BE
      2026-01-04 02:41:47  1         4B           05           0A           D4
                                     87           9F           30           D0
                                     0A           B0           0F           77
                                     4C           3F           F0           9A
                                     6A           1B           89           1B
                                     D6           FC           F4           B7
                                     F1           A4           A8           41
                                     7F           87           9D
      2026-01-04 02:42:31  1         99           06           FF           0C
                                     10           87           39           27
                                     15           0C           B0           87
                                     29           25           22           0C
                                     87           87           0D           23
                                     2C           0B           AE           86
                                     C3           21           34           0C
                                     81           86           B4
      2026-01-04 02:43:15  1         79           07           1F           43
                                     0B           A8           86           6B
                                     1D           50           0C           59
                                     86           57           1B           56
                                     0D           22           86           44
                                     19           63           0D           51
                                     86           20           17           71
                                     0D           E9           86
      2026-01-04 02:43:59  1         E7           08           09           15
                                     01           0E           45           85
                                     EA           13           8E           0F
                                     6A           85           EC           11
                                     96           12           38           86
                                     1F           0F           A0           11
                                     A3           84           DE           0E
                                     11           13           23
02602 152393   8 31 R
      2026-01-04 19:30:54  1         6B           09           89           14
                                     0C           E0           2F           0E
                                     89           35           0B           BB
                                     2F           15           89           11
                                     0A           EE           30           81
                                     89           23           0A           2C
                                     32           42           89           7C
                                     09           64           32
      2026-01-04 19:31:40  1         E2           0A           DB           89
                                     79           08           9A           33
                                     6C           89           79           07
                                     D2           34           C2           89
                                     B4           07           6E           35
                                     81           89           DF           07
                                     0A           36           89           8A
                                     11           06           A6
      2026-01-04 19:32:26  1         7D           0B           36           BF
                                     8A           20           06           40
                                     36           D2           8A           25
                                     05           DD           36           CD
                                     8A           23           05           7C
                                     36           C6           8A           20
                                     05           0E           36           C8
                                     8A           20           04
      2026-01-04 19:33:12  1         17           0C           A9           36
                                     D9           8A           20           04
                                     4B           36           E6           8A
                                     1D           03           E7           37
                                     1D           8A           1D           03
                                     82           37           78           8A
                                     13           03           26           38
                                     1B           8A           19
      2026-01-04 19:33:58  1         00           0D           02           BF
                                     BC           5C           89           B8
                                     02           5C           40           F7
                                     8A           76           03           F8
                                     E6           66           9C           49
                                     45           FC           D9           6C
                                     E3           07           47           D1
                                     1A           08           1D
      2026-01-04 19:34:44  1         E1           0E           4C           01
                                     60           46           C6           8A
                                     48           01           2C           47
                                     F6           8A           15           00
                                     EA           49           9A           89
                                     BD           00           C4           4A
                                     71           89           AA           00
                                     9C           4A           8F
      2026-01-04 19:35:30  1         A2           0F           89           AC
                                     00           67           4A           95
                                     89           AC           00           2D
                                     00           06           00           00
                                     06           03           25           45
                                     5B           63           62           FF
                                     FF           FF           FF           FF
                                     FF           FF           FF
      2026-01-04 19:36:19  1         BD           01           08           03
                                     04           49           3A           80
                                     01           00           FF           F8
                                     F9           8D           42           09
                                     00           00           00           00
                                     91           06           83           3A
                                     6E           CC           8B           46
                                     0B           02           53
02602 152393  10 31 C 2 2026-01-04 19:56:35 -37.246    0.318  0.000 401649789
      2026-01-04 19:53:54  1         6B           09           89           14
                                     0C           E0           2F           0E
                                     89           35           0B           BB
                                     2F           15           89           11
                                     8A           6E           35           81
                                     89           23           8B           2C
                                     12           7A           E6           AF
                                     FF           08           64
      2026-01-04 19:54:40  1         E2           0A           DB           89
                                     79           08           9A           33
                                     6C           89           79           07
                                     D2           34           C2           89
                                     60           87           2E           35
                                     81           89           DF           07
                                     0A           36           89           8A
                                     11           06           A6
      2026-01-04 19:55:26  1         7D           0B           36           BF
                                     8A           20           06           40
                                     36           D2           8A           25
                                     05           DD           36           CD
                                     8A           23           05           7C
                                     36           C6           8A           20
                                     05           0E           36           C8
                                     8A           20           04
      2026-01-04 19:56:12  1         17           0C           A9           36
                                     D9           8A           20           04
                                     4B           36           E6           8A
                                     1D           03           E7           37
                                     1D           8A           1D           03
                                     82           37           78           8A
                                     13           03           26           38
                                     1B           8A           19
      2026-01-04 19:56:58  1         10           0D           02           BF
                                     3C           1C           89           B8
                                     02           5E           42           76
                                     8A           36           01           F8
                                     44           A0           8A           64
                                     01           B8           45           8A
                                     8A           5E           01           8E
                                     46           92           8A
      2026-01-04 19:57:44  1         E1           0E           4C           01
                                     60           46           C6           8A
                                     48           01           2C           47
                                     F6           8A           15           00
                                     EA           49           9A           89
                                     BD           00           C4           4A
                                     71           89           AA           00
                                     9C           4A           8F
      2026-01-04 19:58:30  1         A2           0F           89           AC
                                     00           67           4A           95
                                     89           AC           00           2D
                                     00           06           00           00
                                     06           03           25           45
                                     5B           63           62           FF
                                     FF           FF           FF           FF
                                     FF           FF           FF
      2026-01-04 19:59:19  1         F9           01           0A           03
                                     04           49           3A           80
                                     01           00           FF           F8
                                     F8           8D           42           09
                                     00           00           00           00
                                     91           06           83           3A
                                     6A           CC           8B           42
                                     0B           02           D3
      2026-01-04 20:00:02  1         22           02           A0           5D
                                     5A           69           01           61
                                     00           00           D8           0E
                                     AC           26           EF           00
                                     27           00           1E           0E
                                     69           26           EA           0F
                                     3B           27           17           26
                                     72           27           38
      2026-01-04 20:00:48  1         64           03           59           7C
                                     09           A7           0E           66
                                     86           0C           26           F0
                                     0A           B4           87           CE
                                     4A           3B           0A           D2
                                     87           B0           46           51
                                     0A           E9           87           8A
                                     42           5E           0B
02602 152393  18 31 B 3 2026-01-04 21:04:48 -37.226    0.327  0.000 401649787
      2026-01-04 20:52:10  1         E2           0A           DB           89
                                     79           08           9A           B3
                                     6C           89           79           07
                                     D2           34           C2           89
                                     B4           07           6E           35
                                     81           89           DF           07
                                     0A           36           89           82
                                     11           06           A6
      2026-01-04 20:55:14  1         E1           0E           4C           01
                                     60           46           C6           8A
                                     48           01           2C           47
                                     F6           8A           15           00
                                     EA           49           9A           89
                                     BD           00           C4           4A
                                     71           89           AA           00
                                     9C           4A           8F
      2026-01-04 20:56:00  1         A2           0F           89           AC
                                     00           67           4A           95
                                     89           AC           00           2D
                                     00           06           00           00
                                     06           03           25           45
                                     5B           63           62           FF
                                     FF           FF           FF           FF
                                     FF           FF           FF
      2026-01-04 20:56:49  1         ED           01           0F           03
                                     04           4B           3A           81
                                     01           00           BF           F8
                                     F1           2F           40           09
                                     00           00           00           00
                                     91           06           83           3A
                                     6A           CC           8B           42
                                     0B           02           D3
      2026-01-04 20:57:32  1         22           02           A0           5D
                                     5A           69           01           61
                                     00           00           D8           0E
                                     AC           06           47           80
                                     27           00           1E           0E
                                     49           26           EA           0F
                                     3B           27           17           26
                                     72           27           38
      2026-01-04 20:59:04  1         71           04           16           87
                                     60           3E           84           0B
                                     45           87           27           3A
                                     97           0C           02           86
                                     EC           36           AA           0C
                                     41           86           D6           3C
                                     9F           68           65           8E
                                     FD           32           C9
      2026-01-04 20:59:50  1         2A           25           08           8A
                                     AE           E2           B0           D4
                                     0C           FB           86           7C
                                     2E           E1           0D           7E
                                     86           60           2C           F1
                                     0D           E5           86           49
                                     2A           F4           0E           2E
                                     86           30           29
      2026-01-04 21:00:36  1         50           06           06           0E
                                     3D           86           07           27
                                     11           0E           DE           85
                                     FC           25           1F           10
                                     5C           86           01           23
                                     27           11           6C           85
                                     F8           21           36           13
                                     4E           86           12
      2026-01-04 21:01:22  1         39           07           1F           43
                                     15           3F           86           32
                                     1D           4A           16           00
                                     86           21           1B           56
                                     18           FE           86           6F
                                     19           5F           1B           23
                                     86           28           16           72
                                     1D           E8           86
      2026-01-04 21:02:08  1         68           08           F9           15
                                     7A           22           1F           87
                                     7B           13           88           25
                                     F4           88           02           11
                                     95           26           01           87
                                     C6           0F           9D           2B
                                     12           88           AD           0E
                                     0D           2D           7D
      2026-01-04 21:02:54  1         6B           09           89           14
                                     0C           E0           2F           0E
                                     89           35           0B           BB
                                     2F           15           89           11
                                     0A           EE           30           81
                                     89           23           0A           2C
                                     32           42           89           6C
                                     09           64           32
      2026-01-04 21:03:40  1         E0           0A           DB           89
                                     7B           08           8A           33
                                     6C           89           79           07
                                     D2           34           C2           89
                                     B4           07           6E           35
                                     81           89           DF           07
                                     0A           36           89           8A
                                     11           06           A6
      2026-01-04 21:04:26  2         7D           0B           36           BF
                                     8A           20           06           40
                                     36           D2           8A           25
                                     05           DD           36           CD
                                     8A           23           05           7C
                                     36           C6           8A           20
                                     05           0E           36           C8
                                     8A           20           04
      2026-01-04 21:05:12  2         17           0C           A9           36
                                     D9           8A           20           04
                                     4B           36           E6           8A
                                     1D           03           E7           37
                                     1D           8A           1D           03
                                     82           37           78           8A
                                     13           03           26           38
                                     1B           8A           19
      2026-01-04 21:05:58  2         10           0D           02           BF
                                     3C           1C           89           B8
                                     02           5E           42           76
                                     8A           36           01           F8
                                     44           A0           8A           64
                                     01           B8           45           8A
                                     8A           5E           01           8E
                                     46           92           8A
02602 152393  20 31 C 3 2026-01-04 21:44:40 -37.216    0.333  0.000 401649787
      2026-01-04 21:31:19  1         D8           01           12           03
                                     04           49           3A           80
                                     01           00           FF           F8
                                     F8           8D           42           09
                                     00           00           00           00
                                     91           06           83           3A
                                     6A           CC           8B           42
                                     0B           02           D3
      2026-01-04 21:33:34  1         71           04           16           07
                                     61           3E           84           0B
                                     45           87           27           3A
                                     97           0C           02           86
                                     EC           36           AA           0C
                                     41           86           D6           34
                                     BD           0C           65           86
                                     BD           32           C9
      2026-01-04 21:35:06  1         50           06           06           0E
                                     3D           86           07           27
                                     11           0E           DE           85
                                     FC           25           1F           10
                                     5C           86           01           23
                                     27           11           6C           85
                                     F8           21           36           13
                                     4E           86           12
      2026-01-04 21:35:52  1         39           07           1F           43
                                     15           3F           86           32
                                     1D           4A           16           00
                                     86           21           1B           56
                                     18           FE           86           6F
                                     19           5F           1B           31
                                     98           77           C1           1F
                                     C2           3E           F1
      2026-01-04 21:36:38  1         68           08           F9           15
                                     7A           22           1F           87
                                     7B           13           88           25
                                     F4           88           02           11
                                     95           26           01           87
                                     C6           0F           9D           2B
                                     12           88           AD           0E
                                     0D           2D           7D
      2026-01-04 21:37:24  1         6B           09           89           14
                                     0C           E0           2F           0E
                                     89           35           0B           BB
                                     2F           15           89           11
                                     0A           EE           30           81
                                     89           23           0A           2C
                                     32           42           89           6C
                                     09           64           32
      2026-01-04 21:38:10  1         E2           0A           DB           89
                                     79           08           9A           33
                                     6C           89           79           07
                                     D2           34           C2           89
                                     B4           07           6E           35
                                     81           89           DF           07
                                     0A           36           89           8A
                                     11           06           A6
      2026-01-04 21:38:56  1         7D           0B           36           BF
                                     8A           20           06           40
                                     36           D2           8A           25
                                     05           DD           36           CD
                                     8A           23           05           7C
                                     36           C6           8A           20
                                     05           0E           36           C8
                                     8A           20           04
      2026-01-04 21:39:42  1         17           0C           A9           36
                                     D9           8A           20           04
                                     4B           36           E6           8A
                                     1D           03           E7           37
                                     1D           8A           1D           03
                                     82           37           78           8A
                                     13           03           26           38
                                     1B           8A           19
      2026-01-04 21:40:28  1         10           0D           02           BF
                                     3C           1C           89           B8
                                     02           5E           42           76
                                     8A           36           01           F8
                                     44           A0           8A           64
                                     01           B8           45           8A
                                     8A           5E           01           8E
                                     46           92           8A
      2026-01-04 21:41:14  1         E1           0E           4C           01
                                     60           46           C6           8A
                                     48           01           2C           47
                                     F6           8A           15           00
                                     EA           49           9A           89
                                     BD           00           C4           4A
                                     71           89           AA           00
                                     9C           4A           8F
      2026-01-04 21:42:00  1         A2           0F           89           AC
                                     00           67           4A           95
                                     89           AC           00           2D
                                     00           06           00           00
                                     06           03           25           45
                                     5B           63           62           FF
                                     FF           FF           FF           FF
                                     FF           FF           FF
      2026-01-04 21:42:49  1         4B           01           13           03
                                     04           49           3A           80
                                     01           00           FF           F8
                                     F8           8D           42           09
                                     00           00           00           00
                                     91           06           83           3A
                                     6A           CC           8B           42
                                     0B           02           D3
      2026-01-04 21:43:32  2         22           02           A0           5D
                                     5A           69           01           61
                                     00           00           D8           0E
                                     AC           26           EF           00
                                     27           00           1E           0E
                                     69           26           EA           0F
                                     3B           27           17           26
                                     72           27           38
      2026-01-04 21:44:18  2         C4           03           59           7B
                                     09           A7           0E           66
                                     86           0C           26           F0
                                     0A           B4           87           CE
                                     4A           3B           0A           D2
                                     87           B0           46           51
                                     0A           E9           87           8A
                                     42           5E           0B
      2026-01-04 21:45:04  1         71           04           16           87
                                     60           3E           84           0B
                                     45           87           27           3A
                                     97           0C           02           86
                                     EC           36           AA           0C
                                     41           86           D6           34
                                     BD           0C           65           86
                                     BD           32           C9
      2026-01-04 21:45:50  2         2A           05           0C           9A
                                     86           9B           30           D4
                                     0C           FB           86           7C
                                     2E           E1           0D           7E
                                     86           60           2C           F1
                                     0D           E5           86           49
                                     2A           F4           0E           2E
                                     86           30           29
02602 152393   9 31 B 2 2026-01-04 22:37:12 -37.199    0.345  0.000 401649786
      2026-01-04 22:34:08  1         68           08           F9           15
                                     7A           22           1F           87
                                     7B           13           88           25
                                     F4           88           02           11
                                     95           26           01           87
                                     C6           0F           9D           2B
                                     12           88           AD           0E
                                     0D           2D           7D
      2026-01-04 22:34:54  1         6B           09           89           14
                                     0C           E0           2F           0E
                                     89           35           0B           BB
                                     2F           15           89           11
                                     0A           EE           30           81
                                     89           23           0A           2C
                                     32           42           89           6C
                                     09           64           32
      2026-01-04 22:35:40  1         E2           0A           DB           89
                                     79           08           9A           33
                                     6C           89           79           07
                                     D2           34           C2           89
                                     B4           07           6E           35
                                     81           89           DF           07
                                     0A           36           89           8A
                                     11           06           A6
      2026-01-04 22:36:26  1         7D           0B           36           BF
                                     9A           20           06           40
                                     36           D2           8A           25
                                     05           DD           36           CD
                                     8A           23           05           7C
                                     36           C6           8A           20
                                     05           0E           36           C8
                                     8A           20           04
      2026-01-04 22:37:12  1         17           0C           A9           36
                                     D9           8A           20           04
                                     4B           36           E6           8A
                                     1D           03           E7           37
                                     1D           8A           1D           03
                                     82           37           78           8A
                                     13           03           26           38
                                     19           8A           19
      2026-01-04 22:37:58  1         10           0D           02           BF
                                     3C           1C           89           B8
                                     02           5E           42           76
                                     8A           36           01           F8
                                     44           A0           8A           64
                                     01           B8           45           88
                                     8A           5E           01           8E
                                     44           92           8A
      2026-01-04 22:38:44  1         E1           0E           4C           01
                                     60           46           C6           8A
                                     48           01           2C           47
                                     F6           8A           15           00
                                     EA           49           9A           89
                                     BD           00           C4           4A
                                     71           89           AA           00
                                     9C           4A           8F
      2026-01-04 22:39:30  1         A2           0F           89           AE
                                     00           67           4A           95
                                     C9           AC           02           2B
                                     80           0C           FF           FE
                                     36           0F           BA           9E
                                     C9           B3           22           04
                                     DD           23           88           AF
                                     F3           E2           40
      2026-01-04 22:40:19  1         80           01           18           03
                                     04           49           3A           80
                                     01           00           FF           F8
                                     F8           9D           52           49
                                     00           00           20           00
                                     91           82           83           36
                                     6A           CC           8B           42
                                     0F           02           D3
02602 152393  13 31 3 2 2026-01-04 23:08:48 -37.191    0.347  0.000 401649787
      2026-01-04 23:03:19  1         B0           01           1A           03
                                     04           49           3A           80
                                     01           00           FF           F8
                                     F8           8D           42           09
                                     00           00           00           00
                                     91           06           83           3A
                                     6A           CC           8B           42
                                     0B           02           D3
      2026-01-04 23:04:02  1         22           02           A0           5D
                                     5A           69           01           61
                                     00           00           D8           0E
                                     AC           26           EF           00
                                     27           00           1E           0E
                                     69           26           EA           0F
                                     3B           27           17           26
                                     72           27           38
      2026-01-04 23:04:48  1         64           03           59           7C
                                     09           A7           0E           66
                                     86           0C           26           F0
                                     0A           B4           87           CE
                                     4A           3B           0A           D2
                                     87           B0           46           51
                                     0A           E9           87           8A
                                     42           5E           0B
      2026-01-04 23:05:34  1         71           04           16           87
                                     60           3E           84           0B
                                     45           87           27           3A
                                     97           0C           02           86
                                     EC           36           AA           0C
                                     41           86           D6           34
                                     BD           0C           65           86
                                     BD           32           C9
      2026-01-04 23:06:20  1         2A           05           0C           9A
                                     86           9B           30           D4
                                     0C           FB           86           7C
                                     2E           E1           0D           7E
                                     86           60           2C           F1
                                     0D           E5           86           49
                                     2A           F4           0E           2E
                                     86           30           29
      2026-01-04 23:08:38  1         68           08           F9           15
                                     7A           22           1F           87
                                     7B           13           88           25
                                     F4           88           02           11
                                     95           26           01           87
                                     C6           0F           9D           2B
                                     12           88           AD           0E
                                     0D           2D           7D
      2026-01-04 23:09:24  1         6B           09           89           14
                                     0C           E0           2F           0E
                                     89           35           0B           BB
                                     2F           15           89           11
                                     0A           EE           30           81
                                     89           23           0A           2C
                                     32           42           89           6C
                                     09           64           32
      2026-01-04 23:10:10  1         73           1A           79           88
                                     39           28           8A           33
                                     6C           A9           79           07
                                     D2           34           C2           89
                                     B4           07           6E           35
                                     81           89           DF           07
                                     0A           36           89           8A
                                     11           06           A6
      2026-01-04 23:10:56  1         7D           0B           36           BF
                                     8A           20           06           40
                                     36           D2           8A           25
                                     05           DD           36           CD
                                     8A           23           05           7C
                                     36           C6           8A           20
                                     05           0E           36           C8
                                     8A           20           04
      2026-01-04 23:11:42  1         17           0C           A9           36
                                     D9           8A           20           04
                                     4B           36           E6           8A
                                     1D           03           E7           37
                                     1D           8A           1D           03
                                     82           36           78           8A
                                     13           03           26           38
                                     1B           8A           19
      2026-01-04 23:12:28  1         10           0F           02           BF
                                     3C           1C           89           B8
                                     02           5E           42           76
                                     8A           36           01           F8
                                     44           A0           8A           64
                                     01           B8           45           8A
                                     8A           5E           01           8E
                                     46           92           8A
      2026-01-04 23:13:14  1         E1           0E           4C           01
                                     60           46           C6           8A
                                     48           01           2C           47
                                     F6           8A           15           00
                                     EA           49           9A           89
                                     BD           00           E4           C8
                                     95           6B           EB           52
                                     65           9D           8B
      2026-01-04 23:14:00  1         A2           0F           89           AC
                                     00           67           4A           95
                                     89           AC           00           2D
                                     00           06           00           00
                                     06           03           25           45
                                     5B           63           62           FF
                                     FF           FF           FF           FF
                                     FF           FF           FF
02602 152393  17 31 C 3 2026-01-04 23:13:37 -37.186    0.350  0.000 401649785
      2026-01-04 23:13:14  1         E1           0E           4C           01
                                     60           46           C6           8A
                                     48           01           2C           47
                                     F6           8A           15           00
                                     EA           49           9A           89
                                     BD           00           C4           4A
                                     CB           CF           60           53
                                     5D           43           34
      2026-01-04 23:14:00  1         A2           0F           89           AC
                                     00           67           4A           95
                                     89           AC           00           2D
                                     00           06           00           00
                                     06           03           25           45
                                     5B           63           62           FF
                                     FF           FF           FF           FF
                                     FF           FF           FF
      2026-01-04 23:14:49  1         28           01           1B           03
                                     04           49           3A           80
                                     01           00           FF           F8
                                     F8           8D           42           09
                                     00           00           00           00
                                     91           06           83           3A
                                     6A           CC           8B           42
                                     0B           02           D3
      2026-01-04 23:15:32  1         22           02           A0           5D
                                     5A           69           01           61
                                     00           00           D8           0E
                                     AC           26           EF           00
                                     27           00           1E           0E
                                     69           26           EA           0F
                                     3B           27           17           26
                                     72           27           38
      2026-01-04 23:16:18  1         C4           03           59           7B
                                     09           A7           0E           66
                                     86           0C           26           F0
                                     0A           B4           87           CE
                                     4A           3B           0A           D2
                                     87           B0           46           51
                                     0A           E9           87           8A
                                     42           5E           0B
      2026-01-04 23:17:04  1         71           04           16           87
                                     60           3E           84           0B
                                     45           87           27           3A
                                     97           0C           02           86
                                     EC           36           AA           0C
                                     41           86           D6           34
                                     BD           0C           65           86
                                     BD           32           C9
      2026-01-04 23:17:50  1         2A           05           0C           9A
                                     86           9B           30           D4
                                     0C           FB           86           7C
                                     2E           E1           0D           7E
                                     86           60           2C           F1
                                     0D           E5           86           49
                                     2A           F4           0E           2E
                                     86           30           29
      2026-01-04 23:18:36  1         50           06           06           0E
                                     3D           86           07           27
                                     11           0E           DE           85
                                     FC           25           1F           10
                                     5C           86           01           23
                                     27           11           6C           85
                                     F8           21           36           13
                                     4E           86           12
      2026-01-04 23:19:22  1         39           07           1F           43
                                     15           3F           86           32
                                     1D           4A           16           00
                                     86           21           1B           56
                                     18           FE           86           6F
                                     19           5F           1B           23
                                     86           A8           17           72
                                     1D           E8           86
      2026-01-04 23:20:08  1         68           08           F9           15
                                     7A           22           1F           87
                                     7B           13           88           25
                                     F4           88           02           11
                                     95           26           01           87
                                     C6           0F           9D           2B
                                     12           88           AD           0E
                                     0D           2D           7D
      2026-01-04 23:20:54  1         6B           09           89           14
                                     0C           E0           2F           0E
                                     89           35           0B           BB
                                     2F           15           89           11
                                     0A           EE           30           81
                                     89           23           0A           2C
                                     32           42           89           6C
                                     09           64           32
      2026-01-04 23:21:40  1         E2           0A           DB           89
                                     79           08           9A           33
                                     6C           89           79           07
                                     D2           34           C2           89
                                     B4           07           6E           35
                                     81           89           DF           07
                                     0A           36           89           8A
                                     11           06           A6
      2026-01-04 23:22:26  1         7D           0B           36           BF
                                     8A           20           06           40
                                     36           D2           8A           25
                                     05           DD           36           CD
                                     8A           23           05           7C
                                     36           C6           8A           20
                                     05           0E           36           C8
                                     8A           20           04
      2026-01-04 23:23:12  1         17           0C           A9           36
                                     D9           8A           20           04
                                     4B           36           E6           8A
                                     1D           03           E7           37
                                     1D           8A           1D           03
                                     82           37           78           8A
                                     13           03           26           38
                                     1B           8A           19
      2026-01-04 23:23:58  2         10           0D           02           BF
                                     3C           1C           89           B8
                                     02           5E           42           76
                                     8A           36           01           F8
                                     44           A0           8A           64
                                     01           B8           45           8A
                                     8A           5E           01           8E
                                     46           92           8A
      2026-01-04 23:24:44  1         E1           0C           44           01
                                     60           44           C7           8A
                                     C8           01           0C           47
                                     76           8A           15           40
                                     EA           49           D8           89
                                     BD           00           C4           4A
                                     71           89           AA           00
                                     9C           4C           8F
02602 152393  17 31 3 3 2026-01-05 00:46:51 -37.168    0.359  0.000 401649787
      2026-01-05 00:40:38  1         68           08           F9           15
                                     7A           22           1F           87
                                     7B           13           88           25
                                     F4           88           02           11
                                     95           26           01           87
                                     C6           0F           9D           2B
                                     12           88           AD           0E
                                     0D           2D           7D
      2026-01-05 00:42:56  1         7D           0B           36           BF
                                     8A           20           06           40
                                     36           D2           8A           25
                                     05           DD           36           CD
                                     8A           23           05           7C
                                     36           C6           8A           20
                                     05           0E           36           C8
                                     8A           20           04
      2026-01-05 00:43:42  1         17           0C           A9           36
                                     D9           8A           20           04
                                     4B           36           E6           8A
                                     1D           03           E7           37
                                     1D           8A           1D           03
                                     82           37           78           8A
                                     13           03           26           38
                                     1B           8A           19
      2026-01-05 00:44:28  1         10           0D           02           89
                                     83           C7           EE           0F
                                     FF           C3           FB           12
                                     73           D3           FC           0F
                                     7B           7F           75           9B
                                     FC           47           B2           CA
                                     8A           5E           01           8E
                                     46           92           8A
      2026-01-05 00:45:14  1         E1           0E           4C           01
                                     60           46           C6           8A
                                     48           01           2C           47
                                     F6           8A           15           00
                                     EA           49           9A           89
                                     BD           00           C4           4A
                                     71           89           AA           00
                                     9C           4A           8F
      2026-01-05 00:46:00  1         A2           0F           89           AC
                                     00           67           4A           95
                                     89           AC           00           2D
                                     00           06           00           00
                                     06           03           25           45
                                     5B           63           62           FF
                                     FF           FF           FF           FF
                                     FF           FF           FF
      2026-01-05 00:46:49  1         9A           01           23           03
                                     04           49           3A           80
                                     01           00           FF           F8
                                     F8           8D           42           09
                                     00           00           00           00
                                     91           06           83           3A
                                     6A           CC           8B           42
                                     0B           02           D3
      2026-01-05 00:47:32  1         22           02           A0           5D
                                     5A           69           01           61
                                     00           00           D8           0E
                                     AC           26           EF           00
                                     27           00           1E           0E
                                     69           26           EA           0F
                                     3B           27           17           26
                                     72           27           38
      2026-01-05 00:48:18  1         64           03           59           7C
                                     09           A7           0E           66
                                     86           0C           26           F0
                                     0A           B4           87           CE
                                     4A           3B           0A           D2
                                     87           B0           46           51
                                     0A           E9           87           8A
                                     42           5E           0B
      2026-01-05 00:49:04  1         71           04           16           87
                                     60           3E           84           0B
                                     45           87           27           3A
                                     97           0C           02           86
                                     EC           36           AA           0C
                                     41           86           D6           34
                                     BD           0C           65           86
                                     BD           32           C9
      2026-01-05 00:49:50  1         2A           05           0C           9A
                                     86           9B           30           D4
                                     0C           FB           86           7C
                                     2E           E1           0D           7E
                                     86           60           2C           F1
                                     0D           E5           86           49
                                     2A           F4           0E           2E
                                     86           30           29
      2026-01-05 00:50:36  1         50           06           06           0E
                                     3D           86           07           27
                                     11           0E           DE           85
                                     FC           25           1F           10
                                     5C           86           01           23
                                     27           11           6C           85
                                     F8           21           36           13
                                     4E           86           12
      2026-01-05 00:51:22  1         39           07           1F           43
                                     15           3F           86           32
                                     1D           4A           16           00
                                     86           21           1B           56
                                     18           FE           86           6F
                                     19           5F           1B           23
                                     86           A8           17           72
                                     1D           E8           86
      2026-01-05 00:52:54  2         6B           09           89           14
                                     0C           E0           2F           0E
                                     89           35           0B           BB
                                     2F           15           89           11
                                     0A           EE           30           81
                                     89           23           0A           2C
                                     32           42           89           6C
                                     09           64           32
      2026-01-05 00:53:40  2         E2           0A           DB           89
                                     79           08           9A           33
                                     6C           89           79           07
                                     D2           34           C2           89
                                     B4           07           6E           35
                                     81           89           DF           07
                                     0A           36           89           8A
                                     11           06           A6
02602 152393   2 31 3
      2026-01-05 02:21:04  1         71           04           16           87
                                     60           3E           84           0B
                                     45           87           27           3A
                                     97           0C           02           86
                                     EC           36           AA           0C
                                     41           86           D6           34
                                     BD           0C           65           86
                                     BD           32           C9
      2026-01-05 02:21:50  1         2A           05           0C           9A
                                     86           9B           30           D4
                                     0C           FB           86           7C
                                     2E           E1           0D           7E
                                     86           60           2C           F1
                                     0D           E5           86           49
                                     2A           F4           0E           2E
                                     86           30           29
02602 152398  16 31 R
      2026-01-05 13:39:37  1         9F           01           0D           03
                                     3A           68           3B           80
                                     01           00           FF           FB
                                     FB           B1           48           1A
                                     00           00           00           00
                                     92           07           83           3A
                                     81           C4           8F           44
                                     0D           03           64
      2026-01-05 13:40:18  1         06           02           11           76
                                     53           A9           01           0F
                                     01           00           D8           22
                                     8C           27           1F           00
                                     78           00           26           21
                                     65           27           4E           23
                                     A8           27           2A           26
                                     BB           27           8C
      2026-01-05 13:41:46  1         8A           04           0A           01
                                     39           42           64           13
                                     97           01           42           3E
                                     81           15           F6           01
                                     4A           3A           96           18
                                     4A           01           4C           36
                                     AF           19           61           01
                                     56           34           BB
      2026-01-05 13:42:30  1         83           05           1A           77
                                     01           5E           32           CE
                                     1B           A8           01           69
                                     30           D1           1C           D7
                                     01           7A           2E           DE
                                     1E           7F           01           83
                                     2C           ED           1F           9B
                                     01           91           2A
      2026-01-05 13:43:14  1         56           06           F9           20
                                     C9           01           A0           29
                                     03           22           57           01
                                     B1           27           12           23
                                     E5           01           C8           25
                                     1A           25           7C           71
                                     D7           23           2A           27
                                     26           01           DF
      2026-01-05 13:43:58  1         03           07           21           35
                                     27           FA           01           E5
                                     1F           40           28           DD
                                     01           E3           1D           4C
                                     2A           18           01           E5
                                     1B           5A           2B           AF
                                     01           EB           19           5F
                                     2D           35           01
      2026-01-05 13:44:42  1         E5           08           F4           17
                                     6C           2E           10           01
                                     F8           15           82           2E
                                     DD           01           FB           13
                                     71           2F           F0           01
                                     FE           11           90           31
                                     B8           02           0A           0F
                                     A5           33           03
      2026-01-05 13:45:26  1         5D           09           02           15
                                     0E           13           33           98
                                     02           1D           0C           EA
                                     35           23           02           2A
                                     0B           BD           36           37
                                     02           34           0A           EF
                                     37           FE           02           3E
                                     0A           29           3B
      2026-01-05 13:46:10  1         DC           0A           2C           02
                                     50           09           65           3D
                                     E9           02           69           08
                                     97           40           5F           02
                                     80           07           CF           40
                                     A5           02           8A           07
                                     6B           43           0D           02
                                     90           07           0C
      2026-01-05 13:46:54  1         E5           0B           45           B4
                                     02           A7           06           AA
                                     4A           1D           02           B5
                                     06           43           4C           BC
                                     02           D9           05           DF
                                     4F           29           02           EC
                                     05           72           50           28
                                     03           05           05
      2026-01-05 13:47:38  1         97           0C           19           51
                                     9E           03           0B           04
                                     B2           53           D2           03
                                     13           04           53           58
                                     AC           03           26           03
                                     E2           5D           26           03
                                     58           03           8B           63
                                     C9           03           6F
      2026-01-05 13:48:22  1         18           0D           03           15
                                     66           6F           03           C0
                                     02           C0           66           97
                                     03           D9           02           55
                                     66           B8           03           D5
                                     01           F6           66           F1
                                     03           DA           01           C8
                                     67           C7           03
      2026-01-05 13:49:06  1         BA           0E           D2           01
                                     91           67           EC           03
                                     D0           01           61           67
                                     F0           03           CF           01
                                     2E           67           F8           03
                                     CD           00           FA           68
                                     30           03           CC           00
                                     CF           68           36
      2026-01-05 13:50:37  1         37           01           06           03
                                     3A           68           3B           80
                                     01           00           FF           FB
                                     FB           B1           48           1A
                                     00           00           00           00
                                     92           07           83           3A
                                     81           C4           8F           44
                                     0D           03           64
      2026-01-05 13:52:02  2         DD           03           52           7B
                                     0A           9D           22           41
                                     01           EA           27           0F
                                     0C           5B           01           35
                                     4E           23           0D           A4
                                     01           30           4A           3B
                                     0F           75           01           35
                                     46           54           11
02602 152398   5 31 R
      2026-01-05 15:22:58  1         03           07           21           35
                                     25           FE           21           E5
                                     1F           00           68           DD
                                     01           E3           5D           4C
                                     2A           18           01           E5
                                     1B           D8           2B           AF
                                     11           EB           19           5F
                                     2D           35           01
      2026-01-05 15:24:26  1         5D           09           02           15
                                     0E           13           33           98
                                     02           1D           0C           EA
                                     35           23           02           2A
                                     0B           BD           36           37
                                     02           34           0A           EF
                                     37           FE           02           3E
                                     0B           29           3B
      2026-01-05 15:25:10  1         DC           0A           2C           02
                                     50           09           65           3D
                                     E9           02           69           08
                                     97           40           5F           02
                                     80           07           CF           40
                                     A5           02           8A           07
                                     6B           43           4D           02
                                     90           07           0C
      2026-01-05 15:25:54  1         E5           0B           45           B4
                                     02           A7           06           AA
                                     4A           1D           02           B5
                                     06           43           4C           BC
                                     02           D9           05           DF
                                     4F           29           02           EC
                                     05           72           D0           28
                                     03           05           05
      2026-01-05 15:26:38  1         97           0C           19           51
                                     9E           03           0B           04
                                     B2           53           D2           03
                                     13           04           53           58
                                     AC           03           26           03
                                     E2           5D           26           03
                                     18           03           8B           63
                                     C9           03           6F
02602 152398   9 31 B 1 2026-01-05 15:49:02  15.905   66.586  0.000 401649705
      2026-01-05 15:43:30  1         D4           FE           1B           88
                                     00           71           CE           05
                                     F9           BE           FB           49
                                     FF           50           1A           21
                                     4E           18           7A           2F
                                     60           60           C0           3E
                                     33           45           08           10
                                     E0           A4           50
      2026-01-05 15:44:14  1         56           06           F9           20
                                     C9           01           A0           29
                                     03           22           57           01
                                     B1           27           12           23
                                     E5           01           C8           25
                                     1A           25           7F           01
                                     D7           23           2A           27
                                     26           01           DF
      2026-01-05 15:44:58  1         03           07           21           31
                                     37           FA           01           E5
                                     1F           40           28           DD
                                     01           E3           1D           4C
                                     2A           18           01           E5
                                     1B           5A           2B           AF
                                     01           EB           19           5F
                                     2D           35           01
      2026-01-05 15:47:10  1         DC           0A           2C           00
                                     50           09           65           3D
                                     E9           02           69           08
                                     59           B7           7E           26
                                     99           2E           F9           36
                                     43           30           E0           86
                                     D6           86           1A           05
                                     20           0E           18
      2026-01-05 15:50:06  1         BA           0E           D2           01
                                     91           67           EC           03
                                     D0           01           61           67
                                     F0           03           CF           01
                                     2E           67           F8           03
                                     CD           00           FA           68
                                     30           03           CC           00
                                     CF           68           36
      2026-01-05 15:51:37  1         2E           01           11           03
                                     3A           68           3B           80
                                     01           00           FF           FB
                                     FB           B1           48           1A
                                     00           00           00           00
                                     92           07           83           3A
                                     81           C4           8F           44
                                     0D           03           64
      2026-01-05 15:52:18  1         06           02           31           77
                                     5B           69           01           0F
                                     01           00           D8           22
                                     8C           27           1F           00
                                     78           00           26           21
                                     65           27           4E           23
                                     A8           27           2A           26
                                     BB           27           8C
      2026-01-05 15:53:02  1         7D           03           52           7C
                                     0A           9D           22           41
                                     01           EA           27           0F
                                     0C           5B           01           35
                                     4E           23           0D           A4
                                     01           30           4A           3B
                                     0F           75           01           35
                                     46           54           11
      2026-01-05 15:54:30  1         83           05           1A           77
                                     01           5E           32           CE
                                     1B           A8           01           69
                                     30           D1           1C           97
                                     01           7A           0E           D4
                                     81           C0           FE           1D
                                     E6           CD           95           9A
                                     1A           D1           2C
02602 152398   9 31 C 3 2026-01-05 16:27:05  15.902   66.586  0.000 401649705
      2026-01-05 16:22:22  1         18           0D           03           15
                                     66           6F           03           C0
                                     02           C0           66           97
                                     03           D9           02           55
                                     66           B8           03           D5
                                     41           F4           66           F1
                                     03           DA           01           C0
                                     67           C1           03
      2026-01-05 16:23:06  1         BA           0E           D2           01
                                     91           67           EC           03
                                     D0           01           61           67
                                     F0           03           CF           01
                                     2E           67           F8           03
                                     CD           00           FA           68
                                     30           03           CC           00
                                     CF           68           36
      2026-01-05 16:23:50  1         50           0F           03           CA
                                     00           98           68           30
                                     03           C2           00           61
                                     68           26           03           BB
                                     00           25           00           05
                                     FF           A2           06           06
                                     2A           4B           5E           63
                                     64           FF           FF
      2026-01-05 16:26:46  1         8A           04           82           01
                                     39           42           64           13
                                     97           01           42           3E
                                     81           15           F6           01
                                     5A           3A           96           18
                                     4A           01           4C           36
                                     AF           19           61           01
                                     56           34           BB
      2026-01-05 16:27:30  1         83           05           1A           77
                                     01           5E           32           CE
                                     1B           A8           01           69
                                     30           D1           1C           D7
                                     01           7A           2E           DE
                                     1E           7F           01           83
                                     2C           ED           1F           9B
                                     01           91           2A
      2026-01-05 16:28:14  1         56           06           E9           20
                                     C9           01           A0           29
                                     03           22           57           01
                                     B1           27           12           23
                                     E5           01           C8           25
                                     1A           25           7F           01
                                     D7           23           2A           27
                                     26           01           DF
      2026-01-05 16:29:42  1         E5           08           F4           17
                                     6C           2E           10           01
                                     F8           15           82           2E
                                     DD           01           FB           13
                                     71           2F           F0           01
                                     FE           11           90           31
                                     B8           02           0A           0F
                                     A5           33           03
      2026-01-05 16:30:26  1         5D           09           02           15
                                     0E           13           33           98
                                     02           1D           0C           EA
                                     35           23           02           2A
                                     0B           BD           36           37
                                     02           34           0A           EF
                                     37           FE           02           3E
                                     0A           29           3B
      2026-01-05 16:31:54  1         E5           0B           45           B4
                                     02           A7           06           AA
                                     4A           1D           02           B5
                                     06           43           4C           BC
                                     02           D9           05           DF
                                     4F           29           02           EC
                                     05           72           50           28
                                     03           05           05
02602 152398   4 31 B 2 2026-01-05 17:25:03  15.898   66.580  0.000 401649703
      2026-01-05 17:24:42  1         E5           08           F4           17
                                     6C           2E           10           01
                                     F8           15           82           2E
                                     DD           01           FB           13
                                     71           2F           F0           01
                                     FE           11           90           31
                                     B8           02           0A           0F
                                     A5           33           03
      2026-01-05 17:25:26  1         5D           09           02           15
                                     0E           13           33           98
                                     02           1D           0C           EA
                                     35           23           02           2A
                                     0B           BD           36           37
                                     02           34           0A           EF
                                     37           FE           02           3E
                                     0A           29           3B
      2026-01-05 17:27:38  1         97           0C           19           51
                                     9E           03           0B           04
                                     B2           53           D2           03
                                     13           04           53           58
                                     AC           03           26           03
                                     E2           5D           26           03
                                     58           03           8B           63
                                     C9           03           6F
      2026-01-05 17:31:18  1         07           02           31           77
                                     5B           69           01           0F
                                     01           00           D8           22
                                     8C           27           1F           00
                                     78           20           26           20
                                     64           27           46           23
                                     12           D2           D5           E2
                                     F8           75           BC
02602 152398  12 31 C 1 2026-01-05 18:04:40  15.904   66.572  0.000 401649700
      2026-01-05 18:03:37  1         BE           01           1D           03
                                     3A           68           3B           80
                                     01           00           FF           FB
                                     FB           B1           48           1A
                                     00           00           00           00
                                     92           07           83           3A
                                     81           C4           8F           44
                                     0D           03           64
      2026-01-05 18:04:18  1         06           02           31           77
                                     5B           69           01           0F
                                     01           00           D8           22
                                     8C           27           1F           00
                                     78           00           26           21
                                     65           27           4E           23
                                     A8           27           2A           26
                                     BB           27           8C
      2026-01-05 18:05:02  1         DD           03           52           7B
                                     0A           9D           22           41
                                     01           EA           27           0F
                                     0C           5B           01           35
                                     4E           23           0D           A4
                                     01           30           4A           3B
                                     0F           75           01           35
                                     46           54           11
      2026-01-05 18:05:46  1         8A           04           82           01
                                     39           42           64           13
                                     97           01           42           3E
                                     81           15           F6           01
                                     4A           3A           96           18
                                     4A           01           4C           36
                                     AF           19           61           01
                                     56           34           BB
      2026-01-05 18:06:30  1         83           05           1A           77
                                     01           5E           32           CE
                                     1B           A8           01           69
                                     30           D1           1C           D7
                                     01           7A           2E           DE
                                     1E           7F           01           83
                                     2C           ED           1F           9B
                                     01           91           2A
      2026-01-05 18:07:14  1         56           06           F9           20
                                     C9           01           A0           29
                                     03           22           57           01
                                     B1           27           12           23
                                     E5           01           C8           25
                                     1A           25           7F           01
                                     D7           23           2A           27
                                     26           01           DF
      2026-01-05 18:07:58  1         03           03           23           35
                                     27           7A           01           E5
                                     1F           40           28           DD
                                     01           E3           1D           4C
                                     2A           59           10           E5
                                     49           5E           3C           21
                                     EC           39           CC           80
                                     97           CA           03
      2026-01-05 18:09:26  1         5D           09           02           15
                                     0E           13           33           98
                                     02           1D           0C           EA
                                     35           23           02           2A
                                     0B           BD           36           37
                                     02           34           0A           EF
                                     37           FE           02           3E
                                     0A           29           3B
      2026-01-05 18:10:10  1         DC           0A           2C           02
                                     50           09           65           3D
                                     E9           02           69           08
                                     97           40           5F           02
                                     80           07           CF           40
                                     A5           02           8A           07
                                     6B           43           0D           02
                                     90           07           0C
      2026-01-05 18:10:54  1         E5           0B           45           B4
                                     02           A7           06           AA
                                     4A           1D           02           B5
                                     06           43           4C           BC
                                     02           D9           05           DF
                                     4F           29           02           EC
                                     05           72           50           28
                                     03           05           05
      2026-01-05 18:11:38  1         97           0C           19           51
                                     9E           03           0B           04
                                     B2           53           D2           03
                                     13           04           53           58
                                     AC           03           26           03
                                     E2           5D           26           03
                                     58           03           8B           63
                                     C9           03           6F
      2026-01-05 18:12:22  1         18           0D           03           15
                                     66           6F           03           C0
                                     02           C0           66           97
                                     03           D9           02           55
                                     66           B8           03           D5
                                     01           F4           66           F1
                                     03           DA           01           C8
                                     67           C3           03
02602 152398  16 31 3 3 2026-01-05 19:17:53  15.892   66.570  0.000 401649704
      2026-01-05 19:11:46  1         8A           04           82           01
                                     39           42           64           13
                                     97           01           42           3E
                                     81           15           F6           01
                                     4A           3A           96           18
                                     4A           01           4C           36
                                     AF           19           61           01
                                     56           34           BB
      2026-01-05 19:12:30  1         83           05           1A           77
                                     01           5E           32           CE
                                     1B           A8           01           69
                                     30           D1           1C           D7
                                     01           7A           2E           DE
                                     1E           7F           01           83
                                     2C           ED           1F           9B
                                     01           91           2A
      2026-01-05 19:13:14  1         56           06           F9           20
                                     C9           01           A0           29
                                     03           22           57           01
                                     B1           27           12           23
                                     E5           01           C8           25
                                     1A           25           7F           01
                                     D7           23           2A           27
                                     26           01           DF
      2026-01-05 19:14:42  1         E5           08           F4           17
                                     6E           2E           10           01
                                     F8           15           82           2E
                                     DD           01           FB           13
                                     71           2F           F0           01
                                     FE           11           90           31
                                     B8           02           0A           0F
                                     A5           33           03
      2026-01-05 19:15:26  1         5D           09           02           15
                                     0E           13           33           98
                                     02           1D           0C           EA
                                     35           23           02           2A
                                     0B           BD           36           37
                                     02           34           0A           EF
                                     37           FE           02           3E
                                     0A           29           3B
      2026-01-05 19:16:10  1         DC           0A           2C           02
                                     50           09           65           3D
                                     E9           02           69           08
                                     97           40           5F           02
                                     80           07           CF           40
                                     A5           02           8A           07
                                     6B           43           0D           02
                                     90           07           0C
      2026-01-05 19:16:54  1         E5           0B           45           B4
                                     02           A7           06           AA
                                     4A           1D           02           B5
                                     06           43           4C           BC
                                     02           D9           05           DF
                                     4F           29           02           EC
                                     05           72           50           28
                                     03           05           05
      2026-01-05 19:17:38  1         97           0C           19           51
                                     9E           03           0B           04
                                     B2           53           D2           03
                                     13           04           53           58
                                     AC           03           26           03
                                     E2           5D           26           03
                                     58           03           8B           63
                                     C9           03           6F
      2026-01-05 19:18:22  1         18           0D           03           15
                                     66           6F           03           C0
                                     02           C0           66           97
                                     03           D9           02           55
                                     66           B8           03           D5
                                     01           F4           66           F1
                                     03           DA           01           C8
                                     67           C3           03
      2026-01-05 19:19:06  1         BA           0E           D2           01
                                     91           67           EC           03
                                     D0           01           61           67
                                     F0           03           CF           01
                                     2E           67           F8           03
                                     CD           00           FA           68
                                     30           03           CC           00
                                     CF           68           36
      2026-01-05 19:19:50  1         50           0F           03           CA
                                     00           98           68           30
                                     03           C2           00           61
                                     68           26           03           BB
                                     00           25           00           05
                                     FF           A2           06           06
                                     2A           4B           5E           63
                                     64           FF           FF
      2026-01-05 19:20:37  1         94           01           24           03
                                     3A           68           3B           80
                                     01           00           FF           FB
                                     FB           B1           48           1A
                                     00           00           00           00
                                     92           07           83           3A
                                     81           C4           8F           44
                                     0D           03           64
      2026-01-05 19:21:18  1         06           02           31           77
                                     5B           69           01           0F
                                     01           00           D8           22
                                     8C           27           1F           00
                                     78           00           26           21
                                     65           27           4E           23
                                     A8           27           2A           26
                                     BB           27           8C
      2026-01-05 19:22:02  2         DD           03           52           7B
                                     0A           9D           22           41
                                     01           EA           27           0F
                                     0C           5B           01           35
                                     4E           23           0D           A4
                                     01           30           4A           3B
                                     0F           75           01           35
                                     46           54           11
      2026-01-05 19:22:46  1         8A           04           82           01
                                     39           42           64           13
                                     97           01           42           3E
                                     81           15           F6           01
                                     4A           3A           96           18
                                     4A           01           4C           36
                                     AF           18           61           01
                                     54           38           BB
02602 152398   9 31 3 1 2026-01-05 20:55:53  15.893   66.554  0.000 401649701
      2026-01-05 20:52:58  1         03           07           21           35
                                     27           FA           01           E5
                                     1F           40           28           DD
                                     01           E3           1D           4C
                                     2A           18           01           E5
                                     1B           5A           2B           AF
                                     01           EB           19           5F
                                     2D           35           01
      2026-01-05 20:53:42  1         E5           08           F4           17
                                     6C           2E           10           01
                                     F8           15           82           2E
                                     DD           01           FB           13
                                     71           2F           F0           01
                                     FE           11           90           31
                                     B8           02           0A           0F
                                     A5           33           03
      2026-01-05 20:54:26  1         5D           09           02           15
                                     0E           13           33           98
                                     02           1D           0C           EA
                                     35           23           02           2A
                                     0B           BD           36           37
                                     02           34           0A           EF
                                     37           FE           02           3E
                                     0A           29           3B
      2026-01-05 20:55:10  1         DC           0A           2C           02
                                     50           09           65           3D
                                     E9           02           69           08
                                     97           40           5F           02
                                     80           07           CF           40
                                     A5           02           8A           07
                                     6B           43           0D           02
                                     90           07           0C
      2026-01-05 20:55:54  1         E5           0B           45           B4
                                     02           A7           06           AA
                                     4A           1D           02           B5
                                     06           43           4C           BC
                                     02           D9           05           DF
                                     4F           29           02           EC
                                     05           72           50           28
                                     03           05           05
      2026-01-05 20:56:38  1         97           0C           19           51
                                     9E           03           0B           04
                                     B2           53           D2           03
                                     13           04           53           58
                                     AC           03           26           03
                                     E2           5D           26           03
                                     58           03           8B           63
                                     C9           03           6F
      2026-01-05 20:57:22  1         18           0D           03           15
                                     66           6F           03           C0
                                     02           C0           66           97
                                     03           D9           02           55
                                     66           B8           03           D5
                                     01           F4           66           F1
                                     03           DA           01           C8
                                     67           C3           03
      2026-01-05 20:58:06  1         BA           0E           D2           01
                                     91           67           EC           03
                                     D0           01           61           67
                                     F0           03           CF           01
                                     2E           67           F8           03
                                     CD           00           FA           68
                                     30           03           CC           00
                                     CF           68           36
      2026-01-05 20:58:50  1         50           0F           03           CA
                                     00           98           68           30
                                     03           C2           00           61
                                     68           26           03           BB
                                     00           25           00           05
                                     FF           A2           06           06
                                     2A           4B           5E           63
                                     64           FF           FF
02602 152399  10 31 R 1 2026-01-04 12:36:48  23.343   60.883  0.000 401649733
      2026-01-04 12:33:21  1         FA           04           28           00
                                     00           3E           84           17
                                     2E           00           00           3A
                                     9C           1A           05           00
                                     00           36           B3           1B
                                     07           00           00           34
                                     BF           1C           58           00
                                     00           32           CD
      2026-01-04 12:34:07  1         8F           05           1D           B4
                                     00           00           30           D7
                                     1F           0E           00           00
                                     2E           DE           20           6F
                                     00           00           2C           EF
                                     21           9C           00           00
                                     2A           FC           23           7A
                                     00           00           29
      2026-01-04 12:34:53  1         0E           06           01           24
                                     EA           00           00           27
                                     0B           26           3F           00
                                     00           25           19           27
                                     B4           00           00           23
                                     2C           29           0D           00
                                     00           21           36           2A
                                     C5           00           00
      2026-01-04 12:35:39  1         47           07           1F           3D
                                     2C           E5           00           00
                                     1D           4A           2E           A7
                                     00           00           1B           5C
                                     30           B1           00           00
                                     19           6A           32           A5
                                     00           00           17           72
                                     34           A9           00
      2026-01-04 12:36:25  1         28           08           00           15
                                     7B           36           8A           00
                                     00           13           83           38
                                     5C           00           00           11
                                     99           3B           39           00
                                     00           0F           9B           3E
                                     CD           00           00           0E
                                     14           41           A8
      2026-01-04 12:37:11  1         E5           09           00           00
                                     0C           E4           43           D6
                                     00           00           0B           BC
                                     45           A9           00           00
                                     0A           F3           48           57
                                     00           00           0A           1F
                                     48           5A           00           00
                                     09           5C           48
      2026-01-04 12:37:57  1         29           0A           BD           00
                                     00           08           9A           49
                                     D9           00           00           07
                                     D5           4A           AA           00
                                     00           07           6F           4B
                                     FD           00           00           07
                                     08           4C           CD           00
                                     00           06           A5
      2026-01-04 12:38:43  1         B4           0B           50           80
                                     00           00           06           38
                                     53           F5           00           00
                                     05           E1           54           31
                                     00           00           05           7D
                                     56           4E           00           00
                                     05           13           57           24
                                     00           00           04
      2026-01-04 12:39:29  1         BD           0C           B2           58
                                     D5           00           00           04
                                     4E           58           FB           00
                                     00           03           E8           59
                                     E9           00           00           03
                                     8B           5B           36           00
                                     00           03           25           5B
                                     CE           00           00
      2026-01-04 12:40:15  1         81           0D           02           BF
                                     60           D3           00           00
                                     02           57           61           02
                                     00           00           01           F7
                                     61           01           00           00
                                     01           C0           61           28
                                     00           00           01           91
                                     61           55           00
02602 152399  11 31 R 3 2026-01-04 14:15:45  23.356   60.894  0.000 401649729
      2026-01-04 14:13:01  1         76           0E           00           01
                                     64           61           86           00
                                     00           01           2F           61
                                     8E           00           00           00
                                     FD           61           90           00
                                     00           00           C9           61
                                     96           00           00           00
                                     96           61           A2
      2026-01-04 14:13:47  1         13           0F           00           00
                                     00           64           61           D3
                                     00           00           00           2B
                                     00           07           00           00
                                     06           07           2A           4A
                                     5C           63           64           FF
                                     FF           FF           FF           FF
                                     FF           FF           FF
      2026-01-04 14:14:36  1         A0           01           0B           03
                                     3B           68           3A           80
                                     01           00           FF           FE
                                     FE           99           41           14
                                     00           00           00           00
                                     93           04           82           39
                                     6A           D0           90           42
                                     0D           03           65
      2026-01-04 14:16:05  1         F8           03           52           7A
                                     0A           47           24           C2
                                     00           00           27           4C
                                     0E           20           00           00
                                     4A           31           0F           F9
                                     00           00           46           52
                                     11           C9           00           00
                                     42           68           14
      2026-01-04 14:16:51  1         FA           04           28           00
                                     00           3E           84           17
                                     2E           00           00           3A
                                     9C           1A           05           00
                                     00           36           B3           1B
                                     07           00           00           34
                                     BF           1C           58           00
                                     00           32           CD
      2026-01-04 14:17:37  1         8F           05           1D           B4
                                     00           00           30           D7
                                     1F           0E           00           00
                                     2E           DE           20           6F
                                     00           00           2C           EF
                                     21           9C           00           00
                                     2A           FC           23           7A
                                     00           00           29
      2026-01-04 14:18:23  1         0E           06           01           24
                                     EA           00           00           27
                                     0B           26           3F           00
                                     00           25           19           27
                                     B4           00           00           23
                                     2C           29           0D           00
                                     00           21           36           2A
                                     C5           00           00
      2026-01-04 14:19:55  1         28           08           00           15
                                     7B           36           8A           00
                                     00           13           83           38
                                     5C           00           00           11
                                     99           3B           39           00
                                     00           0F           9B           3E
                                     CD           00           00           0E
                                     14           41           A8
      2026-01-04 14:20:41  1         E5           09           00           00
                                     0C           E4           43           DE
                                     00           00           0B           BC
                                     45           A9           00           20
                                     0A           F3           48           57
                                     02           00           0A           5F
                                     48           58           1F           F7
                                     BE           D3           DD
      2026-01-04 14:21:27  1         29           0A           BD           00
                                     00           08           9A           49
                                     D9           00           00           07
                                     D5           4A           AA           00
                                     00           07           6F           4B
                                     FD           00           00           07
                                     08           4C           CD           00
                                     00           06           A5
      2026-01-04 14:22:13  1         B4           0B           50           80
                                     00           00           06           38
                                     53           F5           00           00
                                     05           E1           54           31
                                     00           00           05           7D
                                     56           4E           00           00
                                     05           13           57           24
                                     00           00           04
02602 152399  11 31 B 2 2026-01-04 16:10:36  23.349   60.889  0.000 401649730
      2026-01-04 16:05:43  1         B4           0B           50           80
                                     00           00           06           38
                                     53           F5           00           00
                                     05           E1           54           31
                                     00           00           05           7D
                                     56           4E           00           00
                                     05           13           57           24
                                     00           00           04
      2026-01-04 16:07:15  1         81           0D           02           BF
                                     60           D3           00           00
                                     02           57           61           02
                                     00           00           01           F7
                                     61           01           00           00
                                     01           C0           61           28
                                     00           00           01           91
                                     61           55           00
      2026-01-04 16:08:01  1         76           0E           00           01
                                     64           61           86           00
                                     00           01           2F           61
                                     8E           00           00           00
                                     FD           61           90           00
                                     00           00           C9           61
                                     96           00           00           00
                                     96           61           A2
      2026-01-04 16:08:47  1         13           0F           00           00
                                     00           64           61           D3
                                     00           00           00           2B
                                     00           07           00           00
                                     06           07           2A           4A
                                     5C           63           64           FF
                                     FF           FF           FF           FF
                                     FF           FF           DF
      2026-01-04 16:09:36  1         49           01           15           03
                                     3B           68           3A           80
                                     01           00           FF           FE
                                     FE           99           41           14
                                     00           00           00           00
                                     93           04           82           39
                                     6A           D0           90           42
                                     0D           03           65
      2026-01-04 16:10:19  1         55           02           44           0C
                                     5A           69           01           5B
                                     00           00           D8           24
                                     CD           27           60           00
                                     43           00           14           24
                                     24           27           6A           25
                                     91           26           F3           26
                                     F3           27           93
      2026-01-04 16:11:51  1         FA           04           28           00
                                     00           3E           84           17
                                     2E           00           00           3A
                                     9C           1A           05           00
                                     00           36           B3           1B
                                     07           00           00           34
                                     BF           1C           58           00
                                     00           32           CD
      2026-01-04 16:12:37  1         8F           05           1D           B4
                                     00           00           30           D7
                                     1F           0E           00           00
                                     2E           DE           20           6F
                                     00           00           2C           EF
                                     21           9C           00           00
                                     2A           FC           23           7A
                                     00           00           29
      2026-01-04 16:13:23  1         0E           06           01           24
                                     EA           00           00           27
                                     0B           26           3F           00
                                     00           25           19           27
                                     B4           00           00           23
                                     2C           29           0D           00
                                     00           21           36           2A
                                     C5           00           00
      2026-01-04 16:14:09  1         47           07           1F           3D
                                     2C           E5           00           00
                                     1D           4A           2E           A7
                                     00           00           1B           5C
                                     30           B1           00           00
                                     19           6A           32           A5
                                     00           00           17           72
                                     34           A9           00
      2026-01-04 16:14:55  1         28           08           00           15
                                     7B           36           8A           00
                                     00           13           83           38
                                     5C           00           00           11
                                     99           3B           39           00
                                     00           0F           9B           3E
                                     CD           00           00           0E
                                     14           41           A8
02602 152399  14 31 C 2 2026-01-04 16:49:48  23.348   60.889  0.000 401649729
      2026-01-04 16:44:49  1         55           02           44           0C
                                     5A           69           01           5B
                                     00           00           D8           24
                                     CD           27           60           00
                                     43           00           14           24
                                     24           27           6A           25
                                     91           26           F3           26
                                     F3           27           91
      2026-01-04 16:45:35  1         F8           03           52           7A
                                     0A           47           24           C2
                                     00           00           27           4C
                                     0E           20           00           00
                                     4A           31           0F           F9
                                     00           00           46           52
                                     11           C9           00           00
                                     42           68           14
      2026-01-04 16:46:21  1         FA           04           28           00
                                     00           3E           84           17
                                     2E           00           00           3A
                                     9C           1A           05           00
                                     00           36           B3           1B
                                     07           00           00           34
                                     BF           1C           58           00
                                     00           32           CD
      2026-01-04 16:47:07  1         8F           05           1D           B4
                                     00           00           30           D7
                                     1F           0E           00           00
                                     2E           DE           20           6F
                                     00           00           2C           EF
                                     21           9C           00           00
                                     2A           FC           23           7A
                                     00           00           29
      2026-01-04 16:47:53  1         0E           06           01           24
                                     EA           00           00           27
                                     0B           26           3F           00
                                     00           25           19           27
                                     B4           00           00           23
                                     2C           29           0D           00
                                     00           21           36           2A
                                     C5           00           00
      2026-01-04 16:48:39  1         47           07           1F           3D
                                     2C           E5           00           00
                                     1D           4A           2E           A7
                                     00           00           1B           5C
                                     30           B1           00           00
                                     19           6A           32           A5
                                     00           00           17           72
                                     34           A9           00
      2026-01-04 16:49:25  1         28           08           00           15
                                     7B           36           8A           00
                                     00           13           83           38
                                     5C           00           00           11
                                     99           3B           39           00
                                     00           0F           9B           3E
                                     CD           00           00           0E
                                     14           41           A8
      2026-01-04 16:50:11  1         E5           09           00           00
                                     0C           E4           43           D6
                                     00           00           0B           BC
                                     45           A9           00           00
                                     0A           F3           48           57
                                     00           00           0A           1F
                                     48           5A           00           00
                                     09           5C           48
      2026-01-04 16:50:57  1         29           0A           BD           00
                                     00           08           9A           49
                                     D9           00           00           07
                                     D5           4A           AA           00
                                     00           07           6F           4B
                                     FD           00           00           07
                                     08           4C           CD           00
                                     00           06           A5
      2026-01-04 16:51:43  1         B4           0B           50           80
                                     00           00           06           38
                                     53           F5           00           00
                                     05           E1           54           31
                                     00           00           05           7D
                                     56           4E           00           00
                                     05           13           57           24
                                     00           00           04
      2026-01-04 16:52:29  1         BD           0C           B2           58
                                     D5           00           00           04
                                     4E           58           FB           00
                                     00           03           E8           59
                                     E9           00           00           03
                                     8B           5B           36           00
                                     00           03           25           5B
                                     CE           00           00
      2026-01-04 16:53:15  1         81           0D           02           BF
                                     60           D3           00           00
                                     02           57           61           02
                                     00           00           01           F7
                                     61           01           00           00
                                     01           C0           61           28
                                     00           00           01           91
                                     61           55           00
      2026-01-04 16:54:01  1         76           0E           00           01
                                     64           61           86           00
                                     00           01           2F           61
                                     8E           00           00           00
                                     FD           61           90           00
                                     00           00           C9           61
                                     96           00           00           00
                                     96           61           A2
      2026-01-04 16:54:47  1         13           0F           00           00
                                     00           64           61           D3
                                     00           00           00           2B
                                     00           07           00           00
                                     06           07           2A           4A
                                     1C           63           64           FF
                                     FF           FF           FF           FF
                                     FF           FF           FF
02602 152399   3 31 B
      2026-01-04 17:46:55  1         28           08           00           15
                                     7B           36           8A           00
                                     00           13           83           38
                                     5C           00           00           11
                                     99           3B           39           00
                                     00           0F           9B           3E
                                     CD           00           00           0E
                                     14           41           A8
      2026-01-04 17:47:41  1         E5           09           00           00
                                     0C           E4           43           D6
                                     00           00           0B           BC
                                     45           A9           00           00
                                     0A           F3           48           57
                                     00           00           0A           1F
                                     48           5A           00           00
                                     09           5C           48
      2026-01-04 17:49:13  1         B4           0B           50           80
                                     00           00           06           38
                                     53           F5           00           00
                                     05           E1           54           31
                                     00           00           05           7D
                                     56           4E           00           60
                                     00           13           57           24
                                     00           00           04
02602 152399  12 31 3 2 2026-01-04 18:26:01  23.346   60.889  0.000 401649727
      2026-01-04 18:22:57  1         29           0A           BD           00
                                     00           08           9A           49
                                     D9           00           00           07
                                     D5           4A           AA           00
                                     00           07           6F           4B
                                     FD           00           09           0B
                                     4B           6D           E9           28
                                     6A           D2           5A
      2026-01-04 18:23:43  1         B4           0B           50           80
                                     00           00           06           38
                                     53           F5           00           00
                                     05           E1           54           31
                                     00           00           05           7D
                                     56           4E           00           00
                                     05           13           65           A4
                                     B4           B4           96
      2026-01-04 18:24:29  1         BD           0C           B2           58
                                     D5           00           00           04
                                     4E           58           FB           00
                                     00           03           E8           59
                                     E9           00           00           03
                                     8B           5B           36           00
                                     00           03           25           5B
                                     CE           00           00
      2026-01-04 18:25:15  1         81           0D           02           BF
                                     60           D3           00           00
                                     02           57           61           02
                                     00           00           01           F7
                                     61           01           00           00
                                     01           C0           61           28
                                     00           00           01           91
                                     61           55           00
      2026-01-04 18:26:01  1         76           0E           00           01
                                     64           61           86           00
                                     00           01           2F           61
                                     8E           00           00           00
                                     FD           61           90           00
                                     00           00           C9           61
                                     96           00           00           00
                                     96           61           A2
      2026-01-04 18:26:47  1         13           0F           00           00
                                     00           64           61           D3
                                     00           00           00           2B
                                     00           07           00           00
                                     06           07           2A           4A
                                     5C           63           64           FF
                                     FF           FF           FF           FF
                                     FF           FF           FF
      2026-01-04 18:27:36  1         6B           01           21           01
                                     3F           68           3A           80
                                     01           00           FF           FE
                                     FE           99           41           14
                                     00           00           00           00
                                     93           04           82           39
                                     6A           D0           90           42
                                     0D           03           65
      2026-01-04 18:28:19  1         55           02           44           0C
                                     5A           69           01           5B
                                     00           00           D8           24
                                     CD           27           60           00
                                     43           00           14           24
                                     24           27           6A           25
                                     91           26           F3           26
                                     F3           27           91
      2026-01-04 18:29:05  1         F8           03           52           7A
                                     0A           47           24           C2
                                     00           00           27           4C
                                     0E           20           00           00
                                     4A           31           0F           F9
                                     00           00           46           52
                                     11           C9           00           00
                                     42           68           14
      2026-01-04 18:29:51  1         FA           04           28           00
                                     00           3E           84           17
                                     2E           00           00           3A
                                     9C           1A           05           00
                                     10           36           BB           1B
                                     07           00           00           34
                                     BF           1C           58           00
                                     00           32           CD
      2026-01-04 18:30:37  1         8F           05           1D           B4
                                     00           00           30           D7
                                     1F           0E           00           00
                                     2E           DE           20           6F
                                     00           00           2C           EF
                                     21           9C           00           00
                                     2A           FC           23           7A
                                     00           00           29
      2026-01-04 18:31:23  1         0E           06           01           24
                                     EA           00           00           27
                                     0B           26           3F           00
                                     00           25           19           27
                                     B4           00           00           23
                                     2C           29           0D           00
                                     00           21           36           2A
                                     C5           00           00
02602 152399  12 31 C 1 2026-01-04 18:33:18  23.333   60.886  0.000 401649731
      2026-01-04 18:26:47  1         13           0F           00           00
                                     00           64           61           D3
                                     00           00           00           2B
                                     00           07           00           00
                                     06           07           2A           4A
                                     5C           63           64           FF
                                     FF           FF           FF           FF
                                     FF           FF           FF
      2026-01-04 18:27:36  1         6B           01           21           03
                                     3B           68           3A           80
                                     01           00           FF           FE
                                     FE           99           41           14
                                     00           00           00           00
                                     93           04           82           39
                                     6A           D0           90           42
                                     0D           03           65
      2026-01-04 18:28:19  1         55           02           44           0C
                                     5A           69           01           5B
                                     00           00           D8           24
                                     CD           27           60           00
                                     43           00           14           24
                                     24           27           6A           25
                                     91           26           F3           26
                                     F3           27           91
      2026-01-04 18:29:05  1         F8           03           52           7A
                                     0A           47           24           C2
                                     00           00           27           4C
                                     0E           20           00           00
                                     4A           31           0F           F9
                                     00           00           46           52
                                     11           C9           00           00
                                     42           68           14
      2026-01-04 18:29:51  1         FA           04           28           00
                                     00           3E           84           17
                                     2E           00           00           3A
                                     9C           1A           05           00
                                     00           36           B3           1B
                                     07           00           00           34
                                     BF           1C           58           00
                                     00           32           CD
      2026-01-04 18:30:37  1         8F           05           1D           B4
                                     00           00           30           D7
                                     1F           0E           00           00
                                     2E           DE           20           6F
                                     00           00           2C           EF
                                     21           9C           00           00
                                     2A           FC           23           7A
                                     00           00           29
      2026-01-04 18:31:23  1         0E           06           01           24
                                     EA           00           00           27
                                     0B           26           3F           00
                                     00           25           19           27
                                     B4           00           00           23
                                     2C           29           0D           00
                                     00           21           36           2A
                                     C5           00           00
      2026-01-04 18:32:09  1         47           07           1F           3D
                                     2C           E5           00           00
                                     1D           4A           2E           A7
                                     00           00           1B           5C
                                     30           B1           00           00
                                     19           6A           32           A5
                                     00           00           17           72
                                     34           A9           00
      2026-01-04 18:32:55  1         28           08           00           15
                                     7B           36           8A           00
                                     00           13           83           38
                                     5C           00           00           11
                                     99           3B           39           00
                                     00           0F           9B           3E
                                     CD           00           00           0E
                                     14           41           A8
      2026-01-04 18:33:41  1         E5           09           00           00
                                     08           E4           43           D6
                                     00           00           0B           B8
                                     45           A9           00           00
                                     0A           F3           48           57
                                     02           00           0A           1F
                                     48           5A           00           00
                                     09           5C           48
      2026-01-04 18:34:27  1         29           0A           BD           00
                                     00           08           9A           49
                                     D9           00           00           07
                                     D5           4A           AA           00
                                     00           07           6F           4B
                                     FD           00           00           07
                                     08           4C           CD           00
                                     00           06           A5
      2026-01-04 18:35:13  1         A4           0B           50           80
                                     00           00           06           38
                                     53           F5           10           00
                                     05           E1           54           31
                                     00           00           01           5D
                                     56           4E           00           00
                                     25           13           57           24
                                     00           00           04
02602 152399  12 31 3 3 2026-01-04 20:03:23  23.337   60.894  0.000 401649728
      2026-01-08 07:39:40  2         F1           01           00           1A
                                     01           08           0D           07
                                     08           61           00           64
                                     A1           00           0C           03
                                     D5           03           E2           06
                                     7A           18           38           40
                                     00           15           00           04
                                     FF           FF           87
      2026-01-08 07:40:19  2         F1           01           00           1A
                                     01           08           0D           07
                                     08           61           00           64
                                     A1           00           0C           03
                                     D5           03           E2           06
                                     7A           18           38           40
                                     00           15           00           04
                                     FF           FF           87
      2026-01-08 07:41:00  1         F1           01           00           1A
                                     01           08           0D           08
                                     26           61           08           64
                                     A6           00           0D           03
                                     D5           03           E2           06
                                     7A           18           38           40
                                     00           17           00           04
                                     FF           FF           B6
      2026-01-08 07:41:39  1         F1           01           00           1A
                                     01           08           0D           09
                                     17           61           06           64
                                     A7           00           0C           03
                                     D5           03           E2           06
                                     7A           18           38           40
                                     00           15           00           04
                                     FF           FF           A4
      2026-01-08 07:42:20  1         F1           01           00           1A
                                     01           08           0D           0A
                                     08           61           06           64
                                     A5           00           0D           03
                                     D5           03           E2           06
                                     7A           18           38           40
                                     00           16           00           04
                                     FF           FF           96
      2026-01-08 07:42:59  2         F1           01           00           1A
                                     01           08           0D           0A
                                     35           61           02           64
                                     A4           00           0C           03
                                     D5           03           E2           06
                                     7A           18           38           40
                                     00           16           00           04
                                     FF           FF           BD
      2026-01-08 07:43:39  2         F1           01           00           1A
                                     01           08           0D           0A
                                     35           61           02           64
                                     A4           00           0C           03
                                     D5           03           E2           06
                                     7A           18           38           40
                                     00           16           00           04
                                     FF           FF           BD
      2026-01-08 07:44:21  1         F1           01           00           1A
                                     01           08           0D           0B
                                     26           61           07           64
                                     A5           00           0D           03
                                     D5           03           E2           06
                                     7A           19           36           19
                                     00           16           00           04
                                     FF           FF           8E
      2026-01-08 07:45:03  1         F1           01           00           1A
                                     01           08           0D           0C
                                     17           61           05           64
                                     BD           00           0C           03
                                     D5           03           E2           06
                                     7A           18           38           40
                                     00           18           00           04
                                     FF           FF           BF
      2026-01-08 07:46:23  1         F1           01           00           0A
                                     01           08           0D           0D
                                     36           45           07           64
                                     D2           00           0B           03
                                     D5           03           E2           06
                                     58           18           38           40
                                     00           1E           01           24
                                     FF           FB           E3
      2026-01-04 19:58:47  1         13           0F           00           00
                                     00           64           61           D3
                                     00           00           00           2B
                                     00           07           00           00
                                     06           07           2A           4A
                                     5C           63           64           FF
                                     FF           FF           FF           FF
                                     FF           FF           FF
      2026-01-04 19:59:36  1         03           01           29           03
                                     3B           68           3A           80
                                     01           00           FF           FE
                                     FE           99           41           14
                                     00           00           00           00
                                     93           04           82           39
                                     6A           D0           90           42
                                     0D           03           65
      2026-01-04 20:01:05  1         F8           03           52           7A
                                     0A           47           24           C2
                                     00           00           27           4C
                                     0E           20           00           00
                                     4A           31           0F           F9
                                     00           00           46           52
                                     11           C9           00           00
                                     42           68           14
      2026-01-04 20:01:51  1         FA           04           28           00
                                     00           3E           84           17
                                     2E           00           00           3A
                                     9C           1A           05           00
                                     00           36           B3           1B
                                     07           00           00           34
                                     BF           1C           58           00
                                     00           32           CD
      2026-01-04 20:02:37  1         8F           05           1D           B4
                                     00           00           30           D7
                                     1F           0E           00           00
                                     2E           DE           20           6F
                                     00           00           2C           EF
                                     21           9C           00           00
                                     2A           FC           23           7A
                                     00           00           29
      2026-01-04 20:03:23  1         0E           06           01           24
                                     EA           00           00           27
                                     0B           26           3F           00
                                     00           25           19           27
                                     B4           00           00           23
                                     2C           29           0D           00
                                     00           21           36           2A
                                     C5           00           00
      2026-01-04 20:04:09  1         47           07           1F           3D
                                     2C           E5           00           00
                                     1D           4A           2E           A7
                                     00           00           1B           5C
                                     30           B1           00           00
                                     19           6A           32           A5
                                     00           00           17           72
                                     34           A9           00
      2026-01-04 20:04:55  1         28           08           00           15
                                     7B           36           8A           00
                                     00           13           83           38
                                     5C           00           00           11
                                     99           3B           39           00
                                     00           0F           9B           3E
                                     CD           00           00           0E
                                     14           41           A8
      2026-01-04 20:05:41  1         E5           09           00           00
                                     0C           E4           43           D6
                                     00           00           0B           BC
                                     45           A9           00           00
                                     0A           F3           48           57
                                     00           00           0A           1F
                                     48           5A           00           00
                                     09           5C           48
      2026-01-04 20:06:27  1         29           0A           BD           00
                                     00           08           9A           49
                                     D9           00           00           07
                                     D5           4A           AA           00
                                     00           07           6F           4B
                                     FD           00           00           07
                                     08           4C           CD           00
                                     00           06           A5
      2026-01-04 20:07:13  1         B4           0B           50           80
                                     00           00           06           38
                                     53           F5           00           00
                                     05           E1           54           31
                                     00           00           05           7D
                                     56           4E           00           00
                                     05           13           57           24
                                     00           00           04
      2026-01-04 20:07:59  1         BD           0C           B2           58
                                     D5           00           00           04
                                     4E           58           FB           00
                                     00           03           E8           59
                                     E9           00           00           03
                                     8B           1B           36           00
                                     00           03           25           5B
                                     CE           00           00
                                     00           03           25           5B
                                     CE           00           00