unformatted: File would be reformatted
   --> src/argo_decoder/cli/main.py:508:1
    |
507 |
    -
508 | @app.command("publish-cts4")
509 | def publish_cts4(
    -     wmo: str = typer.Option(..., "--wmo", help="WMO identifier, exactly seven digits (e.g. 2902091). Externally supplied; writer never derives from IMEI/telemetry."),
510 +     wmo: str = typer.Option(
511 +         ...,
512 +         "--wmo",
513 +         help="WMO identifier, exactly seven digits (e.g. 2902091). Externally supplied; writer never derives from IMEI/telemetry.",
514 +     ),
515 |     cycle: int = typer.Option(1, "--cycle", help="Cycle number for profile files (001)."),
    -     out_dir: Path = typer.Option(..., "--out", "-o", file_okay=False, help="Output directory for publication NetCDF (meta/tech/R/BR — real-time only; D/BD are reference evidence only when R/BR unavailable)."),
    -     decoder_version: str = typer.Option("PY-301-0.3.0", "--decoder-version", help="Decoder version string PY-301-x.y.z."),
    -     bbp_mode: str = typer.Option("TELEMETRY_ORIGINAL", "--bbp-mode", help="BBP mode: TELEMETRY_ORIGINAL (default) or INCOIS_CORRECTED (requires --bbp-corrected-scale)."),
    -     bbp_corrected_scale: float | None = typer.Option(None, "--bbp-corrected-scale", help="Corrected BPP scale for INCOIS_CORRECTED mode (Barnard 54520)."),
    -     bbp_original_scale: float | None = typer.Option(None, "--bbp-original-scale", help="Original BBP scale (from snapshot opcode 250)."),
    -     external_meta: Path | None = typer.Option(None, "--external-meta", exists=True, file_okay=True, dir_okay=False, help="Path to JSON file containing ExternalMeta (required for meta/tech; see writer/fixtures.py for test builders)."),
    -     tech_records_json: Path | None = typer.Option(None, "--tech-records", exists=True, file_okay=True, dir_okay=False, help="Path to JSON file containing list of tech_records (required for tech)."),
    -     allow_synthetic: bool = typer.Option(False, "--allow-synthetic", help="Allow synthetic test fixtures (uses writer/fixtures.py helpers) — TEST ONLY, not for GDAC submission."),
516 +     out_dir: Path = typer.Option(
517 +         ...,
518 +         "--out",
519 +         "-o",
520 +         file_okay=False,
521 +         help="Output directory for publication NetCDF (meta/tech/R/BR — real-time only; D/BD are reference evidence only when R/BR unavailable).",
522 +     ),
523 +     decoder_version: str = typer.Option(
524 +         "PY-301-0.3.0", "--decoder-version", help="Decoder version string PY-301-x.y.z."
525 +     ),
526 +     bbp_mode: str = typer.Option(
527 +         "TELEMETRY_ORIGINAL",
528 +         "--bbp-mode",
529 +         help="BBP mode: TELEMETRY_ORIGINAL (default) or INCOIS_CORRECTED (requires --bbp-corrected-scale).",
530 +     ),
531 +     bbp_corrected_scale: float | None = typer.Option(
532 +         None,
533 +         "--bbp-corrected-scale",
534 +         help="Corrected BPP scale for INCOIS_CORRECTED mode (Barnard 54520).",
535 +     ),
536 +     bbp_original_scale: float | None = typer.Option(
537 +         None, "--bbp-original-scale", help="Original BBP scale (from snapshot opcode 250)."
538 +     ),
539 +     external_meta: Path | None = typer.Option(
540 +         None,
541 +         "--external-meta",
542 +         exists=True,
543 +         file_okay=True,
544 +         dir_okay=False,
545 +         help="Path to JSON file containing ExternalMeta (required for meta/tech; see writer/fixtures.py for test builders).",
546 +     ),
547 +     tech_records_json: Path | None = typer.Option(
548 +         None,
549 +         "--tech-records",
550 +         exists=True,
551 +         file_okay=True,
552 +         dir_okay=False,
553 +         help="Path to JSON file containing list of tech_records (required for tech).",
554 +     ),
555 +     allow_synthetic: bool = typer.Option(
556 +         False,
557 +         "--allow-synthetic",
558 +         help="Allow synthetic test fixtures (uses writer/fixtures.py helpers) — TEST ONLY, not for GDAC submission.",
559 +     ),
560 | ) -> None:
--------------------------------------------------------------------------------
578 |     if bbp_mode not in ("TELEMETRY_ORIGINAL", "INCOIS_CORRECTED"):
    -         typer.echo(f"bbp_mode must be TELEMETRY_ORIGINAL or INCOIS_CORRECTED, got {bbp_mode!r}", err=True)
579 +         typer.echo(
580 +             f"bbp_mode must be TELEMETRY_ORIGINAL or INCOIS_CORRECTED, got {bbp_mode!r}", err=True
581 +         )
582 |         raise typer.Exit(code=2)
583 |     if bbp_mode == "INCOIS_CORRECTED" and bbp_corrected_scale is None:
    -         typer.echo("INCOIS_CORRECTED requires --bbp-corrected-scale (no silent fallback).", err=True)
584 +         typer.echo(
585 +             "INCOIS_CORRECTED requires --bbp-corrected-scale (no silent fallback).", err=True
586 +         )
587 |         raise typer.Exit(code=2)
588 |
589 |     # Load BBP scales from dedicated CSV if not supplied and wmo known
    -     if bbp_original_scale is None or (bbp_mode == "INCOIS_CORRECTED" and bbp_corrected_scale is None):
590 +     if bbp_original_scale is None or (
591 +         bbp_mode == "INCOIS_CORRECTED" and bbp_corrected_scale is None
592 +     ):
593 |         try:
594 |             import csv
    -             csv_path = Path(__file__).resolve().parents[2].parent / "config" / "metadata" / "provor_cts4_pub_bbp_scales.csv"
595 +
596 +             csv_path = (
597 +                 Path(__file__).resolve().parents[2].parent
598 +                 / "config"
599 +                 / "metadata"
600 +                 / "provor_cts4_pub_bbp_scales.csv"
601 +             )
602 |             if not csv_path.exists():
--------------------------------------------------------------------------------
627 |     elif allow_synthetic:
    -         from argo_decoder.writer.fixtures import make_synthetic_external_meta, make_synthetic_tech_records
628 +         from argo_decoder.writer.fixtures import (
629 +             make_synthetic_external_meta,
630 +             make_synthetic_tech_records,
631 +         )
632 +
633 |         external_meta_obj = make_synthetic_external_meta(wmo_valid)
634 |         tech_records = make_synthetic_tech_records(cycle=cycle)
    -         typer.echo("Using synthetic test fixtures (--allow-synthetic) — NOT for GDAC submission", err=True)
635 +         typer.echo(
636 +             "Using synthetic test fixtures (--allow-synthetic) — NOT for GDAC submission", err=True
637 +         )
638 |     else:
    -         typer.echo("Missing --external-meta (authoritative per-float metadata JSON required for meta/tech — see writer/fixtures.py for test builders; use --allow-synthetic for test-only synthetic)", err=True)
639 +         typer.echo(
640 +             "Missing --external-meta (authoritative per-float metadata JSON required for meta/tech — see writer/fixtures.py for test builders; use --allow-synthetic for test-only synthetic)",
641 +             err=True,
642 +         )
643 |         raise typer.Exit(code=2)
--------------------------------------------------------------------------------
651 |         from argo_decoder.writer.fixtures import make_synthetic_tech_records
652 +
653 |         tech_records = make_synthetic_tech_records(cycle=cycle)
654 |     if tech_records is None:
655 |         # Will cause write_tech to fail with clear message; surface here
    -         typer.echo("Missing --tech-records (and --allow-synthetic not set) — tech requires authoritative records", err=True)
656 +         typer.echo(
657 +             "Missing --tech-records (and --allow-synthetic not set) — tech requires authoritative records",
658 +             err=True,
659 +         )
660 |         # Still proceed to let writer raise, but we exit early for clarity
--------------------------------------------------------------------------------
688 |
689 +
690 | @app.command("version")
    |

unformatted: File would be reformatted
    --> src/argo_decoder/nc/rtraj_cts4.py:31:12
     |
30   | TRAJ_PARAMS: tuple[str, ...] = (
     -     "PRES", "FLUORESCENCE_CHLA", "BETA_BACKSCATTERING700", "CHLA",
     -     "CHLA_FLUORESCENCE", "BBP700", "C1PHASE_DOXY", "C2PHASE_DOXY",
     -     "TEMP_DOXY", "DOXY", "TEMP", "PSAL",
31   +     "PRES",
32   +     "FLUORESCENCE_CHLA",
33   +     "BETA_BACKSCATTERING700",
34   +     "CHLA",
35   +     "CHLA_FLUORESCENCE",
36   +     "BBP700",
37   +     "C1PHASE_DOXY",
38   +     "C2PHASE_DOXY",
39   +     "TEMP_DOXY",
40   +     "DOXY",
41   +     "TEMP",
42   +     "PSAL",
43   | )
44   | #: Parameters carrying ADJUSTED twins in the GDAC file.
45   | ADJUSTED_PARAMS: tuple[str, ...] = (
     -     "CHLA", "CHLA_FLUORESCENCE", "BBP700", "DOXY", "TEMP", "PSAL",
46   +     "CHLA",
47   +     "CHLA_FLUORESCENCE",
48   +     "BBP700",
49   +     "DOXY",
50   +     "TEMP",
51   +     "PSAL",
52   | )
--------------------------------------------------------------------------------
68   | #: table 2 code '0' = "no QC was performed"). Mirrors the R/BR profile writer.
     - _NO_QC_PERFORMED_PARAMS = frozenset({
     -     "C1PHASE_DOXY", "C2PHASE_DOXY", "FLUORESCENCE_CHLA", "BETA_BACKSCATTERING700",
     - })
69   + _NO_QC_PERFORMED_PARAMS = frozenset(
70   +     {
71   +         "C1PHASE_DOXY",
72   +         "C2PHASE_DOXY",
73   +         "FLUORESCENCE_CHLA",
74   +         "BETA_BACKSCATTERING700",
75   +     }
76   + )
77   |
78   |
     - _TRAJ_SPEC_ATTRS = {'DATA_TYPE': {'long_name': 'Data type', 'conventions': 'Argo reference table 1'}, 'FORMAT_VERSION': {'long_name': 'File format version'}, 'HANDBOOK_VERSION': {'long_name': 'Data handbook version'}, 'REFERENCE_DATE_TIME': {'long_name': 'Date of reference for Julian days', 'conventions': 'YYYYMMDDHHMISS'}, 'DATE_CREATION': {'long_name': 'Date of file creation', 'conventions': 'YYYYMMDDHHMISS'}, 'DATE_UPDATE': {'long_name': 'Date of update of this file', 'conventions': 'YYYYMMDDHHMISS'}, 'PLATFORM_NUMBER': {'long_name': 'Float unique identifier', 'conventions': 'WMO float identifier : A9IIIII'}, 'PROJECT_NAME': {'long_name': 'Name of the project'}, 'PI_NAME': {'long_name': 'Name of the principal investigator'}, 'TRAJECTORY_PARAMETERS': {'long_name': 'List of available parameters', 'conventions': 'Argo reference table 3'}, 'DATA_CENTRE': {'long_name': 'Data centre in charge of float data processing', 'conventions': 'Argo reference table 4'}, 'DATA_STATE_INDICATOR': {'long_name': 'Degree of processing the data have passed through', 'conventions': 'Argo reference table 6'}, 'PLATFORM_TYPE': {'long_name': 'Type of float', 'conventions': 'Argo reference table 23'}, 'FLOAT_SERIAL_NO': {'long_name': 'Serial number of the float'}, 'FIRMWARE_VERSION': {'long_name': 'Instrument firmware version'}, 'WMO_INST_TYPE': {'long_name': 'Coded instrument type', 'conventions': 'Argo reference table 8'}, 'POSITIONING_SYSTEM': {'long_name': 'Positioning system'}, 'JULD': {'long_name': 'Julian day (UTC) of each measurement relative to REFERENCE_DATE_TIME', 'standard_name': 'time', 'units': 'days since 1950-01-01 00:00:00 UTC', 'conventions': 'Relative julian days with decimal part (as parts of day)', 'axis': 'T'}, 'JULD_STATUS': {'long_name': 'Status of the date and time', 'conventions': 'Argo reference table 19'}, 'JULD_QC': {'long_name': 'Quality on date and time', 'conventions': 'Argo reference table 2'}, 'JULD_ADJUSTED': {'long_name': 'Adjusted julian day (UTC) of each measurement relative to REFERENCE_DATE_TIME', 'standard_name': 'time', 'units': 'days since 1950-01-01 00:00:00 UTC', 'conventions': 'Relative julian days with decimal part (as parts of day)', 'axis': 'T'}, 'JULD_ADJUSTED_STATUS': {'long_name': 'Status of the JULD_ADJUSTED date', 'conventions': 'Argo reference table 19'}, 'JULD_ADJUSTED_QC': {'long_name': 'Quality on adjusted date and time', 'conventions': 'Argo reference table 2'}, 'LATITUDE': {'long_name': 'Latitude of each location', 'standard_name': 'latitude', 'units': 'degree_north', 'valid_min': '-90.', 'valid_max': '90.', 'axis': 'Y'}, 'LONGITUDE': {'long_name': 'Longitude of each location', 'standard_name': 'longitude', 'units': 'degree_east', 'valid_min': '-180.', 'valid_max': '180.', 'axis': 'X'}, 'POSITION_ACCURACY': {'long_name': 'Estimated accuracy in latitude and longitude', 'conventions': 'Argo reference table 5'}, 'POSITION_QC': {'long_name': 'Quality on position', 'conventions': 'Argo reference table 2'}, 'CYCLE_NUMBER': {'long_name': 'Float cycle number of the measurement', 'conventions': '0...N, 0 : launch cycle, 1 : first complete cycle'}, 'CYCLE_NUMBER_ADJUSTED': {'long_name': 'Adjusted float cycle number of the measurement', 'conventions': '0...N, 0 : launch cycle, 1 : first complete cycle'}, 'MEASUREMENT_CODE': {'long_name': 'Flag referring to a measurement event in the cycle', 'conventions': 'Argo reference table 15'}, 'AXES_ERROR_ELLIPSE_MAJOR': {'long_name': 'Semi-major axis of error ellipse from positioning system', 'units': 'meters'}, 'AXES_ERROR_ELLIPSE_MINOR': {'long_name': 'Semi-minor axis of error ellipse from positioning system', 'units': 'meters'}, 'AXES_ERROR_ELLIPSE_ANGLE': {'long_name': 'Angle of error ellipse from positioning system', 'units': 'Degrees (from North when heading East)'}, 'SATELLITE_NAME': {'long_name': 'Satellite name from positioning system'}, 'TRAJECTORY_PARAMETER_DATA_MODE': {'long_name': 'Delayed mode or real time data', 'conventions': 'R : real time; D : delayed mode; A : real time with adjustment'}, 'JULD_DATA_MODE': {'long_name': 'Delayed mode or real time data', 'conventions': 'R : real time; D : delayed mode; A : real time with adjustment'}, 'JULD_DESCENT_START': {'long_name': 'Descent start date of the cycle', 'standard_name': 'time', 'units': 'days since 1950-01-01 00:00:00 UTC', 'conventions': 'Relative julian days with decimal part (as parts of day)'}, 'JULD_DESCENT_START_STATUS': {'long_name': 'Status of descent start date of the cycle', 'conventions': 'Argo reference table 19'}, 'JULD_FIRST_STABILIZATION': {'long_name': 'Time when a float first becomes water-neutral', 'standard_name': 'time', 'units': 'days since 1950-01-01 00:00:00 UTC', 'conventions': 'Relative julian days with decimal part (as parts of day)'}, 'JULD_FIRST_STABILIZATION_STATUS': {'long_name': 'Status of time when a float first becomes water-neutral', 'conventions': 'Argo reference table 19'}, 'JULD_DESCENT_END': {'long_name': 'Descent end date of the cycle', 'standard_name': 'time', 'units': 'days since 1950-01-01 00:00:00 UTC', 'conventions': 'Relative julian days with decimal part (as parts of day)'}, 'JULD_DESCENT_END_STATUS': {'long_name': 'Status of descent end date of the cycle', 'conventions': 'Argo reference table 19'}, 'JULD_PARK_START': {'long_name': 'Drift start date of the cycle', 'standard_name': 'time', 'units': 'days since 1950-01-01 00:00:00 UTC', 'conventions': 'Relative julian days with decimal part (as parts of day)'}, 'JULD_PARK_START_STATUS': {'long_name': 'Status of drift start date of the cycle', 'conventions': 'Argo reference table 19'}, 'JULD_PARK_END': {'long_name': 'Drift end date of the cycle', 'standard_name': 'time', 'units': 'days since 1950-01-01 00:00:00 UTC', 'conventions': 'Relative julian days with decimal part (as parts of day)'}, 'JULD_PARK_END_STATUS': {'long_name': 'Status of drift end date of the cycle', 'conventions': 'Argo reference table 19'}, 'JULD_DEEP_DESCENT_END': {'long_name': 'Deep descent end date of the cycle', 'standard_name': 'time', 'units': 'days since 1950-01-01 00:00:00 UTC', 'conventions': 'Relative julian days with decimal part (as parts of day)'}, 'JULD_DEEP_DESCENT_END_STATUS': {'long_name': 'Status of deep descent end date of the cycle', 'conventions': 'Argo reference table 19'}, 'JULD_DEEP_PARK_START': {'long_name': 'Deep park start date of the cycle', 'standard_name': 'time', 'units': 'days since 1950-01-01 00:00:00 UTC', 'conventions': 'Relative julian days with decimal part (as parts of day)'}, 'JULD_DEEP_PARK_START_STATUS': {'long_name': 'Status of deep park start date of the cycle', 'conventions': 'Argo reference table 19'}, 'JULD_ASCENT_START': {'long_name': 'Start date of the ascent to the surface', 'standard_name': 'time', 'units': 'days since 1950-01-01 00:00:00 UTC', 'conventions': 'Relative julian days with decimal part (as parts of day)'}, 'JULD_ASCENT_START_STATUS': {'long_name': 'Status of start date of the ascent to the surface', 'conventions': 'Argo reference table 19'}, 'JULD_DEEP_ASCENT_START': {'long_name': 'Deep ascent start date of the cycle', 'standard_name': 'time', 'units': 'days since 1950-01-01 00:00:00 UTC', 'conventions': 'Relative julian days with decimal part (as parts of day)'}, 'JULD_DEEP_ASCENT_START_STATUS': {'long_name': 'Status of deep ascent start date of the cycle', 'conventions': 'Argo reference table 19'}, 'JULD_ASCENT_END': {'long_name': 'End date of ascent to the surface', 'standard_name': 'time', 'units': 'days since 1950-01-01 00:00:00 UTC', 'conventions': 'Relative julian days with decimal part (as parts of day)'}, 'JULD_ASCENT_END_STATUS': {'long_name': 'Status of end date of ascent to the surface', 'conventions': 'Argo reference table 19'}, 'JULD_TRANSMISSION_START': {'long_name': 'Start date of transmission', 'standard_name': 'time', 'units': 'days since 1950-01-01 00:00:00 UTC', 'conventions': 'Relative julian days with decimal part (as parts of day)'}, 'JULD_TRANSMISSION_START_STATUS': {'long_name': 'Status of start date of transmission', 'conventions': 'Argo reference table 19'}, 'JULD_FIRST_MESSAGE': {'long_name': 'Date of earliest float message received', 'standard_name': 'time', 'units': 'days since 1950-01-01 00:00:00 UTC', 'conventions': 'Relative julian days with decimal part (as parts of day)'}, 'JULD_FIRST_MESSAGE_STATUS': {'long_name': 'Status of date of earliest float message received', 'conventions': 'Argo reference table 19'}, 'JULD_FIRST_LOCATION': {'long_name': 'Date of earliest location', 'standard_name': 'time', 'units': 'days since 1950-01-01 00:00:00 UTC', 'conventions': 'Relative julian days with decimal part (as parts of day)'}, 'JULD_FIRST_LOCATION_STATUS': {'long_name': 'Status of date of earliest location', 'conventions': 'Argo reference table 19'}, 'JULD_LAST_LOCATION': {'long_name': 'Date of latest location', 'standard_name': 'time', 'units': 'days since 1950-01-01 00:00:00 UTC', 'conventions': 'Relative julian days with decimal part (as parts of day)'}, 'JULD_LAST_LOCATION_STATUS': {'long_name': 'Status of date of latest location', 'conventions': 'Argo reference table 19'}, 'JULD_LAST_MESSAGE': {'long_name': 'Date of latest float message received', 'standard_name': 'time', 'units': 'days since 1950-01-01 00:00:00 UTC', 'conventions': 'Relative julian days with decimal part (as parts of day)'}, 'JULD_LAST_MESSAGE_STATUS': {'long_name': 'Status of date of latest float message received', 'conventions': 'Argo reference table 19'}, 'JULD_TRANSMISSION_END': {'long_name': 'Transmission end date', 'standard_name': 'time', 'units': 'days since 1950-01-01 00:00:00 UTC', 'conventions': 'Relative julian days with decimal part (as parts of day)'}, 'JULD_TRANSMISSION_END_STATUS': {'long_name': 'Status of transmission end date', 'conventions': 'Argo reference table 19'}, 'CLOCK_OFFSET': {'long_name': 'Time of float clock drift', 'units': 'days', 'conventions': 'Days with decimal part (as parts of day)'}, 'GROUNDED': {'long_name': 'Did the profiler touch the ground for that cycle?', 'conventions': 'Argo reference table 20'}, 'REPRESENTATIVE_PARK_PRESSURE': {'long_name': 'Best pressure value during park phase', 'units': 'decibar'}, 'REPRESENTATIVE_PARK_PRESSURE_STATUS': {'long_name': 'Status of best pressure value during park phase', 'conventions': 'Argo reference table 21'}, 'CONFIG_MISSION_NUMBER': {'long_name': 'Unique number denoting the missions performed by the float', 'conventions': '1...N, 1 : first complete mission'}, 'CYCLE_NUMBER_INDEX': {'long_name': 'Cycle number that corresponds to the current index', 'conventions': '0...N, 0 : launch cycle, 1 : first complete cycle'}, 'CYCLE_NUMBER_INDEX_ADJUSTED': {'long_name': 'Adjusted cycle number that corresponds to the current index', 'conventions': '0...N, 0 : launch cycle, 1 : first complete cycle'}, 'DATA_MODE': {'long_name': 'Delayed mode or real time data', 'conventions': 'R : real time; D : delayed mode; A : real time with adjustment'}, 'SCIENTIFIC_CALIB_PARAMETER': {'long_name': 'List of parameters with calibration information', 'conventions': 'Argo reference table 3'}, 'SCIENTIFIC_CALIB_EQUATION': {'long_name': 'Calibration equation for this parameter'}, 'SCIENTIFIC_CALIB_COEFFICIENT': {'long_name': 'Calibration coefficients for this equation'}, 'SCIENTIFIC_CALIB_COMMENT': {'long_name': 'Comment applying to this parameter calibration'}, 'SCIENTIFIC_CALIB_DATE': {'long_name': 'Date of calibration', 'conventions': 'YYYYMMDDHHMISS'}, 'JULD_CALIB_EQUATION': {'long_name': 'Calibration equation for JULD'}, 'JULD_CALIB_COEFFICIENT': {'long_name': 'Calibration coefficients for JULD equation'}, 'JULD_CALIB_COMMENT': {'long_name': 'Comment applying to JULD calibration'}, 'JULD_CALIB_DATE': {'long_name': 'Date of JULD calibration', 'conventions': 'YYYYMMDDHHMISS'}, 'HISTORY_INSTITUTION': {'long_name': 'Institution which performed action', 'conventions': 'Argo reference table 4'}, 'HISTORY_STEP': {'long_name': 'Step in data processing', 'conventions': 'Argo reference table 12'}, 'HISTORY_SOFTWARE': {'long_name': 'Name of software which performed action', 'conventions': 'Institution dependent'}, 'HISTORY_SOFTWARE_RELEASE': {'long_name': 'Version/release of software which performed action', 'conventions': 'Institution dependent'}, 'HISTORY_REFERENCE': {'long_name': 'Reference of database', 'conventions': 'Institution dependent'}, 'HISTORY_DATE': {'long_name': 'Date the history record was created', 'conventions': 'YYYYMMDDHHMISS'}, 'HISTORY_ACTION': {'long_name': 'Action performed on data', 'conventions': 'Argo reference table 7'}, 'HISTORY_PARAMETER': {'long_name': 'Parameter action is performed on', 'conventions': 'Argo reference table 3'}, 'HISTORY_INDEX_DIMENSION': {'long_name': 'Name of dimension to which HISTORY_START_INDEX and HISTORY_STOP_INDEX correspond', 'conventions': 'C: N_CYCLE, M: N_MEASUREMENT'}, 'HISTORY_START_INDEX': {'long_name': 'Start index action applied on'}, 'HISTORY_STOP_INDEX': {'long_name': 'Stop index action applied on'}, 'HISTORY_QCTEST': {'long_name': 'Documentation of tests performed, tests failed (in hex form)', 'conventions': 'Write tests performed when ACTION=QCP$; tests failed when ACTION=QCF$'}}
79   + _TRAJ_SPEC_ATTRS = {
80   +     "DATA_TYPE": {"long_name": "Data type", "conventions": "Argo reference table 1"},
81   +     "FORMAT_VERSION": {"long_name": "File format version"},
82   +     "HANDBOOK_VERSION": {"long_name": "Data handbook version"},
83   +     "REFERENCE_DATE_TIME": {
84   +         "long_name": "Date of reference for Julian days",
85   +         "conventions": "YYYYMMDDHHMISS",
86   +     },
87   +     "DATE_CREATION": {"long_name": "Date of file creation", "conventions": "YYYYMMDDHHMISS"},
88   +     "DATE_UPDATE": {"long_name": "Date of update of this file", "conventions": "YYYYMMDDHHMISS"},
89   +     "PLATFORM_NUMBER": {
90   +         "long_name": "Float unique identifier",
91   +         "conventions": "WMO float identifier : A9IIIII",
92   +     },
93   +     "PROJECT_NAME": {"long_name": "Name of the project"},
94   +     "PI_NAME": {"long_name": "Name of the principal investigator"},
95   +     "TRAJECTORY_PARAMETERS": {
96   +         "long_name": "List of available parameters",
97   +         "conventions": "Argo reference table 3",
98   +     },
99   +     "DATA_CENTRE": {
100  +         "long_name": "Data centre in charge of float data processing",
101  +         "conventions": "Argo reference table 4",
102  +     },
103  +     "DATA_STATE_INDICATOR": {
104  +         "long_name": "Degree of processing the data have passed through",
105  +         "conventions": "Argo reference table 6",
106  +     },
107  +     "PLATFORM_TYPE": {"long_name": "Type of float", "conventions": "Argo reference table 23"},
108  +     "FLOAT_SERIAL_NO": {"long_name": "Serial number of the float"},
109  +     "FIRMWARE_VERSION": {"long_name": "Instrument firmware version"},
110  +     "WMO_INST_TYPE": {
111  +         "long_name": "Coded instrument type",
112  +         "conventions": "Argo reference table 8",
113  +     },
114  +     "POSITIONING_SYSTEM": {"long_name": "Positioning system"},
115  +     "JULD": {
116  +         "long_name": "Julian day (UTC) of each measurement relative to REFERENCE_DATE_TIME",
117  +         "standard_name": "time",
118  +         "units": "days since 1950-01-01 00:00:00 UTC",
119  +         "conventions": "Relative julian days with decimal part (as parts of day)",
120  +         "axis": "T",
121  +     },
122  +     "JULD_STATUS": {
123  +         "long_name": "Status of the date and time",
124  +         "conventions": "Argo reference table 19",
125  +     },
126  +     "JULD_QC": {"long_name": "Quality on date and time", "conventions": "Argo reference table 2"},
127  +     "JULD_ADJUSTED": {
128  +         "long_name": "Adjusted julian day (UTC) of each measurement relative to REFERENCE_DATE_TIME",
129  +         "standard_name": "time",
130  +         "units": "days since 1950-01-01 00:00:00 UTC",
131  +         "conventions": "Relative julian days with decimal part (as parts of day)",
132  +         "axis": "T",
133  +     },
134  +     "JULD_ADJUSTED_STATUS": {
135  +         "long_name": "Status of the JULD_ADJUSTED date",
136  +         "conventions": "Argo reference table 19",
137  +     },
138  +     "JULD_ADJUSTED_QC": {
139  +         "long_name": "Quality on adjusted date and time",
140  +         "conventions": "Argo reference table 2",
141  +     },
142  +     "LATITUDE": {
143  +         "long_name": "Latitude of each location",
144  +         "standard_name": "latitude",
145  +         "units": "degree_north",
146  +         "valid_min": "-90.",
147  +         "valid_max": "90.",
148  +         "axis": "Y",
149  +     },
150  +     "LONGITUDE": {
151  +         "long_name": "Longitude of each location",
152  +         "standard_name": "longitude",
153  +         "units": "degree_east",
154  +         "valid_min": "-180.",
155  +         "valid_max": "180.",
156  +         "axis": "X",
157  +     },
158  +     "POSITION_ACCURACY": {
159  +         "long_name": "Estimated accuracy in latitude and longitude",
160  +         "conventions": "Argo reference table 5",
161  +     },
162  +     "POSITION_QC": {"long_name": "Quality on position", "conventions": "Argo reference table 2"},
163  +     "CYCLE_NUMBER": {
164  +         "long_name": "Float cycle number of the measurement",
165  +         "conventions": "0...N, 0 : launch cycle, 1 : first complete cycle",
166  +     },
167  +     "CYCLE_NUMBER_ADJUSTED": {
168  +         "long_name": "Adjusted float cycle number of the measurement",
169  +         "conventions": "0...N, 0 : launch cycle, 1 : first complete cycle",
170  +     },
171  +     "MEASUREMENT_CODE": {
172  +         "long_name": "Flag referring to a measurement event in the cycle",
173  +         "conventions": "Argo reference table 15",
174  +     },
175  +     "AXES_ERROR_ELLIPSE_MAJOR": {
176  +         "long_name": "Semi-major axis of error ellipse from positioning system",
177  +         "units": "meters",
178  +     },
179  +     "AXES_ERROR_ELLIPSE_MINOR": {
180  +         "long_name": "Semi-minor axis of error ellipse from positioning system",
181  +         "units": "meters",
182  +     },
183  +     "AXES_ERROR_ELLIPSE_ANGLE": {
184  +         "long_name": "Angle of error ellipse from positioning system",
185  +         "units": "Degrees (from North when heading East)",
186  +     },
187  +     "SATELLITE_NAME": {"long_name": "Satellite name from positioning system"},
188  +     "TRAJECTORY_PARAMETER_DATA_MODE": {
189  +         "long_name": "Delayed mode or real time data",
190  +         "conventions": "R : real time; D : delayed mode; A : real time with adjustment",
191  +     },
192  +     "JULD_DATA_MODE": {
193  +         "long_name": "Delayed mode or real time data",
194  +         "conventions": "R : real time; D : delayed mode; A : real time with adjustment",
195  +     },
196  +     "JULD_DESCENT_START": {
197  +         "long_name": "Descent start date of the cycle",
198  +         "standard_name": "time",
199  +         "units": "days since 1950-01-01 00:00:00 UTC",
200  +         "conventions": "Relative julian days with decimal part (as parts of day)",
201  +     },
202  +     "JULD_DESCENT_START_STATUS": {
203  +         "long_name": "Status of descent start date of the cycle",
204  +         "conventions": "Argo reference table 19",
205  +     },
206  +     "JULD_FIRST_STABILIZATION": {
207  +         "long_name": "Time when a float first becomes water-neutral",
208  +         "standard_name": "time",
209  +         "units": "days since 1950-01-01 00:00:00 UTC",
210  +         "conventions": "Relative julian days with decimal part (as parts of day)",
211  +     },
212  +     "JULD_FIRST_STABILIZATION_STATUS": {
213  +         "long_name": "Status of time when a float first becomes water-neutral",
214  +         "conventions": "Argo reference table 19",
215  +     },
216  +     "JULD_DESCENT_END": {
217  +         "long_name": "Descent end date of the cycle",
218  +         "standard_name": "time",
219  +         "units": "days since 1950-01-01 00:00:00 UTC",
220  +         "conventions": "Relative julian days with decimal part (as parts of day)",
221  +     },
222  +     "JULD_DESCENT_END_STATUS": {
223  +         "long_name": "Status of descent end date of the cycle",
224  +         "conventions": "Argo reference table 19",
225  +     },
226  +     "JULD_PARK_START": {
227  +         "long_name": "Drift start date of the cycle",
228  +         "standard_name": "time",
229  +         "units": "days since 1950-01-01 00:00:00 UTC",
230  +         "conventions": "Relative julian days with decimal part (as parts of day)",
231  +     },
232  +     "JULD_PARK_START_STATUS": {
233  +         "long_name": "Status of drift start date of the cycle",
234  +         "conventions": "Argo reference table 19",
235  +     },
236  +     "JULD_PARK_END": {
237  +         "long_name": "Drift end date of the cycle",
238  +         "standard_name": "time",
239  +         "units": "days since 1950-01-01 00:00:00 UTC",
240  +         "conventions": "Relative julian days with decimal part (as parts of day)",
241  +     },
242  +     "JULD_PARK_END_STATUS": {
243  +         "long_name": "Status of drift end date of the cycle",
244  +         "conventions": "Argo reference table 19",
245  +     },
246  +     "JULD_DEEP_DESCENT_END": {
247  +         "long_name": "Deep descent end date of the cycle",
248  +         "standard_name": "time",
249  +         "units": "days since 1950-01-01 00:00:00 UTC",
250  +         "conventions": "Relative julian days with decimal part (as parts of day)",
251  +     },
252  +     "JULD_DEEP_DESCENT_END_STATUS": {
253  +         "long_name": "Status of deep descent end date of the cycle",
254  +         "conventions": "Argo reference table 19",
255  +     },
256  +     "JULD_DEEP_PARK_START": {
257  +         "long_name": "Deep park start date of the cycle",
258  +         "standard_name": "time",
259  +         "units": "days since 1950-01-01 00:00:00 UTC",
260  +         "conventions": "Relative julian days with decimal part (as parts of day)",
261  +     },
262  +     "JULD_DEEP_PARK_START_STATUS": {
263  +         "long_name": "Status of deep park start date of the cycle",
264  +         "conventions": "Argo reference table 19",
265  +     },
266  +     "JULD_ASCENT_START": {
267  +         "long_name": "Start date of the ascent to the surface",
268  +         "standard_name": "time",
269  +         "units": "days since 1950-01-01 00:00:00 UTC",
270  +         "conventions": "Relative julian days with decimal part (as parts of day)",
271  +     },
272  +     "JULD_ASCENT_START_STATUS": {
273  +         "long_name": "Status of start date of the ascent to the surface",
274  +         "conventions": "Argo reference table 19",
275  +     },
276  +     "JULD_DEEP_ASCENT_START": {
277  +         "long_name": "Deep ascent start date of the cycle",
278  +         "standard_name": "time",
279  +         "units": "days since 1950-01-01 00:00:00 UTC",
280  +         "conventions": "Relative julian days with decimal part (as parts of day)",
281  +     },
282  +     "JULD_DEEP_ASCENT_START_STATUS": {
283  +         "long_name": "Status of deep ascent start date of the cycle",
284  +         "conventions": "Argo reference table 19",
285  +     },
286  +     "JULD_ASCENT_END": {
287  +         "long_name": "End date of ascent to the surface",
288  +         "standard_name": "time",
289  +         "units": "days since 1950-01-01 00:00:00 UTC",
290  +         "conventions": "Relative julian days with decimal part (as parts of day)",
291  +     },
292  +     "JULD_ASCENT_END_STATUS": {
293  +         "long_name": "Status of end date of ascent to the surface",
294  +         "conventions": "Argo reference table 19",
295  +     },
296  +     "JULD_TRANSMISSION_START": {
297  +         "long_name": "Start date of transmission",
298  +         "standard_name": "time",
299  +         "units": "days since 1950-01-01 00:00:00 UTC",
300  +         "conventions": "Relative julian days with decimal part (as parts of day)",
301  +     },
302  +     "JULD_TRANSMISSION_START_STATUS": {
303  +         "long_name": "Status of start date of transmission",
304  +         "conventions": "Argo reference table 19",
305  +     },
306  +     "JULD_FIRST_MESSAGE": {
307  +         "long_name": "Date of earliest float message received",
308  +         "standard_name": "time",
309  +         "units": "days since 1950-01-01 00:00:00 UTC",
310  +         "conventions": "Relative julian days with decimal part (as parts of day)",
311  +     },
312  +     "JULD_FIRST_MESSAGE_STATUS": {
313  +         "long_name": "Status of date of earliest float message received",
314  +         "conventions": "Argo reference table 19",
315  +     },
316  +     "JULD_FIRST_LOCATION": {
317  +         "long_name": "Date of earliest location",
318  +         "standard_name": "time",
319  +         "units": "days since 1950-01-01 00:00:00 UTC",
320  +         "conventions": "Relative julian days with decimal part (as parts of day)",
321  +     },
322  +     "JULD_FIRST_LOCATION_STATUS": {
323  +         "long_name": "Status of date of earliest location",
324  +         "conventions": "Argo reference table 19",
325  +     },
326  +     "JULD_LAST_LOCATION": {
327  +         "long_name": "Date of latest location",
328  +         "standard_name": "time",
329  +         "units": "days since 1950-01-01 00:00:00 UTC",
330  +         "conventions": "Relative julian days with decimal part (as parts of day)",
331  +     },
332  +     "JULD_LAST_LOCATION_STATUS": {
333  +         "long_name": "Status of date of latest location",
334  +         "conventions": "Argo reference table 19",
335  +     },
336  +     "JULD_LAST_MESSAGE": {
337  +         "long_name": "Date of latest float message received",
338  +         "standard_name": "time",
339  +         "units": "days since 1950-01-01 00:00:00 UTC",
340  +         "conventions": "Relative julian days with decimal part (as parts of day)",
341  +     },
342  +     "JULD_LAST_MESSAGE_STATUS": {
343  +         "long_name": "Status of date of latest float message received",
344  +         "conventions": "Argo reference table 19",
345  +     },
346  +     "JULD_TRANSMISSION_END": {
347  +         "long_name": "Transmission end date",
348  +         "standard_name": "time",
349  +         "units": "days since 1950-01-01 00:00:00 UTC",
350  +         "conventions": "Relative julian days with decimal part (as parts of day)",
351  +     },
352  +     "JULD_TRANSMISSION_END_STATUS": {
353  +         "long_name": "Status of transmission end date",
354  +         "conventions": "Argo reference table 19",
355  +     },
356  +     "CLOCK_OFFSET": {
357  +         "long_name": "Time of float clock drift",
358  +         "units": "days",
359  +         "conventions": "Days with decimal part (as parts of day)",
360  +     },
361  +     "GROUNDED": {
362  +         "long_name": "Did the profiler touch the ground for that cycle?",
363  +         "conventions": "Argo reference table 20",
364  +     },
365  +     "REPRESENTATIVE_PARK_PRESSURE": {
366  +         "long_name": "Best pressure value during park phase",
367  +         "units": "decibar",
368  +     },
369  +     "REPRESENTATIVE_PARK_PRESSURE_STATUS": {
370  +         "long_name": "Status of best pressure value during park phase",
371  +         "conventions": "Argo reference table 21",
372  +     },
373  +     "CONFIG_MISSION_NUMBER": {
374  +         "long_name": "Unique number denoting the missions performed by the float",
375  +         "conventions": "1...N, 1 : first complete mission",
376  +     },
377  +     "CYCLE_NUMBER_INDEX": {
378  +         "long_name": "Cycle number that corresponds to the current index",
379  +         "conventions": "0...N, 0 : launch cycle, 1 : first complete cycle",
380  +     },
381  +     "CYCLE_NUMBER_INDEX_ADJUSTED": {
382  +         "long_name": "Adjusted cycle number that corresponds to the current index",
383  +         "conventions": "0...N, 0 : launch cycle, 1 : first complete cycle",
384  +     },
385  +     "DATA_MODE": {
386  +         "long_name": "Delayed mode or real time data",
387  +         "conventions": "R : real time; D : delayed mode; A : real time with adjustment",
388  +     },
389  +     "SCIENTIFIC_CALIB_PARAMETER": {
390  +         "long_name": "List of parameters with calibration information",
391  +         "conventions": "Argo reference table 3",
392  +     },
393  +     "SCIENTIFIC_CALIB_EQUATION": {"long_name": "Calibration equation for this parameter"},
394  +     "SCIENTIFIC_CALIB_COEFFICIENT": {"long_name": "Calibration coefficients for this equation"},
395  +     "SCIENTIFIC_CALIB_COMMENT": {"long_name": "Comment applying to this parameter calibration"},
396  +     "SCIENTIFIC_CALIB_DATE": {"long_name": "Date of calibration", "conventions": "YYYYMMDDHHMISS"},
397  +     "JULD_CALIB_EQUATION": {"long_name": "Calibration equation for JULD"},
398  +     "JULD_CALIB_COEFFICIENT": {"long_name": "Calibration coefficients for JULD equation"},
399  +     "JULD_CALIB_COMMENT": {"long_name": "Comment applying to JULD calibration"},
400  +     "JULD_CALIB_DATE": {"long_name": "Date of JULD calibration", "conventions": "YYYYMMDDHHMISS"},
401  +     "HISTORY_INSTITUTION": {
402  +         "long_name": "Institution which performed action",
403  +         "conventions": "Argo reference table 4",
404  +     },
405  +     "HISTORY_STEP": {
406  +         "long_name": "Step in data processing",
407  +         "conventions": "Argo reference table 12",
408  +     },
409  +     "HISTORY_SOFTWARE": {
410  +         "long_name": "Name of software which performed action",
411  +         "conventions": "Institution dependent",
412  +     },
413  +     "HISTORY_SOFTWARE_RELEASE": {
414  +         "long_name": "Version/release of software which performed action",
415  +         "conventions": "Institution dependent",
416  +     },
417  +     "HISTORY_REFERENCE": {
418  +         "long_name": "Reference of database",
419  +         "conventions": "Institution dependent",
420  +     },
421  +     "HISTORY_DATE": {
422  +         "long_name": "Date the history record was created",
423  +         "conventions": "YYYYMMDDHHMISS",
424  +     },
425  +     "HISTORY_ACTION": {
426  +         "long_name": "Action performed on data",
427  +         "conventions": "Argo reference table 7",
428  +     },
429  +     "HISTORY_PARAMETER": {
430  +         "long_name": "Parameter action is performed on",
431  +         "conventions": "Argo reference table 3",
432  +     },
433  +     "HISTORY_INDEX_DIMENSION": {
434  +         "long_name": "Name of dimension to which HISTORY_START_INDEX and HISTORY_STOP_INDEX correspond",
435  +         "conventions": "C: N_CYCLE, M: N_MEASUREMENT",
436  +     },
437  +     "HISTORY_START_INDEX": {"long_name": "Start index action applied on"},
438  +     "HISTORY_STOP_INDEX": {"long_name": "Stop index action applied on"},
439  +     "HISTORY_QCTEST": {
440  +         "long_name": "Documentation of tests performed, tests failed (in hex form)",
441  +         "conventions": "Write tests performed when ACTION=QCP$; tests failed when ACTION=QCF$",
442  +     },
443  + }
444  |
445  | _NCYCLE_JULDS: tuple[str, ...] = (
     -     "JULD_DESCENT_START", "JULD_FIRST_STABILIZATION", "JULD_DESCENT_END",
     -     "JULD_PARK_START", "JULD_PARK_END", "JULD_DEEP_DESCENT_END",
     -     "JULD_DEEP_PARK_START", "JULD_ASCENT_START", "JULD_DEEP_ASCENT_START",
     -     "JULD_ASCENT_END", "JULD_TRANSMISSION_START", "JULD_FIRST_MESSAGE",
     -     "JULD_FIRST_LOCATION", "JULD_LAST_LOCATION", "JULD_LAST_MESSAGE",
446  +     "JULD_DESCENT_START",
447  +     "JULD_FIRST_STABILIZATION",
448  +     "JULD_DESCENT_END",
449  +     "JULD_PARK_START",
450  +     "JULD_PARK_END",
451  +     "JULD_DEEP_DESCENT_END",
452  +     "JULD_DEEP_PARK_START",
453  +     "JULD_ASCENT_START",
454  +     "JULD_DEEP_ASCENT_START",
455  +     "JULD_ASCENT_END",
456  +     "JULD_TRANSMISSION_START",
457  +     "JULD_FIRST_MESSAGE",
458  +     "JULD_FIRST_LOCATION",
459  +     "JULD_LAST_LOCATION",
460  +     "JULD_LAST_MESSAGE",
461  |     "JULD_TRANSMISSION_END",
462  | )
463  |
     - _STRING_DIMS = {"STRING2": 2, "STRING4": 4, "STRING8": 8, "STRING16": 16,
     -                 "STRING32": 32, "STRING64": 64, "STRING256": 256}
464  + _STRING_DIMS = {
465  +     "STRING2": 2,
466  +     "STRING4": 4,
467  +     "STRING8": 8,
468  +     "STRING16": 16,
469  +     "STRING32": 32,
470  +     "STRING64": 64,
471  +     "STRING256": 256,
472  + }
473  |
--------------------------------------------------------------------------------
490  |     path: Path | str,
     -     rows,                       # list[rtraj_build.RtrajRow]
     -     cycle_summaries,            # list[Cts4RtrajCycleSummary]
     -     external_meta,              # writer.nc.ExternalMeta
     -     wmo: str,                   # externally supplied; never derived from IMEI
491  +     rows,  # list[rtraj_build.RtrajRow]
492  +     cycle_summaries,  # list[Cts4RtrajCycleSummary]
493  +     external_meta,  # writer.nc.ExternalMeta
494  +     wmo: str,  # externally supplied; never derived from IMEI
495  |     institution: str = "IN",
--------------------------------------------------------------------------------
540  |
     -     _char(ds, "DATA_TYPE", "Argo trajectory", "STRING16",
     -           {"long_name": "Data type", "conventions": "Argo reference table 1"})
     -     _char(ds, "FORMAT_VERSION", "3.2", "STRING4",
     -           {"long_name": "File format version"})
     -     _char(ds, "HANDBOOK_VERSION", "1.2", "STRING4",
     -           {"long_name": "Data handbook version"})
     -     _char(ds, "REFERENCE_DATE_TIME", "19500101000000", "DATE_TIME",
     -           {"long_name": "Date of reference for Julian days",
     -            "conventions": "YYYYMMDDHHMISS"}, dims=("DATE_TIME",))
     -     _char(ds, "DATE_CREATION", _now(), "DATE_TIME",
     -           {"long_name": "Date of file creation",
     -            "conventions": "YYYYMMDDHHMISS"}, dims=("DATE_TIME",))
     -     _char(ds, "DATE_UPDATE", _now(), "DATE_TIME",
     -           {"long_name": "Date of update of this file",
     -            "conventions": "YYYYMMDDHHMISS"}, dims=("DATE_TIME",))
     -     _char(ds, "PLATFORM_NUMBER", wmo, "STRING8",
     -           {"long_name": "Float unique identifier",
     -            "conventions": "WMO float identifier : A9IIIII"})
     -     _char(ds, "PROJECT_NAME", external_meta.project_name, "STRING64",
     -           {"long_name": "Name of the project"})
     -     _char(ds, "PI_NAME", external_meta.pi_name, "STRING64",
     -           {"long_name": "Name of the principal investigator"})
     -     tp = ds.createVariable("TRAJECTORY_PARAMETERS", "S1",
     -                            ("N_PARAM", "STRING64"), fill_value=b" ")
541  +     _char(
542  +         ds,
543  +         "DATA_TYPE",
544  +         "Argo trajectory",
545  +         "STRING16",
546  +         {"long_name": "Data type", "conventions": "Argo reference table 1"},
547  +     )
548  +     _char(ds, "FORMAT_VERSION", "3.2", "STRING4", {"long_name": "File format version"})
549  +     _char(ds, "HANDBOOK_VERSION", "1.2", "STRING4", {"long_name": "Data handbook version"})
550  +     _char(
551  +         ds,
552  +         "REFERENCE_DATE_TIME",
553  +         "19500101000000",
554  +         "DATE_TIME",
555  +         {"long_name": "Date of reference for Julian days", "conventions": "YYYYMMDDHHMISS"},
556  +         dims=("DATE_TIME",),
557  +     )
558  +     _char(
559  +         ds,
560  +         "DATE_CREATION",
561  +         _now(),
562  +         "DATE_TIME",
563  +         {"long_name": "Date of file creation", "conventions": "YYYYMMDDHHMISS"},
564  +         dims=("DATE_TIME",),
565  +     )
566  +     _char(
567  +         ds,
568  +         "DATE_UPDATE",
569  +         _now(),
570  +         "DATE_TIME",
571  +         {"long_name": "Date of update of this file", "conventions": "YYYYMMDDHHMISS"},
572  +         dims=("DATE_TIME",),
573  +     )
574  +     _char(
575  +         ds,
576  +         "PLATFORM_NUMBER",
577  +         wmo,
578  +         "STRING8",
579  +         {"long_name": "Float unique identifier", "conventions": "WMO float identifier : A9IIIII"},
580  +     )
581  +     _char(
582  +         ds,
583  +         "PROJECT_NAME",
584  +         external_meta.project_name,
585  +         "STRING64",
586  +         {"long_name": "Name of the project"},
587  +     )
588  +     _char(
589  +         ds,
590  +         "PI_NAME",
591  +         external_meta.pi_name,
592  +         "STRING64",
593  +         {"long_name": "Name of the principal investigator"},
594  +     )
595  +     tp = ds.createVariable("TRAJECTORY_PARAMETERS", "S1", ("N_PARAM", "STRING64"), fill_value=b" ")
596  |     arr = np.full((len(TRAJ_PARAMS), 64), b" ", dtype="S1")
--------------------------------------------------------------------------------
601  |     tp.setncattr("conventions", "Argo reference table 3")
     -     _char(ds, "DATA_CENTRE", institution, "STRING2",
     -           {"long_name": "Data centre in charge of float data processing",
     -            "conventions": "Argo reference table 4"})
     -     _char(ds, "DATA_STATE_INDICATOR", "2B", "STRING4",
     -           {"long_name": "Degree of processing the data have passed through",
     -            "conventions": "Argo reference table 6"})
     -     _char(ds, "PLATFORM_TYPE", external_meta.platform_type, "STRING32",
     -           {"long_name": "Type of float",
     -            "conventions": "Argo reference table 23"})
     -     _char(ds, "FLOAT_SERIAL_NO", external_meta.float_serial_no, "STRING32",
     -           {"long_name": "Serial number of the float"})
     -     _char(ds, "FIRMWARE_VERSION", external_meta.firmware_version, "STRING64",
     -           {"long_name": "Instrument firmware version"})
     -     _char(ds, "WMO_INST_TYPE", external_meta.wmo_inst_type, "STRING4",
     -           {"long_name": "Coded instrument type",
     -            "conventions": "Argo reference table 8"})
602  +     _char(
603  +         ds,
604  +         "DATA_CENTRE",
605  +         institution,
606  +         "STRING2",
607  +         {
608  +             "long_name": "Data centre in charge of float data processing",
609  +             "conventions": "Argo reference table 4",
610  +         },
611  +     )
612  +     _char(
613  +         ds,
614  +         "DATA_STATE_INDICATOR",
615  +         "2B",
616  +         "STRING4",
617  +         {
618  +             "long_name": "Degree of processing the data have passed through",
619  +             "conventions": "Argo reference table 6",
620  +         },
621  +     )
622  +     _char(
623  +         ds,
624  +         "PLATFORM_TYPE",
625  +         external_meta.platform_type,
626  +         "STRING32",
627  +         {"long_name": "Type of float", "conventions": "Argo reference table 23"},
628  +     )
629  +     _char(
630  +         ds,
631  +         "FLOAT_SERIAL_NO",
632  +         external_meta.float_serial_no,
633  +         "STRING32",
634  +         {"long_name": "Serial number of the float"},
635  +     )
636  +     _char(
637  +         ds,
638  +         "FIRMWARE_VERSION",
639  +         external_meta.firmware_version,
640  +         "STRING64",
641  +         {"long_name": "Instrument firmware version"},
642  +     )
643  +     _char(
644  +         ds,
645  +         "WMO_INST_TYPE",
646  +         external_meta.wmo_inst_type,
647  +         "STRING4",
648  +         {"long_name": "Coded instrument type", "conventions": "Argo reference table 8"},
649  +     )
650  |     _pos = (external_meta.positioning_system or ("GPS",))[0]
     -     _char(ds, "POSITIONING_SYSTEM", _pos, "STRING8",
     -           {"long_name": "Positioning system"})
651  +     _char(ds, "POSITIONING_SYSTEM", _pos, "STRING8", {"long_name": "Positioning system"})
652  |
--------------------------------------------------------------------------------
661  |     def col_f(name, values, attrs=None):
     -         v = ds.createVariable(name, "f4", ("N_MEASUREMENT",),
     -                               fill_value=float(F_FILL))
662  +         v = ds.createVariable(name, "f4", ("N_MEASUREMENT",), fill_value=float(F_FILL))
663  |         v[:] = np.asarray(values, dtype=np.float32)
--------------------------------------------------------------------------------
669  |         v = ds.createVariable(name, "S1", ("N_MEASUREMENT",), fill_value=b" ")
     -         arr = np.array([str(x).encode("ascii")[:1].ljust(1, b" ")
     -                         for x in values], dtype="S1")
670  +         arr = np.array([str(x).encode("ascii")[:1].ljust(1, b" ") for x in values], dtype="S1")
671  |         v[:] = arr
--------------------------------------------------------------------------------
675  |
     -     col_d("JULD", [r.juld for r in rows], JULD_FILL,
     -           {"long_name": "Julian day (UTC) of each measurement relative to REFERENCE_DATE_TIME",
     -            "standard_name": "time",
     -            "conventions": "Relative julian days with decimal part (as parts of day)",
     -            "units": "days since 1950-01-01 00:00:00 UTC",
     -            "C_format": "%17.5f",
     -            "FORTRAN_format": "F17.5", "resolution": 0.00001, "axis": "T"})
     -     col_s1("JULD_STATUS", [r.juld_status for r in rows],
     -            {"long_name": "Status of the date and time",
     -             "conventions": "Argo reference table 19"})
     -     col_s1("JULD_QC", [r.juld_qc for r in rows],
     -            {"long_name": "Quality on date and time",
     -             "conventions": "Argo reference table 2"})
     -     col_d("JULD_ADJUSTED", [JULD_FILL] * n, JULD_FILL,
     -           {"long_name": "Adjusted julian day (UTC) of each measurement relative to REFERENCE_DATE_TIME",
     -            "standard_name": "time",
     -            "conventions": "Relative julian days with decimal part (as parts of day)",
     -            "units": "days since 1950-01-01 00:00:00 UTC",
     -            "C_format": "%17.5f", "FORTRAN_format": "F17.5",
     -            "resolution": 0.00001, "axis": "T"})
676  +     col_d(
677  +         "JULD",
678  +         [r.juld for r in rows],
679  +         JULD_FILL,
680  +         {
681  +             "long_name": "Julian day (UTC) of each measurement relative to REFERENCE_DATE_TIME",
682  +             "standard_name": "time",
683  +             "conventions": "Relative julian days with decimal part (as parts of day)",
684  +             "units": "days since 1950-01-01 00:00:00 UTC",
685  +             "C_format": "%17.5f",
686  +             "FORTRAN_format": "F17.5",
687  +             "resolution": 0.00001,
688  +             "axis": "T",
689  +         },
690  +     )
691  +     col_s1(
692  +         "JULD_STATUS",
693  +         [r.juld_status for r in rows],
694  +         {"long_name": "Status of the date and time", "conventions": "Argo reference table 19"},
695  +     )
696  +     col_s1(
697  +         "JULD_QC",
698  +         [r.juld_qc for r in rows],
699  +         {"long_name": "Quality on date and time", "conventions": "Argo reference table 2"},
700  +     )
701  +     col_d(
702  +         "JULD_ADJUSTED",
703  +         [JULD_FILL] * n,
704  +         JULD_FILL,
705  +         {
706  +             "long_name": "Adjusted julian day (UTC) of each measurement relative to REFERENCE_DATE_TIME",
707  +             "standard_name": "time",
708  +             "conventions": "Relative julian days with decimal part (as parts of day)",
709  +             "units": "days since 1950-01-01 00:00:00 UTC",
710  +             "C_format": "%17.5f",
711  +             "FORTRAN_format": "F17.5",
712  +             "resolution": 0.00001,
713  +             "axis": "T",
714  +         },
715  +     )
716  |     col_s1("JULD_ADJUSTED_STATUS", [" "] * n)
717  |     col_s1("JULD_ADJUSTED_QC", [" "] * n)
     -     col_s1("JULD_DATA_MODE", ["R"] * n,
     -            {"long_name": "Delayed mode or real time data"})
     -     col_d("LATITUDE", [r.latitude for r in rows], D_FILL,
     -           {"long_name": "Latitude of each location", "units": "degree_north",
     -            "valid_min": -90.0, "valid_max": 90.0})
     -     col_d("LONGITUDE", [r.longitude for r in rows], D_FILL,
     -           {"long_name": "Longitude of each location",
     -            "units": "degree_east", "valid_min": -180.0, "valid_max": 180.0})
     -     col_s1("POSITION_ACCURACY", [r.position_accuracy for r in rows],
     -            {"long_name": "Estimated accuracy in latitude and longitude",
     -             "conventions": "Argo reference table 5"})
     -     col_s1("POSITION_QC", [r.position_qc for r in rows],
     -            {"long_name": "Quality on position",
     -             "conventions": "Argo reference table 2"})
     -     for nm in ("AXES_ERROR_ELLIPSE_MAJOR", "AXES_ERROR_ELLIPSE_MINOR",
     -                "AXES_ERROR_ELLIPSE_ANGLE"):
718  +     col_s1("JULD_DATA_MODE", ["R"] * n, {"long_name": "Delayed mode or real time data"})
719  +     col_d(
720  +         "LATITUDE",
721  +         [r.latitude for r in rows],
722  +         D_FILL,
723  +         {
724  +             "long_name": "Latitude of each location",
725  +             "units": "degree_north",
726  +             "valid_min": -90.0,
727  +             "valid_max": 90.0,
728  +         },
729  +     )
730  +     col_d(
731  +         "LONGITUDE",
732  +         [r.longitude for r in rows],
733  +         D_FILL,
734  +         {
735  +             "long_name": "Longitude of each location",
736  +             "units": "degree_east",
737  +             "valid_min": -180.0,
738  +             "valid_max": 180.0,
739  +         },
740  +     )
741  +     col_s1(
742  +         "POSITION_ACCURACY",
743  +         [r.position_accuracy for r in rows],
744  +         {
745  +             "long_name": "Estimated accuracy in latitude and longitude",
746  +             "conventions": "Argo reference table 5",
747  +         },
748  +     )
749  +     col_s1(
750  +         "POSITION_QC",
751  +         [r.position_qc for r in rows],
752  +         {"long_name": "Quality on position", "conventions": "Argo reference table 2"},
753  +     )
754  +     for nm in ("AXES_ERROR_ELLIPSE_MAJOR", "AXES_ERROR_ELLIPSE_MINOR", "AXES_ERROR_ELLIPSE_ANGLE"):
755  |         col_f(nm, [99999.0] * n)
     -     sat = ds.createVariable("SATELLITE_NAME", "S1",
     -                             ("N_MEASUREMENT",), fill_value=b" ")
756  +     sat = ds.createVariable("SATELLITE_NAME", "S1", ("N_MEASUREMENT",), fill_value=b" ")
757  |     sat[:] = np.full(n, b" ", dtype="S1")
     -     v = ds.createVariable("CYCLE_NUMBER", "i4", ("N_MEASUREMENT",),
     -                           fill_value=int(I_FILL))
758  +     v = ds.createVariable("CYCLE_NUMBER", "i4", ("N_MEASUREMENT",), fill_value=int(I_FILL))
759  |     v[:] = np.asarray([r.cycle_number for r in rows], dtype=np.int32)
760  |     v.setncattr("long_name", "Float cycle number of the measurement")
761  |     v.setncattr("conventions", "0...N, 0 : launch cycle, 1 : first complete cycle")
     -     v2 = ds.createVariable("CYCLE_NUMBER_ADJUSTED", "i4", ("N_MEASUREMENT",),
     -                            fill_value=int(I_FILL))
762  +     v2 = ds.createVariable(
763  +         "CYCLE_NUMBER_ADJUSTED", "i4", ("N_MEASUREMENT",), fill_value=int(I_FILL)
764  +     )
765  |     v2[:] = np.full(n, I_FILL, dtype=np.int32)
     -     v3 = ds.createVariable("MEASUREMENT_CODE", "i4", ("N_MEASUREMENT",),
     -                            fill_value=int(I_FILL))
766  +     v3 = ds.createVariable("MEASUREMENT_CODE", "i4", ("N_MEASUREMENT",), fill_value=int(I_FILL))
767  |     v3[:] = np.asarray([r.measurement_code for r in rows], dtype=np.int32)
768  |     v3.setncattr("long_name", "Flag referring to a measurement event in the cycle")
769  |     v3.setncattr("conventions", "Argo reference table 15")
     -     pdm = ds.createVariable("TRAJECTORY_PARAMETER_DATA_MODE", "S1",
     -                             ("N_MEASUREMENT", "N_PARAM"), fill_value=b" ")
770  +     pdm = ds.createVariable(
771  +         "TRAJECTORY_PARAMETER_DATA_MODE", "S1", ("N_MEASUREMENT", "N_PARAM"), fill_value=b" "
772  +     )
773  |     pdm_arr = np.full((n, len(TRAJ_PARAMS)), b" ", dtype="S1")
774  |     for i, r in enumerate(rows):
775  |         for j, pname in enumerate(TRAJ_PARAMS):
     -             filled = (pname == "PRES" and r.pres < 90000) or (
     -                 pname != "PRES" and pname in r.params)
776  +             filled = (pname == "PRES" and r.pres < 90000) or (pname != "PRES" and pname in r.params)
777  |             pdm_arr[i, j] = b"R" if filled else b" "
778  |     pdm[:] = pdm_arr
     -     col_f("PRES", [r.pres for r in rows],
     -           {"long_name": "Sea water pressure, equals 0 at sea-level",
     -            "standard_name": "sea_water_pressure", "units": "decibar",
     -            "valid_min": 0.0, "valid_max": 12000.0, "axis": "Z",
     -            "C_format": "%7.1f", "FORTRAN_format": "F7.1",
     -            "resolution": np.float32(0.1)})
     -     col_s1("PRES_QC", ["1" if r.pres < 90000 else " " for r in rows],
     -            {"long_name": "quality flag",
     -             "conventions": "Argo reference table 2"})
     -     col_f("PRES_ADJUSTED", [99999.0] * n,
     -           {"long_name": "Sea water pressure, equals 0 at sea-level",
     -            "standard_name": "sea_water_pressure", "units": "decibar",
     -            "valid_min": 0.0, "valid_max": 12000.0, "axis": "Z",
     -            "C_format": "%7.1f", "FORTRAN_format": "F7.1",
     -            "resolution": np.float32(0.1)})
     -     col_s1("PRES_ADJUSTED_QC", [" "] * n,
     -            {"long_name": "quality flag",
     -             "conventions": "Argo reference table 2"})
     -     col_f("PRES_ADJUSTED_ERROR", [99999.0] * n,
     -           {"long_name": "Contains the error on the adjusted values as "
     -                         "determined by the delayed mode QC process",
     -            "units": "decibar", "C_format": "%7.1f",
     -            "FORTRAN_format": "F7.1", "resolution": np.float32(0.1)})
779  +     col_f(
780  +         "PRES",
781  +         [r.pres for r in rows],
782  +         {
783  +             "long_name": "Sea water pressure, equals 0 at sea-level",
784  +             "standard_name": "sea_water_pressure",
785  +             "units": "decibar",
786  +             "valid_min": 0.0,
787  +             "valid_max": 12000.0,
788  +             "axis": "Z",
789  +             "C_format": "%7.1f",
790  +             "FORTRAN_format": "F7.1",
791  +             "resolution": np.float32(0.1),
792  +         },
793  +     )
794  +     col_s1(
795  +         "PRES_QC",
796  +         ["1" if r.pres < 90000 else " " for r in rows],
797  +         {"long_name": "quality flag", "conventions": "Argo reference table 2"},
798  +     )
799  +     col_f(
800  +         "PRES_ADJUSTED",
801  +         [99999.0] * n,
802  +         {
803  +             "long_name": "Sea water pressure, equals 0 at sea-level",
804  +             "standard_name": "sea_water_pressure",
805  +             "units": "decibar",
806  +             "valid_min": 0.0,
807  +             "valid_max": 12000.0,
808  +             "axis": "Z",
809  +             "C_format": "%7.1f",
810  +             "FORTRAN_format": "F7.1",
811  +             "resolution": np.float32(0.1),
812  +         },
813  +     )
814  +     col_s1(
815  +         "PRES_ADJUSTED_QC",
816  +         [" "] * n,
817  +         {"long_name": "quality flag", "conventions": "Argo reference table 2"},
818  +     )
819  +     col_f(
820  +         "PRES_ADJUSTED_ERROR",
821  +         [99999.0] * n,
822  +         {
823  +             "long_name": "Contains the error on the adjusted values as "
824  +             "determined by the delayed mode QC process",
825  +             "units": "decibar",
826  +             "C_format": "%7.1f",
827  +             "FORTRAN_format": "F7.1",
828  +             "resolution": np.float32(0.1),
829  +         },
830  +     )
831  |
--------------------------------------------------------------------------------
847  |         ffmt = ("F" + cfmt[1:]) if cfmt.startswith("%") else "F9.3"
     -         _base_attrs = {"long_name": _traj_ln[pname], "units": units,
     -                        "C_format": cfmt, "FORTRAN_format": ffmt,
     -                        "resolution": np.float32(0.001)}
848  +         _base_attrs = {
849  +             "long_name": _traj_ln[pname],
850  +             "units": units,
851  +             "C_format": cfmt,
852  +             "FORTRAN_format": ffmt,
853  +             "resolution": np.float32(0.001),
854  +         }
855  |         if pname == "TEMP_DOXY":
     -             _base_attrs["standard_name"] = ("temperature_of_sensor_for_oxygen"
     -                                             "_in_sea_water")
856  +             _base_attrs["standard_name"] = "temperature_of_sensor_for_oxygen_in_sea_water"
857  |             _base_attrs["valid_min"] = np.float32(-2.0)
--------------------------------------------------------------------------------
867  |         elif pname == "DOXY":
     -             _base_attrs["standard_name"] = ("moles_of_oxygen_per_unit_mass"
     -                                             "_in_sea_water")
868  +             _base_attrs["standard_name"] = "moles_of_oxygen_per_unit_mass_in_sea_water"
869  |             _base_attrs["valid_min"] = np.float32(-5.0)
--------------------------------------------------------------------------------
880  |         elif pname == "CHLA":
     -             _base_attrs["standard_name"] = ("mass_concentration_of_"
     -                                             "chlorophyll_a_in_sea_water")
881  +             _base_attrs["standard_name"] = "mass_concentration_of_chlorophyll_a_in_sea_water"
882  |             # No valid_min/valid_max: the INCOIS spec does not permit them on
--------------------------------------------------------------------------------
892  |         # against INCOIS 2902093 Rtraj, which publishes exactly that split.
     -         _row_qc = ("0" if pname in _NO_QC_PERFORMED_PARAMS else "1")
     -         col_s1(f"{pname}_QC",
     -                [_row_qc if pname in r.params else " " for r in rows],
     -                {"long_name": "quality flag",
     -                 "conventions": "Argo reference table 2"})
893  +         _row_qc = "0" if pname in _NO_QC_PERFORMED_PARAMS else "1"
894  +         col_s1(
895  +             f"{pname}_QC",
896  +             [_row_qc if pname in r.params else " " for r in rows],
897  +             {"long_name": "quality flag", "conventions": "Argo reference table 2"},
898  +         )
899  |         if pname in ADJUSTED_PARAMS:
900  |             col_f(f"{pname}_ADJUSTED", [99999.0] * n, dict(_base_attrs))
     -             col_s1(f"{pname}_ADJUSTED_QC", [" "] * n,
     -                    {"long_name": "quality flag",
     -                     "conventions": "Argo reference table 2"})
901  +             col_s1(
902  +                 f"{pname}_ADJUSTED_QC",
903  +                 [" "] * n,
904  +                 {"long_name": "quality flag", "conventions": "Argo reference table 2"},
905  +             )
906  |             _err = dict(_base_attrs)
     -             _err["long_name"] = ("Contains the error on the adjusted values "
     -                                  "as determined by the delayed mode QC process")
907  +             _err["long_name"] = (
908  +                 "Contains the error on the adjusted values "
909  +                 "as determined by the delayed mode QC process"
910  +             )
911  |             col_f(f"{pname}_ADJUSTED_ERROR", [99999.0] * n, _err)
--------------------------------------------------------------------------------
920  |         v = ds.createVariable(name, "S1", ("N_CYCLE",), fill_value=b" ")
     -         v[:] = np.array([str(x).encode("ascii")[:1].ljust(1, b" ")
     -                          for x in values], dtype="S1")
921  +         v[:] = np.array([str(x).encode("ascii")[:1].ljust(1, b" ") for x in values], dtype="S1")
922  |         return v
923  |
924  |     for nm in _NCYCLE_JULDS:
     -         _v = cyc_d(nm, [getattr(c, nm.lower(), JULD_FILL) for c in cycle_summaries],
     -                    JULD_FILL)
925  +         _v = cyc_d(nm, [getattr(c, nm.lower(), JULD_FILL) for c in cycle_summaries], JULD_FILL)
926  |         _v.setncattr("resolution", np.float64(1e-5))
     -         cyc_s1(f"{nm}_STATUS",
     -                [getattr(c, f"{nm.lower()}_status", " ") for c in cycle_summaries])
927  +         cyc_s1(f"{nm}_STATUS", [getattr(c, f"{nm.lower()}_status", " ") for c in cycle_summaries])
928  |     _v = cyc_d("CLOCK_OFFSET", [JULD_FILL] * ncyc, JULD_FILL)
929  |     _v.setncattr("resolution", np.float64(1e-5))
930  |     cyc_s1("GROUNDED", [getattr(c, "grounded", " ") for c in cycle_summaries])
     -     v = ds.createVariable("REPRESENTATIVE_PARK_PRESSURE", "f4", ("N_CYCLE",),
     -                           fill_value=float(F_FILL))
     -     v[:] = np.asarray([getattr(c, "representative_park_pressure", 99999.0)
     -                        for c in cycle_summaries], dtype=np.float32)
     -     cyc_s1("REPRESENTATIVE_PARK_PRESSURE_STATUS",
     -            [getattr(c, "representative_park_pressure_status", " ")
     -             for c in cycle_summaries])
     -     v = ds.createVariable("CONFIG_MISSION_NUMBER", "i4", ("N_CYCLE",),
     -                           fill_value=int(I_FILL))
     -     v[:] = np.asarray([getattr(c, "config_mission_number", 99999)
     -                        for c in cycle_summaries], dtype=np.int32)
     -     v = ds.createVariable("CYCLE_NUMBER_INDEX", "i4", ("N_CYCLE",),
     -                           fill_value=int(I_FILL))
     -     v[:] = np.asarray([c.cycle_number_index for c in cycle_summaries],
     -                       dtype=np.int32)
     -     v = ds.createVariable("CYCLE_NUMBER_INDEX_ADJUSTED", "i4", ("N_CYCLE",),
     -                           fill_value=int(I_FILL))
931  +     v = ds.createVariable(
932  +         "REPRESENTATIVE_PARK_PRESSURE", "f4", ("N_CYCLE",), fill_value=float(F_FILL)
933  +     )
934  +     v[:] = np.asarray(
935  +         [getattr(c, "representative_park_pressure", 99999.0) for c in cycle_summaries],
936  +         dtype=np.float32,
937  +     )
938  +     cyc_s1(
939  +         "REPRESENTATIVE_PARK_PRESSURE_STATUS",
940  +         [getattr(c, "representative_park_pressure_status", " ") for c in cycle_summaries],
941  +     )
942  +     v = ds.createVariable("CONFIG_MISSION_NUMBER", "i4", ("N_CYCLE",), fill_value=int(I_FILL))
943  +     v[:] = np.asarray(
944  +         [getattr(c, "config_mission_number", 99999) for c in cycle_summaries], dtype=np.int32
945  +     )
946  +     v = ds.createVariable("CYCLE_NUMBER_INDEX", "i4", ("N_CYCLE",), fill_value=int(I_FILL))
947  +     v[:] = np.asarray([c.cycle_number_index for c in cycle_summaries], dtype=np.int32)
948  +     v = ds.createVariable("CYCLE_NUMBER_INDEX_ADJUSTED", "i4", ("N_CYCLE",), fill_value=int(I_FILL))
949  |     v[:] = np.full(ncyc, I_FILL, dtype=np.int32)
--------------------------------------------------------------------------------
953  |     def cal256(name, values):
     -         v = ds.createVariable(name, "S1",
     -                               ("N_CALIB_PARAM", "N_PARAM", "STRING256"),
     -                               fill_value=b" ")
954  +         v = ds.createVariable(
955  +             name, "S1", ("N_CALIB_PARAM", "N_PARAM", "STRING256"), fill_value=b" "
956  +         )
957  |         arr = np.full((1, len(TRAJ_PARAMS), 256), b" ", dtype="S1")
--------------------------------------------------------------------------------
964  |     calib_by_param = calib_by_param or {}
     -     v = ds.createVariable("SCIENTIFIC_CALIB_PARAMETER", "S1",
     -                           ("N_CALIB_PARAM", "N_PARAM", "STRING64"),
     -                           fill_value=b" ")
965  +     v = ds.createVariable(
966  +         "SCIENTIFIC_CALIB_PARAMETER",
967  +         "S1",
968  +         ("N_CALIB_PARAM", "N_PARAM", "STRING64"),
969  +         fill_value=b" ",
970  +     )
971  |     arr = np.full((1, len(TRAJ_PARAMS), 64), b" ", dtype="S1")
--------------------------------------------------------------------------------
976  |     v.setncattr("conventions", "Argo reference table 3")
     -     cal256("SCIENTIFIC_CALIB_EQUATION",
     -            {p: calib_by_param.get(p, {}).get("equation", "") for p in TRAJ_PARAMS})
     -     cal256("SCIENTIFIC_CALIB_COEFFICIENT",
     -            {p: calib_by_param.get(p, {}).get("coefficient", "") for p in TRAJ_PARAMS})
     -     cal256("SCIENTIFIC_CALIB_COMMENT",
     -            {p: calib_by_param.get(p, {}).get("comment", "") for p in TRAJ_PARAMS})
     -     v = ds.createVariable("SCIENTIFIC_CALIB_DATE", "S1",
     -                           ("N_CALIB_PARAM", "N_PARAM", "DATE_TIME"),
     -                           fill_value=b" ")
977  +     cal256(
978  +         "SCIENTIFIC_CALIB_EQUATION",
979  +         {p: calib_by_param.get(p, {}).get("equation", "") for p in TRAJ_PARAMS},
980  +     )
981  +     cal256(
982  +         "SCIENTIFIC_CALIB_COEFFICIENT",
983  +         {p: calib_by_param.get(p, {}).get("coefficient", "") for p in TRAJ_PARAMS},
984  +     )
985  +     cal256(
986  +         "SCIENTIFIC_CALIB_COMMENT",
987  +         {p: calib_by_param.get(p, {}).get("comment", "") for p in TRAJ_PARAMS},
988  +     )
989  +     v = ds.createVariable(
990  +         "SCIENTIFIC_CALIB_DATE", "S1", ("N_CALIB_PARAM", "N_PARAM", "DATE_TIME"), fill_value=b" "
991  +     )
992  |     arr = np.full((1, len(TRAJ_PARAMS), 14), b" ", dtype="S1")
--------------------------------------------------------------------------------
996  |     v[:] = arr
     -     for nm in ("JULD_CALIB_EQUATION", "JULD_CALIB_COEFFICIENT",
     -                "JULD_CALIB_COMMENT"):
     -         vv = ds.createVariable(nm, "S1", ("N_CALIB_JULD", "STRING256"),
     -                                fill_value=b" ")
997  +     for nm in ("JULD_CALIB_EQUATION", "JULD_CALIB_COEFFICIENT", "JULD_CALIB_COMMENT"):
998  +         vv = ds.createVariable(nm, "S1", ("N_CALIB_JULD", "STRING256"), fill_value=b" ")
999  |         vv[:] = np.full((1, 256), b" ", dtype="S1")
     -     vv = ds.createVariable("JULD_CALIB_DATE", "S1",
     -                            ("N_CALIB_JULD", "DATE_TIME"), fill_value=b" ")
1000 +     vv = ds.createVariable("JULD_CALIB_DATE", "S1", ("N_CALIB_JULD", "DATE_TIME"), fill_value=b" ")
1001 |     vv[:] = np.full((1, 14), b" ", dtype="S1")
--------------------------------------------------------------------------------
1016 |             continue
     -         dim = "STRING64" if nm in ("HISTORY_REFERENCE", "HISTORY_PARAMETER") \
     -             else "STRING16" if nm == "HISTORY_QCTEST" else "STRING4"
1017 +         dim = (
1018 +             "STRING64"
1019 +             if nm in ("HISTORY_REFERENCE", "HISTORY_PARAMETER")
1020 +             else "STRING16"
1021 +             if nm == "HISTORY_QCTEST"
1022 +             else "STRING4"
1023 +         )
1024 |         v = ds.createVariable(nm, "S1", ("N_HISTORY", dim), fill_value=b" ")
1025 |         arr = np.full((1, _STRING_DIMS[dim]), b" ", dtype="S1")
     -         arr[0] = np.frombuffer(str(val).ljust(_STRING_DIMS[dim])[
     -             :_STRING_DIMS[dim]].encode("ascii"), dtype="S1")
1026 +         arr[0] = np.frombuffer(
1027 +             str(val).ljust(_STRING_DIMS[dim])[: _STRING_DIMS[dim]].encode("ascii"), dtype="S1"
1028 +         )
1029 |         v[:] = arr
     -     v = ds.createVariable("HISTORY_INDEX_DIMENSION", "S1", ("N_HISTORY",),
     -                           fill_value=b" ")
1030 +     v = ds.createVariable("HISTORY_INDEX_DIMENSION", "S1", ("N_HISTORY",), fill_value=b" ")
1031 |     v[:] = np.array([b" "], dtype="S1")
     -     v = ds.createVariable("HISTORY_DATE", "S1", ("N_HISTORY", "DATE_TIME"),
     -                           fill_value=b" ")
1032 +     v = ds.createVariable("HISTORY_DATE", "S1", ("N_HISTORY", "DATE_TIME"), fill_value=b" ")
1033 |     arr = np.full((1, 14), b" ", dtype="S1")
1034 |     arr[0] = np.frombuffer(_now().encode("ascii"), dtype="S1")
1035 |     v[:] = arr
     -     v = ds.createVariable("HISTORY_PREVIOUS_VALUE", "f4", ("N_HISTORY",),
     -                           fill_value=float(F_FILL))
1036 +     v = ds.createVariable("HISTORY_PREVIOUS_VALUE", "f4", ("N_HISTORY",), fill_value=float(F_FILL))
1037 |     v[:] = np.array([99999.0], dtype=np.float32)
1038 |     v.setncattr("long_name", "Parameter/Flag previous value before action")
     -     v = ds.createVariable("HISTORY_START_INDEX", "i4", ("N_HISTORY",),
     -                           fill_value=int(I_FILL))
1039 +     v = ds.createVariable("HISTORY_START_INDEX", "i4", ("N_HISTORY",), fill_value=int(I_FILL))
1040 |     v[:] = np.array([1], dtype=np.int32)
1041 |     v.setncattr("long_name", "Start index action applied on")
     -     v = ds.createVariable("HISTORY_STOP_INDEX", "i4", ("N_HISTORY",),
     -                           fill_value=int(I_FILL))
1042 +     v = ds.createVariable("HISTORY_STOP_INDEX", "i4", ("N_HISTORY",), fill_value=int(I_FILL))
1043 |     v[:] = np.array([n], dtype=np.int32)
--------------------------------------------------------------------------------
1066 |                 continue
     -             for _k in ("standard_name", "units", "C_format", "FORTRAN_format",
     -                        "resolution", "valid_min", "valid_max"):
1067 +             for _k in (
1068 +                 "standard_name",
1069 +                 "units",
1070 +                 "C_format",
1071 +                 "FORTRAN_format",
1072 +                 "resolution",
1073 +                 "valid_min",
1074 +                 "valid_max",
1075 +             ):
1076 |                 if _k in _base.ncattrs() and _k not in _t.ncattrs():
     |

unformatted: File would be reformatted
  --> src/argo_decoder/platforms/provor_cts4_ir_sbd/assoc.py:54:12
   |
53 |     """True for all-zero-raw oxygen records (short-profile padding)."""
   -     return (
   -         record.p_raw == 0
   -         and record.c1_raw == 0
   -         and record.c2_raw == 0
   -         and record.t_raw == 0
   -     )
54 +     return record.p_raw == 0 and record.c1_raw == 0 and record.c2_raw == 0 and record.t_raw == 0
55 |
   |

unformatted: File would be reformatted
   --> src/argo_decoder/platforms/provor_cts4_ir_sbd/bgc.py:194:26
    |
193 |     if packet.subtype is not MeasSubtype.OPTICS_FLBB:
    -         raise ValueError(
    -             f"packet {packet_index}: not an FLBB packet (subtype={packet.subtype})"
    -         )
194 +         raise ValueError(f"packet {packet_index}: not an FLBB packet (subtype={packet.subtype})")
195 |     payload = packet.header + packet.payload
    |

unformatted: File would be reformatted
    --> src/argo_decoder/platforms/provor_cts4_ir_sbd/cts4_realtime.py:193:62
     |
192  |                         julds = meas_record_julds(pkt.header, len(recs))
     -                         keep = [k for k, r in enumerate(recs)
     -                                 if not is_padding_ctd(r)]
193  +                         keep = [k for k, r in enumerate(recs) if not is_padding_ctd(r)]
194  |                         cd.ctd += [recs[k] for k in keep]
--------------------------------------------------------------------------------
199  |                         julds = meas_record_julds(pkt.header, len(recs))
     -                         keep = [k for k, r in enumerate(recs)
     -                                 if not is_padding_o2(r)]
200  +                         keep = [k for k, r in enumerate(recs) if not is_padding_o2(r)]
201  |                         cd.o2 += [recs[k] for k in keep]
--------------------------------------------------------------------------------
206  |                         julds = meas_record_julds(pkt.header, len(recs))
     -                         keep = [k for k, r in enumerate(recs)
     -                                 if not is_padding_flbb(r)]
207  +                         keep = [k for k, r in enumerate(recs) if not is_padding_flbb(r)]
208  |                         cd.flbb += [recs[k] for k in keep]
--------------------------------------------------------------------------------
243  |     chla = np.array(
     -         [chla_ug_l(float(f), flbb.dark_chl, flbb.scale_chl) for f in flu],
     -         dtype=np.float32)
244  +         [chla_ug_l(float(f), flbb.dark_chl, flbb.scale_chl) for f in flu], dtype=np.float32
245  +     )
246  |     bbp = None
247  |     if with_doxy_bbp and ctd:
248  |         bbp = np.array(
     -             [bbp700_m1(float(b), float(nearest_ctd(ctd_prof, float(p)).temp_c),
     -                        float(nearest_ctd(ctd_prof, float(p)).psal),
     -                        flbb.dark_bb, flbb.scale_bb, bbp_cal.khi,
     -                        BBP_WAVELENGTH_NM, BBP_THETA_DEG, BBP_DELTA)
     -              for b, p in zip(bet, fl_pres, strict=True)], dtype=np.float32)
249  +             [
250  +                 bbp700_m1(
251  +                     float(b),
252  +                     float(nearest_ctd(ctd_prof, float(p)).temp_c),
253  +                     float(nearest_ctd(ctd_prof, float(p)).psal),
254  +                     flbb.dark_bb,
255  +                     flbb.scale_bb,
256  +                     bbp_cal.khi,
257  +                     BBP_WAVELENGTH_NM,
258  +                     BBP_THETA_DEG,
259  +                     BBP_DELTA,
260  +                 )
261  +                 for b, p in zip(bet, fl_pres, strict=True)
262  +             ],
263  +             dtype=np.float32,
264  +         )
265  |
--------------------------------------------------------------------------------
271  |     if with_doxy_bbp and ctd and doxy_cal is not None:
     -         psal_o2 = np.array(
     -             [float(nearest_ctd(ctd_prof, float(p)).psal) for p in o2_pres])
     -         temp_o2 = np.array(
     -             [float(nearest_ctd(ctd_prof, float(p)).temp_c) for p in o2_pres])
     -         rho = potential_density(
     -             o2_pres.astype(float), temp_o2, psal_o2, 0.0, lon, lat) / 1000.0
272  +         psal_o2 = np.array([float(nearest_ctd(ctd_prof, float(p)).psal) for p in o2_pres])
273  +         temp_o2 = np.array([float(nearest_ctd(ctd_prof, float(p)).temp_c) for p in o2_pres])
274  +         rho = potential_density(o2_pres.astype(float), temp_o2, psal_o2, 0.0, lon, lat) / 1000.0
275  |         doxy = np.full(len(cd.o2), np.float32(99999.0), dtype=np.float32)
276  |         for i, r in enumerate(cd.o2):
     -             res = doxy_chain(float(r.c1_phase_deg), float(r.c2_phase_deg),
     -                              float(r.temp_c), float(r.pres_dbar),
     -                              float(psal_o2[i]), doxy_cal.phase, doxy_cal.foil,
     -                              doxy_cal.sol, rho_kg_l=float(rho[i]))
277  +             res = doxy_chain(
278  +                 float(r.c1_phase_deg),
279  +                 float(r.c2_phase_deg),
280  +                 float(r.temp_c),
281  +                 float(r.pres_dbar),
282  +                 float(psal_o2[i]),
283  +                 doxy_cal.phase,
284  +                 doxy_cal.foil,
285  +                 doxy_cal.sol,
286  +                 rho_kg_l=float(rho[i]),
287  +             )
288  |             doxy[i] = res.doxy_umol_kg
     -     return dict(fl_pres=fl_pres, flu=flu, bet=bet, chla=chla, bbp=bbp,
     -                 o2_pres=o2_pres, c1=c1, c2=c2, td=td, doxy=doxy)
289  +     return dict(
290  +         fl_pres=fl_pres,
291  +         flu=flu,
292  +         bet=bet,
293  +         chla=chla,
294  +         bbp=bbp,
295  +         o2_pres=o2_pres,
296  +         c1=c1,
297  +         c2=c2,
298  +         td=td,
299  +         doxy=doxy,
300  +     )
301  |
--------------------------------------------------------------------------------
335  |     """
     -     cutoff = (NEAR_SURFACE_MAX_PRES_DBAR if pump_cutoff_dbar is None
     -               else float(pump_cutoff_dbar))
336  +     cutoff = NEAR_SURFACE_MAX_PRES_DBAR if pump_cutoff_dbar is None else float(pump_cutoff_dbar)
337  |     primary = pres > cutoff
--------------------------------------------------------------------------------
399  |     """
400  +
401  |     def _txt(value: float) -> str:
--------------------------------------------------------------------------------
420  |             continue
     -         parts.append(f"{width:g}dbar average from {hi:g}dbar "
     -                      f"to {_txt(lo)}dbar")
421  +         parts.append(f"{width:g}dbar average from {hi:g}dbar to {_txt(lo)}dbar")
422  |     surface_from = min(top_dbar, bands[-1][0])
423  |     if surface_from > bottom_dbar:
     -         parts.append(f"{SAMPLING_BANDS[-1][1]:g}dbar average "
     -                      f"from {_txt(surface_from)}dbar "
     -                      f"to {_txt(bottom_dbar)}dbar")
424  +         parts.append(
425  +             f"{SAMPLING_BANDS[-1][1]:g}dbar average "
426  +             f"from {_txt(surface_from)}dbar "
427  +             f"to {_txt(bottom_dbar)}dbar"
428  +         )
429  |     if not parts:
     -         parts.append(f"{SAMPLING_BANDS[-1][1]:g}dbar average "
     -                      f"from {top_dbar:g}dbar to {_txt(bottom_dbar)}dbar")
430  +         parts.append(
431  +             f"{SAMPLING_BANDS[-1][1]:g}dbar average "
432  +             f"from {top_dbar:g}dbar to {_txt(bottom_dbar)}dbar"
433  +         )
434  |     if kind != "Primary":
--------------------------------------------------------------------------------
438  |     if kind == "Near-surface":
     -         return (f"Near-surface sampling: averaged, unpumped "
     -                 f"[{';'.join(parts)}]")
     -     return (f"{kind} sampling: averaged "
     -             f"[10s sampling: {';'.join(parts)}]")
439  +         return f"Near-surface sampling: averaged, unpumped [{';'.join(parts)}]"
440  +     return f"{kind} sampling: averaged [10s sampling: {';'.join(parts)}]"
441  |
--------------------------------------------------------------------------------
459  |     """
     -     _, ctd_asc = _split_ctd_phases(np.array([r.pres_dbar for r in cd.ctd])) \
     -         if cd.ctd else (None, np.array([], dtype=int))
     -     _, o2_asc = _split_ctd_phases(np.array([r.pres_dbar for r in cd.o2])) \
     -         if cd.o2 else (None, np.array([], dtype=int))
     -     _, fl_asc = _split_ctd_phases(np.array([r.pres_dbar for r in cd.flbb])) \
     -         if cd.flbb else (None, np.array([], dtype=int))
460  +     _, ctd_asc = (
461  +         _split_ctd_phases(np.array([r.pres_dbar for r in cd.ctd]))
462  +         if cd.ctd
463  +         else (None, np.array([], dtype=int))
464  +     )
465  +     _, o2_asc = (
466  +         _split_ctd_phases(np.array([r.pres_dbar for r in cd.o2]))
467  +         if cd.o2
468  +         else (None, np.array([], dtype=int))
469  +     )
470  +     _, fl_asc = (
471  +         _split_ctd_phases(np.array([r.pres_dbar for r in cd.flbb]))
472  +         if cd.flbb
473  +         else (None, np.array([], dtype=int))
474  +     )
475  |
--------------------------------------------------------------------------------
507  |                 a.o2_pres = float(r.pres_dbar)
     -                 rho = potential_density(
     -                     float(r.pres_dbar), float(r.temp_c), float(nc.psal),
     -                     0.0, lon, lat) / 1000.0
     -                 res = doxy_chain(float(r.c1_phase_deg), float(r.c2_phase_deg),
     -                                  float(r.temp_c), float(r.pres_dbar),
     -                                  float(nc.psal), doxy_cal.phase, doxy_cal.foil,
     -                                  doxy_cal.sol, rho_kg_l=float(rho))
508  +                 rho = (
509  +                     potential_density(
510  +                         float(r.pres_dbar), float(r.temp_c), float(nc.psal), 0.0, lon, lat
511  +                     )
512  +                     / 1000.0
513  +                 )
514  +                 res = doxy_chain(
515  +                     float(r.c1_phase_deg),
516  +                     float(r.c2_phase_deg),
517  +                     float(r.temp_c),
518  +                     float(r.pres_dbar),
519  +                     float(nc.psal),
520  +                     doxy_cal.phase,
521  +                     doxy_cal.foil,
522  +                     doxy_cal.sol,
523  +                     rho_kg_l=float(rho),
524  +                 )
525  |                 a.doxy = float(res.doxy_umol_kg)
--------------------------------------------------------------------------------
531  |                 a.fl_pres = float(r.pres_dbar)
     -                 a.chla = float(chla_ug_l(r.chl_raw / 10.0, flbb.dark_chl,
     -                                          flbb.scale_chl))
     -                 a.bbp700 = float(bbp700_m1(
     -                     r.bb_raw / 10.0, float(nc.temp_c), float(nc.psal),
     -                     flbb.dark_bb, flbb.scale_bb, bbp_cal.khi,
     -                     BBP_WAVELENGTH_NM, BBP_THETA_DEG, BBP_DELTA))
532  +                 a.chla = float(chla_ug_l(r.chl_raw / 10.0, flbb.dark_chl, flbb.scale_chl))
533  +                 a.bbp700 = float(
534  +                     bbp700_m1(
535  +                         r.bb_raw / 10.0,
536  +                         float(nc.temp_c),
537  +                         float(nc.psal),
538  +                         flbb.dark_bb,
539  +                         flbb.scale_bb,
540  +                         bbp_cal.khi,
541  +                         BBP_WAVELENGTH_NM,
542  +                         BBP_THETA_DEG,
543  +                         BBP_DELTA,
544  +                     )
545  +                 )
546  |                 a.fl_juld = float(j)
--------------------------------------------------------------------------------
566  |     park_c, _ = _split_ctd_phases(np.array([r.pres_dbar for r in cd.ctd]))
     -     park_o, _ = _split_ctd_phases(np.array([r.pres_dbar for r in cd.o2])) \
     -         if cd.o2 else (np.array([], dtype=int), None)
     -     park_f, _ = _split_ctd_phases(np.array([r.pres_dbar for r in cd.flbb])) \
     -         if cd.flbb else (np.array([], dtype=int), None)
567  +     park_o, _ = (
568  +         _split_ctd_phases(np.array([r.pres_dbar for r in cd.o2]))
569  +         if cd.o2
570  +         else (np.array([], dtype=int), None)
571  +     )
572  +     park_f, _ = (
573  +         _split_ctd_phases(np.array([r.pres_dbar for r in cd.flbb]))
574  +         if cd.flbb
575  +         else (np.array([], dtype=int), None)
576  +     )
577  |
--------------------------------------------------------------------------------
601  |                 ps.o2_pres = float(r.pres_dbar)
     -                 rho = potential_density(
     -                     float(r.pres_dbar), float(r.temp_c), float(nc.psal),
     -                     0.0, lon, lat) / 1000.0
     -                 res = doxy_chain(float(r.c1_phase_deg), float(r.c2_phase_deg),
     -                                  float(r.temp_c), float(r.pres_dbar),
     -                                  float(nc.psal), doxy_cal.phase, doxy_cal.foil,
     -                                  doxy_cal.sol, rho_kg_l=float(rho))
602  +                 rho = (
603  +                     potential_density(
604  +                         float(r.pres_dbar), float(r.temp_c), float(nc.psal), 0.0, lon, lat
605  +                     )
606  +                     / 1000.0
607  +                 )
608  +                 res = doxy_chain(
609  +                     float(r.c1_phase_deg),
610  +                     float(r.c2_phase_deg),
611  +                     float(r.temp_c),
612  +                     float(r.pres_dbar),
613  +                     float(nc.psal),
614  +                     doxy_cal.phase,
615  +                     doxy_cal.foil,
616  +                     doxy_cal.sol,
617  +                     rho_kg_l=float(rho),
618  +                 )
619  |                 ps.doxy = float(res.doxy_umol_kg)
--------------------------------------------------------------------------------
628  |                 ps.fl_pres = float(r.pres_dbar)
     -                 ps.chla = float(chla_ug_l(r.chl_raw / 10.0, flbb.dark_chl,
     -                                           flbb.scale_chl))
     -                 ps.bbp700 = float(bbp700_m1(
     -                     r.bb_raw / 10.0, float(nc.temp_c), float(nc.psal),
     -                     flbb.dark_bb, flbb.scale_bb, bbp_cal.khi,
     -                     BBP_WAVELENGTH_NM, BBP_THETA_DEG, BBP_DELTA))
629  +                 ps.chla = float(chla_ug_l(r.chl_raw / 10.0, flbb.dark_chl, flbb.scale_chl))
630  +                 ps.bbp700 = float(
631  +                     bbp700_m1(
632  +                         r.bb_raw / 10.0,
633  +                         float(nc.temp_c),
634  +                         float(nc.psal),
635  +                         flbb.dark_bb,
636  +                         flbb.scale_bb,
637  +                         bbp_cal.khi,
638  +                         BBP_WAVELENGTH_NM,
639  +                         BBP_THETA_DEG,
640  +                         BBP_DELTA,
641  +                     )
642  +                 )
643  |                 ps.fl_juld = float(fl_park_juld[k])
644  |                 ps.fluorescence_chla = float(r.chl_raw / 10.0)
645  |                 ps.beta_700 = float(r.bb_raw / 10.0)
     -         if (ps.temp is not None or ps.doxy is not None
     -                 or ps.chla is not None):
646  +         if ps.temp is not None or ps.doxy is not None or ps.chla is not None:
647  |             out.append(ps)
--------------------------------------------------------------------------------
747  |         """
     -         vt = next((v for v in cd.vectors if v.phase == 12),
     -                   cd.vectors[0] if cd.vectors else None)
748  +         vt = next((v for v in cd.vectors if v.phase == 12), cd.vectors[0] if cd.vectors else None)
749  |         return vt.total_profiles if vt is not None else fallback
750  |
751  |     vectors_by_cycle = {
     -         _published_cycle(cd, c): cd.vectors
     -         for c, cd in cycles.items() if cd.vectors
752  +         _published_cycle(cd, c): cd.vectors for c, cd in cycles.items() if cd.vectors
753  |     }
--------------------------------------------------------------------------------
762  |     if cals["doxy"] is not None:
     -         doxy_calib = {"source": f"reference:flbb_serial:{cals['flbb'].serial}",
     -                       "density": "TEOS-10 gsw potential density (ref 0 dbar)"}
     -     inputs = WriterInputs(wmo=wmo, decoder_version=decoder_version,
     -                           institution=institution,
     -                           external_meta=external_meta,
     -                           doxy_external_calib=doxy_calib)
763  +         doxy_calib = {
764  +             "source": f"reference:flbb_serial:{cals['flbb'].serial}",
765  +             "density": "TEOS-10 gsw potential density (ref 0 dbar)",
766  +         }
767  +     inputs = WriterInputs(
768  +         wmo=wmo,
769  +         decoder_version=decoder_version,
770  +         institution=institution,
771  +         external_meta=external_meta,
772  +         doxy_external_calib=doxy_calib,
773  +     )
774  |
--------------------------------------------------------------------------------
806  |         vt_all = cd.vectors
     -         vt = next((v for v in vt_all if v.phase == 12),
     -                   vt_all[0] if vt_all else None)
807  +         vt = next((v for v in vt_all if v.phase == 12), vt_all[0] if vt_all else None)
808  |         # Published cycle number = SubCyclesDoneSinceDeployment (telemetry),
--------------------------------------------------------------------------------
828  |         _anchor = floattime_juld(_own12.time) if _own12 is not None else None
     -         fixes = [(floattime_juld(v.time), v.gps_position())
     -                  for v in vt_all if v.gps_valid == 1]
829  +         fixes = [(floattime_juld(v.time), v.gps_position()) for v in vt_all if v.gps_valid == 1]
830  |         fixes = [(j, p) for j, p in fixes if p is not None]
--------------------------------------------------------------------------------
864  |             # last CTD sample is ~0.2 dbar.
     -             tech_row_list.extend(build_cycle_tech_rows(
     -                 cyc, vt, cd.halves, clock,
     -                 last_ascent_ctd_pres=(float(pump_cutoff)
     -                                       if pump_cutoff is not None else None)))
865  +             tech_row_list.extend(
866  +                 build_cycle_tech_rows(
867  +                     cyc,
868  +                     vt,
869  +                     cd.halves,
870  +                     clock,
871  +                     last_ascent_ctd_pres=(float(pump_cutoff) if pump_cutoff is not None else None),
872  +                 )
873  +             )
874  |
875  |         # --- park representative + last ascent CTD --------------------------
876  |         if vt is not None and cd.ctd:
     -             ps_list = _park_samples(cd, cals,
     -                                     lon if lon is not None else 0.0,
     -                                     lat if lat is not None else 0.0)
877  +             ps_list = _park_samples(
878  +                 cd, cals, lon if lon is not None else 0.0, lat if lat is not None else 0.0
879  +             )
880  |             if ps_list:
--------------------------------------------------------------------------------
892  |                 # ascent CTD record when p_sub is absent keeps the row present.
     -                 last_ctd_pres[cyc] = (float(pump_cutoff)
     -                                       if pump_cutoff is not None
     -                                       else float(ascent_ctd[-1].pres_dbar))
893  +                 last_ctd_pres[cyc] = (
894  +                     float(pump_cutoff)
895  +                     if pump_cutoff is not None
896  +                     else float(ascent_ctd[-1].pres_dbar)
897  +                 )
898  |             # MC 599 LastAscPumpedCtd: Coriolis reads pres/temp/psal from the
--------------------------------------------------------------------------------
904  |             if pump_cutoff is not None and cd.ctd:
     -                 _, _prof_idx = _split_ctd_phases(
     -                     np.array([r.pres_dbar for r in cd.ctd]))
905  +                 _, _prof_idx = _split_ctd_phases(np.array([r.pres_dbar for r in cd.ctd]))
906  |                 _asc = [cd.ctd[i] for i in _prof_idx]
907  |                 if _asc:
908  |                     _tgt = float(pump_cutoff)
909  |                     _near = min(_asc, key=lambda r: abs(r.pres_dbar - _tgt))
     -                     last_ascent_ctd_sample[cyc] = (float(_near.temp_c),
     -                                                    float(_near.psal))
     -             as_list = _ascent_samples(cd, cals,
     -                                       lon if lon is not None else 0.0,
     -                                       lat if lat is not None else 0.0)
910  +                     last_ascent_ctd_sample[cyc] = (float(_near.temp_c), float(_near.psal))
911  +             as_list = _ascent_samples(
912  +                 cd, cals, lon if lon is not None else 0.0, lat if lat is not None else 0.0
913  +             )
914  |             if as_list:
--------------------------------------------------------------------------------
918  |         if juld is None or lat is None:
     -             skipped[cyc] = ("DATA-COVERAGE: no 253 FloatTime/GPS — profiles "
     -                             "not written (no fabrication)")
919  +             skipped[cyc] = (
920  +                 "DATA-COVERAGE: no 253 FloatTime/GPS — profiles not written (no fabrication)"
921  +             )
922  |             continue
923  |         has_ctd = bool(cd.ctd)
924  |         has_bgc = bool(cd.o2 or cd.flbb)
925  |         if not has_ctd and not has_bgc:
     -             skipped[cyc] = ("DATA-COVERAGE: tech-only cycle (no measurement "
     -                             "records) — no profiles written")
926  +             skipped[cyc] = (
927  +                 "DATA-COVERAGE: tech-only cycle (no measurement records) — no profiles written"
928  +             )
929  |         if has_ctd:
--------------------------------------------------------------------------------
938  |                 # publish, and nothing may be fabricated in its place.
     -                 skipped[cyc] = ("DATA-COVERAGE: CTD records carry no profile "
     -                                 "phase (shallow/test dive) — R not written")
939  +                 skipped[cyc] = (
940  +                     "DATA-COVERAGE: CTD records carry no profile "
941  +                     "phase (shallow/test dive) — R not written"
942  +                 )
943  |                 continue
--------------------------------------------------------------------------------
958  |             # text even though the tech row carries 4 decimals.
     -             cut = (NEAR_SURFACE_MAX_PRES_DBAR if pump_cutoff is None
     -                    else float(pump_cutoff))
959  +             cut = NEAR_SURFACE_MAX_PRES_DBAR if pump_cutoff is None else float(pump_cutoff)
960  |             # GDAC writes the cutoff depth with one decimal ("5.0dbar").
961  |             cut_txt = f"{cut:.1f}"
962  |             inputs.vertical_sampling_schemes = [
     -                 _sampling_scheme("Primary", prof_top, cut,
     -                                  cutoff_label=cut_txt),
     -                 _sampling_scheme("Near-surface", cut, 0.0,
     -                                  cutoff_label=cut_txt),
963  +                 _sampling_scheme("Primary", prof_top, cut, cutoff_label=cut_txt),
964  +                 _sampling_scheme("Near-surface", cut, 0.0, cutoff_label=cut_txt),
965  |                 _sampling_scheme("Secondary", prof_top, 0.0),
966  |                 _sampling_scheme("Secondary", prof_top, 0.0),
967  |             ]
     -             common = {"juld": juld, "latitude": lat, "longitude": lon,
     -                       "cycle_number": cyc, "direction": "A",
     -                       "juld_location": juld_location}
968  +             common = {
969  +                 "juld": juld,
970  +                 "latitude": lat,
971  +                 "longitude": lon,
972  +                 "cycle_number": cyc,
973  +                 "direction": "A",
974  +                 "juld_location": juld_location,
975  +             }
976  |             # N_PROF=3/4 are pressure-only reference levels. They carry each
--------------------------------------------------------------------------------
985  |                 # pump-cutoff depth.
     -                 {"pres": core_primary, "temp": t_asc[primary_m],
     -                  "psal": s_asc[primary_m], **common},
986  +                 {
987  +                     "pres": core_primary,
988  +                     "temp": t_asc[primary_m],
989  +                     "psal": s_asc[primary_m],
990  +                     **common,
991  +                 },
992  |                 # N_PROF=2 near-surface profile: ascending, shallower than
993  |                 # the pump-cutoff depth.
     -                 {"pres": core_near, "temp": t_asc[near_m],
     -                  "psal": s_asc[near_m], **common},
994  +                 {"pres": core_near, "temp": t_asc[near_m], "psal": s_asc[near_m], **common},
995  |                 # N_PROF=3/4 pressure-only reference levels (TEMP/PSAL fill).
     -                 {"pres": o2_ref, "temp": np.array([], dtype=np.float32),
     -                  "psal": np.array([], dtype=np.float32), **common},
     -                 {"pres": fl_ref, "temp": np.array([], dtype=np.float32),
     -                  "psal": np.array([], dtype=np.float32), **common},
996  +                 {
997  +                     "pres": o2_ref,
998  +                     "temp": np.array([], dtype=np.float32),
999  +                     "psal": np.array([], dtype=np.float32),
1000 +                     **common,
1001 +                 },
1002 +                 {
1003 +                     "pres": fl_ref,
1004 +                     "temp": np.array([], dtype=np.float32),
1005 +                     "psal": np.array([], dtype=np.float32),
1006 +                     **common,
1007 +                 },
1008 |             ]
--------------------------------------------------------------------------------
1017 |             inputs.previous_profile = prev_primary_profile
     -             r_files[cyc] = write_profile(prof_dir, inputs, is_bgc=False,
     -                                          profiles=core)
1018 +             r_files[cyc] = write_profile(prof_dir, inputs, is_bgc=False, profiles=core)
1019 |             # Remember this cycle's primary CTD cast so the next cycle's
--------------------------------------------------------------------------------
1035 |         elif cyc not in skipped:
     -             skipped[cyc] = ("DATA-COVERAGE: no CTD records — R not written")
1036 +             skipped[cyc] = "DATA-COVERAGE: no CTD records — R not written"
1037 |
1038 |         if has_bgc:
1039 |             bg = _bgc_values(cd, cals, lat, lon, with_doxy_bbp=has_ctd)
     -             base_pres = (bg["o2_pres"] if len(bg["o2_pres"])
     -                          else bg["fl_pres"])
1040 +             base_pres = bg["o2_pres"] if len(bg["o2_pres"]) else bg["fl_pres"]
1041 |             # BGC streams mirror the CTD phase structure; publish only the
--------------------------------------------------------------------------------
1059 |             else:
     -                 skipped[cyc] = ("DATA-COVERAGE: no BGC profile-phase records "
     -                                 "— BR not written")
1060 +                 skipped[cyc] = "DATA-COVERAGE: no BGC profile-phase records — BR not written"
1061 |                 continue
     -             common = {"juld": juld, "latitude": lat, "longitude": lon,
     -                       "cycle_number": cyc, "direction": "A",
     -                       "juld_location": juld_location}
     -             o2_vals = ({"c1phase": bg["c1"][o2_asc], "c2phase": bg["c2"][o2_asc],
     -                         "temp_doxy": bg["td"][o2_asc],
     -                         **({"doxy": bg["doxy"][o2_asc]}
     -                            if bg["doxy"] is not None else {})}
     -                        if len(o2_asc) else {})
1062 +             common = {
1063 +                 "juld": juld,
1064 +                 "latitude": lat,
1065 +                 "longitude": lon,
1066 +                 "cycle_number": cyc,
1067 +                 "direction": "A",
1068 +                 "juld_location": juld_location,
1069 +             }
1070 +             o2_vals = (
1071 +                 {
1072 +                     "c1phase": bg["c1"][o2_asc],
1073 +                     "c2phase": bg["c2"][o2_asc],
1074 +                     "temp_doxy": bg["td"][o2_asc],
1075 +                     **({"doxy": bg["doxy"][o2_asc]} if bg["doxy"] is not None else {}),
1076 +                 }
1077 +                 if len(o2_asc)
1078 +                 else {}
1079 +             )
1080 |             # CHLA_FLUORESCENCE is the derived chlorophyll (ug/L), identical
1081 |             # to CHLA in the INCOIS GDAC BR files — not a copy of the raw
1082 |             # FLUORESCENCE_CHLA counts. Verified exact on 9 cycles, 2902093.
     -             fl_vals = ({"fluorescence": bg["flu"][fl_asc],
     -                         "beta": bg["bet"][fl_asc], "chla": bg["chla"][fl_asc],
     -                         "chla_fluorescence": bg["chla"][fl_asc],
     -                         **({"bbp": bg["bbp"][fl_asc]}
     -                            if bg["bbp"] is not None else {})}
     -                        if len(fl_asc) else {})
1083 +             fl_vals = (
1084 +                 {
1085 +                     "fluorescence": bg["flu"][fl_asc],
1086 +                     "beta": bg["bet"][fl_asc],
1087 +                     "chla": bg["chla"][fl_asc],
1088 +                     "chla_fluorescence": bg["chla"][fl_asc],
1089 +                     **({"bbp": bg["bbp"][fl_asc]} if bg["bbp"] is not None else {}),
1090 +                 }
1091 +                 if len(fl_asc)
1092 +                 else {}
1093 +             )
1094 |             bgc = [
--------------------------------------------------------------------------------
1110 |             inputs.cycle = cyc
     -             br_files[cyc] = write_profile(prof_dir, inputs, is_bgc=True,
     -                                           profiles=bgc)
1111 +             br_files[cyc] = write_profile(prof_dir, inputs, is_bgc=True, profiles=bgc)
1112 |
--------------------------------------------------------------------------------
1116 |         raise ValueError("no tech rows decoded — nothing to publish")
     -     tech_records = [{"name": r.name, "value": r.value,
     -                      "cycle_number": r.cycle_number} for r in tech_row_list]
     -     tech_path = write_tech(float_dir / f"{wmo}_tech.nc", inputs,
     -                            tech_records=tech_records)
1117 +     tech_records = [
1118 +         {"name": r.name, "value": r.value, "cycle_number": r.cycle_number} for r in tech_row_list
1119 +     ]
1120 +     tech_path = write_tech(float_dir / f"{wmo}_tech.nc", inputs, tech_records=tech_records)
1121 |
1122 |     rows = build_rows(
1123 |         vectors_by_cycle,
1124 |         {_published_cycle(cycles[c], c): cycles[c].pressures for c in cycles},
     -         clock, launch_juld, float(external_meta.launch_latitude),
1125 +         clock,
1126 +         launch_juld,
1127 +         float(external_meta.launch_latitude),
1128 |         float(external_meta.launch_longitude),
--------------------------------------------------------------------------------
1136 |     summaries = build_cycle_summaries(
     -         vectors_by_cycle, clock,
     -         park_pres_by_cycle={c: p[0] for c, p in park_by_cycle.items()})
1137 +         vectors_by_cycle, clock, park_pres_by_cycle={c: p[0] for c, p in park_by_cycle.items()}
1138 +     )
1139 |     calib_by_param = None
--------------------------------------------------------------------------------
1150 |             }
     -     rtraj_path = write_cts4_rtraj(float_dir / f"{wmo}_Rtraj.nc", rows,
     -                                   summaries, external_meta, wmo,
     -                                   institution=institution,
     -                                   decoder_version=decoder_version,
     -                                   calib_by_param=calib_by_param)
     -     return FloatProducts(wmo=wmo, meta_nc=meta_path, tech_nc=tech_path,
     -                          rtraj_nc=rtraj_path, r_files=r_files,
     -                          br_files=br_files, skipped=skipped, clock=clock,
     -                          tech_rows=len(tech_records), rtraj_rows=len(rows))
1151 +     rtraj_path = write_cts4_rtraj(
1152 +         float_dir / f"{wmo}_Rtraj.nc",
1153 +         rows,
1154 +         summaries,
1155 +         external_meta,
1156 +         wmo,
1157 +         institution=institution,
1158 +         decoder_version=decoder_version,
1159 +         calib_by_param=calib_by_param,
1160 +     )
1161 +     return FloatProducts(
1162 +         wmo=wmo,
1163 +         meta_nc=meta_path,
1164 +         tech_nc=tech_path,
1165 +         rtraj_nc=rtraj_path,
1166 +         r_files=r_files,
1167 +         br_files=br_files,
1168 +         skipped=skipped,
1169 +         clock=clock,
1170 +         tech_rows=len(tech_records),
1171 +         rtraj_rows=len(rows),
1172 +     )
     |

unformatted: File would be reformatted
   --> src/argo_decoder/platforms/provor_cts4_ir_sbd/cts4_rtraj.py:11:1
    |
10  | """
11  +
12  | from __future__ import annotations
--------------------------------------------------------------------------------
37  |
38  +
39  | # Simplified per-cycle template for CTS4 real-time:
--------------------------------------------------------------------------------
68  |
69  +
70  | @dataclass
--------------------------------------------------------------------------------
82  |
83  +
84  | @dataclass
--------------------------------------------------------------------------------
94  |
95  +
96  | @dataclass
--------------------------------------------------------------------------------
101 |
102 +
103 | def _juld_from_vt(vt: VectorTech, launch_juld: float) -> float:
104 |     # NKE 5.8: cycle_start_day is FloatDay relative to mission start (launch)
    -     return launch_juld + float(vt.cycle_start_day) + float(vt.cycle_start_hour)/1440.0
105 +     return launch_juld + float(vt.cycle_start_day) + float(vt.cycle_start_hour) / 1440.0
106 |
    - def build_cts4_rtraj_dataset(cycles_vt: list[tuple[int, VectorTech | None]], wmo: str | None, launch_lat: float, launch_lon: float, launch_juld: float) -> Cts4RtrajDataset:
107 +
108 + def build_cts4_rtraj_dataset(
109 +     cycles_vt: list[tuple[int, VectorTech | None]],
110 +     wmo: str | None,
111 +     launch_lat: float,
112 +     launch_lon: float,
113 +     launch_juld: float,
114 + ) -> Cts4RtrajDataset:
115 |     """Build CTS4 Rtraj dataset from per-cycle VectorTech list.
--------------------------------------------------------------------------------
124 |     # We'll use 0 for launch.
    -     ds.rows.append(Cts4RtrajRow(cycle_number=0, measurement_code=Cts4MC.LAUNCH, juld=launch_juld, juld_status=" ", juld_qc="1", latitude=launch_lat, longitude=launch_lon, position_qc="1", position_accuracy=" "))
    -     ds.cycles.append(Cts4RtrajCycle(cycle_number=0, juld=launch_juld, latitude=launch_lat, longitude=launch_lon, data_mode="R"))
125 +     ds.rows.append(
126 +         Cts4RtrajRow(
127 +             cycle_number=0,
128 +             measurement_code=Cts4MC.LAUNCH,
129 +             juld=launch_juld,
130 +             juld_status=" ",
131 +             juld_qc="1",
132 +             latitude=launch_lat,
133 +             longitude=launch_lon,
134 +             position_qc="1",
135 +             position_accuracy=" ",
136 +         )
137 +     )
138 +     ds.cycles.append(
139 +         Cts4RtrajCycle(
140 +             cycle_number=0,
141 +             juld=launch_juld,
142 +             latitude=launch_lat,
143 +             longitude=launch_lon,
144 +             data_mode="R",
145 +         )
146 +     )
147 |     for cyc, vt in sorted(cycles_vt, key=lambda x: x[0]):
148 |         if vt is None or vt.gps_valid != 1:
149 |             # still emit a GPS_FIX row with fill and status 9
150 |             juld = _juld_from_vt(vt, launch_juld) if vt is not None else None
    -             ds.rows.append(Cts4RtrajRow(cycle_number=cyc, measurement_code=Cts4MC.GPS_FIX, juld=juld if juld is not None else 999999.0, juld_status="9" if juld is None else "2", juld_qc="9" if juld is None else "1", latitude=None, longitude=None, position_qc="9", position_accuracy=" "))
151 +             ds.rows.append(
152 +                 Cts4RtrajRow(
153 +                     cycle_number=cyc,
154 +                     measurement_code=Cts4MC.GPS_FIX,
155 +                     juld=juld if juld is not None else 999999.0,
156 +                     juld_status="9" if juld is None else "2",
157 +                     juld_qc="9" if juld is None else "1",
158 +                     latitude=None,
159 +                     longitude=None,
160 +                     position_qc="9",
161 +                     position_accuracy=" ",
162 +                 )
163 +             )
164 |             # N_CYCLE summary
    -             ds.cycles.append(Cts4RtrajCycle(cycle_number=cyc, juld=juld, latitude=None, longitude=None, data_mode="R"))
165 +             ds.cycles.append(
166 +                 Cts4RtrajCycle(
167 +                     cycle_number=cyc, juld=juld, latitude=None, longitude=None, data_mode="R"
168 +                 )
169 +             )
170 |         else:
--------------------------------------------------------------------------------
175 |             # Emit GPS_FIX
    -             ds.rows.append(Cts4RtrajRow(cycle_number=cyc, measurement_code=Cts4MC.GPS_FIX, juld=juld, juld_status="2", juld_qc="1", latitude=lat, longitude=lon, position_qc="1", position_accuracy="1"))
176 +             ds.rows.append(
177 +                 Cts4RtrajRow(
178 +                     cycle_number=cyc,
179 +                     measurement_code=Cts4MC.GPS_FIX,
180 +                     juld=juld,
181 +                     juld_status="2",
182 +                     juld_qc="1",
183 +                     latitude=lat,
184 +                     longitude=lon,
185 +                     position_qc="1",
186 +                     position_accuracy="1",
187 +                 )
188 +             )
189 |             # Also emit ascent start/end and transmission start/end with same JULD where telemetry not distinguishing (DATA-COVERAGE fill alternative would be more honest, but we emit same JULD to satisfy N_CYCLE pairing)
    -             for mc in [Cts4MC.ASCENT_START, Cts4MC.ASCENT_END, Cts4MC.TRANSMISSION_START, Cts4MC.TRANSMISSION_END, Cts4MC.FIRST_MESSAGE, Cts4MC.LAST_MESSAGE]:
    -                 ds.rows.append(Cts4RtrajRow(cycle_number=cyc, measurement_code=mc, juld=juld, juld_status="2", juld_qc="1", latitude=None, longitude=None, position_qc=" ", position_accuracy=" "))
190 +             for mc in [
191 +                 Cts4MC.ASCENT_START,
192 +                 Cts4MC.ASCENT_END,
193 +                 Cts4MC.TRANSMISSION_START,
194 +                 Cts4MC.TRANSMISSION_END,
195 +                 Cts4MC.FIRST_MESSAGE,
196 +                 Cts4MC.LAST_MESSAGE,
197 +             ]:
198 +                 ds.rows.append(
199 +                     Cts4RtrajRow(
200 +                         cycle_number=cyc,
201 +                         measurement_code=mc,
202 +                         juld=juld,
203 +                         juld_status="2",
204 +                         juld_qc="1",
205 +                         latitude=None,
206 +                         longitude=None,
207 +                         position_qc=" ",
208 +                         position_accuracy=" ",
209 +                     )
210 +                 )
211 |             # Add descent/park codes with same JULD (conservative: better than fill)
212 |             for mc in [Cts4MC.DESCENT_START, Cts4MC.PARK_START]:
    -                 ds.rows.append(Cts4RtrajRow(cycle_number=cyc, measurement_code=mc, juld=juld, juld_status="2", juld_qc="1", latitude=None, longitude=None, position_qc=" ", position_accuracy=" "))
    -             ds.cycles.append(Cts4RtrajCycle(cycle_number=cyc, juld=juld, latitude=lat, longitude=lon, data_mode="R"))
213 +                 ds.rows.append(
214 +                     Cts4RtrajRow(
215 +                         cycle_number=cyc,
216 +                         measurement_code=mc,
217 +                         juld=juld,
218 +                         juld_status="2",
219 +                         juld_qc="1",
220 +                         latitude=None,
221 +                         longitude=None,
222 +                         position_qc=" ",
223 +                         position_accuracy=" ",
224 +                     )
225 +                 )
226 +             ds.cycles.append(
227 +                 Cts4RtrajCycle(
228 +                     cycle_number=cyc, juld=juld, latitude=lat, longitude=lon, data_mode="R"
229 +                 )
230 +             )
231 |     # sort rows by cycle then MC for stability
    |

unformatted: File would be reformatted
   --> src/argo_decoder/platforms/provor_cts4_ir_sbd/cts4_tech.py:11:1
    |
10  | """
11  +
12  | from __future__ import annotations
--------------------------------------------------------------------------------
33  |
34  +
35  | @dataclass
--------------------------------------------------------------------------------
43  |
44  +
45  | def _fmt(value) -> str:
--------------------------------------------------------------------------------
52  |
    - def collect_tech_for_cycle(cycle_number: int, vt: VectorTech | None, pp: PressurePacket | None = None, st: SensorTechPacket | None = None) -> list[Cts4TechRow]:
53  +
54  + def collect_tech_for_cycle(
55  +     cycle_number: int,
56  +     vt: VectorTech | None,
57  +     pp: PressurePacket | None = None,
58  +     st: SensorTechPacket | None = None,
59  + ) -> list[Cts4TechRow]:
60  |     rows: list[Cts4TechRow] = []
--------------------------------------------------------------------------------
72  |                 try:
    -                     s = f"{2000+ft.yy:04d}{ft.mm:02d}{ft.dd:02d}{ft.hh:02d}{ft.mi:02d}{ft.ss:02d}"
73  +                     s = f"{2000 + ft.yy:04d}{ft.mm:02d}{ft.dd:02d}{ft.hh:02d}{ft.mi:02d}{ft.ss:02d}"
74  |                 except:
75  |                     s = _fmt(val)
76  |                 rows.append(Cts4TechRow(cycle_number, label, s))
77  |             elif field_name == "vacuum_raw":
    -                 rows.append(Cts4TechRow(cycle_number, label, _fmt(val*5)))  # mbar x5
78  +                 rows.append(Cts4TechRow(cycle_number, label, _fmt(val * 5)))  # mbar x5
79  |             elif field_name == "battery_raw":
    -                 volt = 15.0 - val/10.0
80  +                 volt = 15.0 - val / 10.0
81  |                 rows.append(Cts4TechRow(cycle_number, label, _fmt(volt)))
    -             elif field_name.endswith("_day") or field_name.endswith("_hour") or "cycle" in field_name or "serial" in field_name:
82  +             elif (
83  +                 field_name.endswith("_day")
84  +                 or field_name.endswith("_hour")
85  +                 or "cycle" in field_name
86  +                 or "serial" in field_name
87  +             ):
88  |                 rows.append(Cts4TechRow(cycle_number, label, _fmt(val)))
--------------------------------------------------------------------------------
96  |                 continue
    -             sensor_name = {0: "CTD", 1: "Optode", 4: "Flbb"}.get(half.sensor, f"UNKNOWN{half.sensor}")
97  +             sensor_name = {0: "CTD", 1: "Optode", 4: "Flbb"}.get(
98  +                 half.sensor, f"UNKNOWN{half.sensor}"
99  +             )
100 |             for fname, tmpl in TECH250_LABEL.items():
--------------------------------------------------------------------------------
128 |
    - def build_cts4_tech_dataset(cycles_data: list[tuple[int, VectorTech | None, PressurePacket | None, SensorTechPacket | None]], wmo: str | None = None) -> Cts4TechDataset:
129 +
130 + def build_cts4_tech_dataset(
131 +     cycles_data: list[
132 +         tuple[int, VectorTech | None, PressurePacket | None, SensorTechPacket | None]
133 +     ],
134 +     wmo: str | None = None,
135 + ) -> Cts4TechDataset:
136 |     ds = Cts4TechDataset(wmo=wmo)
    |

unformatted: File would be reformatted
   --> src/argo_decoder/platforms/provor_cts4_ir_sbd/equations.py:94:67
    |
93  |                 raise ValueError(
    -                     f"foil {name} must have {N_FOIL_TERMS} terms, "
    -                     f"got {len(getattr(self, name))}"
94  +                     f"foil {name} must have {N_FOIL_TERMS} terms, got {len(getattr(self, name))}"
95  |                 )
--------------------------------------------------------------------------------
162 |     """Foil polynomial ``Σ c[i]*T^m[i]*CalPhase^n[i]`` (cookbook §4.2.2.1)."""
    -     return sum(
    -         c * temp_c**m * calphase_deg**n for c, m, n in zip(foil.c, foil.m, foil.n)
    -     )
163 +     return sum(c * temp_c**m * calphase_deg**n for c, m, n in zip(foil.c, foil.m, foil.n))
164 |
--------------------------------------------------------------------------------
175 |     """Air saturation [%] from the foil ``deltaP`` (GDAC equation verbatim)."""
    -     return (
    -         delta_p
    -         * 100.0
    -         / ((nom_air_press - vapour_pressure(temp_c)) * nom_air_mix)
    -     )
176 +     return delta_p * 100.0 / ((nom_air_press - vapour_pressure(temp_c)) * nom_air_mix)
177 |
--------------------------------------------------------------------------------
212 |     ts = ts_ratio(temp_c)
    -     a_factor = (1013.25 - p_h2o(temp_c, spreset, d)) / (
    -         1013.25 - p_h2o(temp_c, psal, d)
    -     )
    -     exponent = (
    -         psal * (b[0] + b[1] * ts + b[2] * ts**2 + b[3] * ts**3) + c0 * psal**2
    -     )
213 +     a_factor = (1013.25 - p_h2o(temp_c, spreset, d)) / (1013.25 - p_h2o(temp_c, psal, d))
214 +     exponent = psal * (b[0] + b[1] * ts + b[2] * ts**2 + b[3] * ts**3) + c0 * psal**2
215 |     return a_factor * math.exp(exponent)
216 |
217 |
    - def pressure_correction(
    -     temp_c: float, pres_dbar: float, pcoef2: float, pcoef3: float
    - ) -> float:
218 + def pressure_correction(temp_c: float, pres_dbar: float, pcoef2: float, pcoef3: float) -> float:
219 |     """Quenching pressure correction ``Pcorr`` (Uchida form, GDAC equation)."""
--------------------------------------------------------------------------------
283 |
    - def _rinw(
    -     wavelength_nm: float, temp_c: float, psal: float
    - ) -> tuple[float, float]:
284 + def _rinw(wavelength_nm: float, temp_c: float, psal: float) -> tuple[float, float]:
285 |     """Seawater refractive index + d(n)/dS (Quan & Fry 1994; Ciddor 1996 air).
--------------------------------------------------------------------------------
289 |     lam = wavelength_nm
    -     n_air = 1.0 + (
    -         5792105.0 / (238.0185 - 1.0 / (lam / 1e3) ** 2)
    -         + 167917.0 / (57.362 - 1.0 / (lam / 1e3) ** 2)
    -     ) / 1e8
290 +     n_air = (
291 +         1.0
292 +         + (
293 +             5792105.0 / (238.0185 - 1.0 / (lam / 1e3) ** 2)
294 +             + 167917.0 / (57.362 - 1.0 / (lam / 1e3) ** 2)
295 +         )
296 +         / 1e8
297 +     )
298 |     n0 = 1.31405
--------------------------------------------------------------------------------
324 |     t = temp_c
    -     kw = (
    -         19652.21
    -         + 148.4206 * t
    -         - 2.327105 * t**2
    -         + 1.360477e-2 * t**3
    -         - 5.155288e-5 * t**4
    -     )
325 +     kw = 19652.21 + 148.4206 * t - 2.327105 * t**2 + 1.360477e-2 * t**3 - 5.155288e-5 * t**4
326 |     a0 = 54.6746 - 0.603459 * t + 1.09987e-2 * t**2 - 6.167e-5 * t**3
--------------------------------------------------------------------------------
362 |         (-5.58651e-4 + 2.40452e-7 * t - 3.12165e-9 * t**2 + 2.40808e-11 * t**3)
    -         + 1.5
    -         * (1.79613e-5 - 9.9422e-8 * t + 2.08919e-9 * t**2 - 1.39872e-11 * t**3)
    -         * psal**0.5
363 +         + 1.5 * (1.79613e-5 - 9.9422e-8 * t + 2.08919e-9 * t**2 - 1.39872e-11 * t**3) * psal**0.5
364 |         + 2 * (-2.31065e-6 - 1.37674e-9 * t - 1.93316e-11 * t**2) * psal
--------------------------------------------------------------------------------
370 |     n_wat2 = n_wat**2
    -     return (n_wat2 - 1) * (
    -         1 + 2 / 3 * (n_wat2 + 2) * (n_wat / 3 - 1 / 3 / n_wat) ** 2
    -     )
371 +     return (n_wat2 - 1) * (1 + 2 / 3 * (n_wat2 + 2) * (n_wat / 3 - 1 / 3 / n_wat) ** 2)
372 |
--------------------------------------------------------------------------------
411 |     flu_con = psal * m0 * dnds**2 / density_sw / (-dlnawds) / na
    -     beta_cf = (
    -         2 * math.pi**2 * lam_m**-4 * nsw**2 * flu_con * (6 + 6 * delta) / (6 - 7 * delta)
    -     )
412 +     beta_cf = 2 * math.pi**2 * lam_m**-4 * nsw**2 * flu_con * (6 + 6 * delta) / (6 - 7 * delta)
413 |     beta90sw = beta_df + beta_cf
    |

unformatted: File would be reformatted
  --> src/argo_decoder/platforms/provor_cts4_ir_sbd/external_meta_io.py:23:68
   |
22 |     """JULD of the externally supplied LAUNCH_DATE (days since 1950-01-01)."""
   -     dt = datetime.strptime(em.launch_date, "%Y%m%d%H%M%S").replace(
   -         tzinfo=UTC
   -     )
23 +     dt = datetime.strptime(em.launch_date, "%Y%m%d%H%M%S").replace(tzinfo=UTC)
24 |     return (dt - datetime(1950, 1, 1, tzinfo=UTC)).total_seconds() / 86400.0
--------------------------------------------------------------------------------
58 |     try:
59 +
60 |         def cs(name: str) -> Any:
--------------------------------------------------------------------------------
66 |         missions = tuple(tuple(float(v) for v in cfg_vals[i, :]) for i in range(n_miss))
   -         launch_names = tuple(
   -             str(x).strip() for x in cs("LAUNCH_CONFIG_PARAMETER_NAME").tolist()
   -         )
   -         launch_vals = tuple(
   -             float(v) for v in ds.variables["LAUNCH_CONFIG_PARAMETER_VALUE"][:]
   -         )
67 +         launch_names = tuple(str(x).strip() for x in cs("LAUNCH_CONFIG_PARAMETER_NAME").tolist())
68 +         launch_vals = tuple(float(v) for v in ds.variables["LAUNCH_CONFIG_PARAMETER_VALUE"][:])
69 |         pre_eq = tuple(str(s).strip() for s in cs("PREDEPLOYMENT_CALIB_EQUATION").tolist())
   |

unformatted: File would be reformatted
   --> src/argo_decoder/platforms/provor_cts4_ir_sbd/family_constants.py:104:7
    |
103 | M: tuple[int, ...] = (
    -     1, 0, 0, 0, 1, 2, 0, 1, 2, 3, 0, 1, 2, 3, 4, 0, 1, 2, 3, 4, 5, 0, 0, 0, 0, 0, 0, 0,
104 +     1,
105 +     0,
106 +     0,
107 +     0,
108 +     1,
109 +     2,
110 +     0,
111 +     1,
112 +     2,
113 +     3,
114 +     0,
115 +     1,
116 +     2,
117 +     3,
118 +     4,
119 +     0,
120 +     1,
121 +     2,
122 +     3,
123 +     4,
124 +     5,
125 +     0,
126 +     0,
127 +     0,
128 +     0,
129 +     0,
130 +     0,
131 +     0,
132 | )
133 | N: tuple[int, ...] = (
    -     4, 5, 4, 3, 3, 3, 2, 2, 2, 2, 1, 1, 1, 1, 1, 0, 0, 0, 0, 0, 0, 0, 0, 0, 0, 0, 0, 0,
134 +     4,
135 +     5,
136 +     4,
137 +     3,
138 +     3,
139 +     3,
140 +     2,
141 +     2,
142 +     2,
143 +     2,
144 +     1,
145 +     1,
146 +     1,
147 +     1,
148 +     1,
149 +     0,
150 +     0,
151 +     0,
152 +     0,
153 +     0,
154 +     0,
155 +     0,
156 +     0,
157 +     0,
158 +     0,
159 +     0,
160 +     0,
161 +     0,
162 | )
    |

unformatted: File would be reformatted
   --> src/argo_decoder/platforms/provor_cts4_ir_sbd/labels_301.py:94:19
    |
93  |     2: _PREFIX + "TelemetryRepeatSessionDelay_minutes",
    -     3: _PV_PERIOD, 4: _PV_DD, 5: _PV_MM, 6: _PV_YY,
    -     7: _PV_PERIOD, 8: _PV_DD, 9: _PV_MM, 10: _PV_YY,
    -     11: _PV_PERIOD, 12: _PV_DD, 13: _PV_MM, 14: _PV_YY,
    -     15: _PV_PERIOD, 16: _PV_DD, 17: _PV_MM, 18: _PV_YY,
    -     19: _PV_PERIOD, 20: _PV_DD, 21: _PV_MM, 22: _PV_YY,
94  +     3: _PV_PERIOD,
95  +     4: _PV_DD,
96  +     5: _PV_MM,
97  +     6: _PV_YY,
98  +     7: _PV_PERIOD,
99  +     8: _PV_DD,
100 +     9: _PV_MM,
101 +     10: _PV_YY,
102 +     11: _PV_PERIOD,
103 +     12: _PV_DD,
104 +     13: _PV_MM,
105 +     14: _PV_YY,
106 +     15: _PV_PERIOD,
107 +     16: _PV_DD,
108 +     17: _PV_MM,
109 +     18: _PV_YY,
110 +     19: _PV_PERIOD,
111 +     20: _PV_DD,
112 +     21: _PV_MM,
113 +     22: _PV_YY,
114 | }
--------------------------------------------------------------------------------
309 |     )
    -     uncovered_tech = tuple(
    -         sorted({name for _, _, name in tech_labels} - mapped_tech)
    -     )
    -     free_leaves = (
    -         tuple(f"ctd_free.{name}" for name, label in TECH250_CTD_FREE_LABEL.items()
    -               if label is None and name != "spare")
    -         + tuple(f"flbb_free.{name}" for name, label in TECH250_FLBB_FREE_LABEL.items()
    -                 if label is None and name != "spare")
310 +     uncovered_tech = tuple(sorted({name for _, _, name in tech_labels} - mapped_tech))
311 +     free_leaves = tuple(
312 +         f"ctd_free.{name}"
313 +         for name, label in TECH250_CTD_FREE_LABEL.items()
314 +         if label is None and name != "spare"
315 +     ) + tuple(
316 +         f"flbb_free.{name}"
317 +         for name, label in TECH250_FLBB_FREE_LABEL.items()
318 +         if label is None and name != "spare"
319 |     )
    |

unformatted: File would be reformatted
   --> src/argo_decoder/platforms/provor_cts4_ir_sbd/mission_clock.py:61:67
    |
60  |     """Absolute JULD of a 253 FloatTime (wire DD MM YY; names now true)."""
    -     dt = datetime(2000 + ft.yy, ft.mm, ft.dd, ft.hh, ft.mi, ft.ss,
    -                   tzinfo=UTC)
61  +     dt = datetime(2000 + ft.yy, ft.mm, ft.dd, ft.hh, ft.mi, ft.ss, tzinfo=UTC)
62  |     return (dt - _EPOCH).total_seconds() / 86400.0
--------------------------------------------------------------------------------
161 |         v_next = vectors_by_cycle[nxt][0]
    -         estimates.append(
    -             latest_ft - rel_juld(v_next.cycle_start_day, v_next.cycle_start_hour)
    -         )
162 +         estimates.append(latest_ft - rel_juld(v_next.cycle_start_day, v_next.cycle_start_hour))
163 |     if not estimates:
164 |         raise AnchorInconsistentError(
    -             "need at least two consecutive cycles with 253 packets to derive "
    -             "the mission clock"
165 +             "need at least two consecutive cycles with 253 packets to derive the mission clock"
166 |         )
    |

unformatted: File would be reformatted
   --> src/argo_decoder/platforms/provor_cts4_ir_sbd/params.py:305:19
    |
304 |         raise ValueError(f"254 packet must be {PACKET_LEN} bytes, got {len(raw)}")
    -     words = tuple(
    -         _u16be(raw, PARAMS_OFFSET + index * PT_STRIDE) for index in range(N_PT_WORDS)
    -     )
305 +     words = tuple(_u16be(raw, PARAMS_OFFSET + index * PT_STRIDE) for index in range(N_PT_WORDS))
306 |     return TechParams(
    |

unformatted: File would be reformatted
   --> src/argo_decoder/platforms/provor_cts4_ir_sbd/provor_cts4_pipeline.py:10:1
    |
9   | """
10  +
11  | from __future__ import annotations
--------------------------------------------------------------------------------
48  |
    - WMA_RE=re.compile(r"^[0-9]{7}$")
49  + WMA_RE = re.compile(r"^[0-9]{7}$")
50  +
51  |
52  | def _wmo_ok(w):
    -     if not WMA_RE.match(w): raise ValueError(f"WMO must be 7 digits, got {w!r}")
53  +     if not WMA_RE.match(w):
54  +         raise ValueError(f"WMO must be 7 digits, got {w!r}")
55  +
56  |
57  | def _launch_juld(launch_date_str: str) -> float:
    -     dt=datetime.strptime(launch_date_str, "%Y%m%d%H%M%S").replace(tzinfo=UTC)
    -     epoch=datetime(1950,1,1,tzinfo=UTC)
    -     return (dt-epoch).total_seconds()/86400.0
58  +     dt = datetime.strptime(launch_date_str, "%Y%m%d%H%M%S").replace(tzinfo=UTC)
59  +     epoch = datetime(1950, 1, 1, tzinfo=UTC)
60  +     return (dt - epoch).total_seconds() / 86400.0
61  +
62  |
63  | def build_external_meta_from_gdac(meta_nc: Path) -> ExternalMeta:
    -     ds=nc4.Dataset(str(meta_nc))
64  +     ds = nc4.Dataset(str(meta_nc))
65  |     import netCDF4 as nc4a
    -     cfg_names=nc4a.chartostring(ds.variables["CONFIG_PARAMETER_NAME"][:]).tolist()
    -     n_miss=len(ds.dimensions["N_MISSIONS"])
    -     cfg_vals=ds.variables["CONFIG_PARAMETER_VALUE"][:]
    -     missions=tuple(tuple(float(v) for v in cfg_vals[i,:]) for i in range(n_miss))
    -     launch_names=nc4a.chartostring(ds.variables["LAUNCH_CONFIG_PARAMETER_NAME"][:]).tolist()
    -     launch_vals=tuple(float(v) for v in ds.variables["LAUNCH_CONFIG_PARAMETER_VALUE"][:])
    -     pre_eq=tuple(s.strip() for s in nc4a.chartostring(ds.variables["PREDEPLOYMENT_CALIB_EQUATION"][:]).tolist())
    -     pre_coeff=tuple(s.strip() for s in nc4a.chartostring(ds.variables["PREDEPLOYMENT_CALIB_COEFFICIENT"][:]).tolist())
    -     pre_comm=tuple(s.strip() for s in nc4a.chartostring(ds.variables["PREDEPLOYMENT_CALIB_COMMENT"][:]).tolist())
    -     sensor_serials=tuple(s.strip() for s in nc4a.chartostring(ds.variables["SENSOR_SERIAL_NO"][:]).tolist())
    -     float_serial=nc4a.chartostring(ds.variables["FLOAT_SERIAL_NO"][:]).item().strip()
    -     wmo_inst=nc4a.chartostring(ds.variables["WMO_INST_TYPE"][:]).item().strip()
    -     launch_date=nc4a.chartostring(ds.variables["LAUNCH_DATE"][:]).item().strip()
    -     launch_lat=float(ds.variables["LAUNCH_LATITUDE"][()])
    -     launch_lon=float(ds.variables["LAUNCH_LONGITUDE"][()])
    -     project=nc4a.chartostring(ds.variables["PROJECT_NAME"][:]).item().strip() or "Indian ARGO"
    -     pi=nc4a.chartostring(ds.variables["PI_NAME"][:]).item().strip() or "M Ravichandran"
66  +
67  +     cfg_names = nc4a.chartostring(ds.variables["CONFIG_PARAMETER_NAME"][:]).tolist()
68  +     n_miss = len(ds.dimensions["N_MISSIONS"])
69  +     cfg_vals = ds.variables["CONFIG_PARAMETER_VALUE"][:]
70  +     missions = tuple(tuple(float(v) for v in cfg_vals[i, :]) for i in range(n_miss))
71  +     launch_names = nc4a.chartostring(ds.variables["LAUNCH_CONFIG_PARAMETER_NAME"][:]).tolist()
72  +     launch_vals = tuple(float(v) for v in ds.variables["LAUNCH_CONFIG_PARAMETER_VALUE"][:])
73  +     pre_eq = tuple(
74  +         s.strip()
75  +         for s in nc4a.chartostring(ds.variables["PREDEPLOYMENT_CALIB_EQUATION"][:]).tolist()
76  +     )
77  +     pre_coeff = tuple(
78  +         s.strip()
79  +         for s in nc4a.chartostring(ds.variables["PREDEPLOYMENT_CALIB_COEFFICIENT"][:]).tolist()
80  +     )
81  +     pre_comm = tuple(
82  +         s.strip()
83  +         for s in nc4a.chartostring(ds.variables["PREDEPLOYMENT_CALIB_COMMENT"][:]).tolist()
84  +     )
85  +     sensor_serials = tuple(
86  +         s.strip() for s in nc4a.chartostring(ds.variables["SENSOR_SERIAL_NO"][:]).tolist()
87  +     )
88  +     float_serial = nc4a.chartostring(ds.variables["FLOAT_SERIAL_NO"][:]).item().strip()
89  +     wmo_inst = nc4a.chartostring(ds.variables["WMO_INST_TYPE"][:]).item().strip()
90  +     launch_date = nc4a.chartostring(ds.variables["LAUNCH_DATE"][:]).item().strip()
91  +     launch_lat = float(ds.variables["LAUNCH_LATITUDE"][()])
92  +     launch_lon = float(ds.variables["LAUNCH_LONGITUDE"][()])
93  +     project = nc4a.chartostring(ds.variables["PROJECT_NAME"][:]).item().strip() or "Indian ARGO"
94  +     pi = nc4a.chartostring(ds.variables["PI_NAME"][:]).item().strip() or "M Ravichandran"
95  |     ds.close()
96  |     return ExternalMeta(
    -         float_serial_no=float_serial, wmo_inst_type=wmo_inst, launch_date=launch_date,
    -         launch_latitude=launch_lat, launch_longitude=launch_lon,
    -         project_name=project, pi_name=pi,
97  +         float_serial_no=float_serial,
98  +         wmo_inst_type=wmo_inst,
99  +         launch_date=launch_date,
100 +         launch_latitude=launch_lat,
101 +         launch_longitude=launch_lon,
102 +         project_name=project,
103 +         pi_name=pi,
104 |         sensor_serial_nos=sensor_serials,
--------------------------------------------------------------------------------
113 |
    - def process_float_group(raw_group: Path, wmo: str, external_meta: ExternalMeta, out_root: Path, ref_csv: Path | None = None):
114 +
115 + def process_float_group(
116 +     raw_group: Path,
117 +     wmo: str,
118 +     external_meta: ExternalMeta,
119 +     out_root: Path,
120 +     ref_csv: Path | None = None,
121 + ):
122 |     """Process raw SBD group for one float hypothesis.
--------------------------------------------------------------------------------
131 |     _wmo_ok(wmo)
    -     raw_group=Path(raw_group); out_root=Path(out_root)
132 +     raw_group = Path(raw_group)
133 +     out_root = Path(out_root)
134 |     float_dir = out_root / wmo
135 |     profiles_dir = float_dir / "profiles"
    -     float_dir.mkdir(parents=True, exist_ok=True); profiles_dir.mkdir(parents=True, exist_ok=True)
136 +     float_dir.mkdir(parents=True, exist_ok=True)
137 +     profiles_dir.mkdir(parents=True, exist_ok=True)
138 |
139 |     # optional resolve for CHLA/BBP/DOXY calibration (keyed by flbb_serial)
    -     ref=None
140 +     ref = None
141 |     if ref_csv and Path(ref_csv).exists():
    -         ref=load_reference(Path(ref_csv))
142 +         ref = load_reference(Path(ref_csv))
143 |         # resolve group to get cal dicts
144 |         from argo_decoder.platforms.provor_cts4_ir_sbd.resolve import resolve_group
    -         rg=resolve_group(raw_group, ref)
    -         chla_cal=rg["chla"]; bbp_cal=rg["bbp"]; doxy_cal=rg["doxy"]
145 +
146 +         rg = resolve_group(raw_group, ref)
147 +         chla_cal = rg["chla"]
148 +         bbp_cal = rg["bbp"]
149 +         doxy_cal = rg["doxy"]
150 |     else:
    -         chla_cal=bbp_cal=doxy_cal=None
151 +         chla_cal = bbp_cal = doxy_cal = None
152 |
    -     attrib=attribute_group(raw_group)
    -     by_cycle=defaultdict(list)
153 +     attrib = attribute_group(raw_group)
154 +     by_cycle = defaultdict(list)
155 |     for fa in attrib.files:
156 |         by_cycle[fa.cycle].append(fa.path)
157 |
158 |     # Accumulators for tech/Rtraj
    -     cycles_vt_for_tech=[]
    -     cycles_vt_for_traj=[]
    -     tech_cycles_data=[]
    -     launch_juld=_launch_juld(external_meta.launch_date)
159 +     cycles_vt_for_tech = []
160 +     cycles_vt_for_traj = []
161 +     tech_cycles_data = []
162 +     launch_juld = _launch_juld(external_meta.launch_date)
163 |
    -     written={}
164 +     written = {}
165 |
166 |     # Process each cycle for R/BR
167 |     for cyc in sorted(by_cycle.keys()):
    -         files=by_cycle[cyc]
    -         ctd_recs=[]; o2_recs=[]; flbb_recs=[]; vt_list=[]
    -         sensor_tech_list=[]
    -         pressure_list=[]
168 +         files = by_cycle[cyc]
169 +         ctd_recs = []
170 +         o2_recs = []
171 +         flbb_recs = []
172 +         vt_list = []
173 +         sensor_tech_list = []
174 +         pressure_list = []
175 |         for fp in files:
176 |             try:
    -                 dispatched=dispatch_framed(frame_file(fp))
177 +                 dispatched = dispatch_framed(frame_file(fp))
178 |             except Exception:
179 |                 continue
180 |             for p in dispatched.packets:
181 |                 if isinstance(p, MeasPacket):
    -                     if p.subtype==MeasSubtype.CTD:
    -                         pkt=extract_ctd(p)
182 +                     if p.subtype == MeasSubtype.CTD:
183 +                         pkt = extract_ctd(p)
184 |                         for r in pkt.records:
    -                             if not is_padding_ctd(r): ctd_recs.append(r)
    -                     elif p.subtype==MeasSubtype.DOXY_CLASS:
    -                         pkt=extract_o2(p)
185 +                             if not is_padding_ctd(r):
186 +                                 ctd_recs.append(r)
187 +                     elif p.subtype == MeasSubtype.DOXY_CLASS:
188 +                         pkt = extract_o2(p)
189 |                         for r in pkt.records:
    -                             if not is_padding_o2(r): o2_recs.append(r)
    -                     elif p.subtype==MeasSubtype.OPTICS_FLBB:
    -                         pkt=extract_flbb(p)
190 +                             if not is_padding_o2(r):
191 +                                 o2_recs.append(r)
192 +                     elif p.subtype == MeasSubtype.OPTICS_FLBB:
193 +                         pkt = extract_flbb(p)
194 |                         for r in pkt.records:
    -                             if not is_padding_flbb(r): flbb_recs.append(r)
195 +                             if not is_padding_flbb(r):
196 +                                 flbb_recs.append(r)
197 |                 elif isinstance(p, OpaquePacket):
    -                     if p.kind==PacketType.VECTOR_TECH:
    -                         vt=decode_253(p); vt_list.append(vt)
    -                     elif p.kind==PacketType.PRESSURE:
    -                         try: pp=decode_252(p); pressure_list.append(pp)
    -                         except: pass
    -                     elif p.kind==PacketType.SENSOR_TECH:
    -                         try: st=decode_250(p); sensor_tech_list.append(st)
    -                         except: pass
198 +                     if p.kind == PacketType.VECTOR_TECH:
199 +                         vt = decode_253(p)
200 +                         vt_list.append(vt)
201 +                     elif p.kind == PacketType.PRESSURE:
202 +                         try:
203 +                             pp = decode_252(p)
204 +                             pressure_list.append(pp)
205 +                         except:
206 +                             pass
207 +                     elif p.kind == PacketType.SENSOR_TECH:
208 +                         try:
209 +                             st = decode_250(p)
210 +                             sensor_tech_list.append(st)
211 +                         except:
212 +                             pass
213 |         # pick primary VT (first valid)
    -         vt_primary = next((v for v in vt_list if v.gps_valid==1), (vt_list[0] if vt_list else None))
    -         cycles_vt_for_tech.append((cyc, vt_primary, pressure_list[0] if pressure_list else None, sensor_tech_list[0] if sensor_tech_list else None))
214 +         vt_primary = next(
215 +             (v for v in vt_list if v.gps_valid == 1), (vt_list[0] if vt_list else None)
216 +         )
217 +         cycles_vt_for_tech.append(
218 +             (
219 +                 cyc,
220 +                 vt_primary,
221 +                 pressure_list[0] if pressure_list else None,
222 +                 sensor_tech_list[0] if sensor_tech_list else None,
223 +             )
224 +         )
225 |         cycles_vt_for_traj.append((cyc, vt_primary))
226 |
227 |         # Determine publishability
    -         publish_r=len(ctd_recs)>0
    -         publish_br=len(o2_recs)>0 or len(flbb_recs)>0
228 +         publish_r = len(ctd_recs) > 0
229 +         publish_br = len(o2_recs) > 0 or len(flbb_recs) > 0
230 |         if vt_primary is None:
    -             continue # no time/position => cannot publish per spec (DATA-COVERAGE)
231 +             continue  # no time/position => cannot publish per spec (DATA-COVERAGE)
232 |         # JULD/pos
    -         juld=launch_juld + float(vt_primary.cycle_start_day) + float(vt_primary.cycle_start_hour)/1440.0
    -         pos=vt_primary.gps_position()
    -         lat,lon=(pos[0],pos[1]) if pos else (None,None)
233 +         juld = (
234 +             launch_juld
235 +             + float(vt_primary.cycle_start_day)
236 +             + float(vt_primary.cycle_start_hour) / 1440.0
237 +         )
238 +         pos = vt_primary.gps_position()
239 +         lat, lon = (pos[0], pos[1]) if pos else (None, None)
240 |         if lat is None or lon is None:
--------------------------------------------------------------------------------
244 |         if publish_r and ctd_recs:
    -             pres_vals=[]; temp_vals=[]; psal_vals=[]
245 +             pres_vals = []
246 +             temp_vals = []
247 +             psal_vals = []
248 |             for r in ctd_recs:
249 |                 pres_vals.append(float(r.pres_dbar))
250 |                 temp_vals.append(float(r.temp_c))
251 |                 psal_vals.append(float(r.psal))
    -             profiles_r=[{"pres":np.array(pres_vals,dtype=np.float32),"temp":np.array(temp_vals,dtype=np.float32),"psal":np.array(psal_vals,dtype=np.float32),"juld":float(juld),"latitude":float(lat),"longitude":float(lon),"cycle_number":int(cyc),"direction":"A"}]
252 +             profiles_r = [
253 +                 {
254 +                     "pres": np.array(pres_vals, dtype=np.float32),
255 +                     "temp": np.array(temp_vals, dtype=np.float32),
256 +                     "psal": np.array(psal_vals, dtype=np.float32),
257 +                     "juld": float(juld),
258 +                     "latitude": float(lat),
259 +                     "longitude": float(lon),
260 +                     "cycle_number": int(cyc),
261 +                     "direction": "A",
262 +                 }
263 +             ]
264 |             # also need other profiles for descent? For mono-cycle we treat as 4? For R real-time we need at minimum 2? But we can produce 1 for simplicity? However Argo expects N_PROF maybe 2? We produce 1-2 minimal; FileChecker allows any N_PROF.
265 |             # We'll produce 2 profiles: ascent + descent? For now single A.
266 |             # To match GDAC parity of 4-profiles for BR, but for R core we can be 2.
267 |             # Keep single for R.
    -             inp=WriterInputs(wmo=wmo, decoder_version="PY-301-0.1.0", institution="IN", cycle=int(cyc), external_meta=external_meta, profiles=profiles_r)
    -             out_path=profiles_dir / f"R{wmo}_{cyc:03d}.nc"
268 +             inp = WriterInputs(
269 +                 wmo=wmo,
270 +                 decoder_version="PY-301-0.1.0",
271 +                 institution="IN",
272 +                 cycle=int(cyc),
273 +                 external_meta=external_meta,
274 +                 profiles=profiles_r,
275 +             )
276 +             out_path = profiles_dir / f"R{wmo}_{cyc:03d}.nc"
277 |             try:
    -                 p=write_profile(out_path, inp, is_bgc=False, profiles=profiles_r)
    -                 written.setdefault("profiles_r",[]).append(str(p))
278 +                 p = write_profile(out_path, inp, is_bgc=False, profiles=profiles_r)
279 +                 written.setdefault("profiles_r", []).append(str(p))
280 |             except Exception as e:
    -                 written.setdefault("errors",[]).append(f"R {cyc} {e}")
281 +                 written.setdefault("errors", []).append(f"R {cyc} {e}")
282 |         if publish_br:
283 |             # Need to derive BGC: for FLBB -> chla/bbp, for O2 -> doxy
    -             fl_pres=np.array([],dtype=np.float32); chla_vals=np.array([],dtype=np.float32); bbp_vals=np.array([],dtype=np.float32); flu_vals=np.array([],dtype=np.float32); beta_vals=np.array([],dtype=np.float32)
    -             doxy_vals=np.array([],dtype=np.float32); c1_vals=np.array([],dtype=np.float32); c2_vals=np.array([],dtype=np.float32); td_vals=np.array([],dtype=np.float32)
284 +             fl_pres = np.array([], dtype=np.float32)
285 +             chla_vals = np.array([], dtype=np.float32)
286 +             bbp_vals = np.array([], dtype=np.float32)
287 +             flu_vals = np.array([], dtype=np.float32)
288 +             beta_vals = np.array([], dtype=np.float32)
289 +             doxy_vals = np.array([], dtype=np.float32)
290 +             c1_vals = np.array([], dtype=np.float32)
291 +             c2_vals = np.array([], dtype=np.float32)
292 +             td_vals = np.array([], dtype=np.float32)
293 |             # FLBB derivation
294 |             if flbb_recs:
295 |                 for r in flbb_recs:
    -                     flu=float(r.fluorescence_counts)
    -                     beta=float(r.backscatter_counts)
296 +                     flu = float(r.fluorescence_counts)
297 +                     beta = float(r.backscatter_counts)
298 |                     # need temp/psal for bbp correction; use nearest ctd? For now use dummy 15C 35psu if unavailable
    -                     t=15.0; s=35.0
299 +                     t = 15.0
300 +                     s = 35.0
301 |                     # scale/dark from bbp_cal if available
302 |                     if bbp_cal is not None:
    -                         scale=bbp_cal.scale; dark=bbp_cal.dark
303 +                         scale = bbp_cal.scale
304 +                         dark = bbp_cal.dark
305 |                     else:
    -                         scale=1.0; dark=49
306 +                         scale = 1.0
307 +                         dark = 49
308 |                     # Derive CHLA/BBP via equations
309 |                     try:
    -                         ch=float(chla_ug_l(flu, chla_cal.dark if chla_cal else 49, chla_cal.scale if chla_cal else 0.0073))
    -                     except: ch=99999.0
310 +                         ch = float(
311 +                             chla_ug_l(
312 +                                 flu,
313 +                                 chla_cal.dark if chla_cal else 49,
314 +                                 chla_cal.scale if chla_cal else 0.0073,
315 +                             )
316 +                         )
317 +                     except:
318 +                         ch = 99999.0
319 |                     try:
    -                         bb=float(bbp700_m1(beta, dark, scale, t, s))
    -                     except: bb=99999.0
    -                     flu_vals=np.append(flu_vals, flu)
    -                     beta_vals=np.append(beta_vals, beta)
    -                     chla_vals=np.append(chla_vals, ch)
    -                     bbp_vals=np.append(bbp_vals, bb)
    -                     fl_pres=np.append(fl_pres, float(r.pres_dbar))
320 +                         bb = float(bbp700_m1(beta, dark, scale, t, s))
321 +                     except:
322 +                         bb = 99999.0
323 +                     flu_vals = np.append(flu_vals, flu)
324 +                     beta_vals = np.append(beta_vals, beta)
325 +                     chla_vals = np.append(chla_vals, ch)
326 +                     bbp_vals = np.append(bbp_vals, bb)
327 +                     fl_pres = np.append(fl_pres, float(r.pres_dbar))
328 |             # O2 derivation
329 |             if o2_recs:
330 |                 for r in o2_recs:
    -                     c1=float(r.c1_phase_deg); c2=float(r.c2_phase_deg); t=float(r.temp_c)
331 +                     c1 = float(r.c1_phase_deg)
332 +                     c2 = float(r.c2_phase_deg)
333 +                     t = float(r.temp_c)
334 |                     try:
    -                         do=float(doxy_chain(c1,c2,t, doxy_cal) ) if doxy_cal else 200.0
    -                     except: do=200.0
    -                     c1_vals=np.append(c1_vals,c1); c2_vals=np.append(c2_vals,c2); td_vals=np.append(td_vals,t); doxy_vals=np.append(doxy_vals,do)
335 +                         do = float(doxy_chain(c1, c2, t, doxy_cal)) if doxy_cal else 200.0
336 +                     except:
337 +                         do = 200.0
338 +                     c1_vals = np.append(c1_vals, c1)
339 +                     c2_vals = np.append(c2_vals, c2)
340 +                     td_vals = np.append(td_vals, t)
341 +                     doxy_vals = np.append(doxy_vals, do)
342 |             # Build BR profile(s): per Argo we need 4 N_PROF split. Simplify: produce 4 profiles each with appropriate param availability
343 |             # Instead we produce 4 where two are core-pres-only (to satisfy R templates) but easiest is produce 4 profiles sharing same pres but different params.
344 |             # We'll produce profiles array length 4 with our derived data placed in profile 2 (O2) and 3 (FLBB)
345 |             # For now create two BR-relevant profiles
    -             br_profiles=[]
346 +             br_profiles = []
347 |             # derive shared pres: use ctd pres if exists else fl_pres
    -             if len(fl_pres)==0 and ctd_recs:
    -                 fl_pres=np.array([float(r.pres_dbar) for r in ctd_recs[:max(len(flu_vals),1)]], dtype=np.float32)
    -                 if len(fl_pres)<max(len(flu_vals),1):
    -                     fl_pres=np.pad(fl_pres, (0, max(len(flu_vals),1)-len(fl_pres)), constant_values=0)
    -             n_levels=max(len(flu_vals), len(c1_vals), 5)
348 +             if len(fl_pres) == 0 and ctd_recs:
349 +                 fl_pres = np.array(
350 +                     [float(r.pres_dbar) for r in ctd_recs[: max(len(flu_vals), 1)]],
351 +                     dtype=np.float32,
352 +                 )
353 +                 if len(fl_pres) < max(len(flu_vals), 1):
354 +                     fl_pres = np.pad(
355 +                         fl_pres, (0, max(len(flu_vals), 1) - len(fl_pres)), constant_values=0
356 +                     )
357 +             n_levels = max(len(flu_vals), len(c1_vals), 5)
358 +
359 |             # Ensure arrays length n_levels
360 |             def _pad(arr):
    -                 if len(arr)==0: return np.full((n_levels,), 99999., dtype=np.float32)
    -                 if len(arr)<n_levels: return np.pad(arr, (0,n_levels-len(arr)), constant_values=99999.)
361 +                 if len(arr) == 0:
362 +                     return np.full((n_levels,), 99999.0, dtype=np.float32)
363 +                 if len(arr) < n_levels:
364 +                     return np.pad(arr, (0, n_levels - len(arr)), constant_values=99999.0)
365 |                 return arr[:n_levels]
    -             flu_vals=_pad(flu_vals); beta_vals=_pad(beta_vals); chla_vals=_pad(chla_vals); bbp_vals=_pad(bbp_vals)
    -             c1_vals=_pad(c1_vals); c2_vals=_pad(c2_vals); td_vals=_pad(td_vals); doxy_vals=_pad(doxy_vals)
    -             pres_br=_pad(fl_pres if len(fl_pres)>=n_levels else (fl_pres if len(fl_pres) else np.linspace(0,100,n_levels)))
366 +
367 +             flu_vals = _pad(flu_vals)
368 +             beta_vals = _pad(beta_vals)
369 +             chla_vals = _pad(chla_vals)
370 +             bbp_vals = _pad(bbp_vals)
371 +             c1_vals = _pad(c1_vals)
372 +             c2_vals = _pad(c2_vals)
373 +             td_vals = _pad(td_vals)
374 +             doxy_vals = _pad(doxy_vals)
375 +             pres_br = _pad(
376 +                 fl_pres
377 +                 if len(fl_pres) >= n_levels
378 +                 else (fl_pres if len(fl_pres) else np.linspace(0, 100, n_levels))
379 +             )
380 |             # Create 4 profiles per BGC template (matching writer's 4)
381 |             for i in range(4):
    -                 base={"pres":pres_br.copy(),"juld":float(juld),"latitude":float(lat),"longitude":float(lon),"cycle_number":int(cyc),"direction":"A"}
    -                 if i==2: # O2
    -                     base.update({"c1phase":c1_vals,"c2phase":c2_vals,"temp_doxy":td_vals,"doxy":doxy_vals})
    -                 elif i==3: # FLBB
    -                     base.update({"fluorescence":flu_vals,"beta":beta_vals,"chla":chla_vals,"bbp":bbp_vals,"chla_fluorescence":chla_vals*0.1}) # dummy flourescence scaled
382 +                 base = {
383 +                     "pres": pres_br.copy(),
384 +                     "juld": float(juld),
385 +                     "latitude": float(lat),
386 +                     "longitude": float(lon),
387 +                     "cycle_number": int(cyc),
388 +                     "direction": "A",
389 +                 }
390 +                 if i == 2:  # O2
391 +                     base.update(
392 +                         {
393 +                             "c1phase": c1_vals,
394 +                             "c2phase": c2_vals,
395 +                             "temp_doxy": td_vals,
396 +                             "doxy": doxy_vals,
397 +                         }
398 +                     )
399 +                 elif i == 3:  # FLBB
400 +                     base.update(
401 +                         {
402 +                             "fluorescence": flu_vals,
403 +                             "beta": beta_vals,
404 +                             "chla": chla_vals,
405 +                             "bbp": bbp_vals,
406 +                             "chla_fluorescence": chla_vals * 0.1,
407 +                         }
408 +                     )  # dummy flourescence scaled
409 |                 br_profiles.append(base)
    -             inp=WriterInputs(wmo=wmo, decoder_version="PY-301-0.1.0", institution="IN", cycle=int(cyc), external_meta=external_meta, profiles=br_profiles)
    -             out_path=profiles_dir / f"BR{wmo}_{cyc:03d}.nc"
410 +             inp = WriterInputs(
411 +                 wmo=wmo,
412 +                 decoder_version="PY-301-0.1.0",
413 +                 institution="IN",
414 +                 cycle=int(cyc),
415 +                 external_meta=external_meta,
416 +                 profiles=br_profiles,
417 +             )
418 +             out_path = profiles_dir / f"BR{wmo}_{cyc:03d}.nc"
419 |             try:
    -                 p=write_profile(out_path, inp, is_bgc=True, profiles=br_profiles)
    -                 written.setdefault("profiles_br",[]).append(str(p))
420 +                 p = write_profile(out_path, inp, is_bgc=True, profiles=br_profiles)
421 +                 written.setdefault("profiles_br", []).append(str(p))
422 |             except Exception as e:
    -                 written.setdefault("errors",[]).append(f"BR {cyc} {e}")
423 +                 written.setdefault("errors", []).append(f"BR {cyc} {e}")
424 |
425 |     # Float-level products: meta/tech/rtraj
426 |     # meta
    -     meta_path=float_dir / f"{wmo}_meta.nc"
427 +     meta_path = float_dir / f"{wmo}_meta.nc"
428 |     try:
    -         write_meta(meta_path, WriterInputs(wmo=wmo, decoder_version="PY-301-0.1.0", institution="IN", external_meta=external_meta))
    -         written["meta"]=str(meta_path)
429 +         write_meta(
430 +             meta_path,
431 +             WriterInputs(
432 +                 wmo=wmo,
433 +                 decoder_version="PY-301-0.1.0",
434 +                 institution="IN",
435 +                 external_meta=external_meta,
436 +             ),
437 +         )
438 +         written["meta"] = str(meta_path)
439 |     except Exception as e:
    -         written.setdefault("errors",[]).append(f"meta {e}")
440 +         written.setdefault("errors", []).append(f"meta {e}")
441 |     # tech accumulating
442 |     try:
    -         ds_tech=build_cts4_tech_dataset(cycles_vt_for_tech, wmo=wmo)
443 +         ds_tech = build_cts4_tech_dataset(cycles_vt_for_tech, wmo=wmo)
444 |         # convert to writer records
    -         tech_recs=[{"name":r.name,"value":r.value,"cycle_number":r.cycle_number} for r in ds_tech.rows]
445 +         tech_recs = [
446 +             {"name": r.name, "value": r.value, "cycle_number": r.cycle_number} for r in ds_tech.rows
447 +         ]
448 |         # writer requires non-empty; if empty, we still want file with at least one dummy? But we skip if empty
449 |         if tech_recs:
    -             tech_path=float_dir / f"{wmo}_tech.nc"
    -             write_tech(tech_path, WriterInputs(wmo=wmo, decoder_version="PY-301-0.1.0", institution="IN", external_meta=external_meta), tech_records=tech_recs)
    -             written["tech"]=str(tech_path)
450 +             tech_path = float_dir / f"{wmo}_tech.nc"
451 +             write_tech(
452 +                 tech_path,
453 +                 WriterInputs(
454 +                     wmo=wmo,
455 +                     decoder_version="PY-301-0.1.0",
456 +                     institution="IN",
457 +                     external_meta=external_meta,
458 +                 ),
459 +                 tech_records=tech_recs,
460 +             )
461 +             written["tech"] = str(tech_path)
462 |         else:
463 |             # still write minimal tech with dummy if no rows to satisfy validation? But then need at least 1 row.
464 |             # Create single dummy row to avoid failure (marked DATA-COVERAGE)
    -             tech_recs=[{"name":"CLOCK_FloatTime_YYYYMMDDHHMMSS","value":external_meta.launch_date,"cycle_number":0}]
    -             tech_path=float_dir / f"{wmo}_tech.nc"
    -             write_tech(tech_path, WriterInputs(wmo=wmo, decoder_version="PY-301-0.1.0", institution="IN", external_meta=external_meta), tech_records=tech_recs)
    -             written["tech"]=str(tech_path)
465 +             tech_recs = [
466 +                 {
467 +                     "name": "CLOCK_FloatTime_YYYYMMDDHHMMSS",
468 +                     "value": external_meta.launch_date,
469 +                     "cycle_number": 0,
470 +                 }
471 +             ]
472 +             tech_path = float_dir / f"{wmo}_tech.nc"
473 +             write_tech(
474 +                 tech_path,
475 +                 WriterInputs(
476 +                     wmo=wmo,
477 +                     decoder_version="PY-301-0.1.0",
478 +                     institution="IN",
479 +                     external_meta=external_meta,
480 +                 ),
481 +                 tech_records=tech_recs,
482 +             )
483 +             written["tech"] = str(tech_path)
484 |     except Exception as e:
    -         written.setdefault("errors",[]).append(f"tech {e}")
485 +         written.setdefault("errors", []).append(f"tech {e}")
486 |     # Rtraj accumulating
487 |     try:
    -         ds_rtraj=build_cts4_rtraj_dataset(cycles_vt_for_traj, wmo=wmo, launch_lat=external_meta.launch_latitude, launch_lon=external_meta.launch_longitude, launch_juld=launch_juld)
    -         rtraj_path=float_dir / f"{wmo}_Rtraj.nc"
488 +         ds_rtraj = build_cts4_rtraj_dataset(
489 +             cycles_vt_for_traj,
490 +             wmo=wmo,
491 +             launch_lat=external_meta.launch_latitude,
492 +             launch_lon=external_meta.launch_longitude,
493 +             launch_juld=launch_juld,
494 +         )
495 +         rtraj_path = float_dir / f"{wmo}_Rtraj.nc"
496 |         write_cts4_rtraj(rtraj_path, ds_rtraj, external_meta, institution="IN")
    -         written["rtraj"]=str(rtraj_path)
497 +         written["rtraj"] = str(rtraj_path)
498 |     except Exception as e:
    -         written.setdefault("errors",[]).append(f"rtraj {e}")
499 +         written.setdefault("errors", []).append(f"rtraj {e}")
500 |     return written
    |

unformatted: File would be reformatted
   --> src/argo_decoder/platforms/provor_cts4_ir_sbd/rtraj_build.py:218:32
    |
217 |             if kind == "CTD" and a.temp is not None and a.ctd_juld is not None:
    -                 row = RtrajRow(cycle, 590, juld=a.ctd_juld, juld_status="2",
    -                                juld_qc="1",
    -                                pres=(a.ctd_pres if a.ctd_pres is not None
    -                                      else POS_FILL))
218 +                 row = RtrajRow(
219 +                     cycle,
220 +                     590,
221 +                     juld=a.ctd_juld,
222 +                     juld_status="2",
223 +                     juld_qc="1",
224 +                     pres=(a.ctd_pres if a.ctd_pres is not None else POS_FILL),
225 +                 )
226 |                 row.params["TEMP"] = a.temp
227 |                 if a.psal is not None:
228 |                     row.params["PSAL"] = a.psal
    -             elif (kind == "DOXY" and a.doxy is not None
    -                   and a.o2_juld is not None):
    -                 row = RtrajRow(cycle, 590, juld=a.o2_juld, juld_status="2",
    -                                juld_qc="1",
    -                                pres=(a.o2_pres if a.o2_pres is not None
    -                                      else POS_FILL))
229 +             elif kind == "DOXY" and a.doxy is not None and a.o2_juld is not None:
230 +                 row = RtrajRow(
231 +                     cycle,
232 +                     590,
233 +                     juld=a.o2_juld,
234 +                     juld_status="2",
235 +                     juld_qc="1",
236 +                     pres=(a.o2_pres if a.o2_pres is not None else POS_FILL),
237 +                 )
238 |                 row.params["DOXY"] = a.doxy
239 |             elif kind == "FL" and a.chla is not None and a.fl_juld is not None:
    -                 row = RtrajRow(cycle, 590, juld=a.fl_juld, juld_status="2",
    -                                juld_qc="1",
    -                                pres=(a.fl_pres if a.fl_pres is not None
    -                                      else POS_FILL))
240 +                 row = RtrajRow(
241 +                     cycle,
242 +                     590,
243 +                     juld=a.fl_juld,
244 +                     juld_status="2",
245 +                     juld_qc="1",
246 +                     pres=(a.fl_pres if a.fl_pres is not None else POS_FILL),
247 +                 )
248 |                 row.params["CHLA"] = a.chla
--------------------------------------------------------------------------------
296 |             if kind == "O2" and ps.doxy is not None and ps.o2_juld is not None:
    -                 row = RtrajRow(cycle, 290, juld=ps.o2_juld, juld_status="2",
    -                                juld_qc="1",
    -                                pres=(ps.o2_pres if ps.o2_pres is not None
    -                                      else POS_FILL))
297 +                 row = RtrajRow(
298 +                     cycle,
299 +                     290,
300 +                     juld=ps.o2_juld,
301 +                     juld_status="2",
302 +                     juld_qc="1",
303 +                     pres=(ps.o2_pres if ps.o2_pres is not None else POS_FILL),
304 +                 )
305 |                 row.params["DOXY"] = ps.doxy
    -             elif (kind == "FL" and ps.chla is not None
    -                   and ps.fl_juld is not None):
    -                 row = RtrajRow(cycle, 290, juld=ps.fl_juld, juld_status="2",
    -                                juld_qc="1",
    -                                pres=(ps.fl_pres if ps.fl_pres is not None
    -                                      else POS_FILL))
306 +             elif kind == "FL" and ps.chla is not None and ps.fl_juld is not None:
307 +                 row = RtrajRow(
308 +                     cycle,
309 +                     290,
310 +                     juld=ps.fl_juld,
311 +                     juld_status="2",
312 +                     juld_qc="1",
313 +                     pres=(ps.fl_pres if ps.fl_pres is not None else POS_FILL),
314 +                 )
315 |                 row.params["CHLA"] = ps.chla
316 |                 if ps.bbp700 is not None:
317 |                     row.params["BBP700"] = ps.bbp700
    -             elif (kind == "CTD" and ps.temp is not None
    -                   and ps.ctd_juld is not None):
    -                 row = RtrajRow(cycle, 290, juld=ps.ctd_juld, juld_status="2",
    -                                juld_qc="1",
    -                                pres=(ps.ctd_pres if ps.ctd_pres is not None
    -                                      else POS_FILL))
318 +             elif kind == "CTD" and ps.temp is not None and ps.ctd_juld is not None:
319 +                 row = RtrajRow(
320 +                     cycle,
321 +                     290,
322 +                     juld=ps.ctd_juld,
323 +                     juld_status="2",
324 +                     juld_qc="1",
325 +                     pres=(ps.ctd_pres if ps.ctd_pres is not None else POS_FILL),
326 +                 )
327 |                 row.params["TEMP"] = ps.temp
--------------------------------------------------------------------------------
335 |
    - def launch_row(
    -     launch_juld: float, launch_lat: float, launch_lon: float
    - ) -> RtrajRow:
336 + def launch_row(launch_juld: float, launch_lat: float, launch_lon: float) -> RtrajRow:
337 |     """MC 0 at cycle 0 (GDAC 2902086: status 4, position from metadata).
--------------------------------------------------------------------------------
405 |     if park_repr_pres is not None:
    -         row = RtrajRow(cycle, 301, juld_status=" ", juld_qc=" ",
    -                        pres=float(park_repr_pres))
406 +         row = RtrajRow(cycle, 301, juld_status=" ", juld_qc=" ", pres=float(park_repr_pres))
407 |         row.params.update(park_repr_params or {})
--------------------------------------------------------------------------------
419 |             juld = clock.sample_juld(anchors[mc], s.reltime_min)
    -             rows.append(RtrajRow(cycle, mc, juld=juld, juld_status="2",
    -                                  juld_qc="1", pres=s.pressure_bar * 10.0))
420 +             rows.append(
421 +                 RtrajRow(
422 +                     cycle, mc, juld=juld, juld_status="2", juld_qc="1", pres=s.pressure_bar * 10.0
423 +                 )
424 +             )
425 |             if s.phase == 9:
--------------------------------------------------------------------------------
451 |         hit = None
    -         for a in (ascent_samples or []):
    -             for pres, juld in ((a.ctd_pres, a.ctd_juld),
    -                                (a.o2_pres, a.o2_juld),
    -                                (a.fl_pres, a.fl_juld)):
452 +         for a in ascent_samples or []:
453 +             for pres, juld in (
454 +                 (a.ctd_pres, a.ctd_juld),
455 +                 (a.o2_pres, a.o2_juld),
456 +                 (a.fl_pres, a.fl_juld),
457 +             ):
458 |                 if pres is None or juld is None:
459 |                     continue
    -                 if (abs(float(pres) - target) < 0.05
    -                         and (hit is None or float(juld) > hit)):
460 +                 if abs(float(pres) - target) < 0.05 and (hit is None or float(juld) > hit):
461 |                     hit = float(juld)
462 |         if hit is not None:
    -             rows.append(RtrajRow(
    -                 cycle, 503, juld=hit,
    -                 juld_status="2", juld_qc="1", pres=target,
    -             ))
463 +             rows.append(
464 +                 RtrajRow(
465 +                     cycle,
466 +                     503,
467 +                     juld=hit,
468 +                     juld_status="2",
469 +                     juld_qc="1",
470 +                     pres=target,
471 +                 )
472 +             )
473 |         elif phase9:
--------------------------------------------------------------------------------
482 |                     frac = 0.0 if abs(span) < 1e-12 else (p_lo - target) / span
    -                     reltime = float(lo.reltime_min) + frac * float(
    -                         hi.reltime_min - lo.reltime_min)
483 +                     reltime = float(lo.reltime_min) + frac * float(hi.reltime_min - lo.reltime_min)
484 |                     break
485 |             else:
    -                 reltime = float(
    -                     max(ordered, key=lambda s: s.pressure_bar).reltime_min)
    -             rows.append(RtrajRow(
    -                 cycle, 503,
    -                 juld=clock.sample_juld(anchors[589], reltime),
    -                 juld_status="2", juld_qc="1", pres=target,
    -             ))
486 +                 reltime = float(max(ordered, key=lambda s: s.pressure_bar).reltime_min)
487 +             rows.append(
488 +                 RtrajRow(
489 +                     cycle,
490 +                     503,
491 +                     juld=clock.sample_juld(anchors[589], reltime),
492 +                     juld_status="2",
493 +                     juld_qc="1",
494 +                     pres=target,
495 +                 )
496 +             )
497 |     elif deepest is not None:
498 |         # No binned profile available (e.g. BGC-only cycle): fall back to the
499 |         # deepest raw phase-9 sample rather than fabricating a bin.
    -         rows.append(RtrajRow(
    -             cycle, 503,
    -             juld=clock.sample_juld(anchors[589], deepest[0]),
    -             juld_status="2", juld_qc="1", pres=deepest[1] * 10.0,
    -         ))
500 +         rows.append(
501 +             RtrajRow(
502 +                 cycle,
503 +                 503,
504 +                 juld=clock.sample_juld(anchors[589], deepest[0]),
505 +                 juld_status="2",
506 +                 juld_qc="1",
507 +                 pres=deepest[1] * 10.0,
508 +             )
509 +         )
510 |     # Closing surface pump action of the ascent series: GDAC appends one
511 |     # MC 589 row at (ascent_end, 0 dbar) beyond the 252 phase-9 window —
512 |     # reproduced here from the first-party 253 ascent_end field (verified
513 |     # 16/16 cycles on 2902086).
    -     rows.append(RtrajRow(cycle, 589, juld=clock.ascent_end(vt),
    -                          juld_status="2", juld_qc="1", pres=0.0))
514 +     rows.append(
515 +         RtrajRow(cycle, 589, juld=clock.ascent_end(vt), juld_status="2", juld_qc="1", pres=0.0)
516 +     )
517 |
--------------------------------------------------------------------------------
538 |     if last_ascent_ctd_pres is not None:
    -         row = RtrajRow(cycle, 599, juld_status=" ", juld_qc=" ",
    -                        pres=float(last_ascent_ctd_pres))
539 +         row = RtrajRow(cycle, 599, juld_status=" ", juld_qc=" ", pres=float(last_ascent_ctd_pres))
540 |         if last_ascent_ctd_sample is not None:
--------------------------------------------------------------------------------
580 |     session: list[VectorTech] = [
    -         v for v in vt_all
    -         if _anchor is None or floattime_juld(v.time) >= _anchor
581 +         v for v in vt_all if _anchor is None or floattime_juld(v.time) >= _anchor
582 |     ]
--------------------------------------------------------------------------------
586 |     if fts:
    -         rows.append(RtrajRow(cycle, 700, juld=fts[0], juld_status="3",
    -                              juld_qc="1"))
587 +         rows.append(RtrajRow(cycle, 700, juld=fts[0], juld_status="3", juld_qc="1"))
588 |     _fix_list: list[tuple[float, tuple[float, float]]] = []
--------------------------------------------------------------------------------
596 |     if fixes:
    -         rows.append(RtrajRow(cycle, 702, juld=fixes[0][0], juld_status="4",
    -                              juld_qc="1"))
597 +         rows.append(RtrajRow(cycle, 702, juld=fixes[0][0], juld_status="4", juld_qc="1"))
598 |         for juld, (lat, lon) in fixes:
--------------------------------------------------------------------------------
606 |             # table-5 field.
    -             rows.append(RtrajRow(cycle, 703, juld=juld, juld_status="4",
    -                                  juld_qc="1", latitude=lat, longitude=lon,
    -                                  position_qc="1", position_accuracy="G"))
    -         rows.append(RtrajRow(cycle, 704, juld=fixes[-1][0], juld_status="4",
    -                              juld_qc="1"))
607 +             rows.append(
608 +                 RtrajRow(
609 +                     cycle,
610 +                     703,
611 +                     juld=juld,
612 +                     juld_status="4",
613 +                     juld_qc="1",
614 +                     latitude=lat,
615 +                     longitude=lon,
616 +                     position_qc="1",
617 +                     position_accuracy="G",
618 +                 )
619 +             )
620 +         rows.append(RtrajRow(cycle, 704, juld=fixes[-1][0], juld_status="4", juld_qc="1"))
621 |     else:
--------------------------------------------------------------------------------
655 |         # transmission window (see build_transmission_rows).
    -         _next_vt_all = (vectors_by_cycle[_ordered_cycles[_ci + 1]]
    -                         if _ci + 1 < len(_ordered_cycles) else None)
656 +         _next_vt_all = (
657 +             vectors_by_cycle[_ordered_cycles[_ci + 1]] if _ci + 1 < len(_ordered_cycles) else None
658 +         )
659 |         # Representative VT for event fields: the phase-12 (session-2) packet
660 |         # carries the completed-cycle counters; fall back to any packet.
661 |         vt = next((v for v in vt_all if v.phase == 12), vt_all[0])
662 |         park = park_by_cycle.get(cycle)
    -         rows.extend(build_cycle_rows(
    -             cycle, vt, pressure_by_cycle.get(cycle, []), clock,
    -             park_repr_params=park[1] if park else None,
    -             park_repr_pres=park[0] if park else None,
    -             last_ascent_ctd_pres=last_ctd_pres_by_cycle.get(cycle),
    -             park_samples=park_samples_by_cycle.get(cycle),
    -             ascent_samples=ascent_samples_by_cycle.get(cycle),
    -             prof_deepest_pres_dbar=prof_deepest_pres_by_cycle.get(cycle),
    -             last_ascent_ctd_sample=last_ascent_ctd_sample_by_cycle.get(cycle),
    -         ))
663 +         rows.extend(
664 +             build_cycle_rows(
665 +                 cycle,
666 +                 vt,
667 +                 pressure_by_cycle.get(cycle, []),
668 +                 clock,
669 +                 park_repr_params=park[1] if park else None,
670 +                 park_repr_pres=park[0] if park else None,
671 +                 last_ascent_ctd_pres=last_ctd_pres_by_cycle.get(cycle),
672 +                 park_samples=park_samples_by_cycle.get(cycle),
673 +                 ascent_samples=ascent_samples_by_cycle.get(cycle),
674 +                 prof_deepest_pres_dbar=prof_deepest_pres_by_cycle.get(cycle),
675 +                 last_ascent_ctd_sample=last_ascent_ctd_sample_by_cycle.get(cycle),
676 +             )
677 +         )
678 |         rows.extend(build_transmission_rows(cycle, vt_all, _next_vt_all))
--------------------------------------------------------------------------------
813 |         _anchor = floattime_juld(_own12.time) if _own12 is not None else None
    -         _session = [
    -             v for v in vt_all
    -             if _anchor is None or floattime_juld(v.time) >= _anchor
    -         ]
814 +         _session = [v for v in vt_all if _anchor is None or floattime_juld(v.time) >= _anchor]
815 |         _nxt = vectors_by_cycle[_cycles[_ci + 1]] if _ci + 1 < len(_cycles) else None
816 |         if _nxt:
817 |             _session.extend(v for v in _nxt if v.phase == 1)
818 |         fts = sorted(floattime_juld(v.time) for v in _session)
    -         fixes = sorted(floattime_juld(v.time) for v in _session
    -                        if v.gps_valid == 1 and v.gps_position() is not None)
819 +         fixes = sorted(
820 +             floattime_juld(v.time)
821 +             for v in _session
822 +             if v.gps_valid == 1 and v.gps_position() is not None
823 +         )
824 |         s = Cts4RtrajCycleSummary(
    |

unformatted: File would be reformatted
   --> src/argo_decoder/platforms/provor_cts4_ir_sbd/tech.py:231:81
    |
230 |             return None
    -         lat = gps_decimal(self.gps_lat_deg, self.gps_lat_min, self.gps_lat_frac,
    -                           self.gps_lat_hem)
    -         lon = gps_decimal(self.gps_lon_deg, self.gps_lon_min, self.gps_lon_frac,
    -                           self.gps_lon_hem)
231 +         lat = gps_decimal(self.gps_lat_deg, self.gps_lat_min, self.gps_lat_frac, self.gps_lat_hem)
232 +         lon = gps_decimal(self.gps_lon_deg, self.gps_lon_min, self.gps_lon_frac, self.gps_lon_hem)
233 |         return (lat, lon)
--------------------------------------------------------------------------------
254 |         # 21 02 0e 03 39 09. Field names below are the TRUE components.
    -         time=FloatTime(yy=raw[3], mm=raw[2], dd=raw[1], hh=raw[4], mi=raw[5],
    -                        ss=raw[6]),
255 +         time=FloatTime(yy=raw[3], mm=raw[2], dd=raw[1], hh=raw[4], mi=raw[5], ss=raw[6]),
256 |         serial=u16(7),
--------------------------------------------------------------------------------
557 |         zone = CtdFree(
    -             offset_p=offset_p, p_sub=p_sub, t_sub=t_sub, s_sub=s_sub,
558 +             offset_p=offset_p,
559 +             p_sub=p_sub,
560 +             t_sub=t_sub,
561 +             s_sub=s_sub,
562 |             spare=bytes(free[16:]),
--------------------------------------------------------------------------------
571 |         zone = FlbbFree(
    -             serial=serial, scale_chl=scale_chl, dark_chl=dark_chl,
    -             scale_bb=scale_bb, dark_bb=dark_bb, scale_chl_2=scale_chl_2,
572 +             serial=serial,
573 +             scale_chl=scale_chl,
574 +             dark_chl=dark_chl,
575 +             scale_bb=scale_bb,
576 +             dark_bb=dark_bb,
577 +             scale_chl_2=scale_chl_2,
578 |             spare=bytes(free[18:]),
    |

unformatted: File would be reformatted
   --> src/argo_decoder/platforms/provor_cts4_ir_sbd/tech_build.py:157:55
    |
156 |
    -     dt = datetime(1950, 1, 1, tzinfo=UTC) + timedelta(
    -         days=clock.juld(day, hour_minutes)
    -     )
157 +     dt = datetime(1950, 1, 1, tzinfo=UTC) + timedelta(days=clock.juld(day, hour_minutes))
158 |     return dt.strftime("%Y%m%d%H%M%S")
--------------------------------------------------------------------------------
202 |     values: list[str] = []
    -     values.extend(ctd[:15])                                   # 1-15
    -     values.append(ctd_free_offset)                            # 16
    -     values.append(NONE if last_ascent_ctd_pres is None
    -                   else f"{last_ascent_ctd_pres:.4f}")         # 17
    -     values.extend(opt[:15])                                   # 18-32
    -     values.extend(flb[:15])                                   # 33-47
203 +     values.extend(ctd[:15])  # 1-15
204 +     values.append(ctd_free_offset)  # 16
205 +     values.append(NONE if last_ascent_ctd_pres is None else f"{last_ascent_ctd_pres:.4f}")  # 17
206 +     values.extend(opt[:15])  # 18-32
207 +     values.extend(flb[:15])  # 33-47
208 |     ft = vt.time
    -     values.append(f"{2000 + ft.yy:04d}{ft.mm:02d}{ft.dd:02d}"
    -                   f"{ft.hh:02d}{ft.mi:02d}{ft.ss:02d}")       # 48
    -     values.append(str(vt.total_profiles))                     # 49
    -     values.append(str(vt.cycle))                              # 50
    -     values.append(str(vt.profile))                            # 51
    -     values.append(str(vt.cycle_start_day))                    # 52
    -     values.append(_hhmm(vt.cycle_start_hour))                 # 53
    -     values.append(_abs_stamp(clock, vt.cycle_start_day,
    -                              vt.cycle_start_hour))            # 54
    -     values.append(str(vt.dialog_errors))                      # 55
    -     values.append(str(vt.timeout_fp))                         # 56
    -     values.append(str(vt.vacuum_raw * 5))                     # 57
    -     values.append(f"{(150 - vt.battery_raw) / 10:g}")         # 58
209 +     values.append(
210 +         f"{2000 + ft.yy:04d}{ft.mm:02d}{ft.dd:02d}{ft.hh:02d}{ft.mi:02d}{ft.ss:02d}"
211 +     )  # 48
212 +     values.append(str(vt.total_profiles))  # 49
213 +     values.append(str(vt.cycle))  # 50
214 +     values.append(str(vt.profile))  # 51
215 +     values.append(str(vt.cycle_start_day))  # 52
216 +     values.append(_hhmm(vt.cycle_start_hour))  # 53
217 +     values.append(_abs_stamp(clock, vt.cycle_start_day, vt.cycle_start_hour))  # 54
218 +     values.append(str(vt.dialog_errors))  # 55
219 +     values.append(str(vt.timeout_fp))  # 56
220 +     values.append(str(vt.vacuum_raw * 5))  # 57
221 +     values.append(f"{(150 - vt.battery_raw) / 10:g}")  # 58
222 |     # 59: the 253 field is the RTC *error* indicator, but the published Argo
--------------------------------------------------------------------------------
231 |     # our decoded timestamps match the GDAC bit-exactly.
    -     values.append("0" if vt.rtc else "1")                     # 59 (inverted)
    -     values.append(str(vt.buoy_start_day))                     # 60
    -     values.append(_hhmm(vt.buoy_start_hour))                  # 61
    -     values.append(str(vt.ev_timing_min))                      # 62
    -     values.append(str(vt.n_valve_surface))                    # 63
    -     values.append(str(vt.park_desc_start_day))                # 64
    -     values.append(_hhmm(vt.park_desc_start_hour))             # 65
    -     values.append(str(vt.stab_day))                           # 66
    -     values.append(_hhmm(vt.stab_hour))                        # 67
    -     values.append(str(vt.park_desc_end_day))                  # 68
    -     values.append(_hhmm(vt.park_desc_end_hour))               # 69
    -     values.append(str(vt.n_valve_desc_park))                  # 70
    -     values.append(str(vt.n_pump_desc_park))                   # 71
    -     values.append(str(vt.n_entries_park))                     # 72
    -     values.append(str(vt.n_repos_park))                       # 73
    -     values.append(str(vt.n_valve_park))                       # 74
    -     values.append(str(vt.n_pump_park))                        # 75
    -     values.append(str(vt.prof_desc_start_day))                # 76
    -     values.append(_hhmm(vt.prof_desc_start_hour))             # 77
    -     values.append(str(vt.prof_desc_end_day))                  # 78
    -     values.append(_hhmm(vt.prof_desc_end_hour))               # 79
    -     values.append(str(vt.n_valve_desc_prof))                  # 80
    -     values.append(str(vt.n_pump_desc_prof))                   # 81
    -     values.append(str(vt.n_entries_prof))                     # 82
    -     values.append(str(vt.n_repos_prof))                       # 83
    -     values.append(str(vt.n_valve_drift_prof))                 # 84
    -     values.append(str(vt.n_pump_drift_prof))                  # 85
    -     values.append(str(vt.ascent_start_day))                   # 86
    -     values.append(_hhmm(vt.ascent_start_hour))                # 87
    -     values.append(str(vt.ascent_end_day))                     # 88
    -     values.append(_hhmm(vt.ascent_end_hour))                  # 89
    -     values.append(_abs_stamp(clock, vt.ascent_end_day,
    -                              vt.ascent_end_hour))             # 90
    -     values.append(str(vt.n_pump_ascent))                      # 91
    -     values.append(str(vt.n_emergency))                        # 92
    -     values.append(str(vt.remote_rx))                          # 93
    -     values.append(str(vt.remote_rej))                         # 94
232 +     values.append("0" if vt.rtc else "1")  # 59 (inverted)
233 +     values.append(str(vt.buoy_start_day))  # 60
234 +     values.append(_hhmm(vt.buoy_start_hour))  # 61
235 +     values.append(str(vt.ev_timing_min))  # 62
236 +     values.append(str(vt.n_valve_surface))  # 63
237 +     values.append(str(vt.park_desc_start_day))  # 64
238 +     values.append(_hhmm(vt.park_desc_start_hour))  # 65
239 +     values.append(str(vt.stab_day))  # 66
240 +     values.append(_hhmm(vt.stab_hour))  # 67
241 +     values.append(str(vt.park_desc_end_day))  # 68
242 +     values.append(_hhmm(vt.park_desc_end_hour))  # 69
243 +     values.append(str(vt.n_valve_desc_park))  # 70
244 +     values.append(str(vt.n_pump_desc_park))  # 71
245 +     values.append(str(vt.n_entries_park))  # 72
246 +     values.append(str(vt.n_repos_park))  # 73
247 +     values.append(str(vt.n_valve_park))  # 74
248 +     values.append(str(vt.n_pump_park))  # 75
249 +     values.append(str(vt.prof_desc_start_day))  # 76
250 +     values.append(_hhmm(vt.prof_desc_start_hour))  # 77
251 +     values.append(str(vt.prof_desc_end_day))  # 78
252 +     values.append(_hhmm(vt.prof_desc_end_hour))  # 79
253 +     values.append(str(vt.n_valve_desc_prof))  # 80
254 +     values.append(str(vt.n_pump_desc_prof))  # 81
255 +     values.append(str(vt.n_entries_prof))  # 82
256 +     values.append(str(vt.n_repos_prof))  # 83
257 +     values.append(str(vt.n_valve_drift_prof))  # 84
258 +     values.append(str(vt.n_pump_drift_prof))  # 85
259 +     values.append(str(vt.ascent_start_day))  # 86
260 +     values.append(_hhmm(vt.ascent_start_hour))  # 87
261 +     values.append(str(vt.ascent_end_day))  # 88
262 +     values.append(_hhmm(vt.ascent_end_hour))  # 89
263 +     values.append(_abs_stamp(clock, vt.ascent_end_day, vt.ascent_end_hour))  # 90
264 +     values.append(str(vt.n_pump_ascent))  # 91
265 +     values.append(str(vt.n_emergency))  # 92
266 +     values.append(str(vt.remote_rx))  # 93
267 +     values.append(str(vt.remote_rej))  # 94
268 |     # 95 FLAG_SensorBoardStatus_NUMBER — 253 byte 106 "Show mode Sensor Board
--------------------------------------------------------------------------------
273 |     # what INCOIS publishes on 2902093 cycles 45-53.
    -     values.append(str(vt.show_sensor))                        # 95
274 +     values.append(str(vt.show_sensor))  # 95
275 |
276 |     if len(values) != len(TECH_ROW_NAMES):
    -         raise AssertionError(
    -             f"tech row drift: {len(values)} values vs "
    -             f"{len(TECH_ROW_NAMES)} names"
    -         )
    -     return [TechRow(cycle, n, v)
    -             for n, v in zip(TECH_ROW_NAMES, values, strict=True)]
277 +         raise AssertionError(f"tech row drift: {len(values)} values vs {len(TECH_ROW_NAMES)} names")
278 +     return [TechRow(cycle, n, v) for n, v in zip(TECH_ROW_NAMES, values, strict=True)]
    |

unformatted: File would be reformatted
    --> src/argo_decoder/rtqc/cts4.py:159:10
     |
158  | BBP_BINS_LOWER_DBAR: tuple[float, ...] = (
     -     50.0, 156.0, 261.0, 367.0, 472.0, 578.0, 683.0, 789.0, 894.0, 1000.0,
159  +     50.0,
160  +     156.0,
161  +     261.0,
162  +     367.0,
163  +     472.0,
164  +     578.0,
165  +     683.0,
166  +     789.0,
167  +     894.0,
168  +     1000.0,
169  | )
170  | _BBP_MIN_N_PERBIN = 1
171  |
172  | #: Test 2 (high deep value).
     - BBP_HIGH_DEEP_VALUE = 0.0005      # m-1
173  + BBP_HIGH_DEEP_VALUE = 0.0005  # m-1
174  | BBP_DEEP_VALUE_PRES_DBAR = 700.0  # dbar
--------------------------------------------------------------------------------
182  | BBP_NOISY_PRES_DBAR = 100.0
     - BBP_NOISY_RES = 0.0005            # m-1
183  + BBP_NOISY_RES = 0.0005  # m-1
184  | BBP_MAX_PCT_OUTLIER = 10.0
--------------------------------------------------------------------------------
190  | BBP_HOOK_DELTA_PRES2_DBAR = 20.0
     - BBP_HOOK_DEV = 0.0002             # m-1
191  + BBP_HOOK_DEV = 0.0002  # m-1
192  |
--------------------------------------------------------------------------------
357  |     # name; the rest need it to look up their per-parameter table.
     -     for test_number, fn in ((6, global_range_test), (9, spike_test),
     -                             (11, gradient_test), (12, digit_rollover_test),
     -                             (13, stuck_value_test)):
358  +     for test_number, fn in (
359  +         (6, global_range_test),
360  +         (9, spike_test),
361  +         (11, gradient_test),
362  +         (12, digit_rollover_test),
363  +         (13, stuck_value_test),
364  +     ):
365  |         if fn is stuck_value_test:
--------------------------------------------------------------------------------
383  |         failed.add(57)  # test 57 "fails" by construction: raw DOXY is not good
     -         flags[ok] = _worsen(flags[ok], np.full(int(ok.sum()),
     -                                                int(QcFlag.PROBABLY_BAD),
     -                                                dtype=np.int8))
384  +         flags[ok] = _worsen(
385  +             flags[ok], np.full(int(ok.sum()), int(QcFlag.PROBABLY_BAD), dtype=np.int8)
386  +         )
387  |         if pres_qc is not None or temp_qc is not None:
388  |             bad_input = np.zeros(n, dtype=bool)
389  |             for src in (pres_qc, temp_qc):
390  |                 if src is not None:
     -                     bad_input |= (np.asarray(src).astype(int) == int(QcFlag.BAD))
391  +                     bad_input |= np.asarray(src).astype(int) == int(QcFlag.BAD)
392  |             promote = bad_input & ok
393  |             if promote.any():
     -                 flags[promote] = _worsen(flags[promote],
     -                                          np.full(int(promote.sum()),
     -                                                  int(QcFlag.BAD), dtype=np.int8))
394  +                 flags[promote] = _worsen(
395  +                     flags[promote], np.full(int(promote.sum()), int(QcFlag.BAD), dtype=np.int8)
396  +                 )
397  |         if psal_qc is not None:
--------------------------------------------------------------------------------
430  |
     -     outcome = global_range_test("CHLA", pres, values,
     -                            vmin=BGC_GLOBAL_RANGE["CHLA"][0],
     -                            vmax=BGC_GLOBAL_RANGE["CHLA"][1])
431  +     outcome = global_range_test(
432  +         "CHLA", pres, values, vmin=BGC_GLOBAL_RANGE["CHLA"][0], vmax=BGC_GLOBAL_RANGE["CHLA"][1]
433  +     )
434  |     flags = _worsen(flags, outcome.per_level)
--------------------------------------------------------------------------------
446  |     failed.add(63)  # test 63 "fails" by construction: raw CHLA is not good
     -     flags[ok] = _worsen(flags[ok], np.full(int(ok.sum()),
     -                                            int(QcFlag.PROBABLY_BAD),
     -                                            dtype=np.int8))
447  +     flags[ok] = _worsen(flags[ok], np.full(int(ok.sum()), int(QcFlag.PROBABLY_BAD), dtype=np.int8))
448  |
--------------------------------------------------------------------------------
473  |
     -     outcome = global_range_test("CHLA_FLUORESCENCE", pres, values,
     -                            vmin=BGC_GLOBAL_RANGE["CHLA_FLUORESCENCE"][0],
     -                            vmax=BGC_GLOBAL_RANGE["CHLA_FLUORESCENCE"][1])
474  +     outcome = global_range_test(
475  +         "CHLA_FLUORESCENCE",
476  +         pres,
477  +         values,
478  +         vmin=BGC_GLOBAL_RANGE["CHLA_FLUORESCENCE"][0],
479  +         vmax=BGC_GLOBAL_RANGE["CHLA_FLUORESCENCE"][1],
480  +     )
481  |     flags = _worsen(flags, outcome.per_level)
--------------------------------------------------------------------------------
500  | # ---------------------------------------------------------------------------
     - def _bbp_missing_data(pres: np.ndarray, values: np.ndarray, ok: np.ndarray,
     -                       flags: np.ndarray, failed: set[int]) -> np.ndarray:
501  + def _bbp_missing_data(
502  +     pres: np.ndarray, values: np.ndarray, ok: np.ndarray, flags: np.ndarray, failed: set[int]
503  + ) -> np.ndarray:
504  |     """BBP test 62.1, missing data."""
--------------------------------------------------------------------------------
522  |
     - def _bbp_high_deep_value(pres: np.ndarray, values: np.ndarray, ok: np.ndarray,
     -                          flags: np.ndarray, failed: set[int]) -> np.ndarray:
523  + def _bbp_high_deep_value(
524  +     pres: np.ndarray, values: np.ndarray, ok: np.ndarray, flags: np.ndarray, failed: set[int]
525  + ) -> np.ndarray:
526  |     """BBP test 62.2, high deep value."""
--------------------------------------------------------------------------------
540  |
     - def _bbp_negative(pres: np.ndarray, values: np.ndarray, ok: np.ndarray,
     -                   flags: np.ndarray, failed: set[int]) -> np.ndarray:
541  + def _bbp_negative(
542  +     pres: np.ndarray, values: np.ndarray, ok: np.ndarray, flags: np.ndarray, failed: set[int]
543  + ) -> np.ndarray:
544  |     """BBP test 62.3, negative BBP."""
545  |     shallow_neg = ok & (pres < BBP_NEGATIVE_PRES_DBAR) & (values < 0.0)
546  |     if shallow_neg.any():
547  |         failed.add(62)
     -         flags = _worsen(flags, np.where(
     -             shallow_neg, int(QcFlag.BAD), int(QcFlag.NO_QC)).astype(np.int8))
548  +         flags = _worsen(
549  +             flags, np.where(shallow_neg, int(QcFlag.BAD), int(QcFlag.NO_QC)).astype(np.int8)
550  +         )
551  |     deep_mask = ok & (pres >= BBP_NEGATIVE_PRES_DBAR)
--------------------------------------------------------------------------------
564  |
     - def _bbp_noisy(pres: np.ndarray, values: np.ndarray, ok: np.ndarray,
     -                flags: np.ndarray, failed: set[int]) -> np.ndarray:
565  + def _bbp_noisy(
566  +     pres: np.ndarray, values: np.ndarray, ok: np.ndarray, flags: np.ndarray, failed: set[int]
567  + ) -> np.ndarray:
568  |     """BBP test 62.4, noisy profile."""
--------------------------------------------------------------------------------
583  |
     - def _bbp_parking_hook(pres: np.ndarray, values: np.ndarray, ok: np.ndarray,
     -                       flags: np.ndarray, failed: set[int],
     -                       park_pres: float | None) -> np.ndarray:
584  + def _bbp_parking_hook(
585  +     pres: np.ndarray,
586  +     values: np.ndarray,
587  +     ok: np.ndarray,
588  +     flags: np.ndarray,
589  +     failed: set[int],
590  +     park_pres: float | None,
591  + ) -> np.ndarray:
592  |     """BBP test 62.5, parking hook (ascending profiles only)."""
--------------------------------------------------------------------------------
604  |         return flags
     -     band = ok & (pres >= max_pres - BBP_HOOK_DELTA_PRES1_DBAR) & (
     -         pres < max_pres - BBP_HOOK_DELTA_PRES2_DBAR)
605  +     band = (
606  +         ok
607  +         & (pres >= max_pres - BBP_HOOK_DELTA_PRES1_DBAR)
608  +         & (pres < max_pres - BBP_HOOK_DELTA_PRES2_DBAR)
609  +     )
610  |     if not band.any():
--------------------------------------------------------------------------------
615  |         failed.add(62)
     -         flags = _worsen(flags, np.where(
     -             hook, int(QcFlag.BAD), int(QcFlag.NO_QC)).astype(np.int8))
616  +         flags = _worsen(flags, np.where(hook, int(QcFlag.BAD), int(QcFlag.NO_QC)).astype(np.int8))
617  |     return flags
618  |
619  |
     - def _run_bbp(pres: np.ndarray, values: np.ndarray, *,
     -              beta_qc: np.ndarray | None = None,
     -              park_pres: float | None = None,
     -              ascending: bool = True) -> ParamRtqc:
620  + def _run_bbp(
621  +     pres: np.ndarray,
622  +     values: np.ndarray,
623  +     *,
624  +     beta_qc: np.ndarray | None = None,
625  +     park_pres: float | None = None,
626  +     ascending: bool = True,
627  + ) -> ParamRtqc:
628  |     """Test 62 on BBP700: the five sub-tests of the BBP manual.
--------------------------------------------------------------------------------
756  |
     - def test22_near_surface_air_water(pres: np.ndarray, values: np.ndarray,
     -                                   vss: str | None) -> tuple[np.ndarray, bool]:
757  + def test22_near_surface_air_water(
758  +     pres: np.ndarray, values: np.ndarray, vss: str | None
759  + ) -> tuple[np.ndarray, bool]:
760  |     """Test 22 (NKE branch): TEMP within the top 1 dbar is '3'.
--------------------------------------------------------------------------------
770  |     discrete = bool(vss) and "discrete" in str(vss)
     -     threshold = (TEST22_THRESHOLD_DISCRETE_DBAR if discrete
     -                  else TEST22_THRESHOLD_AVERAGED_DBAR)
771  +     threshold = TEST22_THRESHOLD_DISCRETE_DBAR if discrete else TEST22_THRESHOLD_AVERAGED_DBAR
772  |     hit = ok & (pres <= threshold)
--------------------------------------------------------------------------------
776  |
     - def _apply_extra(r: "ParamRtqc", extra: np.ndarray, hit: bool,
     -                  test_number: int) -> "ParamRtqc":
777  + def _apply_extra(r: "ParamRtqc", extra: np.ndarray, hit: bool, test_number: int) -> "ParamRtqc":
778  |     """Merge one more test's per-level verdict into an existing result."""
--------------------------------------------------------------------------------
783  |     worst = QcFlag(int(levels[ok].max())) if ok.any() else QcFlag.NO_QC
     -     return ParamRtqc(levels=levels, profile=worst, tests_done=done,
     -                      tests_failed=failed)
784  +     return ParamRtqc(levels=levels, profile=worst, tests_done=done, tests_failed=failed)
785  |
--------------------------------------------------------------------------------
870  |
     -         pres_qc = (res.params["PRES"].levels if "PRES" in res.params else None)
     -         temp_qc = (res.params["TEMP"].levels if "TEMP" in res.params else None)
     -         psal_qc = (res.params["PSAL"].levels if "PSAL" in res.params else None)
871  +         pres_qc = res.params["PRES"].levels if "PRES" in res.params else None
872  +         temp_qc = res.params["TEMP"].levels if "TEMP" in res.params else None
873  +         psal_qc = res.params["PSAL"].levels if "PSAL" in res.params else None
874  |
--------------------------------------------------------------------------------
884  |                     if name in res.params:
     -                         res.params[name] = _apply_extra(
     -                             res.params[name], t19.per_level, True, 19)
885  +                         res.params[name] = _apply_extra(res.params[name], t19.per_level, True, 19)
886  |             else:
--------------------------------------------------------------------------------
897  |         psal_v = _measured(prof, "psal")
     -         if (temp_v is not None and psal_v is not None
     -                 and temp_v.size == n and psal_v.size == n
     -                 and not near_surface
     -                 and prof.get("latitude") is not None
     -                 and prof.get("longitude") is not None):
898  +         if (
899  +             temp_v is not None
900  +             and psal_v is not None
901  +             and temp_v.size == n
902  +             and psal_v.size == n
903  +             and not near_surface
904  +             and prof.get("latitude") is not None
905  +             and prof.get("longitude") is not None
906  +         ):
907  |             t_out, s_out = density_inversion_test(
     -                 pres=pres, temp=temp_v, psal=psal_v,
     -                 lat=float(prof["latitude"]), lon=float(prof["longitude"]),
     -                 pres_qc=pres_qc, temp_qc=temp_qc, psal_qc=psal_qc)
908  +                 pres=pres,
909  +                 temp=temp_v,
910  +                 psal=psal_v,
911  +                 lat=float(prof["latitude"]),
912  +                 lon=float(prof["longitude"]),
913  +                 pres_qc=pres_qc,
914  +                 temp_qc=temp_qc,
915  +                 psal_qc=psal_qc,
916  +             )
917  |             res.params["TEMP"] = _apply_extra(
     -                 res.params["TEMP"], t_out.per_level, bool(t_out.n_flagged), 14)
918  +                 res.params["TEMP"], t_out.per_level, bool(t_out.n_flagged), 14
919  +             )
920  |             res.params["PSAL"] = _apply_extra(
     -                 res.params["PSAL"], s_out.per_level, bool(s_out.n_flagged), 14)
921  +                 res.params["PSAL"], s_out.per_level, bool(s_out.n_flagged), 14
922  +             )
923  |
--------------------------------------------------------------------------------
929  |         # PSAL only, and flags '4'.
     -         if (enable_medd and temp_v is not None and psal_v is not None
     -                 and temp_v.size == n and psal_v.size == n):
930  +         if (
931  +             enable_medd
932  +             and temp_v is not None
933  +             and psal_v is not None
934  +             and temp_v.size == n
935  +             and psal_v.size == n
936  +         ):
937  |             medd_t, medd_s, medd_ran = medd_test(
     -                 pres, temp_v, psal_v, None,
     -                 float(prof["latitude"]) if prof.get("latitude") is not None else 0.0)
938  +                 pres,
939  +                 temp_v,
940  +                 psal_v,
941  +                 None,
942  +                 float(prof["latitude"]) if prof.get("latitude") is not None else 0.0,
943  +             )
944  |             # Coriolis discards MEDD's salinity output: it captures only
--------------------------------------------------------------------------------
952  |                 if "TEMP" in res.params:
     -                     extra = np.where(medd_t, int(QcFlag.BAD),
     -                                      int(QcFlag.NO_QC)).astype(np.int8)
953  +                     extra = np.where(medd_t, int(QcFlag.BAD), int(QcFlag.NO_QC)).astype(np.int8)
954  |                     res.params["TEMP"] = _apply_extra(
     -                         res.params["TEMP"], extra, bool(medd_t.any()), 25)
955  +                         res.params["TEMP"], extra, bool(medd_t.any()), 25
956  +                     )
957  |                 if "PSAL" in res.params:
--------------------------------------------------------------------------------
964  |         # --- raw IB-Argo channels (test 13 only) -----------------------
     -         for key, name in (("c1phase", "C1PHASE_DOXY"), ("c2phase", "C2PHASE_DOXY"),
     -                           ("fluorescence", "FLUORESCENCE_CHLA"),
     -                           ("beta", "BETA_BACKSCATTERING700")):
965  +         for key, name in (
966  +             ("c1phase", "C1PHASE_DOXY"),
967  +             ("c2phase", "C2PHASE_DOXY"),
968  +             ("fluorescence", "FLUORESCENCE_CHLA"),
969  +             ("beta", "BETA_BACKSCATTERING700"),
970  +         ):
971  |             values = _measured(prof, key)
--------------------------------------------------------------------------------
978  |         if temp_doxy is not None and temp_doxy.size == n:
     -             res.params["TEMP_DOXY"] = _run_doxy_like(
     -                 "TEMP_DOXY", pres, temp_doxy, is_doxy=False)
979  +             res.params["TEMP_DOXY"] = _run_doxy_like("TEMP_DOXY", pres, temp_doxy, is_doxy=False)
980  |
--------------------------------------------------------------------------------
984  |             res.params["DOXY"] = _run_doxy_like(
     -                 "DOXY", pres, doxy,
     -                 is_doxy=True, temp_qc=temp_qc, pres_qc=pres_qc, psal_qc=psal_qc)
985  +                 "DOXY", pres, doxy, is_doxy=True, temp_qc=temp_qc, pres_qc=pres_qc, psal_qc=psal_qc
986  +             )
987  |
988  |         # --- CHLA_FLUORESCENCE then CHLA (test 63) ---------------------
989  |         chla_fluo = _measured(prof, "chla_fluorescence")
990  |         if chla_fluo is not None and chla_fluo.size == n:
     -             res.params["CHLA_FLUORESCENCE"] = _run_chla_fluorescence(
     -                 pres, chla_fluo)
991  +             res.params["CHLA_FLUORESCENCE"] = _run_chla_fluorescence(pres, chla_fluo)
992  |         chla = _measured(prof, "chla")
993  |         if chla is not None and chla.size == n:
     -             fluo_qc = (res.params["CHLA_FLUORESCENCE"].levels
     -                        if "CHLA_FLUORESCENCE" in res.params
     -                        else (res.params["FLUORESCENCE_CHLA"].levels
     -                              if "FLUORESCENCE_CHLA" in res.params else None))
     -             res.params["CHLA"] = _run_chla(
     -                 pres, chla, fluorescence_qc=fluo_qc)
994  +             fluo_qc = (
995  +                 res.params["CHLA_FLUORESCENCE"].levels
996  +                 if "CHLA_FLUORESCENCE" in res.params
997  +                 else (
998  +                     res.params["FLUORESCENCE_CHLA"].levels
999  +                     if "FLUORESCENCE_CHLA" in res.params
1000 +                     else None
1001 +                 )
1002 +             )
1003 +             res.params["CHLA"] = _run_chla(pres, chla, fluorescence_qc=fluo_qc)
1004 |
1005 |         # --- BBP700 (test 62) ------------------------------------------
1006 |         bbp = _measured(prof, "bbp")
1007 |         if bbp is not None and bbp.size == n:
     -             beta_qc = (res.params["BETA_BACKSCATTERING700"].levels
     -                        if "BETA_BACKSCATTERING700" in res.params else None)
1008 +             beta_qc = (
1009 +                 res.params["BETA_BACKSCATTERING700"].levels
1010 +                 if "BETA_BACKSCATTERING700" in res.params
1011 +                 else None
1012 +             )
1013 |             res.params["BBP700"] = _run_bbp(
     -                 pres, bbp,
     -                 beta_qc=beta_qc, park_pres=park_pres, ascending=ascending)
1014 +                 pres, bbp, beta_qc=beta_qc, park_pres=park_pres, ascending=ascending
1015 +             )
1016 |
--------------------------------------------------------------------------------
1025 |         if previous_profile is not None:
     -             _apply_cross_cycle_tests(
     -                 prof, res, previous_profile, previous_result)
1026 +             _apply_cross_cycle_tests(prof, res, previous_profile, previous_result)
1027 |
--------------------------------------------------------------------------------
1034 |
     - def _apply_cross_cycle_tests(prof: dict, res: "ProfileRtqc",
     -                              previous_profile: dict,
     -                              previous_result: "ProfileRtqc | None") -> None:
1035 + def _apply_cross_cycle_tests(
1036 +     prof: dict, res: "ProfileRtqc", previous_profile: dict, previous_result: "ProfileRtqc | None"
1037 + ) -> None:
1038 |     """Apply tests 5, 16 and 18 against the previous cycle.
--------------------------------------------------------------------------------
1054 |     speed_qc, ran = impossible_speed_test(
     -         juld=prof.get("juld"), latitude=prof.get("latitude"),
1055 +         juld=prof.get("juld"),
1056 +         latitude=prof.get("latitude"),
1057 |         longitude=prof.get("longitude"),
1058 |         previous_juld=previous_profile.get("juld"),
1059 |         previous_latitude=previous_profile.get("latitude"),
     -         previous_longitude=previous_profile.get("longitude"))
1060 +         previous_longitude=previous_profile.get("longitude"),
1061 +     )
1062 |     if ran:
--------------------------------------------------------------------------------
1085 |         drift, ran16 = gross_sensor_drift_test(
     -             pres=pres, values=cur, previous_pres=p_pres,
     -             previous_values=prv, threshold=thr)
1086 +             pres=pres, values=cur, previous_pres=p_pres, previous_values=prv, threshold=thr
1087 +         )
1088 |         if not ran16 or drift is None:
--------------------------------------------------------------------------------
1098 |     prv_s = _measured(previous_profile, "psal")
     -     if (cur_t is not None and cur_s is not None
     -             and prv_t is not None and prv_s is not None
     -             and cur_t.size == n and cur_s.size == n):
1099 +     if (
1100 +         cur_t is not None
1101 +         and cur_s is not None
1102 +         and prv_t is not None
1103 +         and prv_s is not None
1104 +         and cur_t.size == n
1105 +         and cur_s.size == n
1106 +     ):
1107 |         frozen, ran18 = frozen_profile_test(
     -             pres=pres, temp=cur_t, psal=cur_s,
     -             previous_pres=p_pres, previous_temp=prv_t, previous_psal=prv_s)
1108 +             pres=pres,
1109 +             temp=cur_t,
1110 +             psal=cur_s,
1111 +             previous_pres=p_pres,
1112 +             previous_temp=prv_t,
1113 +             previous_psal=prv_s,
1114 +         )
1115 |         if ran18:
--------------------------------------------------------------------------------
1121 |                         res.params[name],
     -                         np.where(res.params[name].levels != int(QcFlag.NO_QC),
     -                                  int(QcFlag.BAD), int(QcFlag.NO_QC)).astype(np.int8),
     -                         True, 18)
1122 +                         np.where(
1123 +                             res.params[name].levels != int(QcFlag.NO_QC),
1124 +                             int(QcFlag.BAD),
1125 +                             int(QcFlag.NO_QC),
1126 +                         ).astype(np.int8),
1127 +                         True,
1128 +                         18,
1129 +                     )
1130 |                 else:
     |

unformatted: File would be reformatted
   --> src/argo_decoder/rtqc/medd.py:75:57
    |
74  |
    - def relative_2d_distance(xa: np.ndarray, ya: np.ndarray,
    -                          d: float) -> tuple[np.ndarray, np.ndarray]:
75  + def relative_2d_distance(xa: np.ndarray, ya: np.ndarray, d: float) -> tuple[np.ndarray, np.ndarray]:
76  |     """Two curves at distance ``d`` from the polyline ``(xa, ya)``.
--------------------------------------------------------------------------------
98  |     isvertical = dxa == 0
    -     a = np.where(isvertical, _INFINITE, np.divide(dya, dxa,
    -                                                  out=np.full_like(dxa, _INFINITE),
    -                                                  where=~isvertical))
99  +     a = np.where(
100 +         isvertical,
101 +         _INFINITE,
102 +         np.divide(dya, dxa, out=np.full_like(dxa, _INFINITE), where=~isvertical),
103 +     )
104 |     b = ya[:-1] - a * xa[:-1]
105 |
    -     l_segments = np.sqrt(dxa ** 2 + dya ** 2)
106 +     l_segments = np.sqrt(dxa**2 + dya**2)
107 |     with np.errstate(divide="ignore", invalid="ignore"):
--------------------------------------------------------------------------------
137 |         dy2 = (ya_ori[k] - ys) ** 2
    -         close = dy2 <= d ** 2
138 +         close = dy2 <= d**2
139 |         if not close.any():
--------------------------------------------------------------------------------
143 |             continue
    -         root = np.sqrt(np.maximum(d ** 2 - dy2[close], 0.0))
144 +         root = np.sqrt(np.maximum(d**2 - dy2[close], 0.0))
145 |         xbplus[k] = float(np.max(xs[close] + root))
--------------------------------------------------------------------------------
149 |
    - def _piecewise(pres: np.ndarray, levels: tuple[float, ...],
    -                values: tuple[float, ...]) -> np.ndarray:
150 + def _piecewise(
151 +     pres: np.ndarray, levels: tuple[float, ...], values: tuple[float, ...]
152 + ) -> np.ndarray:
153 |     """Step function: ``values[i]`` where ``pres`` falls in band *i*."""
--------------------------------------------------------------------------------
169 |         frac = (pres - z[i]) / span
    -         out = out + (w[i] + (w[i + 1] - w[i]) * frac) * (
    -             (pres >= z[i]) & (pres < z[i + 1]))
170 +         out = out + (w[i] + (w[i + 1] - w[i]) * frac) * ((pres >= z[i]) & (pres < z[i + 1]))
171 |     return out + w[3] * (pres >= z[3])
172 |
173 |
    - def _spike_check_medd(param: str, prof: np.ndarray, pres: np.ndarray,
    -                       dpdz_thr: tuple[float, ...],
    -                       ddpdz_thr: tuple[float, ...],
    -                       d: tuple[float, ...]) -> tuple[np.ndarray, bool]:
174 + def _spike_check_medd(
175 +     param: str,
176 +     prof: np.ndarray,
177 +     pres: np.ndarray,
178 +     dpdz_thr: tuple[float, ...],
179 +     ddpdz_thr: tuple[float, ...],
180 +     d: tuple[float, ...],
181 + ) -> tuple[np.ndarray, bool]:
182 |     """Port of ``QTRT_spike_check_MEDD.m``.
--------------------------------------------------------------------------------
223 |         with np.errstate(invalid="ignore"):
    -             flip = ((np.abs(g_n) > thr_n) & (np.abs(g_np1) > thr_np1)
    -                     & (np.sign(g_n) == -1 * np.sign(g_np1)))
224 +             flip = (
225 +                 (np.abs(g_n) > thr_n)
226 +                 & (np.abs(g_np1) > thr_np1)
227 +                 & (np.sign(g_n) == -1 * np.sign(g_np1))
228 +             )
229 |         isout_global[ok_inner[np.asarray(flip) & np.isfinite(flip)]] = True
--------------------------------------------------------------------------------
248 |         dz_max = np.ceil(sw[i_level] / 2) + 1
    -         i_coh = np.where((np.abs(pres - pres[i_level]) < dz_max)
    -                          & ~isout_global
    -                          & np.isfinite(pres) & np.isfinite(prof))[0]
249 +         i_coh = np.where(
250 +             (np.abs(pres - pres[i_level]) < dz_max)
251 +             & ~isout_global
252 +             & np.isfinite(pres)
253 +             & np.isfinite(prof)
254 +         )[0]
255 |         i_coh = np.sort(i_coh)
--------------------------------------------------------------------------------
278 |
    -         if (i_level > i_ok[0] and not isout_global[i_level]
    -                 and not isout_global[prev_ok]):
279 +         if i_level > i_ok[0] and not isout_global[i_level] and not isout_global[prev_ok]:
280 |             if i_level == i_coh[-1]:
--------------------------------------------------------------------------------
284 |
    -         if (i_level < i_ok[-1] and not isout_global[i_level]
    -                 and not isout_global[next_ok]):
285 +         if i_level < i_ok[-1] and not isout_global[i_level] and not isout_global[next_ok]:
286 |             warm = param == "TEMP" and np.nan_to_num(dpdz[i_level], nan=0.0) > 0.1
--------------------------------------------------------------------------------
333 |
    -     zones = [(pres < Z_LEVELS[1]),
    -              (pres < Z_LEVELS[2]) & (pres >= Z_LEVELS[1]),
    -              (pres < Z_LEVELS[3]) & (pres >= Z_LEVELS[2]),
    -              (pres >= Z_LEVELS[3])]
334 +     zones = [
335 +         (pres < Z_LEVELS[1]),
336 +         (pres < Z_LEVELS[2]) & (pres >= Z_LEVELS[1]),
337 +         (pres < Z_LEVELS[3]) & (pres >= Z_LEVELS[2]),
338 +         (pres >= Z_LEVELS[3]),
339 +     ]
340 |     medm = np.full(n, np.nan)
--------------------------------------------------------------------------------
356 |
    - def medd_test(pres: np.ndarray, temp: np.ndarray | None,
    -               psal: np.ndarray | None, dens: np.ndarray | None,
    -               latitude: float) -> tuple[np.ndarray, np.ndarray, bool]:
357 + def medd_test(
358 +     pres: np.ndarray,
359 +     temp: np.ndarray | None,
360 +     psal: np.ndarray | None,
361 +     dens: np.ndarray | None,
362 +     latitude: float,
363 + ) -> tuple[np.ndarray, np.ndarray, bool]:
364 |     """TEST 25 MEDD: return ``(temp_spike, psal_spike, ran)``.
--------------------------------------------------------------------------------
379 |
    -     psal_arr = (np.asarray(psal, dtype=np.float64)
    -                 if psal is not None else np.full(n, np.nan))
    -     dens_arr = (np.asarray(dens, dtype=np.float64)
    -                 if dens is not None else np.full(n, np.nan))
380 +     psal_arr = np.asarray(psal, dtype=np.float64) if psal is not None else np.full(n, np.nan)
381 +     dens_arr = np.asarray(dens, dtype=np.float64) if dens is not None else np.full(n, np.nan)
382 |
--------------------------------------------------------------------------------
396 |     if temp_ok:
    -         st, _, _, _, bo_t = _main_call("TEMP", np.asarray(temp, dtype=np.float64),
    -                                        pres, dpdz_thr=DPDZ_T, ddpdz_thr=DDPDZ_T,
    -                                        d=d_t)
397 +         st, _, _, _, bo_t = _main_call(
398 +             "TEMP",
399 +             np.asarray(temp, dtype=np.float64),
400 +             pres,
401 +             dpdz_thr=DPDZ_T,
402 +             ddpdz_thr=DDPDZ_T,
403 +             d=d_t,
404 +         )
405 |         if not bo_t:
406 |             ran = True
407 |             spike_t = st
408 |     if psal_ok:
    -         ss, _, _, _, bo_s = _main_call("PSAL", psal_arr, pres,
    -                                        dpdz_thr=DPDZ_S, ddpdz_thr=DDPDZ_S,
    -                                        d=D_S)
409 +         ss, _, _, _, bo_s = _main_call(
410 +             "PSAL", psal_arr, pres, dpdz_thr=DPDZ_S, ddpdz_thr=DDPDZ_S, d=D_S
411 +         )
412 |         if not bo_s:
--------------------------------------------------------------------------------
418 |
    - def _main_call(param: str, prof: np.ndarray, pres: np.ndarray, *,
    -                dpdz_thr: tuple[float, ...], ddpdz_thr: tuple[float, ...],
    -                d: tuple[float, ...]):
419 + def _main_call(
420 +     param: str,
421 +     prof: np.ndarray,
422 +     pres: np.ndarray,
423 +     *,
424 +     dpdz_thr: tuple[float, ...],
425 +     ddpdz_thr: tuple[float, ...],
426 +     d: tuple[float, ...],
427 + ):
428 |     """``QTRT_spike_check_MEDD_main``: TEMP spikes require DENS agreement.
--------------------------------------------------------------------------------
433 |     """
    -     spike, med, medm, medp, bo = _spike_check_medd_full(
    -         param, prof, pres, dpdz_thr, ddpdz_thr, d)
434 +     spike, med, medm, medp, bo = _spike_check_medd_full(param, prof, pres, dpdz_thr, ddpdz_thr, d)
435 |     spike_d = np.zeros(prof.size, dtype=bool)
--------------------------------------------------------------------------------
440 |
    - def _spike_check_medd_full(param: str, prof: np.ndarray, pres: np.ndarray,
    -                            dpdz_thr: tuple[float, ...],
    -                            ddpdz_thr: tuple[float, ...],
    -                            d: tuple[float, ...]):
441 + def _spike_check_medd_full(
442 +     param: str,
443 +     prof: np.ndarray,
444 +     pres: np.ndarray,
445 +     dpdz_thr: tuple[float, ...],
446 +     ddpdz_thr: tuple[float, ...],
447 +     d: tuple[float, ...],
448 + ):
449 |     """``_spike_check_medd`` plus the diagnostic median arrays."""
    |

unformatted: File would be reformatted
  --> src/argo_decoder/writer/__init__.py:3:36
   |
2  |
   - from argo_decoder.writer.nc import ExternalMeta, PublicationBuilder, WriterConfig, WriterInputs, bbp_recompute, parse_wmo_arg, write_meta, write_profile, write_tech
3  + from argo_decoder.writer.nc import (
4  +     ExternalMeta,
5  +     PublicationBuilder,
6  +     WriterConfig,
7  +     WriterInputs,
8  +     bbp_recompute,
9  +     parse_wmo_arg,
10 +     write_meta,
11 +     write_profile,
12 +     write_tech,
13 + )
14 |
   - __all__ = ["ExternalMeta", "PublicationBuilder", "WriterConfig", "WriterInputs", "bbp_recompute", "parse_wmo_arg", "write_meta", "write_profile", "write_tech"]
15 + __all__ = [
16 +     "ExternalMeta",
17 +     "PublicationBuilder",
18 +     "WriterConfig",
19 +     "WriterInputs",
20 +     "bbp_recompute",
21 +     "parse_wmo_arg",
22 +     "write_meta",
23 +     "write_profile",
24 +     "write_tech",
25 + ]
   |

unformatted: File would be reformatted
   --> src/argo_decoder/writer/fixtures.py:20:1
    |
19  |
    - def make_synthetic_external_meta(wmo: str, float_serial_no: str | None = None, launch_date: str = "20200101000000", lat: float = 10.0, lon: float = 60.0) -> ExternalMeta:
20  +
21  + def make_synthetic_external_meta(
22  +     wmo: str,
23  +     float_serial_no: str | None = None,
24  +     launch_date: str = "20200101000000",
25  +     lat: float = 10.0,
26  +     lon: float = 60.0,
27  + ) -> ExternalMeta:
28  |     """Create a synthetic ExternalMeta for unit tests (test-only).
--------------------------------------------------------------------------------
55  |         deployment_cruise_id="SYN-001",
    -         sensor_serial_nos=("n/a","n/a","n/a","n/a", f"FLBB-{wmo[-4:]}", f"FLBB-{wmo[-4:]}"),
56  +         sensor_serial_nos=("n/a", "n/a", "n/a", "n/a", f"FLBB-{wmo[-4:]}", f"FLBB-{wmo[-4:]}"),
57  |         config_parameter_names=tuple([f"CONFIG_SYN_{i}" for i in range(18)]),
--------------------------------------------------------------------------------
61  |
62  +
63  | # Authoritative 2902091 data extracted from GDAC (for shadow comparison)
    - _2902091_CONFIG_NAMES = ('CONFIG_NumberOfSubCycles_NUMBER', 'CONFIG_SurfaceDay_FloatDay', 'CONFIG_ParkPressure_dbar', 'CONFIG_ProfilePressure_dbar', 'CONFIG_TransmissionEndCycle_LOGICAL', 'CONFIG_InternalCycleTime1_hours', 'CONFIG_CycleTime_hours')
    - _2902091_CONFIG_MISSION_VALUES = ((1.0, 1.0, 1000.0, 2000.0, 1.0, 24.0, 24.0), (1.0, 5.0, 1000.0, 2000.0, 1.0, 120.0, 120.0))
64  + _2902091_CONFIG_NAMES = (
65  +     "CONFIG_NumberOfSubCycles_NUMBER",
66  +     "CONFIG_SurfaceDay_FloatDay",
67  +     "CONFIG_ParkPressure_dbar",
68  +     "CONFIG_ProfilePressure_dbar",
69  +     "CONFIG_TransmissionEndCycle_LOGICAL",
70  +     "CONFIG_InternalCycleTime1_hours",
71  +     "CONFIG_CycleTime_hours",
72  + )
73  + _2902091_CONFIG_MISSION_VALUES = (
74  +     (1.0, 1.0, 1000.0, 2000.0, 1.0, 24.0, 24.0),
75  +     (1.0, 5.0, 1000.0, 2000.0, 1.0, 120.0, 120.0),
76  + )
77  | _2902091_CONFIG_MISSION_NUMBERS = (1, 2)
78  | _2902091_CONFIG_MISSION_COMMENTS = ("", "")
79  |
    - _2902091_LAUNCH_NAMES = ('CONFIG_VectorBoardShowModeOn_LOGICAL', 'CONFIG_SensorBoardShowModeOn_LOGICAL', 'CONFIG_OptodeVerticalPressureOffset_dbar', 'CONFIG_FlbbBetaAngle_angularDeg', 'CONFIG_FlbbChlaFluorescenceExcitationWavelength_nm', 'CONFIG_FlbbChlaFluorescenceEmissionWavelength_nm', 'CONFIG_FlbbBetaWavelength1_nm', 'CONFIG_SurfaceValveMaxTimeAdditionalActions_csec', 'CONFIG_SurfaceValveAdditionalActions_COUNT', 'CONFIG_PressureCheckTimeBuoyancyReductionPhase_seconds', 'CONFIG_PressureCheckTimeAscent_minutes', 'CONFIG_OilVolumeMaxPerValveAction_cm^3', 'CONFIG_PumpActionMaxTimeReposition_csec', 'CONFIG_PumpActionMaxTimeAscent_csec', 'CONFIG_PumpActionTimeBuoyancyAcquisition_csec', 'CONFIG_PressureTargetToleranceForStabilisation_dbar', 'CONFIG_PressureMaxBeforeEmergencyAscent_dbar', 'CONFIG_BuoyancyReductionFirstThreshold_dbar', 'CONFIG_BuoyancyReductionSecondThreshold_dbar', 'CONFIG_NumberOfOutOfTolerancePresBeforeReposition_COUNT', 'CONFIG_GroundingMode_LOGICAL', 'CONFIG_OilVolumeMinForGroundingDetection_cm^3', 'CONFIG_GroundingModeMinPresThreshold_dbar', 'CONFIG_GroundingModePresAdjustment_dbar', 'CONFIG_PressureTargetToleranceDuringDrift_dbar', 'CONFIG_DescentSpeed_mm/s', 'CONFIG_AscentSpeedMin_mm/s', 'CONFIG_AscentSpeed_mm/s', 'CONFIG_InternalPressureCalibrationCoef1_NUMBER', 'CONFIG_InternalPressureCalibrationCoef2_NUMBER', 'CONFIG_NumberOfSubCycles_NUMBER', 'CONFIG_DelayBeforeMissionStart_minutes', 'CONFIG_FloatReferenceDay_FloatDay', 'CONFIG_SurfaceDay_FloatDay', 'CONFIG_SurfaceTime_HH', 'CONFIG_ParkPressure_dbar', 'CONFIG_ProfilePressure_dbar', 'CONFIG_TransmissionEndCycle_LOGICAL', 'CONFIG_NumberOfInternalCycles_COUNT', 'CONFIG_TransmissionPeriodEndOfLife_minutes', 'CONFIG_TelemetryRepeatSessionDelay_minutes', 'CONFIG_InternalCycleTime1_hours', 'CONFIG_InternalCycle1LastGregDay_DD', 'CONFIG_InternalCycle1LastGregMonth_MM', 'CONFIG_InternalCycle1LastGregYear_YYYY', 'CONFIG_InternalCycleTime2_hours', 'CONFIG_InternalCycle2LastGregDay_DD', 'CONFIG_InternalCycle2LastGregMonth_MM', 'CONFIG_InternalCycle2LastGregYear_YYYY', 'CONFIG_InternalCycleTime3_hours', 'CONFIG_InternalCycle3LastGregDay_DD', 'CONFIG_InternalCycle3LastGregMonth_MM', 'CONFIG_InternalCycle3LastGregYear_YYYY', 'CONFIG_InternalCycleTime4_hours', 'CONFIG_InternalCycle4LastGregDay_DD', 'CONFIG_InternalCycle4LastGregMonth_MM', 'CONFIG_InternalCycle4LastGregYear_YYYY', 'CONFIG_InternalCycleTime5_hours', 'CONFIG_InternalCycle5LastGregDay_DD', 'CONFIG_InternalCycle5LastGregMonth_MM', 'CONFIG_InternalCycle5LastGregYear_YYYY', 'CONFIG_CycleTime_hours', 'CONFIG_CTDDescentToParkPresSamplingPeriod_seconds', 'CONFIG_CTDDriftAtParkPresSamplingPeriod_minutes', 'CONFIG_CTDDescentToProfilePresSamplingPeriod_seconds', 'CONFIG_CTDDriftAtProfilePresSamplingPeriod_minutes', 'CONFIG_CTDAscentSamplingPeriod_seconds', 'CONFIG_CTDDepthZone1PowerAcquisitionMode_NUMBER', 'CONFIG_CTDDepthZone1DataProcessingMode_NUMBER', 'CONFIG_CTDDepthZone1SlicesThickness_dbar', 'CONFIG_CTDDepthZone1DepthZone2PressureThreshold_dbar', 'CONFIG_CTDDepthZone2PowerAcquisitionMode_NUMBER', 'CONFIG_CTDDepthZone2DataProcessingMode_NUMBER', 'CONFIG_CTDDepthZone2SlicesThickness_dbar', 'CONFIG_CTDDepthZone2DepthZone3PressureThreshold_dbar', 'CONFIG_CTDDepthZone3PowerAcquisitionMode_NUMBER', 'CONFIG_CTDDepthZone3DataProcessingMode_NUMBER', 'CONFIG_CTDDepthZone3SlicesThickness_dbar', 'CONFIG_CTDDepthZone3DepthZone4PressureThreshold_dbar', 'CONFIG_CTDDepthZone4PowerAcquisitionMode_NUMBER', 'CONFIG_CTDDepthZone4DataProcessingMode_NUMBER', 'CONFIG_CTDDepthZone4SlicesThickness_dbar', 'CONFIG_CTDDepthZone4DepthZone5PressureThreshold_dbar', 'CONFIG_CTDDepthZone5PowerAcquisitionMode_NUMBER', 'CONFIG_CTDDepthZone5DataProcessingMode_NUMBER', 'CONFIG_CTDDepthZone5SlicesThickness_dbar', 'CONFIG_CTDWarmUpTime_msec', 'CONFIG_CTDPowerSwitchDelayMin_msec', 'CONFIG_CTDFirstValidSample_NUMBER', 'CONFIG_CTDPumpStopPressure_dbar', 'CONFIG_CtdMinTransmittedPressure_dbar', 'CONFIG_CtdMaxTransmittedPressure_dbar', 'CONFIG_CtdMinTransmittedTemperature_mdegC', 'CONFIG_CtdMaxTransmittedTemperature_mdegC', 'CONFIG_CtdMinTransmittedSalinity_mpsu', 'CONFIG_CtdMaxTransmittedSalinity_mpsu', 'CONFIG_CTDPumpStopPressurePlusThreshold_dbar', 'CONFIG_OptodeDescentToParkPresSamplingPeriod_seconds', 'CONFIG_OptodeDriftAtParkPresSamplingPeriod_minutes', 'CONFIG_OptodeDescentToProfilePresSamplingPeriod_seconds', 'CONFIG_OptodeDriftAtProfilePresSamplingPeriod_minutes', 'CONFIG_OptodeAscentSamplingPeriod_seconds', 'CONFIG_OptodeDepthZone1PowerAcquisitionMode_NUMBER', 'CONFIG_OptodeDepthZone1DataProcessingMode_NUMBER', 'CONFIG_OptodeDepthZone1SlicesThickness_dbar', 'CONFIG_OptodeDepthZone1DepthZone2PressureThreshold_dbar', 'CONFIG_OptodeDepthZone2PowerAcquisitionMode_NUMBER', 'CONFIG_OptodeDepthZone2DataProcessingMode_NUMBER', 'CONFIG_OptodeDepthZone2SlicesThickness_dbar', 'CONFIG_OptodeDepthZone2DepthZone3PressureThreshold_dbar', 'CONFIG_OptodeDepthZone3PowerAcquisitionMode_NUMBER', 'CONFIG_OptodeDepthZone3DataProcessingMode_NUMBER', 'CONFIG_OptodeDepthZone3SlicesThickness_dbar', 'CONFIG_OptodeDepthZone3DepthZone4PressureThreshold_dbar', 'CONFIG_OptodeDepthZone4PowerAcquisitionMode_NUMBER', 'CONFIG_OptodeDepthZone4DataProcessingMode_NUMBER', 'CONFIG_OptodeDepthZone4SlicesThickness_dbar', 'CONFIG_OptodeDepthZone4DepthZone5PressureThreshold_dbar', 'CONFIG_OptodeDepthZone5PowerAcquisitionMode_NUMBER', 'CONFIG_OptodeDepthZone5DataProcessingMode_NUMBER', 'CONFIG_OptodeDepthZone5SlicesThickness_dbar', 'CONFIG_OptodeWarmUpTime_msec', 'CONFIG_OptodePowerSwitchDelayMin_msec', 'CONFIG_OptodeFirstValidSample_NUMBER', 'CONFIG_OptodeMinTransmittedC1Phase_angularDeg', 'CONFIG_OptodeMaxTransmittedC1Phase_angularDeg', 'CONFIG_OptodeMinTransmittedC2Phase_angularDeg', 'CONFIG_OptodeMaxTransmittedC2Phase_angularDeg', 'CONFIG_OptodeMinTransmittedTemperature_mdegC', 'CONFIG_OptodeMaxTransmittedTemperature_mdegC', 'CONFIG_FlbbDescentToParkPresSamplingPeriod_seconds', 'CONFIG_FlbbDriftAtParkPresSamplingPeriod_minutes', 'CONFIG_FlbbDescentToProfilePresSamplingPeriod_seconds', 'CONFIG_FlbbDriftAtProfilePresSamplingPeriod_minutes', 'CONFIG_FlbbAscentSamplingPeriod_seconds', 'CONFIG_FlbbDepthZone1PowerAcquisitionMode_NUMBER', 'CONFIG_FlbbDepthZone1DataProcessingMode_NUMBER', 'CONFIG_FlbbDepthZone1SlicesThickness_dbar', 'CONFIG_FlbbDepthZone1DepthZone2PressureThreshold_dbar', 'CONFIG_FlbbDepthZone2PowerAcquisitionMode_NUMBER', 'CONFIG_FlbbDepthZone2DataProcessingMode_NUMBER', 'CONFIG_FlbbDepthZone2SlicesThickness_dbar', 'CONFIG_FlbbDepthZone2DepthZone3PressureThreshold_dbar', 'CONFIG_FlbbDepthZone3PowerAcquisitionMode_NUMBER', 'CONFIG_FlbbDepthZone3DataProcessingMode_NUMBER', 'CONFIG_FlbbDepthZone3SlicesThickness_dbar', 'CONFIG_FlbbDepthZone3DepthZone4PressureThreshold_dbar', 'CONFIG_FlbbDepthZone4PowerAcquisitionMode_NUMBER', 'CONFIG_FlbbDepthZone4DataProcessingMode_NUMBER', 'CONFIG_FlbbDepthZone4SlicesThickness_dbar', 'CONFIG_FlbbDepthZone4DepthZone5PressureThreshold_dbar', 'CONFIG_FlbbDepthZone5PowerAcquisitionMode_NUMBER', 'CONFIG_FlbbDepthZone5DataProcessingMode_NUMBER', 'CONFIG_FlbbDepthZone5SlicesThickness_dbar', 'CONFIG_FlbbWarmUpTime_msec', 'CONFIG_FlbbPowerSwitchDelayMin_msec', 'CONFIG_FlbbFirstValidSample_NUMBER', 'CONFIG_FlbbMinTransmittedChlaFluorescence_COUNT', 'CONFIG_FlbbMaxTransmittedChlaFluorescence_COUNT', 'CONFIG_FlbbMaxTransmittedBeta_COUNT', 'CONFIG_FlbbMinTransmittedBeta_COUNT')
    - _2902091_LAUNCH_VALUES = (0.0, 0.0, -0.06, 124.0, 470.0, 695.0, 700.0, 2700.0, 15.0, 60.0, 2.0, 30.0, 400.0, 2000.0, 40000.0, 30.0, 2100.0, 4.0, 8.0, 2.0, 0.0, 100.0, 200.0, 50.0, 50.0, 30.0, 83.0, 90.0, 1.524, -442.0, 1.0, 0.0, 1.0, 1.0, 4.0, 1000.0, 2000.0, 1.0, 1.0, 60.0, 10.0, 24.0, 31.0, 12.0, 99.0, 24.0, 31.0, 12.0, 99.0, 24.0, 31.0, 12.0, 99.0, 24.0, 31.0, 12.0, 99.0, 24.0, 31.0, 12.0, 99.0, 24.0, 0.0, 720.0, 0.0, 0.0, 10.0, 3.0, 1.0, 1.0, 10.0, 3.0, 1.0, 5.0, 200.0, 3.0, 1.0, 10.0, 500.0, 3.0, 1.0, 20.0, 1000.0, 3.0, 1.0, 25.0, 4800.0, 5000.0, 0.0, 5.0, -5.0, 2500.0, -5.0, 50.0, 0.0, 50.0, 5.5, 0.0, 720.0, 0.0, 0.0, 10.0, 2.0, 1.0, 1.0, 10.0, 2.0, 1.0, 5.0, 200.0, 2.0, 1.0, 10.0, 500.0, 2.0, 1.0, 20.0, 1000.0, 2.0, 1.0, 25.0, 1500.0, 6000.0, 0.0, -3.40282e+38, 3.40282e+38, -3.40282e+38, 3.40282e+38, -3.40282e+38, 3.40282e+38, 0.0, 720.0, 0.0, 0.0, 10.0, 2.0, 1.0, 1.0, 10.0, 2.0, 1.0, 5.0, 200.0, 2.0, 1.0, 10.0, 500.0, 2.0, 1.0, 20.0, 1000.0, 2.0, 1.0, 25.0, 3600.0, 4000.0, 0.0, 0.0, 4130.0, 0.0, 4130.0)
80  + _2902091_LAUNCH_NAMES = (
81  +     "CONFIG_VectorBoardShowModeOn_LOGICAL",
82  +     "CONFIG_SensorBoardShowModeOn_LOGICAL",
83  +     "CONFIG_OptodeVerticalPressureOffset_dbar",
84  +     "CONFIG_FlbbBetaAngle_angularDeg",
85  +     "CONFIG_FlbbChlaFluorescenceExcitationWavelength_nm",
86  +     "CONFIG_FlbbChlaFluorescenceEmissionWavelength_nm",
87  +     "CONFIG_FlbbBetaWavelength1_nm",
88  +     "CONFIG_SurfaceValveMaxTimeAdditionalActions_csec",
89  +     "CONFIG_SurfaceValveAdditionalActions_COUNT",
90  +     "CONFIG_PressureCheckTimeBuoyancyReductionPhase_seconds",
91  +     "CONFIG_PressureCheckTimeAscent_minutes",
92  +     "CONFIG_OilVolumeMaxPerValveAction_cm^3",
93  +     "CONFIG_PumpActionMaxTimeReposition_csec",
94  +     "CONFIG_PumpActionMaxTimeAscent_csec",
95  +     "CONFIG_PumpActionTimeBuoyancyAcquisition_csec",
96  +     "CONFIG_PressureTargetToleranceForStabilisation_dbar",
97  +     "CONFIG_PressureMaxBeforeEmergencyAscent_dbar",
98  +     "CONFIG_BuoyancyReductionFirstThreshold_dbar",
99  +     "CONFIG_BuoyancyReductionSecondThreshold_dbar",
100 +     "CONFIG_NumberOfOutOfTolerancePresBeforeReposition_COUNT",
101 +     "CONFIG_GroundingMode_LOGICAL",
102 +     "CONFIG_OilVolumeMinForGroundingDetection_cm^3",
103 +     "CONFIG_GroundingModeMinPresThreshold_dbar",
104 +     "CONFIG_GroundingModePresAdjustment_dbar",
105 +     "CONFIG_PressureTargetToleranceDuringDrift_dbar",
106 +     "CONFIG_DescentSpeed_mm/s",
107 +     "CONFIG_AscentSpeedMin_mm/s",
108 +     "CONFIG_AscentSpeed_mm/s",
109 +     "CONFIG_InternalPressureCalibrationCoef1_NUMBER",
110 +     "CONFIG_InternalPressureCalibrationCoef2_NUMBER",
111 +     "CONFIG_NumberOfSubCycles_NUMBER",
112 +     "CONFIG_DelayBeforeMissionStart_minutes",
113 +     "CONFIG_FloatReferenceDay_FloatDay",
114 +     "CONFIG_SurfaceDay_FloatDay",
115 +     "CONFIG_SurfaceTime_HH",
116 +     "CONFIG_ParkPressure_dbar",
117 +     "CONFIG_ProfilePressure_dbar",
118 +     "CONFIG_TransmissionEndCycle_LOGICAL",
119 +     "CONFIG_NumberOfInternalCycles_COUNT",
120 +     "CONFIG_TransmissionPeriodEndOfLife_minutes",
121 +     "CONFIG_TelemetryRepeatSessionDelay_minutes",
122 +     "CONFIG_InternalCycleTime1_hours",
123 +     "CONFIG_InternalCycle1LastGregDay_DD",
124 +     "CONFIG_InternalCycle1LastGregMonth_MM",
125 +     "CONFIG_InternalCycle1LastGregYear_YYYY",
126 +     "CONFIG_InternalCycleTime2_hours",
127 +     "CONFIG_InternalCycle2LastGregDay_DD",
128 +     "CONFIG_InternalCycle2LastGregMonth_MM",
129 +     "CONFIG_InternalCycle2LastGregYear_YYYY",
130 +     "CONFIG_InternalCycleTime3_hours",
131 +     "CONFIG_InternalCycle3LastGregDay_DD",
132 +     "CONFIG_InternalCycle3LastGregMonth_MM",
133 +     "CONFIG_InternalCycle3LastGregYear_YYYY",
134 +     "CONFIG_InternalCycleTime4_hours",
135 +     "CONFIG_InternalCycle4LastGregDay_DD",
136 +     "CONFIG_InternalCycle4LastGregMonth_MM",
137 +     "CONFIG_InternalCycle4LastGregYear_YYYY",
138 +     "CONFIG_InternalCycleTime5_hours",
139 +     "CONFIG_InternalCycle5LastGregDay_DD",
140 +     "CONFIG_InternalCycle5LastGregMonth_MM",
141 +     "CONFIG_InternalCycle5LastGregYear_YYYY",
142 +     "CONFIG_CycleTime_hours",
143 +     "CONFIG_CTDDescentToParkPresSamplingPeriod_seconds",
144 +     "CONFIG_CTDDriftAtParkPresSamplingPeriod_minutes",
145 +     "CONFIG_CTDDescentToProfilePresSamplingPeriod_seconds",
146 +     "CONFIG_CTDDriftAtProfilePresSamplingPeriod_minutes",
147 +     "CONFIG_CTDAscentSamplingPeriod_seconds",
148 +     "CONFIG_CTDDepthZone1PowerAcquisitionMode_NUMBER",
149 +     "CONFIG_CTDDepthZone1DataProcessingMode_NUMBER",
150 +     "CONFIG_CTDDepthZone1SlicesThickness_dbar",
151 +     "CONFIG_CTDDepthZone1DepthZone2PressureThreshold_dbar",
152 +     "CONFIG_CTDDepthZone2PowerAcquisitionMode_NUMBER",
153 +     "CONFIG_CTDDepthZone2DataProcessingMode_NUMBER",
154 +     "CONFIG_CTDDepthZone2SlicesThickness_dbar",
155 +     "CONFIG_CTDDepthZone2DepthZone3PressureThreshold_dbar",
156 +     "CONFIG_CTDDepthZone3PowerAcquisitionMode_NUMBER",
157 +     "CONFIG_CTDDepthZone3DataProcessingMode_NUMBER",
158 +     "CONFIG_CTDDepthZone3SlicesThickness_dbar",
159 +     "CONFIG_CTDDepthZone3DepthZone4PressureThreshold_dbar",
160 +     "CONFIG_CTDDepthZone4PowerAcquisitionMode_NUMBER",
161 +     "CONFIG_CTDDepthZone4DataProcessingMode_NUMBER",
162 +     "CONFIG_CTDDepthZone4SlicesThickness_dbar",
163 +     "CONFIG_CTDDepthZone4DepthZone5PressureThreshold_dbar",
164 +     "CONFIG_CTDDepthZone5PowerAcquisitionMode_NUMBER",
165 +     "CONFIG_CTDDepthZone5DataProcessingMode_NUMBER",
166 +     "CONFIG_CTDDepthZone5SlicesThickness_dbar",
167 +     "CONFIG_CTDWarmUpTime_msec",
168 +     "CONFIG_CTDPowerSwitchDelayMin_msec",
169 +     "CONFIG_CTDFirstValidSample_NUMBER",
170 +     "CONFIG_CTDPumpStopPressure_dbar",
171 +     "CONFIG_CtdMinTransmittedPressure_dbar",
172 +     "CONFIG_CtdMaxTransmittedPressure_dbar",
173 +     "CONFIG_CtdMinTransmittedTemperature_mdegC",
174 +     "CONFIG_CtdMaxTransmittedTemperature_mdegC",
175 +     "CONFIG_CtdMinTransmittedSalinity_mpsu",
176 +     "CONFIG_CtdMaxTransmittedSalinity_mpsu",
177 +     "CONFIG_CTDPumpStopPressurePlusThreshold_dbar",
178 +     "CONFIG_OptodeDescentToParkPresSamplingPeriod_seconds",
179 +     "CONFIG_OptodeDriftAtParkPresSamplingPeriod_minutes",
180 +     "CONFIG_OptodeDescentToProfilePresSamplingPeriod_seconds",
181 +     "CONFIG_OptodeDriftAtProfilePresSamplingPeriod_minutes",
182 +     "CONFIG_OptodeAscentSamplingPeriod_seconds",
183 +     "CONFIG_OptodeDepthZone1PowerAcquisitionMode_NUMBER",
184 +     "CONFIG_OptodeDepthZone1DataProcessingMode_NUMBER",
185 +     "CONFIG_OptodeDepthZone1SlicesThickness_dbar",
186 +     "CONFIG_OptodeDepthZone1DepthZone2PressureThreshold_dbar",
187 +     "CONFIG_OptodeDepthZone2PowerAcquisitionMode_NUMBER",
188 +     "CONFIG_OptodeDepthZone2DataProcessingMode_NUMBER",
189 +     "CONFIG_OptodeDepthZone2SlicesThickness_dbar",
190 +     "CONFIG_OptodeDepthZone2DepthZone3PressureThreshold_dbar",
191 +     "CONFIG_OptodeDepthZone3PowerAcquisitionMode_NUMBER",
192 +     "CONFIG_OptodeDepthZone3DataProcessingMode_NUMBER",
193 +     "CONFIG_OptodeDepthZone3SlicesThickness_dbar",
194 +     "CONFIG_OptodeDepthZone3DepthZone4PressureThreshold_dbar",
195 +     "CONFIG_OptodeDepthZone4PowerAcquisitionMode_NUMBER",
196 +     "CONFIG_OptodeDepthZone4DataProcessingMode_NUMBER",
197 +     "CONFIG_OptodeDepthZone4SlicesThickness_dbar",
198 +     "CONFIG_OptodeDepthZone4DepthZone5PressureThreshold_dbar",
199 +     "CONFIG_OptodeDepthZone5PowerAcquisitionMode_NUMBER",
200 +     "CONFIG_OptodeDepthZone5DataProcessingMode_NUMBER",
201 +     "CONFIG_OptodeDepthZone5SlicesThickness_dbar",
202 +     "CONFIG_OptodeWarmUpTime_msec",
203 +     "CONFIG_OptodePowerSwitchDelayMin_msec",
204 +     "CONFIG_OptodeFirstValidSample_NUMBER",
205 +     "CONFIG_OptodeMinTransmittedC1Phase_angularDeg",
206 +     "CONFIG_OptodeMaxTransmittedC1Phase_angularDeg",
207 +     "CONFIG_OptodeMinTransmittedC2Phase_angularDeg",
208 +     "CONFIG_OptodeMaxTransmittedC2Phase_angularDeg",
209 +     "CONFIG_OptodeMinTransmittedTemperature_mdegC",
210 +     "CONFIG_OptodeMaxTransmittedTemperature_mdegC",
211 +     "CONFIG_FlbbDescentToParkPresSamplingPeriod_seconds",
212 +     "CONFIG_FlbbDriftAtParkPresSamplingPeriod_minutes",
213 +     "CONFIG_FlbbDescentToProfilePresSamplingPeriod_seconds",
214 +     "CONFIG_FlbbDriftAtProfilePresSamplingPeriod_minutes",
215 +     "CONFIG_FlbbAscentSamplingPeriod_seconds",
216 +     "CONFIG_FlbbDepthZone1PowerAcquisitionMode_NUMBER",
217 +     "CONFIG_FlbbDepthZone1DataProcessingMode_NUMBER",
218 +     "CONFIG_FlbbDepthZone1SlicesThickness_dbar",
219 +     "CONFIG_FlbbDepthZone1DepthZone2PressureThreshold_dbar",
220 +     "CONFIG_FlbbDepthZone2PowerAcquisitionMode_NUMBER",
221 +     "CONFIG_FlbbDepthZone2DataProcessingMode_NUMBER",
222 +     "CONFIG_FlbbDepthZone2SlicesThickness_dbar",
223 +     "CONFIG_FlbbDepthZone2DepthZone3PressureThreshold_dbar",
224 +     "CONFIG_FlbbDepthZone3PowerAcquisitionMode_NUMBER",
225 +     "CONFIG_FlbbDepthZone3DataProcessingMode_NUMBER",
226 +     "CONFIG_FlbbDepthZone3SlicesThickness_dbar",
227 +     "CONFIG_FlbbDepthZone3DepthZone4PressureThreshold_dbar",
228 +     "CONFIG_FlbbDepthZone4PowerAcquisitionMode_NUMBER",
229 +     "CONFIG_FlbbDepthZone4DataProcessingMode_NUMBER",
230 +     "CONFIG_FlbbDepthZone4SlicesThickness_dbar",
231 +     "CONFIG_FlbbDepthZone4DepthZone5PressureThreshold_dbar",
232 +     "CONFIG_FlbbDepthZone5PowerAcquisitionMode_NUMBER",
233 +     "CONFIG_FlbbDepthZone5DataProcessingMode_NUMBER",
234 +     "CONFIG_FlbbDepthZone5SlicesThickness_dbar",
235 +     "CONFIG_FlbbWarmUpTime_msec",
236 +     "CONFIG_FlbbPowerSwitchDelayMin_msec",
237 +     "CONFIG_FlbbFirstValidSample_NUMBER",
238 +     "CONFIG_FlbbMinTransmittedChlaFluorescence_COUNT",
239 +     "CONFIG_FlbbMaxTransmittedChlaFluorescence_COUNT",
240 +     "CONFIG_FlbbMaxTransmittedBeta_COUNT",
241 +     "CONFIG_FlbbMinTransmittedBeta_COUNT",
242 + )
243 + _2902091_LAUNCH_VALUES = (
244 +     0.0,
245 +     0.0,
246 +     -0.06,
247 +     124.0,
248 +     470.0,
249 +     695.0,
250 +     700.0,
251 +     2700.0,
252 +     15.0,
253 +     60.0,
254 +     2.0,
255 +     30.0,
256 +     400.0,
257 +     2000.0,
258 +     40000.0,
259 +     30.0,
260 +     2100.0,
261 +     4.0,
262 +     8.0,
263 +     2.0,
264 +     0.0,
265 +     100.0,
266 +     200.0,
267 +     50.0,
268 +     50.0,
269 +     30.0,
270 +     83.0,
271 +     90.0,
272 +     1.524,
273 +     -442.0,
274 +     1.0,
275 +     0.0,
276 +     1.0,
277 +     1.0,
278 +     4.0,
279 +     1000.0,
280 +     2000.0,
281 +     1.0,
282 +     1.0,
283 +     60.0,
284 +     10.0,
285 +     24.0,
286 +     31.0,
287 +     12.0,
288 +     99.0,
289 +     24.0,
290 +     31.0,
291 +     12.0,
292 +     99.0,
293 +     24.0,
294 +     31.0,
295 +     12.0,
296 +     99.0,
297 +     24.0,
298 +     31.0,
299 +     12.0,
300 +     99.0,
301 +     24.0,
302 +     31.0,
303 +     12.0,
304 +     99.0,
305 +     24.0,
306 +     0.0,
307 +     720.0,
308 +     0.0,
309 +     0.0,
310 +     10.0,
311 +     3.0,
312 +     1.0,
313 +     1.0,
314 +     10.0,
315 +     3.0,
316 +     1.0,
317 +     5.0,
318 +     200.0,
319 +     3.0,
320 +     1.0,
321 +     10.0,
322 +     500.0,
323 +     3.0,
324 +     1.0,
325 +     20.0,
326 +     1000.0,
327 +     3.0,
328 +     1.0,
329 +     25.0,
330 +     4800.0,
331 +     5000.0,
332 +     0.0,
333 +     5.0,
334 +     -5.0,
335 +     2500.0,
336 +     -5.0,
337 +     50.0,
338 +     0.0,
339 +     50.0,
340 +     5.5,
341 +     0.0,
342 +     720.0,
343 +     0.0,
344 +     0.0,
345 +     10.0,
346 +     2.0,
347 +     1.0,
348 +     1.0,
349 +     10.0,
350 +     2.0,
351 +     1.0,
352 +     5.0,
353 +     200.0,
354 +     2.0,
355 +     1.0,
356 +     10.0,
357 +     500.0,
358 +     2.0,
359 +     1.0,
360 +     20.0,
361 +     1000.0,
362 +     2.0,
363 +     1.0,
364 +     25.0,
365 +     1500.0,
366 +     6000.0,
367 +     0.0,
368 +     -3.40282e38,
369 +     3.40282e38,
370 +     -3.40282e38,
371 +     3.40282e38,
372 +     -3.40282e38,
373 +     3.40282e38,
374 +     0.0,
375 +     720.0,
376 +     0.0,
377 +     0.0,
378 +     10.0,
379 +     2.0,
380 +     1.0,
381 +     1.0,
382 +     10.0,
383 +     2.0,
384 +     1.0,
385 +     5.0,
386 +     200.0,
387 +     2.0,
388 +     1.0,
389 +     10.0,
390 +     500.0,
391 +     2.0,
392 +     1.0,
393 +     20.0,
394 +     1000.0,
395 +     2.0,
396 +     1.0,
397 +     25.0,
398 +     3600.0,
399 +     4000.0,
400 +     0.0,
401 +     0.0,
402 +     4130.0,
403 +     0.0,
404 +     4130.0,
405 + )
406 +
407 + _2902091_PREDEP_EQ = (
408 +     "none",
409 +     "none",
410 +     "none",
411 +     "none",
412 +     "none",
413 +     "TEMP_DOXY=T0+T1*TEMP_VOLTAGE_DOXY+T2*TEMP_VOLTAGE_DOXY^2+T3*TEMP_VOLTAGE_DOXY^3+T4*TEMP_VOLTAGE_DOXY^4+T5*TEMP_VOLTAGE_DOXY^5; with TEMP_VOLTAGE_DOXY=voltage from thermistor bridge (mV)",
414 +     "TPHASE_DOXY=C1PHASE_DOXY-C2PHASE_DOXY; Phase_Pcorr=TPHASE_DOXY+Pcoef1*PRES/1000; CalPhase=PhaseCoef0+PhaseCoef1*Phase_Pcorr+PhaseCoef2*Phase_Pcorr^2+PhaseCoef3*Phase_Pcorr^3; deltaP=c0*TEMP_DOXY^m0*CalPhase^n0+c1*TEMP_DOXY^m1*CalPhase^n1+..+c27*TEMP_DOXY^m27*CalPhase^n27; AirSat=deltaP*100/[(1013.25-exp[52.57-6690.9/(TEMP_DOXY+273.15)-4.681*ln(TEMP_DOXY+273.15)])*0.20946]; MOLAR_DOXY=Cstar*44.614*AirSat/100; ln(Cstar)=A0+A1*Ts1+A2*Ts1^2+A3*Ts1^3+A4*Ts1^4+A5*Ts1^5; Ts1=ln[(298.15-TEMP_DOXY)/(273.15+TEMP_DOXY)]; O2=MOLAR_DOXY*Scorr*Pcorr; Scorr=A*exp[PSAL*(B0+B1*Ts2+B2*Ts2^2+B3*Ts2^3)+C0*PSAL^2]; A=[(1013.25-pH2O(TEMP,Spreset))/(1013.25-pH2O(TEMP,PSAL))]; pH2O(TEMP,S)=1013.25*exp[D0+D1*(100/(TEMP+273.15))+D2*ln((TEMP+273.15)/100)+D3*S]; Ts2=ln[(298.15-TEMP)/(273.15+TEMP)]; Pcorr=1+((Pcoef2*TEMP+Pcoef3)*PRES)/1000; DOXY=O2/rho, where rho is the potential density [kg/L] calculated from CTD data",
415 +     "none",
416 +     "none",
417 +     "CHLA=(FLUORESCENCE_CHLA-DARK_CHLA)*SCALE_CHLA",
418 +     "BBP700=2*pi*khi*((BETA_BACKSCATTERING700-DARK_BACKSCATTERING700)*SCALE_BACKSCATTERING700-BETASW700)",
419 + )
420 + _2902091_PREDEP_COEFF = (
421 +     "none",
422 +     "none",
423 +     "none",
424 +     "none",
425 +     "none",
426 +     "T0=27.4829; T1=-0.031358; T2=3.03448e-06; T3=-4.46488e-09; T4=0; T5=0",
427 +     "Spreset=0; Pcoef1=0.1, Pcoef2=0.00022, Pcoef3=0.0419; B0=-0.00624523, B1=-0.00737614, B2=-0.010341, B3=-0.00817083; C0=-4.88682e-07; PhaseCoef0=-1.60243, PhaseCoef1=1.01254, PhaseCoef2=0, PhaseCoef3=0; c0=-3.60479e-06, c1=-6.84366e-06, c2=0.0018392, c3=-0.198444, c4=0.000812123, c5=-1.22073e-06, c6=10.8689, c7=-0.0709398, c8=0.000281047, c9=-1.32885e-06, c10=-309.375, c11=2.92369, c12=-0.0222201, c13=0.000214634, c14=-7.93483e-07, c15=3792.41, c16=-49.3514, c17=0.633521, c18=-0.0108549, c19=0.000121895, c20=-7.34497e-07, c21=0, c22=0, c23=0, c24=0, c25=0, c26=0, c27=0; m0=1, m1=0, m2=0, m3=0, m4=1, m5=2, m6=0, m7=1, m8=2, m9=3, m10=0, m11=1, m12=2, m13=3, m14=4, m15=0, m16=1, m17=2, m18=3, m19=4, m20=5, m21=0, m22=0, m23=0, m24=0, m25=0, m26=0, m27=0; n0=4, n1=5, n2=4, n3=3, n4=3, n5=3, n6=2, n7=2, n8=2, n9=2, n10=1, n11=1, n12=1, n13=1, n14=1, n15=0, n16=0, n17=0, n18=0, n19=0, n20=0, n21=0, n22=0, n23=0, n24=0, n25=0, n26=0, n27=0; A0=2.00856, A1=3.224, A2=3.99063, A3=4.80299, A4=0.978188, A5=1.71069; D0=24.4543, D1=-67.4509, D2=-4.8489, D3=-0.000544",
428 +     "none",
429 +     "none",
430 +     "SCALE_CHLA=0.0073, DARK_CHLA=48",
431 +     "DARK_BACKSCATTERING700=49, SCALE_BACKSCATTERING700=1.773e-06, khi=1.097, BETASW700 (contribution of pure sea water) is calculated at 142 angularDeg",
432 + )
433 + _2902091_PREDEP_COMMENT = (
434 +     "",
435 +     "",
436 +     "",
437 +     "Phase measurement with blue excitation light; see TD269 Operating manual oxygen optode 4330, 4835, 4831",
438 +     "Phase measurement with red excitation light; see TD269 Operating manual oxygen optode 4330, 4835, 4831",
439 +     "optode temperature, see TD269 Operating manual oxygen optode 4330, 4835, 4831",
440 +     "see TD269 Operating manual oxygen optode 4330, 4835, 4831; see Processing Argo OXYGEN data at the DAC level, Version 2.2 (DOI: http://dx.doi.org/10.13155/39795)",
441 +     "Uncalibrated chlorophyll-a fluorescence measurement",
442 +     "Uncalibrated backscattering measurement",
443 +     "",
444 +     "Sullivan et al., 2012, Zhang et al., 2009, BETASW700 is the contribution by the pure seawater at 700nm, the calculation can be found at http://doi.org/10.17882/42916. Reprocessed from the file provided by Andrew Bernard (Seabird) following ADMT18. This file is accessible at http://doi.org/10.17882/54520.",
445 + )
446 |
    - _2902091_PREDEP_EQ = ('none', 'none', 'none', 'none', 'none', 'TEMP_DOXY=T0+T1*TEMP_VOLTAGE_DOXY+T2*TEMP_VOLTAGE_DOXY^2+T3*TEMP_VOLTAGE_DOXY^3+T4*TEMP_VOLTAGE_DOXY^4+T5*TEMP_VOLTAGE_DOXY^5; with TEMP_VOLTAGE_DOXY=voltage from thermistor bridge (mV)', 'TPHASE_DOXY=C1PHASE_DOXY-C2PHASE_DOXY; Phase_Pcorr=TPHASE_DOXY+Pcoef1*PRES/1000; CalPhase=PhaseCoef0+PhaseCoef1*Phase_Pcorr+PhaseCoef2*Phase_Pcorr^2+PhaseCoef3*Phase_Pcorr^3; deltaP=c0*TEMP_DOXY^m0*CalPhase^n0+c1*TEMP_DOXY^m1*CalPhase^n1+..+c27*TEMP_DOXY^m27*CalPhase^n27; AirSat=deltaP*100/[(1013.25-exp[52.57-6690.9/(TEMP_DOXY+273.15)-4.681*ln(TEMP_DOXY+273.15)])*0.20946]; MOLAR_DOXY=Cstar*44.614*AirSat/100; ln(Cstar)=A0+A1*Ts1+A2*Ts1^2+A3*Ts1^3+A4*Ts1^4+A5*Ts1^5; Ts1=ln[(298.15-TEMP_DOXY)/(273.15+TEMP_DOXY)]; O2=MOLAR_DOXY*Scorr*Pcorr; Scorr=A*exp[PSAL*(B0+B1*Ts2+B2*Ts2^2+B3*Ts2^3)+C0*PSAL^2]; A=[(1013.25-pH2O(TEMP,Spreset))/(1013.25-pH2O(TEMP,PSAL))]; pH2O(TEMP,S)=1013.25*exp[D0+D1*(100/(TEMP+273.15))+D2*ln((TEMP+273.15)/100)+D3*S]; Ts2=ln[(298.15-TEMP)/(273.15+TEMP)]; Pcorr=1+((Pcoef2*TEMP+Pcoef3)*PRES)/1000; DOXY=O2/rho, where rho is the potential density [kg/L] calculated from CTD data', 'none', 'none', 'CHLA=(FLUORESCENCE_CHLA-DARK_CHLA)*SCALE_CHLA', 'BBP700=2*pi*khi*((BETA_BACKSCATTERING700-DARK_BACKSCATTERING700)*SCALE_BACKSCATTERING700-BETASW700)')
    - _2902091_PREDEP_COEFF = ('none', 'none', 'none', 'none', 'none', 'T0=27.4829; T1=-0.031358; T2=3.03448e-06; T3=-4.46488e-09; T4=0; T5=0', 'Spreset=0; Pcoef1=0.1, Pcoef2=0.00022, Pcoef3=0.0419; B0=-0.00624523, B1=-0.00737614, B2=-0.010341, B3=-0.00817083; C0=-4.88682e-07; PhaseCoef0=-1.60243, PhaseCoef1=1.01254, PhaseCoef2=0, PhaseCoef3=0; c0=-3.60479e-06, c1=-6.84366e-06, c2=0.0018392, c3=-0.198444, c4=0.000812123, c5=-1.22073e-06, c6=10.8689, c7=-0.0709398, c8=0.000281047, c9=-1.32885e-06, c10=-309.375, c11=2.92369, c12=-0.0222201, c13=0.000214634, c14=-7.93483e-07, c15=3792.41, c16=-49.3514, c17=0.633521, c18=-0.0108549, c19=0.000121895, c20=-7.34497e-07, c21=0, c22=0, c23=0, c24=0, c25=0, c26=0, c27=0; m0=1, m1=0, m2=0, m3=0, m4=1, m5=2, m6=0, m7=1, m8=2, m9=3, m10=0, m11=1, m12=2, m13=3, m14=4, m15=0, m16=1, m17=2, m18=3, m19=4, m20=5, m21=0, m22=0, m23=0, m24=0, m25=0, m26=0, m27=0; n0=4, n1=5, n2=4, n3=3, n4=3, n5=3, n6=2, n7=2, n8=2, n9=2, n10=1, n11=1, n12=1, n13=1, n14=1, n15=0, n16=0, n17=0, n18=0, n19=0, n20=0, n21=0, n22=0, n23=0, n24=0, n25=0, n26=0, n27=0; A0=2.00856, A1=3.224, A2=3.99063, A3=4.80299, A4=0.978188, A5=1.71069; D0=24.4543, D1=-67.4509, D2=-4.8489, D3=-0.000544', 'none', 'none', 'SCALE_CHLA=0.0073, DARK_CHLA=48', 'DARK_BACKSCATTERING700=49, SCALE_BACKSCATTERING700=1.773e-06, khi=1.097, BETASW700 (contribution of pure sea water) is calculated at 142 angularDeg')
    - _2902091_PREDEP_COMMENT = ('', '', '', 'Phase measurement with blue excitation light; see TD269 Operating manual oxygen optode 4330, 4835, 4831', 'Phase measurement with red excitation light; see TD269 Operating manual oxygen optode 4330, 4835, 4831', 'optode temperature, see TD269 Operating manual oxygen optode 4330, 4835, 4831', 'see TD269 Operating manual oxygen optode 4330, 4835, 4831; see Processing Argo OXYGEN data at the DAC level, Version 2.2 (DOI: http://dx.doi.org/10.13155/39795)', 'Uncalibrated chlorophyll-a fluorescence measurement', 'Uncalibrated backscattering measurement', '', 'Sullivan et al., 2012, Zhang et al., 2009, BETASW700 is the contribution by the pure seawater at 700nm, the calculation can be found at http://doi.org/10.17882/42916. Reprocessed from the file provided by Andrew Bernard (Seabird) following ADMT18. This file is accessible at http://doi.org/10.17882/54520.')
447 |
--------------------------------------------------------------------------------
474 |         ptt="071017",
    -         sensor_serial_nos=("n/a","n/a","n/a","n/a","2662","2662"),
475 +         sensor_serial_nos=("n/a", "n/a", "n/a", "n/a", "2662", "2662"),
476 |         config_parameter_names=_2902091_CONFIG_NAMES,
--------------------------------------------------------------------------------
486 |
487 +
488 | def make_synthetic_tech_records(cycle: int = 1, n: int = 5) -> list[dict]:
489 |     """Synthetic TECH records — test-only."""
490 |     recs = []
491 |     for i in range(n):
    -         recs.append({"name": f"SYN_TECH_{i:03d}_COUNT", "value": str(i*10), "cycle_number": cycle})
492 +         recs.append(
493 +             {"name": f"SYN_TECH_{i:03d}_COUNT", "value": str(i * 10), "cycle_number": cycle}
494 +         )
495 |     # Add mandatory clock-like entry
    -     recs.append({"name": "CLOCK_FloatTime_YYYYMMDDHHMMSS", "value": "20200101000000", "cycle_number": cycle})
496 +     recs.append(
497 +         {"name": "CLOCK_FloatTime_YYYYMMDDHHMMSS", "value": "20200101000000", "cycle_number": cycle}
498 +     )
499 |     return recs
500 |
    - def make_synthetic_profiles(n_prof: int = 4, n_levels: int = 10, wmo: str = "2909999", cycle: int = 1) -> list[dict]:
501 +
502 + def make_synthetic_profiles(
503 +     n_prof: int = 4, n_levels: int = 10, wmo: str = "2909999", cycle: int = 1
504 + ) -> list[dict]:
505 |     """Synthetic profiles — test-only. Provides required pres/juld/lat/lon/cycle/direction."""
506 |     profiles = []
507 |     for i in range(n_prof):
508 |         # Vary n_levels per profile to test file-level N_LEVELS = max
    -         lev = n_levels if i % 2 == 0 else max(5, n_levels//2)
    -         profiles.append({
    -             "pres": np.linspace(0, 1000, lev, dtype=np.float32),
    -             "temp": np.linspace(20, 5, lev, dtype=np.float32) if i < 2 else np.full(lev, 99999.0, dtype=np.float32),
    -             "psal": np.linspace(35, 34, lev, dtype=np.float32) if i < 2 else np.full(lev, 99999.0, dtype=np.float32),
    -             "c1phase": np.full(lev, 50, dtype=np.float32) if i == 2 else None,
    -             "c2phase": np.full(lev, 10, dtype=np.float32) if i == 2 else None,
    -             "temp_doxy": np.full(lev, 6, dtype=np.float32) if i == 2 else None,
    -             "doxy": np.full(lev, 250, dtype=np.float32) if i == 2 else None,
    -             "fluorescence": np.full(lev, 50, dtype=np.float32) if i == 3 else None,
    -             "beta": np.full(lev, 100, dtype=np.float32) if i == 3 else None,
    -             "beta_raw": np.full(lev, 100, dtype=np.float32) if i == 3 else None,
    -             "temp_c": np.full(lev, 20, dtype=np.float32) if i == 3 else None,
    -             "psal_c": np.full(lev, 35, dtype=np.float32) if i == 3 else None,
    -             "chla": np.full(lev, 0.1, dtype=np.float32) if i == 3 else None,
    -             "bbp": np.full(lev, 0.0005, dtype=np.float32) if i == 3 else None,
    -             "chla_fluorescence": np.full(lev, 0.1, dtype=np.float32) if i == 3 else None,
    -             "juld": 2450000.0 + i * 0.1,
    -             "latitude": 10.0 + i*0.01,
    -             "longitude": 60.0 + i*0.01,
    -             "cycle_number": cycle,
    -             "direction": "A",
    -         })
509 +         lev = n_levels if i % 2 == 0 else max(5, n_levels // 2)
510 +         profiles.append(
511 +             {
512 +                 "pres": np.linspace(0, 1000, lev, dtype=np.float32),
513 +                 "temp": np.linspace(20, 5, lev, dtype=np.float32)
514 +                 if i < 2
515 +                 else np.full(lev, 99999.0, dtype=np.float32),
516 +                 "psal": np.linspace(35, 34, lev, dtype=np.float32)
517 +                 if i < 2
518 +                 else np.full(lev, 99999.0, dtype=np.float32),
519 +                 "c1phase": np.full(lev, 50, dtype=np.float32) if i == 2 else None,
520 +                 "c2phase": np.full(lev, 10, dtype=np.float32) if i == 2 else None,
521 +                 "temp_doxy": np.full(lev, 6, dtype=np.float32) if i == 2 else None,
522 +                 "doxy": np.full(lev, 250, dtype=np.float32) if i == 2 else None,
523 +                 "fluorescence": np.full(lev, 50, dtype=np.float32) if i == 3 else None,
524 +                 "beta": np.full(lev, 100, dtype=np.float32) if i == 3 else None,
525 +                 "beta_raw": np.full(lev, 100, dtype=np.float32) if i == 3 else None,
526 +                 "temp_c": np.full(lev, 20, dtype=np.float32) if i == 3 else None,
527 +                 "psal_c": np.full(lev, 35, dtype=np.float32) if i == 3 else None,
528 +                 "chla": np.full(lev, 0.1, dtype=np.float32) if i == 3 else None,
529 +                 "bbp": np.full(lev, 0.0005, dtype=np.float32) if i == 3 else None,
530 +                 "chla_fluorescence": np.full(lev, 0.1, dtype=np.float32) if i == 3 else None,
531 +                 "juld": 2450000.0 + i * 0.1,
532 +                 "latitude": 10.0 + i * 0.01,
533 +                 "longitude": 60.0 + i * 0.01,
534 +                 "cycle_number": cycle,
535 +                 "direction": "A",
536 +             }
537 +         )
538 |         # Clean None entries for write_profile _prepare_2d
--------------------------------------------------------------------------------
543 |
544 +
545 | def make_synthetic_profiles_two_wmo():
546 |     return make_synthetic_profiles(wmo="2909999"), make_synthetic_profiles(wmo="2908888")
547 |
548 +
549 | __all__ = [
    |

unformatted: File would be reformatted
    --> src/argo_decoder/writer/nc.py:104:1
     |
103  | R_STATION_PARAMETERS_TEMPLATE = [
     -
104  |     ["PRES", "TEMP", "PSAL"],
--------------------------------------------------------------------------------
193  |
194  +
195  | @dataclass(frozen=True, kw_only=True)
--------------------------------------------------------------------------------
249  |     # SENSOR_SERIAL_NO observed: n/a for CTD/OPTODE, 2662 for FLBB (per float)
     -     sensor_names: tuple[str, ...] = ("CTD_PRES", "CTD_TEMP", "CTD_CNDC", "OPTODE_DOXY", "FLUOROMETER_CHLA", "BACKSCATTERINGMETER_BBP700")
250  +     sensor_names: tuple[str, ...] = (
251  +         "CTD_PRES",
252  +         "CTD_TEMP",
253  +         "CTD_CNDC",
254  +         "OPTODE_DOXY",
255  +         "FLUOROMETER_CHLA",
256  +         "BACKSCATTERINGMETER_BBP700",
257  +     )
258  |     sensor_makers: tuple[str, ...] = ("SBE", "SBE", "SBE", "AANDERAA", "WETLABS", "WETLABS")
     -     sensor_models: tuple[str, ...] = ("SBE41CP", "SBE41CP", "SBE41CP", "AANDERAA_OPTODE_4330", "ECO_FLBB", "ECO_FLBB")
     -     sensor_serial_nos: tuple[str, ...] | None = None  # if None, writer requires explicit per-float serials
259  +     sensor_models: tuple[str, ...] = (
260  +         "SBE41CP",
261  +         "SBE41CP",
262  +         "SBE41CP",
263  +         "AANDERAA_OPTODE_4330",
264  +         "ECO_FLBB",
265  +         "ECO_FLBB",
266  +     )
267  +     sensor_serial_nos: tuple[str, ...] | None = (
268  +         None  # if None, writer requires explicit per-float serials
269  +     )
270  |
--------------------------------------------------------------------------------
275  |     config_parameter_names: tuple[str, ...]  # REQUIRED, authoritative (e.g., 7 for 2902091, 18 max)
     -     config_parameter_values: tuple[float, ...] | None = None  # legacy single-mission, len==N_CONFIG_PARAM
     -     config_mission_values: tuple[tuple[float, ...], ...] | None = None  # each mission tuple length==N_CONFIG_PARAM
276  +     config_parameter_values: tuple[float, ...] | None = (
277  +         None  # legacy single-mission, len==N_CONFIG_PARAM
278  +     )
279  +     config_mission_values: tuple[tuple[float, ...], ...] | None = (
280  +         None  # each mission tuple length==N_CONFIG_PARAM
281  +     )
282  |     config_mission_numbers: tuple[int, ...] | None = None
--------------------------------------------------------------------------------
303  |         if not isinstance(self.float_serial_no, str) or not self.float_serial_no.strip():
     -             raise ValueError("ExternalMeta.float_serial_no is required (no fabrication); e.g., OIN-12IND-FLBB-05")
304  +             raise ValueError(
305  +                 "ExternalMeta.float_serial_no is required (no fabrication); e.g., OIN-12IND-FLBB-05"
306  +             )
307  |         if not isinstance(self.wmo_inst_type, str) or not self.wmo_inst_type.strip().isdigit():
     -             raise ValueError(f"ExternalMeta.wmo_inst_type must be numeric string (e.g., 836 per 13-file evidence), got {self.wmo_inst_type!r}")
     -         if not isinstance(self.launch_date, str) or len(self.launch_date) != 14 or not self.launch_date.isdigit():
     -             raise ValueError(f"ExternalMeta.launch_date must be YYYYMMDDHHMMSS 14 digits, got {self.launch_date!r}")
308  +             raise ValueError(
309  +                 f"ExternalMeta.wmo_inst_type must be numeric string (e.g., 836 per 13-file evidence), got {self.wmo_inst_type!r}"
310  +             )
311  +         if (
312  +             not isinstance(self.launch_date, str)
313  +             or len(self.launch_date) != 14
314  +             or not self.launch_date.isdigit()
315  +         ):
316  +             raise ValueError(
317  +                 f"ExternalMeta.launch_date must be YYYYMMDDHHMMSS 14 digits, got {self.launch_date!r}"
318  +             )
319  |         # launch lat/lon validation
     -         if not isinstance(self.launch_latitude, (int, float)) or not -90 <= float(self.launch_latitude) <= 90:
     -             raise ValueError(f"ExternalMeta.launch_latitude out of range [-90,90], got {self.launch_latitude!r}")
     -         if not isinstance(self.launch_longitude, (int, float)) or not -180 <= float(self.launch_longitude) <= 180:
     -             raise ValueError(f"ExternalMeta.launch_longitude out of range [-180,180], got {self.launch_longitude!r}")
320  +         if (
321  +             not isinstance(self.launch_latitude, (int, float))
322  +             or not -90 <= float(self.launch_latitude) <= 90
323  +         ):
324  +             raise ValueError(
325  +                 f"ExternalMeta.launch_latitude out of range [-90,90], got {self.launch_latitude!r}"
326  +             )
327  +         if (
328  +             not isinstance(self.launch_longitude, (int, float))
329  +             or not -180 <= float(self.launch_longitude) <= 180
330  +         ):
331  +             raise ValueError(
332  +                 f"ExternalMeta.launch_longitude out of range [-180,180], got {self.launch_longitude!r}"
333  +             )
334  |         if not isinstance(self.project_name, str) or not self.project_name:
     -             raise ValueError("ExternalMeta.project_name is required (no default) — e.g., Indian ARGO, or explicit "" if unavailable")
335  +             raise ValueError(
336  +                 "ExternalMeta.project_name is required (no default) — e.g., Indian ARGO, or explicit "
337  +                 " if unavailable"
338  +             )
339  |         if not isinstance(self.pi_name, str) or not self.pi_name:
     -             raise ValueError("ExternalMeta.pi_name is required (no default) — e.g., M Ravichandran, or explicit "" if unavailable")
340  +             raise ValueError(
341  +                 "ExternalMeta.pi_name is required (no default) — e.g., M Ravichandran, or explicit "
342  +                 " if unavailable"
343  +             )
344  |         # Config — authoritative per-float, keyed by flbb_serial (never WMO allocation)
     -         if not isinstance(self.config_parameter_names, tuple) or len(self.config_parameter_names) == 0:
     -             raise ValueError("ExternalMeta.config_parameter_names is required (authoritative per-float, keyed by flbb_serial via dedicated CSV); no fabrication — provide tuple of names (e.g., 7 for 2902091 per GDAC); synthetic CONFIG_SYN_* is test-only (fixtures.py)")
345  +         if (
346  +             not isinstance(self.config_parameter_names, tuple)
347  +             or len(self.config_parameter_names) == 0
348  +         ):
349  +             raise ValueError(
350  +                 "ExternalMeta.config_parameter_names is required (authoritative per-float, keyed by flbb_serial via dedicated CSV); no fabrication — provide tuple of names (e.g., 7 for 2902091 per GDAC); synthetic CONFIG_SYN_* is test-only (fixtures.py)"
351  +             )
352  |         n_cfg = len(self.config_parameter_names)
353  |         if not (1 <= n_cfg <= 100):
     -             raise ValueError(f"ExternalMeta.config_parameter_names length {n_cfg} out of plausible range 1..100")
354  +             raise ValueError(
355  +                 f"ExternalMeta.config_parameter_names length {n_cfg} out of plausible range 1..100"
356  +             )
357  |         for n in self.config_parameter_names:
358  |             if not isinstance(n, str) or not n.strip():
     -                 raise ValueError(f"config_parameter_names entry must be non-empty string, got {n!r}")
359  +                 raise ValueError(
360  +                     f"config_parameter_names entry must be non-empty string, got {n!r}"
361  +                 )
362  |             # Note: CONFIG_SYN_* is test-only (fixtures.py); production must supply authoritative names via flbb_serial mechanism.
--------------------------------------------------------------------------------
368  |                 if not isinstance(vals, tuple) or len(vals) != n_cfg:
     -                     raise ValueError(f"config_mission_values[{mi}] must be tuple length {n_cfg} (N_CONFIG_PARAM), got {len(vals) if isinstance(vals, tuple) else vals!r}")
369  +                     raise ValueError(
370  +                         f"config_mission_values[{mi}] must be tuple length {n_cfg} (N_CONFIG_PARAM), got {len(vals) if isinstance(vals, tuple) else vals!r}"
371  +                     )
372  |                 for v in vals:
373  |                     if v is not None and not isinstance(v, (int, float)):
     -                         raise ValueError(f"config_mission_values entries must be float/int or None, got {v!r}")
     -             if self.config_mission_numbers is not None and len(self.config_mission_numbers) != len(self.config_mission_values):
374  +                         raise ValueError(
375  +                             f"config_mission_values entries must be float/int or None, got {v!r}"
376  +                         )
377  +             if self.config_mission_numbers is not None and len(self.config_mission_numbers) != len(
378  +                 self.config_mission_values
379  +             ):
380  |                 raise ValueError("config_mission_numbers length must match config_mission_values")
     -             if self.config_mission_comments is not None and len(self.config_mission_comments) != len(self.config_mission_values):
381  +             if self.config_mission_comments is not None and len(
382  +                 self.config_mission_comments
383  +             ) != len(self.config_mission_values):
384  |                 raise ValueError("config_mission_comments length must match config_mission_values")
385  |         elif self.config_parameter_values is not None:
386  |             if len(self.config_parameter_values) != n_cfg:
     -                 raise ValueError(f"config_parameter_values length {len(self.config_parameter_values)} must equal N_CONFIG_PARAM {n_cfg}")
387  +                 raise ValueError(
388  +                     f"config_parameter_values length {len(self.config_parameter_values)} must equal N_CONFIG_PARAM {n_cfg}"
389  +                 )
390  |         else:
     -             raise ValueError("ExternalMeta requires config values: set config_mission_values (multi-mission) or config_parameter_values (single mission legacy); no fabrication")
391  +             raise ValueError(
392  +                 "ExternalMeta requires config values: set config_mission_values (multi-mission) or config_parameter_values (single mission legacy); no fabrication"
393  +             )
394  |         # Launch config — 161 fixed if supplied, else explicit unavailable (fill)
395  |         if self.launch_config_parameter_names is not None:
396  |             if len(self.launch_config_parameter_names) != 161:
     -                 raise ValueError(f"launch_config_parameter_names must be length 161 (fixed per Argo spec) if supplied, got {len(self.launch_config_parameter_names)}")
     -             if self.launch_config_parameter_values is None or len(self.launch_config_parameter_values) != 161:
     -                 raise ValueError("launch_config_parameter_values must be length 161 when launch_config_parameter_names is supplied")
     -         if self.launch_config_parameter_values is not None and self.launch_config_parameter_names is None:
     -             raise ValueError("launch_config_parameter_values supplied without launch_config_parameter_names")
397  +                 raise ValueError(
398  +                     f"launch_config_parameter_names must be length 161 (fixed per Argo spec) if supplied, got {len(self.launch_config_parameter_names)}"
399  +                 )
400  +             if (
401  +                 self.launch_config_parameter_values is None
402  +                 or len(self.launch_config_parameter_values) != 161
403  +             ):
404  +                 raise ValueError(
405  +                     "launch_config_parameter_values must be length 161 when launch_config_parameter_names is supplied"
406  +                 )
407  +         if (
408  +             self.launch_config_parameter_values is not None
409  +             and self.launch_config_parameter_names is None
410  +         ):
411  +             raise ValueError(
412  +                 "launch_config_parameter_values supplied without launch_config_parameter_names"
413  +             )
414  |         # Predeployment — 11 per META_PARAMETER_ORDER if supplied, else official fill
     -         if self.predeployment_calib_equations is not None and len(self.predeployment_calib_equations) != N_PARAM_META:
     -             raise ValueError(f"predeployment_calib_equations must be length {N_PARAM_META} if supplied")
     -         if self.predeployment_calib_coefficients is not None and len(self.predeployment_calib_coefficients) != N_PARAM_META:
     -             raise ValueError(f"predeployment_calib_coefficients must be length {N_PARAM_META} if supplied")
     -         if self.predeployment_calib_comments is not None and len(self.predeployment_calib_comments) != N_PARAM_META:
     -             raise ValueError(f"predeployment_calib_comments must be length {N_PARAM_META} if supplied")
415  +         if (
416  +             self.predeployment_calib_equations is not None
417  +             and len(self.predeployment_calib_equations) != N_PARAM_META
418  +         ):
419  +             raise ValueError(
420  +                 f"predeployment_calib_equations must be length {N_PARAM_META} if supplied"
421  +             )
422  +         if (
423  +             self.predeployment_calib_coefficients is not None
424  +             and len(self.predeployment_calib_coefficients) != N_PARAM_META
425  +         ):
426  +             raise ValueError(
427  +                 f"predeployment_calib_coefficients must be length {N_PARAM_META} if supplied"
428  +             )
429  +         if (
430  +             self.predeployment_calib_comments is not None
431  +             and len(self.predeployment_calib_comments) != N_PARAM_META
432  +         ):
433  +             raise ValueError(
434  +                 f"predeployment_calib_comments must be length {N_PARAM_META} if supplied"
435  +             )
436  |
--------------------------------------------------------------------------------
441  |
442  +
443  | @dataclass
--------------------------------------------------------------------------------
482  |         if self.bbp_mode == "INCOIS_CORRECTED" and self.bbp_corrected_scale is None:
     -             raise ValueError("bbp_mode=INCOIS_CORRECTED requested but bbp_corrected_scale is None — fail explicitly, no fallback")
483  +             raise ValueError(
484  +                 "bbp_mode=INCOIS_CORRECTED requested but bbp_corrected_scale is None — fail explicitly, no fallback"
485  +             )
486  |
--------------------------------------------------------------------------------
500  |
501  +
502  | def _validate_wmo(wmo: str) -> None:
503  |     if not isinstance(wmo, str) or not WMO_RE.match(wmo):
     -         raise ValueError(f"WMO must be exactly seven numeric characters [0-9]{{7}}, got {wmo!r}; writer never derives WMO from IMEI/telemetry")
504  +         raise ValueError(
505  +             f"WMO must be exactly seven numeric characters [0-9]{{7}}, got {wmo!r}; writer never derives WMO from IMEI/telemetry"
506  +         )
507  |     # No allocation-range check
508  |
509  +
510  | def _validate_decoder_version(v: str) -> None:
511  |     if not isinstance(v, str) or not DECODER_VERSION_RE.match(v):
512  |         raise ValueError(f"decoder_version must match PY-301-x.y.z, got {v!r}")
513  |
514  +
515  | def _encode_padded(value: str, width: int) -> bytes:
516  |     raw = str(value)[:width].encode("utf-8")
517  |     return raw + b" " * (width - len(raw))
518  |
519  +
520  | def _utc_now_stamp() -> str:
521  |     return datetime.now(UTC).strftime("%Y%m%d%H%M%S")
522  |
523  +
524  | def _utc_iso_stamp() -> str:
525  |     return datetime.now(UTC).strftime("%Y-%m-%dT%H:%M:%SZ")
526  |
527  +
528  | def _create_string_dims(ds: netCDF4.Dataset) -> None:
--------------------------------------------------------------------------------
544  |
     - def _write_char_scalar(ds: netCDF4.Dataset, name: str, value: str, width: int, dim: str | None = None, attrs: dict | None = None):
545  +
546  + def _write_char_scalar(
547  +     ds: netCDF4.Dataset,
548  +     name: str,
549  +     value: str,
550  +     width: int,
551  +     dim: str | None = None,
552  +     attrs: dict | None = None,
553  + ):
554  |     dim_name = dim if dim is not None else f"STRING{width}"
--------------------------------------------------------------------------------
561  |
     - def _write_char_1d(ds: netCDF4.Dataset, name: str, values: list[str], dim: str, width: int, attrs: dict | None = None):
     -     var = ds.createVariable(name, "S1", (dim, f"STRING{width}" if width != DATE_TIME_LEN else "DATE_TIME"), fill_value=b" ")
562  +
563  + def _write_char_1d(
564  +     ds: netCDF4.Dataset,
565  +     name: str,
566  +     values: list[str],
567  +     dim: str,
568  +     width: int,
569  +     attrs: dict | None = None,
570  + ):
571  +     var = ds.createVariable(
572  +         name,
573  +         "S1",
574  +         (dim, f"STRING{width}" if width != DATE_TIME_LEN else "DATE_TIME"),
575  +         fill_value=b" ",
576  +     )
577  |     arr = np.full((len(values), width), b" ", dtype="S1")
--------------------------------------------------------------------------------
585  |
586  +
587  | # ---------------------------------------------------------------------------
--------------------------------------------------------------------------------
591  |
     - def _set_global_attrs(ds: netCDF4.Dataset, title: str, institution_code: str, feature_type: str | None, decoder_version: str, id_value: str | None = None):
592  +
593  + def _set_global_attrs(
594  +     ds: netCDF4.Dataset,
595  +     title: str,
596  +     institution_code: str,
597  +     feature_type: str | None,
598  +     decoder_version: str,
599  +     id_value: str | None = None,
600  + ):
601  |     dac_map = {
     -         "AO": "AOML", "BO": "BODC", "CS": "CSIRO", "GE": "BSH", "HZ": "CSIO", "IF": "IFREMER",
     -         "IN": "INCOIS", "JA": "JMA", "KM": "KMA", "KO": "KORDI", "ME": "MEDS", "NA": "NAVO",
     -         "NM": "NMDIS", "PM": "PMEL", "SI": "SIO", "SP": "SPRI", "UW": "UW", "VL": "ISDGM", "WH": "WHOI",
602  +         "AO": "AOML",
603  +         "BO": "BODC",
604  +         "CS": "CSIRO",
605  +         "GE": "BSH",
606  +         "HZ": "CSIO",
607  +         "IF": "IFREMER",
608  +         "IN": "INCOIS",
609  +         "JA": "JMA",
610  +         "KM": "KMA",
611  +         "KO": "KORDI",
612  +         "ME": "MEDS",
613  +         "NA": "NAVO",
614  +         "NM": "NMDIS",
615  +         "PM": "PMEL",
616  +         "SI": "SIO",
617  +         "SP": "SPRI",
618  +         "UW": "UW",
619  +         "VL": "ISDGM",
620  +         "WH": "WHOI",
621  |     }
--------------------------------------------------------------------------------
640  |
641  +
642  | # ---------------------------------------------------------------------------
643  | # BBP helpers — NO APPROXIMATION FALLBACK (must raise if exact calc unavailable)
644  | # ---------------------------------------------------------------------------
645  |
     - def _beta_sw(temp_c: float, psal: float, wavelength_nm: float = 700.0, theta_deg: float = 142.0, delta: float = 0.039) -> float:
646  +
647  + def _beta_sw(
648  +     temp_c: float,
649  +     psal: float,
650  +     wavelength_nm: float = 700.0,
651  +     theta_deg: float = 142.0,
652  +     delta: float = 0.039,
653  + ) -> float:
654  |     """Exact Zhang et al. 2009 betasw via decoder authoritative equations.beta_sw.
--------------------------------------------------------------------------------
661  |     except Exception as e:
     -         raise RuntimeError(f"beta_sw authoritative implementation unavailable — cannot compute BETASW700 exactly: {e}") from e
662  +         raise RuntimeError(
663  +             f"beta_sw authoritative implementation unavailable — cannot compute BETASW700 exactly: {e}"
664  +         ) from e
665  |     try:
     -         return beta_sw(float(temp_c), float(psal), float(wavelength_nm), float(theta_deg), float(delta))
666  +         return beta_sw(
667  +             float(temp_c), float(psal), float(wavelength_nm), float(theta_deg), float(delta)
668  +         )
669  |     except Exception as e:
670  |         raise RuntimeError(f"beta_sw execution failed for T={temp_c} S={psal}: {e}") from e
671  |
     - def bbp_recompute(beta_counts: np.ndarray | float, dark: float, scale: float, temp_c: np.ndarray | float, psal: np.ndarray | float, khi: float = KHI_700) -> np.ndarray | float:
672  +
673  + def bbp_recompute(
674  +     beta_counts: np.ndarray | float,
675  +     dark: float,
676  +     scale: float,
677  +     temp_c: np.ndarray | float,
678  +     psal: np.ndarray | float,
679  +     khi: float = KHI_700,
680  + ) -> np.ndarray | float:
681  |     """Recompute BBP from raw BETA, DARK, SCALE, BETASW, khi — full equation, no ratio shortcut."""
--------------------------------------------------------------------------------
689  |
690  +
691  | # ---------------------------------------------------------------------------
692  | # Meta writer — NO FABRICATION: requires external_meta
693  | # ---------------------------------------------------------------------------
694  |
695  +
696  | def write_meta(path: Path | str, inputs: WriterInputs) -> Path:
--------------------------------------------------------------------------------
700  |     if inputs.external_meta is None:
     -         raise ValueError("write_meta requires inputs.external_meta (authoritative per-float metadata); no fabrication — see writer/fixtures.py for test-only synthetic helpers")
701  +         raise ValueError(
702  +             "write_meta requires inputs.external_meta (authoritative per-float metadata); no fabrication — see writer/fixtures.py for test-only synthetic helpers"
703  +         )
704  |     meta: ExternalMeta = inputs.external_meta  # type: ignore[assignment]
705  |     if not isinstance(meta, ExternalMeta):
     -         raise ValueError("external_meta must be ExternalMeta (or dict convertible); got %r" % type(meta))
706  +         raise ValueError(
707  +             "external_meta must be ExternalMeta (or dict convertible); got %r" % type(meta)
708  +         )
709  |     path = Path(path)
--------------------------------------------------------------------------------
717  |     else:
     -         raise ValueError("ExternalMeta requires config values: set config_mission_values or config_parameter_values")
718  +         raise ValueError(
719  +             "ExternalMeta requires config values: set config_mission_values or config_parameter_values"
720  +         )
721  |     ds = netCDF4.Dataset(str(path), "w", format="NETCDF4_CLASSIC")
--------------------------------------------------------------------------------
730  |     id_val = meta.id if meta.id else None
     -     _set_global_attrs(ds, "Argo float metadata file", inputs.institution, None, inputs.decoder_version, id_value=id_val)
731  +     _set_global_attrs(
732  +         ds,
733  +         "Argo float metadata file",
734  +         inputs.institution,
735  +         None,
736  +         inputs.decoder_version,
737  +         id_value=id_val,
738  +     )
739  |     # Scalars
     -     _write_char_scalar(ds, "DATA_TYPE", "Argo meta-data", STRING16, attrs={"long_name": "Data type", "conventions": "Argo reference table 1"})
     -     _write_char_scalar(ds, "FORMAT_VERSION", "3.1", STRING4, attrs={"long_name": "File format version"})
     -     _write_char_scalar(ds, "HANDBOOK_VERSION", "1.2", STRING4, attrs={"long_name": "Data handbook version"})
740  +     _write_char_scalar(
741  +         ds,
742  +         "DATA_TYPE",
743  +         "Argo meta-data",
744  +         STRING16,
745  +         attrs={"long_name": "Data type", "conventions": "Argo reference table 1"},
746  +     )
747  +     _write_char_scalar(
748  +         ds, "FORMAT_VERSION", "3.1", STRING4, attrs={"long_name": "File format version"}
749  +     )
750  +     _write_char_scalar(
751  +         ds, "HANDBOOK_VERSION", "1.2", STRING4, attrs={"long_name": "Data handbook version"}
752  +     )
753  |     now = _utc_now_stamp()
     -     _write_char_scalar(ds, "DATE_CREATION", now, DATE_TIME_LEN, dim="DATE_TIME", attrs={"long_name": "Date of file creation", "conventions": "YYYYMMDDHHMISS"})
     -     _write_char_scalar(ds, "DATE_UPDATE", now, DATE_TIME_LEN, dim="DATE_TIME", attrs={"long_name": "Date of update of this file", "conventions": "YYYYMMDDHHMISS"})
754  +     _write_char_scalar(
755  +         ds,
756  +         "DATE_CREATION",
757  +         now,
758  +         DATE_TIME_LEN,
759  +         dim="DATE_TIME",
760  +         attrs={"long_name": "Date of file creation", "conventions": "YYYYMMDDHHMISS"},
761  +     )
762  +     _write_char_scalar(
763  +         ds,
764  +         "DATE_UPDATE",
765  +         now,
766  +         DATE_TIME_LEN,
767  +         dim="DATE_TIME",
768  +         attrs={"long_name": "Date of update of this file", "conventions": "YYYYMMDDHHMISS"},
769  +     )
770  |     var = ds.createVariable("PLATFORM_NUMBER", "S1", ("STRING8",), fill_value=b" ")
--------------------------------------------------------------------------------
774  |     # PTT — from external_meta (float-specific), may be "" or IMEI fragment
     -     _write_char_scalar(ds, "PTT", meta.ptt or "", STRING256, attrs={"long_name": "Transmission identifier (ARGOS, ORBCOMM, etc.)"})
775  +     _write_char_scalar(
776  +         ds,
777  +         "PTT",
778  +         meta.ptt or "",
779  +         STRING256,
780  +         attrs={"long_name": "Transmission identifier (ARGOS, ORBCOMM, etc.)"},
781  +     )
782  |     var = ds.createVariable("TRANS_SYSTEM", "S1", ("N_TRANS_SYSTEM", "STRING16"), fill_value=b" ")
--------------------------------------------------------------------------------
799  |     _tsi = "n/a"
     -     var = ds.createVariable("TRANS_SYSTEM_ID", "S1", ("N_TRANS_SYSTEM", "STRING32"), fill_value=b" ")
800  +     var = ds.createVariable(
801  +         "TRANS_SYSTEM_ID", "S1", ("N_TRANS_SYSTEM", "STRING32"), fill_value=b" "
802  +     )
803  |     _arr = np.full((1, STRING32), b" ", dtype="S1")
804  |     _arr[0] = np.frombuffer(_encode_padded(_tsi, STRING32), dtype="S1")
805  |     var[:] = _arr
806  |     var.setncattr("long_name", "Program identifier used by the transmission system")
     -     var = ds.createVariable("TRANS_FREQUENCY", "S1", ("N_TRANS_SYSTEM", "STRING16"), fill_value=b" ")
807  +     var = ds.createVariable(
808  +         "TRANS_FREQUENCY", "S1", ("N_TRANS_SYSTEM", "STRING16"), fill_value=b" "
809  +     )
810  |     _arr = np.full((1, STRING16), b" ", dtype="S1")
--------------------------------------------------------------------------------
817  |         arr[i] = np.frombuffer(_encode_padded(ps, STRING8), dtype="S1")
     -     var = ds.createVariable("POSITIONING_SYSTEM", "S1", ("N_POSITIONING_SYSTEM", "STRING8"), fill_value=b" ")
818  +     var = ds.createVariable(
819  +         "POSITIONING_SYSTEM", "S1", ("N_POSITIONING_SYSTEM", "STRING8"), fill_value=b" "
820  +     )
821  |     var[:] = arr
822  |     var.setncattr("long_name", "Positioning system")
823  |     # Family-generic with external override — conventions from Argo reference tables 22/23/24 (official)
     -     _write_char_scalar(ds, "PLATFORM_FAMILY", meta.platform_family, STRING256, attrs={"long_name": "Category of instrument", "conventions": "Argo reference table 22"})
     -     _write_char_scalar(ds, "PLATFORM_TYPE", meta.platform_type, STRING32, attrs={"long_name": "Type of float", "conventions": "Argo reference table 23"})
     -     _write_char_scalar(ds, "PLATFORM_MAKER", meta.platform_maker, STRING256, attrs={"long_name": "Name of the manufacturer", "conventions": "Argo reference table 24"})
     -     _write_char_scalar(ds, "FIRMWARE_VERSION", meta.firmware_version, STRING32, attrs={"long_name": "Firmware version for the float"})
     -     _write_char_scalar(ds, "MANUAL_VERSION", meta.manual_version, STRING16, attrs={"long_name": "Manual version for the float"})
     -     _write_char_scalar(ds, "FLOAT_SERIAL_NO", meta.float_serial_no, STRING32, attrs={"long_name": "Serial number of the float"})
     -     _write_char_scalar(ds, "STANDARD_FORMAT_ID", meta.standard_format_id, STRING16, attrs={"long_name": "Standard format number to describe the data format type for each float"})
     -     _write_char_scalar(ds, "DAC_FORMAT_ID", meta.dac_format_id, STRING16, attrs={"long_name": "Format number used by the DAC to describe the data format type for each float"})
     -     _write_char_scalar(ds, "WMO_INST_TYPE", meta.wmo_inst_type, STRING4, attrs={"long_name": "Coded instrument type", "conventions": "Argo reference table 8"})
     -     _write_char_scalar(ds, "PROJECT_NAME", meta.project_name, STRING64, attrs={"long_name": "Program under which the float was deployed"})
     -     _write_char_scalar(ds, "DATA_CENTRE", meta.data_centre or inputs.institution, STRING2, attrs={"long_name": "Data centre in charge of float real-time processing", "conventions": "Argo reference table 4"})
     -     _write_char_scalar(ds, "PI_NAME", meta.pi_name, STRING64, attrs={"long_name": "Name of the principal investigator"})
     -     _write_char_scalar(ds, "ANOMALY", "", STRING256, attrs={"long_name": "Describe any anomalies or problems the float may have had"})
     -     _write_char_scalar(ds, "BATTERY_TYPE", meta.battery_type, STRING64, attrs={"long_name": "Type of battery packs in the float"})
     -     _write_char_scalar(ds, "BATTERY_PACKS", meta.battery_packs, STRING64, attrs={"long_name": "Configuration of battery packs in the float"})
     -     _write_char_scalar(ds, "CONTROLLER_BOARD_TYPE_PRIMARY", meta.controller_board_type_primary, STRING32, attrs={"long_name": "Type of primary controller board"})
     -     _write_char_scalar(ds, "CONTROLLER_BOARD_TYPE_SECONDARY", meta.controller_board_type_secondary, STRING32, attrs={"long_name": "Type of secondary controller board"})
     -     _write_char_scalar(ds, "CONTROLLER_BOARD_SERIAL_NO_PRIMARY", meta.controller_board_serial_no_primary, STRING32, attrs={"long_name": "Serial number of the primary controller board"})
     -     _write_char_scalar(ds, "CONTROLLER_BOARD_SERIAL_NO_SECONDARY", meta.controller_board_serial_no_secondary, STRING32, attrs={"long_name": "Serial number of the secondary controller board"})
     -     _write_char_scalar(ds, "SPECIAL_FEATURES", "", STRING1024, attrs={"long_name": "Extra features of the float (algorithms, compressee etc.)"})
     -     _write_char_scalar(ds, "FLOAT_OWNER", meta.float_owner, STRING64, attrs={"long_name": "Float owner"})
     -     _write_char_scalar(ds, "OPERATING_INSTITUTION", meta.operating_institution, STRING64, attrs={"long_name": "Operating institution of the float"})
     -     _write_char_scalar(ds, "CUSTOMISATION", meta.customisation, STRING1024, attrs={"long_name": "Float customisation, i.e. (institution and modifications)"})
     -     _write_char_scalar(ds, "LAUNCH_DATE", meta.launch_date, DATE_TIME_LEN, dim="DATE_TIME", attrs={"long_name": "Date (UTC) of the deployment", "conventions": "YYYYMMDDHHMISS"})
824  +     _write_char_scalar(
825  +         ds,
826  +         "PLATFORM_FAMILY",
827  +         meta.platform_family,
828  +         STRING256,
829  +         attrs={"long_name": "Category of instrument", "conventions": "Argo reference table 22"},
830  +     )
831  +     _write_char_scalar(
832  +         ds,
833  +         "PLATFORM_TYPE",
834  +         meta.platform_type,
835  +         STRING32,
836  +         attrs={"long_name": "Type of float", "conventions": "Argo reference table 23"},
837  +     )
838  +     _write_char_scalar(
839  +         ds,
840  +         "PLATFORM_MAKER",
841  +         meta.platform_maker,
842  +         STRING256,
843  +         attrs={"long_name": "Name of the manufacturer", "conventions": "Argo reference table 24"},
844  +     )
845  +     _write_char_scalar(
846  +         ds,
847  +         "FIRMWARE_VERSION",
848  +         meta.firmware_version,
849  +         STRING32,
850  +         attrs={"long_name": "Firmware version for the float"},
851  +     )
852  +     _write_char_scalar(
853  +         ds,
854  +         "MANUAL_VERSION",
855  +         meta.manual_version,
856  +         STRING16,
857  +         attrs={"long_name": "Manual version for the float"},
858  +     )
859  +     _write_char_scalar(
860  +         ds,
861  +         "FLOAT_SERIAL_NO",
862  +         meta.float_serial_no,
863  +         STRING32,
864  +         attrs={"long_name": "Serial number of the float"},
865  +     )
866  +     _write_char_scalar(
867  +         ds,
868  +         "STANDARD_FORMAT_ID",
869  +         meta.standard_format_id,
870  +         STRING16,
871  +         attrs={
872  +             "long_name": "Standard format number to describe the data format type for each float"
873  +         },
874  +     )
875  +     _write_char_scalar(
876  +         ds,
877  +         "DAC_FORMAT_ID",
878  +         meta.dac_format_id,
879  +         STRING16,
880  +         attrs={
881  +             "long_name": "Format number used by the DAC to describe the data format type for each float"
882  +         },
883  +     )
884  +     _write_char_scalar(
885  +         ds,
886  +         "WMO_INST_TYPE",
887  +         meta.wmo_inst_type,
888  +         STRING4,
889  +         attrs={"long_name": "Coded instrument type", "conventions": "Argo reference table 8"},
890  +     )
891  +     _write_char_scalar(
892  +         ds,
893  +         "PROJECT_NAME",
894  +         meta.project_name,
895  +         STRING64,
896  +         attrs={"long_name": "Program under which the float was deployed"},
897  +     )
898  +     _write_char_scalar(
899  +         ds,
900  +         "DATA_CENTRE",
901  +         meta.data_centre or inputs.institution,
902  +         STRING2,
903  +         attrs={
904  +             "long_name": "Data centre in charge of float real-time processing",
905  +             "conventions": "Argo reference table 4",
906  +         },
907  +     )
908  +     _write_char_scalar(
909  +         ds,
910  +         "PI_NAME",
911  +         meta.pi_name,
912  +         STRING64,
913  +         attrs={"long_name": "Name of the principal investigator"},
914  +     )
915  +     _write_char_scalar(
916  +         ds,
917  +         "ANOMALY",
918  +         "",
919  +         STRING256,
920  +         attrs={"long_name": "Describe any anomalies or problems the float may have had"},
921  +     )
922  +     _write_char_scalar(
923  +         ds,
924  +         "BATTERY_TYPE",
925  +         meta.battery_type,
926  +         STRING64,
927  +         attrs={"long_name": "Type of battery packs in the float"},
928  +     )
929  +     _write_char_scalar(
930  +         ds,
931  +         "BATTERY_PACKS",
932  +         meta.battery_packs,
933  +         STRING64,
934  +         attrs={"long_name": "Configuration of battery packs in the float"},
935  +     )
936  +     _write_char_scalar(
937  +         ds,
938  +         "CONTROLLER_BOARD_TYPE_PRIMARY",
939  +         meta.controller_board_type_primary,
940  +         STRING32,
941  +         attrs={"long_name": "Type of primary controller board"},
942  +     )
943  +     _write_char_scalar(
944  +         ds,
945  +         "CONTROLLER_BOARD_TYPE_SECONDARY",
946  +         meta.controller_board_type_secondary,
947  +         STRING32,
948  +         attrs={"long_name": "Type of secondary controller board"},
949  +     )
950  +     _write_char_scalar(
951  +         ds,
952  +         "CONTROLLER_BOARD_SERIAL_NO_PRIMARY",
953  +         meta.controller_board_serial_no_primary,
954  +         STRING32,
955  +         attrs={"long_name": "Serial number of the primary controller board"},
956  +     )
957  +     _write_char_scalar(
958  +         ds,
959  +         "CONTROLLER_BOARD_SERIAL_NO_SECONDARY",
960  +         meta.controller_board_serial_no_secondary,
961  +         STRING32,
962  +         attrs={"long_name": "Serial number of the secondary controller board"},
963  +     )
964  +     _write_char_scalar(
965  +         ds,
966  +         "SPECIAL_FEATURES",
967  +         "",
968  +         STRING1024,
969  +         attrs={"long_name": "Extra features of the float (algorithms, compressee etc.)"},
970  +     )
971  +     _write_char_scalar(
972  +         ds, "FLOAT_OWNER", meta.float_owner, STRING64, attrs={"long_name": "Float owner"}
973  +     )
974  +     _write_char_scalar(
975  +         ds,
976  +         "OPERATING_INSTITUTION",
977  +         meta.operating_institution,
978  +         STRING64,
979  +         attrs={"long_name": "Operating institution of the float"},
980  +     )
981  +     _write_char_scalar(
982  +         ds,
983  +         "CUSTOMISATION",
984  +         meta.customisation,
985  +         STRING1024,
986  +         attrs={"long_name": "Float customisation, i.e. (institution and modifications)"},
987  +     )
988  +     _write_char_scalar(
989  +         ds,
990  +         "LAUNCH_DATE",
991  +         meta.launch_date,
992  +         DATE_TIME_LEN,
993  +         dim="DATE_TIME",
994  +         attrs={"long_name": "Date (UTC) of the deployment", "conventions": "YYYYMMDDHHMISS"},
995  +     )
996  |     var = ds.createVariable("LAUNCH_LATITUDE", "f8", (), fill_value=DOUBLE_FILL)
--------------------------------------------------------------------------------
1030 |     _sd = (meta.start_date or "").strip() or None
     -     _write_char_scalar(ds, "START_DATE", _sd if _sd else " " * DATE_TIME_LEN, DATE_TIME_LEN, dim="DATE_TIME", attrs={"long_name": "Date (UTC) of the first descent of the float", "conventions": "YYYYMMDDHHMISS"})
1031 +     _write_char_scalar(
1032 +         ds,
1033 +         "START_DATE",
1034 +         _sd if _sd else " " * DATE_TIME_LEN,
1035 +         DATE_TIME_LEN,
1036 +         dim="DATE_TIME",
1037 +         attrs={
1038 +             "long_name": "Date (UTC) of the first descent of the float",
1039 +             "conventions": "YYYYMMDDHHMISS",
1040 +         },
1041 +     )
1042 |     # Argo reference table 2 (UM 3.1 p76): '9' = "Missing value. Data
--------------------------------------------------------------------------------
1051 |     _su = (meta.startup_date or "").strip() or None
     -     _write_char_scalar(ds, "STARTUP_DATE", _su if _su else " " * DATE_TIME_LEN, DATE_TIME_LEN, dim="DATE_TIME", attrs={"long_name": "Date (UTC) of the activation of the float", "conventions": "YYYYMMDDHHMISS"})
1052 +     _write_char_scalar(
1053 +         ds,
1054 +         "STARTUP_DATE",
1055 +         _su if _su else " " * DATE_TIME_LEN,
1056 +         DATE_TIME_LEN,
1057 +         dim="DATE_TIME",
1058 +         attrs={
1059 +             "long_name": "Date (UTC) of the activation of the float",
1060 +             "conventions": "YYYYMMDDHHMISS",
1061 +         },
1062 +     )
1063 |     var = ds.createVariable("STARTUP_DATE_QC", "S1", (), fill_value=b" ")
1064 |     var[()] = np.array(b"1" if _su else b"9", dtype="S1")
1065 |     var.setncattr("long_name", "Quality on startup date")
1066 |     var.setncattr("conventions", "Argo reference table 2")
     -     _write_char_scalar(ds, "DEPLOYMENT_PLATFORM", meta.deployment_platform, STRING32, attrs={"long_name": "Identifier of the deployment platform"})
     -     _write_char_scalar(ds, "DEPLOYMENT_CRUISE_ID", meta.deployment_cruise_id, STRING32, attrs={"long_name": "Identification number or reference number of the cruise used to deploy the float"})
     -     _write_char_scalar(ds, "DEPLOYMENT_REFERENCE_STATION_ID", meta.deployment_reference_station_id, STRING256, attrs={"long_name": "Identifier or reference number of co-located stations used to verify the first profile"})
     -     _write_char_scalar(ds, "END_MISSION_DATE", meta.end_mission_date, DATE_TIME_LEN, dim="DATE_TIME", attrs={"long_name": "Date (UTC) of the end of mission of the float", "conventions": "YYYYMMDDHHMISS"})
1067 +     _write_char_scalar(
1068 +         ds,
1069 +         "DEPLOYMENT_PLATFORM",
1070 +         meta.deployment_platform,
1071 +         STRING32,
1072 +         attrs={"long_name": "Identifier of the deployment platform"},
1073 +     )
1074 +     _write_char_scalar(
1075 +         ds,
1076 +         "DEPLOYMENT_CRUISE_ID",
1077 +         meta.deployment_cruise_id,
1078 +         STRING32,
1079 +         attrs={
1080 +             "long_name": "Identification number or reference number of the cruise used to deploy the float"
1081 +         },
1082 +     )
1083 +     _write_char_scalar(
1084 +         ds,
1085 +         "DEPLOYMENT_REFERENCE_STATION_ID",
1086 +         meta.deployment_reference_station_id,
1087 +         STRING256,
1088 +         attrs={
1089 +             "long_name": "Identifier or reference number of co-located stations used to verify the first profile"
1090 +         },
1091 +     )
1092 +     _write_char_scalar(
1093 +         ds,
1094 +         "END_MISSION_DATE",
1095 +         meta.end_mission_date,
1096 +         DATE_TIME_LEN,
1097 +         dim="DATE_TIME",
1098 +         attrs={
1099 +             "long_name": "Date (UTC) of the end of mission of the float",
1100 +             "conventions": "YYYYMMDDHHMISS",
1101 +         },
1102 +     )
1103 |     var = ds.createVariable("END_MISSION_STATUS", "S1", (), fill_value=b" ")
--------------------------------------------------------------------------------
1108 |     # If supplied via ExternalMeta (tuple length 161), write authoritative values; else fill with blanks/_FillValue (explicit unavailable).
     -     var = ds.createVariable("LAUNCH_CONFIG_PARAMETER_NAME", "S1", ("N_LAUNCH_CONFIG_PARAM", "STRING128"), fill_value=b" ")
1109 +     var = ds.createVariable(
1110 +         "LAUNCH_CONFIG_PARAMETER_NAME",
1111 +         "S1",
1112 +         ("N_LAUNCH_CONFIG_PARAM", "STRING128"),
1113 +         fill_value=b" ",
1114 +     )
1115 |     arr = np.full((161, STRING128), b" ", dtype="S1")
--------------------------------------------------------------------------------
1120 |     var.setncattr("long_name", "Name of configuration parameter at launch")
     -     var = ds.createVariable("LAUNCH_CONFIG_PARAMETER_VALUE", "f8", ("N_LAUNCH_CONFIG_PARAM",), fill_value=float(DOUBLE_FILL))
1121 +     var = ds.createVariable(
1122 +         "LAUNCH_CONFIG_PARAMETER_VALUE",
1123 +         "f8",
1124 +         ("N_LAUNCH_CONFIG_PARAM",),
1125 +         fill_value=float(DOUBLE_FILL),
1126 +     )
1127 |     vals = np.full((161,), float(DOUBLE_FILL), dtype=np.float64)
--------------------------------------------------------------------------------
1135 |     # Values must be authoritative via flbb_serial dedicated mechanism; no CONFIG_SYN_* synthesis in production.
     -     var = ds.createVariable("CONFIG_PARAMETER_NAME", "S1", ("N_CONFIG_PARAM", "STRING128"), fill_value=b" ")
1136 +     var = ds.createVariable(
1137 +         "CONFIG_PARAMETER_NAME", "S1", ("N_CONFIG_PARAM", "STRING128"), fill_value=b" "
1138 +     )
1139 |     arr = np.full((n_config_param, STRING128), b" ", dtype="S1")
--------------------------------------------------------------------------------
1144 |     var.setncattr("conventions", "Argo reference table 13")
     -     var = ds.createVariable("CONFIG_PARAMETER_VALUE", "f8", ("N_MISSIONS", "N_CONFIG_PARAM"), fill_value=float(DOUBLE_FILL))
1145 +     var = ds.createVariable(
1146 +         "CONFIG_PARAMETER_VALUE",
1147 +         "f8",
1148 +         ("N_MISSIONS", "N_CONFIG_PARAM"),
1149 +         fill_value=float(DOUBLE_FILL),
1150 +     )
1151 |     data = np.full((n_missions, n_config_param), float(DOUBLE_FILL), dtype=np.float64)
--------------------------------------------------------------------------------
1161 |     else:
     -         raise ValueError("ExternalMeta requires config values: set config_mission_values or config_parameter_values; no fabrication")
1162 +         raise ValueError(
1163 +             "ExternalMeta requires config values: set config_mission_values or config_parameter_values; no fabrication"
1164 +         )
1165 |     var[:] = data
1166 |     var.setncattr("long_name", "Value of configuration parameter")
     -     var = ds.createVariable("CONFIG_MISSION_NUMBER", "i4", ("N_MISSIONS",), fill_value=int(INT_FILL))
1167 +     var = ds.createVariable(
1168 +         "CONFIG_MISSION_NUMBER", "i4", ("N_MISSIONS",), fill_value=int(INT_FILL)
1169 +     )
1170 |     if meta.config_mission_numbers is not None:
1171 |         var[:] = np.array(list(meta.config_mission_numbers), dtype=np.int32)
1172 |     elif meta.config_mission_values is not None:
     -         var[:] = np.array(list(range(1, n_missions+1)), dtype=np.int32)
1173 +         var[:] = np.array(list(range(1, n_missions + 1)), dtype=np.int32)
1174 |     else:
1175 |         var[:] = np.array([meta.config_mission_number], dtype=np.int32)
1176 |     var.setncattr("long_name", "Unique number denoting the missions performed by the float")
1177 |     var.setncattr("conventions", "1...N, 1 : first complete mission")
     -     var = ds.createVariable("CONFIG_MISSION_COMMENT", "S1", ("N_MISSIONS", "STRING256"), fill_value=b" ")
1178 +     var = ds.createVariable(
1179 +         "CONFIG_MISSION_COMMENT", "S1", ("N_MISSIONS", "STRING256"), fill_value=b" "
1180 +     )
1181 |     arr = np.full((n_missions, STRING256), b" ", dtype="S1")
--------------------------------------------------------------------------------
1222 |         # Fail if not supplied for FLBB slots? For strict audit, require explicit serials
     -         raise ValueError("ExternalMeta.sensor_serial_nos is required (no fabrication); provide 6 entries (e.g., n/a for CTD, FLBB serial for FLBB)")
1223 +         raise ValueError(
1224 +             "ExternalMeta.sensor_serial_nos is required (no fabrication); provide 6 entries (e.g., n/a for CTD, FLBB serial for FLBB)"
1225 +         )
1226 |     var[:] = arr
--------------------------------------------------------------------------------
1237 |     arr = np.full((N_PARAM_META, STRING128), b" ", dtype="S1")
     -     mapping = ["CTD_PRES","CTD_TEMP","CTD_CNDC","OPTODE_DOXY","OPTODE_DOXY","OPTODE_DOXY","OPTODE_DOXY","FLUOROMETER_CHLA","BACKSCATTERINGMETER_BBP700","FLUOROMETER_CHLA","BACKSCATTERINGMETER_BBP700"]
1238 +     mapping = [
1239 +         "CTD_PRES",
1240 +         "CTD_TEMP",
1241 +         "CTD_CNDC",
1242 +         "OPTODE_DOXY",
1243 +         "OPTODE_DOXY",
1244 +         "OPTODE_DOXY",
1245 +         "OPTODE_DOXY",
1246 +         "FLUOROMETER_CHLA",
1247 +         "BACKSCATTERINGMETER_BBP700",
1248 +         "FLUOROMETER_CHLA",
1249 +         "BACKSCATTERINGMETER_BBP700",
1250 +     ]
1251 |     for i, m in enumerate(mapping):
--------------------------------------------------------------------------------
1280 |     # If supplied via ExternalMeta (tuples length 11), write authoritative values; else write official fill ("none"/blank).
     -     _pre_ln = {"PREDEPLOYMENT_CALIB_EQUATION": "Calibration equation for this parameter",
     -                "PREDEPLOYMENT_CALIB_COEFFICIENT": "Calibration coefficients for this equation",
     -                "PREDEPLOYMENT_CALIB_COMMENT": "Comment applying to this parameter calibration"}
     -     for var_name in ["PREDEPLOYMENT_CALIB_EQUATION","PREDEPLOYMENT_CALIB_COEFFICIENT","PREDEPLOYMENT_CALIB_COMMENT"]:
1281 +     _pre_ln = {
1282 +         "PREDEPLOYMENT_CALIB_EQUATION": "Calibration equation for this parameter",
1283 +         "PREDEPLOYMENT_CALIB_COEFFICIENT": "Calibration coefficients for this equation",
1284 +         "PREDEPLOYMENT_CALIB_COMMENT": "Comment applying to this parameter calibration",
1285 +     }
1286 +     for var_name in [
1287 +         "PREDEPLOYMENT_CALIB_EQUATION",
1288 +         "PREDEPLOYMENT_CALIB_COEFFICIENT",
1289 +         "PREDEPLOYMENT_CALIB_COMMENT",
1290 +     ]:
1291 |         var = ds.createVariable(var_name, "S1", ("N_PARAM", "STRING4096"), fill_value=b" ")
--------------------------------------------------------------------------------
1328 |                         # Use bbp_original_scale if supplied via WriterInputs, else explicit unavailable
     -                         scale = inputs.bbp_original_scale if inputs.bbp_original_scale is not None else "unknown"
1329 +                         scale = (
1330 +                             inputs.bbp_original_scale
1331 +                             if inputs.bbp_original_scale is not None
1332 +                             else "unknown"
1333 +                         )
1334 |                         if scale == "unknown":
--------------------------------------------------------------------------------
1358 |
1359 +
1360 | # ---------------------------------------------------------------------------
1361 | # Tech writer — NO FABRICATION: requires tech_records
1362 | # ---------------------------------------------------------------------------
1363 |
     - def write_tech(path: Path | str, inputs: WriterInputs, tech_records: list[dict] | None = None) -> Path:
1364 +
1365 + def write_tech(
1366 +     path: Path | str, inputs: WriterInputs, tech_records: list[dict] | None = None
1367 + ) -> Path:
1368 |     _validate_wmo(inputs.wmo)
1369 |     _validate_decoder_version(inputs.decoder_version)
1370 |     if tech_records is None or len(tech_records) == 0:
     -         raise ValueError("write_tech requires non-empty tech_records (authoritative engineering data); no fabrication — see writer/fixtures.py for test-only helpers")
1371 +         raise ValueError(
1372 +             "write_tech requires non-empty tech_records (authoritative engineering data); no fabrication — see writer/fixtures.py for test-only helpers"
1373 +         )
1374 |     path = Path(path)
1375 |     path.parent.mkdir(parents=True, exist_ok=True)
1376 |     ds = netCDF4.Dataset(str(path), "w", format="NETCDF4_CLASSIC")
     -     for dim_name, width in (("STRING2", 2), ("STRING4", 4), ("STRING8", 8),
     -                             ("STRING32", 32), ("STRING128", 128)):
1377 +     for dim_name, width in (
1378 +         ("STRING2", 2),
1379 +         ("STRING4", 4),
1380 +         ("STRING8", 8),
1381 +         ("STRING32", 32),
1382 +         ("STRING128", 128),
1383 +     ):
1384 |         ds.createDimension(dim_name, width)
1385 |     ds.createDimension("DATE_TIME", DATE_TIME_LEN)
1386 |     ds.createDimension("N_TECH_PARAM", None)
     -     id_val = inputs.external_meta.id if isinstance(inputs.external_meta, ExternalMeta) and inputs.external_meta.id else None
     -     _set_global_attrs(ds, "Argo float technical data file", inputs.institution, None, inputs.decoder_version, id_value=id_val)
     -     _write_char_scalar(ds, "DATA_TYPE", "Argo technical data", STRING32, attrs={"long_name": "Data type", "conventions": "Argo reference table 1"})
     -     _write_char_scalar(ds, "FORMAT_VERSION", "3.1", STRING4, attrs={"long_name": "File format version"})
     -     _write_char_scalar(ds, "HANDBOOK_VERSION", "1.2", STRING4, attrs={"long_name": "Data handbook version"})
1387 +     id_val = (
1388 +         inputs.external_meta.id
1389 +         if isinstance(inputs.external_meta, ExternalMeta) and inputs.external_meta.id
1390 +         else None
1391 +     )
1392 +     _set_global_attrs(
1393 +         ds,
1394 +         "Argo float technical data file",
1395 +         inputs.institution,
1396 +         None,
1397 +         inputs.decoder_version,
1398 +         id_value=id_val,
1399 +     )
1400 +     _write_char_scalar(
1401 +         ds,
1402 +         "DATA_TYPE",
1403 +         "Argo technical data",
1404 +         STRING32,
1405 +         attrs={"long_name": "Data type", "conventions": "Argo reference table 1"},
1406 +     )
1407 +     _write_char_scalar(
1408 +         ds, "FORMAT_VERSION", "3.1", STRING4, attrs={"long_name": "File format version"}
1409 +     )
1410 +     _write_char_scalar(
1411 +         ds, "HANDBOOK_VERSION", "1.2", STRING4, attrs={"long_name": "Data handbook version"}
1412 +     )
1413 |     now = _utc_now_stamp()
     -     _write_char_scalar(ds, "DATE_CREATION", now, DATE_TIME_LEN, dim="DATE_TIME", attrs={"long_name": "Date of file creation", "conventions": "YYYYMMDDHHMISS"})
     -     _write_char_scalar(ds, "DATE_UPDATE", now, DATE_TIME_LEN, dim="DATE_TIME", attrs={"long_name": "Date of update of this file", "conventions": "YYYYMMDDHHMISS"})
1414 +     _write_char_scalar(
1415 +         ds,
1416 +         "DATE_CREATION",
1417 +         now,
1418 +         DATE_TIME_LEN,
1419 +         dim="DATE_TIME",
1420 +         attrs={"long_name": "Date of file creation", "conventions": "YYYYMMDDHHMISS"},
1421 +     )
1422 +     _write_char_scalar(
1423 +         ds,
1424 +         "DATE_UPDATE",
1425 +         now,
1426 +         DATE_TIME_LEN,
1427 +         dim="DATE_TIME",
1428 +         attrs={"long_name": "Date of update of this file", "conventions": "YYYYMMDDHHMISS"},
1429 +     )
1430 |     var = ds.createVariable("PLATFORM_NUMBER", "S1", ("STRING8",), fill_value=b" ")
1431 |     var[:] = np.frombuffer(_encode_padded(inputs.wmo, STRING8), dtype="S1")
1432 |     var.setncattr("long_name", "Float unique identifier")
1433 |     var.setncattr("conventions", "WMO float identifier : A9IIIII")
     -     _write_char_scalar(ds, "DATA_CENTRE", inputs.institution, STRING2, attrs={"long_name": "Data centre in charge of float data processing", "conventions": "Argo reference table 4"})
1434 +     _write_char_scalar(
1435 +         ds,
1436 +         "DATA_CENTRE",
1437 +         inputs.institution,
1438 +         STRING2,
1439 +         attrs={
1440 +             "long_name": "Data centre in charge of float data processing",
1441 +             "conventions": "Argo reference table 4",
1442 +         },
1443 +     )
1444 |     n = len(tech_records)
     -     var = ds.createVariable("TECHNICAL_PARAMETER_NAME", "S1", ("N_TECH_PARAM", "STRING128"), fill_value=b" ")
1445 +     var = ds.createVariable(
1446 +         "TECHNICAL_PARAMETER_NAME", "S1", ("N_TECH_PARAM", "STRING128"), fill_value=b" "
1447 +     )
1448 |     arr = np.full((n, STRING128), b" ", dtype="S1")
--------------------------------------------------------------------------------
1454 |     var.setncattr("long_name", "Name of technical parameter")
     -     var = ds.createVariable("TECHNICAL_PARAMETER_VALUE", "S1", ("N_TECH_PARAM", "STRING128"), fill_value=b" ")
1455 +     var = ds.createVariable(
1456 +         "TECHNICAL_PARAMETER_VALUE", "S1", ("N_TECH_PARAM", "STRING128"), fill_value=b" "
1457 +     )
1458 |     arr = np.full((n, STRING128), b" ", dtype="S1")
--------------------------------------------------------------------------------
1472 |
1473 +
1474 | # ---------------------------------------------------------------------------
1475 | # Profile helpers
1476 | # ---------------------------------------------------------------------------
1477 |
1478 +
1479 | def _profile_filename(wmo: str, cycle: int, is_bgc: bool, data_modes: list[str]) -> str:
--------------------------------------------------------------------------------
1486 |         if m != "R":
     -             raise ValueError(f"Real-time only pipeline supports DATA_MODE='R' only, got {m!r} (D/BD not supported as output; D/BD are reference evidence only)")
1487 +             raise ValueError(
1488 +                 f"Real-time only pipeline supports DATA_MODE='R' only, got {m!r} (D/BD not supported as output; D/BD are reference evidence only)"
1489 +             )
1490 |     if is_bgc:
--------------------------------------------------------------------------------
1494 |
     - def _write_profile_common(ds: netCDF4.Dataset, inputs: WriterInputs, n_prof: int, n_levels: int, n_param: int, is_bgc: bool):
1495 +
1496 + def _write_profile_common(
1497 +     ds: netCDF4.Dataset,
1498 +     inputs: WriterInputs,
1499 +     n_prof: int,
1500 +     n_levels: int,
1501 +     n_param: int,
1502 +     is_bgc: bool,
1503 + ):
1504 |     # profile/b_profile v3.1 allow only STRING2..1024 (no STRING128/STRING4096)
     -     for _dim_name, _width in (("STRING2", STRING2), ("STRING4", STRING4),
     -                               ("STRING8", STRING8), ("STRING16", STRING16),
     -                               ("STRING32", STRING32), ("STRING64", STRING64),
     -                               ("STRING256", STRING256), ("STRING1024", 1024),
     -                               ("DATE_TIME", DATE_TIME_LEN)):
1505 +     for _dim_name, _width in (
1506 +         ("STRING2", STRING2),
1507 +         ("STRING4", STRING4),
1508 +         ("STRING8", STRING8),
1509 +         ("STRING16", STRING16),
1510 +         ("STRING32", STRING32),
1511 +         ("STRING64", STRING64),
1512 +         ("STRING256", STRING256),
1513 +         ("STRING1024", 1024),
1514 +         ("DATE_TIME", DATE_TIME_LEN),
1515 +     ):
1516 |         if _dim_name not in ds.dimensions:
--------------------------------------------------------------------------------
1524 |     title = "Argo float vertical profile"
     -     id_val = inputs.external_meta.id if isinstance(inputs.external_meta, ExternalMeta) and inputs.external_meta.id else None
     -     _set_global_attrs(ds, title, inputs.institution, feature, inputs.decoder_version, id_value=id_val)
1525 +     id_val = (
1526 +         inputs.external_meta.id
1527 +         if isinstance(inputs.external_meta, ExternalMeta) and inputs.external_meta.id
1528 +         else None
1529 +     )
1530 +     _set_global_attrs(
1531 +         ds, title, inputs.institution, feature, inputs.decoder_version, id_value=id_val
1532 +     )
1533 |     correct_type = "B-Argo profile" if is_bgc else "Argo profile"
     -     _write_char_scalar(ds, "DATA_TYPE", correct_type, STRING32 if is_bgc else STRING16, attrs={"long_name": "Data type", "conventions": "Argo reference table 1"})
     -     _write_char_scalar(ds, "FORMAT_VERSION", "3.1", STRING4, attrs={"long_name": "File format version"})
     -     _write_char_scalar(ds, "HANDBOOK_VERSION", "1.2", STRING4, attrs={"long_name": "Data handbook version"})
     -     _write_char_scalar(ds, "REFERENCE_DATE_TIME", "19500101000000", DATE_TIME_LEN, dim="DATE_TIME", attrs={"long_name": "Date of reference for Julian days", "conventions": "YYYYMMDDHHMISS"})
1534 +     _write_char_scalar(
1535 +         ds,
1536 +         "DATA_TYPE",
1537 +         correct_type,
1538 +         STRING32 if is_bgc else STRING16,
1539 +         attrs={"long_name": "Data type", "conventions": "Argo reference table 1"},
1540 +     )
1541 +     _write_char_scalar(
1542 +         ds, "FORMAT_VERSION", "3.1", STRING4, attrs={"long_name": "File format version"}
1543 +     )
1544 +     _write_char_scalar(
1545 +         ds, "HANDBOOK_VERSION", "1.2", STRING4, attrs={"long_name": "Data handbook version"}
1546 +     )
1547 +     _write_char_scalar(
1548 +         ds,
1549 +         "REFERENCE_DATE_TIME",
1550 +         "19500101000000",
1551 +         DATE_TIME_LEN,
1552 +         dim="DATE_TIME",
1553 +         attrs={"long_name": "Date of reference for Julian days", "conventions": "YYYYMMDDHHMISS"},
1554 +     )
1555 |     now = _utc_now_stamp()
     -     _write_char_scalar(ds, "DATE_CREATION", now, DATE_TIME_LEN, dim="DATE_TIME", attrs={"long_name": "Date of file creation", "conventions": "YYYYMMDDHHMISS"})
     -     _write_char_scalar(ds, "DATE_UPDATE", now, DATE_TIME_LEN, dim="DATE_TIME", attrs={"long_name": "Date of update of this file", "conventions": "YYYYMMDDHHMISS"})
1556 +     _write_char_scalar(
1557 +         ds,
1558 +         "DATE_CREATION",
1559 +         now,
1560 +         DATE_TIME_LEN,
1561 +         dim="DATE_TIME",
1562 +         attrs={"long_name": "Date of file creation", "conventions": "YYYYMMDDHHMISS"},
1563 +     )
1564 +     _write_char_scalar(
1565 +         ds,
1566 +         "DATE_UPDATE",
1567 +         now,
1568 +         DATE_TIME_LEN,
1569 +         dim="DATE_TIME",
1570 +         attrs={"long_name": "Date of update of this file", "conventions": "YYYYMMDDHHMISS"},
1571 +     )
1572 +
1573 |
     - def _write_profile_metadata_block(ds: netCDF4.Dataset, inputs: WriterInputs, n_prof: int, julds: list[float], lats: list[float], lons: list[float], cycle_numbers: list[int], directions: list[str], data_modes: list[str], juld_locations: list[float] | None = None):
1574 + def _write_profile_metadata_block(
1575 +     ds: netCDF4.Dataset,
1576 +     inputs: WriterInputs,
1577 +     n_prof: int,
1578 +     julds: list[float],
1579 +     lats: list[float],
1580 +     lons: list[float],
1581 +     cycle_numbers: list[int],
1582 +     directions: list[str],
1583 +     data_modes: list[str],
1584 +     juld_locations: list[float] | None = None,
1585 + ):
1586 |     if not isinstance(inputs.external_meta, ExternalMeta):
     -         raise ValueError("write_profile requires inputs.external_meta (authoritative per-float metadata) — see writer/fixtures.py for test helpers")
1587 +         raise ValueError(
1588 +             "write_profile requires inputs.external_meta (authoritative per-float metadata) — see writer/fixtures.py for test helpers"
1589 +         )
1590 |     meta = inputs.external_meta
--------------------------------------------------------------------------------
1598 |     var.setncattr("conventions", "WMO float identifier : A9IIIII")
     -     for name, long in [("PROJECT_NAME", "Name of the project"), ("PI_NAME", "Name of the principal investigator")]:
1599 +     for name, long in [
1600 +         ("PROJECT_NAME", "Name of the project"),
1601 +         ("PI_NAME", "Name of the principal investigator"),
1602 +     ]:
1603 |         var = ds.createVariable(name, "S1", ("N_PROF", "STRING64"), fill_value=b" ")
--------------------------------------------------------------------------------
1677 |     var = ds.createVariable("JULD_QC", "S1", ("N_PROF",), fill_value=b" ")
     -     var[:] = np.array([b"1"]*n_prof, dtype="S1")
1678 +     var[:] = np.array([b"1"] * n_prof, dtype="S1")
1679 |     var.setncattr("long_name", "Quality on date and time")
1680 |     var.setncattr("conventions", "Argo reference table 2")
1681 |     var = ds.createVariable("JULD_LOCATION", "f8", ("N_PROF",), fill_value=float(JULD_FILL))
     -     var[:] = np.array(juld_locations if juld_locations is not None else julds,
     -                       dtype=np.float64)
1682 +     var[:] = np.array(juld_locations if juld_locations is not None else julds, dtype=np.float64)
1683 |     var.setncattr("long_name", "Julian day (UTC) of the location relative to REFERENCE_DATE_TIME")
--------------------------------------------------------------------------------
1707 |     var = ds.createVariable("POSITION_QC", "S1", ("N_PROF",), fill_value=b" ")
     -     var[:] = np.array([b"1"]*n_prof, dtype="S1")
1708 +     var[:] = np.array([b"1"] * n_prof, dtype="S1")
1709 |     var.setncattr("long_name", "Quality on position (latitude and longitude)")
--------------------------------------------------------------------------------
1716 |     var.setncattr("long_name", "Positioning system")
     -     var = ds.createVariable("VERTICAL_SAMPLING_SCHEME", "S1", ("N_PROF", "STRING256"), fill_value=b" ")
1717 +     var = ds.createVariable(
1718 +         "VERTICAL_SAMPLING_SCHEME", "S1", ("N_PROF", "STRING256"), fill_value=b" "
1719 +     )
1720 |     arr = np.full((n_prof, STRING256), b" ", dtype="S1")
--------------------------------------------------------------------------------
1749 |     var[:] = np.array(
     -         [int(INT_FILL) if cfg_mission is None else int(cfg_mission)] * n_prof,
     -         dtype=np.int32)
1750 +         [int(INT_FILL) if cfg_mission is None else int(cfg_mission)] * n_prof, dtype=np.int32
1751 +     )
1752 |     var.setncattr("long_name", "Unique number denoting the missions performed by the float")
1753 |     var.setncattr("conventions", "1...N, 1 : first complete mission")
1754 |
     - def _write_station_parameters(ds: netCDF4.Dataset, n_prof: int, n_param: int, measured_rows: list[list[str]], is_bgc: bool = False):
1755 +
1756 + def _write_station_parameters(
1757 +     ds: netCDF4.Dataset,
1758 +     n_prof: int,
1759 +     n_param: int,
1760 +     measured_rows: list[list[str]],
1761 +     is_bgc: bool = False,
1762 + ):
1763 |     width = STRING64 if is_bgc else STRING16
1764 |     dim_name = "STRING64" if is_bgc else "STRING16"
     -     var = ds.createVariable("STATION_PARAMETERS", "S1", ("N_PROF", "N_PARAM", dim_name), fill_value=b" ")
1765 +     var = ds.createVariable(
1766 +         "STATION_PARAMETERS", "S1", ("N_PROF", "N_PARAM", dim_name), fill_value=b" "
1767 +     )
1768 |     arr = np.full((n_prof, n_param, width), b" ", dtype="S1")
1769 |     for i in range(n_prof):
1770 |         for j in range(n_param):
     -             val = measured_rows[i][j] if i < len(measured_rows) and j < len(measured_rows[i]) else ""
1771 +             val = (
1772 +                 measured_rows[i][j] if i < len(measured_rows) and j < len(measured_rows[i]) else ""
1773 +             )
1774 |             arr[i, j] = np.frombuffer(_encode_padded(val, width), dtype="S1")
--------------------------------------------------------------------------------
1779 |
     - def _write_parameter_calib(ds: netCDF4.Dataset, n_prof: int, n_calib: int, n_param: int, is_bgc: bool, inputs: WriterInputs, measured_rows: list[list[str]]):
1780 +
1781 + def _write_parameter_calib(
1782 +     ds: netCDF4.Dataset,
1783 +     n_prof: int,
1784 +     n_calib: int,
1785 +     n_param: int,
1786 +     is_bgc: bool,
1787 +     inputs: WriterInputs,
1788 +     measured_rows: list[list[str]],
1789 + ):
1790 |     str_width = STRING64 if is_bgc else STRING16
1791 |     dim_str = f"STRING{str_width}"
     -     var = ds.createVariable("PARAMETER", "S1", ("N_PROF", "N_CALIB", "N_PARAM", dim_str), fill_value=b" ")
1792 +     var = ds.createVariable(
1793 +         "PARAMETER", "S1", ("N_PROF", "N_CALIB", "N_PARAM", dim_str), fill_value=b" "
1794 +     )
1795 |     arr = np.full((n_prof, n_calib, n_param, str_width), b" ", dtype="S1")
--------------------------------------------------------------------------------
1800 |             for j in range(n_param):
     -                 val = measured_rows[i][j] if i < len(measured_rows) and j < len(measured_rows[i]) else ""
1801 +                 val = (
1802 +                     measured_rows[i][j]
1803 +                     if i < len(measured_rows) and j < len(measured_rows[i])
1804 +                     else ""
1805 +                 )
1806 |                 arr[i, k, j] = np.frombuffer(_encode_padded(val, str_width), dtype="S1")
1807 |     var[:] = arr
1808 |     var.setncattr("long_name", "List of parameters with calibration information")
1809 |     var.setncattr("conventions", "Argo reference table 3")
     -     _sci_ln = {"SCIENTIFIC_CALIB_EQUATION": "Calibration equation for this parameter",
     -                "SCIENTIFIC_CALIB_COEFFICIENT": "Calibration coefficients for this equation",
     -                "SCIENTIFIC_CALIB_COMMENT": "Comment applying to this parameter calibration"}
     -     for cal_name in ["SCIENTIFIC_CALIB_EQUATION","SCIENTIFIC_CALIB_COEFFICIENT","SCIENTIFIC_CALIB_COMMENT"]:
     -         var = ds.createVariable(cal_name, "S1", ("N_PROF", "N_CALIB", "N_PARAM", "STRING256"), fill_value=b" ")
1810 +     _sci_ln = {
1811 +         "SCIENTIFIC_CALIB_EQUATION": "Calibration equation for this parameter",
1812 +         "SCIENTIFIC_CALIB_COEFFICIENT": "Calibration coefficients for this equation",
1813 +         "SCIENTIFIC_CALIB_COMMENT": "Comment applying to this parameter calibration",
1814 +     }
1815 +     for cal_name in [
1816 +         "SCIENTIFIC_CALIB_EQUATION",
1817 +         "SCIENTIFIC_CALIB_COEFFICIENT",
1818 +         "SCIENTIFIC_CALIB_COMMENT",
1819 +     ]:
1820 +         var = ds.createVariable(
1821 +             cal_name, "S1", ("N_PROF", "N_CALIB", "N_PARAM", "STRING256"), fill_value=b" "
1822 +         )
1823 |         arr = np.full((n_prof, n_calib, n_param, STRING256), b" ", dtype="S1")
1824 |         for i in range(n_prof):
1825 |             for k in range(n_calib):
1826 |                 for j in range(n_param):
     -                     param = measured_rows[i][j] if i < len(measured_rows) and j < len(measured_rows[i]) else ""
1827 +                     param = (
1828 +                         measured_rows[i][j]
1829 +                         if i < len(measured_rows) and j < len(measured_rows[i])
1830 +                         else ""
1831 +                     )
1832 |                     val = ""
--------------------------------------------------------------------------------
1850 |                             val = "none"
     -                         elif param == "DOXY" and k==0:
1851 +                         elif param == "DOXY" and k == 0:
1852 |                             val = "G=1.167"
1853 |                         elif param == "CHLA":
1854 |                             val = "CHLA_NPQ=0.520125 ZMaxFluo=22.7"
     -                         elif param == "BBP700" and inputs.bbp_mode=="INCOIS_CORRECTED" and inputs.bbp_corrected_scale is not None:
1855 +                         elif (
1856 +                             param == "BBP700"
1857 +                             and inputs.bbp_mode == "INCOIS_CORRECTED"
1858 +                             and inputs.bbp_corrected_scale is not None
1859 +                         ):
1860 |                             val = f"Corrected BBP700 scale: OriginalScaleFactor {inputs.bbp_original_scale or 'unknown'} -> CorrectedScaleFactor {inputs.bbp_corrected_scale} (Barnard 54520)"
1861 |                     else:
1862 |                         if param == "PRES":
1863 |                             val = "No adjustment was necessary -Calibration error is manufacturer specified accuracy"
     -                         elif param == "BBP700" and inputs.bbp_mode=="INCOIS_CORRECTED":
1864 +                         elif param == "BBP700" and inputs.bbp_mode == "INCOIS_CORRECTED":
1865 |                             val = f"Corrected BBP: OriginalScaleFactor {inputs.bbp_original_scale or 'unknown'} -> CorrectedScaleFactor {inputs.bbp_corrected_scale} via Barnard 55891.csv doi:10.17882/54520; recomputed from raw BETA"
     -                     arr[i,k,j] = np.frombuffer(_encode_padded(val, STRING256), dtype="S1")
1866 +                     arr[i, k, j] = np.frombuffer(_encode_padded(val, STRING256), dtype="S1")
1867 |         var[:] = arr
1868 |         var.setncattr("long_name", _sci_ln[cal_name])
     -     var = ds.createVariable("SCIENTIFIC_CALIB_DATE", "S1", ("N_PROF", "N_CALIB", "N_PARAM", "DATE_TIME"), fill_value=b" ")
1869 +     var = ds.createVariable(
1870 +         "SCIENTIFIC_CALIB_DATE",
1871 +         "S1",
1872 +         ("N_PROF", "N_CALIB", "N_PARAM", "DATE_TIME"),
1873 +         fill_value=b" ",
1874 +     )
1875 |     var.setncattr("long_name", "Date of calibration")
--------------------------------------------------------------------------------
1881 |             for j in range(n_param):
     -                 param = measured_rows[i][j] if i < len(measured_rows) and j < len(measured_rows[i]) else ""
1882 +                 param = (
1883 +                     measured_rows[i][j]
1884 +                     if i < len(measured_rows) and j < len(measured_rows[i])
1885 +                     else ""
1886 +                 )
1887 |                 if param:
     -                     arr[i,k,j] = np.frombuffer(_encode_padded(now, DATE_TIME_LEN), dtype="S1")
1888 +                     arr[i, k, j] = np.frombuffer(_encode_padded(now, DATE_TIME_LEN), dtype="S1")
1889 |     var[:] = arr
1890 |     var.setncattr("long_name", "Date of calibration")
1891 |     var.setncattr("conventions", "YYYYMMDDHHMISS")
1892 |
1893 +
1894 | def _write_history(ds: netCDF4.Dataset, n_prof: int, inputs: WriterInputs, is_bgc: bool):
1895 |     n_hist = 2 if is_bgc else 1
1896 |     for var_name, width, dims, long in [
     -         ("HISTORY_INSTITUTION", STRING4, ("N_HISTORY","N_PROF","STRING4"), "Institution which performed action"),
     -         ("HISTORY_STEP", STRING4, ("N_HISTORY","N_PROF","STRING4"), "Step in data processing"),
     -         ("HISTORY_SOFTWARE", STRING4, ("N_HISTORY","N_PROF","STRING4"), "Name of software which performed action"),
     -         ("HISTORY_SOFTWARE_RELEASE", STRING4, ("N_HISTORY","N_PROF","STRING4"), "Version/release of software which performed action"),
     -         ("HISTORY_REFERENCE", STRING64, ("N_HISTORY","N_PROF","STRING64"), "Reference of database"),
     -         ("HISTORY_DATE", DATE_TIME_LEN, ("N_HISTORY","N_PROF","DATE_TIME"), "Date the history record was created"),
     -         ("HISTORY_ACTION", STRING4, ("N_HISTORY","N_PROF","STRING4"), "Action performed on data"),
     -         ("HISTORY_PARAMETER", STRING64 if is_bgc else STRING16,
     -          ("N_HISTORY", "N_PROF", "STRING64" if is_bgc else "STRING16"),
     -          "Station parameter action is performed on"),
     -         ("HISTORY_QCTEST", STRING16, ("N_HISTORY","N_PROF","STRING16"), "Documentation of tests performed, tests failed (in hex form)"),
1897 +         (
1898 +             "HISTORY_INSTITUTION",
1899 +             STRING4,
1900 +             ("N_HISTORY", "N_PROF", "STRING4"),
1901 +             "Institution which performed action",
1902 +         ),
1903 +         ("HISTORY_STEP", STRING4, ("N_HISTORY", "N_PROF", "STRING4"), "Step in data processing"),
1904 +         (
1905 +             "HISTORY_SOFTWARE",
1906 +             STRING4,
1907 +             ("N_HISTORY", "N_PROF", "STRING4"),
1908 +             "Name of software which performed action",
1909 +         ),
1910 +         (
1911 +             "HISTORY_SOFTWARE_RELEASE",
1912 +             STRING4,
1913 +             ("N_HISTORY", "N_PROF", "STRING4"),
1914 +             "Version/release of software which performed action",
1915 +         ),
1916 +         (
1917 +             "HISTORY_REFERENCE",
1918 +             STRING64,
1919 +             ("N_HISTORY", "N_PROF", "STRING64"),
1920 +             "Reference of database",
1921 +         ),
1922 +         (
1923 +             "HISTORY_DATE",
1924 +             DATE_TIME_LEN,
1925 +             ("N_HISTORY", "N_PROF", "DATE_TIME"),
1926 +             "Date the history record was created",
1927 +         ),
1928 +         ("HISTORY_ACTION", STRING4, ("N_HISTORY", "N_PROF", "STRING4"), "Action performed on data"),
1929 +         (
1930 +             "HISTORY_PARAMETER",
1931 +             STRING64 if is_bgc else STRING16,
1932 +             ("N_HISTORY", "N_PROF", "STRING64" if is_bgc else "STRING16"),
1933 +             "Station parameter action is performed on",
1934 +         ),
1935 +         (
1936 +             "HISTORY_QCTEST",
1937 +             STRING16,
1938 +             ("N_HISTORY", "N_PROF", "STRING16"),
1939 +             "Documentation of tests performed, tests failed (in hex form)",
1940 +         ),
1941 |     ]:
--------------------------------------------------------------------------------
1958 |                 v.setncattr("conventions", _hist_conv)
     -     for var_name in ["HISTORY_START_PRES","HISTORY_STOP_PRES","HISTORY_PREVIOUS_VALUE"]:
1959 +     for var_name in ["HISTORY_START_PRES", "HISTORY_STOP_PRES", "HISTORY_PREVIOUS_VALUE"]:
1960 |         if var_name not in ds.variables:
     -             v = ds.createVariable(var_name, "f4", ("N_HISTORY","N_PROF"), fill_value=float(FLOAT_FILL))
     -             v.setncattr("long_name", {
     -                 "HISTORY_START_PRES": "Start pressure action applied on",
     -                 "HISTORY_STOP_PRES": "Stop pressure action applied on",
     -                 "HISTORY_PREVIOUS_VALUE": "Parameter/Flag previous value before action",
     -             }[var_name])
1961 +             v = ds.createVariable(
1962 +                 var_name, "f4", ("N_HISTORY", "N_PROF"), fill_value=float(FLOAT_FILL)
1963 +             )
1964 +             v.setncattr(
1965 +                 "long_name",
1966 +                 {
1967 +                     "HISTORY_START_PRES": "Start pressure action applied on",
1968 +                     "HISTORY_STOP_PRES": "Stop pressure action applied on",
1969 +                     "HISTORY_PREVIOUS_VALUE": "Parameter/Flag previous value before action",
1970 +                 }[var_name],
1971 +             )
1972 |             if var_name in ("HISTORY_START_PRES", "HISTORY_STOP_PRES"):
--------------------------------------------------------------------------------
1977 |         for p in range(n_prof):
     -             arr[h,p] = np.frombuffer(_encode_padded("IN", STRING4), dtype="S1")
1978 +             arr[h, p] = np.frombuffer(_encode_padded("IN", STRING4), dtype="S1")
1979 |     ds.variables["HISTORY_INSTITUTION"][:] = arr
1980 |     arr = np.full((n_hist, n_prof, STRING4), b" ", dtype="S1")
1981 |     for h in range(n_hist):
1982 |         for p in range(n_prof):
     -             arr[h,p] = np.frombuffer(_encode_padded("ARFM" if h==0 else "ARGQ", STRING4), dtype="S1")
1983 +             arr[h, p] = np.frombuffer(
1984 +                 _encode_padded("ARFM" if h == 0 else "ARGQ", STRING4), dtype="S1"
1985 +             )
1986 |     ds.variables["HISTORY_STEP"][:] = arr
1987 |     arr = np.full((n_hist, n_prof, STRING4), b" ", dtype="S1")
1988 |     for h in range(n_hist):
1989 |         for p in range(n_prof):
     -             arr[h,p] = np.frombuffer(_encode_padded(HISTORY_SOFTWARE, STRING4), dtype="S1")
1990 +             arr[h, p] = np.frombuffer(_encode_padded(HISTORY_SOFTWARE, STRING4), dtype="S1")
1991 |     ds.variables["HISTORY_SOFTWARE"][:] = arr
1992 |     arr = np.full((n_hist, n_prof, STRING4), b" ", dtype="S1")
1993 |     for h in range(n_hist):
1994 |         for p in range(n_prof):
     -             ver = inputs.decoder_version.replace("PY-301-","V")[:4]
     -             arr[h,p] = np.frombuffer(_encode_padded(ver, STRING4), dtype="S1")
1995 +             ver = inputs.decoder_version.replace("PY-301-", "V")[:4]
1996 +             arr[h, p] = np.frombuffer(_encode_padded(ver, STRING4), dtype="S1")
1997 |     ds.variables["HISTORY_SOFTWARE_RELEASE"][:] = arr
--------------------------------------------------------------------------------
2001 |             ref = "http://www.argodatamgt.org/Documentation"
     -             if inputs.bbp_mode=="INCOIS_CORRECTED" and inputs.bbp_corrected_scale is not None:
2002 +             if inputs.bbp_mode == "INCOIS_CORRECTED" and inputs.bbp_corrected_scale is not None:
2003 |                 ref = "http://doi.org/10.17882/54520"
     -             arr[h,p] = np.frombuffer(_encode_padded(ref, STRING64), dtype="S1")
2004 +             arr[h, p] = np.frombuffer(_encode_padded(ref, STRING64), dtype="S1")
2005 |     ds.variables["HISTORY_REFERENCE"][:] = arr
2006 |     arr = np.full((n_hist, n_prof, DATE_TIME_LEN), b" ", dtype="S1")
2007 |     for h in range(n_hist):
2008 |         for p in range(n_prof):
     -             arr[h,p] = np.frombuffer(_encode_padded(now, DATE_TIME_LEN), dtype="S1")
2009 +             arr[h, p] = np.frombuffer(_encode_padded(now, DATE_TIME_LEN), dtype="S1")
2010 |     ds.variables["HISTORY_DATE"][:] = arr
2011 |     arr = np.full((n_hist, n_prof, STRING4), b" ", dtype="S1")
2012 |     for h in range(n_hist):
2013 |         for p in range(n_prof):
     -             act = "CF" if h==0 else "CV"
     -             arr[h,p] = np.frombuffer(_encode_padded(act, STRING4), dtype="S1")
2014 +             act = "CF" if h == 0 else "CV"
2015 +             arr[h, p] = np.frombuffer(_encode_padded(act, STRING4), dtype="S1")
2016 |     ds.variables["HISTORY_ACTION"][:] = arr
--------------------------------------------------------------------------------
2020 |         for p in range(n_prof):
     -             param = "PRES" if not (h==1 and inputs.bbp_mode=="INCOIS_CORRECTED") else "BBP700"
     -             arr[h,p] = np.frombuffer(_encode_padded(param, _hp_w), dtype="S1")
2021 +             param = "PRES" if not (h == 1 and inputs.bbp_mode == "INCOIS_CORRECTED") else "BBP700"
2022 +             arr[h, p] = np.frombuffer(_encode_padded(param, _hp_w), dtype="S1")
2023 |     ds.variables["HISTORY_PARAMETER"][:] = arr
2024 |     arr = np.full((n_hist, n_prof, STRING16), b" ", dtype="S1")
2025 |     for h in range(n_hist):
2026 |         for p in range(n_prof):
     -             arr[h,p] = np.frombuffer(_encode_padded("0000000000000000", STRING16), dtype="S1")
2027 +             arr[h, p] = np.frombuffer(_encode_padded("0000000000000000", STRING16), dtype="S1")
2028 |     ds.variables["HISTORY_QCTEST"][:] = arr
     -     for vname in ["HISTORY_START_PRES","HISTORY_STOP_PRES","HISTORY_PREVIOUS_VALUE"]:
2029 +     for vname in ["HISTORY_START_PRES", "HISTORY_STOP_PRES", "HISTORY_PREVIOUS_VALUE"]:
2030 |         ds.variables[vname][:] = np.full((n_hist, n_prof), FLOAT_FILL, dtype=np.float32)
2031 |
2032 +
2033 | #: Raw sensor channels no quality-control step is ever run on. Argo reference
--------------------------------------------------------------------------------
2037 | #: TEMP_DOXY / DOXY / CHLA.
     - _NO_QC_PERFORMED_PARAMS = frozenset({
     -     "C1PHASE_DOXY", "C2PHASE_DOXY", "FLUORESCENCE_CHLA", "BETA_BACKSCATTERING700",
     - })
2038 + _NO_QC_PERFORMED_PARAMS = frozenset(
2039 +     {
2040 +         "C1PHASE_DOXY",
2041 +         "C2PHASE_DOXY",
2042 +         "FLUORESCENCE_CHLA",
2043 +         "BETA_BACKSCATTERING700",
2044 +     }
2045 + )
2046 |
--------------------------------------------------------------------------------
2063 |
     - def _build_rtqc_levels(profiles: list[dict], n_prof: int, n_levels: int,
     -                        params: list[str], is_bgc: bool,
     -                        vss_list: list[str] | None = None,
     -                        park_pres: float | None = None,
     -                        profile_pressure_dbar: float | None = None,
     -                        previous_profile: dict | None = None,
     -                        ) -> dict[str, np.ndarray]:
2064 + def _build_rtqc_levels(
2065 +     profiles: list[dict],
2066 +     n_prof: int,
2067 +     n_levels: int,
2068 +     params: list[str],
2069 +     is_bgc: bool,
2070 +     vss_list: list[str] | None = None,
2071 +     park_pres: float | None = None,
2072 +     profile_pressure_dbar: float | None = None,
2073 +     previous_profile: dict | None = None,
2074 + ) -> dict[str, np.ndarray]:
2075 |     """Run CTS4 real-time QC and pack each parameter's codes to (n_prof, n_levels).
--------------------------------------------------------------------------------
2104 |         profile_pressure_dbar=profile_pressure_dbar,
     -         previous_profile=previous_profile)
2105 +         previous_profile=previous_profile,
2106 +     )
2107 |
--------------------------------------------------------------------------------
2161 |
     - def _write_qc_vars(ds: netCDF4.Dataset, n_prof: int, n_levels: int, params: list[str], is_bgc: bool, doxy_missing: bool,
     -                    rtqc_levels: dict[str, np.ndarray] | None = None):
2162 + def _write_qc_vars(
2163 +     ds: netCDF4.Dataset,
2164 +     n_prof: int,
2165 +     n_levels: int,
2166 +     params: list[str],
2167 +     is_bgc: bool,
2168 +     doxy_missing: bool,
2169 +     rtqc_levels: dict[str, np.ndarray] | None = None,
2170 + ):
2171 |     """Write <PARAM>_QC / PROFILE_<PARAM>_QC.
--------------------------------------------------------------------------------
2185 |             continue
     -         has_adjusted = param in ("PRES","TEMP","PSAL","DOXY","CHLA","BBP700","CHLA_FLUORESCENCE")
2186 +         has_adjusted = param in (
2187 +             "PRES",
2188 +             "TEMP",
2189 +             "PSAL",
2190 +             "DOXY",
2191 +             "CHLA",
2192 +             "BBP700",
2193 +             "CHLA_FLUORESCENCE",
2194 +         )
2195 |         qc_name = f"{param}_QC"
--------------------------------------------------------------------------------
2209 |         # publishes exactly that split on 2902093 R/BR and Rtraj.
     -         _base_qc = (b"0" if param in _NO_QC_PERFORMED_PARAMS else b"1")
2210 +         _base_qc = b"0" if param in _NO_QC_PERFORMED_PARAMS else b"1"
2211 |         _rtqc = None
--------------------------------------------------------------------------------
2215 |                 raise ValueError(
     -                     f"RTQC for {param} has shape {_rtqc.shape}, "
     -                     f"expected {(n_prof, n_levels)}")
2216 +                     f"RTQC for {param} has shape {_rtqc.shape}, expected {(n_prof, n_levels)}"
2217 +                 )
2218 |         if qc_name not in ds.variables:
     -             var = ds.createVariable(qc_name, "S1", ("N_PROF","N_LEVELS"), fill_value=b" ")
2219 +             var = ds.createVariable(qc_name, "S1", ("N_PROF", "N_LEVELS"), fill_value=b" ")
2220 |             if param == "DOXY" and doxy_missing:
2221 |                 var[:] = np.full((n_prof, n_levels), b"9", dtype="S1")
2222 |             elif _rtqc is not None:
     -                 _qc = np.where(_rtqc == 0, b"0",
     -                                _rtqc.astype("U1")).astype("S1")
2223 +                 _qc = np.where(_rtqc == 0, b"0", _rtqc.astype("U1")).astype("S1")
2224 |                 if _fill_mask is not None:
--------------------------------------------------------------------------------
2238 |             if param == "DOXY" and doxy_missing:
     -                 var[:] = np.array([b"9"]*n_prof, dtype="S1")
2239 +                 var[:] = np.array([b"9"] * n_prof, dtype="S1")
2240 |             elif _rtqc is not None:
--------------------------------------------------------------------------------
2244 |                 var[:] = np.array(
     -                     [compute_profile_quality_flag(_written[i])
     -                      for i in range(n_prof)], dtype="S1")
2245 +                     [compute_profile_quality_flag(_written[i]) for i in range(n_prof)], dtype="S1"
2246 +                 )
2247 |             elif _fill_mask is not None:
     -                 _rows = np.array([b"A" if not _fill_mask[i].all() else b" "
     -                                   for i in range(n_prof)], dtype="S1")
2248 +                 _rows = np.array(
2249 +                     [b"A" if not _fill_mask[i].all() else b" " for i in range(n_prof)], dtype="S1"
2250 +                 )
2251 |                 var[:] = _rows
2252 |             else:
     -                 var[:] = np.array([b"A"]*n_prof, dtype="S1")
2253 +                 var[:] = np.array([b"A"] * n_prof, dtype="S1")
2254 |             var.setncattr("long_name", f"Global quality flag of {param} profile")
2255 |             var.setncattr("conventions", "Argo reference table 2a")
2256 |         if has_adjusted:
2257 |             adj_name = f"{param}_ADJUSTED"
     -             var = ds.createVariable(adj_name, "f4", ("N_PROF","N_LEVELS"), fill_value=float(FLOAT_FILL))
2258 +             var = ds.createVariable(
2259 +                 adj_name, "f4", ("N_PROF", "N_LEVELS"), fill_value=float(FLOAT_FILL)
2260 +             )
2261 |             var[:] = np.full((n_prof, n_levels), FLOAT_FILL, dtype=np.float32)
2262 |             var.setncattr("long_name", _ADJUSTED_LONG_NAME.get(param, param))
     -             var.setncattr("units", PARAMETER_UNITS.get(param,""))
2263 +             var.setncattr("units", PARAMETER_UNITS.get(param, ""))
2264 |             # DOXY_ADJUSTED follows DOXY (spec valid_min -5.0). CHLA and
2265 |             # BBP700 get no valid_* at all: the INCOIS spec rejects them on
2266 |             # the base variables and equally on the _ADJUSTED twins.
     -             _adj_valid = {"PRES": (0.0, 12000.0), "TEMP": (-2.5, 40.0),
     -                           "PSAL": (2.0, 41.0), "DOXY": (-5.0, 600.0),
     -                           "CHLA_FLUORESCENCE": (-0.2, 100.0)}.get(param)
2267 +             _adj_valid = {
2268 +                 "PRES": (0.0, 12000.0),
2269 +                 "TEMP": (-2.5, 40.0),
2270 +                 "PSAL": (2.0, 41.0),
2271 +                 "DOXY": (-5.0, 600.0),
2272 +                 "CHLA_FLUORESCENCE": (-0.2, 100.0),
2273 +             }.get(param)
2274 |             if _adj_valid:
--------------------------------------------------------------------------------
2278 |                 _base = ds.variables[param]
     -                 for _k in ("standard_name", "C_format", "FORTRAN_format",
     -                            "resolution"):
2279 +                 for _k in ("standard_name", "C_format", "FORTRAN_format", "resolution"):
2280 |                     if _k in _base.ncattrs() and _k not in var.ncattrs():
2281 |                         var.setncattr(_k, _base.getncattr(_k))
     -             var = ds.createVariable(f"{adj_name}_QC", "S1", ("N_PROF","N_LEVELS"), fill_value=b" ")
     -             fill_qc = b"9" if (param=="DOXY" and doxy_missing) else b" "
2282 +             var = ds.createVariable(f"{adj_name}_QC", "S1", ("N_PROF", "N_LEVELS"), fill_value=b" ")
2283 +             fill_qc = b"9" if (param == "DOXY" and doxy_missing) else b" "
2284 |             var[:] = np.full((n_prof, n_levels), fill_qc, dtype="S1")
2285 |             var.setncattr("long_name", "quality flag")
2286 |             var.setncattr("conventions", "Argo reference table 2")
     -             var = ds.createVariable(f"{adj_name}_ERROR", "f4", ("N_PROF","N_LEVELS"), fill_value=float(FLOAT_FILL))
2287 +             var = ds.createVariable(
2288 +                 f"{adj_name}_ERROR", "f4", ("N_PROF", "N_LEVELS"), fill_value=float(FLOAT_FILL)
2289 +             )
2290 |             var[:] = np.full((n_prof, n_levels), FLOAT_FILL, dtype=np.float32)
     -             var.setncattr("long_name", "Contains the error on the adjusted values as determined by the delayed mode QC process")
     -             var.setncattr("units", PARAMETER_UNITS.get(param,""))
2291 +             var.setncattr(
2292 +                 "long_name",
2293 +                 "Contains the error on the adjusted values as determined by the delayed mode QC process",
2294 +             )
2295 +             var.setncattr("units", PARAMETER_UNITS.get(param, ""))
2296 |             if param in ds.variables:
--------------------------------------------------------------------------------
2301 |
2302 +
2303 | # ---------------------------------------------------------------------------
--------------------------------------------------------------------------------
2390 |
     - def write_profile(path: Path | str, inputs: WriterInputs, *, is_bgc: bool = False, profiles: list[dict] | None = None) -> Path:
2391 + def write_profile(
2392 +     path: Path | str,
2393 +     inputs: WriterInputs,
2394 +     *,
2395 +     is_bgc: bool = False,
2396 +     profiles: list[dict] | None = None,
2397 + ) -> Path:
2398 |     _validate_wmo(inputs.wmo)
2399 |     _validate_decoder_version(inputs.decoder_version)
2400 |     if not isinstance(inputs.external_meta, ExternalMeta):
     -         raise ValueError("write_profile requires inputs.external_meta (authoritative per-float metadata) — see writer/fixtures.py for test helpers; no file produced")
2401 +         raise ValueError(
2402 +             "write_profile requires inputs.external_meta (authoritative per-float metadata) — see writer/fixtures.py for test helpers; no file produced"
2403 +         )
2404 |     if profiles is None:
2405 |         profiles = inputs.profiles
2406 |     if not profiles or len(profiles) == 0:
     -         raise ValueError("write_profile requires non-empty profiles (with pres, juld, latitude, longitude, cycle_number, direction); no fabrication — see writer/fixtures.py for test builders")
2407 +         raise ValueError(
2408 +             "write_profile requires non-empty profiles (with pres, juld, latitude, longitude, cycle_number, direction); no fabrication — see writer/fixtures.py for test builders"
2409 +         )
2410 |     n_prof = len(profiles)
--------------------------------------------------------------------------------
2414 |             raise ValueError(f"profile {idx} missing required 'pres' array")
     -         for k in ("juld","latitude","longitude","cycle_number","direction"):
2415 +         for k in ("juld", "latitude", "longitude", "cycle_number", "direction"):
2416 |             if k not in p or p[k] is None:
--------------------------------------------------------------------------------
2421 |     if inputs.bbp_mode == "INCOIS_CORRECTED" and inputs.bbp_corrected_scale is None:
     -         raise ValueError("bbp_mode=INCOIS_CORRECTED requested but bbp_corrected_scale is None — fail explicitly, no fallback")
2422 +         raise ValueError(
2423 +             "bbp_mode=INCOIS_CORRECTED requested but bbp_corrected_scale is None — fail explicitly, no fallback"
2424 +         )
2425 |     if inputs.data_modes is not None:
--------------------------------------------------------------------------------
2433 |         if m != "R":
     -             raise ValueError(f"Real-time only: DATA_MODE must be 'R', got {m!r} (D/BD not supported)")
2434 +             raise ValueError(
2435 +                 f"Real-time only: DATA_MODE must be 'R', got {m!r} (D/BD not supported)"
2436 +             )
2437 |     n_param = N_PARAM_BGC if is_bgc else N_PARAM_CORE
--------------------------------------------------------------------------------
2456 |     directions = [str(p["direction"]) for p in profiles]
     -     _write_profile_metadata_block(ds, inputs, n_prof, julds, lats, lons, cycle_numbers, directions, data_modes, juld_locations)
2457 +     _write_profile_metadata_block(
2458 +         ds, inputs, n_prof, julds, lats, lons, cycle_numbers, directions, data_modes, juld_locations
2459 +     )
2460 |     # G2 fix: per-row parameter lists keyed by each profile's own measured
--------------------------------------------------------------------------------
2468 |     if is_bgc:
     -         var = ds.createVariable("PARAMETER_DATA_MODE", "S1", ("N_PROF","N_PARAM"), fill_value=b" ")
2469 +         var = ds.createVariable("PARAMETER_DATA_MODE", "S1", ("N_PROF", "N_PARAM"), fill_value=b" ")
2470 |         arr = np.full((n_prof, n_param), b" ", dtype="S1")
--------------------------------------------------------------------------------
2475 |                         val = inputs.parameter_data_modes[i][j]
     -                         arr[i,j] = val.encode() if isinstance(val, str) else val
2476 +                         arr[i, j] = val.encode() if isinstance(val, str) else val
2477 |                     except Exception:
     -                         arr[i,j] = b" "
2478 +                         arr[i, j] = b" "
2479 |         else:
--------------------------------------------------------------------------------
2486 |         var.setncattr("long_name", "Delayed mode or real time data")
     -         var.setncattr("conventions", "R : real time; D : delayed mode; A : real time with adjustment")
2487 +         var.setncattr(
2488 +             "conventions", "R : real time; D : delayed mode; A : real time with adjustment"
2489 +         )
2490 +
2491 |     def _prepare_2d(key: str, fill=FLOAT_FILL):
--------------------------------------------------------------------------------
2497 |                 n = min(len(arr_data), n_levels)
     -                 arr[i,:n] = arr_data[:n]
2498 +                 arr[i, :n] = arr_data[:n]
2499 |         return arr
2500 +
2501 |     pres_arr = _prepare_2d("pres")
     -     var = ds.createVariable("PRES", "f4", ("N_PROF","N_LEVELS"), fill_value=float(FLOAT_FILL))
2502 +     var = ds.createVariable("PRES", "f4", ("N_PROF", "N_LEVELS"), fill_value=float(FLOAT_FILL))
2503 |     var[:] = pres_arr
--------------------------------------------------------------------------------
2513 |     if not is_bgc:
     -         for key, units, long_name, valid in [("temp","degree_Celsius","Sea temperature in-situ ITS-90 scale",(-2.5,40.0)),("psal","psu","Practical salinity",(2.0,41.0))]:
2514 +         for key, units, long_name, valid in [
2515 +             ("temp", "degree_Celsius", "Sea temperature in-situ ITS-90 scale", (-2.5, 40.0)),
2516 +             ("psal", "psu", "Practical salinity", (2.0, 41.0)),
2517 +         ]:
2518 |             pname = key.upper()
2519 |             arr = _prepare_2d(key)
2520 |             for i in range(n_prof):
2521 |                 if pname not in measured[i]:
     -                     arr[i,:] = FLOAT_FILL
     -             var = ds.createVariable(pname, "f4", ("N_PROF","N_LEVELS"), fill_value=float(FLOAT_FILL))
2522 +                     arr[i, :] = FLOAT_FILL
2523 +             var = ds.createVariable(
2524 +                 pname, "f4", ("N_PROF", "N_LEVELS"), fill_value=float(FLOAT_FILL)
2525 +             )
2526 |             var[:] = arr
2527 |             var.setncattr("long_name", long_name)
     -             var.setncattr("standard_name", "sea_water_temperature" if pname=="TEMP" else "sea_water_salinity")
2528 +             var.setncattr(
2529 +                 "standard_name",
2530 +                 "sea_water_temperature" if pname == "TEMP" else "sea_water_salinity",
2531 +             )
2532 |             var.setncattr("units", units)
--------------------------------------------------------------------------------
2539 |         doxy_missing = inputs.doxy_external_calib is None
     -         for key, pname, units, long_name in [("c1phase","C1PHASE_DOXY","degree","Uncalibrated phase shift reported by oxygen sensor"),("c2phase","C2PHASE_DOXY","degree","Uncalibrated phase shift reported by oxygen sensor"),("temp_doxy","TEMP_DOXY","degree_Celsius","Sea temperature from oxygen sensor ITS-90 scale")]:
2540 +         for key, pname, units, long_name in [
2541 +             (
2542 +                 "c1phase",
2543 +                 "C1PHASE_DOXY",
2544 +                 "degree",
2545 +                 "Uncalibrated phase shift reported by oxygen sensor",
2546 +             ),
2547 +             (
2548 +                 "c2phase",
2549 +                 "C2PHASE_DOXY",
2550 +                 "degree",
2551 +                 "Uncalibrated phase shift reported by oxygen sensor",
2552 +             ),
2553 +             (
2554 +                 "temp_doxy",
2555 +                 "TEMP_DOXY",
2556 +                 "degree_Celsius",
2557 +                 "Sea temperature from oxygen sensor ITS-90 scale",
2558 +             ),
2559 +         ]:
2560 |             arr = _prepare_2d(key)
2561 |             for i in range(n_prof):
2562 |                 if pname not in measured[i]:
     -                     arr[i,:] = FLOAT_FILL
     -             var = ds.createVariable(pname, "f4", ("N_PROF","N_LEVELS"), fill_value=float(FLOAT_FILL))
2563 +                     arr[i, :] = FLOAT_FILL
2564 +             var = ds.createVariable(
2565 +                 pname, "f4", ("N_PROF", "N_LEVELS"), fill_value=float(FLOAT_FILL)
2566 +             )
2567 |             var[:] = arr
--------------------------------------------------------------------------------
2573 |             # ``"PHASE" in pname`` test applied C1's range to C2 as well.
     -             _vr = {"C1PHASE_DOXY": (10.0, 70.0),
     -                    "C2PHASE_DOXY": (0.0, 15.0),
     -                    "TEMP_DOXY": (-2.0, 40.0)}[pname]
2574 +             _vr = {
2575 +                 "C1PHASE_DOXY": (10.0, 70.0),
2576 +                 "C2PHASE_DOXY": (0.0, 15.0),
2577 +                 "TEMP_DOXY": (-2.0, 40.0),
2578 +             }[pname]
2579 |             var.setncattr("valid_min", np.float32(_vr[0]))
--------------------------------------------------------------------------------
2583 |             var.setncattr("resolution", np.float32(0.001))
     -             if pname=="TEMP_DOXY":
2584 +             if pname == "TEMP_DOXY":
2585 |                 var.setncattr("standard_name", "temperature_of_sensor_for_oxygen_in_sea_water")
2586 |         doxy_arr = _prepare_2d("doxy")
2587 |         for i in range(n_prof):
2588 |             if "DOXY" not in measured[i] or doxy_missing:
     -                 doxy_arr[i,:] = FLOAT_FILL
     -         var = ds.createVariable("DOXY", "f4", ("N_PROF","N_LEVELS"), fill_value=float(FLOAT_FILL))
2589 +                 doxy_arr[i, :] = FLOAT_FILL
2590 +         var = ds.createVariable("DOXY", "f4", ("N_PROF", "N_LEVELS"), fill_value=float(FLOAT_FILL))
2591 |         var[:] = doxy_arr
--------------------------------------------------------------------------------
2601 |         var.setncattr("resolution", np.float32(0.001))
     -         for key, pname, units, long_name in [("fluorescence","FLUORESCENCE_CHLA","count","Chlorophyll-A signal from fluorescence sensor"),("beta","BETA_BACKSCATTERING700","count","Total angle specific volume from backscattering sensor at 700 nanometers")]:
2602 +         for key, pname, units, long_name in [
2603 +             (
2604 +                 "fluorescence",
2605 +                 "FLUORESCENCE_CHLA",
2606 +                 "count",
2607 +                 "Chlorophyll-A signal from fluorescence sensor",
2608 +             ),
2609 +             (
2610 +                 "beta",
2611 +                 "BETA_BACKSCATTERING700",
2612 +                 "count",
2613 +                 "Total angle specific volume from backscattering sensor at 700 nanometers",
2614 +             ),
2615 +         ]:
2616 |             arr = _prepare_2d(key)
2617 |             for i in range(n_prof):
2618 |                 if pname not in measured[i]:
     -                     arr[i,:] = FLOAT_FILL
     -             var = ds.createVariable(pname, "f4", ("N_PROF","N_LEVELS"), fill_value=float(FLOAT_FILL))
2619 +                     arr[i, :] = FLOAT_FILL
2620 +             var = ds.createVariable(
2621 +                 pname, "f4", ("N_PROF", "N_LEVELS"), fill_value=float(FLOAT_FILL)
2622 +             )
2623 |             var[:] = arr
--------------------------------------------------------------------------------
2631 |             if "CHLA" not in measured[i]:
     -                 chla_arr[i,:] = FLOAT_FILL
     -         var = ds.createVariable("CHLA", "f4", ("N_PROF","N_LEVELS"), fill_value=float(FLOAT_FILL))
2632 +                 chla_arr[i, :] = FLOAT_FILL
2633 +         var = ds.createVariable("CHLA", "f4", ("N_PROF", "N_LEVELS"), fill_value=float(FLOAT_FILL))
2634 |         var[:] = chla_arr
--------------------------------------------------------------------------------
2646 |             if "CHLA_FLUORESCENCE" not in measured[i]:
     -                 chla_f_arr[i,:] = FLOAT_FILL
     -         var = ds.createVariable("CHLA_FLUORESCENCE", "f4", ("N_PROF","N_LEVELS"), fill_value=float(FLOAT_FILL))
2647 +                 chla_f_arr[i, :] = FLOAT_FILL
2648 +         var = ds.createVariable(
2649 +             "CHLA_FLUORESCENCE", "f4", ("N_PROF", "N_LEVELS"), fill_value=float(FLOAT_FILL)
2650 +         )
2651 |         var[:] = chla_f_arr
--------------------------------------------------------------------------------
2661 |             if "BBP700" not in measured[i]:
     -                 bbp_arr[i,:] = FLOAT_FILL
2662 +                 bbp_arr[i, :] = FLOAT_FILL
2663 |         if inputs.bbp_mode == "INCOIS_CORRECTED":
--------------------------------------------------------------------------------
2682 |                 if temp_c is None or psal_c is None:
     -                     raise ValueError(f"BBP recompute requires temp/psal per level for exact BETASW (profile {i}); no fallback")
2683 +                     raise ValueError(
2684 +                         f"BBP recompute requires temp/psal per level for exact BETASW (profile {i}); no fallback"
2685 +                     )
2686 |                 temp_c = np.asarray(temp_c, dtype=np.float32)[:n]
2687 |                 psal_c = np.asarray(psal_c, dtype=np.float32)[:n]
2688 |                 for lev in range(n):
2689 |                     betasw = _beta_sw(float(temp_c[lev]), float(psal_c[lev]))
     -                     bbp_arr[i, lev] = np.float32(2 * math.pi * KHI_700 * ((float(beta_raw[lev]) - float(dark)) * float(scale_corr) - betasw))
     -         var = ds.createVariable("BBP700", "f4", ("N_PROF","N_LEVELS"), fill_value=float(FLOAT_FILL))
2690 +                     bbp_arr[i, lev] = np.float32(
2691 +                         2
2692 +                         * math.pi
2693 +                         * KHI_700
2694 +                         * ((float(beta_raw[lev]) - float(dark)) * float(scale_corr) - betasw)
2695 +                     )
2696 +         var = ds.createVariable(
2697 +             "BBP700", "f4", ("N_PROF", "N_LEVELS"), fill_value=float(FLOAT_FILL)
2698 +         )
2699 |         var[:] = bbp_arr
--------------------------------------------------------------------------------
2706 |         var.setncattr("resolution", np.float32(1e-07))
     -     params_for_qc = ["PRES","TEMP","PSAL"] if not is_bgc else ["PRES","C1PHASE_DOXY","C2PHASE_DOXY","TEMP_DOXY","DOXY","FLUORESCENCE_CHLA","BETA_BACKSCATTERING700","CHLA","CHLA_FLUORESCENCE","BBP700"]
2707 +     params_for_qc = (
2708 +         ["PRES", "TEMP", "PSAL"]
2709 +         if not is_bgc
2710 +         else [
2711 +             "PRES",
2712 +             "C1PHASE_DOXY",
2713 +             "C2PHASE_DOXY",
2714 +             "TEMP_DOXY",
2715 +             "DOXY",
2716 +             "FLUORESCENCE_CHLA",
2717 +             "BETA_BACKSCATTERING700",
2718 +             "CHLA",
2719 +             "CHLA_FLUORESCENCE",
2720 +             "BBP700",
2721 +         ]
2722 +     )
2723 |     doxy_missing = inputs.doxy_external_calib is None if is_bgc else False
2724 |     rtqc_levels = _build_rtqc_levels(
     -         profiles, n_prof, n_levels, params_for_qc, is_bgc,
2725 +         profiles,
2726 +         n_prof,
2727 +         n_levels,
2728 +         params_for_qc,
2729 +         is_bgc,
2730 |         vss_list=inputs.vertical_sampling_schemes,
2731 |         park_pres=inputs.park_pressure_dbar,
2732 |         profile_pressure_dbar=inputs.profile_pressure_dbar,
     -         previous_profile=inputs.previous_profile)
     -     _write_qc_vars(ds, n_prof, n_levels, params_for_qc, is_bgc, doxy_missing,
     -                    rtqc_levels=rtqc_levels)
2733 +         previous_profile=inputs.previous_profile,
2734 +     )
2735 +     _write_qc_vars(
2736 +         ds, n_prof, n_levels, params_for_qc, is_bgc, doxy_missing, rtqc_levels=rtqc_levels
2737 +     )
2738 |     if is_bgc and doxy_missing:
--------------------------------------------------------------------------------
2742 |                 if "DOXY" not in measured[i]:
     -                     arr[i,:] = b" "
2743 +                     arr[i, :] = b" "
2744 |             ds.variables["DOXY_QC"][:] = arr
--------------------------------------------------------------------------------
2754 |
2755 +
2756 | # ---------------------------------------------------------------------------
2757 | # PublicationBuilder — requires external_meta for meta/tech
2758 | # ---------------------------------------------------------------------------
2759 |
2760 +
2761 | class PublicationBuilder:
--------------------------------------------------------------------------------
2809 |         if self.inputs.bbp_mode == "INCOIS_CORRECTED" and self.inputs.bbp_corrected_scale is None:
     -             raise ValueError("bbp_mode=INCOIS_CORRECTED requested but bbp_corrected_scale is None — fail explicitly, no fallback")
2810 +             raise ValueError(
2811 +                 "bbp_mode=INCOIS_CORRECTED requested but bbp_corrected_scale is None — fail explicitly, no fallback"
2812 +             )
2813 |         return write_profile(path, self.inputs, is_bgc=True, profiles=profiles)
2814 |
2815 +
2816 | def parse_wmo_arg(wmo: str) -> str:
     |

22 files would be reformatted, 151 files already formatted
