.sudo_as_admin_successful: OK
bgc-audit/BGC_INVESTIGATION_REPORT.md: OK
bgc-audit/CTS4_BGC_REPORTS_TABLE_REPORT.md: OK
bgc-audit/CTS4_BGC_RTQC_TAB_REPORT.md: OK
bgc-audit/CTS4_BGC_UI_REPORT.md: OK
bgc-audit/CTS4_SERVICE_INTEGRATION_REPORT.md: OK
bgc-audit/G2_FIX_COMPLETION.md: OK
bgc-audit/G2_FIX_DESIGN.md: OK
bgc-audit/INTEGRATION_VERIFICATION_REPORT.md: OK
bgc-audit/argo_workspace/ARVOR_I_INVESTIGATION_2026-08-24.md: OK
bgc-audit/argo_workspace/MIGRATION_BASELINE_CTS4_2026-09-10.md: OK
bgc-audit/argo_workspace/MIGRATION_NEW_CHAT_PHASE4A.md: OK
bgc-audit/argo_workspace/argo-decoder-python/2902222: OK
bgc-audit/argo_workspace/argo-decoder-python/APF9_PARITY_STATE.md: OK
bgc-audit/argo_workspace/argo-decoder-python/DEFECT_RESOLUTION_MATRIX.md: OK
bgc-audit/argo_workspace/argo-decoder-python/FREEZE_GATE_DECISION.md: OK
bgc-audit/argo_workspace/argo-decoder-python/IMPLEMENTATION_PROGRESS.md: OK
bgc-audit/argo_workspace/argo-decoder-python/METADATA_CONTRACT_CLOSURE.md: OK
bgc-audit/argo_workspace/argo-decoder-python/MIGRATION_STATE_REPORT.md: OK
bgc-audit/argo_workspace/argo-decoder-python/OPEN_ISSUES_2901304.md: OK
bgc-audit/argo_workspace/argo-decoder-python/QC_DIFF_REPORT.md: OK
bgc-audit/argo_workspace/argo-decoder-python/README.md: OK
bgc-audit/argo_workspace/argo-decoder-python/RTQC_COMPLETE_INVENTORY.md: OK
bgc-audit/argo_workspace/argo-decoder-python/RTQC_MATRIX.md: OK
bgc-audit/argo_workspace/argo-decoder-python/VALIDATION_2026-08-24_APF9_FRESH_DECODE.md: OK
bgc-audit/argo_workspace/argo-decoder-python/config/metadata/calib.csv: OK
bgc-audit/argo_workspace/argo-decoder-python/config/metadata/config_params.csv: OK
bgc-audit/argo_workspace/argo-decoder-python/config/metadata/meta.csv: OK
bgc-audit/argo_workspace/argo-decoder-python/config/metadata/provor_cts4_301_reference.csv: OK
bgc-audit/argo_workspace/argo-decoder-python/config/metadata/provor_cts4_external_doxy_example.csv: OK
bgc-audit/argo_workspace/argo-decoder-python/config/metadata/provor_cts4_external_launch_predeploy_example.csv: OK
bgc-audit/argo_workspace/argo-decoder-python/config/metadata/provor_cts4_pub_bbp_scales.csv: OK
bgc-audit/argo_workspace/argo-decoder-python/config/metadata/sensor-info.csv: OK
bgc-audit/argo_workspace/argo-decoder-python/config/metadata_backup/calib.csv: OK
bgc-audit/argo_workspace/argo-decoder-python/config/metadata_backup/config_params.csv: OK
bgc-audit/argo_workspace/argo-decoder-python/config/metadata_backup/meta.csv: OK
bgc-audit/argo_workspace/argo-decoder-python/config/metadata_backup/sensor-info.csv: OK
bgc-audit/argo_workspace/argo-decoder-python/config/registry.csv: OK
bgc-audit/argo_workspace/argo-decoder-python/config/registry_apf9.csv: OK
bgc-audit/argo_workspace/argo-decoder-python/deploy/README.md: OK
bgc-audit/argo_workspace/argo-decoder-python/docs/ABP_COPY_SELECTION_INVESTIGATION.md: OK
bgc-audit/argo_workspace/argo-decoder-python/docs/ABP_EXACT_CORIOLIS_VERIFICATION.md: OK
bgc-audit/argo_workspace/argo-decoder-python/docs/APF9_FINAL_PARITY_BASELINE.md: OK
bgc-audit/argo_workspace/argo-decoder-python/docs/BATHYMETRY_SETUP.md: OK
bgc-audit/argo_workspace/argo-decoder-python/docs/CYCLE_COLLISION_2902224_INVESTIGATION.md: OK
bgc-audit/argo_workspace/argo-decoder-python/docs/CYCLE_NUMBERING.md: OK
bgc-audit/argo_workspace/argo-decoder-python/docs/DECODER_ARCHITECTURE_CORIOLIS_AUDIT.md: OK
bgc-audit/argo_workspace/argo-decoder-python/docs/DECODER_ASSUMPTION_AUDIT.md: OK
bgc-audit/argo_workspace/argo-decoder-python/docs/DECODER_ROUTING_AUTHORITY.md: OK
bgc-audit/argo_workspace/argo-decoder-python/docs/DECODE_LOCALLY.md: OK
bgc-audit/argo_workspace/argo-decoder-python/docs/END_MISSION_DATE.md: OK
bgc-audit/argo_workspace/argo-decoder-python/docs/FILENAME_SUFFIX_SEMANTICS.md: OK
bgc-audit/argo_workspace/argo-decoder-python/docs/FLAG_PROFILETERMINATION_INVESTIGATION.md: OK
bgc-audit/argo_workspace/argo-decoder-python/docs/FLAG_PROFILETERMINATION_PARTB.md: OK
bgc-audit/argo_workspace/argo-decoder-python/docs/GROUNDED_INVESTIGATION.md: OK
bgc-audit/argo_workspace/argo-decoder-python/docs/POST_C1_FLEET_BASELINE.md: OK
bgc-audit/argo_workspace/argo-decoder-python/docs/POST_STARTDATE_PARITY_INVESTIGATION.md: OK
bgc-audit/argo_workspace/argo-decoder-python/docs/PROFILE_JULD_INVESTIGATION.md: OK
bgc-audit/argo_workspace/argo-decoder-python/docs/PROJECT_STATUS.md: OK
bgc-audit/argo_workspace/argo-decoder-python/docs/RTRAJ_JULD_INVESTIGATION.md: OK
bgc-audit/argo_workspace/argo-decoder-python/docs/RUN_ARVOR_I_LOCALLY.md: OK
bgc-audit/argo_workspace/argo-decoder-python/docs/RUN_LOCALLY_WINDOWS.md: OK
bgc-audit/argo_workspace/argo-decoder-python/docs/SENSOR_MAKER_FILECHECKER_INVESTIGATION.md: OK
bgc-audit/argo_workspace/argo-decoder-python/docs/SPEC_VS_CORIOLIS_INVESTIGATION.md: OK
bgc-audit/argo_workspace/argo-decoder-python/docs/START_DATE_INVESTIGATION.md: OK
bgc-audit/argo_workspace/argo-decoder-python/docs/VACUUM_1005_INVESTIGATION.md: OK
bgc-audit/argo_workspace/argo-decoder-python/docs/VACUUM_1010_REANALYSIS.md: OK
bgc-audit/argo_workspace/argo-decoder-python/docs/api/README.md: OK
bgc-audit/argo_workspace/argo-decoder-python/docs/architecture/README.md: OK
bgc-audit/argo_workspace/argo-decoder-python/docs/architecture/architecture.md: OK
bgc-audit/argo_workspace/argo-decoder-python/docs/architecture/decoder_table.md: OK
bgc-audit/argo_workspace/argo-decoder-python/docs/architecture/metadata.md: OK
bgc-audit/argo_workspace/argo-decoder-python/docs/architecture/platforms.md: OK
bgc-audit/argo_workspace/argo-decoder-python/docs/developers/README.md: OK
bgc-audit/argo_workspace/argo-decoder-python/docs/developers/onboarding.md: OK
bgc-audit/argo_workspace/argo-decoder-python/docs/developers/shadow_run.md: OK
bgc-audit/argo_workspace/argo-decoder-python/docs/phase_reports/APF9_COMPLETION_PLAN.md: OK
bgc-audit/argo_workspace/argo-decoder-python/docs/phase_reports/APF9_COMPLETION_REPORT.md: OK
bgc-audit/argo_workspace/argo-decoder-python/docs/phase_reports/ARVOR_I_FINAL_GDAC_PARITY_AUDIT_2026-08-28.md: OK
bgc-audit/argo_workspace/argo-decoder-python/docs/phase_reports/ARVOR_I_META_NC_MAPPING_2026-08-27.md: OK
bgc-audit/argo_workspace/argo-decoder-python/docs/phase_reports/ARVOR_I_MONO_PROFILE_IMPLEMENTATION_PLAN_2026-08-27.md: OK
bgc-audit/argo_workspace/argo-decoder-python/docs/phase_reports/ARVOR_I_MONO_PROFILE_MAPPING_2026-08-27.md: OK
bgc-audit/argo_workspace/argo-decoder-python/docs/phase_reports/ARVOR_I_PHASE1_RAW_2026-08-24.md: OK
bgc-audit/argo_workspace/argo-decoder-python/docs/phase_reports/ARVOR_I_PHASE2_CYCLE_RECONSTRUCTION_2026-08-24.md: OK
bgc-audit/argo_workspace/argo-decoder-python/docs/phase_reports/ARVOR_I_PHASE3_SCIENCE_RECONSTRUCTION_2026-08-25.md: OK
bgc-audit/argo_workspace/argo-decoder-python/docs/phase_reports/ARVOR_I_PHASE4A_TECH_2026-08-27.md: OK
bgc-audit/argo_workspace/argo-decoder-python/docs/phase_reports/ARVOR_I_PHASE4A_TECH_MAPPING_2026-08-26.md: OK
bgc-audit/argo_workspace/argo-decoder-python/docs/phase_reports/ARVOR_I_PHASE4B_RTRAJ_2026-08-27.md: OK
bgc-audit/argo_workspace/argo-decoder-python/docs/phase_reports/ARVOR_I_PHASE4B_RTRAJ_MAPPING_2026-08-27.md: OK
bgc-audit/argo_workspace/argo-decoder-python/docs/phase_reports/ARVOR_I_PHASE5_MONO_PROF_2026-08-27.md: OK
bgc-audit/argo_workspace/argo-decoder-python/docs/phase_reports/ARVOR_I_PHASE6_META_2026-08-27.md: OK
bgc-audit/argo_workspace/argo-decoder-python/docs/phase_reports/ARVOR_I_REMAINING_BUFFERS_DECISION_2026-08-27.md: OK
bgc-audit/argo_workspace/argo-decoder-python/docs/phase_reports/ARVOR_I_RTQC_SPEC_AUDIT_2026-09-04.md: OK
bgc-audit/argo_workspace/argo-decoder-python/docs/phase_reports/ARVOR_I_RTRAJ_DEEP_PARITY_2026-08-31.md: OK
bgc-audit/argo_workspace/argo-decoder-python/docs/phase_reports/ARVOR_I_RTRAJ_FINAL_STANDARDS_2026-08-31.md: OK
bgc-audit/argo_workspace/argo-decoder-python/docs/phase_reports/ARVOR_I_RTRAJ_REMAINING_FIXES_2026-08-31.md: OK
bgc-audit/argo_workspace/argo-decoder-python/docs/phase_reports/DOCUMENTATION_AUDIT_REPORT.md: OK
bgc-audit/argo_workspace/argo-decoder-python/docs/phase_reports/GDAC_DIFFERENCE_RCA.md: OK
bgc-audit/argo_workspace/argo-decoder-python/docs/phase_reports/M2_REVISITED.md: OK
bgc-audit/argo_workspace/argo-decoder-python/docs/phase_reports/METADATA_MIGRATION_REPORT.md: OK
bgc-audit/argo_workspace/argo-decoder-python/docs/phase_reports/PROVOR_CTS4_FINAL_PUBLICATION_READINESS_2026-09-10.md: OK
bgc-audit/argo_workspace/argo-decoder-python/docs/phase_reports/PROVOR_CTS4_PHASE2A_DECODE_2026-09-09.md: OK
bgc-audit/argo_workspace/argo-decoder-python/docs/phase_reports/PROVOR_CTS4_PHASE3_PUBLICATION_VALIDATION_2026-09-10.md: OK
bgc-audit/argo_workspace/argo-decoder-python/docs/phase_reports/PROVOR_CTS4_PRODUCT_INVENTORY_RTRAJ_2026-09-10.md: OK
bgc-audit/argo_workspace/argo-decoder-python/docs/phase_reports/PROVOR_CTS4_RBR_PARITY_MATRIX_12170_2026-09-10.md: OK
bgc-audit/argo_workspace/argo-decoder-python/docs/phase_reports/README.md: OK
bgc-audit/argo_workspace/argo-decoder-python/docs/phase_reports/phase4_argos_kickoff.md: OK
bgc-audit/argo_workspace/argo-decoder-python/docs/phase_reports/phase4_argos_raw_audit.md: OK
bgc-audit/argo_workspace/argo-decoder-python/docs/phase_reports/phase4_closure.md: OK
bgc-audit/argo_workspace/argo-decoder-python/docs/phase_reports/phase5_mono_profile_admt_baseline.md: OK
bgc-audit/argo_workspace/argo-decoder-python/docs/phase_reports/phase5_setup.md: OK
bgc-audit/argo_workspace/argo-decoder-python/docs/phase_reports/phase5a1_baseline_verification.md: OK
bgc-audit/argo_workspace/argo-decoder-python/docs/phase_reports/phase6a3_engineering_map.md: OK
bgc-audit/argo_workspace/argo-decoder-python/docs/phase_reports/phase6a_traj_plan.md: OK
bgc-audit/argo_workspace/argo-decoder-python/docs/reference_extracts/pdf_20100908_V090810_1772.B_rev20100909-Apex-User-Manual-APEX5292_Oxygen.txt: OK
bgc-audit/argo_workspace/argo-decoder-python/docs/scientific/README.md: OK
bgc-audit/argo_workspace/argo-decoder-python/docs/user/README.md: OK
bgc-audit/argo_workspace/argo-decoder-python/docs/user/cli_reference.md: OK
bgc-audit/argo_workspace/argo-decoder-python/docs/user/running_locally.md: OK
bgc-audit/argo_workspace/argo-decoder-python/handoff.md: OK
bgc-audit/argo_workspace/argo-decoder-python/pyproject.toml: OK
bgc-audit/argo_workspace/argo-decoder-python/scripts/README.md: OK
bgc-audit/argo_workspace/argo-decoder-python/src/argo_decoder/__init__.py: OK
bgc-audit/argo_workspace/argo-decoder-python/src/argo_decoder/__main__.py: OK
bgc-audit/argo_workspace/argo-decoder-python/src/argo_decoder/cli/__init__.py: OK
bgc-audit/argo_workspace/argo-decoder-python/src/argo_decoder/cli/main.py: OK
bgc-audit/argo_workspace/argo-decoder-python/src/argo_decoder/cli/metadata_cli.py: OK
bgc-audit/argo_workspace/argo-decoder-python/src/argo_decoder/config/__init__.py: OK
bgc-audit/argo_workspace/argo-decoder-python/src/argo_decoder/config/decoder_table.py: OK
bgc-audit/argo_workspace/argo-decoder-python/src/argo_decoder/config/decoder_table.yaml: OK
bgc-audit/argo_workspace/argo-decoder-python/src/argo_decoder/config/loader.py: OK
bgc-audit/argo_workspace/argo-decoder-python/src/argo_decoder/config/models.py: OK
bgc-audit/argo_workspace/argo-decoder-python/src/argo_decoder/derived/__init__.py: OK
bgc-audit/argo_workspace/argo-decoder-python/src/argo_decoder/derived/cndc.py: OK
bgc-audit/argo_workspace/argo-decoder-python/src/argo_decoder/derived/density.py: OK
bgc-audit/argo_workspace/argo-decoder-python/src/argo_decoder/derived/doxy.py: OK
bgc-audit/argo_workspace/argo-decoder-python/src/argo_decoder/domain/__init__.py: OK
bgc-audit/argo_workspace/argo-decoder-python/src/argo_decoder/domain/frames.py: OK
bgc-audit/argo_workspace/argo-decoder-python/src/argo_decoder/domain/qc.py: OK
bgc-audit/argo_workspace/argo-decoder-python/src/argo_decoder/io/__init__.py: OK
bgc-audit/argo_workspace/argo-decoder-python/src/argo_decoder/io/fs.py: OK
bgc-audit/argo_workspace/argo-decoder-python/src/argo_decoder/io/rsync.py: OK
bgc-audit/argo_workspace/argo-decoder-python/src/argo_decoder/io/sbd_email.py: OK
bgc-audit/argo_workspace/argo-decoder-python/src/argo_decoder/io/xml_report.py: OK
bgc-audit/argo_workspace/argo-decoder-python/src/argo_decoder/metadata/__init__.py: OK
bgc-audit/argo_workspace/argo-decoder-python/src/argo_decoder/metadata/builder.py: OK
bgc-audit/argo_workspace/argo-decoder-python/src/argo_decoder/metadata/csv_loader.py: OK
bgc-audit/argo_workspace/argo-decoder-python/src/argo_decoder/metadata/json_loader.py: OK
bgc-audit/argo_workspace/argo-decoder-python/src/argo_decoder/metadata/loader.py: OK
bgc-audit/argo_workspace/argo-decoder-python/src/argo_decoder/metadata/models.py: OK
bgc-audit/argo_workspace/argo-decoder-python/src/argo_decoder/metadata/multi_csv_loader.py: OK
bgc-audit/argo_workspace/argo-decoder-python/src/argo_decoder/metadata/validators.py: OK
bgc-audit/argo_workspace/argo-decoder-python/src/argo_decoder/nc/__init__.py: OK
bgc-audit/argo_workspace/argo-decoder-python/src/argo_decoder/nc/admt.py: OK
bgc-audit/argo_workspace/argo-decoder-python/src/argo_decoder/nc/metadata_file.py: OK
bgc-audit/argo_workspace/argo-decoder-python/src/argo_decoder/nc/mono_profile.py: OK
bgc-audit/argo_workspace/argo-decoder-python/src/argo_decoder/nc/multi_profile.py: OK
bgc-audit/argo_workspace/argo-decoder-python/src/argo_decoder/nc/rtraj_arvor.py: OK
bgc-audit/argo_workspace/argo-decoder-python/src/argo_decoder/nc/rtraj_cts4.py: OK
bgc-audit/argo_workspace/argo-decoder-python/src/argo_decoder/nc/technical.py: OK
bgc-audit/argo_workspace/argo-decoder-python/src/argo_decoder/nc/technical_arvor.py: OK
bgc-audit/argo_workspace/argo-decoder-python/src/argo_decoder/nc/trajectory.py: OK
bgc-audit/argo_workspace/argo-decoder-python/src/argo_decoder/nc/writer.py: OK
bgc-audit/argo_workspace/argo-decoder-python/src/argo_decoder/pipeline/__init__.py: OK
bgc-audit/argo_workspace/argo-decoder-python/src/argo_decoder/pipeline/comparator.py: OK
bgc-audit/argo_workspace/argo-decoder-python/src/argo_decoder/pipeline/dual_run.py: OK
bgc-audit/argo_workspace/argo-decoder-python/src/argo_decoder/pipeline/metadata_stage.py: OK
bgc-audit/argo_workspace/argo-decoder-python/src/argo_decoder/pipeline/oracle.py: OK
bgc-audit/argo_workspace/argo-decoder-python/src/argo_decoder/pipeline/runner.py: OK
bgc-audit/argo_workspace/argo-decoder-python/src/argo_decoder/platforms/__init__.py: OK
bgc-audit/argo_workspace/argo-decoder-python/src/argo_decoder/platforms/apex_argos/__init__.py: OK
bgc-audit/argo_workspace/argo-decoder-python/src/argo_decoder/platforms/apex_argos/decoder.py: OK
bgc-audit/argo_workspace/argo-decoder-python/src/argo_decoder/platforms/apex_argos/engineering.py: OK
bgc-audit/argo_workspace/argo-decoder-python/src/argo_decoder/platforms/apex_argos/frames.py: OK
bgc-audit/argo_workspace/argo-decoder-python/src/argo_decoder/platforms/apex_argos/mission.py: OK
bgc-audit/argo_workspace/argo-decoder-python/src/argo_decoder/platforms/apex_argos/profile.py: OK
bgc-audit/argo_workspace/argo-decoder-python/src/argo_decoder/platforms/apex_argos/trajectory.py: OK
bgc-audit/argo_workspace/argo-decoder-python/src/argo_decoder/platforms/base.py: OK
bgc-audit/argo_workspace/argo-decoder-python/src/argo_decoder/platforms/provor_cts4_ir_sbd/__init__.py: OK
bgc-audit/argo_workspace/argo-decoder-python/src/argo_decoder/platforms/provor_cts4_ir_sbd/assoc.py: OK
bgc-audit/argo_workspace/argo-decoder-python/src/argo_decoder/platforms/provor_cts4_ir_sbd/bgc.py: OK
bgc-audit/argo_workspace/argo-decoder-python/src/argo_decoder/platforms/provor_cts4_ir_sbd/ctd.py: OK
bgc-audit/argo_workspace/argo-decoder-python/src/argo_decoder/platforms/provor_cts4_ir_sbd/cts4_realtime.py: OK
bgc-audit/argo_workspace/argo-decoder-python/src/argo_decoder/platforms/provor_cts4_ir_sbd/cts4_rtraj.py: OK
bgc-audit/argo_workspace/argo-decoder-python/src/argo_decoder/platforms/provor_cts4_ir_sbd/cts4_tech.py: OK
bgc-audit/argo_workspace/argo-decoder-python/src/argo_decoder/platforms/provor_cts4_ir_sbd/cycles.py: OK
bgc-audit/argo_workspace/argo-decoder-python/src/argo_decoder/platforms/provor_cts4_ir_sbd/equations.py: OK
bgc-audit/argo_workspace/argo-decoder-python/src/argo_decoder/platforms/provor_cts4_ir_sbd/external_meta_io.py: OK
bgc-audit/argo_workspace/argo-decoder-python/src/argo_decoder/platforms/provor_cts4_ir_sbd/family_constants.py: OK
bgc-audit/argo_workspace/argo-decoder-python/src/argo_decoder/platforms/provor_cts4_ir_sbd/framer.py: OK
bgc-audit/argo_workspace/argo-decoder-python/src/argo_decoder/platforms/provor_cts4_ir_sbd/labels_301.py: OK
bgc-audit/argo_workspace/argo-decoder-python/src/argo_decoder/platforms/provor_cts4_ir_sbd/mission_clock.py: OK
bgc-audit/argo_workspace/argo-decoder-python/src/argo_decoder/platforms/provor_cts4_ir_sbd/packets.py: OK
bgc-audit/argo_workspace/argo-decoder-python/src/argo_decoder/platforms/provor_cts4_ir_sbd/params.py: OK
bgc-audit/argo_workspace/argo-decoder-python/src/argo_decoder/platforms/provor_cts4_ir_sbd/provor_cts4_pipeline.py: OK
bgc-audit/argo_workspace/argo-decoder-python/src/argo_decoder/platforms/provor_cts4_ir_sbd/resolve.py: OK
bgc-audit/argo_workspace/argo-decoder-python/src/argo_decoder/platforms/provor_cts4_ir_sbd/rtraj_build.py: OK
bgc-audit/argo_workspace/argo-decoder-python/src/argo_decoder/platforms/provor_cts4_ir_sbd/tech.py: OK
bgc-audit/argo_workspace/argo-decoder-python/src/argo_decoder/platforms/provor_cts4_ir_sbd/tech_build.py: OK
bgc-audit/argo_workspace/argo-decoder-python/src/argo_decoder/platforms/provor_ir_sbd/__init__.py: OK
bgc-audit/argo_workspace/argo-decoder-python/src/argo_decoder/platforms/provor_ir_sbd/arvor_i.py: OK
bgc-audit/argo_workspace/argo-decoder-python/src/argo_decoder/platforms/provor_ir_sbd/arvor_i_cycles.py: OK
bgc-audit/argo_workspace/argo-decoder-python/src/argo_decoder/platforms/provor_ir_sbd/arvor_i_decoder.py: OK
bgc-audit/argo_workspace/argo-decoder-python/src/argo_decoder/platforms/provor_ir_sbd/arvor_i_meta.py: OK
bgc-audit/argo_workspace/argo-decoder-python/src/argo_decoder/platforms/provor_ir_sbd/arvor_i_prof.py: OK
bgc-audit/argo_workspace/argo-decoder-python/src/argo_decoder/platforms/provor_ir_sbd/arvor_i_rtraj.py: OK
bgc-audit/argo_workspace/argo-decoder-python/src/argo_decoder/platforms/provor_ir_sbd/arvor_i_science.py: OK
bgc-audit/argo_workspace/argo-decoder-python/src/argo_decoder/platforms/provor_ir_sbd/arvor_i_tech.py: OK
bgc-audit/argo_workspace/argo-decoder-python/src/argo_decoder/platforms/provor_ir_sbd/decoder.py: OK
bgc-audit/argo_workspace/argo-decoder-python/src/argo_decoder/platforms/provor_ir_sbd/frames.py: OK
bgc-audit/argo_workspace/argo-decoder-python/src/argo_decoder/platforms/provor_ir_sbd/mission.py: OK
bgc-audit/argo_workspace/argo-decoder-python/src/argo_decoder/platforms/provor_ir_sbd/profile.py: OK
bgc-audit/argo_workspace/argo-decoder-python/src/argo_decoder/rtqc/__init__.py: OK
bgc-audit/argo_workspace/argo-decoder-python/src/argo_decoder/rtqc/bathymetry.py: OK
bgc-audit/argo_workspace/argo-decoder-python/src/argo_decoder/rtqc/cross_cycle.py: OK
bgc-audit/argo_workspace/argo-decoder-python/src/argo_decoder/rtqc/cross_cycle_pass.py: OK
bgc-audit/argo_workspace/argo-decoder-python/src/argo_decoder/rtqc/cts4.py: OK
bgc-audit/argo_workspace/argo-decoder-python/src/argo_decoder/rtqc/density_inversion.py: OK
bgc-audit/argo_workspace/argo-decoder-python/src/argo_decoder/rtqc/medd.py: OK
bgc-audit/argo_workspace/argo-decoder-python/src/argo_decoder/rtqc/non_density.py: OK
bgc-audit/argo_workspace/argo-decoder-python/src/argo_decoder/rtqc/profile_pipeline.py: OK
bgc-audit/argo_workspace/argo-decoder-python/src/argo_decoder/rtqc/profile_scalar.py: OK
bgc-audit/argo_workspace/argo-decoder-python/src/argo_decoder/rtqc/trajectory.py: OK
bgc-audit/argo_workspace/argo-decoder-python/src/argo_decoder/sensors/__init__.py: OK
bgc-audit/argo_workspace/argo-decoder-python/src/argo_decoder/sensors/ctd.py: OK
bgc-audit/argo_workspace/argo-decoder-python/src/argo_decoder/trajectory/__init__.py: OK
bgc-audit/argo_workspace/argo-decoder-python/src/argo_decoder/trajectory/binning.py: OK
bgc-audit/argo_workspace/argo-decoder-python/src/argo_decoder/util/__init__.py: OK
bgc-audit/argo_workspace/argo-decoder-python/src/argo_decoder/util/hashing.py: OK
bgc-audit/argo_workspace/argo-decoder-python/src/argo_decoder/util/logging.py: OK
bgc-audit/argo_workspace/argo-decoder-python/src/argo_decoder/util/time.py: OK
bgc-audit/argo_workspace/argo-decoder-python/src/argo_decoder/writer/__init__.py: OK
bgc-audit/argo_workspace/argo-decoder-python/src/argo_decoder/writer/fixtures.py: OK
bgc-audit/argo_workspace/argo-decoder-python/src/argo_decoder/writer/nc.py: OK
bgc-audit/argo_workspace/argo-decoder-python/tests/test_provor_cts4_fleet_genericity.py: OK
bgc-audit/argo_workspace/argo-decoder-python/tests/test_provor_cts4_phase4_products_integration.py: OK
bgc-audit/argo_workspace/argo-decoder-python/tests/unit/test_derived_doxy.py: OK
bgc-audit/argo_workspace/argo-decoder-python/tests/unit/test_provor_cts4_phase1_units.py: OK
bgc-audit/argo_workspace/argo-decoder-python/tests/unit/test_provor_cts4_phase2a_units.py: OK
bgc-audit/argo_workspace/argo-decoder-python/tests/unit/test_provor_cts4_phase4_units.py: OK
bgc-audit/argo_workspace/argo-decoder-python/tests/unit/test_provor_ir_sbd.py: OK
bgc-audit/argo_workspace/argo-decoder-python/tests/unit/test_provor_profile.py: OK
bgc-audit/argo_workspace/argo-decoder-python/validation_arvor_i_mono_parity/PARITY_REPORT.md: OK
bgc-audit/argo_workspace/argo-decoder-python/validation_arvor_i_products/META_PARITY_ANALYSIS_2026-09-08.md: OK
bgc-audit/argo_workspace/argo-decoder-python/validation_arvor_i_products/PRODUCTS_PARITY_REPORT.md: OK
bgc-audit/argo_workspace/argo-decoder-python/validation_arvor_i_products/RTRAJ_PUBLICATION_PARITY_PHASE1.md: OK
bgc-audit/argo_workspace/argo-decoder-python/validation_arvor_i_products/RTRAJ_PUBLICATION_PARITY_PHASE2.md: OK
bgc-audit/argo_workspace/argo-decoder-python/validation_arvor_i_products/RTRAJ_PUBLICATION_PARITY_PHASE3_AUDIT.md: OK
bgc-audit/argo_workspace/argo-decoder-python/validation_arvor_i_products/RTRAJ_RTQC_AND_FINAL_PARITY_2026-09-07.md: OK
bgc-audit/argo_workspace/argo-decoder-python/validation_arvor_i_products/RTRAJ_STANDARDS_ADJUDICATION_2026-09-08.md: OK
bgc-audit/argo_workspace/argo-decoder-python/validation_arvor_i_products/TECH_PUBLICATION_PARITY_PHASE1.md: OK
bgc-audit/argo_workspace/argo-decoder-python/validation_arvor_i_products/TECH_PUBLICATION_PARITY_PHASE2.md: OK
bgc-audit/argo_workspace/argo-decoder-python/validation_arvor_i_rtqc/RTQC_APPLIED_SET_AND_PARITY_2026-09-07.md: OK
bgc-audit/argo_workspace/argo-decoder-python/validation_fleet_parity/1902844_mono.json: OK
bgc-audit/argo_workspace/argo-decoder-python/validation_fleet_parity/7902408_mono.json: OK
bgc-audit/argo_workspace/provor_bio_irsbd/PROVOR_BIO_IRSBD_PHASE0_INVESTIGATION.md: OK
bgc-audit/argo_workspace/provor_bio_irsbd/PROVOR_CTS4_10FLOAT_GENERICITY_AND_GDAC_PARITY_2026-09-11.md: OK
bgc-audit/argo_workspace/provor_bio_irsbd/PROVOR_CTS4_FINAL_PARITY_REPORT.md: OK
bgc-audit/argo_workspace/provor_bio_irsbd/PROVOR_CTS4_FINAL_PUBLICATION_READINESS_2026-09-10.md: OK
bgc-audit/argo_workspace/provor_bio_irsbd/PROVOR_CTS4_PHASE1_DESIGN_NOTE.md: OK
bgc-audit/argo_workspace/provor_bio_irsbd/PROVOR_CTS4_PHASE2A_DESIGN_NOTE.md: OK
bgc-audit/argo_workspace/provor_bio_irsbd/PROVOR_CTS4_PHASE2B1_BASELINE_PLAN.md: OK
bgc-audit/argo_workspace/provor_bio_irsbd/PROVOR_CTS4_PHASE2B1_FOLLOWUP_REPORT.md: OK
bgc-audit/argo_workspace/provor_bio_irsbd/PROVOR_CTS4_PHASE2B1_REPORT.md: OK
bgc-audit/argo_workspace/provor_bio_irsbd/PROVOR_CTS4_PHASE2B2_ARCH_CLEANUP_REPORT.md: OK
bgc-audit/argo_workspace/provor_bio_irsbd/PROVOR_CTS4_PHASE2C_CORRECTION_REPORT.md: OK
bgc-audit/argo_workspace/provor_bio_irsbd/PROVOR_CTS4_PHASE2C_PUBLICATION_DESIGN.md: OK
bgc-audit/argo_workspace/provor_bio_irsbd/PROVOR_CTS4_PHASE3_PUBLICATION_VALIDATION_2026-09-10.md: OK
bgc-audit/argo_workspace/provor_bio_irsbd/PROVOR_CTS4_PHASE3_WRITER_CONTRACT_FIX_2026-09-10_PART2.md: OK
bgc-audit/argo_workspace/provor_bio_irsbd/PROVOR_CTS4_PHASE4_FLOAT_PRODUCTS_2026-09-11.md: OK
bgc-audit/argo_workspace/provor_bio_irsbd/PROVOR_CTS4_PHASE5_DIRECT_GDAC_PARITY_2026-09-11.md: OK
bgc-audit/argo_workspace/provor_bio_irsbd/PROVOR_CTS4_PRODUCT_INVENTORY_RTRAJ_2026-09-10.md: OK
bgc-audit/argo_workspace/provor_bio_irsbd/PROVOR_CTS4_RBR_PARITY_MATRIX_12170_2026-09-10.md: OK
bgc-audit/argo_workspace/provor_bio_irsbd/PROVOR_CTS4_RTRAJ_ADJUDICATION_2026-09-11.md: OK
bgc-audit/argo_workspace/provor_bio_irsbd/ref/NKE_5.8_MUT_PROVBIOII-FLBB_UTI_GB_Rev3_20130924.txt: OK
bgc-audit/argo_workspace/provor_bio_irsbd/ref/gdac_incois_301/incois_BD2902091_001.nc: OK
bgc-audit/argo_workspace/provor_bio_irsbd/ref/gdac_incois_301/incois_D2902091_001.nc: OK
bgc-audit/bgc-work-backup.patch: OK
bgc-audit/filelist.txt: OK
bgc-audit/shots/debug-history.png: OK
bgc-audit/shots/debug-map.png: OK
bgc-audit/shots/debug-results.png: OK
bgc-audit/shots/results-bgc-table.png: OK
bgc-audit/shots/results-bgc-top.png: OK
bgc-audit/shots/rtqc-pass-bgc-tab.png: OK
decode-regression-investigation.md: OK
e2e-map/map_e2e.mjs: OK
e2e-map/package-lock.json: OK
e2e-map/package.json: OK
e2e-map/probe2.mjs: OK
e2e-map/probe_dom.mjs: OK
e2e-map/probe_normal.mjs: OK
e2e-map/probe_select.mjs: OK
eezshots/alert-placement.mjs: OK
eezshots/eez-alert-bottom-left-full.png: OK
eezshots/eez-alert-bottom-left.png: OK
eezshots/eez-combined-alert.png: OK
eezshots/eez-current-settled.png: OK
eezshots/eez-fullscreen-teal.png: OK
eezshots/eez-fullscreen.png: OK
eezshots/fade-probe.mjs: OK
eezshots/fade-probe2.mjs: OK
eezshots/fade-probe3.mjs: OK
eezshots/fade-probe4.mjs: OK
eezshots/fade-probe5.mjs: OK
eezshots/fade-probe6.mjs: OK
eezshots/pulse-closeup.mjs: OK
eezshots/pulse-closeup.png: OK
error-investigation-detail-report.md: OK
fleet-shots/01-results.png: OK
fleet-shots/02-float-status.png: OK
fleet-shots/04-detail.png: OK
incois-arpy-decoder/.gitignore: OK
incois-arpy-decoder/.sudo_as_admin_successful: OK
incois-arpy-decoder/APF9_PARITY_STATE.md: OK
incois-arpy-decoder/Coriolis-data-processing-chain-for-Argo-floats-container/decArgo_demo/config/.gitkeep: OK
incois-arpy-decoder/Coriolis-data-processing-chain-for-Argo-floats-container/decArgo_demo/config/decArgo_config_floats/json_float_info/6902892_300234065895840_info.json: OK
incois-arpy-decoder/Coriolis-data-processing-chain-for-Argo-floats-container/decArgo_demo/config/decArgo_config_floats/json_float_info/6903014_300234068508780_info.json: OK
incois-arpy-decoder/Coriolis-data-processing-chain-for-Argo-floats-container/decArgo_demo/config/decArgo_config_floats/json_float_meta_ir_sbd/6902892_meta.json: OK
incois-arpy-decoder/Coriolis-data-processing-chain-for-Argo-floats-container/decArgo_demo/config/decArgo_config_floats/json_float_meta_ir_sbd/6903014_meta.json: OK
incois-arpy-decoder/Coriolis-data-processing-chain-for-Argo-floats-container/decArgo_demo/config/decoder_conf.json: OK
incois-arpy-decoder/Coriolis-data-processing-chain-for-Argo-floats-container/decArgo_demo/input/.gitkeep: OK
incois-arpy-decoder/Coriolis-data-processing-chain-for-Argo-floats-container/decArgo_demo/input/rsync_list/300234065895840/rsync_20200629T092506Z.txt: OK
incois-arpy-decoder/Coriolis-data-processing-chain-for-Argo-floats-container/decArgo_demo/input/rsync_list/300234065895840/rsync_20200630T082510Z.txt: OK
incois-arpy-decoder/Coriolis-data-processing-chain-for-Argo-floats-container/decArgo_demo/input/rsync_list/300234065895840/rsync_20200701T082516Z.txt: OK
incois-arpy-decoder/Coriolis-data-processing-chain-for-Argo-floats-container/decArgo_demo/input/rsync_list/300234065895840/rsync_20200702T082518Z.txt: OK
incois-arpy-decoder/Coriolis-data-processing-chain-for-Argo-floats-container/decArgo_demo/input/rsync_list/300234065895840/rsync_20201118T092506Z.txt: OK
incois-arpy-decoder/Coriolis-data-processing-chain-for-Argo-floats-container/decArgo_demo/input/rsync_list/300234065895840/rsync_20210312T162503Z.txt: OK
incois-arpy-decoder/Coriolis-data-processing-chain-for-Argo-floats-container/decArgo_demo/input/rsync_list/300234065895840/rsync_20210313T022503Z.txt: OK
incois-arpy-decoder/Coriolis-data-processing-chain-for-Argo-floats-container/decArgo_demo/input/rsync_list/300234065895840/rsync_20210313T032507Z.txt: OK
incois-arpy-decoder/Coriolis-data-processing-chain-for-Argo-floats-container/decArgo_demo/input/rsync_list/300234065895840/rsync_20210315T062538Z.txt: OK
incois-arpy-decoder/Coriolis-data-processing-chain-for-Argo-floats-container/decArgo_demo/input/rsync_list/300234065895840/rsync_20210315T072525Z.txt: OK
incois-arpy-decoder/Coriolis-data-processing-chain-for-Argo-floats-container/decArgo_demo/input/rsync_list/300234065895840/rsync_20210320T062520Z.txt: OK
incois-arpy-decoder/Coriolis-data-processing-chain-for-Argo-floats-container/decArgo_demo/input/rsync_list/300234065895840/rsync_20210320T072540Z.txt: OK
incois-arpy-decoder/Coriolis-data-processing-chain-for-Argo-floats-container/decArgo_demo/input/rsync_list/300234065895840/rsync_20210325T062530Z.txt: OK
incois-arpy-decoder/Coriolis-data-processing-chain-for-Argo-floats-container/decArgo_demo/input/rsync_list/300234065895840/rsync_20210325T072531Z.txt: OK
incois-arpy-decoder/Coriolis-data-processing-chain-for-Argo-floats-container/decArgo_demo/input/rsync_list/300234065895840/rsync_20210330T062540Z.txt: OK
incois-arpy-decoder/Coriolis-data-processing-chain-for-Argo-floats-container/decArgo_demo/input/rsync_list/300234065895840/rsync_20210330T072514Z.txt: OK
incois-arpy-decoder/Coriolis-data-processing-chain-for-Argo-floats-container/decArgo_demo/input/rsync_list/300234065895840/rsync_20210404T062537Z.txt: OK
incois-arpy-decoder/Coriolis-data-processing-chain-for-Argo-floats-container/decArgo_demo/input/rsync_list/300234065895840/rsync_20210409T062556Z.txt: OK
incois-arpy-decoder/Coriolis-data-processing-chain-for-Argo-floats-container/decArgo_demo/input/rsync_list/300234065895840/rsync_20210409T072511Z.txt: OK
incois-arpy-decoder/Coriolis-data-processing-chain-for-Argo-floats-container/decArgo_demo/input/rsync_list/300234065895840/rsync_20210414T062541Z.txt: OK
incois-arpy-decoder/Coriolis-data-processing-chain-for-Argo-floats-container/decArgo_demo/input/rsync_list/300234065895840/rsync_20210414T072602Z.txt: OK
incois-arpy-decoder/Coriolis-data-processing-chain-for-Argo-floats-container/decArgo_demo/input/rsync_list/300234065895840/rsync_20210419T062536Z.txt: OK
incois-arpy-decoder/Coriolis-data-processing-chain-for-Argo-floats-container/decArgo_demo/input/rsync_list/300234065895840/rsync_20210419T072541Z.txt: OK
incois-arpy-decoder/Coriolis-data-processing-chain-for-Argo-floats-container/decArgo_demo/input/rsync_list/300234065895840/rsync_20210424T062528Z.txt: OK
incois-arpy-decoder/Coriolis-data-processing-chain-for-Argo-floats-container/decArgo_demo/input/rsync_list/300234065895840/rsync_20210429T062529Z.txt: OK
incois-arpy-decoder/Coriolis-data-processing-chain-for-Argo-floats-container/decArgo_demo/input/rsync_list/300234065895840/rsync_20210429T072521Z.txt: OK
incois-arpy-decoder/Coriolis-data-processing-chain-for-Argo-floats-container/decArgo_demo/input/rsync_list/300234065895840/rsync_20210504T052516Z.txt: OK
incois-arpy-decoder/Coriolis-data-processing-chain-for-Argo-floats-container/decArgo_demo/input/rsync_list/300234065895840/rsync_20210504T062539Z.txt: OK
incois-arpy-decoder/Coriolis-data-processing-chain-for-Argo-floats-container/decArgo_demo/input/rsync_list/300234065895840/rsync_20210509T052515Z.txt: OK
incois-arpy-decoder/Coriolis-data-processing-chain-for-Argo-floats-container/decArgo_demo/input/rsync_list/300234065895840/rsync_20210509T062554Z.txt: OK
incois-arpy-decoder/Coriolis-data-processing-chain-for-Argo-floats-container/decArgo_demo/input/rsync_list/300234065895840/rsync_20210514T062533Z.txt: OK
incois-arpy-decoder/Coriolis-data-processing-chain-for-Argo-floats-container/decArgo_demo/input/rsync_list/300234065895840/rsync_20210519T062538Z.txt: OK
incois-arpy-decoder/Coriolis-data-processing-chain-for-Argo-floats-container/decArgo_demo/input/rsync_list/300234065895840/rsync_20210519T072525Z.txt: OK
incois-arpy-decoder/Coriolis-data-processing-chain-for-Argo-floats-container/decArgo_demo/input/rsync_list/300234065895840/rsync_20210524T062528Z.txt: OK
incois-arpy-decoder/Coriolis-data-processing-chain-for-Argo-floats-container/decArgo_demo/input/rsync_list/300234065895840/rsync_20210529T062522Z.txt: OK
incois-arpy-decoder/Coriolis-data-processing-chain-for-Argo-floats-container/decArgo_demo/input/rsync_list/300234065895840/rsync_20210529T072531Z.txt: OK
incois-arpy-decoder/Coriolis-data-processing-chain-for-Argo-floats-container/decArgo_demo/input/rsync_list/300234065895840/rsync_20210603T062534Z.txt: OK
incois-arpy-decoder/Coriolis-data-processing-chain-for-Argo-floats-container/decArgo_demo/input/rsync_list/300234065895840/rsync_20210608T062523Z.txt: OK
incois-arpy-decoder/Coriolis-data-processing-chain-for-Argo-floats-container/decArgo_demo/input/rsync_list/300234065895840/rsync_20210608T072508Z.txt: OK
incois-arpy-decoder/Coriolis-data-processing-chain-for-Argo-floats-container/decArgo_demo/input/rsync_list/300234065895840/rsync_20210613T062526Z.txt: OK
incois-arpy-decoder/Coriolis-data-processing-chain-for-Argo-floats-container/decArgo_demo/input/rsync_list/300234065895840/rsync_20210613T072522Z.txt: OK
incois-arpy-decoder/Coriolis-data-processing-chain-for-Argo-floats-container/decArgo_demo/input/rsync_list/300234065895840/rsync_20210618T062515Z.txt: OK
incois-arpy-decoder/Coriolis-data-processing-chain-for-Argo-floats-container/decArgo_demo/input/rsync_list/300234065895840/rsync_20210618T072511Z.txt: OK
incois-arpy-decoder/Coriolis-data-processing-chain-for-Argo-floats-container/decArgo_demo/input/rsync_list/300234065895840/rsync_20210623T062524Z.txt: OK
incois-arpy-decoder/Coriolis-data-processing-chain-for-Argo-floats-container/decArgo_demo/input/rsync_list/300234065895840/rsync_20210628T062524Z.txt: OK
incois-arpy-decoder/Coriolis-data-processing-chain-for-Argo-floats-container/decArgo_demo/input/rsync_list/300234065895840/rsync_20210703T062530Z.txt: OK
incois-arpy-decoder/Coriolis-data-processing-chain-for-Argo-floats-container/decArgo_demo/input/rsync_list/300234065895840/rsync_20210708T052510Z.txt: OK
incois-arpy-decoder/Coriolis-data-processing-chain-for-Argo-floats-container/decArgo_demo/input/rsync_list/300234065895840/rsync_20210708T062521Z.txt: OK
incois-arpy-decoder/Coriolis-data-processing-chain-for-Argo-floats-container/decArgo_demo/input/rsync_list/300234065895840/rsync_20210713T062538Z.txt: OK
incois-arpy-decoder/Coriolis-data-processing-chain-for-Argo-floats-container/decArgo_demo/input/rsync_list/300234065895840/rsync_20210718T062528Z.txt: OK
incois-arpy-decoder/Coriolis-data-processing-chain-for-Argo-floats-container/decArgo_demo/input/rsync_list/300234065895840/rsync_20210718T072510Z.txt: OK
incois-arpy-decoder/Coriolis-data-processing-chain-for-Argo-floats-container/decArgo_demo/input/rsync_list/300234065895840/rsync_20210723T062540Z.txt: OK
incois-arpy-decoder/Coriolis-data-processing-chain-for-Argo-floats-container/decArgo_demo/input/rsync_list/300234065895840/rsync_20210728T062528Z.txt: OK
incois-arpy-decoder/Coriolis-data-processing-chain-for-Argo-floats-container/decArgo_demo/input/rsync_list/300234065895840/rsync_20210728T072515Z.txt: OK
incois-arpy-decoder/Coriolis-data-processing-chain-for-Argo-floats-container/decArgo_demo/input/rsync_list/300234065895840/rsync_20210802T062546Z.txt: OK
incois-arpy-decoder/Coriolis-data-processing-chain-for-Argo-floats-container/decArgo_demo/input/rsync_list/300234065895840/rsync_20210807T062523Z.txt: OK
incois-arpy-decoder/Coriolis-data-processing-chain-for-Argo-floats-container/decArgo_demo/input/rsync_list/300234065895840/rsync_20210807T072513Z.txt: OK
incois-arpy-decoder/Coriolis-data-processing-chain-for-Argo-floats-container/decArgo_demo/input/rsync_list/300234065895840/rsync_20210812T062532Z.txt: OK
incois-arpy-decoder/Coriolis-data-processing-chain-for-Argo-floats-container/decArgo_demo/input/rsync_list/300234065895840/rsync_20210817T062553Z.txt: OK
incois-arpy-decoder/Coriolis-data-processing-chain-for-Argo-floats-container/decArgo_demo/input/rsync_list/300234065895840/rsync_20210817T072509Z.txt: OK
incois-arpy-decoder/Coriolis-data-processing-chain-for-Argo-floats-container/decArgo_demo/input/rsync_list/300234065895840/rsync_20210822T062535Z.txt: OK
incois-arpy-decoder/Coriolis-data-processing-chain-for-Argo-floats-container/decArgo_demo/input/rsync_list/300234065895840/rsync_20210827T062522Z.txt: OK
incois-arpy-decoder/Coriolis-data-processing-chain-for-Argo-floats-container/decArgo_demo/input/rsync_list/300234065895840/rsync_20210901T062535Z.txt: OK
incois-arpy-decoder/Coriolis-data-processing-chain-for-Argo-floats-container/decArgo_demo/input/rsync_list/300234065895840/rsync_20210906T062524Z.txt: OK
incois-arpy-decoder/Coriolis-data-processing-chain-for-Argo-floats-container/decArgo_demo/input/rsync_list/300234065895840/rsync_20210911T062537Z.txt: OK
incois-arpy-decoder/Coriolis-data-processing-chain-for-Argo-floats-container/decArgo_demo/input/rsync_list/300234065895840/rsync_20210911T072517Z.txt: OK
incois-arpy-decoder/Coriolis-data-processing-chain-for-Argo-floats-container/decArgo_demo/input/rsync_list/300234065895840/rsync_20210916T072544Z.txt: OK
incois-arpy-decoder/Coriolis-data-processing-chain-for-Argo-floats-container/decArgo_demo/input/rsync_list/300234065895840/rsync_20210921T062538Z.txt: OK
incois-arpy-decoder/Coriolis-data-processing-chain-for-Argo-floats-container/decArgo_demo/input/rsync_list/300234065895840/rsync_20210926T062611Z.txt: OK
incois-arpy-decoder/Coriolis-data-processing-chain-for-Argo-floats-container/decArgo_demo/input/rsync_list/300234065895840/rsync_20210926T072513Z.txt: OK
incois-arpy-decoder/Coriolis-data-processing-chain-for-Argo-floats-container/decArgo_demo/input/rsync_list/300234068508780/rsync_20190527T092502Z.txt: OK
incois-arpy-decoder/Coriolis-data-processing-chain-for-Argo-floats-container/decArgo_demo/input/rsync_list/300234068508780/rsync_20190527T172503Z.txt: OK
incois-arpy-decoder/Coriolis-data-processing-chain-for-Argo-floats-container/decArgo_demo/input/rsync_list/300234068508780/rsync_20190527T192502Z.txt: OK
incois-arpy-decoder/Coriolis-data-processing-chain-for-Argo-floats-container/decArgo_demo/input/rsync_list/300234068508780/rsync_20190527T202502Z.txt: OK
incois-arpy-decoder/Coriolis-data-processing-chain-for-Argo-floats-container/decArgo_demo/input/rsync_list/300234068508780/rsync_20190527T212505Z.txt: OK
incois-arpy-decoder/Coriolis-data-processing-chain-for-Argo-floats-container/decArgo_demo/input/rsync_list/300234068508780/rsync_20190527T232512Z.txt: OK
incois-arpy-decoder/Coriolis-data-processing-chain-for-Argo-floats-container/decArgo_demo/input/rsync_list/300234068508780/rsync_20190528T012503Z.txt: OK
incois-arpy-decoder/Coriolis-data-processing-chain-for-Argo-floats-container/decArgo_demo/input/rsync_list/300234068508780/rsync_20190528T032504Z.txt: OK
incois-arpy-decoder/Coriolis-data-processing-chain-for-Argo-floats-container/decArgo_demo/input/rsync_list/300234068508780/rsync_20190528T042504Z.txt: OK
incois-arpy-decoder/Coriolis-data-processing-chain-for-Argo-floats-container/decArgo_demo/input/rsync_list/300234068508780/rsync_20190624T102508Z.txt: OK
incois-arpy-decoder/Coriolis-data-processing-chain-for-Argo-floats-container/decArgo_demo/input/rsync_list/300234068508780/rsync_20190624T142507Z.txt: OK
incois-arpy-decoder/Coriolis-data-processing-chain-for-Argo-floats-container/decArgo_demo/input/rsync_list/300234068508780/rsync_20190624T202507Z.txt: OK
incois-arpy-decoder/Coriolis-data-processing-chain-for-Argo-floats-container/decArgo_demo/input/rsync_list/300234068508780/rsync_20190625T012506Z.txt: OK
incois-arpy-decoder/Coriolis-data-processing-chain-for-Argo-floats-container/decArgo_demo/input/rsync_list/300234068508780/rsync_20190625T022507Z.txt: OK
incois-arpy-decoder/Coriolis-data-processing-chain-for-Argo-floats-container/decArgo_demo/input/rsync_list/300234068508780/rsync_20190625T072510Z.txt: OK
incois-arpy-decoder/Coriolis-data-processing-chain-for-Argo-floats-container/decArgo_demo/input/rsync_list/300234068508780/rsync_20190625T192507Z.txt: OK
incois-arpy-decoder/Coriolis-data-processing-chain-for-Argo-floats-container/decArgo_demo/input/rsync_list/300234068508780/rsync_20190625T202504Z.txt: OK
incois-arpy-decoder/Coriolis-data-processing-chain-for-Argo-floats-container/decArgo_demo/input/rsync_list/300234068508780/rsync_20190626T072513Z.txt: OK
incois-arpy-decoder/Coriolis-data-processing-chain-for-Argo-floats-container/decArgo_demo/input/rsync_list/300234068508780/rsync_20190626T082511Z.txt: OK
incois-arpy-decoder/Coriolis-data-processing-chain-for-Argo-floats-container/decArgo_demo/input/rsync_list/300234068508780/rsync_20190626T092505Z.txt: OK
incois-arpy-decoder/Coriolis-data-processing-chain-for-Argo-floats-container/decArgo_demo/input/rsync_list/300234068508780/rsync_20190626T102511Z.txt: OK
incois-arpy-decoder/Coriolis-data-processing-chain-for-Argo-floats-container/decArgo_demo/input/rsync_list/300234068508780/rsync_20200914T112503Z.txt: OK
incois-arpy-decoder/Coriolis-data-processing-chain-for-Argo-floats-container/decArgo_demo/input/rsync_list/300234068508780/rsync_20201014T052503Z.txt: OK
incois-arpy-decoder/Coriolis-data-processing-chain-for-Argo-floats-container/decArgo_demo/input/rsync_list/300234068508780/rsync_20201014T062510Z.txt: OK
incois-arpy-decoder/Coriolis-data-processing-chain-for-Argo-floats-container/decArgo_demo/input/rsync_list/300234068508780/rsync_20201014T072514Z.txt: OK
incois-arpy-decoder/Coriolis-data-processing-chain-for-Argo-floats-container/decArgo_demo/input/rsync_list/300234068508780/rsync_20201016T122537Z.txt: OK
incois-arpy-decoder/Coriolis-data-processing-chain-for-Argo-floats-container/decArgo_demo/input/rsync_list/300234068508780/rsync_20201017T122516Z.txt: OK
incois-arpy-decoder/Coriolis-data-processing-chain-for-Argo-floats-container/decArgo_demo/input/rsync_list/300234068508780/rsync_20201018T122517Z.txt: OK
incois-arpy-decoder/Coriolis-data-processing-chain-for-Argo-floats-container/decArgo_demo/input/rsync_list/300234068508780/rsync_20201018T132505Z.txt: OK
incois-arpy-decoder/Coriolis-data-processing-chain-for-Argo-floats-container/decArgo_demo/input/rsync_list/300234068508780/rsync_20201019T132505Z.txt: OK
incois-arpy-decoder/Coriolis-data-processing-chain-for-Argo-floats-container/decArgo_demo/input/rsync_list/300234068508780/rsync_20201020T132506Z.txt: OK
incois-arpy-decoder/Coriolis-data-processing-chain-for-Argo-floats-container/decArgo_demo/input/rsync_list/300234068508780/rsync_20201021T132503Z.txt: OK
incois-arpy-decoder/Coriolis-data-processing-chain-for-Argo-floats-container/decArgo_demo/input/rsync_list/300234068508780/rsync_20201022T122533Z.txt: OK
incois-arpy-decoder/Coriolis-data-processing-chain-for-Argo-floats-container/decArgo_demo/input/rsync_list/300234068508780/rsync_20201023T122530Z.txt: OK
incois-arpy-decoder/Coriolis-data-processing-chain-for-Argo-floats-container/decArgo_demo/input/rsync_list/300234068508780/rsync_20201024T122515Z.txt: OK
incois-arpy-decoder/Coriolis-data-processing-chain-for-Argo-floats-container/decArgo_demo/input/rsync_list/300234068508780/rsync_20201025T122517Z.txt: OK
incois-arpy-decoder/Coriolis-data-processing-chain-for-Argo-floats-container/decArgo_demo/input/rsync_list/300234068508780/rsync_20201026T122541Z.txt: OK
incois-arpy-decoder/Coriolis-data-processing-chain-for-Argo-floats-container/decArgo_demo/input/rsync_list/300234068508780/rsync_20201027T122513Z.txt: OK
incois-arpy-decoder/Coriolis-data-processing-chain-for-Argo-floats-container/decArgo_demo/input/rsync_list/300234068508780/rsync_20201028T122516Z.txt: OK
incois-arpy-decoder/Coriolis-data-processing-chain-for-Argo-floats-container/decArgo_demo/input/rsync_list/300234068508780/rsync_20201029T122515Z.txt: OK
incois-arpy-decoder/Coriolis-data-processing-chain-for-Argo-floats-container/decArgo_demo/input/rsync_list/300234068508780/rsync_20201030T122513Z.txt: OK
incois-arpy-decoder/Coriolis-data-processing-chain-for-Argo-floats-container/decArgo_demo/input/rsync_list/300234068508780/rsync_20201031T122527Z.txt: OK
incois-arpy-decoder/Coriolis-data-processing-chain-for-Argo-floats-container/decArgo_demo/input/rsync_list/300234068508780/rsync_20201101T122532Z.txt: OK
incois-arpy-decoder/Coriolis-data-processing-chain-for-Argo-floats-container/decArgo_demo/input/rsync_list/300234068508780/rsync_20201102T122527Z.txt: OK
incois-arpy-decoder/Coriolis-data-processing-chain-for-Argo-floats-container/decArgo_demo/input/rsync_list/300234068508780/rsync_20201105T122532Z.txt: OK
incois-arpy-decoder/Coriolis-data-processing-chain-for-Argo-floats-container/decArgo_demo/input/rsync_list/300234068508780/rsync_20201108T122510Z.txt: OK
incois-arpy-decoder/Coriolis-data-processing-chain-for-Argo-floats-container/decArgo_demo/input/rsync_list/300234068508780/rsync_20201108T132504Z.txt: OK
incois-arpy-decoder/Coriolis-data-processing-chain-for-Argo-floats-container/decArgo_demo/input/rsync_list/300234068508780/rsync_20201109T122509Z.txt: OK
incois-arpy-decoder/Coriolis-data-processing-chain-for-Argo-floats-container/decArgo_demo/input/rsync_list/300234068508780/rsync_20201109T132508Z.txt: OK
incois-arpy-decoder/Coriolis-data-processing-chain-for-Argo-floats-container/decArgo_demo/input/rsync_list/300234068508780/rsync_20201109T142503Z.txt: OK
incois-arpy-decoder/Coriolis-data-processing-chain-for-Argo-floats-container/decArgo_demo/input/rsync_list/300234068508780/rsync_20201109T152506Z.txt: OK
incois-arpy-decoder/Coriolis-data-processing-chain-for-Argo-floats-container/decArgo_demo/input/rsync_list/300234068508780/rsync_20201109T162503Z.txt: OK
incois-arpy-decoder/Coriolis-data-processing-chain-for-Argo-floats-container/decArgo_demo/input/rsync_list/300234068508780/rsync_20201109T172503Z.txt: OK
incois-arpy-decoder/Coriolis-data-processing-chain-for-Argo-floats-container/decArgo_demo/input/rsync_list/300234068508780/rsync_20201109T212504Z.txt: OK
incois-arpy-decoder/Coriolis-data-processing-chain-for-Argo-floats-container/decArgo_demo/input/rsync_list/300234068508780/rsync_20201116T162502Z.txt: OK
incois-arpy-decoder/Coriolis-data-processing-chain-for-Argo-floats-container/decArgo_demo/input/rsync_list/300234068508780/rsync_20201119T152512Z.txt: OK
incois-arpy-decoder/Coriolis-data-processing-chain-for-Argo-floats-container/decArgo_demo/input/rsync_list/300234068508780/rsync_20201120T032512Z.txt: OK
incois-arpy-decoder/Coriolis-data-processing-chain-for-Argo-floats-container/decArgo_demo/input/rsync_list/300234068508780/rsync_20201121T032511Z.txt: OK
incois-arpy-decoder/Coriolis-data-processing-chain-for-Argo-floats-container/decArgo_demo/input/rsync_list/300234068508780/rsync_20201122T032509Z.txt: OK
incois-arpy-decoder/Coriolis-data-processing-chain-for-Argo-floats-container/decArgo_demo/input/rsync_list/300234068508780/rsync_20201122T092508Z.txt: OK
incois-arpy-decoder/Coriolis-data-processing-chain-for-Argo-floats-container/decArgo_demo/input/rsync_list/300234068508780/rsync_20201123T092503Z.txt: OK
incois-arpy-decoder/Coriolis-data-processing-chain-for-Argo-floats-container/decArgo_demo/input/rsync_list/300234068508780/rsync_20210413T092508Z.txt: OK
incois-arpy-decoder/Coriolis-data-processing-chain-for-Argo-floats-container/decArgo_demo/input/rsync_list/300234068508780/rsync_20210413T102506Z.txt: OK
incois-arpy-decoder/Coriolis-data-processing-chain-for-Argo-floats-container/decArgo_demo/input/rsync_list/300234068508780/rsync_20210413T132508Z.txt: OK
incois-arpy-decoder/Coriolis-data-processing-chain-for-Argo-floats-container/decArgo_demo/input/rsync_list/300234068508780/rsync_20211201T092512Z.txt: OK
incois-arpy-decoder/Coriolis-data-processing-chain-for-Argo-floats-container/decArgo_demo/input/rsync_list/300234068508780/rsync_20211201T142518Z.txt: OK
incois-arpy-decoder/Coriolis-data-processing-chain-for-Argo-floats-container/decArgo_demo/input/rsync_list/300234068508780/rsync_20211202T022510Z.txt: OK
incois-arpy-decoder/Coriolis-data-processing-chain-for-Argo-floats-container/decArgo_demo/input/rsync_list/300234068508780/rsync_20211202T072521Z.txt: OK
incois-arpy-decoder/Coriolis-data-processing-chain-for-Argo-floats-container/decArgo_demo/input/rsync_list/300234068508780/rsync_20211202T192510Z.txt: OK
incois-arpy-decoder/Coriolis-data-processing-chain-for-Argo-floats-container/decArgo_demo/input/rsync_list/300234068508780/rsync_20211202T202509Z.txt: OK
incois-arpy-decoder/Coriolis-data-processing-chain-for-Argo-floats-container/decArgo_demo/input/rsync_list/300234068508780/rsync_20211203T072515Z.txt: OK
incois-arpy-decoder/Coriolis-data-processing-chain-for-Argo-floats-container/decArgo_demo/input/rsync_list/300234068508780/rsync_20211203T082513Z.txt: OK
incois-arpy-decoder/Coriolis-data-processing-chain-for-Argo-floats-container/decArgo_demo/input/rsync_list/300234068508780/rsync_20211203T092509Z.txt: OK
incois-arpy-decoder/Coriolis-data-processing-chain-for-Argo-floats-container/decArgo_demo/input/rsync_list/300234068508780/rsync_20220203T142506Z.txt: OK
incois-arpy-decoder/Coriolis-data-processing-chain-for-Argo-floats-container/decArgo_demo/input/rsync_list/300234068508780/rsync_20220326T082549Z.txt: OK
incois-arpy-decoder/Coriolis-data-processing-chain-for-Argo-floats-container/decArgo_demo/input/rsync_list/300234068508780/rsync_20220328T062521Z.txt: OK
incois-arpy-decoder/Coriolis-data-processing-chain-for-Argo-floats-container/decArgo_demo/input/rsync_list/300234068508780/rsync_20220407T062520Z.txt: OK
incois-arpy-decoder/Coriolis-data-processing-chain-for-Argo-floats-container/decArgo_demo/input/rsync_list/300234068508780/rsync_20220417T062528Z.txt: OK
incois-arpy-decoder/Coriolis-data-processing-chain-for-Argo-floats-container/decArgo_demo/input/rsync_list/300234068508780/rsync_20220427T062538Z.txt: OK
incois-arpy-decoder/Coriolis-data-processing-chain-for-Argo-floats-container/decArgo_demo/input/rsync_list/300234068508780/rsync_20220427T092512Z.txt: OK
incois-arpy-decoder/Coriolis-data-processing-chain-for-Argo-floats-container/decArgo_demo/input/rsync_list/300234068508780/rsync_20220427T102505Z.txt: OK
incois-arpy-decoder/Coriolis-data-processing-chain-for-Argo-floats-container/decArgo_demo/input/rsync_list/300234068508780/rsync_20220427T132507Z.txt: OK
incois-arpy-decoder/Coriolis-data-processing-chain-for-Argo-floats-container/decArgo_demo/input/rsync_list/300234068508780/rsync_20220427T152513Z.txt: OK
incois-arpy-decoder/Coriolis-data-processing-chain-for-Argo-floats-container/decArgo_demo/input/rsync_list/300234068508780/rsync_20220427T162505Z.txt: OK
incois-arpy-decoder/Coriolis-data-processing-chain-for-Argo-floats-container/decArgo_demo/input/rsync_list/300234068508780/rsync_20220427T182513Z.txt: OK
incois-arpy-decoder/Coriolis-data-processing-chain-for-Argo-floats-container/decArgo_demo/input/rsync_list/300234068508780/rsync_20220427T222503Z.txt: OK
incois-arpy-decoder/Coriolis-data-processing-chain-for-Argo-floats-container/decArgo_demo/input/rsync_list/300234068508780/rsync_20220428T012506Z.txt: OK
incois-arpy-decoder/Coriolis-data-processing-chain-for-Argo-floats-container/decArgo_demo/input/rsync_list/300234068508780/rsync_20220428T032521Z.txt: OK
incois-arpy-decoder/Coriolis-data-processing-chain-for-Argo-floats-container/decArgo_demo/input/rsync_list/300234068508780/rsync_20220428T062607Z.txt: OK
incois-arpy-decoder/Coriolis-data-processing-chain-for-Argo-floats-container/decArgo_demo/input/rsync_list/300234068508780/rsync_20220428T102508Z.txt: OK
incois-arpy-decoder/Coriolis-data-processing-chain-for-Argo-floats-container/decArgo_demo/input/rsync_list/300234068508780/rsync_20220428T132505Z.txt: OK
incois-arpy-decoder/Coriolis-data-processing-chain-for-Argo-floats-container/decArgo_demo/input/rsync_list/300234068508780/rsync_20220428T152512Z.txt: OK
incois-arpy-decoder/Coriolis-data-processing-chain-for-Argo-floats-container/decArgo_demo/input/rsync_list/300234068508780/rsync_20220428T182506Z.txt: OK
incois-arpy-decoder/Coriolis-data-processing-chain-for-Argo-floats-container/decArgo_demo/input/rsync_list/300234068508780/rsync_20220428T212507Z.txt: OK
incois-arpy-decoder/Coriolis-data-processing-chain-for-Argo-floats-container/decArgo_demo/input/rsync_list/300234068508780/rsync_20220429T012506Z.txt: OK
incois-arpy-decoder/Coriolis-data-processing-chain-for-Argo-floats-container/decArgo_demo/input/rsync_list/300234068508780/rsync_20220429T032516Z.txt: OK
incois-arpy-decoder/Coriolis-data-processing-chain-for-Argo-floats-container/decArgo_demo/input/rsync_list/300234068508780/rsync_20220429T072524Z.txt: OK
incois-arpy-decoder/Coriolis-data-processing-chain-for-Argo-floats-container/decArgo_demo/input/rsync_list/300234068508780/rsync_20220429T092515Z.txt: OK
incois-arpy-decoder/Coriolis-data-processing-chain-for-Argo-floats-container/decArgo_demo/input/rsync_list/300234068508780/rsync_20220429T122528Z.txt: OK
incois-arpy-decoder/Coriolis-data-processing-chain-for-Argo-floats-container/decArgo_demo/input/rsync_list/300234068508780/rsync_20220429T132505Z.txt: OK
incois-arpy-decoder/Coriolis-data-processing-chain-for-Argo-floats-container/decArgo_demo/input/rsync_list/300234068508780/rsync_20220429T152516Z.txt: OK
incois-arpy-decoder/Coriolis-data-processing-chain-for-Argo-floats-container/decArgo_demo/input/rsync_list/300234068508780/rsync_20220429T182507Z.txt: OK
incois-arpy-decoder/Coriolis-data-processing-chain-for-Argo-floats-container/decArgo_demo/input/rsync_list/300234068508780/rsync_20220429T192506Z.txt: OK
incois-arpy-decoder/Coriolis-data-processing-chain-for-Argo-floats-container/decArgo_demo/input/rsync_list/300234068508780/rsync_20220429T212505Z.txt: OK
incois-arpy-decoder/Coriolis-data-processing-chain-for-Argo-floats-container/decArgo_demo/input/rsync_list/300234068508780/rsync_20220430T002510Z.txt: OK
incois-arpy-decoder/Coriolis-data-processing-chain-for-Argo-floats-container/decArgo_demo/input/rsync_list/300234068508780/rsync_20220430T042505Z.txt: OK
incois-arpy-decoder/Coriolis-data-processing-chain-for-Argo-floats-container/decArgo_demo/input/rsync_list/300234068508780/rsync_20220430T062605Z.txt: OK
incois-arpy-decoder/Coriolis-data-processing-chain-for-Argo-floats-container/decArgo_demo/input/rsync_list/300234068508780/rsync_20220430T092504Z.txt: OK
incois-arpy-decoder/Coriolis-data-processing-chain-for-Argo-floats-container/decArgo_demo/input/rsync_list/300234068508780/rsync_20220430T102507Z.txt: OK
incois-arpy-decoder/Coriolis-data-processing-chain-for-Argo-floats-container/decArgo_demo/input/rsync_list/300234068508780/rsync_20220430T122524Z.txt: OK
incois-arpy-decoder/Coriolis-data-processing-chain-for-Argo-floats-container/decArgo_demo/input/rsync_list/300234068508780/rsync_20220430T132505Z.txt: OK
incois-arpy-decoder/Coriolis-data-processing-chain-for-Argo-floats-container/decArgo_demo/input/rsync_list/300234068508780/rsync_20220430T152512Z.txt: OK
incois-arpy-decoder/Coriolis-data-processing-chain-for-Argo-floats-container/decArgo_demo/input/rsync_list/300234068508780/rsync_20220430T162506Z.txt: OK
incois-arpy-decoder/Coriolis-data-processing-chain-for-Argo-floats-container/decArgo_demo/input/rsync_list/300234068508780/rsync_20220430T192504Z.txt: OK
incois-arpy-decoder/Coriolis-data-processing-chain-for-Argo-floats-container/decArgo_demo/input/rsync_list/300234068508780/rsync_20220430T212506Z.txt: OK
incois-arpy-decoder/Coriolis-data-processing-chain-for-Argo-floats-container/decArgo_demo/input/rsync_list/300234068508780/rsync_20220501T012504Z.txt: OK
incois-arpy-decoder/Coriolis-data-processing-chain-for-Argo-floats-container/decArgo_demo/input/rsync_list/300234068508780/rsync_20220501T032518Z.txt: OK
incois-arpy-decoder/Coriolis-data-processing-chain-for-Argo-floats-container/decArgo_demo/input/rsync_list/300234068508780/rsync_20220501T062523Z.txt: OK
incois-arpy-decoder/Coriolis-data-processing-chain-for-Argo-floats-container/decArgo_demo/input/rsync_list/300234068508780/rsync_20220501T072508Z.txt: OK
incois-arpy-decoder/Coriolis-data-processing-chain-for-Argo-floats-container/decArgo_demo/input/rsync_list/300234068508780/rsync_20220501T092509Z.txt: OK
incois-arpy-decoder/Coriolis-data-processing-chain-for-Argo-floats-container/decArgo_demo/input/rsync_list/300234068508780/rsync_20220501T102504Z.txt: OK
incois-arpy-decoder/Coriolis-data-processing-chain-for-Argo-floats-container/decArgo_demo/input/rsync_list/300234068508780/rsync_20220501T122515Z.txt: OK
incois-arpy-decoder/Coriolis-data-processing-chain-for-Argo-floats-container/decArgo_demo/input/rsync_list/300234068508780/rsync_20220501T132506Z.txt: OK
incois-arpy-decoder/Coriolis-data-processing-chain-for-Argo-floats-container/decArgo_demo/input/rsync_list/300234068508780/rsync_20220501T162505Z.txt: OK
incois-arpy-decoder/Coriolis-data-processing-chain-for-Argo-floats-container/decArgo_demo/input/rsync_list/300234068508780/rsync_20220501T192503Z.txt: OK
incois-arpy-decoder/Coriolis-data-processing-chain-for-Argo-floats-container/decArgo_demo/input/rsync_list/300234068508780/rsync_20220501T212508Z.txt: OK
incois-arpy-decoder/Coriolis-data-processing-chain-for-Argo-floats-container/decArgo_demo/input/rsync_list/300234068508780/rsync_20220502T012508Z.txt: OK
incois-arpy-decoder/Coriolis-data-processing-chain-for-Argo-floats-container/decArgo_demo/input/rsync_list/300234068508780/rsync_20220502T042504Z.txt: OK
incois-arpy-decoder/Coriolis-data-processing-chain-for-Argo-floats-container/decArgo_demo/input/rsync_list/300234068508780/rsync_20220512T062547Z.txt: OK
incois-arpy-decoder/Coriolis-data-processing-chain-for-Argo-floats-container/decArgo_demo/input/rsync_list/300234068508780/rsync_20220522T062524Z.txt: OK
incois-arpy-decoder/Coriolis-data-processing-chain-for-Argo-floats-container/decArgo_demo/input/rsync_list/300234068508780/rsync_20220601T062517Z.txt: OK
incois-arpy-decoder/Coriolis-data-processing-chain-for-Argo-floats-container/decArgo_demo/input/rsync_list/300234068508780/rsync_20220601T102503Z.txt: OK
incois-arpy-decoder/Coriolis-data-processing-chain-for-Argo-floats-container/decArgo_demo/input/rsync_list/300234068508780/rsync_20220601T132505Z.txt: OK
incois-arpy-decoder/Coriolis-data-processing-chain-for-Argo-floats-container/decArgo_demo/input/rsync_list/300234068508780/rsync_20220601T162502Z.txt: OK
incois-arpy-decoder/Coriolis-data-processing-chain-for-Argo-floats-container/decArgo_demo/input/rsync_list/300234068508780/rsync_20220601T182503Z.txt: OK
incois-arpy-decoder/Coriolis-data-processing-chain-for-Argo-floats-container/decArgo_demo/input/rsync_list/300234068508780/rsync_20220601T212510Z.txt: OK
incois-arpy-decoder/Coriolis-data-processing-chain-for-Argo-floats-container/decArgo_demo/input/rsync_list/300234068508780/rsync_20220602T002508Z.txt: OK
incois-arpy-decoder/Coriolis-data-processing-chain-for-Argo-floats-container/decArgo_demo/input/rsync_list/300234068508780/rsync_20220602T042503Z.txt: OK
incois-arpy-decoder/Coriolis-data-processing-chain-for-Argo-floats-container/decArgo_demo/input/rsync_list/300234068508780/rsync_20220602T062525Z.txt: OK
incois-arpy-decoder/Coriolis-data-processing-chain-for-Argo-floats-container/decArgo_demo/input/rsync_list/300234068508780/rsync_20220602T092511Z.txt: OK
incois-arpy-decoder/Coriolis-data-processing-chain-for-Argo-floats-container/decArgo_demo/input/rsync_list/300234068508780/rsync_20220602T122516Z.txt: OK
incois-arpy-decoder/Coriolis-data-processing-chain-for-Argo-floats-container/decArgo_demo/input/rsync_list/300234068508780/rsync_20220602T152518Z.txt: OK
incois-arpy-decoder/Coriolis-data-processing-chain-for-Argo-floats-container/decArgo_demo/input/rsync_list/300234068508780/rsync_20220602T192505Z.txt: OK
incois-arpy-decoder/Coriolis-data-processing-chain-for-Argo-floats-container/decArgo_demo/input/rsync_list/300234068508780/rsync_20220602T212511Z.txt: OK
incois-arpy-decoder/Coriolis-data-processing-chain-for-Argo-floats-container/decArgo_demo/input/rsync_list/300234068508780/rsync_20220603T002505Z.txt: OK
incois-arpy-decoder/Coriolis-data-processing-chain-for-Argo-floats-container/decArgo_demo/input/rsync_list/300234068508780/rsync_20220603T032507Z.txt: OK
incois-arpy-decoder/Coriolis-data-processing-chain-for-Argo-floats-container/decArgo_demo/input/rsync_list/300234068508780/rsync_20220603T062626Z.txt: OK
incois-arpy-decoder/Coriolis-data-processing-chain-for-Argo-floats-container/decArgo_demo/input/rsync_list/300234068508780/rsync_20220603T092503Z.txt: OK
incois-arpy-decoder/Coriolis-data-processing-chain-for-Argo-floats-container/decArgo_demo/input/rsync_list/300234068508780/rsync_20220603T122549Z.txt: OK
incois-arpy-decoder/Coriolis-data-processing-chain-for-Argo-floats-container/decArgo_demo/input/rsync_list/300234068508780/rsync_20220603T152527Z.txt: OK
incois-arpy-decoder/Coriolis-data-processing-chain-for-Argo-floats-container/decArgo_demo/input/rsync_list/300234068508780/rsync_20220603T182534Z.txt: OK
incois-arpy-decoder/Coriolis-data-processing-chain-for-Argo-floats-container/decArgo_demo/input/rsync_list/300234068508780/rsync_20220603T212513Z.txt: OK
incois-arpy-decoder/Coriolis-data-processing-chain-for-Argo-floats-container/decArgo_demo/input/rsync_list/300234068508780/rsync_20220604T002506Z.txt: OK
incois-arpy-decoder/Coriolis-data-processing-chain-for-Argo-floats-container/decArgo_demo/input/rsync_list/300234068508780/rsync_20220604T032522Z.txt: OK
incois-arpy-decoder/Coriolis-data-processing-chain-for-Argo-floats-container/decArgo_demo/input/rsync_list/300234068508780/rsync_20220604T062623Z.txt: OK
incois-arpy-decoder/Coriolis-data-processing-chain-for-Argo-floats-container/decArgo_demo/input/rsync_list/300234068508780/rsync_20220604T092508Z.txt: OK
incois-arpy-decoder/Coriolis-data-processing-chain-for-Argo-floats-container/decArgo_demo/input/rsync_list/300234068508780/rsync_20220604T122542Z.txt: OK
incois-arpy-decoder/Coriolis-data-processing-chain-for-Argo-floats-container/decArgo_demo/input/rsync_list/300234068508780/rsync_20220604T152515Z.txt: OK
incois-arpy-decoder/Coriolis-data-processing-chain-for-Argo-floats-container/decArgo_demo/input/rsync_list/300234068508780/rsync_20220604T182508Z.txt: OK
incois-arpy-decoder/Coriolis-data-processing-chain-for-Argo-floats-container/decArgo_demo/input/rsync_list/300234068508780/rsync_20220604T212511Z.txt: OK
incois-arpy-decoder/Coriolis-data-processing-chain-for-Argo-floats-container/decArgo_demo/input/rsync_list/300234068508780/rsync_20220605T002523Z.txt: OK
incois-arpy-decoder/Coriolis-data-processing-chain-for-Argo-floats-container/decArgo_demo/input/rsync_list/300234068508780/rsync_20220605T032532Z.txt: OK
incois-arpy-decoder/Coriolis-data-processing-chain-for-Argo-floats-container/decArgo_demo/input/rsync_list/300234068508780/rsync_20220605T062539Z.txt: OK
incois-arpy-decoder/Coriolis-data-processing-chain-for-Argo-floats-container/decArgo_demo/input/rsync_list/300234068508780/rsync_20220605T092515Z.txt: OK
incois-arpy-decoder/Coriolis-data-processing-chain-for-Argo-floats-container/decArgo_demo/input/rsync_list/300234068508780/rsync_20220605T122523Z.txt: OK
incois-arpy-decoder/Coriolis-data-processing-chain-for-Argo-floats-container/decArgo_demo/input/rsync_list/300234068508780/rsync_20220605T152519Z.txt: OK
incois-arpy-decoder/Coriolis-data-processing-chain-for-Argo-floats-container/decArgo_demo/input/rsync_list/300234068508780/rsync_20220605T182504Z.txt: OK
incois-arpy-decoder/Coriolis-data-processing-chain-for-Argo-floats-container/decArgo_demo/input/rsync_list/300234068508780/rsync_20220605T212510Z.txt: OK
incois-arpy-decoder/Coriolis-data-processing-chain-for-Argo-floats-container/decArgo_demo/input/rsync_list/300234068508780/rsync_20220606T002507Z.txt: OK
incois-arpy-decoder/Coriolis-data-processing-chain-for-Argo-floats-container/decArgo_demo/input/rsync_list/300234068508780/rsync_20220606T032523Z.txt: OK
incois-arpy-decoder/Coriolis-data-processing-chain-for-Argo-floats-container/decArgo_demo/input/rsync_list/300234068508780/rsync_20220616T062550Z.txt: OK
incois-arpy-decoder/Coriolis-data-processing-chain-for-Argo-floats-container/decArgo_demo/input/rsync_list/300234068508780/rsync_20220626T062527Z.txt: OK
incois-arpy-decoder/Coriolis-data-processing-chain-for-Argo-floats-container/decArgo_demo/input/rsync_list/300234068508780/rsync_20220706T062646Z.txt: OK
incois-arpy-decoder/Coriolis-data-processing-chain-for-Argo-floats-container/decArgo_demo/input/rsync_list/300234068508780/rsync_20220706T102505Z.txt: OK
incois-arpy-decoder/Coriolis-data-processing-chain-for-Argo-floats-container/decArgo_demo/input/rsync_list/300234068508780/rsync_20220706T132505Z.txt: OK
incois-arpy-decoder/Coriolis-data-processing-chain-for-Argo-floats-container/decArgo_demo/input/rsync_list/300234068508780/rsync_20220706T162507Z.txt: OK
incois-arpy-decoder/Coriolis-data-processing-chain-for-Argo-floats-container/decArgo_demo/input/rsync_list/300234068508780/rsync_20220706T182508Z.txt: OK
incois-arpy-decoder/Coriolis-data-processing-chain-for-Argo-floats-container/decArgo_demo/input/rsync_list/300234068508780/rsync_20220706T192503Z.txt: OK
incois-arpy-decoder/Coriolis-data-processing-chain-for-Argo-floats-container/decArgo_demo/input/rsync_list/300234068508780/rsync_20220706T222503Z.txt: OK
incois-arpy-decoder/Coriolis-data-processing-chain-for-Argo-floats-container/decArgo_demo/input/rsync_list/300234068508780/rsync_20220707T002506Z.txt: OK
incois-arpy-decoder/Coriolis-data-processing-chain-for-Argo-floats-container/decArgo_demo/input/rsync_list/300234068508780/rsync_20220707T042504Z.txt: OK
incois-arpy-decoder/Coriolis-data-processing-chain-for-Argo-floats-container/decArgo_demo/input/rsync_list/300234068508780/rsync_20220707T072504Z.txt: OK
incois-arpy-decoder/Coriolis-data-processing-chain-for-Argo-floats-container/decArgo_demo/input/rsync_list/300234068508780/rsync_20220707T102504Z.txt: OK
incois-arpy-decoder/Coriolis-data-processing-chain-for-Argo-floats-container/decArgo_demo/input/rsync_list/300234068508780/rsync_20220707T122547Z.txt: OK
incois-arpy-decoder/Coriolis-data-processing-chain-for-Argo-floats-container/decArgo_demo/input/rsync_list/300234068508780/rsync_20220707T152518Z.txt: OK
incois-arpy-decoder/Coriolis-data-processing-chain-for-Argo-floats-container/decArgo_demo/input/rsync_list/300234068508780/rsync_20220707T192503Z.txt: OK
incois-arpy-decoder/Coriolis-data-processing-chain-for-Argo-floats-container/decArgo_demo/input/rsync_list/300234068508780/rsync_20220707T222505Z.txt: OK
incois-arpy-decoder/Coriolis-data-processing-chain-for-Argo-floats-container/decArgo_demo/input/rsync_list/300234068508780/rsync_20220708T012504Z.txt: OK
incois-arpy-decoder/Coriolis-data-processing-chain-for-Argo-floats-container/decArgo_demo/input/rsync_list/300234068508780/rsync_20220708T042503Z.txt: OK
incois-arpy-decoder/Coriolis-data-processing-chain-for-Argo-floats-container/decArgo_demo/input/rsync_list/300234068508780/rsync_20220708T072517Z.txt: OK
incois-arpy-decoder/Coriolis-data-processing-chain-for-Argo-floats-container/decArgo_demo/input/rsync_list/300234068508780/rsync_20220708T102504Z.txt: OK
incois-arpy-decoder/Coriolis-data-processing-chain-for-Argo-floats-container/decArgo_demo/input/rsync_list/300234068508780/rsync_20220708T132503Z.txt: OK
incois-arpy-decoder/Coriolis-data-processing-chain-for-Argo-floats-container/decArgo_demo/input/rsync_list/300234068508780/rsync_20220708T162507Z.txt: OK
incois-arpy-decoder/Coriolis-data-processing-chain-for-Argo-floats-container/decArgo_demo/input/rsync_list/300234068508780/rsync_20220708T192516Z.txt: OK
incois-arpy-decoder/Coriolis-data-processing-chain-for-Argo-floats-container/decArgo_demo/input/rsync_list/300234068508780/rsync_20220708T222503Z.txt: OK
incois-arpy-decoder/Coriolis-data-processing-chain-for-Argo-floats-container/decArgo_demo/input/rsync_list/300234068508780/rsync_20220709T012507Z.txt: OK
incois-arpy-decoder/Coriolis-data-processing-chain-for-Argo-floats-container/decArgo_demo/input/rsync_list/300234068508780/rsync_20220709T042510Z.txt: OK
incois-arpy-decoder/Coriolis-data-processing-chain-for-Argo-floats-container/decArgo_demo/input/rsync_list/300234068508780/rsync_20220709T062533Z.txt: OK
incois-arpy-decoder/Coriolis-data-processing-chain-for-Argo-floats-container/decArgo_demo/input/rsync_list/300234068508780/rsync_20220709T082506Z.txt: OK
incois-arpy-decoder/Coriolis-data-processing-chain-for-Argo-floats-container/decArgo_demo/input/rsync_list/300234068508780/rsync_20220709T092505Z.txt: OK
incois-arpy-decoder/Coriolis-data-processing-chain-for-Argo-floats-container/decArgo_demo/input/rsync_list/300234068508780/rsync_20220709T102503Z.txt: OK
incois-arpy-decoder/Coriolis-data-processing-chain-for-Argo-floats-container/decArgo_demo/input/rsync_list/300234068508780/rsync_20220709T122511Z.txt: OK
incois-arpy-decoder/Coriolis-data-processing-chain-for-Argo-floats-container/decArgo_demo/input/rsync_list/300234068508780/rsync_20220709T162502Z.txt: OK
incois-arpy-decoder/Coriolis-data-processing-chain-for-Argo-floats-container/decArgo_demo/input/rsync_list/300234068508780/rsync_20220709T182504Z.txt: OK
incois-arpy-decoder/Coriolis-data-processing-chain-for-Argo-floats-container/decArgo_demo/input/rsync_list/300234068508780/rsync_20220709T192502Z.txt: OK
incois-arpy-decoder/Coriolis-data-processing-chain-for-Argo-floats-container/decArgo_demo/input/rsync_list/300234068508780/rsync_20220709T212507Z.txt: OK
incois-arpy-decoder/Coriolis-data-processing-chain-for-Argo-floats-container/decArgo_demo/input/rsync_list/300234068508780/rsync_20220710T012504Z.txt: OK
incois-arpy-decoder/Coriolis-data-processing-chain-for-Argo-floats-container/decArgo_demo/input/rsync_list/300234068508780/rsync_20220710T032523Z.txt: OK
incois-arpy-decoder/Coriolis-data-processing-chain-for-Argo-floats-container/decArgo_demo/input/rsync_list/300234068508780/rsync_20220710T072514Z.txt: OK
incois-arpy-decoder/Coriolis-data-processing-chain-for-Argo-floats-container/decArgo_demo/input/rsync_list/300234068508780/rsync_20220710T102504Z.txt: OK
incois-arpy-decoder/Coriolis-data-processing-chain-for-Argo-floats-container/decArgo_demo/input/rsync_list/300234068508780/rsync_20220710T132505Z.txt: OK
incois-arpy-decoder/Coriolis-data-processing-chain-for-Argo-floats-container/decArgo_demo/input/rsync_list/300234068508780/rsync_20220710T162507Z.txt: OK
incois-arpy-decoder/Coriolis-data-processing-chain-for-Argo-floats-container/decArgo_demo/input/rsync_list/300234068508780/rsync_20220710T182506Z.txt: OK
incois-arpy-decoder/Coriolis-data-processing-chain-for-Argo-floats-container/decArgo_demo/input/rsync_list/300234068508780/rsync_20220710T222505Z.txt: OK
incois-arpy-decoder/Coriolis-data-processing-chain-for-Argo-floats-container/decArgo_demo/input/rsync_list/300234068508780/rsync_20220711T002507Z.txt: OK
incois-arpy-decoder/Coriolis-data-processing-chain-for-Argo-floats-container/decArgo_demo/input/rsync_list/300234068508780/rsync_20220711T042503Z.txt: OK
incois-arpy-decoder/Coriolis-data-processing-chain-for-Argo-floats-container/decArgo_demo/input/rsync_list/300234068508780/rsync_20220721T062533Z.txt: OK
incois-arpy-decoder/Coriolis-data-processing-chain-for-Argo-floats-container/decArgo_demo/input/rsync_list/300234068508780/rsync_20220731T062516Z.txt: OK
incois-arpy-decoder/Coriolis-data-processing-chain-for-Argo-floats-container/decArgo_demo/input/rsync_list/300234068508780/rsync_20220810T062521Z.txt: OK
incois-arpy-decoder/Coriolis-data-processing-chain-for-Argo-floats-container/decArgo_demo/input/rsync_list/300234068508780/rsync_20220810T092509Z.txt: OK
incois-arpy-decoder/Coriolis-data-processing-chain-for-Argo-floats-container/decArgo_demo/input/rsync_list/300234068508780/rsync_20220810T102504Z.txt: OK
incois-arpy-decoder/Coriolis-data-processing-chain-for-Argo-floats-container/decArgo_demo/input/rsync_list/300234068508780/rsync_20220810T122511Z.txt: OK
incois-arpy-decoder/Coriolis-data-processing-chain-for-Argo-floats-container/decArgo_demo/input/rsync_list/300234068508780/rsync_20220810T152519Z.txt: OK
incois-arpy-decoder/Coriolis-data-processing-chain-for-Argo-floats-container/decArgo_demo/input/rsync_list/300234068508780/rsync_20220810T162520Z.txt: OK
incois-arpy-decoder/Coriolis-data-processing-chain-for-Argo-floats-container/decArgo_demo/input/rsync_list/300234068508780/rsync_20220810T182508Z.txt: OK
incois-arpy-decoder/Coriolis-data-processing-chain-for-Argo-floats-container/decArgo_demo/input/rsync_list/300234068508780/rsync_20220810T192505Z.txt: OK
incois-arpy-decoder/Coriolis-data-processing-chain-for-Argo-floats-container/decArgo_demo/input/rsync_list/300234068508780/rsync_20220810T212510Z.txt: OK
incois-arpy-decoder/Coriolis-data-processing-chain-for-Argo-floats-container/decArgo_demo/input/rsync_list/300234068508780/rsync_20220811T012505Z.txt: OK
incois-arpy-decoder/Coriolis-data-processing-chain-for-Argo-floats-container/decArgo_demo/input/rsync_list/300234068508780/rsync_20220811T032524Z.txt: OK
incois-arpy-decoder/Coriolis-data-processing-chain-for-Argo-floats-container/decArgo_demo/input/rsync_list/300234068508780/rsync_20220811T072516Z.txt: OK
incois-arpy-decoder/Coriolis-data-processing-chain-for-Argo-floats-container/decArgo_demo/input/rsync_list/300234068508780/rsync_20220811T092514Z.txt: OK
incois-arpy-decoder/Coriolis-data-processing-chain-for-Argo-floats-container/decArgo_demo/input/rsync_list/300234068508780/rsync_20220811T132510Z.txt: OK
incois-arpy-decoder/Coriolis-data-processing-chain-for-Argo-floats-container/decArgo_demo/input/rsync_list/300234068508780/rsync_20220811T152514Z.txt: OK
incois-arpy-decoder/Coriolis-data-processing-chain-for-Argo-floats-container/decArgo_demo/input/rsync_list/300234068508780/rsync_20220811T192506Z.txt: OK
incois-arpy-decoder/Coriolis-data-processing-chain-for-Argo-floats-container/decArgo_demo/input/rsync_list/300234068508780/rsync_20220811T222526Z.txt: OK
incois-arpy-decoder/Coriolis-data-processing-chain-for-Argo-floats-container/decArgo_demo/input/rsync_list/300234068508780/rsync_20220812T002507Z.txt: OK
incois-arpy-decoder/Coriolis-data-processing-chain-for-Argo-floats-container/decArgo_demo/input/rsync_list/300234068508780/rsync_20220812T012512Z.txt: OK
incois-arpy-decoder/Coriolis-data-processing-chain-for-Argo-floats-container/decArgo_demo/input/rsync_list/300234068508780/rsync_20220812T032512Z.txt: OK
incois-arpy-decoder/Coriolis-data-processing-chain-for-Argo-floats-container/decArgo_demo/input/rsync_list/300234068508780/rsync_20220812T042506Z.txt: OK
incois-arpy-decoder/Coriolis-data-processing-chain-for-Argo-floats-container/decArgo_demo/input/rsync_list/300234068508780/rsync_20220812T072625Z.txt: OK
incois-arpy-decoder/Coriolis-data-processing-chain-for-Argo-floats-container/decArgo_demo/input/rsync_list/300234068508780/rsync_20220812T102505Z.txt: OK
incois-arpy-decoder/Coriolis-data-processing-chain-for-Argo-floats-container/decArgo_demo/input/rsync_list/300234068508780/rsync_20220812T132503Z.txt: OK
incois-arpy-decoder/Coriolis-data-processing-chain-for-Argo-floats-container/decArgo_demo/input/rsync_list/300234068508780/rsync_20220812T152514Z.txt: OK
incois-arpy-decoder/Coriolis-data-processing-chain-for-Argo-floats-container/decArgo_demo/input/rsync_list/300234068508780/rsync_20220812T182510Z.txt: OK
incois-arpy-decoder/Coriolis-data-processing-chain-for-Argo-floats-container/decArgo_demo/input/rsync_list/300234068508780/rsync_20220812T222508Z.txt: OK
incois-arpy-decoder/Coriolis-data-processing-chain-for-Argo-floats-container/decArgo_demo/input/rsync_list/300234068508780/rsync_20220813T012504Z.txt: OK
incois-arpy-decoder/Coriolis-data-processing-chain-for-Argo-floats-container/decArgo_demo/input/rsync_list/300234068508780/rsync_20220813T032516Z.txt: OK
incois-arpy-decoder/Coriolis-data-processing-chain-for-Argo-floats-container/decArgo_demo/input/rsync_list/300234068508780/rsync_20220813T042503Z.txt: OK
incois-arpy-decoder/Coriolis-data-processing-chain-for-Argo-floats-container/decArgo_demo/input/rsync_list/300234068508780/rsync_20220813T062549Z.txt: OK
incois-arpy-decoder/Coriolis-data-processing-chain-for-Argo-floats-container/decArgo_demo/input/rsync_list/300234068508780/rsync_20220813T102510Z.txt: OK
incois-arpy-decoder/Coriolis-data-processing-chain-for-Argo-floats-container/decArgo_demo/input/rsync_list/300234068508780/rsync_20220813T122510Z.txt: OK
incois-arpy-decoder/Coriolis-data-processing-chain-for-Argo-floats-container/decArgo_demo/input/rsync_list/300234068508780/rsync_20220813T132517Z.txt: OK
incois-arpy-decoder/Coriolis-data-processing-chain-for-Argo-floats-container/decArgo_demo/input/rsync_list/300234068508780/rsync_20220813T152509Z.txt: OK
incois-arpy-decoder/Coriolis-data-processing-chain-for-Argo-floats-container/decArgo_demo/input/rsync_list/300234068508780/rsync_20220813T182512Z.txt: OK
incois-arpy-decoder/Coriolis-data-processing-chain-for-Argo-floats-container/decArgo_demo/input/rsync_list/300234068508780/rsync_20220813T212504Z.txt: OK
incois-arpy-decoder/Coriolis-data-processing-chain-for-Argo-floats-container/decArgo_demo/input/rsync_list/300234068508780/rsync_20220814T002507Z.txt: OK
incois-arpy-decoder/Coriolis-data-processing-chain-for-Argo-floats-container/decArgo_demo/input/rsync_list/300234068508780/rsync_20220814T012513Z.txt: OK
incois-arpy-decoder/Coriolis-data-processing-chain-for-Argo-floats-container/decArgo_demo/input/rsync_list/300234068508780/rsync_20220814T042507Z.txt: OK
incois-arpy-decoder/Coriolis-data-processing-chain-for-Argo-floats-container/decArgo_demo/input/rsync_list/300234068508780/rsync_20220814T062524Z.txt: OK
incois-arpy-decoder/Coriolis-data-processing-chain-for-Argo-floats-container/decArgo_demo/input/rsync_list/300234068508780/rsync_20220814T072513Z.txt: OK
incois-arpy-decoder/Coriolis-data-processing-chain-for-Argo-floats-container/decArgo_demo/input/rsync_list/300234068508780/rsync_20220814T102504Z.txt: OK
incois-arpy-decoder/Coriolis-data-processing-chain-for-Argo-floats-container/decArgo_demo/input/rsync_list/300234068508780/rsync_20220814T122512Z.txt: OK
incois-arpy-decoder/Coriolis-data-processing-chain-for-Argo-floats-container/decArgo_demo/input/rsync_list/300234068508780/rsync_20220814T152518Z.txt: OK
incois-arpy-decoder/Coriolis-data-processing-chain-for-Argo-floats-container/decArgo_demo/input/rsync_list/300234068508780/rsync_20220814T192504Z.txt: OK
incois-arpy-decoder/Coriolis-data-processing-chain-for-Argo-floats-container/decArgo_demo/input/rsync_list/300234068508780/rsync_20220814T212510Z.txt: OK
incois-arpy-decoder/Coriolis-data-processing-chain-for-Argo-floats-container/decArgo_demo/input/rsync_list/300234068508780/rsync_20220815T012505Z.txt: OK
incois-arpy-decoder/Coriolis-data-processing-chain-for-Argo-floats-container/decArgo_demo/input/rsync_list/300234068508780/rsync_20220815T042508Z.txt: OK
incois-arpy-decoder/Coriolis-data-processing-chain-for-Argo-floats-container/decArgo_demo/input/rsync_list/300234068508780/rsync_20220825T062528Z.txt: OK
incois-arpy-decoder/Coriolis-data-processing-chain-for-Argo-floats-container/decArgo_demo/input/rsync_list/300234068508780/rsync_20220904T062547Z.txt: OK
incois-arpy-decoder/Coriolis-data-processing-chain-for-Argo-floats-container/decArgo_demo/input/rsync_list/300234068508780/rsync_20220914T062551Z.txt: OK
incois-arpy-decoder/Coriolis-data-processing-chain-for-Argo-floats-container/decArgo_demo/input/rsync_list/300234068508780/rsync_20220924T062521Z.txt: OK
incois-arpy-decoder/Coriolis-data-processing-chain-for-Argo-floats-container/decArgo_demo/input/rsync_list/300234068508780/rsync_20221004T062541Z.txt: OK
incois-arpy-decoder/Coriolis-data-processing-chain-for-Argo-floats-container/decArgo_demo/input/rsync_list/300234068508780/rsync_20221014T062544Z.txt: OK
incois-arpy-decoder/Coriolis-data-processing-chain-for-Argo-floats-container/decArgo_demo/input/rsync_list/300234068508780/rsync_20221024T062536Z.txt: OK
incois-arpy-decoder/Coriolis-data-processing-chain-for-Argo-floats-container/decArgo_demo/input/rsync_list/300234068508780/rsync_20221103T062522Z.txt: OK
incois-arpy-decoder/Coriolis-data-processing-chain-for-Argo-floats-container/decArgo_demo/input/rsync_list/300234068508780/rsync_20221113T062603Z.txt: OK
incois-arpy-decoder/Coriolis-data-processing-chain-for-Argo-floats-container/decArgo_demo/input/rsync_list/300234068508780/rsync_20221123T062516Z.txt: OK
incois-arpy-decoder/Coriolis-data-processing-chain-for-Argo-floats-container/decArgo_demo/input/rsync_list/300234068508780/rsync_20221203T062519Z.txt: OK
incois-arpy-decoder/Coriolis-data-processing-chain-for-Argo-floats-container/decArgo_demo/input/rsync_list/300234068508780/rsync_20221213T062519Z.txt: OK
incois-arpy-decoder/Coriolis-data-processing-chain-for-Argo-floats-container/decArgo_demo/input/rsync_list/300234068508780/rsync_20221223T062526Z.txt: OK
incois-arpy-decoder/Coriolis-data-processing-chain-for-Argo-floats-container/decArgo_demo/input/rsync_list/300234068508780/rsync_20230102T062522Z.txt: OK
incois-arpy-decoder/Coriolis-data-processing-chain-for-Argo-floats-container/decArgo_demo/input/rsync_list/300234068508780/rsync_20230112T062517Z.txt: OK
incois-arpy-decoder/Coriolis-data-processing-chain-for-Argo-floats-container/decArgo_demo/input/rsync_list/300234068508780/rsync_20230122T062528Z.txt: OK
incois-arpy-decoder/Coriolis-data-processing-chain-for-Argo-floats-container/decArgo_demo/input/rsync_list/300234068508780/rsync_20230201T062517Z.txt: OK
incois-arpy-decoder/Coriolis-data-processing-chain-for-Argo-floats-container/decArgo_demo/input/rsync_list/300234068508780/rsync_20230211T062514Z.txt: OK
incois-arpy-decoder/Coriolis-data-processing-chain-for-Argo-floats-container/decArgo_demo/input/rsync_list/300234068508780/rsync_20230221T062512Z.txt: OK
incois-arpy-decoder/Coriolis-data-processing-chain-for-Argo-floats-container/decArgo_demo/input/rsync_list/300234068508780/rsync_20230303T062508Z.txt: OK
incois-arpy-decoder/Coriolis-data-processing-chain-for-Argo-floats-container/decArgo_demo/input/rsync_list/300234068508780/rsync_20230313T062507Z.txt: OK
incois-arpy-decoder/Coriolis-data-processing-chain-for-Argo-floats-container/decArgo_demo/input/rsync_list/300234068508780/rsync_20230323T132835Z.txt: OK
incois-arpy-decoder/Coriolis-data-processing-chain-for-Argo-floats-container/decArgo_demo/input/rsync_list/300234068508780/rsync_20230402T062507Z.txt: OK
incois-arpy-decoder/Coriolis-data-processing-chain-for-Argo-floats-container/decArgo_demo/input/rsync_list/300234068508780/rsync_20230412T062508Z.txt: OK
incois-arpy-decoder/Coriolis-data-processing-chain-for-Argo-floats-container/decArgo_demo/input/rsync_list/300234068508780/rsync_20230412T072508Z.txt: OK
incois-arpy-decoder/Coriolis-data-processing-chain-for-Argo-floats-container/decArgo_demo/input/rsync_list/300234068508780/rsync_20230422T012509Z.txt: OK
incois-arpy-decoder/Coriolis-data-processing-chain-for-Argo-floats-container/decArgo_demo/input/rsync_list/300234068508780/rsync_20230422T022505Z.txt: OK
incois-arpy-decoder/Coriolis-data-processing-chain-for-Argo-floats-container/decArgo_demo/input/rsync_list/300234068508780/rsync_20230501T202513Z.txt: OK
incois-arpy-decoder/Coriolis-data-processing-chain-for-Argo-floats-container/decArgo_demo/input/rsync_list/300234068508780/rsync_20230501T212513Z.txt: OK
incois-arpy-decoder/Coriolis-data-processing-chain-for-Argo-floats-container/decArgo_demo/input/rsync_list/300234068508780/rsync_20230511T152510Z.txt: OK
incois-arpy-decoder/Coriolis-data-processing-chain-for-Argo-floats-container/decArgo_demo/input/rsync_list/300234068508780/rsync_20230511T162502Z.txt: OK
incois-arpy-decoder/Coriolis-data-processing-chain-for-Argo-floats-container/decArgo_demo/input/rsync_list/300234068508780/rsync_20230521T102504Z.txt: OK
incois-arpy-decoder/Coriolis-data-processing-chain-for-Argo-floats-container/decArgo_demo/input/rsync_list/300234068508780/rsync_20230521T112503Z.txt: OK
incois-arpy-decoder/Coriolis-data-processing-chain-for-Argo-floats-container/decArgo_demo/input/rsync_list/300234068508780/rsync_20230531T052510Z.txt: OK
incois-arpy-decoder/Coriolis-data-processing-chain-for-Argo-floats-container/decArgo_demo/input/rsync_list/300234068508780/rsync_20230531T062507Z.txt: OK
incois-arpy-decoder/Coriolis-data-processing-chain-for-Argo-floats-container/decArgo_demo/input/rsync_list/300234068508780/rsync_20230610T002512Z.txt: OK
incois-arpy-decoder/Coriolis-data-processing-chain-for-Argo-floats-container/decArgo_demo/input/rsync_list/300234068508780/rsync_20230610T012508Z.txt: OK
incois-arpy-decoder/Coriolis-data-processing-chain-for-Argo-floats-container/decArgo_demo/input/rsync_list/300234068508780/rsync_20230619T192512Z.txt: OK
incois-arpy-decoder/Coriolis-data-processing-chain-for-Argo-floats-container/decArgo_demo/input/rsync_list/300234068508780/rsync_20230619T202515Z.txt: OK
incois-arpy-decoder/Coriolis-data-processing-chain-for-Argo-floats-container/decArgo_demo/input/rsync_list/300234068508780/rsync_20230629T142507Z.txt: OK
incois-arpy-decoder/Coriolis-data-processing-chain-for-Argo-floats-container/decArgo_demo/input/rsync_list/300234068508780/rsync_20230629T152511Z.txt: OK
incois-arpy-decoder/Coriolis-data-processing-chain-for-Argo-floats-container/decArgo_demo/input/rsync_list/300234068508780/rsync_20230709T092506Z.txt: OK
incois-arpy-decoder/Coriolis-data-processing-chain-for-Argo-floats-container/decArgo_demo/input/rsync_list/300234068508780/rsync_20230709T102503Z.txt: OK
incois-arpy-decoder/Coriolis-data-processing-chain-for-Argo-floats-container/decArgo_demo/input/rsync_list/300234068508780/rsync_20230719T042512Z.txt: OK
incois-arpy-decoder/Coriolis-data-processing-chain-for-Argo-floats-container/decArgo_demo/input/rsync_list/300234068508780/rsync_20230719T052508Z.txt: OK
incois-arpy-decoder/Coriolis-data-processing-chain-for-Argo-floats-container/decArgo_demo/input/rsync_list/300234068508780/rsync_20230728T232503Z.txt: OK
incois-arpy-decoder/Coriolis-data-processing-chain-for-Argo-floats-container/decArgo_demo/input/rsync_list/300234068508780/rsync_20230729T002506Z.txt: OK
incois-arpy-decoder/Coriolis-data-processing-chain-for-Argo-floats-container/decArgo_demo/input/rsync_list/300234068508780/rsync_20230807T182506Z.txt: OK
incois-arpy-decoder/Coriolis-data-processing-chain-for-Argo-floats-container/decArgo_demo/input/rsync_list/300234068508780/rsync_20230807T192507Z.txt: OK
incois-arpy-decoder/Coriolis-data-processing-chain-for-Argo-floats-container/decArgo_demo/input/rsync_list/300234068508780/rsync_20230817T132506Z.txt: OK
incois-arpy-decoder/Coriolis-data-processing-chain-for-Argo-floats-container/decArgo_demo/input/rsync_list/300234068508780/rsync_20230817T142507Z.txt: OK
incois-arpy-decoder/Coriolis-data-processing-chain-for-Argo-floats-container/decArgo_demo/input/rsync_list/300234068508780/rsync_20230827T082508Z.txt: OK
incois-arpy-decoder/Coriolis-data-processing-chain-for-Argo-floats-container/decArgo_demo/input/rsync_list/300234068508780/rsync_20230827T092505Z.txt: OK
incois-arpy-decoder/Coriolis-data-processing-chain-for-Argo-floats-container/decArgo_demo/input/rsync_list/300234068508780/rsync_20230906T032510Z.txt: OK
incois-arpy-decoder/Coriolis-data-processing-chain-for-Argo-floats-container/decArgo_demo/input/rsync_list/300234068508780/rsync_20230906T042503Z.txt: OK
incois-arpy-decoder/Coriolis-data-processing-chain-for-Argo-floats-container/decArgo_demo/input/rsync_list/300234068508780/rsync_20230915T222505Z.txt: OK
incois-arpy-decoder/Coriolis-data-processing-chain-for-Argo-floats-container/decArgo_demo/input/rsync_list/300234068508780/rsync_20230915T232509Z.txt: OK
incois-arpy-decoder/Coriolis-data-processing-chain-for-Argo-floats-container/decArgo_demo/input/rsync_list/300234068508780/rsync_20230925T172506Z.txt: OK
incois-arpy-decoder/Coriolis-data-processing-chain-for-Argo-floats-container/decArgo_demo/input/rsync_list/300234068508780/rsync_20230925T182505Z.txt: OK
incois-arpy-decoder/Coriolis-data-processing-chain-for-Argo-floats-container/decArgo_demo/input/rsync_list/300234068508780/rsync_20231005T122507Z.txt: OK
incois-arpy-decoder/Coriolis-data-processing-chain-for-Argo-floats-container/decArgo_demo/input/rsync_list/300234068508780/rsync_20231015T072506Z.txt: OK
incois-arpy-decoder/Coriolis-data-processing-chain-for-Argo-floats-container/decArgo_demo/input/rsync_list/300234068508780/rsync_20231015T082508Z.txt: OK
incois-arpy-decoder/Coriolis-data-processing-chain-for-Argo-floats-container/decArgo_demo/input/rsync_list/300234068508780/rsync_20231025T022509Z.txt: OK
incois-arpy-decoder/Coriolis-data-processing-chain-for-Argo-floats-container/decArgo_demo/input/rsync_list/300234068508780/rsync_20231025T032502Z.txt: OK
incois-arpy-decoder/Coriolis-data-processing-chain-for-Argo-floats-container/decArgo_demo/input/rsync_list/300234068508780/rsync_20231103T212511Z.txt: OK
incois-arpy-decoder/Coriolis-data-processing-chain-for-Argo-floats-container/decArgo_demo/input/rsync_list/300234068508780/rsync_20231103T222504Z.txt: OK
incois-arpy-decoder/Coriolis-data-processing-chain-for-Argo-floats-container/decArgo_demo/input/rsync_list/300234068508780/rsync_20231113T162509Z.txt: OK
incois-arpy-decoder/Coriolis-data-processing-chain-for-Argo-floats-container/decArgo_demo/input/rsync_list/300234068508780/rsync_20231113T172507Z.txt: OK
incois-arpy-decoder/Coriolis-data-processing-chain-for-Argo-floats-container/decArgo_demo/input/rsync_list/300234068508780/rsync_20231123T112506Z.txt: OK
incois-arpy-decoder/Coriolis-data-processing-chain-for-Argo-floats-container/decArgo_demo/input/rsync_list/300234068508780/rsync_20231123T122504Z.txt: OK
incois-arpy-decoder/Coriolis-data-processing-chain-for-Argo-floats-container/decArgo_demo/input/rsync_list/300234068508780/rsync_20231203T062508Z.txt: OK
incois-arpy-decoder/Coriolis-data-processing-chain-for-Argo-floats-container/decArgo_demo/input/rsync_list/300234068508780/rsync_20231203T072519Z.txt: OK
incois-arpy-decoder/Coriolis-data-processing-chain-for-Argo-floats-container/decArgo_demo/input/rsync_list/300234068508780/rsync_20231213T012505Z.txt: OK
incois-arpy-decoder/Coriolis-data-processing-chain-for-Argo-floats-container/decArgo_demo/input/rsync_list/300234068508780/rsync_20231213T022502Z.txt: OK
incois-arpy-decoder/Coriolis-data-processing-chain-for-Argo-floats-container/decArgo_demo/input/rsync_list/300234068508780/rsync_20231222T202503Z.txt: OK
incois-arpy-decoder/Coriolis-data-processing-chain-for-Argo-floats-container/decArgo_demo/input/rsync_list/300234068508780/rsync_20231222T212506Z.txt: OK
incois-arpy-decoder/Coriolis-data-processing-chain-for-Argo-floats-container/decArgo_demo/input/rsync_list/300234068508780/rsync_20240101T152504Z.txt: OK
incois-arpy-decoder/Coriolis-data-processing-chain-for-Argo-floats-container/decArgo_demo/input/rsync_list/300234068508780/rsync_20240101T162503Z.txt: OK
incois-arpy-decoder/Coriolis-data-processing-chain-for-Argo-floats-container/decArgo_demo/input/rsync_list/300234068508780/rsync_20240111T112507Z.txt: OK
incois-arpy-decoder/Coriolis-data-processing-chain-for-Argo-floats-container/decArgo_demo/input/rsync_list/300234068508780/rsync_20240121T052506Z.txt: OK
incois-arpy-decoder/Coriolis-data-processing-chain-for-Argo-floats-container/decArgo_demo/input/rsync_list/300234068508780/rsync_20240121T062503Z.txt: OK
incois-arpy-decoder/Coriolis-data-processing-chain-for-Argo-floats-container/decArgo_demo/input/rsync_list/300234068508780/rsync_20240131T002507Z.txt: OK
incois-arpy-decoder/Coriolis-data-processing-chain-for-Argo-floats-container/decArgo_demo/input/rsync_list/300234068508780/rsync_20240131T012504Z.txt: OK
incois-arpy-decoder/Coriolis-data-processing-chain-for-Argo-floats-container/decArgo_demo/input/rsync_list/300234068508780/rsync_20240209T192506Z.txt: OK
incois-arpy-decoder/Coriolis-data-processing-chain-for-Argo-floats-container/decArgo_demo/input/rsync_list/300234068508780/rsync_20240209T202505Z.txt: OK
incois-arpy-decoder/Coriolis-data-processing-chain-for-Argo-floats-container/decArgo_demo/input/rsync_list/300234068508780/rsync_20240219T142511Z.txt: OK
incois-arpy-decoder/Coriolis-data-processing-chain-for-Argo-floats-container/decArgo_demo/input/rsync_list/300234068508780/rsync_20240219T152507Z.txt: OK
incois-arpy-decoder/Coriolis-data-processing-chain-for-Argo-floats-container/decArgo_demo/output/log/.gitkeep: OK
incois-arpy-decoder/IMPLEMENTATION_PROGRESS.md: OK
incois-arpy-decoder/INCOIS-ARPY-functional-audit-report.md: OK
incois-arpy-decoder/MIGRATION_STATE_REPORT.md: OK
incois-arpy-decoder/OPEN_ISSUES_2901304.md: OK
incois-arpy-decoder/QC_DIFF_REPORT.md: OK
incois-arpy-decoder/README.md: OK
incois-arpy-decoder/VALIDATION_2026-08-24_APF9_FRESH_DECODE.md: OK
incois-arpy-decoder/arvor_raw/ARVOR-I-raw-files/20260819/6990711/ctd/Ascctd001.txt: OK
incois-arpy-decoder/arvor_raw/ARVOR-I-raw-files/20260819/6990711/ctd/Ascctd002.txt: OK
incois-arpy-decoder/arvor_raw/ARVOR-I-raw-files/20260819/6990711/ctd/Ascctd003.txt: OK
incois-arpy-decoder/arvor_raw/ARVOR-I-raw-files/20260819/6990711/ctd/Ascctd004.txt: OK
incois-arpy-decoder/arvor_raw/ARVOR-I-raw-files/20260819/6990711/ctd/Ascctd005.txt: OK
incois-arpy-decoder/arvor_raw/ARVOR-I-raw-files/20260819/6990711/ctd/Ascctd006.txt: OK
incois-arpy-decoder/arvor_raw/ARVOR-I-raw-files/20260819/6990711/ctd/Ascctd007.txt: OK
incois-arpy-decoder/arvor_raw/ARVOR-I-raw-files/20260819/6990711/ctd/Desctd001.txt: OK
incois-arpy-decoder/arvor_raw/ARVOR-I-raw-files/20260819/6990711/ctd/Subctd001.txt: OK
incois-arpy-decoder/arvor_raw/ARVOR-I-raw-files/20260819/6990711/ctd/Subctd002.txt: OK
incois-arpy-decoder/arvor_raw/ARVOR-I-raw-files/20260819/6990711/ctd/Subctd003.txt: OK
incois-arpy-decoder/arvor_raw/ARVOR-I-raw-files/20260819/6990711/ctd/Subctd004.txt: OK
incois-arpy-decoder/arvor_raw/ARVOR-I-raw-files/20260819/6990711/ctd/Subctd005.txt: OK
incois-arpy-decoder/arvor_raw/ARVOR-I-raw-files/20260819/6990711/ctd/Subctd006.txt: OK
incois-arpy-decoder/arvor_raw/ARVOR-I-raw-files/20260819/6990711/ctd/Subctd007.txt: OK
incois-arpy-decoder/arvor_raw/ARVOR-I-raw-files/20260819/6990711/redacted_imei_170_000067.eml: OK
incois-arpy-decoder/arvor_raw/ARVOR-I-raw-files/20260819/6990711/redacted_imei_170_000067.sbd: OK
incois-arpy-decoder/arvor_raw/ARVOR-I-raw-files/20260819/6990711/redacted_imei_170_000068.eml: OK
incois-arpy-decoder/arvor_raw/ARVOR-I-raw-files/20260819/6990711/redacted_imei_170_000068.sbd: OK
incois-arpy-decoder/arvor_raw/ARVOR-I-raw-files/20260819/6990711/redacted_imei_170_000069.eml: OK
incois-arpy-decoder/arvor_raw/ARVOR-I-raw-files/20260819/6990711/redacted_imei_170_000069.sbd: OK
incois-arpy-decoder/arvor_raw/ARVOR-I-raw-files/20260819/6990711/redacted_imei_170_000070.eml: OK
incois-arpy-decoder/arvor_raw/ARVOR-I-raw-files/20260819/6990711/redacted_imei_170_000070.sbd: OK
incois-arpy-decoder/arvor_raw/ARVOR-I-raw-files/20260819/6990711/redacted_imei_170_000071.eml: OK
incois-arpy-decoder/arvor_raw/ARVOR-I-raw-files/20260819/6990711/redacted_imei_170_000071.sbd: OK
incois-arpy-decoder/arvor_raw/ARVOR-I-raw-files/20260819/6990711/redacted_imei_170_000072.eml: OK
incois-arpy-decoder/arvor_raw/ARVOR-I-raw-files/20260819/6990711/redacted_imei_170_000072.sbd: OK
incois-arpy-decoder/arvor_raw/ARVOR-I-raw-files/20260819/6990711/redacted_imei_170_000074.eml: OK
incois-arpy-decoder/arvor_raw/ARVOR-I-raw-files/20260819/6990711/redacted_imei_170_000074.sbd: OK
incois-arpy-decoder/arvor_raw/ARVOR-I-raw-files/20260819/6990711/redacted_imei_170_000075.eml: OK
incois-arpy-decoder/arvor_raw/ARVOR-I-raw-files/20260819/6990711/redacted_imei_170_000075.sbd: OK
incois-arpy-decoder/arvor_raw/ARVOR-I-raw-files/20260819/6990711/redacted_imei_170_000076.eml: OK
incois-arpy-decoder/arvor_raw/ARVOR-I-raw-files/20260819/6990711/redacted_imei_170_000076.sbd: OK
incois-arpy-decoder/arvor_raw/ARVOR-I-raw-files/20260819/6990711/redacted_imei_170_000077.eml: OK
incois-arpy-decoder/arvor_raw/ARVOR-I-raw-files/20260819/6990711/redacted_imei_170_000077.sbd: OK
incois-arpy-decoder/arvor_raw/ARVOR-I-raw-files/20260819/6990711/redacted_imei_170_000078.eml: OK
incois-arpy-decoder/arvor_raw/ARVOR-I-raw-files/20260819/6990711/redacted_imei_170_000078.sbd: OK
incois-arpy-decoder/arvor_raw/ARVOR-I-raw-files/20260819/6990711/redacted_imei_170_000080.eml: OK
incois-arpy-decoder/arvor_raw/ARVOR-I-raw-files/20260819/6990711/redacted_imei_170_000080.sbd: OK
incois-arpy-decoder/arvor_raw/ARVOR-I-raw-files/20260819/6990711/redacted_imei_170_000081.eml: OK
incois-arpy-decoder/arvor_raw/ARVOR-I-raw-files/20260819/6990711/redacted_imei_170_000081.sbd: OK
incois-arpy-decoder/arvor_raw/ARVOR-I-raw-files/20260819/6990711/redacted_imei_170_000082.eml: OK
incois-arpy-decoder/arvor_raw/ARVOR-I-raw-files/20260819/6990711/redacted_imei_170_000082.sbd: OK
incois-arpy-decoder/arvor_raw/ARVOR-I-raw-files/20260819/6990711/redacted_imei_170_000083.eml: OK
incois-arpy-decoder/arvor_raw/ARVOR-I-raw-files/20260819/6990711/redacted_imei_170_000083.sbd: OK
incois-arpy-decoder/arvor_raw/ARVOR-I-raw-files/20260819/6990711/redacted_imei_170_000084.eml: OK
incois-arpy-decoder/arvor_raw/ARVOR-I-raw-files/20260819/6990711/redacted_imei_170_000084.sbd: OK
incois-arpy-decoder/arvor_raw/ARVOR-I-raw-files/20260819/6990711/redacted_imei_170_000086.eml: OK
incois-arpy-decoder/arvor_raw/ARVOR-I-raw-files/20260819/6990711/redacted_imei_170_000086.sbd: OK
incois-arpy-decoder/arvor_raw/ARVOR-I-raw-files/20260819/6990711/redacted_imei_170_000087.eml: OK
incois-arpy-decoder/arvor_raw/ARVOR-I-raw-files/20260819/6990711/redacted_imei_170_000087.sbd: OK
incois-arpy-decoder/arvor_raw/ARVOR-I-raw-files/20260819/6990711/redacted_imei_170_000088.eml: OK
incois-arpy-decoder/arvor_raw/ARVOR-I-raw-files/20260819/6990711/redacted_imei_170_000088.sbd: OK
incois-arpy-decoder/arvor_raw/ARVOR-I-raw-files/20260819/6990711/redacted_imei_170_000089.eml: OK
incois-arpy-decoder/arvor_raw/ARVOR-I-raw-files/20260819/6990711/redacted_imei_170_000089.sbd: OK
incois-arpy-decoder/arvor_raw/ARVOR-I-raw-files/20260819/6990711/redacted_imei_170_000090.eml: OK
incois-arpy-decoder/arvor_raw/ARVOR-I-raw-files/20260819/6990711/redacted_imei_170_000090.sbd: OK
incois-arpy-decoder/arvor_raw/ARVOR-I-raw-files/20260819/6990711/redacted_imei_170_000092.eml: OK
incois-arpy-decoder/arvor_raw/ARVOR-I-raw-files/20260819/6990711/redacted_imei_170_000092.sbd: OK
incois-arpy-decoder/arvor_raw/ARVOR-I-raw-files/20260819/6990711/redacted_imei_170_000093.eml: OK
incois-arpy-decoder/arvor_raw/ARVOR-I-raw-files/20260819/6990711/redacted_imei_170_000093.sbd: OK
incois-arpy-decoder/arvor_raw/ARVOR-I-raw-files/20260819/6990711/redacted_imei_170_000094.eml: OK
incois-arpy-decoder/arvor_raw/ARVOR-I-raw-files/20260819/6990711/redacted_imei_170_000094.sbd: OK
incois-arpy-decoder/arvor_raw/ARVOR-I-raw-files/20260819/6990711/redacted_imei_170_000095.eml: OK
incois-arpy-decoder/arvor_raw/ARVOR-I-raw-files/20260819/6990711/redacted_imei_170_000095.sbd: OK
incois-arpy-decoder/arvor_raw/ARVOR-I-raw-files/20260819/6990711/redacted_imei_170_000096.eml: OK
incois-arpy-decoder/arvor_raw/ARVOR-I-raw-files/20260819/6990711/redacted_imei_170_000096.sbd: OK
incois-arpy-decoder/arvor_raw/ARVOR-I-raw-files/20260819/6990711/redacted_imei_170_000097.eml: OK
incois-arpy-decoder/arvor_raw/ARVOR-I-raw-files/20260819/6990711/redacted_imei_170_000097.sbd: OK
incois-arpy-decoder/arvor_raw/ARVOR-I-raw-files/20260819/6990711/redacted_imei_170_000098.eml: OK
incois-arpy-decoder/arvor_raw/ARVOR-I-raw-files/20260819/6990711/redacted_imei_170_000098.sbd: OK
incois-arpy-decoder/arvor_raw/ARVOR-I-raw-files/20260819/6990711/redacted_imei_170_000099.eml: OK
incois-arpy-decoder/arvor_raw/ARVOR-I-raw-files/20260819/6990711/redacted_imei_170_000099.sbd: OK
incois-arpy-decoder/arvor_raw/ARVOR-I-raw-files/20260819/6990711/redacted_imei_170_000100.eml: OK
incois-arpy-decoder/arvor_raw/ARVOR-I-raw-files/20260819/6990711/redacted_imei_170_000100.sbd: OK
incois-arpy-decoder/arvor_raw/ARVOR-I-raw-files/20260819/6990711/redacted_imei_170_000101.eml: OK
incois-arpy-decoder/arvor_raw/ARVOR-I-raw-files/20260819/6990711/redacted_imei_170_000101.sbd: OK
incois-arpy-decoder/arvor_raw/ARVOR-I-raw-files/20260819/6990711/redacted_imei_170_000102.eml: OK
incois-arpy-decoder/arvor_raw/ARVOR-I-raw-files/20260819/6990711/redacted_imei_170_000102.sbd: OK
incois-arpy-decoder/arvor_raw/ARVOR-I-raw-files/20260819/6990711/redacted_imei_170_000103.eml: OK
incois-arpy-decoder/arvor_raw/ARVOR-I-raw-files/20260819/6990711/redacted_imei_170_000103.sbd: OK
incois-arpy-decoder/arvor_raw/ARVOR-I-raw-files/20260819/6990711/redacted_imei_170_000104.eml: OK
incois-arpy-decoder/arvor_raw/ARVOR-I-raw-files/20260819/6990711/redacted_imei_170_000104.sbd: OK
incois-arpy-decoder/arvor_raw/ARVOR-I-raw-files/20260819/6990711/redacted_imei_170_000105.eml: OK
incois-arpy-decoder/arvor_raw/ARVOR-I-raw-files/20260819/6990711/redacted_imei_170_000105.sbd: OK
incois-arpy-decoder/arvor_raw/ARVOR-I-raw-files/20260819/7902408/ctd/Ascctd001.txt: OK
incois-arpy-decoder/arvor_raw/ARVOR-I-raw-files/20260819/7902408/ctd/Ascctd002.txt: OK
incois-arpy-decoder/arvor_raw/ARVOR-I-raw-files/20260819/7902408/ctd/Ascctd003.txt: OK
incois-arpy-decoder/arvor_raw/ARVOR-I-raw-files/20260819/7902408/ctd/Ascctd004.txt: OK
incois-arpy-decoder/arvor_raw/ARVOR-I-raw-files/20260819/7902408/ctd/Ascctd005.txt: OK
incois-arpy-decoder/arvor_raw/ARVOR-I-raw-files/20260819/7902408/ctd/Ascctd006.txt: OK
incois-arpy-decoder/arvor_raw/ARVOR-I-raw-files/20260819/7902408/ctd/Ascctd007.txt: OK
incois-arpy-decoder/arvor_raw/ARVOR-I-raw-files/20260819/7902408/ctd/Ascctd008.txt: OK
incois-arpy-decoder/arvor_raw/ARVOR-I-raw-files/20260819/7902408/ctd/Ascctd009.txt: OK
incois-arpy-decoder/arvor_raw/ARVOR-I-raw-files/20260819/7902408/ctd/Ascctd010.txt: OK
incois-arpy-decoder/arvor_raw/ARVOR-I-raw-files/20260819/7902408/ctd/Ascctd011.txt: OK
incois-arpy-decoder/arvor_raw/ARVOR-I-raw-files/20260819/7902408/ctd/Ascctd012.txt: OK
incois-arpy-decoder/arvor_raw/ARVOR-I-raw-files/20260819/7902408/ctd/Ascctd013.txt: OK
incois-arpy-decoder/arvor_raw/ARVOR-I-raw-files/20260819/7902408/ctd/Ascctd014.txt: OK
incois-arpy-decoder/arvor_raw/ARVOR-I-raw-files/20260819/7902408/ctd/Ascctd015.txt: OK
incois-arpy-decoder/arvor_raw/ARVOR-I-raw-files/20260819/7902408/ctd/Desctd001.txt: OK
incois-arpy-decoder/arvor_raw/ARVOR-I-raw-files/20260819/7902408/ctd/Subctd001.txt: OK
incois-arpy-decoder/arvor_raw/ARVOR-I-raw-files/20260819/7902408/ctd/Subctd002.txt: OK
incois-arpy-decoder/arvor_raw/ARVOR-I-raw-files/20260819/7902408/ctd/Subctd003.txt: OK
incois-arpy-decoder/arvor_raw/ARVOR-I-raw-files/20260819/7902408/ctd/Subctd004.txt: OK
incois-arpy-decoder/arvor_raw/ARVOR-I-raw-files/20260819/7902408/ctd/Subctd005.txt: OK
incois-arpy-decoder/arvor_raw/ARVOR-I-raw-files/20260819/7902408/ctd/Subctd006.txt: OK
incois-arpy-decoder/arvor_raw/ARVOR-I-raw-files/20260819/7902408/ctd/Subctd007.txt: OK
incois-arpy-decoder/arvor_raw/ARVOR-I-raw-files/20260819/7902408/ctd/Subctd008.txt: OK
incois-arpy-decoder/arvor_raw/ARVOR-I-raw-files/20260819/7902408/ctd/Subctd009.txt: OK
incois-arpy-decoder/arvor_raw/ARVOR-I-raw-files/20260819/7902408/ctd/Subctd010.txt: OK
incois-arpy-decoder/arvor_raw/ARVOR-I-raw-files/20260819/7902408/ctd/Subctd011.txt: OK
incois-arpy-decoder/arvor_raw/ARVOR-I-raw-files/20260819/7902408/ctd/Subctd012.txt: OK
incois-arpy-decoder/arvor_raw/ARVOR-I-raw-files/20260819/7902408/ctd/Subctd013.txt: OK
incois-arpy-decoder/arvor_raw/ARVOR-I-raw-files/20260819/7902408/ctd/Subctd014.txt: OK
incois-arpy-decoder/arvor_raw/ARVOR-I-raw-files/20260819/7902408/ctd/Subctd015.txt: OK
incois-arpy-decoder/arvor_raw/ARVOR-I-raw-files/20260819/7902408/redacted_imei_490_000032.eml: OK
incois-arpy-decoder/arvor_raw/ARVOR-I-raw-files/20260819/7902408/redacted_imei_490_000032.sbd: OK
incois-arpy-decoder/arvor_raw/ARVOR-I-raw-files/20260819/7902408/redacted_imei_490_000034.eml: OK
incois-arpy-decoder/arvor_raw/ARVOR-I-raw-files/20260819/7902408/redacted_imei_490_000034.sbd: OK
incois-arpy-decoder/arvor_raw/ARVOR-I-raw-files/20260819/7902408/redacted_imei_490_000036.eml: OK
incois-arpy-decoder/arvor_raw/ARVOR-I-raw-files/20260819/7902408/redacted_imei_490_000036.sbd: OK
incois-arpy-decoder/arvor_raw/ARVOR-I-raw-files/20260819/7902408/redacted_imei_490_000038.eml: OK
incois-arpy-decoder/arvor_raw/ARVOR-I-raw-files/20260819/7902408/redacted_imei_490_000038.sbd: OK
incois-arpy-decoder/arvor_raw/ARVOR-I-raw-files/20260819/7902408/redacted_imei_490_000040.eml: OK
incois-arpy-decoder/arvor_raw/ARVOR-I-raw-files/20260819/7902408/redacted_imei_490_000040.sbd: OK
incois-arpy-decoder/arvor_raw/ARVOR-I-raw-files/20260819/7902408/redacted_imei_490_000042.eml: OK
incois-arpy-decoder/arvor_raw/ARVOR-I-raw-files/20260819/7902408/redacted_imei_490_000042.sbd: OK
incois-arpy-decoder/arvor_raw/ARVOR-I-raw-files/20260819/7902408/redacted_imei_490_000044.eml: OK
incois-arpy-decoder/arvor_raw/ARVOR-I-raw-files/20260819/7902408/redacted_imei_490_000044.sbd: OK
incois-arpy-decoder/arvor_raw/ARVOR-I-raw-files/20260819/7902408/redacted_imei_490_000046.eml: OK
incois-arpy-decoder/arvor_raw/ARVOR-I-raw-files/20260819/7902408/redacted_imei_490_000046.sbd: OK
incois-arpy-decoder/arvor_raw/ARVOR-I-raw-files/20260819/7902408/redacted_imei_490_000047.eml: OK
incois-arpy-decoder/arvor_raw/ARVOR-I-raw-files/20260819/7902408/redacted_imei_490_000047.sbd: OK
incois-arpy-decoder/arvor_raw/ARVOR-I-raw-files/20260819/7902408/redacted_imei_490_000048.eml: OK
incois-arpy-decoder/arvor_raw/ARVOR-I-raw-files/20260819/7902408/redacted_imei_490_000048.sbd: OK
incois-arpy-decoder/arvor_raw/ARVOR-I-raw-files/20260819/7902408/redacted_imei_490_000049.eml: OK
incois-arpy-decoder/arvor_raw/ARVOR-I-raw-files/20260819/7902408/redacted_imei_490_000049.sbd: OK
incois-arpy-decoder/arvor_raw/ARVOR-I-raw-files/20260819/7902408/redacted_imei_490_000050.eml: OK
incois-arpy-decoder/arvor_raw/ARVOR-I-raw-files/20260819/7902408/redacted_imei_490_000050.sbd: OK
incois-arpy-decoder/arvor_raw/ARVOR-I-raw-files/20260819/7902408/redacted_imei_490_000051.eml: OK
incois-arpy-decoder/arvor_raw/ARVOR-I-raw-files/20260819/7902408/redacted_imei_490_000051.sbd: OK
incois-arpy-decoder/arvor_raw/ARVOR-I-raw-files/20260819/7902408/redacted_imei_490_000053.eml: OK
incois-arpy-decoder/arvor_raw/ARVOR-I-raw-files/20260819/7902408/redacted_imei_490_000053.sbd: OK
incois-arpy-decoder/arvor_raw/ARVOR-I-raw-files/20260819/7902408/redacted_imei_490_000054.eml: OK
incois-arpy-decoder/arvor_raw/ARVOR-I-raw-files/20260819/7902408/redacted_imei_490_000054.sbd: OK
incois-arpy-decoder/arvor_raw/ARVOR-I-raw-files/20260819/7902408/redacted_imei_490_000056.eml: OK
incois-arpy-decoder/arvor_raw/ARVOR-I-raw-files/20260819/7902408/redacted_imei_490_000056.sbd: OK
incois-arpy-decoder/arvor_raw/ARVOR-I-raw-files/20260819/7902408/redacted_imei_490_000057.eml: OK
incois-arpy-decoder/arvor_raw/ARVOR-I-raw-files/20260819/7902408/redacted_imei_490_000057.sbd: OK
incois-arpy-decoder/arvor_raw/ARVOR-I-raw-files/20260819/7902408/redacted_imei_490_000059.eml: OK
incois-arpy-decoder/arvor_raw/ARVOR-I-raw-files/20260819/7902408/redacted_imei_490_000059.sbd: OK
incois-arpy-decoder/arvor_raw/ARVOR-I-raw-files/20260819/7902408/redacted_imei_490_000060.eml: OK
incois-arpy-decoder/arvor_raw/ARVOR-I-raw-files/20260819/7902408/redacted_imei_490_000060.sbd: OK
incois-arpy-decoder/arvor_raw/ARVOR-I-raw-files/20260819/7902408/redacted_imei_490_000061.eml: OK
incois-arpy-decoder/arvor_raw/ARVOR-I-raw-files/20260819/7902408/redacted_imei_490_000061.sbd: OK
incois-arpy-decoder/arvor_raw/ARVOR-I-raw-files/20260819/7902408/redacted_imei_490_000062.eml: OK
incois-arpy-decoder/arvor_raw/ARVOR-I-raw-files/20260819/7902408/redacted_imei_490_000062.sbd: OK
incois-arpy-decoder/arvor_raw/ARVOR-I-raw-files/20260819/7902408/redacted_imei_490_000065.eml: OK
incois-arpy-decoder/arvor_raw/ARVOR-I-raw-files/20260819/7902408/redacted_imei_490_000065.sbd: OK
incois-arpy-decoder/arvor_raw/ARVOR-I-raw-files/20260819/7902408/redacted_imei_490_000066.eml: OK
incois-arpy-decoder/arvor_raw/ARVOR-I-raw-files/20260819/7902408/redacted_imei_490_000066.sbd: OK
incois-arpy-decoder/arvor_raw/ARVOR-I-raw-files/20260819/7902408/redacted_imei_490_000067.eml: OK
incois-arpy-decoder/arvor_raw/ARVOR-I-raw-files/20260819/7902408/redacted_imei_490_000067.sbd: OK
incois-arpy-decoder/arvor_raw/ARVOR-I-raw-files/20260819/7902408/redacted_imei_490_000068.eml: OK
incois-arpy-decoder/arvor_raw/ARVOR-I-raw-files/20260819/7902408/redacted_imei_490_000068.sbd: OK
incois-arpy-decoder/arvor_raw/ARVOR-I-raw-files/20260819/7902408/redacted_imei_490_000069.eml: OK
incois-arpy-decoder/arvor_raw/ARVOR-I-raw-files/20260819/7902408/redacted_imei_490_000069.sbd: OK
incois-arpy-decoder/arvor_raw/ARVOR-I-raw-files/20260819/7902408/redacted_imei_490_000071.eml: OK
incois-arpy-decoder/arvor_raw/ARVOR-I-raw-files/20260819/7902408/redacted_imei_490_000071.sbd: OK
incois-arpy-decoder/arvor_raw/ARVOR-I-raw-files/20260819/7902408/redacted_imei_490_000072.eml: OK
incois-arpy-decoder/arvor_raw/ARVOR-I-raw-files/20260819/7902408/redacted_imei_490_000072.sbd: OK
incois-arpy-decoder/arvor_raw/ARVOR-I-raw-files/20260819/7902408/redacted_imei_490_000074.eml: OK
incois-arpy-decoder/arvor_raw/ARVOR-I-raw-files/20260819/7902408/redacted_imei_490_000074.sbd: OK
incois-arpy-decoder/arvor_raw/ARVOR-I-raw-files/20260819/7902408/redacted_imei_490_000075.eml: OK
incois-arpy-decoder/arvor_raw/ARVOR-I-raw-files/20260819/7902408/redacted_imei_490_000075.sbd: OK
incois-arpy-decoder/arvor_raw/ARVOR-I-raw-files/20260819/7902408/redacted_imei_490_000077.eml: OK
incois-arpy-decoder/arvor_raw/ARVOR-I-raw-files/20260819/7902408/redacted_imei_490_000077.sbd: OK
incois-arpy-decoder/arvor_raw/ARVOR-I-raw-files/20260819/7902408/redacted_imei_490_000079.eml: OK
incois-arpy-decoder/arvor_raw/ARVOR-I-raw-files/20260819/7902408/redacted_imei_490_000079.sbd: OK
incois-arpy-decoder/arvor_raw/ARVOR-I-raw-files/20260819/7902408/redacted_imei_490_000080.eml: OK
incois-arpy-decoder/arvor_raw/ARVOR-I-raw-files/20260819/7902408/redacted_imei_490_000080.sbd: OK
incois-arpy-decoder/arvor_raw/ARVOR-I-raw-files/20260819/7902408/redacted_imei_490_000083.eml: OK
incois-arpy-decoder/arvor_raw/ARVOR-I-raw-files/20260819/7902408/redacted_imei_490_000083.sbd: OK
incois-arpy-decoder/arvor_raw/ARVOR-I-raw-files/20260819/7902408/redacted_imei_490_000085.eml: OK
incois-arpy-decoder/arvor_raw/ARVOR-I-raw-files/20260819/7902408/redacted_imei_490_000085.sbd: OK
incois-arpy-decoder/arvor_raw/ARVOR-I-raw-files/20260819/7902408/redacted_imei_490_000086.eml: OK
incois-arpy-decoder/arvor_raw/ARVOR-I-raw-files/20260819/7902408/redacted_imei_490_000086.sbd: OK
incois-arpy-decoder/arvor_raw/ARVOR-I-raw-files/20260819/7902408/redacted_imei_490_000087.eml: OK
incois-arpy-decoder/arvor_raw/ARVOR-I-raw-files/20260819/7902408/redacted_imei_490_000087.sbd: OK
incois-arpy-decoder/arvor_raw/ARVOR-I-raw-files/20260819/7902408/redacted_imei_490_000089.eml: OK
incois-arpy-decoder/arvor_raw/ARVOR-I-raw-files/20260819/7902408/redacted_imei_490_000089.sbd: OK
incois-arpy-decoder/arvor_raw/ARVOR-I-raw-files/20260819/7902408/redacted_imei_490_000090.eml: OK
incois-arpy-decoder/arvor_raw/ARVOR-I-raw-files/20260819/7902408/redacted_imei_490_000090.sbd: OK
incois-arpy-decoder/arvor_raw/ARVOR-I-raw-files/20260819/7902408/redacted_imei_490_000091.eml: OK
incois-arpy-decoder/arvor_raw/ARVOR-I-raw-files/20260819/7902408/redacted_imei_490_000091.sbd: OK
incois-arpy-decoder/arvor_raw/ARVOR-I-raw-files/20260819/7902408/redacted_imei_490_000095.eml: OK
incois-arpy-decoder/arvor_raw/ARVOR-I-raw-files/20260819/7902408/redacted_imei_490_000095.sbd: OK
incois-arpy-decoder/arvor_raw/ARVOR-I-raw-files/20260819/7902408/redacted_imei_490_000096.eml: OK
incois-arpy-decoder/arvor_raw/ARVOR-I-raw-files/20260819/7902408/redacted_imei_490_000096.sbd: OK
incois-arpy-decoder/arvor_raw/ARVOR-I-raw-files/20260819/7902408/redacted_imei_490_000097.eml: OK
incois-arpy-decoder/arvor_raw/ARVOR-I-raw-files/20260819/7902408/redacted_imei_490_000097.sbd: OK
incois-arpy-decoder/arvor_raw/ARVOR-I-raw-files/20260819/7902408/redacted_imei_490_000098.eml: OK
incois-arpy-decoder/arvor_raw/ARVOR-I-raw-files/20260819/7902408/redacted_imei_490_000098.sbd: OK
incois-arpy-decoder/arvor_raw/ARVOR-I-raw-files/20260819/7902408/redacted_imei_490_000099.eml: OK
incois-arpy-decoder/arvor_raw/ARVOR-I-raw-files/20260819/7902408/redacted_imei_490_000099.sbd: OK
incois-arpy-decoder/arvor_raw/ARVOR-I-raw-files/20260819/7902408/redacted_imei_490_000101.eml: OK
incois-arpy-decoder/arvor_raw/ARVOR-I-raw-files/20260819/7902408/redacted_imei_490_000101.sbd: OK
incois-arpy-decoder/arvor_raw/ARVOR-I-raw-files/20260819/7902408/redacted_imei_490_000102.eml: OK
incois-arpy-decoder/arvor_raw/ARVOR-I-raw-files/20260819/7902408/redacted_imei_490_000102.sbd: OK
incois-arpy-decoder/arvor_raw/ARVOR-I-raw-files/20260819/7902408/redacted_imei_490_000103.eml: OK
incois-arpy-decoder/arvor_raw/ARVOR-I-raw-files/20260819/7902408/redacted_imei_490_000103.sbd: OK
incois-arpy-decoder/arvor_raw/ARVOR-I-raw-files/20260819/7902408/redacted_imei_490_000104.eml: OK
incois-arpy-decoder/arvor_raw/ARVOR-I-raw-files/20260819/7902408/redacted_imei_490_000104.sbd: OK
incois-arpy-decoder/arvor_raw/ARVOR-I-raw-files/20260819/7902408/redacted_imei_490_000107.eml: OK
incois-arpy-decoder/arvor_raw/ARVOR-I-raw-files/20260819/7902408/redacted_imei_490_000107.sbd: OK
incois-arpy-decoder/arvor_raw/ARVOR-I-raw-files/20260819/7902408/redacted_imei_490_000108.eml: OK
incois-arpy-decoder/arvor_raw/ARVOR-I-raw-files/20260819/7902408/redacted_imei_490_000108.sbd: OK
incois-arpy-decoder/arvor_raw/ARVOR-I-raw-files/20260819/7902408/redacted_imei_490_000109.eml: OK
incois-arpy-decoder/arvor_raw/ARVOR-I-raw-files/20260819/7902408/redacted_imei_490_000109.sbd: OK
incois-arpy-decoder/arvor_raw/ARVOR-I-raw-files/20260819/7902408/redacted_imei_490_000111.eml: OK
incois-arpy-decoder/arvor_raw/ARVOR-I-raw-files/20260819/7902408/redacted_imei_490_000111.sbd: OK
incois-arpy-decoder/arvor_raw/ARVOR-I-raw-files/20260819/7902408/redacted_imei_490_000113.eml: OK
incois-arpy-decoder/arvor_raw/ARVOR-I-raw-files/20260819/7902408/redacted_imei_490_000113.sbd: OK
incois-arpy-decoder/arvor_raw/ARVOR-I-raw-files/20260819/7902408/redacted_imei_490_000114.eml: OK
incois-arpy-decoder/arvor_raw/ARVOR-I-raw-files/20260819/7902408/redacted_imei_490_000114.sbd: OK
incois-arpy-decoder/arvor_raw/ARVOR-I-raw-files/20260819/7902408/redacted_imei_490_000115.eml: OK
incois-arpy-decoder/arvor_raw/ARVOR-I-raw-files/20260819/7902408/redacted_imei_490_000115.sbd: OK
incois-arpy-decoder/arvor_raw/ARVOR-I-raw-files/20260819/7902408/redacted_imei_490_000116.eml: OK
incois-arpy-decoder/arvor_raw/ARVOR-I-raw-files/20260819/7902408/redacted_imei_490_000116.sbd: OK
incois-arpy-decoder/arvor_raw/ARVOR-I-raw-files/20260819/7902408/redacted_imei_490_000117.eml: OK
incois-arpy-decoder/arvor_raw/ARVOR-I-raw-files/20260819/7902408/redacted_imei_490_000117.sbd: OK
incois-arpy-decoder/arvor_raw/ARVOR-I-raw-files/20260819/7902408/redacted_imei_490_000121.eml: OK
incois-arpy-decoder/arvor_raw/ARVOR-I-raw-files/20260819/7902408/redacted_imei_490_000121.sbd: OK
incois-arpy-decoder/arvor_raw/ARVOR-I-raw-files/20260819/7902408/redacted_imei_490_000126.eml: OK
incois-arpy-decoder/arvor_raw/ARVOR-I-raw-files/20260819/7902408/redacted_imei_490_000126.sbd: OK
incois-arpy-decoder/arvor_raw/ARVOR-I-raw-files/20260819/7902408/redacted_imei_490_000127.eml: OK
incois-arpy-decoder/arvor_raw/ARVOR-I-raw-files/20260819/7902408/redacted_imei_490_000127.sbd: OK
incois-arpy-decoder/arvor_raw/ARVOR-I-raw-files/20260819/7902408/redacted_imei_490_000132.eml: OK
incois-arpy-decoder/arvor_raw/ARVOR-I-raw-files/20260819/7902408/redacted_imei_490_000132.sbd: OK
incois-arpy-decoder/arvor_raw/ARVOR-I-raw-files/20260819/7902408/redacted_imei_490_000134.eml: OK
incois-arpy-decoder/arvor_raw/ARVOR-I-raw-files/20260819/7902408/redacted_imei_490_000134.sbd: OK
incois-arpy-decoder/arvor_raw/ARVOR-I-raw-files/20260819/7902408/redacted_imei_490_000135.eml: OK
incois-arpy-decoder/arvor_raw/ARVOR-I-raw-files/20260819/7902408/redacted_imei_490_000135.sbd: OK
incois-arpy-decoder/arvor_raw/ARVOR-I-raw-files/20260819/meta-info.csv: OK
incois-arpy-decoder/arvor_raw/harness_bundle/more-raw-files-and-manuals/1902844/ctd/Ascctd001.txt: OK
incois-arpy-decoder/arvor_raw/harness_bundle/more-raw-files-and-manuals/1902844/ctd/Ascctd002.txt: OK
incois-arpy-decoder/arvor_raw/harness_bundle/more-raw-files-and-manuals/1902844/ctd/Ascctd003.txt: OK
incois-arpy-decoder/arvor_raw/harness_bundle/more-raw-files-and-manuals/1902844/ctd/Ascctd004.txt: OK
incois-arpy-decoder/arvor_raw/harness_bundle/more-raw-files-and-manuals/1902844/ctd/Ascctd005.txt: OK
incois-arpy-decoder/arvor_raw/harness_bundle/more-raw-files-and-manuals/1902844/ctd/Ascctd006.txt: OK
incois-arpy-decoder/arvor_raw/harness_bundle/more-raw-files-and-manuals/1902844/ctd/Ascctd007.txt: OK
incois-arpy-decoder/arvor_raw/harness_bundle/more-raw-files-and-manuals/1902844/ctd/Ascctd008.txt: OK
incois-arpy-decoder/arvor_raw/harness_bundle/more-raw-files-and-manuals/1902844/ctd/Ascctd009.txt: OK
incois-arpy-decoder/arvor_raw/harness_bundle/more-raw-files-and-manuals/1902844/ctd/Ascctd010.txt: OK
incois-arpy-decoder/arvor_raw/harness_bundle/more-raw-files-and-manuals/1902844/ctd/Ascctd011.txt: OK
incois-arpy-decoder/arvor_raw/harness_bundle/more-raw-files-and-manuals/1902844/ctd/Ascctd012.txt: OK
incois-arpy-decoder/arvor_raw/harness_bundle/more-raw-files-and-manuals/1902844/ctd/Ascctd013.txt: OK
incois-arpy-decoder/arvor_raw/harness_bundle/more-raw-files-and-manuals/1902844/ctd/Ascctd014.txt: OK
incois-arpy-decoder/arvor_raw/harness_bundle/more-raw-files-and-manuals/1902844/ctd/Ascctd015.txt: OK
incois-arpy-decoder/arvor_raw/harness_bundle/more-raw-files-and-manuals/1902844/ctd/Ascctd016.txt: OK
incois-arpy-decoder/arvor_raw/harness_bundle/more-raw-files-and-manuals/1902844/ctd/Ascctd017.txt: OK
incois-arpy-decoder/arvor_raw/harness_bundle/more-raw-files-and-manuals/1902844/ctd/Ascctd018.txt: OK
incois-arpy-decoder/arvor_raw/harness_bundle/more-raw-files-and-manuals/1902844/ctd/Ascctd019.txt: OK
incois-arpy-decoder/arvor_raw/harness_bundle/more-raw-files-and-manuals/1902844/ctd/Ascctd020.txt: OK
incois-arpy-decoder/arvor_raw/harness_bundle/more-raw-files-and-manuals/1902844/ctd/Ascctd021.txt: OK
incois-arpy-decoder/arvor_raw/harness_bundle/more-raw-files-and-manuals/1902844/ctd/Ascctd023.txt: OK
incois-arpy-decoder/arvor_raw/harness_bundle/more-raw-files-and-manuals/1902844/ctd/Ascctd024.txt: OK
incois-arpy-decoder/arvor_raw/harness_bundle/more-raw-files-and-manuals/1902844/ctd/Desctd001.txt: OK
incois-arpy-decoder/arvor_raw/harness_bundle/more-raw-files-and-manuals/1902844/ctd/Subctd002.txt: OK
incois-arpy-decoder/arvor_raw/harness_bundle/more-raw-files-and-manuals/1902844/ctd/Subctd003.txt: OK
incois-arpy-decoder/arvor_raw/harness_bundle/more-raw-files-and-manuals/1902844/ctd/Subctd004.txt: OK
incois-arpy-decoder/arvor_raw/harness_bundle/more-raw-files-and-manuals/1902844/ctd/Subctd005.txt: OK
incois-arpy-decoder/arvor_raw/harness_bundle/more-raw-files-and-manuals/1902844/ctd/Subctd006.txt: OK
incois-arpy-decoder/arvor_raw/harness_bundle/more-raw-files-and-manuals/1902844/ctd/Subctd007.txt: OK
incois-arpy-decoder/arvor_raw/harness_bundle/more-raw-files-and-manuals/1902844/ctd/Subctd008.txt: OK
incois-arpy-decoder/arvor_raw/harness_bundle/more-raw-files-and-manuals/1902844/ctd/Subctd009.txt: OK
incois-arpy-decoder/arvor_raw/harness_bundle/more-raw-files-and-manuals/1902844/ctd/Subctd011.txt: OK
incois-arpy-decoder/arvor_raw/harness_bundle/more-raw-files-and-manuals/1902844/ctd/Subctd012.txt: OK
incois-arpy-decoder/arvor_raw/harness_bundle/more-raw-files-and-manuals/1902844/ctd/Subctd013.txt: OK
incois-arpy-decoder/arvor_raw/harness_bundle/more-raw-files-and-manuals/1902844/ctd/Subctd014.txt: OK
incois-arpy-decoder/arvor_raw/harness_bundle/more-raw-files-and-manuals/1902844/ctd/Subctd015.txt: OK
incois-arpy-decoder/arvor_raw/harness_bundle/more-raw-files-and-manuals/1902844/ctd/Subctd016.txt: OK
incois-arpy-decoder/arvor_raw/harness_bundle/more-raw-files-and-manuals/1902844/ctd/Subctd017.txt: OK
incois-arpy-decoder/arvor_raw/harness_bundle/more-raw-files-and-manuals/1902844/ctd/Subctd018.txt: OK
incois-arpy-decoder/arvor_raw/harness_bundle/more-raw-files-and-manuals/1902844/ctd/Subctd019.txt: OK
incois-arpy-decoder/arvor_raw/harness_bundle/more-raw-files-and-manuals/1902844/ctd/Subctd020.txt: OK
incois-arpy-decoder/arvor_raw/harness_bundle/more-raw-files-and-manuals/1902844/ctd/Subctd021.txt: OK
incois-arpy-decoder/arvor_raw/harness_bundle/more-raw-files-and-manuals/1902844/ctd/Subctd022.txt: OK
incois-arpy-decoder/arvor_raw/harness_bundle/more-raw-files-and-manuals/1902844/ctd/Subctd023.txt: OK
incois-arpy-decoder/arvor_raw/harness_bundle/more-raw-files-and-manuals/1902844/redacted_imei_230_000046.eml: OK
incois-arpy-decoder/arvor_raw/harness_bundle/more-raw-files-and-manuals/1902844/redacted_imei_230_000046.sbd: OK
incois-arpy-decoder/arvor_raw/harness_bundle/more-raw-files-and-manuals/1902844/redacted_imei_230_000047.eml: OK
incois-arpy-decoder/arvor_raw/harness_bundle/more-raw-files-and-manuals/1902844/redacted_imei_230_000047.sbd: OK
incois-arpy-decoder/arvor_raw/harness_bundle/more-raw-files-and-manuals/1902844/redacted_imei_230_000048.eml: OK
incois-arpy-decoder/arvor_raw/harness_bundle/more-raw-files-and-manuals/1902844/redacted_imei_230_000048.sbd: OK
incois-arpy-decoder/arvor_raw/harness_bundle/more-raw-files-and-manuals/1902844/redacted_imei_230_000049.eml: OK
incois-arpy-decoder/arvor_raw/harness_bundle/more-raw-files-and-manuals/1902844/redacted_imei_230_000049.sbd: OK
incois-arpy-decoder/arvor_raw/harness_bundle/more-raw-files-and-manuals/1902844/redacted_imei_230_000050.eml: OK
incois-arpy-decoder/arvor_raw/harness_bundle/more-raw-files-and-manuals/1902844/redacted_imei_230_000050.sbd: OK
incois-arpy-decoder/arvor_raw/harness_bundle/more-raw-files-and-manuals/1902844/redacted_imei_230_000052.eml: OK
incois-arpy-decoder/arvor_raw/harness_bundle/more-raw-files-and-manuals/1902844/redacted_imei_230_000052.sbd: OK
incois-arpy-decoder/arvor_raw/harness_bundle/more-raw-files-and-manuals/1902844/redacted_imei_230_000053.eml: OK
incois-arpy-decoder/arvor_raw/harness_bundle/more-raw-files-and-manuals/1902844/redacted_imei_230_000053.sbd: OK
incois-arpy-decoder/arvor_raw/harness_bundle/more-raw-files-and-manuals/1902844/redacted_imei_230_000054.eml: OK
incois-arpy-decoder/arvor_raw/harness_bundle/more-raw-files-and-manuals/1902844/redacted_imei_230_000054.sbd: OK
incois-arpy-decoder/arvor_raw/harness_bundle/more-raw-files-and-manuals/1902844/redacted_imei_230_000055.eml: OK
incois-arpy-decoder/arvor_raw/harness_bundle/more-raw-files-and-manuals/1902844/redacted_imei_230_000055.sbd: OK
incois-arpy-decoder/arvor_raw/harness_bundle/more-raw-files-and-manuals/1902844/redacted_imei_230_000056.eml: OK
incois-arpy-decoder/arvor_raw/harness_bundle/more-raw-files-and-manuals/1902844/redacted_imei_230_000056.sbd: OK
incois-arpy-decoder/arvor_raw/harness_bundle/more-raw-files-and-manuals/1902844/redacted_imei_230_000058.eml: OK
incois-arpy-decoder/arvor_raw/harness_bundle/more-raw-files-and-manuals/1902844/redacted_imei_230_000058.sbd: OK
incois-arpy-decoder/arvor_raw/harness_bundle/more-raw-files-and-manuals/1902844/redacted_imei_230_000059.eml: OK
incois-arpy-decoder/arvor_raw/harness_bundle/more-raw-files-and-manuals/1902844/redacted_imei_230_000059.sbd: OK
incois-arpy-decoder/arvor_raw/harness_bundle/more-raw-files-and-manuals/1902844/redacted_imei_230_000060.eml: OK
incois-arpy-decoder/arvor_raw/harness_bundle/more-raw-files-and-manuals/1902844/redacted_imei_230_000060.sbd: OK
incois-arpy-decoder/arvor_raw/harness_bundle/more-raw-files-and-manuals/1902844/redacted_imei_230_000061.eml: OK
incois-arpy-decoder/arvor_raw/harness_bundle/more-raw-files-and-manuals/1902844/redacted_imei_230_000061.sbd: OK
incois-arpy-decoder/arvor_raw/harness_bundle/more-raw-files-and-manuals/1902844/redacted_imei_230_000062.eml: OK
incois-arpy-decoder/arvor_raw/harness_bundle/more-raw-files-and-manuals/1902844/redacted_imei_230_000062.sbd: OK
incois-arpy-decoder/arvor_raw/harness_bundle/more-raw-files-and-manuals/1902844/redacted_imei_230_000064.eml: OK
incois-arpy-decoder/arvor_raw/harness_bundle/more-raw-files-and-manuals/1902844/redacted_imei_230_000064.sbd: OK
incois-arpy-decoder/arvor_raw/harness_bundle/more-raw-files-and-manuals/1902844/redacted_imei_230_000065.eml: OK
incois-arpy-decoder/arvor_raw/harness_bundle/more-raw-files-and-manuals/1902844/redacted_imei_230_000065.sbd: OK
incois-arpy-decoder/arvor_raw/harness_bundle/more-raw-files-and-manuals/1902844/redacted_imei_230_000066.eml: OK
incois-arpy-decoder/arvor_raw/harness_bundle/more-raw-files-and-manuals/1902844/redacted_imei_230_000066.sbd: OK
incois-arpy-decoder/arvor_raw/harness_bundle/more-raw-files-and-manuals/1902844/redacted_imei_230_000067.eml: OK
incois-arpy-decoder/arvor_raw/harness_bundle/more-raw-files-and-manuals/1902844/redacted_imei_230_000067.sbd: OK
incois-arpy-decoder/arvor_raw/harness_bundle/more-raw-files-and-manuals/1902844/redacted_imei_230_000068.eml: OK
incois-arpy-decoder/arvor_raw/harness_bundle/more-raw-files-and-manuals/1902844/redacted_imei_230_000068.sbd: OK
incois-arpy-decoder/arvor_raw/harness_bundle/more-raw-files-and-manuals/1902844/redacted_imei_230_000070.eml: OK
incois-arpy-decoder/arvor_raw/harness_bundle/more-raw-files-and-manuals/1902844/redacted_imei_230_000070.sbd: OK
incois-arpy-decoder/arvor_raw/harness_bundle/more-raw-files-and-manuals/1902844/redacted_imei_230_000071.eml: OK
incois-arpy-decoder/arvor_raw/harness_bundle/more-raw-files-and-manuals/1902844/redacted_imei_230_000071.sbd: OK
incois-arpy-decoder/arvor_raw/harness_bundle/more-raw-files-and-manuals/1902844/redacted_imei_230_000072.eml: OK
incois-arpy-decoder/arvor_raw/harness_bundle/more-raw-files-and-manuals/1902844/redacted_imei_230_000072.sbd: OK
incois-arpy-decoder/arvor_raw/harness_bundle/more-raw-files-and-manuals/1902844/redacted_imei_230_000073.eml: OK
incois-arpy-decoder/arvor_raw/harness_bundle/more-raw-files-and-manuals/1902844/redacted_imei_230_000073.sbd: OK
incois-arpy-decoder/arvor_raw/harness_bundle/more-raw-files-and-manuals/1902844/redacted_imei_230_000074.eml: OK
incois-arpy-decoder/arvor_raw/harness_bundle/more-raw-files-and-manuals/1902844/redacted_imei_230_000074.sbd: OK
incois-arpy-decoder/arvor_raw/harness_bundle/more-raw-files-and-manuals/1902844/redacted_imei_230_000077.eml: OK
incois-arpy-decoder/arvor_raw/harness_bundle/more-raw-files-and-manuals/1902844/redacted_imei_230_000077.sbd: OK
incois-arpy-decoder/arvor_raw/harness_bundle/more-raw-files-and-manuals/1902844/redacted_imei_230_000080.eml: OK
incois-arpy-decoder/arvor_raw/harness_bundle/more-raw-files-and-manuals/1902844/redacted_imei_230_000080.sbd: OK
incois-arpy-decoder/arvor_raw/harness_bundle/more-raw-files-and-manuals/1902844/redacted_imei_230_000082.eml: OK
incois-arpy-decoder/arvor_raw/harness_bundle/more-raw-files-and-manuals/1902844/redacted_imei_230_000082.sbd: OK
incois-arpy-decoder/arvor_raw/harness_bundle/more-raw-files-and-manuals/1902844/redacted_imei_230_000084.eml: OK
incois-arpy-decoder/arvor_raw/harness_bundle/more-raw-files-and-manuals/1902844/redacted_imei_230_000084.sbd: OK
incois-arpy-decoder/arvor_raw/harness_bundle/more-raw-files-and-manuals/1902844/redacted_imei_230_000085.eml: OK
incois-arpy-decoder/arvor_raw/harness_bundle/more-raw-files-and-manuals/1902844/redacted_imei_230_000085.sbd: OK
incois-arpy-decoder/arvor_raw/harness_bundle/more-raw-files-and-manuals/1902844/redacted_imei_230_000086.eml: OK
incois-arpy-decoder/arvor_raw/harness_bundle/more-raw-files-and-manuals/1902844/redacted_imei_230_000086.sbd: OK
incois-arpy-decoder/arvor_raw/harness_bundle/more-raw-files-and-manuals/1902844/redacted_imei_230_000090.eml: OK
incois-arpy-decoder/arvor_raw/harness_bundle/more-raw-files-and-manuals/1902844/redacted_imei_230_000090.sbd: OK
incois-arpy-decoder/arvor_raw/harness_bundle/more-raw-files-and-manuals/1902844/redacted_imei_230_000091.eml: OK
incois-arpy-decoder/arvor_raw/harness_bundle/more-raw-files-and-manuals/1902844/redacted_imei_230_000091.sbd: OK
incois-arpy-decoder/arvor_raw/harness_bundle/more-raw-files-and-manuals/1902844/redacted_imei_230_000092.eml: OK
incois-arpy-decoder/arvor_raw/harness_bundle/more-raw-files-and-manuals/1902844/redacted_imei_230_000092.sbd: OK
incois-arpy-decoder/arvor_raw/harness_bundle/more-raw-files-and-manuals/1902844/redacted_imei_230_000096.eml: OK
incois-arpy-decoder/arvor_raw/harness_bundle/more-raw-files-and-manuals/1902844/redacted_imei_230_000096.sbd: OK
incois-arpy-decoder/arvor_raw/harness_bundle/more-raw-files-and-manuals/1902844/redacted_imei_230_000098.eml: OK
incois-arpy-decoder/arvor_raw/harness_bundle/more-raw-files-and-manuals/1902844/redacted_imei_230_000098.sbd: OK
incois-arpy-decoder/arvor_raw/harness_bundle/more-raw-files-and-manuals/1902844/redacted_imei_230_000100.eml: OK
incois-arpy-decoder/arvor_raw/harness_bundle/more-raw-files-and-manuals/1902844/redacted_imei_230_000100.sbd: OK
incois-arpy-decoder/arvor_raw/harness_bundle/more-raw-files-and-manuals/1902844/redacted_imei_230_000103.eml: OK
incois-arpy-decoder/arvor_raw/harness_bundle/more-raw-files-and-manuals/1902844/redacted_imei_230_000103.sbd: OK
incois-arpy-decoder/arvor_raw/harness_bundle/more-raw-files-and-manuals/1902844/redacted_imei_230_000106.eml: OK
incois-arpy-decoder/arvor_raw/harness_bundle/more-raw-files-and-manuals/1902844/redacted_imei_230_000106.sbd: OK
incois-arpy-decoder/arvor_raw/harness_bundle/more-raw-files-and-manuals/1902844/redacted_imei_230_000107.eml: OK
incois-arpy-decoder/arvor_raw/harness_bundle/more-raw-files-and-manuals/1902844/redacted_imei_230_000107.sbd: OK
incois-arpy-decoder/arvor_raw/harness_bundle/more-raw-files-and-manuals/1902844/redacted_imei_230_000108.eml: OK
incois-arpy-decoder/arvor_raw/harness_bundle/more-raw-files-and-manuals/1902844/redacted_imei_230_000108.sbd: OK
incois-arpy-decoder/arvor_raw/harness_bundle/more-raw-files-and-manuals/1902844/redacted_imei_230_000109.eml: OK
incois-arpy-decoder/arvor_raw/harness_bundle/more-raw-files-and-manuals/1902844/redacted_imei_230_000109.sbd: OK
incois-arpy-decoder/arvor_raw/harness_bundle/more-raw-files-and-manuals/1902844/redacted_imei_230_000110.eml: OK
incois-arpy-decoder/arvor_raw/harness_bundle/more-raw-files-and-manuals/1902844/redacted_imei_230_000110.sbd: OK
incois-arpy-decoder/arvor_raw/harness_bundle/more-raw-files-and-manuals/1902844/redacted_imei_230_000112.eml: OK
incois-arpy-decoder/arvor_raw/harness_bundle/more-raw-files-and-manuals/1902844/redacted_imei_230_000112.sbd: OK
incois-arpy-decoder/arvor_raw/harness_bundle/more-raw-files-and-manuals/1902844/redacted_imei_230_000113.eml: OK
incois-arpy-decoder/arvor_raw/harness_bundle/more-raw-files-and-manuals/1902844/redacted_imei_230_000113.sbd: OK
incois-arpy-decoder/arvor_raw/harness_bundle/more-raw-files-and-manuals/1902844/redacted_imei_230_000114.eml: OK
incois-arpy-decoder/arvor_raw/harness_bundle/more-raw-files-and-manuals/1902844/redacted_imei_230_000114.sbd: OK
incois-arpy-decoder/arvor_raw/harness_bundle/more-raw-files-and-manuals/1902844/redacted_imei_230_000115.eml: OK
incois-arpy-decoder/arvor_raw/harness_bundle/more-raw-files-and-manuals/1902844/redacted_imei_230_000115.sbd: OK
incois-arpy-decoder/arvor_raw/harness_bundle/more-raw-files-and-manuals/1902844/redacted_imei_230_000116.eml: OK
incois-arpy-decoder/arvor_raw/harness_bundle/more-raw-files-and-manuals/1902844/redacted_imei_230_000116.sbd: OK
incois-arpy-decoder/arvor_raw/harness_bundle/more-raw-files-and-manuals/1902844/redacted_imei_230_000118.eml: OK
incois-arpy-decoder/arvor_raw/harness_bundle/more-raw-files-and-manuals/1902844/redacted_imei_230_000118.sbd: OK
incois-arpy-decoder/arvor_raw/harness_bundle/more-raw-files-and-manuals/1902844/redacted_imei_230_000119.eml: OK
incois-arpy-decoder/arvor_raw/harness_bundle/more-raw-files-and-manuals/1902844/redacted_imei_230_000119.sbd: OK
incois-arpy-decoder/arvor_raw/harness_bundle/more-raw-files-and-manuals/1902844/redacted_imei_230_000120.eml: OK
incois-arpy-decoder/arvor_raw/harness_bundle/more-raw-files-and-manuals/1902844/redacted_imei_230_000120.sbd: OK
incois-arpy-decoder/arvor_raw/harness_bundle/more-raw-files-and-manuals/1902844/redacted_imei_230_000122.eml: OK
incois-arpy-decoder/arvor_raw/harness_bundle/more-raw-files-and-manuals/1902844/redacted_imei_230_000122.sbd: OK
incois-arpy-decoder/arvor_raw/harness_bundle/more-raw-files-and-manuals/1902844/redacted_imei_230_000125.eml: OK
incois-arpy-decoder/arvor_raw/harness_bundle/more-raw-files-and-manuals/1902844/redacted_imei_230_000125.sbd: OK
incois-arpy-decoder/arvor_raw/harness_bundle/more-raw-files-and-manuals/1902844/redacted_imei_230_000126.eml: OK
incois-arpy-decoder/arvor_raw/harness_bundle/more-raw-files-and-manuals/1902844/redacted_imei_230_000126.sbd: OK
incois-arpy-decoder/arvor_raw/harness_bundle/more-raw-files-and-manuals/1902844/redacted_imei_230_000127.eml: OK
incois-arpy-decoder/arvor_raw/harness_bundle/more-raw-files-and-manuals/1902844/redacted_imei_230_000127.sbd: OK
incois-arpy-decoder/arvor_raw/harness_bundle/more-raw-files-and-manuals/1902844/redacted_imei_230_000128.eml: OK
incois-arpy-decoder/arvor_raw/harness_bundle/more-raw-files-and-manuals/1902844/redacted_imei_230_000128.sbd: OK
incois-arpy-decoder/arvor_raw/harness_bundle/more-raw-files-and-manuals/1902844/redacted_imei_230_000132.eml: OK
incois-arpy-decoder/arvor_raw/harness_bundle/more-raw-files-and-manuals/1902844/redacted_imei_230_000132.sbd: OK
incois-arpy-decoder/arvor_raw/harness_bundle/more-raw-files-and-manuals/1902844/redacted_imei_230_000133.eml: OK
incois-arpy-decoder/arvor_raw/harness_bundle/more-raw-files-and-manuals/1902844/redacted_imei_230_000133.sbd: OK
incois-arpy-decoder/arvor_raw/harness_bundle/more-raw-files-and-manuals/1902844/redacted_imei_230_000134.eml: OK
incois-arpy-decoder/arvor_raw/harness_bundle/more-raw-files-and-manuals/1902844/redacted_imei_230_000134.sbd: OK
incois-arpy-decoder/arvor_raw/harness_bundle/more-raw-files-and-manuals/1902844/redacted_imei_230_000136.eml: OK
incois-arpy-decoder/arvor_raw/harness_bundle/more-raw-files-and-manuals/1902844/redacted_imei_230_000136.sbd: OK
incois-arpy-decoder/arvor_raw/harness_bundle/more-raw-files-and-manuals/1902844/redacted_imei_230_000137.eml: OK
incois-arpy-decoder/arvor_raw/harness_bundle/more-raw-files-and-manuals/1902844/redacted_imei_230_000137.sbd: OK
incois-arpy-decoder/arvor_raw/harness_bundle/more-raw-files-and-manuals/1902844/redacted_imei_230_000138.eml: OK
incois-arpy-decoder/arvor_raw/harness_bundle/more-raw-files-and-manuals/1902844/redacted_imei_230_000138.sbd: OK
incois-arpy-decoder/arvor_raw/harness_bundle/more-raw-files-and-manuals/1902844/redacted_imei_230_000139.eml: OK
incois-arpy-decoder/arvor_raw/harness_bundle/more-raw-files-and-manuals/1902844/redacted_imei_230_000139.sbd: OK
incois-arpy-decoder/arvor_raw/harness_bundle/more-raw-files-and-manuals/1902844/redacted_imei_230_000140.eml: OK
incois-arpy-decoder/arvor_raw/harness_bundle/more-raw-files-and-manuals/1902844/redacted_imei_230_000140.sbd: OK
incois-arpy-decoder/arvor_raw/harness_bundle/more-raw-files-and-manuals/1902844/redacted_imei_230_000142.eml: OK
incois-arpy-decoder/arvor_raw/harness_bundle/more-raw-files-and-manuals/1902844/redacted_imei_230_000142.sbd: OK
incois-arpy-decoder/arvor_raw/harness_bundle/more-raw-files-and-manuals/1902844/redacted_imei_230_000143.eml: OK
incois-arpy-decoder/arvor_raw/harness_bundle/more-raw-files-and-manuals/1902844/redacted_imei_230_000143.sbd: OK
incois-arpy-decoder/arvor_raw/harness_bundle/more-raw-files-and-manuals/1902844/redacted_imei_230_000144.eml: OK
incois-arpy-decoder/arvor_raw/harness_bundle/more-raw-files-and-manuals/1902844/redacted_imei_230_000144.sbd: OK
incois-arpy-decoder/arvor_raw/harness_bundle/more-raw-files-and-manuals/1902844/redacted_imei_230_000145.eml: OK
incois-arpy-decoder/arvor_raw/harness_bundle/more-raw-files-and-manuals/1902844/redacted_imei_230_000145.sbd: OK
incois-arpy-decoder/arvor_raw/harness_bundle/more-raw-files-and-manuals/1902844/redacted_imei_230_000146.eml: OK
incois-arpy-decoder/arvor_raw/harness_bundle/more-raw-files-and-manuals/1902844/redacted_imei_230_000146.sbd: OK
incois-arpy-decoder/arvor_raw/harness_bundle/more-raw-files-and-manuals/1902844/redacted_imei_230_000149.eml: OK
incois-arpy-decoder/arvor_raw/harness_bundle/more-raw-files-and-manuals/1902844/redacted_imei_230_000149.sbd: OK
incois-arpy-decoder/arvor_raw/harness_bundle/more-raw-files-and-manuals/1902844/redacted_imei_230_000150.eml: OK
incois-arpy-decoder/arvor_raw/harness_bundle/more-raw-files-and-manuals/1902844/redacted_imei_230_000150.sbd: OK
incois-arpy-decoder/arvor_raw/harness_bundle/more-raw-files-and-manuals/1902844/redacted_imei_230_000152.eml: OK
incois-arpy-decoder/arvor_raw/harness_bundle/more-raw-files-and-manuals/1902844/redacted_imei_230_000152.sbd: OK
incois-arpy-decoder/arvor_raw/harness_bundle/more-raw-files-and-manuals/1902844/redacted_imei_230_000155.eml: OK
incois-arpy-decoder/arvor_raw/harness_bundle/more-raw-files-and-manuals/1902844/redacted_imei_230_000155.sbd: OK
incois-arpy-decoder/arvor_raw/harness_bundle/more-raw-files-and-manuals/1902844/redacted_imei_230_000157.eml: OK
incois-arpy-decoder/arvor_raw/harness_bundle/more-raw-files-and-manuals/1902844/redacted_imei_230_000157.sbd: OK
incois-arpy-decoder/arvor_raw/harness_bundle/more-raw-files-and-manuals/1902844/redacted_imei_230_000162.eml: OK
incois-arpy-decoder/arvor_raw/harness_bundle/more-raw-files-and-manuals/1902844/redacted_imei_230_000162.sbd: OK
incois-arpy-decoder/arvor_raw/harness_bundle/more-raw-files-and-manuals/1902844/redacted_imei_230_000163.eml: OK
incois-arpy-decoder/arvor_raw/harness_bundle/more-raw-files-and-manuals/1902844/redacted_imei_230_000163.sbd: OK
incois-arpy-decoder/arvor_raw/harness_bundle/more-raw-files-and-manuals/1902844/redacted_imei_230_000166.eml: OK
incois-arpy-decoder/arvor_raw/harness_bundle/more-raw-files-and-manuals/1902844/redacted_imei_230_000166.sbd: OK
incois-arpy-decoder/arvor_raw/harness_bundle/more-raw-files-and-manuals/1902844/redacted_imei_230_000167.eml: OK
incois-arpy-decoder/arvor_raw/harness_bundle/more-raw-files-and-manuals/1902844/redacted_imei_230_000167.sbd: OK
incois-arpy-decoder/arvor_raw/harness_bundle/more-raw-files-and-manuals/1902844/redacted_imei_230_000168.eml: OK
incois-arpy-decoder/arvor_raw/harness_bundle/more-raw-files-and-manuals/1902844/redacted_imei_230_000168.sbd: OK
incois-arpy-decoder/arvor_raw/harness_bundle/more-raw-files-and-manuals/1902844/redacted_imei_230_000172.eml: OK
incois-arpy-decoder/arvor_raw/harness_bundle/more-raw-files-and-manuals/1902844/redacted_imei_230_000172.sbd: OK
incois-arpy-decoder/arvor_raw/harness_bundle/more-raw-files-and-manuals/1902844/redacted_imei_230_000173.eml: OK
incois-arpy-decoder/arvor_raw/harness_bundle/more-raw-files-and-manuals/1902844/redacted_imei_230_000173.sbd: OK
incois-arpy-decoder/arvor_raw/harness_bundle/more-raw-files-and-manuals/1902844/redacted_imei_230_000178.eml: OK
incois-arpy-decoder/arvor_raw/harness_bundle/more-raw-files-and-manuals/1902844/redacted_imei_230_000178.sbd: OK
incois-arpy-decoder/arvor_raw/harness_bundle/more-raw-files-and-manuals/1902844/redacted_imei_230_000180.eml: OK
incois-arpy-decoder/arvor_raw/harness_bundle/more-raw-files-and-manuals/1902844/redacted_imei_230_000180.sbd: OK
incois-arpy-decoder/arvor_raw/harness_bundle/more-raw-files-and-manuals/1902844/redacted_imei_230_000181.eml: OK
incois-arpy-decoder/arvor_raw/harness_bundle/more-raw-files-and-manuals/1902844/redacted_imei_230_000181.sbd: OK
incois-arpy-decoder/arvor_raw/harness_bundle/more-raw-files-and-manuals/1902844/redacted_imei_230_000182.eml: OK
incois-arpy-decoder/arvor_raw/harness_bundle/more-raw-files-and-manuals/1902844/redacted_imei_230_000182.sbd: OK
incois-arpy-decoder/arvor_raw/harness_bundle/more-raw-files-and-manuals/1902844/redacted_imei_230_000187.eml: OK
incois-arpy-decoder/arvor_raw/harness_bundle/more-raw-files-and-manuals/1902844/redacted_imei_230_000187.sbd: OK
incois-arpy-decoder/arvor_raw/harness_bundle/more-raw-files-and-manuals/1902844/redacted_imei_230_000188.eml: OK
incois-arpy-decoder/arvor_raw/harness_bundle/more-raw-files-and-manuals/1902844/redacted_imei_230_000188.sbd: OK
incois-arpy-decoder/arvor_raw/harness_bundle/more-raw-files-and-manuals/2904082/ctd/Ascctd001.txt: OK
incois-arpy-decoder/arvor_raw/harness_bundle/more-raw-files-and-manuals/2904082/ctd/Ascctd002.txt: OK
incois-arpy-decoder/arvor_raw/harness_bundle/more-raw-files-and-manuals/2904082/ctd/Ascctd003.txt: OK
incois-arpy-decoder/arvor_raw/harness_bundle/more-raw-files-and-manuals/2904082/ctd/Ascctd004.txt: OK
incois-arpy-decoder/arvor_raw/harness_bundle/more-raw-files-and-manuals/2904082/ctd/Ascctd005.txt: OK
incois-arpy-decoder/arvor_raw/harness_bundle/more-raw-files-and-manuals/2904082/ctd/Ascctd006.txt: OK
incois-arpy-decoder/arvor_raw/harness_bundle/more-raw-files-and-manuals/2904082/ctd/Ascctd007.txt: OK
incois-arpy-decoder/arvor_raw/harness_bundle/more-raw-files-and-manuals/2904082/ctd/Ascctd008.txt: OK
incois-arpy-decoder/arvor_raw/harness_bundle/more-raw-files-and-manuals/2904082/ctd/Ascctd009.txt: OK
incois-arpy-decoder/arvor_raw/harness_bundle/more-raw-files-and-manuals/2904082/ctd/Ascctd010.txt: OK
incois-arpy-decoder/arvor_raw/harness_bundle/more-raw-files-and-manuals/2904082/ctd/Ascctd011.txt: OK
incois-arpy-decoder/arvor_raw/harness_bundle/more-raw-files-and-manuals/2904082/ctd/Ascctd012.txt: OK
incois-arpy-decoder/arvor_raw/harness_bundle/more-raw-files-and-manuals/2904082/ctd/Ascctd013.txt: OK
incois-arpy-decoder/arvor_raw/harness_bundle/more-raw-files-and-manuals/2904082/ctd/Ascctd014.txt: OK
incois-arpy-decoder/arvor_raw/harness_bundle/more-raw-files-and-manuals/2904082/ctd/Ascctd015.txt: OK
incois-arpy-decoder/arvor_raw/harness_bundle/more-raw-files-and-manuals/2904082/ctd/Ascctd016.txt: OK
incois-arpy-decoder/arvor_raw/harness_bundle/more-raw-files-and-manuals/2904082/ctd/Ascctd017.txt: OK
incois-arpy-decoder/arvor_raw/harness_bundle/more-raw-files-and-manuals/2904082/ctd/Ascctd018.txt: OK
incois-arpy-decoder/arvor_raw/harness_bundle/more-raw-files-and-manuals/2904082/ctd/Ascctd019.txt: OK
incois-arpy-decoder/arvor_raw/harness_bundle/more-raw-files-and-manuals/2904082/ctd/Ascctd020.txt: OK
incois-arpy-decoder/arvor_raw/harness_bundle/more-raw-files-and-manuals/2904082/ctd/Ascctd021.txt: OK
incois-arpy-decoder/arvor_raw/harness_bundle/more-raw-files-and-manuals/2904082/ctd/Ascctd022.txt: OK
incois-arpy-decoder/arvor_raw/harness_bundle/more-raw-files-and-manuals/2904082/ctd/Ascctd023.txt: OK
incois-arpy-decoder/arvor_raw/harness_bundle/more-raw-files-and-manuals/2904082/ctd/Ascctd024.txt: OK
incois-arpy-decoder/arvor_raw/harness_bundle/more-raw-files-and-manuals/2904082/ctd/Desctd001.txt: OK
incois-arpy-decoder/arvor_raw/harness_bundle/more-raw-files-and-manuals/2904082/ctd/Subctd002.txt: OK
incois-arpy-decoder/arvor_raw/harness_bundle/more-raw-files-and-manuals/2904082/ctd/Subctd003.txt: OK
incois-arpy-decoder/arvor_raw/harness_bundle/more-raw-files-and-manuals/2904082/ctd/Subctd004.txt: OK
incois-arpy-decoder/arvor_raw/harness_bundle/more-raw-files-and-manuals/2904082/ctd/Subctd005.txt: OK
incois-arpy-decoder/arvor_raw/harness_bundle/more-raw-files-and-manuals/2904082/ctd/Subctd006.txt: OK
incois-arpy-decoder/arvor_raw/harness_bundle/more-raw-files-and-manuals/2904082/ctd/Subctd007.txt: OK
incois-arpy-decoder/arvor_raw/harness_bundle/more-raw-files-and-manuals/2904082/ctd/Subctd008.txt: OK
incois-arpy-decoder/arvor_raw/harness_bundle/more-raw-files-and-manuals/2904082/ctd/Subctd009.txt: OK
incois-arpy-decoder/arvor_raw/harness_bundle/more-raw-files-and-manuals/2904082/ctd/Subctd010.txt: OK
incois-arpy-decoder/arvor_raw/harness_bundle/more-raw-files-and-manuals/2904082/ctd/Subctd011.txt: OK
incois-arpy-decoder/arvor_raw/harness_bundle/more-raw-files-and-manuals/2904082/ctd/Subctd012.txt: OK
incois-arpy-decoder/arvor_raw/harness_bundle/more-raw-files-and-manuals/2904082/ctd/Subctd013.txt: OK
incois-arpy-decoder/arvor_raw/harness_bundle/more-raw-files-and-manuals/2904082/ctd/Subctd014.txt: OK
incois-arpy-decoder/arvor_raw/harness_bundle/more-raw-files-and-manuals/2904082/ctd/Subctd015.txt: OK
incois-arpy-decoder/arvor_raw/harness_bundle/more-raw-files-and-manuals/2904082/ctd/Subctd016.txt: OK
incois-arpy-decoder/arvor_raw/harness_bundle/more-raw-files-and-manuals/2904082/ctd/Subctd017.txt: OK
incois-arpy-decoder/arvor_raw/harness_bundle/more-raw-files-and-manuals/2904082/ctd/Subctd019.txt: OK
incois-arpy-decoder/arvor_raw/harness_bundle/more-raw-files-and-manuals/2904082/ctd/Subctd021.txt: OK
incois-arpy-decoder/arvor_raw/harness_bundle/more-raw-files-and-manuals/2904082/ctd/Subctd024.txt: OK
incois-arpy-decoder/arvor_raw/harness_bundle/more-raw-files-and-manuals/2904082/redacted_imei_250_000036.eml: OK
incois-arpy-decoder/arvor_raw/harness_bundle/more-raw-files-and-manuals/2904082/redacted_imei_250_000036.sbd: OK
incois-arpy-decoder/arvor_raw/harness_bundle/more-raw-files-and-manuals/2904082/redacted_imei_250_000037.eml: OK
incois-arpy-decoder/arvor_raw/harness_bundle/more-raw-files-and-manuals/2904082/redacted_imei_250_000037.sbd: OK
incois-arpy-decoder/arvor_raw/harness_bundle/more-raw-files-and-manuals/2904082/redacted_imei_250_000038.eml: OK
incois-arpy-decoder/arvor_raw/harness_bundle/more-raw-files-and-manuals/2904082/redacted_imei_250_000038.sbd: OK
incois-arpy-decoder/arvor_raw/harness_bundle/more-raw-files-and-manuals/2904082/redacted_imei_250_000039.eml: OK
incois-arpy-decoder/arvor_raw/harness_bundle/more-raw-files-and-manuals/2904082/redacted_imei_250_000039.sbd: OK
incois-arpy-decoder/arvor_raw/harness_bundle/more-raw-files-and-manuals/2904082/redacted_imei_250_000040.eml: OK
incois-arpy-decoder/arvor_raw/harness_bundle/more-raw-files-and-manuals/2904082/redacted_imei_250_000040.sbd: OK
incois-arpy-decoder/arvor_raw/harness_bundle/more-raw-files-and-manuals/2904082/redacted_imei_250_000042.eml: OK
incois-arpy-decoder/arvor_raw/harness_bundle/more-raw-files-and-manuals/2904082/redacted_imei_250_000042.sbd: OK
incois-arpy-decoder/arvor_raw/harness_bundle/more-raw-files-and-manuals/2904082/redacted_imei_250_000043.eml: OK
incois-arpy-decoder/arvor_raw/harness_bundle/more-raw-files-and-manuals/2904082/redacted_imei_250_000043.sbd: OK
incois-arpy-decoder/arvor_raw/harness_bundle/more-raw-files-and-manuals/2904082/redacted_imei_250_000044.eml: OK
incois-arpy-decoder/arvor_raw/harness_bundle/more-raw-files-and-manuals/2904082/redacted_imei_250_000044.sbd: OK
incois-arpy-decoder/arvor_raw/harness_bundle/more-raw-files-and-manuals/2904082/redacted_imei_250_000045.eml: OK
incois-arpy-decoder/arvor_raw/harness_bundle/more-raw-files-and-manuals/2904082/redacted_imei_250_000045.sbd: OK
incois-arpy-decoder/arvor_raw/harness_bundle/more-raw-files-and-manuals/2904082/redacted_imei_250_000046.eml: OK
incois-arpy-decoder/arvor_raw/harness_bundle/more-raw-files-and-manuals/2904082/redacted_imei_250_000046.sbd: OK
incois-arpy-decoder/arvor_raw/harness_bundle/more-raw-files-and-manuals/2904082/redacted_imei_250_000048.eml: OK
incois-arpy-decoder/arvor_raw/harness_bundle/more-raw-files-and-manuals/2904082/redacted_imei_250_000048.sbd: OK
incois-arpy-decoder/arvor_raw/harness_bundle/more-raw-files-and-manuals/2904082/redacted_imei_250_000049.eml: OK
incois-arpy-decoder/arvor_raw/harness_bundle/more-raw-files-and-manuals/2904082/redacted_imei_250_000049.sbd: OK
incois-arpy-decoder/arvor_raw/harness_bundle/more-raw-files-and-manuals/2904082/redacted_imei_250_000050.eml: OK
incois-arpy-decoder/arvor_raw/harness_bundle/more-raw-files-and-manuals/2904082/redacted_imei_250_000050.sbd: OK
incois-arpy-decoder/arvor_raw/harness_bundle/more-raw-files-and-manuals/2904082/redacted_imei_250_000051.eml: OK
incois-arpy-decoder/arvor_raw/harness_bundle/more-raw-files-and-manuals/2904082/redacted_imei_250_000051.sbd: OK
incois-arpy-decoder/arvor_raw/harness_bundle/more-raw-files-and-manuals/2904082/redacted_imei_250_000052.eml: OK
incois-arpy-decoder/arvor_raw/harness_bundle/more-raw-files-and-manuals/2904082/redacted_imei_250_000052.sbd: OK
incois-arpy-decoder/arvor_raw/harness_bundle/more-raw-files-and-manuals/2904082/redacted_imei_250_000054.eml: OK
incois-arpy-decoder/arvor_raw/harness_bundle/more-raw-files-and-manuals/2904082/redacted_imei_250_000054.sbd: OK
incois-arpy-decoder/arvor_raw/harness_bundle/more-raw-files-and-manuals/2904082/redacted_imei_250_000055.eml: OK
incois-arpy-decoder/arvor_raw/harness_bundle/more-raw-files-and-manuals/2904082/redacted_imei_250_000055.sbd: OK
incois-arpy-decoder/arvor_raw/harness_bundle/more-raw-files-and-manuals/2904082/redacted_imei_250_000056.eml: OK
incois-arpy-decoder/arvor_raw/harness_bundle/more-raw-files-and-manuals/2904082/redacted_imei_250_000056.sbd: OK
incois-arpy-decoder/arvor_raw/harness_bundle/more-raw-files-and-manuals/2904082/redacted_imei_250_000057.eml: OK
incois-arpy-decoder/arvor_raw/harness_bundle/more-raw-files-and-manuals/2904082/redacted_imei_250_000057.sbd: OK
incois-arpy-decoder/arvor_raw/harness_bundle/more-raw-files-and-manuals/2904082/redacted_imei_250_000058.eml: OK
incois-arpy-decoder/arvor_raw/harness_bundle/more-raw-files-and-manuals/2904082/redacted_imei_250_000058.sbd: OK
incois-arpy-decoder/arvor_raw/harness_bundle/more-raw-files-and-manuals/2904082/redacted_imei_250_000061.eml: OK
incois-arpy-decoder/arvor_raw/harness_bundle/more-raw-files-and-manuals/2904082/redacted_imei_250_000061.sbd: OK
incois-arpy-decoder/arvor_raw/harness_bundle/more-raw-files-and-manuals/2904082/redacted_imei_250_000062.eml: OK
incois-arpy-decoder/arvor_raw/harness_bundle/more-raw-files-and-manuals/2904082/redacted_imei_250_000062.sbd: OK
incois-arpy-decoder/arvor_raw/harness_bundle/more-raw-files-and-manuals/2904082/redacted_imei_250_000063.eml: OK
incois-arpy-decoder/arvor_raw/harness_bundle/more-raw-files-and-manuals/2904082/redacted_imei_250_000063.sbd: OK
incois-arpy-decoder/arvor_raw/harness_bundle/more-raw-files-and-manuals/2904082/redacted_imei_250_000064.eml: OK
incois-arpy-decoder/arvor_raw/harness_bundle/more-raw-files-and-manuals/2904082/redacted_imei_250_000064.sbd: OK
incois-arpy-decoder/arvor_raw/harness_bundle/more-raw-files-and-manuals/2904082/redacted_imei_250_000066.eml: OK
incois-arpy-decoder/arvor_raw/harness_bundle/more-raw-files-and-manuals/2904082/redacted_imei_250_000066.sbd: OK
incois-arpy-decoder/arvor_raw/harness_bundle/more-raw-files-and-manuals/2904082/redacted_imei_250_000067.eml: OK
incois-arpy-decoder/arvor_raw/harness_bundle/more-raw-files-and-manuals/2904082/redacted_imei_250_000067.sbd: OK
incois-arpy-decoder/arvor_raw/harness_bundle/more-raw-files-and-manuals/2904082/redacted_imei_250_000068.eml: OK
incois-arpy-decoder/arvor_raw/harness_bundle/more-raw-files-and-manuals/2904082/redacted_imei_250_000068.sbd: OK
incois-arpy-decoder/arvor_raw/harness_bundle/more-raw-files-and-manuals/2904082/redacted_imei_250_000069.eml: OK
incois-arpy-decoder/arvor_raw/harness_bundle/more-raw-files-and-manuals/2904082/redacted_imei_250_000069.sbd: OK
incois-arpy-decoder/arvor_raw/harness_bundle/more-raw-files-and-manuals/2904082/redacted_imei_250_000070.eml: OK
incois-arpy-decoder/arvor_raw/harness_bundle/more-raw-files-and-manuals/2904082/redacted_imei_250_000070.sbd: OK
incois-arpy-decoder/arvor_raw/harness_bundle/more-raw-files-and-manuals/2904082/redacted_imei_250_000073.eml: OK
incois-arpy-decoder/arvor_raw/harness_bundle/more-raw-files-and-manuals/2904082/redacted_imei_250_000073.sbd: OK
incois-arpy-decoder/arvor_raw/harness_bundle/more-raw-files-and-manuals/2904082/redacted_imei_250_000074.eml: OK
incois-arpy-decoder/arvor_raw/harness_bundle/more-raw-files-and-manuals/2904082/redacted_imei_250_000074.sbd: OK
incois-arpy-decoder/arvor_raw/harness_bundle/more-raw-files-and-manuals/2904082/redacted_imei_250_000075.eml: OK
incois-arpy-decoder/arvor_raw/harness_bundle/more-raw-files-and-manuals/2904082/redacted_imei_250_000075.sbd: OK
incois-arpy-decoder/arvor_raw/harness_bundle/more-raw-files-and-manuals/2904082/redacted_imei_250_000076.eml: OK
incois-arpy-decoder/arvor_raw/harness_bundle/more-raw-files-and-manuals/2904082/redacted_imei_250_000076.sbd: OK
incois-arpy-decoder/arvor_raw/harness_bundle/more-raw-files-and-manuals/2904082/redacted_imei_250_000079.eml: OK
incois-arpy-decoder/arvor_raw/harness_bundle/more-raw-files-and-manuals/2904082/redacted_imei_250_000079.sbd: OK
incois-arpy-decoder/arvor_raw/harness_bundle/more-raw-files-and-manuals/2904082/redacted_imei_250_000080.eml: OK
incois-arpy-decoder/arvor_raw/harness_bundle/more-raw-files-and-manuals/2904082/redacted_imei_250_000080.sbd: OK
incois-arpy-decoder/arvor_raw/harness_bundle/more-raw-files-and-manuals/2904082/redacted_imei_250_000081.eml: OK
incois-arpy-decoder/arvor_raw/harness_bundle/more-raw-files-and-manuals/2904082/redacted_imei_250_000081.sbd: OK
incois-arpy-decoder/arvor_raw/harness_bundle/more-raw-files-and-manuals/2904082/redacted_imei_250_000082.eml: OK
incois-arpy-decoder/arvor_raw/harness_bundle/more-raw-files-and-manuals/2904082/redacted_imei_250_000082.sbd: OK
incois-arpy-decoder/arvor_raw/harness_bundle/more-raw-files-and-manuals/2904082/redacted_imei_250_000085.eml: OK
incois-arpy-decoder/arvor_raw/harness_bundle/more-raw-files-and-manuals/2904082/redacted_imei_250_000085.sbd: OK
incois-arpy-decoder/arvor_raw/harness_bundle/more-raw-files-and-manuals/2904082/redacted_imei_250_000086.eml: OK
incois-arpy-decoder/arvor_raw/harness_bundle/more-raw-files-and-manuals/2904082/redacted_imei_250_000086.sbd: OK
incois-arpy-decoder/arvor_raw/harness_bundle/more-raw-files-and-manuals/2904082/redacted_imei_250_000088.eml: OK
incois-arpy-decoder/arvor_raw/harness_bundle/more-raw-files-and-manuals/2904082/redacted_imei_250_000088.sbd: OK
incois-arpy-decoder/arvor_raw/harness_bundle/more-raw-files-and-manuals/2904082/redacted_imei_250_000091.eml: OK
incois-arpy-decoder/arvor_raw/harness_bundle/more-raw-files-and-manuals/2904082/redacted_imei_250_000091.sbd: OK
incois-arpy-decoder/arvor_raw/harness_bundle/more-raw-files-and-manuals/2904082/redacted_imei_250_000092.eml: OK
incois-arpy-decoder/arvor_raw/harness_bundle/more-raw-files-and-manuals/2904082/redacted_imei_250_000092.sbd: OK
incois-arpy-decoder/arvor_raw/harness_bundle/more-raw-files-and-manuals/2904082/redacted_imei_250_000093.eml: OK
incois-arpy-decoder/arvor_raw/harness_bundle/more-raw-files-and-manuals/2904082/redacted_imei_250_000093.sbd: OK
incois-arpy-decoder/arvor_raw/harness_bundle/more-raw-files-and-manuals/2904082/redacted_imei_250_000094.eml: OK
incois-arpy-decoder/arvor_raw/harness_bundle/more-raw-files-and-manuals/2904082/redacted_imei_250_000094.sbd: OK
incois-arpy-decoder/arvor_raw/harness_bundle/more-raw-files-and-manuals/2904082/redacted_imei_250_000096.eml: OK
incois-arpy-decoder/arvor_raw/harness_bundle/more-raw-files-and-manuals/2904082/redacted_imei_250_000096.sbd: OK
incois-arpy-decoder/arvor_raw/harness_bundle/more-raw-files-and-manuals/2904082/redacted_imei_250_000098.eml: OK
incois-arpy-decoder/arvor_raw/harness_bundle/more-raw-files-and-manuals/2904082/redacted_imei_250_000098.sbd: OK
incois-arpy-decoder/arvor_raw/harness_bundle/more-raw-files-and-manuals/2904082/redacted_imei_250_000099.eml: OK
incois-arpy-decoder/arvor_raw/harness_bundle/more-raw-files-and-manuals/2904082/redacted_imei_250_000099.sbd: OK
incois-arpy-decoder/arvor_raw/harness_bundle/more-raw-files-and-manuals/2904082/redacted_imei_250_000100.eml: OK
incois-arpy-decoder/arvor_raw/harness_bundle/more-raw-files-and-manuals/2904082/redacted_imei_250_000100.sbd: OK
incois-arpy-decoder/arvor_raw/harness_bundle/more-raw-files-and-manuals/2904082/redacted_imei_250_000102.eml: OK
incois-arpy-decoder/arvor_raw/harness_bundle/more-raw-files-and-manuals/2904082/redacted_imei_250_000102.sbd: OK
incois-arpy-decoder/arvor_raw/harness_bundle/more-raw-files-and-manuals/2904082/redacted_imei_250_000103.eml: OK
incois-arpy-decoder/arvor_raw/harness_bundle/more-raw-files-and-manuals/2904082/redacted_imei_250_000103.sbd: OK
incois-arpy-decoder/arvor_raw/harness_bundle/more-raw-files-and-manuals/2904082/redacted_imei_250_000104.eml: OK
incois-arpy-decoder/arvor_raw/harness_bundle/more-raw-files-and-manuals/2904082/redacted_imei_250_000104.sbd: OK
incois-arpy-decoder/arvor_raw/harness_bundle/more-raw-files-and-manuals/2904082/redacted_imei_250_000106.eml: OK
incois-arpy-decoder/arvor_raw/harness_bundle/more-raw-files-and-manuals/2904082/redacted_imei_250_000106.sbd: OK
incois-arpy-decoder/arvor_raw/harness_bundle/more-raw-files-and-manuals/2904082/redacted_imei_250_000108.eml: OK
incois-arpy-decoder/arvor_raw/harness_bundle/more-raw-files-and-manuals/2904082/redacted_imei_250_000108.sbd: OK
incois-arpy-decoder/arvor_raw/harness_bundle/more-raw-files-and-manuals/2904082/redacted_imei_250_000109.eml: OK
incois-arpy-decoder/arvor_raw/harness_bundle/more-raw-files-and-manuals/2904082/redacted_imei_250_000109.sbd: OK
incois-arpy-decoder/arvor_raw/harness_bundle/more-raw-files-and-manuals/2904082/redacted_imei_250_000110.eml: OK
incois-arpy-decoder/arvor_raw/harness_bundle/more-raw-files-and-manuals/2904082/redacted_imei_250_000110.sbd: OK
incois-arpy-decoder/arvor_raw/harness_bundle/more-raw-files-and-manuals/2904082/redacted_imei_250_000111.eml: OK
incois-arpy-decoder/arvor_raw/harness_bundle/more-raw-files-and-manuals/2904082/redacted_imei_250_000111.sbd: OK
incois-arpy-decoder/arvor_raw/harness_bundle/more-raw-files-and-manuals/2904082/redacted_imei_250_000112.eml: OK
incois-arpy-decoder/arvor_raw/harness_bundle/more-raw-files-and-manuals/2904082/redacted_imei_250_000112.sbd: OK
incois-arpy-decoder/arvor_raw/harness_bundle/more-raw-files-and-manuals/2904082/redacted_imei_250_000114.eml: OK
incois-arpy-decoder/arvor_raw/harness_bundle/more-raw-files-and-manuals/2904082/redacted_imei_250_000114.sbd: OK
incois-arpy-decoder/arvor_raw/harness_bundle/more-raw-files-and-manuals/2904082/redacted_imei_250_000116.eml: OK
incois-arpy-decoder/arvor_raw/harness_bundle/more-raw-files-and-manuals/2904082/redacted_imei_250_000116.sbd: OK
incois-arpy-decoder/arvor_raw/harness_bundle/more-raw-files-and-manuals/2904082/redacted_imei_250_000117.eml: OK
incois-arpy-decoder/arvor_raw/harness_bundle/more-raw-files-and-manuals/2904082/redacted_imei_250_000117.sbd: OK
incois-arpy-decoder/arvor_raw/harness_bundle/more-raw-files-and-manuals/2904082/redacted_imei_250_000121.eml: OK
incois-arpy-decoder/arvor_raw/harness_bundle/more-raw-files-and-manuals/2904082/redacted_imei_250_000121.sbd: OK
incois-arpy-decoder/arvor_raw/harness_bundle/more-raw-files-and-manuals/2904082/redacted_imei_250_000122.eml: OK
incois-arpy-decoder/arvor_raw/harness_bundle/more-raw-files-and-manuals/2904082/redacted_imei_250_000122.sbd: OK
incois-arpy-decoder/arvor_raw/harness_bundle/more-raw-files-and-manuals/2904082/redacted_imei_250_000123.eml: OK
incois-arpy-decoder/arvor_raw/harness_bundle/more-raw-files-and-manuals/2904082/redacted_imei_250_000123.sbd: OK
incois-arpy-decoder/arvor_raw/harness_bundle/more-raw-files-and-manuals/2904082/redacted_imei_250_000124.eml: OK
incois-arpy-decoder/arvor_raw/harness_bundle/more-raw-files-and-manuals/2904082/redacted_imei_250_000124.sbd: OK
incois-arpy-decoder/arvor_raw/harness_bundle/more-raw-files-and-manuals/2904082/redacted_imei_250_000126.eml: OK
incois-arpy-decoder/arvor_raw/harness_bundle/more-raw-files-and-manuals/2904082/redacted_imei_250_000126.sbd: OK
incois-arpy-decoder/arvor_raw/harness_bundle/more-raw-files-and-manuals/2904082/redacted_imei_250_000127.eml: OK
incois-arpy-decoder/arvor_raw/harness_bundle/more-raw-files-and-manuals/2904082/redacted_imei_250_000127.sbd: OK
incois-arpy-decoder/arvor_raw/harness_bundle/more-raw-files-and-manuals/2904082/redacted_imei_250_000129.eml: OK
incois-arpy-decoder/arvor_raw/harness_bundle/more-raw-files-and-manuals/2904082/redacted_imei_250_000129.sbd: OK
incois-arpy-decoder/arvor_raw/harness_bundle/more-raw-files-and-manuals/2904082/redacted_imei_250_000133.eml: OK
incois-arpy-decoder/arvor_raw/harness_bundle/more-raw-files-and-manuals/2904082/redacted_imei_250_000133.sbd: OK
incois-arpy-decoder/arvor_raw/harness_bundle/more-raw-files-and-manuals/2904082/redacted_imei_250_000134.eml: OK
incois-arpy-decoder/arvor_raw/harness_bundle/more-raw-files-and-manuals/2904082/redacted_imei_250_000134.sbd: OK
incois-arpy-decoder/arvor_raw/harness_bundle/more-raw-files-and-manuals/2904082/redacted_imei_250_000135.eml: OK
incois-arpy-decoder/arvor_raw/harness_bundle/more-raw-files-and-manuals/2904082/redacted_imei_250_000135.sbd: OK
incois-arpy-decoder/arvor_raw/harness_bundle/more-raw-files-and-manuals/2904082/redacted_imei_250_000136.eml: OK
incois-arpy-decoder/arvor_raw/harness_bundle/more-raw-files-and-manuals/2904082/redacted_imei_250_000136.sbd: OK
incois-arpy-decoder/arvor_raw/harness_bundle/more-raw-files-and-manuals/2904082/redacted_imei_250_000138.eml: OK
incois-arpy-decoder/arvor_raw/harness_bundle/more-raw-files-and-manuals/2904082/redacted_imei_250_000138.sbd: OK
incois-arpy-decoder/arvor_raw/harness_bundle/more-raw-files-and-manuals/2904082/redacted_imei_250_000140.eml: OK
incois-arpy-decoder/arvor_raw/harness_bundle/more-raw-files-and-manuals/2904082/redacted_imei_250_000140.sbd: OK
incois-arpy-decoder/arvor_raw/harness_bundle/more-raw-files-and-manuals/2904082/redacted_imei_250_000141.eml: OK
incois-arpy-decoder/arvor_raw/harness_bundle/more-raw-files-and-manuals/2904082/redacted_imei_250_000141.sbd: OK
incois-arpy-decoder/arvor_raw/harness_bundle/more-raw-files-and-manuals/2904082/redacted_imei_250_000142.eml: OK
incois-arpy-decoder/arvor_raw/harness_bundle/more-raw-files-and-manuals/2904082/redacted_imei_250_000142.sbd: OK
incois-arpy-decoder/arvor_raw/harness_bundle/more-raw-files-and-manuals/2904082/redacted_imei_250_000145.eml: OK
incois-arpy-decoder/arvor_raw/harness_bundle/more-raw-files-and-manuals/2904082/redacted_imei_250_000145.sbd: OK
incois-arpy-decoder/arvor_raw/harness_bundle/more-raw-files-and-manuals/2904082/redacted_imei_250_000146.eml: OK
incois-arpy-decoder/arvor_raw/harness_bundle/more-raw-files-and-manuals/2904082/redacted_imei_250_000146.sbd: OK
incois-arpy-decoder/arvor_raw/harness_bundle/more-raw-files-and-manuals/2904082/redacted_imei_250_000147.eml: OK
incois-arpy-decoder/arvor_raw/harness_bundle/more-raw-files-and-manuals/2904082/redacted_imei_250_000147.sbd: OK
incois-arpy-decoder/arvor_raw/harness_bundle/more-raw-files-and-manuals/2904082/redacted_imei_250_000148.eml: OK
incois-arpy-decoder/arvor_raw/harness_bundle/more-raw-files-and-manuals/2904082/redacted_imei_250_000148.sbd: OK
incois-arpy-decoder/arvor_raw/harness_bundle/more-raw-files-and-manuals/2904082/redacted_imei_250_000153.eml: OK
incois-arpy-decoder/arvor_raw/harness_bundle/more-raw-files-and-manuals/2904082/redacted_imei_250_000153.sbd: OK
incois-arpy-decoder/arvor_raw/harness_bundle/more-raw-files-and-manuals/2904082/redacted_imei_250_000157.eml: OK
incois-arpy-decoder/arvor_raw/harness_bundle/more-raw-files-and-manuals/2904082/redacted_imei_250_000157.sbd: OK
incois-arpy-decoder/arvor_raw/harness_bundle/more-raw-files-and-manuals/2904082/redacted_imei_250_000160.eml: OK
incois-arpy-decoder/arvor_raw/harness_bundle/more-raw-files-and-manuals/2904082/redacted_imei_250_000160.sbd: OK
incois-arpy-decoder/arvor_raw/harness_bundle/more-raw-files-and-manuals/2904082/redacted_imei_250_000162.eml: OK
incois-arpy-decoder/arvor_raw/harness_bundle/more-raw-files-and-manuals/2904082/redacted_imei_250_000162.sbd: OK
incois-arpy-decoder/arvor_raw/harness_bundle/more-raw-files-and-manuals/2904082/redacted_imei_250_000165.eml: OK
incois-arpy-decoder/arvor_raw/harness_bundle/more-raw-files-and-manuals/2904082/redacted_imei_250_000165.sbd: OK
incois-arpy-decoder/arvor_raw/harness_bundle/more-raw-files-and-manuals/2904082/redacted_imei_250_000166.eml: OK
incois-arpy-decoder/arvor_raw/harness_bundle/more-raw-files-and-manuals/2904082/redacted_imei_250_000166.sbd: OK
incois-arpy-decoder/arvor_raw/harness_bundle/more-raw-files-and-manuals/2904082/redacted_imei_250_000168.eml: OK
incois-arpy-decoder/arvor_raw/harness_bundle/more-raw-files-and-manuals/2904082/redacted_imei_250_000168.sbd: OK
incois-arpy-decoder/arvor_raw/harness_bundle/more-raw-files-and-manuals/2904082/redacted_imei_250_000170.eml: OK
incois-arpy-decoder/arvor_raw/harness_bundle/more-raw-files-and-manuals/2904082/redacted_imei_250_000170.sbd: OK
incois-arpy-decoder/arvor_raw/harness_bundle/more-raw-files-and-manuals/2904082/redacted_imei_250_000171.eml: OK
incois-arpy-decoder/arvor_raw/harness_bundle/more-raw-files-and-manuals/2904082/redacted_imei_250_000171.sbd: OK
incois-arpy-decoder/arvor_raw/harness_bundle/more-raw-files-and-manuals/2904082/redacted_imei_250_000174.eml: OK
incois-arpy-decoder/arvor_raw/harness_bundle/more-raw-files-and-manuals/2904082/redacted_imei_250_000174.sbd: OK
incois-arpy-decoder/arvor_raw/harness_bundle/more-raw-files-and-manuals/2904082/redacted_imei_250_000175.eml: OK
incois-arpy-decoder/arvor_raw/harness_bundle/more-raw-files-and-manuals/2904082/redacted_imei_250_000175.sbd: OK
incois-arpy-decoder/arvor_raw/harness_bundle/more-raw-files-and-manuals/2904082/redacted_imei_250_000176.eml: OK
incois-arpy-decoder/arvor_raw/harness_bundle/more-raw-files-and-manuals/2904082/redacted_imei_250_000176.sbd: OK
incois-arpy-decoder/arvor_raw/harness_bundle/more-raw-files-and-manuals/2904082/redacted_imei_250_000177.eml: OK
incois-arpy-decoder/arvor_raw/harness_bundle/more-raw-files-and-manuals/2904082/redacted_imei_250_000177.sbd: OK
incois-arpy-decoder/arvor_raw/harness_bundle/more-raw-files-and-manuals/2904082/redacted_imei_250_000178.eml: OK
incois-arpy-decoder/arvor_raw/harness_bundle/more-raw-files-and-manuals/2904082/redacted_imei_250_000178.sbd: OK
incois-arpy-decoder/arvor_raw/harness_bundle/more-raw-files-and-manuals/arvor-i-new-spreadsheet.csv: OK
incois-arpy-decoder/config/metadata/calib.csv: OK
incois-arpy-decoder/config/metadata/config_params.csv: OK
incois-arpy-decoder/config/metadata/meta.csv: OK
incois-arpy-decoder/config/metadata/provor_cts4_301_reference.csv: OK
incois-arpy-decoder/config/metadata/provor_cts4_external_doxy_example.csv: OK
incois-arpy-decoder/config/metadata/provor_cts4_external_launch_predeploy_example.csv: OK
incois-arpy-decoder/config/metadata/provor_cts4_pub_bbp_scales.csv: OK
incois-arpy-decoder/config/metadata/sensor-info.csv: OK
incois-arpy-decoder/config/metadata_backup/calib.csv: OK
incois-arpy-decoder/config/metadata_backup/config_params.csv: OK
incois-arpy-decoder/config/metadata_backup/meta.csv: OK
incois-arpy-decoder/config/metadata_backup/sensor-info.csv: OK
incois-arpy-decoder/config/registry.csv: OK
incois-arpy-decoder/config/registry_apf9.csv: OK
incois-arpy-decoder/decoder-ui/FLEET_STATUS.md: OK
incois-arpy-decoder/decoder-ui/README.md: OK
incois-arpy-decoder/decoder-ui/data/cts4/README.md: OK
incois-arpy-decoder/decoder-ui/data/cts4/SBD-BGC-raw/00530/20140217/redacted_imei_00530_000030.sbd: OK
incois-arpy-decoder/decoder-ui/data/cts4/SBD-BGC-raw/00530/20140217/redacted_imei_00530_000032.sbd: OK
incois-arpy-decoder/decoder-ui/data/cts4/SBD-BGC-raw/00530/20140217/redacted_imei_00530_000034.sbd: OK
incois-arpy-decoder/decoder-ui/data/cts4/SBD-BGC-raw/00530/20140217/redacted_imei_00530_000036.sbd: OK
incois-arpy-decoder/decoder-ui/data/cts4/SBD-BGC-raw/00530/20140218/redacted_imei_00530_000038.sbd: OK
incois-arpy-decoder/decoder-ui/data/cts4/SBD-BGC-raw/00530/20140218/redacted_imei_00530_000039.sbd: OK
incois-arpy-decoder/decoder-ui/data/cts4/SBD-BGC-raw/00530/20140218/redacted_imei_00530_000040.sbd: OK
incois-arpy-decoder/decoder-ui/data/cts4/SBD-BGC-raw/00530/20140218/redacted_imei_00530_000042.sbd: OK
incois-arpy-decoder/decoder-ui/data/cts4/SBD-BGC-raw/00530/20140219/redacted_imei_00530_000044.sbd: OK
incois-arpy-decoder/decoder-ui/data/cts4/SBD-BGC-raw/00530/20140219/redacted_imei_00530_000045.sbd: OK
incois-arpy-decoder/decoder-ui/data/cts4/SBD-BGC-raw/00530/20140219/redacted_imei_00530_000046.sbd: OK
incois-arpy-decoder/decoder-ui/data/cts4/SBD-BGC-raw/00530/20140219/redacted_imei_00530_000048.sbd: OK
incois-arpy-decoder/decoder-ui/data/cts4/SBD-BGC-raw/00530/20140220/redacted_imei_00530_000050.sbd: OK
incois-arpy-decoder/decoder-ui/data/cts4/SBD-BGC-raw/00530/20140220/redacted_imei_00530_000051.sbd: OK
incois-arpy-decoder/decoder-ui/data/cts4/SBD-BGC-raw/00530/20140220/redacted_imei_00530_000052.sbd: OK
incois-arpy-decoder/decoder-ui/data/cts4/SBD-BGC-raw/00530/20140220/redacted_imei_00530_000054.sbd: OK
incois-arpy-decoder/decoder-ui/data/cts4/SBD-BGC-raw/00530/20140221/redacted_imei_00530_000056.sbd: OK
incois-arpy-decoder/decoder-ui/data/cts4/SBD-BGC-raw/00530/20140221/redacted_imei_00530_000057.sbd: OK
incois-arpy-decoder/decoder-ui/data/cts4/SBD-BGC-raw/00530/20140221/redacted_imei_00530_000058.sbd: OK
incois-arpy-decoder/decoder-ui/data/cts4/SBD-BGC-raw/00530/20140221/redacted_imei_00530_000060.sbd: OK
incois-arpy-decoder/decoder-ui/data/cts4/SBD-BGC-raw/00530/20140222/redacted_imei_00530_000062.sbd: OK
incois-arpy-decoder/decoder-ui/data/cts4/SBD-BGC-raw/00530/20140222/redacted_imei_00530_000063.sbd: OK
incois-arpy-decoder/decoder-ui/data/cts4/SBD-BGC-raw/00530/20140222/redacted_imei_00530_000064.sbd: OK
incois-arpy-decoder/decoder-ui/data/cts4/SBD-BGC-raw/00530/20140222/redacted_imei_00530_000066.sbd: OK
incois-arpy-decoder/decoder-ui/data/cts4/SBD-BGC-raw/00530/20140223/redacted_imei_00530_000068.sbd: OK
incois-arpy-decoder/decoder-ui/data/cts4/SBD-BGC-raw/00530/20140223/redacted_imei_00530_000069.sbd: OK
incois-arpy-decoder/decoder-ui/data/cts4/SBD-BGC-raw/00530/20140223/redacted_imei_00530_000070.sbd: OK
incois-arpy-decoder/decoder-ui/data/cts4/SBD-BGC-raw/00530/20140223/redacted_imei_00530_000072.sbd: OK
incois-arpy-decoder/decoder-ui/data/cts4/SBD-BGC-raw/00530/20140224/redacted_imei_00530_000074.sbd: OK
incois-arpy-decoder/decoder-ui/data/cts4/SBD-BGC-raw/00530/20140224/redacted_imei_00530_000075.sbd: OK
incois-arpy-decoder/decoder-ui/data/cts4/SBD-BGC-raw/00530/20140224/redacted_imei_00530_000076.sbd: OK
incois-arpy-decoder/decoder-ui/data/cts4/SBD-BGC-raw/00530/20140224/redacted_imei_00530_000078.sbd: OK
incois-arpy-decoder/decoder-ui/data/cts4/SBD-BGC-raw/00530/20140225/redacted_imei_00530_000080.sbd: OK
incois-arpy-decoder/decoder-ui/data/cts4/SBD-BGC-raw/00530/20140225/redacted_imei_00530_000081.sbd: OK
incois-arpy-decoder/decoder-ui/data/cts4/SBD-BGC-raw/00530/20140225/redacted_imei_00530_000082.sbd: OK
incois-arpy-decoder/decoder-ui/data/cts4/SBD-BGC-raw/00530/20140225/redacted_imei_00530_000084.sbd: OK
incois-arpy-decoder/decoder-ui/data/cts4/SBD-BGC-raw/00530/20140226/redacted_imei_00530_000086.sbd: OK
incois-arpy-decoder/decoder-ui/data/cts4/SBD-BGC-raw/00530/20140226/redacted_imei_00530_000087.sbd: OK
incois-arpy-decoder/decoder-ui/data/cts4/SBD-BGC-raw/00530/20140226/redacted_imei_00530_000088.sbd: OK
incois-arpy-decoder/decoder-ui/data/cts4/SBD-BGC-raw/00530/20140226/redacted_imei_00530_000090.sbd: OK
incois-arpy-decoder/decoder-ui/data/cts4/SBD-BGC-raw/00530/20140227/redacted_imei_00530_000093.sbd: OK
incois-arpy-decoder/decoder-ui/data/cts4/SBD-BGC-raw/00530/20140227/redacted_imei_00530_000094.sbd: OK
incois-arpy-decoder/decoder-ui/data/cts4/SBD-BGC-raw/00530/20140227/redacted_imei_00530_000095.sbd: OK
incois-arpy-decoder/decoder-ui/data/cts4/SBD-BGC-raw/00530/20140227/redacted_imei_00530_000097.sbd: OK
incois-arpy-decoder/decoder-ui/data/cts4/SBD-BGC-raw/00530/20140309/redacted_imei_00530_000099.sbd: OK
incois-arpy-decoder/decoder-ui/data/cts4/SBD-BGC-raw/00530/20140309/redacted_imei_00530_000100.sbd: OK
incois-arpy-decoder/decoder-ui/data/cts4/SBD-BGC-raw/00530/20140309/redacted_imei_00530_000101.sbd: OK
incois-arpy-decoder/decoder-ui/data/cts4/SBD-BGC-raw/00530/20140309/redacted_imei_00530_000103.sbd: OK
incois-arpy-decoder/decoder-ui/data/cts4/SBD-BGC-raw/00530/20140319/redacted_imei_00530_000105.sbd: OK
incois-arpy-decoder/decoder-ui/data/cts4/SBD-BGC-raw/00530/20140319/redacted_imei_00530_000106.sbd: OK
incois-arpy-decoder/decoder-ui/data/cts4/SBD-BGC-raw/00530/20140319/redacted_imei_00530_000107.sbd: OK
incois-arpy-decoder/decoder-ui/data/cts4/SBD-BGC-raw/00530/20140319/redacted_imei_00530_000109.sbd: OK
incois-arpy-decoder/decoder-ui/data/cts4/SBD-BGC-raw/00530/20140329/redacted_imei_00530_000111.sbd: OK
incois-arpy-decoder/decoder-ui/data/cts4/SBD-BGC-raw/00530/20140329/redacted_imei_00530_000112.sbd: OK
incois-arpy-decoder/decoder-ui/data/cts4/SBD-BGC-raw/00530/20140329/redacted_imei_00530_000113.sbd: OK
incois-arpy-decoder/decoder-ui/data/cts4/SBD-BGC-raw/00530/20140329/redacted_imei_00530_000115.sbd: OK
incois-arpy-decoder/decoder-ui/data/cts4/SBD-BGC-raw/00530/20140408/redacted_imei_00530_000117.sbd: OK
incois-arpy-decoder/decoder-ui/data/cts4/SBD-BGC-raw/00530/20140408/redacted_imei_00530_000118.sbd: OK
incois-arpy-decoder/decoder-ui/data/cts4/SBD-BGC-raw/00530/20140408/redacted_imei_00530_000119.sbd: OK
incois-arpy-decoder/decoder-ui/data/cts4/SBD-BGC-raw/00530/20140408/redacted_imei_00530_000121.sbd: OK
incois-arpy-decoder/decoder-ui/data/cts4/SBD-BGC-raw/00530/20140418/redacted_imei_00530_000123.sbd: OK
incois-arpy-decoder/decoder-ui/data/cts4/SBD-BGC-raw/00530/20140418/redacted_imei_00530_000124.sbd: OK
incois-arpy-decoder/decoder-ui/data/cts4/SBD-BGC-raw/00530/20140418/redacted_imei_00530_000125.sbd: OK
incois-arpy-decoder/decoder-ui/data/cts4/SBD-BGC-raw/00530/20140418/redacted_imei_00530_000127.sbd: OK
incois-arpy-decoder/decoder-ui/data/cts4/SBD-BGC-raw/00530/20140428/redacted_imei_00530_000129.sbd: OK
incois-arpy-decoder/decoder-ui/data/cts4/SBD-BGC-raw/00530/20140428/redacted_imei_00530_000130.sbd: OK
incois-arpy-decoder/decoder-ui/data/cts4/SBD-BGC-raw/00530/20140428/redacted_imei_00530_000131.sbd: OK
incois-arpy-decoder/decoder-ui/data/cts4/SBD-BGC-raw/00530/20140428/redacted_imei_00530_000133.sbd: OK
incois-arpy-decoder/decoder-ui/data/cts4/SBD-BGC-raw/00530/20140508/redacted_imei_00530_000135.sbd: OK
incois-arpy-decoder/decoder-ui/data/cts4/SBD-BGC-raw/00530/20140508/redacted_imei_00530_000136.sbd: OK
incois-arpy-decoder/decoder-ui/data/cts4/SBD-BGC-raw/00530/20140508/redacted_imei_00530_000137.sbd: OK
incois-arpy-decoder/decoder-ui/data/cts4/SBD-BGC-raw/00530/20140508/redacted_imei_00530_000139.sbd: OK
incois-arpy-decoder/decoder-ui/data/cts4/SBD-BGC-raw/03530/20140405/redacted_imei_03530_000019.sbd: OK
incois-arpy-decoder/decoder-ui/data/cts4/SBD-BGC-raw/03530/20140405/redacted_imei_03530_000021.sbd: OK
incois-arpy-decoder/decoder-ui/data/cts4/SBD-BGC-raw/03530/20140405/redacted_imei_03530_000023.sbd: OK
incois-arpy-decoder/decoder-ui/data/cts4/SBD-BGC-raw/03530/20140405/redacted_imei_03530_000024.sbd: OK
incois-arpy-decoder/decoder-ui/data/cts4/SBD-BGC-raw/03530/20140405/redacted_imei_03530_000025.sbd: OK
incois-arpy-decoder/decoder-ui/data/cts4/SBD-BGC-raw/03530/20140405/redacted_imei_03530_000027.sbd: OK
incois-arpy-decoder/decoder-ui/data/cts4/SBD-BGC-raw/03530/20140406/redacted_imei_03530_000029.sbd: OK
incois-arpy-decoder/decoder-ui/data/cts4/SBD-BGC-raw/03530/20140406/redacted_imei_03530_000030.sbd: OK
incois-arpy-decoder/decoder-ui/data/cts4/SBD-BGC-raw/03530/20140406/redacted_imei_03530_000031.sbd: OK
incois-arpy-decoder/decoder-ui/data/cts4/SBD-BGC-raw/03530/20140406/redacted_imei_03530_000033.sbd: OK
incois-arpy-decoder/decoder-ui/data/cts4/SBD-BGC-raw/03530/20140407/redacted_imei_03530_000035.sbd: OK
incois-arpy-decoder/decoder-ui/data/cts4/SBD-BGC-raw/03530/20140407/redacted_imei_03530_000036.sbd: OK
incois-arpy-decoder/decoder-ui/data/cts4/SBD-BGC-raw/03530/20140407/redacted_imei_03530_000037.sbd: OK
incois-arpy-decoder/decoder-ui/data/cts4/SBD-BGC-raw/03530/20140407/redacted_imei_03530_000039.sbd: OK
incois-arpy-decoder/decoder-ui/data/cts4/SBD-BGC-raw/03530/20140408/redacted_imei_03530_000041.sbd: OK
incois-arpy-decoder/decoder-ui/data/cts4/SBD-BGC-raw/03530/20140408/redacted_imei_03530_000042.sbd: OK
incois-arpy-decoder/decoder-ui/data/cts4/SBD-BGC-raw/03530/20140408/redacted_imei_03530_000043.sbd: OK
incois-arpy-decoder/decoder-ui/data/cts4/SBD-BGC-raw/03530/20140408/redacted_imei_03530_000045.sbd: OK
incois-arpy-decoder/decoder-ui/data/cts4/SBD-BGC-raw/03530/20140409/redacted_imei_03530_000047.sbd: OK
incois-arpy-decoder/decoder-ui/data/cts4/SBD-BGC-raw/03530/20140409/redacted_imei_03530_000048.sbd: OK
incois-arpy-decoder/decoder-ui/data/cts4/SBD-BGC-raw/03530/20140409/redacted_imei_03530_000049.sbd: OK
incois-arpy-decoder/decoder-ui/data/cts4/SBD-BGC-raw/03530/20140409/redacted_imei_03530_000051.sbd: OK
incois-arpy-decoder/decoder-ui/data/cts4/SBD-BGC-raw/03530/20140410/redacted_imei_03530_000053.sbd: OK
incois-arpy-decoder/decoder-ui/data/cts4/SBD-BGC-raw/03530/20140410/redacted_imei_03530_000054.sbd: OK
incois-arpy-decoder/decoder-ui/data/cts4/SBD-BGC-raw/03530/20140410/redacted_imei_03530_000055.sbd: OK
incois-arpy-decoder/decoder-ui/data/cts4/SBD-BGC-raw/03530/20140410/redacted_imei_03530_000057.sbd: OK
incois-arpy-decoder/decoder-ui/data/cts4/SBD-BGC-raw/03530/20140411/redacted_imei_03530_000059.sbd: OK
incois-arpy-decoder/decoder-ui/data/cts4/SBD-BGC-raw/03530/20140411/redacted_imei_03530_000060.sbd: OK
incois-arpy-decoder/decoder-ui/data/cts4/SBD-BGC-raw/03530/20140411/redacted_imei_03530_000061.sbd: OK
incois-arpy-decoder/decoder-ui/data/cts4/SBD-BGC-raw/03530/20140411/redacted_imei_03530_000063.sbd: OK
incois-arpy-decoder/decoder-ui/data/cts4/SBD-BGC-raw/03530/20140412/redacted_imei_03530_000065.sbd: OK
incois-arpy-decoder/decoder-ui/data/cts4/SBD-BGC-raw/03530/20140412/redacted_imei_03530_000066.sbd: OK
incois-arpy-decoder/decoder-ui/data/cts4/SBD-BGC-raw/03530/20140412/redacted_imei_03530_000067.sbd: OK
incois-arpy-decoder/decoder-ui/data/cts4/SBD-BGC-raw/03530/20140412/redacted_imei_03530_000069.sbd: OK
incois-arpy-decoder/decoder-ui/data/cts4/SBD-BGC-raw/03530/20140413/redacted_imei_03530_000071.sbd: OK
incois-arpy-decoder/decoder-ui/data/cts4/SBD-BGC-raw/03530/20140413/redacted_imei_03530_000072.sbd: OK
incois-arpy-decoder/decoder-ui/data/cts4/SBD-BGC-raw/03530/20140413/redacted_imei_03530_000073.sbd: OK
incois-arpy-decoder/decoder-ui/data/cts4/SBD-BGC-raw/03530/20140413/redacted_imei_03530_000075.sbd: OK
incois-arpy-decoder/decoder-ui/data/cts4/SBD-BGC-raw/03530/20140414/redacted_imei_03530_000077.sbd: OK
incois-arpy-decoder/decoder-ui/data/cts4/SBD-BGC-raw/03530/20140414/redacted_imei_03530_000078.sbd: OK
incois-arpy-decoder/decoder-ui/data/cts4/SBD-BGC-raw/03530/20140414/redacted_imei_03530_000079.sbd: OK
incois-arpy-decoder/decoder-ui/data/cts4/SBD-BGC-raw/03530/20140414/redacted_imei_03530_000081.sbd: OK
incois-arpy-decoder/decoder-ui/data/cts4/SBD-BGC-raw/03530/20140415/redacted_imei_03530_000083.sbd: OK
incois-arpy-decoder/decoder-ui/data/cts4/SBD-BGC-raw/03530/20140415/redacted_imei_03530_000084.sbd: OK
incois-arpy-decoder/decoder-ui/data/cts4/SBD-BGC-raw/03530/20140415/redacted_imei_03530_000085.sbd: OK
incois-arpy-decoder/decoder-ui/data/cts4/SBD-BGC-raw/03530/20140415/redacted_imei_03530_000087.sbd: OK
incois-arpy-decoder/decoder-ui/data/cts4/SBD-BGC-raw/03530/20140416/redacted_imei_03530_000090.sbd: OK
incois-arpy-decoder/decoder-ui/data/cts4/SBD-BGC-raw/03530/20140416/redacted_imei_03530_000091.sbd: OK
incois-arpy-decoder/decoder-ui/data/cts4/SBD-BGC-raw/03530/20140416/redacted_imei_03530_000092.sbd: OK
incois-arpy-decoder/decoder-ui/data/cts4/SBD-BGC-raw/03530/20140416/redacted_imei_03530_000094.sbd: OK
incois-arpy-decoder/decoder-ui/data/cts4/SBD-BGC-raw/03530/20140426/redacted_imei_03530_000096.sbd: OK
incois-arpy-decoder/decoder-ui/data/cts4/SBD-BGC-raw/03530/20140426/redacted_imei_03530_000097.sbd: OK
incois-arpy-decoder/decoder-ui/data/cts4/SBD-BGC-raw/03530/20140426/redacted_imei_03530_000098.sbd: OK
incois-arpy-decoder/decoder-ui/data/cts4/SBD-BGC-raw/03530/20140426/redacted_imei_03530_000100.sbd: OK
incois-arpy-decoder/decoder-ui/data/cts4/SBD-BGC-raw/03530/20140506/redacted_imei_03530_000102.sbd: OK
incois-arpy-decoder/decoder-ui/data/cts4/SBD-BGC-raw/03530/20140506/redacted_imei_03530_000103.sbd: OK
incois-arpy-decoder/decoder-ui/data/cts4/SBD-BGC-raw/03530/20140506/redacted_imei_03530_000104.sbd: OK
incois-arpy-decoder/decoder-ui/data/cts4/SBD-BGC-raw/03530/20140506/redacted_imei_03530_000106.sbd: OK
incois-arpy-decoder/decoder-ui/data/cts4/SBD-BGC-raw/03580/20140406/redacted_imei_03580_000024.sbd: OK
incois-arpy-decoder/decoder-ui/data/cts4/SBD-BGC-raw/03580/20140406/redacted_imei_03580_000026.sbd: OK
incois-arpy-decoder/decoder-ui/data/cts4/SBD-BGC-raw/03580/20140406/redacted_imei_03580_000028.sbd: OK
incois-arpy-decoder/decoder-ui/data/cts4/SBD-BGC-raw/03580/20140406/redacted_imei_03580_000029.sbd: OK
incois-arpy-decoder/decoder-ui/data/cts4/SBD-BGC-raw/03580/20140406/redacted_imei_03580_000031.sbd: OK
incois-arpy-decoder/decoder-ui/data/cts4/SBD-BGC-raw/03580/20140407/redacted_imei_03580_000033.sbd: OK
incois-arpy-decoder/decoder-ui/data/cts4/SBD-BGC-raw/03580/20140407/redacted_imei_03580_000034.sbd: OK
incois-arpy-decoder/decoder-ui/data/cts4/SBD-BGC-raw/03580/20140407/redacted_imei_03580_000035.sbd: OK
incois-arpy-decoder/decoder-ui/data/cts4/SBD-BGC-raw/03580/20140407/redacted_imei_03580_000037.sbd: OK
incois-arpy-decoder/decoder-ui/data/cts4/SBD-BGC-raw/03580/20140408/redacted_imei_03580_000039.sbd: OK
incois-arpy-decoder/decoder-ui/data/cts4/SBD-BGC-raw/03580/20140408/redacted_imei_03580_000040.sbd: OK
incois-arpy-decoder/decoder-ui/data/cts4/SBD-BGC-raw/03580/20140408/redacted_imei_03580_000041.sbd: OK
incois-arpy-decoder/decoder-ui/data/cts4/SBD-BGC-raw/03580/20140408/redacted_imei_03580_000043.sbd: OK
incois-arpy-decoder/decoder-ui/data/cts4/SBD-BGC-raw/03580/20140409/redacted_imei_03580_000045.sbd: OK
incois-arpy-decoder/decoder-ui/data/cts4/SBD-BGC-raw/03580/20140409/redacted_imei_03580_000046.sbd: OK
incois-arpy-decoder/decoder-ui/data/cts4/SBD-BGC-raw/03580/20140409/redacted_imei_03580_000047.sbd: OK
incois-arpy-decoder/decoder-ui/data/cts4/SBD-BGC-raw/03580/20140409/redacted_imei_03580_000049.sbd: OK
incois-arpy-decoder/decoder-ui/data/cts4/SBD-BGC-raw/03580/20140410/redacted_imei_03580_000051.sbd: OK
incois-arpy-decoder/decoder-ui/data/cts4/SBD-BGC-raw/03580/20140410/redacted_imei_03580_000052.sbd: OK
incois-arpy-decoder/decoder-ui/data/cts4/SBD-BGC-raw/03580/20140410/redacted_imei_03580_000053.sbd: OK
incois-arpy-decoder/decoder-ui/data/cts4/SBD-BGC-raw/03580/20140410/redacted_imei_03580_000055.sbd: OK
incois-arpy-decoder/decoder-ui/data/cts4/SBD-BGC-raw/03580/20140411/redacted_imei_03580_000057.sbd: OK
incois-arpy-decoder/decoder-ui/data/cts4/SBD-BGC-raw/03580/20140411/redacted_imei_03580_000058.sbd: OK
incois-arpy-decoder/decoder-ui/data/cts4/SBD-BGC-raw/03580/20140411/redacted_imei_03580_000059.sbd: OK
incois-arpy-decoder/decoder-ui/data/cts4/SBD-BGC-raw/03580/20140411/redacted_imei_03580_000061.sbd: OK
incois-arpy-decoder/decoder-ui/data/cts4/SBD-BGC-raw/03580/20140412/redacted_imei_03580_000063.sbd: OK
incois-arpy-decoder/decoder-ui/data/cts4/SBD-BGC-raw/03580/20140412/redacted_imei_03580_000064.sbd: OK
incois-arpy-decoder/decoder-ui/data/cts4/SBD-BGC-raw/03580/20140412/redacted_imei_03580_000065.sbd: OK
incois-arpy-decoder/decoder-ui/data/cts4/SBD-BGC-raw/03580/20140412/redacted_imei_03580_000067.sbd: OK
incois-arpy-decoder/decoder-ui/data/cts4/SBD-BGC-raw/03580/20140413/redacted_imei_03580_000069.sbd: OK
incois-arpy-decoder/decoder-ui/data/cts4/SBD-BGC-raw/03580/20140413/redacted_imei_03580_000070.sbd: OK
incois-arpy-decoder/decoder-ui/data/cts4/SBD-BGC-raw/03580/20140413/redacted_imei_03580_000071.sbd: OK
incois-arpy-decoder/decoder-ui/data/cts4/SBD-BGC-raw/03580/20140413/redacted_imei_03580_000073.sbd: OK
incois-arpy-decoder/decoder-ui/data/cts4/SBD-BGC-raw/03580/20140414/redacted_imei_03580_000075.sbd: OK
incois-arpy-decoder/decoder-ui/data/cts4/SBD-BGC-raw/03580/20140414/redacted_imei_03580_000076.sbd: OK
incois-arpy-decoder/decoder-ui/data/cts4/SBD-BGC-raw/03580/20140414/redacted_imei_03580_000077.sbd: OK
incois-arpy-decoder/decoder-ui/data/cts4/SBD-BGC-raw/03580/20140414/redacted_imei_03580_000079.sbd: OK
incois-arpy-decoder/decoder-ui/data/cts4/SBD-BGC-raw/03580/20140415/redacted_imei_03580_000081.sbd: OK
incois-arpy-decoder/decoder-ui/data/cts4/SBD-BGC-raw/03580/20140415/redacted_imei_03580_000082.sbd: OK
incois-arpy-decoder/decoder-ui/data/cts4/SBD-BGC-raw/03580/20140415/redacted_imei_03580_000083.sbd: OK
incois-arpy-decoder/decoder-ui/data/cts4/SBD-BGC-raw/03580/20140415/redacted_imei_03580_000085.sbd: OK
incois-arpy-decoder/decoder-ui/data/cts4/SBD-BGC-raw/03580/20140416/redacted_imei_03580_000088.sbd: OK
incois-arpy-decoder/decoder-ui/data/cts4/SBD-BGC-raw/03580/20140416/redacted_imei_03580_000089.sbd: OK
incois-arpy-decoder/decoder-ui/data/cts4/SBD-BGC-raw/03580/20140416/redacted_imei_03580_000090.sbd: OK
incois-arpy-decoder/decoder-ui/data/cts4/SBD-BGC-raw/03580/20140416/redacted_imei_03580_000092.sbd: OK
incois-arpy-decoder/decoder-ui/data/cts4/SBD-BGC-raw/03580/20140426/redacted_imei_03580_000094.sbd: OK
incois-arpy-decoder/decoder-ui/data/cts4/SBD-BGC-raw/03580/20140426/redacted_imei_03580_000095.sbd: OK
incois-arpy-decoder/decoder-ui/data/cts4/SBD-BGC-raw/03580/20140426/redacted_imei_03580_000096.sbd: OK
incois-arpy-decoder/decoder-ui/data/cts4/SBD-BGC-raw/03580/20140426/redacted_imei_03580_000098.sbd: OK
incois-arpy-decoder/decoder-ui/data/cts4/SBD-BGC-raw/03580/20140506/redacted_imei_03580_000100.sbd: OK
incois-arpy-decoder/decoder-ui/data/cts4/SBD-BGC-raw/03580/20140506/redacted_imei_03580_000101.sbd: OK
incois-arpy-decoder/decoder-ui/data/cts4/SBD-BGC-raw/03580/20140506/redacted_imei_03580_000102.sbd: OK
incois-arpy-decoder/decoder-ui/data/cts4/SBD-BGC-raw/03580/20140506/redacted_imei_03580_000104.sbd: OK
incois-arpy-decoder/decoder-ui/data/cts4/SBD-BGC-raw/06580/20140212/redacted_imei_06580_000124.sbd: OK
incois-arpy-decoder/decoder-ui/data/cts4/SBD-BGC-raw/06580/20140212/redacted_imei_06580_000125.sbd: OK
incois-arpy-decoder/decoder-ui/data/cts4/SBD-BGC-raw/06580/20140212/redacted_imei_06580_000127.sbd: OK
incois-arpy-decoder/decoder-ui/data/cts4/SBD-BGC-raw/06580/20140217/redacted_imei_06580_000129.sbd: OK
incois-arpy-decoder/decoder-ui/data/cts4/SBD-BGC-raw/06580/20140217/redacted_imei_06580_000130.sbd: OK
incois-arpy-decoder/decoder-ui/data/cts4/SBD-BGC-raw/06580/20140217/redacted_imei_06580_000131.sbd: OK
incois-arpy-decoder/decoder-ui/data/cts4/SBD-BGC-raw/06580/20140217/redacted_imei_06580_000133.sbd: OK
incois-arpy-decoder/decoder-ui/data/cts4/SBD-BGC-raw/06580/20140222/redacted_imei_06580_000135.sbd: OK
incois-arpy-decoder/decoder-ui/data/cts4/SBD-BGC-raw/06580/20140222/redacted_imei_06580_000136.sbd: OK
incois-arpy-decoder/decoder-ui/data/cts4/SBD-BGC-raw/06580/20140222/redacted_imei_06580_000137.sbd: OK
incois-arpy-decoder/decoder-ui/data/cts4/SBD-BGC-raw/06580/20140222/redacted_imei_06580_000139.sbd: OK
incois-arpy-decoder/decoder-ui/data/cts4/SBD-BGC-raw/06580/20140227/redacted_imei_06580_000141.sbd: OK
incois-arpy-decoder/decoder-ui/data/cts4/SBD-BGC-raw/06580/20140227/redacted_imei_06580_000142.sbd: OK
incois-arpy-decoder/decoder-ui/data/cts4/SBD-BGC-raw/06580/20140227/redacted_imei_06580_000143.sbd: OK
incois-arpy-decoder/decoder-ui/data/cts4/SBD-BGC-raw/06580/20140227/redacted_imei_06580_000145.sbd: OK
incois-arpy-decoder/decoder-ui/data/cts4/SBD-BGC-raw/06580/20140304/redacted_imei_06580_000147.sbd: OK
incois-arpy-decoder/decoder-ui/data/cts4/SBD-BGC-raw/06580/20140304/redacted_imei_06580_000148.sbd: OK
incois-arpy-decoder/decoder-ui/data/cts4/SBD-BGC-raw/06580/20140304/redacted_imei_06580_000149.sbd: OK
incois-arpy-decoder/decoder-ui/data/cts4/SBD-BGC-raw/06580/20140304/redacted_imei_06580_000151.sbd: OK
incois-arpy-decoder/decoder-ui/data/cts4/SBD-BGC-raw/06580/20140309/redacted_imei_06580_000153.sbd: OK
incois-arpy-decoder/decoder-ui/data/cts4/SBD-BGC-raw/06580/20140309/redacted_imei_06580_000154.sbd: OK
incois-arpy-decoder/decoder-ui/data/cts4/SBD-BGC-raw/06580/20140309/redacted_imei_06580_000155.sbd: OK
incois-arpy-decoder/decoder-ui/data/cts4/SBD-BGC-raw/06580/20140309/redacted_imei_06580_000157.sbd: OK
incois-arpy-decoder/decoder-ui/data/cts4/SBD-BGC-raw/06580/20140314/redacted_imei_06580_000159.sbd: OK
incois-arpy-decoder/decoder-ui/data/cts4/SBD-BGC-raw/06580/20140314/redacted_imei_06580_000160.sbd: OK
incois-arpy-decoder/decoder-ui/data/cts4/SBD-BGC-raw/06580/20140314/redacted_imei_06580_000161.sbd: OK
incois-arpy-decoder/decoder-ui/data/cts4/SBD-BGC-raw/06580/20140314/redacted_imei_06580_000163.sbd: OK
incois-arpy-decoder/decoder-ui/data/cts4/SBD-BGC-raw/06580/20140319/redacted_imei_06580_000165.sbd: OK
incois-arpy-decoder/decoder-ui/data/cts4/SBD-BGC-raw/06580/20140319/redacted_imei_06580_000166.sbd: OK
incois-arpy-decoder/decoder-ui/data/cts4/SBD-BGC-raw/06580/20140319/redacted_imei_06580_000167.sbd: OK
incois-arpy-decoder/decoder-ui/data/cts4/SBD-BGC-raw/06580/20140319/redacted_imei_06580_000169.sbd: OK
incois-arpy-decoder/decoder-ui/data/cts4/SBD-BGC-raw/06580/20140324/redacted_imei_06580_000171.sbd: OK
incois-arpy-decoder/decoder-ui/data/cts4/SBD-BGC-raw/06580/20140324/redacted_imei_06580_000172.sbd: OK
incois-arpy-decoder/decoder-ui/data/cts4/SBD-BGC-raw/06580/20140324/redacted_imei_06580_000173.sbd: OK
incois-arpy-decoder/decoder-ui/data/cts4/SBD-BGC-raw/06580/20140324/redacted_imei_06580_000175.sbd: OK
incois-arpy-decoder/decoder-ui/data/cts4/SBD-BGC-raw/06580/20140329/redacted_imei_06580_000177.sbd: OK
incois-arpy-decoder/decoder-ui/data/cts4/SBD-BGC-raw/06580/20140329/redacted_imei_06580_000178.sbd: OK
incois-arpy-decoder/decoder-ui/data/cts4/SBD-BGC-raw/06580/20140329/redacted_imei_06580_000179.sbd: OK
incois-arpy-decoder/decoder-ui/data/cts4/SBD-BGC-raw/06580/20140329/redacted_imei_06580_000181.sbd: OK
incois-arpy-decoder/decoder-ui/data/cts4/SBD-BGC-raw/06580/20140403/redacted_imei_06580_000183.sbd: OK
incois-arpy-decoder/decoder-ui/data/cts4/SBD-BGC-raw/06580/20140403/redacted_imei_06580_000184.sbd: OK
incois-arpy-decoder/decoder-ui/data/cts4/SBD-BGC-raw/06580/20140403/redacted_imei_06580_000185.sbd: OK
incois-arpy-decoder/decoder-ui/data/cts4/SBD-BGC-raw/06580/20140403/redacted_imei_06580_000187.sbd: OK
incois-arpy-decoder/decoder-ui/data/cts4/SBD-BGC-raw/06580/20140408/redacted_imei_06580_000189.sbd: OK
incois-arpy-decoder/decoder-ui/data/cts4/SBD-BGC-raw/06580/20140408/redacted_imei_06580_000190.sbd: OK
incois-arpy-decoder/decoder-ui/data/cts4/SBD-BGC-raw/06580/20140408/redacted_imei_06580_000191.sbd: OK
incois-arpy-decoder/decoder-ui/data/cts4/SBD-BGC-raw/06580/20140408/redacted_imei_06580_000193.sbd: OK
incois-arpy-decoder/decoder-ui/data/cts4/SBD-BGC-raw/06580/20140413/redacted_imei_06580_000195.sbd: OK
incois-arpy-decoder/decoder-ui/data/cts4/SBD-BGC-raw/06580/20140413/redacted_imei_06580_000196.sbd: OK
incois-arpy-decoder/decoder-ui/data/cts4/SBD-BGC-raw/06580/20140413/redacted_imei_06580_000197.sbd: OK
incois-arpy-decoder/decoder-ui/data/cts4/SBD-BGC-raw/06580/20140413/redacted_imei_06580_000199.sbd: OK
incois-arpy-decoder/decoder-ui/data/cts4/SBD-BGC-raw/06580/20140418/redacted_imei_06580_000201.sbd: OK
incois-arpy-decoder/decoder-ui/data/cts4/SBD-BGC-raw/06580/20140418/redacted_imei_06580_000202.sbd: OK
incois-arpy-decoder/decoder-ui/data/cts4/SBD-BGC-raw/06580/20140418/redacted_imei_06580_000203.sbd: OK
incois-arpy-decoder/decoder-ui/data/cts4/SBD-BGC-raw/06580/20140418/redacted_imei_06580_000205.sbd: OK
incois-arpy-decoder/decoder-ui/data/cts4/SBD-BGC-raw/06580/20140423/redacted_imei_06580_000207.sbd: OK
incois-arpy-decoder/decoder-ui/data/cts4/SBD-BGC-raw/06580/20140423/redacted_imei_06580_000208.sbd: OK
incois-arpy-decoder/decoder-ui/data/cts4/SBD-BGC-raw/06580/20140423/redacted_imei_06580_000209.sbd: OK
incois-arpy-decoder/decoder-ui/data/cts4/SBD-BGC-raw/06580/20140423/redacted_imei_06580_000211.sbd: OK
incois-arpy-decoder/decoder-ui/data/cts4/SBD-BGC-raw/06580/20140428/redacted_imei_06580_000213.sbd: OK
incois-arpy-decoder/decoder-ui/data/cts4/SBD-BGC-raw/06580/20140428/redacted_imei_06580_000214.sbd: OK
incois-arpy-decoder/decoder-ui/data/cts4/SBD-BGC-raw/06580/20140428/redacted_imei_06580_000215.sbd: OK
incois-arpy-decoder/decoder-ui/data/cts4/SBD-BGC-raw/06580/20140428/redacted_imei_06580_000217.sbd: OK
incois-arpy-decoder/decoder-ui/data/cts4/SBD-BGC-raw/06580/20140503/redacted_imei_06580_000219.sbd: OK
incois-arpy-decoder/decoder-ui/data/cts4/SBD-BGC-raw/06580/20140503/redacted_imei_06580_000220.sbd: OK
incois-arpy-decoder/decoder-ui/data/cts4/SBD-BGC-raw/06580/20140503/redacted_imei_06580_000222.sbd: OK
incois-arpy-decoder/decoder-ui/data/cts4/SBD-BGC-raw/06580/20140508/redacted_imei_06580_000224.sbd: OK
incois-arpy-decoder/decoder-ui/data/cts4/SBD-BGC-raw/06580/20140508/redacted_imei_06580_000225.sbd: OK
incois-arpy-decoder/decoder-ui/data/cts4/SBD-BGC-raw/06580/20140508/redacted_imei_06580_000226.sbd: OK
incois-arpy-decoder/decoder-ui/data/cts4/SBD-BGC-raw/06580/20140508/redacted_imei_06580_000228.sbd: OK
incois-arpy-decoder/decoder-ui/data/cts4/SBD-BGC-raw/06640/20140224/redacted_imei_06640_000031.sbd: OK
incois-arpy-decoder/decoder-ui/data/cts4/SBD-BGC-raw/06640/20140305/redacted_imei_06640_000033.sbd: OK
incois-arpy-decoder/decoder-ui/data/cts4/SBD-BGC-raw/06640/20140305/redacted_imei_06640_000036.sbd: OK
incois-arpy-decoder/decoder-ui/data/cts4/SBD-BGC-raw/06640/20140309/redacted_imei_06640_000040.sbd: OK
incois-arpy-decoder/decoder-ui/data/cts4/SBD-BGC-raw/06640/20140309/redacted_imei_06640_000042.sbd: OK
incois-arpy-decoder/decoder-ui/data/cts4/SBD-BGC-raw/06640/20140309/redacted_imei_06640_000044.sbd: OK
incois-arpy-decoder/decoder-ui/data/cts4/SBD-BGC-raw/06640/20140309/redacted_imei_06640_000046.sbd: OK
incois-arpy-decoder/decoder-ui/data/cts4/SBD-BGC-raw/06640/20140309/redacted_imei_06640_000048.sbd: OK
incois-arpy-decoder/decoder-ui/data/cts4/SBD-BGC-raw/06640/20140309/redacted_imei_06640_000050.sbd: OK
incois-arpy-decoder/decoder-ui/data/cts4/SBD-BGC-raw/06640/20140309/redacted_imei_06640_000051.sbd: OK
incois-arpy-decoder/decoder-ui/data/cts4/SBD-BGC-raw/06640/20140309/redacted_imei_06640_000052.sbd: OK
incois-arpy-decoder/decoder-ui/data/cts4/SBD-BGC-raw/06640/20140309/redacted_imei_06640_000054.sbd: OK
incois-arpy-decoder/decoder-ui/data/cts4/SBD-BGC-raw/06640/20140319/redacted_imei_06640_000056.sbd: OK
incois-arpy-decoder/decoder-ui/data/cts4/SBD-BGC-raw/06640/20140319/redacted_imei_06640_000057.sbd: OK
incois-arpy-decoder/decoder-ui/data/cts4/SBD-BGC-raw/06640/20140319/redacted_imei_06640_000058.sbd: OK
incois-arpy-decoder/decoder-ui/data/cts4/SBD-BGC-raw/06640/20140319/redacted_imei_06640_000060.sbd: OK
incois-arpy-decoder/decoder-ui/data/cts4/SBD-BGC-raw/06640/20140329/redacted_imei_06640_000062.sbd: OK
incois-arpy-decoder/decoder-ui/data/cts4/SBD-BGC-raw/06640/20140329/redacted_imei_06640_000063.sbd: OK
incois-arpy-decoder/decoder-ui/data/cts4/SBD-BGC-raw/06640/20140329/redacted_imei_06640_000064.sbd: OK
incois-arpy-decoder/decoder-ui/data/cts4/SBD-BGC-raw/06640/20140329/redacted_imei_06640_000066.sbd: OK
incois-arpy-decoder/decoder-ui/data/cts4/SBD-BGC-raw/06640/20140408/redacted_imei_06640_000068.sbd: OK
incois-arpy-decoder/decoder-ui/data/cts4/SBD-BGC-raw/06640/20140408/redacted_imei_06640_000069.sbd: OK
incois-arpy-decoder/decoder-ui/data/cts4/SBD-BGC-raw/06640/20140408/redacted_imei_06640_000070.sbd: OK
incois-arpy-decoder/decoder-ui/data/cts4/SBD-BGC-raw/06640/20140408/redacted_imei_06640_000072.sbd: OK
incois-arpy-decoder/decoder-ui/data/cts4/SBD-BGC-raw/06640/20140418/redacted_imei_06640_000074.sbd: OK
incois-arpy-decoder/decoder-ui/data/cts4/SBD-BGC-raw/06640/20140418/redacted_imei_06640_000075.sbd: OK
incois-arpy-decoder/decoder-ui/data/cts4/SBD-BGC-raw/06640/20140418/redacted_imei_06640_000076.sbd: OK
incois-arpy-decoder/decoder-ui/data/cts4/SBD-BGC-raw/06640/20140418/redacted_imei_06640_000078.sbd: OK
incois-arpy-decoder/decoder-ui/data/cts4/SBD-BGC-raw/06640/20140428/redacted_imei_06640_000080.sbd: OK
incois-arpy-decoder/decoder-ui/data/cts4/SBD-BGC-raw/06640/20140428/redacted_imei_06640_000081.sbd: OK
incois-arpy-decoder/decoder-ui/data/cts4/SBD-BGC-raw/06640/20140428/redacted_imei_06640_000082.sbd: OK
incois-arpy-decoder/decoder-ui/data/cts4/SBD-BGC-raw/06640/20140428/redacted_imei_06640_000084.sbd: OK
incois-arpy-decoder/decoder-ui/data/cts4/SBD-BGC-raw/06640/20140508/redacted_imei_06640_000086.sbd: OK
incois-arpy-decoder/decoder-ui/data/cts4/SBD-BGC-raw/06640/20140508/redacted_imei_06640_000087.sbd: OK
incois-arpy-decoder/decoder-ui/data/cts4/SBD-BGC-raw/06640/20140508/redacted_imei_06640_000088.sbd: OK
incois-arpy-decoder/decoder-ui/data/cts4/SBD-BGC-raw/06640/20140508/redacted_imei_06640_000090.sbd: OK
incois-arpy-decoder/decoder-ui/data/cts4/SBD-BGC-raw/12170/20140221/redacted_imei_12170_000606.sbd: OK
incois-arpy-decoder/decoder-ui/data/cts4/SBD-BGC-raw/12170/20140221/redacted_imei_12170_000607.sbd: OK
incois-arpy-decoder/decoder-ui/data/cts4/SBD-BGC-raw/12170/20140221/redacted_imei_12170_000608.sbd: OK
incois-arpy-decoder/decoder-ui/data/cts4/SBD-BGC-raw/12170/20140221/redacted_imei_12170_000610.sbd: OK
incois-arpy-decoder/decoder-ui/data/cts4/SBD-BGC-raw/12170/20140226/redacted_imei_12170_000612.sbd: OK
incois-arpy-decoder/decoder-ui/data/cts4/SBD-BGC-raw/12170/20140226/redacted_imei_12170_000613.sbd: OK
incois-arpy-decoder/decoder-ui/data/cts4/SBD-BGC-raw/12170/20140226/redacted_imei_12170_000614.sbd: OK
incois-arpy-decoder/decoder-ui/data/cts4/SBD-BGC-raw/12170/20140226/redacted_imei_12170_000616.sbd: OK
incois-arpy-decoder/decoder-ui/data/cts4/SBD-BGC-raw/12170/20140303/redacted_imei_12170_000618.sbd: OK
incois-arpy-decoder/decoder-ui/data/cts4/SBD-BGC-raw/12170/20140303/redacted_imei_12170_000619.sbd: OK
incois-arpy-decoder/decoder-ui/data/cts4/SBD-BGC-raw/12170/20140303/redacted_imei_12170_000620.sbd: OK
incois-arpy-decoder/decoder-ui/data/cts4/SBD-BGC-raw/12170/20140303/redacted_imei_12170_000622.sbd: OK
incois-arpy-decoder/decoder-ui/data/cts4/SBD-BGC-raw/12170/20140308/redacted_imei_12170_000624.sbd: OK
incois-arpy-decoder/decoder-ui/data/cts4/SBD-BGC-raw/12170/20140308/redacted_imei_12170_000625.sbd: OK
incois-arpy-decoder/decoder-ui/data/cts4/SBD-BGC-raw/12170/20140308/redacted_imei_12170_000626.sbd: OK
incois-arpy-decoder/decoder-ui/data/cts4/SBD-BGC-raw/12170/20140308/redacted_imei_12170_000628.sbd: OK
incois-arpy-decoder/decoder-ui/data/cts4/SBD-BGC-raw/12170/20140313/redacted_imei_12170_000630.sbd: OK
incois-arpy-decoder/decoder-ui/data/cts4/SBD-BGC-raw/12170/20140313/redacted_imei_12170_000631.sbd: OK
incois-arpy-decoder/decoder-ui/data/cts4/SBD-BGC-raw/12170/20140313/redacted_imei_12170_000632.sbd: OK
incois-arpy-decoder/decoder-ui/data/cts4/SBD-BGC-raw/12170/20140318/redacted_imei_12170_000632.sbd: OK
incois-arpy-decoder/decoder-ui/data/cts4/SBD-BGC-raw/12170/20140318/redacted_imei_12170_000633.sbd: OK
incois-arpy-decoder/decoder-ui/data/cts4/SBD-BGC-raw/12170/20140318/redacted_imei_12170_000634.sbd: OK
incois-arpy-decoder/decoder-ui/data/cts4/SBD-BGC-raw/12170/20140318/redacted_imei_12170_000636.sbd: OK
incois-arpy-decoder/decoder-ui/data/cts4/SBD-BGC-raw/12170/20140323/redacted_imei_12170_000638.sbd: OK
incois-arpy-decoder/decoder-ui/data/cts4/SBD-BGC-raw/12170/20140323/redacted_imei_12170_000639.sbd: OK
incois-arpy-decoder/decoder-ui/data/cts4/SBD-BGC-raw/12170/20140323/redacted_imei_12170_000640.sbd: OK
incois-arpy-decoder/decoder-ui/data/cts4/SBD-BGC-raw/12170/20140323/redacted_imei_12170_000642.sbd: OK
incois-arpy-decoder/decoder-ui/data/cts4/SBD-BGC-raw/12170/20140328/redacted_imei_12170_000644.sbd: OK
incois-arpy-decoder/decoder-ui/data/cts4/SBD-BGC-raw/12170/20140328/redacted_imei_12170_000645.sbd: OK
incois-arpy-decoder/decoder-ui/data/cts4/SBD-BGC-raw/12170/20140328/redacted_imei_12170_000646.sbd: OK
incois-arpy-decoder/decoder-ui/data/cts4/SBD-BGC-raw/12170/20140328/redacted_imei_12170_000648.sbd: OK
incois-arpy-decoder/decoder-ui/data/cts4/SBD-BGC-raw/12170/20140402/redacted_imei_12170_000650.sbd: OK
incois-arpy-decoder/decoder-ui/data/cts4/SBD-BGC-raw/12170/20140402/redacted_imei_12170_000651.sbd: OK
incois-arpy-decoder/decoder-ui/data/cts4/SBD-BGC-raw/12170/20140402/redacted_imei_12170_000652.sbd: OK
incois-arpy-decoder/decoder-ui/data/cts4/SBD-BGC-raw/12170/20140402/redacted_imei_12170_000654.sbd: OK
incois-arpy-decoder/decoder-ui/data/cts4/SBD-BGC-raw/12170/20140407/redacted_imei_12170_000656.sbd: OK
incois-arpy-decoder/decoder-ui/data/cts4/SBD-BGC-raw/12170/20140407/redacted_imei_12170_000657.sbd: OK
incois-arpy-decoder/decoder-ui/data/cts4/SBD-BGC-raw/12170/20140407/redacted_imei_12170_000658.sbd: OK
incois-arpy-decoder/decoder-ui/data/cts4/SBD-BGC-raw/12170/20140407/redacted_imei_12170_000660.sbd: OK
incois-arpy-decoder/decoder-ui/data/cts4/SBD-BGC-raw/12170/20140412/redacted_imei_12170_000662.sbd: OK
incois-arpy-decoder/decoder-ui/data/cts4/SBD-BGC-raw/12170/20140412/redacted_imei_12170_000663.sbd: OK
incois-arpy-decoder/decoder-ui/data/cts4/SBD-BGC-raw/12170/20140412/redacted_imei_12170_000664.sbd: OK
incois-arpy-decoder/decoder-ui/data/cts4/SBD-BGC-raw/12170/20140412/redacted_imei_12170_000666.sbd: OK
incois-arpy-decoder/decoder-ui/data/cts4/SBD-BGC-raw/12170/20140417/redacted_imei_12170_000668.sbd: OK
incois-arpy-decoder/decoder-ui/data/cts4/SBD-BGC-raw/12170/20140417/redacted_imei_12170_000669.sbd: OK
incois-arpy-decoder/decoder-ui/data/cts4/SBD-BGC-raw/12170/20140417/redacted_imei_12170_000670.sbd: OK
incois-arpy-decoder/decoder-ui/data/cts4/SBD-BGC-raw/12170/20140417/redacted_imei_12170_000672.sbd: OK
incois-arpy-decoder/decoder-ui/data/cts4/SBD-BGC-raw/12170/20140422/redacted_imei_12170_000674.sbd: OK
incois-arpy-decoder/decoder-ui/data/cts4/SBD-BGC-raw/12170/20140422/redacted_imei_12170_000675.sbd: OK
incois-arpy-decoder/decoder-ui/data/cts4/SBD-BGC-raw/12170/20140422/redacted_imei_12170_000676.sbd: OK
incois-arpy-decoder/decoder-ui/data/cts4/SBD-BGC-raw/12170/20140422/redacted_imei_12170_000678.sbd: OK
incois-arpy-decoder/decoder-ui/data/cts4/SBD-BGC-raw/12170/20140427/redacted_imei_12170_000680.sbd: OK
incois-arpy-decoder/decoder-ui/data/cts4/SBD-BGC-raw/12170/20140427/redacted_imei_12170_000681.sbd: OK
incois-arpy-decoder/decoder-ui/data/cts4/SBD-BGC-raw/12170/20140427/redacted_imei_12170_000682.sbd: OK
incois-arpy-decoder/decoder-ui/data/cts4/SBD-BGC-raw/12170/20140427/redacted_imei_12170_000684.sbd: OK
incois-arpy-decoder/decoder-ui/data/cts4/SBD-BGC-raw/12170/20140502/redacted_imei_12170_000686.sbd: OK
incois-arpy-decoder/decoder-ui/data/cts4/SBD-BGC-raw/12170/20140502/redacted_imei_12170_000687.sbd: OK
incois-arpy-decoder/decoder-ui/data/cts4/SBD-BGC-raw/12170/20140502/redacted_imei_12170_000688.sbd: OK
incois-arpy-decoder/decoder-ui/data/cts4/SBD-BGC-raw/12170/20140502/redacted_imei_12170_000690.sbd: OK
incois-arpy-decoder/decoder-ui/data/cts4/SBD-BGC-raw/12170/20140507/redacted_imei_12170_000692.sbd: OK
incois-arpy-decoder/decoder-ui/data/cts4/SBD-BGC-raw/12170/20140507/redacted_imei_12170_000693.sbd: OK
incois-arpy-decoder/decoder-ui/data/cts4/SBD-BGC-raw/12170/20140507/redacted_imei_12170_000694.sbd: OK
incois-arpy-decoder/decoder-ui/data/cts4/SBD-BGC-raw/12170/20140507/redacted_imei_12170_000696.sbd: OK
incois-arpy-decoder/decoder-ui/data/cts4/SBD-BGC-raw/17960/20140218/redacted_imei_17960_000285.sbd: OK
incois-arpy-decoder/decoder-ui/data/cts4/SBD-BGC-raw/17960/20140218/redacted_imei_17960_000286.sbd: OK
incois-arpy-decoder/decoder-ui/data/cts4/SBD-BGC-raw/17960/20140218/redacted_imei_17960_000287.sbd: OK
incois-arpy-decoder/decoder-ui/data/cts4/SBD-BGC-raw/17960/20140218/redacted_imei_17960_000289.sbd: OK
incois-arpy-decoder/decoder-ui/data/cts4/SBD-BGC-raw/17960/20140228/redacted_imei_17960_000291.sbd: OK
incois-arpy-decoder/decoder-ui/data/cts4/SBD-BGC-raw/17960/20140228/redacted_imei_17960_000292.sbd: OK
incois-arpy-decoder/decoder-ui/data/cts4/SBD-BGC-raw/17960/20140228/redacted_imei_17960_000293.sbd: OK
incois-arpy-decoder/decoder-ui/data/cts4/SBD-BGC-raw/17960/20140228/redacted_imei_17960_000295.sbd: OK
incois-arpy-decoder/decoder-ui/data/cts4/SBD-BGC-raw/17960/20140310/redacted_imei_17960_000297.sbd: OK
incois-arpy-decoder/decoder-ui/data/cts4/SBD-BGC-raw/17960/20140310/redacted_imei_17960_000298.sbd: OK
incois-arpy-decoder/decoder-ui/data/cts4/SBD-BGC-raw/17960/20140310/redacted_imei_17960_000299.sbd: OK
incois-arpy-decoder/decoder-ui/data/cts4/SBD-BGC-raw/17960/20140310/redacted_imei_17960_000301.sbd: OK
incois-arpy-decoder/decoder-ui/data/cts4/SBD-BGC-raw/17960/20140320/redacted_imei_17960_000303.sbd: OK
incois-arpy-decoder/decoder-ui/data/cts4/SBD-BGC-raw/17960/20140320/redacted_imei_17960_000304.sbd: OK
incois-arpy-decoder/decoder-ui/data/cts4/SBD-BGC-raw/17960/20140320/redacted_imei_17960_000305.sbd: OK
incois-arpy-decoder/decoder-ui/data/cts4/SBD-BGC-raw/17960/20140320/redacted_imei_17960_000307.sbd: OK
incois-arpy-decoder/decoder-ui/data/cts4/SBD-BGC-raw/17960/20140330/redacted_imei_17960_000309.sbd: OK
incois-arpy-decoder/decoder-ui/data/cts4/SBD-BGC-raw/17960/20140330/redacted_imei_17960_000310.sbd: OK
incois-arpy-decoder/decoder-ui/data/cts4/SBD-BGC-raw/17960/20140330/redacted_imei_17960_000311.sbd: OK
incois-arpy-decoder/decoder-ui/data/cts4/SBD-BGC-raw/17960/20140330/redacted_imei_17960_000313.sbd: OK
incois-arpy-decoder/decoder-ui/data/cts4/SBD-BGC-raw/17960/20140409/redacted_imei_17960_000315.sbd: OK
incois-arpy-decoder/decoder-ui/data/cts4/SBD-BGC-raw/17960/20140409/redacted_imei_17960_000316.sbd: OK
incois-arpy-decoder/decoder-ui/data/cts4/SBD-BGC-raw/17960/20140409/redacted_imei_17960_000317.sbd: OK
incois-arpy-decoder/decoder-ui/data/cts4/SBD-BGC-raw/17960/20140409/redacted_imei_17960_000319.sbd: OK
incois-arpy-decoder/decoder-ui/data/cts4/SBD-BGC-raw/17960/20140419/redacted_imei_17960_000321.sbd: OK
incois-arpy-decoder/decoder-ui/data/cts4/SBD-BGC-raw/17960/20140419/redacted_imei_17960_000322.sbd: OK
incois-arpy-decoder/decoder-ui/data/cts4/SBD-BGC-raw/17960/20140419/redacted_imei_17960_000323.sbd: OK
incois-arpy-decoder/decoder-ui/data/cts4/SBD-BGC-raw/17960/20140419/redacted_imei_17960_000325.sbd: OK
incois-arpy-decoder/decoder-ui/data/cts4/SBD-BGC-raw/17960/20140429/redacted_imei_17960_000327.sbd: OK
incois-arpy-decoder/decoder-ui/data/cts4/SBD-BGC-raw/17960/20140429/redacted_imei_17960_000328.sbd: OK
incois-arpy-decoder/decoder-ui/data/cts4/SBD-BGC-raw/17960/20140429/redacted_imei_17960_000329.sbd: OK
incois-arpy-decoder/decoder-ui/data/cts4/SBD-BGC-raw/17960/20140429/redacted_imei_17960_000331.sbd: OK
incois-arpy-decoder/decoder-ui/data/cts4/SBD-BGC-raw/17960/20140509/redacted_imei_17960_000333.sbd: OK
incois-arpy-decoder/decoder-ui/data/cts4/SBD-BGC-raw/17960/20140509/redacted_imei_17960_000334.sbd: OK
incois-arpy-decoder/decoder-ui/data/cts4/SBD-BGC-raw/17960/20140509/redacted_imei_17960_000335.sbd: OK
incois-arpy-decoder/decoder-ui/data/cts4/SBD-BGC-raw/17960/20140509/redacted_imei_17960_000337.sbd: OK
incois-arpy-decoder/decoder-ui/data/cts4/SBD-BGC-raw/20000/20140218/redacted_imei_20000_000298.sbd: OK
incois-arpy-decoder/decoder-ui/data/cts4/SBD-BGC-raw/20000/20140218/redacted_imei_20000_000299.sbd: OK
incois-arpy-decoder/decoder-ui/data/cts4/SBD-BGC-raw/20000/20140218/redacted_imei_20000_000300.sbd: OK
incois-arpy-decoder/decoder-ui/data/cts4/SBD-BGC-raw/20000/20140218/redacted_imei_20000_000302.sbd: OK
incois-arpy-decoder/decoder-ui/data/cts4/SBD-BGC-raw/20000/20140228/redacted_imei_20000_000304.sbd: OK
incois-arpy-decoder/decoder-ui/data/cts4/SBD-BGC-raw/20000/20140228/redacted_imei_20000_000305.sbd: OK
incois-arpy-decoder/decoder-ui/data/cts4/SBD-BGC-raw/20000/20140228/redacted_imei_20000_000306.sbd: OK
incois-arpy-decoder/decoder-ui/data/cts4/SBD-BGC-raw/20000/20140228/redacted_imei_20000_000308.sbd: OK
incois-arpy-decoder/decoder-ui/data/cts4/SBD-BGC-raw/20000/20140310/redacted_imei_20000_000310.sbd: OK
incois-arpy-decoder/decoder-ui/data/cts4/SBD-BGC-raw/20000/20140310/redacted_imei_20000_000311.sbd: OK
incois-arpy-decoder/decoder-ui/data/cts4/SBD-BGC-raw/20000/20140310/redacted_imei_20000_000312.sbd: OK
incois-arpy-decoder/decoder-ui/data/cts4/SBD-BGC-raw/20000/20140310/redacted_imei_20000_000314.sbd: OK
incois-arpy-decoder/decoder-ui/data/cts4/SBD-BGC-raw/20000/20140320/redacted_imei_20000_000316.sbd: OK
incois-arpy-decoder/decoder-ui/data/cts4/SBD-BGC-raw/20000/20140320/redacted_imei_20000_000317.sbd: OK
incois-arpy-decoder/decoder-ui/data/cts4/SBD-BGC-raw/20000/20140320/redacted_imei_20000_000318.sbd: OK
incois-arpy-decoder/decoder-ui/data/cts4/SBD-BGC-raw/20000/20140320/redacted_imei_20000_000320.sbd: OK
incois-arpy-decoder/decoder-ui/data/cts4/SBD-BGC-raw/20000/20140330/redacted_imei_20000_000322.sbd: OK
incois-arpy-decoder/decoder-ui/data/cts4/SBD-BGC-raw/20000/20140330/redacted_imei_20000_000323.sbd: OK
incois-arpy-decoder/decoder-ui/data/cts4/SBD-BGC-raw/20000/20140330/redacted_imei_20000_000324.sbd: OK
incois-arpy-decoder/decoder-ui/data/cts4/SBD-BGC-raw/20000/20140330/redacted_imei_20000_000326.sbd: OK
incois-arpy-decoder/decoder-ui/data/cts4/SBD-BGC-raw/20000/20140409/redacted_imei_20000_000328.sbd: OK
incois-arpy-decoder/decoder-ui/data/cts4/SBD-BGC-raw/20000/20140409/redacted_imei_20000_000329.sbd: OK
incois-arpy-decoder/decoder-ui/data/cts4/SBD-BGC-raw/20000/20140409/redacted_imei_20000_000330.sbd: OK
incois-arpy-decoder/decoder-ui/data/cts4/SBD-BGC-raw/20000/20140409/redacted_imei_20000_000332.sbd: OK
incois-arpy-decoder/decoder-ui/data/cts4/SBD-BGC-raw/20000/20140419/redacted_imei_20000_000334.sbd: OK
incois-arpy-decoder/decoder-ui/data/cts4/SBD-BGC-raw/20000/20140419/redacted_imei_20000_000335.sbd: OK
incois-arpy-decoder/decoder-ui/data/cts4/SBD-BGC-raw/20000/20140419/redacted_imei_20000_000336.sbd: OK
incois-arpy-decoder/decoder-ui/data/cts4/SBD-BGC-raw/20000/20140419/redacted_imei_20000_000338.sbd: OK
incois-arpy-decoder/decoder-ui/data/cts4/SBD-BGC-raw/20000/20140429/redacted_imei_20000_000340.sbd: OK
incois-arpy-decoder/decoder-ui/data/cts4/SBD-BGC-raw/20000/20140429/redacted_imei_20000_000341.sbd: OK
incois-arpy-decoder/decoder-ui/data/cts4/SBD-BGC-raw/20000/20140429/redacted_imei_20000_000342.sbd: OK
incois-arpy-decoder/decoder-ui/data/cts4/SBD-BGC-raw/20000/20140429/redacted_imei_20000_000344.sbd: OK
incois-arpy-decoder/decoder-ui/data/cts4/SBD-BGC-raw/20000/20140509/redacted_imei_20000_000346.sbd: OK
incois-arpy-decoder/decoder-ui/data/cts4/SBD-BGC-raw/20000/20140509/redacted_imei_20000_000347.sbd: OK
incois-arpy-decoder/decoder-ui/data/cts4/SBD-BGC-raw/20000/20140509/redacted_imei_20000_000348.sbd: OK
incois-arpy-decoder/decoder-ui/data/cts4/SBD-BGC-raw/20000/20140509/redacted_imei_20000_000350.sbd: OK
incois-arpy-decoder/decoder-ui/data/cts4/SBD-BGC-raw/25980/20140221/redacted_imei_25980_000859.sbd: OK
incois-arpy-decoder/decoder-ui/data/cts4/SBD-BGC-raw/25980/20140221/redacted_imei_25980_000860.sbd: OK
incois-arpy-decoder/decoder-ui/data/cts4/SBD-BGC-raw/25980/20140221/redacted_imei_25980_000861.sbd: OK
incois-arpy-decoder/decoder-ui/data/cts4/SBD-BGC-raw/25980/20140221/redacted_imei_25980_000863.sbd: OK
incois-arpy-decoder/decoder-ui/data/cts4/SBD-BGC-raw/25980/20140226/redacted_imei_25980_000865.sbd: OK
incois-arpy-decoder/decoder-ui/data/cts4/SBD-BGC-raw/25980/20140226/redacted_imei_25980_000866.sbd: OK
incois-arpy-decoder/decoder-ui/data/cts4/SBD-BGC-raw/25980/20140226/redacted_imei_25980_000867.sbd: OK
incois-arpy-decoder/decoder-ui/data/cts4/SBD-BGC-raw/25980/20140303/redacted_imei_25980_000867.sbd: OK
incois-arpy-decoder/decoder-ui/data/cts4/SBD-BGC-raw/25980/20140303/redacted_imei_25980_000868.sbd: OK
incois-arpy-decoder/decoder-ui/data/cts4/SBD-BGC-raw/25980/20140303/redacted_imei_25980_000869.sbd: OK
incois-arpy-decoder/decoder-ui/data/cts4/SBD-BGC-raw/25980/20140303/redacted_imei_25980_000871.sbd: OK
incois-arpy-decoder/decoder-ui/data/cts4/SBD-BGC-raw/25980/20140308/redacted_imei_25980_000873.sbd: OK
incois-arpy-decoder/decoder-ui/data/cts4/SBD-BGC-raw/25980/20140308/redacted_imei_25980_000874.sbd: OK
incois-arpy-decoder/decoder-ui/data/cts4/SBD-BGC-raw/25980/20140308/redacted_imei_25980_000875.sbd: OK
incois-arpy-decoder/decoder-ui/data/cts4/SBD-BGC-raw/25980/20140308/redacted_imei_25980_000877.sbd: OK
incois-arpy-decoder/decoder-ui/data/cts4/SBD-BGC-raw/25980/20140313/redacted_imei_25980_000879.sbd: OK
incois-arpy-decoder/decoder-ui/data/cts4/SBD-BGC-raw/25980/20140313/redacted_imei_25980_000880.sbd: OK
incois-arpy-decoder/decoder-ui/data/cts4/SBD-BGC-raw/25980/20140313/redacted_imei_25980_000881.sbd: OK
incois-arpy-decoder/decoder-ui/data/cts4/SBD-BGC-raw/25980/20140313/redacted_imei_25980_000883.sbd: OK
incois-arpy-decoder/decoder-ui/data/cts4/SBD-BGC-raw/25980/20140318/redacted_imei_25980_000885.sbd: OK
incois-arpy-decoder/decoder-ui/data/cts4/SBD-BGC-raw/25980/20140318/redacted_imei_25980_000886.sbd: OK
incois-arpy-decoder/decoder-ui/data/cts4/SBD-BGC-raw/25980/20140318/redacted_imei_25980_000887.sbd: OK
incois-arpy-decoder/decoder-ui/data/cts4/SBD-BGC-raw/25980/20140318/redacted_imei_25980_000889.sbd: OK
incois-arpy-decoder/decoder-ui/data/cts4/SBD-BGC-raw/25980/20140323/redacted_imei_25980_000891.sbd: OK
incois-arpy-decoder/decoder-ui/data/cts4/SBD-BGC-raw/25980/20140323/redacted_imei_25980_000892.sbd: OK
incois-arpy-decoder/decoder-ui/data/cts4/SBD-BGC-raw/25980/20140323/redacted_imei_25980_000893.sbd: OK
incois-arpy-decoder/decoder-ui/data/cts4/SBD-BGC-raw/25980/20140323/redacted_imei_25980_000895.sbd: OK
incois-arpy-decoder/decoder-ui/data/cts4/SBD-BGC-raw/25980/20140328/redacted_imei_25980_000897.sbd: OK
incois-arpy-decoder/decoder-ui/data/cts4/SBD-BGC-raw/25980/20140328/redacted_imei_25980_000898.sbd: OK
incois-arpy-decoder/decoder-ui/data/cts4/SBD-BGC-raw/25980/20140328/redacted_imei_25980_000899.sbd: OK
incois-arpy-decoder/decoder-ui/data/cts4/SBD-BGC-raw/25980/20140328/redacted_imei_25980_000901.sbd: OK
incois-arpy-decoder/decoder-ui/data/cts4/SBD-BGC-raw/25980/20140402/redacted_imei_25980_000903.sbd: OK
incois-arpy-decoder/decoder-ui/data/cts4/SBD-BGC-raw/25980/20140402/redacted_imei_25980_000904.sbd: OK
incois-arpy-decoder/decoder-ui/data/cts4/SBD-BGC-raw/25980/20140402/redacted_imei_25980_000905.sbd: OK
incois-arpy-decoder/decoder-ui/data/cts4/SBD-BGC-raw/25980/20140402/redacted_imei_25980_000907.sbd: OK
incois-arpy-decoder/decoder-ui/data/cts4/SBD-BGC-raw/25980/20140407/redacted_imei_25980_000909.sbd: OK
incois-arpy-decoder/decoder-ui/data/cts4/SBD-BGC-raw/25980/20140407/redacted_imei_25980_000910.sbd: OK
incois-arpy-decoder/decoder-ui/data/cts4/SBD-BGC-raw/25980/20140407/redacted_imei_25980_000911.sbd: OK
incois-arpy-decoder/decoder-ui/data/cts4/SBD-BGC-raw/25980/20140407/redacted_imei_25980_000913.sbd: OK
incois-arpy-decoder/decoder-ui/data/cts4/SBD-BGC-raw/25980/20140412/redacted_imei_25980_000915.sbd: OK
incois-arpy-decoder/decoder-ui/data/cts4/SBD-BGC-raw/25980/20140412/redacted_imei_25980_000916.sbd: OK
incois-arpy-decoder/decoder-ui/data/cts4/SBD-BGC-raw/25980/20140412/redacted_imei_25980_000917.sbd: OK
incois-arpy-decoder/decoder-ui/data/cts4/SBD-BGC-raw/25980/20140412/redacted_imei_25980_000919.sbd: OK
incois-arpy-decoder/decoder-ui/data/cts4/SBD-BGC-raw/25980/20140417/redacted_imei_25980_000921.sbd: OK
incois-arpy-decoder/decoder-ui/data/cts4/SBD-BGC-raw/25980/20140417/redacted_imei_25980_000922.sbd: OK
incois-arpy-decoder/decoder-ui/data/cts4/SBD-BGC-raw/25980/20140417/redacted_imei_25980_000923.sbd: OK
incois-arpy-decoder/decoder-ui/data/cts4/SBD-BGC-raw/25980/20140417/redacted_imei_25980_000925.sbd: OK
incois-arpy-decoder/decoder-ui/data/cts4/SBD-BGC-raw/25980/20140422/redacted_imei_25980_000927.sbd: OK
incois-arpy-decoder/decoder-ui/data/cts4/SBD-BGC-raw/25980/20140422/redacted_imei_25980_000928.sbd: OK
incois-arpy-decoder/decoder-ui/data/cts4/SBD-BGC-raw/25980/20140422/redacted_imei_25980_000929.sbd: OK
incois-arpy-decoder/decoder-ui/data/cts4/SBD-BGC-raw/25980/20140422/redacted_imei_25980_000931.sbd: OK
incois-arpy-decoder/decoder-ui/data/cts4/SBD-BGC-raw/25980/20140427/redacted_imei_25980_000933.sbd: OK
incois-arpy-decoder/decoder-ui/data/cts4/SBD-BGC-raw/25980/20140427/redacted_imei_25980_000934.sbd: OK
incois-arpy-decoder/decoder-ui/data/cts4/SBD-BGC-raw/25980/20140427/redacted_imei_25980_000935.sbd: OK
incois-arpy-decoder/decoder-ui/data/cts4/SBD-BGC-raw/25980/20140427/redacted_imei_25980_000937.sbd: OK
incois-arpy-decoder/decoder-ui/data/cts4/SBD-BGC-raw/25980/20140502/redacted_imei_25980_000939.sbd: OK
incois-arpy-decoder/decoder-ui/data/cts4/SBD-BGC-raw/25980/20140502/redacted_imei_25980_000940.sbd: OK
incois-arpy-decoder/decoder-ui/data/cts4/SBD-BGC-raw/25980/20140502/redacted_imei_25980_000941.sbd: OK
incois-arpy-decoder/decoder-ui/data/cts4/SBD-BGC-raw/25980/20140502/redacted_imei_25980_000943.sbd: OK
incois-arpy-decoder/decoder-ui/data/cts4/SBD-BGC-raw/25980/20140507/redacted_imei_25980_000945.sbd: OK
incois-arpy-decoder/decoder-ui/data/cts4/SBD-BGC-raw/25980/20140507/redacted_imei_25980_000946.sbd: OK
incois-arpy-decoder/decoder-ui/data/cts4/SBD-BGC-raw/25980/20140507/redacted_imei_25980_000947.sbd: OK
incois-arpy-decoder/decoder-ui/data/cts4/SBD-BGC-raw/25980/20140507/redacted_imei_25980_000949.sbd: OK
incois-arpy-decoder/decoder-ui/data/cts4/SBD-BGC-raw/29030/20140224/redacted_imei_29030_000273.sbd: OK
incois-arpy-decoder/decoder-ui/data/cts4/SBD-BGC-raw/29030/20140224/redacted_imei_29030_000274.sbd: OK
incois-arpy-decoder/decoder-ui/data/cts4/SBD-BGC-raw/29030/20140224/redacted_imei_29030_000275.sbd: OK
incois-arpy-decoder/decoder-ui/data/cts4/SBD-BGC-raw/29030/20140224/redacted_imei_29030_000277.sbd: OK
incois-arpy-decoder/decoder-ui/data/cts4/SBD-BGC-raw/29030/20140306/redacted_imei_29030_000279.sbd: OK
incois-arpy-decoder/decoder-ui/data/cts4/SBD-BGC-raw/29030/20140306/redacted_imei_29030_000280.sbd: OK
incois-arpy-decoder/decoder-ui/data/cts4/SBD-BGC-raw/29030/20140306/redacted_imei_29030_000281.sbd: OK
incois-arpy-decoder/decoder-ui/data/cts4/SBD-BGC-raw/29030/20140306/redacted_imei_29030_000283.sbd: OK
incois-arpy-decoder/decoder-ui/data/cts4/SBD-BGC-raw/29030/20140316/redacted_imei_29030_000285.sbd: OK
incois-arpy-decoder/decoder-ui/data/cts4/SBD-BGC-raw/29030/20140316/redacted_imei_29030_000286.sbd: OK
incois-arpy-decoder/decoder-ui/data/cts4/SBD-BGC-raw/29030/20140316/redacted_imei_29030_000287.sbd: OK
incois-arpy-decoder/decoder-ui/data/cts4/SBD-BGC-raw/29030/20140326/redacted_imei_29030_000287.sbd: OK
incois-arpy-decoder/decoder-ui/data/cts4/SBD-BGC-raw/29030/20140326/redacted_imei_29030_000288.sbd: OK
incois-arpy-decoder/decoder-ui/data/cts4/SBD-BGC-raw/29030/20140326/redacted_imei_29030_000289.sbd: OK
incois-arpy-decoder/decoder-ui/data/cts4/SBD-BGC-raw/29030/20140326/redacted_imei_29030_000291.sbd: OK
incois-arpy-decoder/decoder-ui/data/cts4/SBD-BGC-raw/29030/20140405/redacted_imei_29030_000293.sbd: OK
incois-arpy-decoder/decoder-ui/data/cts4/SBD-BGC-raw/29030/20140405/redacted_imei_29030_000294.sbd: OK
incois-arpy-decoder/decoder-ui/data/cts4/SBD-BGC-raw/29030/20140405/redacted_imei_29030_000295.sbd: OK
incois-arpy-decoder/decoder-ui/data/cts4/SBD-BGC-raw/29030/20140405/redacted_imei_29030_000297.sbd: OK
incois-arpy-decoder/decoder-ui/data/cts4/SBD-BGC-raw/29030/20140415/redacted_imei_29030_000299.sbd: OK
incois-arpy-decoder/decoder-ui/data/cts4/SBD-BGC-raw/29030/20140415/redacted_imei_29030_000300.sbd: OK
incois-arpy-decoder/decoder-ui/data/cts4/SBD-BGC-raw/29030/20140415/redacted_imei_29030_000301.sbd: OK
incois-arpy-decoder/decoder-ui/data/cts4/SBD-BGC-raw/29030/20140415/redacted_imei_29030_000303.sbd: OK
incois-arpy-decoder/decoder-ui/data/cts4/SBD-BGC-raw/29030/20140425/redacted_imei_29030_000305.sbd: OK
incois-arpy-decoder/decoder-ui/data/cts4/SBD-BGC-raw/29030/20140425/redacted_imei_29030_000306.sbd: OK
incois-arpy-decoder/decoder-ui/data/cts4/SBD-BGC-raw/29030/20140425/redacted_imei_29030_000307.sbd: OK
incois-arpy-decoder/decoder-ui/data/cts4/SBD-BGC-raw/29030/20140505/redacted_imei_29030_000307.sbd: OK
incois-arpy-decoder/decoder-ui/data/cts4/SBD-BGC-raw/29030/20140505/redacted_imei_29030_000308.sbd: OK
incois-arpy-decoder/decoder-ui/data/cts4/SBD-BGC-raw/29030/20140505/redacted_imei_29030_000309.sbd: OK
incois-arpy-decoder/decoder-ui/data/cts4/SBD-BGC-raw/29030/20140505/redacted_imei_29030_000311.sbd: OK
incois-arpy-decoder/decoder-ui/data/fleet_status/cache.json: OK
incois-arpy-decoder/decoder-ui/data/geography/README.md: OK
incois-arpy-decoder/decoder-ui/data/geography/india_eez.geojson: OK
incois-arpy-decoder/decoder-ui/docs/CTS4_BGC_SUPPORT.md: OK
incois-arpy-decoder/decoder-ui/docs/EEZ_FINAL_REPORT.md: OK
incois-arpy-decoder/decoder-ui/docs/EEZ_VERIFICATION.md: OK
incois-arpy-decoder/decoder-ui/frontend/baseline-map.mjs: OK
incois-arpy-decoder/decoder-ui/frontend/e2e/decodeAllGating.e2e.mjs: OK
incois-arpy-decoder/decoder-ui/frontend/e2e/eezLayer.e2e.mjs: OK
incois-arpy-decoder/decoder-ui/frontend/e2e/fleetMap.e2e.mjs: OK
incois-arpy-decoder/decoder-ui/frontend/e2e/fleetStatus.e2e.mjs: OK
incois-arpy-decoder/decoder-ui/frontend/e2e/geoVerify.mjs: OK
incois-arpy-decoder/decoder-ui/frontend/e2e/ingestionArrivals.e2e.mjs: OK
incois-arpy-decoder/decoder-ui/frontend/e2e/investigationDetail.e2e.mjs: OK
incois-arpy-decoder/decoder-ui/frontend/index.html: OK
incois-arpy-decoder/decoder-ui/frontend/package-lock.json: OK
incois-arpy-decoder/decoder-ui/frontend/package.json: OK
incois-arpy-decoder/decoder-ui/frontend/public/decoder_flowchart.html: OK
incois-arpy-decoder/decoder-ui/frontend/src/App.tsx: OK
incois-arpy-decoder/decoder-ui/frontend/src/assets/fleet_basemap.jpg: OK
incois-arpy-decoder/decoder-ui/frontend/src/components/BatchProgressBanner.tsx: OK
incois-arpy-decoder/decoder-ui/frontend/src/components/BatchResultsModal.tsx: OK
incois-arpy-decoder/decoder-ui/frontend/src/components/CenterPanel.tsx: OK
incois-arpy-decoder/decoder-ui/frontend/src/components/CircularPipelineNode.tsx: OK
incois-arpy-decoder/decoder-ui/frontend/src/components/CycleDetailModal.tsx: OK
incois-arpy-decoder/decoder-ui/frontend/src/components/CycleNavigator.tsx: OK
incois-arpy-decoder/decoder-ui/frontend/src/components/DecodeAllCompleteModal.tsx: OK
incois-arpy-decoder/decoder-ui/frontend/src/components/EezCombinedAlert.test.tsx: OK
incois-arpy-decoder/decoder-ui/frontend/src/components/EezCombinedAlert.tsx: OK
incois-arpy-decoder/decoder-ui/frontend/src/components/ErrorInvestigationPanel.tsx: OK
incois-arpy-decoder/decoder-ui/frontend/src/components/EventDetailDrawer.tsx: OK
incois-arpy-decoder/decoder-ui/frontend/src/components/FleetOceanMap.eez.ssr.test.tsx: OK
incois-arpy-decoder/decoder-ui/frontend/src/components/FleetOceanMap.ssr.test.tsx: OK
incois-arpy-decoder/decoder-ui/frontend/src/components/FleetOceanMap.tsx: OK
incois-arpy-decoder/decoder-ui/frontend/src/components/FloatStatusPage.tsx: OK
incois-arpy-decoder/decoder-ui/frontend/src/components/FlowchartModal.tsx: OK
incois-arpy-decoder/decoder-ui/frontend/src/components/Header.tsx: OK
incois-arpy-decoder/decoder-ui/frontend/src/components/LeftPanel.tsx: OK
incois-arpy-decoder/decoder-ui/frontend/src/components/NewArrivalsPanel.tsx: OK
incois-arpy-decoder/decoder-ui/frontend/src/components/OutputFilesModal.tsx: OK
incois-arpy-decoder/decoder-ui/frontend/src/components/ResultsWorkspace.tsx: OK
incois-arpy-decoder/decoder-ui/frontend/src/components/RightPanel.tsx: OK
incois-arpy-decoder/decoder-ui/frontend/src/components/RtqcModal.tsx: OK
incois-arpy-decoder/decoder-ui/frontend/src/components/RunHistoryModal.tsx: OK
incois-arpy-decoder/decoder-ui/frontend/src/components/ScientificProfileChart.tsx: OK
incois-arpy-decoder/decoder-ui/frontend/src/components/esriFleetView.ts: OK
incois-arpy-decoder/decoder-ui/frontend/src/components/fleetMapModel.test.ts: OK
incois-arpy-decoder/decoder-ui/frontend/src/components/fleetMapModel.ts: OK
incois-arpy-decoder/decoder-ui/frontend/src/components/mapProjection.test.ts: OK
incois-arpy-decoder/decoder-ui/frontend/src/components/mapProjection.ts: OK
incois-arpy-decoder/decoder-ui/frontend/src/components/worldGeo.ts: OK
incois-arpy-decoder/decoder-ui/frontend/src/index.css: OK
incois-arpy-decoder/decoder-ui/frontend/src/main.tsx: OK
incois-arpy-decoder/decoder-ui/frontend/src/store/decodeAllGating.test.ts: OK
incois-arpy-decoder/decoder-ui/frontend/src/store/eez.test.ts: OK
incois-arpy-decoder/decoder-ui/frontend/src/store/ingestionArrivals.test.ts: OK
incois-arpy-decoder/decoder-ui/frontend/src/store/investigation.test.ts: OK
incois-arpy-decoder/decoder-ui/frontend/src/store/useDecoderStore.ts: OK
incois-arpy-decoder/decoder-ui/frontend/src/store/useFleetStatusStore.ts: OK
incois-arpy-decoder/decoder-ui/frontend/src/types/index.ts: OK
incois-arpy-decoder/decoder-ui/frontend/src/utils/ansi.ts: OK
incois-arpy-decoder/decoder-ui/frontend/src/utils/fleetStatus.test.ts: OK
incois-arpy-decoder/decoder-ui/frontend/src/utils/fleetStatus.ts: OK
incois-arpy-decoder/decoder-ui/frontend/src/utils/indiaEez.test.ts: OK
incois-arpy-decoder/decoder-ui/frontend/src/utils/indiaEez.ts: OK
incois-arpy-decoder/decoder-ui/frontend/src/utils/investigate.test.ts: OK
incois-arpy-decoder/decoder-ui/frontend/src/utils/investigate.ts: OK
incois-arpy-decoder/decoder-ui/frontend/src/utils/useFadePresence.ts: OK
incois-arpy-decoder/decoder-ui/frontend/src/vite-env.d.ts: OK
incois-arpy-decoder/decoder-ui/frontend/tailwind.config.js: OK
incois-arpy-decoder/decoder-ui/frontend/tools/basemap/README.md: OK
incois-arpy-decoder/decoder-ui/frontend/tools/basemap/build_basemap.py: OK
incois-arpy-decoder/decoder-ui/frontend/tools/basemap/calibrate_basemap.py: OK
incois-arpy-decoder/decoder-ui/frontend/tools/basemap/rebuild_basemap.py: OK
incois-arpy-decoder/decoder-ui/frontend/tools/basemap/verify_asset.py: OK
incois-arpy-decoder/decoder-ui/frontend/tools/basemap/verify_calib.py: OK
incois-arpy-decoder/decoder-ui/frontend/tsconfig.json: OK
incois-arpy-decoder/decoder-ui/frontend/vite.config.ts: OK
incois-arpy-decoder/decoder-ui/service/api.py: OK
incois-arpy-decoder/decoder-ui/service/bgc_reader.py: OK
incois-arpy-decoder/decoder-ui/service/cts4_runner.py: OK
incois-arpy-decoder/decoder-ui/service/datasources/__init__.py: OK
incois-arpy-decoder/decoder-ui/service/datasources/ftp.py: OK
incois-arpy-decoder/decoder-ui/service/datasources/local.py: OK
incois-arpy-decoder/decoder-ui/service/email_notifier.py: OK
incois-arpy-decoder/decoder-ui/service/event_bus.py: OK
incois-arpy-decoder/decoder-ui/service/fleet_status.py: OK
incois-arpy-decoder/decoder-ui/service/ingestion.py: OK
incois-arpy-decoder/decoder-ui/service/main.py: OK
incois-arpy-decoder/decoder-ui/service/models.py: OK
incois-arpy-decoder/decoder-ui/service/path_resolver.py: OK
incois-arpy-decoder/decoder-ui/service/pdf_report.py: OK
incois-arpy-decoder/decoder-ui/service/report_data.py: OK
incois-arpy-decoder/decoder-ui/service/requirements.txt: OK
incois-arpy-decoder/decoder-ui/service/runner_instrumentation.py: OK
incois-arpy-decoder/decoder-ui/service/triage.py: OK
incois-arpy-decoder/decoder-ui/tests/test_decode_all_gating.py: OK
incois-arpy-decoder/decoder-ui/tests/test_email_deeplink.py: OK
incois-arpy-decoder/decoder-ui/tests/test_fleet_status.py: OK
incois-arpy-decoder/decoder-ui/tests/test_geography.py: OK
incois-arpy-decoder/decoder-ui/tests/test_ingestion.py: OK
incois-arpy-decoder/decoder-ui/tests/test_investigate.py: OK
incois-arpy-decoder/decoder-ui/tests/test_triage.py: OK
incois-arpy-decoder/decoder_flowchart.html: OK
incois-arpy-decoder/deploy/Dockerfile: OK
incois-arpy-decoder/deploy/README.md: OK
incois-arpy-decoder/deploy/compose.python-shadow.yaml: OK
incois-arpy-decoder/docs/ABP_COPY_SELECTION_INVESTIGATION.md: OK
incois-arpy-decoder/docs/ABP_EXACT_CORIOLIS_VERIFICATION.md: OK
incois-arpy-decoder/docs/APF9_FINAL_PARITY_BASELINE.md: OK
incois-arpy-decoder/docs/BATHYMETRY_SETUP.md: OK
incois-arpy-decoder/docs/CYCLE_COLLISION_2902224_INVESTIGATION.md: OK
incois-arpy-decoder/docs/CYCLE_NUMBERING.md: OK
incois-arpy-decoder/docs/DECODER_ARCHITECTURE_CORIOLIS_AUDIT.md: OK
incois-arpy-decoder/docs/DECODER_ASSUMPTION_AUDIT.md: OK
incois-arpy-decoder/docs/DECODER_ROUTING_AUTHORITY.md: OK
incois-arpy-decoder/docs/DECODE_LOCALLY.md: OK
incois-arpy-decoder/docs/END_MISSION_DATE.md: OK
incois-arpy-decoder/docs/FILENAME_SUFFIX_SEMANTICS.md: OK
incois-arpy-decoder/docs/FLAG_PROFILETERMINATION_INVESTIGATION.md: OK
incois-arpy-decoder/docs/FLAG_PROFILETERMINATION_PARTB.md: OK
incois-arpy-decoder/docs/GROUNDED_INVESTIGATION.md: OK
incois-arpy-decoder/docs/POST_C1_FLEET_BASELINE.md: OK
incois-arpy-decoder/docs/POST_STARTDATE_PARITY_INVESTIGATION.md: OK
incois-arpy-decoder/docs/PROFILE_JULD_INVESTIGATION.md: OK
incois-arpy-decoder/docs/PROJECT_STATUS.md: OK
incois-arpy-decoder/docs/RTRAJ_JULD_INVESTIGATION.md: OK
incois-arpy-decoder/docs/RUN_ARVOR_I_LOCALLY.md: OK
incois-arpy-decoder/docs/RUN_LOCALLY_WINDOWS.md: OK
incois-arpy-decoder/docs/SENSOR_MAKER_FILECHECKER_INVESTIGATION.md: OK
incois-arpy-decoder/docs/SPEC_VS_CORIOLIS_INVESTIGATION.md: OK
incois-arpy-decoder/docs/START_DATE_INVESTIGATION.md: OK
incois-arpy-decoder/docs/VACUUM_1005_INVESTIGATION.md: OK
incois-arpy-decoder/docs/VACUUM_1010_REANALYSIS.md: OK
incois-arpy-decoder/docs/api/README.md: OK
incois-arpy-decoder/docs/architecture/README.md: OK
incois-arpy-decoder/docs/architecture/architecture.md: OK
incois-arpy-decoder/docs/architecture/decoder_table.md: OK
incois-arpy-decoder/docs/architecture/metadata.md: OK
incois-arpy-decoder/docs/architecture/platforms.md: OK
incois-arpy-decoder/docs/developers/README.md: OK
incois-arpy-decoder/docs/developers/onboarding.md: OK
incois-arpy-decoder/docs/developers/shadow_run.md: OK
incois-arpy-decoder/docs/phase_reports/APF9_COMPLETION_PLAN.md: OK
incois-arpy-decoder/docs/phase_reports/APF9_COMPLETION_REPORT.md: OK
incois-arpy-decoder/docs/phase_reports/ARVOR_I_FINAL_GDAC_PARITY_AUDIT_2026-08-28.md: OK
incois-arpy-decoder/docs/phase_reports/ARVOR_I_META_NC_MAPPING_2026-08-27.md: OK
incois-arpy-decoder/docs/phase_reports/ARVOR_I_MONO_PROFILE_IMPLEMENTATION_PLAN_2026-08-27.md: OK
incois-arpy-decoder/docs/phase_reports/ARVOR_I_MONO_PROFILE_MAPPING_2026-08-27.md: OK
incois-arpy-decoder/docs/phase_reports/ARVOR_I_PHASE1_RAW_2026-08-24.md: OK
incois-arpy-decoder/docs/phase_reports/ARVOR_I_PHASE2_CYCLE_RECONSTRUCTION_2026-08-24.md: OK
incois-arpy-decoder/docs/phase_reports/ARVOR_I_PHASE3_SCIENCE_RECONSTRUCTION_2026-08-25.md: OK
incois-arpy-decoder/docs/phase_reports/ARVOR_I_PHASE4A_TECH_2026-08-27.md: OK
incois-arpy-decoder/docs/phase_reports/ARVOR_I_PHASE4A_TECH_MAPPING_2026-08-26.md: OK
incois-arpy-decoder/docs/phase_reports/ARVOR_I_PHASE4B_RTRAJ_2026-08-27.md: OK
incois-arpy-decoder/docs/phase_reports/ARVOR_I_PHASE4B_RTRAJ_MAPPING_2026-08-27.md: OK
incois-arpy-decoder/docs/phase_reports/ARVOR_I_PHASE5_MONO_PROF_2026-08-27.md: OK
incois-arpy-decoder/docs/phase_reports/ARVOR_I_PHASE6_META_2026-08-27.md: OK
incois-arpy-decoder/docs/phase_reports/ARVOR_I_REMAINING_BUFFERS_DECISION_2026-08-27.md: OK
incois-arpy-decoder/docs/phase_reports/ARVOR_I_RTQC_SPEC_AUDIT_2026-09-04.md: OK
incois-arpy-decoder/docs/phase_reports/ARVOR_I_RTRAJ_DEEP_PARITY_2026-08-31.md: OK
incois-arpy-decoder/docs/phase_reports/ARVOR_I_RTRAJ_FINAL_STANDARDS_2026-08-31.md: OK
incois-arpy-decoder/docs/phase_reports/ARVOR_I_RTRAJ_REMAINING_FIXES_2026-08-31.md: OK
incois-arpy-decoder/docs/phase_reports/DOCUMENTATION_AUDIT_REPORT.md: OK
incois-arpy-decoder/docs/phase_reports/GDAC_DIFFERENCE_RCA.md: OK
incois-arpy-decoder/docs/phase_reports/M2_REVISITED.md: OK
incois-arpy-decoder/docs/phase_reports/METADATA_MIGRATION_REPORT.md: OK
incois-arpy-decoder/docs/phase_reports/README.md: OK
incois-arpy-decoder/docs/phase_reports/multi_profile_admt_audit.json: OK
incois-arpy-decoder/docs/phase_reports/phase4_argos_kickoff.md: OK
incois-arpy-decoder/docs/phase_reports/phase4_argos_raw_audit.json: OK
incois-arpy-decoder/docs/phase_reports/phase4_argos_raw_audit.md: OK
incois-arpy-decoder/docs/phase_reports/phase4_closure.md: OK
incois-arpy-decoder/docs/phase_reports/phase5_mono_profile_admt_baseline.json: OK
incois-arpy-decoder/docs/phase_reports/phase5_mono_profile_admt_baseline.md: OK
incois-arpy-decoder/docs/phase_reports/phase5_setup.md: OK
incois-arpy-decoder/docs/phase_reports/phase5a1_baseline_verification.md: OK
incois-arpy-decoder/docs/phase_reports/phase6a2_metadata_audit.json: OK
incois-arpy-decoder/docs/phase_reports/phase6a3_engineering_audit.json: OK
incois-arpy-decoder/docs/phase_reports/phase6a3_engineering_map.md: OK
incois-arpy-decoder/docs/phase_reports/phase6a4_technical_audit.json: OK
incois-arpy-decoder/docs/phase_reports/phase6a_traj_plan.md: OK
incois-arpy-decoder/docs/phase_reports/phase6a_trajectory_audit.json: OK
incois-arpy-decoder/docs/scientific/README.md: OK
incois-arpy-decoder/docs/user/README.md: OK
incois-arpy-decoder/docs/user/cli_reference.md: OK
incois-arpy-decoder/docs/user/running_locally.md: OK
incois-arpy-decoder/gdac_arvor_i_ref/1902844_Rtraj.nc: OK
incois-arpy-decoder/gdac_arvor_i_ref/1902844_meta.nc: OK
incois-arpy-decoder/gdac_arvor_i_ref/1902844_prof.nc: OK
incois-arpy-decoder/gdac_arvor_i_ref/1902844_tech.nc: OK
incois-arpy-decoder/gdac_arvor_i_ref/2904082_Rtraj.nc: OK
incois-arpy-decoder/gdac_arvor_i_ref/2904082_meta.nc: OK
incois-arpy-decoder/gdac_arvor_i_ref/2904082_prof.nc: OK
incois-arpy-decoder/gdac_arvor_i_ref/2904082_tech.nc: OK
incois-arpy-decoder/gdac_arvor_i_ref/6990711_Rtraj.nc: OK
incois-arpy-decoder/gdac_arvor_i_ref/6990711_meta.nc: OK
incois-arpy-decoder/gdac_arvor_i_ref/6990711_tech.nc: OK
incois-arpy-decoder/gdac_arvor_i_ref/7902408_Rtraj.nc: OK
incois-arpy-decoder/gdac_arvor_i_ref/7902408_meta.nc: OK
incois-arpy-decoder/gdac_arvor_i_ref/7902408_tech.nc: OK
incois-arpy-decoder/gdac_arvor_i_ref/profiles/6990711/R6990711_001.nc: OK
incois-arpy-decoder/gdac_arvor_i_ref/profiles/6990711/R6990711_002.nc: OK
incois-arpy-decoder/gdac_arvor_i_ref/profiles/6990711/R6990711_003.nc: OK
incois-arpy-decoder/gdac_arvor_i_ref/profiles/6990711/R6990711_004.nc: OK
incois-arpy-decoder/gdac_arvor_i_ref/profiles/6990711/R6990711_005.nc: OK
incois-arpy-decoder/gdac_arvor_i_ref/profiles/6990711/R6990711_006.nc: OK
incois-arpy-decoder/gdac_arvor_i_ref/profiles/6990711/R6990711_007.nc: OK
incois-arpy-decoder/gdac_arvor_i_ref/profiles/7902408/R7902408_001.nc: OK
incois-arpy-decoder/gdac_arvor_i_ref/profiles/7902408/R7902408_002.nc: OK
incois-arpy-decoder/gdac_arvor_i_ref/profiles/7902408/R7902408_003.nc: OK
incois-arpy-decoder/gdac_arvor_i_ref/profiles/7902408/R7902408_004.nc: OK
incois-arpy-decoder/gdac_arvor_i_ref/profiles/7902408/R7902408_005.nc: OK
incois-arpy-decoder/gdac_arvor_i_ref/profiles/7902408/R7902408_006.nc: OK
incois-arpy-decoder/gdac_arvor_i_ref/profiles/7902408/R7902408_007.nc: OK
incois-arpy-decoder/gdac_arvor_i_ref/profiles/7902408/R7902408_008.nc: OK
incois-arpy-decoder/gdac_arvor_i_ref/profiles/7902408/R7902408_009.nc: OK
incois-arpy-decoder/gdac_arvor_i_ref/profiles/7902408/R7902408_010.nc: OK
incois-arpy-decoder/gdac_arvor_i_ref/profiles/7902408/R7902408_011.nc: OK
incois-arpy-decoder/gdac_arvor_i_ref/profiles/7902408/R7902408_012.nc: OK
incois-arpy-decoder/gdac_arvor_i_ref/profiles/7902408/R7902408_013.nc: OK
incois-arpy-decoder/gdac_arvor_i_ref/profiles/7902408/R7902408_014.nc: OK
incois-arpy-decoder/gdac_arvor_i_ref/profiles/7902408/R7902408_015.nc: OK
incois-arpy-decoder/gdac_arvor_i_ref/profiles/7902408/R7902408_016.nc: OK
incois-arpy-decoder/handoff.md: OK
incois-arpy-decoder/patches/0001-Results-page-remove-small-fleet-map-from-normal-view.patch: OK
incois-arpy-decoder/patches/golden_stub_backup/co041404_golden_6902892.xml: OK
incois-arpy-decoder/patches/ui_verify_screenshots/ui_history.png: OK
incois-arpy-decoder/patches/ui_verify_screenshots/ui_results_view.png: OK
incois-arpy-decoder/patches/ui_verify_screenshots/ui_verify_final.png: OK
incois-arpy-decoder/patches/ui_verify_screenshots/ui_verify_stage3.png: OK
incois-arpy-decoder/phase4_reference/gdac_profiles/D2901339_001.nc: OK
incois-arpy-decoder/phase4_reference/gdac_profiles/D2901339_002.nc: OK
incois-arpy-decoder/phase4_reference/gdac_profiles/D2901339_003.nc: OK
incois-arpy-decoder/phase4_reference/gdac_profiles/D2901339_004.nc: OK
incois-arpy-decoder/phase4_reference/gdac_profiles/D2901339_005.nc: OK
incois-arpy-decoder/phase4_reference/gdac_profiles/D2901339_006.nc: OK
incois-arpy-decoder/phase4_reference/gdac_profiles/D2901339_007.nc: OK
incois-arpy-decoder/phase4_reference/gdac_profiles/D2901339_008.nc: OK
incois-arpy-decoder/phase4_reference/gdac_profiles/D2901339_009.nc: OK
incois-arpy-decoder/phase4_reference/gdac_profiles/D2901339_010.nc: OK
incois-arpy-decoder/phase4_reference/gdac_profiles/D2901339_011.nc: OK
incois-arpy-decoder/phase4_reference/gdac_profiles/D2901339_012.nc: OK
incois-arpy-decoder/phase4_reference/gdac_profiles/D2901339_013.nc: OK
incois-arpy-decoder/phase4_reference/gdac_profiles/D2901339_014.nc: OK
incois-arpy-decoder/phase4_reference/gdac_profiles/D2901339_015.nc: OK
incois-arpy-decoder/phase4_reference/gdac_profiles/D2901339_016.nc: OK
incois-arpy-decoder/phase4_reference/gdac_profiles/D2901339_017.nc: OK
incois-arpy-decoder/phase4_reference/gdac_profiles/D2901339_018.nc: OK
incois-arpy-decoder/phase4_reference/gdac_profiles/D2901339_019.nc: OK
incois-arpy-decoder/phase4_reference/gdac_profiles/D2901339_020.nc: OK
incois-arpy-decoder/phase4_reference/gdac_profiles/D2901339_021.nc: OK
incois-arpy-decoder/phase4_reference/gdac_profiles/D2901339_022.nc: OK
incois-arpy-decoder/phase4_reference/gdac_profiles/D2901339_023.nc: OK
incois-arpy-decoder/phase4_reference/gdac_profiles/D2901339_024.nc: OK
incois-arpy-decoder/phase4_reference/gdac_profiles/D2901339_025.nc: OK
incois-arpy-decoder/phase4_reference/gdac_profiles/D2901339_026.nc: OK
incois-arpy-decoder/phase4_reference/gdac_profiles/D2901339_027.nc: OK
incois-arpy-decoder/phase4_reference/gdac_profiles/D2901339_028.nc: OK
incois-arpy-decoder/phase4_reference/gdac_profiles/D2901339_029.nc: OK
incois-arpy-decoder/phase4_reference/gdac_profiles/D2901339_030.nc: OK
incois-arpy-decoder/phase4_reference/gdac_profiles/D2901339_031.nc: OK
incois-arpy-decoder/phase4_reference/gdac_profiles/D2901339_032.nc: OK
incois-arpy-decoder/phase4_reference/gdac_profiles/D2901339_033.nc: OK
incois-arpy-decoder/phase4_reference/gdac_profiles/D2901339_034.nc: OK
incois-arpy-decoder/phase4_reference/gdac_profiles/D2901339_035.nc: OK
incois-arpy-decoder/phase4_reference/gdac_profiles/D2901339_036.nc: OK
incois-arpy-decoder/phase4_reference/gdac_profiles/D2901339_037.nc: OK
incois-arpy-decoder/phase4_reference/gdac_profiles/D2901339_038.nc: OK
incois-arpy-decoder/phase4_reference/gdac_profiles/D2901339_039.nc: OK
incois-arpy-decoder/phase4_reference/gdac_profiles/D2901339_040.nc: OK
incois-arpy-decoder/phase4_reference/gdac_profiles/D2901339_041.nc: OK
incois-arpy-decoder/phase4_reference/gdac_profiles/D2901339_042.nc: OK
incois-arpy-decoder/phase4_reference/gdac_profiles/D2901339_043.nc: OK
incois-arpy-decoder/phase4_reference/gdac_profiles/D2901339_044.nc: OK
incois-arpy-decoder/phase4_reference/gdac_profiles/D2901339_045.nc: OK
incois-arpy-decoder/phase4_reference/gdac_profiles/D2901339_046.nc: OK
incois-arpy-decoder/phase4_reference/gdac_profiles/D2901339_047.nc: OK
incois-arpy-decoder/phase4_reference/gdac_profiles/D2901339_048.nc: OK
incois-arpy-decoder/phase4_reference/gdac_profiles/D2901339_049.nc: OK
incois-arpy-decoder/phase4_reference/gdac_profiles/D2901339_050.nc: OK
incois-arpy-decoder/phase4_reference/gdac_profiles/D2901339_051.nc: OK
incois-arpy-decoder/phase4_reference/gdac_profiles/D2901339_052.nc: OK
incois-arpy-decoder/phase4_reference/gdac_profiles/D2901339_053.nc: OK
incois-arpy-decoder/phase4_reference/gdac_profiles/D2901339_054.nc: OK
incois-arpy-decoder/phase4_reference/gdac_profiles/D2901339_055.nc: OK
incois-arpy-decoder/phase4_reference/gdac_profiles/D2901339_056.nc: OK
incois-arpy-decoder/phase4_reference/gdac_profiles/D2901339_057.nc: OK
incois-arpy-decoder/phase4_reference/gdac_profiles/D2901339_058.nc: OK
incois-arpy-decoder/phase4_reference/gdac_profiles/D2901339_059.nc: OK
incois-arpy-decoder/phase4_reference/gdac_profiles/D2901339_060.nc: OK
incois-arpy-decoder/phase4_reference/gdac_profiles/D2901339_061.nc: OK
incois-arpy-decoder/phase4_reference/gdac_profiles/D2901339_062.nc: OK
incois-arpy-decoder/phase4_reference/gdac_profiles/D2901339_063.nc: OK
incois-arpy-decoder/phase4_reference/gdac_profiles/D2901339_064.nc: OK
incois-arpy-decoder/phase4_reference/gdac_profiles/D2901339_065.nc: OK
incois-arpy-decoder/phase4_reference/gdac_profiles/D2901339_066.nc: OK
incois-arpy-decoder/phase4_reference/gdac_profiles/D2901339_067.nc: OK
incois-arpy-decoder/phase4_reference/gdac_profiles/D2901339_068.nc: OK
incois-arpy-decoder/phase4_reference/gdac_profiles/D2901339_069.nc: OK
incois-arpy-decoder/phase4_reference/gdac_profiles/D2901339_070.nc: OK
incois-arpy-decoder/phase4_reference/gdac_profiles/D2901339_071.nc: OK
incois-arpy-decoder/phase4_reference/gdac_profiles/R2902222_327.nc: OK
incois-arpy-decoder/phase4_reference/gdac_profiles/R2902222_328.nc: OK
incois-arpy-decoder/phase4_reference/gdac_profiles/R2902222_329.nc: OK
incois-arpy-decoder/phase4_reference/gdac_profiles/R2902223_327.nc: OK
incois-arpy-decoder/phase4_reference/gdac_profiles/R2902223_328.nc: OK
incois-arpy-decoder/phase4_reference/gdac_profiles/R2902223_329.nc: OK
incois-arpy-decoder/phase4_reference/raw/raw-files/024-0319/024-0319.220.20221211T135322.science_log.bin.gz: OK
incois-arpy-decoder/phase4_reference/raw/raw-files/024-0319/024-0319.220.20221211T135326.vitals_log.bin.gz: OK
incois-arpy-decoder/phase4_reference/raw/raw-files/024-0319/024-0319.220.20221211T135328.system_log.txt.gz: OK
incois-arpy-decoder/phase4_reference/raw/raw-files/024-0319/024-0319.221.20221216T151926.science_log.bin.gz: OK
incois-arpy-decoder/phase4_reference/raw/raw-files/024-0319/024-0319.221.20221216T151930.vitals_log.bin.gz: OK
incois-arpy-decoder/phase4_reference/raw/raw-files/024-0319/024-0319.221.20221216T151932.system_log.txt.gz: OK
incois-arpy-decoder/phase4_reference/raw/raw-files/024-0319/024-0319.222.20221221T160000.science_log.bin.gz: OK
incois-arpy-decoder/phase4_reference/raw/raw-files/024-0319/024-0319.222.20221221T160004.vitals_log.bin.gz: OK
incois-arpy-decoder/phase4_reference/raw/raw-files/024-0319/024-0319.222.20221221T160006.system_log.txt.gz: OK
incois-arpy-decoder/phase4_reference/raw/raw-files/024-0319/024-0319.223.20221226T163002.science_log.bin.gz: OK
incois-arpy-decoder/phase4_reference/raw/raw-files/024-0319/024-0319.223.20221226T163008.system_log.txt.gz: OK
incois-arpy-decoder/phase4_reference/raw/raw-files/024-0319/024-0319.223.20221226T163008.vitals_log.bin.gz: OK
incois-arpy-decoder/phase4_reference/raw/raw-files/024-0319/024-0319.224.20221231T131454.science_log.bin.gz: OK
incois-arpy-decoder/phase4_reference/raw/raw-files/024-0319/024-0319.224.20221231T131458.system_log.txt.gz: OK
incois-arpy-decoder/phase4_reference/raw/raw-files/024-0319/024-0319.224.20221231T131458.vitals_log.bin.gz: OK
incois-arpy-decoder/phase4_reference/raw/raw-files/024-0319/024-0319.225.20230105T143730.science_log.bin.gz: OK
incois-arpy-decoder/phase4_reference/raw/raw-files/024-0319/024-0319.225.20230105T143734.vitals_log.bin.gz: OK
incois-arpy-decoder/phase4_reference/raw/raw-files/024-0319/024-0319.225.20230105T143736.system_log.txt.gz: OK
incois-arpy-decoder/phase4_reference/raw/raw-files/024-0319/024-0319.226.20230110T152926.science_log.bin.gz: OK
incois-arpy-decoder/phase4_reference/raw/raw-files/024-0319/024-0319.226.20230110T152930.vitals_log.bin.gz: OK
incois-arpy-decoder/phase4_reference/raw/raw-files/024-0319/024-0319.226.20230110T152932.system_log.txt.gz: OK
incois-arpy-decoder/phase4_reference/raw/raw-files/024-0319/024-0319.227.20230115T163258.science_log.bin.gz: OK
incois-arpy-decoder/phase4_reference/raw/raw-files/024-0319/024-0319.227.20230115T163302.system_log.txt.gz: OK
incois-arpy-decoder/phase4_reference/raw/raw-files/024-0319/024-0319.227.20230115T163302.vitals_log.bin.gz: OK
incois-arpy-decoder/phase4_reference/raw/raw-files/152382/152382_2025-12-26_2902223_326.txt: OK
incois-arpy-decoder/phase4_reference/raw/raw-files/152382/152382_2026-01-05_2902223_327.txt: OK
incois-arpy-decoder/phase4_reference/raw/raw-files/152382/152382_2026-01-15_2902223_328.txt: OK
incois-arpy-decoder/phase4_reference/raw/raw-files/152397/152397_2025-12-31_2902206_359.txt: OK
incois-arpy-decoder/phase4_reference/raw/raw-files/152397/152397_2026-01-10_2902206_360.txt: OK
incois-arpy-decoder/phase4_reference/raw/raw-files/152397/152397_2026-01-20_2902206_361.txt: OK
incois-arpy-decoder/phase4_reference/raw/raw-files/152398/152398_2025-12-26_2902203_359.txt: OK
incois-arpy-decoder/phase4_reference/raw/raw-files/152398/152398_2026-01-05_2902203_360.txt: OK
incois-arpy-decoder/phase4_reference/raw/raw-files/152398/152398_2026-01-15_2902203_361.txt: OK
incois-arpy-decoder/phase4_reference/raw/raw-files/152399/152399_2025-12-25_2902201_358.txt: OK
incois-arpy-decoder/phase4_reference/raw/raw-files/152399/152399_2026-01-04_2902201_359.txt: OK
incois-arpy-decoder/phase4_reference/raw/raw-files/152399/152399_2026-01-14_2902201_360.txt: OK
incois-arpy-decoder/phase4_reference/raw/raw-files/7521/7521_000_226.log: OK
incois-arpy-decoder/phase4_reference/raw/raw-files/7521/7521_000_226.msg: OK
incois-arpy-decoder/phase4_reference/raw/raw-files/7521/7521_000_257.log: OK
incois-arpy-decoder/phase4_reference/raw/raw-files/7521/7521_000_257.msg: OK
incois-arpy-decoder/phase4_reference/raw/raw-files/7521/7521_000_258.log: OK
incois-arpy-decoder/phase4_reference/raw/raw-files/7521/7521_000_258.msg: OK
incois-arpy-decoder/phase4_reference/raw/raw-files/7521/7521_000_259.log: OK
incois-arpy-decoder/phase4_reference/raw/raw-files/7521/7521_000_259.msg: OK
incois-arpy-decoder/phase4_reference/raw/raw-files/7521/7521_000_260.log: OK
incois-arpy-decoder/phase4_reference/raw/raw-files/7521/7521_000_260.msg: OK
incois-arpy-decoder/phase4_reference/raw/raw-files/7521/7521_000_261.log: OK
incois-arpy-decoder/phase4_reference/raw/raw-files/7521/7521_000_261.msg: OK
incois-arpy-decoder/phase4_reference/raw/raw-files/7521/7521_000_262.log: OK
incois-arpy-decoder/phase4_reference/raw/raw-files/7521/7521_000_262.msg: OK
incois-arpy-decoder/phase4_reference/raw/raw-files/7521/7521_000_263.log: OK
incois-arpy-decoder/phase4_reference/raw/raw-files/7521/7521_000_263.msg: OK
incois-arpy-decoder/phase4_reference/raw/raw-files/7521/7521_000_264.log: OK
incois-arpy-decoder/phase4_reference/raw/raw-files/7521/7521_000_264.msg: OK
incois-arpy-decoder/phase4_reference/raw/raw-files/7521/7521_000_265.log: OK
incois-arpy-decoder/phase4_reference/raw/raw-files/7521/7521_000_265.msg: OK
incois-arpy-decoder/phase4_reference/raw/raw-files/7521/7521_000_266.log: OK
incois-arpy-decoder/phase4_reference/raw/raw-files/7521/7521_000_266.msg: OK
incois-arpy-decoder/phase4_reference/raw/raw-files/7521/7521_000_267.log: OK
incois-arpy-decoder/phase4_reference/raw/raw-files/7521/7521_000_267.msg: OK
incois-arpy-decoder/phase4_reference/raw/raw-files/7521/7521_000_268.log: OK
incois-arpy-decoder/phase4_reference/raw/raw-files/7521/7521_000_268.msg: OK
incois-arpy-decoder/phase4_reference/raw/raw-files/7521/7521_000_269.log: OK
incois-arpy-decoder/phase4_reference/raw/raw-files/7521/7521_000_269.msg: OK
incois-arpy-decoder/phase4_reference/raw/raw-files/f10470/f10470.002.20240515T024404.science_log.bin.gz: OK
incois-arpy-decoder/phase4_reference/raw/raw-files/f10470/f10470.002.20240515T024408.system_log.txt.gz: OK
incois-arpy-decoder/phase4_reference/raw/raw-files/f10470/f10470.004.20240603T205130.science_log.bin.gz: OK
incois-arpy-decoder/phase4_reference/raw/raw-files/f10470/f10470.004.20240603T205132.suna_log.txt.gz: OK
incois-arpy-decoder/phase4_reference/raw/raw-files/f10470/f10470.004.20240603T205132.vitals_log.bin.gz: OK
incois-arpy-decoder/phase4_reference/raw/raw-files/f10470/f10470.004.20240603T205134.system_log.txt.gz: OK
incois-arpy-decoder/phase4_reference/raw/raw-files/f10470/f10470.008.20240713T090130.science_log.bin.gz: OK
incois-arpy-decoder/phase4_reference/raw/raw-files/f10470/f10470.012.20240821T211200.science_log.bin.gz: OK
incois-arpy-decoder/phase4_reference/raw/raw-files/f10470/f10470.012.20240821T211202.suna_log.txt.gz: OK
incois-arpy-decoder/phase4_reference/raw/raw-files/f10470/f10470.012.20240821T211202.vitals_log.bin.gz: OK
incois-arpy-decoder/phase4_reference/raw/raw-files/f10470/f10470.012.20240821T211204.system_log.txt.gz: OK
incois-arpy-decoder/phase4_reference/raw/raw-files/f10470/f10470.013.20240831T184412.suna_log.txt.gz: OK
incois-arpy-decoder/phase4_reference/raw/raw-files/f10470/f10470.013.20240831T184412.vitals_log.bin.gz: OK
incois-arpy-decoder/phase4_reference/raw/raw-files/f10470/f10470.013.20240831T184414.system_log.txt.gz: OK
incois-arpy-decoder/phase5_reference/gdac_reference_dataset/2901339/README.md: OK
incois-arpy-decoder/phase5_reference/gdac_reference_dataset/2901339/profiles/D2901339_001.nc: OK
incois-arpy-decoder/phase5_reference/gdac_reference_dataset/2901339/profiles/D2901339_002.nc: OK
incois-arpy-decoder/phase5_reference/gdac_reference_dataset/2901339/profiles/D2901339_010.nc: OK
incois-arpy-decoder/phase5_reference/gdac_reference_dataset/2901339/profiles/D2901339_026.nc: OK
incois-arpy-decoder/phase5_reference/gdac_reference_dataset/2901339/profiles/D2901339_050.nc: OK
incois-arpy-decoder/phase5_reference/gdac_reference_dataset/2902201/README.md: OK
incois-arpy-decoder/phase5_reference/gdac_reference_dataset/2902201/profiles/D2902201_001.nc: OK
incois-arpy-decoder/phase5_reference/gdac_reference_dataset/2902201/profiles/D2902201_002.nc: OK
incois-arpy-decoder/phase5_reference/gdac_reference_dataset/2902201/profiles/D2902201_003.nc: OK
incois-arpy-decoder/phase5_reference/gdac_reference_dataset/2902201/profiles/D2902201_004.nc: OK
incois-arpy-decoder/phase5_reference/gdac_reference_dataset/2902201/profiles/D2902201_005.nc: OK
incois-arpy-decoder/phase5_reference/gdac_reference_dataset/2902203/README.md: OK
incois-arpy-decoder/phase5_reference/gdac_reference_dataset/2902203/profiles/D2902203_001.nc: OK
incois-arpy-decoder/phase5_reference/gdac_reference_dataset/2902203/profiles/D2902203_002.nc: OK
incois-arpy-decoder/phase5_reference/gdac_reference_dataset/2902203/profiles/D2902203_010.nc: OK
incois-arpy-decoder/phase5_reference/gdac_reference_dataset/2902203/profiles/D2902203_020.nc: OK
incois-arpy-decoder/phase5_reference/gdac_reference_dataset/2902203/profiles/D2902203_030.nc: OK
incois-arpy-decoder/phase5_reference/gdac_reference_dataset/2902206/README.md: OK
incois-arpy-decoder/phase5_reference/gdac_reference_dataset/2902206/profiles/D2902206_001.nc: OK
incois-arpy-decoder/phase5_reference/gdac_reference_dataset/2902206/profiles/D2902206_002.nc: OK
incois-arpy-decoder/phase5_reference/gdac_reference_dataset/2902206/profiles/D2902206_010.nc: OK
incois-arpy-decoder/phase5_reference/gdac_reference_dataset/2902206/profiles/D2902206_020.nc: OK
incois-arpy-decoder/phase5_reference/gdac_reference_dataset/2902206/profiles/D2902206_030.nc: OK
incois-arpy-decoder/phase5_reference/gdac_reference_dataset/2902222/README.md: OK
incois-arpy-decoder/phase5_reference/gdac_reference_dataset/2902222/profiles/R2902222_327.nc: OK
incois-arpy-decoder/phase5_reference/gdac_reference_dataset/2902222/profiles/R2902222_328.nc: OK
incois-arpy-decoder/phase5_reference/gdac_reference_dataset/2902222/profiles/R2902222_329.nc: OK
incois-arpy-decoder/phase5_reference/gdac_reference_dataset/2902223/README.md: OK
incois-arpy-decoder/phase5_reference/gdac_reference_dataset/2902223/profiles/R2902223_327.nc: OK
incois-arpy-decoder/phase5_reference/gdac_reference_dataset/2902223/profiles/R2902223_328.nc: OK
incois-arpy-decoder/phase5_reference/gdac_reference_dataset/2902223/profiles/R2902223_329.nc: OK
incois-arpy-decoder/phase5_reference/gdac_reference_dataset/README.md: OK
incois-arpy-decoder/pyproject.toml: OK
incois-arpy-decoder/sample_data/argos/152382/152382_2026-07-24_2902223_348.txt: OK
incois-arpy-decoder/sample_data/argos/152389/152389_2026-07-24_2902222_348.txt: OK
incois-arpy-decoder/sample_data/argos/152397/152397_2026-07-24_2902206_348.txt: OK
incois-arpy-decoder/sample_data/argos/152398/152398_2026-07-24_2902203_348.txt: OK
incois-arpy-decoder/sample_data/argos/152399/152399_2026-07-24_2902201_348.txt: OK
incois-arpy-decoder/sample_data/config_floats/argoFloatInfo/argo_floats_information_co.txt: OK
incois-arpy-decoder/sample_data/config_floats/argoFloatInfo/argo_floats_information_co.xls: OK
incois-arpy-decoder/sample_data/config_floats/json_float_info/3901839_xxxxxxxxxxxxxxx_info.json: OK
incois-arpy-decoder/sample_data/config_floats/json_float_info/3901840_xxxxxxxxxxxxxxx_info.json: OK
incois-arpy-decoder/sample_data/config_floats/json_float_info/3901845_xxxxxxxxxxxxxxx_info.json: OK
incois-arpy-decoder/sample_data/config_floats/json_float_info/3901848_xxxxxxxxxxxxxxx_info.json: OK
incois-arpy-decoder/sample_data/config_floats/json_float_info/3901849_xxxxxxxxxxxxxxx_info.json: OK
incois-arpy-decoder/sample_data/config_floats/json_float_info/3901850_xxxxxxxxxxxxxxx_info.json: OK
incois-arpy-decoder/sample_data/config_floats/json_float_info/3901851_xxxxxxxxxxxxxxx_info.json: OK
incois-arpy-decoder/sample_data/config_floats/json_float_info/6902687_150947_info.json: OK
incois-arpy-decoder/sample_data/config_floats/json_float_info/6902688_150948_info.json: OK
incois-arpy-decoder/sample_data/config_floats/json_float_meta_argos/6902687_meta.json: OK
incois-arpy-decoder/sample_data/config_floats/json_float_meta_argos/6902688_meta.json: OK
incois-arpy-decoder/sample_data/config_floats/json_float_meta_ir_rudics_remocean/6901649_meta.json: OK
incois-arpy-decoder/sample_data/config_floats/json_float_meta_ir_rudics_remocean/6901766_meta.json: OK
incois-arpy-decoder/sample_data/config_floats/json_float_meta_ir_sbd/3901839_meta.json: OK
incois-arpy-decoder/sample_data/config_floats/json_float_meta_ir_sbd/3901840_meta.json: OK
incois-arpy-decoder/sample_data/config_floats/json_float_meta_ir_sbd/3901845_meta.json: OK
incois-arpy-decoder/sample_data/config_floats/json_float_meta_ir_sbd/3901848_meta.json: OK
incois-arpy-decoder/sample_data/config_floats/json_float_meta_ir_sbd/3901849_meta.json: OK
incois-arpy-decoder/sample_data/config_floats/json_float_meta_ir_sbd/3901850_meta.json: OK
incois-arpy-decoder/sample_data/config_floats/json_float_meta_ir_sbd/3901851_meta.json: OK
incois-arpy-decoder/sample_data/config_floats/json_float_meta_ir_sbd_remocean/2902091_meta.json: OK
incois-arpy-decoder/sample_data/config_floats/json_float_meta_ir_sbd_remocean/2902092_meta.json: OK
incois-arpy-decoder/sample_data/uploads/102525_2010-11-30_2901304_000.txt: OK
incois-arpy-decoder/sample_data/uploads/102525_2010-12-15_2901304_000.txt: OK
incois-arpy-decoder/sample_data/uploads/102525_2011-02-13_2901304_001.txt: OK
incois-arpy-decoder/sample_data/uploads/102525_2011-02-24_2901304_002.txt: OK
incois-arpy-decoder/sample_data/uploads/102525_2011-03-06_2901304_003.txt: OK
incois-arpy-decoder/sample_data/uploads/image.png: OK
incois-arpy-decoder/scripts/README.md: OK
incois-arpy-decoder/scripts/arvor_i_fleet_parity.py: OK
incois-arpy-decoder/scripts/audit_apex_argos_raw.py: OK
incois-arpy-decoder/scripts/audit_engineering_decode.py: OK
incois-arpy-decoder/scripts/audit_metadata_admt.py: OK
incois-arpy-decoder/scripts/audit_mono_profile_admt.py: OK
incois-arpy-decoder/scripts/audit_mono_profile_values.py: OK
incois-arpy-decoder/scripts/audit_multi_profile_admt.py: OK
incois-arpy-decoder/scripts/audit_qc_diffs.py: OK
incois-arpy-decoder/scripts/audit_technical_admt.py: OK
incois-arpy-decoder/scripts/audit_trajectory_admt.py: OK
incois-arpy-decoder/scripts/bootstrap_golden.py: OK
incois-arpy-decoder/scripts/bootstrap_registry.py: OK
incois-arpy-decoder/scripts/fleet_parity_compare.py: OK
incois-arpy-decoder/scripts/generate_apex_argos_nc.py: OK
incois-arpy-decoder/scripts/registry_row_from_meta_nc.py: OK
incois-arpy-decoder/scripts/rtqc_harness.py: OK
incois-arpy-decoder/scripts/selfcheck_output.py: OK
incois-arpy-decoder/scripts/shadow_nightly.py: OK
incois-arpy-decoder/scripts/validate_arvor_i_meta.py: OK
incois-arpy-decoder/scripts/validate_arvor_i_prof.py: OK
incois-arpy-decoder/scripts/validate_arvor_i_rtraj.py: OK
incois-arpy-decoder/scripts/validate_arvor_i_rtraj_gdac.py: OK
incois-arpy-decoder/scripts/validate_arvor_i_tech.py: OK
incois-arpy-decoder/scripts/validate_arvor_i_tech_gdac.py: OK
incois-arpy-decoder/scripts/verify_arvor_i_tables.py: OK
incois-arpy-decoder/src/argo_decoder/__init__.py: OK
incois-arpy-decoder/src/argo_decoder/__main__.py: OK
incois-arpy-decoder/src/argo_decoder/cli/__init__.py: OK
incois-arpy-decoder/src/argo_decoder/cli/main.py: OK
incois-arpy-decoder/src/argo_decoder/cli/metadata_cli.py: OK
incois-arpy-decoder/src/argo_decoder/config/__init__.py: OK
incois-arpy-decoder/src/argo_decoder/config/decoder_table.py: OK
incois-arpy-decoder/src/argo_decoder/config/decoder_table.yaml: OK
incois-arpy-decoder/src/argo_decoder/config/loader.py: OK
incois-arpy-decoder/src/argo_decoder/config/models.py: OK
incois-arpy-decoder/src/argo_decoder/derived/__init__.py: OK
incois-arpy-decoder/src/argo_decoder/derived/cndc.py: OK
incois-arpy-decoder/src/argo_decoder/derived/density.py: OK
incois-arpy-decoder/src/argo_decoder/derived/doxy.py: OK
incois-arpy-decoder/src/argo_decoder/domain/__init__.py: OK
incois-arpy-decoder/src/argo_decoder/domain/frames.py: OK
incois-arpy-decoder/src/argo_decoder/domain/qc.py: OK
incois-arpy-decoder/src/argo_decoder/io/__init__.py: OK
incois-arpy-decoder/src/argo_decoder/io/fs.py: OK
incois-arpy-decoder/src/argo_decoder/io/rsync.py: OK
incois-arpy-decoder/src/argo_decoder/io/sbd_email.py: OK
incois-arpy-decoder/src/argo_decoder/io/xml_report.py: OK
incois-arpy-decoder/src/argo_decoder/metadata/__init__.py: OK
incois-arpy-decoder/src/argo_decoder/metadata/builder.py: OK
incois-arpy-decoder/src/argo_decoder/metadata/csv_loader.py: OK
incois-arpy-decoder/src/argo_decoder/metadata/json_loader.py: OK
incois-arpy-decoder/src/argo_decoder/metadata/loader.py: OK
incois-arpy-decoder/src/argo_decoder/metadata/models.py: OK
incois-arpy-decoder/src/argo_decoder/metadata/multi_csv_loader.py: OK
incois-arpy-decoder/src/argo_decoder/metadata/validators.py: OK
incois-arpy-decoder/src/argo_decoder/nc/__init__.py: OK
incois-arpy-decoder/src/argo_decoder/nc/admt.py: OK
incois-arpy-decoder/src/argo_decoder/nc/metadata_file.py: OK
incois-arpy-decoder/src/argo_decoder/nc/mono_profile.py: OK
incois-arpy-decoder/src/argo_decoder/nc/multi_profile.py: OK
incois-arpy-decoder/src/argo_decoder/nc/rtraj_arvor.py: OK
incois-arpy-decoder/src/argo_decoder/nc/rtraj_cts4.py: OK
incois-arpy-decoder/src/argo_decoder/nc/technical.py: OK
incois-arpy-decoder/src/argo_decoder/nc/technical_arvor.py: OK
incois-arpy-decoder/src/argo_decoder/nc/trajectory.py: OK
incois-arpy-decoder/src/argo_decoder/nc/writer.py: OK
incois-arpy-decoder/src/argo_decoder/pipeline/__init__.py: OK
incois-arpy-decoder/src/argo_decoder/pipeline/comparator.py: OK
incois-arpy-decoder/src/argo_decoder/pipeline/dual_run.py: OK
incois-arpy-decoder/src/argo_decoder/pipeline/metadata_stage.py: OK
incois-arpy-decoder/src/argo_decoder/pipeline/oracle.py: OK
incois-arpy-decoder/src/argo_decoder/pipeline/runner.py: OK
incois-arpy-decoder/src/argo_decoder/platforms/__init__.py: OK
incois-arpy-decoder/src/argo_decoder/platforms/apex_argos/__init__.py: OK
incois-arpy-decoder/src/argo_decoder/platforms/apex_argos/decoder.py: OK
incois-arpy-decoder/src/argo_decoder/platforms/apex_argos/engineering.py: OK
incois-arpy-decoder/src/argo_decoder/platforms/apex_argos/frames.py: OK
incois-arpy-decoder/src/argo_decoder/platforms/apex_argos/mission.py: OK
incois-arpy-decoder/src/argo_decoder/platforms/apex_argos/profile.py: OK
incois-arpy-decoder/src/argo_decoder/platforms/apex_argos/trajectory.py: OK
incois-arpy-decoder/src/argo_decoder/platforms/base.py: OK
incois-arpy-decoder/src/argo_decoder/platforms/provor_cts4_ir_sbd/__init__.py: OK
incois-arpy-decoder/src/argo_decoder/platforms/provor_cts4_ir_sbd/assoc.py: OK
incois-arpy-decoder/src/argo_decoder/platforms/provor_cts4_ir_sbd/bgc.py: OK
incois-arpy-decoder/src/argo_decoder/platforms/provor_cts4_ir_sbd/ctd.py: OK
incois-arpy-decoder/src/argo_decoder/platforms/provor_cts4_ir_sbd/cts4_realtime.py: OK
incois-arpy-decoder/src/argo_decoder/platforms/provor_cts4_ir_sbd/cts4_rtraj.py: OK
incois-arpy-decoder/src/argo_decoder/platforms/provor_cts4_ir_sbd/cts4_tech.py: OK
incois-arpy-decoder/src/argo_decoder/platforms/provor_cts4_ir_sbd/cycles.py: OK
incois-arpy-decoder/src/argo_decoder/platforms/provor_cts4_ir_sbd/equations.py: OK
incois-arpy-decoder/src/argo_decoder/platforms/provor_cts4_ir_sbd/external_meta_io.py: OK
incois-arpy-decoder/src/argo_decoder/platforms/provor_cts4_ir_sbd/family_constants.py: OK
incois-arpy-decoder/src/argo_decoder/platforms/provor_cts4_ir_sbd/framer.py: OK
incois-arpy-decoder/src/argo_decoder/platforms/provor_cts4_ir_sbd/labels_301.py: OK
incois-arpy-decoder/src/argo_decoder/platforms/provor_cts4_ir_sbd/mission_clock.py: OK
incois-arpy-decoder/src/argo_decoder/platforms/provor_cts4_ir_sbd/packets.py: OK
incois-arpy-decoder/src/argo_decoder/platforms/provor_cts4_ir_sbd/params.py: OK
incois-arpy-decoder/src/argo_decoder/platforms/provor_cts4_ir_sbd/provor_cts4_pipeline.py: OK
incois-arpy-decoder/src/argo_decoder/platforms/provor_cts4_ir_sbd/resolve.py: OK
incois-arpy-decoder/src/argo_decoder/platforms/provor_cts4_ir_sbd/rtraj_build.py: OK
incois-arpy-decoder/src/argo_decoder/platforms/provor_cts4_ir_sbd/tech.py: OK
incois-arpy-decoder/src/argo_decoder/platforms/provor_cts4_ir_sbd/tech_build.py: OK
incois-arpy-decoder/src/argo_decoder/platforms/provor_ir_sbd/__init__.py: OK
incois-arpy-decoder/src/argo_decoder/platforms/provor_ir_sbd/arvor_i.py: OK
incois-arpy-decoder/src/argo_decoder/platforms/provor_ir_sbd/arvor_i_cycles.py: OK
incois-arpy-decoder/src/argo_decoder/platforms/provor_ir_sbd/arvor_i_decoder.py: OK
incois-arpy-decoder/src/argo_decoder/platforms/provor_ir_sbd/arvor_i_meta.py: OK
incois-arpy-decoder/src/argo_decoder/platforms/provor_ir_sbd/arvor_i_prof.py: OK
incois-arpy-decoder/src/argo_decoder/platforms/provor_ir_sbd/arvor_i_rtraj.py: OK
incois-arpy-decoder/src/argo_decoder/platforms/provor_ir_sbd/arvor_i_science.py: OK
incois-arpy-decoder/src/argo_decoder/platforms/provor_ir_sbd/arvor_i_tech.py: OK
incois-arpy-decoder/src/argo_decoder/platforms/provor_ir_sbd/decoder.py: OK
incois-arpy-decoder/src/argo_decoder/platforms/provor_ir_sbd/frames.py: OK
incois-arpy-decoder/src/argo_decoder/platforms/provor_ir_sbd/mission.py: OK
incois-arpy-decoder/src/argo_decoder/platforms/provor_ir_sbd/profile.py: OK
incois-arpy-decoder/src/argo_decoder/rtqc/__init__.py: OK
incois-arpy-decoder/src/argo_decoder/rtqc/bathymetry.py: OK
incois-arpy-decoder/src/argo_decoder/rtqc/cross_cycle.py: OK
incois-arpy-decoder/src/argo_decoder/rtqc/cross_cycle_pass.py: OK
incois-arpy-decoder/src/argo_decoder/rtqc/cts4.py: OK
incois-arpy-decoder/src/argo_decoder/rtqc/density_inversion.py: OK
incois-arpy-decoder/src/argo_decoder/rtqc/medd.py: OK
incois-arpy-decoder/src/argo_decoder/rtqc/non_density.py: OK
incois-arpy-decoder/src/argo_decoder/rtqc/profile_pipeline.py: OK
incois-arpy-decoder/src/argo_decoder/rtqc/profile_scalar.py: OK
incois-arpy-decoder/src/argo_decoder/rtqc/trajectory.py: OK
incois-arpy-decoder/src/argo_decoder/sensors/__init__.py: OK
incois-arpy-decoder/src/argo_decoder/sensors/ctd.py: OK
incois-arpy-decoder/src/argo_decoder/trajectory/__init__.py: OK
incois-arpy-decoder/src/argo_decoder/trajectory/binning.py: OK
incois-arpy-decoder/src/argo_decoder/util/__init__.py: OK
incois-arpy-decoder/src/argo_decoder/util/hashing.py: OK
incois-arpy-decoder/src/argo_decoder/util/logging.py: OK
incois-arpy-decoder/src/argo_decoder/util/time.py: OK
incois-arpy-decoder/src/argo_decoder/writer/__init__.py: OK
incois-arpy-decoder/src/argo_decoder/writer/fixtures.py: OK
incois-arpy-decoder/src/argo_decoder/writer/nc.py: OK
incois-arpy-decoder/test_api_features.py: OK
incois-arpy-decoder/test_prompt_cancellation.py: OK
incois-arpy-decoder/test_stop_and_batch.py: OK
incois-arpy-decoder/tests/conftest.py: OK
incois-arpy-decoder/tests/data/apex_argos/152382_2026-07-24_2902223_348.txt: OK
incois-arpy-decoder/tests/data/arvor_i/coriolis_src/_configParamNames/_config_param_name_222.json: OK
incois-arpy-decoder/tests/data/arvor_i/coriolis_src/_configParamNames/_config_param_name_232.json: OK
incois-arpy-decoder/tests/golden/expected/nc/6902892/6902892_prof.nc: OK
incois-arpy-decoder/tests/golden/expected/xml/co041404_golden_6902892.xml: OK
incois-arpy-decoder/tests/integration/test_apex_argos_raw_parity.py: OK
incois-arpy-decoder/tests/integration/test_argos_burst_splitting.py: OK
incois-arpy-decoder/tests/integration/test_arvor_i_cycle_reconstruction.py: OK
incois-arpy-decoder/tests/integration/test_arvor_i_generic_pipeline.py: OK
incois-arpy-decoder/tests/integration/test_arvor_i_meta_nc.py: OK
incois-arpy-decoder/tests/integration/test_arvor_i_prof_nc.py: OK
incois-arpy-decoder/tests/integration/test_arvor_i_raw_decode.py: OK
incois-arpy-decoder/tests/integration/test_arvor_i_rtqc_pipeline.py: OK
incois-arpy-decoder/tests/integration/test_arvor_i_rtraj_nc.py: OK
incois-arpy-decoder/tests/integration/test_arvor_i_science_reconstruction.py: OK
incois-arpy-decoder/tests/integration/test_arvor_i_tech_nc.py: OK
incois-arpy-decoder/tests/integration/test_cli_empty_input.py: OK
incois-arpy-decoder/tests/integration/test_csv_metadata_pipeline.py: OK
incois-arpy-decoder/tests/integration/test_cycle_grouping_suffix.py: OK
incois-arpy-decoder/tests/integration/test_null_pipeline.py: OK
incois-arpy-decoder/tests/integration/test_provor_sbd_decode.py: OK
incois-arpy-decoder/tests/integration/test_structural_parity.py: OK
incois-arpy-decoder/tests/unit/test_apex_argos.py: OK
incois-arpy-decoder/tests/unit/test_apex_engineering.py: OK
incois-arpy-decoder/tests/unit/test_architecture.py: OK
incois-arpy-decoder/tests/unit/test_argos_position_parity.py: OK
incois-arpy-decoder/tests/unit/test_arvor_i_cycles.py: OK
incois-arpy-decoder/tests/unit/test_arvor_i_frames.py: OK
incois-arpy-decoder/tests/unit/test_arvor_i_meta.py: OK
incois-arpy-decoder/tests/unit/test_arvor_i_prof.py: OK
incois-arpy-decoder/tests/unit/test_arvor_i_registry_routing.py: OK
incois-arpy-decoder/tests/unit/test_arvor_i_rtraj.py: OK
incois-arpy-decoder/tests/unit/test_arvor_i_science_rules.py: OK
incois-arpy-decoder/tests/unit/test_arvor_i_tech.py: OK
incois-arpy-decoder/tests/unit/test_cli_paths.py: OK
incois-arpy-decoder/tests/unit/test_comparator.py: OK
incois-arpy-decoder/tests/unit/test_ctd_sensor.py: OK
incois-arpy-decoder/tests/unit/test_decoder_table.py: OK
incois-arpy-decoder/tests/unit/test_derived_cndc.py: OK
incois-arpy-decoder/tests/unit/test_derived_density.py: OK
incois-arpy-decoder/tests/unit/test_derived_doxy.py: OK
incois-arpy-decoder/tests/unit/test_generate_apex_argos_nc_config.py: OK
incois-arpy-decoder/tests/unit/test_grounded_apex_argos.py: OK
incois-arpy-decoder/tests/unit/test_metadata_csv.py: OK
incois-arpy-decoder/tests/unit/test_metadata_loader.py: OK
incois-arpy-decoder/tests/unit/test_metadata_nc.py: OK
incois-arpy-decoder/tests/unit/test_mono_profile_admt.py: OK
incois-arpy-decoder/tests/unit/test_multi_csv_loader.py: OK
incois-arpy-decoder/tests/unit/test_multi_profile.py: OK
incois-arpy-decoder/tests/unit/test_multi_profile_admt.py: OK
incois-arpy-decoder/tests/unit/test_nc_writer_sanitize.py: OK
incois-arpy-decoder/tests/unit/test_phase3_m1_oracle_harness.py: OK
incois-arpy-decoder/tests/unit/test_provor_ir_sbd.py: OK
incois-arpy-decoder/tests/unit/test_provor_mission.py: OK
incois-arpy-decoder/tests/unit/test_provor_profile.py: OK
incois-arpy-decoder/tests/unit/test_rsync_argos.py: OK
incois-arpy-decoder/tests/unit/test_rtqc_bathymetry.py: OK
incois-arpy-decoder/tests/unit/test_rtqc_cross_cycle.py: OK
incois-arpy-decoder/tests/unit/test_rtqc_density_inversion.py: OK
incois-arpy-decoder/tests/unit/test_rtqc_non_density.py: OK
incois-arpy-decoder/tests/unit/test_rtqc_profile_scalar.py: OK
incois-arpy-decoder/tests/unit/test_rtqc_trajectory.py: OK
incois-arpy-decoder/tests/unit/test_start_date.py: OK
incois-arpy-decoder/tests/unit/test_technical_nc.py: OK
incois-arpy-decoder/tests/unit/test_trajectory_binning.py: OK
incois-arpy-decoder/tests/unit/test_trajectory_nc.py: OK
incois-arpy-decoder/uploads/decoder_flowchart(1).html: OK
investigate-error-audit.md: OK
investigate-error-fix-report.md: OK
restore-fleet-env.sh: OK
tools/build_basemap.py: OK
tools/calibrate_basemap.py: OK
tools/map_e2e.mjs: OK
tools/probe_align.py: OK
tools/probe_align2.py: OK
tools/rebuild_basemap.py: OK
tools/verify_asset.py: OK
tools/verify_calib.py: OK
uploads/image-1.png: OK
verify-shots/A-404-deeplink.png: OK
verify-shots/B0-results.png: OK
verify-shots/B1-history.png: OK
verify-shots/B2-oldbatch.png: OK
verify-shots/B3-cts4-historical.png: OK
verify-shots/C-decoder-6902892.png: OK
verify-shots/D-drawer-offset.png: OK
verify-shots/E0-newbatch.png: OK
verify-shots/ERR.png: OK
verify-shots/baseline-map-before.png: OK
verify-shots/dbg-afterinvestigate.png: OK
verify-shots/dbg-afterload.png: OK
verify-shots/dbg-batchtab.png: OK
verify-shots/dbg3-after.png: OK
verify-shots/dbg3-before.png: OK
verify-shots/dbg7-afterD1.png: OK
verify-shots/dbg8-afterD1.png: OK
verify-shots/dbg8-throw.png: OK
verify-shots/esri-eez-brightstyle.png: OK
verify-shots/esri-eez-fixed.png: OK
verify-shots/esri-eez-india-crop.png: OK
verify-shots/esri-eez-india.png: OK
verify-shots/esri-eez-probe.png: OK
verify-shots/esri-eez-realstyle-crop.png: OK
verify-shots/esri-eez-realstyle.png: OK
verify-shots/esri-eez-simplify.png: OK
verify-shots/esri-map-after.png: OK
verify-shots/esri-map-diag.png: OK
verify-shots/esri-map-eez-fit.png: OK
verify-shots/esri-map-eez-zoom.png: OK
verify-shots/esri-map-eez.png: OK
verify-shots/esri-map-full.png: OK
verify-shots/esri-smoke-current.png: OK
verify-shots/esri-sym-probe.png: OK
verify-shots/investigation/inv-1-results-investigate.png: OK
verify-shots/investigation/inv-10-plain-view.png: OK
verify-shots/investigation/inv-2-email-deeplink.png: OK
verify-shots/investigation/inv-3-decoder-log.png: OK
verify-shots/investigation/inv-4-view-run.png: OK
verify-shots/investigation/inv-5-output.png: OK
verify-shots/investigation/inv-6-input.png: OK
verify-shots/investigation/inv-7-not-started.png: OK
verify-shots/investigation/inv-8-multi-error.png: OK
verify-shots/wmo-clicked.png: OK
verify-shots/wmo-hover.png: OK
verify-shots/wmo-nolabels.png: OK
