Message,20240718T153723,Firmware: 07/21/23 18:56:40 2.17.4 STD IRID Final
Message,20240718T153723,Username: f10469
GPS,20240718T153723,18.043842,68.389091,9
GPS,20240718T154804,18.042543,68.390991,9
CTD_P,20240718T154806,-0.07
FLBB_CFG,20240718T154808,695,700
Message,20240718T154808,Park Descent Mission
CTD_P,20240718T154811,-0.28
CTD_P,20240718T154925,0.03
CTD_P,20240718T155027,0.42
CTD_P,20240718T155129,0.40
CTD_P,20240718T155232,0.02
CTD_P,20240718T155334,0.82
CTD_P,20240718T155436,6.46
CTD_P,20240718T155538,15.53
CTD_P,20240718T155641,23.70
CTD_P,20240718T155743,32.31
CTD_P,20240718T155845,42.65
CTD_P,20240718T155947,52.21
CTD_P,20240718T160049,61.96
CTD_P,20240718T160050,62.19
CTD_P,20240718T160152,72.89
CTD_P,20240718T170155,482.45
CTD_P,20240718T180158,754.46
CTD_P,20240718T185640,897.82
CTD_P,20240718T193629,958.20
CTD_P,20240718T200525,971.23
CTD_P,20240718T210528,984.37
CTD_P,20240718T210631,984.48
CTD_P,20240718T210734,984.58
CTD_P,20240718T210747,984.58
CTD_P,20240718T210849,985.17
CTD_P,20240718T210952,986.17
CTD_P,20240718T211003,986.38
CTD_P,20240718T211105,987.71
CTD_P,20240718T211116,987.98
CTD_P,20240718T211218,989.73
CTD_P,20240718T211936,1002.56
Message,20240718T211939,Park Mission
CTD_P,20240718T211942,1002.72
CTD_PTSH,20240718T212004,1003.30,8.4063,35.3320,-1.040155
CTD_P,20240718T212005,1003.34
CTD_P,20240718T221938,1050.92
CTD_PTSH,20240718T222001,1050.90,8.1160,35.3090,-1.040843
CTD_P,20240718T222002,1050.92
CTD_P,20240718T232003,1058.66
CTD_PTSH,20240718T232026,1058.70,8.0139,35.2870,-1.040911
CTD_P,20240718T232027,1058.69
CTD_P,20240719T002028,1058.68
CTD_PTSH,20240719T002051,1058.70,7.9824,35.2840,-1.040944
CTD_P,20240719T002052,1058.64
CTD_P,20240719T012053,1040.47
CTD_PTSH,20240719T012116,1040.50,8.0955,35.2940,-1.040902
CTD_P,20240719T012117,1040.53
CTD_P,20240719T022118,1041.56
CTD_PTSH,20240719T022141,1041.50,8.0622,35.2940,-1.040886
CTD_P,20240719T022142,1041.53
CTD_P,20240719T032143,1045.80
CTD_PTSH,20240719T032206,1045.80,8.0712,35.2950,-1.040977
CTD_P,20240719T032207,1045.85
CTD_P,20240719T042208,1025.24
CTD_PTSH,20240719T042231,1025.10,8.2595,35.3150,-1.040922
CTD_P,20240719T042232,1025.15
CTD_P,20240719T052233,1025.34
CTD_PTSH,20240719T052256,1025.40,8.1887,35.3070,-1.040924
CTD_P,20240719T052257,1025.37
CTD_P,20240719T062258,1025.91
CTD_PTSH,20240719T062321,1025.90,8.1841,35.3070,-1.040919
CTD_P,20240719T062322,1025.92
CTD_P,20240719T072324,1012.90
CTD_PTSH,20240719T072347,1012.90,8.2937,35.3180,-1.040894
CTD_P,20240719T072348,1012.91
CTD_P,20240719T082349,1013.03
CTD_PTSH,20240719T082412,1013.00,8.3090,35.3170,-1.040939
CTD_P,20240719T082413,1012.97
CTD_P,20240719T092414,1011.58
CTD_PTSH,20240719T092437,1011.50,8.2873,35.3190,-1.040890
CTD_P,20240719T092438,1011.53
CTD_P,20240719T102439,1013.07
CTD_PTSH,20240719T102502,1013.00,8.3023,35.3170,-1.040922
CTD_P,20240719T102503,1013.01
CTD_P,20240719T112504,1017.01
CTD_PTSH,20240719T112527,1017.10,8.3449,35.3200,-1.040920
CTD_P,20240719T112528,1017.05
CTD_P,20240719T122529,1013.43
CTD_PTSH,20240719T122552,1013.50,8.3115,35.3210,-1.040925
CTD_P,20240719T122553,1013.49
CTD_P,20240719T132554,1014.52
CTD_PTSH,20240719T132617,1014.50,8.2981,35.3170,-1.040997
CTD_P,20240719T132618,1014.47
CTD_P,20240719T142619,1014.21
CTD_PTSH,20240719T142642,1014.20,8.2902,35.3170,-1.040989
CTD_P,20240719T142643,1014.19
CTD_P,20240719T152644,1015.61
CTD_PTSH,20240719T152707,1015.60,8.3051,35.3190,-1.041043
CTD_P,20240719T152708,1015.56
CTD_P,20240719T162709,1014.99
CTD_PTSH,20240719T162732,1015.00,8.3067,35.3220,-1.041016
CTD_P,20240719T162733,1014.99
CTD_P,20240719T172734,1018.18
CTD_PTSH,20240719T172757,1018.20,8.3250,35.3210,-1.041037
CTD_P,20240719T172758,1018.19
CTD_P,20240719T182759,1014.93
CTD_PTSH,20240719T182822,1014.90,8.3075,35.3240,-1.041009
CTD_P,20240719T182823,1014.88
CTD_P,20240719T192824,1011.29
CTD_PTSH,20240719T192847,1011.30,8.2583,35.3160,-1.041023
CTD_P,20240719T192848,1011.28
CTD_P,20240719T202849,1013.26
CTD_PTSH,20240719T202912,1013.20,8.2636,35.3160,-1.041024
CTD_P,20240719T202913,1013.20
CTD_P,20240719T212914,1015.90
CTD_PTSH,20240719T212937,1015.90,8.2597,35.3150,-1.041058
CTD_P,20240719T212938,1015.90
CTD_P,20240719T222939,1016.31
CTD_PTSH,20240719T223002,1016.30,8.2799,35.3180,-1.041040
CTD_P,20240719T223003,1016.29
CTD_P,20240719T233004,1015.84
CTD_PTSH,20240719T233027,1015.70,8.2780,35.3160,-1.041063
CTD_P,20240719T233028,1015.73
CTD_P,20240720T003029,1016.12
CTD_PTSH,20240720T003052,1016.20,8.2590,35.3160,-1.041079
CTD_P,20240720T003053,1016.19
CTD_P,20240720T013054,1016.13
CTD_PTSH,20240720T013117,1016.10,8.2698,35.3140,-1.041050
CTD_P,20240720T013118,1016.07
CTD_P,20240720T023119,1014.53
CTD_PTSH,20240720T023142,1014.60,8.2296,35.3160,-1.041069
CTD_P,20240720T023143,1014.59
CTD_P,20240720T033144,1017.78
CTD_PTSH,20240720T033207,1017.80,8.2368,35.3110,-1.041110
CTD_P,20240720T033208,1017.80
CTD_P,20240720T043209,1022.28
CTD_PTSH,20240720T043232,1022.30,8.2996,35.3180,-1.041082
CTD_P,20240720T043233,1022.27
CTD_P,20240720T053234,1021.99
CTD_PTSH,20240720T053257,1021.90,8.3426,35.3210,-1.041034
CTD_P,20240720T053258,1021.95
CTD_P,20240720T063259,1017.70
CTD_PTSH,20240720T063322,1017.70,8.3502,35.3250,-1.041089
CTD_P,20240720T063323,1017.68
CTD_P,20240720T073324,1020.88
CTD_PTSH,20240720T073347,1021.00,8.3573,35.3240,-1.041062
CTD_P,20240720T073348,1020.93
CTD_P,20240720T083349,1022.34
CTD_PTSH,20240720T083412,1022.30,8.3654,35.3250,-1.041107
CTD_P,20240720T083413,1022.31
CTD_P,20240720T093414,1018.67
CTD_PTSH,20240720T093437,1018.60,8.3107,35.3200,-1.041119
CTD_P,20240720T093438,1018.63
CTD_P,20240720T103439,1014.34
CTD_PTSH,20240720T103502,1014.30,8.2670,35.3170,-1.041117
CTD_P,20240720T103503,1014.30
CTD_P,20240720T113504,1018.12
CTD_PTSH,20240720T113527,1018.10,8.2645,35.3140,-1.041147
CTD_P,20240720T113528,1018.05
CTD_P,20240720T123529,1018.71
CTD_PTSH,20240720T123552,1018.80,8.2707,35.3160,-1.041114
CTD_P,20240720T123553,1018.78
CTD_P,20240720T133554,1020.27
CTD_PTSH,20240720T133617,1020.20,8.2918,35.3180,-1.041109
CTD_P,20240720T133618,1020.24
CTD_P,20240720T143619,1021.59
CTD_PTSH,20240720T143642,1021.60,8.3059,35.3190,-1.041108
CTD_P,20240720T143643,1021.56
CTD_P,20240720T153644,1021.57
CTD_PTSH,20240720T153707,1021.60,8.2910,35.3180,-1.041110
CTD_P,20240720T153708,1021.58
CTD_P,20240720T163709,1022.38
CTD_PTSH,20240720T163732,1022.30,8.3443,35.3200,-1.041114
CTD_P,20240720T163733,1022.30
CTD_P,20240720T173734,1021.39
CTD_PTSH,20240720T173757,1021.30,8.3391,35.3230,-1.041138
CTD_P,20240720T173758,1021.30
CTD_P,20240720T183759,1020.60
CTD_PTSH,20240720T183822,1020.50,8.2949,35.3180,-1.041130
CTD_P,20240720T183823,1020.57
CTD_P,20240720T193824,1021.40
CTD_PTSH,20240720T193847,1021.30,8.2617,35.3140,-1.041127
CTD_P,20240720T193848,1021.34
CTD_P,20240720T203849,1020.27
CTD_PTSH,20240720T203912,1020.20,8.2714,35.3160,-1.041139
CTD_P,20240720T203913,1020.20
CTD_P,20240720T213914,1018.14
CTD_PTSH,20240720T213937,1018.10,8.2204,35.3140,-1.041142
CTD_P,20240720T213938,1018.06
CTD_P,20240720T223939,1017.88
CTD_PTSH,20240720T224002,1017.80,8.1617,35.3030,-1.041136
CTD_P,20240720T224003,1017.79
CTD_P,20240720T234004,1019.92
CTD_PTSH,20240720T234027,1019.80,8.1660,35.3020,-1.041191
CTD_P,20240720T234028,1019.81
CTD_P,20240721T004029,1021.08
CTD_PTSH,20240721T004052,1021.10,8.1828,35.3070,-1.041161
CTD_P,20240721T004053,1021.09
CTD_P,20240721T014054,1021.16
CTD_PTSH,20240721T014117,1021.10,8.2201,35.3080,-1.041147
CTD_P,20240721T014118,1021.08
CTD_P,20240721T024119,1021.06
CTD_PTSH,20240721T024142,1021.00,8.2046,35.3080,-1.041152
CTD_P,20240721T024143,1021.05
CTD_P,20240721T034144,1023.63
CTD_PTSH,20240721T034207,1023.50,8.2493,35.3150,-1.041110
CTD_P,20240721T034208,1023.52
CTD_P,20240721T044209,1020.71
CTD_PTSH,20240721T044232,1020.70,8.2483,35.3140,-1.041142
CTD_P,20240721T044233,1020.65
CTD_P,20240721T054234,1020.68
CTD_PTSH,20240721T054257,1020.60,8.2591,35.3140,-1.041120
CTD_P,20240721T054258,1020.57
CTD_P,20240721T064259,1021.87
CTD_PTSH,20240721T064322,1021.80,8.2583,35.3140,-1.041171
CTD_P,20240721T064323,1021.85
CTD_P,20240721T074324,1022.28
CTD_PTSH,20240721T074347,1022.30,8.2453,35.3140,-1.041169
CTD_P,20240721T074348,1022.32
CTD_P,20240721T084349,1023.31
CTD_PTSH,20240721T084412,1023.20,8.2643,35.3140,-1.041159
CTD_P,20240721T084413,1023.23
CTD_P,20240721T094414,1023.72
CTD_PTSH,20240721T094437,1023.70,8.2908,35.3170,-1.041123
CTD_P,20240721T094438,1023.72
CTD_P,20240721T104439,1023.61
CTD_PTSH,20240721T104502,1023.70,8.2882,35.3170,-1.041131
CTD_P,20240721T104503,1023.62
CTD_P,20240721T114504,1022.89
CTD_PTSH,20240721T114527,1022.80,8.2953,35.3180,-1.041176
CTD_P,20240721T114528,1022.84
CTD_P,20240721T124529,1021.49
CTD_PTSH,20240721T124552,1021.40,8.2610,35.3140,-1.041122
CTD_P,20240721T124553,1021.38
CTD_P,20240721T134554,1020.52
CTD_PTSH,20240721T134617,1020.50,8.2545,35.3150,-1.041196
CTD_P,20240721T134618,1020.52
CTD_P,20240721T144619,1020.65
CTD_PTSH,20240721T144642,1020.70,8.2204,35.3140,-1.041147
CTD_P,20240721T144643,1020.72
CTD_P,20240721T154644,1023.12
CTD_PTSH,20240721T154707,1023.00,8.2523,35.3150,-1.041136
CTD_P,20240721T154708,1023.02
CTD_P,20240721T164709,1020.68
CTD_PTSH,20240721T164732,1020.60,8.2619,35.3140,-1.041157
CTD_P,20240721T164733,1020.55
CTD_P,20240721T174734,1023.87
CTD_PTSH,20240721T174757,1024.00,8.2572,35.3140,-1.041178
CTD_P,20240721T174758,1023.98
CTD_P,20240721T184759,1025.01
CTD_PTSH,20240721T184822,1025.00,8.2799,35.3160,-1.041161
CTD_P,20240721T184823,1025.00
CTD_P,20240721T194824,1022.60
CTD_PTSH,20240721T194847,1022.60,8.2714,35.3180,-1.041165
CTD_P,20240721T194848,1022.62
CTD_P,20240721T204849,1024.75
CTD_PTSH,20240721T204912,1024.70,8.3313,35.3230,-1.041133
CTD_P,20240721T204913,1024.69
CTD_P,20240721T214914,1020.75
CTD_PTSH,20240721T214937,1020.80,8.2599,35.3190,-1.041164
CTD_P,20240721T214938,1020.76
CTD_P,20240721T224939,1022.35
CTD_PTSH,20240721T225002,1022.30,8.2401,35.3120,-1.041216
CTD_P,20240721T225003,1022.34
CTD_P,20240721T235004,1021.94
CTD_PTSH,20240721T235027,1021.90,8.1687,35.3050,-1.041184
CTD_P,20240721T235028,1021.92
CTD_P,20240722T005029,1023.53
CTD_PTSH,20240722T005052,1023.50,8.2156,35.3100,-1.041175
CTD_P,20240722T005053,1023.46
CTD_P,20240722T015054,1021.92
CTD_PTSH,20240722T015117,1021.90,8.1742,35.3070,-1.041192
CTD_P,20240722T015118,1021.97
CTD_P,20240722T025119,1022.72
CTD_PTSH,20240722T025142,1022.60,8.2156,35.3110,-1.041121
CTD_P,20240722T025143,1022.66
CTD_P,20240722T035144,1023.06
CTD_PTSH,20240722T035207,1023.10,8.2138,35.3110,-1.041140
CTD_P,20240722T035208,1023.05
CTD_P,20240722T045209,1024.35
CTD_PTSH,20240722T045232,1024.40,8.2367,35.3120,-1.041141
CTD_P,20240722T045233,1024.36
CTD_P,20240722T055234,1024.39
CTD_PTSH,20240722T055257,1024.40,8.2837,35.3160,-1.041179
CTD_P,20240722T055258,1024.32
CTD_P,20240722T065259,1025.03
CTD_PTSH,20240722T065322,1025.00,8.2900,35.3190,-1.041141
CTD_P,20240722T065323,1025.03
CTD_P,20240722T075324,1026.83
CTD_PTSH,20240722T075347,1026.80,8.3281,35.3230,-1.041162
CTD_P,20240722T075348,1026.78
CTD_P,20240722T085349,1026.80
CTD_PTSH,20240722T085412,1026.80,8.3288,35.3210,-1.041124
CTD_P,20240722T085413,1026.77
CTD_P,20240722T095414,1002.69
CTD_PTSH,20240722T095437,1002.70,8.4132,35.3320,-1.041088
CTD_P,20240722T095438,1002.63
CTD_P,20240722T105439,1002.89
CTD_PTSH,20240722T105502,1002.90,8.3987,35.3340,-1.041080
CTD_P,20240722T105503,1002.93
CTD_P,20240722T115504,1002.77
CTD_PTSH,20240722T115527,1002.80,8.3922,35.3370,-1.041001
CTD_P,20240722T115528,1002.75
CTD_P,20240722T125529,1002.45
CTD_PTSH,20240722T125552,1002.50,8.3518,35.3230,-1.041066
CTD_P,20240722T125553,1002.51
CTD_P,20240722T135554,1003.89
CTD_PTSH,20240722T135617,1003.90,8.3539,35.3230,-1.041070
CTD_P,20240722T135618,1003.90
CTD_P,20240722T145619,1000.89
CTD_PTSH,20240722T145642,1000.80,8.3224,35.3190,-1.041073
CTD_P,20240722T145643,1000.82
CTD_P,20240722T155644,1002.72
CTD_PTSH,20240722T155707,1002.70,8.3023,35.3190,-1.041064
CTD_P,20240722T155708,1002.75
CTD_P,20240722T165709,1003.18
CTD_PTSH,20240722T165732,1003.10,8.3061,35.3180,-1.041044
CTD_P,20240722T165733,1003.12
CTD_P,20240722T175734,1000.74
CTD_PTSH,20240722T175757,1000.70,8.3092,35.3200,-1.041136
CTD_P,20240722T175758,1000.70
CTD_P,20240722T185759,1004.25
CTD_PTSH,20240722T185822,1004.30,8.3291,35.3210,-1.041085
CTD_P,20240722T185823,1004.25
CTD_P,20240722T195824,1004.37
CTD_PTSH,20240722T195847,1004.40,8.3697,35.3260,-1.041052
CTD_P,20240722T195848,1004.36
CTD_P,20240722T205849,1006.92
CTD_PTSH,20240722T205912,1006.80,8.4365,35.3330,-1.041061
CTD_P,20240722T205913,1006.78
CTD_P,20240722T215914,1005.23
CTD_PTSH,20240722T215937,1005.30,8.4046,35.3290,-1.041017
CTD_P,20240722T215938,1005.25
CTD_P,20240722T225939,1004.15
CTD_PTSH,20240722T230002,1004.10,8.3958,35.3290,-1.041016
CTD_P,20240722T230003,1004.11
CTD_P,20240723T000004,1000.42
CTD_PTSH,20240723T000027,1000.40,8.3652,35.3260,-1.041049
CTD_P,20240723T000028,1000.46
CTD_P,20240723T010029,1002.74
CTD_PTSH,20240723T010052,1002.70,8.3480,35.3210,-1.041098
CTD_P,20240723T010053,1002.71
CTD_P,20240723T020054,1001.91
CTD_PTSH,20240723T020117,1001.90,8.3171,35.3200,-1.041049
CTD_P,20240723T020118,1001.88
CTD_P,20240723T030119,1002.55
CTD_PTSH,20240723T030142,1002.50,8.3143,35.3200,-1.041075
CTD_P,20240723T030143,1002.54
CTD_P,20240723T040144,1003.44
CTD_PTSH,20240723T040207,1003.40,8.3343,35.3220,-1.041013
CTD_P,20240723T040208,1003.40
CTD_P,20240723T050209,1004.52
CTD_PTSH,20240723T050232,1004.50,8.3163,35.3200,-1.041053
CTD_P,20240723T050233,1004.50
CTD_P,20240723T060234,1005.49
CTD_PTSH,20240723T060257,1005.50,8.3585,35.3230,-1.041062
CTD_P,20240723T060258,1005.46
CTD_P,20240723T070259,1005.94
CTD_PTSH,20240723T070322,1005.90,8.3781,35.3280,-1.041047
CTD_P,20240723T070323,1005.96
CTD_P,20240723T080324,1008.71
CTD_PTSH,20240723T080347,1008.80,8.3945,35.3270,-1.041037
CTD_P,20240723T080348,1008.79
CTD_P,20240723T090349,1007.32
CTD_PTSH,20240723T090412,1007.30,8.4629,35.3330,-1.041041
CTD_P,20240723T090413,1007.27
CTD_P,20240723T100414,1007.73
CTD_PTSH,20240723T100437,1007.70,8.4928,35.3380,-1.041078
CTD_P,20240723T100438,1007.63
CTD_P,20240723T110439,1005.50
CTD_PTSH,20240723T110502,1005.50,8.4712,35.3380,-1.040990
CTD_P,20240723T110503,1005.46
CTD_P,20240723T120504,1003.63
CTD_PTSH,20240723T120527,1003.60,8.4644,35.3360,-1.041054
CTD_P,20240723T120528,1003.57
CTD_P,20240723T130529,1004.90
CTD_PTSH,20240723T130552,1004.90,8.4507,35.3350,-1.041055
CTD_P,20240723T130553,1004.92
CTD_P,20240723T140554,1003.47
CTD_PTSH,20240723T140617,1003.40,8.4291,35.3380,-1.041040
CTD_P,20240723T140618,1003.38
CTD_P,20240723T150619,1004.24
CTD_PTSH,20240723T150642,1004.20,8.3636,35.3240,-1.041040
CTD_P,20240723T150643,1004.20
CTD_P,20240723T160644,1001.89
CTD_PTSH,20240723T160707,1001.90,8.3537,35.3260,-1.041088
CTD_P,20240723T160708,1001.86
CTD_P,20240723T170709,1002.64
CTD_PTSH,20240723T170732,1002.60,8.3608,35.3260,-1.041059
CTD_P,20240723T170733,1002.60
CTD_P,20240723T180734,1002.98
CTD_PTSH,20240723T180757,1002.90,8.3331,35.3220,-1.041082
CTD_P,20240723T180758,1002.93
CTD_P,20240723T190759,1004.27
CTD_PTSH,20240723T190822,1004.30,8.3597,35.3230,-1.041037
CTD_P,20240723T190823,1004.28
CTD_P,20240723T200824,1005.98
CTD_PTSH,20240723T200847,1006.00,8.3682,35.3250,-1.041029
CTD_P,20240723T200848,1005.94
CTD_P,20240723T210849,1006.15
CTD_PTSH,20240723T210912,1006.10,8.3875,35.3280,-1.041062
CTD_P,20240723T210913,1006.13
CTD_P,20240723T220914,1004.75
CTD_PTSH,20240723T220937,1004.80,8.3572,35.3220,-1.041021
CTD_P,20240723T220938,1004.74
CTD_P,20240723T230939,1006.60
CTD_PTSH,20240723T231002,1006.60,8.3589,35.3240,-1.041050
CTD_P,20240723T231003,1006.61
CTD_P,20240724T001004,1004.53
CTD_PTSH,20240724T001027,1004.50,8.3659,35.3250,-1.041038
CTD_P,20240724T001028,1004.47
CTD_P,20240724T011029,1000.46
CTD_PTSH,20240724T011052,1000.50,8.3232,35.3180,-1.041035
CTD_P,20240724T011053,1000.46
CTD_P,20240724T021054,1003.13
CTD_PTSH,20240724T021117,1003.10,8.2896,35.3190,-1.041052
CTD_P,20240724T021118,1003.07
CTD_P,20240724T031119,1004.80
CTD_PTSH,20240724T031142,1004.80,8.2868,35.3170,-1.041076
CTD_P,20240724T031143,1004.81
CTD_P,20240724T041144,1001.35
CTD_PTSH,20240724T041207,1001.30,8.2797,35.3170,-1.041069
CTD_P,20240724T041208,1001.31
CTD_P,20240724T051209,1006.17
CTD_PTSH,20240724T051232,1006.20,8.2891,35.3180,-1.041070
CTD_P,20240724T051233,1006.23
CTD_P,20240724T061234,1007.31
CTD_PTSH,20240724T061257,1007.30,8.3292,35.3220,-1.041072
CTD_P,20240724T061258,1007.34
CTD_P,20240724T071259,1006.63
CTD_PTSH,20240724T071322,1006.70,8.3498,35.3220,-1.041073
CTD_P,20240724T071323,1006.67
CTD_P,20240724T081324,1009.33
CTD_PTSH,20240724T081347,1009.30,8.3650,35.3250,-1.041063
CTD_P,20240724T081348,1009.32
CTD_P,20240724T091349,1005.66
CTD_PTSH,20240724T091412,1005.70,8.3488,35.3230,-1.041024
CTD_P,20240724T091413,1005.63
CTD_P,20240724T101414,1008.84
CTD_PTSH,20240724T101437,1008.80,8.4226,35.3320,-1.041025
CTD_P,20240724T101438,1008.80
CTD_P,20240724T111439,1006.40
CTD_PTSH,20240724T111502,1006.40,8.4422,35.3340,-1.041045
CTD_P,20240724T111503,1006.37
CTD_P,20240724T121504,1010.14
CTD_PTSH,20240724T121527,1010.20,8.4597,35.3340,-1.040990
CTD_P,20240724T121528,1010.15
CTD_P,20240724T131529,1005.06
CTD_PTSH,20240724T131552,1005.00,8.4387,35.3390,-1.041037
CTD_P,20240724T131553,1005.00
CTD_P,20240724T141554,1007.24
CTD_PTSH,20240724T141617,1007.20,8.4322,35.3320,-1.041007
CTD_P,20240724T141618,1007.17
CTD_P,20240724T151619,1005.89
CTD_PTSH,20240724T151642,1005.90,8.4168,35.3310,-1.041010
CTD_P,20240724T151643,1005.90
CTD_P,20240724T161644,1001.49
CTD_PTSH,20240724T161707,1001.50,8.3496,35.3240,-1.041009
CTD_P,20240724T161708,1001.47
CTD_P,20240724T171709,1005.54
CTD_PTSH,20240724T171732,1005.50,8.3585,35.3240,-1.041054
CTD_P,20240724T171733,1005.55
CTD_P,20240724T181734,1005.80
CTD_PTSH,20240724T181757,1005.80,8.3508,35.3220,-1.041055
CTD_P,20240724T181758,1005.81
CTD_P,20240724T191759,1007.20
CTD_PTSH,20240724T191822,1007.20,8.3947,35.3290,-1.041021
CTD_P,20240724T191823,1007.25
CTD_P,20240724T201824,1006.79
CTD_PTSH,20240724T201847,1006.80,8.3669,35.3260,-1.041030
CTD_P,20240724T201848,1006.83
CTD_P,20240724T211849,1005.70
CTD_PTSH,20240724T211912,1005.70,8.3915,35.3290,-1.041033
CTD_P,20240724T211913,1005.64
CTD_P,20240724T221914,1007.58
CTD_PTSH,20240724T221937,1007.60,8.3849,35.3260,-1.041034
CTD_P,20240724T221938,1007.63
CTD_P,20240724T231939,1010.59
CTD_PTSH,20240724T232002,1010.60,8.4124,35.3310,-1.041054
CTD_P,20240724T232003,1010.55
CTD_P,20240725T002004,1005.09
CTD_PTSH,20240725T002027,1005.00,8.4121,35.3330,-1.041075
CTD_P,20240725T002028,1004.99
CTD_P,20240725T012029,1002.89
CTD_PTSH,20240725T012052,1002.90,8.3693,35.3310,-1.041039
CTD_P,20240725T012053,1002.89
CTD_P,20240725T022054,1003.07
CTD_PTSH,20240725T022117,1003.10,8.3349,35.3270,-1.041014
CTD_P,20240725T022118,1003.06
CTD_P,20240725T032119,1004.29
CTD_PTSH,20240725T032142,1004.30,8.3170,35.3220,-1.041057
CTD_P,20240725T032143,1004.28
CTD_P,20240725T042144,1004.87
CTD_PTSH,20240725T042207,1004.80,8.3157,35.3200,-1.041038
CTD_P,20240725T042208,1004.80
CTD_P,20240725T052209,1003.85
CTD_PTSH,20240725T052232,1003.80,8.3139,35.3210,-1.041049
CTD_P,20240725T052233,1003.80
CTD_P,20240725T062234,1005.58
CTD_PTSH,20240725T062257,1005.60,8.3160,35.3200,-1.041073
CTD_P,20240725T062258,1005.57
CTD_P,20240725T072259,1005.35
CTD_PTSH,20240725T072322,1005.40,8.3225,35.3200,-1.041061
CTD_P,20240725T072323,1005.35
CTD_P,20240725T082324,1006.24
CTD_PTSH,20240725T082347,1006.20,8.3437,35.3240,-1.041041
CTD_P,20240725T082348,1006.18
CTD_P,20240725T092349,1005.54
CTD_PTSH,20240725T092412,1005.50,8.3414,35.3210,-1.041053
CTD_P,20240725T092413,1005.49
CTD_P,20240725T102414,1007.15
CTD_PTSH,20240725T102437,1007.10,8.3512,35.3240,-1.041047
CTD_P,20240725T102438,1007.09
CTD_P,20240725T112439,1006.87
CTD_PTSH,20240725T112502,1006.90,8.4016,35.3300,-1.041039
CTD_P,20240725T112503,1006.88
CTD_P,20240725T122504,1003.79
CTD_PTSH,20240725T122527,1003.80,8.3541,35.3280,-1.041029
CTD_P,20240725T122528,1003.78
CTD_P,20240725T132529,1007.95
CTD_PTSH,20240725T132552,1007.90,8.3525,35.3250,-1.041049
CTD_P,20240725T132553,1007.96
CTD_P,20240725T142554,1008.20
CTD_PTSH,20240725T142617,1008.20,8.3799,35.3270,-1.041032
CTD_P,20240725T142618,1008.19
CTD_P,20240725T152619,1005.06
CTD_PTSH,20240725T152642,1005.00,8.3353,35.3210,-1.041034
CTD_P,20240725T152643,1005.02
CTD_P,20240725T162644,1006.04
CTD_PTSH,20240725T162707,1006.00,8.3365,35.3210,-1.040997
CTD_P,20240725T162708,1005.99
CTD_P,20240725T172709,1007.61
CTD_PTSH,20240725T172732,1007.60,8.3298,35.3210,-1.041037
CTD_P,20240725T172733,1007.62
CTD_P,20240725T182734,1008.73
CTD_PTSH,20240725T182757,1008.70,8.3624,35.3240,-1.040995
CTD_P,20240725T182758,1008.73
CTD_P,20240725T192759,1005.75
CTD_PTSH,20240725T192822,1005.70,8.3571,35.3270,-1.040993
CTD_P,20240725T192823,1005.74
CTD_P,20240725T202824,1008.03
CTD_PTSH,20240725T202847,1008.00,8.3359,35.3220,-1.041063
CTD_P,20240725T202848,1008.03
CTD_P,20240725T212849,1009.36
CTD_PTSH,20240725T212912,1009.30,8.3921,35.3280,-1.041032
CTD_P,20240725T212913,1009.34
CTD_P,20240725T222914,1007.93
CTD_PTSH,20240725T222937,1007.90,8.3845,35.3290,-1.040988
CTD_P,20240725T222938,1007.95
CTD_P,20240725T232939,1008.32
CTD_PTSH,20240725T233002,1008.20,8.3878,35.3280,-1.041051
CTD_P,20240725T233003,1008.24
CTD_P,20240726T003004,1007.71
CTD_PTSH,20240726T003027,1007.70,8.4024,35.3280,-1.040994
CTD_P,20240726T003028,1007.68
CTD_P,20240726T013029,1003.91
CTD_PTSH,20240726T013052,1003.80,8.3583,35.3270,-1.041002
CTD_P,20240726T013053,1003.83
CTD_P,20240726T023054,1003.22
CTD_PTSH,20240726T023117,1003.20,8.2958,35.3200,-1.041035
CTD_P,20240726T023118,1003.22
CTD_P,20240726T033119,1007.86
CTD_PTSH,20240726T033142,1007.80,8.3283,35.3210,-1.041028
CTD_P,20240726T033143,1007.82
CTD_P,20240726T043144,1006.37
CTD_PTSH,20240726T043207,1006.40,8.3098,35.3210,-1.041040
CTD_P,20240726T043208,1006.42
CTD_P,20240726T053209,1007.40
CTD_PTSH,20240726T053232,1007.40,8.3305,35.3220,-1.041015
CTD_P,20240726T053233,1007.42
CTD_P,20240726T063234,1008.42
CTD_PTSH,20240726T063257,1008.40,8.4082,35.3290,-1.041001
CTD_P,20240726T063258,1008.39
CTD_P,20240726T073259,1011.94
CTD_PTSH,20240726T073322,1011.90,8.4348,35.3330,-1.041009
CTD_P,20240726T073323,1011.90
CTD_P,20240726T083324,1006.72
CTD_PTSH,20240726T083347,1006.70,8.4086,35.3330,-1.041030
CTD_P,20240726T083348,1006.70
CTD_P,20240726T093349,1006.97
CTD_PTSH,20240726T093412,1007.00,8.3775,35.3280,-1.040994
CTD_P,20240726T093413,1007.03
CTD_P,20240726T103414,1010.20
CTD_PTSH,20240726T103437,1010.20,8.4050,35.3290,-1.041049
CTD_P,20240726T103438,1010.23
CTD_P,20240726T113439,1009.18
CTD_PTSH,20240726T113502,1009.10,8.4188,35.3320,-1.040980
CTD_P,20240726T113503,1009.14
CTD_P,20240726T123504,1006.77
CTD_PTSH,20240726T123527,1006.70,8.4088,35.3330,-1.040990
CTD_P,20240726T123528,1006.75
CTD_P,20240726T133529,1005.80
CTD_PTSH,20240726T133552,1005.80,8.3846,35.3310,-1.040998
CTD_P,20240726T133553,1005.79
CTD_P,20240726T143554,1000.56
CTD_PTSH,20240726T143617,1000.60,8.3168,35.3230,-1.041011
CTD_P,20240726T143618,1000.57
CTD_P,20240726T153619,1004.20
CTD_PTSH,20240726T153642,1004.20,8.2511,35.3150,-1.041041
CTD_P,20240726T153643,1004.18
CTD_P,20240726T163644,1000.88
CTD_PTSH,20240726T163707,1000.80,8.2169,35.3140,-1.040982
CTD_P,20240726T163708,1000.80
CTD_P,20240726T173709,1004.15
CTD_PTSH,20240726T173732,1004.10,8.1907,35.3080,-1.041043
CTD_P,20240726T173733,1004.12
CTD_P,20240726T183734,1008.06
CTD_PTSH,20240726T183757,1008.00,8.2574,35.3140,-1.041018
CTD_P,20240726T183758,1008.00
CTD_P,20240726T193759,1008.01
CTD_PTSH,20240726T193822,1008.00,8.3108,35.3210,-1.041028
CTD_P,20240726T193823,1008.03
CTD_P,20240726T203824,1009.24
CTD_PTSH,20240726T203847,1009.20,8.3580,35.3250,-1.041072
CTD_P,20240726T203848,1009.22
CTD_P,20240726T213849,1012.09
CTD_PTSH,20240726T213912,1012.00,8.4435,35.3320,-1.041035
CTD_P,20240726T213913,1011.96
CTD_P,20240726T223914,1009.46
CTD_PTSH,20240726T223937,1009.40,8.4343,35.3370,-1.040981
CTD_P,20240726T223938,1009.45
CTD_P,20240726T233939,1010.29
CTD_PTSH,20240726T234002,1010.30,8.4122,35.3300,-1.040969
CTD_P,20240726T234003,1010.35
CTD_P,20240727T004004,1005.34
CTD_PTSH,20240727T004027,1005.30,8.4001,35.3280,-1.041023
CTD_P,20240727T004028,1005.28
CTD_P,20240727T014029,1007.78
CTD_PTSH,20240727T014052,1007.70,8.3599,35.3230,-1.041043
CTD_P,20240727T014053,1007.72
CTD_P,20240727T024054,1005.78
CTD_PTSH,20240727T024117,1005.70,8.3456,35.3240,-1.040951
CTD_P,20240727T024118,1005.70
CTD_P,20240727T034119,1007.78
CTD_PTSH,20240727T034142,1007.70,8.3224,35.3200,-1.041024
CTD_P,20240727T034143,1007.74
CTD_P,20240727T044144,1008.13
CTD_PTSH,20240727T044207,1008.10,8.3366,35.3230,-1.041018
CTD_P,20240727T044208,1008.12
CTD_P,20240727T054209,1009.92
CTD_PTSH,20240727T054232,1009.90,8.3537,35.3250,-1.041034
CTD_P,20240727T054233,1009.86
CTD_P,20240727T064234,1007.27
CTD_PTSH,20240727T064257,1007.30,8.3349,35.3170,-1.041001
CTD_P,20240727T064258,1007.31
CTD_P,20240727T074259,1013.54
CTD_PTSH,20240727T074322,1013.50,8.4039,35.3300,-1.040997
CTD_P,20240727T074323,1013.55
CTD_P,20240727T084324,1010.77
CTD_PTSH,20240727T084347,1010.70,8.4244,35.3300,-1.041018
CTD_P,20240727T084348,1010.75
CTD_P,20240727T094349,1008.48
CTD_PTSH,20240727T094412,1008.40,8.3841,35.3280,-1.041017
CTD_P,20240727T094413,1008.41
CTD_P,20240727T104414,1008.35
CTD_PTSH,20240727T104437,1008.40,8.3751,35.3260,-1.041030
CTD_P,20240727T104438,1008.41
CTD_P,20240727T114439,1011.01
CTD_PTSH,20240727T114502,1011.00,8.4164,35.3290,-1.041036
CTD_P,20240727T114503,1011.03
CTD_P,20240727T124504,1008.41
CTD_PTSH,20240727T124527,1008.30,8.4299,35.3310,-1.040998
CTD_P,20240727T124528,1008.32
CTD_P,20240727T134529,1001.72
CTD_PTSH,20240727T134552,1001.70,8.3530,35.3240,-1.040938
CTD_P,20240727T134553,1001.67
CTD_P,20240727T144554,1004.42
CTD_PTSH,20240727T144617,1004.40,8.2446,35.3140,-1.041005
CTD_P,20240727T144618,1004.43
CTD_P,20240727T154619,1007.83
CTD_PTSH,20240727T154642,1007.80,8.3322,35.3200,-1.041002
CTD_P,20240727T154643,1007.79
CTD_P,20240727T164644,1004.06
CTD_PTSH,20240727T164707,1004.00,8.2851,35.3190,-1.040985
CTD_P,20240727T164708,1004.06
CTD_P,20240727T174709,1009.29
CTD_PTSH,20240727T174732,1009.30,8.3275,35.3220,-1.041021
CTD_P,20240727T174733,1009.29
CTD_P,20240727T184734,1011.78
CTD_PTSH,20240727T184757,1011.80,8.3352,35.3230,-1.040972
CTD_P,20240727T184758,1011.80
CTD_P,20240727T194759,1009.11
CTD_PTSH,20240727T194822,1009.10,8.3695,35.3260,-1.040998
CTD_P,20240727T194823,1009.10
CTD_P,20240727T204824,1008.33
CTD_PTSH,20240727T204847,1008.30,8.3711,35.3270,-1.040984
CTD_P,20240727T204848,1008.24
CTD_P,20240727T214849,1007.88
CTD_PTSH,20240727T214912,1007.90,8.3458,35.3240,-1.041022
CTD_P,20240727T214913,1007.86
CTD_P,20240727T224914,1009.52
CTD_PTSH,20240727T224937,1009.50,8.3749,35.3260,-1.041000
CTD_P,20240727T224938,1009.47
CTD_P,20240727T234939,1008.29
CTD_PTSH,20240727T235002,1008.30,8.3614,35.3280,-1.041013
CTD_P,20240727T235003,1008.33
CTD_P,20240728T005004,1007.98
CTD_PTSH,20240728T005027,1007.90,8.3715,35.3250,-1.040998
CTD_P,20240728T005028,1007.92
CTD_P,20240728T015029,1006.80
CTD_PTSH,20240728T015052,1006.70,8.3291,35.3220,-1.040976
CTD_P,20240728T015053,1006.75
CTD_P,20240728T024707,1008.29
CTD_PTSH,20240728T024730,1008.20,8.3481,35.3250,-1.041016
CTD_P,20240728T024731,1008.24
Message,20240728T024733,Deep Descent Mission
CTD_P,20240728T024736,1008.27
CTD_P,20240728T024839,1009.56
CTD_P,20240728T024941,1014.43
CTD_P,20240728T025043,1021.54
CTD_P,20240728T025145,1030.17
CTD_P,20240728T025221,1035.64
CTD_P,20240728T025222,1035.85
CTD_P,20240728T025324,1045.83
CTD_P,20240728T025827,1094.27
CTD_P,20240728T030330,1142.10
CTD_P,20240728T030833,1188.42
CTD_P,20240728T031336,1234.00
CTD_P,20240728T031839,1279.12
CTD_P,20240728T032342,1323.62
CTD_P,20240728T032845,1367.06
CTD_P,20240728T033348,1410.33
CTD_P,20240728T033851,1452.79
CTD_P,20240728T034354,1494.15
CTD_P,20240728T034857,1534.19
CTD_P,20240728T035400,1573.25
CTD_P,20240728T035903,1611.25
CTD_P,20240728T040406,1648.36
CTD_P,20240728T040909,1684.93
CTD_P,20240728T041412,1720.64
CTD_P,20240728T041915,1755.12
CTD_P,20240728T042418,1789.30
CTD_P,20240728T042921,1823.33
CTD_P,20240728T043424,1856.56
CTD_P,20240728T043927,1889.19
CTD_P,20240728T044430,1921.46
CTD_P,20240728T044933,1952.81
CTD_P,20240728T045436,1983.40
CTD_P,20240728T045744,2001.99
Message,20240728T045747,ASCENT
CTD_P,20240728T045750,2002.56
CTD_P,20240728T045824,2005.75
CTD_P,20240728T045938,2010.81
CTD_P,20240728T045950,2011.32
CTD_P,20240728T045951,2011.36
CTD_P,20240728T050052,2012.71
CTD_P,20240728T050136,2012.71
CTD_P,20240728T050237,2010.09
CTD_P,20240728T050321,2007.38
CTD_P,20240728T050422,2002.28
CTD_P,20240728T050452,1999.73
CTD_P,20240728T050454,1999.60
Message,20240728T050455,CP Started
CTD_P,20240728T050530,1996.41
CTD_PTS,20240728T050532,1996.22,3.2231,34.8457
O2,20240728T050621,102.59160,24.54164,3.21285,48.34575,49.71175,57.56551,7.85375,1036.69397,864.61328,748.99701
FLBB,20240728T050624,55,118,567
CTD_P,20240728T050626,1991.73
CTD_P,20240728T050924,1977.04
NO3,20240728T050934,43.47
CTD_P,20240728T050938,1975.88
CTD_P,20240728T051440,1951.78
CTD_P,20240728T051942,1928.66
CTD_P,20240728T052444,1906.51
CTD_P,20240728T052528,1903.06
CTD_P,20240728T052610,1899.22
CTD_PTS,20240728T052612,1899.03,3.4666,34.8649
O2,20240728T052701,97.03275,23.37382,3.47418,48.74613,50.11213,58.02287,7.91074,1044.43506,863.67932,741.38593
FLBB,20240728T052704,56,114,567
CTD_P,20240728T052705,1894.08
CTD_P,20240728T053207,1866.24
CTD_P,20240728T053709,1839.39
CTD_P,20240728T054211,1813.83
CTD_P,20240728T054456,1800.49
CTD_P,20240728T054505,1799.75
CTD_PTS,20240728T054507,1799.60,3.8076,34.8927
O2,20240728T054556,88.52265,21.51423,3.81010,49.42300,50.78900,58.70470,7.91570,1057.39197,861.82788,731.56732
FLBB,20240728T054559,55,113,567
CTD_P,20240728T054601,1795.36
CTD_P,20240728T054714,1789.75
CTD_P,20240728T055216,1767.23
CTD_P,20240728T055718,1746.10
CTD_P,20240728T055800,1742.96
CTD_P,20240728T055902,1737.53
CTD_P,20240728T060404,1710.90
CTD_P,20240728T060610,1700.12
CTD_P,20240728T060614,1699.79
CTD_PTS,20240728T060616,1699.60,4.2374,34.9301
O2,20240728T060705,76.00725,18.68474,4.24482,50.52871,51.89471,59.80968,7.91497,1077.58899,859.00018,718.80267
FLBB,20240728T060708,56,119,566
CTD_P,20240728T060710,1695.05
CTD_P,20240728T060906,1685.20
CTD_P,20240728T061408,1660.63
CTD_P,20240728T061910,1636.67
CTD_P,20240728T062412,1613.15
CTD_P,20240728T062703,1599.93
CTD_PTS,20240728T062705,1599.80,4.7111,34.9734
O2,20240728T062754,64.53166,16.06260,4.72303,51.61463,52.98063,60.89709,7.91647,1096.58997,855.75781,704.68628
FLBB,20240728T062757,56,115,565
CTD_P,20240728T062759,1595.71
CTD_P,20240728T062914,1590.05
CTD_P,20240728T062954,1586.84
CTD_P,20240728T063056,1581.04
CTD_P,20240728T063558,1552.73
CTD_P,20240728T064100,1525.07
CTD_P,20240728T064536,1500.74
CTD_P,20240728T064547,1499.76
CTD_PTS,20240728T064549,1499.57,5.3008,35.0258
O2,20240728T064638,51.20103,12.93860,5.30895,53.01069,54.37669,62.29410,7.91740,1119.63306,851.60773,687.28491
FLBB,20240728T064641,58,117,564
CTD_P,20240728T064643,1494.96
CTD_P,20240728T065145,1469.43
CTD_P,20240728T065647,1444.78
CTD_P,20240728T070149,1421.26
CTD_P,20240728T070624,1401.22
CTD_P,20240728T070643,1399.89
CTD_PTS,20240728T070645,1399.77,5.8829,35.0796
O2,20240728T070734,40.78146,10.45795,5.88397,54.19521,55.56121,63.47899,7.91778,1138.36401,847.34387,670.09637
FLBB,20240728T070737,58,112,564
CTD_P,20240728T070738,1396.10
CTD_P,20240728T071240,1376.26
CTD_P,20240728T071322,1373.38
CTD_P,20240728T071424,1368.14
CTD_P,20240728T071926,1342.77
CTD_P,20240728T072428,1318.84
CTD_P,20240728T072828,1300.43
CTD_P,20240728T072836,1299.83
CTD_PTS,20240728T072838,1299.65,6.4412,35.1320
O2,20240728T072927,31.61227,8.22177,6.44220,55.33756,56.70356,64.61668,7.91312,1155.42896,843.24200,653.30621
FLBB,20240728T072930,57,117,563
CTD_P,20240728T072931,1295.67
CTD_P,20240728T073433,1273.24
CTD_P,20240728T073516,1269.84
CTD_P,20240728T073618,1264.05
CTD_P,20240728T074120,1235.78
CTD_P,20240728T074622,1207.74
CTD_P,20240728T074748,1199.85
CTD_PTS,20240728T074750,1199.66,7.1201,35.1984
O2,20240728T074839,22.02050,5.82629,7.12937,56.64581,58.01181,65.92198,7.91017,1173.96399,838.07141,632.50153
FLBB,20240728T074842,57,117,561
CTD_P,20240728T074844,1194.77
CTD_P,20240728T075124,1180.42
CTD_P,20240728T075626,1153.99
CTD_P,20240728T080128,1128.55
CTD_P,20240728T080630,1103.99
CTD_P,20240728T080722,1099.83
CTD_PTS,20240728T080724,1099.66,7.7630,35.2636
O2,20240728T080813,14.78357,3.97493,7.78102,57.72122,59.08722,67.00168,7.91446,1188.60400,833.12378,612.63629
FLBB,20240728T080816,57,120,561
CTD_P,20240728T080817,1095.44
CTD_P,20240728T081132,1080.25
CTD_P,20240728T081634,1057.58
CTD_P,20240728T082136,1036.44
CTD_P,20240728T082218,1033.33
CTD_P,20240728T082320,1027.77
CTD_P,20240728T082822,1000.82
CTD_P,20240728T082834,999.83
CTD_PTS,20240728T082836,999.63,8.4113,35.3275
O2,20240728T082925,9.45824,2.58349,8.42718,58.56602,59.93202,67.85089,7.91887,1199.56995,828.16492,592.81238
FLBB,20240728T082928,56,122,560
CTD_P,20240728T082929,995.02
CTD_P,20240728T083324,975.03
CTD_P,20240728T083821,950.35
CTD_P,20240728T083829,949.71
CTD_PTS,20240728T083831,949.54,8.7074,35.3596
O2,20240728T083834,7.51960,2.06754,8.69956,58.88919,60.25519,68.17601,7.92082,1203.77905,826.16199,584.41937
FLBB,20240728T083838,57,126,559
CTD_P,20240728T083839,948.84
CTD_P,20240728T084323,926.23
CTD_P,20240728T084825,903.32
CTD_P,20240728T084911,899.99
CTD_PTS,20240728T084913,899.82,8.9865,35.3843
O2,20240728T084916,5.86960,1.62495,8.98391,59.16825,60.53426,68.45488,7.92062,1207.34302,823.93927,575.63458
FLBB,20240728T084920,57,117,559
CTD_P,20240728T084921,899.23
CTD_P,20240728T085327,882.01
CTD_P,20240728T085408,878.99
CTD_P,20240728T085510,873.43
CTD_P,20240728T085934,850.22
CTD_P,20240728T085938,849.88
CTD_PTS,20240728T085940,849.71,9.3789,35.4229
O2,20240728T085943,4.36459,1.21950,9.36940,59.41956,60.78556,68.70959,7.92403,1210.11499,821.06897,563.68909
FLBB,20240728T085947,57,116,558
CTD_P,20240728T085948,849.03
CTD_P,20240728T090012,847.07
CTD_P,20240728T090514,823.00
CTD_P,20240728T091004,802.18
CTD_P,20240728T091016,801.36
CTD_P,20240728T091037,799.90
CTD_PTS,20240728T091039,799.78,9.7537,35.4538
O2,20240728T091042,3.53628,0.99701,9.74867,59.54744,60.91344,68.84431,7.93087,1210.99695,818.09851,551.89630
FLBB,20240728T091046,55,148,558
CTD_P,20240728T091047,799.24
CTD_P,20240728T091518,781.32
CTD_P,20240728T092020,762.30
CTD_P,20240728T092102,759.37
CTD_P,20240728T092204,754.08
CTD_P,20240728T092254,749.69
CTD_PTS,20240728T092256,749.50,10.2078,35.5029
O2,20240728T092259,2.63706,0.75150,10.20295,59.68892,61.05492,68.99055,7.93563,1211.61499,814.42572,537.72089
FLBB,20240728T092303,56,114,557
CTD_P,20240728T092304,748.82
CTD_P,20240728T092706,727.46
CTD_P,20240728T093208,700.54
CTD_P,20240728T093217,699.71
CTD_PTS,20240728T093219,699.55,10.6371,35.5480
O2,20240728T093222,2.13269,0.61390,10.63168,59.75720,61.12320,69.06505,7.94185,1211.37402,810.95990,524.29382
FLBB,20240728T093226,56,106,556
CTD_P,20240728T093227,698.83
CTD_P,20240728T093710,674.41
CTD_P,20240728T094156,651.50
CTD_P,20240728T094212,650.26
CTD_P,20240728T094216,649.95
CTD_PTS,20240728T094218,649.80,11.0567,35.5854
O2,20240728T094221,2.04685,0.59498,11.05292,59.74076,61.10676,69.05875,7.95199,1210.05505,807.60992,511.05640
FLBB,20240728T094225,55,109,556
CTD_P,20240728T094226,649.19
CTD_P,20240728T094714,627.97
CTD_P,20240728T095216,607.14
CTD_P,20240728T095402,600.01
CTD_P,20240728T095406,599.79
CTD_PTS,20240728T095408,599.64,11.3775,35.5995
O2,20240728T095411,1.99877,0.58531,11.37226,59.72499,61.09099,69.04872,7.95773,1209.14099,804.96393,500.99240
FLBB,20240728T095415,55,109,555
CTD_P,20240728T095416,599.13
CTD_P,20240728T095718,587.07
CTD_P,20240728T095800,584.03
CTD_P,20240728T095902,578.53
CTD_P,20240728T100404,552.02
CTD_P,20240728T100430,549.77
CTD_PTS,20240728T100432,549.60,11.8283,35.6568
O2,20240728T100435,1.92751,0.57040,11.83070,59.70318,61.06918,69.03656,7.96738,1207.59998,801.24072,486.50351
FLBB,20240728T100438,56,109,554
CTD_P,20240728T100440,548.92
CTD_P,20240728T100906,526.49
CTD_P,20240728T101408,502.56
CTD_P,20240728T101444,499.77
CTD_PTS,20240728T101446,499.62,12.5621,35.7655
O2,20240728T101449,1.83890,0.55331,12.56408,59.66354,61.02954,69.00824,7.97870,1204.57800,795.07910,463.22809
FLBB,20240728T101452,56,112,553
CTD_P,20240728T101454,499.01
CTD_P,20240728T101910,479.85
CTD_P,20240728T102412,458.85
CTD_P,20240728T102452,455.92
CTD_P,20240728T102554,450.50
CTD_P,20240728T102602,449.80
CTD_PTS,20240728T102604,449.62,12.9962,35.7931
O2,20240728T102607,1.77802,0.54018,12.99387,59.64273,61.00874,68.99371,7.98498,1203.30298,791.70282,449.53540
FLBB,20240728T102610,56,118,553
CTD_P,20240728T102612,448.91
CTD_P,20240728T103056,424.42
CTD_P,20240728T103542,401.15
CTD_P,20240728T103559,399.77
CTD_PTS,20240728T103601,399.61,13.5565,35.8533
O2,20240728T103604,1.69473,0.52134,13.55373,59.61712,60.98312,68.97525,7.99213,1201.25403,786.96503,431.64481
FLBB,20240728T103608,56,126,552
CTD_P,20240728T103609,398.97
CTD_P,20240728T104112,374.76
CTD_P,20240728T104615,351.87
CTD_P,20240728T104643,349.83
CTD_PTS,20240728T104645,349.68,13.9603,35.8659
O2,20240728T104648,1.66332,0.51629,13.95993,59.59211,60.95811,68.95969,8.00158,1199.96301,783.49188,418.62891
FLBB,20240728T104651,57,140,551
CTD_P,20240728T104653,349.13
CTD_P,20240728T105118,331.16
CTD_P,20240728T105158,328.36
CTD_P,20240728T105300,323.18
CTD_P,20240728T105741,300.03
CTD_P,20240728T105745,299.70
CTD_PTS,20240728T105747,299.54,14.7327,35.9556
O2,20240728T105750,1.63493,0.51614,14.73372,59.53728,60.90328,68.92798,8.02470,1196.71497,777.11377,393.75681
FLBB,20240728T105753,57,147,550
CTD_P,20240728T105755,298.89
CTD_P,20240728T105804,298.16
CTD_P,20240728T110307,274.12
CTD_P,20240728T110810,251.66
CTD_P,20240728T110836,249.81
CTD_PTS,20240728T110838,249.68,15.9586,36.1074
O2,20240728T110841,1.52590,0.49446,15.94754,59.46797,60.83397,68.87183,8.03786,1190.79297,766.43628,354.56479
FLBB,20240728T110844,57,139,549
CTD_P,20240728T110846,249.11
CTD_P,20240728T111312,230.55
CTD_P,20240728T111352,227.60
CTD_P,20240728T111454,222.36
CTD_P,20240728T111922,201.37
CTD_P,20240728T111943,199.89
CTD_PTS,20240728T111945,199.72,16.8463,36.0890
O2,20240728T111948,1.47778,0.48800,16.84206,59.40968,60.77568,68.82895,8.05327,1185.43005,757.00403,325.56989
FLBB,20240728T111951,56,145,547
CTD_P,20240728T111953,199.19
CTD_P,20240728T112456,180.46
CTD_P,20240728T112959,169.31
CTD_P,20240728T113039,168.08
CTD_P,20240728T113142,164.83
CTD_P,20240728T113222,162.50
CTD_P,20240728T113324,158.04
CTD_P,20240728T113404,155.06
CTD_P,20240728T113506,149.92
CTD_PTS,20240728T113508,149.80,19.5585,36.0536
O2,20240728T113511,2.60841,0.91032,19.53618,58.87617,60.24217,68.32433,8.08215,1165.23901,731.61493,237.89661
FLBB,20240728T113514,52,110,544
CTD_P,20240728T113516,149.11
CTD_P,20240728T114018,127.76
CTD_P,20240728T114520,114.63
CTD_P,20240728T115022,107.90
CTD_P,20240728T115100,107.49
CTD_P,20240728T115202,104.79
CTD_P,20240728T115242,102.48
CTD_P,20240728T115327,99.22
CTD_PTS,20240728T115329,99.10,23.4820,36.3240
O2,20240728T115418,110.72070,41.79366,23.56779,38.53298,39.89898,48.01295,8.11398,784.85010,691.62952,106.78330
FLBB,20240728T115421,55,122,538
CTD_P,20240728T115423,95.59
CTD_P,20240728T115504,92.62
CTD_P,20240728T115543,89.31
CTD_PTS,20240728T115545,89.12,24.0205,36.4248
O2,20240728T115634,147.58231,56.36787,24.19514,34.80980,36.17580,44.29561,8.11980,698.26410,684.33258,86.49982
FLBB,20240728T115637,56,133,537
CTD_P,20240728T115639,84.78
CTD_P,20240728T115740,80.36
NO3,20240728T115750,10.50
CTD_P,20240728T115754,79.37
CTD_P,20240728T115758,79.08
CTD_PTS,20240728T115800,78.95,24.5547,36.4828
O2,20240728T115849,163.31911,62.87953,24.62455,33.40659,34.77259,42.89861,8.12601,665.13940,679.34772,72.64597
FLBB,20240728T115852,66,138,537
CTD_P,20240728T115853,75.26
CTD_P,20240728T120008,69.72
CTD_PTS,20240728T120010,69.60,24.8357,36.4807
O2,20240728T120059,170.40550,66.02589,24.96735,32.75460,34.12061,42.25075,8.13014,649.38318,676.17529,61.60537
FLBB,20240728T120102,74,131,535
CTD_P,20240728T120103,65.45
CTD_P,20240728T120141,62.53
CTD_P,20240728T120217,59.89
CTD_PTS,20240728T120219,59.72,25.0772,36.4205
O2,20240728T120308,160.48810,62.40899,25.16370,33.39262,34.75862,42.88992,8.13130,664.21863,673.93213,55.28938
FLBB,20240728T120311,85,144,535
CTD_P,20240728T120312,56.37
CTD_P,20240728T120429,53.15
CTD_P,20240728T120548,53.39
CTD_P,20240728T120633,53.05
CTD_P,20240728T120644,52.91
CTD_P,20240728T120723,52.58
CTD_P,20240728T120759,52.78
CTD_P,20240728T120837,53.26
CTD_P,20240728T120921,53.62
CTD_P,20240728T121010,52.88
CTD_P,20240728T121049,52.20
CTD_P,20240728T121120,52.14
CTD_P,20240728T121146,52.32
CTD_P,20240728T121226,52.37
CTD_P,20240728T121258,51.74
CTD_P,20240728T121322,51.41
CTD_P,20240728T121342,51.21
CTD_P,20240728T121400,50.85
CTD_P,20240728T121445,49.53
CTD_PTS,20240728T121447,49.48,27.9053,36.3270
O2,20240728T121536,227.81039,93.13235,27.93075,28.23221,29.59821,37.73880,8.14059,535.27802,648.38019,-32.96830
FLBB,20240728T121539,120,270,532
CTD_P,20240728T121540,48.83
CTD_P,20240728T121542,48.79
CTD_PTS,20240728T121544,48.79,27.9777,36.3196
O2,20240728T121546,227.98711,93.22916,27.94562,28.21819,29.58419,37.72385,8.13966,534.77917,648.03058,-33.43821
FLBB,20240728T121549,127,305,531
CTD_P,20240728T121551,48.79
CTD_P,20240728T121618,48.52
CTD_P,20240728T121626,48.32
CTD_P,20240728T121630,48.22
CTD_P,20240728T121634,48.09
CTD_P,20240728T121638,47.97
CTD_PTS,20240728T121640,47.90,28.0893,36.3178
O2,20240728T121643,232.45560,95.26675,28.07033,27.95854,29.32454,37.46594,8.14140,528.35669,647.36609,-37.37821
FLBB,20240728T121646,125,288,531
CTD_P,20240728T121648,47.64
CTD_P,20240728T121656,47.33
CTD_P,20240728T121704,47.06
CTD_P,20240728T121708,46.88
CTD_PTS,20240728T121710,46.85,28.1174,36.3120
O2,20240728T121713,235.14900,96.42413,28.10175,27.82068,29.18668,37.32916,8.14248,524.81219,646.78137,-38.37004
FLBB,20240728T121716,157,325,531
CTD_P,20240728T121718,46.56
CTD_P,20240728T121723,46.36
CTD_P,20240728T121737,45.80
CTD_PTS,20240728T121739,45.70,28.1249,36.3106
O2,20240728T121741,236.68730,97.07133,28.11128,27.74586,29.11185,37.25409,8.14223,522.89752,646.44427,-38.67118
FLBB,20240728T121745,152,369,530
CTD_P,20240728T121747,45.29
CTD_P,20240728T121759,44.68
CTD_P,20240728T121803,44.44
CTD_PTS,20240728T121805,44.34,28.1251,36.3111
O2,20240728T121808,237.43491,97.38762,28.11691,27.70936,29.07536,37.21623,8.14088,521.96863,646.25311,-38.84861
FLBB,20240728T121811,180,352,530
CTD_P,20240728T121813,43.90
CTD_P,20240728T121817,43.66
CTD_PTS,20240728T121819,43.53,28.1239,36.3116
O2,20240728T121822,237.64301,97.47359,28.11728,27.69965,29.06565,37.20497,8.13932,521.69409,646.06860,-38.86050
FLBB,20240728T121825,150,383,530
CTD_P,20240728T121827,43.02
CTD_P,20240728T121831,42.75
CTD_PTS,20240728T121833,42.56,28.1227,36.3125
O2,20240728T121836,237.78180,97.53146,28.11783,27.69308,29.05907,37.19810,8.13903,521.51019,646.02441,-38.87791
FLBB,20240728T121839,159,422,530
CTD_P,20240728T121841,42.03
CTD_P,20240728T121845,41.71
CTD_PTS,20240728T121847,41.57,28.1233,36.3119
O2,20240728T121850,238.06371,97.64774,28.11821,27.68000,29.04600,37.17437,8.12837,521.30048,642.09399,-38.88971
FLBB,20240728T121853,146,367,530
CTD_P,20240728T121855,41.00
CTD_P,20240728T121858,40.80
CTD_PTS,20240728T121900,40.64,28.1245,36.3111
O2,20240728T121902,238.02350,97.63261,28.11899,27.68156,29.04756,37.18311,8.13555,521.18213,645.73682,-38.91450
FLBB,20240728T121906,160,388,529
CTD_P,20240728T121908,40.04
CTD_P,20240728T121912,39.75
CTD_PTS,20240728T121914,39.63,28.1223,36.3120
O2,20240728T121916,238.26440,97.72936,28.11779,27.67095,29.03695,37.16377,8.12682,521.04608,642.02869,-38.87663
FLBB,20240728T121920,147,379,529
CTD_P,20240728T121922,38.94
CTD_P,20240728T121924,38.78
CTD_PTS,20240728T121926,38.65,28.1248,36.3105
O2,20240728T121928,238.22990,97.71673,28.11864,27.67222,29.03822,37.17207,8.13384,520.93732,645.64648,-38.90339
FLBB,20240728T121932,152,360,529
CTD_P,20240728T121934,37.94
CTD_P,20240728T121936,37.77
CTD_PTS,20240728T121938,37.59,28.1216,36.3122
O2,20240728T121941,238.36940,97.77330,28.11832,27.66595,29.03195,37.16705,8.13510,520.79657,645.79639,-38.89325
FLBB,20240728T121944,139,359,529
CTD_P,20240728T121946,36.89
CTD_P,20240728T121948,36.74
CTD_P,20240728T121952,36.37
CTD_PTS,20240728T121954,36.19,28.1227,36.3108
O2,20240728T121957,238.39580,97.78285,28.11757,27.66501,29.03101,37.16591,8.13490,520.72137,645.99689,-38.86945
FLBB,20240728T122000,151,377,529
CTD_P,20240728T122002,35.53
CTD_P,20240728T122006,35.21
CTD_PTS,20240728T122008,35.07,28.1225,36.3097
O2,20240728T122011,238.56880,97.85237,28.11672,27.65740,29.02340,37.14803,8.12463,520.69208,642.12872,-38.84290
FLBB,20240728T122014,144,439,529
CTD_P,20240728T122016,34.42
CTD_P,20240728T122020,34.14
CTD_PTS,20240728T122022,33.99,28.1216,36.3115
O2,20240728T122025,238.70210,97.90842,28.11753,27.65101,29.01701,37.13956,8.12254,520.53638,642.01550,-38.86847
FLBB,20240728T122028,143,426,529
CTD_P,20240728T122030,33.36
CTD_P,20240728T122034,33.11
CTD_PTS,20240728T122036,32.95,28.1224,36.3110
O2,20240728T122039,238.84979,97.96941,28.11777,27.64419,29.01019,37.13229,8.12211,520.41229,642.05627,-38.87575
FLBB,20240728T122042,143,412,529
CTD_P,20240728T122044,32.26
CTD_P,20240728T122048,31.86
CTD_PTS,20240728T122050,31.70,28.1224,36.3111
O2,20240728T122053,238.90041,97.99091,28.11818,27.64172,29.00772,37.12964,8.12192,520.26202,642.06299,-38.88883
FLBB,20240728T122056,145,413,529
CTD_P,20240728T122058,31.06
CTD_P,20240728T122102,30.73
CTD_PTS,20240728T122104,30.57,28.1219,36.3112
O2,20240728T122107,239.08640,98.06675,28.11791,27.63333,28.99933,37.12154,8.12221,520.13831,642.12738,-38.88047
FLBB,20240728T122110,148,360,529
CTD_P,20240728T122112,29.95
CTD_P,20240728T122116,29.67
CTD_PTS,20240728T122118,29.53,28.1226,36.3105
O2,20240728T122121,239.13110,98.08492,28.11782,27.63133,28.99733,37.11755,8.12022,520.03528,642.17651,-38.87742
FLBB,20240728T122124,141,370,528
CTD_P,20240728T122126,28.90
CTD_P,20240728T122130,28.58
CTD_PTS,20240728T122132,28.43,28.1207,36.3111
O2,20240728T122135,239.19170,98.10934,28.11760,27.62864,28.99464,37.11649,8.12185,519.94781,642.21442,-38.87044
FLBB,20240728T122138,165,700,529
CTD_P,20240728T122140,27.82
CTD_P,20240728T122144,27.51
CTD_PTS,20240728T122146,27.34,28.1211,36.3109
O2,20240728T122149,239.28180,98.14539,28.11703,27.62474,28.99074,37.10993,8.11919,519.93347,642.23590,-38.85254
FLBB,20240728T122152,152,487,528
CTD_P,20240728T122154,26.68
CTD_P,20240728T122158,26.33
CTD_PTS,20240728T122200,26.23,28.1199,36.3117
O2,20240728T122203,239.13139,98.08404,28.11726,27.63151,28.99751,37.12652,8.12901,519.89697,646.03839,-38.85982
FLBB,20240728T122206,149,417,528
CTD_P,20240728T122208,25.49
CTD_P,20240728T122212,25.18
CTD_PTS,20240728T122214,24.98,28.1214,36.3103
O2,20240728T122217,239.24030,98.12797,28.11682,27.62671,28.99271,37.11464,8.12193,519.79791,642.41760,-38.84595
FLBB,20240728T122220,143,375,528
CTD_P,20240728T122222,24.27
CTD_P,20240728T122226,23.93
CTD_PTS,20240728T122228,23.73,28.1201,36.3109
O2,20240728T122231,239.34520,98.17058,28.11658,27.62201,28.98801,37.10816,8.12015,519.75330,642.35468,-38.83818
FLBB,20240728T122234,141,354,528
CTD_P,20240728T122236,23.03
CTD_P,20240728T122240,22.65
CTD_PTS,20240728T122242,22.48,28.1217,36.3093
O2,20240728T122245,239.19650,98.10933,28.11643,27.62884,28.99484,37.12494,8.13010,519.70349,646.21307,-38.83346
FLBB,20240728T122248,141,375,528
CTD_P,20240728T122250,21.72
CTD_P,20240728T122254,21.33
CTD_PTS,20240728T122256,21.13,28.1174,36.3125
O2,20240728T122259,239.36780,98.17886,28.11601,27.62119,28.98719,37.10778,8.12059,519.65417,642.56152,-38.82048
FLBB,20240728T122302,152,381,528
CTD_P,20240728T122304,20.34
CTD_P,20240728T122308,19.94
CTD_PTS,20240728T122310,19.79,28.1204,36.3102
O2,20240728T122313,239.48010,98.22402,28.11549,27.61626,28.98226,37.10277,8.12051,519.58099,642.52332,-38.80405
FLBB,20240728T122316,146,418,528
CTD_P,20240728T122318,18.96
CTD_P,20240728T122322,18.55
CTD_PTS,20240728T122324,18.37,28.1164,36.3130
O2,20240728T122327,239.50340,98.23361,28.11551,27.61519,28.98119,37.10005,8.11886,519.49542,642.52142,-38.80464
FLBB,20240728T122330,145,455,528
CTD_P,20240728T122332,17.57
CTD_P,20240728T122336,17.19
CTD_PTS,20240728T122338,16.95,28.1210,36.3091
O2,20240728T122341,239.54671,98.25135,28.11552,27.61323,28.97923,37.09732,8.11810,519.40192,642.60419,-38.80484
FLBB,20240728T122344,147,421,528
CTD_P,20240728T122346,16.26
CTD_P,20240728T122350,15.81
CTD_PTS,20240728T122352,15.62,28.1161,36.3127
O2,20240728T122355,239.60890,98.27682,28.11549,27.61040,28.97640,37.09248,8.11607,519.36188,642.68658,-38.80396
FLBB,20240728T122358,146,358,528
CTD_P,20240728T122400,14.82
CTD_P,20240728T122404,14.46
CTD_PTS,20240728T122406,14.25,28.1169,36.3117
O2,20240728T122409,239.65520,98.29525,28.11518,27.60841,28.97441,37.09203,8.11762,519.28052,642.77869,-38.79432
FLBB,20240728T122412,145,373,528
CTD_P,20240728T122414,13.48
CTD_P,20240728T122418,13.16
CTD_PTS,20240728T122420,12.92,28.1172,36.3116
O2,20240728T122423,239.53329,98.24512,28.11508,27.61399,28.97999,37.10625,8.12626,519.23273,646.64563,-38.79107
FLBB,20240728T122426,150,374,528
CTD_P,20240728T122428,12.13
CTD_P,20240728T122432,11.72
CTD_PTS,20240728T122434,11.54,28.1154,36.3126
O2,20240728T122437,239.71730,98.32116,28.11543,27.60550,28.97150,37.09051,8.11901,519.21588,642.94733,-38.80209
FLBB,20240728T122440,147,466,528
CTD_P,20240728T122442,10.84
CTD_P,20240728T122446,10.43
CTD_PTS,20240728T122448,10.29,28.1159,36.3118
O2,20240728T122451,239.75529,98.33660,28.11532,27.60381,28.96981,37.08961,8.11980,519.12268,642.91339,-38.79845
FLBB,20240728T122454,153,368,527
CTD_P,20240728T122456,9.45
CTD_P,20240728T122500,9.11
CTD_PTS,20240728T122502,8.88,28.1169,36.3107
O2,20240728T122505,239.83479,98.36685,28.11398,27.60068,28.96668,37.08651,8.11983,519.01111,642.83832,-38.75616
FLBB,20240728T122508,154,377,527
CTD_P,20240728T122510,8.08
CTD_P,20240728T122514,7.62
CTD_PTS,20240728T122516,7.47,28.1174,36.3087
O2,20240728T122519,239.82100,98.36176,28.11428,27.60119,28.96719,37.08273,8.11553,518.93579,642.91083,-38.76580
FLBB,20240728T122522,142,376,528
CTD_P,20240728T122524,6.65
CTD_P,20240728T122528,6.31
CTD_PTS,20240728T122530,6.09,28.1148,36.3122
O2,20240728T122533,240.02170,98.44372,28.11412,27.59215,28.95815,37.07635,8.11820,518.78369,642.98230,-38.76058
FLBB,20240728T122536,162,426,527
CTD_P,20240728T122538,5.32
CTD_P,20240728T122542,5.01
CTD_PTS,20240728T122544,4.80,28.1141,36.3111
O2,20240728T122547,240.17360,98.50664,28.11445,27.58513,28.95113,37.06726,8.11613,518.57068,642.99371,-38.77101
FLBB,20240728T122550,153,365,527
CTD_P,20240728T122552,4.12
CTD_P,20240728T122556,3.82
Message,20240728T122600,CP Stopped
CTD_P,20240728T122610,2.83
Message,20240728T122612,Surface Mission
CTD_P,20240728T122615,2.35
CTD_P,20240728T122617,2.33
O2,20240728T122620,240.44220,98.60567,28.10806,27.57525,28.94125,37.06724,8.12598,518.35382,647.32532,-38.56930
CTD_P,20240728T122621,2.11
O2,20240728T122635,240.54660,98.64965,28.10873,27.57029,28.93629,37.05165,8.11536,518.25623,643.46912,-38.59054
CTD_P,20240728T122636,1.25
O2,20240728T122651,240.61771,98.68202,28.11057,27.56641,28.93241,37.04858,8.11617,518.17548,643.40942,-38.64876
CTD_P,20240728T122652,0.75
O2,20240728T122705,240.63770,98.68971,28.11028,27.56561,28.93161,37.04852,8.11691,518.17963,643.39630,-38.63932
CTD_P,20240728T122706,0.39
O2,20240728T122720,240.74760,98.71452,28.09870,27.56479,28.93079,37.04542,8.11463,518.10608,643.47601,-38.27396
CTD_P,20240728T122722,-0.13
O2,20240728T122735,240.38760,98.58604,28.10964,27.57716,28.94316,37.06548,8.12232,518.31348,647.32611,-38.61926
CTD_P,20240728T122736,-0.10
O2,20240728T122750,240.59850,98.49766,28.00947,27.60350,28.96950,37.08573,8.11623,519.05072,643.79572,-35.45571
CTD_P,20240728T122752,0.01
O2,20240728T122805,240.43469,98.59171,28.10182,27.57783,28.94382,37.05858,8.11475,518.39349,643.75153,-38.37251
CTD_P,20240728T122806,-0.07
O2,20240728T122820,240.51060,98.61604,28.09795,27.57578,28.94178,37.06474,8.12296,518.23840,647.65973,-38.25006
CTD_P,20240728T122821,-0.08
O2,20240728T122836,240.51430,98.62698,28.10333,27.57368,28.93968,37.06300,8.12331,518.24042,647.81348,-38.42001
CTD_P,20240728T122837,-0.20
CTD_P,20240728T123214,-0.34
O2,20240728T123217,242.13760,98.40679,27.59856,27.68184,29.04784,37.17429,8.12644,521.37207,650.81372,-22.45533
CTD_P,20240728T123219,-0.27
O2,20240728T123232,243.54660,98.89567,27.55105,27.63566,29.00166,37.11886,8.11720,520.22198,647.37958,-20.94963
CTD_P,20240728T123233,-0.22
O2,20240728T123247,239.80850,98.14149,27.99063,27.64612,29.01212,37.12487,8.11275,520.46832,647.19391,-34.86081
CTD_P,20240728T123249,-0.32
O2,20240728T123302,240.51190,98.16192,27.83724,27.66932,29.03532,37.14730,8.11198,520.98022,646.76422,-30.01148
CTD_P,20240728T123303,-0.29
O2,20240728T123317,240.46510,98.49770,28.04081,27.59830,28.96430,37.07696,8.11266,519.17108,646.74213,-36.44597
CTD_P,20240728T123318,-0.34
O2,20240728T123333,242.53410,98.47252,27.54423,27.68361,29.04961,37.16172,8.11211,521.17212,646.46198,-20.73346
CTD_P,20240728T123334,-0.33
O2,20240728T123347,240.84390,98.60563,28.01378,27.59085,28.95685,37.06763,8.11078,518.90723,646.59888,-35.59192
CTD_P,20240728T123348,-0.33
O2,20240728T123402,243.10069,98.77101,27.58314,27.64408,29.01008,37.12053,8.11045,520.31842,646.54791,-21.96664
CTD_P,20240728T123404,-0.19
O2,20240728T123417,243.48260,99.08908,27.67554,27.59366,28.95966,37.06882,8.10916,519.06842,646.74707,-24.89356
CTD_P,20240728T123418,-0.20
O2,20240728T123432,240.92520,98.23534,27.78270,27.67022,29.03622,37.15582,8.11961,520.73938,650.30267,-28.28577
CTD_P,20240728T123434,-0.16
CTD_P,20240728T123435,-0.34
CTD_P,20240728T123501,-0.15
CTD_bins,20240728T123900,26442,1001,1999.010
CTD_CP_H,20240728T123919,4.18,28.1152,36.3110,18,-1.003104,9
CTD_CP_H,20240728T123919,5.96,28.1163,36.3109,22,-1.003142,11
CTD_CP_H,20240728T123919,7.97,28.1164,36.3107,19,-1.003151,9
CTD_CP_H,20240728T123920,10.00,28.1165,36.3112,22,-1.003174,11
CTD_CP_H,20240728T123920,11.99,28.1168,36.3116,20,-1.003201,10
CTD_CP_H,20240728T123920,13.97,28.1180,36.3109,21,-1.003201,11
CTD_CP_H,20240728T123920,16.01,28.1184,36.3108,21,-1.003197,10
CTD_CP_H,20240728T123920,18.01,28.1182,36.3115,20,-1.003203,10
CTD_CP_H,20240728T123920,20.01,28.1189,36.3112,20,-1.003200,10
CTD_CP_H,20240728T123920,21.99,28.1195,36.3107,21,-1.003236,11
CTD_CP_H,20240728T123920,24.00,28.1199,36.3111,23,-1.003239,11
CTD_CP_H,20240728T123920,26.00,28.1209,36.3109,23,-1.003260,12
CTD_CP_H,20240728T123920,28.00,28.1208,36.3112,26,-1.003275,13
CTD_CP_H,20240728T123920,30.00,28.1221,36.3104,26,-1.003280,13
CTD_CP_H,20240728T123920,31.97,28.1219,36.3113,23,-1.003268,11
CTD_CP_H,20240728T123920,33.99,28.1215,36.3115,27,-1.003298,14
CTD_CP_H,20240728T123921,36.01,28.1219,36.3108,24,-1.003326,12
CTD_CP_H,20240728T123921,38.03,28.1228,36.3113,23,-1.003335,11
CTD_CP_H,20240728T123921,40.01,28.1238,36.3113,26,-1.003327,13
CTD_CP_H,20240728T123921,41.98,28.1242,36.3111,28,-1.003314,14
CTD_CP_H,20240728T123921,44.02,28.1248,36.3112,34,-1.003314,17
CTD_CP_H,20240728T123921,46.06,28.1217,36.3112,48,-1.003339,24
CTD_CP_H,20240728T123921,48.36,28.0209,36.3178,109,-1.003800,55
CTD_CP_H,20240728T123921,49.85,27.8722,36.3284,82,-1.004286,41
CTD_CP_H,20240728T123921,52.28,27.0985,36.3635,330,-1.006391,164
CTD_CP_H,20240728T123921,53.40,26.8321,36.3718,286,-1.007213,144
CTD_CP_H,20240728T123921,55.96,25.3073,36.4078,38,-1.012090,19
CTD_CP_H,20240728T123921,57.99,25.1003,36.4085,31,-1.012646,15
CTD_CP_H,20240728T123921,60.00,25.0763,36.4261,28,-1.012469,14
CTD_CP_H,20240728T123921,62.02,25.0972,36.4711,27,-1.011632,14
CTD_CP_H,20240728T123922,64.01,25.0278,36.4712,26,-1.011733,13
CTD_CP_H,20240728T123922,66.00,24.9893,36.4878,25,-1.011610,12
CTD_CP_H,20240728T123922,68.01,24.8888,36.4787,26,-1.012085,13
CTD_CP_H,20240728T123922,70.01,24.8269,36.4788,26,-1.012294,13
CTD_CP_H,20240728T123922,71.99,24.7726,36.4731,26,-1.012554,13
CTD_CP_H,20240728T123922,74.00,24.7562,36.4872,29,-1.012414,15
CTD_CP_H,20240728T123922,76.00,24.6533,36.4841,28,-1.012732,14
CTD_CP_H,20240728T123922,77.98,24.5825,36.4843,29,-1.012911,14
CTD_CP_H,20240728T123922,80.00,24.5395,36.4812,29,-1.012986,15
CTD_CP_H,20240728T123922,81.98,24.4451,36.4759,28,-1.013388,14
CTD_CP_H,20240728T123922,83.97,24.3146,36.4652,26,-1.013724,13
CTD_CP_H,20240728T123922,85.99,24.1979,36.4506,26,-1.014184,13
CTD_CP_H,20240728T123922,88.00,24.1351,36.4440,24,-1.014518,12
CTD_CP_H,20240728T123923,89.99,23.9734,36.4113,23,-1.015422,11
CTD_CP_H,20240728T123923,91.99,23.8889,36.3953,24,-1.015790,12
CTD_CP_H,20240728T123923,93.99,23.7710,36.3770,27,-1.016389,14
CTD_CP_H,20240728T123923,96.00,23.6290,36.3500,31,-1.017196,15
CTD_CP_H,20240728T123923,98.02,23.5379,36.3310,31,-1.017733,16
CTD_CP_H,20240728T123923,99.98,23.2852,36.2932,28,-1.019544,14
CTD_CP_H,20240728T123923,101.99,22.8410,36.2290,28,-1.022031,14
CTD_CP_H,20240728T123923,104.01,22.5355,36.1918,36,-1.023421,18
CTD_CP_H,20240728T123923,106.04,22.3276,36.1616,45,-1.024466,22
CTD_CP_H,20240728T123923,108.11,22.2617,36.1618,158,-1.024810,79
CTD_CP_H,20240728T123923,109.90,22.1717,36.1724,86,-1.025165,43
CTD_CP_H,20240728T123923,111.98,21.9878,36.1725,66,-1.025654,33
CTD_CP_H,20240728T123923,113.99,21.8002,36.1708,53,-1.026305,27
CTD_CP_H,20240728T123923,115.98,21.7362,36.2078,47,-1.026747,23
CTD_CP_H,20240728T123924,117.98,21.5800,36.1977,44,-1.027224,22
CTD_CP_H,20240728T123924,120.00,21.4998,36.1896,47,-1.027502,24
CTD_CP_H,20240728T123924,122.02,21.4362,36.1827,48,-1.027717,24
CTD_CP_H,20240728T123924,123.98,21.3646,36.1729,47,-1.027948,23
CTD_CP_H,20240728T123924,126.01,21.1323,36.1451,43,-1.028650,22
CTD_CP_H,20240728T123924,127.98,21.0272,36.1293,43,-1.028941,21
CTD_CP_H,20240728T123924,129.96,20.8196,36.1032,38,-1.029756,19
CTD_CP_H,20240728T123924,131.99,20.3992,36.0250,33,-1.031371,17
CTD_CP_H,20240728T123924,134.00,20.0557,35.9725,29,-1.032082,14
CTD_CP_H,20240728T123924,135.99,19.9131,35.9584,28,-1.032383,14
CTD_CP_H,20240728T123924,138.02,19.7707,35.9561,26,-1.032593,13
CTD_CP_H,20240728T123924,140.01,19.6131,35.9466,24,-1.032728,12
CTD_CP_H,20240728T123924,141.99,19.6012,35.9727,25,-1.032786,13
CTD_CP_H,20240728T123925,144.00,19.5706,35.9807,24,-1.032926,12
CTD_CP_H,20240728T123925,146.03,19.4551,35.9796,24,-1.033018,12
CTD_CP_H,20240728T123925,148.03,19.5031,36.0190,23,-1.032936,11
CTD_CP_H,20240728T123925,150.01,19.5589,36.0525,25,-1.032883,13
CTD_CP_H,20240728T123925,152.03,19.4816,36.0380,24,-1.032997,12
CTD_CP_H,20240728T123925,154.02,19.4089,36.0586,24,-1.033050,12
CTD_CP_H,20240728T123925,156.03,19.1833,36.0567,26,-1.033279,13
CTD_CP_H,20240728T123925,158.01,19.0295,36.0459,28,-1.033529,14
CTD_CP_H,20240728T123925,159.99,18.8366,36.0488,27,-1.033683,13
CTD_CP_H,20240728T123925,162.01,18.7955,36.0701,29,-1.033696,15
CTD_CP_H,20240728T123925,164.05,18.6868,36.0762,36,-1.033805,18
CTD_CP_H,20240728T123925,166.00,18.5696,36.0780,37,-1.033857,18
CTD_CP_H,20240728T123925,168.13,18.4524,36.0993,50,-1.034084,25
CTD_CP_H,20240728T123925,169.96,18.2895,36.0923,81,-1.034344,41
CTD_CP_H,20240728T123926,171.97,18.0548,36.0666,61,-1.034581,30
CTD_CP_H,20240728T123926,173.97,17.8851,36.0569,55,-1.034752,28
CTD_CP_H,20240728T123926,175.96,17.8278,36.0680,47,-1.034824,23
CTD_CP_H,20240728T123926,177.98,17.6671,36.0699,42,-1.034986,21
CTD_CP_H,20240728T123926,179.97,17.6070,36.0766,40,-1.035034,20
CTD_CP_H,20240728T123926,181.99,17.5724,36.0835,39,-1.035120,20
CTD_CP_H,20240728T123926,184.01,17.4223,36.0735,35,-1.035241,17
CTD_CP_H,20240728T123926,185.99,17.3017,36.0634,33,-1.035382,17
CTD_CP_H,20240728T123926,187.98,17.2614,36.0675,33,-1.035443,16
CTD_CP_H,20240728T123926,190.00,17.1567,36.0669,32,-1.035551,16
CTD_CP_H,20240728T123926,192.01,17.1145,36.0733,31,-1.035560,16
CTD_CP_H,20240728T123926,194.03,17.0338,36.0756,30,-1.035618,15
CTD_CP_H,20240728T123926,196.02,16.9794,36.0779,29,-1.035666,14
CTD_CP_H,20240728T123927,198.00,16.8801,36.0768,28,-1.035777,14
CTD_CP_H,20240728T123927,199.99,16.8447,36.0876,28,-1.035792,14
CTD_CP_H,20240728T123927,201.99,16.8106,36.0868,28,-1.035813,14
CTD_CP_H,20240728T123927,203.98,16.7797,36.0822,28,-1.035827,14
CTD_CP_H,20240728T123927,205.99,16.7182,36.0768,27,-1.035929,14
CTD_CP_H,20240728T123927,208.00,16.5809,36.0705,26,-1.036047,13
CTD_CP_H,20240728T123927,210.00,16.5423,36.0712,26,-1.036057,13
CTD_CP_H,20240728T123927,212.02,16.5092,36.0759,26,-1.036057,13
CTD_CP_H,20240728T123927,214.02,16.4903,36.0743,25,-1.036083,12
CTD_CP_H,20240728T123927,215.99,16.4875,36.0821,24,-1.036159,12
CTD_CP_H,20240728T123927,217.98,16.4530,36.0792,24,-1.036175,12
CTD_CP_H,20240728T123927,220.00,16.4184,36.0781,24,-1.036241,12
CTD_CP_H,20240728T123927,222.02,16.3637,36.0749,23,-1.036297,12
CTD_CP_H,20240728T123927,224.04,16.3099,36.0694,24,-1.036370,12
CTD_CP_H,20240728T123928,226.04,16.2872,36.0685,23,-1.036402,11
CTD_CP_H,20240728T123928,228.04,16.2731,36.0722,26,-1.036391,13
CTD_CP_H,20240728T123928,230.04,16.3234,36.1023,29,-1.036170,15
CTD_CP_H,20240728T123928,232.03,16.5073,36.1925,29,-1.035696,14
CTD_CP_H,20240728T123928,234.03,16.5305,36.2045,29,-1.035678,15
CTD_CP_H,20240728T123928,236.01,16.5278,36.2052,28,-1.035680,14
CTD_CP_H,20240728T123928,237.98,16.4773,36.1991,29,-1.035792,14
CTD_CP_H,20240728T123928,239.99,16.3670,36.1838,28,-1.035914,14
CTD_CP_H,20240728T123928,242.00,16.3156,36.1728,29,-1.035990,15
CTD_CP_H,20240728T123928,244.01,16.2070,36.1569,28,-1.036088,14
CTD_CP_H,20240728T123928,245.97,16.1541,36.1471,28,-1.036129,14
CTD_CP_H,20240728T123928,247.98,16.0597,36.1287,29,-1.036265,14
CTD_CP_H,20240728T123928,250.00,15.9594,36.1070,28,-1.036373,14
CTD_CP_H,20240728T123929,252.02,15.8899,36.0942,29,-1.036483,15
CTD_CP_H,20240728T123929,254.01,15.7721,36.0763,27,-1.036619,13
CTD_CP_H,20240728T123929,255.98,15.6833,36.0640,28,-1.036711,14
CTD_CP_H,20240728T123929,257.98,15.6012,36.0532,27,-1.036834,14
CTD_CP_H,20240728T123929,260.00,15.5356,36.0460,28,-1.036890,14
CTD_CP_H,20240728T123929,262.01,15.4960,36.0506,27,-1.036878,13
CTD_CP_H,20240728T123929,263.98,15.5410,36.0691,26,-1.036766,13
CTD_CP_H,20240728T123929,265.98,15.5724,36.0819,27,-1.036732,14
CTD_CP_H,20240728T123929,267.98,15.5532,36.0796,26,-1.036739,13
CTD_CP_H,20240728T123929,269.97,15.5385,36.0818,26,-1.036726,13
CTD_CP_H,20240728T123929,271.96,15.5234,36.0843,26,-1.036708,13
CTD_CP_H,20240728T123929,273.97,15.4861,36.0798,27,-1.036757,13
CTD_CP_H,20240728T123929,276.02,15.4451,36.0742,26,-1.036812,13
CTD_CP_H,20240728T123930,278.02,15.4005,36.0663,25,-1.036861,13
CTD_CP_H,20240728T123930,279.99,15.3622,36.0600,25,-1.036913,12
CTD_CP_H,20240728T123930,281.97,15.3137,36.0535,25,-1.036911,13
CTD_CP_H,20240728T123930,283.99,15.2863,36.0492,26,-1.036923,13
CTD_CP_H,20240728T123930,286.04,15.2604,36.0440,26,-1.036977,13
CTD_CP_H,20240728T123930,288.01,15.2076,36.0338,24,-1.037062,12
CTD_CP_H,20240728T123930,290.00,15.0964,36.0119,26,-1.037183,13
CTD_CP_H,20240728T123930,292.02,15.0086,35.9956,25,-1.037305,12
CTD_CP_H,20240728T123930,294.03,14.9297,35.9816,25,-1.037367,13
CTD_CP_H,20240728T123930,296.01,14.8789,35.9749,24,-1.037413,12
CTD_CP_H,20240728T123930,297.99,14.7989,35.9634,25,-1.037456,12
CTD_CP_H,20240728T123930,300.03,14.7224,35.9529,25,-1.037534,13
CTD_CP_H,20240728T123930,302.00,14.7054,35.9518,24,-1.037567,12
CTD_CP_H,20240728T123930,303.97,14.6859,35.9499,25,-1.037594,12
CTD_CP_H,20240728T123931,305.99,14.6502,35.9457,25,-1.037622,13
CTD_CP_H,20240728T123931,308.00,14.5963,35.9402,25,-1.037648,12
CTD_CP_H,20240728T123931,310.03,14.5577,35.9357,25,-1.037648,13
CTD_CP_H,20240728T123931,312.01,14.5389,35.9333,23,-1.037656,11
CTD_CP_H,20240728T123931,314.00,14.5036,35.9302,25,-1.037670,13
CTD_CP_H,20240728T123931,316.02,14.4757,35.9266,24,-1.037678,12
CTD_CP_H,20240728T123931,318.02,14.4430,35.9229,24,-1.037705,12
CTD_CP_H,20240728T123931,320.02,14.4124,35.9188,23,-1.037762,11
CTD_CP_H,20240728T123931,321.99,14.3787,35.9151,23,-1.037772,12
CTD_CP_H,20240728T123931,323.98,14.3455,35.9115,24,-1.037820,12
CTD_CP_H,20240728T123931,326.01,14.3173,35.9078,24,-1.037820,12
CTD_CP_H,20240728T123931,328.02,14.2910,35.9041,25,-1.037798,12
CTD_CP_H,20240728T123931,330.03,14.2585,35.9010,29,-1.037824,15
CTD_CP_H,20240728T123932,332.01,14.2244,35.8967,32,-1.037851,16
CTD_CP_H,20240728T123932,333.99,14.2105,35.8940,30,-1.037884,15
CTD_CP_H,20240728T123932,335.96,14.1575,35.8886,31,-1.037920,15
CTD_CP_H,20240728T123932,337.96,14.1204,35.8846,30,-1.037915,15
CTD_CP_H,20240728T123932,339.96,14.0925,35.8825,29,-1.037910,15
CTD_CP_H,20240728T123932,342.01,14.0718,35.8799,30,-1.037923,15
CTD_CP_H,20240728T123932,344.03,14.0514,35.8771,28,-1.037961,14
CTD_CP_H,20240728T123932,346.01,14.0159,35.8728,28,-1.037971,14
CTD_CP_H,20240728T123932,348.02,13.9706,35.8679,28,-1.037986,14
CTD_CP_H,20240728T123932,349.99,13.9579,35.8661,27,-1.037982,13
CTD_CP_H,20240728T123932,351.98,13.9390,35.8645,28,-1.037998,14
CTD_CP_H,20240728T123932,354.00,13.9235,35.8664,27,-1.037964,14
CTD_CP_H,20240728T123932,355.99,13.8920,35.8646,27,-1.037976,13
CTD_CP_H,20240728T123932,357.96,13.8815,35.8639,27,-1.037949,14
CTD_CP_H,20240728T123933,359.95,13.8700,35.8642,27,-1.037932,13
CTD_CP_H,20240728T123933,361.98,13.8520,35.8633,27,-1.037928,14
CTD_CP_H,20240728T123933,363.99,13.8365,35.8643,26,-1.037926,13
CTD_CP_H,20240728T123933,365.97,13.8165,35.8648,26,-1.037915,13
CTD_CP_H,20240728T123933,367.97,13.8010,35.8646,26,-1.037923,13
CTD_CP_H,20240728T123933,369.97,13.7855,35.8632,26,-1.037923,13
CTD_CP_H,20240728T123933,371.98,13.7553,35.8614,26,-1.037937,13
CTD_CP_H,20240728T123933,373.98,13.7446,35.8620,25,-1.037915,12
CTD_CP_H,20240728T123933,375.98,13.7415,35.8647,26,-1.037880,13
CTD_CP_H,20240728T123933,378.01,13.7111,35.8605,25,-1.037893,13
CTD_CP_H,20240728T123933,380.00,13.6841,35.8569,25,-1.037922,12
CTD_CP_H,20240728T123933,381.99,13.6678,35.8562,25,-1.037909,13
CTD_CP_H,20240728T123933,384.00,13.6555,35.8556,25,-1.037901,12
CTD_CP_H,20240728T123934,386.02,13.6442,35.8546,25,-1.037905,13
CTD_CP_H,20240728T123934,388.03,13.6376,35.8539,25,-1.037910,12
CTD_CP_H,20240728T123934,390.03,13.6315,35.8552,25,-1.037881,13
CTD_CP_H,20240728T123934,392.03,13.6334,35.8594,25,-1.037843,12
CTD_CP_H,20240728T123934,394.02,13.6196,35.8584,25,-1.037827,13
CTD_CP_H,20240728T123934,396.01,13.6057,35.8574,25,-1.037825,12
CTD_CP_H,20240728T123934,398.01,13.5824,35.8569,25,-1.037804,13
CTD_CP_H,20240728T123934,399.97,13.5514,35.8544,24,-1.037787,12
CTD_CP_H,20240728T123934,401.99,13.5271,35.8518,26,-1.037809,13
CTD_CP_H,20240728T123934,404.03,13.4994,35.8495,25,-1.037821,12
CTD_CP_H,20240728T123934,406.00,13.4693,35.8479,24,-1.037807,12
CTD_CP_H,20240728T123934,407.98,13.4451,35.8460,25,-1.037782,13
CTD_CP_H,20240728T123934,410.01,13.4356,35.8450,25,-1.037794,12
CTD_CP_H,20240728T123934,412.00,13.4284,35.8449,24,-1.037779,12
CTD_CP_H,20240728T123935,413.99,13.4059,35.8423,25,-1.037776,13
CTD_CP_H,20240728T123935,415.99,13.3749,35.8381,24,-1.037813,12
CTD_CP_H,20240728T123935,417.97,13.3569,35.8353,24,-1.037787,12
CTD_CP_H,20240728T123935,419.98,13.3492,35.8341,25,-1.037814,12
CTD_CP_H,20240728T123935,421.98,13.3261,35.8306,24,-1.037796,12
CTD_CP_H,20240728T123935,424.00,13.3071,35.8281,25,-1.037802,13
CTD_CP_H,20240728T123935,426.03,13.2774,35.8241,24,-1.037814,12
CTD_CP_H,20240728T123935,428.02,13.2410,35.8194,24,-1.037818,12
CTD_CP_H,20240728T123935,430.03,13.2134,35.8174,24,-1.037803,12
CTD_CP_H,20240728T123935,432.01,13.1829,35.8140,23,-1.037804,11
CTD_CP_H,20240728T123935,433.98,13.1826,35.8165,23,-1.037794,12
CTD_CP_H,20240728T123935,435.97,13.1360,35.8117,23,-1.037824,11
CTD_CP_H,20240728T123935,437.99,13.1053,35.8069,23,-1.037843,12
CTD_CP_H,20240728T123936,440.02,13.0889,35.8039,23,-1.037841,11
CTD_CP_H,20240728T123936,441.99,13.0565,35.8001,22,-1.037838,11
CTD_CP_H,20240728T123936,443.97,13.0457,35.7982,23,-1.037848,12
CTD_CP_H,20240728T123936,446.00,13.0438,35.7989,23,-1.037838,11
CTD_CP_H,20240728T123936,447.99,13.0262,35.7971,22,-1.037862,11
CTD_CP_H,20240728T123936,450.01,12.9880,35.7926,24,-1.037855,12
CTD_CP_H,20240728T123936,452.05,12.9645,35.7904,22,-1.037849,11
CTD_CP_H,20240728T123936,453.99,12.9569,35.7911,22,-1.037851,11
CTD_CP_H,20240728T123936,455.99,12.9044,35.7851,25,-1.037845,13
CTD_CP_H,20240728T123936,458.02,12.8550,35.7794,29,-1.037859,14
CTD_CP_H,20240728T123936,459.98,12.8327,35.7773,29,-1.037866,15
CTD_CP_H,20240728T123936,461.99,12.8258,35.7769,30,-1.037876,15
CTD_CP_H,20240728T123936,464.01,12.8057,35.7748,29,-1.037861,14
CTD_CP_H,20240728T123936,466.01,12.8022,35.7777,29,-1.037831,15
CTD_CP_H,20240728T123937,468.02,12.7873,35.7767,29,-1.037844,14
CTD_CP_H,20240728T123937,470.03,12.7736,35.7755,29,-1.037858,15
CTD_CP_H,20240728T123937,472.02,12.7591,35.7748,28,-1.037852,14
CTD_CP_H,20240728T123937,473.99,12.7338,35.7735,28,-1.037843,14
CTD_CP_H,20240728T123937,475.99,12.7156,35.7719,29,-1.037853,14
CTD_CP_H,20240728T123937,478.01,12.7082,35.7704,28,-1.037859,14
CTD_CP_H,20240728T123937,480.03,12.6935,35.7687,28,-1.037896,14
CTD_CP_H,20240728T123937,482.01,12.6735,35.7665,27,-1.037867,14
CTD_CP_H,20240728T123937,484.03,12.6600,35.7655,28,-1.037889,14
CTD_CP_H,20240728T123937,486.03,12.6439,35.7635,26,-1.037919,13
CTD_CP_H,20240728T123937,488.01,12.6264,35.7619,27,-1.037912,13
CTD_CP_H,20240728T123937,490.02,12.6291,35.7679,27,-1.037878,14
CTD_CP_H,20240728T123937,492.02,12.6154,35.7674,26,-1.037887,13
CTD_CP_H,20240728T123938,493.98,12.6062,35.7660,26,-1.037895,13
CTD_CP_H,20240728T123938,495.98,12.5760,35.7655,26,-1.037884,13
CTD_CP_H,20240728T123938,497.97,12.5632,35.7655,26,-1.037877,13
CTD_CP_H,20240728T123938,499.99,12.5615,35.7652,27,-1.037895,13
CTD_CP_H,20240728T123938,502.00,12.5550,35.7650,25,-1.037900,13
CTD_CP_H,20240728T123938,503.98,12.5503,35.7643,26,-1.037890,13
CTD_CP_H,20240728T123938,505.98,12.5356,35.7627,26,-1.037875,13
CTD_CP_H,20240728T123938,507.99,12.5096,35.7599,26,-1.037884,13
CTD_CP_H,20240728T123938,510.01,12.4676,35.7553,26,-1.037916,13
CTD_CP_H,20240728T123938,512.02,12.4401,35.7506,25,-1.037926,12
CTD_CP_H,20240728T123938,514.00,12.4106,35.7454,25,-1.037980,13
CTD_CP_H,20240728T123938,515.99,12.3547,35.7366,25,-1.037988,12
CTD_CP_H,20240728T123938,517.99,12.3736,35.7432,25,-1.037934,13
CTD_CP_H,20240728T123938,520.00,12.3555,35.7422,25,-1.037897,12
CTD_CP_H,20240728T123939,522.01,12.3269,35.7394,25,-1.037921,13
CTD_CP_H,20240728T123939,523.99,12.2951,35.7358,24,-1.037938,12
CTD_CP_H,20240728T123939,525.99,12.2517,35.7299,25,-1.037989,12
CTD_CP_H,20240728T123939,528.00,12.2177,35.7238,24,-1.038024,12
CTD_CP_H,20240728T123939,529.98,12.2091,35.7211,24,-1.038051,12
CTD_CP_H,20240728T123939,531.99,12.1299,35.7081,24,-1.038135,12
CTD_CP_H,20240728T123939,533.99,12.1145,35.7045,24,-1.038110,12
CTD_CP_H,20240728T123939,536.00,12.1144,35.7042,24,-1.038093,12
CTD_CP_H,20240728T123939,538.03,12.1291,35.7123,24,-1.038059,12
CTD_CP_H,20240728T123939,540.04,12.1194,35.7096,24,-1.038063,12
CTD_CP_H,20240728T123939,542.02,12.0509,35.6962,23,-1.038149,12
CTD_CP_H,20240728T123939,544.00,11.9201,35.6751,23,-1.038233,11
CTD_CP_H,20240728T123939,545.98,11.8900,35.6687,23,-1.038291,12
CTD_CP_H,20240728T123940,548.00,11.8434,35.6594,24,-1.038319,12
CTD_CP_H,20240728T123940,550.02,11.8305,35.6574,23,-1.038331,11
CTD_CP_H,20240728T123940,552.01,11.8270,35.6574,23,-1.038290,12
CTD_CP_H,20240728T123940,554.02,11.8167,35.6556,23,-1.038328,11
CTD_CP_H,20240728T123940,556.02,11.8209,35.6567,23,-1.038314,12
CTD_CP_H,20240728T123940,558.03,11.7895,35.6538,23,-1.038374,11
CTD_CP_H,20240728T123940,560.03,11.7521,35.6454,23,-1.038397,12
CTD_CP_H,20240728T123940,562.04,11.6801,35.6334,23,-1.038478,11
CTD_CP_H,20240728T123940,564.00,11.6339,35.6236,22,-1.038503,11
CTD_CP_H,20240728T123940,565.97,11.5960,35.6172,23,-1.038526,12
CTD_CP_H,20240728T123940,568.00,11.5995,35.6195,23,-1.038518,11
CTD_CP_H,20240728T123940,570.02,11.5757,35.6151,23,-1.038544,12
CTD_CP_H,20240728T123940,572.01,11.5196,35.6069,22,-1.038567,11
CTD_CP_H,20240728T123940,574.00,11.4937,35.6036,23,-1.038568,11
CTD_CP_H,20240728T123941,576.03,11.4771,35.6024,23,-1.038608,12
CTD_CP_H,20240728T123941,578.05,11.4959,35.6085,22,-1.038556,11
CTD_CP_H,20240728T123941,580.02,11.5319,35.6202,22,-1.038515,11
CTD_CP_H,20240728T123941,582.02,11.5154,35.6195,23,-1.038559,11
CTD_CP_H,20240728T123941,584.05,11.4922,35.6154,24,-1.038591,12
CTD_CP_H,20240728T123941,586.02,11.4193,35.6032,28,-1.038654,14
CTD_CP_H,20240728T123941,587.99,11.4061,35.6000,31,-1.038667,16
CTD_CP_H,20240728T123941,590.03,11.3836,35.5970,31,-1.038674,15
CTD_CP_H,20240728T123941,592.01,11.3693,35.5956,29,-1.038684,15
CTD_CP_H,20240728T123941,593.97,11.3734,35.5975,30,-1.038663,15
CTD_CP_H,20240728T123941,595.97,11.3774,35.5991,30,-1.038658,15
CTD_CP_H,20240728T123941,598.00,11.3797,35.5999,31,-1.038659,15
CTD_CP_H,20240728T123941,600.00,11.3705,35.5982,30,-1.038667,15
CTD_CP_H,20240728T123942,601.99,11.3455,35.5965,30,-1.038713,15
CTD_CP_H,20240728T123942,604.00,11.3219,35.5946,30,-1.038719,15
CTD_CP_H,20240728T123942,605.98,11.3052,35.5926,29,-1.038765,15
CTD_CP_H,20240728T123942,608.00,11.2934,35.5908,31,-1.038778,15
CTD_CP_H,20240728T123942,610.02,11.2832,35.5907,29,-1.038798,15
CTD_CP_H,20240728T123942,611.99,11.2696,35.5904,29,-1.038780,14
CTD_CP_H,20240728T123942,613.99,11.2498,35.5886,29,-1.038804,15
CTD_CP_H,20240728T123942,616.00,11.2431,35.5875,29,-1.038782,14
CTD_CP_H,20240728T123942,618.02,11.2498,35.5926,29,-1.038763,15
CTD_CP_H,20240728T123942,620.03,11.2469,35.5936,29,-1.038765,14
CTD_CP_H,20240728T123942,622.03,11.2210,35.5905,29,-1.038778,15
CTD_CP_H,20240728T123942,624.03,11.2120,35.5899,29,-1.038786,14
CTD_CP_H,20240728T123942,626.04,11.2042,35.5889,28,-1.038802,14
CTD_CP_H,20240728T123942,628.02,11.1761,35.5860,28,-1.038842,14
CTD_CP_H,20240728T123943,630.01,11.1545,35.5844,28,-1.038861,14
CTD_CP_H,20240728T123943,631.98,11.1452,35.5832,27,-1.038857,14
CTD_CP_H,20240728T123943,633.97,11.1323,35.5819,28,-1.038888,14
CTD_CP_H,20240728T123943,636.00,11.1194,35.5808,28,-1.038915,14
CTD_CP_H,20240728T123943,638.01,11.0921,35.5786,27,-1.038919,13
CTD_CP_H,20240728T123943,640.02,11.0683,35.5770,27,-1.038915,14
CTD_CP_H,20240728T123943,642.00,11.0594,35.5765,26,-1.038931,13
CTD_CP_H,20240728T123943,643.98,11.0666,35.5817,27,-1.038880,13
CTD_CP_H,20240728T123943,645.97,11.0694,35.5853,26,-1.038898,13
CTD_CP_H,20240728T123943,647.97,11.0659,35.5864,27,-1.038884,14
CTD_CP_H,20240728T123943,649.99,11.0550,35.5872,26,-1.038883,13
CTD_CP_H,20240728T123943,651.97,11.0479,35.5855,26,-1.038907,13
CTD_CP_H,20240728T123943,653.98,11.0393,35.5829,26,-1.038930,13
CTD_CP_H,20240728T123944,656.00,10.9655,35.5717,26,-1.038995,13
CTD_CP_H,20240728T123944,658.03,10.9236,35.5647,26,-1.039036,13
CTD_CP_H,20240728T123944,660.01,10.8929,35.5601,24,-1.039066,12
CTD_CP_H,20240728T123944,661.95,10.8648,35.5574,25,-1.039099,12
CTD_CP_H,20240728T123944,663.97,10.8473,35.5552,25,-1.039102,13
CTD_CP_H,20240728T123944,665.98,10.8215,35.5524,25,-1.039102,12
CTD_CP_H,20240728T123944,668.01,10.8053,35.5506,25,-1.039133,13
CTD_CP_H,20240728T123944,670.02,10.7778,35.5478,24,-1.039180,12
CTD_CP_H,20240728T123944,672.01,10.7626,35.5466,24,-1.039177,12
CTD_CP_H,20240728T123944,674.01,10.7633,35.5483,24,-1.039157,12
CTD_CP_H,20240728T123944,676.03,10.7490,35.5475,24,-1.039174,12
CTD_CP_H,20240728T123944,678.03,10.7354,35.5455,23,-1.039191,11
CTD_CP_H,20240728T123944,680.02,10.7138,35.5441,24,-1.039204,12
CTD_CP_H,20240728T123945,682.03,10.7004,35.5433,23,-1.039211,12
CTD_CP_H,20240728T123945,684.00,10.6873,35.5423,23,-1.039237,11
CTD_CP_H,20240728T123945,685.98,10.6624,35.5398,23,-1.039257,12
CTD_CP_H,20240728T123945,687.97,10.6656,35.5426,23,-1.039248,11
CTD_CP_H,20240728T123945,689.97,10.6748,35.5469,23,-1.039228,12
CTD_CP_H,20240728T123945,691.98,10.6753,35.5476,23,-1.039225,11
CTD_CP_H,20240728T123945,694.00,10.6716,35.5496,23,-1.039212,12
CTD_CP_H,20240728T123945,695.98,10.6683,35.5505,22,-1.039230,11
CTD_CP_H,20240728T123945,697.97,10.6556,35.5496,23,-1.039246,11
CTD_CP_H,20240728T123945,699.99,10.6306,35.5468,23,-1.039259,12
CTD_CP_H,20240728T123945,701.99,10.6107,35.5448,22,-1.039259,11
CTD_CP_H,20240728T123945,703.98,10.5974,35.5431,23,-1.039268,11
CTD_CP_H,20240728T123945,706.01,10.5830,35.5421,23,-1.039291,12
CTD_CP_H,20240728T123945,707.99,10.5747,35.5408,22,-1.039307,11
CTD_CP_H,20240728T123946,710.00,10.5671,35.5395,23,-1.039330,11
CTD_CP_H,20240728T123946,712.01,10.5489,35.5377,22,-1.039347,11
CTD_CP_H,20240728T123946,714.01,10.5291,35.5353,23,-1.039363,12
CTD_CP_H,20240728T123946,716.03,10.5056,35.5321,22,-1.039419,11
CTD_CP_H,20240728T123946,717.99,10.4811,35.5294,22,-1.039438,11
CTD_CP_H,20240728T123946,720.00,10.4626,35.5273,23,-1.039448,11
CTD_CP_H,20240728T123946,722.03,10.4452,35.5252,22,-1.039481,11
CTD_CP_H,20240728T123946,724.00,10.4258,35.5230,22,-1.039485,11
CTD_CP_H,20240728T123946,726.02,10.4106,35.5220,23,-1.039499,12
CTD_CP_H,20240728T123946,728.04,10.3899,35.5199,22,-1.039519,11
CTD_CP_H,20240728T123946,730.01,10.3753,35.5187,22,-1.039550,11
CTD_CP_H,20240728T123946,732.01,10.3621,35.5168,23,-1.039561,11
CTD_CP_H,20240728T123946,733.99,10.3394,35.5140,22,-1.039569,11
CTD_CP_H,20240728T123947,735.99,10.3241,35.5123,23,-1.039594,12
CTD_CP_H,20240728T123947,738.00,10.2926,35.5095,23,-1.039604,11
CTD_CP_H,20240728T123947,740.02,10.2717,35.5073,23,-1.039640,12
CTD_CP_H,20240728T123947,742.05,10.2585,35.5053,23,-1.039644,11
CTD_CP_H,20240728T123947,744.03,10.2472,35.5051,22,-1.039648,11
CTD_CP_H,20240728T123947,746.00,10.2435,35.5058,23,-1.039664,12
CTD_CP_H,20240728T123947,748.01,10.2292,35.5047,23,-1.039703,11
CTD_CP_H,20240728T123947,750.03,10.2030,35.5014,23,-1.039725,12
CTD_CP_H,20240728T123947,752.01,10.1868,35.5029,22,-1.039741,11
CTD_CP_H,20240728T123947,753.98,10.1647,35.5006,23,-1.039755,11
CTD_CP_H,20240728T123947,755.99,10.1571,35.5001,23,-1.039759,12
CTD_CP_H,20240728T123947,757.98,10.1439,35.4987,24,-1.039784,12
CTD_CP_H,20240728T123947,760.01,10.1465,35.5016,26,-1.039764,13
CTD_CP_H,20240728T123947,762.00,10.1355,35.5021,32,-1.039765,16
CTD_CP_H,20240728T123948,764.04,10.1181,35.5009,32,-1.039779,16
CTD_CP_H,20240728T123948,766.02,10.1012,35.4984,31,-1.039792,15
CTD_CP_H,20240728T123948,768.00,10.0772,35.4949,32,-1.039805,16
CTD_CP_H,20240728T123948,769.99,10.0630,35.4928,32,-1.039811,16
CTD_CP_H,20240728T123948,771.98,10.0394,35.4885,32,-1.039853,16
CTD_CP_H,20240728T123948,773.99,10.0094,35.4844,33,-1.039882,17
CTD_CP_H,20240728T123948,776.04,9.9610,35.4775,32,-1.039946,16
CTD_CP_H,20240728T123948,778.03,9.9269,35.4733,31,-1.039982,15
CTD_CP_H,20240728T123948,780.00,9.9030,35.4706,31,-1.040015,16
CTD_CP_H,20240728T123948,781.98,9.8717,35.4681,30,-1.040027,15
CTD_CP_H,20240728T123948,783.98,9.8669,35.4673,32,-1.040055,16
CTD_CP_H,20240728T123948,786.02,9.8600,35.4655,31,-1.040067,15
CTD_CP_H,20240728T123948,788.01,9.8367,35.4636,30,-1.040091,15
CTD_CP_H,20240728T123949,790.00,9.8109,35.4607,30,-1.040116,15
CTD_CP_H,20240728T123949,791.99,9.7962,35.4595,30,-1.040107,15
CTD_CP_H,20240728T123949,794.00,9.7890,35.4590,30,-1.040150,15
CTD_CP_H,20240728T123949,795.98,9.7743,35.4570,29,-1.040140,15
CTD_CP_H,20240728T123949,797.97,9.7600,35.4558,30,-1.040139,15
CTD_CP_H,20240728T123949,799.98,9.7509,35.4549,29,-1.040139,14
CTD_CP_H,20240728T123949,802.00,9.7400,35.4542,30,-1.040152,15
CTD_CP_H,20240728T123949,804.02,9.7405,35.4550,29,-1.040144,15
CTD_CP_H,20240728T123949,806.02,9.7144,35.4518,28,-1.040203,14
CTD_CP_H,20240728T123949,807.99,9.6670,35.4450,28,-1.040243,14
CTD_CP_H,20240728T123949,809.96,9.6463,35.4424,28,-1.040266,14
CTD_CP_H,20240728T123949,812.00,9.6156,35.4397,29,-1.040296,14
CTD_CP_H,20240728T123949,814.02,9.6046,35.4384,27,-1.040300,14
CTD_CP_H,20240728T123949,815.97,9.5939,35.4383,27,-1.040302,13
CTD_CP_H,20240728T123950,817.97,9.5810,35.4381,28,-1.040298,14
CTD_CP_H,20240728T123950,819.99,9.5690,35.4373,27,-1.040315,14
CTD_CP_H,20240728T123950,822.01,9.5596,35.4366,27,-1.040338,13
CTD_CP_H,20240728T123950,824.01,9.5535,35.4369,26,-1.040332,13
CTD_CP_H,20240728T123950,825.99,9.5484,35.4380,26,-1.040326,13
CTD_CP_H,20240728T123950,828.00,9.5369,35.4387,26,-1.040335,13
CTD_CP_H,20240728T123950,830.01,9.5294,35.4387,26,-1.040338,13
CTD_CP_H,20240728T123950,831.99,9.5197,35.4379,25,-1.040377,13
CTD_CP_H,20240728T123950,834.00,9.5077,35.4388,26,-1.040401,13
CTD_CP_H,20240728T123950,836.03,9.5143,35.4413,25,-1.040421,12
CTD_CP_H,20240728T123950,838.00,9.4857,35.4375,24,-1.040436,12
CTD_CP_H,20240728T123950,840.00,9.4584,35.4332,25,-1.040455,13
CTD_CP_H,20240728T123950,842.03,9.4349,35.4310,24,-1.040472,12
CTD_CP_H,20240728T123951,844.01,9.4218,35.4289,24,-1.040491,12
CTD_CP_H,20240728T123951,845.99,9.4060,35.4276,24,-1.040499,12
CTD_CP_H,20240728T123951,848.00,9.3901,35.4254,24,-1.040483,12
CTD_CP_H,20240728T123951,850.00,9.3743,35.4231,24,-1.040488,12
CTD_CP_H,20240728T123951,852.00,9.3528,35.4211,23,-1.040527,11
CTD_CP_H,20240728T123951,854.00,9.3406,35.4195,24,-1.040557,12
CTD_CP_H,20240728T123951,856.01,9.3287,35.4191,23,-1.040581,12
CTD_CP_H,20240728T123951,858.00,9.3169,35.4190,23,-1.040619,11
CTD_CP_H,20240728T123951,860.02,9.2849,35.4164,23,-1.040632,12
CTD_CP_H,20240728T123951,862.01,9.2790,35.4159,22,-1.040653,11
CTD_CP_H,20240728T123951,864.00,9.2726,35.4155,23,-1.040648,11
CTD_CP_H,20240728T123951,866.00,9.2656,35.4146,22,-1.040662,11
CTD_CP_H,20240728T123951,867.98,9.2567,35.4139,22,-1.040694,11
CTD_CP_H,20240728T123951,870.01,9.2404,35.4126,23,-1.040694,12
CTD_CP_H,20240728T123952,872.03,9.2320,35.4116,22,-1.040706,11
CTD_CP_H,20240728T123952,874.02,9.2168,35.4099,22,-1.040710,11
CTD_CP_H,20240728T123952,876.00,9.2051,35.4087,22,-1.040697,11
CTD_CP_H,20240728T123952,878.00,9.1941,35.4081,23,-1.040733,11
CTD_CP_H,20240728T123952,880.03,9.1828,35.4065,26,-1.040759,13
CTD_CP_H,20240728T123952,882.00,9.1511,35.4037,29,-1.040794,15
CTD_CP_H,20240728T123952,883.98,9.1411,35.4025,29,-1.040765,14
CTD_CP_H,20240728T123952,885.98,9.1291,35.4013,29,-1.040767,15
CTD_CP_H,20240728T123952,887.99,9.1110,35.3998,29,-1.040806,14
CTD_CP_H,20240728T123952,890.02,9.0969,35.3980,29,-1.040843,15
CTD_CP_H,20240728T123952,892.01,9.0811,35.3961,28,-1.040824,14
CTD_CP_H,20240728T123952,893.99,9.0697,35.3946,28,-1.040863,14
CTD_CP_H,20240728T123952,895.99,9.0413,35.3900,28,-1.040861,14
CTD_CP_H,20240728T123953,897.99,9.0067,35.3852,28,-1.040849,14
CTD_CP_H,20240728T123953,899.98,8.9893,35.3838,27,-1.040893,13
CTD_CP_H,20240728T123953,901.98,8.9894,35.3839,28,-1.040913,14
CTD_CP_H,20240728T123953,903.99,8.9758,35.3832,27,-1.040916,14
CTD_CP_H,20240728T123953,905.98,8.9787,35.3857,27,-1.040944,13
CTD_CP_H,20240728T123953,908.01,8.9662,35.3848,27,-1.040954,14
CTD_CP_H,20240728T123953,910.01,8.9517,35.3841,26,-1.040945,13
CTD_CP_H,20240728T123953,912.00,8.9434,35.3825,27,-1.040927,13
CTD_CP_H,20240728T123953,914.01,8.9320,35.3817,26,-1.040940,13
CTD_CP_H,20240728T123953,915.99,8.9154,35.3801,26,-1.040956,13
CTD_CP_H,20240728T123953,918.00,8.9026,35.3788,27,-1.040974,14
CTD_CP_H,20240728T123953,920.01,8.8958,35.3778,26,-1.040983,13
CTD_CP_H,20240728T123953,922.01,8.8817,35.3765,26,-1.040982,13
CTD_CP_H,20240728T123953,924.02,8.8730,35.3757,26,-1.041024,13
CTD_CP_H,20240728T123954,926.00,8.8667,35.3749,25,-1.041044,12
CTD_CP_H,20240728T123954,928.01,8.8531,35.3734,27,-1.041027,14
CTD_CP_H,20240728T123954,930.02,8.8343,35.3713,25,-1.041063,12
CTD_CP_H,20240728T123954,932.00,8.8152,35.3695,26,-1.041058,13
CTD_CP_H,20240728T123954,933.99,8.7945,35.3678,25,-1.041071,13
CTD_CP_H,20240728T123954,936.02,8.7790,35.3659,26,-1.041093,13
CTD_CP_H,20240728T123954,938.02,8.7687,35.3653,24,-1.041096,12
CTD_CP_H,20240728T123954,939.99,8.7619,35.3648,25,-1.041100,12
CTD_CP_H,20240728T123954,942.01,8.7552,35.3635,25,-1.041125,13
CTD_CP_H,20240728T123954,944.01,8.7393,35.3620,24,-1.041109,12
CTD_CP_H,20240728T123954,946.01,8.7232,35.3607,25,-1.041121,12
CTD_CP_H,20240728T123954,948.00,8.7125,35.3594,24,-1.041117,12
CTD_CP_H,20240728T123954,949.98,8.7054,35.3595,24,-1.041125,12
CTD_CP_H,20240728T123955,952.00,8.6963,35.3578,25,-1.041148,13
CTD_CP_H,20240728T123955,954.02,8.6807,35.3564,24,-1.041193,12
CTD_CP_H,20240728T123955,956.00,8.6661,35.3552,24,-1.041198,12
CTD_CP_H,20240728T123955,958.02,8.6521,35.3534,25,-1.041208,12
CTD_CP_H,20240728T123955,960.02,8.6348,35.3516,23,-1.041217,12
CTD_CP_H,20240728T123955,961.97,8.6280,35.3506,24,-1.041231,12
CTD_CP_H,20240728T123955,963.97,8.6228,35.3500,24,-1.041223,12
CTD_CP_H,20240728T123955,965.97,8.6099,35.3490,24,-1.041233,12
CTD_CP_H,20240728T123955,967.98,8.5976,35.3473,24,-1.041250,12
CTD_CP_H,20240728T123955,969.98,8.5915,35.3469,24,-1.041256,12
CTD_CP_H,20240728T123955,971.98,8.5811,35.3460,24,-1.041273,12
CTD_CP_H,20240728T123955,973.99,8.5720,35.3449,24,-1.041298,12
CTD_CP_H,20240728T123955,976.00,8.5560,35.3432,24,-1.041295,12
CTD_CP_H,20240728T123955,978.00,8.5489,35.3418,24,-1.041297,12
CTD_CP_H,20240728T123956,979.98,8.5295,35.3405,23,-1.041298,11
CTD_CP_H,20240728T123956,981.97,8.5175,35.3388,24,-1.041311,12
CTD_CP_H,20240728T123956,984.01,8.5092,35.3383,24,-1.041301,12
CTD_CP_H,20240728T123956,986.00,8.5028,35.3377,23,-1.041326,12
CTD_CP_H,20240728T123956,987.98,8.4856,35.3363,23,-1.041352,11
CTD_CP_H,20240728T123956,990.00,8.4709,35.3342,24,-1.041359,12
CTD_CP_H,20240728T123956,992.02,8.4614,35.3330,23,-1.041366,12
CTD_CP_H,20240728T123956,993.99,8.4494,35.3319,23,-1.041374,11
CTD_CP_H,20240728T123956,995.97,8.4335,35.3306,23,-1.041368,12
CTD_CP_H,20240728T123956,998.02,8.4206,35.3291,24,-1.041393,12
CTD_CP_H,20240728T123956,1000.02,8.4061,35.3277,22,-1.041406,11
CTD_CP_H,20240728T123956,1002.01,8.3921,35.3260,24,-1.041412,12
CTD_CP_H,20240728T123956,1004.01,8.3804,35.3248,22,-1.041399,11
CTD_CP_H,20240728T123957,1005.97,8.3704,35.3238,23,-1.041419,11
CTD_CP_H,20240728T123957,1007.98,8.3595,35.3229,23,-1.041448,12
CTD_CP_H,20240728T123957,1010.00,8.3369,35.3213,23,-1.041457,11
CTD_CP_H,20240728T123957,1011.99,8.3231,35.3204,22,-1.041474,11
CTD_CP_H,20240728T123957,1014.00,8.3093,35.3195,23,-1.041474,12
CTD_CP_H,20240728T123957,1016.02,8.3009,35.3186,22,-1.041483,11
CTD_CP_H,20240728T123957,1017.98,8.2888,35.3167,22,-1.041486,11
CTD_CP_H,20240728T123957,1019.97,8.2749,35.3153,22,-1.041498,11
CTD_CP_H,20240728T123957,1021.97,8.2586,35.3140,22,-1.041505,11
CTD_CP_H,20240728T123957,1023.98,8.2400,35.3123,22,-1.041510,11
CTD_CP_H,20240728T123957,1025.98,8.2230,35.3103,22,-1.041500,11
CTD_CP_H,20240728T123957,1027.99,8.2171,35.3094,22,-1.041504,11
CTD_CP_H,20240728T123957,1029.99,8.2063,35.3080,22,-1.041532,11
CTD_CP_H,20240728T123957,1032.02,8.1819,35.3057,23,-1.041528,11
CTD_CP_H,20240728T123958,1034.05,8.1717,35.3043,25,-1.041542,13
CTD_CP_H,20240728T123958,1036.03,8.1670,35.3040,29,-1.041538,14
CTD_CP_H,20240728T123958,1038.01,8.1600,35.3031,30,-1.041550,15
CTD_CP_H,20240728T123958,1040.01,8.1536,35.3024,29,-1.041532,15
CTD_CP_H,20240728T123958,1041.99,8.1324,35.2996,29,-1.041536,14
CTD_CP_H,20240728T123958,1043.99,8.1121,35.2976,29,-1.041567,15
CTD_CP_H,20240728T123958,1045.99,8.0911,35.2955,29,-1.041598,14
CTD_CP_H,20240728T123958,1048.01,8.0764,35.2938,29,-1.041611,15
CTD_CP_H,20240728T123958,1050.02,8.0551,35.2919,28,-1.041618,14
CTD_CP_H,20240728T123958,1051.99,8.0423,35.2906,27,-1.041615,13
CTD_CP_H,20240728T123958,1053.97,8.0355,35.2920,28,-1.041633,14
CTD_CP_H,20240728T123958,1056.00,8.0278,35.2911,28,-1.041667,14
CTD_CP_H,20240728T123958,1058.00,8.0166,35.2902,27,-1.041669,14
CTD_CP_H,20240728T123959,1060.00,8.0015,35.2888,28,-1.041678,14
CTD_CP_H,20240728T123959,1062.03,7.9918,35.2873,27,-1.041669,13
CTD_CP_H,20240728T123959,1064.00,7.9875,35.2867,26,-1.041692,13
CTD_CP_H,20240728T123959,1065.98,7.9729,35.2855,27,-1.041668,14
CTD_CP_H,20240728T123959,1068.00,7.9630,35.2843,27,-1.041693,13
CTD_CP_H,20240728T123959,1070.00,7.9600,35.2832,26,-1.041706,13
CTD_CP_H,20240728T123959,1071.98,7.9428,35.2815,26,-1.041693,13
CTD_CP_H,20240728T123959,1074.00,7.9323,35.2802,27,-1.041691,14
CTD_CP_H,20240728T123959,1076.01,7.9215,35.2779,26,-1.041697,13
CTD_CP_H,20240728T123959,1078.02,7.9086,35.2767,26,-1.041711,13
CTD_CP_H,20240728T123959,1080.01,7.8882,35.2747,26,-1.041702,13
CTD_CP_H,20240728T123959,1082.03,7.8707,35.2734,26,-1.041705,13
CTD_CP_H,20240728T123959,1084.04,7.8521,35.2716,26,-1.041734,13
CTD_CP_H,20240728T123959,1086.04,7.8409,35.2704,26,-1.041761,13
CTD_CP_H,20240728T124000,1088.01,7.8344,35.2697,25,-1.041744,12
CTD_CP_H,20240728T124000,1090.01,7.8231,35.2687,26,-1.041750,13
CTD_CP_H,20240728T124000,1092.02,7.8118,35.2677,25,-1.041747,13
CTD_CP_H,20240728T124000,1094.02,7.8017,35.2667,26,-1.041752,13
CTD_CP_H,20240728T124000,1096.02,7.7916,35.2658,25,-1.041779,12
CTD_CP_H,20240728T124000,1097.99,7.7829,35.2643,25,-1.041795,13
CTD_CP_H,20240728T124000,1099.97,7.7618,35.2633,25,-1.041811,12
CTD_CP_H,20240728T124000,1101.98,7.7446,35.2617,25,-1.041825,13
CTD_CP_H,20240728T124000,1103.97,7.7266,35.2604,25,-1.041854,12
CTD_CP_H,20240728T124000,1105.96,7.7186,35.2592,25,-1.041836,13
CTD_CP_H,20240728T124000,1107.98,7.7036,35.2586,25,-1.041845,12
CTD_CP_H,20240728T124000,1109.99,7.6928,35.2569,25,-1.041838,13
CTD_CP_H,20240728T124000,1112.01,7.6859,35.2569,25,-1.041852,12
CTD_CP_H,20240728T124001,1114.02,7.6766,35.2554,25,-1.041848,13
CTD_CP_H,20240728T124001,1116.01,7.6591,35.2538,24,-1.041869,12
CTD_CP_H,20240728T124001,1117.98,7.6395,35.2522,24,-1.041855,12
CTD_CP_H,20240728T124001,1119.99,7.6324,35.2514,25,-1.041833,12
CTD_CP_H,20240728T124001,1122.03,7.6251,35.2496,25,-1.041873,13
CTD_CP_H,20240728T124001,1124.03,7.6058,35.2482,24,-1.041880,12
CTD_CP_H,20240728T124001,1126.02,7.5906,35.2470,24,-1.041862,12
CTD_CP_H,20240728T124001,1127.99,7.5840,35.2454,24,-1.041880,12
CTD_CP_H,20240728T124001,1129.99,7.5729,35.2449,24,-1.041876,12
CTD_CP_H,20240728T124001,1131.99,7.5596,35.2432,24,-1.041880,12
CTD_CP_H,20240728T124001,1134.01,7.5440,35.2416,24,-1.041896,12
CTD_CP_H,20240728T124001,1136.01,7.5269,35.2400,24,-1.041893,12
CTD_CP_H,20240728T124001,1138.02,7.4991,35.2375,24,-1.041881,12
CTD_CP_H,20240728T124001,1140.04,7.4869,35.2362,24,-1.041909,12
CTD_CP_H,20240728T124002,1142.05,7.4760,35.2349,24,-1.041910,12
CTD_CP_H,20240728T124002,1144.03,7.4600,35.2332,23,-1.041929,11
CTD_CP_H,20240728T124002,1145.98,7.4369,35.2310,23,-1.041918,12
CTD_CP_H,20240728T124002,1147.98,7.4248,35.2291,24,-1.041934,12
CTD_CP_H,20240728T124002,1149.98,7.4086,35.2276,23,-1.041925,11
CTD_CP_H,20240728T124002,1151.99,7.3937,35.2267,24,-1.041962,12
CTD_CP_H,20240728T124002,1153.99,7.3842,35.2253,23,-1.041963,12
CTD_CP_H,20240728T124002,1156.00,7.3748,35.2246,24,-1.041956,12
CTD_CP_H,20240728T124002,1158.02,7.3628,35.2235,23,-1.041968,11
CTD_CP_H,20240728T124002,1160.01,7.3476,35.2220,23,-1.041959,12
CTD_CP_H,20240728T124002,1162.02,7.3412,35.2210,23,-1.041954,11
CTD_CP_H,20240728T124002,1164.02,7.3294,35.2194,23,-1.041958,12
CTD_CP_H,20240728T124002,1165.99,7.3132,35.2179,22,-1.041928,11
CTD_CP_H,20240728T124003,1167.96,7.2965,35.2155,23,-1.041911,11
CTD_CP_H,20240728T124003,1169.99,7.2734,35.2136,23,-1.041921,12
CTD_CP_H,20240728T124003,1172.02,7.2550,35.2112,23,-1.041909,11
CTD_CP_H,20240728T124003,1174.00,7.2413,35.2092,22,-1.041901,11
CTD_CP_H,20240728T124003,1175.98,7.2314,35.2080,23,-1.041907,12
CTD_CP_H,20240728T124003,1177.98,7.2168,35.2073,22,-1.041923,11
CTD_CP_H,20240728T124003,1179.98,7.1983,35.2058,23,-1.041966,11
CTD_CP_H,20240728T124003,1181.98,7.1907,35.2057,22,-1.042012,11
CTD_CP_H,20240728T124003,1183.99,7.1824,35.2050,23,-1.042011,12
CTD_CP_H,20240728T124003,1186.00,7.1766,35.2043,22,-1.042014,11
CTD_CP_H,20240728T124003,1187.98,7.1645,35.2033,22,-1.041988,11
CTD_CP_H,20240728T124003,1189.97,7.1601,35.2027,22,-1.041999,11
CTD_CP_H,20240728T124003,1191.95,7.1560,35.2024,22,-1.041986,11
CTD_CP_H,20240728T124004,1193.98,7.1505,35.2017,23,-1.042025,11
CTD_CP_H,20240728T124004,1196.01,7.1405,35.2008,22,-1.042026,11
CTD_CP_H,20240728T124004,1197.99,7.1306,35.1997,22,-1.042051,11
CTD_CP_H,20240728T124004,1199.98,7.1177,35.1987,22,-1.042057,11
CTD_CP_H,20240728T124004,1201.99,7.1106,35.1976,22,-1.042047,11
CTD_CP_H,20240728T124004,1204.01,7.1012,35.1966,22,-1.042060,11
CTD_CP_H,20240728T124004,1205.99,7.0910,35.1956,21,-1.042057,11
CTD_CP_H,20240728T124004,1207.98,7.0734,35.1938,22,-1.042050,11
CTD_CP_H,20240728T124004,1210.00,7.0537,35.1921,22,-1.042043,11
CTD_CP_H,20240728T124004,1212.01,7.0417,35.1907,21,-1.042040,10
CTD_CP_H,20240728T124004,1214.01,7.0347,35.1899,22,-1.042043,11
CTD_CP_H,20240728T124004,1216.00,7.0248,35.1888,21,-1.042067,11
CTD_CP_H,20240728T124004,1217.99,7.0127,35.1878,22,-1.042074,11
CTD_CP_H,20240728T124004,1219.98,7.0028,35.1868,21,-1.042094,10
CTD_CP_H,20240728T124005,1221.98,6.9920,35.1858,22,-1.042071,11
CTD_CP_H,20240728T124005,1224.02,6.9810,35.1843,22,-1.042087,11
CTD_CP_H,20240728T124005,1226.02,6.9659,35.1832,21,-1.042070,11
CTD_CP_H,20240728T124005,1228.01,6.9481,35.1817,22,-1.042058,11
CTD_CP_H,20240728T124005,1230.00,6.9435,35.1809,21,-1.042068,10
CTD_CP_H,20240728T124005,1232.00,6.9296,35.1794,22,-1.042076,11
CTD_CP_H,20240728T124005,1234.01,6.9165,35.1784,21,-1.042087,11
CTD_CP_H,20240728T124005,1235.97,6.9011,35.1766,21,-1.042090,10
CTD_CP_H,20240728T124005,1237.97,6.8782,35.1746,22,-1.042089,11
CTD_CP_H,20240728T124005,1239.97,6.8641,35.1734,21,-1.042073,11
CTD_CP_H,20240728T124005,1241.98,6.8553,35.1721,22,-1.042096,11
CTD_CP_H,20240728T124005,1243.99,6.8427,35.1706,21,-1.042113,10
CTD_CP_H,20240728T124005,1245.99,6.8294,35.1697,22,-1.042093,11
CTD_CP_H,20240728T124006,1248.00,6.8202,35.1687,21,-1.042076,11
CTD_CP_H,20240728T124006,1249.99,6.8094,35.1677,22,-1.042096,11
CTD_CP_H,20240728T124006,1252.00,6.7993,35.1667,21,-1.042064,10
CTD_CP_H,20240728T124006,1253.98,6.7926,35.1663,21,-1.042074,11
CTD_CP_H,20240728T124006,1255.99,6.7851,35.1658,22,-1.042079,11
CTD_CP_H,20240728T124006,1258.00,6.7778,35.1649,21,-1.042070,10
CTD_CP_H,20240728T124006,1259.98,6.7557,35.1629,21,-1.042054,11
CTD_CP_H,20240728T124006,1261.97,6.7405,35.1606,21,-1.042082,10
CTD_CP_H,20240728T124006,1263.96,6.7195,35.1589,21,-1.042074,11
CTD_CP_H,20240728T124006,1266.00,6.7043,35.1575,22,-1.042093,11
CTD_CP_H,20240728T124006,1268.00,6.6919,35.1560,21,-1.042138,10
CTD_CP_H,20240728T124006,1270.01,6.6564,35.1527,23,-1.042124,12
CTD_CP_H,20240728T124006,1272.03,6.6252,35.1499,26,-1.042107,13
CTD_CP_H,20240728T124006,1274.00,6.6021,35.1474,27,-1.042092,13
CTD_CP_H,20240728T124007,1275.97,6.5807,35.1452,27,-1.042085,14
CTD_CP_H,20240728T124007,1277.97,6.5685,35.1439,27,-1.042076,13
CTD_CP_H,20240728T124007,1279.96,6.5553,35.1424,27,-1.042082,14
CTD_CP_H,20240728T124007,1281.99,6.5356,35.1405,28,-1.042066,14
CTD_CP_H,20240728T124007,1284.00,6.5185,35.1389,26,-1.042069,13
CTD_CP_H,20240728T124007,1285.98,6.5132,35.1382,27,-1.042079,13
CTD_CP_H,20240728T124007,1287.99,6.4953,35.1367,27,-1.042073,14
CTD_CP_H,20240728T124007,1289.99,6.4841,35.1356,27,-1.042086,13
CTD_CP_H,20240728T124007,1292.00,6.4733,35.1349,27,-1.042058,14
CTD_CP_H,20240728T124007,1293.99,6.4659,35.1339,26,-1.042089,13
CTD_CP_H,20240728T124007,1295.98,6.4576,35.1330,27,-1.042087,13
CTD_CP_H,20240728T124007,1298.00,6.4469,35.1322,27,-1.042054,14
CTD_CP_H,20240728T124007,1300.00,6.4374,35.1307,26,-1.042064,13
CTD_CP_H,20240728T124008,1302.02,6.4240,35.1297,27,-1.042064,13
CTD_CP_H,20240728T124008,1304.02,6.4127,35.1287,26,-1.042040,13
CTD_CP_H,20240728T124008,1306.00,6.4020,35.1277,26,-1.042041,13
CTD_CP_H,20240728T124008,1308.02,6.3937,35.1270,27,-1.042050,14
CTD_CP_H,20240728T124008,1310.01,6.3895,35.1263,25,-1.042046,12
CTD_CP_H,20240728T124008,1311.97,6.3759,35.1251,26,-1.042037,13
CTD_CP_H,20240728T124008,1313.98,6.3663,35.1241,26,-1.042065,13
CTD_CP_H,20240728T124008,1315.99,6.3546,35.1232,26,-1.042053,13
CTD_CP_H,20240728T124008,1318.00,6.3468,35.1224,26,-1.042072,13
CTD_CP_H,20240728T124008,1319.98,6.3365,35.1214,25,-1.042051,13
CTD_CP_H,20240728T124008,1321.96,6.3171,35.1196,26,-1.042017,13
CTD_CP_H,20240728T124008,1323.99,6.3032,35.1181,26,-1.041996,13
CTD_CP_H,20240728T124008,1325.98,6.2867,35.1165,25,-1.042011,12
CTD_CP_H,20240728T124008,1327.99,6.2808,35.1163,26,-1.042060,13
CTD_CP_H,20240728T124009,1330.02,6.2706,35.1153,25,-1.042053,13
CTD_CP_H,20240728T124009,1331.99,6.2603,35.1142,25,-1.042037,12
CTD_CP_H,20240728T124009,1333.97,6.2474,35.1126,25,-1.042031,13
CTD_CP_H,20240728T124009,1335.98,6.2291,35.1111,25,-1.041992,12
CTD_CP_H,20240728T124009,1337.99,6.2169,35.1096,25,-1.041984,13
CTD_CP_H,20240728T124009,1340.01,6.2035,35.1082,25,-1.041969,12
CTD_CP_H,20240728T124009,1342.00,6.1926,35.1073,24,-1.041966,12
CTD_CP_H,20240728T124009,1343.99,6.1812,35.1064,25,-1.042018,13
CTD_CP_H,20240728T124009,1345.98,6.1677,35.1055,24,-1.041986,12
CTD_CP_H,20240728T124009,1348.00,6.1542,35.1045,25,-1.041978,12
CTD_CP_H,20240728T124009,1350.01,6.1481,35.1041,23,-1.042040,12
CTD_CP_H,20240728T124009,1351.98,6.1405,35.1038,24,-1.042076,12
CTD_CP_H,20240728T124009,1354.00,6.1259,35.1026,24,-1.042050,12
CTD_CP_H,20240728T124010,1356.03,6.1171,35.1018,24,-1.042042,12
CTD_CP_H,20240728T124010,1358.00,6.1104,35.1013,23,-1.042067,11
CTD_CP_H,20240728T124010,1360.00,6.0997,35.1002,24,-1.042043,12
CTD_CP_H,20240728T124010,1362.01,6.0903,35.0992,23,-1.042028,12
CTD_CP_H,20240728T124010,1364.02,6.0801,35.0984,24,-1.042028,12
CTD_CP_H,20240728T124010,1366.02,6.0685,35.0971,23,-1.042061,11
CTD_CP_H,20240728T124010,1367.98,6.0548,35.0957,23,-1.042058,12
CTD_CP_H,20240728T124010,1369.99,6.0356,35.0940,24,-1.042064,12
CTD_CP_H,20240728T124010,1372.02,6.0292,35.0929,24,-1.042049,12
CTD_CP_H,20240728T124010,1374.05,6.0129,35.0918,27,-1.042021,13
CTD_CP_H,20240728T124010,1376.01,6.0024,35.0911,31,-1.042025,16
CTD_CP_H,20240728T124010,1377.97,5.9943,35.0902,31,-1.042005,15
CTD_CP_H,20240728T124010,1379.99,5.9879,35.0897,32,-1.042006,16
CTD_CP_H,20240728T124010,1381.99,5.9823,35.0888,30,-1.041989,15
CTD_CP_H,20240728T124011,1383.98,5.9737,35.0881,31,-1.041965,16
CTD_CP_H,20240728T124011,1386.00,5.9605,35.0867,30,-1.041979,15
CTD_CP_H,20240728T124011,1388.01,5.9492,35.0856,31,-1.041960,15
CTD_CP_H,20240728T124011,1390.03,5.9349,35.0844,30,-1.041951,15
CTD_CP_H,20240728T124011,1392.01,5.9295,35.0835,30,-1.041989,15
CTD_CP_H,20240728T124011,1393.98,5.9239,35.0826,29,-1.041984,15
CTD_CP_H,20240728T124011,1395.99,5.9030,35.0811,30,-1.041981,15
CTD_CP_H,20240728T124011,1397.99,5.8907,35.0801,28,-1.041997,14
CTD_CP_H,20240728T124011,1399.97,5.8820,35.0793,29,-1.042006,14
CTD_CP_H,20240728T124011,1402.00,5.8703,35.0780,29,-1.042007,15
CTD_CP_H,20240728T124011,1404.01,5.8521,35.0763,28,-1.041980,14
CTD_CP_H,20240728T124011,1406.00,5.8430,35.0754,28,-1.041961,14
CTD_CP_H,20240728T124011,1408.02,5.8348,35.0749,28,-1.041964,14
CTD_CP_H,20240728T124012,1410.01,5.8338,35.0746,27,-1.041977,13
CTD_CP_H,20240728T124012,1411.98,5.8288,35.0740,27,-1.041993,14
CTD_CP_H,20240728T124012,1413.96,5.8178,35.0731,27,-1.041967,13
CTD_CP_H,20240728T124012,1415.96,5.8100,35.0721,27,-1.041954,14
CTD_CP_H,20240728T124012,1418.01,5.8013,35.0711,28,-1.041955,14
CTD_CP_H,20240728T124012,1420.02,5.7871,35.0698,26,-1.041950,13
CTD_CP_H,20240728T124012,1421.99,5.7717,35.0682,26,-1.041915,13
CTD_CP_H,20240728T124012,1423.99,5.7576,35.0672,27,-1.041907,13
CTD_CP_H,20240728T124012,1426.01,5.7529,35.0666,26,-1.041937,13
CTD_CP_H,20240728T124012,1427.99,5.7459,35.0658,26,-1.041923,13
CTD_CP_H,20240728T124012,1430.00,5.7309,35.0644,27,-1.041921,14
CTD_CP_H,20240728T124012,1432.01,5.7199,35.0634,25,-1.041908,12
CTD_CP_H,20240728T124012,1433.98,5.7136,35.0628,26,-1.041918,13
CTD_CP_H,20240728T124012,1435.97,5.7065,35.0619,25,-1.041917,13
CTD_CP_H,20240728T124013,1438.00,5.6909,35.0605,26,-1.041915,13
CTD_CP_H,20240728T124013,1440.03,5.6741,35.0592,25,-1.041932,12
CTD_CP_H,20240728T124013,1442.02,5.6611,35.0580,25,-1.041922,13
CTD_CP_H,20240728T124013,1444.00,5.6515,35.0573,24,-1.041901,12
CTD_CP_H,20240728T124013,1445.97,5.6423,35.0565,25,-1.041915,12
CTD_CP_H,20240728T124013,1448.00,5.6324,35.0556,25,-1.041899,13
CTD_CP_H,20240728T124013,1450.03,5.6320,35.0552,25,-1.041901,12
CTD_CP_H,20240728T124013,1452.02,5.6236,35.0547,24,-1.041908,12
CTD_CP_H,20240728T124013,1454.00,5.6172,35.0540,25,-1.041913,13
CTD_CP_H,20240728T124013,1456.02,5.6134,35.0538,25,-1.041915,12
CTD_CP_H,20240728T124013,1458.01,5.6080,35.0530,24,-1.041923,12
CTD_CP_H,20240728T124013,1460.02,5.5897,35.0517,25,-1.041886,13
CTD_CP_H,20240728T124013,1462.00,5.5839,35.0508,23,-1.041891,11
CTD_CP_H,20240728T124014,1463.99,5.5747,35.0501,25,-1.041857,13
CTD_CP_H,20240728T124014,1466.02,5.5672,35.0492,24,-1.041889,12
CTD_CP_H,20240728T124014,1468.01,5.5567,35.0486,24,-1.041886,12
CTD_CP_H,20240728T124014,1469.99,5.5405,35.0474,24,-1.041897,12
CTD_CP_H,20240728T124014,1471.98,5.5255,35.0455,24,-1.041903,12
CTD_CP_H,20240728T124014,1473.98,5.5085,35.0443,24,-1.041910,12
CTD_CP_H,20240728T124014,1475.98,5.4810,35.0425,24,-1.041899,12
CTD_CP_H,20240728T124014,1477.99,5.4630,35.0408,24,-1.041890,12
CTD_CP_H,20240728T124014,1480.00,5.4447,35.0391,24,-1.041878,12
CTD_CP_H,20240728T124014,1482.03,5.4246,35.0377,24,-1.041860,12
CTD_CP_H,20240728T124014,1484.02,5.4089,35.0363,23,-1.041865,11
CTD_CP_H,20240728T124014,1485.98,5.4003,35.0355,23,-1.041855,12
CTD_CP_H,20240728T124014,1487.98,5.3807,35.0339,24,-1.041856,12
CTD_CP_H,20240728T124014,1489.99,5.3701,35.0325,23,-1.041851,11
CTD_CP_H,20240728T124015,1491.97,5.3496,35.0310,23,-1.041805,12
CTD_CP_H,20240728T124015,1493.98,5.3363,35.0297,24,-1.041825,12
CTD_CP_H,20240728T124015,1495.99,5.3241,35.0283,23,-1.041817,11
CTD_CP_H,20240728T124015,1498.01,5.3078,35.0272,24,-1.041800,12
CTD_CP_H,20240728T124015,1500.04,5.2990,35.0263,23,-1.041784,12
CTD_CP_H,20240728T124015,1502.00,5.2894,35.0253,22,-1.041785,11
CTD_CP_H,20240728T124015,1503.99,5.2812,35.0247,24,-1.041799,12
CTD_CP_H,20240728T124015,1506.01,5.2749,35.0242,23,-1.041802,11
CTD_CP_H,20240728T124015,1508.00,5.2674,35.0232,23,-1.041778,12
CTD_CP_H,20240728T124015,1510.01,5.2596,35.0222,23,-1.041788,11
CTD_CP_H,20240728T124015,1512.03,5.2437,35.0210,23,-1.041782,12
CTD_CP_H,20240728T124015,1514.01,5.2332,35.0202,22,-1.041781,11
CTD_CP_H,20240728T124015,1515.97,5.2129,35.0184,22,-1.041779,11
CTD_CP_H,20240728T124016,1517.98,5.2036,35.0178,23,-1.041770,11
CTD_CP_H,20240728T124016,1520.00,5.1981,35.0176,22,-1.041764,11
CTD_CP_H,20240728T124016,1521.97,5.1901,35.0166,22,-1.041743,11
CTD_CP_H,20240728T124016,1523.97,5.1822,35.0157,23,-1.041723,12
CTD_CP_H,20240728T124016,1526.01,5.1612,35.0139,22,-1.041701,11
CTD_CP_H,20240728T124016,1528.00,5.1515,35.0129,22,-1.041697,11
CTD_CP_H,20240728T124016,1529.98,5.1430,35.0121,22,-1.041684,11
CTD_CP_H,20240728T124016,1532.00,5.1301,35.0103,22,-1.041663,11
CTD_CP_H,20240728T124016,1534.01,5.1110,35.0090,22,-1.041672,11
CTD_CP_H,20240728T124016,1535.98,5.1016,35.0080,21,-1.041676,10
CTD_CP_H,20240728T124016,1537.98,5.0843,35.0068,22,-1.041666,11
CTD_CP_H,20240728T124016,1540.00,5.0721,35.0057,22,-1.041658,11
CTD_CP_H,20240728T124016,1542.01,5.0637,35.0047,22,-1.041672,11
CTD_CP_H,20240728T124016,1544.02,5.0525,35.0036,22,-1.041662,11
CTD_CP_H,20240728T124017,1546.03,5.0319,35.0018,22,-1.041620,11
CTD_CP_H,20240728T124017,1548.00,5.0173,35.0004,21,-1.041623,11
CTD_CP_H,20240728T124017,1549.99,5.0058,34.9995,22,-1.041602,11
CTD_CP_H,20240728T124017,1551.99,4.9972,34.9984,21,-1.041565,10
CTD_CP_H,20240728T124017,1553.99,4.9885,34.9973,22,-1.041561,11
CTD_CP_H,20240728T124017,1556.00,4.9704,34.9958,21,-1.041562,11
CTD_CP_H,20240728T124017,1558.00,4.9539,34.9942,22,-1.041517,11
CTD_CP_H,20240728T124017,1560.00,4.9392,34.9931,21,-1.041513,10
CTD_CP_H,20240728T124017,1561.97,4.9291,34.9923,21,-1.041526,11
CTD_CP_H,20240728T124017,1563.98,4.9240,34.9916,22,-1.041517,11
CTD_CP_H,20240728T124017,1565.98,4.9186,34.9908,21,-1.041530,10
CTD_CP_H,20240728T124017,1567.99,4.9083,34.9895,22,-1.041490,11
CTD_CP_H,20240728T124017,1570.00,4.8848,34.9878,21,-1.041455,11
CTD_CP_H,20240728T124018,1572.00,4.8732,34.9865,22,-1.041464,11
CTD_CP_H,20240728T124018,1574.01,4.8554,34.9850,21,-1.041453,10
CTD_CP_H,20240728T124018,1575.99,4.8464,34.9841,21,-1.041418,11
CTD_CP_H,20240728T124018,1577.98,4.8326,34.9827,21,-1.041412,10
CTD_CP_H,20240728T124018,1579.97,4.8167,34.9816,21,-1.041406,11
CTD_CP_H,20240728T124018,1581.97,4.8018,34.9804,21,-1.041400,10
CTD_CP_H,20240728T124018,1583.99,4.7889,34.9793,22,-1.041383,11
CTD_CP_H,20240728T124018,1586.04,4.7837,34.9786,22,-1.041377,11
CTD_CP_H,20240728T124018,1588.02,4.7789,34.9780,23,-1.041386,12
CTD_CP_H,20240728T124018,1589.98,4.7736,34.9779,27,-1.041386,13
CTD_CP_H,20240728T124018,1592.01,4.7649,34.9769,27,-1.041385,14
CTD_CP_H,20240728T124018,1594.01,4.7544,34.9758,26,-1.041388,13
CTD_CP_H,20240728T124018,1596.01,4.7422,34.9748,27,-1.041350,13
CTD_CP_H,20240728T124018,1598.01,4.7236,34.9734,26,-1.041344,13
CTD_CP_H,20240728T124019,1600.02,4.7101,34.9722,27,-1.041323,14
CTD_CP_H,20240728T124019,1602.02,4.6967,34.9711,25,-1.041338,12
CTD_CP_H,20240728T124019,1603.99,4.6878,34.9705,26,-1.041312,13
CTD_CP_H,20240728T124019,1606.00,4.6787,34.9695,26,-1.041324,13
CTD_CP_H,20240728T124019,1608.02,4.6704,34.9688,26,-1.041312,13
CTD_CP_H,20240728T124019,1610.04,4.6600,34.9680,26,-1.041303,13
CTD_CP_H,20240728T124019,1612.03,4.6538,34.9674,26,-1.041297,13
CTD_CP_H,20240728T124019,1614.03,4.6478,34.9670,26,-1.041286,13
CTD_CP_H,20240728T124019,1615.99,4.6449,34.9666,25,-1.041306,13
CTD_CP_H,20240728T124019,1617.98,4.6340,34.9658,26,-1.041301,13
CTD_CP_H,20240728T124019,1620.01,4.6238,34.9652,26,-1.041274,13
CTD_CP_H,20240728T124019,1622.01,4.6199,34.9647,25,-1.041259,12
CTD_CP_H,20240728T124019,1623.99,4.6121,34.9640,26,-1.041270,13
CTD_CP_H,20240728T124020,1626.00,4.6015,34.9631,26,-1.041249,13
CTD_CP_H,20240728T124020,1628.04,4.5935,34.9625,26,-1.041252,13
CTD_CP_H,20240728T124020,1630.03,4.5904,34.9621,25,-1.041260,13
CTD_CP_H,20240728T124020,1632.03,4.5834,34.9616,26,-1.041243,13
CTD_CP_H,20240728T124020,1634.03,4.5769,34.9610,25,-1.041248,12
CTD_CP_H,20240728T124020,1635.98,4.5701,34.9601,25,-1.041236,13
CTD_CP_H,20240728T124020,1637.99,4.5604,34.9593,26,-1.041224,13
CTD_CP_H,20240728T124020,1639.99,4.5508,34.9583,25,-1.041247,12
CTD_CP_H,20240728T124020,1642.00,4.5356,34.9571,26,-1.041221,13
CTD_CP_H,20240728T124020,1644.00,4.5248,34.9564,25,-1.041223,13
CTD_CP_H,20240728T124020,1645.98,4.5187,34.9558,25,-1.041195,12
CTD_CP_H,20240728T124020,1647.97,4.5147,34.9552,25,-1.041169,13
CTD_CP_H,20240728T124020,1650.01,4.5105,34.9549,26,-1.041170,13
CTD_CP_H,20240728T124021,1652.04,4.4992,34.9538,25,-1.041152,12
CTD_CP_H,20240728T124021,1654.02,4.4884,34.9531,25,-1.041158,13
CTD_CP_H,20240728T124021,1656.00,4.4832,34.9526,25,-1.041152,12
CTD_CP_H,20240728T124021,1657.99,4.4761,34.9519,25,-1.041151,13
CTD_CP_H,20240728T124021,1659.99,4.4625,34.9508,25,-1.041125,12
CTD_CP_H,20240728T124021,1661.99,4.4495,34.9497,25,-1.041123,13
CTD_CP_H,20240728T124021,1664.00,4.4418,34.9489,25,-1.041126,12
CTD_CP_H,20240728T124021,1666.01,4.4342,34.9480,25,-1.041112,13
CTD_CP_H,20240728T124021,1667.99,4.4244,34.9468,24,-1.041095,12
CTD_CP_H,20240728T124021,1669.98,4.3979,34.9449,25,-1.041065,12
CTD_CP_H,20240728T124021,1671.99,4.3773,34.9432,25,-1.041022,13
CTD_CP_H,20240728T124021,1673.97,4.3685,34.9422,24,-1.041009,12
CTD_CP_H,20240728T124021,1675.98,4.3531,34.9409,25,-1.040982,12
CTD_CP_H,20240728T124021,1677.99,4.3452,34.9403,24,-1.041004,12
CTD_CP_H,20240728T124022,1680.00,4.3379,34.9395,25,-1.041006,13
CTD_CP_H,20240728T124022,1682.02,4.3241,34.9386,24,-1.040999,12
CTD_CP_H,20240728T124022,1684.00,4.3146,34.9377,24,-1.040978,12
CTD_CP_H,20240728T124022,1686.00,4.3060,34.9369,24,-1.040977,12
CTD_CP_H,20240728T124022,1688.02,4.2947,34.9358,24,-1.040965,12
CTD_CP_H,20240728T124022,1690.02,4.2830,34.9349,23,-1.040947,11
CTD_CP_H,20240728T124022,1691.99,4.2780,34.9343,23,-1.040936,12
CTD_CP_H,20240728T124022,1693.99,4.2731,34.9337,24,-1.040943,12
CTD_CP_H,20240728T124022,1696.02,4.2583,34.9326,24,-1.040940,12
CTD_CP_H,20240728T124022,1698.01,4.2448,34.9315,23,-1.040899,11
CTD_CP_H,20240728T124022,1700.00,4.2346,34.9306,24,-1.040877,12
CTD_CP_H,20240728T124022,1701.99,4.2253,34.9298,23,-1.040884,12
CTD_CP_H,20240728T124022,1704.00,4.2205,34.9291,24,-1.040859,12
CTD_CP_H,20240728T124023,1706.01,4.2141,34.9287,23,-1.040852,11
CTD_CP_H,20240728T124023,1707.97,4.2051,34.9280,23,-1.040854,12
CTD_CP_H,20240728T124023,1710.00,4.1935,34.9266,24,-1.040823,12
CTD_CP_H,20240728T124023,1712.03,4.1787,34.9252,23,-1.040789,11
CTD_CP_H,20240728T124023,1714.02,4.1661,34.9240,23,-1.040786,12
CTD_CP_H,20240728T124023,1716.01,4.1603,34.9234,23,-1.040776,11
CTD_CP_H,20240728T124023,1718.01,4.1463,34.9222,23,-1.040766,12
CTD_CP_H,20240728T124023,1720.02,4.1382,34.9216,23,-1.040738,11
CTD_CP_H,20240728T124023,1721.99,4.1273,34.9204,22,-1.040743,11
CTD_CP_H,20240728T124023,1723.99,4.1159,34.9196,23,-1.040732,12
CTD_CP_H,20240728T124023,1726.03,4.1080,34.9189,23,-1.040705,11
CTD_CP_H,20240728T124023,1728.03,4.1031,34.9183,22,-1.040687,11
CTD_CP_H,20240728T124023,1729.99,4.0943,34.9176,22,-1.040683,11
CTD_CP_H,20240728T124023,1731.96,4.0832,34.9167,22,-1.040652,11
CTD_CP_H,20240728T124024,1733.96,4.0779,34.9160,23,-1.040669,12
CTD_CP_H,20240728T124024,1736.01,4.0681,34.9151,23,-1.040645,11
CTD_CP_H,20240728T124024,1738.02,4.0576,34.9144,22,-1.040650,11
CTD_CP_H,20240728T124024,1740.01,4.0513,34.9136,23,-1.040656,12
CTD_CP_H,20240728T124024,1742.03,4.0459,34.9134,23,-1.040666,11
CTD_CP_H,20240728T124024,1744.05,4.0391,34.9125,26,-1.040668,13
CTD_CP_H,20240728T124024,1746.03,4.0311,34.9117,29,-1.040642,15
CTD_CP_H,20240728T124024,1748.02,4.0205,34.9111,29,-1.040610,14
CTD_CP_H,20240728T124024,1750.02,4.0135,34.9104,29,-1.040600,15
CTD_CP_H,20240728T124024,1752.00,4.0077,34.9097,28,-1.040590,14
CTD_CP_H,20240728T124024,1753.99,3.9959,34.9088,29,-1.040573,14
CTD_CP_H,20240728T124024,1756.01,3.9871,34.9077,29,-1.040578,15
CTD_CP_H,20240728T124024,1757.98,3.9696,34.9066,28,-1.040547,14
CTD_CP_H,20240728T124025,1759.99,3.9597,34.9056,29,-1.040541,14
CTD_CP_H,20240728T124025,1762.01,3.9508,34.9048,28,-1.040512,14
CTD_CP_H,20240728T124025,1764.02,3.9424,34.9041,29,-1.040516,15
CTD_CP_H,20240728T124025,1766.04,3.9330,34.9034,28,-1.040516,14
CTD_CP_H,20240728T124025,1768.03,3.9292,34.9031,28,-1.040527,14
CTD_CP_H,20240728T124025,1770.03,3.9242,34.9026,27,-1.040505,13
CTD_CP_H,20240728T124025,1772.00,3.9172,34.9020,27,-1.040463,14
CTD_CP_H,20240728T124025,1773.99,3.9105,34.9013,27,-1.040466,13
CTD_CP_H,20240728T124025,1775.98,3.9005,34.9007,27,-1.040465,14
CTD_CP_H,20240728T124025,1778.00,3.8918,34.9001,27,-1.040462,13
CTD_CP_H,20240728T124025,1780.03,3.8899,34.8998,27,-1.040472,14
CTD_CP_H,20240728T124025,1782.03,3.8883,34.8996,26,-1.040463,13
CTD_CP_H,20240728T124025,1783.98,3.8847,34.8994,26,-1.040478,13
CTD_CP_H,20240728T124025,1785.99,3.8807,34.8986,27,-1.040475,13
CTD_CP_H,20240728T124026,1788.02,3.8631,34.8973,26,-1.040438,13
CTD_CP_H,20240728T124026,1789.99,3.8521,34.8963,26,-1.040400,13
CTD_CP_H,20240728T124026,1792.00,3.8441,34.8956,26,-1.040408,13
CTD_CP_H,20240728T124026,1794.00,3.8364,34.8949,26,-1.040411,13
CTD_CP_H,20240728T124026,1796.03,3.8239,34.8939,26,-1.040381,13
CTD_CP_H,20240728T124026,1798.01,3.8093,34.8930,25,-1.040372,13
CTD_CP_H,20240728T124026,1800.00,3.8059,34.8922,25,-1.040387,12
CTD_CP_H,20240728T124026,1802.00,3.7937,34.8912,25,-1.040338,13
CTD_CP_H,20240728T124026,1804.00,3.7841,34.8906,25,-1.040316,12
CTD_CP_H,20240728T124026,1806.02,3.7805,34.8901,25,-1.040322,13
CTD_CP_H,20240728T124026,1807.99,3.7715,34.8895,24,-1.040289,12
CTD_CP_H,20240728T124026,1809.98,3.7661,34.8889,25,-1.040290,12
CTD_CP_H,20240728T124026,1811.98,3.7580,34.8882,24,-1.040283,12
CTD_CP_H,20240728T124027,1814.00,3.7490,34.8875,25,-1.040273,13
CTD_CP_H,20240728T124027,1816.02,3.7435,34.8869,24,-1.040279,12
CTD_CP_H,20240728T124027,1818.01,3.7297,34.8857,24,-1.040231,12
CTD_CP_H,20240728T124027,1819.98,3.7229,34.8851,23,-1.040241,11
CTD_CP_H,20240728T124027,1821.99,3.7175,34.8846,25,-1.040205,13
CTD_CP_H,20240728T124027,1824.01,3.7055,34.8836,23,-1.040192,11
CTD_CP_H,20240728T124027,1826.00,3.7006,34.8831,24,-1.040202,12
CTD_CP_H,20240728T124027,1827.99,3.6968,34.8826,23,-1.040204,12
CTD_CP_H,20240728T124027,1830.00,3.6899,34.8824,24,-1.040187,12
CTD_CP_H,20240728T124027,1832.00,3.6840,34.8820,23,-1.040175,11
CTD_CP_H,20240728T124027,1834.01,3.6781,34.8811,24,-1.040150,12
CTD_CP_H,20240728T124027,1836.03,3.6690,34.8805,23,-1.040152,12
CTD_CP_H,20240728T124027,1838.01,3.6651,34.8800,23,-1.040142,11
CTD_CP_H,20240728T124027,1839.99,3.6604,34.8796,23,-1.040137,12
CTD_CP_H,20240728T124028,1841.99,3.6490,34.8787,23,-1.040128,11
CTD_CP_H,20240728T124028,1844.00,3.6428,34.8783,23,-1.040115,12
CTD_CP_H,20240728T124028,1846.02,3.6384,34.8778,23,-1.040114,11
CTD_CP_H,20240728T124028,1848.02,3.6298,34.8771,22,-1.040103,11
CTD_CP_H,20240728T124028,1850.01,3.6178,34.8761,23,-1.040096,12
CTD_CP_H,20240728T124028,1852.00,3.6095,34.8758,22,-1.040109,11
CTD_CP_H,20240728T124028,1853.99,3.6063,34.8755,23,-1.040128,11
CTD_CP_H,20240728T124028,1856.02,3.6052,34.8753,22,-1.040120,11
CTD_CP_H,20240728T124028,1857.99,3.6022,34.8750,22,-1.040129,11
CTD_CP_H,20240728T124028,1860.01,3.5983,34.8749,23,-1.040111,12
CTD_CP_H,20240728T124028,1862.05,3.5891,34.8743,22,-1.040107,11
CTD_CP_H,20240728T124028,1864.04,3.5826,34.8736,22,-1.040094,11
CTD_CP_H,20240728T124028,1866.02,3.5751,34.8730,22,-1.040070,11
CTD_CP_H,20240728T124029,1868.01,3.5652,34.8722,22,-1.040062,11
CTD_CP_H,20240728T124029,1870.02,3.5628,34.8719,22,-1.040075,11
CTD_CP_H,20240728T124029,1871.99,3.5606,34.8717,21,-1.040090,10
CTD_CP_H,20240728T124029,1873.96,3.5546,34.8717,22,-1.040098,11
CTD_CP_H,20240728T124029,1876.00,3.5527,34.8714,22,-1.040092,11
CTD_CP_H,20240728T124029,1877.98,3.5493,34.8711,21,-1.040074,11
CTD_CP_H,20240728T124029,1879.95,3.5458,34.8711,22,-1.040100,11
CTD_CP_H,20240728T124029,1881.99,3.5419,34.8711,22,-1.040100,11
CTD_CP_H,20240728T124029,1884.01,3.5359,34.8704,22,-1.040087,11
CTD_CP_H,20240728T124029,1886.01,3.5280,34.8700,21,-1.040070,10
CTD_CP_H,20240728T124029,1887.99,3.5232,34.8696,22,-1.040075,11
CTD_CP_H,20240728T124029,1889.98,3.5148,34.8688,21,-1.040066,11
CTD_CP_H,20240728T124029,1891.99,3.5010,34.8677,22,-1.040052,11
CTD_CP_H,20240728T124029,1894.04,3.4920,34.8670,22,-1.040034,11
CTD_CP_H,20240728T124030,1896.04,3.4832,34.8661,21,-1.040042,10
CTD_CP_H,20240728T124030,1897.99,3.4719,34.8655,21,-1.040015,11
CTD_CP_H,20240728T124030,1899.99,3.4644,34.8648,22,-1.039975,11
CTD_CP_H,20240728T124030,1902.01,3.4619,34.8647,22,-1.039987,11
CTD_CP_H,20240728T124030,1904.03,3.4614,34.8648,24,-1.040018,12
CTD_CP_H,20240728T124030,1906.01,3.4590,34.8647,27,-1.040031,13
CTD_CP_H,20240728T124030,1908.02,3.4555,34.8643,29,-1.040026,15
CTD_CP_H,20240728T124030,1910.00,3.4493,34.8638,26,-1.040013,13
CTD_CP_H,20240728T124030,1911.96,3.4454,34.8637,28,-1.039991,14
CTD_CP_H,20240728T124030,1913.97,3.4418,34.8631,27,-1.039997,13
CTD_CP_H,20240728T124030,1915.99,3.4360,34.8627,28,-1.039999,14
CTD_CP_H,20240728T124030,1918.00,3.4302,34.8621,27,-1.039990,14
CTD_CP_H,20240728T124030,1920.01,3.4255,34.8619,28,-1.039978,14
CTD_CP_H,20240728T124031,1921.99,3.4217,34.8610,26,-1.039967,13
CTD_CP_H,20240728T124031,1923.99,3.4109,34.8604,28,-1.039948,14
CTD_CP_H,20240728T124031,1926.01,3.4029,34.8595,26,-1.039923,13
CTD_CP_H,20240728T124031,1927.99,3.3934,34.8590,27,-1.039902,13
CTD_CP_H,20240728T124031,1930.01,3.3869,34.8584,27,-1.039896,14
CTD_CP_H,20240728T124031,1932.00,3.3851,34.8580,26,-1.039920,13
CTD_CP_H,20240728T124031,1933.99,3.3813,34.8577,27,-1.039920,13
CTD_CP_H,20240728T124031,1935.98,3.3723,34.8569,26,-1.039915,13
CTD_CP_H,20240728T124031,1938.00,3.3620,34.8561,27,-1.039886,14
CTD_CP_H,20240728T124031,1940.02,3.3525,34.8556,26,-1.039848,13
CTD_CP_H,20240728T124031,1942.00,3.3468,34.8552,26,-1.039869,13
CTD_CP_H,20240728T124031,1944.02,3.3437,34.8551,26,-1.039873,13
CTD_CP_H,20240728T124031,1946.03,3.3387,34.8548,26,-1.039888,13
CTD_CP_H,20240728T124031,1948.01,3.3420,34.8556,25,-1.039954,12
CTD_CP_H,20240728T124032,1950.00,3.3361,34.8553,26,-1.039936,13
CTD_CP_H,20240728T124032,1952.04,3.3240,34.8540,26,-1.039920,13
CTD_CP_H,20240728T124032,1954.04,3.3158,34.8530,25,-1.039877,13
CTD_CP_H,20240728T124032,1956.01,3.3114,34.8528,25,-1.039884,12
CTD_CP_H,20240728T124032,1957.98,3.3074,34.8525,25,-1.039899,13
CTD_CP_H,20240728T124032,1959.97,3.3072,34.8525,25,-1.039916,12
CTD_CP_H,20240728T124032,1961.99,3.3071,34.8530,26,-1.039950,13
CTD_CP_H,20240728T124032,1964.00,3.3028,34.8529,25,-1.039937,13
CTD_CP_H,20240728T124032,1965.99,3.2967,34.8524,25,-1.039944,12
CTD_CP_H,20240728T124032,1967.99,3.2905,34.8524,25,-1.039946,13
CTD_CP_H,20240728T124032,1970.01,3.2884,34.8520,25,-1.039952,12
CTD_CP_H,20240728T124032,1972.01,3.2855,34.8520,24,-1.039974,12
CTD_CP_H,20240728T124032,1974.01,3.2818,34.8516,25,-1.039969,13
CTD_CP_H,20240728T124033,1976.00,3.2750,34.8506,24,-1.039964,12
CTD_CP_H,20240728T124033,1978.03,3.2661,34.8509,25,-1.039952,12
CTD_CP_H,20240728T124033,1980.03,3.2613,34.8505,24,-1.039958,12
CTD_CP_H,20240728T124033,1981.98,3.2541,34.8491,24,-1.039945,12
CTD_CP_H,20240728T124033,1984.00,3.2479,34.8486,25,-1.039937,13
CTD_CP_H,20240728T124033,1986.03,3.2414,34.8486,24,-1.039919,12
CTD_CP_H,20240728T124033,1988.02,3.2372,34.8478,24,-1.039910,12
CTD_CP_H,20240728T124033,1990.03,3.2297,34.8475,24,-1.039917,12
CTD_CP_H,20240728T124033,1991.98,3.2259,34.8472,23,-1.039945,11
CTD_CP_H,20240728T124033,1994.00,3.2235,34.8471,25,-1.039978,6
CTD_CP_H,20240728T124033,1996.03,3.2208,34.8468,24,nan,0
CTD_CP_H,20240728T124033,1997.19,3.2142,34.8471,4,nan,0
GPS,20240728T124133,18.348074,68.457367,9
CTD_P,20240728T124135,-0.21
