Message,20240530T061912,Firmware: 07/21/23 18:56:40 2.17.4 STD IRID Final
Message,20240530T061912,Username: f10469
GPS,20240530T061912,17.986389,67.810715,10
GPS,20240530T062909,17.985569,67.809364,10
CTD_P,20240530T062911,-0.21
FLBB_CFG,20240530T062913,695,700
Message,20240530T062913,Park Descent Mission
CTD_P,20240530T062916,-0.18
CTD_P,20240530T063030,0.13
CTD_P,20240530T063132,0.12
CTD_P,20240530T063234,0.23
CTD_P,20240530T063337,0.07
CTD_P,20240530T063439,1.08
CTD_P,20240530T063541,4.03
CTD_P,20240530T063643,10.59
CTD_P,20240530T063746,19.04
CTD_P,20240530T063848,28.74
CTD_P,20240530T063950,39.27
CTD_P,20240530T064053,50.28
CTD_P,20240530T064155,61.64
CTD_P,20240530T064234,69.28
CTD_P,20240530T064235,69.52
CTD_P,20240530T064337,81.42
CTD_P,20240530T074340,492.75
CTD_P,20240530T084343,769.97
CTD_P,20240530T093402,907.54
CTD_P,20240530T100838,947.16
CTD_P,20240530T105635,968.31
CTD_P,20240530T105738,968.52
CTD_P,20240530T105841,968.68
CTD_P,20240530T105854,968.71
CTD_P,20240530T105956,969.35
CTD_P,20240530T115243,1006.47
Message,20240530T115246,Park Mission
CTD_P,20240530T115249,1006.50
CTD_PTSH,20240530T115311,1006.60,8.7069,35.3640,-1.042002
CTD_P,20240530T115312,1006.63
CTD_P,20240530T125245,1016.15
CTD_PTSH,20240530T125308,1016.10,8.6704,35.3530,-1.042522
CTD_P,20240530T125309,1016.05
CTD_P,20240530T135310,1017.01
CTD_PTSH,20240530T135333,1017.20,8.6810,35.3530,-1.042633
CTD_P,20240530T135334,1017.18
CTD_P,20240530T145335,1024.57
CTD_PTSH,20240530T145358,1024.50,8.7242,35.3590,-1.042655
CTD_P,20240530T145359,1024.52
CTD_P,20240530T155400,1023.18
CTD_PTSH,20240530T155423,1023.20,8.7191,35.3590,-1.042630
CTD_P,20240530T155424,1023.20
CTD_P,20240530T165425,1024.85
CTD_PTSH,20240530T165448,1024.90,8.6812,35.3580,-1.042723
CTD_P,20240530T165449,1024.95
CTD_P,20240530T175450,1026.02
CTD_PTSH,20240530T175513,1026.10,8.6659,35.3520,-1.042671
CTD_P,20240530T175514,1026.12
CTD_P,20240530T185515,1023.38
CTD_PTSH,20240530T185538,1023.30,8.6599,35.3500,-1.042737
CTD_P,20240530T185539,1023.27
CTD_P,20240530T195540,1026.18
CTD_PTSH,20240530T195603,1026.10,8.6364,35.3490,-1.042731
CTD_P,20240530T195604,1026.10
CTD_P,20240530T205605,1027.93
CTD_PTSH,20240530T205628,1027.80,8.6795,35.3510,-1.042728
CTD_P,20240530T205629,1027.74
CTD_P,20240530T215630,1022.28
CTD_PTSH,20240530T215653,1022.20,8.5984,35.3470,-1.042763
CTD_P,20240530T215654,1022.15
CTD_P,20240530T225655,1021.78
CTD_PTSH,20240530T225718,1021.70,8.5409,35.3390,-1.042762
CTD_P,20240530T225719,1021.69
CTD_P,20240530T235720,1027.64
CTD_PTSH,20240530T235743,1027.80,8.4775,35.3350,-1.042830
CTD_P,20240530T235744,1027.75
CTD_P,20240531T005745,1026.45
CTD_PTSH,20240531T005808,1026.50,8.5424,35.3400,-1.042841
CTD_P,20240531T005809,1026.47
CTD_P,20240531T015810,1031.08
CTD_PTSH,20240531T015833,1031.00,8.5797,35.3430,-1.042838
CTD_P,20240531T015834,1030.95
CTD_P,20240531T025835,1008.14
CTD_PTSH,20240531T025858,1008.20,8.6752,35.3540,-1.042734
CTD_P,20240531T025859,1008.17
CTD_P,20240531T035900,1007.36
CTD_PTSH,20240531T035923,1007.40,8.6860,35.3570,-1.042743
CTD_P,20240531T035924,1007.32
CTD_P,20240531T045925,1009.14
CTD_PTSH,20240531T045948,1009.10,8.7344,35.3640,-1.042741
CTD_P,20240531T045949,1009.10
CTD_P,20240531T055950,1009.26
CTD_PTSH,20240531T060013,1009.20,8.7125,35.3570,-1.042707
CTD_P,20240531T060014,1009.24
CTD_P,20240531T070015,1011.15
CTD_PTSH,20240531T070038,1011.10,8.7176,35.3590,-1.042748
CTD_P,20240531T070039,1011.15
CTD_P,20240531T080040,1008.68
CTD_PTSH,20240531T080103,1008.80,8.6793,35.3550,-1.042743
CTD_P,20240531T080104,1008.81
CTD_P,20240531T090105,1010.35
CTD_PTSH,20240531T090128,1010.20,8.7120,35.3570,-1.042747
CTD_P,20240531T090129,1010.16
CTD_P,20240531T100130,1008.80
CTD_PTSH,20240531T100153,1008.80,8.7172,35.3590,-1.042736
CTD_P,20240531T100154,1008.70
CTD_P,20240531T110155,1011.57
CTD_PTSH,20240531T110218,1011.40,8.7465,35.3590,-1.042735
CTD_P,20240531T110219,1011.37
CTD_P,20240531T120220,1012.04
CTD_PTSH,20240531T120243,1012.10,8.7509,35.3620,-1.042726
CTD_P,20240531T120244,1012.06
CTD_P,20240531T130245,1011.79
CTD_PTSH,20240531T130308,1011.70,8.7045,35.3550,-1.042751
CTD_P,20240531T130309,1011.71
CTD_P,20240531T140310,1015.30
CTD_PTSH,20240531T140333,1015.20,8.7505,35.3620,-1.042732
CTD_P,20240531T140334,1015.23
CTD_P,20240531T150335,1012.81
CTD_PTSH,20240531T150358,1012.80,8.7723,35.3680,-1.042762
CTD_P,20240531T150359,1012.83
CTD_P,20240531T160400,1017.42
CTD_PTSH,20240531T160423,1017.40,8.8103,35.3670,-1.042737
CTD_P,20240531T160424,1017.37
CTD_P,20240531T170425,1015.32
CTD_PTSH,20240531T170448,1015.40,8.8450,35.3720,-1.042667
CTD_P,20240531T170449,1015.46
CTD_P,20240531T180450,1014.44
CTD_PTSH,20240531T180513,1014.20,8.8598,35.3730,-1.042728
CTD_P,20240531T180514,1014.20
CTD_P,20240531T190515,1011.91
CTD_PTSH,20240531T190538,1012.00,8.7933,35.3660,-1.042715
CTD_P,20240531T190539,1012.00
CTD_P,20240531T200540,1013.09
CTD_PTSH,20240531T200603,1012.90,8.7541,35.3620,-1.042736
CTD_P,20240531T200604,1012.85
CTD_P,20240531T210605,1007.37
CTD_PTSH,20240531T210628,1007.40,8.6129,35.3490,-1.042707
CTD_P,20240531T210629,1007.36
CTD_P,20240531T220630,1011.73
CTD_PTSH,20240531T220653,1011.80,8.5637,35.3410,-1.042730
CTD_P,20240531T220654,1011.77
CTD_P,20240531T230655,1011.35
CTD_PTSH,20240531T230718,1011.30,8.5756,35.3430,-1.042757
CTD_P,20240531T230719,1011.32
CTD_P,20240601T000720,1012.31
CTD_PTSH,20240601T000743,1012.30,8.5937,35.3460,-1.042755
CTD_P,20240601T000744,1012.28
CTD_P,20240601T010745,1019.73
CTD_PTSH,20240601T010808,1019.80,8.6413,35.3490,-1.042775
CTD_P,20240601T010809,1019.80
CTD_P,20240601T020810,1012.32
CTD_PTSH,20240601T020833,1012.40,8.6490,35.3520,-1.042712
CTD_P,20240601T020834,1012.41
CTD_P,20240601T030835,1018.99
CTD_PTSH,20240601T030858,1018.90,8.6599,35.3520,-1.042723
CTD_P,20240601T030859,1018.88
CTD_P,20240601T040900,1008.85
CTD_PTSH,20240601T040923,1008.80,8.6570,35.3520,-1.042735
CTD_P,20240601T040924,1008.78
CTD_P,20240601T050925,1014.16
CTD_PTSH,20240601T050948,1014.10,8.6408,35.3500,-1.042703
CTD_P,20240601T050949,1014.07
CTD_P,20240601T060950,1012.20
CTD_PTSH,20240601T061013,1012.20,8.6408,35.3520,-1.042696
CTD_P,20240601T061014,1012.24
CTD_P,20240601T071015,1011.95
CTD_PTSH,20240601T071038,1012.00,8.6144,35.3540,-1.042735
CTD_P,20240601T071039,1011.99
CTD_P,20240601T081040,1011.89
CTD_PTSH,20240601T081103,1011.80,8.6008,35.3480,-1.042689
CTD_P,20240601T081104,1011.78
CTD_P,20240601T091105,1013.06
CTD_PTSH,20240601T091128,1013.00,8.6102,35.3480,-1.042744
CTD_P,20240601T091129,1012.96
CTD_P,20240601T101130,1015.26
CTD_PTSH,20240601T101153,1015.30,8.5626,35.3420,-1.042705
CTD_P,20240601T101154,1015.38
CTD_P,20240601T111155,1019.03
CTD_PTSH,20240601T111218,1019.00,8.6519,35.3510,-1.042721
CTD_P,20240601T111219,1019.03
CTD_P,20240601T121220,1018.92
CTD_PTSH,20240601T121243,1018.90,8.6999,35.3570,-1.042686
CTD_P,20240601T121244,1018.89
CTD_P,20240601T131245,1018.40
CTD_PTSH,20240601T131308,1018.40,8.7081,35.3580,-1.042658
CTD_P,20240601T131309,1018.39
CTD_P,20240601T141310,1018.93
CTD_PTSH,20240601T141333,1019.00,8.7156,35.3590,-1.042634
CTD_P,20240601T141334,1018.99
CTD_P,20240601T151335,1019.85
CTD_PTSH,20240601T151358,1019.90,8.7592,35.3620,-1.042605
CTD_P,20240601T151359,1019.83
CTD_P,20240601T161400,1021.32
CTD_PTSH,20240601T161423,1021.20,8.8267,35.3690,-1.042657
CTD_P,20240601T161424,1021.18
CTD_P,20240601T171425,1015.39
CTD_PTSH,20240601T171448,1015.30,8.7643,35.3700,-1.042640
CTD_P,20240601T171449,1015.27
CTD_P,20240601T181450,1016.23
CTD_PTSH,20240601T181513,1016.40,8.6491,35.3520,-1.042627
CTD_P,20240601T181514,1016.40
CTD_P,20240601T191515,1015.57
CTD_PTSH,20240601T191538,1015.50,8.6832,35.3560,-1.042662
CTD_P,20240601T191539,1015.52
CTD_P,20240601T201540,1019.79
CTD_PTSH,20240601T201603,1019.70,8.6826,35.3540,-1.042659
CTD_P,20240601T201604,1019.73
CTD_P,20240601T211605,1018.11
CTD_PTSH,20240601T211628,1018.10,8.6799,35.3540,-1.042706
CTD_P,20240601T211629,1018.11
CTD_P,20240601T221630,1020.30
CTD_PTSH,20240601T221653,1020.40,8.6833,35.3540,-1.042653
CTD_P,20240601T221654,1020.44
CTD_P,20240601T231655,1016.40
CTD_PTSH,20240601T231718,1016.40,8.6681,35.3550,-1.042631
CTD_P,20240601T231719,1016.39
CTD_P,20240602T001720,1017.16
CTD_PTSH,20240602T001743,1017.10,8.6688,35.3560,-1.042679
CTD_P,20240602T001744,1017.06
CTD_P,20240602T011745,1018.72
CTD_PTSH,20240602T011808,1018.70,8.6574,35.3510,-1.042678
CTD_P,20240602T011809,1018.74
CTD_P,20240602T021810,1021.02
CTD_PTSH,20240602T021833,1021.00,8.6846,35.3540,-1.042660
CTD_P,20240602T021834,1021.00
CTD_P,20240602T031835,1015.55
CTD_PTSH,20240602T031858,1015.50,8.6596,35.3540,-1.042641
CTD_P,20240602T031859,1015.48
CTD_P,20240602T041900,1017.12
CTD_PTSH,20240602T041923,1017.00,8.6370,35.3500,-1.042650
CTD_P,20240602T041924,1016.99
CTD_P,20240602T051925,1011.77
CTD_PTSH,20240602T051948,1011.80,8.5538,35.3440,-1.042650
CTD_P,20240602T051949,1011.86
CTD_P,20240602T061950,1015.65
CTD_PTSH,20240602T062013,1015.60,8.5213,35.3360,-1.042655
CTD_P,20240602T062014,1015.62
CTD_P,20240602T072015,1016.58
CTD_PTSH,20240602T072038,1016.70,8.5320,35.3420,-1.042655
CTD_P,20240602T072039,1016.69
CTD_P,20240602T082040,1018.48
CTD_PTSH,20240602T082103,1018.40,8.5330,35.3380,-1.042658
CTD_P,20240602T082104,1018.41
CTD_P,20240602T092105,1024.48
CTD_PTSH,20240602T092128,1024.50,8.6028,35.3460,-1.042714
CTD_P,20240602T092129,1024.46
CTD_P,20240602T102130,1022.29
CTD_PTSH,20240602T102153,1022.20,8.6435,35.3510,-1.042631
CTD_P,20240602T102154,1022.14
CTD_P,20240602T112155,1019.47
CTD_PTSH,20240602T112218,1019.40,8.6587,35.3520,-1.042640
CTD_P,20240602T112219,1019.43
CTD_P,20240602T122220,1019.10
CTD_PTSH,20240602T122243,1018.90,8.6201,35.3480,-1.042712
CTD_P,20240602T122244,1018.86
CTD_P,20240602T132245,1020.33
CTD_PTSH,20240602T132308,1020.40,8.6245,35.3490,-1.042666
CTD_P,20240602T132309,1020.45
CTD_P,20240602T142310,1023.51
CTD_PTSH,20240602T142333,1023.40,8.6864,35.3540,-1.042611
CTD_P,20240602T142334,1023.43
CTD_P,20240602T152335,1023.71
CTD_PTSH,20240602T152358,1023.70,8.6592,35.3530,-1.042636
CTD_P,20240602T152359,1023.75
CTD_P,20240602T162400,1021.04
CTD_PTSH,20240602T162423,1020.90,8.7172,35.3560,-1.042579
CTD_P,20240602T162424,1020.87
CTD_P,20240602T172425,1018.85
CTD_PTSH,20240602T172448,1018.80,8.6816,35.3540,-1.042617
CTD_P,20240602T172449,1018.80
CTD_P,20240602T182450,1017.91
CTD_PTSH,20240602T182513,1017.80,8.6235,35.3470,-1.042635
CTD_P,20240602T182514,1017.76
CTD_P,20240602T192515,1020.23
CTD_PTSH,20240602T192538,1020.30,8.5651,35.3420,-1.042607
CTD_P,20240602T192539,1020.25
CTD_P,20240602T202540,1018.54
CTD_PTSH,20240602T202603,1018.50,8.5713,35.3420,-1.042617
CTD_P,20240602T202604,1018.45
CTD_P,20240602T212605,1023.36
CTD_PTSH,20240602T212628,1023.30,8.6113,35.3460,-1.042608
CTD_P,20240602T212629,1023.27
CTD_P,20240602T222630,1020.64
CTD_PTSH,20240602T222653,1020.60,8.6400,35.3520,-1.042556
CTD_P,20240602T222654,1020.55
CTD_P,20240602T232655,1023.44
CTD_PTSH,20240602T232718,1023.50,8.6437,35.3500,-1.042551
CTD_P,20240602T232719,1023.53
CTD_P,20240603T002720,1019.88
CTD_PTSH,20240603T002743,1019.90,8.6644,35.3560,-1.042540
CTD_P,20240603T002744,1019.84
CTD_P,20240603T012745,1016.35
CTD_PTSH,20240603T012808,1016.40,8.6126,35.3460,-1.042502
CTD_P,20240603T012809,1016.38
CTD_P,20240603T022810,1022.17
CTD_PTSH,20240603T022833,1022.20,8.6032,35.3450,-1.042529
CTD_P,20240603T022834,1022.14
CTD_P,20240603T032835,1024.46
CTD_PTSH,20240603T032858,1024.40,8.6539,35.3520,-1.042488
CTD_P,20240603T032859,1024.43
CTD_P,20240603T042900,1022.40
CTD_PTSH,20240603T042923,1022.50,8.6582,35.3530,-1.042487
CTD_P,20240603T042924,1022.46
CTD_P,20240603T052925,1023.52
CTD_PTSH,20240603T052948,1023.60,8.6903,35.3560,-1.042520
CTD_P,20240603T052949,1023.55
CTD_P,20240603T062950,1022.83
CTD_PTSH,20240603T063013,1022.70,8.7173,35.3590,-1.042480
CTD_P,20240603T063014,1022.65
CTD_P,20240603T073015,1022.08
CTD_PTSH,20240603T073038,1022.20,8.6112,35.3470,-1.042495
CTD_P,20240603T073039,1022.19
CTD_P,20240603T083040,1021.62
CTD_PTSH,20240603T083103,1021.60,8.6074,35.3440,-1.042488
CTD_P,20240603T083104,1021.54
CTD_P,20240603T093105,1020.91
CTD_PTSH,20240603T093128,1021.00,8.5392,35.3380,-1.042553
CTD_P,20240603T093129,1020.96
CTD_P,20240603T103130,1020.28
CTD_PTSH,20240603T103153,1020.20,8.5969,35.3460,-1.042563
CTD_P,20240603T103154,1020.22
CTD_P,20240603T113155,1023.17
CTD_PTSH,20240603T113218,1023.20,8.5718,35.3420,-1.042514
CTD_P,20240603T113219,1023.15
CTD_P,20240603T123220,1020.09
CTD_PTSH,20240603T123243,1020.10,8.5568,35.3430,-1.042462
CTD_P,20240603T123244,1020.08
CTD_P,20240603T133245,1023.05
CTD_PTSH,20240603T133308,1023.00,8.5738,35.3430,-1.042468
CTD_P,20240603T133309,1022.99
CTD_P,20240603T143310,1022.94
CTD_PTSH,20240603T143333,1022.90,8.6309,35.3480,-1.042468
CTD_P,20240603T143334,1022.90
CTD_P,20240603T153335,1023.29
CTD_PTSH,20240603T153358,1023.20,8.6189,35.3460,-1.042477
CTD_P,20240603T153359,1023.14
CTD_P,20240603T163400,1023.73
CTD_PTSH,20240603T163423,1023.90,8.6293,35.3500,-1.042515
CTD_P,20240603T163424,1023.90
CTD_P,20240603T173425,1025.64
CTD_PTSH,20240603T173448,1025.50,8.6711,35.3500,-1.042454
CTD_P,20240603T173449,1025.47
CTD_P,20240603T183450,1024.36
CTD_PTSH,20240603T183513,1024.30,8.6524,35.3520,-1.042460
CTD_P,20240603T183514,1024.34
CTD_P,20240603T193515,1020.27
CTD_PTSH,20240603T193538,1020.30,8.5986,35.3500,-1.042491
CTD_P,20240603T193539,1020.29
CTD_P,20240603T203540,1019.89
CTD_PTSH,20240603T203603,1019.80,8.5875,35.3450,-1.042470
CTD_P,20240603T203604,1019.76
CTD_P,20240603T213605,1020.77
CTD_PTSH,20240603T213628,1020.80,8.5123,35.3370,-1.042510
CTD_P,20240603T213629,1020.76
CTD_P,20240603T223630,1021.31
CTD_PTSH,20240603T223653,1021.40,8.5433,35.3400,-1.042482
CTD_P,20240603T223654,1021.37
CTD_P,20240603T233655,1026.68
CTD_PTSH,20240603T233718,1026.70,8.5566,35.3410,-1.042511
CTD_P,20240603T233719,1026.71
CTD_P,20240604T003720,1021.34
CTD_PTSH,20240604T003743,1021.30,8.5685,35.3460,-1.042439
CTD_P,20240604T003744,1021.27
CTD_P,20240604T013745,1023.45
CTD_PTSH,20240604T013808,1023.40,8.5578,35.3400,-1.042479
CTD_P,20240604T013809,1023.40
CTD_P,20240604T023810,1021.08
CTD_PTSH,20240604T023833,1021.10,8.5324,35.3410,-1.042436
CTD_P,20240604T023834,1021.13
CTD_P,20240604T033835,1022.92
CTD_PTSH,20240604T033858,1022.80,8.5580,35.3420,-1.042418
CTD_P,20240604T033859,1022.84
CTD_P,20240604T043900,1024.06
CTD_PTSH,20240604T043923,1023.90,8.5727,35.3420,-1.042473
CTD_P,20240604T043924,1023.88
CTD_P,20240604T053925,1022.28
CTD_PTSH,20240604T053948,1022.20,8.5301,35.3370,-1.042420
CTD_P,20240604T053949,1022.23
CTD_P,20240604T063950,1024.16
CTD_PTSH,20240604T064013,1024.20,8.5399,35.3410,-1.042453
CTD_P,20240604T064014,1024.16
CTD_P,20240604T074015,1023.10
CTD_PTSH,20240604T074038,1023.00,8.5660,35.3410,-1.042468
CTD_P,20240604T074039,1023.02
CTD_P,20240604T084040,1027.01
CTD_PTSH,20240604T084103,1027.00,8.6381,35.3490,-1.042508
CTD_P,20240604T084104,1026.98
CTD_P,20240604T094105,1025.35
CTD_PTSH,20240604T094128,1025.40,8.6238,35.3500,-1.042479
CTD_P,20240604T094129,1025.42
CTD_P,20240604T104130,1032.64
CTD_PTSH,20240604T104153,1032.60,8.6820,35.3540,-1.042457
CTD_P,20240604T104154,1032.60
CTD_P,20240604T114155,1009.68
CTD_PTSH,20240604T114218,1009.60,8.9059,35.3770,-1.042310
CTD_P,20240604T114219,1009.58
CTD_P,20240604T124220,1007.59
CTD_PTSH,20240604T124243,1007.60,8.8777,35.3740,-1.042329
CTD_P,20240604T124244,1007.59
CTD_P,20240604T134245,1004.07
CTD_PTSH,20240604T134308,1004.10,8.7965,35.3680,-1.042308
CTD_P,20240604T134309,1004.12
CTD_P,20240604T144310,1004.44
CTD_PTSH,20240604T144333,1004.30,8.7815,35.3650,-1.042295
CTD_P,20240604T144334,1004.28
CTD_P,20240604T154335,1005.96
CTD_PTSH,20240604T154358,1006.00,8.7585,35.3640,-1.042328
CTD_P,20240604T154359,1006.03
CTD_P,20240604T164400,1000.41
CTD_PTSH,20240604T164423,1000.20,8.7608,35.3620,-1.042324
CTD_P,20240604T164424,1000.24
CTD_P,20240604T174425,1004.27
CTD_PTSH,20240604T174448,1004.20,8.7418,35.3610,-1.042322
CTD_P,20240604T174449,1004.19
CTD_P,20240604T184450,998.52
CTD_PTSH,20240604T184513,998.50,8.7442,35.3610,-1.042305
CTD_P,20240604T184514,998.53
CTD_P,20240604T194515,1002.62
CTD_PTSH,20240604T194538,1002.60,8.7161,35.3630,-1.042283
CTD_P,20240604T194539,1002.61
CTD_P,20240604T204540,1005.00
CTD_PTSH,20240604T204603,1005.10,8.6846,35.3540,-1.042325
CTD_P,20240604T204604,1005.15
CTD_P,20240604T214605,1003.23
CTD_PTSH,20240604T214628,1003.20,8.7215,35.3600,-1.042290
CTD_P,20240604T214629,1003.18
CTD_P,20240604T224630,998.78
CTD_PTSH,20240604T224653,998.60,8.7193,35.3580,-1.042259
CTD_P,20240604T224654,998.58
CTD_P,20240604T234655,1004.96
CTD_PTSH,20240604T234718,1005.10,8.6507,35.3520,-1.042334
CTD_P,20240604T234719,1005.11
CTD_P,20240605T004720,1003.56
CTD_PTSH,20240605T004743,1003.40,8.6813,35.3550,-1.042367
CTD_P,20240605T004744,1003.42
CTD_P,20240605T014745,1000.35
CTD_PTSH,20240605T014808,1000.20,8.6844,35.3580,-1.042299
CTD_P,20240605T014809,1000.25
CTD_P,20240605T024810,1004.36
CTD_PTSH,20240605T024833,1004.40,8.6769,35.3550,-1.042318
CTD_P,20240605T024834,1004.42
CTD_P,20240605T034835,1004.07
CTD_PTSH,20240605T034858,1004.10,8.6879,35.3570,-1.042318
CTD_P,20240605T034859,1004.13
CTD_P,20240605T044900,1004.14
CTD_PTSH,20240605T044923,1004.10,8.7066,35.3560,-1.042283
CTD_P,20240605T044924,1004.09
CTD_P,20240605T054925,1001.63
CTD_PTSH,20240605T054948,1001.70,8.6188,35.3500,-1.042318
CTD_P,20240605T054949,1001.69
CTD_P,20240605T064950,1003.05
CTD_PTSH,20240605T065013,1003.20,8.6543,35.3540,-1.042295
CTD_P,20240605T065014,1003.17
CTD_P,20240605T075015,1005.37
CTD_PTSH,20240605T075038,1005.20,8.7256,35.3580,-1.042261
CTD_P,20240605T075039,1005.23
CTD_P,20240605T085040,1002.28
CTD_PTSH,20240605T085103,1002.30,8.6641,35.3550,-1.042274
CTD_P,20240605T085104,1002.30
CTD_P,20240605T095105,1000.76
CTD_PTSH,20240605T095128,1000.80,8.6273,35.3510,-1.042299
CTD_P,20240605T095129,1000.82
CTD_P,20240605T105130,1003.89
CTD_PTSH,20240605T105153,1003.90,8.6530,35.3520,-1.042315
CTD_P,20240605T105154,1003.91
CTD_P,20240605T115155,1006.84
CTD_PTSH,20240605T115218,1006.80,8.7227,35.3590,-1.042267
CTD_P,20240605T115219,1006.79
CTD_P,20240605T125220,1004.64
CTD_PTSH,20240605T125243,1004.70,8.7186,35.3590,-1.042274
CTD_P,20240605T125244,1004.66
CTD_P,20240605T135245,1008.45
CTD_PTSH,20240605T135308,1008.50,8.8042,35.3680,-1.042266
CTD_P,20240605T135309,1008.50
CTD_P,20240605T145310,1007.89
CTD_PTSH,20240605T145333,1007.90,8.7774,35.3660,-1.042300
CTD_P,20240605T145334,1007.96
CTD_P,20240605T155335,1005.88
CTD_PTSH,20240605T155358,1005.90,8.7443,35.3620,-1.042257
CTD_P,20240605T155359,1005.89
CTD_P,20240605T165400,1008.06
CTD_PTSH,20240605T165423,1008.00,8.7728,35.3660,-1.042244
CTD_P,20240605T165424,1007.97
CTD_P,20240605T175425,1008.51
CTD_PTSH,20240605T175448,1008.40,8.8401,35.3730,-1.042229
CTD_P,20240605T175449,1008.42
CTD_P,20240605T185450,1011.21
CTD_PTSH,20240605T185513,1011.20,8.8550,35.3730,-1.042253
CTD_P,20240605T185514,1011.22
CTD_P,20240605T195515,1008.22
CTD_PTSH,20240605T195538,1008.30,8.8519,35.3740,-1.042209
CTD_P,20240605T195539,1008.26
CTD_P,20240605T205540,1008.55
CTD_PTSH,20240605T205603,1008.70,8.7807,35.3660,-1.042273
CTD_P,20240605T205604,1008.65
CTD_P,20240605T215605,1001.01
CTD_PTSH,20240605T215628,1000.90,8.7627,35.3650,-1.042214
CTD_P,20240605T215629,1000.87
CTD_P,20240605T225630,1006.38
CTD_PTSH,20240605T225653,1006.40,8.7412,35.3620,-1.042239
CTD_P,20240605T225654,1006.37
CTD_P,20240605T235655,1002.07
CTD_PTSH,20240605T235718,1002.10,8.7006,35.3580,-1.042216
CTD_P,20240605T235719,1002.06
CTD_P,20240606T005720,1003.35
CTD_PTSH,20240606T005743,1003.40,8.6523,35.3510,-1.042273
CTD_P,20240606T005744,1003.37
CTD_P,20240606T015745,1002.81
CTD_PTSH,20240606T015808,1002.80,8.6226,35.3490,-1.042219
CTD_P,20240606T015809,1002.79
CTD_P,20240606T025810,1007.40
CTD_PTSH,20240606T025833,1007.40,8.6442,35.3510,-1.042252
CTD_P,20240606T025834,1007.39
CTD_P,20240606T035835,1005.40
CTD_PTSH,20240606T035858,1005.40,8.6602,35.3540,-1.042218
CTD_P,20240606T035859,1005.31
CTD_P,20240606T045900,1003.60
CTD_PTSH,20240606T045923,1003.70,8.6775,35.3540,-1.042293
CTD_P,20240606T045924,1003.70
CTD_P,20240606T055925,1006.03
CTD_PTSH,20240606T055948,1006.10,8.6639,35.3540,-1.042274
CTD_P,20240606T055949,1006.09
CTD_P,20240606T065950,1009.02
CTD_PTSH,20240606T070013,1009.10,8.6451,35.3490,-1.042272
CTD_P,20240606T070014,1009.08
CTD_P,20240606T080015,1005.39
CTD_PTSH,20240606T080038,1005.30,8.6656,35.3530,-1.042254
CTD_P,20240606T080039,1005.25
CTD_P,20240606T090040,1005.53
CTD_PTSH,20240606T090103,1005.60,8.6469,35.3530,-1.042301
CTD_P,20240606T090104,1005.60
CTD_P,20240606T100105,1006.14
CTD_PTSH,20240606T100128,1006.10,8.6704,35.3530,-1.042200
CTD_P,20240606T100129,1006.07
CTD_P,20240606T110130,1008.38
CTD_PTSH,20240606T110153,1008.40,8.6958,35.3550,-1.042220
CTD_P,20240606T110154,1008.40
CTD_P,20240606T120155,1005.89
CTD_PTSH,20240606T120218,1005.80,8.7304,35.3590,-1.042247
CTD_P,20240606T120219,1005.86
CTD_P,20240606T130220,1007.67
CTD_PTSH,20240606T130243,1007.70,8.7022,35.3570,-1.042209
CTD_P,20240606T130244,1007.71
CTD_P,20240606T140245,1004.94
CTD_PTSH,20240606T140308,1004.90,8.7231,35.3600,-1.042215
CTD_P,20240606T140309,1004.89
CTD_P,20240606T150310,1008.44
CTD_PTSH,20240606T150333,1008.50,8.6966,35.3550,-1.042224
CTD_P,20240606T150334,1008.49
CTD_P,20240606T160335,1007.67
CTD_PTSH,20240606T160358,1007.70,8.7322,35.3640,-1.042242
CTD_P,20240606T160359,1007.73
CTD_P,20240606T170400,1009.84
CTD_PTSH,20240606T170423,1009.80,8.7705,35.3630,-1.042232
CTD_P,20240606T170424,1009.76
CTD_P,20240606T180425,1009.18
CTD_PTSH,20240606T180448,1009.00,8.8195,35.3700,-1.042175
CTD_P,20240606T180449,1009.02
CTD_P,20240606T190450,1008.04
CTD_PTSH,20240606T190513,1008.00,8.7628,35.3640,-1.042208
CTD_P,20240606T190514,1008.02
CTD_P,20240606T200515,1009.16
CTD_PTSH,20240606T200538,1009.20,8.7659,35.3650,-1.042215
CTD_P,20240606T200539,1009.22
CTD_P,20240606T210540,1003.60
CTD_PTSH,20240606T210603,1003.60,8.7104,35.3610,-1.042228
CTD_P,20240606T210604,1003.65
CTD_P,20240606T220605,1005.37
CTD_PTSH,20240606T220628,1005.40,8.6940,35.3550,-1.042158
CTD_P,20240606T220629,1005.37
CTD_P,20240606T230630,1012.17
CTD_PTSH,20240606T230653,1012.10,8.6897,35.3570,-1.042221
CTD_P,20240606T230654,1012.11
CTD_P,20240607T000655,1005.24
CTD_PTSH,20240607T000718,1005.30,8.6713,35.3560,-1.042205
CTD_P,20240607T000719,1005.29
CTD_P,20240607T010720,1007.48
CTD_PTSH,20240607T010743,1007.50,8.6435,35.3500,-1.042207
CTD_P,20240607T010744,1007.45
CTD_P,20240607T020745,1009.79
CTD_PTSH,20240607T020808,1009.70,8.6917,35.3550,-1.042193
CTD_P,20240607T020809,1009.69
CTD_P,20240607T030810,1007.88
CTD_PTSH,20240607T030833,1007.90,8.6866,35.3540,-1.042228
CTD_P,20240607T030834,1007.89
CTD_P,20240607T040835,1006.74
CTD_PTSH,20240607T040858,1006.70,8.7039,35.3540,-1.042188
CTD_P,20240607T040859,1006.71
CTD_P,20240607T050900,1005.43
CTD_PTSH,20240607T050923,1005.40,8.6901,35.3550,-1.042164
CTD_P,20240607T050924,1005.37
CTD_P,20240607T060925,1006.33
CTD_PTSH,20240607T060948,1006.40,8.6197,35.3480,-1.042207
CTD_P,20240607T060949,1006.37
CTD_P,20240607T070950,1007.96
CTD_PTSH,20240607T071013,1007.90,8.6783,35.3560,-1.042193
CTD_P,20240607T071014,1007.83
CTD_P,20240607T081015,1005.54
CTD_PTSH,20240607T081038,1005.60,8.6302,35.3500,-1.042204
CTD_P,20240607T081039,1005.64
CTD_P,20240607T091040,1008.96
CTD_PTSH,20240607T091103,1008.90,8.6255,35.3500,-1.042279
CTD_P,20240607T091104,1008.95
CTD_P,20240607T101105,1010.97
CTD_PTSH,20240607T101128,1010.90,8.6783,35.3540,-1.042223
CTD_P,20240607T101129,1010.92
CTD_P,20240607T111130,1005.14
CTD_PTSH,20240607T111153,1005.10,8.6690,35.3570,-1.042207
CTD_P,20240607T111154,1005.13
CTD_P,20240607T121155,1010.24
CTD_PTSH,20240607T121218,1010.20,8.6939,35.3560,-1.042210
CTD_P,20240607T121219,1010.25
CTD_P,20240607T131220,1007.87
CTD_PTSH,20240607T131243,1007.70,8.7050,35.3560,-1.042110
CTD_P,20240607T131244,1007.73
CTD_P,20240607T141245,1009.21
CTD_PTSH,20240607T141308,1009.20,8.7624,35.3610,-1.042163
CTD_P,20240607T141309,1009.17
CTD_P,20240607T151310,1006.28
CTD_PTSH,20240607T151333,1006.40,8.7593,35.3650,-1.042145
CTD_P,20240607T151334,1006.42
CTD_P,20240607T161335,1012.41
CTD_PTSH,20240607T161358,1012.40,8.7783,35.3650,-1.042178
CTD_P,20240607T161359,1012.32
CTD_P,20240607T171400,1006.89
CTD_PTSH,20240607T171423,1006.80,8.7671,35.3640,-1.042143
CTD_P,20240607T171424,1006.83
CTD_P,20240607T181425,1006.79
CTD_PTSH,20240607T181448,1006.70,8.7568,35.3660,-1.042088
CTD_P,20240607T181449,1006.75
CTD_P,20240607T191450,1007.91
CTD_PTSH,20240607T191513,1008.10,8.7023,35.3580,-1.042183
CTD_P,20240607T191514,1008.07
CTD_P,20240607T201515,1008.88
CTD_PTSH,20240607T201538,1008.90,8.7310,35.3590,-1.042141
CTD_P,20240607T201539,1008.85
CTD_P,20240607T211540,1008.59
CTD_PTSH,20240607T211603,1008.40,8.7119,35.3560,-1.042189
CTD_P,20240607T211604,1008.40
CTD_P,20240607T221605,1003.79
CTD_PTSH,20240607T221628,1003.80,8.6854,35.3600,-1.042175
CTD_P,20240607T221629,1003.81
CTD_P,20240607T231630,1008.80
CTD_PTSH,20240607T231653,1008.80,8.6343,35.3490,-1.042157
CTD_P,20240607T231654,1008.80
CTD_P,20240608T001655,1003.03
CTD_PTSH,20240608T001718,1003.00,8.5477,35.3410,-1.042211
CTD_P,20240608T001719,1003.03
CTD_P,20240608T011720,1006.64
CTD_PTSH,20240608T011743,1006.60,8.5968,35.3440,-1.042252
CTD_P,20240608T011744,1006.55
CTD_P,20240608T021745,1006.87
CTD_PTSH,20240608T021808,1006.90,8.6099,35.3540,-1.042179
CTD_P,20240608T021809,1006.87
CTD_P,20240608T031810,1007.04
CTD_PTSH,20240608T031833,1007.00,8.6074,35.3460,-1.042195
CTD_P,20240608T031834,1006.99
CTD_P,20240608T041835,1009.38
CTD_PTSH,20240608T041858,1009.30,8.6716,35.3530,-1.042207
CTD_P,20240608T041859,1009.33
CTD_P,20240608T051900,1009.22
CTD_PTSH,20240608T051923,1009.20,8.6710,35.3550,-1.042232
CTD_P,20240608T051924,1009.17
CTD_P,20240608T061925,1008.60
CTD_PTSH,20240608T061948,1008.60,8.6519,35.3530,-1.042194
CTD_P,20240608T061949,1008.61
CTD_P,20240608T071950,1007.64
CTD_PTSH,20240608T072013,1007.70,8.6286,35.3490,-1.042222
CTD_P,20240608T072014,1007.71
CTD_P,20240608T082015,1009.34
CTD_PTSH,20240608T082038,1009.20,8.6928,35.3570,-1.042192
CTD_P,20240608T082039,1009.15
CTD_P,20240608T092040,1007.61
CTD_PTSH,20240608T092103,1007.60,8.6275,35.3480,-1.042212
CTD_P,20240608T092104,1007.64
CTD_P,20240608T102105,1010.07
CTD_PTSH,20240608T102128,1010.10,8.6366,35.3500,-1.042162
CTD_P,20240608T102129,1010.13
CTD_P,20240608T112130,1011.85
CTD_PTSH,20240608T112153,1011.80,8.6793,35.3530,-1.042163
CTD_P,20240608T112154,1011.76
CTD_P,20240608T122155,1009.81
CTD_PTSH,20240608T122218,1009.80,8.7349,35.3600,-1.042178
CTD_P,20240608T122219,1009.81
CTD_P,20240608T132220,1009.52
CTD_PTSH,20240608T132243,1009.60,8.7280,35.3600,-1.042156
CTD_P,20240608T132244,1009.57
CTD_P,20240608T142245,1012.60
CTD_PTSH,20240608T142308,1012.60,8.7331,35.3600,-1.042165
CTD_P,20240608T142309,1012.59
CTD_P,20240608T152310,1012.84
CTD_PTSH,20240608T152333,1012.80,8.7096,35.3580,-1.042196
CTD_P,20240608T152334,1012.77
CTD_P,20240608T162335,1008.14
CTD_PTSH,20240608T162358,1008.10,8.7093,35.3590,-1.042154
CTD_P,20240608T162359,1008.10
CTD_P,20240608T172400,1013.20
CTD_PTSH,20240608T172423,1013.10,8.7742,35.3640,-1.042162
CTD_P,20240608T172424,1013.06
CTD_P,20240608T172812,1012.22
CTD_PTSH,20240608T172835,1012.10,8.7757,35.3640,-1.042128
CTD_P,20240608T172836,1012.13
Message,20240608T172838,Deep Descent Mission
CTD_P,20240608T172841,1012.11
CTD_P,20240608T172944,1013.35
CTD_P,20240608T173046,1018.22
CTD_P,20240608T173148,1025.28
CTD_P,20240608T173250,1033.79
CTD_P,20240608T173345,1042.14
CTD_P,20240608T173346,1042.36
CTD_P,20240608T173448,1052.41
CTD_P,20240608T173951,1100.61
CTD_P,20240608T174454,1149.23
CTD_P,20240608T174957,1197.87
CTD_P,20240608T175500,1246.64
CTD_P,20240608T180003,1294.05
CTD_P,20240608T180506,1340.47
CTD_P,20240608T181009,1385.26
CTD_P,20240608T181512,1428.19
CTD_P,20240608T182015,1470.06
CTD_P,20240608T182518,1511.15
CTD_P,20240608T183021,1551.55
CTD_P,20240608T183524,1591.38
CTD_P,20240608T184027,1630.75
CTD_P,20240608T184530,1670.13
CTD_P,20240608T185033,1709.91
CTD_P,20240608T185536,1749.31
CTD_P,20240608T190039,1787.77
CTD_P,20240608T190542,1825.20
CTD_P,20240608T191045,1861.52
CTD_P,20240608T191548,1895.92
CTD_P,20240608T192051,1929.37
CTD_P,20240608T192554,1962.30
CTD_P,20240608T193057,1995.14
CTD_P,20240608T193204,2002.34
Message,20240608T193207,ASCENT
CTD_P,20240608T193210,2002.93
CTD_P,20240608T193248,2006.87
CTD_P,20240608T193411,2013.01
CTD_P,20240608T193412,2013.07
CTD_P,20240608T193513,2015.79
CTD_P,20240608T193600,2017.26
CTD_P,20240608T193701,2016.75
CTD_P,20240608T193747,2015.02
CTD_P,20240608T193848,2010.89
CTD_P,20240608T193932,2007.50
CTD_P,20240608T194033,2001.87
CTD_P,20240608T194056,1999.74
CTD_P,20240608T194058,1999.63
Message,20240608T194059,CP Started
CTD_P,20240608T194134,1996.13
CTD_PTS,20240608T194136,1995.95,3.2353,34.8458
O2,20240608T194225,105.96120,25.36518,3.23870,48.03205,49.39806,57.29344,7.89539,1027.45203,865.36749,748.24487
FLBB,20240608T194228,55,114,567
CTD_P,20240608T194230,1991.03
CTD_P,20240608T194536,1974.65
NO3,20240608T194545,43.38
CTD_P,20240608T194550,1973.45
CTD_P,20240608T195052,1947.76
CTD_P,20240608T195554,1923.18
CTD_P,20240608T200040,1900.32
CTD_P,20240608T200044,1900.03
CTD_P,20240608T200048,1899.73
CTD_PTS,20240608T200050,1899.52,3.5460,34.8685
O2,20240608T200139,97.08808,23.42901,3.54159,48.71265,50.07865,58.02971,7.95106,1040.38794,864.01031,739.41852
FLBB,20240608T200142,57,114,567
CTD_P,20240608T200144,1895.34
CTD_P,20240608T200646,1871.82
CTD_P,20240608T201147,1849.12
CTD_P,20240608T201230,1845.68
CTD_P,20240608T201332,1839.82
CTD_P,20240608T201834,1810.82
CTD_P,20240608T202028,1800.01
CTD_P,20240608T202032,1799.63
CTD_PTS,20240608T202034,1799.43,3.9476,34.9034
O2,20240608T202123,85.43228,20.84095,3.95203,49.67242,51.03842,58.99385,7.95543,1058.31995,861.48669,727.40692
FLBB,20240608T202126,56,115,566
CTD_P,20240608T202128,1794.44
CTD_P,20240608T202337,1782.47
CTD_P,20240608T202839,1755.34
CTD_P,20240608T203341,1729.22
CTD_P,20240608T203843,1704.28
CTD_P,20240608T203936,1700.09
CTD_P,20240608T203940,1699.77
CTD_PTS,20240608T203942,1699.60,4.4245,34.9481
O2,20240608T204031,71.42574,17.64550,4.43407,50.95013,52.31613,60.27408,7.95795,1081.09998,858.26678,713.22540
FLBB,20240608T204034,56,132,566
CTD_P,20240608T204036,1695.34
CTD_P,20240608T204346,1680.69
CTD_P,20240608T204848,1658.21
CTD_P,20240608T205350,1636.34
CTD_P,20240608T205434,1632.91
CTD_P,20240608T205536,1627.10
CTD_P,20240608T210028,1599.57
CTD_PTS,20240608T210030,1599.36,5.0243,35.0004
O2,20240608T210119,56.99913,14.29694,5.01959,52.39412,53.76012,61.71960,7.95949,1105.62500,854.04132,695.89331
FLBB,20240608T210122,55,116,565
CTD_P,20240608T210123,1594.46
CTD_P,20240608T210625,1566.91
CTD_P,20240608T211127,1540.54
CTD_P,20240608T211629,1515.75
CTD_P,20240608T211942,1501.15
CTD_P,20240608T212000,1499.87
CTD_PTS,20240608T212002,1499.73,5.5294,35.0471
O2,20240608T212051,47.04803,11.96095,5.54412,53.46581,54.83181,62.79344,7.96163,1122.82898,850.40009,680.26849
FLBB,20240608T212054,59,116,564
CTD_P,20240608T212055,1495.89
CTD_P,20240608T212132,1493.27
CTD_P,20240608T212634,1472.87
CTD_P,20240608T213136,1453.66
CTD_P,20240608T213218,1450.78
CTD_P,20240608T213320,1445.60
CTD_P,20240608T213822,1419.85
CTD_P,20240608T214217,1399.92
CTD_PTS,20240608T214219,1399.75,6.1474,35.1024
O2,20240608T214308,36.71183,9.47787,6.14946,54.68321,56.04921,64.01004,7.96083,1141.29297,845.79938,662.12378
FLBB,20240608T214311,58,115,563
CTD_P,20240608T214312,1395.25
CTD_P,20240608T214324,1394.24
CTD_P,20240608T214826,1368.58
CTD_P,20240608T215328,1343.24
CTD_P,20240608T215830,1319.19
CTD_P,20240608T220233,1301.23
CTD_P,20240608T220252,1299.90
CTD_PTS,20240608T220254,1299.75,6.7309,35.1601
O2,20240608T220343,27.43814,7.18917,6.73746,55.88867,57.25467,65.21648,7.96181,1158.80103,841.50958,644.38507
FLBB,20240608T220346,58,117,562
CTD_P,20240608T220348,1296.02
CTD_P,20240608T220850,1276.39
CTD_P,20240608T220932,1273.51
CTD_P,20240608T221034,1268.30
CTD_P,20240608T221536,1243.57
CTD_P,20240608T222038,1219.65
CTD_P,20240608T222449,1199.74
CTD_PTS,20240608T222451,1199.58,7.3543,35.2199
O2,20240608T222540,19.68551,5.23925,7.36706,56.97554,58.34154,66.30171,7.96018,1173.83899,836.68848,625.27081
FLBB,20240608T222543,58,116,561
CTD_P,20240608T222545,1195.32
CTD_P,20240608T223047,1171.63
CTD_P,20240608T223129,1168.10
CTD_P,20240608T223231,1161.98
CTD_P,20240608T223733,1132.19
CTD_P,20240608T224235,1103.56
CTD_P,20240608T224315,1099.96
CTD_PTS,20240608T224317,1099.75,7.9898,35.2853
O2,20240608T224406,13.23848,3.57953,8.01025,57.95195,59.31796,67.28554,7.96758,1187.00598,831.88373,605.61792
FLBB,20240608T224409,57,120,560
CTD_P,20240608T224410,1094.98
CTD_P,20240608T224737,1076.88
CTD_P,20240608T225239,1052.03
CTD_P,20240608T225741,1029.46
CTD_P,20240608T230243,1008.26
CTD_P,20240608T230443,1000.27
CTD_P,20240608T230451,999.75
CTD_PTS,20240608T230453,999.60,8.6687,35.3519
O2,20240608T230542,8.08966,2.22342,8.68360,58.78508,60.15108,68.12262,7.97154,1197.48401,826.54993,584.91162
FLBB,20240608T230545,57,120,559
CTD_P,20240608T230546,996.14
CTD_P,20240608T230745,988.52
CTD_P,20240608T230826,985.68
CTD_P,20240608T230928,980.48
CTD_P,20240608T231430,954.81
CTD_P,20240608T231529,949.86
CTD_PTS,20240608T231531,949.69,9.0655,35.3945
O2,20240608T231534,5.55364,1.54021,9.05772,59.22083,60.58683,68.55971,7.97288,1202.93994,823.83868,573.35052
FLBB,20240608T231538,56,117,559
CTD_P,20240608T231539,949.02
CTD_P,20240608T231932,929.39
CTD_P,20240608T232434,903.75
CTD_P,20240608T232521,899.68
CTD_PTS,20240608T232523,899.53,9.4479,35.4278
O2,20240608T232526,4.54335,1.27155,9.43901,59.37770,60.74371,68.71701,7.97331,1204.20898,820.80042,561.52759
FLBB,20240608T232530,55,116,558
CTD_P,20240608T232531,898.83
CTD_P,20240608T232936,878.02
CTD_P,20240608T233438,853.36
CTD_P,20240608T233522,849.85
CTD_PTS,20240608T233524,849.69,9.7712,35.4568
O2,20240608T233527,3.77445,1.06454,9.76357,59.49850,60.86450,68.84254,7.97804,1205.18799,818.22961,551.43219
FLBB,20240608T233531,58,114,558
CTD_P,20240608T233532,849.06
CTD_P,20240608T233940,830.19
CTD_P,20240608T234442,808.96
CTD_P,20240608T234652,800.37
CTD_P,20240608T234700,799.85
CTD_PTS,20240608T234702,799.73,10.1484,35.4953
O2,20240608T234705,3.07199,0.87432,10.14829,59.60494,60.97094,68.95525,7.98431,1205.60303,814.93817,539.42932
FLBB,20240608T234709,58,112,557
CTD_P,20240608T234710,799.20
CTD_P,20240608T234944,789.46
CTD_P,20240608T235026,786.60
CTD_P,20240608T235128,781.44
CTD_P,20240608T235630,756.50
CTD_P,20240608T235751,750.10
CTD_P,20240608T235755,749.78
CTD_PTS,20240608T235757,749.64,10.5593,35.5370
O2,20240608T235800,2.43055,0.69850,10.56182,59.70099,61.06699,69.05469,7.98769,1205.83606,811.71790,526.48468
FLBB,20240608T235804,57,109,556
CTD_P,20240608T235805,748.97
CTD_P,20240609T000132,732.99
CTD_P,20240609T000634,710.28
CTD_P,20240609T000853,700.08
CTD_P,20240609T000857,699.79
CTD_PTS,20240609T000859,699.66,11.0791,35.5958
O2,20240609T000902,2.32621,0.67655,11.07614,59.67964,61.04564,69.04359,7.99795,1204.12097,807.72681,510.32550
FLBB,20240609T000906,56,109,556
CTD_P,20240609T000907,699.03
CTD_P,20240609T001136,688.16
CTD_P,20240609T001218,684.84
CTD_P,20240609T001320,679.02
CTD_P,20240609T001822,650.51
CTD_P,20240609T001830,649.78
CTD_PTS,20240609T001832,649.59,11.3748,35.6061
O2,20240609T001835,2.26182,0.66235,11.37336,59.66851,61.03451,69.03766,8.00315,1203.30798,805.27252,500.95779
FLBB,20240609T001839,56,104,555
CTD_P,20240609T001840,648.87
CTD_P,20240609T002324,623.71
CTD_P,20240609T002754,601.38
CTD_P,20240609T002814,599.79
CTD_PTS,20240609T002816,599.61,11.8856,35.6579
O2,20240609T002819,2.18284,0.64668,11.87935,59.64347,61.00948,69.01868,8.00920,1201.57703,801.33313,484.96329
FLBB,20240609T002823,57,111,554
CTD_P,20240609T002824,599.00
CTD_P,20240609T003326,576.64
CTD_P,20240609T003828,556.47
CTD_P,20240609T004008,550.08
CTD_P,20240609T004012,549.82
CTD_PTS,20240609T004014,549.72,12.2098,35.6504
O2,20240609T004017,2.13665,0.63788,12.21706,59.62561,60.99162,69.00774,8.01612,1200.38403,797.99487,474.25580
FLBB,20240609T004020,54,112,553
CTD_P,20240609T004022,549.18
CTD_P,20240609T004330,537.14
CTD_P,20240609T004410,534.29
CTD_P,20240609T004512,528.82
CTD_P,20240609T005014,501.89
CTD_P,20240609T005038,499.75
CTD_PTS,20240609T005040,499.57,12.7175,35.7174
O2,20240609T005043,2.05005,0.61895,12.71531,59.60379,60.96980,68.99240,8.02261,1198.78198,794.32642,458.41440
FLBB,20240609T005046,57,114,553
CTD_P,20240609T005048,498.87
CTD_P,20240609T005516,475.29
CTD_P,20240609T010006,451.22
CTD_P,20240609T010018,450.33
CTD_P,20240609T010022,450.00
CTD_PTS,20240609T010024,449.85,12.9333,35.6964
O2,20240609T010027,2.00839,0.60931,12.93031,59.59553,60.96153,68.98814,8.02661,1198.36096,792.40979,451.56259
FLBB,20240609T010030,55,117,552
CTD_P,20240609T010032,449.25
CTD_P,20240609T010520,429.33
CTD_P,20240609T011023,409.66
CTD_P,20240609T011255,399.88
CTD_PTS,20240609T011257,399.75,13.5512,35.7646
O2,20240609T011300,1.93178,0.59417,13.54677,59.56264,60.92864,68.95827,8.02962,1196.13403,787.56702,431.86789
FLBB,20240609T011304,58,130,552
CTD_P,20240609T011305,399.25
CTD_P,20240609T011526,390.24
CTD_P,20240609T011606,387.44
CTD_P,20240609T011709,381.96
CTD_P,20240609T012212,356.15
CTD_P,20240609T012328,350.25
CTD_P,20240609T012332,349.95
CTD_PTS,20240609T012334,349.80,14.4237,35.8570
O2,20240609T012337,1.87692,0.58832,14.40624,59.50543,60.87143,68.92151,8.05008,1192.75806,780.78149,404.29501
FLBB,20240609T012340,57,137,551
CTD_P,20240609T012342,349.22
CTD_P,20240609T012715,334.73
CTD_P,20240609T013218,315.37
CTD_P,20240609T013622,300.72
CTD_P,20240609T013637,299.89
CTD_PTS,20240609T013639,299.79,15.2280,35.8637
O2,20240609T013642,1.81770,0.58013,15.23750,59.45211,60.81811,68.88840,8.07029,1188.89099,772.51849,377.51480
FLBB,20240609T013646,57,146,549
CTD_P,20240609T013647,299.35
CTD_P,20240609T013721,297.48
CTD_P,20240609T013801,294.96
CTD_P,20240609T013904,290.07
CTD_P,20240609T013944,286.66
CTD_P,20240609T014046,280.69
CTD_P,20240609T014549,253.72
CTD_P,20240609T014634,250.01
CTD_P,20240609T014638,249.70
CTD_PTS,20240609T014640,249.53,16.3591,35.8442
O2,20240609T014643,1.72216,0.56283,16.34883,59.38597,60.75197,68.83217,8.08020,1183.43103,763.09338,341.56750
FLBB,20240609T014646,56,153,548
CTD_P,20240609T014648,248.89
CTD_P,20240609T015051,228.20
CTD_P,20240609T015554,210.07
CTD_P,20240609T015846,204.36
CTD_P,20240609T020057,200.62
CTD_P,20240609T020122,199.93
CTD_PTS,20240609T020124,199.89,18.5622,35.9178
O2,20240609T020127,1.59625,0.54590,18.53431,59.24314,60.60915,68.71675,8.10760,1171.22595,742.11548,270.53839
FLBB,20240609T020130,55,124,545
CTD_P,20240609T020132,199.67
CTD_P,20240609T020559,194.49
CTD_P,20240609T020639,193.76
CTD_P,20240609T020742,190.60
CTD_P,20240609T020820,188.23
CTD_P,20240609T020922,183.73
CTD_P,20240609T021002,180.67
CTD_P,20240609T021104,175.42
CTD_P,20240609T021607,155.97
CTD_P,20240609T021744,151.18
CTD_P,20240609T021811,149.84
CTD_PTS,20240609T021813,149.75,21.7166,35.9569
O2,20240609T021816,27.10069,9.86097,21.64984,52.30933,53.67533,61.81056,8.13523,1057.62903,712.89697,169.04480
FLBB,20240609T021819,54,117,541
CTD_P,20240609T021821,149.37
CTD_P,20240609T022110,144.22
CTD_P,20240609T022612,141.15
CTD_P,20240609T022650,140.84
CTD_P,20240609T022752,138.28
CTD_P,20240609T022832,136.11
CTD_P,20240609T022934,131.71
CTD_P,20240609T023012,128.83
CTD_P,20240609T023114,123.24
CTD_P,20240609T023534,103.04
CTD_P,20240609T023616,100.45
CTD_P,20240609T023624,99.92
CTD_PTS,20240609T023626,99.80,25.6117,36.4247
O2,20240609T023715,186.63210,73.25076,25.66792,31.38802,32.75402,40.91786,8.16384,615.08911,670.55573,39.09949
FLBB,20240609T023718,71,137,534
CTD_P,20240609T023719,96.50
CTD_P,20240609T023837,91.92
NO3,20240609T023847,4.05
CTD_P,20240609T023851,91.13
CTD_P,20240609T023913,89.89
CTD_PTS,20240609T023915,89.80,25.9032,36.3968
O2,20240609T024004,194.72000,76.78902,25.92799,30.78615,32.15215,40.31897,8.16682,599.70770,667.19238,30.76600
FLBB,20240609T024007,83,136,533
CTD_P,20240609T024008,86.95
CTD_P,20240609T024118,83.22
CTD_P,20240609T024221,80.09
CTD_P,20240609T024225,79.92
CTD_PTS,20240609T024227,79.84,26.1105,36.3891
O2,20240609T024316,203.64810,80.64008,26.15342,30.17601,31.54201,39.70787,8.16586,584.67389,665.01141,23.55230
FLBB,20240609T024319,94,140,533
CTD_P,20240609T024320,77.44
CTD_P,20240609T024549,71.69
CTD_P,20240609T024621,70.58
CTD_P,20240609T024638,69.95
CTD_PTS,20240609T024640,69.88,26.5302,36.3803
O2,20240609T024729,219.53600,87.58619,26.56758,29.15560,30.52160,38.68651,8.16491,559.14069,661.22809,10.32424
FLBB,20240609T024732,140,146,532
CTD_P,20240609T024734,67.06
CTD_P,20240609T024738,66.83
CTD_P,20240609T024840,63.39
CTD_P,20240609T024918,61.16
CTD_P,20240609T024940,59.73
CTD_PTS,20240609T024942,59.61,27.0473,36.3262
O2,20240609T025031,237.21519,95.62331,27.14223,28.07371,29.43970,37.60612,8.16642,531.88812,656.61029,-7.97403
FLBB,20240609T025034,79,151,531
CTD_P,20240609T025035,56.35
CTD_P,20240609T025114,53.89
CTD_P,20240609T025216,49.63
CTD_PTS,20240609T025218,49.51,27.5995,36.2521
O2,20240609T025307,251.73950,102.75650,27.84391,27.17238,28.53838,36.70551,8.16714,508.90421,650.89490,-30.22243
FLBB,20240609T025310,66,174,531
CTD_P,20240609T025312,46.31
CTD_P,20240609T025314,46.20
CTD_PTS,20240609T025316,46.10,27.9320,36.2418
O2,20240609T025318,252.71700,103.24630,27.89351,27.11315,28.47915,36.63548,8.15633,507.56601,646.35968,-31.79088
FLBB,20240609T025321,65,160,531
CTD_P,20240609T025323,45.75
CTD_P,20240609T025326,45.61
CTD_PTS,20240609T025328,45.50,27.9913,36.2380
O2,20240609T025330,253.39980,103.63510,27.95328,27.06308,28.42908,36.59489,8.16582,506.06970,649.56818,-33.68024
FLBB,20240609T025334,65,194,530
CTD_P,20240609T025336,45.05
CTD_P,20240609T025340,44.83
CTD_PTS,20240609T025342,44.73,28.0527,36.2390
O2,20240609T025344,253.91701,103.96570,28.01796,27.01843,28.38443,36.54996,8.16553,504.91010,649.07483,-35.72420
FLBB,20240609T025348,63,165,530
CTD_P,20240609T025350,44.23
CTD_P,20240609T025354,43.99
CTD_P,20240609T025358,43.71
CTD_PTS,20240609T025400,43.58,28.2426,36.2406
O2,20240609T025403,254.36040,104.47560,28.19585,26.93730,28.30330,36.47057,8.16727,502.73599,648.46613,-41.34005
FLBB,20240609T025406,64,161,530
CTD_P,20240609T025408,42.99
CTD_P,20240609T025412,42.74
CTD_PTS,20240609T025414,42.58,28.3319,36.2358
O2,20240609T025417,255.69150,105.18230,28.28200,26.85151,28.21751,36.38480,8.16729,500.49841,647.47998,-44.05690
FLBB,20240609T025420,62,169,530
CTD_P,20240609T025422,42.00
CTD_P,20240609T025426,41.70
CTD_PTS,20240609T025428,41.55,28.3710,36.2350
O2,20240609T025431,256.77319,105.72280,28.33326,26.78872,28.15472,36.31960,8.16487,498.89429,646.65747,-45.67285
FLBB,20240609T025434,62,168,530
CTD_P,20240609T025436,40.97
CTD_P,20240609T025440,40.68
CTD_PTS,20240609T025442,40.55,28.3925,36.2351
O2,20240609T025445,257.45490,106.06090,28.36396,26.74989,28.11589,36.27037,8.15448,498.01181,642.23792,-46.64020
FLBB,20240609T025448,65,170,529
CTD_P,20240609T025450,39.96
CTD_P,20240609T025452,39.82
CTD_PTS,20240609T025454,39.65,28.4316,36.2338
O2,20240609T025456,257.54651,106.16990,28.40206,26.73289,28.09888,36.26401,8.16512,497.41000,645.44049,-47.84063
FLBB,20240609T025500,63,169,529
CTD_P,20240609T025502,39.04
CTD_P,20240609T025506,38.72
CTD_PTS,20240609T025508,38.58,28.4606,36.2353
O2,20240609T025510,257.80331,106.34020,28.43647,26.71038,28.07638,36.24173,8.16535,496.71210,645.20911,-48.92442
FLBB,20240609T025514,64,172,529
CTD_P,20240609T025516,37.94
CTD_P,20240609T025518,37.77
CTD_PTS,20240609T025520,37.59,28.5023,36.2338
O2,20240609T025522,257.98669,106.49100,28.47653,26.68896,28.05496,36.21983,8.16487,496.10349,644.83832,-50.18573
FLBB,20240609T025526,62,165,529
CTD_P,20240609T025528,36.85
CTD_P,20240609T025530,36.70
CTD_PTS,20240609T025532,36.52,28.6187,36.2250
O2,20240609T025535,257.97659,106.70390,28.59228,26.64936,28.01536,36.17985,8.16449,494.98721,644.43488,-53.82794
FLBB,20240609T025538,63,166,529
CTD_P,20240609T025540,35.77
CTD_P,20240609T025542,35.56
CTD_P,20240609T025546,35.18
CTD_PTS,20240609T025548,35.01,28.8933,36.2284
O2,20240609T025551,258.49210,107.35170,28.82340,26.54873,27.91473,36.08087,8.16614,492.45810,643.57257,-61.09111
FLBB,20240609T025554,62,167,529
CTD_P,20240609T025556,34.26
CTD_P,20240609T025600,33.93
CTD_PTS,20240609T025602,33.72,29.0145,36.2290
O2,20240609T025605,259.23120,107.89420,28.94818,26.47595,27.84195,35.99686,8.15491,490.61761,638.60529,-65.00682
FLBB,20240609T025608,63,168,529
CTD_P,20240609T025610,33.06
CTD_P,20240609T025614,32.70
CTD_PTS,20240609T025616,32.55,29.2287,36.2220
O2,20240609T025619,259.15341,108.25300,29.15536,26.40849,27.77449,35.93858,8.16409,488.61349,641.18622,-71.49973
FLBB,20240609T025622,62,179,529
CTD_P,20240609T025624,31.90
CTD_P,20240609T025628,31.59
CTD_PTS,20240609T025630,31.44,30.2564,36.3939
O2,20240609T025633,252.46370,107.46530,30.24305,26.31554,27.68154,35.84528,8.16374,486.05670,639.60168,-105.40430
FLBB,20240609T025636,64,181,528
CTD_P,20240609T025638,30.84
CTD_P,20240609T025642,30.58
CTD_PTS,20240609T025644,30.46,30.9469,36.5001
O2,20240609T025647,244.26460,104.77020,30.68683,26.51313,27.87913,36.03402,8.15489,490.37079,631.57458,-119.14510
FLBB,20240609T025650,62,165,528
CTD_P,20240609T025652,30.00
CTD_P,20240609T025656,29.81
CTD_PTS,20240609T025658,29.71,31.1102,36.5627
O2,20240609T025701,239.42560,103.13010,30.93440,26.64100,28.00700,36.16229,8.15530,493.03799,627.34387,-126.78660
FLBB,20240609T025704,55,148,528
CTD_P,20240609T025706,29.34
CTD_P,20240609T025710,29.21
CTD_P,20240609T025714,29.01
CTD_P,20240609T025718,28.91
CTD_PTS,20240609T025720,28.83,31.1465,36.5775
O2,20240609T025723,236.45360,102.05890,31.05461,26.73273,28.09872,36.26928,8.17056,494.51901,627.38202,-130.49040
FLBB,20240609T025726,56,146,528
CTD_P,20240609T025728,28.56
CTD_P,20240609T025732,28.41
CTD_P,20240609T025740,28.14
CTD_P,20240609T025744,27.99
CTD_PTS,20240609T025746,27.92,31.1633,36.5847
O2,20240609T025749,235.78130,101.83560,31.09318,26.74992,28.11592,36.28937,8.17345,494.48590,625.03271,-131.67790
FLBB,20240609T025752,56,142,528
CTD_P,20240609T025754,27.64
CTD_P,20240609T025812,26.98
CTD_PTS,20240609T025814,26.89,31.1577,36.5900
O2,20240609T025817,235.35960,101.72800,31.13616,26.75445,28.12045,36.29581,8.17536,494.39490,623.40918,-133.00070
FLBB,20240609T025820,54,144,527
CTD_P,20240609T025822,26.59
CTD_P,20240609T025839,25.87
CTD_PTS,20240609T025841,25.80,31.1988,36.6025
O2,20240609T025844,235.12270,101.69820,31.17814,26.75102,28.11702,36.29250,8.17548,494.21460,622.37848,-134.29240
FLBB,20240609T025847,54,141,527
CTD_P,20240609T025849,25.44
CTD_P,20240609T025903,24.76
CTD_PTS,20240609T025905,24.69,31.1824,36.5961
O2,20240609T025908,234.97459,101.63630,31.17942,26.75726,28.12326,36.29974,8.17648,494.21851,621.61322,-134.33189
FLBB,20240609T025911,54,145,527
CTD_P,20240609T025913,24.26
CTD_P,20240609T025922,23.86
CTD_PTS,20240609T025924,23.76,31.1953,36.6030
O2,20240609T025927,234.88429,101.62350,31.19458,26.75625,28.12225,36.29822,8.17597,494.16180,621.16522,-134.79800
FLBB,20240609T025930,53,139,527
CTD_P,20240609T025932,23.37
CTD_P,20240609T025944,22.70
CTD_PTS,20240609T025946,22.62,31.1974,36.6024
O2,20240609T025949,234.87970,101.63430,31.20198,26.75397,28.11996,36.29507,8.17510,494.10580,620.77148,-135.02570
FLBB,20240609T025952,54,137,527
CTD_P,20240609T025954,22.16
CTD_P,20240609T025958,21.94
CTD_PTS,20240609T030000,21.84,31.1988,36.6055
O2,20240609T030003,234.77431,101.59600,31.20624,26.75729,28.12329,36.29698,8.17369,494.10269,620.46417,-135.15649
FLBB,20240609T030006,55,140,526
CTD_P,20240609T030008,21.38
CTD_P,20240609T030018,20.79
CTD_PTS,20240609T030020,20.70,31.1917,36.6005
O2,20240609T030023,234.78180,101.59180,31.20195,26.75840,28.12440,36.29908,8.17468,494.04639,620.26990,-135.02470
FLBB,20240609T030026,56,140,526
CTD_P,20240609T030028,20.26
CTD_P,20240609T030036,19.82
CTD_PTS,20240609T030038,19.73,31.2023,36.6059
O2,20240609T030041,234.76469,101.59430,31.20764,26.75725,28.12325,36.29712,8.17387,494.00189,620.11511,-135.19971
FLBB,20240609T030044,53,143,526
CTD_P,20240609T030046,19.31
CTD_P,20240609T030055,18.84
CTD_PTS,20240609T030057,18.73,31.2070,36.6074
O2,20240609T030100,234.73360,101.59210,31.21415,26.75648,28.12247,36.29701,8.17454,494.02310,619.98102,-135.39970
FLBB,20240609T030103,53,146,526
CTD_P,20240609T030105,18.38
CTD_P,20240609T030114,17.95
CTD_PTS,20240609T030116,17.85,31.2064,36.6073
O2,20240609T030119,234.67261,101.56730,31.21506,26.75892,28.12492,36.29765,8.17272,494.02170,619.82269,-135.42770
FLBB,20240609T030122,53,139,526
CTD_P,20240609T030124,17.51
CTD_P,20240609T030136,16.99
CTD_PTS,20240609T030138,16.88,31.1994,36.6071
O2,20240609T030141,234.68130,101.57140,31.21530,26.75845,28.12445,36.29859,8.17414,493.94440,619.75647,-135.43530
FLBB,20240609T030144,54,149,525
CTD_P,20240609T030146,16.55
CTD_P,20240609T030159,15.95
CTD_PTS,20240609T030201,15.86,31.2053,36.6065
O2,20240609T030204,234.65500,101.56140,31.21608,26.75937,28.12537,36.29850,8.17313,493.98599,619.71118,-135.45920
FLBB,20240609T030207,52,139,525
CTD_P,20240609T030209,15.53
CTD_P,20240609T030223,14.90
CTD_PTS,20240609T030225,14.83,31.2048,36.6077
O2,20240609T030228,234.74271,101.59740,31.21497,26.75579,28.12179,36.29475,8.17297,493.94049,619.65039,-135.42509
FLBB,20240609T030231,54,146,525
CTD_P,20240609T030233,14.48
CTD_P,20240609T030246,13.86
CTD_PTS,20240609T030248,13.79,31.2057,36.6069
O2,20240609T030251,234.79320,101.62180,31.21643,26.75302,28.11902,36.29311,8.17409,493.88589,619.63092,-135.47009
FLBB,20240609T030254,56,225,525
CTD_P,20240609T030256,13.43
CTD_P,20240609T030308,12.81
CTD_PTS,20240609T030310,12.71,31.2045,36.6083
O2,20240609T030313,234.68520,101.57350,31.21547,26.75821,28.12421,36.29522,8.17101,493.90750,619.59808,-135.44060
FLBB,20240609T030316,53,140,525
CTD_P,20240609T030318,12.34
CTD_P,20240609T030328,11.89
CTD_PTS,20240609T030330,11.80,31.2042,36.6077
O2,20240609T030333,234.77710,101.61820,31.21834,26.75310,28.11910,36.29069,8.17159,493.79599,619.52417,-135.52879
FLBB,20240609T030336,53,143,525
CTD_P,20240609T030338,11.47
CTD_P,20240609T030351,10.94
CTD_PTS,20240609T030353,10.86,31.2068,36.6086
O2,20240609T030356,234.77400,101.62110,31.22083,26.75241,28.11841,36.28976,8.17135,493.73590,619.54950,-135.60510
FLBB,20240609T030359,53,141,525
CTD_P,20240609T030401,10.52
CTD_P,20240609T030415,9.91
CTD_PTS,20240609T030417,9.82,31.2063,36.6083
O2,20240609T030420,234.82880,101.65210,31.22503,26.74853,28.11452,36.28500,8.17047,493.58829,619.52368,-135.73430
FLBB,20240609T030423,56,141,524
CTD_P,20240609T030425,9.44
CTD_P,20240609T030438,8.90
CTD_PTS,20240609T030440,8.81,31.2079,36.6072
O2,20240609T030443,234.90109,101.68580,31.22642,26.74480,28.11080,36.28007,8.16927,493.54831,619.53967,-135.77721
FLBB,20240609T030446,54,139,524
CTD_P,20240609T030448,8.45
CTD_P,20240609T030501,7.80
CTD_PTS,20240609T030503,7.70,31.2051,36.6057
O2,20240609T030506,234.96210,101.71010,31.22519,26.74246,28.10846,36.27872,8.17026,493.47830,619.53857,-135.73930
FLBB,20240609T030509,54,143,524
CTD_P,20240609T030511,7.33
CTD_P,20240609T030521,6.84
CTD_PTS,20240609T030523,6.74,31.2043,36.6059
O2,20240609T030526,234.87801,101.67210,31.22423,26.74657,28.11257,36.28084,8.16827,493.46921,619.53949,-135.70979
FLBB,20240609T030529,53,141,524
CTD_P,20240609T030531,6.36
CTD_P,20240609T030541,5.85
CTD_PTS,20240609T030543,5.74,31.2028,36.6070
O2,20240609T030546,235.08420,101.75580,31.22105,26.73835,28.10435,36.27306,8.16872,493.34009,619.54413,-135.61189
FLBB,20240609T030549,54,147,524
CTD_P,20240609T030551,5.41
CTD_P,20240609T030605,4.74
CTD_P,20240609T030619,4.05
CTD_P,20240609T030623,3.84
Message,20240609T030627,CP Stopped
CTD_P,20240609T030637,3.15
Message,20240609T030639,Surface Mission
CTD_P,20240609T030642,2.89
CTD_P,20240609T030644,2.80
O2,20240609T030647,235.32010,101.83880,31.21004,26.73142,28.09742,36.26530,8.16788,493.21649,619.63922,-135.27361
CTD_P,20240609T030648,2.56
O2,20240609T030702,235.22090,101.79550,31.20981,26.73596,28.10196,36.26894,8.16698,493.22491,619.56158,-135.26640
CTD_P,20240609T030703,1.65
O2,20240609T030718,235.27370,101.81450,31.20758,26.73433,28.10033,36.26719,8.16685,493.22711,619.60577,-135.19769
CTD_P,20240609T030719,0.88
O2,20240609T030732,235.31149,101.83580,31.21047,26.73166,28.09766,36.26254,8.16487,493.19009,619.57739,-135.28680
CTD_P,20240609T030733,0.25
O2,20240609T030747,233.38631,101.00260,31.21041,26.81879,28.18479,36.34904,8.16425,495.38629,619.56342,-135.28490
CTD_P,20240609T030749,0.17
O2,20240609T030802,234.23410,101.20430,31.11458,26.81255,28.17855,36.33897,8.16042,495.09830,619.60919,-132.33681
CTD_P,20240609T030803,-0.07
O2,20240609T030817,234.38150,101.41230,31.19824,26.77773,28.14373,36.30386,8.16013,494.31720,619.76648,-134.91060
CTD_P,20240609T030819,-0.05
O2,20240609T030832,233.89000,101.17140,31.18185,26.80552,28.17152,36.33194,8.16042,494.92389,619.74579,-134.40640
CTD_P,20240609T030833,0.01
O2,20240609T030847,234.55830,101.50530,31.20781,26.76652,28.13252,36.29123,8.15871,494.02579,619.92340,-135.20480
CTD_P,20240609T030848,0.03
O2,20240609T030903,234.35530,101.39720,31.19611,26.77964,28.14564,36.30570,8.16006,494.32510,619.91309,-134.84500
CTD_P,20240609T030904,-0.16
CTD_P,20240609T031228,0.08
O2,20240609T031232,232.09790,99.79752,30.83105,27.00609,28.37209,36.55824,8.18615,500.27301,624.33038,-123.59880
CTD_P,20240609T031233,-0.23
O2,20240609T031246,232.95770,99.90578,30.67823,27.01861,28.38461,36.55647,8.17187,500.50870,623.65259,-118.87930
CTD_P,20240609T031247,-0.28
O2,20240609T031301,236.29170,100.40930,30.14359,27.04954,28.41553,36.58219,8.16666,501.50720,623.61157,-102.31740
CTD_P,20240609T031303,-0.01
O2,20240609T031316,237.95860,100.80550,29.96436,27.03591,28.40191,36.56390,8.16199,501.15521,623.74463,-96.74725
CTD_P,20240609T031317,-0.26
O2,20240609T031331,237.18950,100.57640,30.02010,27.05138,28.41738,36.57750,8.16012,501.63550,624.58698,-98.48053
CTD_P,20240609T031333,-0.27
O2,20240609T031346,235.49091,100.17110,30.20276,27.06556,28.43156,36.59395,8.16239,501.86230,624.56171,-104.15430
CTD_P,20240609T031347,-0.25
O2,20240609T031401,236.13280,100.16800,30.04304,27.09131,28.45731,36.61698,8.15967,502.62299,625.07538,-99.19365
CTD_P,20240609T031402,-0.12
O2,20240609T031417,239.40260,101.12100,29.79522,27.02942,28.39542,36.55400,8.15858,500.91330,625.94409,-91.48309
CTD_P,20240609T031418,-0.28
O2,20240609T031431,235.52341,100.13160,30.17188,27.07469,28.44069,36.59991,8.15923,502.05820,625.88611,-103.19560
CTD_P,20240609T031432,-0.19
O2,20240609T031446,238.25281,100.72600,29.84724,27.06302,28.42902,36.58854,8.15952,501.85620,626.75610,-93.10307
CTD_P,20240609T031448,-0.22
CTD_P,20240609T031449,-0.25
CTD_P,20240609T031515,-0.28
CTD_bins,20240609T031916,26705,1000,1998.950
CTD_CP_H,20240609T031935,4.31,31.1994,36.6061,27,-1.003064,14
CTD_CP_H,20240609T031935,5.94,31.2028,36.6064,42,-1.003070,21
CTD_CP_H,20240609T031935,8.01,31.2045,36.6075,43,-1.003086,21
CTD_CP_H,20240609T031935,10.01,31.2058,36.6086,46,-1.003128,23
CTD_CP_H,20240609T031935,11.95,31.2045,36.6081,45,-1.003152,23
CTD_CP_H,20240609T031936,14.02,31.2051,36.6075,44,-1.003163,22
CTD_CP_H,20240609T031936,16.01,31.2041,36.6066,45,-1.003167,22
CTD_CP_H,20240609T031936,17.98,31.2057,36.6078,44,-1.003187,22
CTD_CP_H,20240609T031936,19.99,31.1980,36.6041,37,-1.003216,19
CTD_CP_H,20240609T031936,22.02,31.1974,36.6031,36,-1.003234,18
CTD_CP_H,20240609T031936,24.03,31.1915,36.6006,40,-1.003240,20
CTD_CP_H,20240609T031936,26.04,31.1751,36.5957,47,-1.003266,23
CTD_CP_H,20240609T031936,28.01,31.1406,36.5815,56,-1.003290,28
CTD_CP_H,20240609T031936,29.88,31.0199,36.5372,40,-1.003367,20
CTD_CP_H,20240609T031936,31.99,29.6859,36.2862,25,-1.003568,13
CTD_CP_H,20240609T031936,33.96,29.0041,36.2277,22,-1.003780,11
CTD_CP_H,20240609T031936,35.98,28.7347,36.2258,22,-1.003916,11
CTD_CP_H,20240609T031936,38.03,28.4826,36.2347,24,-1.004072,12
CTD_CP_H,20240609T031937,40.02,28.4150,36.2349,27,-1.004147,13
CTD_CP_H,20240609T031937,42.02,28.3519,36.2353,28,-1.004207,14
CTD_CP_H,20240609T031937,44.05,28.1612,36.2381,30,-1.004356,15
CTD_CP_H,20240609T031937,45.97,27.9487,36.2421,38,-1.004601,19
CTD_CP_H,20240609T031937,48.00,27.7732,36.2503,34,-1.004817,17
CTD_CP_H,20240609T031937,49.99,27.5717,36.2555,30,-1.005145,15
CTD_CP_H,20240609T031937,51.98,27.4409,36.2719,30,-1.005360,15
CTD_CP_H,20240609T031937,54.05,27.3145,36.2899,28,-1.005653,14
CTD_CP_H,20240609T031937,56.01,27.2153,36.2985,33,-1.005845,17
CTD_CP_H,20240609T031937,57.97,27.1138,36.3105,32,-1.005958,16
CTD_CP_H,20240609T031937,59.96,27.0310,36.3267,32,-1.006104,16
CTD_CP_H,20240609T031937,62.04,26.8660,36.3522,33,-1.006456,16
CTD_CP_H,20240609T031937,64.00,26.7514,36.3709,37,-1.006870,19
CTD_CP_H,20240609T031937,66.00,26.6463,36.3906,36,-1.007243,18
CTD_CP_H,20240609T031938,67.99,26.5826,36.3929,35,-1.007450,17
CTD_CP_H,20240609T031938,70.07,26.5130,36.3765,51,-1.007500,25
CTD_CP_H,20240609T031938,72.00,26.3523,36.3509,55,-1.007808,28
CTD_CP_H,20240609T031938,73.99,26.2990,36.3725,54,-1.008209,27
CTD_CP_H,20240609T031938,75.99,26.2402,36.3841,48,-1.008721,24
CTD_CP_H,20240609T031938,77.97,26.1666,36.3867,47,-1.008875,24
CTD_CP_H,20240609T031938,80.00,26.1019,36.3887,42,-1.009027,21
CTD_CP_H,20240609T031938,82.01,26.0270,36.3823,41,-1.009072,20
CTD_CP_H,20240609T031938,84.02,25.9708,36.3800,37,-1.009139,19
CTD_CP_H,20240609T031938,85.98,25.9444,36.3904,37,-1.009504,18
CTD_CP_H,20240609T031938,87.98,25.9379,36.3956,38,-1.009737,19
CTD_CP_H,20240609T031938,89.99,25.8948,36.3981,36,-1.009962,18
CTD_CP_H,20240609T031938,92.01,25.8250,36.4005,36,-1.010178,18
CTD_CP_H,20240609T031939,94.03,25.7746,36.4006,34,-1.010139,17
CTD_CP_H,20240609T031939,96.01,25.7210,36.4070,33,-1.010379,17
CTD_CP_H,20240609T031939,98.00,25.6622,36.4162,32,-1.010637,16
CTD_CP_H,20240609T031939,100.01,25.6087,36.4252,32,-1.010633,16
CTD_CP_H,20240609T031939,102.00,25.5754,36.4352,32,-1.010555,16
CTD_CP_H,20240609T031939,103.99,25.5880,36.4575,30,-1.010030,15
CTD_CP_H,20240609T031939,106.00,25.4583,36.4744,28,-1.010241,14
CTD_CP_H,20240609T031939,107.98,25.3587,36.4762,28,-1.010643,14
CTD_CP_H,20240609T031939,110.02,25.1933,36.4589,28,-1.011229,14
CTD_CP_H,20240609T031939,112.00,25.1385,36.4591,25,-1.011460,12
CTD_CP_H,20240609T031939,113.98,25.0580,36.4579,25,-1.011652,13
CTD_CP_H,20240609T031939,115.96,25.0135,36.4678,24,-1.011599,12
CTD_CP_H,20240609T031939,117.97,24.9156,36.4625,24,-1.012056,12
CTD_CP_H,20240609T031939,119.98,24.8409,36.4772,23,-1.012564,11
CTD_CP_H,20240609T031940,122.00,24.8399,36.4883,23,-1.012700,12
CTD_CP_H,20240609T031940,124.01,24.8358,36.4937,22,-1.012890,11
CTD_CP_H,20240609T031940,125.99,24.7717,36.4857,22,-1.013150,11
CTD_CP_H,20240609T031940,128.02,24.6303,36.4576,23,-1.013557,11
CTD_CP_H,20240609T031940,130.04,24.4545,36.4240,25,-1.014482,13
CTD_CP_H,20240609T031940,131.99,24.3582,36.3965,29,-1.015236,14
CTD_CP_H,20240609T031940,134.01,24.1710,36.3579,28,-1.016235,14
CTD_CP_H,20240609T031940,136.06,23.8323,36.3125,30,-1.017548,15
CTD_CP_H,20240609T031940,138.04,23.6686,36.2866,42,-1.018374,21
CTD_CP_H,20240609T031940,140.16,23.4035,36.2489,56,-1.019772,28
CTD_CP_H,20240609T031940,141.67,23.0426,36.1957,250,-1.021380,125
CTD_CP_H,20240609T031940,143.90,22.4844,36.0916,117,-1.024217,59
CTD_CP_H,20240609T031940,145.96,22.2776,36.0454,72,-1.025654,36
CTD_CP_H,20240609T031941,147.96,22.0499,36.0036,52,-1.027032,26
CTD_CP_H,20240609T031941,149.99,21.6800,35.9551,41,-1.028541,20
CTD_CP_H,20240609T031941,151.99,21.4324,35.9282,39,-1.029507,20
CTD_CP_H,20240609T031941,154.01,21.2759,35.9202,41,-1.030032,20
CTD_CP_H,20240609T031941,156.00,21.2404,35.9189,42,-1.030160,21
CTD_CP_H,20240609T031941,157.96,21.1239,35.8988,37,-1.030464,19
CTD_CP_H,20240609T031941,159.96,20.8848,35.8774,34,-1.031057,17
CTD_CP_H,20240609T031941,162.01,20.6746,35.9271,31,-1.031678,15
CTD_CP_H,20240609T031941,164.00,20.5457,35.9215,31,-1.031967,16
CTD_CP_H,20240609T031941,165.99,20.4521,35.9158,31,-1.032187,15
CTD_CP_H,20240609T031941,168.02,20.3270,35.9048,29,-1.032495,15
CTD_CP_H,20240609T031941,170.01,20.1593,35.8939,29,-1.032829,14
CTD_CP_H,20240609T031941,171.98,20.0383,35.8792,28,-1.033083,14
CTD_CP_H,20240609T031941,173.95,19.8993,35.8668,26,-1.033333,13
CTD_CP_H,20240609T031942,176.00,19.7151,35.8633,25,-1.033682,13
CTD_CP_H,20240609T031942,178.03,19.4822,35.8386,23,-1.033948,11
CTD_CP_H,20240609T031942,179.99,19.4021,35.8341,23,-1.034119,12
CTD_CP_H,20240609T031942,182.00,19.3822,35.8683,26,-1.034156,13
CTD_CP_H,20240609T031942,183.99,19.3212,35.8969,28,-1.034300,14
CTD_CP_H,20240609T031942,185.98,19.2054,35.9005,27,-1.034487,13
CTD_CP_H,20240609T031942,188.01,19.0694,35.9073,29,-1.034666,15
CTD_CP_H,20240609T031942,190.04,19.0073,35.9218,34,-1.034721,17
CTD_CP_H,20240609T031942,192.02,18.9473,35.9292,37,-1.034786,18
CTD_CP_H,20240609T031942,194.26,18.8527,35.9288,96,-1.034898,49
CTD_CP_H,20240609T031942,195.93,18.7922,35.9271,113,-1.035001,56
CTD_CP_H,20240609T031942,197.97,18.6497,35.9277,90,-1.035165,45
CTD_CP_H,20240609T031942,199.99,18.5486,35.9184,76,-1.035288,38
CTD_CP_H,20240609T031943,202.01,18.4183,35.9076,69,-1.035506,34
CTD_CP_H,20240609T031943,203.98,18.3038,35.8947,69,-1.035592,35
CTD_CP_H,20240609T031943,206.00,18.2007,35.8913,62,-1.035738,31
CTD_CP_H,20240609T031943,207.98,18.0712,35.8887,58,-1.035890,29
CTD_CP_H,20240609T031943,209.98,17.9107,35.8898,56,-1.036090,28
CTD_CP_H,20240609T031943,211.93,17.7663,35.8823,44,-1.036275,22
CTD_CP_H,20240609T031943,213.97,17.4956,35.8756,38,-1.036596,19
CTD_CP_H,20240609T031943,216.00,17.3127,35.8738,33,-1.036790,16
CTD_CP_H,20240609T031943,217.99,17.2171,35.8717,31,-1.036882,16
CTD_CP_H,20240609T031943,219.98,17.1576,35.8711,30,-1.036944,15
CTD_CP_H,20240609T031943,221.99,17.1151,35.8715,30,-1.036997,15
CTD_CP_H,20240609T031943,224.01,17.0859,35.8749,28,-1.037009,14
CTD_CP_H,20240609T031943,226.00,17.0573,35.8744,28,-1.037025,14
CTD_CP_H,20240609T031943,227.98,17.0316,35.8704,25,-1.037090,12
CTD_CP_H,20240609T031944,229.99,16.8105,35.8721,24,-1.037347,12
CTD_CP_H,20240609T031944,232.01,16.7369,35.8698,24,-1.037436,12
CTD_CP_H,20240609T031944,234.01,16.6910,35.8636,22,-1.037475,11
CTD_CP_H,20240609T031944,236.00,16.6169,35.8548,23,-1.037509,12
CTD_CP_H,20240609T031944,238.01,16.5567,35.8503,22,-1.037611,11
CTD_CP_H,20240609T031944,239.99,16.5050,35.8490,23,-1.037667,11
CTD_CP_H,20240609T031944,241.98,16.4794,35.8492,23,-1.037697,12
CTD_CP_H,20240609T031944,243.96,16.4671,35.8499,24,-1.037704,12
CTD_CP_H,20240609T031944,245.97,16.4450,35.8486,25,-1.037734,12
CTD_CP_H,20240609T031944,248.00,16.3914,35.8457,25,-1.037786,13
CTD_CP_H,20240609T031944,249.99,16.3423,35.8435,24,-1.037825,12
CTD_CP_H,20240609T031944,251.97,16.2824,35.8458,24,-1.037883,12
CTD_CP_H,20240609T031944,253.98,16.2340,35.8555,25,-1.037890,12
CTD_CP_H,20240609T031945,255.99,16.2005,35.8587,24,-1.037941,12
CTD_CP_H,20240609T031945,257.97,16.1725,35.8828,23,-1.037953,12
CTD_CP_H,20240609T031945,259.99,16.1445,35.8850,24,-1.037991,12
CTD_CP_H,20240609T031945,262.01,16.1271,35.8873,23,-1.037999,11
CTD_CP_H,20240609T031945,264.01,16.1046,35.8898,23,-1.037998,12
CTD_CP_H,20240609T031945,265.98,16.0644,35.8931,22,-1.038003,11
CTD_CP_H,20240609T031945,267.98,15.9993,35.8920,23,-1.038076,11
CTD_CP_H,20240609T031945,270.01,15.9545,35.8955,22,-1.038088,11
CTD_CP_H,20240609T031945,272.00,15.9395,35.8995,22,-1.038114,11
CTD_CP_H,20240609T031945,274.02,15.8861,35.9085,22,-1.038103,11
CTD_CP_H,20240609T031945,276.01,15.8829,35.9191,21,-1.038121,11
CTD_CP_H,20240609T031945,277.99,15.8515,35.9258,21,-1.038135,10
CTD_CP_H,20240609T031945,279.97,15.7439,35.9217,20,-1.038239,10
CTD_CP_H,20240609T031945,281.95,15.6923,35.9183,21,-1.038267,11
CTD_CP_H,20240609T031946,283.98,15.6132,35.9153,21,-1.038333,10
CTD_CP_H,20240609T031946,286.00,15.5800,35.9154,21,-1.038365,11
CTD_CP_H,20240609T031946,288.02,15.5664,35.9171,23,-1.038390,11
CTD_CP_H,20240609T031946,289.98,15.4973,35.9065,25,-1.038453,13
CTD_CP_H,20240609T031946,291.99,15.4362,35.8949,26,-1.038530,13
CTD_CP_H,20240609T031946,294.03,15.3482,35.8830,26,-1.038617,13
CTD_CP_H,20240609T031946,296.04,15.3166,35.8774,31,-1.038637,15
CTD_CP_H,20240609T031946,298.01,15.2951,35.8729,37,-1.038686,19
CTD_CP_H,20240609T031946,300.04,15.2303,35.8635,36,-1.038767,18
CTD_CP_H,20240609T031946,302.03,15.2387,35.8734,35,-1.038734,17
CTD_CP_H,20240609T031946,304.01,15.2691,35.8983,33,-1.038678,17
CTD_CP_H,20240609T031946,305.99,15.2565,35.9035,34,-1.038690,17
CTD_CP_H,20240609T031946,307.99,15.2166,35.9024,33,-1.038729,16
CTD_CP_H,20240609T031947,310.00,15.1836,35.9045,33,-1.038738,17
CTD_CP_H,20240609T031947,311.99,15.1610,35.9040,32,-1.038761,16
CTD_CP_H,20240609T031947,314.00,15.1405,35.9073,33,-1.038745,16
CTD_CP_H,20240609T031947,316.01,15.1501,35.9168,32,-1.038727,16
CTD_CP_H,20240609T031947,317.99,15.1795,35.9354,32,-1.038614,16
CTD_CP_H,20240609T031947,319.99,15.2089,35.9570,32,-1.038537,16
CTD_CP_H,20240609T031947,321.98,15.1970,35.9566,32,-1.038553,16
CTD_CP_H,20240609T031947,323.99,15.1188,35.9433,31,-1.038678,16
CTD_CP_H,20240609T031947,325.99,15.0131,35.9288,31,-1.038729,15
CTD_CP_H,20240609T031947,328.00,14.9486,35.9175,31,-1.038812,16
CTD_CP_H,20240609T031947,330.02,14.8835,35.9121,30,-1.038869,15
CTD_CP_H,20240609T031947,331.99,14.8831,35.9130,30,-1.038850,15
CTD_CP_H,20240609T031947,333.97,14.9111,35.9244,31,-1.038793,15
CTD_CP_H,20240609T031947,335.97,14.9095,35.9304,31,-1.038804,16
CTD_CP_H,20240609T031948,337.95,14.8128,35.9188,30,-1.038874,15
CTD_CP_H,20240609T031948,339.97,14.7253,35.9085,30,-1.038976,15
CTD_CP_H,20240609T031948,342.00,14.6680,35.9041,29,-1.039007,14
CTD_CP_H,20240609T031948,344.01,14.6525,35.9043,30,-1.038987,15
CTD_CP_H,20240609T031948,346.03,14.5844,35.8910,29,-1.039051,15
CTD_CP_H,20240609T031948,348.03,14.4955,35.8728,28,-1.039154,14
CTD_CP_H,20240609T031948,349.99,14.4052,35.8549,26,-1.039236,13
CTD_CP_H,20240609T031948,351.97,14.3254,35.8516,26,-1.039281,13
CTD_CP_H,20240609T031948,353.97,14.3003,35.8490,26,-1.039305,13
CTD_CP_H,20240609T031948,355.99,14.2362,35.8388,25,-1.039356,12
CTD_CP_H,20240609T031948,357.98,14.2206,35.8408,25,-1.039348,13
CTD_CP_H,20240609T031948,360.00,14.1773,35.8321,25,-1.039382,12
CTD_CP_H,20240609T031948,362.00,14.0989,35.8191,24,-1.039462,12
CTD_CP_H,20240609T031949,363.99,13.9938,35.8021,24,-1.039550,12
CTD_CP_H,20240609T031949,365.98,13.9425,35.7948,23,-1.039586,12
CTD_CP_H,20240609T031949,367.96,13.9093,35.7905,23,-1.039563,11
CTD_CP_H,20240609T031949,369.96,13.9640,35.8146,23,-1.039443,12
CTD_CP_H,20240609T031949,372.00,13.9659,35.8166,24,-1.039422,12
CTD_CP_H,20240609T031949,374.00,13.9663,35.8185,22,-1.039404,11
CTD_CP_H,20240609T031949,375.96,13.9238,35.8133,23,-1.039416,11
CTD_CP_H,20240609T031949,377.97,13.8737,35.8073,23,-1.039453,12
CTD_CP_H,20240609T031949,380.01,13.8214,35.7988,23,-1.039520,11
CTD_CP_H,20240609T031949,382.02,13.7630,35.7886,22,-1.039556,11
CTD_CP_H,20240609T031949,384.01,13.7500,35.7883,23,-1.039515,12
CTD_CP_H,20240609T031949,386.04,13.7373,35.7863,24,-1.039524,12
CTD_CP_H,20240609T031949,388.07,13.7218,35.7835,26,-1.039541,13
CTD_CP_H,20240609T031950,390.01,13.6681,35.7748,30,-1.039590,15
CTD_CP_H,20240609T031950,391.97,13.5886,35.7617,31,-1.039649,15
CTD_CP_H,20240609T031950,393.98,13.5537,35.7568,32,-1.039645,16
CTD_CP_H,20240609T031950,395.99,13.5688,35.7651,31,-1.039606,16
CTD_CP_H,20240609T031950,397.97,13.5660,35.7659,31,-1.039600,15
CTD_CP_H,20240609T031950,399.98,13.5518,35.7668,32,-1.039584,16
CTD_CP_H,20240609T031950,401.98,13.5261,35.7638,31,-1.039596,16
CTD_CP_H,20240609T031950,403.98,13.4265,35.7468,31,-1.039691,15
CTD_CP_H,20240609T031950,405.98,13.3872,35.7388,31,-1.039699,16
CTD_CP_H,20240609T031950,407.98,13.3960,35.7438,31,-1.039650,15
CTD_CP_H,20240609T031950,409.98,13.3941,35.7460,31,-1.039635,16
CTD_CP_H,20240609T031950,412.00,13.3786,35.7452,31,-1.039633,15
CTD_CP_H,20240609T031950,414.04,13.3631,35.7446,31,-1.039654,16
CTD_CP_H,20240609T031950,416.02,13.3288,35.7406,30,-1.039648,15
CTD_CP_H,20240609T031951,418.00,13.3050,35.7369,31,-1.039671,15
CTD_CP_H,20240609T031951,420.01,13.2922,35.7340,31,-1.039699,16
CTD_CP_H,20240609T031951,422.00,13.2407,35.7253,31,-1.039721,15
CTD_CP_H,20240609T031951,424.01,13.2018,35.7187,31,-1.039717,16
CTD_CP_H,20240609T031951,426.02,13.1699,35.7130,31,-1.039729,15
CTD_CP_H,20240609T031951,428.01,13.1543,35.7106,30,-1.039731,15
CTD_CP_H,20240609T031951,429.99,13.1517,35.7130,31,-1.039705,16
CTD_CP_H,20240609T031951,431.99,13.1420,35.7123,31,-1.039701,15
CTD_CP_H,20240609T031951,434.00,13.0702,35.7035,30,-1.039721,15
CTD_CP_H,20240609T031951,435.98,13.0448,35.7003,29,-1.039720,15
CTD_CP_H,20240609T031951,437.99,13.0419,35.7031,30,-1.039702,15
CTD_CP_H,20240609T031951,440.00,13.0401,35.7077,28,-1.039656,14
CTD_CP_H,20240609T031951,442.00,13.0320,35.7105,29,-1.039647,14
CTD_CP_H,20240609T031952,444.03,13.0268,35.7115,28,-1.039644,14
CTD_CP_H,20240609T031952,446.01,12.9683,35.7021,27,-1.039682,14
CTD_CP_H,20240609T031952,447.99,12.9299,35.6965,27,-1.039671,13
CTD_CP_H,20240609T031952,449.97,12.9228,35.6968,26,-1.039670,13
CTD_CP_H,20240609T031952,451.97,12.8995,35.6947,26,-1.039673,13
CTD_CP_H,20240609T031952,454.00,12.9232,35.7064,26,-1.039587,13
CTD_CP_H,20240609T031952,456.03,12.9286,35.7101,25,-1.039581,13
CTD_CP_H,20240609T031952,458.00,12.9319,35.7157,24,-1.039541,12
CTD_CP_H,20240609T031952,460.01,12.9194,35.7204,25,-1.039503,12
CTD_CP_H,20240609T031952,462.00,12.9131,35.7216,23,-1.039459,12
CTD_CP_H,20240609T031952,463.98,12.9147,35.7227,24,-1.039477,12
CTD_CP_H,20240609T031952,465.99,12.9119,35.7218,24,-1.039470,12
CTD_CP_H,20240609T031952,468.02,12.9118,35.7216,24,-1.039500,12
CTD_CP_H,20240609T031952,470.03,12.8830,35.7166,23,-1.039512,11
CTD_CP_H,20240609T031953,472.01,12.8476,35.7117,23,-1.039530,12
CTD_CP_H,20240609T031953,473.98,12.8384,35.7107,23,-1.039538,11
CTD_CP_H,20240609T031953,475.97,12.8510,35.7190,23,-1.039497,12
CTD_CP_H,20240609T031953,477.97,12.8689,35.7263,23,-1.039425,11
CTD_CP_H,20240609T031953,479.97,12.9008,35.7391,23,-1.039378,12
CTD_CP_H,20240609T031953,481.98,12.9005,35.7384,23,-1.039392,11
CTD_CP_H,20240609T031953,484.02,12.8726,35.7335,23,-1.039404,12
CTD_CP_H,20240609T031953,486.04,12.8610,35.7302,23,-1.039420,11
CTD_CP_H,20240609T031953,488.02,12.8231,35.7255,22,-1.039433,11
CTD_CP_H,20240609T031953,490.02,12.7848,35.7206,23,-1.039444,12
CTD_CP_H,20240609T031953,492.01,12.7866,35.7222,22,-1.039436,11
CTD_CP_H,20240609T031953,494.00,12.8254,35.7342,23,-1.039401,11
CTD_CP_H,20240609T031953,495.99,12.7868,35.7295,22,-1.039421,11
CTD_CP_H,20240609T031954,497.98,12.7448,35.7214,23,-1.039461,12
CTD_CP_H,20240609T031954,500.02,12.7109,35.7147,23,-1.039472,11
CTD_CP_H,20240609T031954,502.01,12.6723,35.7076,22,-1.039483,11
CTD_CP_H,20240609T031954,504.00,12.6497,35.7076,23,-1.039445,12
CTD_CP_H,20240609T031954,506.01,12.7298,35.7356,22,-1.039354,11
CTD_CP_H,20240609T031954,507.97,12.7407,35.7381,22,-1.039351,11
CTD_CP_H,20240609T031954,509.98,12.7159,35.7321,23,-1.039385,11
CTD_CP_H,20240609T031954,512.04,12.6616,35.7197,23,-1.039408,12
CTD_CP_H,20240609T031954,514.04,12.6500,35.7152,22,-1.039419,11
CTD_CP_H,20240609T031954,516.00,12.5706,35.6995,22,-1.039511,11
CTD_CP_H,20240609T031954,518.01,12.4988,35.6859,23,-1.039556,11
CTD_CP_H,20240609T031954,520.03,12.4185,35.6726,22,-1.039597,11
CTD_CP_H,20240609T031954,522.01,12.3680,35.6643,22,-1.039645,11
CTD_CP_H,20240609T031954,523.98,12.3619,35.6628,22,-1.039658,11
CTD_CP_H,20240609T031955,525.98,12.3520,35.6604,23,-1.039671,12
CTD_CP_H,20240609T031955,527.98,12.3178,35.6545,22,-1.039666,11
CTD_CP_H,20240609T031955,530.00,12.3078,35.6531,23,-1.039678,11
CTD_CP_H,20240609T031955,532.00,12.3031,35.6540,22,-1.039645,11
CTD_CP_H,20240609T031955,534.02,12.2943,35.6534,25,-1.039677,13
CTD_CP_H,20240609T031955,536.03,12.2932,35.6539,28,-1.039699,14
CTD_CP_H,20240609T031955,537.99,12.2866,35.6534,31,-1.039705,15
CTD_CP_H,20240609T031955,539.98,12.2838,35.6544,31,-1.039702,16
CTD_CP_H,20240609T031955,541.98,12.2878,35.6563,32,-1.039710,16
CTD_CP_H,20240609T031955,544.01,12.2688,35.6556,32,-1.039698,16
CTD_CP_H,20240609T031955,546.03,12.2798,35.6599,31,-1.039674,15
CTD_CP_H,20240609T031955,548.00,12.2394,35.6532,30,-1.039695,15
CTD_CP_H,20240609T031955,549.98,12.2060,35.6493,32,-1.039707,16
CTD_CP_H,20240609T031956,551.99,12.2242,35.6603,31,-1.039649,16
CTD_CP_H,20240609T031956,553.97,12.2541,35.6737,31,-1.039585,15
CTD_CP_H,20240609T031956,555.99,12.2769,35.6830,32,-1.039561,16
CTD_CP_H,20240609T031956,558.01,12.2749,35.6859,31,-1.039560,16
CTD_CP_H,20240609T031956,560.02,12.2651,35.6931,31,-1.039487,15
CTD_CP_H,20240609T031956,562.01,12.2081,35.6858,30,-1.039533,15
CTD_CP_H,20240609T031956,563.99,12.1884,35.6821,30,-1.039570,15
CTD_CP_H,20240609T031956,565.98,12.1740,35.6807,30,-1.039575,15
CTD_CP_H,20240609T031956,568.00,12.1382,35.6761,30,-1.039581,15
CTD_CP_H,20240609T031956,570.00,12.1285,35.6740,29,-1.039573,15
CTD_CP_H,20240609T031956,572.00,12.1159,35.6726,30,-1.039613,15
CTD_CP_H,20240609T031956,574.01,12.0678,35.6658,29,-1.039647,14
CTD_CP_H,20240609T031956,576.01,12.0288,35.6606,29,-1.039655,15
CTD_CP_H,20240609T031956,578.01,12.0081,35.6593,28,-1.039669,14
CTD_CP_H,20240609T031957,579.98,11.9889,35.6569,28,-1.039670,14
CTD_CP_H,20240609T031957,581.98,11.9498,35.6534,28,-1.039700,14
CTD_CP_H,20240609T031957,584.00,11.9240,35.6501,28,-1.039698,14
CTD_CP_H,20240609T031957,586.02,11.9126,35.6508,27,-1.039705,13
CTD_CP_H,20240609T031957,588.02,11.9058,35.6537,27,-1.039687,14
CTD_CP_H,20240609T031957,589.98,11.9001,35.6543,26,-1.039698,13
CTD_CP_H,20240609T031957,591.97,11.9086,35.6587,27,-1.039660,13
CTD_CP_H,20240609T031957,593.97,11.9099,35.6604,26,-1.039668,13
CTD_CP_H,20240609T031957,595.98,11.9090,35.6607,26,-1.039670,13
CTD_CP_H,20240609T031957,598.01,11.8990,35.6608,26,-1.039650,13
CTD_CP_H,20240609T031957,600.03,11.8790,35.6586,25,-1.039678,13
CTD_CP_H,20240609T031957,602.01,11.8422,35.6549,25,-1.039707,12
CTD_CP_H,20240609T031957,604.01,11.8199,35.6523,25,-1.039716,13
CTD_CP_H,20240609T031958,606.03,11.8033,35.6511,25,-1.039725,12
CTD_CP_H,20240609T031958,608.00,11.7899,35.6497,24,-1.039725,12
CTD_CP_H,20240609T031958,609.99,11.7717,35.6472,25,-1.039768,13
CTD_CP_H,20240609T031958,611.98,11.7493,35.6445,24,-1.039757,12
CTD_CP_H,20240609T031958,613.97,11.7278,35.6407,24,-1.039794,12
CTD_CP_H,20240609T031958,615.99,11.6709,35.6359,24,-1.039807,12
CTD_CP_H,20240609T031958,618.02,11.6574,35.6350,24,-1.039805,12
CTD_CP_H,20240609T031958,620.02,11.6580,35.6372,23,-1.039834,11
CTD_CP_H,20240609T031958,621.98,11.6460,35.6359,23,-1.039814,12
CTD_CP_H,20240609T031958,623.99,11.6326,35.6342,24,-1.039816,12
CTD_CP_H,20240609T031958,626.02,11.6204,35.6341,23,-1.039842,11
CTD_CP_H,20240609T031958,628.02,11.6116,35.6348,23,-1.039869,12
CTD_CP_H,20240609T031958,630.01,11.5949,35.6320,22,-1.039846,11
CTD_CP_H,20240609T031958,632.00,11.6013,35.6348,23,-1.039857,11
CTD_CP_H,20240609T031959,634.03,11.5905,35.6336,23,-1.039855,12
CTD_CP_H,20240609T031959,636.02,11.5773,35.6318,22,-1.039857,11
CTD_CP_H,20240609T031959,637.98,11.5641,35.6301,22,-1.039869,11
CTD_CP_H,20240609T031959,639.99,11.5247,35.6257,23,-1.039899,11
CTD_CP_H,20240609T031959,642.00,11.5244,35.6277,22,-1.039883,11
CTD_CP_H,20240609T031959,643.96,11.5058,35.6236,22,-1.039933,11
CTD_CP_H,20240609T031959,645.99,11.4496,35.6164,23,-1.039970,12
CTD_CP_H,20240609T031959,648.02,11.4184,35.6114,22,-1.040020,11
CTD_CP_H,20240609T031959,650.01,11.3731,35.6054,22,-1.040026,11
CTD_CP_H,20240609T031959,652.02,11.3509,35.6023,22,-1.040080,11
CTD_CP_H,20240609T031959,654.00,11.3455,35.6023,21,-1.040076,10
CTD_CP_H,20240609T031959,656.00,11.3292,35.6022,22,-1.040096,11
CTD_CP_H,20240609T031959,658.02,11.3285,35.6030,21,-1.040092,11
CTD_CP_H,20240609T032000,659.98,11.3224,35.6028,21,-1.040083,10
CTD_CP_H,20240609T032000,661.96,11.3164,35.6021,21,-1.040087,11
CTD_CP_H,20240609T032000,663.98,11.3132,35.6041,22,-1.040059,11
CTD_CP_H,20240609T032000,666.01,11.3171,35.6084,21,-1.040014,10
CTD_CP_H,20240609T032000,668.02,11.3289,35.6135,21,-1.040039,11
CTD_CP_H,20240609T032000,669.98,11.3098,35.6114,20,-1.040052,10
CTD_CP_H,20240609T032000,671.98,11.2893,35.6096,22,-1.040075,11
CTD_CP_H,20240609T032000,674.03,11.2825,35.6108,21,-1.040097,10
CTD_CP_H,20240609T032000,675.99,11.2774,35.6106,20,-1.040122,10
CTD_CP_H,20240609T032000,677.97,11.2686,35.6102,21,-1.040116,11
CTD_CP_H,20240609T032000,679.99,11.2596,35.6099,21,-1.040132,10
CTD_CP_H,20240609T032000,682.00,11.2568,35.6109,21,-1.040139,11
CTD_CP_H,20240609T032000,683.99,11.2297,35.6085,22,-1.040133,11
CTD_CP_H,20240609T032000,686.03,11.2096,35.6052,25,-1.040155,12
CTD_CP_H,20240609T032001,688.02,11.1871,35.6031,27,-1.040179,14
CTD_CP_H,20240609T032001,690.03,11.1526,35.5994,28,-1.040192,14
CTD_CP_H,20240609T032001,692.03,11.1290,35.5979,27,-1.040219,13
CTD_CP_H,20240609T032001,694.00,11.1169,35.5984,27,-1.040227,14
CTD_CP_H,20240609T032001,696.01,11.1067,35.5976,28,-1.040229,14
CTD_CP_H,20240609T032001,698.03,11.0939,35.5962,27,-1.040233,13
CTD_CP_H,20240609T032001,700.01,11.0746,35.5942,27,-1.040272,14
CTD_CP_H,20240609T032001,702.03,11.0563,35.5918,28,-1.040293,14
CTD_CP_H,20240609T032001,704.01,11.0381,35.5893,26,-1.040313,13
CTD_CP_H,20240609T032001,705.99,11.0101,35.5857,28,-1.040318,14
CTD_CP_H,20240609T032001,708.01,10.9940,35.5831,27,-1.040339,13
CTD_CP_H,20240609T032001,710.00,10.9779,35.5809,27,-1.040366,14
CTD_CP_H,20240609T032001,711.99,10.9570,35.5782,27,-1.040385,13
CTD_CP_H,20240609T032002,714.01,10.9255,35.5750,27,-1.040410,14
CTD_CP_H,20240609T032002,716.02,10.9065,35.5728,27,-1.040426,13
CTD_CP_H,20240609T032002,718.02,10.8978,35.5720,27,-1.040453,14
CTD_CP_H,20240609T032002,720.01,10.8900,35.5710,27,-1.040441,13
CTD_CP_H,20240609T032002,722.01,10.8749,35.5696,27,-1.040453,14
CTD_CP_H,20240609T032002,724.01,10.8466,35.5672,26,-1.040478,13
CTD_CP_H,20240609T032002,725.99,10.8241,35.5661,26,-1.040512,13
CTD_CP_H,20240609T032002,727.98,10.8041,35.5654,26,-1.040493,13
CTD_CP_H,20240609T032002,729.96,10.7947,35.5637,26,-1.040504,13
CTD_CP_H,20240609T032002,731.99,10.7669,35.5594,27,-1.040535,13
CTD_CP_H,20240609T032002,734.03,10.7335,35.5559,26,-1.040568,13
CTD_CP_H,20240609T032002,736.01,10.7174,35.5540,25,-1.040595,13
CTD_CP_H,20240609T032002,738.00,10.7041,35.5520,27,-1.040622,13
CTD_CP_H,20240609T032002,740.03,10.6758,35.5483,26,-1.040663,13
CTD_CP_H,20240609T032003,742.02,10.6277,35.5420,26,-1.040686,13
CTD_CP_H,20240609T032003,744.00,10.6010,35.5381,25,-1.040737,13
CTD_CP_H,20240609T032003,745.98,10.5788,35.5357,26,-1.040729,13
CTD_CP_H,20240609T032003,748.01,10.5716,35.5363,26,-1.040729,13
CTD_CP_H,20240609T032003,750.02,10.5619,35.5360,25,-1.040745,12
CTD_CP_H,20240609T032003,751.99,10.5667,35.5392,25,-1.040732,13
CTD_CP_H,20240609T032003,754.00,10.5531,35.5381,26,-1.040750,13
CTD_CP_H,20240609T032003,756.02,10.5418,35.5369,25,-1.040762,12
CTD_CP_H,20240609T032003,758.01,10.5309,35.5356,25,-1.040814,13
CTD_CP_H,20240609T032003,760.00,10.5171,35.5352,24,-1.040819,12
CTD_CP_H,20240609T032003,762.00,10.5344,35.5409,25,-1.040797,12
CTD_CP_H,20240609T032003,764.00,10.5289,35.5418,24,-1.040777,12
CTD_CP_H,20240609T032003,766.01,10.5140,35.5408,25,-1.040791,13
CTD_CP_H,20240609T032004,768.03,10.4971,35.5386,24,-1.040813,12
CTD_CP_H,20240609T032004,770.01,10.4910,35.5373,24,-1.040830,12
CTD_CP_H,20240609T032004,771.99,10.4719,35.5347,24,-1.040851,12
CTD_CP_H,20240609T032004,773.98,10.4547,35.5317,24,-1.040894,12
CTD_CP_H,20240609T032004,775.98,10.4005,35.5249,24,-1.040917,12
CTD_CP_H,20240609T032004,778.00,10.3588,35.5191,24,-1.040953,12
CTD_CP_H,20240609T032004,779.98,10.3299,35.5143,23,-1.040994,11
CTD_CP_H,20240609T032004,781.99,10.2989,35.5102,24,-1.041026,12
CTD_CP_H,20240609T032004,784.01,10.2820,35.5081,24,-1.041045,12
CTD_CP_H,20240609T032004,786.04,10.2808,35.5091,25,-1.041022,13
CTD_CP_H,20240609T032004,788.06,10.2837,35.5113,29,-1.041026,14
CTD_CP_H,20240609T032004,790.02,10.2669,35.5088,33,-1.041050,17
CTD_CP_H,20240609T032004,792.02,10.2452,35.5051,32,-1.041096,16
CTD_CP_H,20240609T032004,793.98,10.2087,35.5002,31,-1.041125,15
CTD_CP_H,20240609T032005,795.96,10.1863,35.4968,31,-1.041162,16
CTD_CP_H,20240609T032005,797.99,10.1758,35.4964,32,-1.041180,16
CTD_CP_H,20240609T032005,800.01,10.1459,35.4947,30,-1.041193,15
CTD_CP_H,20240609T032005,802.00,10.1568,35.5001,31,-1.041164,15
CTD_CP_H,20240609T032005,804.01,10.1641,35.5024,30,-1.041174,15
CTD_CP_H,20240609T032005,805.99,10.1574,35.5023,30,-1.041200,15
CTD_CP_H,20240609T032005,808.01,10.1465,35.5019,31,-1.041210,16
CTD_CP_H,20240609T032005,810.02,10.1354,35.5008,29,-1.041223,14
CTD_CP_H,20240609T032005,811.98,10.1201,35.4989,29,-1.041219,15
CTD_CP_H,20240609T032005,813.97,10.1035,35.4970,29,-1.041212,14
CTD_CP_H,20240609T032005,815.98,10.0704,35.4935,29,-1.041245,15
CTD_CP_H,20240609T032005,818.00,10.0455,35.4905,29,-1.041279,14
CTD_CP_H,20240609T032005,820.00,10.0213,35.4771,28,-1.041327,14
CTD_CP_H,20240609T032006,821.98,9.9984,35.4846,28,-1.041370,14
CTD_CP_H,20240609T032006,823.99,9.9926,35.4835,28,-1.041375,14
CTD_CP_H,20240609T032006,826.01,9.9719,35.4808,28,-1.041395,14
CTD_CP_H,20240609T032006,828.00,9.9558,35.4793,27,-1.041401,14
CTD_CP_H,20240609T032006,829.99,9.9556,35.4810,28,-1.041418,14
CTD_CP_H,20240609T032006,832.01,9.9322,35.4783,27,-1.041456,13
CTD_CP_H,20240609T032006,833.99,9.9025,35.4750,26,-1.041462,13
CTD_CP_H,20240609T032006,836.00,9.8868,35.4729,27,-1.041497,14
CTD_CP_H,20240609T032006,838.02,9.8575,35.4690,26,-1.041508,13
CTD_CP_H,20240609T032006,839.99,9.8270,35.4651,26,-1.041521,13
CTD_CP_H,20240609T032006,841.99,9.8103,35.4642,26,-1.041542,13
CTD_CP_H,20240609T032006,843.99,9.8011,35.4634,26,-1.041556,13
CTD_CP_H,20240609T032006,846.00,9.7932,35.4628,26,-1.041567,13
CTD_CP_H,20240609T032006,848.01,9.7806,35.4605,26,-1.041614,13
CTD_CP_H,20240609T032007,850.01,9.7665,35.4579,25,-1.041592,12
CTD_CP_H,20240609T032007,851.99,9.7491,35.4566,25,-1.041594,13
CTD_CP_H,20240609T032007,853.99,9.7414,35.4563,25,-1.041614,12
CTD_CP_H,20240609T032007,855.99,9.7395,35.4576,25,-1.041613,13
CTD_CP_H,20240609T032007,857.98,9.7221,35.4561,25,-1.041651,12
CTD_CP_H,20240609T032007,860.00,9.6966,35.4532,25,-1.041669,13
CTD_CP_H,20240609T032007,861.99,9.6879,35.4523,24,-1.041680,12
CTD_CP_H,20240609T032007,863.98,9.6830,35.4514,25,-1.041682,12
CTD_CP_H,20240609T032007,866.02,9.6714,35.4511,25,-1.041709,13
CTD_CP_H,20240609T032007,868.03,9.6632,35.4498,24,-1.041728,12
CTD_CP_H,20240609T032007,870.01,9.6457,35.4477,24,-1.041754,12
CTD_CP_H,20240609T032007,872.00,9.6312,35.4455,24,-1.041766,12
CTD_CP_H,20240609T032007,873.97,9.6170,35.4435,24,-1.041802,12
CTD_CP_H,20240609T032008,875.98,9.5988,35.4409,24,-1.041787,12
CTD_CP_H,20240609T032008,877.98,9.5779,35.4383,24,-1.041810,12
CTD_CP_H,20240609T032008,879.99,9.5631,35.4364,24,-1.041831,12
CTD_CP_H,20240609T032008,882.02,9.5511,35.4345,24,-1.041864,12
CTD_CP_H,20240609T032008,884.00,9.5324,35.4323,23,-1.041904,11
CTD_CP_H,20240609T032008,886.00,9.5217,35.4323,24,-1.041908,12
CTD_CP_H,20240609T032008,888.01,9.5173,35.4328,23,-1.041916,12
CTD_CP_H,20240609T032008,890.01,9.5136,35.4340,24,-1.041922,12
CTD_CP_H,20240609T032008,892.01,9.5026,35.4324,23,-1.041947,11
CTD_CP_H,20240609T032008,894.01,9.4911,35.4312,24,-1.041933,12
CTD_CP_H,20240609T032008,896.02,9.4730,35.4301,23,-1.041963,12
CTD_CP_H,20240609T032008,897.99,9.4563,35.4290,23,-1.041979,11
CTD_CP_H,20240609T032008,899.97,9.4431,35.4276,23,-1.041969,12
CTD_CP_H,20240609T032009,901.99,9.4229,35.4251,24,-1.041971,12
CTD_CP_H,20240609T032009,904.03,9.4108,35.4236,24,-1.042004,12
CTD_CP_H,20240609T032009,906.03,9.3989,35.4222,23,-1.042014,11
CTD_CP_H,20240609T032009,908.00,9.3809,35.4206,23,-1.042037,12
CTD_CP_H,20240609T032009,910.01,9.3575,35.4188,24,-1.042053,12
CTD_CP_H,20240609T032009,912.00,9.3426,35.4171,23,-1.042086,11
CTD_CP_H,20240609T032009,913.97,9.3298,35.4165,23,-1.042102,12
CTD_CP_H,20240609T032009,915.96,9.3138,35.4157,24,-1.042118,12
CTD_CP_H,20240609T032009,918.00,9.3051,35.4149,24,-1.042109,12
CTD_CP_H,20240609T032009,919.99,9.3010,35.4141,23,-1.042123,11
CTD_CP_H,20240609T032009,921.98,9.2875,35.4132,24,-1.042145,12
CTD_CP_H,20240609T032009,924.01,9.2609,35.4111,24,-1.042149,12
CTD_CP_H,20240609T032009,926.00,9.2426,35.4093,23,-1.042172,12
CTD_CP_H,20240609T032009,927.99,9.2272,35.4078,24,-1.042199,12
CTD_CP_H,20240609T032010,930.01,9.2131,35.4070,24,-1.042231,12
CTD_CP_H,20240609T032010,932.03,9.2038,35.4060,24,-1.042266,12
CTD_CP_H,20240609T032010,934.01,9.1941,35.4049,23,-1.042267,11
CTD_CP_H,20240609T032010,935.99,9.1778,35.4037,24,-1.042291,12
CTD_CP_H,20240609T032010,938.01,9.1591,35.4025,24,-1.042306,12
CTD_CP_H,20240609T032010,940.01,9.1373,35.4011,23,-1.042319,12
CTD_CP_H,20240609T032010,941.99,9.1201,35.3998,24,-1.042357,12
CTD_CP_H,20240609T032010,944.01,9.1060,35.3981,24,-1.042359,12
CTD_CP_H,20240609T032010,946.03,9.0810,35.3964,24,-1.042375,12
CTD_CP_H,20240609T032010,948.00,9.0691,35.3950,23,-1.042377,11
CTD_CP_H,20240609T032010,949.98,9.0643,35.3945,24,-1.042382,12
CTD_CP_H,20240609T032010,952.00,9.0553,35.3932,24,-1.042411,12
CTD_CP_H,20240609T032010,953.99,9.0248,35.3906,23,-1.042428,12
CTD_CP_H,20240609T032011,956.00,8.9955,35.3876,24,-1.042424,12
CTD_CP_H,20240609T032011,958.00,8.9740,35.3854,23,-1.042458,11
CTD_CP_H,20240609T032011,959.99,8.9570,35.3840,24,-1.042472,12
CTD_CP_H,20240609T032011,961.98,8.9483,35.3829,23,-1.042483,12
CTD_CP_H,20240609T032011,963.96,8.9385,35.3818,24,-1.042486,12
CTD_CP_H,20240609T032011,966.00,8.9233,35.3799,24,-1.042491,12
CTD_CP_H,20240609T032011,968.02,8.9110,35.3786,24,-1.042529,12
CTD_CP_H,20240609T032011,970.01,8.8979,35.3768,23,-1.042530,11
CTD_CP_H,20240609T032011,971.98,8.8819,35.3756,24,-1.042549,12
CTD_CP_H,20240609T032011,973.98,8.8633,35.3737,23,-1.042560,12
CTD_CP_H,20240609T032011,975.98,8.8483,35.3720,24,-1.042556,12
CTD_CP_H,20240609T032011,978.00,8.8386,35.3709,23,-1.042546,11
CTD_CP_H,20240609T032011,980.01,8.8229,35.3689,24,-1.042569,12
CTD_CP_H,20240609T032011,982.00,8.8113,35.3677,23,-1.042603,12
CTD_CP_H,20240609T032012,983.99,8.8006,35.3664,24,-1.042640,12
CTD_CP_H,20240609T032012,986.00,8.7872,35.3655,26,-1.042622,13
CTD_CP_H,20240609T032012,988.01,8.7752,35.3642,31,-1.042634,15
CTD_CP_H,20240609T032012,989.99,8.7671,35.3631,31,-1.042661,16
CTD_CP_H,20240609T032012,991.98,8.7471,35.3612,32,-1.042658,16
CTD_CP_H,20240609T032012,993.99,8.7271,35.3588,31,-1.042677,15
CTD_CP_H,20240609T032012,996.01,8.6984,35.3559,31,-1.042689,16
CTD_CP_H,20240609T032012,998.02,8.6809,35.3542,30,-1.042683,15
CTD_CP_H,20240609T032012,1000.01,8.6643,35.3523,31,-1.042689,15
CTD_CP_H,20240609T032012,1002.03,8.6506,35.3506,30,-1.042701,15
CTD_CP_H,20240609T032012,1004.02,8.6316,35.3486,30,-1.042715,15
CTD_CP_H,20240609T032012,1006.00,8.6198,35.3469,29,-1.042747,15
CTD_CP_H,20240609T032012,1007.96,8.6057,35.3454,30,-1.042731,15
CTD_CP_H,20240609T032013,1010.00,8.5861,35.3431,30,-1.042721,15
CTD_CP_H,20240609T032013,1011.99,8.5713,35.3421,28,-1.042739,14
CTD_CP_H,20240609T032013,1013.97,8.5658,35.3414,29,-1.042744,14
CTD_CP_H,20240609T032013,1015.99,8.5617,35.3410,29,-1.042755,15
CTD_CP_H,20240609T032013,1017.99,8.5530,35.3404,28,-1.042768,14
CTD_CP_H,20240609T032013,1020.00,8.5385,35.3393,29,-1.042772,14
CTD_CP_H,20240609T032013,1022.02,8.5303,35.3386,28,-1.042781,14
CTD_CP_H,20240609T032013,1024.01,8.5195,35.3376,28,-1.042800,14
CTD_CP_H,20240609T032013,1026.01,8.5069,35.3362,28,-1.042792,14
CTD_CP_H,20240609T032013,1027.98,8.4985,35.3353,28,-1.042803,14
CTD_CP_H,20240609T032013,1029.99,8.4843,35.3337,28,-1.042818,14
CTD_CP_H,20240609T032013,1031.97,8.4484,35.3299,27,-1.042844,14
CTD_CP_H,20240609T032013,1033.96,8.4301,35.3279,28,-1.042851,14
CTD_CP_H,20240609T032013,1035.99,8.4184,35.3270,27,-1.042867,13
CTD_CP_H,20240609T032014,1037.99,8.4052,35.3254,27,-1.042866,14
CTD_CP_H,20240609T032014,1040.01,8.3900,35.3237,27,-1.042871,13
CTD_CP_H,20240609T032014,1041.99,8.3644,35.3211,26,-1.042876,13
CTD_CP_H,20240609T032014,1043.98,8.3465,35.3194,27,-1.042885,14
CTD_CP_H,20240609T032014,1046.00,8.3250,35.3176,26,-1.042906,13
CTD_CP_H,20240609T032014,1047.99,8.3161,35.3166,26,-1.042906,13
CTD_CP_H,20240609T032014,1049.99,8.3052,35.3148,26,-1.042917,13
CTD_CP_H,20240609T032014,1051.99,8.2781,35.3122,25,-1.042938,12
CTD_CP_H,20240609T032014,1053.96,8.2566,35.3108,25,-1.042938,13
CTD_CP_H,20240609T032014,1055.96,8.2480,35.3096,25,-1.042952,12
CTD_CP_H,20240609T032014,1057.96,8.2411,35.3092,25,-1.042965,13
CTD_CP_H,20240609T032014,1059.96,8.2291,35.3079,25,-1.042971,12
CTD_CP_H,20240609T032014,1061.96,8.2155,35.3070,25,-1.042966,13
CTD_CP_H,20240609T032015,1063.96,8.2039,35.3057,24,-1.042970,12
CTD_CP_H,20240609T032015,1065.98,8.1863,35.3039,25,-1.042989,12
CTD_CP_H,20240609T032015,1068.01,8.1719,35.3030,24,-1.043020,12
CTD_CP_H,20240609T032015,1070.02,8.1568,35.3016,24,-1.043039,12
CTD_CP_H,20240609T032015,1072.01,8.1486,35.3006,23,-1.043046,12
CTD_CP_H,20240609T032015,1074.01,8.1399,35.2995,24,-1.043056,12
CTD_CP_H,20240609T032015,1076.01,8.1294,35.2990,23,-1.043094,11
CTD_CP_H,20240609T032015,1077.99,8.1228,35.2980,23,-1.043088,12
CTD_CP_H,20240609T032015,1079.99,8.1121,35.2966,23,-1.043118,11
CTD_CP_H,20240609T032015,1082.00,8.0874,35.2946,23,-1.043138,12
CTD_CP_H,20240609T032015,1084.01,8.0646,35.2928,23,-1.043157,11
CTD_CP_H,20240609T032015,1086.01,8.0551,35.2918,23,-1.043155,12
CTD_CP_H,20240609T032015,1088.02,8.0471,35.2909,23,-1.043165,11
CTD_CP_H,20240609T032015,1089.99,8.0415,35.2902,22,-1.043168,11
CTD_CP_H,20240609T032016,1091.98,8.0384,35.2896,23,-1.043175,12
CTD_CP_H,20240609T032016,1094.01,8.0262,35.2876,23,-1.043201,11
CTD_CP_H,20240609T032016,1096.01,8.0140,35.2869,22,-1.043226,11
CTD_CP_H,20240609T032016,1097.99,7.9953,35.2856,22,-1.043243,11
CTD_CP_H,20240609T032016,1099.98,7.9902,35.2848,22,-1.043244,11
CTD_CP_H,20240609T032016,1101.97,7.9823,35.2838,22,-1.043237,11
CTD_CP_H,20240609T032016,1104.02,7.9672,35.2824,23,-1.043217,12
CTD_CP_H,20240609T032016,1106.03,7.9543,35.2808,21,-1.043218,10
CTD_CP_H,20240609T032016,1108.01,7.9432,35.2797,22,-1.043235,11
CTD_CP_H,20240609T032016,1110.00,7.9369,35.2788,21,-1.043219,11
CTD_CP_H,20240609T032016,1112.00,7.9255,35.2775,22,-1.043226,11
CTD_CP_H,20240609T032016,1114.02,7.9032,35.2747,21,-1.043205,10
CTD_CP_H,20240609T032016,1116.00,7.8727,35.2716,21,-1.043232,11
CTD_CP_H,20240609T032017,1117.99,7.8624,35.2715,21,-1.043273,10
CTD_CP_H,20240609T032017,1119.99,7.8492,35.2705,21,-1.043296,11
CTD_CP_H,20240609T032017,1122.00,7.8357,35.2694,21,-1.043320,10
CTD_CP_H,20240609T032017,1124.01,7.8279,35.2685,21,-1.043316,11
CTD_CP_H,20240609T032017,1126.03,7.8192,35.2673,21,-1.043321,10
CTD_CP_H,20240609T032017,1128.01,7.8125,35.2668,20,-1.043318,10
CTD_CP_H,20240609T032017,1130.01,7.8049,35.2658,21,-1.043327,11
CTD_CP_H,20240609T032017,1132.01,7.7938,35.2647,20,-1.043344,10
CTD_CP_H,20240609T032017,1134.02,7.7821,35.2638,21,-1.043330,10
CTD_CP_H,20240609T032017,1136.02,7.7746,35.2637,20,-1.043359,10
CTD_CP_H,20240609T032017,1138.02,7.7691,35.2632,21,-1.043371,11
CTD_CP_H,20240609T032017,1140.02,7.7625,35.2621,20,-1.043381,10
CTD_CP_H,20240609T032017,1141.98,7.7440,35.2601,20,-1.043352,10
CTD_CP_H,20240609T032017,1143.99,7.7151,35.2570,21,-1.043340,10
CTD_CP_H,20240609T032018,1146.00,7.6927,35.2544,20,-1.043349,10
CTD_CP_H,20240609T032018,1147.97,7.6756,35.2531,20,-1.043370,10
CTD_CP_H,20240609T032018,1149.95,7.6549,35.2512,20,-1.043395,10
CTD_CP_H,20240609T032018,1151.98,7.6456,35.2500,21,-1.043415,11
CTD_CP_H,20240609T032018,1154.03,7.6326,35.2487,20,-1.043393,10
CTD_CP_H,20240609T032018,1156.02,7.6072,35.2455,20,-1.043371,10
CTD_CP_H,20240609T032018,1158.02,7.5903,35.2434,20,-1.043359,10
CTD_CP_H,20240609T032018,1160.02,7.5728,35.2413,20,-1.043369,10
CTD_CP_H,20240609T032018,1162.03,7.5675,35.2408,20,-1.043370,10
CTD_CP_H,20240609T032018,1164.03,7.5640,35.2408,20,-1.043384,10
CTD_CP_H,20240609T032018,1166.02,7.5595,35.2404,20,-1.043369,10
CTD_CP_H,20240609T032018,1168.00,7.5539,35.2401,21,-1.043397,10
CTD_CP_H,20240609T032018,1170.00,7.5431,35.2390,24,-1.043389,12
CTD_CP_H,20240609T032019,1171.99,7.5321,35.2385,26,-1.043421,13
CTD_CP_H,20240609T032019,1174.01,7.5240,35.2381,26,-1.043456,13
CTD_CP_H,20240609T032019,1176.01,7.5160,35.2376,25,-1.043482,13
CTD_CP_H,20240609T032019,1178.00,7.5097,35.2365,26,-1.043503,13
CTD_CP_H,20240609T032019,1180.04,7.5017,35.2358,26,-1.043494,13
CTD_CP_H,20240609T032019,1182.03,7.4881,35.2343,25,-1.043516,12
CTD_CP_H,20240609T032019,1184.03,7.4791,35.2337,26,-1.043540,13
CTD_CP_H,20240609T032019,1186.02,7.4720,35.2325,25,-1.043551,13
CTD_CP_H,20240609T032019,1188.01,7.4516,35.2300,26,-1.043523,13
CTD_CP_H,20240609T032019,1190.03,7.4238,35.2265,25,-1.043485,12
CTD_CP_H,20240609T032019,1192.00,7.4080,35.2246,25,-1.043513,13
CTD_CP_H,20240609T032019,1193.98,7.3896,35.2233,25,-1.043540,12
CTD_CP_H,20240609T032019,1195.99,7.3789,35.2219,26,-1.043546,13
CTD_CP_H,20240609T032019,1198.00,7.3674,35.2207,25,-1.043559,13
CTD_CP_H,20240609T032020,1199.99,7.3520,35.2194,25,-1.043562,12
CTD_CP_H,20240609T032020,1201.98,7.3388,35.2182,25,-1.043548,13
CTD_CP_H,20240609T032020,1203.98,7.3223,35.2165,25,-1.043539,12
CTD_CP_H,20240609T032020,1205.98,7.3124,35.2157,25,-1.043573,13
CTD_CP_H,20240609T032020,1207.99,7.3075,35.2149,26,-1.043561,13
CTD_CP_H,20240609T032020,1210.00,7.2989,35.2140,25,-1.043562,12
CTD_CP_H,20240609T032020,1212.00,7.2813,35.2123,26,-1.043572,13
CTD_CP_H,20240609T032020,1214.02,7.2663,35.2109,25,-1.043563,13
CTD_CP_H,20240609T032020,1216.01,7.2549,35.2097,25,-1.043523,12
CTD_CP_H,20240609T032020,1217.99,7.2482,35.2094,25,-1.043571,13
CTD_CP_H,20240609T032020,1220.01,7.2379,35.2083,26,-1.043584,13
CTD_CP_H,20240609T032020,1222.00,7.2262,35.2070,24,-1.043577,12
CTD_CP_H,20240609T032020,1223.95,7.2125,35.2051,25,-1.043590,12
CTD_CP_H,20240609T032021,1225.97,7.1932,35.2035,26,-1.043578,13
CTD_CP_H,20240609T032021,1227.98,7.1818,35.2017,25,-1.043599,13
CTD_CP_H,20240609T032021,1230.00,7.1664,35.1996,26,-1.043603,13
CTD_CP_H,20240609T032021,1232.00,7.1455,35.1976,25,-1.043609,12
CTD_CP_H,20240609T032021,1233.98,7.1224,35.1945,25,-1.043600,13
CTD_CP_H,20240609T032021,1235.99,7.0978,35.1921,26,-1.043607,13
CTD_CP_H,20240609T032021,1238.01,7.0854,35.1897,25,-1.043607,12
CTD_CP_H,20240609T032021,1240.00,7.0627,35.1887,25,-1.043564,13
CTD_CP_H,20240609T032021,1242.00,7.0462,35.1868,25,-1.043573,12
CTD_CP_H,20240609T032021,1243.98,7.0343,35.1851,25,-1.043585,13
CTD_CP_H,20240609T032021,1245.98,7.0199,35.1843,25,-1.043598,12
CTD_CP_H,20240609T032021,1247.98,7.0125,35.1836,25,-1.043589,13
CTD_CP_H,20240609T032021,1249.97,7.0097,35.1832,25,-1.043600,12
CTD_CP_H,20240609T032021,1251.99,6.9897,35.1821,25,-1.043610,13
CTD_CP_H,20240609T032022,1254.00,6.9637,35.1796,25,-1.043619,12
CTD_CP_H,20240609T032022,1255.99,6.9561,35.1783,24,-1.043625,12
CTD_CP_H,20240609T032022,1258.00,6.9491,35.1773,25,-1.043603,13
CTD_CP_H,20240609T032022,1260.02,6.9375,35.1757,24,-1.043610,12
CTD_CP_H,20240609T032022,1262.01,6.9169,35.1740,24,-1.043607,12
CTD_CP_H,20240609T032022,1264.01,6.8928,35.1732,24,-1.043616,12
CTD_CP_H,20240609T032022,1266.00,6.8913,35.1744,23,-1.043643,11
CTD_CP_H,20240609T032022,1268.00,6.8838,35.1739,24,-1.043657,12
CTD_CP_H,20240609T032022,1270.00,6.8863,35.1753,23,-1.043689,12
CTD_CP_H,20240609T032022,1271.99,6.8888,35.1757,24,-1.043700,12
CTD_CP_H,20240609T032022,1274.00,6.8872,35.1753,26,-1.043709,13
CTD_CP_H,20240609T032022,1276.01,6.8695,35.1740,33,-1.043692,16
CTD_CP_H,20240609T032022,1278.00,6.8536,35.1722,31,-1.043704,16
CTD_CP_H,20240609T032023,1280.00,6.8434,35.1711,33,-1.043680,16
CTD_CP_H,20240609T032023,1282.02,6.8361,35.1696,30,-1.043675,15
CTD_CP_H,20240609T032023,1283.99,6.8161,35.1675,31,-1.043680,16
CTD_CP_H,20240609T032023,1286.00,6.7978,35.1660,31,-1.043699,15
CTD_CP_H,20240609T032023,1288.01,6.7918,35.1657,31,-1.043720,16
CTD_CP_H,20240609T032023,1290.00,6.7822,35.1646,30,-1.043717,15
CTD_CP_H,20240609T032023,1291.99,6.7745,35.1638,30,-1.043751,15
CTD_CP_H,20240609T032023,1294.01,6.7618,35.1630,30,-1.043755,15
CTD_CP_H,20240609T032023,1296.02,6.7545,35.1625,29,-1.043760,14
CTD_CP_H,20240609T032023,1298.01,6.7426,35.1610,29,-1.043742,15
CTD_CP_H,20240609T032023,1300.00,6.7302,35.1593,28,-1.043742,14
CTD_CP_H,20240609T032023,1302.01,6.7111,35.1574,29,-1.043753,14
CTD_CP_H,20240609T032023,1304.01,6.6889,35.1554,27,-1.043731,14
CTD_CP_H,20240609T032023,1305.99,6.6734,35.1539,28,-1.043739,14
CTD_CP_H,20240609T032024,1308.01,6.6544,35.1524,27,-1.043750,13
CTD_CP_H,20240609T032024,1309.99,6.6414,35.1510,27,-1.043749,14
CTD_CP_H,20240609T032024,1311.98,6.6270,35.1497,27,-1.043733,13
CTD_CP_H,20240609T032024,1314.01,6.6187,35.1491,27,-1.043733,14
CTD_CP_H,20240609T032024,1316.01,6.6080,35.1479,26,-1.043723,13
CTD_CP_H,20240609T032024,1317.98,6.5966,35.1469,26,-1.043722,13
CTD_CP_H,20240609T032024,1319.97,6.5910,35.1463,26,-1.043722,13
CTD_CP_H,20240609T032024,1321.96,6.5858,35.1457,26,-1.043735,13
CTD_CP_H,20240609T032024,1323.98,6.5776,35.1447,26,-1.043753,13
CTD_CP_H,20240609T032024,1326.02,6.5638,35.1430,26,-1.043732,13
CTD_CP_H,20240609T032024,1328.03,6.5454,35.1417,25,-1.043736,12
CTD_CP_H,20240609T032024,1330.02,6.5337,35.1407,25,-1.043731,13
CTD_CP_H,20240609T032024,1332.02,6.5229,35.1399,25,-1.043737,12
CTD_CP_H,20240609T032025,1334.04,6.5120,35.1389,25,-1.043748,13
CTD_CP_H,20240609T032025,1336.02,6.5075,35.1385,24,-1.043777,12
CTD_CP_H,20240609T032025,1338.01,6.4978,35.1377,25,-1.043781,12
CTD_CP_H,20240609T032025,1340.00,6.4908,35.1367,24,-1.043772,12
CTD_CP_H,20240609T032025,1342.01,6.4816,35.1361,25,-1.043758,13
CTD_CP_H,20240609T032025,1343.99,6.4746,35.1351,23,-1.043781,11
CTD_CP_H,20240609T032025,1345.98,6.4661,35.1345,25,-1.043768,13
CTD_CP_H,20240609T032025,1348.00,6.4611,35.1339,24,-1.043809,12
CTD_CP_H,20240609T032025,1349.99,6.4520,35.1329,24,-1.043791,12
CTD_CP_H,20240609T032025,1352.00,6.4328,35.1311,24,-1.043777,12
CTD_CP_H,20240609T032025,1354.02,6.4234,35.1302,24,-1.043786,12
CTD_CP_H,20240609T032025,1356.03,6.4154,35.1291,24,-1.043784,12
CTD_CP_H,20240609T032025,1358.03,6.3963,35.1279,24,-1.043779,12
CTD_CP_H,20240609T032025,1360.01,6.3810,35.1261,23,-1.043762,11
CTD_CP_H,20240609T032026,1362.00,6.3641,35.1241,24,-1.043750,12
CTD_CP_H,20240609T032026,1364.02,6.3525,35.1230,24,-1.043758,12
CTD_CP_H,20240609T032026,1366.02,6.3421,35.1221,23,-1.043762,12
CTD_CP_H,20240609T032026,1368.01,6.3263,35.1204,24,-1.043752,12
CTD_CP_H,20240609T032026,1370.01,6.3164,35.1194,23,-1.043752,11
CTD_CP_H,20240609T032026,1372.00,6.3101,35.1184,24,-1.043776,12
CTD_CP_H,20240609T032026,1373.98,6.2984,35.1181,23,-1.043787,12
CTD_CP_H,20240609T032026,1375.98,6.2815,35.1160,24,-1.043760,12
CTD_CP_H,20240609T032026,1377.99,6.2697,35.1149,23,-1.043760,11
CTD_CP_H,20240609T032026,1379.98,6.2610,35.1134,24,-1.043756,12
CTD_CP_H,20240609T032026,1381.99,6.2429,35.1121,23,-1.043715,12
CTD_CP_H,20240609T032026,1383.98,6.2326,35.1113,24,-1.043720,12
CTD_CP_H,20240609T032026,1386.02,6.2254,35.1106,24,-1.043722,12
CTD_CP_H,20240609T032027,1388.05,6.2146,35.1089,24,-1.043737,12
CTD_CP_H,20240609T032027,1390.01,6.2008,35.1082,22,-1.043756,11
CTD_CP_H,20240609T032027,1391.97,6.1857,35.1075,24,-1.043738,12
CTD_CP_H,20240609T032027,1394.01,6.1759,35.1060,24,-1.043749,12
CTD_CP_H,20240609T032027,1396.02,6.1637,35.1043,23,-1.043726,11
CTD_CP_H,20240609T032027,1398.02,6.1541,35.1037,24,-1.043708,12
CTD_CP_H,20240609T032027,1400.02,6.1465,35.1026,23,-1.043720,12
CTD_CP_H,20240609T032027,1401.99,6.1363,35.1015,24,-1.043726,12
CTD_CP_H,20240609T032027,1403.98,6.1283,35.1006,23,-1.043718,11
CTD_CP_H,20240609T032027,1405.98,6.1141,35.1000,24,-1.043730,12
CTD_CP_H,20240609T032027,1407.99,6.1002,35.0985,23,-1.043722,12
CTD_CP_H,20240609T032027,1409.98,6.0900,35.0969,24,-1.043720,12
CTD_CP_H,20240609T032027,1411.98,6.0748,35.0963,23,-1.043715,11
CTD_CP_H,20240609T032028,1413.98,6.0643,35.0950,24,-1.043712,12
CTD_CP_H,20240609T032028,1416.02,6.0556,35.0945,24,-1.043725,12
CTD_CP_H,20240609T032028,1418.01,6.0533,35.0939,23,-1.043743,12
CTD_CP_H,20240609T032028,1420.00,6.0433,35.0933,24,-1.043740,12
CTD_CP_H,20240609T032028,1422.03,6.0325,35.0924,24,-1.043736,12
CTD_CP_H,20240609T032028,1424.02,6.0198,35.0912,23,-1.043745,11
CTD_CP_H,20240609T032028,1426.01,6.0086,35.0901,24,-1.043711,12
CTD_CP_H,20240609T032028,1428.02,5.9972,35.0891,23,-1.043723,12
CTD_CP_H,20240609T032028,1429.98,5.9890,35.0885,23,-1.043721,11
CTD_CP_H,20240609T032028,1432.00,5.9853,35.0880,24,-1.043724,12
CTD_CP_H,20240609T032028,1434.01,5.9781,35.0874,23,-1.043721,12
CTD_CP_H,20240609T032028,1436.02,5.9690,35.0868,24,-1.043729,12
CTD_CP_H,20240609T032028,1438.00,5.9552,35.0862,23,-1.043720,11
CTD_CP_H,20240609T032028,1440.00,5.9423,35.0844,24,-1.043718,12
CTD_CP_H,20240609T032029,1442.00,5.9252,35.0828,23,-1.043727,12
CTD_CP_H,20240609T032029,1444.00,5.9147,35.0814,24,-1.043729,12
CTD_CP_H,20240609T032029,1446.01,5.8928,35.0793,23,-1.043733,11
CTD_CP_H,20240609T032029,1448.01,5.8752,35.0780,24,-1.043711,12
CTD_CP_H,20240609T032029,1450.00,5.8560,35.0761,24,-1.043704,12
CTD_CP_H,20240609T032029,1452.02,5.8385,35.0752,29,-1.043699,15
CTD_CP_H,20240609T032029,1454.00,5.8252,35.0740,32,-1.043714,16
CTD_CP_H,20240609T032029,1456.00,5.8163,35.0733,32,-1.043706,16
CTD_CP_H,20240609T032029,1457.98,5.8082,35.0725,32,-1.043711,16
CTD_CP_H,20240609T032029,1459.99,5.7995,35.0716,32,-1.043684,16
CTD_CP_H,20240609T032029,1461.99,5.7868,35.0702,31,-1.043700,15
CTD_CP_H,20240609T032029,1464.00,5.7715,35.0689,32,-1.043684,16
CTD_CP_H,20240609T032029,1466.01,5.7573,35.0677,31,-1.043689,16
CTD_CP_H,20240609T032030,1468.01,5.7444,35.0665,31,-1.043690,15
CTD_CP_H,20240609T032030,1470.00,5.7364,35.0654,31,-1.043705,16
CTD_CP_H,20240609T032030,1471.98,5.7238,35.0641,30,-1.043710,15
CTD_CP_H,20240609T032030,1473.97,5.7040,35.0625,31,-1.043716,15
CTD_CP_H,20240609T032030,1476.01,5.6895,35.0609,31,-1.043692,16
CTD_CP_H,20240609T032030,1478.03,5.6714,35.0595,30,-1.043676,15
CTD_CP_H,20240609T032030,1480.01,5.6562,35.0580,30,-1.043669,15
CTD_CP_H,20240609T032030,1482.00,5.6379,35.0567,30,-1.043640,15
CTD_CP_H,20240609T032030,1483.99,5.6286,35.0556,29,-1.043664,14
CTD_CP_H,20240609T032030,1485.96,5.6173,35.0550,29,-1.043672,15
CTD_CP_H,20240609T032030,1488.00,5.6073,35.0536,30,-1.043676,15
CTD_CP_H,20240609T032030,1490.01,5.5931,35.0528,28,-1.043690,14
CTD_CP_H,20240609T032030,1491.98,5.5796,35.0518,28,-1.043688,14
CTD_CP_H,20240609T032030,1493.99,5.5723,35.0506,29,-1.043695,14
CTD_CP_H,20240609T032031,1496.01,5.5647,35.0500,28,-1.043710,14
CTD_CP_H,20240609T032031,1498.02,5.5413,35.0484,28,-1.043676,14
CTD_CP_H,20240609T032031,1500.00,5.5284,35.0470,27,-1.043652,14
CTD_CP_H,20240609T032031,1501.99,5.5140,35.0461,28,-1.043648,14
CTD_CP_H,20240609T032031,1504.01,5.4981,35.0446,27,-1.043632,13
CTD_CP_H,20240609T032031,1506.01,5.4823,35.0424,27,-1.043615,14
CTD_CP_H,20240609T032031,1508.02,5.4660,35.0410,26,-1.043594,13
CTD_CP_H,20240609T032031,1510.00,5.4467,35.0392,26,-1.043581,13
CTD_CP_H,20240609T032031,1512.01,5.4239,35.0381,26,-1.043562,13
CTD_CP_H,20240609T032031,1514.01,5.4199,35.0370,26,-1.043554,13
CTD_CP_H,20240609T032031,1516.01,5.4098,35.0365,25,-1.043555,12
CTD_CP_H,20240609T032031,1518.01,5.4015,35.0350,26,-1.043547,13
CTD_CP_H,20240609T032031,1520.03,5.3878,35.0338,25,-1.043557,13
CTD_CP_H,20240609T032032,1522.02,5.3715,35.0327,25,-1.043542,12
CTD_CP_H,20240609T032032,1523.99,5.3573,35.0316,24,-1.043544,12
CTD_CP_H,20240609T032032,1525.97,5.3471,35.0304,25,-1.043537,13
CTD_CP_H,20240609T032032,1528.01,5.3412,35.0302,25,-1.043560,12
CTD_CP_H,20240609T032032,1530.03,5.3368,35.0295,24,-1.043569,12
CTD_CP_H,20240609T032032,1532.03,5.3217,35.0279,24,-1.043565,12
CTD_CP_H,20240609T032032,1534.04,5.3116,35.0273,24,-1.043546,12
CTD_CP_H,20240609T032032,1536.02,5.3040,35.0260,23,-1.043544,12
CTD_CP_H,20240609T032032,1538.01,5.2948,35.0260,24,-1.043524,12
CTD_CP_H,20240609T032032,1540.01,5.2866,35.0249,23,-1.043527,11
CTD_CP_H,20240609T032032,1541.98,5.2708,35.0241,23,-1.043504,12
CTD_CP_H,20240609T032032,1543.98,5.2602,35.0229,24,-1.043512,12
CTD_CP_H,20240609T032032,1546.00,5.2561,35.0221,23,-1.043520,11
CTD_CP_H,20240609T032032,1547.98,5.2516,35.0217,23,-1.043539,12
CTD_CP_H,20240609T032033,1549.98,5.2483,35.0211,23,-1.043526,11
CTD_CP_H,20240609T032033,1551.98,5.2375,35.0207,23,-1.043508,12
CTD_CP_H,20240609T032033,1553.99,5.2294,35.0198,23,-1.043497,11
CTD_CP_H,20240609T032033,1556.01,5.2208,35.0188,23,-1.043515,12
CTD_CP_H,20240609T032033,1557.99,5.2093,35.0180,22,-1.043482,11
CTD_CP_H,20240609T032033,1559.97,5.2010,35.0171,23,-1.043490,11
CTD_CP_H,20240609T032033,1562.01,5.1933,35.0165,23,-1.043470,12
CTD_CP_H,20240609T032033,1564.02,5.1826,35.0154,22,-1.043480,11
CTD_CP_H,20240609T032033,1566.02,5.1729,35.0142,23,-1.043472,11
CTD_CP_H,20240609T032033,1568.02,5.1541,35.0128,22,-1.043458,11
CTD_CP_H,20240609T032033,1569.98,5.1361,35.0112,22,-1.043463,11
CTD_CP_H,20240609T032033,1571.99,5.1228,35.0101,23,-1.043449,12
CTD_CP_H,20240609T032033,1574.03,5.1130,35.0096,22,-1.043442,11
CTD_CP_H,20240609T032034,1576.03,5.1065,35.0087,22,-1.043434,11
CTD_CP_H,20240609T032034,1578.03,5.1056,35.0083,22,-1.043452,11
CTD_CP_H,20240609T032034,1580.00,5.0940,35.0077,21,-1.043430,10
CTD_CP_H,20240609T032034,1581.95,5.0770,35.0064,22,-1.043444,11
CTD_CP_H,20240609T032034,1583.97,5.0666,35.0058,22,-1.043465,11
CTD_CP_H,20240609T032034,1586.00,5.0610,35.0053,22,-1.043473,11
CTD_CP_H,20240609T032034,1588.03,5.0553,35.0047,22,-1.043456,11
CTD_CP_H,20240609T032034,1590.01,5.0438,35.0037,21,-1.043426,11
CTD_CP_H,20240609T032034,1592.00,5.0407,35.0033,22,-1.043444,11
CTD_CP_H,20240609T032034,1594.00,5.0366,35.0031,21,-1.043423,10
CTD_CP_H,20240609T032034,1595.98,5.0325,35.0023,22,-1.043430,11
CTD_CP_H,20240609T032034,1598.03,5.0276,35.0018,22,-1.043455,11
CTD_CP_H,20240609T032034,1600.03,5.0198,35.0012,21,-1.043457,11
CTD_CP_H,20240609T032034,1601.99,5.0069,35.0003,21,-1.043469,10
CTD_CP_H,20240609T032035,1603.98,4.9986,34.9995,21,-1.043472,11
CTD_CP_H,20240609T032035,1606.02,4.9908,34.9985,22,-1.043440,11
CTD_CP_H,20240609T032035,1607.99,4.9774,34.9975,20,-1.043434,10
CTD_CP_H,20240609T032035,1609.95,4.9628,34.9960,22,-1.043423,11
CTD_CP_H,20240609T032035,1612.01,4.9434,34.9939,22,-1.043417,11
CTD_CP_H,20240609T032035,1614.05,4.9229,34.9925,21,-1.043383,10
CTD_CP_H,20240609T032035,1616.02,4.9137,34.9916,21,-1.043399,11
CTD_CP_H,20240609T032035,1618.00,4.9066,34.9907,21,-1.043411,10
CTD_CP_H,20240609T032035,1619.99,4.8844,34.9890,21,-1.043324,11
CTD_CP_H,20240609T032035,1621.98,4.8760,34.9880,21,-1.043309,10
CTD_CP_H,20240609T032035,1623.96,4.8679,34.9868,21,-1.043308,11
CTD_CP_H,20240609T032035,1626.00,4.8478,34.9853,22,-1.043308,11
CTD_CP_H,20240609T032035,1628.04,4.8353,34.9846,21,-1.043352,10
CTD_CP_H,20240609T032036,1630.03,4.8175,34.9836,21,-1.043322,11
CTD_CP_H,20240609T032036,1632.04,4.8073,34.9825,22,-1.043281,11
CTD_CP_H,20240609T032036,1634.03,4.7901,34.9809,24,-1.043258,12
CTD_CP_H,20240609T032036,1635.98,4.7866,34.9808,27,-1.043257,13
CTD_CP_H,20240609T032036,1637.99,4.7803,34.9797,29,-1.043237,15
CTD_CP_H,20240609T032036,1640.00,4.7733,34.9789,27,-1.043245,13
CTD_CP_H,20240609T032036,1641.99,4.7644,34.9776,29,-1.043230,15
CTD_CP_H,20240609T032036,1644.00,4.7496,34.9759,27,-1.043198,13
CTD_CP_H,20240609T032036,1645.99,4.7254,34.9736,28,-1.043151,14
CTD_CP_H,20240609T032036,1648.01,4.7184,34.9735,27,-1.043178,14
CTD_CP_H,20240609T032036,1649.98,4.7109,34.9726,27,-1.043190,13
CTD_CP_H,20240609T032036,1651.98,4.7005,34.9722,28,-1.043194,14
CTD_CP_H,20240609T032036,1653.98,4.6833,34.9710,27,-1.043160,14
CTD_CP_H,20240609T032036,1655.99,4.6679,34.9693,28,-1.043139,14
CTD_CP_H,20240609T032037,1658.01,4.6604,34.9683,27,-1.043153,13
CTD_CP_H,20240609T032037,1659.99,4.6551,34.9677,27,-1.043147,14
CTD_CP_H,20240609T032037,1662.00,4.6450,34.9676,27,-1.043146,13
CTD_CP_H,20240609T032037,1664.00,4.6353,34.9664,27,-1.043183,14
CTD_CP_H,20240609T032037,1666.00,4.6243,34.9653,27,-1.043191,13
CTD_CP_H,20240609T032037,1667.99,4.6161,34.9647,27,-1.043144,14
CTD_CP_H,20240609T032037,1669.98,4.5937,34.9626,27,-1.043097,13
CTD_CP_H,20240609T032037,1671.97,4.5872,34.9621,27,-1.043137,14
CTD_CP_H,20240609T032037,1673.98,4.5829,34.9615,27,-1.043094,13
CTD_CP_H,20240609T032037,1675.99,4.5697,34.9599,27,-1.043086,14
CTD_CP_H,20240609T032037,1678.00,4.5499,34.9584,26,-1.043057,13
CTD_CP_H,20240609T032037,1679.99,4.5343,34.9572,26,-1.043054,13
CTD_CP_H,20240609T032037,1681.97,4.5258,34.9561,26,-1.043027,13
CTD_CP_H,20240609T032038,1683.99,4.5154,34.9552,27,-1.042999,13
CTD_CP_H,20240609T032038,1686.01,4.5057,34.9544,26,-1.042993,13
CTD_CP_H,20240609T032038,1688.01,4.4923,34.9535,26,-1.042938,13
CTD_CP_H,20240609T032038,1690.02,4.4871,34.9528,26,-1.042937,13
CTD_CP_H,20240609T032038,1692.02,4.4703,34.9516,26,-1.042950,13
CTD_CP_H,20240609T032038,1694.01,4.4602,34.9506,25,-1.042926,13
CTD_CP_H,20240609T032038,1696.02,4.4502,34.9495,26,-1.042916,13
CTD_CP_H,20240609T032038,1698.03,4.4385,34.9486,25,-1.042880,12
CTD_CP_H,20240609T032038,1700.00,4.4233,34.9471,25,-1.042885,13
CTD_CP_H,20240609T032038,1701.98,4.4145,34.9465,25,-1.042875,12
CTD_CP_H,20240609T032038,1703.97,4.3962,34.9454,25,-1.042849,13
CTD_CP_H,20240609T032038,1705.98,4.3848,34.9443,25,-1.042869,12
CTD_CP_H,20240609T032038,1707.99,4.3748,34.9432,25,-1.042851,13
CTD_CP_H,20240609T032038,1709.99,4.3583,34.9419,24,-1.042841,12
CTD_CP_H,20240609T032039,1712.00,4.3379,34.9405,25,-1.042807,12
CTD_CP_H,20240609T032039,1714.02,4.3283,34.9395,24,-1.042797,12
CTD_CP_H,20240609T032039,1715.99,4.3234,34.9389,24,-1.042802,12
CTD_CP_H,20240609T032039,1717.97,4.3141,34.9376,24,-1.042783,12
CTD_CP_H,20240609T032039,1720.01,4.2980,34.9360,25,-1.042766,13
CTD_CP_H,20240609T032039,1722.05,4.2838,34.9348,24,-1.042732,12
CTD_CP_H,20240609T032039,1724.00,4.2759,34.9341,23,-1.042711,11
CTD_CP_H,20240609T032039,1725.98,4.2678,34.9330,24,-1.042680,12
CTD_CP_H,20240609T032039,1728.01,4.2558,34.9319,24,-1.042642,12
CTD_CP_H,20240609T032039,1729.99,4.2448,34.9308,23,-1.042601,12
CTD_CP_H,20240609T032039,1732.00,4.2345,34.9297,24,-1.042600,12
CTD_CP_H,20240609T032039,1734.01,4.2286,34.9291,23,-1.042604,11
CTD_CP_H,20240609T032039,1736.02,4.2180,34.9282,24,-1.042594,12
CTD_CP_H,20240609T032040,1738.03,4.2098,34.9276,23,-1.042574,12
CTD_CP_H,20240609T032040,1740.01,4.1979,34.9268,23,-1.042559,11
CTD_CP_H,20240609T032040,1741.98,4.1888,34.9262,23,-1.042577,12
CTD_CP_H,20240609T032040,1744.00,4.1863,34.9257,24,-1.042598,12
CTD_CP_H,20240609T032040,1746.04,4.1802,34.9251,23,-1.042582,11
CTD_CP_H,20240609T032040,1748.01,4.1720,34.9247,22,-1.042569,11
CTD_CP_H,20240609T032040,1749.97,4.1671,34.9242,23,-1.042563,12
CTD_CP_H,20240609T032040,1751.98,4.1601,34.9234,23,-1.042581,11
CTD_CP_H,20240609T032040,1754.01,4.1540,34.9229,23,-1.042588,12
CTD_CP_H,20240609T032040,1755.99,4.1461,34.9221,22,-1.042574,11
CTD_CP_H,20240609T032040,1757.98,4.1386,34.9213,23,-1.042583,11
CTD_CP_H,20240609T032040,1760.02,4.1295,34.9203,23,-1.042571,12
CTD_CP_H,20240609T032040,1762.01,4.1161,34.9192,22,-1.042551,11
CTD_CP_H,20240609T032040,1764.00,4.1042,34.9182,23,-1.042527,11
CTD_CP_H,20240609T032041,1766.00,4.0935,34.9172,22,-1.042520,11
CTD_CP_H,20240609T032041,1768.02,4.0799,34.9160,23,-1.042468,12
CTD_CP_H,20240609T032041,1770.04,4.0670,34.9146,22,-1.042433,11
CTD_CP_H,20240609T032041,1772.01,4.0571,34.9134,22,-1.042402,11
CTD_CP_H,20240609T032041,1774.00,4.0493,34.9129,22,-1.042390,11
CTD_CP_H,20240609T032041,1776.01,4.0393,34.9120,22,-1.042377,11
CTD_CP_H,20240609T032041,1778.02,4.0287,34.9111,22,-1.042380,11
CTD_CP_H,20240609T032041,1779.99,4.0197,34.9100,21,-1.042369,10
CTD_CP_H,20240609T032041,1781.98,4.0071,34.9092,22,-1.042315,11
CTD_CP_H,20240609T032041,1784.01,3.9972,34.9084,22,-1.042313,11
CTD_CP_H,20240609T032041,1786.00,3.9891,34.9076,21,-1.042314,11
CTD_CP_H,20240609T032041,1787.98,3.9779,34.9067,22,-1.042294,11
CTD_CP_H,20240609T032041,1790.02,3.9727,34.9064,22,-1.042298,11
CTD_CP_H,20240609T032042,1792.01,3.9713,34.9061,21,-1.042306,10
CTD_CP_H,20240609T032042,1794.01,3.9695,34.9060,22,-1.042320,11
CTD_CP_H,20240609T032042,1796.01,3.9649,34.9053,21,-1.042302,11
CTD_CP_H,20240609T032042,1798.00,3.9563,34.9046,22,-1.042289,11
CTD_CP_H,20240609T032042,1800.01,3.9424,34.9032,21,-1.042255,10
CTD_CP_H,20240609T032042,1801.99,3.9318,34.9024,21,-1.042249,11
CTD_CP_H,20240609T032042,1803.99,3.9205,34.9014,21,-1.042234,10
CTD_CP_H,20240609T032042,1805.97,3.9116,34.9007,21,-1.042211,11
CTD_CP_H,20240609T032042,1807.97,3.9080,34.9003,21,-1.042211,10
CTD_CP_H,20240609T032042,1809.97,3.9028,34.8997,21,-1.042210,11
CTD_CP_H,20240609T032042,1811.97,3.8911,34.8988,21,-1.042190,10
CTD_CP_H,20240609T032042,1813.98,3.8807,34.8980,21,-1.042173,11
CTD_CP_H,20240609T032042,1815.98,3.8718,34.8971,21,-1.042163,10
CTD_CP_H,20240609T032042,1817.99,3.8619,34.8964,21,-1.042142,11
CTD_CP_H,20240609T032043,1819.99,3.8508,34.8956,21,-1.042129,10
CTD_CP_H,20240609T032043,1821.99,3.8427,34.8948,21,-1.042108,11
CTD_CP_H,20240609T032043,1824.01,3.8342,34.8942,21,-1.042088,10
CTD_CP_H,20240609T032043,1826.04,3.8268,34.8934,21,-1.042099,11
CTD_CP_H,20240609T032043,1828.01,3.8218,34.8930,20,-1.042092,10
CTD_CP_H,20240609T032043,1829.97,3.8200,34.8925,21,-1.042082,10
CTD_CP_H,20240609T032043,1831.97,3.8080,34.8916,21,-1.042046,11
CTD_CP_H,20240609T032043,1833.98,3.7962,34.8903,21,-1.042016,10
CTD_CP_H,20240609T032043,1836.02,3.7815,34.8894,21,-1.041971,11
CTD_CP_H,20240609T032043,1838.05,3.7683,34.8884,21,-1.041955,10
CTD_CP_H,20240609T032043,1840.03,3.7609,34.8878,20,-1.041971,10
CTD_CP_H,20240609T032043,1842.01,3.7540,34.8871,21,-1.041982,11
CTD_CP_H,20240609T032043,1844.01,3.7476,34.8866,21,-1.041983,10
CTD_CP_H,20240609T032044,1846.02,3.7412,34.8860,23,-1.041968,12
CTD_CP_H,20240609T032044,1848.03,3.7363,34.8858,26,-1.041961,13
CTD_CP_H,20240609T032044,1850.03,3.7295,34.8851,27,-1.041969,13
CTD_CP_H,20240609T032044,1852.02,3.7205,34.8842,26,-1.041944,13
CTD_CP_H,20240609T032044,1854.00,3.7105,34.8834,27,-1.041948,14
CTD_CP_H,20240609T032044,1856.01,3.7073,34.8832,27,-1.041950,13
CTD_CP_H,20240609T032044,1858.00,3.7030,34.8826,26,-1.041943,13
CTD_CP_H,20240609T032044,1859.99,3.6906,34.8821,27,-1.041946,14
CTD_CP_H,20240609T032044,1862.00,3.6867,34.8817,27,-1.041925,13
CTD_CP_H,20240609T032044,1863.99,3.6773,34.8810,26,-1.041922,13
CTD_CP_H,20240609T032044,1866.00,3.6730,34.8805,27,-1.041927,14
CTD_CP_H,20240609T032044,1868.01,3.6693,34.8800,26,-1.041905,13
CTD_CP_H,20240609T032044,1869.98,3.6623,34.8793,26,-1.041922,13
CTD_CP_H,20240609T032045,1871.99,3.6527,34.8788,27,-1.041895,13
CTD_CP_H,20240609T032045,1874.01,3.6426,34.8778,26,-1.041881,13
CTD_CP_H,20240609T032045,1876.01,3.6328,34.8770,26,-1.041870,13
CTD_CP_H,20240609T032045,1877.99,3.6213,34.8763,25,-1.041838,13
CTD_CP_H,20240609T032045,1879.99,3.6165,34.8758,26,-1.041841,13
CTD_CP_H,20240609T032045,1882.00,3.6116,34.8750,26,-1.041847,13
CTD_CP_H,20240609T032045,1884.02,3.5947,34.8740,26,-1.041788,13
CTD_CP_H,20240609T032045,1886.01,3.5794,34.8729,25,-1.041767,12
CTD_CP_H,20240609T032045,1887.96,3.5727,34.8720,25,-1.041758,13
CTD_CP_H,20240609T032045,1889.96,3.5670,34.8717,26,-1.041770,13
CTD_CP_H,20240609T032045,1892.00,3.5638,34.8715,26,-1.041786,13
CTD_CP_H,20240609T032045,1894.00,3.5609,34.8710,25,-1.041777,12
CTD_CP_H,20240609T032045,1895.97,3.5562,34.8706,25,-1.041762,13
CTD_CP_H,20240609T032045,1897.99,3.5471,34.8699,26,-1.041751,13
CTD_CP_H,20240609T032046,1900.01,3.5422,34.8694,25,-1.041758,12
CTD_CP_H,20240609T032046,1901.98,3.5323,34.8687,25,-1.041720,13
CTD_CP_H,20240609T032046,1903.96,3.5232,34.8680,25,-1.041721,12
CTD_CP_H,20240609T032046,1905.98,3.5140,34.8672,26,-1.041708,13
CTD_CP_H,20240609T032046,1908.02,3.5045,34.8667,25,-1.041720,13
CTD_CP_H,20240609T032046,1910.00,3.4970,34.8660,25,-1.041684,12
CTD_CP_H,20240609T032046,1911.98,3.4901,34.8654,25,-1.041686,13
CTD_CP_H,20240609T032046,1913.98,3.4836,34.8650,25,-1.041675,12
CTD_CP_H,20240609T032046,1915.99,3.4753,34.8643,25,-1.041669,13
CTD_CP_H,20240609T032046,1917.99,3.4680,34.8638,25,-1.041668,12
CTD_CP_H,20240609T032046,1919.98,3.4656,34.8638,25,-1.041664,13
CTD_CP_H,20240609T032046,1921.98,3.4617,34.8634,25,-1.041659,12
CTD_CP_H,20240609T032046,1923.98,3.4599,34.8632,25,-1.041648,13
CTD_CP_H,20240609T032047,1926.00,3.4559,34.8628,25,-1.041649,12
CTD_CP_H,20240609T032047,1928.02,3.4523,34.8625,25,-1.041654,13
CTD_CP_H,20240609T032047,1930.02,3.4468,34.8620,25,-1.041632,12
CTD_CP_H,20240609T032047,1932.01,3.4399,34.8614,24,-1.041620,12
CTD_CP_H,20240609T032047,1934.00,3.4302,34.8606,25,-1.041604,13
CTD_CP_H,20240609T032047,1936.02,3.4202,34.8599,25,-1.041593,12
CTD_CP_H,20240609T032047,1938.00,3.4116,34.8591,24,-1.041587,12
CTD_CP_H,20240609T032047,1939.99,3.4009,34.8583,25,-1.041600,13
CTD_CP_H,20240609T032047,1942.00,3.3940,34.8577,24,-1.041562,12
CTD_CP_H,20240609T032047,1943.98,3.3883,34.8572,24,-1.041534,12
CTD_CP_H,20240609T032047,1945.98,3.3817,34.8564,24,-1.041498,12
CTD_CP_H,20240609T032047,1947.99,3.3726,34.8556,24,-1.041475,12
CTD_CP_H,20240609T032047,1950.00,3.3627,34.8548,24,-1.041476,12
CTD_CP_H,20240609T032047,1952.01,3.3555,34.8543,24,-1.041478,12
CTD_CP_H,20240609T032048,1954.02,3.3478,34.8538,24,-1.041479,12
CTD_CP_H,20240609T032048,1956.01,3.3455,34.8533,23,-1.041481,11
CTD_CP_H,20240609T032048,1958.00,3.3382,34.8530,24,-1.041463,12
CTD_CP_H,20240609T032048,1960.01,3.3306,34.8523,23,-1.041456,12
CTD_CP_H,20240609T032048,1961.97,3.3254,34.8521,23,-1.041443,11
CTD_CP_H,20240609T032048,1963.98,3.3224,34.8516,24,-1.041446,12
CTD_CP_H,20240609T032048,1965.98,3.3174,34.8513,23,-1.041453,12
CTD_CP_H,20240609T032048,1967.99,3.3140,34.8511,24,-1.041448,12
CTD_CP_H,20240609T032048,1970.00,3.3097,34.8507,23,-1.041461,11
CTD_CP_H,20240609T032048,1971.97,3.3066,34.8502,23,-1.041436,12
CTD_CP_H,20240609T032048,1973.99,3.3014,34.8499,24,-1.041432,12
CTD_CP_H,20240609T032048,1976.03,3.2936,34.8494,23,-1.041412,11
CTD_CP_H,20240609T032048,1978.03,3.2882,34.8489,23,-1.041426,12
CTD_CP_H,20240609T032049,1980.01,3.2845,34.8486,22,-1.041431,11
CTD_CP_H,20240609T032049,1981.98,3.2823,34.8485,23,-1.041408,11
CTD_CP_H,20240609T032049,1984.01,3.2788,34.8479,23,-1.041413,12
CTD_CP_H,20240609T032049,1986.02,3.2711,34.8473,22,-1.041419,11
CTD_CP_H,20240609T032049,1988.00,3.2630,34.8468,22,-1.041409,11
CTD_CP_H,20240609T032049,1989.98,3.2551,34.8462,22,-1.041388,11
CTD_CP_H,20240609T032049,1991.99,3.2517,34.8455,22,-1.041363,11
CTD_CP_H,20240609T032049,1993.98,3.2429,34.8449,22,-1.041373,2
CTD_CP_H,20240609T032049,1995.99,3.2355,34.8444,22,nan,0
CTD_CP_H,20240609T032049,1997.07,3.2277,34.8437,2,nan,0
GPS,20240609T033604,17.860500,67.718338,11
CTD_P,20240609T033606,-0.24
