Message,20250809T081711,Firmware: 07/21/23 18:56:40 2.17.4 STD IRID Final
Message,20250809T081711,Username: f10469
GPS,20250809T081711,18.808413,62.841663,7
GPS,20250809T082352,18.808619,62.842278,7
CTD_P,20250809T082354,-0.20
FLBB_CFG,20250809T082356,695,700
Message,20250809T082356,Park Descent Mission
CTD_P,20250809T082359,-0.08
CTD_P,20250809T082513,0.00
CTD_P,20250809T082615,0.00
CTD_P,20250809T082717,0.13
CTD_P,20250809T082820,0.16
CTD_P,20250809T082922,0.37
CTD_P,20250809T083024,3.35
CTD_P,20250809T083126,9.75
CTD_P,20250809T083229,18.29
CTD_P,20250809T083331,28.35
CTD_P,20250809T083433,39.71
CTD_P,20250809T083510,46.91
CTD_P,20250809T083512,47.18
CTD_P,20250809T083612,57.30
CTD_P,20250809T093615,484.17
CTD_P,20250809T103618,762.50
CTD_P,20250809T112802,908.88
CTD_P,20250809T120100,966.47
CTD_P,20250809T122124,981.80
CTD_P,20250809T124820,992.30
CTD_P,20250809T134823,996.91
CTD_P,20250809T134926,996.75
CTD_P,20250809T135029,996.58
CTD_P,20250809T135043,996.55
CTD_P,20250809T135145,996.93
CTD_P,20250809T135248,997.71
CTD_P,20250809T135259,997.84
CTD_P,20250809T135401,998.93
CTD_P,20250809T135659,1002.22
Message,20250809T135702,Park Mission
CTD_P,20250809T135705,1002.34
CTD_PTSH,20250809T135727,1002.70,8.6568,35.3750,0.195920
CTD_P,20250809T135728,1002.74
CTD_P,20250809T145701,1037.12
CTD_PTSH,20250809T145724,1037.20,8.3643,35.3440,0.196066
CTD_P,20250809T145725,1037.19
CTD_P,20250809T155726,1037.53
CTD_PTSH,20250809T155749,1037.50,8.2568,35.3430,0.196073
CTD_P,20250809T155750,1037.48
CTD_P,20250809T165751,1043.11
CTD_PTSH,20250809T165814,1043.10,8.2320,35.3320,0.195968
CTD_P,20250809T165815,1043.09
CTD_P,20250809T175816,1023.77
CTD_PTSH,20250809T175839,1023.70,8.3300,35.3400,0.195782
CTD_P,20250809T175840,1023.74
CTD_P,20250809T185841,1023.93
CTD_PTSH,20250809T185904,1024.00,8.3148,35.3390,0.195678
CTD_P,20250809T185905,1023.97
CTD_P,20250809T195906,1024.41
CTD_PTSH,20250809T195929,1024.50,8.3139,35.3390,0.195635
CTD_P,20250809T195930,1024.47
CTD_P,20250809T205931,1026.83
CTD_PTSH,20250809T205954,1026.90,8.3477,35.3430,0.195494
CTD_P,20250809T205955,1026.90
CTD_P,20250809T215956,1028.20
CTD_PTSH,20250809T220019,1028.10,8.3932,35.3480,0.195419
CTD_P,20250809T220020,1028.10
CTD_P,20250809T230021,1034.13
CTD_PTSH,20250809T230044,1034.20,8.4671,35.3560,0.195287
CTD_P,20250809T230045,1034.27
CTD_P,20250810T000046,1010.81
CTD_PTSH,20250810T000109,1010.70,8.5790,35.3640,0.195066
CTD_P,20250810T000110,1010.65
CTD_P,20250810T010111,1007.06
CTD_PTSH,20250810T010134,1007.00,8.5695,35.3650,0.195099
CTD_P,20250810T010135,1007.00
CTD_P,20250810T020136,1004.11
CTD_PTSH,20250810T020159,1004.00,8.5120,35.3630,0.195054
CTD_P,20250810T020200,1003.99
CTD_P,20250810T030201,1002.57
CTD_PTSH,20250810T030224,1002.60,8.4846,35.3610,0.195073
CTD_P,20250810T030225,1002.56
CTD_P,20250810T040226,1004.95
CTD_PTSH,20250810T040249,1005.10,8.4133,35.3520,0.195216
CTD_P,20250810T040250,1005.01
CTD_P,20250810T050251,1005.05
CTD_PTSH,20250810T050314,1005.00,8.4094,35.3500,0.195271
CTD_P,20250810T050315,1004.98
CTD_P,20250810T060316,1005.81
CTD_PTSH,20250810T060339,1005.80,8.3848,35.3470,0.195306
CTD_P,20250810T060340,1005.79
CTD_P,20250810T070341,1007.93
CTD_PTSH,20250810T070404,1007.80,8.4298,35.3530,0.195182
CTD_P,20250810T070405,1007.77
CTD_P,20250810T080406,1006.84
CTD_PTSH,20250810T080429,1006.80,8.4467,35.3560,0.195197
CTD_P,20250810T080430,1006.84
CTD_P,20250810T090431,1009.10
CTD_PTSH,20250810T090454,1009.10,8.4824,35.3580,0.195093
CTD_P,20250810T090455,1009.10
CTD_P,20250810T100456,1008.97
CTD_PTSH,20250810T100519,1008.90,8.4928,35.3590,0.195039
CTD_P,20250810T100520,1008.94
CTD_P,20250810T110521,1012.40
CTD_PTSH,20250810T110544,1012.50,8.5491,35.3630,0.194924
CTD_P,20250810T110545,1012.43
CTD_P,20250810T120546,1011.06
CTD_PTSH,20250810T120609,1011.00,8.5405,35.3620,0.194948
CTD_P,20250810T120610,1011.04
CTD_P,20250810T130611,1008.03
CTD_PTSH,20250810T130634,1008.00,8.5040,35.3630,0.194904
CTD_P,20250810T130635,1008.02
CTD_P,20250810T140636,1011.57
CTD_PTSH,20250810T140659,1011.60,8.5396,35.3610,0.194879
CTD_P,20250810T140700,1011.53
CTD_P,20250810T150701,1011.11
CTD_PTSH,20250810T150724,1011.10,8.5363,35.3610,0.194830
CTD_P,20250810T150725,1011.07
CTD_P,20250810T160726,1007.31
CTD_PTSH,20250810T160749,1007.40,8.5072,35.3620,0.194877
CTD_P,20250810T160750,1007.37
CTD_P,20250810T170751,1006.61
CTD_PTSH,20250810T170814,1006.60,8.4593,35.3590,0.194868
CTD_P,20250810T170815,1006.62
CTD_P,20250810T180816,1009.69
CTD_PTSH,20250810T180839,1009.70,8.4719,35.3580,0.195064
CTD_P,20250810T180840,1009.72
CTD_P,20250810T190841,1007.83
CTD_PTSH,20250810T190904,1007.80,8.4843,35.3610,0.195072
CTD_P,20250810T190905,1007.76
CTD_P,20250810T200906,1012.44
CTD_PTSH,20250810T200929,1012.50,8.4888,35.3600,0.195016
CTD_P,20250810T200930,1012.42
CTD_P,20250810T210931,1012.72
CTD_PTSH,20250810T210954,1012.70,8.5359,35.3620,0.194976
CTD_P,20250810T210955,1012.68
CTD_P,20250810T220956,1011.78
CTD_PTSH,20250810T221019,1011.80,8.5446,35.3640,0.194970
CTD_P,20250810T221020,1011.78
CTD_P,20250810T231021,1013.98
CTD_PTSH,20250810T231044,1014.00,8.5398,35.3640,0.194912
CTD_P,20250810T231045,1013.99
CTD_P,20250811T001046,1011.59
CTD_PTSH,20250811T001109,1011.50,8.5531,35.3650,0.194913
CTD_P,20250811T001110,1011.55
CTD_P,20250811T011111,1014.97
CTD_PTSH,20250811T011134,1015.10,8.5554,35.3640,0.194870
CTD_P,20250811T011135,1015.11
CTD_P,20250811T021136,1012.41
CTD_PTSH,20250811T021159,1012.30,8.5748,35.3660,0.194865
CTD_P,20250811T021200,1012.32
CTD_P,20250811T031201,1010.89
CTD_PTSH,20250811T031224,1010.90,8.5330,35.3670,0.194839
CTD_P,20250811T031225,1010.87
CTD_P,20250811T041226,1009.77
CTD_PTSH,20250811T041249,1009.80,8.5044,35.3610,0.194854
CTD_P,20250811T041250,1009.76
CTD_P,20250811T051251,1012.15
CTD_PTSH,20250811T051314,1012.10,8.5059,35.3610,0.194900
CTD_P,20250811T051315,1012.14
CTD_P,20250811T061316,1008.35
CTD_PTSH,20250811T061339,1008.30,8.4484,35.3660,0.194841
CTD_P,20250811T061340,1008.31
CTD_P,20250811T071341,1007.74
CTD_PTSH,20250811T071404,1007.80,8.3686,35.3500,0.194976
CTD_P,20250811T071405,1007.80
CTD_P,20250811T081406,1009.60
CTD_PTSH,20250811T081429,1009.60,8.4025,35.3510,0.194858
CTD_P,20250811T081430,1009.57
CTD_P,20250811T091431,1008.37
CTD_PTSH,20250811T091454,1008.30,8.3443,35.3460,0.194927
CTD_P,20250811T091455,1008.30
CTD_P,20250811T101456,1010.01
CTD_PTSH,20250811T101519,1009.90,8.3765,35.3460,0.194977
CTD_P,20250811T101520,1009.93
CTD_P,20250811T111521,1010.28
CTD_PTSH,20250811T111544,1010.20,8.3346,35.3410,0.194940
CTD_P,20250811T111545,1010.22
CTD_P,20250811T121546,1014.08
CTD_PTSH,20250811T121609,1014.10,8.4008,35.3480,0.194819
CTD_P,20250811T121610,1014.13
CTD_P,20250811T131611,1016.80
CTD_PTSH,20250811T131634,1016.60,8.4987,35.3590,0.194710
CTD_P,20250811T131635,1016.55
CTD_P,20250811T141636,1012.77
CTD_PTSH,20250811T141659,1012.70,8.4960,35.3610,0.194681
CTD_P,20250811T141700,1012.73
CTD_P,20250811T151701,1011.19
CTD_PTSH,20250811T151724,1011.20,8.4594,35.3560,0.194669
CTD_P,20250811T151725,1011.20
CTD_P,20250811T161726,1011.18
CTD_PTSH,20250811T161749,1011.20,8.4138,35.3590,0.194693
CTD_P,20250811T161750,1011.22
CTD_P,20250811T171751,1015.28
CTD_PTSH,20250811T171814,1015.20,8.4720,35.3570,0.194690
CTD_P,20250811T171815,1015.21
CTD_P,20250811T181816,1013.32
CTD_PTSH,20250811T181839,1013.30,8.4890,35.3590,0.194659
CTD_P,20250811T181840,1013.35
CTD_P,20250811T191841,1015.95
CTD_PTSH,20250811T191904,1016.00,8.5067,35.3600,0.194629
CTD_P,20250811T191905,1015.97
CTD_P,20250811T201906,1013.68
CTD_PTSH,20250811T201929,1013.70,8.5130,35.3630,0.194580
CTD_P,20250811T201930,1013.71
CTD_P,20250811T211931,1013.32
CTD_PTSH,20250811T211954,1013.30,8.5191,35.3640,0.194525
CTD_P,20250811T211955,1013.28
CTD_P,20250811T221956,1012.69
CTD_PTSH,20250811T222019,1012.70,8.5028,35.3610,0.194518
CTD_P,20250811T222020,1012.64
CTD_P,20250811T232021,1013.84
CTD_PTSH,20250811T232044,1013.90,8.5033,35.3600,0.194533
CTD_P,20250811T232045,1013.82
CTD_P,20250812T002046,1012.60
CTD_PTSH,20250812T002109,1012.50,8.5509,35.3620,0.194446
CTD_P,20250812T002110,1012.44
CTD_P,20250812T012111,1015.94
CTD_PTSH,20250812T012134,1016.00,8.5294,35.3620,0.194479
CTD_P,20250812T012135,1015.98
CTD_P,20250812T022136,1013.50
CTD_PTSH,20250812T022159,1013.40,8.5224,35.3630,0.194477
CTD_P,20250812T022200,1013.38
CTD_P,20250812T032201,1012.28
CTD_PTSH,20250812T032224,1012.30,8.4854,35.3620,0.194466
CTD_P,20250812T032225,1012.26
CTD_P,20250812T042226,1012.51
CTD_PTSH,20250812T042249,1012.50,8.4851,35.3600,0.194480
CTD_P,20250812T042250,1012.50
CTD_P,20250812T052251,1010.24
CTD_PTSH,20250812T052314,1010.20,8.4582,35.3550,0.194454
CTD_P,20250812T052315,1010.19
CTD_P,20250812T062316,1011.65
CTD_PTSH,20250812T062339,1011.70,8.3702,35.3460,0.194505
CTD_P,20250812T062340,1011.68
CTD_P,20250812T072341,1014.53
CTD_PTSH,20250812T072404,1014.50,8.4084,35.3500,0.194486
CTD_P,20250812T072405,1014.50
CTD_P,20250812T082406,1016.07
CTD_PTSH,20250812T082429,1016.10,8.4580,35.3570,0.194470
CTD_P,20250812T082430,1016.07
CTD_P,20250812T092431,1013.09
CTD_PTSH,20250812T092454,1013.10,8.4646,35.3560,0.194440
CTD_P,20250812T092455,1013.03
CTD_P,20250812T102456,1010.34
CTD_PTSH,20250812T102519,1010.40,8.4018,35.3550,0.194440
CTD_P,20250812T102520,1010.43
CTD_P,20250812T112521,1016.97
CTD_PTSH,20250812T112544,1017.00,8.4061,35.3490,0.194490
CTD_P,20250812T112545,1017.02
CTD_P,20250812T122546,1015.01
CTD_PTSH,20250812T122609,1014.90,8.4884,35.3600,0.194317
CTD_P,20250812T122610,1014.87
CTD_P,20250812T132611,1017.06
CTD_PTSH,20250812T132634,1017.00,8.5073,35.3590,0.194368
CTD_P,20250812T132635,1017.01
CTD_P,20250812T142636,1015.90
CTD_PTSH,20250812T142659,1015.90,8.5280,35.3600,0.194292
CTD_P,20250812T142700,1015.86
CTD_P,20250812T152701,1016.59
CTD_PTSH,20250812T152724,1016.60,8.5055,35.3610,0.194188
CTD_P,20250812T152725,1016.62
CTD_P,20250812T162726,1016.52
CTD_PTSH,20250812T162749,1016.40,8.5105,35.3610,0.194283
CTD_P,20250812T162750,1016.47
CTD_P,20250812T172751,1015.85
CTD_PTSH,20250812T172814,1015.80,8.5056,35.3610,0.194188
CTD_P,20250812T172815,1015.77
CTD_P,20250812T182816,1013.43
CTD_PTSH,20250812T182839,1013.40,8.4836,35.3620,0.194213
CTD_P,20250812T182840,1013.40
CTD_P,20250812T192841,1012.90
CTD_PTSH,20250812T192904,1013.00,8.4348,35.3610,0.194266
CTD_P,20250812T192905,1012.97
CTD_P,20250812T202906,1016.12
CTD_PTSH,20250812T202929,1016.00,8.4952,35.3600,0.194164
CTD_P,20250812T202930,1016.01
CTD_P,20250812T212931,1014.55
CTD_PTSH,20250812T212954,1014.60,8.4697,35.3570,0.194100
CTD_P,20250812T212955,1014.55
CTD_P,20250812T222956,1012.75
CTD_PTSH,20250812T223019,1012.60,8.4492,35.3530,0.194248
CTD_P,20250812T223020,1012.59
CTD_P,20250812T233021,1012.47
CTD_PTSH,20250812T233044,1012.50,8.3895,35.3490,0.194210
CTD_P,20250812T233045,1012.50
CTD_P,20250813T003046,1015.49
CTD_PTSH,20250813T003109,1015.50,8.4277,35.3530,0.194175
CTD_P,20250813T003110,1015.48
CTD_P,20250813T013111,1013.58
CTD_PTSH,20250813T013134,1013.60,8.3969,35.3480,0.194175
CTD_P,20250813T013135,1013.58
CTD_P,20250813T023136,1017.30
CTD_PTSH,20250813T023159,1017.30,8.4213,35.3500,0.194186
CTD_P,20250813T023200,1017.28
CTD_P,20250813T033201,1013.60
CTD_PTSH,20250813T033224,1013.60,8.4206,35.3540,0.194135
CTD_P,20250813T033225,1013.61
CTD_P,20250813T043226,1015.41
CTD_PTSH,20250813T043249,1015.40,8.4422,35.3550,0.194155
CTD_P,20250813T043250,1015.35
CTD_P,20250813T053251,1015.70
CTD_PTSH,20250813T053314,1015.60,8.4910,35.3600,0.194029
CTD_P,20250813T053315,1015.64
CTD_P,20250813T063316,1016.54
CTD_PTSH,20250813T063339,1016.50,8.4883,35.3580,0.194004
CTD_P,20250813T063340,1016.54
CTD_P,20250813T073341,1014.77
CTD_PTSH,20250813T073404,1014.70,8.4538,35.3560,0.193995
CTD_P,20250813T073405,1014.71
CTD_P,20250813T083406,1017.31
CTD_PTSH,20250813T083429,1017.30,8.4787,35.3590,0.194004
CTD_P,20250813T083430,1017.30
CTD_P,20250813T093431,1015.14
CTD_PTSH,20250813T093454,1015.00,8.4850,35.3580,0.194120
CTD_P,20250813T093455,1015.02
CTD_P,20250813T103456,1015.18
CTD_PTSH,20250813T103519,1015.20,8.4254,35.3530,0.194069
CTD_P,20250813T103520,1015.24
CTD_P,20250813T113521,1014.13
CTD_PTSH,20250813T113544,1014.20,8.4125,35.3520,0.194016
CTD_P,20250813T113545,1014.17
CTD_P,20250813T123546,1014.17
CTD_PTSH,20250813T123609,1014.10,8.4393,35.3550,0.193977
CTD_P,20250813T123610,1014.07
CTD_P,20250813T133611,1015.28
CTD_PTSH,20250813T133634,1015.30,8.3975,35.3470,0.193987
CTD_P,20250813T133635,1015.35
CTD_P,20250813T143636,1017.77
CTD_PTSH,20250813T143659,1017.80,8.4149,35.3510,0.194051
CTD_P,20250813T143700,1017.76
CTD_P,20250813T153701,1017.95
CTD_PTSH,20250813T153724,1018.00,8.4710,35.3580,0.193963
CTD_P,20250813T153725,1017.99
CTD_P,20250813T163726,1016.64
CTD_PTSH,20250813T163749,1016.60,8.5093,35.3610,0.193825
CTD_P,20250813T163750,1016.60
CTD_P,20250813T173751,1018.48
CTD_PTSH,20250813T173814,1018.60,8.5137,35.3630,0.193849
CTD_P,20250813T173815,1018.56
CTD_P,20250813T183816,1018.08
CTD_PTSH,20250813T183839,1018.00,8.5393,35.3630,0.193875
CTD_P,20250813T183840,1018.01
CTD_P,20250813T193841,1014.83
CTD_PTSH,20250813T193904,1014.90,8.4835,35.3650,0.193775
CTD_P,20250813T193905,1014.93
CTD_P,20250813T203906,1017.34
CTD_PTSH,20250813T203929,1017.20,8.5333,35.3610,0.193764
CTD_P,20250813T203930,1017.18
CTD_P,20250813T213931,1016.44
CTD_PTSH,20250813T213954,1016.40,8.5120,35.3620,0.193734
CTD_P,20250813T213955,1016.44
CTD_P,20250813T223956,1017.83
CTD_PTSH,20250813T224019,1017.90,8.4947,35.3600,0.193674
CTD_P,20250813T224020,1017.86
CTD_P,20250813T234021,1016.91
CTD_PTSH,20250813T234044,1016.90,8.4718,35.3580,0.193740
CTD_P,20250813T234045,1016.95
CTD_P,20250814T004046,1017.07
CTD_PTSH,20250814T004109,1017.00,8.5115,35.3610,0.193701
CTD_P,20250814T004110,1017.01
CTD_P,20250814T014111,1015.18
CTD_PTSH,20250814T014134,1015.20,8.4694,35.3590,0.193662
CTD_P,20250814T014135,1015.16
CTD_P,20250814T024136,1016.61
CTD_PTSH,20250814T024159,1016.60,8.4820,35.3600,0.193741
CTD_P,20250814T024200,1016.67
CTD_P,20250814T034201,1016.33
CTD_PTSH,20250814T034224,1016.20,8.4962,35.3600,0.193645
CTD_P,20250814T034225,1016.16
CTD_P,20250814T044226,1013.36
CTD_PTSH,20250814T044249,1013.30,8.4165,35.3500,0.193682
CTD_P,20250814T044250,1013.34
CTD_P,20250814T054251,1011.91
CTD_PTSH,20250814T054314,1011.90,8.3943,35.3530,0.193545
CTD_P,20250814T054315,1011.88
CTD_P,20250814T064316,1015.95
CTD_PTSH,20250814T064339,1016.00,8.3730,35.3450,0.193612
CTD_P,20250814T064340,1015.97
CTD_P,20250814T074341,1016.77
CTD_PTSH,20250814T074404,1016.80,8.4074,35.3500,0.193513
CTD_P,20250814T074405,1016.76
CTD_P,20250814T084406,1015.15
CTD_PTSH,20250814T084429,1015.20,8.4081,35.3570,0.193461
CTD_P,20250814T084430,1015.19
CTD_P,20250814T094431,1016.70
CTD_PTSH,20250814T094454,1016.70,8.4085,35.3510,0.193505
CTD_P,20250814T094455,1016.68
CTD_P,20250814T104456,1011.72
CTD_PTSH,20250814T104519,1011.60,8.4087,35.3490,0.193518
CTD_P,20250814T104520,1011.57
CTD_P,20250814T114521,1017.72
CTD_PTSH,20250814T114544,1017.80,8.3563,35.3430,0.193505
CTD_P,20250814T114545,1017.79
CTD_P,20250814T124546,1017.74
CTD_PTSH,20250814T124609,1017.60,8.3860,35.3480,0.193425
CTD_P,20250814T124610,1017.66
CTD_P,20250814T134611,1016.54
CTD_PTSH,20250814T134634,1016.40,8.4403,35.3530,0.193392
CTD_P,20250814T134635,1016.39
CTD_P,20250814T144636,1015.39
CTD_PTSH,20250814T144659,1015.40,8.3827,35.3470,0.193454
CTD_P,20250814T144700,1015.37
CTD_P,20250814T154701,1020.47
CTD_PTSH,20250814T154724,1020.30,8.4896,35.3600,0.193256
CTD_P,20250814T154725,1020.32
CTD_P,20250814T164726,1021.17
CTD_PTSH,20250814T164749,1021.10,8.5158,35.3620,0.193273
CTD_P,20250814T164750,1021.15
CTD_P,20250814T174751,1018.67
CTD_PTSH,20250814T174814,1018.60,8.5122,35.3590,0.193260
CTD_P,20250814T174815,1018.59
CTD_P,20250814T184816,1014.85
CTD_PTSH,20250814T184839,1015.00,8.4717,35.3540,0.193193
CTD_P,20250814T184840,1014.96
CTD_P,20250814T194841,1020.69
CTD_PTSH,20250814T194904,1020.70,8.4901,35.3580,0.193218
CTD_P,20250814T194905,1020.72
CTD_P,20250814T204906,1016.42
CTD_PTSH,20250814T204929,1016.20,8.5028,35.3600,0.193269
CTD_P,20250814T204930,1016.24
CTD_P,20250814T214931,1017.24
CTD_PTSH,20250814T214954,1017.20,8.4231,35.3510,0.193242
CTD_P,20250814T214955,1017.20
CTD_P,20250814T224956,1015.42
CTD_PTSH,20250814T225019,1015.40,8.4343,35.3560,0.193130
CTD_P,20250814T225020,1015.38
CTD_P,20250814T235021,1016.71
CTD_PTSH,20250814T235044,1016.70,8.4315,35.3550,0.193147
CTD_P,20250814T235045,1016.70
CTD_P,20250815T005046,1018.85
CTD_PTSH,20250815T005109,1018.80,8.5116,35.3600,0.193135
CTD_P,20250815T005110,1018.75
CTD_P,20250815T015111,1019.58
CTD_PTSH,20250815T015134,1019.60,8.5260,35.3630,0.193113
CTD_P,20250815T015135,1019.58
CTD_P,20250815T025136,1018.41
CTD_PTSH,20250815T025159,1018.40,8.5176,35.3620,0.193062
CTD_P,20250815T025200,1018.35
CTD_P,20250815T035201,1015.37
CTD_PTSH,20250815T035224,1015.40,8.4558,35.3550,0.193147
CTD_P,20250815T035225,1015.38
CTD_P,20250815T045226,1018.01
CTD_PTSH,20250815T045249,1017.90,8.4694,35.3550,0.193028
CTD_P,20250815T045250,1017.90
CTD_P,20250815T055251,1013.33
CTD_PTSH,20250815T055314,1013.30,8.4139,35.3560,0.192954
CTD_P,20250815T055315,1013.34
CTD_P,20250815T065316,1014.45
CTD_PTSH,20250815T065339,1014.40,8.4151,35.3550,0.192871
CTD_P,20250815T065340,1014.44
CTD_P,20250815T075341,1019.28
CTD_PTSH,20250815T075404,1019.20,8.4270,35.3530,0.192915
CTD_P,20250815T075405,1019.22
CTD_P,20250815T085406,1015.96
CTD_PTSH,20250815T085429,1015.90,8.4392,35.3560,0.192843
CTD_P,20250815T085430,1015.89
CTD_P,20250815T095431,1016.24
CTD_PTSH,20250815T095454,1016.30,8.3739,35.3470,0.192751
CTD_P,20250815T095455,1016.31
CTD_P,20250815T105456,1017.18
CTD_PTSH,20250815T105519,1017.20,8.4155,35.3540,0.192862
CTD_P,20250815T105520,1017.21
CTD_P,20250815T115521,1020.74
CTD_PTSH,20250815T115544,1020.70,8.4787,35.3590,0.192746
CTD_P,20250815T115545,1020.71
CTD_P,20250815T125546,1015.04
CTD_PTSH,20250815T125609,1014.90,8.4560,35.3650,0.192899
CTD_P,20250815T125610,1014.92
CTD_P,20250815T135611,1015.53
CTD_PTSH,20250815T135634,1015.50,8.4222,35.3560,0.192881
CTD_P,20250815T135635,1015.54
CTD_P,20250815T145636,1016.80
CTD_PTSH,20250815T145659,1016.70,8.4405,35.3530,0.192743
CTD_P,20250815T145700,1016.73
CTD_P,20250815T155701,1020.05
CTD_PTSH,20250815T155724,1020.00,8.4824,35.3590,0.192629
CTD_P,20250815T155725,1020.02
CTD_P,20250815T165726,1018.19
CTD_PTSH,20250815T165749,1018.10,8.4843,35.3580,0.192646
CTD_P,20250815T165750,1018.15
CTD_P,20250815T175751,1016.11
CTD_PTSH,20250815T175814,1016.10,8.4091,35.3500,0.192702
CTD_P,20250815T175815,1016.06
CTD_P,20250815T185816,1014.15
CTD_PTSH,20250815T185839,1014.10,8.3921,35.3520,0.192620
CTD_P,20250815T185840,1014.14
CTD_P,20250815T195841,1018.05
CTD_PTSH,20250815T195904,1018.10,8.4072,35.3500,0.192626
CTD_P,20250815T195905,1018.05
CTD_P,20250815T205906,1015.13
CTD_PTSH,20250815T205929,1015.10,8.3859,35.3480,0.192612
CTD_P,20250815T205930,1015.08
CTD_P,20250815T215931,1016.76
CTD_PTSH,20250815T215954,1016.80,8.4053,35.3510,0.192599
CTD_P,20250815T215955,1016.78
CTD_P,20250815T225956,1019.00
CTD_PTSH,20250815T230019,1019.00,8.4797,35.3590,0.192605
CTD_P,20250815T230020,1018.95
CTD_P,20250816T000021,1017.00
CTD_PTSH,20250816T000044,1017.00,8.4272,35.3520,0.192561
CTD_P,20250816T000045,1017.01
CTD_P,20250816T010046,1018.61
CTD_PTSH,20250816T010109,1018.60,8.4597,35.3560,0.192451
CTD_P,20250816T010110,1018.57
CTD_P,20250816T020111,1016.59
CTD_PTSH,20250816T020134,1016.60,8.3938,35.3530,0.192502
CTD_P,20250816T020135,1016.63
CTD_P,20250816T030136,1015.93
CTD_PTSH,20250816T030159,1015.90,8.3819,35.3500,0.192435
CTD_P,20250816T030200,1015.96
CTD_P,20250816T040201,1015.83
CTD_PTSH,20250816T040224,1015.80,8.3695,35.3450,0.192490
CTD_P,20250816T040225,1015.83
CTD_P,20250816T050226,1017.34
CTD_PTSH,20250816T050249,1017.30,8.3816,35.3480,0.192383
CTD_P,20250816T050250,1017.29
CTD_P,20250816T060251,1018.40
CTD_PTSH,20250816T060314,1018.40,8.4114,35.3500,0.192362
CTD_P,20250816T060315,1018.35
CTD_P,20250816T070316,1019.26
CTD_PTSH,20250816T070339,1019.20,8.4537,35.3560,0.192458
CTD_P,20250816T070340,1019.26
CTD_P,20250816T080341,1020.49
CTD_PTSH,20250816T080404,1020.50,8.4812,35.3600,0.192367
CTD_P,20250816T080405,1020.52
CTD_P,20250816T090406,1015.50
CTD_PTSH,20250816T090429,1015.40,8.4483,35.3560,0.192377
CTD_P,20250816T090430,1015.35
CTD_P,20250816T100431,1018.84
CTD_PTSH,20250816T100454,1018.90,8.4355,35.3530,0.192280
CTD_P,20250816T100455,1018.88
CTD_P,20250816T110456,1021.02
CTD_PTSH,20250816T110519,1021.00,8.4875,35.3580,0.192266
CTD_P,20250816T110520,1021.01
CTD_P,20250816T120521,1020.31
CTD_PTSH,20250816T120544,1020.40,8.4622,35.3550,0.192291
CTD_P,20250816T120545,1020.43
CTD_P,20250816T130546,1019.65
CTD_PTSH,20250816T130609,1019.60,8.4653,35.3560,0.192206
CTD_P,20250816T130610,1019.62
CTD_P,20250816T140611,1016.51
CTD_PTSH,20250816T140634,1016.60,8.4268,35.3510,0.192226
CTD_P,20250816T140635,1016.58
CTD_P,20250816T150636,1017.70
CTD_PTSH,20250816T150659,1017.60,8.4013,35.3500,0.192221
CTD_P,20250816T150700,1017.64
CTD_P,20250816T160701,1017.15
CTD_PTSH,20250816T160724,1017.10,8.4100,35.3500,0.192260
CTD_P,20250816T160725,1017.10
CTD_P,20250816T170726,1019.85
CTD_PTSH,20250816T170749,1019.80,8.4214,35.3520,0.192185
CTD_P,20250816T170750,1019.84
CTD_P,20250816T180751,1016.17
CTD_PTSH,20250816T180814,1016.20,8.4291,35.3520,0.192063
CTD_P,20250816T180815,1016.16
CTD_P,20250816T190816,1021.52
CTD_PTSH,20250816T190839,1021.50,8.4311,35.3540,0.192157
CTD_P,20250816T190840,1021.54
CTD_P,20250816T200841,1019.39
CTD_PTSH,20250816T200904,1019.40,8.4865,35.3590,0.192026
CTD_P,20250816T200905,1019.39
CTD_P,20250816T210906,1018.20
CTD_PTSH,20250816T210929,1018.20,8.4720,35.3560,0.192007
CTD_P,20250816T210930,1018.14
CTD_P,20250816T220931,1019.91
CTD_PTSH,20250816T220954,1019.90,8.4550,35.3550,0.192010
CTD_P,20250816T220955,1019.85
CTD_P,20250816T230956,1016.18
CTD_PTSH,20250816T231019,1016.10,8.4226,35.3530,0.192041
CTD_P,20250816T231020,1016.14
CTD_P,20250817T001021,1018.04
CTD_PTSH,20250817T001044,1018.10,8.3847,35.3490,0.192017
CTD_P,20250817T001045,1018.11
CTD_P,20250817T011046,1019.24
CTD_PTSH,20250817T011109,1019.20,8.4072,35.3510,0.191934
CTD_P,20250817T011110,1019.22
CTD_P,20250817T021111,1019.00
CTD_PTSH,20250817T021134,1018.90,8.4467,35.3530,0.191859
CTD_P,20250817T021135,1018.98
CTD_P,20250817T031136,1015.51
CTD_PTSH,20250817T031159,1015.50,8.4087,35.3530,0.191899
CTD_P,20250817T031200,1015.54
CTD_P,20250817T041201,1017.96
CTD_PTSH,20250817T041224,1018.00,8.3506,35.3450,0.191952
CTD_P,20250817T041225,1017.99
CTD_P,20250817T051226,1016.40
CTD_PTSH,20250817T051249,1016.40,8.3556,35.3440,0.191909
CTD_P,20250817T051250,1016.35
CTD_P,20250817T061251,1017.66
CTD_PTSH,20250817T061314,1017.70,8.3551,35.3440,0.192037
CTD_P,20250817T061315,1017.67
CTD_P,20250817T071316,1015.66
CTD_PTSH,20250817T071339,1015.60,8.3982,35.3490,0.191734
CTD_P,20250817T071340,1015.60
CTD_P,20250817T081341,1019.99
CTD_PTSH,20250817T081404,1020.10,8.3975,35.3490,0.191762
CTD_P,20250817T081405,1020.10
CTD_P,20250817T091406,1017.76
CTD_PTSH,20250817T091429,1017.80,8.3961,35.3500,0.191780
CTD_P,20250817T091430,1017.81
CTD_P,20250817T101431,1018.71
CTD_PTSH,20250817T101454,1018.70,8.4576,35.3540,0.191687
CTD_P,20250817T101455,1018.71
CTD_P,20250817T111456,1018.01
CTD_PTSH,20250817T111519,1018.00,8.4559,35.3550,0.191705
CTD_P,20250817T111520,1017.98
CTD_P,20250817T121521,1014.75
CTD_PTSH,20250817T121544,1014.80,8.4137,35.3530,0.191703
CTD_P,20250817T121545,1014.76
CTD_P,20250817T131546,1017.60
CTD_PTSH,20250817T131609,1017.60,8.3858,35.3490,0.191653
CTD_P,20250817T131610,1017.56
CTD_P,20250817T141611,1018.82
CTD_PTSH,20250817T141634,1018.80,8.3771,35.3470,0.191595
CTD_P,20250817T141635,1018.79
CTD_P,20250817T151636,1015.59
CTD_PTSH,20250817T151659,1015.60,8.3818,35.3490,0.191666
CTD_P,20250817T151700,1015.53
CTD_P,20250817T161701,1015.26
CTD_PTSH,20250817T161724,1015.30,8.3724,35.3500,0.191540
CTD_P,20250817T161725,1015.29
CTD_P,20250817T171726,1018.18
CTD_PTSH,20250817T171749,1018.30,8.3744,35.3490,0.191669
CTD_P,20250817T171750,1018.30
CTD_P,20250817T181751,1021.10
CTD_PTSH,20250817T181814,1021.10,8.4607,35.3550,0.191585
CTD_P,20250817T181815,1021.07
CTD_P,20250817T191816,1019.28
CTD_PTSH,20250817T191839,1019.40,8.4130,35.3500,0.191543
CTD_P,20250817T191840,1019.38
CTD_P,20250817T201841,1021.16
CTD_PTSH,20250817T201904,1021.10,8.4742,35.3560,0.191541
CTD_P,20250817T201905,1021.11
CTD_P,20250817T211906,1020.29
CTD_PTSH,20250817T211929,1020.30,8.4749,35.3570,0.191431
CTD_P,20250817T211930,1020.27
CTD_P,20250817T221931,1018.27
CTD_PTSH,20250817T221954,1018.30,8.4450,35.3570,0.191418
CTD_P,20250817T221955,1018.26
CTD_P,20250817T231956,1017.99
CTD_PTSH,20250817T232019,1017.90,8.3863,35.3480,0.191439
CTD_P,20250817T232020,1017.97
CTD_P,20250818T002021,1018.02
CTD_PTSH,20250818T002044,1018.10,8.3553,35.3470,0.191526
CTD_P,20250818T002045,1018.12
CTD_P,20250818T012046,1020.01
CTD_PTSH,20250818T012109,1020.00,8.4216,35.3510,0.191401
CTD_P,20250818T012110,1019.99
CTD_P,20250818T022111,1020.44
CTD_PTSH,20250818T022134,1020.50,8.4289,35.3530,0.191375
CTD_P,20250818T022135,1020.49
CTD_P,20250818T032136,1018.87
CTD_PTSH,20250818T032159,1018.90,8.4276,35.3530,0.191302
CTD_P,20250818T032200,1018.87
CTD_P,20250818T042201,1017.22
CTD_PTSH,20250818T042224,1017.20,8.4094,35.3530,0.191434
CTD_P,20250818T042225,1017.20
CTD_P,20250818T052226,1019.03
CTD_PTSH,20250818T052249,1019.00,8.3917,35.3480,0.191361
CTD_P,20250818T052250,1018.95
CTD_P,20250818T062251,1017.39
CTD_PTSH,20250818T062314,1017.40,8.3934,35.3480,0.191320
CTD_P,20250818T062315,1017.39
CTD_P,20250818T072316,1018.22
CTD_PTSH,20250818T072339,1018.20,8.3962,35.3480,0.191253
CTD_P,20250818T072340,1018.24
CTD_P,20250818T082341,1021.78
CTD_PTSH,20250818T082404,1021.70,8.4758,35.3570,0.191201
CTD_P,20250818T082405,1021.68
CTD_P,20250818T092406,1018.14
CTD_PTSH,20250818T092429,1018.30,8.4140,35.3530,0.191196
CTD_P,20250818T092430,1018.28
CTD_P,20250818T102431,1017.98
CTD_PTSH,20250818T102454,1018.00,8.3950,35.3490,0.191217
CTD_P,20250818T102455,1017.94
CTD_P,20250818T112456,1016.70
CTD_PTSH,20250818T112519,1016.70,8.3949,35.3460,0.191167
CTD_P,20250818T112520,1016.68
CTD_P,20250818T122521,1018.07
CTD_PTSH,20250818T122544,1018.10,8.3617,35.3440,0.191259
CTD_P,20250818T122545,1018.10
CTD_P,20250818T132546,1017.24
CTD_PTSH,20250818T132609,1017.20,8.3988,35.3480,0.191177
CTD_P,20250818T132610,1017.23
CTD_P,20250818T142611,1017.30
CTD_PTSH,20250818T142634,1017.30,8.3971,35.3510,0.191187
CTD_P,20250818T142635,1017.27
CTD_P,20250818T152636,1013.81
CTD_PTSH,20250818T152659,1013.90,8.3569,35.3490,0.191049
CTD_P,20250818T152700,1013.83
CTD_P,20250818T162701,1019.10
CTD_PTSH,20250818T162724,1019.10,8.3870,35.3470,0.190981
CTD_P,20250818T162725,1019.08
CTD_P,20250818T172726,1017.86
CTD_PTSH,20250818T172749,1017.90,8.3991,35.3500,0.190986
CTD_P,20250818T172750,1017.86
CTD_P,20250818T182751,1019.37
CTD_PTSH,20250818T182814,1019.30,8.3992,35.3490,0.190945
CTD_P,20250818T182815,1019.33
CTD_P,20250818T192255,1016.39
CTD_PTSH,20250818T192318,1016.30,8.4111,35.3550,0.190852
CTD_P,20250818T192319,1016.30
Message,20250818T192321,Deep Descent Mission
CTD_P,20250818T192324,1016.27
CTD_P,20250818T192427,1017.40
CTD_P,20250818T192529,1021.78
CTD_P,20250818T192631,1028.43
CTD_P,20250818T192637,1029.05
CTD_P,20250818T192638,1029.18
CTD_P,20250818T192739,1036.70
CTD_P,20250818T193242,1073.85
CTD_P,20250818T193745,1111.88
CTD_P,20250818T194248,1150.68
CTD_P,20250818T194751,1188.62
CTD_P,20250818T195254,1225.52
CTD_P,20250818T195757,1260.63
CTD_P,20250818T200300,1293.43
CTD_P,20250818T200803,1325.02
CTD_P,20250818T201306,1355.92
CTD_P,20250818T201809,1386.02
CTD_P,20250818T202312,1416.20
CTD_P,20250818T202815,1445.81
CTD_P,20250818T203318,1474.64
CTD_P,20250818T203821,1502.46
CTD_P,20250818T204324,1529.56
CTD_P,20250818T204827,1556.08
CTD_P,20250818T205330,1581.31
CTD_P,20250818T205833,1605.13
CTD_P,20250818T210336,1627.96
CTD_P,20250818T210839,1650.53
CTD_P,20250818T211342,1672.87
CTD_P,20250818T211845,1695.22
CTD_P,20250818T212348,1717.46
CTD_P,20250818T212851,1738.98
CTD_P,20250818T213354,1760.05
CTD_P,20250818T213857,1779.94
CTD_P,20250818T214400,1798.36
CTD_P,20250818T214903,1815.97
CTD_P,20250818T215406,1832.60
CTD_P,20250818T215909,1848.35
CTD_P,20250818T220412,1863.21
CTD_P,20250818T220915,1877.36
CTD_P,20250818T221418,1890.67
CTD_P,20250818T221921,1902.85
CTD_P,20250818T222424,1914.63
CTD_P,20250818T222927,1926.06
CTD_P,20250818T223430,1937.22
CTD_P,20250818T223933,1948.23
CTD_P,20250818T224436,1959.42
CTD_P,20250818T224939,1970.50
CTD_P,20250818T225442,1981.06
CTD_P,20250818T225945,1991.07
CTD_P,20250818T230448,2000.10
Message,20250818T230451,ASCENT
CTD_P,20250818T230454,2000.24
CTD_P,20250818T230458,2000.38
CTD_P,20250818T230505,2000.50
CTD_P,20250818T230513,2000.71
CTD_P,20250818T230523,2000.88
CTD_P,20250818T230536,2000.93
CTD_P,20250818T230549,2000.77
CTD_P,20250818T230600,2000.47
CTD_P,20250818T230607,2000.23
CTD_P,20250818T230611,2000.01
CTD_P,20250818T230614,1999.88
CTD_P,20250818T230615,1999.83
Message,20250818T230617,CP Started
CTD_P,20250818T230642,1997.89
NO3,20250818T230652,42.31
O2,20250818T230657,100.44880,23.95364,3.09516,48.59064,49.95664,57.72038,7.76374,1036.51904,865.39288,752.41669
FLBB,20250818T230700,56,111,568
CTD_P,20250818T230701,1996.24
CTD_P,20250818T230705,1995.90
CTD_P,20250818T230707,1995.70
CTD_P,20250818T230807,1989.90
CTD_P,20250818T231309,1960.48
CTD_P,20250818T231811,1931.49
CTD_P,20250818T232313,1902.95
CTD_P,20250818T232347,1899.79
NO3,20250818T232357,42.24
O2,20250818T232403,95.86170,23.00988,3.34057,48.91164,50.27764,58.09770,7.82006,1042.75000,864.74969,745.28003
FLBB,20250818T232406,56,111,567
CTD_P,20250818T232407,1897.94
CTD_P,20250818T232815,1875.25
CTD_P,20250818T233317,1848.42
CTD_P,20250818T233819,1822.61
CTD_P,20250818T234247,1800.68
CTD_P,20250818T234259,1799.71
NO3,20250818T234309,42.05
O2,20250818T234315,86.28748,20.89724,3.67666,49.69711,51.06311,58.88557,7.82246,1057.77002,862.81140,735.47241
FLBB,20250818T234318,56,111,567
CTD_P,20250818T234319,1798.15
CTD_P,20250818T234821,1774.73
CTD_P,20250818T235323,1752.58
CTD_P,20250818T235825,1731.40
CTD_P,20250818T235909,1728.06
CTD_P,20250819T000011,1722.49
CTD_P,20250819T000425,1699.65
NO3,20250819T000435,42.62
O2,20250819T000440,75.96423,18.58167,4.05541,50.60485,51.97085,59.79552,7.82467,1074.53894,860.37451,724.37231
FLBB,20250819T000444,56,109,566
CTD_P,20250819T000445,1697.89
CTD_P,20250819T000513,1695.39
CTD_P,20250819T001015,1668.93
CTD_P,20250819T001517,1643.00
CTD_P,20250819T002019,1618.22
CTD_P,20250819T002405,1600.27
CTD_P,20250819T002409,1599.96
NO3,20250819T002419,42.40
O2,20250819T002424,62.97522,15.60661,4.55426,51.85125,53.21725,61.04453,7.82728,1096.36499,856.88660,709.67712
FLBB,20250819T002428,58,111,566
CTD_P,20250819T002429,1598.40
CTD_P,20250819T002521,1594.42
CTD_P,20250819T003023,1572.01
CTD_P,20250819T003525,1551.10
CTD_P,20250819T003609,1547.85
CTD_P,20250819T003711,1542.40
CTD_P,20250819T004214,1515.54
CTD_P,20250819T004513,1500.24
CTD_P,20250819T004517,1499.94
NO3,20250819T004527,42.14
O2,20250819T004532,51.45306,12.94452,5.13571,53.03350,54.39950,62.22748,7.82798,1115.90295,852.74072,692.44202
FLBB,20250819T004536,57,109,565
CTD_P,20250819T004537,1498.23
CTD_P,20250819T004717,1489.93
CTD_P,20250819T005220,1465.43
CTD_P,20250819T005723,1442.04
CTD_P,20250819T010226,1419.35
CTD_P,20250819T010648,1400.19
CTD_P,20250819T010652,1399.92
NO3,20250819T010702,42.05
O2,20250819T010708,37.47864,9.59393,5.81409,54.66519,56.03119,63.85880,7.82761,1141.36206,847.57343,672.19110
FLBB,20250819T010711,57,115,564
CTD_P,20250819T010712,1398.48
CTD_P,20250819T010729,1397.26
CTD_P,20250819T010811,1394.02
CTD_P,20250819T010914,1388.21
CTD_P,20250819T011417,1360.13
CTD_P,20250819T011920,1333.10
CTD_P,20250819T012423,1307.16
CTD_P,20250819T012550,1299.86
NO3,20250819T012600,41.92
O2,20250819T012605,26.65728,6.93281,6.44077,56.07245,57.43845,65.26317,7.82472,1162.14197,842.75128,653.34930
FLBB,20250819T012609,58,114,563
CTD_P,20250819T012610,1298.21
CTD_P,20250819T012926,1282.29
CTD_P,20250819T013429,1258.78
CTD_P,20250819T013932,1236.60
CTD_P,20250819T014435,1215.85
CTD_P,20250819T014517,1212.77
CTD_P,20250819T014619,1207.35
CTD_P,20250819T014747,1199.48
NO3,20250819T014757,41.54
O2,20250819T014802,17.60236,4.65322,7.09391,57.36536,58.73136,66.55119,7.81983,1180.28699,837.71503,633.57867
FLBB,20250819T014806,57,114,562
CTD_P,20250819T014807,1197.70
CTD_P,20250819T015121,1180.73
CTD_P,20250819T015624,1155.00
CTD_P,20250819T020127,1130.29
CTD_P,20250819T020630,1106.61
CTD_P,20250819T020758,1100.01
CTD_P,20250819T020802,1099.70
NO3,20250819T020812,40.33
O2,20250819T020817,12.03304,3.24325,7.88016,58.18198,59.54798,67.37190,7.82392,1190.80396,831.73578,609.60278
FLBB,20250819T020821,56,111,561
CTD_P,20250819T020822,1098.23
CTD_P,20250819T021133,1084.38
CTD_P,20250819T021636,1063.36
CTD_P,20250819T021718,1060.27
CTD_P,20250819T021821,1054.64
CTD_P,20250819T022324,1027.74
CTD_P,20250819T022827,1002.12
CTD_P,20250819T022856,999.72
NO3,20250819T022906,39.28
O2,20250819T022911,6.38030,1.74920,8.57946,59.11586,60.48186,68.30675,7.82488,1203.09900,826.13177,588.12262
FLBB,20250819T022915,56,122,560
CTD_P,20250819T022916,998.08
CTD_P,20250819T023330,977.13
CTD_P,20250819T023833,952.30
CTD_P,20250819T023904,949.80
NO3,20250819T023914,38.36
O2,20250819T023919,5.06211,1.39902,8.91303,59.33006,60.69606,68.52065,7.82458,1205.44104,823.52228,577.82642
FLBB,20250819T023923,57,113,559
CTD_P,20250819T023924,948.19
CTD_P,20250819T024336,928.33
CTD_P,20250819T024839,905.77
CTD_P,20250819T024959,900.04
CTD_P,20250819T025003,899.74
NO3,20250819T025013,37.98
O2,20250819T025018,3.35012,0.93378,9.26788,59.62819,60.99419,68.82196,7.82777,1208.85303,820.86157,566.83893
FLBB,20250819T025022,57,117,558
CTD_P,20250819T025023,898.31
CTD_P,20250819T025341,884.62
CTD_P,20250819T025423,881.54
CTD_P,20250819T025525,876.02
CTD_P,20250819T030020,850.43
CTD_P,20250819T030029,849.67
NO3,20250819T030039,36.73
O2,20250819T030044,2.38501,0.67208,9.72680,59.78043,61.14643,68.97856,7.83213,1209.58398,817.31427,552.57758
FLBB,20250819T030048,57,112,557
CTD_P,20250819T030049,848.00
CTD_P,20250819T030551,823.49
CTD_P,20250819T031042,800.56
CTD_P,20250819T031053,799.70
NO3,20250819T031103,35.82
O2,20250819T031108,1.84943,0.52556,10.08308,59.86023,61.22623,69.06569,7.83946,1209.56995,814.22058,541.46667
FLBB,20250819T031112,56,111,557
CTD_P,20250819T031113,798.16
CTD_P,20250819T031615,774.87
CTD_P,20250819T032117,752.34
CTD_P,20250819T032151,749.70
NO3,20250819T032201,34.97
O2,20250819T032206,1.42965,0.40983,10.45516,59.91794,61.28394,69.12846,7.84452,1209.36206,811.36157,529.82758
FLBB,20250819T032210,57,109,556
CTD_P,20250819T032211,747.88
CTD_P,20250819T032215,747.50
CTD_P,20250819T032317,741.58
CTD_P,20250819T032819,713.21
CTD_P,20250819T033042,700.27
CTD_P,20250819T033046,699.93
NO3,20250819T033056,33.78
O2,20250819T033101,1.30340,0.37733,10.87684,59.91231,61.27831,69.13304,7.85473,1208.14294,807.90521,516.59491
FLBB,20250819T033105,54,112,556
CTD_P,20250819T033106,698.14
CTD_P,20250819T033321,686.45
CTD_P,20250819T033823,662.04
CTD_P,20250819T034054,650.75
CTD_P,20250819T034107,649.81
NO3,20250819T034116,32.10
O2,20250819T034122,1.61051,0.47206,11.41366,59.80521,61.17121,69.03734,7.86613,1205.41797,803.63318,499.68610
FLBB,20250819T034125,56,116,555
CTD_P,20250819T034127,648.39
CTD_P,20250819T034325,639.94
CTD_P,20250819T034827,619.38
CTD_P,20250819T035314,600.57
CTD_P,20250819T035325,599.86
NO3,20250819T035335,30.12
O2,20250819T035340,1.29773,0.38454,11.88822,59.83667,61.20267,69.07782,7.87514,1204.42004,799.49512,484.68219
FLBB,20250819T035343,56,113,554
CTD_P,20250819T035345,598.58
CTD_P,20250819T035426,595.73
CTD_P,20250819T035528,590.51
CTD_P,20250819T040030,564.92
CTD_P,20250819T040329,549.83
NO3,20250819T040338,29.33
O2,20250819T040344,1.60957,0.48151,12.30722,59.73523,61.10123,68.98468,7.88345,1202.05896,796.04797,471.39310
FLBB,20250819T040347,57,146,554
CTD_P,20250819T040349,548.13
CTD_P,20250819T040532,539.63
CTD_P,20250819T041034,515.70
CTD_P,20250819T041355,500.58
CTD_P,20250819T041405,499.84
NO3,20250819T041414,26.64
O2,20250819T041420,1.07073,0.32421,12.84372,59.81556,61.18156,69.07640,7.89484,1201.38000,791.37872,454.32339
FLBB,20250819T041423,55,122,553
CTD_P,20250819T041425,498.36
CTD_P,20250819T041536,493.05
CTD_P,20250819T042038,470.68
CTD_P,20250819T042118,467.50
CTD_P,20250819T042220,461.67
CTD_P,20250819T042427,449.78
NO3,20250819T042436,26.47
O2,20250819T042442,1.07217,0.32685,13.14587,59.79271,61.15871,69.05641,7.89770,1200.45898,788.85663,444.68411
FLBB,20250819T042445,57,132,552
CTD_P,20250819T042447,447.94
CTD_P,20250819T042722,433.90
CTD_P,20250819T043224,407.47
CTD_P,20250819T043352,400.01
CTD_P,20250819T043356,399.68
NO3,20250819T043406,24.74
O2,20250819T043411,1.07197,0.33113,13.74087,59.74835,61.11435,69.02536,7.91101,1198.26099,784.13031,425.65179
FLBB,20250819T043414,56,129,552
CTD_P,20250819T043416,398.01
CTD_P,20250819T043726,382.25
CTD_P,20250819T044228,359.47
CTD_P,20250819T044436,350.71
CTD_P,20250819T044449,349.87
NO3,20250819T044458,23.02
O2,20250819T044504,0.96543,0.30317,14.48988,59.71810,61.08410,69.01828,7.93418,1195.52502,777.75470,401.60489
FLBB,20250819T044507,56,141,550
CTD_P,20250819T044509,348.52
CTD_P,20250819T044730,339.23
CTD_P,20250819T045232,319.37
CTD_P,20250819T045313,316.38
CTD_P,20250819T045415,310.97
CTD_P,20250819T045623,299.78
NO3,20250819T045632,22.64
O2,20250819T045638,0.91013,0.29174,15.44026,59.66155,61.02755,68.97412,7.94657,1191.59802,770.11218,370.96771
FLBB,20250819T045641,56,128,549
CTD_P,20250819T045643,298.08
CTD_P,20250819T045917,285.23
CTD_P,20250819T050419,261.62
CTD_P,20250819T050650,250.71
CTD_P,20250819T050702,249.82
NO3,20250819T050711,22.19
O2,20250819T050717,2.38424,0.78880,16.93065,59.16680,60.53280,68.50662,7.97382,1178.88696,756.07068,322.69409
FLBB,20250819T050720,55,112,547
CTD_P,20250819T050722,248.43
CTD_P,20250819T050921,240.47
CTD_P,20250819T051423,222.13
CTD_P,20250819T051503,219.73
CTD_P,20250819T051605,214.98
CTD_P,20250819T051645,211.77
CTD_P,20250819T051747,206.01
CTD_P,20250819T051854,200.00
NO3,20250819T051903,21.22
O2,20250819T051909,3.67005,1.24564,18.16388,58.71519,60.08119,68.07510,7.99391,1166.93799,742.91388,282.59930
FLBB,20250819T051912,57,119,545
CTD_P,20250819T051914,198.30
CTD_P,20250819T052249,181.76
CTD_P,20250819T052751,162.86
CTD_P,20250819T053119,151.53
CTD_P,20250819T053150,149.96
NO3,20250819T053159,23.15
O2,20250819T053205,1.97212,0.68625,19.39078,59.06796,60.43396,68.44142,8.00746,1165.07495,730.18903,242.63499
FLBB,20250819T053208,53,108,543
CTD_P,20250819T053210,149.00
CTD_P,20250819T053253,146.99
CTD_P,20250819T053331,145.08
CTD_P,20250819T053433,141.15
CTD_P,20250819T053513,138.51
CTD_P,20250819T053615,133.96
CTD_P,20250819T053655,131.04
CTD_P,20250819T053757,126.03
CTD_P,20250819T054259,104.32
CTD_P,20250819T054402,100.62
CTD_P,20250819T054415,99.88
NO3,20250819T054424,20.13
O2,20250819T054430,62.12084,22.98041,22.50691,45.35367,46.71967,54.75766,8.03799,926.42072,699.73749,141.18330
FLBB,20250819T054433,53,128,540
CTD_P,20250819T054435,98.69
CTD_P,20250819T054705,91.78
CTD_P,20250819T054744,90.12
CTD_P,20250819T054748,89.94
NO3,20250819T054757,15.07
O2,20250819T054803,109.40710,41.02654,23.21935,38.82239,40.18839,48.23367,8.04528,787.31018,691.58582,118.06920
FLBB,20250819T054806,52,127,539
CTD_P,20250819T054808,89.10
CTD_P,20250819T055128,79.87
NO3,20250819T055137,12.55
O2,20250819T055143,140.12080,52.96918,23.64583,35.67117,37.03717,45.08165,8.04448,714.90729,686.44141,104.25770
FLBB,20250819T055146,51,137,537
CTD_P,20250819T055148,79.00
CTD_P,20250819T055310,75.67
CTD_P,20250819T055350,73.97
CTD_P,20250819T055452,70.06
CTD_P,20250819T055455,69.88
NO3,20250819T055504,10.96
O2,20250819T055509,153.35789,58.29548,23.94076,34.45341,35.81941,43.86575,8.04634,686.19440,683.16858,94.71873
FLBB,20250819T055513,52,150,536
CTD_P,20250819T055515,68.51
CTD_P,20250819T055531,67.33
CTD_P,20250819T055633,62.06
CTD_P,20250819T055700,59.74
NO3,20250819T055709,10.78
O2,20250819T055715,154.03889,58.84016,24.20081,34.28983,35.65583,43.70360,8.04777,682.16492,681.14783,86.31689
FLBB,20250819T055718,57,156,536
CTD_P,20250819T055720,58.08
CTD_P,20250819T055858,52.36
CTD_P,20250819T055936,52.61
CTD_P,20250819T060018,52.49
CTD_P,20250819T060052,52.17
CTD_P,20250819T060122,52.14
CTD_P,20250819T060135,52.22
CTD_P,20250819T060205,52.34
CTD_P,20250819T060237,52.53
CTD_P,20250819T060311,52.58
CTD_P,20250819T060346,52.44
CTD_P,20250819T060419,52.37
CTD_P,20250819T060451,52.50
CTD_P,20250819T060525,52.75
CTD_P,20250819T060602,52.96
CTD_P,20250819T060637,53.11
CTD_P,20250819T060718,53.42
CTD_P,20250819T060803,53.60
CTD_P,20250819T060850,53.63
CTD_P,20250819T060938,53.55
CTD_P,20250819T061025,53.61
CTD_P,20250819T061113,53.91
CTD_P,20250819T061139,54.08
CTD_P,20250819T061217,53.68
CTD_P,20250819T061233,53.08
CTD_P,20250819T061319,50.90
CTD_P,20250819T061341,49.74
NO3,20250819T061350,1.14
O2,20250819T061355,234.37131,93.34957,26.47563,28.45484,29.82084,37.87888,8.05804,537.89648,658.90057,13.25825
FLBB,20250819T061359,107,208,532
CTD_P,20250819T061400,48.48
CTD_P,20250819T061403,48.31
NO3,20250819T061412,0.89
O2,20250819T061418,234.93790,93.56882,26.47182,28.42934,29.79534,37.85659,8.06125,537.16553,658.95038,13.37981
FLBB,20250819T061421,109,213,532
CTD_P,20250819T061423,46.80
CTD_P,20250819T061425,46.63
CTD_P,20250819T061429,46.31
NO3,20250819T061438,1.01
O2,20250819T061444,235.36940,93.74973,26.47719,28.40688,29.77288,37.83373,8.06085,536.55792,658.92572,13.20848
FLBB,20250819T061447,111,210,532
CTD_P,20250819T061449,44.77
CTD_P,20250819T061453,44.45
NO3,20250819T061502,0.87
O2,20250819T061508,235.66420,93.87747,26.48326,28.39067,29.75667,37.81620,8.05953,536.05878,658.86548,13.01474
FLBB,20250819T061511,110,218,531
CTD_P,20250819T061513,42.90
CTD_P,20250819T061517,42.61
NO3,20250819T061526,0.89
O2,20250819T061532,236.07660,94.04314,26.48408,28.37089,29.73689,37.79720,8.06031,535.63428,658.91412,12.98858
FLBB,20250819T061535,107,212,531
CTD_P,20250819T061537,40.83
CTD_P,20250819T061541,40.50
NO3,20250819T061550,1.00
O2,20250819T061556,236.17740,94.08592,26.48560,28.36557,29.73157,37.79098,8.05941,535.40118,658.85162,12.93990
FLBB,20250819T061559,112,225,531
CTD_P,20250819T061601,38.63
CTD_P,20250819T061605,38.25
NO3,20250819T061614,0.73
O2,20250819T061620,236.23270,94.10455,26.48362,28.36371,29.72971,37.78824,8.05853,535.25702,658.86932,13.00323
FLBB,20250819T061623,109,234,531
CTD_P,20250819T061625,36.51
CTD_P,20250819T061629,36.15
NO3,20250819T061638,0.38
O2,20250819T061644,236.40350,94.17178,26.48311,28.35585,29.72185,37.78117,8.05933,535.09723,658.88538,13.01926
FLBB,20250819T061647,118,214,531
CTD_P,20250819T061649,34.38
CTD_P,20250819T061653,34.07
NO3,20250819T061702,0.70
O2,20250819T061708,236.47340,94.19961,26.48311,28.35256,29.71856,37.77644,8.05788,535.04169,658.92047,13.01946
FLBB,20250819T061711,114,210,531
CTD_P,20250819T061713,32.36
CTD_P,20250819T061717,32.02
NO3,20250819T061726,1.00
O2,20250819T061732,236.51620,94.21651,26.48303,28.35058,29.71658,37.77522,8.05865,534.97498,658.95630,13.02202
FLBB,20250819T061735,111,215,531
CTD_P,20250819T061737,30.19
CTD_P,20250819T061741,29.82
NO3,20250819T061750,1.15
O2,20250819T061756,236.60170,94.24946,26.48238,28.34680,29.71280,37.77045,8.05765,534.83447,658.96887,13.04257
FLBB,20250819T061759,116,222,531
CTD_P,20250819T061801,28.14
CTD_P,20250819T061805,27.86
NO3,20250819T061814,0.96
O2,20250819T061820,236.67850,94.28411,26.48476,28.34230,29.70830,37.76588,8.05759,534.77509,658.99371,12.96684
FLBB,20250819T061823,137,417,531
CTD_P,20250819T061825,26.45
CTD_P,20250819T061829,26.20
NO3,20250819T061838,0.54
O2,20250819T061844,236.76180,94.30688,26.47865,28.34067,29.70667,37.76423,8.05756,534.68347,659.04102,13.16157
FLBB,20250819T061847,114,216,531
CTD_P,20250819T061849,25.04
CTD_P,20250819T061853,24.83
NO3,20250819T061902,1.20
O2,20250819T061908,236.78951,94.31886,26.47921,28.33916,29.70515,37.76326,8.05811,534.58252,659.10522,13.14397
FLBB,20250819T061911,106,217,531
CTD_P,20250819T061913,23.96
CTD_P,20250819T061917,23.78
NO3,20250819T061926,1.08
O2,20250819T061932,236.88860,94.35741,26.47867,28.33470,29.70070,37.75861,8.05791,534.49060,659.13342,13.16118
FLBB,20250819T061935,113,257,531
CTD_P,20250819T061937,22.94
CTD_P,20250819T061941,22.75
NO3,20250819T061950,0.88
O2,20250819T061956,236.93330,94.37820,26.48045,28.33195,29.69794,37.75498,8.05704,534.41620,659.12781,13.10443
FLBB,20250819T061959,111,210,531
CTD_P,20250819T062001,21.92
CTD_P,20250819T062005,21.78
NO3,20250819T062014,0.89
O2,20250819T062020,236.95740,94.39813,26.48647,28.32857,29.69456,37.75239,8.05782,534.31628,659.18951,12.91226
FLBB,20250819T062023,114,212,531
CTD_P,20250819T062025,21.04
CTD_P,20250819T062029,20.92
NO3,20250819T062038,1.10
O2,20250819T062044,236.95490,94.39188,26.48339,28.32983,29.69583,37.75164,8.05581,534.30261,659.23151,13.01061
FLBB,20250819T062047,110,218,530
CTD_P,20250819T062049,20.29
CTD_P,20250819T062059,19.92
NO3,20250819T062108,0.66
O2,20250819T062114,236.93629,94.39034,26.48680,28.32943,29.69543,37.75196,8.05653,534.28113,659.28088,12.90154
FLBB,20250819T062117,110,208,530
CTD_P,20250819T062119,19.19
CTD_P,20250819T062127,18.82
NO3,20250819T062136,0.64
O2,20250819T062142,236.80650,94.34079,26.48809,28.33504,29.70104,37.75819,8.05715,534.35211,659.30322,12.86053
FLBB,20250819T062145,110,214,530
CTD_P,20250819T062147,17.95
CTD_P,20250819T062151,17.70
NO3,20250819T062200,0.97
O2,20250819T062206,236.86220,94.36231,26.48770,28.33257,29.69857,37.75441,8.05584,534.33539,659.31128,12.87292
FLBB,20250819T062209,106,204,530
CTD_P,20250819T062211,16.72
CTD_P,20250819T062215,16.52
NO3,20250819T062224,1.02
O2,20250819T062230,236.90910,94.37878,26.48640,28.33085,29.69685,37.75356,8.05671,534.23920,659.34558,12.91452
FLBB,20250819T062233,115,206,530
CTD_P,20250819T062235,15.48
CTD_P,20250819T062239,15.27
NO3,20250819T062248,1.02
O2,20250819T062254,236.89160,94.37715,26.48955,28.33050,29.69650,37.75159,8.05509,534.28363,659.38092,12.81401
FLBB,20250819T062257,110,223,530
CTD_P,20250819T062259,14.16
CTD_P,20250819T062303,13.98
NO3,20250819T062312,0.72
O2,20250819T062318,236.92101,94.38871,26.48944,28.32916,29.69516,37.75164,8.05648,534.25378,659.39227,12.81726
FLBB,20250819T062321,109,214,530
CTD_P,20250819T062323,12.82
CTD_P,20250819T062327,12.60
NO3,20250819T062336,0.77
O2,20250819T062342,236.89970,94.38014,26.48941,28.33018,29.69617,37.75101,8.05483,534.25458,659.43481,12.81844
FLBB,20250819T062345,110,254,530
CTD_P,20250819T062347,11.40
CTD_P,20250819T062351,11.23
NO3,20250819T062400,0.35
O2,20250819T062406,236.94400,94.39907,26.49016,28.32782,29.69382,37.74881,8.05499,534.13708,659.45679,12.79444
FLBB,20250819T062409,118,208,530
CTD_P,20250819T062411,9.95
CTD_P,20250819T062415,9.73
NO3,20250819T062424,1.24
O2,20250819T062430,237.05040,94.42899,26.48286,28.32554,29.69154,37.74575,8.05421,534.06451,659.48621,13.02743
FLBB,20250819T062433,109,208,530
CTD_P,20250819T062435,8.37
CTD_P,20250819T062439,8.08
NO3,20250819T062448,0.64
O2,20250819T062454,237.31850,94.53053,26.47977,28.31413,29.68013,37.73348,8.05335,533.79431,659.58392,13.12597
FLBB,20250819T062457,110,198,530
CTD_P,20250819T062459,6.67
CTD_P,20250819T062503,6.42
NO3,20250819T062512,0.83
O2,20250819T062518,237.41180,94.56490,26.47813,28.31037,29.67637,37.73063,8.05426,533.68829,659.62793,13.17829
FLBB,20250819T062521,119,221,530
CTD_P,20250819T062523,4.92
CTD_P,20250819T062527,4.55
CTD_P,20250819T062538,3.54
Message,20250819T062542,CP Stopped
CTD_P,20250819T062551,2.33
Message,20250819T062554,Surface Mission
CTD_P,20250819T062557,1.86
CTD_P,20250819T062558,1.79
O2,20250819T062601,237.64301,94.65257,26.47556,28.30051,29.66651,37.71838,8.05187,533.46069,659.67438,13.26031
CTD_P,20250819T062603,1.41
O2,20250819T062616,237.78059,94.70779,26.47580,28.29399,29.65999,37.70251,8.04253,533.36078,655.65338,13.25274
CTD_P,20250819T062617,0.34
O2,20250819T062631,239.12170,95.23755,26.47323,28.23250,29.59850,37.64160,8.04310,531.85138,655.59119,13.33476
CTD_P,20250819T062633,0.15
O2,20250819T062646,238.36411,94.85638,26.42701,28.28496,29.65096,37.70081,8.04986,533.10132,659.39868,14.81027
CTD_P,20250819T062647,-0.07
O2,20250819T062701,238.33549,94.91479,26.46764,28.27114,29.63714,37.68723,8.05009,532.72620,659.73328,13.51307
CTD_P,20250819T062702,0.05
O2,20250819T062717,239.75060,95.35155,26.39422,28.23279,29.59879,37.64880,8.05001,531.80408,659.72778,15.85728
CTD_P,20250819T062718,0.03
O2,20250819T062731,239.53661,95.27196,26.39742,28.24150,29.60750,37.64712,8.03962,531.97247,655.95508,15.75500
CTD_P,20250819T062732,0.09
O2,20250819T062746,238.87000,95.07221,26.43543,28.25827,29.62427,37.66499,8.04073,532.43622,655.88489,14.54149
CTD_P,20250819T062748,-0.06
O2,20250819T062801,238.20100,94.86301,26.46869,28.27702,29.64302,37.68121,8.03819,532.84637,655.95697,13.47983
CTD_P,20250819T062802,-0.08
O2,20250819T062816,238.17090,94.85464,26.47079,28.27764,29.64364,37.68190,8.03826,532.91431,656.00671,13.41265
CTD_P,20250819T062818,0.10
CTD_P,20250819T063157,-0.27
O2,20250819T063200,245.61990,96.55675,25.75522,28.20337,29.56937,37.62992,8.06056,531.66632,663.41083,36.30071
CTD_P,20250819T063201,-0.03
O2,20250819T063215,245.48050,96.46273,25.73297,28.21802,29.58401,37.62836,8.04435,531.99530,659.89612,37.01413
CTD_P,20250819T063217,-0.20
O2,20250819T063230,245.90199,96.53300,25.67899,28.21925,29.58525,37.62775,8.04250,532.10901,660.67108,38.74475
CTD_P,20250819T063231,-0.11
O2,20250819T063245,245.28250,96.25437,25.65888,28.25481,29.62081,37.66455,8.04374,533.10797,661.36591,39.38942
CTD_P,20250819T063247,-0.25
O2,20250819T063300,242.06340,95.79555,26.12117,28.22815,29.59415,37.63224,8.03809,532.48199,661.46448,24.58367
CTD_P,20250819T063301,-0.18
O2,20250819T063315,243.97850,96.11852,25.87329,28.23348,29.59948,37.63917,8.03969,532.61517,661.76428,32.51797
CTD_P,20250819T063316,-0.21
O2,20250819T063331,246.01370,96.69859,25.74788,28.18835,29.55435,37.59061,8.03625,531.43958,661.52802,36.53616
CTD_P,20250819T063332,-0.22
O2,20250819T063345,244.22501,96.15749,25.84017,28.23469,29.60069,37.64652,8.04583,532.51312,664.35992,33.57884
CTD_P,20250819T063346,-0.25
O2,20250819T063400,245.65900,96.52304,25.72742,28.21203,29.57803,37.61569,8.03766,532.02661,660.99719,37.19194
CTD_P,20250819T063402,-0.26
O2,20250819T063415,247.93381,97.46404,25.75391,28.10000,29.46600,37.50291,8.03691,529.16711,661.58820,36.34290
CTD_P,20250819T063416,-0.24
CTD_P,20250819T063417,-0.20
CTD_P,20250819T063443,-0.23
CTD_bins,20250819T063842,26343,1001,1999.420
CTD_CP_H,20250819T063902,4.06,26.4797,36.3973,20,0.264692,10
CTD_CP_H,20250819T063902,5.98,26.4797,36.3976,27,0.264747,14
CTD_CP_H,20250819T063902,7.99,26.4813,36.3978,30,0.264811,15
CTD_CP_H,20250819T063902,10.03,26.4917,36.3999,31,0.264885,15
CTD_CP_H,20250819T063902,12.01,26.4919,36.4002,35,0.264965,18
CTD_CP_H,20250819T063902,14.04,26.4929,36.4000,36,0.265055,18
CTD_CP_H,20250819T063902,16.02,26.4917,36.3997,38,0.265157,19
CTD_CP_H,20250819T063902,18.02,26.4923,36.3994,43,0.265270,21
CTD_CP_H,20250819T063902,20.06,26.4899,36.3996,55,0.265413,28
CTD_CP_H,20250819T063902,21.95,26.4868,36.3984,53,0.265584,26
CTD_CP_H,20250819T063902,24.00,26.4830,36.3968,45,0.265749,23
CTD_CP_H,20250819T063903,25.95,26.4841,36.3966,33,0.265882,16
CTD_CP_H,20250819T063903,27.97,26.4885,36.3986,26,0.265988,13
CTD_CP_H,20250819T063903,29.95,26.4876,36.3977,22,0.266071,11
CTD_CP_H,20250819T063903,32.01,26.4876,36.3981,23,0.266161,12
CTD_CP_H,20250819T063903,33.98,26.4878,36.3983,23,0.266251,11
CTD_CP_H,20250819T063903,35.97,26.4884,36.3980,23,0.266339,12
CTD_CP_H,20250819T063903,37.99,26.4887,36.3979,23,0.266437,11
CTD_CP_H,20250819T063903,40.02,26.4920,36.3984,21,0.266531,11
CTD_CP_H,20250819T063903,41.98,26.4897,36.3984,23,0.266619,11
CTD_CP_H,20250819T063903,43.98,26.4910,36.3988,26,0.266725,13
CTD_CP_H,20250819T063903,45.95,26.4859,36.3972,26,0.266842,13
CTD_CP_H,20250819T063903,48.01,26.4816,36.3968,28,0.266961,14
CTD_CP_H,20250819T063903,50.07,26.4857,36.3968,36,0.267112,18
CTD_CP_H,20250819T063903,52.44,26.4448,36.3944,504,0.271600,252
CTD_CP_H,20250819T063904,53.61,26.3283,36.3937,415,0.268947,208
CTD_CP_H,20250819T063904,56.01,24.3128,36.4384,24,0.274292,12
CTD_CP_H,20250819T063904,58.00,24.2350,36.4448,25,0.274449,12
CTD_CP_H,20250819T063904,60.01,24.2003,36.4505,23,0.274608,12
CTD_CP_H,20250819T063904,61.97,24.1044,36.4378,23,0.274772,11
CTD_CP_H,20250819T063904,64.00,24.0365,36.4334,24,0.274921,12
CTD_CP_H,20250819T063904,66.02,23.9932,36.4369,23,0.275091,12
CTD_CP_H,20250819T063904,68.00,23.9800,36.4495,27,0.275260,13
CTD_CP_H,20250819T063904,70.00,23.9430,36.4560,31,0.275474,16
CTD_CP_H,20250819T063904,72.01,23.9139,36.4543,31,0.275689,15
CTD_CP_H,20250819T063904,74.10,23.8664,36.4536,39,0.275950,20
CTD_CP_H,20250819T063904,75.99,23.8306,36.4508,51,0.276284,25
CTD_CP_H,20250819T063904,78.02,23.7216,36.4339,49,0.276667,25
CTD_CP_H,20250819T063904,80.01,23.6500,36.4243,45,0.277032,22
CTD_CP_H,20250819T063905,82.00,23.5595,36.4108,43,0.277384,22
CTD_CP_H,20250819T063905,84.01,23.4917,36.4033,42,0.277730,21
CTD_CP_H,20250819T063905,86.02,23.3904,36.3925,44,0.278085,22
CTD_CP_H,20250819T063905,88.00,23.3169,36.3834,43,0.278443,21
CTD_CP_H,20250819T063905,89.99,23.2301,36.3727,47,0.278816,24
CTD_CP_H,20250819T063905,92.00,23.1809,36.3670,48,0.279214,24
CTD_CP_H,20250819T063905,94.00,22.9649,36.3293,44,0.279586,22
CTD_CP_H,20250819T063905,95.98,22.8364,36.3050,44,0.279943,22
CTD_CP_H,20250819T063905,97.97,22.6392,36.2782,38,0.280264,19
CTD_CP_H,20250819T063905,100.00,22.4935,36.2707,34,0.280547,17
CTD_CP_H,20250819T063905,101.99,22.3662,36.2556,34,0.280804,17
CTD_CP_H,20250819T063905,103.98,22.2735,36.2458,33,0.281048,16
CTD_CP_H,20250819T063905,106.00,22.1726,36.2301,32,0.281272,16
CTD_CP_H,20250819T063906,108.00,22.0299,36.2076,30,0.281478,15
CTD_CP_H,20250819T063906,110.01,21.7739,36.1817,29,0.281676,15
CTD_CP_H,20250819T063906,111.98,21.6253,36.1593,28,0.281852,14
CTD_CP_H,20250819T063906,113.98,21.4284,36.1388,28,0.282016,14
CTD_CP_H,20250819T063906,115.99,21.2533,36.1179,28,0.282175,14
CTD_CP_H,20250819T063906,117.99,21.1173,36.1033,27,0.282317,13
CTD_CP_H,20250819T063906,119.97,20.8958,36.0772,26,0.282447,13
CTD_CP_H,20250819T063906,121.98,20.6752,36.0568,26,0.282575,13
CTD_CP_H,20250819T063906,124.01,20.5497,36.0468,25,0.282697,13
CTD_CP_H,20250819T063906,126.03,20.4767,36.0489,25,0.282808,12
CTD_CP_H,20250819T063906,128.01,20.3794,36.0425,24,0.282908,12
CTD_CP_H,20250819T063906,129.99,20.2550,36.0401,25,0.283014,13
CTD_CP_H,20250819T063906,132.02,20.0354,36.0264,27,0.283111,13
CTD_CP_H,20250819T063906,134.00,19.7928,36.0049,28,0.283218,14
CTD_CP_H,20250819T063907,135.97,19.7316,36.0130,27,0.283328,14
CTD_CP_H,20250819T063907,137.98,19.7000,36.0361,27,0.283429,13
CTD_CP_H,20250819T063907,140.02,19.5834,36.0518,31,0.283541,16
CTD_CP_H,20250819T063907,142.00,19.5263,36.0619,32,0.283672,16
CTD_CP_H,20250819T063907,144.01,19.5018,36.0916,31,0.283791,15
CTD_CP_H,20250819T063907,146.05,19.4421,36.1016,40,0.283931,20
CTD_CP_H,20250819T063907,148.01,19.4219,36.1255,43,0.284099,22
CTD_CP_H,20250819T063907,149.99,19.3856,36.1391,40,0.284273,20
CTD_CP_H,20250819T063907,151.98,19.3573,36.1438,42,0.284448,21
CTD_CP_H,20250819T063907,153.98,19.3399,36.1481,39,0.284614,19
CTD_CP_H,20250819T063907,156.00,19.2537,36.1587,36,0.284773,18
CTD_CP_H,20250819T063907,158.00,19.1664,36.1759,34,0.284917,17
CTD_CP_H,20250819T063907,159.99,19.1112,36.1775,34,0.285069,17
CTD_CP_H,20250819T063907,162.00,19.1083,36.1790,36,0.285217,18
CTD_CP_H,20250819T063908,164.03,19.1057,36.1783,37,0.285375,19
CTD_CP_H,20250819T063908,166.03,19.0949,36.1758,36,0.285536,18
CTD_CP_H,20250819T063908,167.99,19.0028,36.1729,33,0.285675,16
CTD_CP_H,20250819T063908,169.98,18.8626,36.1607,33,0.285810,17
CTD_CP_H,20250819T063908,171.99,18.7654,36.1534,31,0.285942,15
CTD_CP_H,20250819T063908,173.99,18.7092,36.1564,30,0.286063,15
CTD_CP_H,20250819T063908,175.99,18.6700,36.1648,29,0.286184,15
CTD_CP_H,20250819T063908,178.01,18.5598,36.1538,30,0.286309,15
CTD_CP_H,20250819T063908,180.00,18.4985,36.1466,29,0.286429,14
CTD_CP_H,20250819T063908,181.98,18.4331,36.1455,29,0.286554,15
CTD_CP_H,20250819T063908,183.99,18.4120,36.1796,27,0.286672,13
CTD_CP_H,20250819T063908,186.00,18.5174,36.2457,27,0.286789,14
CTD_CP_H,20250819T063908,187.98,18.4920,36.2599,27,0.286904,13
CTD_CP_H,20250819T063909,189.98,18.4481,36.2549,26,0.287017,13
CTD_CP_H,20250819T063909,192.01,18.2471,36.2267,26,0.287126,13
CTD_CP_H,20250819T063909,194.02,18.1203,36.2068,25,0.287243,13
CTD_CP_H,20250819T063909,196.00,18.1705,36.2483,24,0.287354,12
CTD_CP_H,20250819T063909,198.00,18.1779,36.2822,24,0.287469,12
CTD_CP_H,20250819T063909,200.00,18.1476,36.2852,23,0.287576,11
CTD_CP_H,20250819T063909,202.00,18.1614,36.3082,23,0.287680,12
CTD_CP_H,20250819T063909,204.02,18.2247,36.3758,22,0.287793,11
CTD_CP_H,20250819T063909,206.00,18.2904,36.4279,21,0.287895,10
CTD_CP_H,20250819T063909,207.97,18.1686,36.4034,22,0.287989,11
CTD_CP_H,20250819T063909,209.98,17.9730,36.3605,21,0.288100,11
CTD_CP_H,20250819T063909,212.02,17.8876,36.3623,23,0.288216,11
CTD_CP_H,20250819T063909,214.03,17.9300,36.3839,26,0.288332,13
CTD_CP_H,20250819T063909,215.99,18.0332,36.4375,25,0.288466,13
CTD_CP_H,20250819T063910,217.99,18.0633,36.4753,27,0.288600,13
CTD_CP_H,20250819T063910,220.04,18.0245,36.4724,29,0.288748,15
CTD_CP_H,20250819T063910,222.01,18.0534,36.5025,36,0.288918,18
CTD_CP_H,20250819T063910,223.99,18.0032,36.4957,35,0.289096,17
CTD_CP_H,20250819T063910,225.99,17.8060,36.4660,34,0.289270,17
CTD_CP_H,20250819T063910,228.00,17.7575,36.4706,34,0.289442,17
CTD_CP_H,20250819T063910,230.03,17.6975,36.4673,33,0.289613,17
CTD_CP_H,20250819T063910,232.04,17.6424,36.4592,32,0.289778,16
CTD_CP_H,20250819T063910,234.01,17.5702,36.4503,31,0.289930,15
CTD_CP_H,20250819T063910,236.01,17.4872,36.4382,32,0.290081,16
CTD_CP_H,20250819T063910,238.02,17.3976,36.4235,32,0.290231,16
CTD_CP_H,20250819T063910,239.99,17.2943,36.4041,32,0.290378,16
CTD_CP_H,20250819T063910,241.99,17.2100,36.3873,31,0.290528,16
CTD_CP_H,20250819T063910,243.98,17.0382,36.3605,29,0.290670,14
CTD_CP_H,20250819T063911,246.00,16.9672,36.3507,30,0.290800,15
CTD_CP_H,20250819T063911,247.99,16.9456,36.3495,28,0.290939,14
CTD_CP_H,20250819T063911,250.00,16.9113,36.3522,29,0.291069,15
CTD_CP_H,20250819T063911,252.01,16.8773,36.3488,28,0.291199,14
CTD_CP_H,20250819T063911,254.00,16.8515,36.3441,28,0.291322,14
CTD_CP_H,20250819T063911,256.01,16.8072,36.3371,28,0.291445,14
CTD_CP_H,20250819T063911,258.03,16.7135,36.3232,27,0.291564,13
CTD_CP_H,20250819T063911,260.02,16.6081,36.3078,27,0.291670,14
CTD_CP_H,20250819T063911,262.00,16.5615,36.2979,27,0.291778,13
CTD_CP_H,20250819T063911,264.02,16.4407,36.2766,27,0.291892,14
CTD_CP_H,20250819T063911,266.00,16.3416,36.2629,26,0.291993,13
CTD_CP_H,20250819T063911,267.99,16.3123,36.2634,27,0.292092,13
CTD_CP_H,20250819T063911,270.00,16.2546,36.2573,26,0.292192,13
CTD_CP_H,20250819T063912,271.98,16.1795,36.2448,25,0.292278,13
CTD_CP_H,20250819T063912,273.99,16.0793,36.2302,26,0.292376,13
CTD_CP_H,20250819T063912,275.99,16.0015,36.2150,24,0.292459,12
CTD_CP_H,20250819T063912,277.98,15.9160,36.2003,26,0.292540,13
CTD_CP_H,20250819T063912,279.98,15.8651,36.1894,24,0.292630,12
CTD_CP_H,20250819T063912,281.96,15.7910,36.1768,25,0.292701,12
CTD_CP_H,20250819T063912,283.99,15.6846,36.1625,25,0.292785,13
CTD_CP_H,20250819T063912,286.00,15.6546,36.1572,24,0.292862,12
CTD_CP_H,20250819T063912,287.98,15.6282,36.1530,24,0.292942,12
CTD_CP_H,20250819T063912,290.00,15.5879,36.1475,25,0.293014,12
CTD_CP_H,20250819T063912,292.00,15.5574,36.1447,23,0.293095,12
CTD_CP_H,20250819T063912,293.97,15.5149,36.1405,24,0.293156,12
CTD_CP_H,20250819T063912,296.00,15.4887,36.1373,24,0.293242,12
CTD_CP_H,20250819T063912,297.99,15.4680,36.1361,23,0.293296,11
CTD_CP_H,20250819T063913,299.97,15.4046,36.1270,23,0.293363,12
CTD_CP_H,20250819T063913,301.99,15.3495,36.1185,24,0.293430,12
CTD_CP_H,20250819T063913,304.00,15.2988,36.1077,23,0.293484,11
CTD_CP_H,20250819T063913,306.00,15.2212,36.0948,23,0.293552,12
CTD_CP_H,20250819T063913,307.98,15.1466,36.0818,22,0.293602,11
CTD_CP_H,20250819T063913,309.98,15.0771,36.0716,23,0.293656,11
CTD_CP_H,20250819T063913,311.98,15.0179,36.0634,22,0.293712,11
CTD_CP_H,20250819T063913,313.98,14.9705,36.0550,23,0.293765,12
CTD_CP_H,20250819T063913,315.99,14.9352,36.0509,24,0.293831,12
CTD_CP_H,20250819T063913,318.03,14.9066,36.0497,28,0.293887,14
CTD_CP_H,20250819T063913,319.99,14.9216,36.0565,30,0.293963,15
CTD_CP_H,20250819T063913,322.01,14.8540,36.0467,31,0.294041,15
CTD_CP_H,20250819T063913,324.02,14.8255,36.0413,31,0.294116,16
CTD_CP_H,20250819T063913,326.00,14.8003,36.0371,30,0.294197,15
CTD_CP_H,20250819T063914,327.97,14.7879,36.0392,30,0.294267,15
CTD_CP_H,20250819T063914,329.98,14.7835,36.0443,31,0.294346,15
CTD_CP_H,20250819T063914,331.98,14.7623,36.0423,30,0.294417,15
CTD_CP_H,20250819T063914,333.97,14.7132,36.0342,30,0.294496,15
CTD_CP_H,20250819T063914,335.99,14.6641,36.0268,31,0.294575,16
CTD_CP_H,20250819T063914,338.01,14.6569,36.0262,30,0.294654,15
CTD_CP_H,20250819T063914,339.99,14.6317,36.0229,30,0.294729,15
CTD_CP_H,20250819T063914,341.98,14.5947,36.0174,31,0.294806,15
CTD_CP_H,20250819T063914,343.98,14.5369,36.0103,30,0.294875,15
CTD_CP_H,20250819T063914,346.00,14.5142,36.0074,31,0.294954,16
CTD_CP_H,20250819T063914,348.00,14.5043,36.0068,30,0.295031,15
CTD_CP_H,20250819T063914,349.98,14.4630,36.0010,29,0.295111,14
CTD_CP_H,20250819T063914,352.01,14.4135,35.9946,30,0.295177,15
CTD_CP_H,20250819T063915,354.01,14.4021,35.9930,29,0.295259,15
CTD_CP_H,20250819T063915,355.98,14.3907,35.9907,29,0.295323,14
CTD_CP_H,20250819T063915,357.99,14.3795,35.9883,30,0.295403,15
CTD_CP_H,20250819T063915,360.02,14.3525,35.9852,29,0.295467,15
CTD_CP_H,20250819T063915,362.01,14.3053,35.9798,28,0.295545,14
CTD_CP_H,20250819T063915,364.03,14.2414,35.9706,28,0.295604,14
CTD_CP_H,20250819T063915,366.00,14.2049,35.9643,26,0.295680,13
CTD_CP_H,20250819T063915,367.98,14.1906,35.9615,27,0.295732,13
CTD_CP_H,20250819T063915,370.01,14.1764,35.9589,27,0.295795,14
CTD_CP_H,20250819T063915,372.00,14.1191,35.9514,26,0.295863,13
CTD_CP_H,20250819T063915,373.98,14.0918,35.9471,26,0.295917,13
CTD_CP_H,20250819T063915,375.97,14.0324,35.9395,25,0.295983,12
CTD_CP_H,20250819T063915,377.98,14.0149,35.9365,26,0.296032,13
CTD_CP_H,20250819T063915,380.00,13.9824,35.9329,25,0.296087,13
CTD_CP_H,20250819T063916,382.01,13.9641,35.9307,25,0.296149,12
CTD_CP_H,20250819T063916,384.03,13.9563,35.9326,25,0.296202,13
CTD_CP_H,20250819T063916,386.03,13.9327,35.9314,24,0.296256,12
CTD_CP_H,20250819T063916,387.99,13.9176,35.9293,24,0.296313,12
CTD_CP_H,20250819T063916,389.99,13.8773,35.9251,24,0.296362,12
CTD_CP_H,20250819T063916,392.01,13.8324,35.9201,24,0.296410,12
CTD_CP_H,20250819T063916,394.03,13.8146,35.9180,24,0.296468,12
CTD_CP_H,20250819T063916,396.04,13.7865,35.9143,24,0.296507,12
CTD_CP_H,20250819T063916,398.01,13.7523,35.9103,23,0.296562,11
CTD_CP_H,20250819T063916,400.01,13.7284,35.9066,25,0.296617,13
CTD_CP_H,20250819T063916,402.02,13.7133,35.9036,23,0.296655,11
CTD_CP_H,20250819T063916,404.02,13.6771,35.8993,24,0.296710,12
CTD_CP_H,20250819T063916,406.03,13.6418,35.8946,23,0.296755,12
CTD_CP_H,20250819T063916,407.99,13.6234,35.8918,23,0.296800,11
CTD_CP_H,20250819T063917,409.98,13.5985,35.8885,23,0.296840,12
CTD_CP_H,20250819T063917,411.97,13.5737,35.8849,23,0.296892,11
CTD_CP_H,20250819T063917,413.99,13.5395,35.8809,24,0.296939,12
CTD_CP_H,20250819T063917,415.98,13.5222,35.8779,22,0.296973,11
CTD_CP_H,20250819T063917,417.99,13.5153,35.8765,24,0.297016,12
CTD_CP_H,20250819T063917,420.02,13.4824,35.8729,23,0.297064,12
CTD_CP_H,20250819T063917,421.99,13.4640,35.8699,22,0.297109,11
CTD_CP_H,20250819T063917,423.96,13.4324,35.8660,23,0.297139,11
CTD_CP_H,20250819T063917,425.98,13.4046,35.8625,23,0.297185,12
CTD_CP_H,20250819T063917,427.96,13.3675,35.8571,22,0.297222,11
CTD_CP_H,20250819T063917,429.98,13.3367,35.8526,23,0.297263,11
CTD_CP_H,20250819T063917,431.99,13.3115,35.8474,22,0.297294,11
CTD_CP_H,20250819T063917,433.96,13.2793,35.8429,22,0.297337,11
CTD_CP_H,20250819T063917,435.97,13.2795,35.8436,23,0.297368,12
CTD_CP_H,20250819T063918,437.99,13.2530,35.8390,22,0.297410,11
CTD_CP_H,20250819T063918,439.97,13.2183,35.8337,22,0.297443,11
CTD_CP_H,20250819T063918,441.96,13.2002,35.8301,22,0.297484,11
CTD_CP_H,20250819T063918,443.97,13.1773,35.8266,22,0.297512,11
CTD_CP_H,20250819T063918,445.98,13.1524,35.8236,22,0.297554,11
CTD_CP_H,20250819T063918,448.00,13.1425,35.8225,22,0.297590,11
CTD_CP_H,20250819T063918,450.02,13.1537,35.8306,22,0.297623,11
CTD_CP_H,20250819T063918,452.00,13.1301,35.8276,21,0.297658,10
CTD_CP_H,20250819T063918,454.01,13.0921,35.8218,22,0.297698,11
CTD_CP_H,20250819T063918,456.03,13.0999,35.8289,21,0.297731,11
CTD_CP_H,20250819T063918,458.01,13.1031,35.8330,21,0.297763,10
CTD_CP_H,20250819T063918,460.00,13.0923,35.8315,21,0.297807,11
CTD_CP_H,20250819T063918,461.97,13.0793,35.8293,21,0.297843,10
CTD_CP_H,20250819T063919,463.99,13.0699,35.8284,22,0.297875,11
CTD_CP_H,20250819T063919,466.02,13.0504,35.8270,21,0.297910,11
CTD_CP_H,20250819T063919,468.02,13.0237,35.8242,23,0.297955,11
CTD_CP_H,20250819T063919,470.03,13.0072,35.8221,27,0.297998,14
CTD_CP_H,20250819T063919,472.00,12.9931,35.8206,26,0.298040,13
CTD_CP_H,20250819T063919,473.96,12.9894,35.8206,27,0.298088,13
CTD_CP_H,20250819T063919,476.00,12.9851,35.8207,28,0.298139,14
CTD_CP_H,20250819T063919,478.02,12.9691,35.8190,27,0.298187,14
CTD_CP_H,20250819T063919,480.02,12.9568,35.8171,27,0.298234,13
CTD_CP_H,20250819T063919,482.04,12.9443,35.8162,27,0.298290,14
CTD_CP_H,20250819T063919,484.02,12.9382,35.8161,26,0.298340,13
CTD_CP_H,20250819T063919,485.99,12.9345,35.8166,27,0.298388,13
CTD_CP_H,20250819T063919,487.98,12.9188,35.8147,27,0.298444,14
CTD_CP_H,20250819T063919,490.00,12.8976,35.8117,28,0.298496,14
CTD_CP_H,20250819T063920,492.02,12.8844,35.8092,27,0.298552,13
CTD_CP_H,20250819T063920,494.01,12.8743,35.8091,27,0.298605,14
CTD_CP_H,20250819T063920,496.02,12.8566,35.8068,27,0.298652,13
CTD_CP_H,20250819T063920,497.99,12.8458,35.8054,26,0.298708,13
CTD_CP_H,20250819T063920,499.98,12.8353,35.8035,27,0.298763,14
CTD_CP_H,20250819T063920,502.00,12.8232,35.8028,27,0.298817,13
CTD_CP_H,20250819T063920,503.98,12.8102,35.8007,26,0.298875,13
CTD_CP_H,20250819T063920,505.99,12.7977,35.7984,28,0.298925,14
CTD_CP_H,20250819T063920,508.01,12.7695,35.7948,26,0.298980,13
CTD_CP_H,20250819T063920,509.99,12.7392,35.7898,26,0.299034,13
CTD_CP_H,20250819T063920,512.00,12.7146,35.7872,27,0.299085,14
CTD_CP_H,20250819T063920,514.01,12.7023,35.7857,26,0.299134,13
CTD_CP_H,20250819T063920,516.00,12.6853,35.7848,26,0.299197,13
CTD_CP_H,20250819T063920,517.99,12.6629,35.7820,26,0.299245,13
CTD_CP_H,20250819T063921,519.99,12.6413,35.7788,26,0.299294,13
CTD_CP_H,20250819T063921,522.01,12.6240,35.7762,26,0.299353,13
CTD_CP_H,20250819T063921,524.01,12.6062,35.7740,25,0.299395,12
CTD_CP_H,20250819T063921,525.98,12.5890,35.7715,25,0.299440,13
CTD_CP_H,20250819T063921,527.99,12.5634,35.7684,26,0.299503,13
CTD_CP_H,20250819T063921,530.02,12.5351,35.7653,25,0.299547,12
CTD_CP_H,20250819T063921,532.02,12.5185,35.7633,25,0.299589,13
CTD_CP_H,20250819T063921,534.02,12.5009,35.7609,25,0.299646,12
CTD_CP_H,20250819T063921,536.00,12.4770,35.7579,24,0.299686,12
CTD_CP_H,20250819T063921,538.00,12.4437,35.7546,25,0.299727,13
CTD_CP_H,20250819T063921,540.01,12.4219,35.7522,24,0.299783,12
CTD_CP_H,20250819T063921,541.98,12.4072,35.7533,24,0.299824,12
CTD_CP_H,20250819T063921,544.00,12.3721,35.7506,25,0.299861,12
CTD_CP_H,20250819T063922,546.03,12.3303,35.7458,24,0.299908,12
CTD_CP_H,20250819T063922,548.01,12.3125,35.7430,24,0.299956,12
CTD_CP_H,20250819T063922,550.01,12.2948,35.7404,24,0.299996,12
CTD_CP_H,20250819T063922,551.99,12.2720,35.7379,23,0.300038,12
CTD_CP_H,20250819T063922,553.97,12.2551,35.7359,24,0.300087,12
CTD_CP_H,20250819T063922,555.99,12.2364,35.7340,24,0.300132,12
CTD_CP_H,20250819T063922,558.00,12.2287,35.7328,24,0.300171,12
CTD_CP_H,20250819T063922,560.00,12.2140,35.7316,23,0.300210,11
CTD_CP_H,20250819T063922,561.95,12.1988,35.7301,23,0.300260,12
CTD_CP_H,20250819T063922,563.96,12.1908,35.7297,24,0.300301,12
CTD_CP_H,20250819T063922,566.00,12.1741,35.7284,24,0.300343,12
CTD_CP_H,20250819T063922,568.03,12.1616,35.7271,24,0.300386,12
CTD_CP_H,20250819T063922,570.04,12.1486,35.7250,24,0.300438,12
CTD_CP_H,20250819T063922,572.01,12.1177,35.7210,23,0.300471,11
CTD_CP_H,20250819T063923,574.00,12.0921,35.7183,24,0.300512,12
CTD_CP_H,20250819T063923,575.98,12.0773,35.7165,23,0.300562,12
CTD_CP_H,20250819T063923,577.97,12.0570,35.7144,24,0.300604,12
CTD_CP_H,20250819T063923,580.01,12.0355,35.7121,24,0.300644,12
CTD_CP_H,20250819T063923,582.04,12.0266,35.7116,24,0.300687,12
CTD_CP_H,20250819T063923,584.03,12.0265,35.7129,23,0.300734,11
CTD_CP_H,20250819T063923,585.99,12.0091,35.7108,23,0.300771,12
CTD_CP_H,20250819T063923,588.00,11.9821,35.7077,24,0.300812,12
CTD_CP_H,20250819T063923,590.00,11.9634,35.7052,23,0.300857,11
CTD_CP_H,20250819T063923,592.02,11.9521,35.7038,24,0.300899,12
CTD_CP_H,20250819T063923,594.00,11.9315,35.7032,23,0.300941,12
CTD_CP_H,20250819T063923,595.99,11.9094,35.6999,26,0.300983,13
CTD_CP_H,20250819T063923,598.03,11.8980,35.6991,32,0.301042,16
CTD_CP_H,20250819T063923,600.01,11.8843,35.6983,30,0.301090,15
CTD_CP_H,20250819T063924,602.00,11.8517,35.6957,32,0.301150,16
CTD_CP_H,20250819T063924,604.01,11.8168,35.6920,30,0.301206,15
CTD_CP_H,20250819T063924,606.00,11.7966,35.6895,31,0.301259,15
CTD_CP_H,20250819T063924,608.02,11.7798,35.6869,31,0.301321,16
CTD_CP_H,20250819T063924,610.01,11.7671,35.6852,30,0.301373,15
CTD_CP_H,20250819T063924,611.97,11.7574,35.6841,30,0.301432,15
CTD_CP_H,20250819T063924,613.95,11.7425,35.6823,30,0.301490,15
CTD_CP_H,20250819T063924,615.97,11.7149,35.6793,31,0.301545,15
CTD_CP_H,20250819T063924,618.00,11.6929,35.6777,30,0.301603,15
CTD_CP_H,20250819T063924,619.98,11.6823,35.6770,29,0.301666,15
CTD_CP_H,20250819T063924,621.97,11.6677,35.6761,30,0.301715,15
CTD_CP_H,20250819T063924,623.99,11.6555,35.6751,30,0.301784,15
CTD_CP_H,20250819T063924,626.00,11.6463,35.6739,30,0.301841,15
CTD_CP_H,20250819T063925,627.98,11.6256,35.6719,29,0.301894,14
CTD_CP_H,20250819T063925,630.00,11.6145,35.6714,30,0.301963,15
CTD_CP_H,20250819T063925,632.01,11.5933,35.6695,29,0.302017,15
CTD_CP_H,20250819T063925,634.00,11.5702,35.6668,29,0.302071,14
CTD_CP_H,20250819T063925,635.99,11.5508,35.6641,29,0.302130,15
CTD_CP_H,20250819T063925,637.99,11.5274,35.6615,29,0.302187,14
CTD_CP_H,20250819T063925,640.01,11.5024,35.6586,29,0.302253,15
CTD_CP_H,20250819T063925,642.04,11.4807,35.6562,28,0.302304,14
CTD_CP_H,20250819T063925,644.01,11.4616,35.6535,28,0.302359,14
CTD_CP_H,20250819T063925,646.02,11.4462,35.6525,28,0.302420,14
CTD_CP_H,20250819T063925,648.00,11.4281,35.6502,27,0.302468,13
CTD_CP_H,20250819T063925,649.99,11.4053,35.6479,28,0.302519,14
CTD_CP_H,20250819T063925,652.00,11.3645,35.6453,27,0.302578,14
CTD_CP_H,20250819T063925,653.99,11.3434,35.6436,27,0.302625,13
CTD_CP_H,20250819T063926,655.99,11.3260,35.6420,27,0.302677,14
CTD_CP_H,20250819T063926,658.02,11.2931,35.6390,27,0.302734,13
CTD_CP_H,20250819T063926,660.03,11.2725,35.6359,26,0.302774,13
CTD_CP_H,20250819T063926,662.01,11.2540,35.6340,26,0.302833,13
CTD_CP_H,20250819T063926,664.01,11.2374,35.6323,26,0.302880,13
CTD_CP_H,20250819T063926,666.00,11.1994,35.6277,25,0.302922,13
CTD_CP_H,20250819T063926,668.02,11.1775,35.6253,26,0.302974,13
CTD_CP_H,20250819T063926,669.99,11.1578,35.6227,24,0.303027,12
CTD_CP_H,20250819T063926,671.96,11.1397,35.6203,25,0.303063,12
CTD_CP_H,20250819T063926,673.98,11.1161,35.6184,25,0.303107,13
CTD_CP_H,20250819T063926,676.01,11.1014,35.6166,25,0.303163,12
CTD_CP_H,20250819T063926,678.00,11.0836,35.6141,24,0.303198,12
CTD_CP_H,20250819T063926,679.98,11.0679,35.6123,24,0.303243,12
CTD_CP_H,20250819T063926,681.97,11.0600,35.6116,24,0.303290,12
CTD_CP_H,20250819T063927,684.01,11.0327,35.6095,25,0.303334,13
CTD_CP_H,20250819T063927,686.03,11.0137,35.6078,23,0.303379,11
CTD_CP_H,20250819T063927,687.98,10.9882,35.6042,23,0.303416,12
CTD_CP_H,20250819T063927,689.95,10.9510,35.5998,23,0.303460,11
CTD_CP_H,20250819T063927,691.99,10.9247,35.5968,24,0.303499,12
CTD_CP_H,20250819T063927,694.02,10.9038,35.5953,23,0.303540,12
CTD_CP_H,20250819T063927,695.98,10.8906,35.5940,22,0.303584,11
CTD_CP_H,20250819T063927,697.96,10.8819,35.5925,23,0.303624,11
CTD_CP_H,20250819T063927,700.00,10.8741,35.5922,23,0.303660,12
CTD_CP_H,20250819T063927,702.01,10.8635,35.5912,22,0.303700,11
CTD_CP_H,20250819T063927,703.98,10.8560,35.5902,22,0.303747,11
CTD_CP_H,20250819T063927,705.97,10.8391,35.5884,22,0.303789,11
CTD_CP_H,20250819T063927,708.01,10.8153,35.5867,23,0.303818,11
CTD_CP_H,20250819T063927,710.02,10.8024,35.5856,21,0.303857,11
CTD_CP_H,20250819T063928,711.98,10.7919,35.5871,22,0.303904,11
CTD_CP_H,20250819T063928,713.99,10.7826,35.5858,22,0.303944,11
CTD_CP_H,20250819T063928,716.01,10.7716,35.5842,22,0.303976,11
CTD_CP_H,20250819T063928,718.00,10.7550,35.5827,21,0.304006,10
CTD_CP_H,20250819T063928,720.00,10.7353,35.5808,22,0.304052,11
CTD_CP_H,20250819T063928,721.98,10.7126,35.5778,21,0.304090,11
CTD_CP_H,20250819T063928,723.99,10.6874,35.5755,22,0.304125,11
CTD_CP_H,20250819T063928,726.01,10.6755,35.5733,21,0.304152,10
CTD_CP_H,20250819T063928,727.98,10.6533,35.5715,21,0.304195,11
CTD_CP_H,20250819T063928,729.96,10.6358,35.5694,21,0.304225,10
CTD_CP_H,20250819T063928,732.00,10.6197,35.5677,22,0.304260,11
CTD_CP_H,20250819T063928,734.05,10.5925,35.5655,21,0.304289,11
CTD_CP_H,20250819T063928,735.99,10.5571,35.5624,20,0.304321,10
CTD_CP_H,20250819T063929,737.99,10.5294,35.5599,22,0.304359,11
CTD_CP_H,20250819T063929,740.02,10.5112,35.5586,20,0.304389,10
CTD_CP_H,20250819T063929,741.97,10.5016,35.5575,21,0.304422,10
CTD_CP_H,20250819T063929,743.97,10.4935,35.5569,21,0.304451,11
CTD_CP_H,20250819T063929,746.02,10.4765,35.5556,22,0.304478,11
CTD_CP_H,20250819T063929,748.06,10.4648,35.5543,21,0.304523,10
CTD_CP_H,20250819T063929,750.02,10.4369,35.5524,23,0.304556,12
CTD_CP_H,20250819T063929,751.97,10.4243,35.5513,27,0.304587,13
CTD_CP_H,20250819T063929,753.97,10.4131,35.5498,27,0.304625,14
CTD_CP_H,20250819T063929,755.96,10.3977,35.5491,27,0.304671,13
CTD_CP_H,20250819T063929,757.96,10.3771,35.5472,27,0.304715,14
CTD_CP_H,20250819T063929,759.99,10.3680,35.5462,28,0.304755,14
CTD_CP_H,20250819T063929,762.01,10.3562,35.5457,26,0.304796,13
CTD_CP_H,20250819T063929,763.99,10.3394,35.5444,27,0.304835,13
CTD_CP_H,20250819T063930,766.02,10.3155,35.5422,27,0.304879,14
CTD_CP_H,20250819T063930,768.01,10.3032,35.5409,26,0.304918,13
CTD_CP_H,20250819T063930,769.97,10.2897,35.5394,26,0.304961,13
CTD_CP_H,20250819T063930,771.96,10.2785,35.5384,27,0.305002,13
CTD_CP_H,20250819T063930,773.97,10.2707,35.5372,27,0.305042,14
CTD_CP_H,20250819T063930,776.00,10.2586,35.5360,27,0.305077,13
CTD_CP_H,20250819T063930,778.01,10.2230,35.5331,26,0.305125,13
CTD_CP_H,20250819T063930,780.01,10.2024,35.5314,27,0.305164,14
CTD_CP_H,20250819T063930,782.03,10.1926,35.5298,26,0.305203,13
CTD_CP_H,20250819T063930,784.01,10.1757,35.5287,26,0.305240,13
CTD_CP_H,20250819T063930,786.00,10.1556,35.5272,26,0.305288,13
CTD_CP_H,20250819T063930,787.99,10.1368,35.5255,26,0.305330,13
CTD_CP_H,20250819T063930,790.01,10.1254,35.5247,26,0.305364,13
CTD_CP_H,20250819T063930,792.01,10.1187,35.5238,25,0.305410,12
CTD_CP_H,20250819T063931,793.97,10.1170,35.5231,25,0.305454,13
CTD_CP_H,20250819T063931,795.98,10.1066,35.5228,26,0.305488,13
CTD_CP_H,20250819T063931,797.99,10.0892,35.5212,25,0.305531,12
CTD_CP_H,20250819T063931,800.00,10.0817,35.5204,26,0.305577,13
CTD_CP_H,20250819T063931,801.99,10.0729,35.5200,25,0.305620,13
CTD_CP_H,20250819T063931,803.99,10.0622,35.5202,26,0.305659,13
CTD_CP_H,20250819T063931,806.00,10.0418,35.5186,25,0.305705,12
CTD_CP_H,20250819T063931,807.99,10.0324,35.5184,25,0.305752,13
CTD_CP_H,20250819T063931,809.98,10.0318,35.5194,25,0.305792,12
CTD_CP_H,20250819T063931,812.02,10.0262,35.5190,26,0.305833,13
CTD_CP_H,20250819T063931,814.02,10.0180,35.5174,25,0.305883,13
CTD_CP_H,20250819T063931,816.02,10.0011,35.5153,26,0.305927,13
CTD_CP_H,20250819T063931,818.04,9.9876,35.5135,26,0.305967,13
CTD_CP_H,20250819T063931,820.02,9.9567,35.5089,25,0.306007,12
CTD_CP_H,20250819T063932,821.98,9.9408,35.5064,25,0.306055,13
CTD_CP_H,20250819T063932,824.00,9.9150,35.5042,26,0.306097,13
CTD_CP_H,20250819T063932,826.02,9.9001,35.5030,25,0.306136,12
CTD_CP_H,20250819T063932,828.02,9.8868,35.5022,25,0.306185,13
CTD_CP_H,20250819T063932,830.04,9.8710,35.5014,25,0.306229,12
CTD_CP_H,20250819T063932,832.01,9.8531,35.5003,24,0.306271,12
CTD_CP_H,20250819T063932,833.99,9.8400,35.4990,25,0.306311,13
CTD_CP_H,20250819T063932,836.01,9.8296,35.4982,25,0.306359,12
CTD_CP_H,20250819T063932,838.00,9.8223,35.4973,24,0.306399,12
CTD_CP_H,20250819T063932,840.01,9.8129,35.4966,25,0.306436,13
CTD_CP_H,20250819T063932,842.01,9.7908,35.4950,24,0.306486,12
CTD_CP_H,20250819T063932,843.97,9.7807,35.4931,24,0.306526,12
CTD_CP_H,20250819T063932,845.99,9.7632,35.4908,25,0.306563,12
CTD_CP_H,20250819T063933,847.99,9.7456,35.4884,23,0.306602,12
CTD_CP_H,20250819T063933,849.96,9.7104,35.4859,24,0.306644,12
CTD_CP_H,20250819T063933,851.99,9.6960,35.4846,24,0.306685,12
CTD_CP_H,20250819T063933,854.03,9.6834,35.4830,24,0.306720,12
CTD_CP_H,20250819T063933,855.99,9.6560,35.4803,22,0.306758,11
CTD_CP_H,20250819T063933,857.96,9.6373,35.4778,24,0.306798,12
CTD_CP_H,20250819T063933,859.99,9.6168,35.4755,23,0.306836,11
CTD_CP_H,20250819T063933,861.98,9.6011,35.4733,23,0.306871,12
CTD_CP_H,20250819T063933,863.99,9.5795,35.4708,23,0.306906,11
CTD_CP_H,20250819T063933,866.00,9.5689,35.4691,23,0.306943,12
CTD_CP_H,20250819T063933,868.01,9.5513,35.4673,23,0.306979,11
CTD_CP_H,20250819T063933,870.01,9.5372,35.4659,23,0.307016,12
CTD_CP_H,20250819T063933,872.00,9.5184,35.4648,22,0.307045,11
CTD_CP_H,20250819T063933,873.99,9.4953,35.4625,23,0.307074,11
CTD_CP_H,20250819T063934,875.99,9.4791,35.4602,22,0.307116,11
CTD_CP_H,20250819T063934,878.01,9.4517,35.4571,23,0.307152,12
CTD_CP_H,20250819T063934,880.01,9.4346,35.4568,22,0.307176,11
CTD_CP_H,20250819T063934,882.01,9.4266,35.4554,25,0.307211,12
CTD_CP_H,20250819T063934,884.00,9.4096,35.4529,29,0.307250,15
CTD_CP_H,20250819T063934,885.97,9.3685,35.4484,29,0.307297,14
CTD_CP_H,20250819T063934,887.97,9.3401,35.4446,29,0.307334,15
CTD_CP_H,20250819T063934,889.99,9.3335,35.4443,29,0.307372,14
CTD_CP_H,20250819T063934,892.01,9.3299,35.4437,29,0.307426,15
CTD_CP_H,20250819T063934,894.02,9.3207,35.4430,29,0.307467,14
CTD_CP_H,20250819T063934,896.02,9.3084,35.4419,29,0.307502,15
CTD_CP_H,20250819T063934,898.00,9.2894,35.4402,28,0.307545,14
CTD_CP_H,20250819T063934,899.99,9.2612,35.4370,28,0.307596,14
CTD_CP_H,20250819T063934,901.99,9.2519,35.4372,28,0.307630,14
CTD_CP_H,20250819T063935,903.98,9.2450,35.4367,28,0.307662,14
CTD_CP_H,20250819T063935,905.97,9.2387,35.4363,27,0.307713,13
CTD_CP_H,20250819T063935,907.96,9.2072,35.4325,28,0.307751,14
CTD_CP_H,20250819T063935,910.01,9.1898,35.4299,28,0.307789,14
CTD_CP_H,20250819T063935,912.03,9.1784,35.4280,27,0.307822,14
CTD_CP_H,20250819T063935,914.01,9.1463,35.4246,27,0.307862,13
CTD_CP_H,20250819T063935,916.00,9.1298,35.4225,27,0.307907,14
CTD_CP_H,20250819T063935,917.99,9.1066,35.4199,26,0.307939,13
CTD_CP_H,20250819T063935,919.99,9.0885,35.4184,27,0.307972,13
CTD_CP_H,20250819T063935,922.01,9.0877,35.4181,27,0.308017,14
CTD_CP_H,20250819T063935,924.01,9.0778,35.4178,26,0.308061,13
CTD_CP_H,20250819T063935,926.00,9.0608,35.4159,26,0.308091,13
CTD_CP_H,20250819T063935,927.99,9.0501,35.4141,26,0.308127,13
CTD_CP_H,20250819T063936,930.00,9.0418,35.4133,26,0.308169,13
CTD_CP_H,20250819T063936,931.99,9.0130,35.4108,25,0.308206,12
CTD_CP_H,20250819T063936,933.98,8.9782,35.4061,26,0.308237,13
CTD_CP_H,20250819T063936,935.99,8.9808,35.4081,25,0.308277,13
CTD_CP_H,20250819T063936,938.00,8.9808,35.4093,26,0.308317,13
CTD_CP_H,20250819T063936,940.00,8.9798,35.4089,25,0.308355,12
CTD_CP_H,20250819T063936,941.98,8.9794,35.4087,25,0.308391,13
CTD_CP_H,20250819T063936,943.96,8.9679,35.4080,25,0.308426,12
CTD_CP_H,20250819T063936,945.98,8.9585,35.4062,26,0.308469,13
CTD_CP_H,20250819T063936,948.02,8.9278,35.4017,25,0.308509,13
CTD_CP_H,20250819T063936,950.00,8.9149,35.4014,24,0.308545,12
CTD_CP_H,20250819T063936,951.97,8.9049,35.4017,25,0.308580,12
CTD_CP_H,20250819T063936,953.99,8.8991,35.4007,25,0.308617,13
CTD_CP_H,20250819T063936,956.00,8.8795,35.3991,25,0.308663,12
CTD_CP_H,20250819T063937,958.02,8.8708,35.3982,25,0.308696,13
CTD_CP_H,20250819T063937,960.02,8.8604,35.3970,24,0.308731,12
CTD_CP_H,20250819T063937,961.99,8.8506,35.3959,24,0.308772,12
CTD_CP_H,20250819T063937,963.99,8.8313,35.3940,25,0.308814,12
CTD_CP_H,20250819T063937,966.00,8.8139,35.3915,24,0.308847,12
CTD_CP_H,20250819T063937,967.98,8.8060,35.3909,24,0.308882,12
CTD_CP_H,20250819T063937,970.00,8.7986,35.3897,25,0.308919,13
CTD_CP_H,20250819T063937,972.02,8.7896,35.3886,24,0.308973,12
CTD_CP_H,20250819T063937,973.99,8.7724,35.3866,24,0.308999,12
CTD_CP_H,20250819T063937,975.98,8.7589,35.3851,24,0.309035,12
CTD_CP_H,20250819T063937,977.98,8.7420,35.3833,24,0.309076,12
CTD_CP_H,20250819T063937,979.96,8.7320,35.3817,24,0.309117,12
CTD_CP_H,20250819T063937,981.97,8.7241,35.3805,25,0.309154,12
CTD_CP_H,20250819T063937,984.00,8.7073,35.3782,24,0.309187,12
CTD_CP_H,20250819T063938,985.98,8.6971,35.3770,24,0.309225,12
CTD_CP_H,20250819T063938,988.01,8.6774,35.3750,25,0.309269,13
CTD_CP_H,20250819T063938,990.03,8.6697,35.3739,24,0.309303,12
CTD_CP_H,20250819T063938,991.99,8.6549,35.3727,24,0.309343,12
CTD_CP_H,20250819T063938,994.02,8.6316,35.3702,25,0.309379,12
CTD_CP_H,20250819T063938,996.01,8.6098,35.3681,23,0.309420,12
CTD_CP_H,20250819T063938,997.95,8.5982,35.3668,24,0.309453,12
CTD_CP_H,20250819T063938,999.97,8.5720,35.3643,25,0.309491,12
CTD_CP_H,20250819T063938,1001.99,8.5567,35.3624,24,0.309528,12
CTD_CP_H,20250819T063938,1003.99,8.5451,35.3618,24,0.309567,12
CTD_CP_H,20250819T063938,1005.99,8.5431,35.3618,24,0.309605,12
CTD_CP_H,20250819T063938,1007.99,8.5369,35.3614,24,0.309643,12
CTD_CP_H,20250819T063938,1009.99,8.5341,35.3612,24,0.309680,12
CTD_CP_H,20250819T063939,1012.00,8.5102,35.3586,24,0.309716,12
CTD_CP_H,20250819T063939,1014.02,8.4833,35.3559,24,0.309756,12
CTD_CP_H,20250819T063939,1015.99,8.4606,35.3541,23,0.309792,12
CTD_CP_H,20250819T063939,1017.98,8.4523,35.3530,24,0.309828,12
CTD_CP_H,20250819T063939,1019.99,8.4442,35.3520,23,0.309870,11
CTD_CP_H,20250819T063939,1022.01,8.4309,35.3510,24,0.309904,12
CTD_CP_H,20250819T063939,1024.04,8.4162,35.3498,23,0.309941,12
CTD_CP_H,20250819T063939,1026.02,8.4054,35.3490,23,0.309975,11
CTD_CP_H,20250819T063939,1028.01,8.3960,35.3479,23,0.310017,12
CTD_CP_H,20250819T063939,1030.03,8.3890,35.3473,23,0.310051,11
CTD_CP_H,20250819T063939,1032.04,8.3878,35.3471,23,0.310078,12
CTD_CP_H,20250819T063939,1034.01,8.3662,35.3445,22,0.310115,11
CTD_CP_H,20250819T063939,1036.02,8.3403,35.3417,24,0.310158,12
CTD_CP_H,20250819T063939,1038.05,8.3240,35.3398,22,0.310194,11
CTD_CP_H,20250819T063940,1040.01,8.3106,35.3388,22,0.310223,11
CTD_CP_H,20250819T063940,1042.02,8.3017,35.3387,23,0.310259,11
CTD_CP_H,20250819T063940,1044.03,8.2835,35.3371,22,0.310290,11
CTD_CP_H,20250819T063940,1046.00,8.2708,35.3355,22,0.310329,11
CTD_CP_H,20250819T063940,1048.01,8.2503,35.3334,23,0.310367,12
CTD_CP_H,20250819T063940,1050.01,8.2342,35.3314,22,0.310392,11
CTD_CP_H,20250819T063940,1051.99,8.2167,35.3298,22,0.310428,11
CTD_CP_H,20250819T063940,1054.01,8.1985,35.3282,23,0.310468,11
CTD_CP_H,20250819T063940,1056.03,8.1856,35.3270,22,0.310502,11
CTD_CP_H,20250819T063940,1058.01,8.1709,35.3258,22,0.310531,11
CTD_CP_H,20250819T063940,1059.99,8.1582,35.3244,23,0.310565,12
CTD_CP_H,20250819T063940,1062.00,8.1515,35.3235,28,0.310606,14
CTD_CP_H,20250819T063940,1064.00,8.1431,35.3227,30,0.310654,15
CTD_CP_H,20250819T063940,1065.98,8.1244,35.3207,29,0.310695,14
CTD_CP_H,20250819T063941,1067.98,8.1082,35.3192,30,0.310742,15
CTD_CP_H,20250819T063941,1070.01,8.0975,35.3180,29,0.310793,15
CTD_CP_H,20250819T063941,1072.00,8.0874,35.3174,28,0.310838,14
CTD_CP_H,20250819T063941,1073.98,8.0805,35.3166,29,0.310880,14
CTD_CP_H,20250819T063941,1075.99,8.0663,35.3153,29,0.310931,15
CTD_CP_H,20250819T063941,1078.01,8.0471,35.3135,29,0.310979,14
CTD_CP_H,20250819T063941,1080.02,8.0225,35.3114,28,0.311020,14
CTD_CP_H,20250819T063941,1082.00,8.0072,35.3096,28,0.311069,14
CTD_CP_H,20250819T063941,1083.99,7.9904,35.3081,28,0.311117,14
CTD_CP_H,20250819T063941,1085.99,7.9803,35.3067,28,0.311161,14
CTD_CP_H,20250819T063941,1087.99,7.9643,35.3056,28,0.311206,14
CTD_CP_H,20250819T063941,1090.00,7.9581,35.3060,28,0.311260,14
CTD_CP_H,20250819T063941,1091.99,7.9467,35.3054,27,0.311301,14
CTD_CP_H,20250819T063941,1093.99,7.9353,35.3044,28,0.311346,14
CTD_CP_H,20250819T063942,1096.00,7.9235,35.3032,27,0.311399,13
CTD_CP_H,20250819T063942,1098.00,7.9012,35.3012,27,0.311437,14
CTD_CP_H,20250819T063942,1100.01,7.8826,35.2996,27,0.311479,13
CTD_CP_H,20250819T063942,1102.03,7.8679,35.2975,27,0.311522,14
CTD_CP_H,20250819T063942,1104.01,7.8409,35.2944,26,0.311570,13
CTD_CP_H,20250819T063942,1106.02,7.8196,35.2921,27,0.311605,13
CTD_CP_H,20250819T063942,1108.00,7.7998,35.2898,25,0.311642,13
CTD_CP_H,20250819T063942,1110.00,7.7654,35.2863,27,0.311691,13
CTD_CP_H,20250819T063942,1112.03,7.7515,35.2841,26,0.311733,13
CTD_CP_H,20250819T063942,1114.01,7.7298,35.2814,25,0.311766,13
CTD_CP_H,20250819T063942,1115.99,7.7093,35.2789,26,0.311803,13
CTD_CP_H,20250819T063942,1118.01,7.6885,35.2767,26,0.311851,13
CTD_CP_H,20250819T063942,1119.99,7.6798,35.2754,25,0.311888,12
CTD_CP_H,20250819T063943,1121.98,7.6636,35.2733,26,0.311920,13
CTD_CP_H,20250819T063943,1124.00,7.6373,35.2708,25,0.311952,13
CTD_CP_H,20250819T063943,1125.98,7.6231,35.2686,25,0.311997,12
CTD_CP_H,20250819T063943,1128.00,7.6052,35.2668,26,0.312035,13
CTD_CP_H,20250819T063943,1130.00,7.5785,35.2637,24,0.312068,12
CTD_CP_H,20250819T063943,1131.96,7.5638,35.2622,25,0.312101,13
CTD_CP_H,20250819T063943,1134.00,7.5528,35.2610,26,0.312143,13
CTD_CP_H,20250819T063943,1136.02,7.5338,35.2593,24,0.312184,12
CTD_CP_H,20250819T063943,1138.01,7.5175,35.2575,25,0.312216,12
CTD_CP_H,20250819T063943,1140.00,7.5063,35.2562,24,0.312245,12
CTD_CP_H,20250819T063943,1142.00,7.4971,35.2549,25,0.312286,13
CTD_CP_H,20250819T063943,1144.01,7.4884,35.2536,24,0.312324,12
CTD_CP_H,20250819T063943,1145.98,7.4671,35.2515,24,0.312354,12
CTD_CP_H,20250819T063943,1147.99,7.4461,35.2492,25,0.312388,12
CTD_CP_H,20250819T063944,1150.01,7.4363,35.2480,24,0.312425,12
CTD_CP_H,20250819T063944,1151.99,7.4244,35.2467,24,0.312465,12
CTD_CP_H,20250819T063944,1153.98,7.4091,35.2449,24,0.312494,12
CTD_CP_H,20250819T063944,1156.00,7.3854,35.2427,25,0.312524,13
CTD_CP_H,20250819T063944,1158.02,7.3680,35.2412,24,0.312562,12
CTD_CP_H,20250819T063944,1160.01,7.3661,35.2407,24,0.312601,12
CTD_CP_H,20250819T063944,1162.01,7.3584,35.2401,24,0.312635,12
CTD_CP_H,20250819T063944,1163.99,7.3491,35.2389,23,0.312662,11
CTD_CP_H,20250819T063944,1165.98,7.3316,35.2373,24,0.312698,12
CTD_CP_H,20250819T063944,1168.01,7.3148,35.2360,24,0.312731,12
CTD_CP_H,20250819T063944,1170.00,7.3108,35.2353,23,0.312770,12
CTD_CP_H,20250819T063944,1172.02,7.3024,35.2344,24,0.312807,12
CTD_CP_H,20250819T063944,1174.04,7.2915,35.2331,23,0.312836,11
CTD_CP_H,20250819T063944,1176.03,7.2793,35.2317,23,0.312864,12
CTD_CP_H,20250819T063945,1177.99,7.2621,35.2296,22,0.312905,11
CTD_CP_H,20250819T063945,1179.96,7.2537,35.2283,23,0.312940,11
CTD_CP_H,20250819T063945,1181.97,7.2365,35.2263,23,0.312971,12
CTD_CP_H,20250819T063945,1184.00,7.2143,35.2237,24,0.312999,12
CTD_CP_H,20250819T063945,1186.01,7.1986,35.2221,22,0.313027,11
CTD_CP_H,20250819T063945,1188.01,7.1900,35.2208,24,0.313065,12
CTD_CP_H,20250819T063945,1190.02,7.1709,35.2189,22,0.313097,11
CTD_CP_H,20250819T063945,1192.00,7.1485,35.2165,23,0.313127,11
CTD_CP_H,20250819T063945,1193.97,7.1388,35.2151,22,0.313154,11
CTD_CP_H,20250819T063945,1195.95,7.1082,35.2126,23,0.313183,12
CTD_CP_H,20250819T063945,1197.97,7.1043,35.2120,23,0.313220,11
CTD_CP_H,20250819T063945,1200.01,7.1042,35.2117,23,0.313255,12
CTD_CP_H,20250819T063945,1202.01,7.0988,35.2110,22,0.313281,11
CTD_CP_H,20250819T063946,1204.01,7.0824,35.2096,23,0.313312,11
CTD_CP_H,20250819T063946,1206.03,7.0697,35.2080,22,0.313334,11
CTD_CP_H,20250819T063946,1208.00,7.0581,35.2069,22,0.313374,11
CTD_CP_H,20250819T063946,1209.99,7.0383,35.2049,23,0.313405,12
CTD_CP_H,20250819T063946,1212.00,7.0252,35.2037,23,0.313433,11
CTD_CP_H,20250819T063946,1214.01,7.0160,35.2025,27,0.313461,14
CTD_CP_H,20250819T063946,1215.99,6.9987,35.2005,30,0.313509,15
CTD_CP_H,20250819T063946,1217.99,6.9819,35.1989,30,0.313548,15
CTD_CP_H,20250819T063946,1220.01,6.9597,35.1968,30,0.313585,15
CTD_CP_H,20250819T063946,1222.01,6.9483,35.1955,29,0.313617,14
CTD_CP_H,20250819T063946,1224.00,6.9335,35.1940,29,0.313658,15
CTD_CP_H,20250819T063946,1226.01,6.9239,35.1929,30,0.313703,15
CTD_CP_H,20250819T063946,1227.99,6.9124,35.1911,28,0.313737,14
CTD_CP_H,20250819T063946,1229.98,6.8791,35.1883,30,0.313766,15
CTD_CP_H,20250819T063947,1232.00,6.8596,35.1863,28,0.313808,14
CTD_CP_H,20250819T063947,1233.98,6.8486,35.1848,29,0.313851,14
CTD_CP_H,20250819T063947,1236.00,6.8302,35.1835,28,0.313887,14
CTD_CP_H,20250819T063947,1237.99,6.8167,35.1820,28,0.313917,14
CTD_CP_H,20250819T063947,1239.98,6.8085,35.1812,28,0.313954,14
CTD_CP_H,20250819T063947,1242.00,6.8006,35.1804,28,0.314000,14
CTD_CP_H,20250819T063947,1244.00,6.7885,35.1792,27,0.314038,14
CTD_CP_H,20250819T063947,1245.97,6.7791,35.1782,27,0.314070,13
CTD_CP_H,20250819T063947,1247.99,6.7693,35.1771,28,0.314111,14
CTD_CP_H,20250819T063947,1250.00,6.7605,35.1762,27,0.314152,14
CTD_CP_H,20250819T063947,1251.99,6.7542,35.1754,27,0.314189,13
CTD_CP_H,20250819T063947,1253.98,6.7439,35.1743,27,0.314216,14
CTD_CP_H,20250819T063947,1255.98,6.7359,35.1732,27,0.314259,13
CTD_CP_H,20250819T063947,1258.01,6.7179,35.1716,27,0.314302,14
CTD_CP_H,20250819T063948,1259.99,6.7101,35.1707,26,0.314337,13
CTD_CP_H,20250819T063948,1261.98,6.6992,35.1692,27,0.314365,13
CTD_CP_H,20250819T063948,1263.99,6.6632,35.1663,26,0.314400,13
CTD_CP_H,20250819T063948,1266.03,6.6565,35.1654,27,0.314442,14
CTD_CP_H,20250819T063948,1268.03,6.6410,35.1641,25,0.314478,12
CTD_CP_H,20250819T063948,1270.00,6.6272,35.1626,26,0.314510,13
CTD_CP_H,20250819T063948,1272.00,6.6206,35.1614,25,0.314543,13
CTD_CP_H,20250819T063948,1273.99,6.5960,35.1593,26,0.314582,13
CTD_CP_H,20250819T063948,1275.99,6.5789,35.1574,25,0.314617,12
CTD_CP_H,20250819T063948,1277.98,6.5675,35.1562,25,0.314651,13
CTD_CP_H,20250819T063948,1279.98,6.5474,35.1544,25,0.314682,12
CTD_CP_H,20250819T063948,1281.97,6.5373,35.1534,25,0.314722,13
CTD_CP_H,20250819T063948,1283.96,6.5327,35.1527,25,0.314759,12
CTD_CP_H,20250819T063949,1285.96,6.5216,35.1519,25,0.314793,13
CTD_CP_H,20250819T063949,1287.98,6.5177,35.1514,25,0.314824,12
CTD_CP_H,20250819T063949,1289.98,6.5145,35.1512,24,0.314854,12
CTD_CP_H,20250819T063949,1291.99,6.5106,35.1508,25,0.314896,13
CTD_CP_H,20250819T063949,1293.99,6.5000,35.1501,24,0.314935,12
CTD_CP_H,20250819T063949,1295.99,6.4781,35.1488,25,0.314964,12
CTD_CP_H,20250819T063949,1297.99,6.4602,35.1471,24,0.314995,12
CTD_CP_H,20250819T063949,1299.98,6.4499,35.1459,24,0.315033,12
CTD_CP_H,20250819T063949,1301.97,6.4350,35.1449,24,0.315074,12
CTD_CP_H,20250819T063949,1303.99,6.4248,35.1440,24,0.315105,12
CTD_CP_H,20250819T063949,1306.01,6.4203,35.1435,24,0.315138,12
CTD_CP_H,20250819T063949,1307.99,6.4176,35.1430,23,0.315166,12
CTD_CP_H,20250819T063949,1309.98,6.4046,35.1415,24,0.315213,12
CTD_CP_H,20250819T063949,1311.98,6.3813,35.1396,23,0.315241,11
CTD_CP_H,20250819T063950,1313.99,6.3664,35.1380,24,0.315272,12
CTD_CP_H,20250819T063950,1315.99,6.3511,35.1368,23,0.315302,12
CTD_CP_H,20250819T063950,1317.99,6.3371,35.1354,24,0.315343,12
CTD_CP_H,20250819T063950,1319.99,6.3246,35.1340,23,0.315380,11
CTD_CP_H,20250819T063950,1321.96,6.3101,35.1327,23,0.315409,12
CTD_CP_H,20250819T063950,1323.98,6.2965,35.1317,24,0.315437,12
CTD_CP_H,20250819T063950,1326.01,6.2899,35.1309,23,0.315470,11
CTD_CP_H,20250819T063950,1328.01,6.2869,35.1302,23,0.315510,12
CTD_CP_H,20250819T063950,1330.01,6.2654,35.1283,23,0.315542,11
CTD_CP_H,20250819T063950,1332.01,6.2541,35.1275,23,0.315571,12
CTD_CP_H,20250819T063950,1334.00,6.2459,35.1264,23,0.315600,11
CTD_CP_H,20250819T063950,1336.01,6.2336,35.1249,23,0.315638,12
CTD_CP_H,20250819T063950,1338.00,6.2123,35.1235,22,0.315673,11
CTD_CP_H,20250819T063950,1340.00,6.1994,35.1222,23,0.315708,11
CTD_CP_H,20250819T063951,1342.02,6.1868,35.1212,23,0.315733,12
CTD_CP_H,20250819T063951,1344.01,6.1812,35.1207,22,0.315765,11
CTD_CP_H,20250819T063951,1346.00,6.1717,35.1207,23,0.315807,11
CTD_CP_H,20250819T063951,1348.01,6.1650,35.1200,22,0.315837,11
CTD_CP_H,20250819T063951,1349.98,6.1563,35.1190,22,0.315866,11
CTD_CP_H,20250819T063951,1352.00,6.1320,35.1175,23,0.315897,12
CTD_CP_H,20250819T063951,1354.03,6.1269,35.1167,22,0.315933,11
CTD_CP_H,20250819T063951,1356.01,6.1230,35.1160,22,0.315967,11
CTD_CP_H,20250819T063951,1358.00,6.1111,35.1148,22,0.315999,11
CTD_CP_H,20250819T063951,1360.00,6.0937,35.1133,22,0.316026,11
CTD_CP_H,20250819T063951,1362.00,6.0794,35.1119,22,0.316055,11
CTD_CP_H,20250819T063951,1364.00,6.0564,35.1101,22,0.316086,11
CTD_CP_H,20250819T063951,1366.02,6.0466,35.1086,22,0.316121,11
CTD_CP_H,20250819T063951,1368.03,6.0250,35.1067,22,0.316155,11
CTD_CP_H,20250819T063952,1370.01,6.0113,35.1055,21,0.316181,10
CTD_CP_H,20250819T063952,1371.99,6.0002,35.1043,22,0.316210,11
CTD_CP_H,20250819T063952,1373.99,5.9908,35.1032,21,0.316238,11
CTD_CP_H,20250819T063952,1375.98,5.9720,35.1018,22,0.316273,11
CTD_CP_H,20250819T063952,1377.99,5.9677,35.1013,21,0.316303,10
CTD_CP_H,20250819T063952,1379.98,5.9637,35.1008,22,0.316330,11
CTD_CP_H,20250819T063952,1382.02,5.9542,35.0997,22,0.316358,11
CTD_CP_H,20250819T063952,1384.03,5.9417,35.0986,21,0.316391,11
CTD_CP_H,20250819T063952,1386.01,5.9373,35.0974,21,0.316418,10
CTD_CP_H,20250819T063952,1387.99,5.9193,35.0957,21,0.316449,11
CTD_CP_H,20250819T063952,1390.01,5.8888,35.0934,22,0.316477,11
CTD_CP_H,20250819T063952,1392.01,5.8716,35.0916,21,0.316501,10
CTD_CP_H,20250819T063952,1394.00,5.8635,35.0910,23,0.316529,12
CTD_CP_H,20250819T063953,1396.03,5.8481,35.0896,27,0.316565,13
CTD_CP_H,20250819T063953,1398.02,5.8344,35.0883,28,0.316602,14
CTD_CP_H,20250819T063953,1399.99,5.8186,35.0867,27,0.316639,14
CTD_CP_H,20250819T063953,1402.00,5.8068,35.0855,28,0.316679,14
CTD_CP_H,20250819T063953,1404.04,5.7966,35.0844,28,0.316713,14
CTD_CP_H,20250819T063953,1406.05,5.7781,35.0828,27,0.316750,13
CTD_CP_H,20250819T063953,1408.02,5.7714,35.0820,27,0.316789,14
CTD_CP_H,20250819T063953,1409.99,5.7622,35.0810,27,0.316823,13
CTD_CP_H,20250819T063953,1411.99,5.7504,35.0800,28,0.316868,14
CTD_CP_H,20250819T063953,1413.98,5.7417,35.0791,27,0.316905,14
CTD_CP_H,20250819T063953,1415.98,5.7319,35.0779,28,0.316940,14
CTD_CP_H,20250819T063953,1418.01,5.7128,35.0763,27,0.316977,13
CTD_CP_H,20250819T063953,1420.02,5.7003,35.0751,27,0.317018,14
CTD_CP_H,20250819T063953,1421.99,5.6901,35.0741,26,0.317057,13
CTD_CP_H,20250819T063954,1423.96,5.6716,35.0725,27,0.317090,13
CTD_CP_H,20250819T063954,1425.97,5.6569,35.0710,27,0.317127,14
CTD_CP_H,20250819T063954,1428.00,5.6474,35.0695,28,0.317167,14
CTD_CP_H,20250819T063954,1430.03,5.6295,35.0681,27,0.317202,13
CTD_CP_H,20250819T063954,1432.00,5.6058,35.0657,26,0.317241,13
CTD_CP_H,20250819T063954,1433.99,5.5902,35.0644,27,0.317270,14
CTD_CP_H,20250819T063954,1435.99,5.5761,35.0629,26,0.317309,13
CTD_CP_H,20250819T063954,1437.99,5.5577,35.0613,27,0.317346,13
CTD_CP_H,20250819T063954,1439.99,5.5460,35.0604,26,0.317386,13
CTD_CP_H,20250819T063954,1441.98,5.5394,35.0593,26,0.317416,13
CTD_CP_H,20250819T063954,1444.01,5.5352,35.0590,27,0.317448,14
CTD_CP_H,20250819T063954,1446.04,5.5278,35.0580,26,0.317488,13
CTD_CP_H,20250819T063954,1448.02,5.5089,35.0563,26,0.317525,13
CTD_CP_H,20250819T063954,1450.01,5.4864,35.0543,26,0.317555,13
CTD_CP_H,20250819T063955,1452.01,5.4636,35.0521,26,0.317587,13
CTD_CP_H,20250819T063955,1453.99,5.4449,35.0504,25,0.317618,12
CTD_CP_H,20250819T063955,1455.97,5.4347,35.0491,26,0.317655,13
CTD_CP_H,20250819T063955,1457.99,5.4186,35.0474,26,0.317689,13
CTD_CP_H,20250819T063955,1460.01,5.3945,35.0453,26,0.317718,13
CTD_CP_H,20250819T063955,1462.01,5.3774,35.0435,25,0.317749,13
CTD_CP_H,20250819T063955,1464.00,5.3617,35.0420,26,0.317783,13
CTD_CP_H,20250819T063955,1466.00,5.3469,35.0405,25,0.317817,12
CTD_CP_H,20250819T063955,1467.98,5.3311,35.0389,25,0.317848,13
CTD_CP_H,20250819T063955,1469.98,5.3125,35.0374,25,0.317877,12
CTD_CP_H,20250819T063955,1472.00,5.3031,35.0368,25,0.317906,13
CTD_CP_H,20250819T063955,1474.00,5.2990,35.0360,25,0.317943,12
CTD_CP_H,20250819T063955,1476.00,5.2909,35.0352,25,0.317974,13
CTD_CP_H,20250819T063956,1478.01,5.2803,35.0346,25,0.318004,12
CTD_CP_H,20250819T063956,1480.00,5.2709,35.0332,24,0.318032,12
CTD_CP_H,20250819T063956,1481.98,5.2595,35.0325,25,0.318062,13
CTD_CP_H,20250819T063956,1484.02,5.2437,35.0306,25,0.318096,12
CTD_CP_H,20250819T063956,1486.02,5.2328,35.0295,24,0.318128,12
CTD_CP_H,20250819T063956,1488.02,5.2097,35.0279,25,0.318155,13
CTD_CP_H,20250819T063956,1490.03,5.2055,35.0274,24,0.318183,12
CTD_CP_H,20250819T063956,1492.00,5.2004,35.0264,24,0.318213,12
CTD_CP_H,20250819T063956,1494.01,5.1827,35.0246,24,0.318242,12
CTD_CP_H,20250819T063956,1496.02,5.1617,35.0229,24,0.318276,12
CTD_CP_H,20250819T063956,1497.99,5.1564,35.0220,23,0.318303,11
CTD_CP_H,20250819T063956,1499.96,5.1375,35.0207,24,0.318323,12
CTD_CP_H,20250819T063956,1501.97,5.1228,35.0194,24,0.318354,12
CTD_CP_H,20250819T063956,1503.99,5.1062,35.0177,24,0.318381,12
CTD_CP_H,20250819T063957,1506.00,5.0939,35.0164,23,0.318411,12
CTD_CP_H,20250819T063957,1508.02,5.0831,35.0154,24,0.318442,12
CTD_CP_H,20250819T063957,1510.03,5.0733,35.0144,23,0.318464,11
CTD_CP_H,20250819T063957,1512.00,5.0654,35.0132,23,0.318490,12
CTD_CP_H,20250819T063957,1513.99,5.0482,35.0122,23,0.318508,11
CTD_CP_H,20250819T063957,1515.99,5.0352,35.0111,23,0.318542,12
CTD_CP_H,20250819T063957,1517.99,5.0286,35.0108,23,0.318566,11
CTD_CP_H,20250819T063957,1520.01,5.0158,35.0100,23,0.318597,12
CTD_CP_H,20250819T063957,1522.03,5.0044,35.0086,23,0.318618,11
CTD_CP_H,20250819T063957,1524.01,4.9958,35.0079,22,0.318639,11
CTD_CP_H,20250819T063957,1525.97,4.9879,35.0069,23,0.318667,12
CTD_CP_H,20250819T063957,1527.98,4.9606,35.0045,23,0.318696,11
CTD_CP_H,20250819T063957,1530.01,4.9452,35.0030,23,0.318718,12
CTD_CP_H,20250819T063957,1532.02,4.9409,35.0023,22,0.318747,11
CTD_CP_H,20250819T063958,1533.98,4.9354,35.0017,22,0.318764,11
CTD_CP_H,20250819T063958,1535.95,4.9247,35.0009,22,0.318787,11
CTD_CP_H,20250819T063958,1537.97,4.9099,34.9995,23,0.318815,11
CTD_CP_H,20250819T063958,1540.00,4.8983,34.9983,22,0.318840,11
CTD_CP_H,20250819T063958,1541.97,4.8920,34.9975,22,0.318866,11
CTD_CP_H,20250819T063958,1544.00,4.8794,34.9966,23,0.318890,12
CTD_CP_H,20250819T063958,1546.00,4.8668,34.9958,22,0.318911,11
CTD_CP_H,20250819T063958,1548.02,4.8629,34.9950,25,0.318929,12
CTD_CP_H,20250819T063958,1550.04,4.8553,34.9940,28,0.318960,14
CTD_CP_H,20250819T063958,1552.01,4.8385,34.9926,30,0.318997,15
CTD_CP_H,20250819T063958,1553.99,4.8252,34.9915,29,0.319029,15
CTD_CP_H,20250819T063958,1555.99,4.8175,34.9908,30,0.319059,15
CTD_CP_H,20250819T063958,1557.99,4.8135,34.9902,29,0.319090,14
CTD_CP_H,20250819T063958,1559.98,4.8047,34.9894,29,0.319118,15
CTD_CP_H,20250819T063959,1562.00,4.7915,34.9882,29,0.319158,14
CTD_CP_H,20250819T063959,1563.99,4.7691,34.9862,28,0.319186,14
CTD_CP_H,20250819T063959,1566.01,4.7560,34.9851,29,0.319215,15
CTD_CP_H,20250819T063959,1568.00,4.7479,34.9848,28,0.319241,14
CTD_CP_H,20250819T063959,1570.00,4.7406,34.9838,28,0.319270,14
CTD_CP_H,20250819T063959,1572.00,4.7268,34.9826,28,0.319307,14
CTD_CP_H,20250819T063959,1574.01,4.7103,34.9813,28,0.319334,14
CTD_CP_H,20250819T063959,1576.03,4.6981,34.9804,28,0.319363,14
CTD_CP_H,20250819T063959,1578.02,4.6933,34.9798,27,0.319390,13
CTD_CP_H,20250819T063959,1580.01,4.6810,34.9785,27,0.319414,14
CTD_CP_H,20250819T063959,1582.01,4.6646,34.9771,27,0.319443,13
CTD_CP_H,20250819T063959,1584.00,4.6551,34.9760,27,0.319477,14
CTD_CP_H,20250819T063959,1586.01,4.6359,34.9743,27,0.319501,13
CTD_CP_H,20250819T064000,1588.01,4.6217,34.9730,26,0.319527,13
CTD_CP_H,20250819T064000,1590.02,4.6095,34.9717,27,0.319555,14
CTD_CP_H,20250819T064000,1592.01,4.5932,34.9700,26,0.319581,13
CTD_CP_H,20250819T064000,1593.99,4.5875,34.9690,26,0.319615,13
CTD_CP_H,20250819T064000,1595.98,4.5811,34.9687,26,0.319637,13
CTD_CP_H,20250819T064000,1597.98,4.5744,34.9676,26,0.319662,13
CTD_CP_H,20250819T064000,1599.99,4.5660,34.9669,26,0.319684,13
CTD_CP_H,20250819T064000,1602.02,4.5456,34.9648,26,0.319715,13
CTD_CP_H,20250819T064000,1604.01,4.5342,34.9640,25,0.319737,12
CTD_CP_H,20250819T064000,1606.00,4.5238,34.9629,26,0.319765,13
CTD_CP_H,20250819T064000,1608.01,4.5097,34.9620,25,0.319791,13
CTD_CP_H,20250819T064000,1609.99,4.5001,34.9618,25,0.319814,12
CTD_CP_H,20250819T064000,1612.01,4.4942,34.9610,25,0.319837,13
CTD_CP_H,20250819T064000,1614.02,4.4842,34.9602,25,0.319861,12
CTD_CP_H,20250819T064001,1616.04,4.4727,34.9589,25,0.319883,13
CTD_CP_H,20250819T064001,1618.00,4.4673,34.9584,24,0.319916,12
CTD_CP_H,20250819T064001,1620.02,4.4578,34.9575,26,0.319938,13
CTD_CP_H,20250819T064001,1622.05,4.4449,34.9564,24,0.319962,12
CTD_CP_H,20250819T064001,1623.99,4.4395,34.9556,24,0.319984,12
CTD_CP_H,20250819T064001,1625.98,4.4273,34.9547,25,0.320007,12
CTD_CP_H,20250819T064001,1627.98,4.4186,34.9538,24,0.320034,12
CTD_CP_H,20250819T064001,1629.99,4.4104,34.9529,25,0.320059,13
CTD_CP_H,20250819T064001,1632.01,4.3986,34.9517,24,0.320081,12
CTD_CP_H,20250819T064001,1633.98,4.3873,34.9508,24,0.320108,12
CTD_CP_H,20250819T064001,1636.00,4.3830,34.9503,25,0.320132,12
CTD_CP_H,20250819T064001,1638.02,4.3755,34.9497,24,0.320152,12
CTD_CP_H,20250819T064001,1640.01,4.3711,34.9490,24,0.320176,12
CTD_CP_H,20250819T064001,1641.98,4.3589,34.9480,23,0.320200,12
CTD_CP_H,20250819T064002,1643.96,4.3448,34.9472,24,0.320227,12
CTD_CP_H,20250819T064002,1645.98,4.3357,34.9467,24,0.320247,12
CTD_CP_H,20250819T064002,1647.99,4.3276,34.9458,24,0.320271,12
CTD_CP_H,20250819T064002,1650.04,4.3169,34.9449,24,0.320291,12
CTD_CP_H,20250819T064002,1652.04,4.3114,34.9441,23,0.320314,11
CTD_CP_H,20250819T064002,1654.00,4.2978,34.9431,23,0.320330,12
CTD_CP_H,20250819T064002,1656.00,4.2805,34.9415,24,0.320352,12
CTD_CP_H,20250819T064002,1658.03,4.2583,34.9395,23,0.320380,11
CTD_CP_H,20250819T064002,1660.02,4.2403,34.9384,23,0.320402,12
CTD_CP_H,20250819T064002,1662.01,4.2381,34.9379,23,0.320422,11
CTD_CP_H,20250819T064002,1664.00,4.2351,34.9374,23,0.320437,12
CTD_CP_H,20250819T064002,1666.01,4.2261,34.9367,23,0.320459,11
CTD_CP_H,20250819T064002,1668.03,4.2194,34.9359,23,0.320476,12
CTD_CP_H,20250819T064003,1670.01,4.2109,34.9354,22,0.320495,11
CTD_CP_H,20250819T064003,1671.98,4.2051,34.9349,23,0.320526,11
CTD_CP_H,20250819T064003,1673.99,4.1959,34.9340,23,0.320544,12
CTD_CP_H,20250819T064003,1676.00,4.1815,34.9327,23,0.320565,11
CTD_CP_H,20250819T064003,1678.01,4.1703,34.9314,23,0.320581,12
CTD_CP_H,20250819T064003,1680.02,4.1613,34.9305,23,0.320601,11
CTD_CP_H,20250819T064003,1682.02,4.1534,34.9300,23,0.320621,12
CTD_CP_H,20250819T064003,1684.02,4.1482,34.9292,23,0.320638,11
CTD_CP_H,20250819T064003,1686.01,4.1457,34.9285,22,0.320656,11
CTD_CP_H,20250819T064003,1687.98,4.1324,34.9276,23,0.320677,12
CTD_CP_H,20250819T064003,1690.01,4.1190,34.9262,23,0.320697,11
CTD_CP_H,20250819T064003,1692.04,4.1117,34.9253,23,0.320718,12
CTD_CP_H,20250819T064003,1694.01,4.1035,34.9244,22,0.320734,11
CTD_CP_H,20250819T064003,1696.01,4.0914,34.9230,23,0.320749,11
CTD_CP_H,20250819T064004,1698.00,4.0735,34.9217,22,0.320764,11
CTD_CP_H,20250819T064004,1700.00,4.0627,34.9207,23,0.320780,12
CTD_CP_H,20250819T064004,1702.01,4.0556,34.9195,22,0.320795,11
CTD_CP_H,20250819T064004,1704.02,4.0446,34.9189,23,0.320816,11
CTD_CP_H,20250819T064004,1706.03,4.0346,34.9182,22,0.320837,11
CTD_CP_H,20250819T064004,1708.01,4.0215,34.9172,22,0.320851,11
CTD_CP_H,20250819T064004,1709.99,4.0154,34.9163,22,0.320866,11
CTD_CP_H,20250819T064004,1712.02,4.0046,34.9155,23,0.320887,12
CTD_CP_H,20250819T064004,1714.00,3.9897,34.9141,21,0.320896,10
CTD_CP_H,20250819T064004,1716.00,3.9813,34.9134,23,0.320910,12
CTD_CP_H,20250819T064004,1718.03,3.9768,34.9129,22,0.320927,11
CTD_CP_H,20250819T064004,1720.01,3.9715,34.9125,22,0.320943,11
CTD_CP_H,20250819T064004,1722.01,3.9655,34.9117,22,0.320957,11
CTD_CP_H,20250819T064004,1724.01,3.9582,34.9111,22,0.320972,11
CTD_CP_H,20250819T064005,1725.99,3.9520,34.9108,22,0.320993,11
CTD_CP_H,20250819T064005,1728.02,3.9456,34.9103,24,0.321009,12
CTD_CP_H,20250819T064005,1730.01,3.9421,34.9099,26,0.321030,13
CTD_CP_H,20250819T064005,1731.99,3.9351,34.9093,30,0.321049,15
CTD_CP_H,20250819T064005,1734.03,3.9226,34.9082,29,0.321066,14
CTD_CP_H,20250819T064005,1736.02,3.9132,34.9072,28,0.321091,14
CTD_CP_H,20250819T064005,1738.02,3.9091,34.9068,29,0.321104,15
CTD_CP_H,20250819T064005,1740.00,3.9065,34.9067,28,0.321133,14
CTD_CP_H,20250819T064005,1741.99,3.9046,34.9063,29,0.321152,14
CTD_CP_H,20250819T064005,1744.01,3.8981,34.9057,29,0.321178,15
CTD_CP_H,20250819T064005,1746.01,3.8859,34.9048,28,0.321198,14
CTD_CP_H,20250819T064005,1747.99,3.8794,34.9041,28,0.321217,14
CTD_CP_H,20250819T064005,1750.00,3.8702,34.9033,29,0.321234,14
CTD_CP_H,20250819T064006,1752.00,3.8619,34.9025,27,0.321259,14
CTD_CP_H,20250819T064006,1754.00,3.8592,34.9021,29,0.321272,14
CTD_CP_H,20250819T064006,1756.02,3.8497,34.9017,27,0.321298,14
CTD_CP_H,20250819T064006,1758.01,3.8400,34.9007,28,0.321323,14
CTD_CP_H,20250819T064006,1760.01,3.8302,34.8994,27,0.321342,13
CTD_CP_H,20250819T064006,1761.97,3.8156,34.8986,27,0.321360,14
CTD_CP_H,20250819T064006,1763.99,3.8063,34.8977,28,0.321379,14
CTD_CP_H,20250819T064006,1766.01,3.8013,34.8965,27,0.321397,13
CTD_CP_H,20250819T064006,1768.02,3.7951,34.8967,27,0.321412,14
CTD_CP_H,20250819T064006,1769.99,3.7885,34.8959,26,0.321440,13
CTD_CP_H,20250819T064006,1772.00,3.7777,34.8952,28,0.321457,14
CTD_CP_H,20250819T064006,1774.02,3.7711,34.8946,26,0.321479,13
CTD_CP_H,20250819T064006,1775.97,3.7630,34.8944,26,0.321498,13
CTD_CP_H,20250819T064006,1777.98,3.7563,34.8935,27,0.321514,13
CTD_CP_H,20250819T064007,1780.00,3.7473,34.8927,26,0.321538,13
CTD_CP_H,20250819T064007,1781.99,3.7422,34.8921,26,0.321556,13
CTD_CP_H,20250819T064007,1783.99,3.7303,34.8913,26,0.321572,13
CTD_CP_H,20250819T064007,1786.01,3.7222,34.8906,26,0.321595,13
CTD_CP_H,20250819T064007,1788.00,3.7163,34.8902,25,0.321615,13
CTD_CP_H,20250819T064007,1789.99,3.7111,34.8898,26,0.321631,13
CTD_CP_H,20250819T064007,1792.03,3.7073,34.8894,26,0.321654,13
CTD_CP_H,20250819T064007,1794.03,3.7002,34.8891,25,0.321673,12
CTD_CP_H,20250819T064007,1796.01,3.6948,34.8886,25,0.321694,13
CTD_CP_H,20250819T064007,1797.98,3.6930,34.8882,25,0.321713,12
CTD_CP_H,20250819T064007,1799.99,3.6867,34.8876,26,0.321726,13
CTD_CP_H,20250819T064007,1802.03,3.6736,34.8868,25,0.321747,13
CTD_CP_H,20250819T064007,1804.00,3.6655,34.8859,24,0.321770,12
CTD_CP_H,20250819T064007,1805.99,3.6559,34.8855,25,0.321789,12
CTD_CP_H,20250819T064008,1808.03,3.6529,34.8847,25,0.321809,13
CTD_CP_H,20250819T064008,1810.02,3.6427,34.8838,24,0.321826,12
CTD_CP_H,20250819T064008,1811.99,3.6305,34.8829,24,0.321837,12
CTD_CP_H,20250819T064008,1814.00,3.6245,34.8824,25,0.321855,12
CTD_CP_H,20250819T064008,1816.02,3.6124,34.8814,24,0.321872,12
CTD_CP_H,20250819T064008,1818.02,3.6043,34.8805,24,0.321894,12
CTD_CP_H,20250819T064008,1820.02,3.5945,34.8797,24,0.321911,12
CTD_CP_H,20250819T064008,1822.01,3.5914,34.8793,24,0.321936,12
CTD_CP_H,20250819T064008,1824.01,3.5876,34.8787,24,0.321952,12
CTD_CP_H,20250819T064008,1826.03,3.5806,34.8783,24,0.321968,12
CTD_CP_H,20250819T064008,1828.01,3.5721,34.8776,23,0.321986,12
CTD_CP_H,20250819T064008,1829.99,3.5618,34.8767,24,0.322003,12
CTD_CP_H,20250819T064008,1832.02,3.5570,34.8763,24,0.322020,12
CTD_CP_H,20250819T064009,1834.01,3.5505,34.8762,23,0.322033,11
CTD_CP_H,20250819T064009,1835.97,3.5459,34.8758,23,0.322058,12
CTD_CP_H,20250819T064009,1837.98,3.5431,34.8755,24,0.322080,12
CTD_CP_H,20250819T064009,1839.99,3.5363,34.8749,23,0.322097,11
CTD_CP_H,20250819T064009,1842.02,3.5298,34.8742,24,0.322118,12
CTD_CP_H,20250819T064009,1844.04,3.5243,34.8738,23,0.322134,12
CTD_CP_H,20250819T064009,1846.01,3.5166,34.8732,22,0.322149,11
CTD_CP_H,20250819T064009,1848.01,3.5102,34.8726,24,0.322172,12
CTD_CP_H,20250819T064009,1850.04,3.5022,34.8719,23,0.322191,11
CTD_CP_H,20250819T064009,1852.01,3.4924,34.8712,22,0.322212,11
CTD_CP_H,20250819T064009,1853.99,3.4819,34.8703,23,0.322231,12
CTD_CP_H,20250819T064009,1855.98,3.4786,34.8701,22,0.322250,11
CTD_CP_H,20250819T064009,1857.97,3.4759,34.8697,23,0.322269,11
CTD_CP_H,20250819T064009,1860.02,3.4641,34.8688,23,0.322287,12
CTD_CP_H,20250819T064010,1862.02,3.4571,34.8683,22,0.322302,11
CTD_CP_H,20250819T064010,1863.98,3.4544,34.8679,22,0.322323,11
CTD_CP_H,20250819T064010,1865.97,3.4531,34.8678,22,0.322342,11
CTD_CP_H,20250819T064010,1867.98,3.4467,34.8674,23,0.322367,11
CTD_CP_H,20250819T064010,1870.00,3.4412,34.8667,22,0.322385,11
CTD_CP_H,20250819T064010,1871.98,3.4329,34.8660,22,0.322405,11
CTD_CP_H,20250819T064010,1873.97,3.4269,34.8653,22,0.322424,11
CTD_CP_H,20250819T064010,1875.99,3.4183,34.8649,23,0.322447,12
CTD_CP_H,20250819T064010,1878.02,3.4108,34.8642,22,0.322465,11
CTD_CP_H,20250819T064010,1880.00,3.4069,34.8639,22,0.322485,11
CTD_CP_H,20250819T064010,1882.00,3.4047,34.8635,22,0.322510,11
CTD_CP_H,20250819T064010,1884.01,3.3987,34.8631,22,0.322534,11
CTD_CP_H,20250819T064010,1886.03,3.3901,34.8625,22,0.322559,11
CTD_CP_H,20250819T064010,1888.03,3.3838,34.8622,22,0.322579,11
CTD_CP_H,20250819T064011,1890.00,3.3783,34.8617,21,0.322599,10
CTD_CP_H,20250819T064011,1891.97,3.3702,34.8613,22,0.322624,11
CTD_CP_H,20250819T064011,1893.99,3.3629,34.8608,22,0.322647,11
CTD_CP_H,20250819T064011,1896.02,3.3572,34.8604,22,0.322668,11
CTD_CP_H,20250819T064011,1898.03,3.3543,34.8602,21,0.322701,11
CTD_CP_H,20250819T064011,1900.02,3.3482,34.8593,22,0.322725,11
CTD_CP_H,20250819T064011,1902.02,3.3389,34.8584,21,0.322747,10
CTD_CP_H,20250819T064011,1903.98,3.3336,34.8581,21,0.322773,11
CTD_CP_H,20250819T064011,1905.98,3.3302,34.8576,22,0.322795,11
CTD_CP_H,20250819T064011,1907.99,3.3219,34.8568,21,0.322829,10
CTD_CP_H,20250819T064011,1910.01,3.3130,34.8565,22,0.322855,11
CTD_CP_H,20250819T064011,1912.03,3.3046,34.8558,21,0.322884,11
CTD_CP_H,20250819T064011,1914.01,3.3022,34.8552,21,0.322911,10
CTD_CP_H,20250819T064011,1915.99,3.2974,34.8552,21,0.322937,11
CTD_CP_H,20250819T064012,1917.97,3.2920,34.8545,21,0.322970,10
CTD_CP_H,20250819T064012,1919.96,3.2881,34.8547,21,0.323001,11
CTD_CP_H,20250819T064012,1921.99,3.2846,34.8539,22,0.323036,11
CTD_CP_H,20250819T064012,1924.03,3.2775,34.8539,21,0.323063,10
CTD_CP_H,20250819T064012,1926.03,3.2710,34.8526,21,0.323097,11
CTD_CP_H,20250819T064012,1928.04,3.2663,34.8526,21,0.323136,10
CTD_CP_H,20250819T064012,1930.01,3.2602,34.8523,20,0.323167,10
CTD_CP_H,20250819T064012,1931.96,3.2565,34.8518,21,0.323200,11
CTD_CP_H,20250819T064012,1934.02,3.2518,34.8517,22,0.323235,11
CTD_CP_H,20250819T064012,1936.02,3.2450,34.8512,20,0.323280,10
CTD_CP_H,20250819T064012,1938.02,3.2389,34.8503,22,0.323316,11
CTD_CP_H,20250819T064012,1940.01,3.2354,34.8493,20,0.323355,10
CTD_CP_H,20250819T064012,1941.99,3.2286,34.8495,21,0.323384,10
CTD_CP_H,20250819T064013,1944.00,3.2221,34.8490,21,0.323438,11
CTD_CP_H,20250819T064013,1946.03,3.2155,34.8485,21,0.323479,10
CTD_CP_H,20250819T064013,1948.00,3.2108,34.8479,20,0.323521,10
CTD_CP_H,20250819T064013,1949.98,3.2097,34.8479,21,0.323560,11
CTD_CP_H,20250819T064013,1952.00,3.2075,34.8476,21,0.323617,10
CTD_CP_H,20250819T064013,1954.02,3.2010,34.8478,21,0.323661,11
CTD_CP_H,20250819T064013,1955.99,3.1989,34.8476,20,0.323707,10
CTD_CP_H,20250819T064013,1958.01,3.1930,34.8467,22,0.323766,11
CTD_CP_H,20250819T064013,1960.02,3.1888,34.8464,20,0.323810,10
CTD_CP_H,20250819T064013,1961.99,3.1869,34.8463,21,0.323865,10
CTD_CP_H,20250819T064013,1964.03,3.1822,34.8454,21,0.323920,11
CTD_CP_H,20250819T064013,1966.02,3.1764,34.8458,20,0.323973,10
CTD_CP_H,20250819T064013,1967.97,3.1715,34.8453,20,0.324032,10
CTD_CP_H,20250819T064013,1969.97,3.1667,34.8446,21,0.324091,10
CTD_CP_H,20250819T064014,1972.01,3.1653,34.8439,21,0.324138,11
CTD_CP_H,20250819T064014,1974.02,3.1608,34.8438,20,0.324205,10
CTD_CP_H,20250819T064014,1976.02,3.1568,34.8437,21,0.324258,10
CTD_CP_H,20250819T064014,1978.02,3.1537,34.8439,20,0.324313,10
CTD_CP_H,20250819T064014,1979.99,3.1485,34.8440,20,0.324376,10
CTD_CP_H,20250819T064014,1981.99,3.1417,34.8431,21,0.324429,11
CTD_CP_H,20250819T064014,1984.00,3.1418,34.8438,20,0.324484,10
CTD_CP_H,20250819T064014,1986.00,3.1403,34.8433,21,0.324541,10
CTD_CP_H,20250819T064014,1988.05,3.1364,34.8437,21,0.324579,11
CTD_CP_H,20250819T064014,1990.03,3.1275,34.8425,20,0.324599,10
CTD_CP_H,20250819T064014,1992.02,3.1191,34.8420,21,0.324484,10
CTD_CP_H,20250819T064014,1994.01,3.1155,34.8417,20,0.314063,7
CTD_CP_H,20250819T064014,1996.01,3.1090,34.8414,22,nan,0
CTD_CP_H,20250819T064014,1997.55,3.1051,34.8413,13,nan,0
GPS,20250819T064129,18.719349,62.663177,8
CTD_P,20250819T064131,-0.23
