Message,20240708T184135,Firmware: 07/21/23 18:56:40 2.17.4 STD IRID Final
Message,20240708T184135,Username: f10469
GPS,20240708T184135,17.841604,68.059410,4
GPS,20240708T184924,17.841019,68.060410,4
CTD_P,20240708T184926,-0.27
FLBB_CFG,20240708T184928,695,700
Message,20240708T184928,Park Descent Mission
CTD_P,20240708T184931,-0.29
CTD_P,20240708T185045,-0.20
CTD_P,20240708T185147,0.04
CTD_P,20240708T185249,0.00
CTD_P,20240708T185352,0.15
CTD_P,20240708T185454,0.11
CTD_P,20240708T185556,0.31
CTD_P,20240708T185658,2.50
CTD_P,20240708T185801,10.03
CTD_P,20240708T185903,17.94
CTD_P,20240708T190005,27.12
CTD_P,20240708T190107,37.98
CTD_P,20240708T190210,48.26
CTD_P,20240708T190237,52.62
CTD_P,20240708T190238,52.84
CTD_P,20240708T190340,63.79
CTD_P,20240708T200343,476.76
CTD_P,20240708T210346,751.13
CTD_P,20240708T215844,897.82
CTD_P,20240708T223750,955.68
CTD_P,20240708T230912,975.60
CTD_P,20240708T235050,981.51
CTD_P,20240708T235153,981.49
CTD_P,20240708T235256,981.40
CTD_P,20240708T235311,981.40
CTD_P,20240708T235413,981.84
CTD_P,20240708T235516,982.60
CTD_P,20240709T002208,1009.63
Message,20240709T002211,Park Mission
CTD_P,20240709T002214,1009.69
CTD_PTSH,20240709T002236,1009.90,8.3412,35.3210,-1.040375
CTD_P,20240709T002237,1009.97
CTD_P,20240709T012210,1017.63
CTD_PTSH,20240709T012233,1017.70,8.1799,35.3070,-1.041036
CTD_P,20240709T012234,1017.65
CTD_P,20240709T022235,1023.50
CTD_PTSH,20240709T022258,1023.60,8.1599,35.3060,-1.041094
CTD_P,20240709T022259,1023.60
CTD_P,20240709T032300,1027.88
CTD_PTSH,20240709T032323,1027.90,8.1654,35.3040,-1.041125
CTD_P,20240709T032324,1027.90
CTD_P,20240709T042325,1029.91
CTD_PTSH,20240709T042348,1029.90,8.1665,35.3030,-1.041190
CTD_P,20240709T042349,1029.88
CTD_P,20240709T052350,1031.28
CTD_PTSH,20240709T052413,1031.20,8.1622,35.3040,-1.041184
CTD_P,20240709T052414,1031.28
CTD_P,20240709T062415,1008.33
CTD_PTSH,20240709T062438,1008.30,8.2982,35.3170,-1.041152
CTD_P,20240709T062439,1008.36
CTD_P,20240709T072440,1009.74
CTD_PTSH,20240709T072503,1009.80,8.3244,35.3190,-1.041187
CTD_P,20240709T072504,1009.73
CTD_P,20240709T082505,1011.97
CTD_PTSH,20240709T082528,1012.00,8.3364,35.3210,-1.041147
CTD_P,20240709T082529,1012.03
CTD_P,20240709T092530,1010.66
CTD_PTSH,20240709T092553,1010.70,8.3641,35.3240,-1.041188
CTD_P,20240709T092554,1010.65
CTD_P,20240709T102555,1011.11
CTD_PTSH,20240709T102618,1011.10,8.3900,35.3300,-1.041246
CTD_P,20240709T102619,1011.09
CTD_P,20240709T112620,1013.82
CTD_PTSH,20240709T112643,1013.90,8.3908,35.3260,-1.041228
CTD_P,20240709T112644,1013.84
CTD_P,20240709T122645,1011.75
CTD_PTSH,20240709T122708,1011.70,8.3944,35.3280,-1.041253
CTD_P,20240709T122709,1011.71
CTD_P,20240709T132710,1013.48
CTD_PTSH,20240709T132733,1013.50,8.3848,35.3240,-1.041280
CTD_P,20240709T132734,1013.46
CTD_P,20240709T142735,1013.32
CTD_PTSH,20240709T142758,1013.30,8.3901,35.3270,-1.041281
CTD_P,20240709T142759,1013.25
CTD_P,20240709T152800,1014.05
CTD_PTSH,20240709T152823,1014.00,8.3965,35.3280,-1.041279
CTD_P,20240709T152824,1014.00
CTD_P,20240709T162825,1011.82
CTD_PTSH,20240709T162848,1011.90,8.3438,35.3240,-1.041288
CTD_P,20240709T162849,1011.86
CTD_P,20240709T172850,1010.30
CTD_PTSH,20240709T172913,1010.20,8.3131,35.3230,-1.041312
CTD_P,20240709T172914,1010.22
CTD_P,20240709T182915,1013.69
CTD_PTSH,20240709T182938,1013.70,8.3019,35.3170,-1.041301
CTD_P,20240709T182939,1013.69
CTD_P,20240709T192940,1014.45
CTD_PTSH,20240709T193003,1014.40,8.3261,35.3200,-1.041316
CTD_P,20240709T193004,1014.35
CTD_P,20240709T203005,1015.97
CTD_PTSH,20240709T203028,1016.00,8.3128,35.3180,-1.041312
CTD_P,20240709T203029,1015.98
CTD_P,20240709T213030,1016.28
CTD_PTSH,20240709T213053,1016.10,8.3659,35.3230,-1.041342
CTD_P,20240709T213054,1016.11
CTD_P,20240709T223055,1013.53
CTD_PTSH,20240709T223118,1013.60,8.3465,35.3250,-1.041334
CTD_P,20240709T223119,1013.59
CTD_P,20240709T233120,1015.49
CTD_PTSH,20240709T233143,1015.40,8.3082,35.3180,-1.041341
CTD_P,20240709T233144,1015.47
CTD_P,20240710T003145,1013.11
CTD_PTSH,20240710T003208,1013.10,8.3070,35.3180,-1.041348
CTD_P,20240710T003209,1013.07
CTD_P,20240710T013210,1014.87
CTD_PTSH,20240710T013233,1014.90,8.2279,35.3110,-1.041352
CTD_P,20240710T013234,1014.88
CTD_P,20240710T023235,1010.47
CTD_PTSH,20240710T023258,1010.40,8.2306,35.3140,-1.041363
CTD_P,20240710T023259,1010.39
CTD_P,20240710T033300,1012.32
CTD_PTSH,20240710T033323,1012.40,8.1903,35.3080,-1.041362
CTD_P,20240710T033324,1012.39
CTD_P,20240710T043325,1016.12
CTD_PTSH,20240710T043348,1016.00,8.2491,35.3110,-1.041399
CTD_P,20240710T043349,1015.98
CTD_P,20240710T053350,1012.52
CTD_PTSH,20240710T053413,1012.50,8.2120,35.3090,-1.041347
CTD_P,20240710T053414,1012.46
CTD_P,20240710T063415,1013.39
CTD_PTSH,20240710T063438,1013.40,8.1986,35.3050,-1.041368
CTD_P,20240710T063439,1013.36
CTD_P,20240710T073440,1014.66
CTD_PTSH,20240710T073503,1014.80,8.1924,35.3080,-1.041397
CTD_P,20240710T073504,1014.76
CTD_P,20240710T083505,1021.14
CTD_PTSH,20240710T083528,1021.10,8.2866,35.3140,-1.041372
CTD_P,20240710T083529,1021.11
CTD_P,20240710T093530,1018.43
CTD_PTSH,20240710T093553,1018.50,8.2805,35.3140,-1.041355
CTD_P,20240710T093554,1018.50
CTD_P,20240710T103555,1023.60
CTD_PTSH,20240710T103618,1023.60,8.3458,35.3210,-1.041392
CTD_P,20240710T103619,1023.60
CTD_P,20240710T113620,1018.96
CTD_PTSH,20240710T113643,1018.90,8.3781,35.3260,-1.041381
CTD_P,20240710T113644,1018.92
CTD_P,20240710T123645,1018.40
CTD_PTSH,20240710T123708,1018.40,8.3833,35.3310,-1.041378
CTD_P,20240710T123709,1018.39
CTD_P,20240710T133710,1021.11
CTD_PTSH,20240710T133733,1021.20,8.3596,35.3240,-1.041371
CTD_P,20240710T133734,1021.22
CTD_P,20240710T143735,1020.96
CTD_PTSH,20240710T143758,1021.00,8.3800,35.3270,-1.041404
CTD_P,20240710T143759,1020.97
CTD_P,20240710T153800,1019.85
CTD_PTSH,20240710T153823,1019.80,8.3872,35.3250,-1.041357
CTD_P,20240710T153824,1019.77
CTD_P,20240710T163825,1020.85
CTD_PTSH,20240710T163848,1020.80,8.3692,35.3250,-1.041327
CTD_P,20240710T163849,1020.83
CTD_P,20240710T173850,1015.51
CTD_PTSH,20240710T173913,1015.40,8.3387,35.3240,-1.041374
CTD_P,20240710T173914,1015.44
CTD_P,20240710T183915,1015.29
CTD_PTSH,20240710T183938,1015.30,8.3025,35.3170,-1.041369
CTD_P,20240710T183939,1015.32
CTD_P,20240710T193940,1016.95
CTD_PTSH,20240710T194003,1017.00,8.2158,35.3080,-1.041361
CTD_P,20240710T194004,1016.99
CTD_P,20240710T204005,1021.00
CTD_PTSH,20240710T204028,1020.90,8.2732,35.3140,-1.041433
CTD_P,20240710T204029,1020.97
CTD_P,20240710T214030,1019.50
CTD_PTSH,20240710T214053,1019.40,8.2781,35.3130,-1.041433
CTD_P,20240710T214054,1019.44
CTD_P,20240710T224055,1018.15
CTD_PTSH,20240710T224118,1018.00,8.3140,35.3170,-1.041418
CTD_P,20240710T224119,1017.97
CTD_P,20240710T234120,1016.30
CTD_PTSH,20240710T234143,1016.30,8.2948,35.3160,-1.041409
CTD_P,20240710T234144,1016.23
CTD_P,20240711T004145,1019.60
CTD_PTSH,20240711T004208,1019.60,8.2784,35.3150,-1.041417
CTD_P,20240711T004209,1019.56
CTD_P,20240711T014210,1016.48
CTD_PTSH,20240711T014233,1016.40,8.2841,35.3160,-1.041375
CTD_P,20240711T014234,1016.38
CTD_P,20240711T024235,1019.25
CTD_PTSH,20240711T024258,1019.20,8.2788,35.3150,-1.041445
CTD_P,20240711T024259,1019.25
CTD_P,20240711T034300,1018.56
CTD_PTSH,20240711T034323,1018.50,8.2524,35.3130,-1.041444
CTD_P,20240711T034324,1018.47
CTD_P,20240711T044325,1015.51
CTD_PTSH,20240711T044348,1015.50,8.2153,35.3110,-1.041397
CTD_P,20240711T044349,1015.48
CTD_P,20240711T054350,1014.75
CTD_PTSH,20240711T054413,1014.70,8.1958,35.3060,-1.041413
CTD_P,20240711T054414,1014.73
CTD_P,20240711T064415,1014.82
CTD_PTSH,20240711T064438,1014.90,8.1066,35.3010,-1.041398
CTD_P,20240711T064439,1014.85
CTD_P,20240711T074440,1018.00
CTD_PTSH,20240711T074503,1017.90,8.1681,35.3040,-1.041455
CTD_P,20240711T074504,1017.91
CTD_P,20240711T084505,1020.40
CTD_PTSH,20240711T084528,1020.40,8.2002,35.3070,-1.041419
CTD_P,20240711T084529,1020.39
CTD_P,20240711T094530,1023.41
CTD_PTSH,20240711T094553,1023.40,8.2484,35.3110,-1.041408
CTD_P,20240711T094554,1023.36
CTD_P,20240711T104555,1023.02
CTD_PTSH,20240711T104618,1022.90,8.3256,35.3170,-1.041433
CTD_P,20240711T104619,1022.92
CTD_P,20240711T114620,1024.43
CTD_PTSH,20240711T114643,1024.60,8.3297,35.3200,-1.041453
CTD_P,20240711T114644,1024.56
CTD_P,20240711T124645,1030.05
CTD_PTSH,20240711T124708,1029.90,8.4244,35.3300,-1.041407
CTD_P,20240711T124709,1029.92
CTD_P,20240711T134710,1021.23
CTD_PTSH,20240711T134733,1021.20,8.3952,35.3300,-1.041401
CTD_P,20240711T134734,1021.21
CTD_P,20240711T144735,1022.71
CTD_PTSH,20240711T144758,1022.70,8.3533,35.3280,-1.041407
CTD_P,20240711T144759,1022.70
CTD_P,20240711T154800,1023.07
CTD_PTSH,20240711T154823,1023.00,8.3693,35.3230,-1.041372
CTD_P,20240711T154824,1022.99
CTD_P,20240711T164825,1020.52
CTD_PTSH,20240711T164848,1020.50,8.3223,35.3250,-1.041390
CTD_P,20240711T164849,1020.54
CTD_P,20240711T174850,1021.60
CTD_PTSH,20240711T174913,1021.60,8.2897,35.3160,-1.041403
CTD_P,20240711T174914,1021.60
CTD_P,20240711T184915,1022.70
CTD_PTSH,20240711T184938,1022.60,8.3358,35.3200,-1.041391
CTD_P,20240711T184939,1022.60
CTD_P,20240711T194940,1018.01
CTD_PTSH,20240711T195003,1018.00,8.2414,35.3070,-1.041401
CTD_P,20240711T195004,1018.03
CTD_P,20240711T205005,1019.86
CTD_PTSH,20240711T205028,1019.90,8.2028,35.3050,-1.041415
CTD_P,20240711T205029,1019.88
CTD_P,20240711T215030,1015.97
CTD_PTSH,20240711T215053,1015.90,8.2235,35.3160,-1.041344
CTD_P,20240711T215054,1015.91
CTD_P,20240711T225055,1021.03
CTD_PTSH,20240711T225118,1021.00,8.1763,35.3050,-1.041447
CTD_P,20240711T225119,1021.03
CTD_P,20240711T235120,1023.08
CTD_PTSH,20240711T235143,1023.00,8.2345,35.3090,-1.041462
CTD_P,20240711T235144,1022.96
CTD_P,20240712T005145,1023.71
CTD_PTSH,20240712T005208,1023.60,8.2743,35.3130,-1.041376
CTD_P,20240712T005209,1023.64
CTD_P,20240712T015210,1020.54
CTD_PTSH,20240712T015233,1020.50,8.2451,35.3130,-1.041411
CTD_P,20240712T015234,1020.53
CTD_P,20240712T025235,1022.41
CTD_PTSH,20240712T025258,1022.40,8.2273,35.3090,-1.041468
CTD_P,20240712T025259,1022.37
CTD_P,20240712T035300,1020.58
CTD_PTSH,20240712T035323,1020.50,8.2367,35.3120,-1.041398
CTD_P,20240712T035324,1020.52
CTD_P,20240712T045325,1020.23
CTD_PTSH,20240712T045348,1020.20,8.2053,35.3120,-1.041409
CTD_P,20240712T045349,1020.25
CTD_P,20240712T055350,1018.29
CTD_PTSH,20240712T055413,1018.30,8.1528,35.3020,-1.041353
CTD_P,20240712T055414,1018.26
CTD_P,20240712T065415,1019.09
CTD_PTSH,20240712T065438,1019.10,8.1598,35.2990,-1.041380
CTD_P,20240712T065439,1019.03
CTD_P,20240712T075440,1020.85
CTD_PTSH,20240712T075503,1020.90,8.1267,35.3000,-1.041446
CTD_P,20240712T075504,1020.85
CTD_P,20240712T085505,1024.92
CTD_PTSH,20240712T085528,1024.90,8.2010,35.3060,-1.041397
CTD_P,20240712T085529,1024.90
CTD_P,20240712T095530,1024.28
CTD_PTSH,20240712T095553,1024.30,8.2441,35.3110,-1.041418
CTD_P,20240712T095554,1024.32
CTD_P,20240712T105555,1027.17
CTD_PTSH,20240712T105618,1027.00,8.3253,35.3200,-1.041421
CTD_P,20240712T105619,1026.98
CTD_P,20240712T115620,1023.94
CTD_PTSH,20240712T115643,1023.90,8.3346,35.3250,-1.041392
CTD_P,20240712T115644,1023.92
CTD_P,20240712T125645,1027.66
CTD_PTSH,20240712T125708,1027.70,8.3742,35.3240,-1.041389
CTD_P,20240712T125709,1027.69
CTD_P,20240712T135710,1026.68
CTD_PTSH,20240712T135733,1026.70,8.3590,35.3220,-1.041341
CTD_P,20240712T135734,1026.70
CTD_P,20240712T145735,1023.63
CTD_PTSH,20240712T145758,1023.60,8.3434,35.3170,-1.041369
CTD_P,20240712T145759,1023.63
CTD_P,20240712T155800,1026.33
CTD_PTSH,20240712T155823,1026.30,8.3573,35.3240,-1.041350
CTD_P,20240712T155824,1026.27
CTD_P,20240712T165825,1022.60
CTD_PTSH,20240712T165848,1022.60,8.3121,35.3190,-1.041370
CTD_P,20240712T165849,1022.62
CTD_P,20240712T175850,1020.62
CTD_PTSH,20240712T175913,1020.60,8.2332,35.3160,-1.041374
CTD_P,20240712T175914,1020.59
CTD_P,20240712T185915,1018.14
CTD_PTSH,20240712T185938,1018.10,8.2080,35.3100,-1.041394
CTD_P,20240712T185939,1018.12
CTD_P,20240712T195940,1022.62
CTD_PTSH,20240712T200003,1022.70,8.1649,35.3030,-1.041399
CTD_P,20240712T200004,1022.72
CTD_P,20240712T210005,1021.54
CTD_PTSH,20240712T210028,1021.40,8.1874,35.3050,-1.041415
CTD_P,20240712T210029,1021.42
CTD_P,20240712T220030,1020.71
CTD_PTSH,20240712T220053,1020.70,8.1621,35.3010,-1.041408
CTD_P,20240712T220054,1020.73
CTD_P,20240712T230055,1020.87
CTD_PTSH,20240712T230118,1020.90,8.1670,35.3030,-1.041374
CTD_P,20240712T230119,1020.86
CTD_P,20240713T000120,1026.43
CTD_PTSH,20240713T000143,1026.40,8.1834,35.3050,-1.041372
CTD_P,20240713T000144,1026.44
CTD_P,20240713T010145,1026.54
CTD_PTSH,20240713T010208,1026.50,8.2971,35.3150,-1.041391
CTD_P,20240713T010209,1026.46
CTD_P,20240713T020210,1024.70
CTD_PTSH,20240713T020233,1024.70,8.2542,35.3130,-1.041371
CTD_P,20240713T020234,1024.65
CTD_P,20240713T030235,1025.87
CTD_PTSH,20240713T030258,1025.90,8.3040,35.3170,-1.041366
CTD_P,20240713T030259,1025.86
CTD_P,20240713T040300,1024.44
CTD_PTSH,20240713T040323,1024.40,8.3184,35.3210,-1.041357
CTD_P,20240713T040324,1024.40
CTD_P,20240713T050325,1023.24
CTD_PTSH,20240713T050348,1023.10,8.2771,35.3140,-1.041396
CTD_P,20240713T050349,1023.11
CTD_P,20240713T060350,1017.00
CTD_PTSH,20240713T060413,1017.00,8.1706,35.3050,-1.041332
CTD_P,20240713T060414,1016.98
CTD_P,20240713T070415,1019.96
CTD_PTSH,20240713T070438,1019.90,8.1438,35.3040,-1.041356
CTD_P,20240713T070439,1019.90
CTD_P,20240713T080440,1024.95
CTD_PTSH,20240713T080503,1025.00,8.1521,35.3010,-1.041389
CTD_P,20240713T080504,1025.04
CTD_P,20240713T090505,1024.25
CTD_PTSH,20240713T090528,1024.30,8.1750,35.3030,-1.041404
CTD_P,20240713T090529,1024.29
CTD_P,20240713T100530,1026.13
CTD_PTSH,20240713T100553,1026.10,8.2469,35.3090,-1.041338
CTD_P,20240713T100554,1026.10
CTD_P,20240713T110555,1026.34
CTD_PTSH,20240713T110618,1026.30,8.2737,35.3130,-1.041387
CTD_P,20240713T110619,1026.25
CTD_P,20240713T120620,1022.42
CTD_PTSH,20240713T120643,1022.30,8.2616,35.3160,-1.041416
CTD_P,20240713T120644,1022.32
CTD_P,20240713T130645,1026.62
CTD_PTSH,20240713T130708,1026.80,8.2248,35.3080,-1.041394
CTD_P,20240713T130709,1026.78
CTD_P,20240713T140710,1027.44
CTD_PTSH,20240713T140733,1027.30,8.3317,35.3200,-1.041412
CTD_P,20240713T140734,1027.29
CTD_P,20240713T150735,1025.35
CTD_PTSH,20240713T150758,1025.30,8.3120,35.3250,-1.041434
CTD_P,20240713T150759,1025.34
CTD_P,20240713T160800,1006.21
CTD_PTSH,20240713T160823,1006.10,8.4450,35.3320,-1.041323
CTD_P,20240713T160824,1006.13
CTD_P,20240713T170825,1005.25
CTD_PTSH,20240713T170848,1005.20,8.4393,35.3320,-1.041324
CTD_P,20240713T170849,1005.21
CTD_P,20240713T180850,1004.79
CTD_PTSH,20240713T180913,1004.70,8.4098,35.3280,-1.041271
CTD_P,20240713T180914,1004.74
CTD_P,20240713T190915,1003.13
CTD_PTSH,20240713T190938,1003.20,8.3534,35.3230,-1.041294
CTD_P,20240713T190939,1003.14
CTD_P,20240713T200940,1002.83
CTD_PTSH,20240713T201003,1002.80,8.3644,35.3230,-1.041289
CTD_P,20240713T201004,1002.75
CTD_P,20240713T211005,1004.40
CTD_PTSH,20240713T211028,1004.40,8.3643,35.3240,-1.041299
CTD_P,20240713T211029,1004.42
CTD_P,20240713T221030,1002.46
CTD_PTSH,20240713T221053,1002.40,8.3563,35.3200,-1.041295
CTD_P,20240713T221054,1002.44
CTD_P,20240713T231055,1006.32
CTD_PTSH,20240713T231118,1006.30,8.4161,35.3280,-1.041276
CTD_P,20240713T231119,1006.29
CTD_P,20240714T001120,1003.60
CTD_PTSH,20240714T001143,1003.70,8.3785,35.3240,-1.041277
CTD_P,20240714T001144,1003.65
CTD_P,20240714T011145,1005.27
CTD_PTSH,20240714T011208,1005.20,8.3477,35.3220,-1.041279
CTD_P,20240714T011209,1005.22
CTD_P,20240714T021210,1004.64
CTD_PTSH,20240714T021233,1004.70,8.3710,35.3240,-1.041306
CTD_P,20240714T021234,1004.67
CTD_P,20240714T031235,1005.17
CTD_PTSH,20240714T031258,1005.10,8.3718,35.3240,-1.041279
CTD_P,20240714T031259,1005.08
CTD_P,20240714T041300,1002.69
CTD_PTSH,20240714T041323,1002.70,8.3693,35.3250,-1.041244
CTD_P,20240714T041324,1002.66
CTD_P,20240714T051325,1002.41
CTD_PTSH,20240714T051348,1002.50,8.3553,35.3150,-1.041325
CTD_P,20240714T051349,1002.53
CTD_P,20240714T061350,1003.91
CTD_PTSH,20240714T061413,1003.80,8.3532,35.3220,-1.041266
CTD_P,20240714T061414,1003.82
CTD_P,20240714T071415,1001.05
CTD_PTSH,20240714T071438,1001.00,8.3168,35.3180,-1.041268
CTD_P,20240714T071439,1001.04
CTD_P,20240714T081440,1002.62
CTD_PTSH,20240714T081503,1002.70,8.2955,35.3170,-1.041297
CTD_P,20240714T081504,1002.67
CTD_P,20240714T091505,1004.24
CTD_PTSH,20240714T091528,1004.20,8.3244,35.3190,-1.041279
CTD_P,20240714T091529,1004.22
CTD_P,20240714T101530,1004.19
CTD_PTSH,20240714T101553,1004.10,8.3414,35.3230,-1.041292
CTD_P,20240714T101554,1004.11
CTD_P,20240714T111555,1006.83
CTD_PTSH,20240714T111618,1006.70,8.3669,35.3230,-1.041246
CTD_P,20240714T111619,1006.73
CTD_P,20240714T121620,1005.86
CTD_PTSH,20240714T121643,1005.80,8.4144,35.3300,-1.041232
CTD_P,20240714T121644,1005.81
CTD_P,20240714T131645,1010.27
CTD_PTSH,20240714T131708,1010.30,8.4864,35.3360,-1.041239
CTD_P,20240714T131709,1010.30
CTD_P,20240714T141710,1005.29
CTD_PTSH,20240714T141733,1005.20,8.4820,35.3400,-1.041255
CTD_P,20240714T141734,1005.28
CTD_P,20240714T151735,1007.71
CTD_PTSH,20240714T151758,1007.70,8.4842,35.3380,-1.041254
CTD_P,20240714T151759,1007.75
CTD_P,20240714T161800,1007.79
CTD_PTSH,20240714T161823,1007.80,8.4700,35.3350,-1.041281
CTD_P,20240714T161824,1007.81
CTD_P,20240714T171825,1004.59
CTD_PTSH,20240714T171848,1004.60,8.4539,35.3340,-1.041242
CTD_P,20240714T171849,1004.51
CTD_P,20240714T181850,1001.68
CTD_PTSH,20240714T181913,1001.70,8.4028,35.3280,-1.041273
CTD_P,20240714T181914,1001.68
CTD_P,20240714T191915,1004.49
CTD_PTSH,20240714T191938,1004.50,8.3412,35.3210,-1.041234
CTD_P,20240714T191939,1004.52
CTD_P,20240714T201940,1004.14
CTD_PTSH,20240714T202003,1004.10,8.3460,35.3210,-1.041240
CTD_P,20240714T202004,1004.13
CTD_P,20240714T212005,1000.84
CTD_PTSH,20240714T212028,1000.80,8.2859,35.3170,-1.041222
CTD_P,20240714T212029,1000.80
CTD_P,20240714T222030,1007.66
CTD_PTSH,20240714T222053,1007.60,8.3269,35.3180,-1.041298
CTD_P,20240714T222054,1007.60
CTD_P,20240714T232055,1004.06
CTD_PTSH,20240714T232118,1004.00,8.3404,35.3230,-1.041262
CTD_P,20240714T232119,1004.02
CTD_P,20240715T002120,1004.48
CTD_PTSH,20240715T002143,1004.40,8.3420,35.3210,-1.041293
CTD_P,20240715T002144,1004.45
CTD_P,20240715T012145,1007.29
CTD_PTSH,20240715T012208,1007.30,8.3766,35.3230,-1.041278
CTD_P,20240715T012209,1007.33
CTD_P,20240715T022210,1007.40
CTD_PTSH,20240715T022233,1007.30,8.4285,35.3310,-1.041226
CTD_P,20240715T022234,1007.30
CTD_P,20240715T032235,1007.74
CTD_PTSH,20240715T032258,1007.70,8.4226,35.3300,-1.041242
CTD_P,20240715T032259,1007.71
CTD_P,20240715T042300,1007.32
CTD_PTSH,20240715T042323,1007.30,8.4216,35.3310,-1.041231
CTD_P,20240715T042324,1007.33
CTD_P,20240715T052325,1004.12
CTD_PTSH,20240715T052348,1004.10,8.3838,35.3290,-1.041218
CTD_P,20240715T052349,1004.12
CTD_P,20240715T062350,1005.55
CTD_PTSH,20240715T062413,1005.50,8.4021,35.3270,-1.041214
CTD_P,20240715T062414,1005.53
CTD_P,20240715T072415,1004.71
CTD_PTSH,20240715T072438,1004.70,8.3867,35.3250,-1.041286
CTD_P,20240715T072439,1004.67
CTD_P,20240715T082440,1004.33
CTD_PTSH,20240715T082503,1004.30,8.3882,35.3250,-1.041265
CTD_P,20240715T082504,1004.36
CTD_P,20240715T092505,1002.52
CTD_PTSH,20240715T092528,1002.50,8.3531,35.3150,-1.041248
CTD_P,20240715T092529,1002.48
CTD_P,20240715T102530,999.09
CTD_PTSH,20240715T102553,999.10,8.2736,35.3190,-1.041251
CTD_P,20240715T102554,999.14
CTD_P,20240715T112555,1006.26
CTD_PTSH,20240715T112618,1006.20,8.2613,35.3140,-1.041251
CTD_P,20240715T112619,1006.27
CTD_P,20240715T122620,1004.60
CTD_PTSH,20240715T122643,1004.50,8.3102,35.3170,-1.041275
CTD_P,20240715T122644,1004.49
CTD_P,20240715T132645,1005.14
CTD_PTSH,20240715T132708,1005.10,8.3218,35.3200,-1.041277
CTD_P,20240715T132709,1005.10
CTD_P,20240715T142710,1007.39
CTD_PTSH,20240715T142733,1007.40,8.3336,35.3200,-1.041264
CTD_P,20240715T142734,1007.43
CTD_P,20240715T152735,1007.18
CTD_PTSH,20240715T152758,1007.20,8.3755,35.3260,-1.041248
CTD_P,20240715T152759,1007.23
CTD_P,20240715T162800,1008.00
CTD_PTSH,20240715T162823,1007.90,8.4244,35.3300,-1.041232
CTD_P,20240715T162824,1007.93
CTD_P,20240715T172825,1002.74
CTD_PTSH,20240715T172848,1002.70,8.4206,35.3340,-1.041202
CTD_P,20240715T172849,1002.70
CTD_P,20240715T182850,1006.33
CTD_PTSH,20240715T182913,1006.30,8.4064,35.3280,-1.041202
CTD_P,20240715T182914,1006.27
CTD_P,20240715T192915,999.22
CTD_PTSH,20240715T192938,999.10,8.3545,35.3210,-1.041217
CTD_P,20240715T192939,999.09
CTD_P,20240715T202940,1006.99
CTD_PTSH,20240715T203003,1007.00,8.3555,35.3230,-1.041252
CTD_P,20240715T203004,1007.00
CTD_P,20240715T213005,1008.02
CTD_PTSH,20240715T213028,1008.00,8.3669,35.3250,-1.041219
CTD_P,20240715T213029,1007.95
CTD_P,20240715T223030,1003.88
CTD_PTSH,20240715T223053,1003.80,8.3516,35.3240,-1.041277
CTD_P,20240715T223054,1003.83
CTD_P,20240715T233055,1003.70
CTD_PTSH,20240715T233118,1003.60,8.3336,35.3210,-1.041237
CTD_P,20240715T233119,1003.62
CTD_P,20240716T003120,1004.16
CTD_PTSH,20240716T003143,1004.30,8.3414,35.3230,-1.041257
CTD_P,20240716T003144,1004.26
CTD_P,20240716T013145,1009.25
CTD_PTSH,20240716T013208,1009.20,8.3719,35.3260,-1.041254
CTD_P,20240716T013209,1009.19
CTD_P,20240716T023210,1009.85
CTD_PTSH,20240716T023233,1009.80,8.4418,35.3310,-1.041250
CTD_P,20240716T023234,1009.79
CTD_P,20240716T033235,1008.01
CTD_PTSH,20240716T033258,1008.00,8.4485,35.3340,-1.041194
CTD_P,20240716T033259,1007.98
CTD_P,20240716T043300,1001.96
CTD_PTSH,20240716T043323,1002.00,8.4149,35.3340,-1.041165
CTD_P,20240716T043324,1001.94
CTD_P,20240716T053325,1004.70
CTD_PTSH,20240716T053348,1004.70,8.3512,35.3250,-1.041261
CTD_P,20240716T053349,1004.70
CTD_P,20240716T063350,1003.61
CTD_PTSH,20240716T063413,1003.60,8.3384,35.3270,-1.041300
CTD_P,20240716T063414,1003.65
CTD_P,20240716T073415,1007.53
CTD_PTSH,20240716T073438,1007.50,8.3654,35.3220,-1.041223
CTD_P,20240716T073439,1007.45
CTD_P,20240716T083440,1003.88
CTD_PTSH,20240716T083503,1003.90,8.3460,35.3240,-1.041276
CTD_P,20240716T083504,1003.84
CTD_P,20240716T093505,1005.69
CTD_PTSH,20240716T093528,1005.70,8.3290,35.3210,-1.041232
CTD_P,20240716T093529,1005.67
CTD_P,20240716T103530,1006.44
CTD_PTSH,20240716T103553,1006.40,8.3526,35.3230,-1.041235
CTD_P,20240716T103554,1006.44
CTD_P,20240716T113555,1005.94
CTD_PTSH,20240716T113618,1006.00,8.3302,35.3200,-1.041252
CTD_P,20240716T113619,1005.95
CTD_P,20240716T123620,1005.38
CTD_PTSH,20240716T123643,1005.40,8.3393,35.3220,-1.041210
CTD_P,20240716T123644,1005.38
CTD_P,20240716T133645,1008.40
CTD_PTSH,20240716T133708,1008.40,8.4036,35.3290,-1.041223
CTD_P,20240716T133709,1008.39
CTD_P,20240716T143710,1008.54
CTD_PTSH,20240716T143733,1008.60,8.4152,35.3300,-1.041211
CTD_P,20240716T143734,1008.60
CTD_P,20240716T153735,1008.04
CTD_PTSH,20240716T153758,1008.00,8.4414,35.3300,-1.041204
CTD_P,20240716T153759,1007.98
CTD_P,20240716T163800,1008.55
CTD_PTSH,20240716T163823,1008.60,8.4446,35.3310,-1.041198
CTD_P,20240716T163824,1008.58
CTD_P,20240716T173825,1005.52
CTD_PTSH,20240716T173848,1005.50,8.4142,35.3230,-1.041185
CTD_P,20240716T173849,1005.45
CTD_P,20240716T183850,1003.19
CTD_PTSH,20240716T183913,1003.30,8.3274,35.3250,-1.041224
CTD_P,20240716T183914,1003.32
CTD_P,20240716T193915,1004.46
CTD_PTSH,20240716T193938,1004.50,8.2935,35.3150,-1.041212
CTD_P,20240716T193939,1004.49
CTD_P,20240716T203940,1002.86
CTD_PTSH,20240716T204003,1002.80,8.2595,35.3160,-1.041192
CTD_P,20240716T204004,1002.81
CTD_P,20240716T214005,1002.18
CTD_PTSH,20240716T214028,1002.20,8.2407,35.3120,-1.041228
CTD_P,20240716T214029,1002.18
CTD_P,20240716T224030,1005.86
CTD_PTSH,20240716T224053,1005.90,8.2728,35.3120,-1.041246
CTD_P,20240716T224054,1005.88
CTD_P,20240716T234055,1004.63
CTD_PTSH,20240716T234118,1004.70,8.2530,35.3130,-1.041189
CTD_P,20240716T234119,1004.67
CTD_P,20240717T004120,1006.24
CTD_PTSH,20240717T004143,1006.30,8.2960,35.3160,-1.041253
CTD_P,20240717T004144,1006.28
CTD_P,20240717T014145,1007.33
CTD_PTSH,20240717T014208,1007.40,8.3176,35.3200,-1.041254
CTD_P,20240717T014209,1007.43
CTD_P,20240717T024210,1008.11
CTD_PTSH,20240717T024233,1008.00,8.3715,35.3240,-1.041200
CTD_P,20240717T024234,1008.01
CTD_P,20240717T034235,1005.63
CTD_PTSH,20240717T034258,1005.60,8.3529,35.3250,-1.041204
CTD_P,20240717T034259,1005.63
CTD_P,20240717T044300,1008.08
CTD_PTSH,20240717T044323,1008.20,8.3548,35.3250,-1.041226
CTD_P,20240717T044324,1008.22
CTD_P,20240717T054325,1009.69
CTD_PTSH,20240717T054348,1009.60,8.3647,35.3250,-1.041195
CTD_P,20240717T054349,1009.62
CTD_P,20240717T064350,1003.30
CTD_PTSH,20240717T064413,1003.30,8.3631,35.3240,-1.041223
CTD_P,20240717T064414,1003.33
CTD_P,20240717T074415,1006.19
CTD_PTSH,20240717T074438,1006.30,8.3602,35.3240,-1.041230
CTD_P,20240717T074439,1006.27
CTD_P,20240717T084440,1007.66
CTD_PTSH,20240717T084503,1007.60,8.4023,35.3280,-1.041185
CTD_P,20240717T084504,1007.57
CTD_P,20240717T094505,1008.45
CTD_PTSH,20240717T094528,1008.40,8.3703,35.3240,-1.041200
CTD_P,20240717T094529,1008.42
CTD_P,20240717T104530,1003.54
CTD_PTSH,20240717T104553,1003.40,8.3632,35.3240,-1.041238
CTD_P,20240717T104554,1003.44
CTD_P,20240717T114555,1006.45
CTD_PTSH,20240717T114618,1006.50,8.3202,35.3190,-1.041239
CTD_P,20240717T114619,1006.50
CTD_P,20240717T124620,1011.34
CTD_PTSH,20240717T124643,1011.40,8.3682,35.3230,-1.041202
CTD_P,20240717T124644,1011.36
CTD_P,20240717T134645,1008.78
CTD_PTSH,20240717T134708,1008.80,8.3980,35.3270,-1.041193
CTD_P,20240717T134709,1008.83
CTD_P,20240717T144710,1010.78
CTD_PTSH,20240717T144733,1010.70,8.4736,35.3360,-1.041154
CTD_P,20240717T144734,1010.71
CTD_P,20240717T154735,1009.60
CTD_PTSH,20240717T154758,1009.60,8.4509,35.3320,-1.041146
CTD_P,20240717T154759,1009.60
CTD_P,20240717T164800,1007.11
CTD_PTSH,20240717T164823,1007.10,8.4734,35.3340,-1.041209
CTD_P,20240717T164824,1007.12
CTD_P,20240717T174825,1005.33
CTD_PTSH,20240717T174848,1005.20,8.4556,35.3320,-1.041216
CTD_P,20240717T174849,1005.19
CTD_P,20240717T184850,1004.61
CTD_PTSH,20240717T184913,1004.70,8.3651,35.3280,-1.041246
CTD_P,20240717T184914,1004.70
CTD_P,20240717T194915,1005.72
CTD_PTSH,20240717T194938,1005.70,8.3419,35.3230,-1.041254
CTD_P,20240717T194939,1005.67
CTD_P,20240717T204940,1002.82
CTD_PTSH,20240717T205003,1002.80,8.2765,35.3150,-1.041225
CTD_P,20240717T205004,1002.83
CTD_P,20240717T215005,1003.19
CTD_PTSH,20240717T215028,1003.10,8.2531,35.3130,-1.041247
CTD_P,20240717T215029,1003.12
CTD_P,20240717T225030,1005.07
CTD_PTSH,20240717T225053,1005.10,8.2530,35.3110,-1.041209
CTD_P,20240717T225054,1005.06
CTD_P,20240717T235055,1010.10
CTD_PTSH,20240717T235118,1010.00,8.2782,35.3140,-1.041206
CTD_P,20240717T235119,1010.05
CTD_P,20240718T005120,1009.13
CTD_PTSH,20240718T005143,1009.00,8.3529,35.3210,-1.041241
CTD_P,20240718T005144,1008.93
CTD_P,20240718T015145,1008.37
CTD_PTSH,20240718T015208,1008.40,8.3368,35.3200,-1.041190
CTD_P,20240718T015209,1008.40
CTD_P,20240718T025210,1005.83
CTD_PTSH,20240718T025233,1005.80,8.3521,35.3260,-1.041220
CTD_P,20240718T025234,1005.82
CTD_P,20240718T035235,1010.25
CTD_PTSH,20240718T035258,1010.20,8.3855,35.3270,-1.041170
CTD_P,20240718T035259,1010.27
CTD_P,20240718T045300,1007.79
CTD_PTSH,20240718T045323,1007.80,8.3913,35.3320,-1.041172
CTD_P,20240718T045324,1007.85
CTD_P,20240718T054827,1007.93
CTD_PTSH,20240718T054850,1007.90,8.4110,35.3290,-1.041127
CTD_P,20240718T054851,1007.88
Message,20240718T054853,Deep Descent Mission
CTD_P,20240718T054856,1007.89
CTD_P,20240718T054959,1009.23
CTD_P,20240718T055101,1014.14
CTD_P,20240718T055203,1021.16
CTD_P,20240718T055306,1029.49
CTD_P,20240718T055346,1035.52
CTD_P,20240718T055347,1035.69
CTD_P,20240718T055449,1045.54
CTD_P,20240718T055952,1093.62
CTD_P,20240718T060455,1140.84
CTD_P,20240718T060958,1187.32
CTD_P,20240718T061501,1232.89
CTD_P,20240718T062004,1278.09
CTD_P,20240718T062507,1322.84
CTD_P,20240718T063010,1367.05
CTD_P,20240718T063513,1410.70
CTD_P,20240718T064016,1452.26
CTD_P,20240718T064519,1493.47
CTD_P,20240718T065022,1533.34
CTD_P,20240718T065525,1572.68
CTD_P,20240718T070028,1611.04
CTD_P,20240718T070531,1648.31
CTD_P,20240718T071034,1684.50
CTD_P,20240718T071537,1720.04
CTD_P,20240718T072040,1754.78
CTD_P,20240718T072543,1788.06
CTD_P,20240718T073046,1821.14
CTD_P,20240718T073549,1853.53
CTD_P,20240718T074052,1885.54
CTD_P,20240718T074555,1917.29
CTD_P,20240718T075058,1948.69
CTD_P,20240718T075601,1979.95
CTD_P,20240718T075938,2002.44
Message,20240718T075941,ASCENT
CTD_P,20240718T075944,2003.04
CTD_P,20240718T080024,2006.99
CTD_P,20240718T080144,2012.49
CTD_P,20240718T080145,2012.54
CTD_P,20240718T080246,2014.47
CTD_P,20240718T080331,2015.04
CTD_P,20240718T080432,2013.09
CTD_P,20240718T080518,2010.54
CTD_P,20240718T080619,2005.76
CTD_P,20240718T080704,2001.96
CTD_P,20240718T080729,1999.42
CTD_P,20240718T080731,1999.30
Message,20240718T080733,CP Started
CTD_P,20240718T080808,1995.49
CTD_PTS,20240718T080810,1995.29,3.1258,34.8365
O2,20240718T080858,108.77840,25.96461,3.13072,47.83017,49.19617,57.05608,7.85990,1027.03601,865.43829,751.38409
FLBB,20240718T080902,54,115,568
CTD_P,20240718T080904,1989.89
CTD_P,20240718T081406,1960.19
NO3,20240718T081415,43.43
CTD_P,20240718T081420,1958.82
CTD_P,20240718T081922,1929.95
CTD_P,20240718T082424,1902.00
CTD_P,20240718T082448,1899.83
CTD_PTS,20240718T082450,1899.63,3.4434,34.8596
O2,20240718T082538,99.89014,24.04078,3.44077,48.49512,49.86112,57.77643,7.91531,1039.79504,864.16461,742.36023
FLBB,20240718T082541,55,115,567
CTD_P,20240718T082543,1894.82
CTD_P,20240718T082926,1875.17
CTD_P,20240718T083428,1849.25
CTD_P,20240718T083929,1824.18
CTD_P,20240718T084423,1800.82
CTD_P,20240718T084431,1800.11
CTD_P,20240718T084435,1799.78
CTD_PTS,20240718T084437,1799.67,3.8083,34.8929
O2,20240718T084526,89.46380,21.73964,3.80429,49.33314,50.69914,58.62053,7.92139,1055.81104,862.00787,731.73718
FLBB,20240718T084529,55,118,567
CTD_P,20240718T084531,1795.37
CTD_P,20240718T084935,1776.46
CTD_P,20240718T085437,1753.75
CTD_P,20240718T085519,1750.35
CTD_P,20240718T085621,1744.58
CTD_P,20240718T090123,1716.76
CTD_P,20240718T090427,1700.85
CTD_P,20240718T090439,1699.82
CTD_PTS,20240718T090441,1699.66,4.2443,34.9321
O2,20240718T090529,75.44328,18.54892,4.25065,50.58629,51.95229,59.87253,7.92024,1078.66199,859.22711,718.63092
FLBB,20240718T090533,55,117,566
CTD_P,20240718T090533,1695.19
CTD_P,20240718T090627,1690.76
CTD_P,20240718T091129,1666.65
CTD_P,20240718T091631,1643.70
CTD_P,20240718T092133,1621.11
CTD_P,20240718T092617,1599.80
CTD_PTS,20240718T092619,1599.68,4.7714,34.9784
O2,20240718T092708,63.05472,15.71513,4.77251,51.76653,53.13253,61.05650,7.92397,1099.23096,855.48279,703.22131
FLBB,20240718T092711,56,120,565
CTD_P,20240718T092713,1595.73
CTD_P,20240718T092755,1592.30
CTD_P,20240718T092857,1586.47
CTD_P,20240718T093359,1557.75
CTD_P,20240718T093901,1529.89
CTD_P,20240718T094403,1502.91
CTD_P,20240718T094437,1499.87
CTD_PTS,20240718T094439,1499.70,5.3005,35.0279
O2,20240718T094528,50.92116,12.86671,5.30543,53.04679,54.41280,62.33582,7.92302,1120.49597,851.79102,687.39001
FLBB,20240718T094531,55,114,564
CTD_P,20240718T094533,1494.92
CTD_P,20240718T094906,1476.54
CTD_P,20240718T095408,1451.51
CTD_P,20240718T095910,1428.31
CTD_P,20240718T100412,1407.35
CTD_P,20240718T100559,1400.39
CTD_P,20240718T100607,1399.86
CTD_PTS,20240718T100609,1399.75,5.9369,35.0856
O2,20240718T100658,39.43602,10.12807,5.94290,54.36191,55.72791,63.64850,7.92059,1141.04297,847.15143,668.32861
FLBB,20240718T100701,56,116,563
CTD_P,20240718T100703,1396.33
CTD_P,20240718T100915,1388.34
CTD_P,20240718T100957,1385.59
CTD_P,20240718T101059,1380.65
CTD_P,20240718T101141,1377.01
CTD_P,20240718T101243,1370.85
CTD_P,20240718T101745,1341.12
CTD_P,20240718T102247,1311.80
CTD_P,20240718T102451,1299.81
CTD_PTS,20240718T102453,1299.64,6.6040,35.1475
O2,20240718T102542,29.02773,7.58255,6.61585,55.67759,57.04359,64.96248,7.91888,1160.29700,842.18518,648.06299
FLBB,20240718T102545,57,118,562
CTD_P,20240718T102547,1294.42
CTD_P,20240718T102749,1282.60
CTD_P,20240718T103251,1253.37
CTD_P,20240718T103753,1224.21
CTD_P,20240718T104206,1200.42
CTD_P,20240718T104210,1200.03
CTD_P,20240718T104214,1199.70
CTD_PTS,20240718T104216,1199.50,7.0922,35.1956
O2,20240718T104305,22.96356,6.07142,7.10026,56.50231,57.86831,65.78598,7.91767,1172.18701,838.54590,633.38593
FLBB,20240718T104308,56,118,562
CTD_P,20240718T104310,1194.54
CTD_P,20240718T104812,1168.15
CTD_P,20240718T105314,1143.74
CTD_P,20240718T105816,1120.96
CTD_P,20240718T110255,1101.08
CTD_P,20240718T110313,1099.87
CTD_PTS,20240718T110315,1099.73,7.7180,35.2605
O2,20240718T110404,15.19530,4.08026,7.72741,57.65969,59.02570,66.94510,7.91940,1188.16101,833.83478,614.27557
FLBB,20240718T110407,57,119,561
CTD_P,20240718T110408,1096.03
CTD_P,20240718T110910,1075.16
CTD_P,20240718T110952,1072.00
CTD_P,20240718T111054,1066.37
CTD_P,20240718T111556,1038.85
CTD_P,20240718T112058,1011.68
CTD_P,20240718T112310,999.96
CTD_PTS,20240718T112312,999.79,8.2310,35.3099
O2,20240718T112401,10.88232,2.96020,8.25690,58.33204,59.69804,67.62311,7.92507,1196.99097,829.79279,598.04840
FLBB,20240718T112404,56,119,560
CTD_P,20240718T112405,995.11
CTD_P,20240718T112600,985.01
CTD_P,20240718T113102,959.56
CTD_P,20240718T113258,950.39
CTD_P,20240718T113306,949.76
CTD_PTS,20240718T113308,949.63,8.6422,35.3530
O2,20240718T113312,7.98230,2.19131,8.63445,58.81096,60.17696,68.10449,7.92753,1203.14502,826.96753,586.42743
FLBB,20240718T113315,56,119,559
CTD_P,20240718T113316,948.99
CTD_P,20240718T113604,936.17
CTD_P,20240718T114106,915.17
CTD_P,20240718T114447,900.96
CTD_P,20240718T114504,899.90
CTD_PTS,20240718T114506,899.78,9.0377,35.3883
O2,20240718T114510,5.89971,1.63502,9.02798,59.15776,60.52376,68.45364,7.92989,1207.25903,823.86981,574.27100
FLBB,20240718T114513,57,118,558
CTD_P,20240718T114514,899.28
CTD_P,20240718T114608,895.90
CTD_P,20240718T114650,893.00
CTD_P,20240718T114752,887.76
CTD_P,20240718T115254,862.07
CTD_P,20240718T115518,850.08
CTD_P,20240718T115522,849.73
CTD_PTS,20240718T115524,849.56,9.5399,35.4490
O2,20240718T115528,3.87093,1.08574,9.53117,59.50118,60.86718,68.80034,7.93316,1210.73499,819.96558,558.66412
FLBB,20240718T115531,56,112,558
CTD_P,20240718T115532,848.92
CTD_P,20240718T115756,837.09
CTD_P,20240718T120258,813.28
CTD_P,20240718T120549,800.55
CTD_P,20240718T120559,799.83
CTD_PTS,20240718T120601,799.69,9.8961,35.4878
O2,20240718T120604,3.01993,0.85429,9.89027,59.63835,61.00435,68.94315,7.93880,1211.80298,817.06592,547.48358
FLBB,20240718T120608,56,110,557
CTD_P,20240718T120609,799.09
CTD_P,20240718T120800,791.03
CTD_P,20240718T121302,769.99
CTD_P,20240718T121344,766.84
CTD_P,20240718T121446,761.25
CTD_P,20240718T121653,749.84
CTD_PTS,20240718T121655,749.63,10.3503,35.5311
O2,20240718T121658,2.47084,0.70643,10.34203,59.71122,61.07722,69.02106,7.94384,1211.54199,813.71881,533.37042
FLBB,20240718T121702,57,109,557
CTD_P,20240718T121703,748.94
CTD_P,20240718T121948,734.16
CTD_P,20240718T122450,707.86
CTD_P,20240718T122623,699.91
CTD_PTS,20240718T122625,699.75,10.6702,35.5598
O2,20240718T122628,2.17976,0.62801,10.67038,59.74418,61.11018,69.06090,7.95071,1211.15002,810.72388,523.07953
FLBB,20240718T122632,58,110,556
CTD_P,20240718T122633,699.04
CTD_P,20240718T122952,682.24
CTD_P,20240718T123454,657.37
CTD_P,20240718T123626,650.00
CTD_PTS,20240718T123628,649.86,10.9729,35.5750
O2,20240718T123631,2.09443,0.60766,10.97112,59.73738,61.10339,69.06091,7.95753,1210.52795,808.47882,513.63031
FLBB,20240718T123635,55,110,556
CTD_P,20240718T123636,649.22
CTD_P,20240718T123956,633.74
CTD_P,20240718T124458,611.68
CTD_P,20240718T124740,600.75
CTD_P,20240718T124754,599.85
CTD_PTS,20240718T124756,599.68,11.2654,35.5782
O2,20240718T124759,2.05522,0.60032,11.26309,59.72181,61.08781,69.05283,7.96502,1209.73901,806.07892,504.43561
FLBB,20240718T124803,57,107,555
CTD_P,20240718T124804,599.15
CTD_P,20240718T125000,591.85
CTD_P,20240718T125042,589.01
CTD_P,20240718T125144,583.87
CTD_P,20240718T125646,559.10
CTD_P,20240718T125839,550.18
CTD_P,20240718T125843,549.87
CTD_PTS,20240718T125845,549.73,11.6392,35.6060
O2,20240718T125848,1.98160,0.58380,11.63542,59.70727,61.07327,69.04247,7.96919,1208.65796,803.23700,492.68109
FLBB,20240718T125852,56,111,555
CTD_P,20240718T125853,549.11
CTD_P,20240718T130148,535.73
CTD_P,20240718T130650,513.35
CTD_P,20240718T130953,499.93
CTD_PTS,20240718T130955,499.81,12.1467,35.6619
O2,20240718T130958,1.91129,0.56968,12.14629,59.68119,61.04719,69.02596,7.97877,1206.76794,798.88428,476.50159
FLBB,20240718T131002,56,112,554
CTD_P,20240718T131003,499.19
CTD_P,20240718T131152,491.40
CTD_P,20240718T131233,488.24
CTD_P,20240718T131335,482.58
CTD_P,20240718T131837,454.85
CTD_P,20240718T131932,449.98
CTD_PTS,20240718T131934,449.78,12.8625,35.7772
O2,20240718T131937,1.80776,0.54763,12.86417,59.64640,61.01240,69.00304,7.99064,1203.98596,792.89142,453.67160
FLBB,20240718T131941,57,120,553
CTD_P,20240718T131942,449.06
CTD_P,20240718T132339,428.72
CTD_P,20240718T132841,403.70
CTD_P,20240718T132928,399.92
CTD_PTS,20240718T132930,399.75,13.4331,35.8465
O2,20240718T132933,1.73248,0.53152,13.43248,59.61805,60.98405,68.98067,7.99662,1201.87097,788.13788,435.52469
FLBB,20240718T132937,57,125,552
CTD_P,20240718T132938,399.13
CTD_P,20240718T133343,380.31
CTD_P,20240718T133845,357.86
CTD_P,20240718T134033,349.69
CTD_PTS,20240718T134035,349.51,13.9429,35.8867
O2,20240718T134038,1.69529,0.52598,13.94006,59.58615,60.95216,68.95851,8.00636,1200.13306,783.97400,419.26630
FLBB,20240718T134042,56,134,551
CTD_P,20240718T134043,348.92
CTD_P,20240718T134347,334.96
CTD_P,20240718T134425,331.90
CTD_P,20240718T134527,326.05
CTD_P,20240718T135006,301.01
CTD_P,20240718T135020,299.84
CTD_PTS,20240718T135022,299.65,14.6024,35.9391
O2,20240718T135025,1.66452,0.52391,14.59648,59.54107,60.90707,68.93309,8.02602,1197.52795,778.60883,398.17520
FLBB,20240718T135029,57,149,550
CTD_P,20240718T135030,299.00
CTD_P,20240718T135532,276.17
CTD_P,20240718T140034,254.98
CTD_P,20240718T140147,249.59
CTD_PTS,20240718T140149,249.47,15.9692,36.1179
O2,20240718T140152,1.55067,0.50266,15.96372,59.46041,60.82642,68.87016,8.04375,1190.60706,766.23700,354.04120
FLBB,20240718T140156,56,287,549
CTD_P,20240718T140157,248.84
CTD_P,20240718T140537,233.73
CTD_P,20240718T140617,231.00
CTD_P,20240718T140719,226.11
CTD_P,20240718T140759,222.94
CTD_P,20240718T140901,217.23
CTD_P,20240718T141211,201.21
CTD_P,20240718T141229,199.76
CTD_PTS,20240718T141231,199.57,17.4671,36.1045
O2,20240718T141234,1.49052,0.49847,17.44808,59.35843,60.72443,68.79083,8.06640,1182.51697,752.54089,305.88431
FLBB,20240718T141237,56,132,547
CTD_P,20240718T141239,198.96
CTD_P,20240718T141403,192.04
CTD_P,20240718T141905,174.32
CTD_P,20240718T142407,162.89
CTD_P,20240718T142909,156.56
CTD_P,20240718T142947,155.77
CTD_P,20240718T143049,152.77
CTD_P,20240718T143129,150.23
CTD_P,20240718T143133,149.93
CTD_PTS,20240718T143135,149.79,18.7091,35.8172
O2,20240718T143138,1.41339,0.48492,18.69198,59.28113,60.64713,68.72491,8.07778,1174.03699,738.02869,265.40320
FLBB,20240718T143141,53,118,544
CTD_P,20240718T143143,149.17
CTD_P,20240718T143231,145.27
CTD_P,20240718T143311,141.86
CTD_P,20240718T143413,136.19
CTD_P,20240718T143915,115.60
CTD_P,20240718T144307,103.44
CTD_P,20240718T144415,100.65
CTD_P,20240718T144433,99.81
CTD_PTS,20240718T144435,99.71,22.6829,36.1535
O2,20240718T144524,69.87253,25.98453,22.78231,44.04334,45.40934,53.53064,8.12130,904.71393,697.39972,132.24260
FLBB,20240718T144527,55,114,539
CTD_P,20240718T144529,97.47
CTD_P,20240718T144825,92.43
NO3,20240718T144835,15.17
CTD_P,20240718T144839,92.18
CTD_P,20240718T144917,91.63
CTD_P,20240718T144955,90.73
CTD_P,20240718T145017,89.69
CTD_PTS,20240718T145019,89.59,23.5878,36.3143
O2,20240718T145108,115.67650,43.82365,23.76113,37.92958,39.29558,47.41907,8.12349,771.92902,687.93909,100.52700
FLBB,20240718T145111,57,117,537
CTD_P,20240718T145113,86.63
CTD_P,20240718T145152,84.23
CTD_P,20240718T145255,79.37
CTD_PTS,20240718T145257,79.22,24.0666,36.3095
O2,20240718T145346,133.96030,51.37142,24.41083,35.88929,37.25529,45.37978,8.12449,724.08801,682.74762,79.53779
FLBB,20240718T145349,69,124,536
CTD_P,20240718T145351,75.06
CTD_P,20240718T145430,72.03
CTD_P,20240718T145500,69.48
CTD_PTS,20240718T145502,69.30,24.6427,36.3483
O2,20240718T145551,157.85890,61.28899,25.07743,33.62710,34.99310,43.12555,8.13245,669.90033,676.82489,58.06367
FLBB,20240718T145554,88,139,536
CTD_P,20240718T145555,64.79
CTD_P,20240718T145655,60.23
CTD_P,20240718T145659,59.96
CTD_PTS,20240718T145701,59.80,25.3866,36.3884
O2,20240718T145750,171.94881,67.19129,25.42774,32.45764,33.82364,41.96140,8.13776,641.38538,671.99371,46.80621
FLBB,20240718T145753,96,149,535
CTD_P,20240718T145754,56.15
CTD_P,20240718T145916,50.90
CTD_P,20240718T145933,49.93
CTD_PTS,20240718T145935,49.83,25.4525,36.2232
O2,20240718T150024,147.60629,57.92747,25.66211,34.19339,35.55939,43.69945,8.14005,682.31097,669.74878,39.28586
FLBB,20240718T150027,132,196,534
CTD_P,20240718T150028,47.00
CTD_P,20240718T150032,46.83
CTD_PTS,20240718T150034,46.72,25.7713,36.2404
O2,20240718T150037,149.24760,58.63772,25.72380,34.03460,35.40060,43.52837,8.12777,678.60022,665.30981,37.30789
FLBB,20240718T150040,140,163,534
CTD_P,20240718T150042,46.41
CTD_P,20240718T150053,46.02
CTD_P,20240718T150057,45.86
CTD_PTS,20240718T150059,45.82,25.9753,36.2724
O2,20240718T150102,151.47670,59.72783,25.92068,33.77486,35.14086,43.28064,8.13978,672.08282,668.46362,31.00027
FLBB,20240718T150105,166,224,534
CTD_P,20240718T150107,45.54
CTD_P,20240718T150117,45.26
CTD_P,20240718T150125,45.05
CTD_P,20240718T150129,45.02
CTD_P,20240718T150133,44.98
CTD_PTS,20240718T150135,44.97,28.7890,36.4589
O2,20240718T150138,197.98720,81.55547,28.35899,29.65375,31.01974,39.15636,8.13661,570.81628,659.94482,-46.48363
FLBB,20240718T150141,144,206,533
CTD_P,20240718T150143,44.96
CTD_P,20240718T150209,45.18
CTD_P,20240718T150249,44.84
CTD_P,20240718T150303,44.80
CTD_P,20240718T150315,44.68
CTD_P,20240718T150327,44.63
CTD_P,20240718T150337,44.57
CTD_P,20240718T150347,44.54
CTD_P,20240718T150357,44.42
CTD_P,20240718T150405,44.33
CTD_P,20240718T150413,44.28
CTD_P,20240718T150417,44.22
CTD_P,20240718T150421,44.14
CTD_P,20240718T150425,44.09
CTD_P,20240718T150429,44.05
CTD_P,20240718T150433,43.98
CTD_PTS,20240718T150435,43.98,28.1584,36.4592
O2,20240718T150438,217.70590,89.34272,28.14683,28.65823,30.02423,38.17062,8.14639,545.11469,646.71393,-39.79324
FLBB,20240718T150441,154,209,533
CTD_P,20240718T150443,43.93
CTD_P,20240718T150451,43.87
CTD_P,20240718T150505,43.66
CTD_P,20240718T150555,43.37
CTD_P,20240718T150631,43.63
CTD_P,20240718T150641,43.64
CTD_P,20240718T150651,43.62
CTD_P,20240718T150701,43.60
CTD_P,20240718T150711,43.47
CTD_P,20240718T150719,43.33
CTD_P,20240718T150727,43.13
CTD_P,20240718T150731,43.02
CTD_P,20240718T150735,42.90
CTD_PTS,20240718T150737,42.86,28.2246,36.4615
O2,20240718T150740,217.73840,89.36261,28.15098,28.65504,30.02103,38.16599,8.14495,545.37543,647.01923,-39.92404
FLBB,20240718T150743,150,195,532
CTD_P,20240718T150745,42.63
CTD_P,20240718T150850,42.12
CTD_P,20240718T150903,42.27
CTD_P,20240718T150930,42.31
CTD_P,20240718T151001,42.33
CTD_P,20240718T151009,42.34
CTD_P,20240718T151017,42.41
CTD_P,20240718T151026,42.34
CTD_P,20240718T151035,42.33
CTD_P,20240718T151044,42.41
CTD_P,20240718T151053,42.41
CTD_P,20240718T151101,42.47
CTD_P,20240718T151109,42.55
CTD_P,20240718T151117,42.63
CTD_P,20240718T151127,42.65
CTD_P,20240718T151131,42.63
CTD_P,20240718T151139,42.52
CTD_P,20240718T151149,42.42
CTD_P,20240718T151158,42.31
CTD_P,20240718T151202,42.22
CTD_P,20240718T151206,42.14
CTD_P,20240718T151210,42.07
CTD_P,20240718T151214,41.98
CTD_PTS,20240718T151216,41.94,28.9051,36.5036
O2,20240718T151219,227.80130,94.71183,28.88731,27.88669,29.25269,37.39830,8.14561,525.72369,641.00092,-63.09721
FLBB,20240718T151222,130,212,531
CTD_P,20240718T151224,41.72
CTD_P,20240718T151233,41.50
CTD_P,20240718T151303,40.67
CTD_PTS,20240718T151305,40.59,28.9259,36.5015
O2,20240718T151307,230.64529,95.92833,28.90758,27.74357,29.10957,37.25716,8.14759,521.92188,639.76550,-63.73312
FLBB,20240718T151311,110,196,531
CTD_P,20240718T151313,40.36
CTD_P,20240718T151317,40.18
CTD_P,20240718T151327,39.91
CTD_PTS,20240718T151329,39.85,28.9607,36.5027
O2,20240718T151332,231.16980,96.19688,28.93752,27.70809,29.07409,37.22050,8.14641,520.98358,639.43420,-64.67264
FLBB,20240718T151335,105,195,531
CTD_P,20240718T151337,39.68
CTD_P,20240718T151401,39.12
CTD_P,20240718T151405,39.04
CTD_P,20240718T151409,38.97
CTD_PTS,20240718T151411,38.91,28.9633,36.5040
O2,20240718T151414,232.21339,96.65716,28.95292,27.65347,29.01947,37.16639,8.14692,519.59369,639.02271,-65.15553
FLBB,20240718T151417,110,204,531
CTD_P,20240718T151419,38.77
CTD_P,20240718T151445,38.21
CTD_P,20240718T151457,37.81
CTD_P,20240718T151501,37.68
CTD_PTS,20240718T151503,37.56,29.0188,36.5055
O2,20240718T151506,233.18941,97.14987,29.00382,27.58973,28.95573,37.10429,8.14856,518.02228,638.65387,-66.75180
FLBB,20240718T151509,100,199,530
CTD_P,20240718T151511,37.21
CTD_P,20240718T151523,36.68
CTD_PTS,20240718T151525,36.59,29.0119,36.5055
O2,20240718T151528,233.65500,97.33947,29.00125,27.56894,28.93494,37.08083,8.14589,517.41492,638.50958,-66.67096
FLBB,20240718T151531,101,196,530
CTD_P,20240718T151533,36.27
CTD_P,20240718T151545,35.72
CTD_PTS,20240718T151547,35.63,28.9986,36.5058
O2,20240718T151550,233.93440,97.44666,28.99585,27.55785,28.92385,37.06878,8.14493,517.17047,638.43842,-66.50190
FLBB,20240718T151553,100,188,530
CTD_P,20240718T151555,35.26
CTD_P,20240718T151608,34.69
CTD_PTS,20240718T151610,34.61,28.9952,36.5083
O2,20240718T151613,233.75121,97.36534,28.99289,27.56742,28.93342,37.07742,8.14400,517.35999,638.44263,-66.40887
FLBB,20240718T151616,99,192,529
CTD_P,20240718T151618,34.18
CTD_P,20240718T151626,33.70
CTD_PTS,20240718T151628,33.59,29.0400,36.5032
O2,20240718T151631,234.08910,97.55669,29.02257,27.54121,28.90721,37.05065,8.14344,516.70502,638.39587,-67.33943
FLBB,20240718T151634,110,212,529
CTD_P,20240718T151636,33.08
CTD_P,20240718T151640,32.79
CTD_P,20240718T151644,32.53
CTD_PTS,20240718T151646,32.38,29.0395,36.4990
O2,20240718T151649,234.61700,97.78490,29.02737,27.51504,28.88104,37.02255,8.14151,515.96637,638.27679,-67.49000
FLBB,20240718T151652,103,210,529
CTD_P,20240718T151654,31.85
CTD_P,20240718T151658,31.55
CTD_PTS,20240718T151700,31.39,29.0344,36.5025
O2,20240718T151703,234.77840,97.85816,29.03087,27.50634,28.87234,37.01261,8.14027,515.80981,638.06519,-67.59975
FLBB,20240718T151706,99,200,529
CTD_P,20240718T151708,30.80
CTD_P,20240718T151712,30.50
CTD_PTS,20240718T151714,30.35,29.0374,36.5023
O2,20240718T151717,234.84160,97.88132,29.02903,27.50406,28.87006,37.01036,8.14030,515.71362,638.10468,-67.54203
FLBB,20240718T151720,100,211,528
CTD_P,20240718T151722,29.66
CTD_P,20240718T151726,29.36
CTD_PTS,20240718T151728,29.22,29.0367,36.5025
O2,20240718T151731,234.90250,97.91433,29.03348,27.49968,28.86568,37.00495,8.13927,515.53430,638.06750,-67.68158
FLBB,20240718T151734,99,213,528
CTD_P,20240718T151736,28.64
CTD_P,20240718T151739,28.36
CTD_PTS,20240718T151741,28.21,29.0432,36.5028
O2,20240718T151743,235.05020,97.98020,29.03598,27.49197,28.85797,36.99594,8.13797,515.40552,637.95148,-67.75986
FLBB,20240718T151747,146,226,528
CTD_P,20240718T151749,27.57
CTD_P,20240718T151751,27.40
CTD_PTS,20240718T151753,27.19,29.0428,36.5024
O2,20240718T151755,235.20650,98.04577,29.03623,27.48467,28.85067,36.97985,8.12918,515.35468,634.12341,-67.76773
FLBB,20240718T151759,98,206,528
CTD_P,20240718T151801,26.52
CTD_P,20240718T151803,26.35
CTD_PTS,20240718T151805,26.11,29.0411,36.5035
O2,20240718T151807,235.25940,98.06786,29.03626,27.48222,28.84822,36.97663,8.12841,515.24182,633.92828,-67.76871
FLBB,20240718T151811,112,208,527
CTD_P,20240718T151813,25.48
CTD_P,20240718T151815,25.26
CTD_PTS,20240718T151817,25.08,29.0382,36.5010
O2,20240718T151820,235.15269,98.01768,29.03294,27.48832,28.85432,36.99107,8.13675,515.23163,637.79138,-67.66457
FLBB,20240718T151823,101,388,528
CTD_P,20240718T151825,24.33
CTD_P,20240718T151827,24.11
CTD_P,20240718T151831,23.74
CTD_PTS,20240718T151833,23.52,29.0366,36.5015
O2,20240718T151836,235.19780,98.03659,29.03300,27.48621,28.85221,36.98895,8.13674,515.07819,638.07812,-67.66653
FLBB,20240718T151839,99,205,528
CTD_P,20240718T151841,22.70
CTD_P,20240718T151845,22.31
CTD_PTS,20240718T151847,22.15,29.0343,36.5005
O2,20240718T151850,235.34210,98.09395,29.03136,27.48014,28.84614,36.98367,8.13753,515.03168,638.03271,-67.61500
FLBB,20240718T151853,98,196,527
CTD_P,20240718T151855,21.34
CTD_P,20240718T151859,21.01
CTD_PTS,20240718T151901,20.75,29.0283,36.4968
O2,20240718T151904,235.50150,98.15256,29.02680,27.47440,28.84040,36.96976,8.12936,514.96448,634.29718,-67.47200
FLBB,20240718T151907,101,200,527
CTD_P,20240718T151909,19.90
CTD_P,20240718T151913,19.41
CTD_PTS,20240718T151915,19.20,29.0391,36.5007
O2,20240718T151918,235.57910,98.19499,29.03268,27.46876,28.83475,36.96124,8.12648,514.84918,634.21179,-67.65640
FLBB,20240718T151921,96,196,528
CTD_P,20240718T151923,18.28
CTD_P,20240718T151927,17.85
CTD_PTS,20240718T151929,17.63,29.0313,36.4959
O2,20240718T151932,235.46260,98.13931,29.02855,27.47558,28.84158,36.97684,8.13527,514.87140,638.02832,-67.52688
FLBB,20240718T151935,102,210,527
CTD_P,20240718T151937,16.69
CTD_P,20240718T151941,16.24
CTD_PTS,20240718T151943,16.02,29.0302,36.4977
O2,20240718T151946,235.66389,98.22206,29.02786,27.46655,28.83255,36.95842,8.12587,514.76379,634.37079,-67.50524
FLBB,20240718T151949,108,207,527
CTD_P,20240718T151951,15.11
CTD_P,20240718T151955,14.57
CTD_PTS,20240718T151957,14.31,29.0302,36.4970
O2,20240718T152000,235.79680,98.27813,29.02827,27.46029,28.82629,36.95230,8.12601,514.61432,634.26392,-67.51823
FLBB,20240718T152003,97,200,527
CTD_P,20240718T152005,13.34
CTD_P,20240718T152009,12.85
CTD_PTS,20240718T152011,12.63,29.0386,36.5013
O2,20240718T152014,235.76781,98.27213,29.03181,27.46038,28.82638,36.95222,8.12584,514.50562,634.27161,-67.62917
FLBB,20240718T152017,99,204,527
CTD_P,20240718T152019,11.66
CTD_P,20240718T152023,11.25
CTD_PTS,20240718T152025,11.00,29.0321,36.5013
O2,20240718T152028,235.87241,98.31145,29.02929,27.45646,28.82246,36.94776,8.12531,514.48749,634.31018,-67.55019
FLBB,20240718T152031,96,199,527
CTD_P,20240718T152033,10.08
CTD_P,20240718T152037,9.54
CTD_PTS,20240718T152039,9.29,29.0353,36.5041
O2,20240718T152042,235.69991,98.24387,29.03184,27.46349,28.82949,36.96243,8.13294,514.41199,638.14899,-67.63015
FLBB,20240718T152045,96,207,527
CTD_P,20240718T152047,8.37
CTD_P,20240718T152051,7.84
CTD_PTS,20240718T152053,7.60,29.0338,36.5003
O2,20240718T152056,235.72211,98.24915,29.02952,27.46329,28.82928,36.96243,8.13315,514.37061,638.33002,-67.55727
FLBB,20240718T152059,98,194,527
CTD_P,20240718T152101,6.76
CTD_P,20240718T152105,6.25
CTD_PTS,20240718T152107,6.03,29.0316,36.4995
O2,20240718T152110,235.86720,98.30714,29.02807,27.45713,28.82313,36.95718,8.13406,514.27808,638.40973,-67.51193
FLBB,20240718T152113,99,202,527
CTD_P,20240718T152115,5.13
CTD_P,20240718T152119,4.68
CTD_P,20240718T152128,3.83
Message,20240718T152132,CP Stopped
CTD_P,20240718T152142,2.63
Message,20240718T152144,Surface Mission
CTD_P,20240718T152147,2.18
CTD_P,20240718T152149,2.11
O2,20240718T152152,236.11330,98.40138,29.02322,27.44753,28.81353,36.95024,8.13671,514.00458,638.72211,-67.35989
CTD_P,20240718T152153,1.84
O2,20240718T152207,236.19991,98.43638,29.02260,27.44378,28.80978,36.94538,8.13560,513.94922,638.70020,-67.34042
CTD_P,20240718T152209,1.05
O2,20240718T152222,236.33820,98.49641,29.02397,27.43695,28.80295,36.92659,8.12364,513.87561,634.91809,-67.38349
CTD_P,20240718T152223,0.16
O2,20240718T152237,236.78700,98.60016,28.97569,27.43341,28.79941,36.92237,8.12296,513.82550,634.95471,-65.86962
CTD_P,20240718T152238,-0.08
O2,20240718T152253,236.34109,98.47799,29.01257,27.44083,28.80683,36.94023,8.13340,513.84149,638.81848,-67.02599
CTD_P,20240718T152254,0.10
O2,20240718T152307,236.27780,98.46420,29.01987,27.44116,28.80716,36.94059,8.13343,513.74518,638.95868,-67.25495
CTD_P,20240718T152308,-0.02
O2,20240718T152322,236.47929,98.54522,29.01817,27.43252,28.79852,36.92167,8.12315,513.71472,635.17987,-67.20155
CTD_P,20240718T152324,-0.03
O2,20240718T152337,236.35201,98.49371,29.01907,27.43804,28.80404,36.93703,8.13300,513.74707,638.97192,-67.22987
CTD_P,20240718T152338,0.03
O2,20240718T152352,236.39529,98.50594,29.01567,27.43725,28.80325,36.93555,8.13229,513.72223,639.12012,-67.12326
CTD_P,20240718T152353,-0.11
O2,20240718T152408,236.43570,98.51897,29.01347,27.43618,28.80218,36.93340,8.13122,513.72778,639.24463,-67.05432
CTD_P,20240718T152409,0.31
CTD_P,20240718T152740,-0.30
O2,20240718T152743,240.69971,98.87295,28.20062,27.53052,28.89652,37.03674,8.14022,516.25562,642.13458,-41.49032
CTD_P,20240718T152745,-0.17
O2,20240718T152758,238.34230,98.43589,28.50752,27.52815,28.89415,37.01991,8.12576,516.36182,639.00281,-51.16114
CTD_P,20240718T152759,-0.08
O2,20240718T152813,238.97090,98.88576,28.61699,27.46068,28.82668,36.95095,8.12427,514.59418,639.20972,-54.60528
CTD_P,20240718T152815,-0.27
O2,20240718T152828,236.24989,97.78899,28.63401,27.57907,28.94507,37.07840,8.13333,517.52509,643.73602,-55.14029
CTD_P,20240718T152829,-0.32
O2,20240718T152843,234.93730,97.58887,28.83477,27.56839,28.93439,37.06882,8.13443,517.41913,644.47711,-61.44811
CTD_P,20240718T152844,-0.32
O2,20240718T152859,236.41161,98.04388,28.74330,27.53281,28.89881,37.02272,8.12391,516.50342,640.22467,-58.57547
CTD_P,20240718T152900,-0.35
O2,20240718T152913,239.45270,98.59117,28.33316,27.53971,28.90571,37.02718,8.12147,516.66089,640.04401,-45.66970
CTD_P,20240718T152914,-0.12
O2,20240718T152928,239.69769,98.67026,28.32066,27.53305,28.89905,37.01848,8.11943,516.44720,639.76477,-45.27562
CTD_P,20240718T152930,-0.32
O2,20240718T152943,239.40930,99.13766,28.65751,27.42647,28.79247,36.92332,8.13086,513.74683,644.18060,-55.87937
CTD_P,20240718T152944,-0.20
O2,20240718T152958,241.95180,99.16110,28.07180,27.52014,28.88614,37.00701,8.12087,516.28088,640.21851,-37.42453
CTD_P,20240718T153000,-0.30
CTD_P,20240718T153001,-0.33
CTD_P,20240718T153027,-0.32
CTD_bins,20240718T153424,26017,1000,1998.580
CTD_CP_H,20240718T153443,4.15,29.0305,36.5004,16,-1.002602,8
CTD_CP_H,20240718T153443,5.97,29.0309,36.4998,18,-1.002629,9
CTD_CP_H,20240718T153443,7.97,29.0334,36.5017,17,-1.002673,9
CTD_CP_H,20240718T153443,10.03,29.0343,36.5020,17,-1.002654,8
CTD_CP_H,20240718T153443,12.03,29.0346,36.5016,17,-1.002649,9
CTD_CP_H,20240718T153443,13.96,29.0316,36.4971,15,-1.002660,7
CTD_CP_H,20240718T153443,15.95,29.0307,36.4975,18,-1.002662,9
CTD_CP_H,20240718T153443,18.01,29.0331,36.5001,18,-1.002705,9
CTD_CP_H,20240718T153443,19.99,29.0326,36.4994,17,-1.002699,9
CTD_CP_H,20240718T153443,21.93,29.0335,36.4991,21,-1.002753,10
CTD_CP_H,20240718T153444,24.03,29.0360,36.5017,21,-1.002729,11
CTD_CP_H,20240718T153444,26.02,29.0388,36.5031,22,-1.002745,11
CTD_CP_H,20240718T153444,28.04,29.0410,36.5037,25,-1.002766,12
CTD_CP_H,20240718T153444,30.01,29.0370,36.5024,25,-1.002792,13
CTD_CP_H,20240718T153444,32.00,29.0359,36.5027,28,-1.002780,14
CTD_CP_H,20240718T153444,34.06,29.0106,36.5052,36,-1.002851,18
CTD_CP_H,20240718T153444,35.99,29.0015,36.5063,45,-1.002869,22
CTD_CP_H,20240718T153444,38.18,28.9873,36.5051,70,-1.002934,35
CTD_CP_H,20240718T153444,39.92,28.9462,36.5036,75,-1.003060,38
CTD_CP_H,20240718T153444,42.24,28.6003,36.4854,320,-1.003915,160
CTD_CP_H,20240718T153444,44.03,28.0540,36.4526,324,-1.005230,162
CTD_CP_H,20240718T153444,45.57,27.3893,36.3873,99,-1.007719,49
CTD_CP_H,20240718T153444,47.96,25.6579,36.2438,39,-1.012918,20
CTD_CP_H,20240718T153444,50.00,25.4711,36.2378,35,-1.013415,17
CTD_CP_H,20240718T153445,52.01,25.4233,36.3099,33,-1.012264,17
CTD_CP_H,20240718T153445,53.96,25.4442,36.3743,30,-1.011211,15
CTD_CP_H,20240718T153445,55.99,25.4506,36.3875,30,-1.011076,15
CTD_CP_H,20240718T153445,57.97,25.4415,36.3872,29,-1.011088,14
CTD_CP_H,20240718T153445,59.99,25.3615,36.3932,28,-1.011288,14
CTD_CP_H,20240718T153445,62.01,25.2337,36.4098,26,-1.011700,13
CTD_CP_H,20240718T153445,64.02,25.1857,36.4143,26,-1.011684,13
CTD_CP_H,20240718T153445,66.00,25.1036,36.4243,25,-1.012284,13
CTD_CP_H,20240718T153445,68.00,24.8085,36.3770,22,-1.013633,11
CTD_CP_H,20240718T153445,70.00,24.6360,36.3488,23,-1.014098,11
CTD_CP_H,20240718T153445,72.00,24.6206,36.3724,24,-1.013692,12
CTD_CP_H,20240718T153445,74.00,24.5304,36.3678,27,-1.014092,14
CTD_CP_H,20240718T153445,75.99,24.3973,36.3628,26,-1.014732,13
CTD_CP_H,20240718T153446,77.99,24.1398,36.3141,26,-1.016013,13
CTD_CP_H,20240718T153446,79.99,24.1425,36.3487,25,-1.015457,12
CTD_CP_H,20240718T153446,82.01,24.1206,36.3782,27,-1.015380,14
CTD_CP_H,20240718T153446,84.07,23.9723,36.3696,27,-1.016024,13
CTD_CP_H,20240718T153446,86.02,23.8712,36.3559,34,-1.016626,17
CTD_CP_H,20240718T153446,87.99,23.7071,36.3319,36,-1.017287,18
CTD_CP_H,20240718T153446,90.06,23.5602,36.3093,43,-1.018034,22
CTD_CP_H,20240718T153446,92.02,23.4725,36.2923,112,-1.018639,56
CTD_CP_H,20240718T153446,93.92,23.3344,36.2610,79,-1.019466,39
CTD_CP_H,20240718T153446,95.96,23.0360,36.1996,56,-1.020998,28
CTD_CP_H,20240718T153446,97.99,22.8076,36.1626,49,-1.022118,25
CTD_CP_H,20240718T153446,100.01,22.6790,36.1532,45,-1.022656,22
CTD_CP_H,20240718T153446,102.01,22.6714,36.1622,49,-1.022721,25
CTD_CP_H,20240718T153446,103.99,22.7130,36.1833,45,-1.022658,22
CTD_CP_H,20240718T153447,106.01,22.6232,36.1851,38,-1.023085,19
CTD_CP_H,20240718T153447,107.98,22.3612,36.1625,36,-1.024772,18
CTD_CP_H,20240718T153447,110.01,22.0055,36.1027,35,-1.026248,18
CTD_CP_H,20240718T153447,112.04,21.7438,36.0536,38,-1.027264,19
CTD_CP_H,20240718T153447,114.03,21.6042,36.0236,39,-1.027968,19
CTD_CP_H,20240718T153447,115.98,21.4611,35.9973,37,-1.028523,19
CTD_CP_H,20240718T153447,117.99,20.9653,35.9391,34,-1.030098,17
CTD_CP_H,20240718T153447,119.99,20.7288,35.9167,34,-1.030777,17
CTD_CP_H,20240718T153447,122.01,20.7098,35.9510,31,-1.030656,15
CTD_CP_H,20240718T153447,123.98,20.8694,36.0427,30,-1.030082,15
CTD_CP_H,20240718T153447,126.00,20.8845,36.0992,31,-1.030090,16
CTD_CP_H,20240718T153447,128.01,20.6127,36.0686,28,-1.031005,14
CTD_CP_H,20240718T153447,130.00,20.3414,36.0252,27,-1.031691,13
CTD_CP_H,20240718T153448,132.00,20.0025,35.9941,24,-1.032335,12
CTD_CP_H,20240718T153448,133.99,19.8235,35.9726,24,-1.032535,12
CTD_CP_H,20240718T153448,136.02,19.6628,35.9481,23,-1.032765,12
CTD_CP_H,20240718T153448,138.03,19.4791,35.9232,22,-1.033035,11
CTD_CP_H,20240718T153448,140.04,19.3026,35.9032,22,-1.033234,11
CTD_CP_H,20240718T153448,142.04,19.1292,35.8819,21,-1.033427,10
CTD_CP_H,20240718T153448,144.00,18.9857,35.8612,24,-1.033579,12
CTD_CP_H,20240718T153448,145.99,18.8853,35.8421,25,-1.033656,13
CTD_CP_H,20240718T153448,147.99,18.8168,35.8320,24,-1.033710,12
CTD_CP_H,20240718T153448,150.00,18.7005,35.8175,27,-1.033859,13
CTD_CP_H,20240718T153448,152.04,18.5983,35.7971,34,-1.033957,17
CTD_CP_H,20240718T153448,154.03,18.5671,35.7961,39,-1.033992,20
CTD_CP_H,20240718T153448,156.29,18.5695,35.8048,93,-1.034033,46
CTD_CP_H,20240718T153448,157.94,18.5204,35.8023,125,-1.034141,63
CTD_CP_H,20240718T153449,159.97,18.4715,35.8022,83,-1.034256,41
CTD_CP_H,20240718T153449,161.99,18.4755,35.8164,61,-1.034323,31
CTD_CP_H,20240718T153449,164.01,18.4255,35.8209,56,-1.034422,28
CTD_CP_H,20240718T153449,166.01,18.4030,35.8305,54,-1.034431,27
CTD_CP_H,20240718T153449,168.02,18.4011,35.8424,52,-1.034473,26
CTD_CP_H,20240718T153449,170.02,18.4046,35.8675,51,-1.034443,25
CTD_CP_H,20240718T153449,171.99,18.3896,35.8836,53,-1.034465,27
CTD_CP_H,20240718T153449,173.98,18.3887,35.9062,49,-1.034445,24
CTD_CP_H,20240718T153449,175.99,18.4289,35.9527,47,-1.034395,24
CTD_CP_H,20240718T153449,178.00,18.4471,35.9847,43,-1.034391,21
CTD_CP_H,20240718T153449,179.98,18.3988,35.9921,38,-1.034451,19
CTD_CP_H,20240718T153449,181.97,18.3068,36.0187,34,-1.034520,17
CTD_CP_H,20240718T153449,183.95,18.2342,36.0426,31,-1.034637,16
CTD_CP_H,20240718T153450,185.99,18.0989,36.0647,29,-1.034790,14
CTD_CP_H,20240718T153450,188.01,17.9710,36.0769,26,-1.034937,13
CTD_CP_H,20240718T153450,190.01,17.8204,36.0793,25,-1.035097,13
CTD_CP_H,20240718T153450,191.99,17.7341,36.0848,24,-1.035201,12
CTD_CP_H,20240718T153450,194.02,17.6111,36.0975,25,-1.035275,12
CTD_CP_H,20240718T153450,196.01,17.5663,36.1052,23,-1.035315,12
CTD_CP_H,20240718T153450,197.98,17.5347,36.1042,25,-1.035341,12
CTD_CP_H,20240718T153450,199.99,17.4515,36.1029,25,-1.035425,13
CTD_CP_H,20240718T153450,202.03,17.3635,36.1002,25,-1.035500,12
CTD_CP_H,20240718T153450,204.00,17.2530,36.0924,24,-1.035632,12
CTD_CP_H,20240718T153450,205.96,17.1309,36.0788,24,-1.035797,12
CTD_CP_H,20240718T153450,207.97,17.0289,36.0656,24,-1.035933,12
CTD_CP_H,20240718T153450,209.96,16.9435,36.0566,23,-1.036078,12
CTD_CP_H,20240718T153451,211.97,16.8291,36.0516,24,-1.036110,12
CTD_CP_H,20240718T153451,214.00,16.9524,36.1068,23,-1.035791,11
CTD_CP_H,20240718T153451,216.00,16.9130,36.1073,23,-1.035823,12
CTD_CP_H,20240718T153451,217.99,16.8899,36.1058,22,-1.035825,11
CTD_CP_H,20240718T153451,219.99,16.9712,36.1712,21,-1.035578,10
CTD_CP_H,20240718T153451,221.98,16.9852,36.1935,22,-1.035579,11
CTD_CP_H,20240718T153451,224.02,16.9337,36.1882,25,-1.035625,13
CTD_CP_H,20240718T153451,226.02,16.9166,36.1953,26,-1.035691,13
CTD_CP_H,20240718T153451,228.01,16.8481,36.2041,25,-1.035726,12
CTD_CP_H,20240718T153451,230.00,16.8046,36.2246,25,-1.035680,13
CTD_CP_H,20240718T153451,232.03,16.7649,36.2265,29,-1.035709,14
CTD_CP_H,20240718T153451,234.00,16.7044,36.2216,32,-1.035792,16
CTD_CP_H,20240718T153451,235.99,16.5871,36.2051,30,-1.035931,15
CTD_CP_H,20240718T153451,237.97,16.4785,36.1831,30,-1.036064,15
CTD_CP_H,20240718T153452,239.98,16.3943,36.1703,30,-1.036158,15
CTD_CP_H,20240718T153452,242.01,16.3476,36.1664,29,-1.036165,15
CTD_CP_H,20240718T153452,244.03,16.2254,36.1493,28,-1.036329,14
CTD_CP_H,20240718T153452,246.04,16.0835,36.1291,28,-1.036463,14
CTD_CP_H,20240718T153452,248.00,16.0124,36.1190,26,-1.036518,13
CTD_CP_H,20240718T153452,249.97,15.9637,36.1179,27,-1.036587,13
CTD_CP_H,20240718T153452,252.00,15.9179,36.1146,28,-1.036628,14
CTD_CP_H,20240718T153452,254.03,15.8519,36.1055,27,-1.036709,14
CTD_CP_H,20240718T153452,256.01,15.7836,36.0926,27,-1.036799,13
CTD_CP_H,20240718T153452,257.98,15.7694,36.0904,28,-1.036847,14
CTD_CP_H,20240718T153452,260.01,15.7047,36.0779,29,-1.036891,15
CTD_CP_H,20240718T153452,262.02,15.6351,36.0657,28,-1.036958,14
CTD_CP_H,20240718T153452,263.99,15.5448,36.0508,28,-1.037059,14
CTD_CP_H,20240718T153453,265.99,15.4635,36.0379,29,-1.037170,14
CTD_CP_H,20240718T153453,268.01,15.4321,36.0319,29,-1.037195,15
CTD_CP_H,20240718T153453,270.01,15.3905,36.0261,29,-1.037231,14
CTD_CP_H,20240718T153453,272.00,15.3603,36.0238,29,-1.037226,15
CTD_CP_H,20240718T153453,274.02,15.3650,36.0358,29,-1.037199,14
CTD_CP_H,20240718T153453,276.01,15.3291,36.0328,28,-1.037223,14
CTD_CP_H,20240718T153453,277.99,15.2180,36.0184,28,-1.037358,14
CTD_CP_H,20240718T153453,279.99,15.1424,36.0103,28,-1.037427,14
CTD_CP_H,20240718T153453,282.01,15.1028,36.0028,28,-1.037466,14
CTD_CP_H,20240718T153453,284.00,15.0671,35.9960,27,-1.037522,14
CTD_CP_H,20240718T153453,285.99,14.9528,35.9715,27,-1.037662,13
CTD_CP_H,20240718T153453,288.00,14.8410,35.9518,27,-1.037768,14
CTD_CP_H,20240718T153453,289.99,14.7853,35.9465,26,-1.037799,13
CTD_CP_H,20240718T153453,292.00,14.7444,35.9465,26,-1.037806,13
CTD_CP_H,20240718T153454,294.00,14.6931,35.9469,24,-1.037837,12
CTD_CP_H,20240718T153454,295.99,14.6595,35.9433,25,-1.037844,12
CTD_CP_H,20240718T153454,298.03,14.6176,35.9407,25,-1.037880,13
CTD_CP_H,20240718T153454,300.00,14.5893,35.9395,23,-1.037880,11
CTD_CP_H,20240718T153454,301.96,14.5540,35.9351,24,-1.037933,12
CTD_CP_H,20240718T153454,303.96,14.5195,35.9320,23,-1.037986,12
CTD_CP_H,20240718T153454,305.99,14.4853,35.9287,24,-1.037979,12
CTD_CP_H,20240718T153454,308.04,14.4643,35.9278,23,-1.037967,11
CTD_CP_H,20240718T153454,310.01,14.4519,35.9273,22,-1.037965,11
CTD_CP_H,20240718T153454,312.00,14.4520,35.9349,23,-1.037928,12
CTD_CP_H,20240718T153454,314.02,14.4476,35.9395,22,-1.037920,11
CTD_CP_H,20240718T153454,316.02,14.4186,35.9368,22,-1.037926,11
CTD_CP_H,20240718T153454,317.98,14.4046,35.9360,21,-1.037932,10
CTD_CP_H,20240718T153455,319.97,14.3828,35.9340,22,-1.037927,11
CTD_CP_H,20240718T153455,321.98,14.3490,35.9300,21,-1.037937,11
CTD_CP_H,20240718T153455,323.96,14.3130,35.9249,21,-1.037952,10
CTD_CP_H,20240718T153455,326.00,14.2505,35.9193,22,-1.037979,11
CTD_CP_H,20240718T153455,328.00,14.2099,35.9167,20,-1.037957,10
CTD_CP_H,20240718T153455,330.00,14.1798,35.9151,22,-1.037980,11
CTD_CP_H,20240718T153455,332.02,14.1601,35.9113,22,-1.037996,11
CTD_CP_H,20240718T153455,334.00,14.1260,35.9062,26,-1.038039,13
CTD_CP_H,20240718T153455,335.99,14.0849,35.9028,27,-1.038037,14
CTD_CP_H,20240718T153455,338.01,14.0678,35.9012,27,-1.038036,13
CTD_CP_H,20240718T153455,340.02,14.0536,35.9000,26,-1.038035,13
CTD_CP_H,20240718T153455,342.00,14.0400,35.8981,26,-1.038036,13
CTD_CP_H,20240718T153455,343.98,14.0130,35.8951,26,-1.038058,13
CTD_CP_H,20240718T153455,346.01,13.9714,35.8903,27,-1.038086,14
CTD_CP_H,20240718T153456,348.03,13.9479,35.8873,26,-1.038096,13
CTD_CP_H,20240718T153456,349.99,13.9389,35.8857,26,-1.038131,13
CTD_CP_H,20240718T153456,352.00,13.9020,35.8804,27,-1.038121,13
CTD_CP_H,20240718T153456,354.00,13.8628,35.8751,26,-1.038126,13
CTD_CP_H,20240718T153456,356.01,13.8634,35.8805,27,-1.038075,14
CTD_CP_H,20240718T153456,358.02,13.8389,35.8797,26,-1.038067,13
CTD_CP_H,20240718T153456,359.99,13.8177,35.8774,26,-1.038062,13
CTD_CP_H,20240718T153456,361.99,13.7919,35.8754,27,-1.038076,13
CTD_CP_H,20240718T153456,364.00,13.7744,35.8738,27,-1.038038,14
CTD_CP_H,20240718T153456,366.01,13.7614,35.8731,27,-1.038015,13
CTD_CP_H,20240718T153456,368.01,13.7319,35.8694,27,-1.038050,14
CTD_CP_H,20240718T153456,370.01,13.6883,35.8629,27,-1.038056,13
CTD_CP_H,20240718T153456,372.01,13.6658,35.8604,27,-1.038048,14
CTD_CP_H,20240718T153457,373.99,13.6385,35.8579,27,-1.038056,13
CTD_CP_H,20240718T153457,375.98,13.6326,35.8575,27,-1.038053,14
CTD_CP_H,20240718T153457,377.98,13.6292,35.8593,27,-1.038028,13
CTD_CP_H,20240718T153457,380.00,13.6221,35.8621,27,-1.038006,14
CTD_CP_H,20240718T153457,381.99,13.5969,35.8619,26,-1.037996,13
CTD_CP_H,20240718T153457,383.99,13.5817,35.8611,27,-1.038008,13
CTD_CP_H,20240718T153457,385.99,13.5658,35.8595,26,-1.038012,13
CTD_CP_H,20240718T153457,387.99,13.5594,35.8596,26,-1.037979,13
CTD_CP_H,20240718T153457,389.99,13.5480,35.8585,26,-1.037979,13
CTD_CP_H,20240718T153457,392.00,13.5140,35.8555,26,-1.037988,13
CTD_CP_H,20240718T153457,394.00,13.4883,35.8532,26,-1.038003,13
CTD_CP_H,20240718T153457,395.98,13.4745,35.8515,25,-1.038003,13
CTD_CP_H,20240718T153457,397.99,13.4550,35.8494,26,-1.038015,13
CTD_CP_H,20240718T153457,400.01,13.4296,35.8471,25,-1.038008,12
CTD_CP_H,20240718T153458,402.00,13.4139,35.8452,25,-1.037992,13
CTD_CP_H,20240718T153458,404.01,13.4065,35.8444,25,-1.038001,12
CTD_CP_H,20240718T153458,406.01,13.3931,35.8443,24,-1.037991,12
CTD_CP_H,20240718T153458,408.02,13.3761,35.8435,25,-1.037978,13
CTD_CP_H,20240718T153458,410.01,13.3521,35.8416,24,-1.037966,12
CTD_CP_H,20240718T153458,411.98,13.3242,35.8370,24,-1.037976,12
CTD_CP_H,20240718T153458,414.00,13.2718,35.8282,25,-1.037990,12
CTD_CP_H,20240718T153458,416.01,13.2367,35.8220,24,-1.038009,12
CTD_CP_H,20240718T153458,418.00,13.2385,35.8261,24,-1.037965,12
CTD_CP_H,20240718T153458,420.00,13.2075,35.8223,24,-1.038023,12
CTD_CP_H,20240718T153458,422.02,13.1331,35.8105,24,-1.038057,12
CTD_CP_H,20240718T153458,424.04,13.0923,35.8031,24,-1.038066,12
CTD_CP_H,20240718T153458,426.01,13.0902,35.8040,23,-1.038047,12
CTD_CP_H,20240718T153459,427.99,13.0784,35.8054,24,-1.038041,12
CTD_CP_H,20240718T153459,430.02,13.0699,35.8066,24,-1.038015,12
CTD_CP_H,20240718T153459,432.02,13.0657,35.8080,23,-1.038014,11
CTD_CP_H,20240718T153459,433.98,13.0629,35.8076,23,-1.038015,12
CTD_CP_H,20240718T153459,436.00,13.0506,35.8059,24,-1.038000,12
CTD_CP_H,20240718T153459,438.03,13.0348,35.8051,23,-1.037982,11
CTD_CP_H,20240718T153459,440.01,13.0137,35.8012,23,-1.038004,12
CTD_CP_H,20240718T153459,441.99,13.0018,35.7990,23,-1.038021,11
CTD_CP_H,20240718T153459,444.01,12.9710,35.7944,24,-1.038054,12
CTD_CP_H,20240718T153459,446.00,12.9280,35.7874,22,-1.038068,11
CTD_CP_H,20240718T153459,447.96,12.9104,35.7843,23,-1.038094,12
CTD_CP_H,20240718T153459,449.97,12.8598,35.7771,23,-1.038150,11
CTD_CP_H,20240718T153459,451.99,12.8367,35.7730,23,-1.038151,12
CTD_CP_H,20240718T153459,453.99,12.8255,35.7713,22,-1.038167,11
CTD_CP_H,20240718T153500,455.97,12.8249,35.7715,22,-1.038138,11
CTD_CP_H,20240718T153500,458.00,12.8412,35.7805,23,-1.038064,11
CTD_CP_H,20240718T153500,460.02,12.8423,35.7812,22,-1.038071,11
CTD_CP_H,20240718T153500,462.01,12.8341,35.7791,22,-1.038060,11
CTD_CP_H,20240718T153500,463.99,12.8121,35.7737,22,-1.038081,11
CTD_CP_H,20240718T153500,465.99,12.7552,35.7689,22,-1.038106,11
CTD_CP_H,20240718T153500,468.01,12.7360,35.7664,22,-1.038103,11
CTD_CP_H,20240718T153500,470.03,12.6878,35.7607,22,-1.038129,11
CTD_CP_H,20240718T153500,472.01,12.6751,35.7584,21,-1.038139,11
CTD_CP_H,20240718T153500,474.00,12.6718,35.7582,22,-1.038164,11
CTD_CP_H,20240718T153500,476.01,12.6595,35.7581,21,-1.038142,10
CTD_CP_H,20240718T153500,478.01,12.6220,35.7523,22,-1.038163,11
CTD_CP_H,20240718T153500,480.01,12.5233,35.7322,21,-1.038225,11
CTD_CP_H,20240718T153501,482.01,12.4936,35.7254,21,-1.038220,10
CTD_CP_H,20240718T153501,483.97,12.5668,35.7474,21,-1.038147,11
CTD_CP_H,20240718T153501,485.97,12.5218,35.7396,22,-1.038183,11
CTD_CP_H,20240718T153501,487.99,12.4912,35.7309,23,-1.038198,11
CTD_CP_H,20240718T153501,490.02,12.3891,35.7125,27,-1.038324,14
CTD_CP_H,20240718T153501,492.01,12.2528,35.6850,28,-1.038413,14
CTD_CP_H,20240718T153501,493.98,12.2148,35.6764,27,-1.038454,13
CTD_CP_H,20240718T153501,495.98,12.1938,35.6720,29,-1.038471,15
CTD_CP_H,20240718T153501,498.02,12.1649,35.6653,28,-1.038491,14
CTD_CP_H,20240718T153501,500.00,12.1409,35.6611,27,-1.038500,13
CTD_CP_H,20240718T153501,501.98,12.1323,35.6624,27,-1.038506,14
CTD_CP_H,20240718T153501,503.99,12.1433,35.6679,28,-1.038483,14
CTD_CP_H,20240718T153501,506.02,12.1055,35.6622,27,-1.038511,13
CTD_CP_H,20240718T153501,508.01,12.0529,35.6532,27,-1.038546,14
CTD_CP_H,20240718T153502,510.00,12.0296,35.6486,27,-1.038566,13
CTD_CP_H,20240718T153502,511.98,12.0004,35.6476,27,-1.038565,14
CTD_CP_H,20240718T153502,513.99,11.9891,35.6470,28,-1.038575,14
CTD_CP_H,20240718T153502,516.00,11.9904,35.6484,27,-1.038562,13
CTD_CP_H,20240718T153502,518.02,12.0049,35.6561,28,-1.038523,14
CTD_CP_H,20240718T153502,519.99,12.0047,35.6574,26,-1.038492,13
CTD_CP_H,20240718T153502,521.98,12.0037,35.6574,28,-1.038500,14
CTD_CP_H,20240718T153502,523.99,12.0022,35.6563,27,-1.038524,14
CTD_CP_H,20240718T153502,525.98,11.9617,35.6489,27,-1.038560,13
CTD_CP_H,20240718T153502,528.00,11.8749,35.6355,27,-1.038632,14
CTD_CP_H,20240718T153502,530.01,11.8525,35.6312,27,-1.038635,13
CTD_CP_H,20240718T153502,531.99,11.8214,35.6271,26,-1.038671,13
CTD_CP_H,20240718T153502,533.99,11.8232,35.6308,27,-1.038666,14
CTD_CP_H,20240718T153503,536.02,11.8135,35.6299,27,-1.038686,13
CTD_CP_H,20240718T153503,538.02,11.7830,35.6253,26,-1.038705,13
CTD_CP_H,20240718T153503,539.99,11.7356,35.6189,26,-1.038723,13
CTD_CP_H,20240718T153503,541.96,11.7397,35.6207,26,-1.038705,13
CTD_CP_H,20240718T153503,543.99,11.7197,35.6176,27,-1.038725,14
CTD_CP_H,20240718T153503,546.03,11.6913,35.6129,26,-1.038743,13
CTD_CP_H,20240718T153503,548.01,11.6650,35.6106,25,-1.038747,12
CTD_CP_H,20240718T153503,550.00,11.6331,35.6058,26,-1.038794,13
CTD_CP_H,20240718T153503,552.00,11.6051,35.6019,25,-1.038820,13
CTD_CP_H,20240718T153503,554.00,11.5857,35.5996,26,-1.038828,13
CTD_CP_H,20240718T153503,556.02,11.5612,35.5974,25,-1.038816,12
CTD_CP_H,20240718T153503,558.00,11.5493,35.5959,25,-1.038837,13
CTD_CP_H,20240718T153503,560.02,11.5390,35.5955,26,-1.038839,13
CTD_CP_H,20240718T153504,562.01,11.5361,35.5971,24,-1.038833,12
CTD_CP_H,20240718T153504,563.98,11.5133,35.5961,25,-1.038831,12
CTD_CP_H,20240718T153504,566.00,11.4966,35.5944,25,-1.038843,13
CTD_CP_H,20240718T153504,567.99,11.4925,35.5934,24,-1.038858,12
CTD_CP_H,20240718T153504,570.00,11.4990,35.5985,25,-1.038828,12
CTD_CP_H,20240718T153504,572.01,11.4657,35.5940,24,-1.038851,12
CTD_CP_H,20240718T153504,574.02,11.4428,35.5919,25,-1.038879,13
CTD_CP_H,20240718T153504,576.03,11.4344,35.5914,24,-1.038906,12
CTD_CP_H,20240718T153504,578.03,11.4161,35.5893,24,-1.038913,12
CTD_CP_H,20240718T153504,580.03,11.3997,35.5880,24,-1.038913,12
CTD_CP_H,20240718T153504,582.01,11.3902,35.5883,23,-1.038925,11
CTD_CP_H,20240718T153504,584.00,11.3741,35.5870,24,-1.038940,12
CTD_CP_H,20240718T153504,586.02,11.3693,35.5862,24,-1.038934,12
CTD_CP_H,20240718T153504,588.00,11.3628,35.5864,24,-1.038907,12
CTD_CP_H,20240718T153505,590.03,11.3360,35.5838,29,-1.038898,15
CTD_CP_H,20240718T153505,592.01,11.3151,35.5813,32,-1.038956,16
CTD_CP_H,20240718T153505,594.00,11.2938,35.5790,32,-1.038993,16
CTD_CP_H,20240718T153505,596.02,11.2817,35.5786,32,-1.038997,16
CTD_CP_H,20240718T153505,598.02,11.2719,35.5785,31,-1.039005,15
CTD_CP_H,20240718T153505,599.99,11.2619,35.5793,30,-1.039014,15
CTD_CP_H,20240718T153505,601.97,11.2497,35.5789,31,-1.039020,16
CTD_CP_H,20240718T153505,604.01,11.2395,35.5778,31,-1.039035,15
CTD_CP_H,20240718T153505,606.00,11.2259,35.5770,29,-1.039010,15
CTD_CP_H,20240718T153505,607.98,11.2030,35.5752,29,-1.039021,14
CTD_CP_H,20240718T153505,609.98,11.1798,35.5738,29,-1.039070,15
CTD_CP_H,20240718T153505,611.99,11.1693,35.5738,28,-1.039061,14
CTD_CP_H,20240718T153505,614.01,11.1671,35.5751,29,-1.039023,14
CTD_CP_H,20240718T153506,616.04,11.1656,35.5779,28,-1.039041,14
CTD_CP_H,20240718T153506,618.00,11.1515,35.5770,27,-1.039051,14
CTD_CP_H,20240718T153506,620.00,11.1884,35.5902,28,-1.038965,14
CTD_CP_H,20240718T153506,622.01,11.1920,35.5936,27,-1.038971,13
CTD_CP_H,20240718T153506,624.02,11.1922,35.5942,28,-1.038975,14
CTD_CP_H,20240718T153506,626.04,11.1653,35.5917,27,-1.038997,14
CTD_CP_H,20240718T153506,628.00,11.1431,35.5894,26,-1.039019,13
CTD_CP_H,20240718T153506,629.97,11.1316,35.5880,27,-1.039033,13
CTD_CP_H,20240718T153506,631.99,11.1090,35.5860,27,-1.039041,14
CTD_CP_H,20240718T153506,633.98,11.0913,35.5855,26,-1.039039,13
CTD_CP_H,20240718T153506,636.00,11.0811,35.5857,27,-1.039048,13
CTD_CP_H,20240718T153506,638.02,11.0679,35.5832,26,-1.039083,13
CTD_CP_H,20240718T153506,639.99,11.0465,35.5807,25,-1.039106,13
CTD_CP_H,20240718T153506,641.97,11.0129,35.5766,26,-1.039132,13
CTD_CP_H,20240718T153507,644.00,11.0041,35.5753,26,-1.039132,13
CTD_CP_H,20240718T153507,646.03,10.9759,35.5724,26,-1.039159,13
CTD_CP_H,20240718T153507,648.03,10.9717,35.5734,25,-1.039168,12
CTD_CP_H,20240718T153507,650.01,10.9730,35.5743,25,-1.039159,13
CTD_CP_H,20240718T153507,651.98,10.9623,35.5733,25,-1.039173,12
CTD_CP_H,20240718T153507,654.00,10.9382,35.5706,25,-1.039209,13
CTD_CP_H,20240718T153507,656.01,10.9124,35.5678,25,-1.039220,12
CTD_CP_H,20240718T153507,658.02,10.8987,35.5671,25,-1.039217,13
CTD_CP_H,20240718T153507,660.00,10.8805,35.5659,24,-1.039220,12
CTD_CP_H,20240718T153507,661.99,10.8858,35.5684,25,-1.039227,12
CTD_CP_H,20240718T153507,664.02,10.8802,35.5683,25,-1.039225,13
CTD_CP_H,20240718T153507,666.03,10.8738,35.5674,24,-1.039249,12
CTD_CP_H,20240718T153507,668.00,10.8432,35.5637,24,-1.039278,12
CTD_CP_H,20240718T153508,669.97,10.8138,35.5587,24,-1.039300,12
CTD_CP_H,20240718T153508,671.99,10.8203,35.5622,25,-1.039303,12
CTD_CP_H,20240718T153508,674.02,10.8093,35.5626,24,-1.039284,12
CTD_CP_H,20240718T153508,676.01,10.8089,35.5627,24,-1.039292,12
CTD_CP_H,20240718T153508,678.01,10.8188,35.5667,24,-1.039264,12
CTD_CP_H,20240718T153508,680.01,10.8256,35.5721,24,-1.039246,12
CTD_CP_H,20240718T153508,682.02,10.8054,35.5692,24,-1.039314,12
CTD_CP_H,20240718T153508,684.00,10.7617,35.5616,23,-1.039353,12
CTD_CP_H,20240718T153508,685.98,10.7203,35.5554,24,-1.039369,12
CTD_CP_H,20240718T153508,688.00,10.7170,35.5557,24,-1.039385,12
CTD_CP_H,20240718T153508,690.02,10.7233,35.5590,24,-1.039357,12
CTD_CP_H,20240718T153508,692.02,10.7409,35.5656,23,-1.039336,11
CTD_CP_H,20240718T153508,694.01,10.7260,35.5636,24,-1.039348,12
CTD_CP_H,20240718T153508,696.01,10.6946,35.5601,23,-1.039363,12
CTD_CP_H,20240718T153509,698.00,10.6717,35.5582,24,-1.039395,12
CTD_CP_H,20240718T153509,700.00,10.6713,35.5592,23,-1.039396,11
CTD_CP_H,20240718T153509,702.00,10.6708,35.5602,24,-1.039400,12
CTD_CP_H,20240718T153509,704.01,10.6619,35.5598,23,-1.039404,12
CTD_CP_H,20240718T153509,706.01,10.6522,35.5582,24,-1.039437,12
CTD_CP_H,20240718T153509,708.03,10.6348,35.5572,23,-1.039452,11
CTD_CP_H,20240718T153509,710.01,10.6141,35.5545,23,-1.039465,12
CTD_CP_H,20240718T153509,711.99,10.6080,35.5549,23,-1.039460,11
CTD_CP_H,20240718T153509,713.99,10.5891,35.5531,23,-1.039474,12
CTD_CP_H,20240718T153509,715.98,10.5724,35.5523,23,-1.039505,11
CTD_CP_H,20240718T153509,717.97,10.5676,35.5520,23,-1.039525,12
CTD_CP_H,20240718T153509,720.00,10.5542,35.5510,24,-1.039536,12
CTD_CP_H,20240718T153509,722.01,10.5331,35.5490,22,-1.039542,11
CTD_CP_H,20240718T153510,723.99,10.5220,35.5477,23,-1.039539,11
CTD_CP_H,20240718T153510,726.01,10.5111,35.5470,23,-1.039539,12
CTD_CP_H,20240718T153510,727.99,10.5026,35.5460,22,-1.039529,11
CTD_CP_H,20240718T153510,729.97,10.4961,35.5456,23,-1.039551,11
CTD_CP_H,20240718T153510,731.98,10.4906,35.5444,23,-1.039550,12
CTD_CP_H,20240718T153510,734.00,10.4844,35.5439,23,-1.039568,11
CTD_CP_H,20240718T153510,736.03,10.4627,35.5428,23,-1.039595,12
CTD_CP_H,20240718T153510,738.04,10.4505,35.5406,22,-1.039634,11
CTD_CP_H,20240718T153510,740.01,10.4384,35.5392,22,-1.039620,11
CTD_CP_H,20240718T153510,742.01,10.4041,35.5348,23,-1.039683,11
CTD_CP_H,20240718T153510,744.03,10.3738,35.5325,22,-1.039719,11
CTD_CP_H,20240718T153510,746.00,10.3668,35.5313,22,-1.039706,11
CTD_CP_H,20240718T153510,747.98,10.3669,35.5304,22,-1.039723,11
CTD_CP_H,20240718T153510,749.96,10.3395,35.5275,22,-1.039760,11
CTD_CP_H,20240718T153511,751.99,10.3046,35.5228,23,-1.039786,12
CTD_CP_H,20240718T153511,754.02,10.2858,35.5207,22,-1.039822,11
CTD_CP_H,20240718T153511,755.99,10.2568,35.5179,22,-1.039866,11
CTD_CP_H,20240718T153511,757.97,10.2156,35.5126,22,-1.039869,11
CTD_CP_H,20240718T153511,759.96,10.1939,35.5096,22,-1.039885,11
CTD_CP_H,20240718T153511,761.96,10.1678,35.5074,22,-1.039888,11
CTD_CP_H,20240718T153511,764.00,10.1416,35.5053,23,-1.039904,11
CTD_CP_H,20240718T153511,766.05,10.1449,35.5081,23,-1.039886,12
CTD_CP_H,20240718T153511,768.05,10.1496,35.5113,25,-1.039876,12
CTD_CP_H,20240718T153511,769.99,10.1593,35.5157,29,-1.039868,15
CTD_CP_H,20240718T153511,772.01,10.1557,35.5149,30,-1.039921,15
CTD_CP_H,20240718T153511,774.01,10.0844,35.5036,28,-1.040007,14
CTD_CP_H,20240718T153511,776.02,10.0669,35.5002,30,-1.039981,15
CTD_CP_H,20240718T153512,778.02,10.0721,35.5021,28,-1.039998,14
CTD_CP_H,20240718T153512,780.00,10.0889,35.5124,29,-1.039962,14
CTD_CP_H,20240718T153512,782.02,10.0803,35.5132,29,-1.039962,15
CTD_CP_H,20240718T153512,784.03,10.0690,35.5113,29,-1.039988,14
CTD_CP_H,20240718T153512,786.02,10.0538,35.5089,28,-1.040009,14
CTD_CP_H,20240718T153512,788.01,10.0258,35.5049,28,-1.040036,14
CTD_CP_H,20240718T153512,790.01,10.0082,35.5030,28,-1.040047,14
CTD_CP_H,20240718T153512,792.00,9.9915,35.5007,28,-1.040075,14
CTD_CP_H,20240718T153512,794.01,9.9798,35.4981,28,-1.040107,14
CTD_CP_H,20240718T153512,796.01,9.9521,35.4949,27,-1.040109,14
CTD_CP_H,20240718T153512,797.98,9.9262,35.4915,27,-1.040133,13
CTD_CP_H,20240718T153512,799.98,9.8945,35.4877,27,-1.040175,14
CTD_CP_H,20240718T153512,801.99,9.8784,35.4854,28,-1.040170,14
CTD_CP_H,20240718T153512,804.02,9.8762,35.4852,27,-1.040197,13
CTD_CP_H,20240718T153513,806.02,9.8541,35.4826,27,-1.040216,14
CTD_CP_H,20240718T153513,808.01,9.8243,35.4790,26,-1.040226,13
CTD_CP_H,20240718T153513,809.99,9.8131,35.4769,27,-1.040262,13
CTD_CP_H,20240718T153513,812.02,9.8037,35.4755,27,-1.040299,14
CTD_CP_H,20240718T153513,814.03,9.7798,35.4731,26,-1.040336,13
CTD_CP_H,20240718T153513,816.02,9.7700,35.4738,26,-1.040340,13
CTD_CP_H,20240718T153513,818.02,9.7431,35.4700,26,-1.040363,13
CTD_CP_H,20240718T153513,820.00,9.7198,35.4666,25,-1.040376,12
CTD_CP_H,20240718T153513,822.00,9.7235,35.4679,26,-1.040400,13
CTD_CP_H,20240718T153513,824.00,9.6961,35.4636,25,-1.040421,13
CTD_CP_H,20240718T153513,826.01,9.6495,35.4568,26,-1.040468,13
CTD_CP_H,20240718T153513,828.04,9.6325,35.4551,25,-1.040514,12
CTD_CP_H,20240718T153513,829.99,9.6334,35.4574,24,-1.040515,12
CTD_CP_H,20240718T153514,831.94,9.6425,35.4613,25,-1.040497,13
CTD_CP_H,20240718T153514,833.95,9.6330,35.4611,25,-1.040514,12
CTD_CP_H,20240718T153514,835.96,9.6258,35.4608,25,-1.040512,13
CTD_CP_H,20240718T153514,837.98,9.6209,35.4594,25,-1.040546,12
CTD_CP_H,20240718T153514,840.00,9.6034,35.4569,25,-1.040556,13
CTD_CP_H,20240718T153514,842.00,9.5805,35.4534,24,-1.040572,12
CTD_CP_H,20240718T153514,843.99,9.5638,35.4522,24,-1.040599,12
CTD_CP_H,20240718T153514,845.98,9.5528,35.4513,24,-1.040597,12
CTD_CP_H,20240718T153514,847.97,9.5464,35.4506,24,-1.040590,12
CTD_CP_H,20240718T153514,849.99,9.5338,35.4487,25,-1.040616,12
CTD_CP_H,20240718T153514,852.01,9.5242,35.4475,24,-1.040634,12
CTD_CP_H,20240718T153514,853.99,9.5000,35.4453,24,-1.040639,12
CTD_CP_H,20240718T153514,855.97,9.4842,35.4435,24,-1.040675,12
CTD_CP_H,20240718T153514,857.99,9.4393,35.4393,24,-1.040710,12
CTD_CP_H,20240718T153515,859.97,9.4117,35.4352,23,-1.040738,12
CTD_CP_H,20240718T153515,861.96,9.3887,35.4320,24,-1.040759,12
CTD_CP_H,20240718T153515,864.00,9.3780,35.4312,24,-1.040768,12
CTD_CP_H,20240718T153515,866.00,9.3667,35.4301,23,-1.040769,11
CTD_CP_H,20240718T153515,867.99,9.3493,35.4275,24,-1.040795,12
CTD_CP_H,20240718T153515,870.01,9.3412,35.4254,24,-1.040822,12
CTD_CP_H,20240718T153515,871.99,9.3088,35.4217,23,-1.040845,12
CTD_CP_H,20240718T153515,873.99,9.2879,35.4192,24,-1.040863,12
CTD_CP_H,20240718T153515,876.01,9.2810,35.4183,24,-1.040847,12
CTD_CP_H,20240718T153515,878.01,9.2763,35.4180,23,-1.040841,11
CTD_CP_H,20240718T153515,880.00,9.2552,35.4154,24,-1.040883,12
CTD_CP_H,20240718T153515,882.01,9.2221,35.4119,23,-1.040910,12
CTD_CP_H,20240718T153515,884.02,9.2055,35.4092,24,-1.040931,12
CTD_CP_H,20240718T153516,886.04,9.1966,35.4074,23,-1.040936,11
CTD_CP_H,20240718T153516,888.02,9.1613,35.4034,23,-1.040974,12
CTD_CP_H,20240718T153516,889.99,9.1342,35.3996,23,-1.040976,11
CTD_CP_H,20240718T153516,892.02,9.1078,35.3959,25,-1.040985,13
CTD_CP_H,20240718T153516,894.08,9.0793,35.3924,28,-1.041013,14
CTD_CP_H,20240718T153516,896.02,9.0619,35.3911,31,-1.041035,15
CTD_CP_H,20240718T153516,897.99,9.0502,35.3894,32,-1.041060,16
CTD_CP_H,20240718T153516,900.01,9.0320,35.3874,32,-1.041079,16
CTD_CP_H,20240718T153516,902.03,9.0060,35.3845,32,-1.041072,16
CTD_CP_H,20240718T153516,904.04,8.9961,35.3832,31,-1.041089,16
CTD_CP_H,20240718T153516,906.03,8.9943,35.3834,32,-1.041126,16
CTD_CP_H,20240718T153516,908.03,8.9917,35.3838,31,-1.041108,15
CTD_CP_H,20240718T153516,910.02,8.9695,35.3816,31,-1.041129,16
CTD_CP_H,20240718T153516,912.00,8.9515,35.3789,30,-1.041145,15
CTD_CP_H,20240718T153517,913.99,8.9464,35.3798,31,-1.041142,15
CTD_CP_H,20240718T153517,915.99,8.9446,35.3813,30,-1.041153,15
CTD_CP_H,20240718T153517,917.97,8.9424,35.3816,30,-1.041188,15
CTD_CP_H,20240718T153517,919.98,8.9163,35.3795,30,-1.041201,15
CTD_CP_H,20240718T153517,922.01,8.8907,35.3765,30,-1.041188,15
CTD_CP_H,20240718T153517,924.04,8.8546,35.3734,29,-1.041218,15
CTD_CP_H,20240718T153517,926.01,8.8330,35.3709,28,-1.041224,14
CTD_CP_H,20240718T153517,927.97,8.8127,35.3689,28,-1.041238,14
CTD_CP_H,20240718T153517,929.98,8.7895,35.3673,28,-1.041263,14
CTD_CP_H,20240718T153517,932.00,8.7762,35.3664,28,-1.041276,14
CTD_CP_H,20240718T153517,934.01,8.7613,35.3652,27,-1.041277,13
CTD_CP_H,20240718T153517,935.99,8.7492,35.3640,27,-1.041285,14
CTD_CP_H,20240718T153517,937.99,8.7360,35.3629,27,-1.041281,13
CTD_CP_H,20240718T153518,940.00,8.7206,35.3614,27,-1.041293,14
CTD_CP_H,20240718T153518,941.99,8.7093,35.3601,26,-1.041274,13
CTD_CP_H,20240718T153518,943.98,8.6892,35.3582,26,-1.041302,13
CTD_CP_H,20240718T153518,946.01,8.6618,35.3553,26,-1.041303,13
CTD_CP_H,20240718T153518,948.02,8.6537,35.3544,26,-1.041324,13
CTD_CP_H,20240718T153518,950.00,8.6414,35.3526,25,-1.041352,12
CTD_CP_H,20240718T153518,951.99,8.6321,35.3514,26,-1.041354,13
CTD_CP_H,20240718T153518,954.00,8.6178,35.3494,25,-1.041387,13
CTD_CP_H,20240718T153518,956.01,8.5956,35.3472,26,-1.041405,13
CTD_CP_H,20240718T153518,958.04,8.5843,35.3456,25,-1.041417,12
CTD_CP_H,20240718T153518,960.04,8.5675,35.3437,25,-1.041395,13
CTD_CP_H,20240718T153518,962.03,8.5391,35.3411,24,-1.041416,12
CTD_CP_H,20240718T153518,963.99,8.5305,35.3401,24,-1.041436,12
CTD_CP_H,20240718T153518,965.96,8.5135,35.3379,24,-1.041440,12
CTD_CP_H,20240718T153519,967.96,8.4968,35.3361,24,-1.041452,12
CTD_CP_H,20240718T153519,969.98,8.4674,35.3337,24,-1.041482,12
CTD_CP_H,20240718T153519,972.01,8.4526,35.3313,24,-1.041475,12
CTD_CP_H,20240718T153519,974.00,8.4228,35.3288,23,-1.041481,11
CTD_CP_H,20240718T153519,975.97,8.3911,35.3254,23,-1.041504,12
CTD_CP_H,20240718T153519,977.99,8.3787,35.3243,24,-1.041484,12
CTD_CP_H,20240718T153519,980.00,8.3706,35.3228,23,-1.041509,11
CTD_CP_H,20240718T153519,981.98,8.3593,35.3221,23,-1.041532,12
CTD_CP_H,20240718T153519,983.98,8.3419,35.3206,23,-1.041531,11
CTD_CP_H,20240718T153519,985.98,8.3269,35.3186,23,-1.041547,12
CTD_CP_H,20240718T153519,987.99,8.3119,35.3174,23,-1.041534,11
CTD_CP_H,20240718T153519,990.01,8.2982,35.3162,23,-1.041541,12
CTD_CP_H,20240718T153519,992.02,8.2900,35.3146,23,-1.041558,11
CTD_CP_H,20240718T153520,994.00,8.2735,35.3135,22,-1.041582,11
CTD_CP_H,20240718T153520,995.98,8.2659,35.3124,23,-1.041598,12
CTD_CP_H,20240718T153520,998.00,8.2489,35.3115,23,-1.041628,11
CTD_CP_H,20240718T153520,999.99,8.2294,35.3097,22,-1.041604,11
CTD_CP_H,20240718T153520,1001.99,8.2178,35.3082,23,-1.041607,12
CTD_CP_H,20240718T153520,1003.99,8.2107,35.3076,22,-1.041628,11
CTD_CP_H,20240718T153520,1005.99,8.2034,35.3078,23,-1.041615,11
CTD_CP_H,20240718T153520,1007.99,8.1904,35.3061,22,-1.041626,11
CTD_CP_H,20240718T153520,1009.99,8.1869,35.3057,23,-1.041627,12
CTD_CP_H,20240718T153520,1012.03,8.1773,35.3050,23,-1.041654,11
CTD_CP_H,20240718T153520,1014.03,8.1592,35.3029,22,-1.041635,11
CTD_CP_H,20240718T153520,1016.02,8.1542,35.3019,23,-1.041659,12
CTD_CP_H,20240718T153520,1018.03,8.1458,35.3012,22,-1.041662,11
CTD_CP_H,20240718T153520,1019.99,8.1345,35.3003,22,-1.041674,11
CTD_CP_H,20240718T153521,1021.98,8.1219,35.2993,22,-1.041706,11
CTD_CP_H,20240718T153521,1023.97,8.1077,35.2985,22,-1.041722,11
CTD_CP_H,20240718T153521,1026.01,8.0962,35.2973,23,-1.041737,11
CTD_CP_H,20240718T153521,1028.04,8.0855,35.2958,22,-1.041721,11
CTD_CP_H,20240718T153521,1030.02,8.0817,35.2951,22,-1.041730,11
CTD_CP_H,20240718T153521,1032.00,8.0666,35.2934,22,-1.041741,11
CTD_CP_H,20240718T153521,1033.99,8.0537,35.2918,22,-1.041765,11
CTD_CP_H,20240718T153521,1035.99,8.0473,35.2916,22,-1.041752,11
CTD_CP_H,20240718T153521,1037.99,8.0426,35.2929,22,-1.041769,11
CTD_CP_H,20240718T153521,1040.00,8.0419,35.2936,22,-1.041757,11
CTD_CP_H,20240718T153521,1042.01,8.0243,35.2908,22,-1.041740,11
CTD_CP_H,20240718T153521,1044.00,8.0098,35.2881,22,-1.041758,11
CTD_CP_H,20240718T153521,1046.01,8.0161,35.2902,22,-1.041769,11
CTD_CP_H,20240718T153522,1048.02,8.0099,35.2905,22,-1.041794,11
CTD_CP_H,20240718T153522,1050.03,8.0034,35.2897,22,-1.041834,11
CTD_CP_H,20240718T153522,1052.03,7.9865,35.2879,22,-1.041831,11
CTD_CP_H,20240718T153522,1054.03,7.9743,35.2863,22,-1.041836,11
CTD_CP_H,20240718T153522,1056.02,7.9487,35.2834,22,-1.041818,11
CTD_CP_H,20240718T153522,1058.01,7.9390,35.2823,22,-1.041838,11
CTD_CP_H,20240718T153522,1060.02,7.9193,35.2800,22,-1.041826,11
CTD_CP_H,20240718T153522,1062.02,7.9040,35.2777,22,-1.041827,11
CTD_CP_H,20240718T153522,1063.99,7.8955,35.2768,21,-1.041829,11
CTD_CP_H,20240718T153522,1065.96,7.8779,35.2746,22,-1.041837,11
CTD_CP_H,20240718T153522,1067.99,7.8587,35.2729,22,-1.041846,11
CTD_CP_H,20240718T153522,1070.01,7.8541,35.2725,22,-1.041882,11
CTD_CP_H,20240718T153522,1072.03,7.8517,35.2719,24,-1.041878,12
CTD_CP_H,20240718T153522,1074.04,7.8496,35.2714,27,-1.041876,13
CTD_CP_H,20240718T153523,1075.98,7.8465,35.2717,29,-1.041906,15
CTD_CP_H,20240718T153523,1077.98,7.8441,35.2713,30,-1.041915,15
CTD_CP_H,20240718T153523,1080.00,7.8278,35.2689,29,-1.041907,14
CTD_CP_H,20240718T153523,1082.01,7.8149,35.2677,29,-1.041919,15
CTD_CP_H,20240718T153523,1084.02,7.8081,35.2676,29,-1.041930,14
CTD_CP_H,20240718T153523,1085.99,7.7958,35.2666,28,-1.041941,14
CTD_CP_H,20240718T153523,1087.99,7.7837,35.2655,30,-1.041939,15
CTD_CP_H,20240718T153523,1090.02,7.7782,35.2650,29,-1.041923,15
CTD_CP_H,20240718T153523,1092.01,7.7670,35.2633,28,-1.041953,14
CTD_CP_H,20240718T153523,1094.01,7.7534,35.2624,29,-1.041949,14
CTD_CP_H,20240718T153523,1096.03,7.7413,35.2613,29,-1.041974,15
CTD_CP_H,20240718T153523,1098.04,7.7285,35.2600,29,-1.041998,14
CTD_CP_H,20240718T153523,1100.02,7.7166,35.2590,28,-1.041979,14
CTD_CP_H,20240718T153524,1102.00,7.7058,35.2574,29,-1.042006,15
CTD_CP_H,20240718T153524,1103.99,7.6895,35.2563,28,-1.041968,14
CTD_CP_H,20240718T153524,1105.99,7.6744,35.2545,29,-1.041986,14
CTD_CP_H,20240718T153524,1108.01,7.6523,35.2525,28,-1.041977,14
CTD_CP_H,20240718T153524,1110.01,7.6358,35.2517,28,-1.041988,14
CTD_CP_H,20240718T153524,1112.01,7.6209,35.2498,28,-1.041998,14
CTD_CP_H,20240718T153524,1113.98,7.6055,35.2482,27,-1.041980,14
CTD_CP_H,20240718T153524,1115.98,7.5866,35.2460,29,-1.041991,14
CTD_CP_H,20240718T153524,1117.99,7.5640,35.2439,27,-1.041999,14
CTD_CP_H,20240718T153524,1119.98,7.5457,35.2420,28,-1.041999,14
CTD_CP_H,20240718T153524,1122.01,7.5278,35.2398,28,-1.042009,14
CTD_CP_H,20240718T153524,1124.01,7.5117,35.2379,27,-1.042032,13
CTD_CP_H,20240718T153524,1126.00,7.5005,35.2362,27,-1.042056,14
CTD_CP_H,20240718T153524,1127.99,7.4853,35.2349,27,-1.042062,13
CTD_CP_H,20240718T153525,1130.00,7.4732,35.2337,27,-1.042047,14
CTD_CP_H,20240718T153525,1131.98,7.4606,35.2323,26,-1.042026,13
CTD_CP_H,20240718T153525,1133.99,7.4522,35.2314,27,-1.042028,13
CTD_CP_H,20240718T153525,1136.02,7.4481,35.2308,26,-1.042077,13
CTD_CP_H,20240718T153525,1138.00,7.4413,35.2305,25,-1.042074,13
CTD_CP_H,20240718T153525,1139.97,7.4356,35.2302,26,-1.042064,13
CTD_CP_H,20240718T153525,1141.99,7.4295,35.2297,26,-1.042070,13
CTD_CP_H,20240718T153525,1144.02,7.4228,35.2288,26,-1.042102,13
CTD_CP_H,20240718T153525,1146.03,7.4126,35.2280,25,-1.042091,12
CTD_CP_H,20240718T153525,1147.99,7.4012,35.2261,25,-1.042054,13
CTD_CP_H,20240718T153525,1150.00,7.3860,35.2246,26,-1.042065,13
CTD_CP_H,20240718T153525,1152.03,7.3746,35.2238,25,-1.042060,12
CTD_CP_H,20240718T153525,1153.98,7.3569,35.2223,24,-1.042071,12
CTD_CP_H,20240718T153526,1155.96,7.3443,35.2209,25,-1.042102,13
CTD_CP_H,20240718T153526,1157.99,7.3373,35.2204,25,-1.042082,12
CTD_CP_H,20240718T153526,1160.01,7.3332,35.2197,25,-1.042113,13
CTD_CP_H,20240718T153526,1162.02,7.3243,35.2186,24,-1.042083,12
CTD_CP_H,20240718T153526,1164.00,7.3107,35.2166,24,-1.042076,12
CTD_CP_H,20240718T153526,1165.99,7.2800,35.2139,24,-1.042111,12
CTD_CP_H,20240718T153526,1168.01,7.2547,35.2113,24,-1.042118,12
CTD_CP_H,20240718T153526,1170.03,7.2453,35.2107,24,-1.042112,12
CTD_CP_H,20240718T153526,1172.00,7.2396,35.2099,22,-1.042122,11
CTD_CP_H,20240718T153526,1173.98,7.2334,35.2091,24,-1.042121,12
CTD_CP_H,20240718T153526,1175.97,7.2277,35.2084,22,-1.042145,11
CTD_CP_H,20240718T153526,1177.95,7.2202,35.2078,24,-1.042137,12
CTD_CP_H,20240718T153526,1179.99,7.2116,35.2066,23,-1.042127,11
CTD_CP_H,20240718T153527,1182.00,7.1955,35.2053,23,-1.042131,12
CTD_CP_H,20240718T153527,1184.00,7.1838,35.2034,22,-1.042135,11
CTD_CP_H,20240718T153527,1186.00,7.1573,35.2011,23,-1.042132,11
CTD_CP_H,20240718T153527,1188.00,7.1500,35.2002,22,-1.042154,11
CTD_CP_H,20240718T153527,1190.00,7.1413,35.1985,23,-1.042158,12
CTD_CP_H,20240718T153527,1192.02,7.1281,35.1974,22,-1.042142,11
CTD_CP_H,20240718T153527,1193.99,7.1216,35.1970,22,-1.042148,11
CTD_CP_H,20240718T153527,1195.99,7.1089,35.1964,22,-1.042151,11
CTD_CP_H,20240718T153527,1197.99,7.1017,35.1958,22,-1.042181,11
CTD_CP_H,20240718T153527,1200.00,7.0902,35.1950,22,-1.042175,11
CTD_CP_H,20240718T153527,1202.00,7.0804,35.1942,21,-1.042197,10
CTD_CP_H,20240718T153527,1203.98,7.0766,35.1936,22,-1.042186,11
CTD_CP_H,20240718T153527,1205.98,7.0730,35.1935,21,-1.042187,11
CTD_CP_H,20240718T153527,1207.99,7.0708,35.1935,22,-1.042186,11
CTD_CP_H,20240718T153528,1209.99,7.0631,35.1926,21,-1.042192,10
CTD_CP_H,20240718T153528,1212.00,7.0526,35.1911,22,-1.042224,11
CTD_CP_H,20240718T153528,1214.01,7.0354,35.1895,21,-1.042227,11
CTD_CP_H,20240718T153528,1216.00,7.0269,35.1887,21,-1.042251,10
CTD_CP_H,20240718T153528,1217.99,7.0143,35.1872,21,-1.042224,11
CTD_CP_H,20240718T153528,1220.01,6.9997,35.1853,21,-1.042205,10
CTD_CP_H,20240718T153528,1222.01,6.9873,35.1833,21,-1.042189,11
CTD_CP_H,20240718T153528,1224.02,6.9662,35.1811,21,-1.042207,10
CTD_CP_H,20240718T153528,1226.03,6.9407,35.1785,21,-1.042176,11
CTD_CP_H,20240718T153528,1227.99,6.9322,35.1772,20,-1.042175,10
CTD_CP_H,20240718T153528,1230.01,6.9130,35.1756,22,-1.042134,11
CTD_CP_H,20240718T153528,1232.02,6.8974,35.1741,20,-1.042140,10
CTD_CP_H,20240718T153528,1233.98,6.8883,35.1733,21,-1.042146,10
CTD_CP_H,20240718T153529,1236.01,6.8849,35.1731,21,-1.042189,11
CTD_CP_H,20240718T153529,1238.00,6.8816,35.1724,20,-1.042187,10
CTD_CP_H,20240718T153529,1239.99,6.8766,35.1717,21,-1.042173,10
CTD_CP_H,20240718T153529,1241.98,6.8679,35.1708,20,-1.042202,10
CTD_CP_H,20240718T153529,1243.98,6.8513,35.1698,21,-1.042196,11
CTD_CP_H,20240718T153529,1245.97,6.8371,35.1685,20,-1.042201,10
CTD_CP_H,20240718T153529,1247.95,6.8294,35.1685,21,-1.042198,10
CTD_CP_H,20240718T153529,1249.98,6.8269,35.1686,21,-1.042234,11
CTD_CP_H,20240718T153529,1252.00,6.8221,35.1686,21,-1.042272,10
CTD_CP_H,20240718T153529,1253.99,6.8150,35.1686,20,-1.042271,10
CTD_CP_H,20240718T153529,1255.97,6.8075,35.1684,21,-1.042301,11
CTD_CP_H,20240718T153529,1258.01,6.8026,35.1674,21,-1.042315,10
CTD_CP_H,20240718T153529,1260.01,6.7955,35.1667,20,-1.042326,10
CTD_CP_H,20240718T153529,1262.01,6.7859,35.1656,21,-1.042299,11
CTD_CP_H,20240718T153530,1264.02,6.7678,35.1642,20,-1.042317,10
CTD_CP_H,20240718T153530,1266.02,6.7544,35.1630,21,-1.042307,10
CTD_CP_H,20240718T153530,1268.05,6.7432,35.1621,21,-1.042319,11
CTD_CP_H,20240718T153530,1270.04,6.7332,35.1612,20,-1.042312,10
CTD_CP_H,20240718T153530,1272.02,6.7241,35.1604,21,-1.042311,10
CTD_CP_H,20240718T153530,1274.01,6.7206,35.1594,20,-1.042322,10
CTD_CP_H,20240718T153530,1275.97,6.7153,35.1589,21,-1.042317,11
CTD_CP_H,20240718T153530,1277.99,6.7035,35.1576,21,-1.042323,10
CTD_CP_H,20240718T153530,1280.01,6.7004,35.1570,21,-1.042325,11
CTD_CP_H,20240718T153530,1282.03,6.6928,35.1563,21,-1.042324,10
CTD_CP_H,20240718T153530,1284.04,6.6742,35.1544,21,-1.042357,11
CTD_CP_H,20240718T153530,1286.02,6.6593,35.1534,20,-1.042350,10
CTD_CP_H,20240718T153530,1288.01,6.6522,35.1522,21,-1.042361,10
CTD_CP_H,20240718T153531,1289.99,6.6473,35.1517,20,-1.042339,10
CTD_CP_H,20240718T153531,1291.98,6.6425,35.1512,21,-1.042354,11
CTD_CP_H,20240718T153531,1294.01,6.6360,35.1504,21,-1.042354,10
CTD_CP_H,20240718T153531,1295.99,6.6243,35.1495,20,-1.042382,10
CTD_CP_H,20240718T153531,1297.98,6.6102,35.1482,21,-1.042353,11
CTD_CP_H,20240718T153531,1300.01,6.5998,35.1475,21,-1.042371,10
CTD_CP_H,20240718T153531,1302.03,6.5864,35.1457,21,-1.042382,11
CTD_CP_H,20240718T153531,1304.05,6.5774,35.1445,21,-1.042367,10
CTD_CP_H,20240718T153531,1306.03,6.5623,35.1428,20,-1.042385,10
CTD_CP_H,20240718T153531,1308.01,6.5407,35.1410,21,-1.042357,11
CTD_CP_H,20240718T153531,1310.00,6.5280,35.1396,20,-1.042373,10
CTD_CP_H,20240718T153531,1311.99,6.5193,35.1388,21,-1.042385,10
CTD_CP_H,20240718T153531,1314.02,6.5042,35.1380,21,-1.042374,11
CTD_CP_H,20240718T153531,1316.01,6.4914,35.1367,20,-1.042391,10
CTD_CP_H,20240718T153532,1317.99,6.4774,35.1358,21,-1.042390,10
CTD_CP_H,20240718T153532,1319.98,6.4676,35.1351,20,-1.042377,10
CTD_CP_H,20240718T153532,1321.96,6.4553,35.1339,21,-1.042363,11
CTD_CP_H,20240718T153532,1324.01,6.4445,35.1328,21,-1.042369,10
CTD_CP_H,20240718T153532,1325.99,6.4365,35.1320,20,-1.042354,10
CTD_CP_H,20240718T153532,1327.98,6.4266,35.1310,21,-1.042345,11
CTD_CP_H,20240718T153532,1330.02,6.4113,35.1295,21,-1.042325,10
CTD_CP_H,20240718T153532,1332.01,6.3982,35.1287,20,-1.042378,10
CTD_CP_H,20240718T153532,1333.99,6.3840,35.1274,21,-1.042354,11
CTD_CP_H,20240718T153532,1335.99,6.3696,35.1263,20,-1.042350,10
CTD_CP_H,20240718T153532,1337.99,6.3575,35.1253,21,-1.042341,10
CTD_CP_H,20240718T153532,1339.99,6.3552,35.1249,20,-1.042351,10
CTD_CP_H,20240718T153532,1341.99,6.3480,35.1239,21,-1.042358,11
CTD_CP_H,20240718T153533,1344.00,6.3402,35.1234,20,-1.042360,10
CTD_CP_H,20240718T153533,1345.99,6.3294,35.1225,21,-1.042346,10
CTD_CP_H,20240718T153533,1348.00,6.3218,35.1217,20,-1.042354,10
CTD_CP_H,20240718T153533,1349.98,6.2987,35.1197,20,-1.042351,10
CTD_CP_H,20240718T153533,1351.99,6.2865,35.1186,21,-1.042358,11
CTD_CP_H,20240718T153533,1354.01,6.2742,35.1176,20,-1.042359,10
CTD_CP_H,20240718T153533,1356.01,6.2688,35.1168,21,-1.042354,10
CTD_CP_H,20240718T153533,1358.03,6.2561,35.1153,20,-1.042335,10
CTD_CP_H,20240718T153533,1359.99,6.2357,35.1136,20,-1.042334,10
CTD_CP_H,20240718T153533,1361.98,6.2160,35.1123,20,-1.042353,10
CTD_CP_H,20240718T153533,1363.97,6.2026,35.1111,20,-1.042361,10
CTD_CP_H,20240718T153533,1366.00,6.1937,35.1102,21,-1.042374,11
CTD_CP_H,20240718T153533,1368.01,6.1726,35.1086,20,-1.042332,10
CTD_CP_H,20240718T153533,1370.00,6.1706,35.1078,20,-1.042348,10
CTD_CP_H,20240718T153534,1372.00,6.1667,35.1070,20,-1.042347,10
CTD_CP_H,20240718T153534,1374.00,6.1446,35.1050,20,-1.042330,10
CTD_CP_H,20240718T153534,1375.97,6.1327,35.1036,20,-1.042358,10
CTD_CP_H,20240718T153534,1377.96,6.1126,35.1020,22,-1.042334,11
CTD_CP_H,20240718T153534,1379.99,6.0898,35.1001,25,-1.042319,12
CTD_CP_H,20240718T153534,1381.99,6.0826,35.0989,24,-1.042354,12
CTD_CP_H,20240718T153534,1384.00,6.0694,35.0975,26,-1.042367,13
CTD_CP_H,20240718T153534,1386.05,6.0445,35.0953,28,-1.042364,14
CTD_CP_H,20240718T153534,1388.04,6.0267,35.0937,33,-1.042348,17
CTD_CP_H,20240718T153534,1389.98,6.0111,35.0925,32,-1.042369,16
CTD_CP_H,20240718T153534,1391.96,5.9999,35.0915,34,-1.042346,17
CTD_CP_H,20240718T153534,1394.01,5.9796,35.0900,33,-1.042318,16
CTD_CP_H,20240718T153534,1396.01,5.9650,35.0883,32,-1.042312,16
CTD_CP_H,20240718T153535,1397.99,5.9467,35.0871,31,-1.042286,16
CTD_CP_H,20240718T153535,1399.99,5.9334,35.0856,32,-1.042302,16
CTD_CP_H,20240718T153535,1402.00,5.9136,35.0833,31,-1.042313,15
CTD_CP_H,20240718T153535,1404.01,5.8946,35.0817,31,-1.042295,16
CTD_CP_H,20240718T153535,1406.00,5.8825,35.0803,30,-1.042282,15
CTD_CP_H,20240718T153535,1407.99,5.8682,35.0789,30,-1.042304,15
CTD_CP_H,20240718T153535,1409.99,5.8615,35.0782,30,-1.042292,15
CTD_CP_H,20240718T153535,1412.00,5.8560,35.0773,30,-1.042294,15
CTD_CP_H,20240718T153535,1414.00,5.8369,35.0758,30,-1.042289,15
CTD_CP_H,20240718T153535,1416.02,5.8188,35.0741,29,-1.042276,14
CTD_CP_H,20240718T153535,1418.00,5.8074,35.0729,28,-1.042270,14
CTD_CP_H,20240718T153535,1420.01,5.7899,35.0713,29,-1.042272,15
CTD_CP_H,20240718T153535,1422.03,5.7664,35.0695,28,-1.042257,14
CTD_CP_H,20240718T153535,1424.03,5.7520,35.0681,28,-1.042261,14
CTD_CP_H,20240718T153536,1426.00,5.7433,35.0673,27,-1.042259,13
CTD_CP_H,20240718T153536,1427.98,5.7267,35.0655,28,-1.042273,14
CTD_CP_H,20240718T153536,1430.00,5.7103,35.0640,27,-1.042240,14
CTD_CP_H,20240718T153536,1432.00,5.6935,35.0626,27,-1.042228,13
CTD_CP_H,20240718T153536,1434.01,5.6804,35.0615,27,-1.042196,14
CTD_CP_H,20240718T153536,1436.01,5.6705,35.0604,26,-1.042202,13
CTD_CP_H,20240718T153536,1438.00,5.6547,35.0591,26,-1.042213,13
CTD_CP_H,20240718T153536,1440.00,5.6436,35.0579,26,-1.042212,13
CTD_CP_H,20240718T153536,1442.01,5.6350,35.0576,26,-1.042210,13
CTD_CP_H,20240718T153536,1444.00,5.6280,35.0568,25,-1.042211,12
CTD_CP_H,20240718T153536,1446.00,5.6197,35.0561,26,-1.042210,13
CTD_CP_H,20240718T153536,1448.02,5.6073,35.0549,25,-1.042214,13
CTD_CP_H,20240718T153536,1450.01,5.5975,35.0542,25,-1.042213,12
CTD_CP_H,20240718T153537,1452.02,5.5912,35.0534,25,-1.042206,13
CTD_CP_H,20240718T153537,1454.00,5.5828,35.0525,24,-1.042222,12
CTD_CP_H,20240718T153537,1456.00,5.5708,35.0518,25,-1.042217,12
CTD_CP_H,20240718T153537,1458.01,5.5627,35.0514,24,-1.042230,12
CTD_CP_H,20240718T153537,1459.97,5.5568,35.0510,24,-1.042246,12
CTD_CP_H,20240718T153537,1461.99,5.5527,35.0503,25,-1.042239,13
CTD_CP_H,20240718T153537,1464.00,5.5459,35.0495,24,-1.042228,12
CTD_CP_H,20240718T153537,1465.98,5.5360,35.0485,24,-1.042245,12
CTD_CP_H,20240718T153537,1467.97,5.5164,35.0471,24,-1.042243,12
CTD_CP_H,20240718T153537,1469.96,5.5014,35.0458,24,-1.042217,12
CTD_CP_H,20240718T153537,1471.99,5.4917,35.0445,24,-1.042203,12
CTD_CP_H,20240718T153537,1473.99,5.4704,35.0424,23,-1.042156,11
CTD_CP_H,20240718T153537,1475.99,5.4546,35.0407,24,-1.042148,12
CTD_CP_H,20240718T153537,1477.98,5.4397,35.0397,23,-1.042132,12
CTD_CP_H,20240718T153538,1479.99,5.4227,35.0380,24,-1.042111,12
CTD_CP_H,20240718T153538,1482.00,5.4062,35.0363,23,-1.042111,11
CTD_CP_H,20240718T153538,1483.97,5.3872,35.0350,23,-1.042090,12
CTD_CP_H,20240718T153538,1486.00,5.3714,35.0334,24,-1.042094,12
CTD_CP_H,20240718T153538,1488.02,5.3606,35.0323,23,-1.042079,11
CTD_CP_H,20240718T153538,1490.01,5.3437,35.0309,23,-1.042070,12
CTD_CP_H,20240718T153538,1492.02,5.3379,35.0304,23,-1.042055,11
CTD_CP_H,20240718T153538,1493.99,5.3315,35.0296,22,-1.042060,11
CTD_CP_H,20240718T153538,1495.97,5.3184,35.0285,23,-1.042065,12
CTD_CP_H,20240718T153538,1498.01,5.3060,35.0277,23,-1.042071,11
CTD_CP_H,20240718T153538,1500.01,5.3008,35.0272,22,-1.042088,11
CTD_CP_H,20240718T153538,1501.96,5.2979,35.0268,22,-1.042073,11
CTD_CP_H,20240718T153538,1503.96,5.2939,35.0263,23,-1.042115,12
CTD_CP_H,20240718T153539,1506.00,5.2786,35.0252,23,-1.042122,11
CTD_CP_H,20240718T153539,1508.03,5.2682,35.0240,23,-1.042112,12
CTD_CP_H,20240718T153539,1510.02,5.2554,35.0231,22,-1.042075,11
CTD_CP_H,20240718T153539,1512.01,5.2428,35.0216,23,-1.042037,11
CTD_CP_H,20240718T153539,1514.01,5.2349,35.0208,22,-1.042041,11
CTD_CP_H,20240718T153539,1516.02,5.2286,35.0198,23,-1.042048,12
CTD_CP_H,20240718T153539,1518.04,5.2094,35.0184,22,-1.042030,11
CTD_CP_H,20240718T153539,1520.01,5.1983,35.0171,22,-1.042011,11
CTD_CP_H,20240718T153539,1521.98,5.1867,35.0159,22,-1.042020,11
CTD_CP_H,20240718T153539,1523.98,5.1595,35.0142,23,-1.041986,11
CTD_CP_H,20240718T153539,1526.00,5.1519,35.0130,22,-1.041992,11
CTD_CP_H,20240718T153539,1527.99,5.1442,35.0125,22,-1.041987,11
CTD_CP_H,20240718T153539,1529.99,5.1365,35.0113,22,-1.042000,11
CTD_CP_H,20240718T153539,1531.99,5.1245,35.0102,22,-1.041984,11
CTD_CP_H,20240718T153540,1533.99,5.1072,35.0087,22,-1.041918,11
CTD_CP_H,20240718T153540,1536.00,5.0975,35.0079,22,-1.041897,11
CTD_CP_H,20240718T153540,1538.02,5.0928,35.0071,22,-1.041902,11
CTD_CP_H,20240718T153540,1540.00,5.0832,35.0061,21,-1.041899,11
CTD_CP_H,20240718T153540,1541.98,5.0674,35.0050,22,-1.041884,11
CTD_CP_H,20240718T153540,1544.00,5.0564,35.0040,22,-1.041875,11
CTD_CP_H,20240718T153540,1546.00,5.0501,35.0033,21,-1.041885,10
CTD_CP_H,20240718T153540,1548.00,5.0395,35.0021,22,-1.041841,11
CTD_CP_H,20240718T153540,1549.99,5.0252,35.0007,21,-1.041824,11
CTD_CP_H,20240718T153540,1551.99,5.0078,34.9995,22,-1.041806,11
CTD_CP_H,20240718T153540,1553.99,4.9897,34.9982,21,-1.041794,10
CTD_CP_H,20240718T153540,1556.01,4.9753,34.9968,22,-1.041791,11
CTD_CP_H,20240718T153540,1558.03,4.9619,34.9957,21,-1.041782,11
CTD_CP_H,20240718T153541,1560.01,4.9495,34.9947,21,-1.041786,10
CTD_CP_H,20240718T153541,1562.04,4.9404,34.9940,22,-1.041767,11
CTD_CP_H,20240718T153541,1564.05,4.9358,34.9932,21,-1.041766,11
CTD_CP_H,20240718T153541,1566.03,4.9286,34.9929,21,-1.041767,10
CTD_CP_H,20240718T153541,1568.02,4.9189,34.9921,21,-1.041782,11
CTD_CP_H,20240718T153541,1570.01,4.9100,34.9912,21,-1.041763,10
CTD_CP_H,20240718T153541,1572.00,4.9005,34.9905,21,-1.041736,11
CTD_CP_H,20240718T153541,1573.99,4.8892,34.9896,21,-1.041713,10
CTD_CP_H,20240718T153541,1576.00,4.8795,34.9886,21,-1.041729,11
CTD_CP_H,20240718T153541,1578.03,4.8759,34.9883,21,-1.041732,10
CTD_CP_H,20240718T153541,1580.03,4.8725,34.9876,21,-1.041739,11
CTD_CP_H,20240718T153541,1581.99,4.8581,34.9865,20,-1.041742,10
CTD_CP_H,20240718T153541,1584.01,4.8473,34.9854,22,-1.041730,11
CTD_CP_H,20240718T153542,1586.03,4.8362,34.9845,20,-1.041708,10
CTD_CP_H,20240718T153542,1587.98,4.8269,34.9836,21,-1.041675,10
CTD_CP_H,20240718T153542,1589.97,4.8203,34.9829,21,-1.041686,11
CTD_CP_H,20240718T153542,1592.01,4.8135,34.9821,23,-1.041676,11
CTD_CP_H,20240718T153542,1594.06,4.7990,34.9809,25,-1.041671,13
CTD_CP_H,20240718T153542,1596.01,4.7892,34.9800,27,-1.041660,13
CTD_CP_H,20240718T153542,1598.01,4.7781,34.9791,27,-1.041663,14
CTD_CP_H,20240718T153542,1600.02,4.7710,34.9783,27,-1.041651,13
CTD_CP_H,20240718T153542,1602.01,4.7657,34.9776,26,-1.041664,13
CTD_CP_H,20240718T153542,1603.99,4.7600,34.9771,27,-1.041655,14
CTD_CP_H,20240718T153542,1606.01,4.7459,34.9760,27,-1.041679,13
CTD_CP_H,20240718T153542,1608.01,4.7365,34.9752,27,-1.041657,14
CTD_CP_H,20240718T153542,1609.99,4.7315,34.9746,26,-1.041656,13
CTD_CP_H,20240718T153542,1611.97,4.7174,34.9732,27,-1.041650,13
CTD_CP_H,20240718T153543,1613.98,4.7027,34.9721,27,-1.041644,14
CTD_CP_H,20240718T153543,1616.00,4.6919,34.9711,27,-1.041623,13
CTD_CP_H,20240718T153543,1618.03,4.6824,34.9701,27,-1.041604,14
CTD_CP_H,20240718T153543,1620.02,4.6738,34.9694,26,-1.041600,13
CTD_CP_H,20240718T153543,1622.01,4.6620,34.9682,27,-1.041584,13
CTD_CP_H,20240718T153543,1624.03,4.6419,34.9666,27,-1.041573,14
CTD_CP_H,20240718T153543,1626.02,4.6217,34.9651,26,-1.041555,13
CTD_CP_H,20240718T153543,1628.00,4.6103,34.9643,27,-1.041545,13
CTD_CP_H,20240718T153543,1630.03,4.6086,34.9639,27,-1.041551,14
CTD_CP_H,20240718T153543,1632.01,4.6074,34.9636,26,-1.041539,13
CTD_CP_H,20240718T153543,1634.00,4.5997,34.9630,27,-1.041543,13
CTD_CP_H,20240718T153543,1635.98,4.5877,34.9622,26,-1.041519,13
CTD_CP_H,20240718T153543,1637.97,4.5823,34.9617,27,-1.041515,14
CTD_CP_H,20240718T153544,1639.99,4.5760,34.9616,27,-1.041541,13
CTD_CP_H,20240718T153544,1642.00,4.5712,34.9615,27,-1.041571,14
CTD_CP_H,20240718T153544,1644.01,4.5651,34.9609,27,-1.041560,13
CTD_CP_H,20240718T153544,1646.01,4.5513,34.9598,27,-1.041539,14
CTD_CP_H,20240718T153544,1648.03,4.5390,34.9584,27,-1.041544,13
CTD_CP_H,20240718T153544,1650.01,4.5171,34.9567,26,-1.041515,13
CTD_CP_H,20240718T153544,1651.99,4.4968,34.9547,26,-1.041480,13
CTD_CP_H,20240718T153544,1654.00,4.4801,34.9537,27,-1.041433,14
CTD_CP_H,20240718T153544,1656.02,4.4660,34.9525,26,-1.041442,13
CTD_CP_H,20240718T153544,1658.01,4.4593,34.9518,26,-1.041447,13
CTD_CP_H,20240718T153544,1659.99,4.4488,34.9509,26,-1.041448,13
CTD_CP_H,20240718T153544,1661.99,4.4382,34.9497,26,-1.041450,13
CTD_CP_H,20240718T153544,1664.00,4.4258,34.9486,26,-1.041443,13
CTD_CP_H,20240718T153544,1666.02,4.4122,34.9476,26,-1.041427,13
CTD_CP_H,20240718T153545,1668.03,4.4026,34.9465,26,-1.041416,13
CTD_CP_H,20240718T153545,1670.01,4.3925,34.9459,25,-1.041391,12
CTD_CP_H,20240718T153545,1671.98,4.3871,34.9451,25,-1.041376,13
CTD_CP_H,20240718T153545,1674.00,4.3770,34.9444,26,-1.041376,13
CTD_CP_H,20240718T153545,1676.01,4.3642,34.9432,25,-1.041339,12
CTD_CP_H,20240718T153545,1677.98,4.3557,34.9424,25,-1.041334,13
CTD_CP_H,20240718T153545,1679.97,4.3424,34.9412,25,-1.041327,12
CTD_CP_H,20240718T153545,1681.96,4.3359,34.9405,25,-1.041305,13
CTD_CP_H,20240718T153545,1684.01,4.3317,34.9399,26,-1.041292,13
CTD_CP_H,20240718T153545,1686.04,4.3251,34.9391,24,-1.041267,12
CTD_CP_H,20240718T153545,1688.02,4.3111,34.9380,24,-1.041242,12
CTD_CP_H,20240718T153545,1689.99,4.2970,34.9369,24,-1.041239,12
CTD_CP_H,20240718T153545,1691.98,4.2862,34.9359,24,-1.041201,12
CTD_CP_H,20240718T153546,1693.98,4.2752,34.9350,24,-1.041235,12
CTD_CP_H,20240718T153546,1695.99,4.2651,34.9341,24,-1.041195,12
CTD_CP_H,20240718T153546,1698.01,4.2540,34.9331,24,-1.041179,12
CTD_CP_H,20240718T153546,1700.00,4.2433,34.9318,23,-1.041167,11
CTD_CP_H,20240718T153546,1701.99,4.2317,34.9306,24,-1.041147,12
CTD_CP_H,20240718T153546,1704.02,4.2069,34.9286,24,-1.041115,12
CTD_CP_H,20240718T153546,1706.03,4.1911,34.9272,23,-1.041112,12
CTD_CP_H,20240718T153546,1707.99,4.1778,34.9259,22,-1.041088,11
CTD_CP_H,20240718T153546,1710.00,4.1574,34.9243,24,-1.041052,12
CTD_CP_H,20240718T153546,1712.01,4.1463,34.9232,22,-1.041020,11
CTD_CP_H,20240718T153546,1714.00,4.1331,34.9219,23,-1.041007,11
CTD_CP_H,20240718T153546,1716.00,4.1157,34.9204,22,-1.040968,11
CTD_CP_H,20240718T153546,1717.97,4.1015,34.9188,22,-1.040932,11
CTD_CP_H,20240718T153546,1719.98,4.0907,34.9180,23,-1.040934,12
CTD_CP_H,20240718T153547,1722.00,4.0812,34.9170,22,-1.040905,11
CTD_CP_H,20240718T153547,1723.98,4.0723,34.9163,22,-1.040887,11
CTD_CP_H,20240718T153547,1725.99,4.0684,34.9157,22,-1.040886,11
CTD_CP_H,20240718T153547,1728.02,4.0617,34.9152,22,-1.040864,11
CTD_CP_H,20240718T153547,1730.04,4.0552,34.9146,22,-1.040879,11
CTD_CP_H,20240718T153547,1732.06,4.0464,34.9139,21,-1.040865,10
CTD_CP_H,20240718T153547,1733.99,4.0407,34.9136,21,-1.040864,11
CTD_CP_H,20240718T153547,1735.99,4.0379,34.9131,22,-1.040855,11
CTD_CP_H,20240718T153547,1738.00,4.0348,34.9127,21,-1.040861,10
CTD_CP_H,20240718T153547,1740.00,4.0230,34.9114,22,-1.040834,11
CTD_CP_H,20240718T153547,1742.03,4.0086,34.9105,21,-1.040811,11
CTD_CP_H,20240718T153547,1744.01,4.0015,34.9097,21,-1.040818,10
CTD_CP_H,20240718T153547,1745.98,3.9958,34.9093,21,-1.040804,11
CTD_CP_H,20240718T153548,1747.96,3.9911,34.9089,21,-1.040826,10
CTD_CP_H,20240718T153548,1749.99,3.9811,34.9081,23,-1.040796,12
CTD_CP_H,20240718T153548,1752.01,3.9713,34.9073,25,-1.040795,12
CTD_CP_H,20240718T153548,1753.98,3.9644,34.9069,27,-1.040791,14
CTD_CP_H,20240718T153548,1756.01,3.9572,34.9063,28,-1.040776,14
CTD_CP_H,20240718T153548,1758.02,3.9545,34.9058,27,-1.040778,13
CTD_CP_H,20240718T153548,1760.03,3.9485,34.9052,27,-1.040764,14
CTD_CP_H,20240718T153548,1762.02,3.9365,34.9044,26,-1.040742,13
CTD_CP_H,20240718T153548,1763.99,3.9303,34.9043,26,-1.040730,13
CTD_CP_H,20240718T153548,1765.98,3.9257,34.9035,27,-1.040750,13
CTD_CP_H,20240718T153548,1768.00,3.9217,34.9031,27,-1.040717,14
CTD_CP_H,20240718T153548,1770.00,3.9165,34.9025,26,-1.040730,13
CTD_CP_H,20240718T153548,1771.97,3.9135,34.9019,26,-1.040733,13
CTD_CP_H,20240718T153548,1773.96,3.9047,34.9009,26,-1.040702,13
CTD_CP_H,20240718T153549,1776.00,3.8911,34.8998,27,-1.040691,13
CTD_CP_H,20240718T153549,1778.01,3.8742,34.8986,25,-1.040654,13
CTD_CP_H,20240718T153549,1779.99,3.8611,34.8975,26,-1.040618,13
CTD_CP_H,20240718T153549,1782.00,3.8565,34.8968,26,-1.040622,13
CTD_CP_H,20240718T153549,1784.00,3.8538,34.8963,25,-1.040612,12
CTD_CP_H,20240718T153549,1786.01,3.8469,34.8957,26,-1.040573,13
CTD_CP_H,20240718T153549,1788.00,3.8418,34.8953,25,-1.040588,13
CTD_CP_H,20240718T153549,1789.98,3.8399,34.8951,26,-1.040578,13
CTD_CP_H,20240718T153549,1791.97,3.8377,34.8945,25,-1.040573,12
CTD_CP_H,20240718T153549,1793.95,3.8277,34.8940,26,-1.040520,13
CTD_CP_H,20240718T153549,1795.99,3.8183,34.8931,26,-1.040522,13
CTD_CP_H,20240718T153549,1797.99,3.8135,34.8924,25,-1.040506,13
CTD_CP_H,20240718T153549,1799.96,3.8066,34.8919,25,-1.040488,12
CTD_CP_H,20240718T153550,1801.97,3.7975,34.8913,26,-1.040484,13
CTD_CP_H,20240718T153550,1803.98,3.7940,34.8909,25,-1.040458,13
CTD_CP_H,20240718T153550,1805.99,3.7886,34.8903,26,-1.040482,13
CTD_CP_H,20240718T153550,1808.01,3.7825,34.8899,25,-1.040496,12
CTD_CP_H,20240718T153550,1810.02,3.7775,34.8894,26,-1.040485,13
CTD_CP_H,20240718T153550,1812.04,3.7734,34.8890,25,-1.040474,13
CTD_CP_H,20240718T153550,1813.99,3.7646,34.8880,24,-1.040456,12
CTD_CP_H,20240718T153550,1815.99,3.7562,34.8874,26,-1.040444,13
CTD_CP_H,20240718T153550,1818.01,3.7454,34.8867,24,-1.040439,12
CTD_CP_H,20240718T153550,1819.98,3.7399,34.8864,25,-1.040456,12
CTD_CP_H,20240718T153550,1821.98,3.7328,34.8859,25,-1.040454,13
CTD_CP_H,20240718T153550,1823.98,3.7251,34.8853,24,-1.040435,12
CTD_CP_H,20240718T153550,1825.98,3.7185,34.8844,25,-1.040401,12
CTD_CP_H,20240718T153550,1827.98,3.7131,34.8840,24,-1.040401,12
CTD_CP_H,20240718T153551,1830.00,3.7108,34.8839,25,-1.040441,13
CTD_CP_H,20240718T153551,1832.02,3.7075,34.8836,24,-1.040448,12
CTD_CP_H,20240718T153551,1833.99,3.7000,34.8830,24,-1.040435,12
CTD_CP_H,20240718T153551,1835.98,3.6919,34.8821,24,-1.040432,12
CTD_CP_H,20240718T153551,1838.01,3.6784,34.8814,25,-1.040397,12
CTD_CP_H,20240718T153551,1840.04,3.6733,34.8809,24,-1.040405,12
CTD_CP_H,20240718T153551,1842.00,3.6678,34.8802,23,-1.040394,12
CTD_CP_H,20240718T153551,1844.00,3.6581,34.8793,25,-1.040377,12
CTD_CP_H,20240718T153551,1846.02,3.6508,34.8787,23,-1.040350,12
CTD_CP_H,20240718T153551,1848.00,3.6438,34.8779,24,-1.040312,12
CTD_CP_H,20240718T153551,1849.99,3.6319,34.8770,23,-1.040291,11
CTD_CP_H,20240718T153551,1851.98,3.6238,34.8761,24,-1.040290,12
CTD_CP_H,20240718T153551,1853.98,3.6049,34.8751,23,-1.040263,12
CTD_CP_H,20240718T153552,1856.00,3.6010,34.8746,24,-1.040260,12
CTD_CP_H,20240718T153552,1858.01,3.5946,34.8740,23,-1.040267,11
CTD_CP_H,20240718T153552,1860.02,3.5881,34.8733,24,-1.040263,12
CTD_CP_H,20240718T153552,1862.05,3.5777,34.8727,23,-1.040244,12
CTD_CP_H,20240718T153552,1864.04,3.5730,34.8721,23,-1.040223,11
CTD_CP_H,20240718T153552,1866.01,3.5668,34.8718,23,-1.040206,12
CTD_CP_H,20240718T153552,1868.00,3.5603,34.8711,23,-1.040194,11
CTD_CP_H,20240718T153552,1869.99,3.5544,34.8704,23,-1.040205,12
CTD_CP_H,20240718T153552,1872.02,3.5473,34.8698,24,-1.040203,12
CTD_CP_H,20240718T153552,1874.05,3.5362,34.8689,23,-1.040186,11
CTD_CP_H,20240718T153552,1876.03,3.5264,34.8683,23,-1.040172,12
CTD_CP_H,20240718T153552,1877.98,3.5186,34.8677,22,-1.040175,11
CTD_CP_H,20240718T153552,1879.96,3.5115,34.8674,23,-1.040166,11
CTD_CP_H,20240718T153552,1881.97,3.5054,34.8667,23,-1.040150,12
CTD_CP_H,20240718T153553,1883.98,3.5004,34.8663,23,-1.040144,11
CTD_CP_H,20240718T153553,1886.01,3.4944,34.8656,23,-1.040142,12
CTD_CP_H,20240718T153553,1888.00,3.4885,34.8653,22,-1.040147,11
CTD_CP_H,20240718T153553,1889.99,3.4819,34.8646,23,-1.040131,11
CTD_CP_H,20240718T153553,1891.99,3.4742,34.8639,22,-1.040116,11
CTD_CP_H,20240718T153553,1893.97,3.4640,34.8630,22,-1.040117,11
CTD_CP_H,20240718T153553,1896.00,3.4520,34.8622,23,-1.040074,12
CTD_CP_H,20240718T153553,1898.04,3.4470,34.8616,22,-1.040073,11
CTD_CP_H,20240718T153553,1900.03,3.4393,34.8610,22,-1.040070,11
CTD_CP_H,20240718T153553,1902.04,3.4272,34.8600,22,-1.040063,11
CTD_CP_H,20240718T153553,1904.00,3.4184,34.8595,21,-1.040044,10
CTD_CP_H,20240718T153553,1906.00,3.4153,34.8589,23,-1.040071,12
CTD_CP_H,20240718T153553,1908.01,3.4096,34.8583,21,-1.040073,10
CTD_CP_H,20240718T153554,1909.98,3.3992,34.8578,22,-1.040072,11
CTD_CP_H,20240718T153554,1911.96,3.3909,34.8571,21,-1.040044,11
CTD_CP_H,20240718T153554,1913.95,3.3815,34.8562,22,-1.040025,11
CTD_CP_H,20240718T153554,1915.98,3.3713,34.8556,22,-1.040017,11
CTD_CP_H,20240718T153554,1917.97,3.3635,34.8551,21,-1.039995,10
CTD_CP_H,20240718T153554,1919.96,3.3579,34.8544,22,-1.039972,11
CTD_CP_H,20240718T153554,1921.96,3.3523,34.8540,21,-1.039973,11
CTD_CP_H,20240718T153554,1923.98,3.3461,34.8534,22,-1.039958,11
CTD_CP_H,20240718T153554,1925.99,3.3392,34.8528,21,-1.039946,10
CTD_CP_H,20240718T153554,1927.96,3.3316,34.8524,21,-1.039930,11
CTD_CP_H,20240718T153554,1929.97,3.3272,34.8518,22,-1.039930,11
CTD_CP_H,20240718T153554,1932.00,3.3184,34.8515,21,-1.039915,10
CTD_CP_H,20240718T153554,1933.98,3.3128,34.8509,21,-1.039914,11
CTD_CP_H,20240718T153554,1935.96,3.3073,34.8502,21,-1.039919,10
CTD_CP_H,20240718T153555,1937.94,3.2976,34.8499,21,-1.039901,11
CTD_CP_H,20240718T153555,1940.00,3.2929,34.8494,22,-1.039919,11
CTD_CP_H,20240718T153555,1942.00,3.2892,34.8493,20,-1.039906,10
CTD_CP_H,20240718T153555,1943.96,3.2863,34.8488,21,-1.039922,10
CTD_CP_H,20240718T153555,1945.98,3.2801,34.8484,21,-1.039917,11
CTD_CP_H,20240718T153555,1947.99,3.2747,34.8480,21,-1.039891,10
CTD_CP_H,20240718T153555,1950.02,3.2698,34.8475,21,-1.039892,11
CTD_CP_H,20240718T153555,1952.00,3.2637,34.8470,20,-1.039885,10
CTD_CP_H,20240718T153555,1953.99,3.2584,34.8465,21,-1.039875,10
CTD_CP_H,20240718T153555,1956.01,3.2526,34.8461,21,-1.039855,11
CTD_CP_H,20240718T153555,1957.99,3.2464,34.8457,20,-1.039854,10
CTD_CP_H,20240718T153555,1959.99,3.2395,34.8452,21,-1.039834,10
CTD_CP_H,20240718T153555,1962.02,3.2321,34.8445,21,-1.039826,11
CTD_CP_H,20240718T153556,1964.01,3.2244,34.8439,20,-1.039798,10
CTD_CP_H,20240718T153556,1966.01,3.2174,34.8433,21,-1.039796,10
CTD_CP_H,20240718T153556,1968.01,3.2113,34.8429,20,-1.039814,10
CTD_CP_H,20240718T153556,1969.96,3.2070,34.8425,20,-1.039811,10
CTD_CP_H,20240718T153556,1971.98,3.2002,34.8418,21,-1.039786,11
CTD_CP_H,20240718T153556,1974.00,3.1934,34.8412,20,-1.039756,10
CTD_CP_H,20240718T153556,1976.01,3.1881,34.8409,21,-1.039728,10
CTD_CP_H,20240718T153556,1978.03,3.1821,34.8402,20,-1.039705,10
CTD_CP_H,20240718T153556,1980.00,3.1750,34.8400,20,-1.039725,10
CTD_CP_H,20240718T153556,1981.98,3.1687,34.8393,20,-1.039750,10
CTD_CP_H,20240718T153556,1984.01,3.1603,34.8389,21,-1.039747,11
CTD_CP_H,20240718T153556,1986.05,3.1538,34.8384,20,-1.039746,10
CTD_CP_H,20240718T153556,1988.04,3.1506,34.8379,20,-1.039755,10
CTD_CP_H,20240718T153556,1990.04,3.1465,34.8375,20,-1.039782,10
CTD_CP_H,20240718T153557,1992.04,3.1392,34.8370,20,-1.039799,7
CTD_CP_H,20240718T153557,1993.99,3.1296,34.8366,19,nan,0
CTD_CP_H,20240718T153557,1995.79,3.1247,34.8361,17,nan,0
GPS,20240718T153651,18.043907,68.388992,9
CTD_P,20240718T153653,-0.29
