Message,20241114T061910,Firmware: 07/21/23 18:56:40 2.17.4 STD IRID Final
Message,20241114T061910,Username: f10469
GPS,20241114T061910,19.825975,66.666107,10
GPS,20241114T062616,19.826263,66.665924,9
CTD_P,20241114T062618,-0.18
FLBB_CFG,20241114T062620,695,700
Message,20241114T062620,Park Descent Mission
CTD_P,20241114T062623,-0.13
CTD_P,20241114T062737,0.02
CTD_P,20241114T062839,0.04
CTD_P,20241114T062941,0.18
CTD_P,20241114T063044,0.27
CTD_P,20241114T063146,0.82
CTD_P,20241114T063248,4.08
CTD_P,20241114T063350,11.03
CTD_P,20241114T063453,19.97
CTD_P,20241114T063555,30.28
CTD_P,20241114T063657,41.28
CTD_P,20241114T063759,52.03
CTD_P,20241114T063824,56.04
CTD_P,20241114T063825,56.25
CTD_P,20241114T063927,66.72
CTD_P,20241114T073930,479.69
CTD_P,20241114T083933,758.23
CTD_P,20241114T093210,911.53
CTD_P,20241114T100317,950.14
CTD_P,20241114T104508,968.70
CTD_P,20241114T114511,978.11
CTD_P,20241114T114614,978.46
CTD_P,20241114T114717,978.78
CTD_P,20241114T114730,978.86
CTD_P,20241114T114832,979.68
CTD_P,20241114T114844,979.86
CTD_P,20241114T114946,981.28
CTD_P,20241114T114958,981.57
CTD_P,20241114T115100,983.40
CTD_P,20241114T115112,983.78
CTD_P,20241114T115214,986.00
CTD_P,20241114T115944,1001.67
Message,20241114T115947,Park Mission
CTD_P,20241114T115950,1001.85
CTD_PTSH,20241114T120012,1002.50,9.0058,35.3890,0.231462
CTD_P,20241114T120013,1002.56
CTD_P,20241114T125946,1057.14
CTD_PTSH,20241114T130009,1057.20,8.5574,35.3500,0.231515
CTD_P,20241114T130010,1057.24
CTD_P,20241114T140011,1066.69
CTD_PTSH,20241114T140034,1066.60,8.4546,35.3340,0.231369
CTD_P,20241114T140035,1066.62
CTD_P,20241114T150036,1064.46
CTD_PTSH,20241114T150059,1064.40,8.4247,35.3360,0.231135
CTD_P,20241114T150100,1064.43
CTD_P,20241114T160101,1041.77
CTD_PTSH,20241114T160124,1041.60,8.4723,35.3340,0.230831
CTD_P,20241114T160125,1041.60
CTD_P,20241114T170126,1045.14
CTD_PTSH,20241114T170149,1045.10,8.4550,35.3330,0.230684
CTD_P,20241114T170150,1045.03
CTD_P,20241114T180151,1049.51
CTD_PTSH,20241114T180214,1049.50,8.4165,35.3270,0.230521
CTD_P,20241114T180215,1049.51
CTD_P,20241114T190216,1035.36
CTD_PTSH,20241114T190239,1035.40,8.6506,35.3520,0.230140
CTD_P,20241114T190240,1035.41
CTD_P,20241114T200241,1031.10
CTD_PTSH,20241114T200304,1031.00,8.6428,35.3510,0.229982
CTD_P,20241114T200305,1030.97
CTD_P,20241114T210306,1031.39
CTD_PTSH,20241114T210329,1031.40,8.6566,35.3530,0.229865
CTD_P,20241114T210330,1031.41
CTD_P,20241114T220332,1015.74
CTD_PTSH,20241114T220355,1015.80,8.7649,35.3600,0.229634
CTD_P,20241114T220356,1015.80
CTD_P,20241114T230357,1018.61
CTD_PTSH,20241114T230420,1018.70,8.7698,35.3630,0.229562
CTD_P,20241114T230421,1018.64
CTD_P,20241115T000422,1022.63
CTD_PTSH,20241115T000445,1022.50,8.7727,35.3640,0.229480
CTD_P,20241115T000446,1022.48
CTD_P,20241115T010447,1010.15
CTD_PTSH,20241115T010510,1010.10,8.7605,35.3640,0.229421
CTD_P,20241115T010511,1010.06
CTD_P,20241115T020512,1015.63
CTD_PTSH,20241115T020535,1015.70,8.7563,35.3610,0.229397
CTD_P,20241115T020536,1015.68
CTD_P,20241115T030537,1010.82
CTD_PTSH,20241115T030600,1011.00,8.7398,35.3630,0.229349
CTD_P,20241115T030601,1011.01
CTD_P,20241115T040602,1015.93
CTD_PTSH,20241115T040625,1015.90,8.6717,35.3520,0.229385
CTD_P,20241115T040626,1015.86
CTD_P,20241115T050627,1016.13
CTD_PTSH,20241115T050650,1016.20,8.6478,35.3520,0.229389
CTD_P,20241115T050651,1016.17
CTD_P,20241115T060652,1018.44
CTD_PTSH,20241115T060715,1018.40,8.6973,35.3550,0.229321
CTD_P,20241115T060716,1018.36
CTD_P,20241115T070717,1021.83
CTD_PTSH,20241115T070740,1021.80,8.7429,35.3600,0.229242
CTD_P,20241115T070741,1021.80
CTD_P,20241115T080742,1018.22
CTD_PTSH,20241115T080805,1018.30,8.7429,35.3600,0.229168
CTD_P,20241115T080806,1018.28
CTD_P,20241115T090807,1018.40
CTD_PTSH,20241115T090830,1018.30,8.8002,35.3680,0.229124
CTD_P,20241115T090831,1018.30
CTD_P,20241115T100832,1011.90
CTD_PTSH,20241115T100855,1011.90,8.7477,35.3620,0.229107
CTD_P,20241115T100856,1011.87
CTD_P,20241115T110857,1023.10
CTD_PTSH,20241115T110920,1023.20,8.7743,35.3640,0.229111
CTD_P,20241115T110921,1023.20
CTD_P,20241115T120922,1022.92
CTD_PTSH,20241115T120945,1022.90,8.8745,35.3760,0.228966
CTD_P,20241115T120946,1022.86
CTD_P,20241115T130947,1023.21
CTD_PTSH,20241115T131010,1023.50,8.8292,35.3700,0.228967
CTD_P,20241115T131011,1023.47
CTD_P,20241115T141012,1020.55
CTD_PTSH,20241115T141035,1020.30,8.8646,35.3750,0.228955
CTD_P,20241115T141036,1020.32
CTD_P,20241115T151037,1018.63
CTD_PTSH,20241115T151100,1018.60,8.8228,35.3720,0.228953
CTD_P,20241115T151101,1018.60
CTD_P,20241115T161102,1015.06
CTD_PTSH,20241115T161125,1015.00,8.7043,35.3610,0.229050
CTD_P,20241115T161126,1015.06
CTD_P,20241115T171127,1015.94
CTD_PTSH,20241115T171150,1016.00,8.6653,35.3550,0.229107
CTD_P,20241115T171151,1016.01
CTD_P,20241115T181152,1016.58
CTD_PTSH,20241115T181215,1016.70,8.6414,35.3500,0.229110
CTD_P,20241115T181216,1016.72
CTD_P,20241115T191217,1021.46
CTD_PTSH,20241115T191240,1021.50,8.6965,35.3560,0.229051
CTD_P,20241115T191241,1021.53
CTD_P,20241115T201242,1020.41
CTD_PTSH,20241115T201305,1020.30,8.7304,35.3590,0.229011
CTD_P,20241115T201306,1020.27
CTD_P,20241115T211307,1016.29
CTD_PTSH,20241115T211330,1016.30,8.7156,35.3620,0.228966
CTD_P,20241115T211331,1016.30
CTD_P,20241115T221332,1020.32
CTD_PTSH,20241115T221355,1020.50,8.6841,35.3600,0.228980
CTD_P,20241115T221356,1020.53
CTD_P,20241115T231357,1025.07
CTD_PTSH,20241115T231420,1025.00,8.7899,35.3650,0.228946
CTD_P,20241115T231421,1024.99
CTD_P,20241116T001422,1020.89
CTD_PTSH,20241116T001445,1020.90,8.7628,35.3650,0.228890
CTD_P,20241116T001446,1020.91
CTD_P,20241116T011447,1021.08
CTD_PTSH,20241116T011510,1021.00,8.7578,35.3640,0.228916
CTD_P,20241116T011511,1021.05
CTD_P,20241116T021512,1020.68
CTD_PTSH,20241116T021535,1020.60,8.7715,35.3660,0.228883
CTD_P,20241116T021536,1020.62
CTD_P,20241116T031537,1016.77
CTD_PTSH,20241116T031600,1016.60,8.7325,35.3620,0.228927
CTD_P,20241116T031601,1016.61
CTD_P,20241116T041602,1018.74
CTD_PTSH,20241116T041625,1018.80,8.7159,35.3590,0.228925
CTD_P,20241116T041626,1018.77
CTD_P,20241116T051627,1019.62
CTD_PTSH,20241116T051650,1019.50,8.6893,35.3550,0.228959
CTD_P,20241116T051651,1019.45
CTD_P,20241116T061652,1021.68
CTD_PTSH,20241116T061715,1021.70,8.7101,35.3560,0.228931
CTD_P,20241116T061716,1021.67
CTD_P,20241116T071717,1022.43
CTD_PTSH,20241116T071740,1022.50,8.6945,35.3550,0.228915
CTD_P,20241116T071741,1022.53
CTD_P,20241116T081742,1022.31
CTD_PTSH,20241116T081805,1022.40,8.7032,35.3590,0.228870
CTD_P,20241116T081806,1022.39
CTD_P,20241116T091807,1022.10
CTD_PTSH,20241116T091830,1022.20,8.7436,35.3670,0.228798
CTD_P,20241116T091831,1022.25
CTD_P,20241116T101832,1023.43
CTD_PTSH,20241116T101855,1023.40,8.7537,35.3620,0.228833
CTD_P,20241116T101856,1023.34
CTD_P,20241116T111857,1023.17
CTD_PTSH,20241116T111920,1023.10,8.6919,35.3540,0.228871
CTD_P,20241116T111921,1023.12
CTD_P,20241116T121922,1022.76
CTD_PTSH,20241116T121945,1022.60,8.7089,35.3560,0.228874
CTD_P,20241116T121946,1022.62
CTD_P,20241116T131947,1025.02
CTD_PTSH,20241116T132010,1025.10,8.7029,35.3560,0.228859
CTD_P,20241116T132011,1025.08
CTD_P,20241116T142012,1021.86
CTD_PTSH,20241116T142035,1021.90,8.6915,35.3550,0.228809
CTD_P,20241116T142036,1021.83
CTD_P,20241116T152037,1022.24
CTD_PTSH,20241116T152100,1022.20,8.6563,35.3530,0.228871
CTD_P,20241116T152101,1022.21
CTD_P,20241116T162102,1019.47
CTD_PTSH,20241116T162125,1019.40,8.6401,35.3510,0.228867
CTD_P,20241116T162126,1019.37
CTD_P,20241116T172127,1019.05
CTD_PTSH,20241116T172150,1019.00,8.6382,35.3500,0.228886
CTD_P,20241116T172151,1018.98
CTD_P,20241116T182152,1025.83
CTD_PTSH,20241116T182215,1025.80,8.6762,35.3550,0.228851
CTD_P,20241116T182216,1025.80
CTD_P,20241116T192217,1021.41
CTD_PTSH,20241116T192240,1021.50,8.7276,35.3630,0.228725
CTD_P,20241116T192241,1021.55
CTD_P,20241116T202242,1029.90
CTD_PTSH,20241116T202305,1029.70,8.7816,35.3660,0.228692
CTD_P,20241116T202306,1029.69
CTD_P,20241116T212307,1023.41
CTD_PTSH,20241116T212330,1023.40,8.7796,35.3660,0.228657
CTD_P,20241116T212331,1023.38
CTD_P,20241116T222332,1024.58
CTD_PTSH,20241116T222355,1024.50,8.7502,35.3610,0.228684
CTD_P,20241116T222356,1024.52
CTD_P,20241116T232357,1023.61
CTD_PTSH,20241116T232420,1023.60,8.7082,35.3580,0.228733
CTD_P,20241116T232421,1023.55
CTD_P,20241117T002422,1019.76
CTD_PTSH,20241117T002445,1019.80,8.7273,35.3600,0.228695
CTD_P,20241117T002446,1019.78
CTD_P,20241117T012447,1025.38
CTD_PTSH,20241117T012510,1025.40,8.7022,35.3560,0.228704
CTD_P,20241117T012511,1025.41
CTD_P,20241117T022512,1024.12
CTD_PTSH,20241117T022535,1024.10,8.7307,35.3590,0.228671
CTD_P,20241117T022536,1024.05
CTD_P,20241117T032537,1022.83
CTD_PTSH,20241117T032600,1022.60,8.7342,35.3590,0.228676
CTD_P,20241117T032601,1022.58
CTD_P,20241117T042602,1019.42
CTD_PTSH,20241117T042625,1019.30,8.7270,35.3580,0.228679
CTD_P,20241117T042626,1019.26
CTD_P,20241117T052627,1021.17
CTD_PTSH,20241117T052650,1021.10,8.6738,35.3540,0.228711
CTD_P,20241117T052651,1021.13
CTD_P,20241117T062652,1022.10
CTD_PTSH,20241117T062715,1021.90,8.6950,35.3550,0.228711
CTD_P,20241117T062716,1021.90
CTD_P,20241117T072717,1028.78
CTD_PTSH,20241117T072740,1028.80,8.8259,35.3690,0.228584
CTD_P,20241117T072741,1028.81
CTD_P,20241117T082742,1026.55
CTD_PTSH,20241117T082805,1026.70,8.7960,35.3670,0.228515
CTD_P,20241117T082806,1026.68
CTD_P,20241117T092807,1025.70
CTD_PTSH,20241117T092830,1025.70,8.7570,35.3610,0.228541
CTD_P,20241117T092831,1025.71
CTD_P,20241117T102832,1007.61
CTD_PTSH,20241117T102855,1007.50,8.9379,35.3850,0.228394
CTD_P,20241117T102856,1007.53
CTD_P,20241117T112857,1007.48
CTD_PTSH,20241117T112920,1007.50,8.9321,35.3900,0.228369
CTD_P,20241117T112921,1007.53
CTD_P,20241117T122922,1003.44
CTD_PTSH,20241117T122945,1003.40,8.8676,35.3760,0.228418
CTD_P,20241117T122946,1003.41
CTD_P,20241117T132947,1002.25
CTD_PTSH,20241117T133010,1002.00,8.8438,35.3710,0.228501
CTD_P,20241117T133011,1001.99
CTD_P,20241117T143012,998.09
CTD_PTSH,20241117T143035,998.00,8.7762,35.3660,0.228519
CTD_P,20241117T143036,998.04
CTD_P,20241117T153037,999.34
CTD_PTSH,20241117T153100,999.40,8.6937,35.3610,0.228594
CTD_P,20241117T153101,999.34
CTD_P,20241117T163102,1006.40
CTD_PTSH,20241117T163125,1006.40,8.6645,35.3530,0.228649
CTD_P,20241117T163126,1006.39
CTD_P,20241117T173127,1006.39
CTD_PTSH,20241117T173150,1006.20,8.7196,35.3590,0.228612
CTD_P,20241117T173151,1006.17
CTD_P,20241117T183152,1004.45
CTD_PTSH,20241117T183215,1004.60,8.7344,35.3580,0.228550
CTD_P,20241117T183216,1004.58
CTD_P,20241117T193217,1007.21
CTD_PTSH,20241117T193240,1007.40,8.7299,35.3580,0.228536
CTD_P,20241117T193241,1007.35
CTD_P,20241117T203242,1009.57
CTD_PTSH,20241117T203305,1009.60,8.7469,35.3630,0.228496
CTD_P,20241117T203306,1009.67
CTD_P,20241117T213307,1010.97
CTD_PTSH,20241117T213330,1010.90,8.8434,35.3700,0.228428
CTD_P,20241117T213331,1010.89
CTD_P,20241117T223332,1011.40
CTD_PTSH,20241117T223355,1011.30,8.8910,35.3760,0.228353
CTD_P,20241117T223356,1011.38
CTD_P,20241117T233357,1009.00
CTD_PTSH,20241117T233420,1008.80,8.9199,35.3790,0.228334
CTD_P,20241117T233421,1008.76
CTD_P,20241118T003422,1005.37
CTD_PTSH,20241118T003445,1005.60,8.8024,35.3700,0.228361
CTD_P,20241118T003446,1005.59
CTD_P,20241118T013447,1010.00
CTD_PTSH,20241118T013510,1009.80,8.8628,35.3720,0.228384
CTD_P,20241118T013511,1009.75
CTD_P,20241118T023512,1002.18
CTD_PTSH,20241118T023535,1002.20,8.7964,35.3720,0.228388
CTD_P,20241118T023536,1002.26
CTD_P,20241118T033537,1003.15
CTD_PTSH,20241118T033600,1003.20,8.7683,35.3710,0.228416
CTD_P,20241118T033601,1003.25
CTD_P,20241118T043602,1005.21
CTD_PTSH,20241118T043625,1005.20,8.7778,35.3650,0.228432
CTD_P,20241118T043626,1005.18
CTD_P,20241118T053627,1009.57
CTD_PTSH,20241118T053650,1009.40,8.7642,35.3630,0.228447
CTD_P,20241118T053651,1009.44
CTD_P,20241118T063652,1013.79
CTD_PTSH,20241118T063715,1014.00,8.8378,35.3730,0.228339
CTD_P,20241118T063716,1013.96
CTD_P,20241118T073717,1008.69
CTD_PTSH,20241118T073740,1008.60,8.8737,35.3760,0.228270
CTD_P,20241118T073741,1008.67
CTD_P,20241118T083742,1008.77
CTD_PTSH,20241118T083805,1008.70,8.9308,35.3830,0.228221
CTD_P,20241118T083806,1008.66
CTD_P,20241118T093807,1006.79
CTD_PTSH,20241118T093830,1007.00,8.9145,35.3830,0.228186
CTD_P,20241118T093831,1007.02
CTD_P,20241118T103832,1013.50
CTD_PTSH,20241118T103855,1013.60,8.9362,35.3830,0.228193
CTD_P,20241118T103856,1013.65
CTD_P,20241118T113857,1007.47
CTD_PTSH,20241118T113920,1007.20,8.9438,35.3830,0.228187
CTD_P,20241118T113921,1007.22
CTD_P,20241118T123922,1004.41
CTD_PTSH,20241118T123945,1004.30,8.8037,35.3680,0.228319
CTD_P,20241118T123946,1004.30
CTD_P,20241118T133947,1008.13
CTD_PTSH,20241118T134010,1008.20,8.8601,35.3740,0.228308
CTD_P,20241118T134011,1008.18
CTD_P,20241118T144012,1003.91
CTD_PTSH,20241118T144035,1003.80,8.8278,35.3730,0.228246
CTD_P,20241118T144036,1003.76
CTD_P,20241118T154037,1005.86
CTD_PTSH,20241118T154100,1006.00,8.7358,35.3600,0.228361
CTD_P,20241118T154101,1005.97
CTD_P,20241118T164102,1004.04
CTD_PTSH,20241118T164125,1003.90,8.7508,35.3640,0.228367
CTD_P,20241118T164126,1003.84
CTD_P,20241118T174127,1005.49
CTD_PTSH,20241118T174150,1005.50,8.7205,35.3570,0.228381
CTD_P,20241118T174151,1005.42
CTD_P,20241118T184152,1009.67
CTD_PTSH,20241118T184215,1009.70,8.7793,35.3650,0.228315
CTD_P,20241118T184216,1009.66
CTD_P,20241118T194217,1008.84
CTD_PTSH,20241118T194240,1008.70,8.8144,35.3680,0.228273
CTD_P,20241118T194241,1008.71
CTD_P,20241118T204242,1012.36
CTD_PTSH,20241118T204305,1012.30,8.8064,35.3680,0.228261
CTD_P,20241118T204306,1012.28
CTD_P,20241118T214307,1009.07
CTD_PTSH,20241118T214330,1009.10,8.8505,35.3730,0.228206
CTD_P,20241118T214331,1009.07
CTD_P,20241118T224332,1005.77
CTD_PTSH,20241118T224355,1005.80,8.7566,35.3640,0.228242
CTD_P,20241118T224356,1005.77
CTD_P,20241118T234357,1011.36
CTD_PTSH,20241118T234420,1011.40,8.8526,35.3730,0.228212
CTD_P,20241118T234421,1011.42
CTD_P,20241119T004422,1004.95
CTD_PTSH,20241119T004445,1005.20,8.8618,35.3750,0.228114
CTD_P,20241119T004446,1005.18
CTD_P,20241119T014447,1006.65
CTD_PTSH,20241119T014510,1006.60,8.8207,35.3700,0.228171
CTD_P,20241119T014511,1006.57
CTD_P,20241119T024512,1007.99
CTD_PTSH,20241119T024535,1008.30,8.7758,35.3670,0.228209
CTD_P,20241119T024536,1008.28
CTD_P,20241119T034537,1007.73
CTD_PTSH,20241119T034600,1007.80,8.7552,35.3630,0.228218
CTD_P,20241119T034601,1007.80
CTD_P,20241119T044602,1009.21
CTD_PTSH,20241119T044625,1009.00,8.7955,35.3660,0.228228
CTD_P,20241119T044626,1009.02
CTD_P,20241119T054627,1008.02
CTD_PTSH,20241119T054650,1008.00,8.7981,35.3660,0.228187
CTD_P,20241119T054651,1007.97
CTD_P,20241119T064652,1004.56
CTD_PTSH,20241119T064715,1004.50,8.7746,35.3670,0.228162
CTD_P,20241119T064716,1004.48
CTD_P,20241119T074717,1008.34
CTD_PTSH,20241119T074740,1008.40,8.7194,35.3570,0.228237
CTD_P,20241119T074741,1008.47
CTD_P,20241119T084742,1010.48
CTD_PTSH,20241119T084805,1010.30,8.8419,35.3710,0.228136
CTD_P,20241119T084806,1010.27
CTD_P,20241119T094807,1007.72
CTD_PTSH,20241119T094830,1007.80,8.7738,35.3640,0.228148
CTD_P,20241119T094831,1007.75
CTD_P,20241119T104832,1012.91
CTD_PTSH,20241119T104855,1013.10,8.8344,35.3700,0.228103
CTD_P,20241119T104856,1013.08
CTD_P,20241119T114857,1009.63
CTD_PTSH,20241119T114920,1009.70,8.8945,35.3790,0.227987
CTD_P,20241119T114921,1009.68
CTD_P,20241119T124922,1009.69
CTD_PTSH,20241119T124945,1009.60,8.8984,35.3770,0.228004
CTD_P,20241119T124946,1009.62
CTD_P,20241119T134947,1007.56
CTD_PTSH,20241119T135010,1007.70,8.8730,35.3730,0.227996
CTD_P,20241119T135011,1007.71
CTD_P,20241119T145012,1007.62
CTD_PTSH,20241119T145035,1007.60,8.8242,35.3720,0.228055
CTD_P,20241119T145036,1007.56
CTD_P,20241119T155037,1006.86
CTD_PTSH,20241119T155100,1006.80,8.8048,35.3690,0.228101
CTD_P,20241119T155101,1006.79
CTD_P,20241119T165102,1005.68
CTD_PTSH,20241119T165125,1005.60,8.7842,35.3660,0.228108
CTD_P,20241119T165126,1005.60
CTD_P,20241119T175127,1004.98
CTD_PTSH,20241119T175150,1005.10,8.7312,35.3600,0.228127
CTD_P,20241119T175151,1005.13
CTD_P,20241119T185152,1005.31
CTD_PTSH,20241119T185215,1005.20,8.7581,35.3630,0.228112
CTD_P,20241119T185216,1005.19
CTD_P,20241119T195217,1009.47
CTD_PTSH,20241119T195240,1009.40,8.7675,35.3640,0.228098
CTD_P,20241119T195241,1009.39
CTD_P,20241119T205242,1007.39
CTD_PTSH,20241119T205305,1007.20,8.7734,35.3630,0.228073
CTD_P,20241119T205306,1007.19
CTD_P,20241119T215307,1006.21
CTD_PTSH,20241119T215330,1006.40,8.7379,35.3640,0.228075
CTD_P,20241119T215331,1006.43
CTD_P,20241119T225332,1009.82
CTD_PTSH,20241119T225355,1009.80,8.7539,35.3620,0.228065
CTD_P,20241119T225356,1009.82
CTD_P,20241119T235357,1012.22
CTD_PTSH,20241119T235420,1012.10,8.8348,35.3720,0.228005
CTD_P,20241119T235421,1012.11
CTD_P,20241120T005422,1010.02
CTD_PTSH,20241120T005445,1010.10,8.8716,35.3780,0.227903
CTD_P,20241120T005446,1010.10
CTD_P,20241120T015447,1011.00
CTD_PTSH,20241120T015510,1011.10,8.8812,35.3770,0.227929
CTD_P,20241120T015511,1011.06
CTD_P,20241120T025512,1008.73
CTD_PTSH,20241120T025535,1008.80,8.8731,35.3800,0.227867
CTD_P,20241120T025536,1008.79
CTD_P,20241120T035537,1003.47
CTD_PTSH,20241120T035600,1003.30,8.7974,35.3690,0.227953
CTD_P,20241120T035601,1003.29
CTD_P,20241120T045602,1009.57
CTD_PTSH,20241120T045625,1009.60,8.7452,35.3620,0.228049
CTD_P,20241120T045626,1009.58
CTD_P,20241120T055627,1010.33
CTD_PTSH,20241120T055650,1010.20,8.7836,35.3650,0.228009
CTD_P,20241120T055651,1010.22
CTD_P,20241120T065652,1005.23
CTD_PTSH,20241120T065715,1005.10,8.7810,35.3640,0.227976
CTD_P,20241120T065716,1005.11
CTD_P,20241120T075717,1009.74
CTD_PTSH,20241120T075740,1009.90,8.7827,35.3640,0.227968
CTD_P,20241120T075741,1009.86
CTD_P,20241120T085742,1009.25
CTD_PTSH,20241120T085805,1009.20,8.7911,35.3650,0.227943
CTD_P,20241120T085806,1009.15
CTD_P,20241120T095807,1006.28
CTD_PTSH,20241120T095830,1006.20,8.8320,35.3720,0.227919
CTD_P,20241120T095831,1006.11
CTD_P,20241120T105832,1009.48
CTD_PTSH,20241120T105855,1009.60,8.8133,35.3700,0.227885
CTD_P,20241120T105856,1009.53
CTD_P,20241120T115857,1011.90
CTD_PTSH,20241120T115920,1011.90,8.8491,35.3720,0.227888
CTD_P,20241120T115921,1011.94
CTD_P,20241120T125922,1017.58
CTD_PTSH,20241120T125945,1017.50,8.9885,35.3870,0.227738
CTD_P,20241120T125946,1017.53
CTD_P,20241120T135947,1009.08
CTD_PTSH,20241120T140010,1009.10,8.9430,35.3840,0.227705
CTD_P,20241120T140011,1009.10
CTD_P,20241120T150012,1004.84
CTD_PTSH,20241120T150035,1004.70,8.8996,35.3830,0.227746
CTD_P,20241120T150036,1004.72
CTD_P,20241120T160037,1004.93
CTD_PTSH,20241120T160100,1004.90,8.7616,35.3660,0.227888
CTD_P,20241120T160101,1004.95
CTD_P,20241120T170102,1005.79
CTD_PTSH,20241120T170125,1005.70,8.7354,35.3600,0.227939
CTD_P,20241120T170126,1005.73
CTD_P,20241120T180127,1006.49
CTD_PTSH,20241120T180150,1006.40,8.7153,35.3580,0.227959
CTD_P,20241120T180151,1006.40
CTD_P,20241120T190152,1006.60
CTD_PTSH,20241120T190215,1006.60,8.6949,35.3550,0.227936
CTD_P,20241120T190216,1006.55
CTD_P,20241120T200217,1008.30
CTD_PTSH,20241120T200240,1008.30,8.7499,35.3620,0.227911
CTD_P,20241120T200241,1008.33
CTD_P,20241120T210242,1007.49
CTD_PTSH,20241120T210305,1007.60,8.7508,35.3640,0.227856
CTD_P,20241120T210306,1007.58
CTD_P,20241120T220307,1007.43
CTD_PTSH,20241120T220330,1007.30,8.7506,35.3630,0.227854
CTD_P,20241120T220331,1007.26
CTD_P,20241120T230332,1013.11
CTD_PTSH,20241120T230355,1013.10,8.8195,35.3680,0.227800
CTD_P,20241120T230356,1013.13
CTD_P,20241121T000357,1010.73
CTD_PTSH,20241121T000420,1010.70,8.8746,35.3770,0.227711
CTD_P,20241121T000421,1010.72
CTD_P,20241121T010422,1006.50
CTD_PTSH,20241121T010445,1006.60,8.9323,35.3830,0.227613
CTD_P,20241121T010446,1006.61
CTD_P,20241121T020447,1011.32
CTD_PTSH,20241121T020510,1011.40,8.9288,35.3840,0.227626
CTD_P,20241121T020511,1011.41
CTD_P,20241121T030512,1010.09
CTD_PTSH,20241121T030535,1010.30,8.8725,35.3780,0.227667
CTD_P,20241121T030536,1010.29
CTD_P,20241121T040537,1007.52
CTD_PTSH,20241121T040600,1007.30,8.8233,35.3710,0.227722
CTD_P,20241121T040601,1007.29
CTD_P,20241121T050602,1001.82
CTD_PTSH,20241121T050625,1001.80,8.7818,35.3650,0.227752
CTD_P,20241121T050626,1001.80
CTD_P,20241121T060627,1001.24
CTD_PTSH,20241121T060650,1001.10,8.7245,35.3580,0.227821
CTD_P,20241121T060651,1001.08
CTD_P,20241121T070652,1006.61
CTD_PTSH,20241121T070715,1006.60,8.7153,35.3570,0.227835
CTD_P,20241121T070716,1006.55
CTD_P,20241121T080717,1008.18
CTD_PTSH,20241121T080740,1008.10,8.7240,35.3580,0.227771
CTD_P,20241121T080741,1008.12
CTD_P,20241121T090742,1005.88
CTD_PTSH,20241121T090805,1006.00,8.7264,35.3610,0.227757
CTD_P,20241121T090806,1005.96
CTD_P,20241121T100807,1009.56
CTD_PTSH,20241121T100830,1009.40,8.7799,35.3650,0.227725
CTD_P,20241121T100831,1009.39
CTD_P,20241121T110832,1014.40
CTD_PTSH,20241121T110855,1014.50,8.8674,35.3770,0.227611
CTD_P,20241121T110856,1014.55
CTD_P,20241121T120857,1012.62
CTD_PTSH,20241121T120920,1012.50,8.9268,35.3790,0.227533
CTD_P,20241121T120921,1012.44
CTD_P,20241121T130922,1013.09
CTD_PTSH,20241121T130945,1013.50,8.8925,35.3760,0.227526
CTD_P,20241121T130946,1013.51
CTD_P,20241121T140947,1017.24
CTD_PTSH,20241121T141010,1017.00,8.9913,35.3860,0.227490
CTD_P,20241121T141011,1017.02
CTD_P,20241121T151012,1007.70
CTD_PTSH,20241121T151035,1007.80,8.9251,35.3840,0.227497
CTD_P,20241121T151036,1007.79
CTD_P,20241121T161037,1007.12
CTD_PTSH,20241121T161100,1007.30,8.7868,35.3720,0.227588
CTD_P,20241121T161101,1007.26
CTD_P,20241121T171102,1005.10
CTD_PTSH,20241121T171125,1004.90,8.7731,35.3640,0.227639
CTD_P,20241121T171126,1004.93
CTD_P,20241121T181127,1000.15
CTD_PTSH,20241121T181150,1000.00,8.6715,35.3540,0.227742
CTD_P,20241121T181151,1000.00
CTD_P,20241121T191152,1005.56
CTD_PTSH,20241121T191215,1005.70,8.6488,35.3470,0.227780
CTD_P,20241121T191216,1005.73
CTD_P,20241121T201217,1010.18
CTD_PTSH,20241121T201240,1010.10,8.7152,35.3570,0.227692
CTD_P,20241121T201241,1010.08
CTD_P,20241121T211242,1010.33
CTD_PTSH,20241121T211305,1010.40,8.7368,35.3590,0.227629
CTD_P,20241121T211306,1010.41
CTD_P,20241121T221307,1010.15
CTD_PTSH,20241121T221330,1010.10,8.7519,35.3620,0.227609
CTD_P,20241121T221331,1010.06
CTD_P,20241121T231332,1014.64
CTD_PTSH,20241121T231355,1014.70,8.7820,35.3650,0.227585
CTD_P,20241121T231356,1014.71
CTD_P,20241122T001357,1008.95
CTD_PTSH,20241122T001420,1008.80,8.8816,35.3790,0.227444
CTD_P,20241122T001421,1008.81
CTD_P,20241122T011422,1015.21
CTD_PTSH,20241122T011445,1015.20,8.8873,35.3770,0.227441
CTD_P,20241122T011446,1015.16
CTD_P,20241122T021447,1012.38
CTD_PTSH,20241122T021510,1012.40,8.9062,35.3790,0.227394
CTD_P,20241122T021511,1012.43
CTD_P,20241122T031512,1019.73
CTD_PTSH,20241122T031535,1019.60,8.9404,35.3820,0.227366
CTD_P,20241122T031536,1019.63
CTD_P,20241122T041537,1002.65
CTD_PTSH,20241122T041600,1002.40,8.8878,35.3790,0.227361
CTD_P,20241122T041601,1002.41
CTD_P,20241122T051602,1003.99
CTD_PTSH,20241122T051625,1004.10,8.7469,35.3660,0.227530
CTD_P,20241122T051626,1004.09
CTD_P,20241122T061627,1007.79
CTD_PTSH,20241122T061650,1007.90,8.7226,35.3580,0.227554
CTD_P,20241122T061651,1007.90
CTD_P,20241122T071652,1009.46
CTD_PTSH,20241122T071715,1009.50,8.7407,35.3600,0.227529
CTD_P,20241122T071716,1009.50
CTD_P,20241122T081717,1008.33
CTD_PTSH,20241122T081740,1008.20,8.7470,35.3610,0.227509
CTD_P,20241122T081741,1008.17
CTD_P,20241122T091742,1004.63
CTD_PTSH,20241122T091805,1004.70,8.7010,35.3600,0.227483
CTD_P,20241122T091806,1004.65
CTD_P,20241122T101807,1013.83
CTD_PTSH,20241122T101830,1013.80,8.7893,35.3650,0.227458
CTD_P,20241122T101831,1013.84
CTD_P,20241122T111832,1014.10
CTD_PTSH,20241122T111855,1014.00,8.8180,35.3690,0.227393
CTD_P,20241122T111856,1013.94
CTD_P,20241122T121857,1014.94
CTD_PTSH,20241122T121920,1015.00,8.8957,35.3790,0.227292
CTD_P,20241122T121921,1014.97
CTD_P,20241122T131922,1012.74
CTD_PTSH,20241122T131945,1012.80,8.9088,35.3790,0.227257
CTD_P,20241122T131946,1012.76
CTD_P,20241122T141947,1012.41
CTD_PTSH,20241122T142010,1012.30,8.8922,35.3770,0.227274
CTD_P,20241122T142011,1012.32
CTD_P,20241122T152012,1007.29
CTD_PTSH,20241122T152035,1007.30,8.7915,35.3680,0.227334
CTD_P,20241122T152036,1007.25
CTD_P,20241122T162037,1009.48
CTD_PTSH,20241122T162100,1009.50,8.7638,35.3650,0.227376
CTD_P,20241122T162101,1009.53
CTD_P,20241122T172102,1008.81
CTD_PTSH,20241122T172125,1008.70,8.7815,35.3650,0.227374
CTD_P,20241122T172126,1008.72
CTD_P,20241122T182127,1007.48
CTD_PTSH,20241122T182150,1007.50,8.7490,35.3600,0.227365
CTD_P,20241122T182151,1007.49
CTD_P,20241122T192152,1004.69
CTD_PTSH,20241122T192215,1004.50,8.7343,35.3600,0.227382
CTD_P,20241122T192216,1004.47
CTD_P,20241122T202217,1009.14
CTD_PTSH,20241122T202240,1009.40,8.7066,35.3580,0.227380
CTD_P,20241122T202241,1009.36
CTD_P,20241122T212242,1009.82
CTD_PTSH,20241122T212305,1009.80,8.7267,35.3590,0.227370
CTD_P,20241122T212306,1009.84
CTD_P,20241122T222307,1012.33
CTD_PTSH,20241122T222330,1012.50,8.8353,35.3700,0.227219
CTD_P,20241122T222331,1012.46
CTD_P,20241122T232332,1014.38
CTD_PTSH,20241122T232355,1014.40,8.8752,35.3740,0.227185
CTD_P,20241122T232356,1014.34
CTD_P,20241123T002357,1008.50
CTD_PTSH,20241123T002420,1008.40,8.8647,35.3770,0.227179
CTD_P,20241123T002421,1008.37
CTD_P,20241123T012422,1008.49
CTD_PTSH,20241123T012445,1008.40,8.8307,35.3700,0.227209
CTD_P,20241123T012446,1008.35
CTD_P,20241123T022447,1010.97
CTD_PTSH,20241123T022510,1011.00,8.8501,35.3730,0.227184
CTD_P,20241123T022511,1010.97
CTD_P,20241123T032512,1008.48
CTD_PTSH,20241123T032535,1008.50,8.8412,35.3750,0.227166
CTD_P,20241123T032536,1008.44
CTD_P,20241123T042537,1007.68
CTD_PTSH,20241123T042600,1007.80,8.7678,35.3660,0.227191
CTD_P,20241123T042601,1007.83
CTD_P,20241123T052602,1008.31
CTD_PTSH,20241123T052625,1008.30,8.7659,35.3670,0.227207
CTD_P,20241123T052626,1008.31
CTD_P,20241123T062627,1011.20
CTD_PTSH,20241123T062650,1011.30,8.7407,35.3600,0.227214
CTD_P,20241123T062651,1011.28
CTD_P,20241123T072652,1010.35
CTD_PTSH,20241123T072715,1010.50,8.7179,35.3590,0.227204
CTD_P,20241123T072716,1010.51
CTD_P,20241123T082717,1010.49
CTD_PTSH,20241123T082740,1010.40,8.7690,35.3630,0.227202
CTD_P,20241123T082741,1010.40
CTD_P,20241123T092742,1011.69
CTD_PTSH,20241123T092805,1011.70,8.7794,35.3630,0.227194
CTD_P,20241123T092806,1011.64
CTD_P,20241123T102807,1008.49
CTD_PTSH,20241123T102830,1008.40,8.7774,35.3660,0.227135
CTD_P,20241123T102831,1008.46
CTD_P,20241123T112832,1009.13
CTD_PTSH,20241123T112855,1009.20,8.7964,35.3710,0.227092
CTD_P,20241123T112856,1009.16
CTD_P,20241123T122857,1014.81
CTD_PTSH,20241123T122920,1014.70,8.7988,35.3680,0.227102
CTD_P,20241123T122921,1014.68
CTD_P,20241123T132922,1009.16
CTD_PTSH,20241123T132945,1009.10,8.8299,35.3720,0.227041
CTD_P,20241123T132946,1009.08
CTD_P,20241123T142947,1010.26
CTD_PTSH,20241123T143010,1010.20,8.8368,35.3770,0.227008
CTD_P,20241123T143011,1010.23
CTD_P,20241123T153012,1008.10
CTD_PTSH,20241123T153035,1008.10,8.8133,35.3690,0.226997
CTD_P,20241123T153036,1008.08
CTD_P,20241123T163037,1005.58
CTD_PTSH,20241123T163100,1005.60,8.8086,35.3640,0.227013
CTD_P,20241123T163101,1005.61
CTD_P,20241123T172519,1004.52
CTD_PTSH,20241123T172542,1004.60,8.7642,35.3640,0.227029
CTD_P,20241123T172543,1004.52
Message,20241123T172545,Deep Descent Mission
CTD_P,20241123T172548,1004.54
CTD_P,20241123T172651,1005.91
CTD_P,20241123T172753,1010.71
CTD_P,20241123T172855,1017.74
CTD_P,20241123T172938,1023.49
CTD_P,20241123T172940,1023.65
CTD_P,20241123T173040,1032.24
CTD_P,20241123T173543,1075.22
CTD_P,20241123T174046,1119.66
CTD_P,20241123T174549,1163.94
CTD_P,20241123T175052,1207.72
CTD_P,20241123T175555,1247.90
CTD_P,20241123T180058,1286.30
CTD_P,20241123T180601,1322.60
CTD_P,20241123T181104,1358.60
CTD_P,20241123T181607,1393.65
CTD_P,20241123T182110,1428.63
CTD_P,20241123T182613,1463.16
CTD_P,20241123T183116,1497.39
CTD_P,20241123T183619,1530.52
CTD_P,20241123T184122,1562.41
CTD_P,20241123T184625,1592.14
CTD_P,20241123T185128,1621.27
CTD_P,20241123T185631,1649.75
CTD_P,20241123T190134,1677.56
CTD_P,20241123T190637,1706.17
CTD_P,20241123T191140,1735.25
CTD_P,20241123T191643,1764.25
CTD_P,20241123T192146,1792.34
CTD_P,20241123T192649,1818.69
CTD_P,20241123T193152,1843.41
CTD_P,20241123T193655,1866.33
CTD_P,20241123T194158,1887.59
CTD_P,20241123T194701,1907.74
CTD_P,20241123T195204,1926.98
CTD_P,20241123T195707,1945.50
CTD_P,20241123T200210,1964.00
CTD_P,20241123T200713,1983.09
CTD_P,20241123T201216,2002.51
Message,20241123T201219,ASCENT
CTD_P,20241123T201222,2002.86
CTD_P,20241123T201259,2005.07
CTD_P,20241123T201405,2006.29
CTD_P,20241123T201421,2005.74
CTD_P,20241123T201422,2005.68
CTD_P,20241123T201523,2001.70
CTD_P,20241123T201552,1999.50
CTD_P,20241123T201553,1999.42
Message,20241123T201555,CP Started
CTD_P,20241123T201630,1995.91
NO3,20241123T201639,43.07
O2,20241123T201645,96.74557,23.17394,3.26273,48.86152,50.22752,58.04500,7.81747,1042.47205,864.42078,747.54602
FLBB,20241123T201648,55,112,567
CTD_P,20241123T201650,1994.00
CTD_P,20241123T201654,1993.62
CTD_P,20241123T201756,1987.63
CTD_P,20241123T202258,1959.40
CTD_P,20241123T202800,1932.32
CTD_P,20241123T203302,1906.18
CTD_P,20241123T203416,1899.88
NO3,20241123T203425,43.31
O2,20241123T203431,86.37701,20.88531,3.61592,49.71249,51.07849,58.95013,7.87164,1058.39697,862.89258,737.24768
FLBB,20241123T203434,55,110,567
CTD_P,20241123T203436,1898.17
CTD_P,20241123T203804,1880.42
CTD_P,20241123T204306,1854.62
CTD_P,20241123T204808,1828.24
CTD_P,20241123T205310,1801.48
CTD_P,20241123T205329,1799.83
NO3,20241123T205338,43.32
O2,20241123T205344,77.12669,18.82927,3.98121,50.51088,51.87688,59.75166,7.87478,1073.13098,860.76312,726.55072
FLBB,20241123T205347,57,111,566
CTD_P,20241123T205349,1798.07
CTD_P,20241123T205812,1775.19
CTD_P,20241123T210314,1750.59
CTD_P,20241123T210816,1727.72
CTD_P,20241123T211318,1706.73
CTD_P,20241123T211457,1700.39
CTD_P,20241123T211506,1699.81
NO3,20241123T211515,43.25
O2,20241123T211521,67.72379,16.71037,4.38690,51.37458,52.74058,60.61758,7.87701,1088.47095,858.00067,714.61682
FLBB,20241123T211524,57,114,566
CTD_P,20241123T211526,1698.54
CTD_P,20241123T211820,1687.99
CTD_P,20241123T211904,1685.06
CTD_P,20241123T212006,1679.93
CTD_P,20241123T212508,1654.55
CTD_P,20241123T213010,1630.49
CTD_P,20241123T213512,1607.53
CTD_P,20241123T213654,1600.06
CTD_P,20241123T213658,1599.78
NO3,20241123T213707,43.24
O2,20241123T213713,55.52383,13.88616,4.90617,52.60862,53.97462,61.85306,7.87843,1109.39099,854.30182,699.25983
FLBB,20241123T213716,56,116,565
CTD_P,20241123T213718,1598.33
CTD_P,20241123T214014,1585.56
CTD_P,20241123T214056,1582.29
CTD_P,20241123T214158,1576.53
CTD_P,20241123T214700,1548.79
CTD_P,20241123T215202,1521.80
CTD_P,20241123T215608,1500.62
CTD_P,20241123T215618,1499.78
NO3,20241123T215627,43.16
O2,20241123T215633,42.57367,10.82729,5.55808,54.04668,55.41268,63.29120,7.87852,1132.19995,849.66858,679.85132
FLBB,20241123T215636,57,120,564
CTD_P,20241123T215638,1498.10
CTD_P,20241123T215704,1495.93
CTD_P,20241123T220206,1471.34
CTD_P,20241123T220708,1447.93
CTD_P,20241123T221210,1426.89
CTD_P,20241123T221712,1408.55
CTD_P,20241123T221754,1405.97
CTD_P,20241123T221856,1401.24
CTD_P,20241123T221914,1399.84
NO3,20241123T221923,43.01
O2,20241123T221928,30.53134,7.89677,6.22228,55.54791,56.91391,64.79022,7.87631,1154.59595,844.67023,659.93298
FLBB,20241123T221932,58,116,563
CTD_P,20241123T221934,1398.12
CTD_P,20241123T221938,1397.76
CTD_P,20241123T222040,1391.89
CTD_P,20241123T222542,1363.35
CTD_P,20241123T223044,1335.30
CTD_P,20241123T223546,1307.83
CTD_P,20241123T223715,1299.67
NO3,20241123T223724,42.13
O2,20241123T223730,20.74635,5.45698,6.89294,56.89470,58.26070,66.13556,7.87486,1173.67395,839.51892,639.67627
FLBB,20241123T223733,58,123,562
CTD_P,20241123T223735,1297.85
CTD_P,20241123T224048,1280.22
CTD_P,20241123T224550,1252.42
CTD_P,20241123T225052,1224.52
CTD_P,20241123T225520,1200.42
CTD_P,20241123T225528,1199.71
NO3,20241123T225537,41.58
O2,20241123T225543,12.94708,3.46357,7.57514,58.06841,59.43441,67.30858,7.87417,1189.76599,834.34363,618.92651
FLBB,20241123T225546,57,122,561
CTD_P,20241123T225548,1197.99
CTD_P,20241123T230050,1171.83
CTD_P,20241123T230552,1147.17
CTD_P,20241123T231054,1124.22
CTD_P,20241123T231556,1102.85
CTD_P,20241123T231639,1099.95
NO3,20241123T231648,40.62
O2,20241123T231654,7.73779,2.10783,8.31552,58.89445,60.26045,68.13757,7.87712,1200.23804,828.54749,596.24689
FLBB,20241123T231657,57,120,560
CTD_P,20241123T231659,1098.57
CTD_P,20241123T232058,1083.01
CTD_P,20241123T232140,1080.12
CTD_P,20241123T232242,1074.82
CTD_P,20241123T232744,1049.06
CTD_P,20241123T233246,1023.75
CTD_P,20241123T233732,1000.03
CTD_P,20241123T233736,999.70
NO3,20241123T233745,39.96
O2,20241123T233751,6.70335,1.84871,8.82553,59.02762,60.39362,68.27147,7.87785,1201.23499,824.42542,580.53040
FLBB,20241123T233754,56,119,559
CTD_P,20241123T233756,998.10
CTD_P,20241123T234258,974.15
CTD_P,20241123T234800,951.10
CTD_P,20241123T234817,949.85
NO3,20241123T234826,38.82
O2,20241123T234832,3.75628,1.04913,9.35338,59.54045,60.90646,68.78520,7.87875,1207.20801,820.53717,564.18640
FLBB,20241123T234835,57,121,558
CTD_P,20241123T234837,948.37
CTD_P,20241123T235302,928.75
CTD_P,20241123T235344,925.45
CTD_P,20241123T235446,919.69
CTD_P,20241123T235820,899.76
NO3,20241123T235829,37.97
O2,20241123T235835,3.00532,0.84545,9.65566,59.66198,61.02798,68.90993,7.88195,1208.16101,818.06030,554.79211
FLBB,20241123T235838,57,115,558
CTD_P,20241123T235840,897.96
CTD_P,20241123T235948,891.85
CTD_P,20241124T000449,865.34
CTD_P,20241124T000747,850.69
CTD_P,20241124T000757,849.81
NO3,20241124T000807,36.90
O2,20241124T000813,2.10236,0.59702,10.05365,59.81079,61.17680,69.06259,7.88580,1209.07397,815.17798,542.38580
FLBB,20241124T000816,56,110,557
CTD_P,20241124T000818,848.17
CTD_P,20241124T000951,840.58
CTD_P,20241124T001453,817.22
CTD_P,20241124T001839,800.49
CTD_P,20241124T001847,799.82
NO3,20241124T001857,35.83
O2,20241124T001903,1.79591,0.51414,10.39800,59.84618,61.21218,69.10403,7.89185,1208.65405,812.25470,531.61823
FLBB,20241124T001906,56,109,556
CTD_P,20241124T001907,798.37
CTD_P,20241124T001957,794.74
CTD_P,20241124T002459,773.10
CTD_P,20241124T002539,770.02
CTD_P,20241124T002641,764.40
CTD_P,20241124T002921,749.54
NO3,20241124T002931,34.06
O2,20241124T002937,1.60473,0.46363,10.79029,59.85526,61.22126,69.12068,7.89942,1207.75500,809.06378,519.31451
FLBB,20241124T002940,56,110,556
CTD_P,20241124T002941,747.76
CTD_P,20241124T003143,736.82
CTD_P,20241124T003645,711.17
CTD_P,20241124T003859,700.55
CTD_P,20241124T003907,699.82
NO3,20241124T003917,33.70
O2,20241124T003923,1.57330,0.45670,10.99362,59.84603,61.21203,69.11665,7.90462,1207.39099,807.58252,512.92230
FLBB,20241124T003926,55,110,555
CTD_P,20241124T003927,698.26
CTD_P,20241124T004149,687.20
CTD_P,20241124T004651,663.43
CTD_P,20241124T004943,649.72
NO3,20241124T004953,32.24
O2,20241124T004959,1.52295,0.44641,11.41489,59.82401,61.19001,69.10521,7.91520,1205.98804,804.08459,499.64719
FLBB,20241124T005002,55,109,555
CTD_P,20241124T005003,648.12
CTD_P,20241124T005153,639.89
CTD_P,20241124T005233,636.70
CTD_P,20241124T005335,630.92
CTD_P,20241124T005837,603.84
CTD_P,20241124T005921,600.15
CTD_P,20241124T005925,599.84
NO3,20241124T005935,30.05
O2,20241124T005941,1.44521,0.42930,11.99726,59.79583,61.16183,69.08290,7.92107,1203.98499,799.94318,481.22769
FLBB,20241124T005944,57,112,554
CTD_P,20241124T005945,598.15
CTD_P,20241124T010339,578.98
CTD_P,20241124T010841,554.77
CTD_P,20241124T010943,549.74
NO3,20241124T010953,29.11
O2,20241124T010959,1.39449,0.41742,12.33423,59.78109,61.14709,69.07794,7.93085,1202.86401,796.60272,470.53519
FLBB,20241124T011002,56,112,554
CTD_P,20241124T011003,548.12
CTD_P,20241124T011343,530.71
CTD_P,20241124T011845,506.96
CTD_P,20241124T012016,499.99
NO3,20241124T012026,28.40
O2,20241124T012032,1.35422,0.40894,12.72289,59.76027,61.12627,69.06453,7.93825,1201.71106,793.23859,458.17279
FLBB,20241124T012035,56,119,553
CTD_P,20241124T012036,498.48
CTD_P,20241124T012347,484.66
CTD_P,20241124T012427,481.61
CTD_P,20241124T012529,475.94
CTD_P,20241124T013015,450.20
CTD_P,20241124T013019,449.85
NO3,20241124T013029,26.46
O2,20241124T013035,1.28191,0.39176,13.25814,59.73584,61.10184,69.04520,7.94335,1199.82800,789.08173,441.09811
FLBB,20241124T013038,55,187,552
CTD_P,20241124T013039,448.06
CTD_P,20241124T013541,422.18
CTD_P,20241124T014002,401.50
CTD_P,20241124T014022,399.95
NO3,20241124T014032,25.08
O2,20241124T014038,1.23402,0.38130,13.75355,59.70926,61.07526,69.03021,7.95495,1198.02002,784.66827,425.24561
FLBB,20241124T014041,56,136,551
CTD_P,20241124T014042,398.36
CTD_P,20241124T014544,373.85
CTD_P,20241124T015040,351.32
CTD_P,20241124T015059,350.09
CTD_P,20241124T015103,349.80
NO3,20241124T015113,23.57
O2,20241124T015119,1.23653,0.38643,14.26910,59.66944,61.03544,69.00943,7.97399,1196.16602,780.28180,408.70279
FLBB,20241124T015122,56,156,551
CTD_P,20241124T015123,348.52
CTD_P,20241124T015543,333.18
CTD_P,20241124T020045,316.05
CTD_P,20241124T020125,313.54
CTD_P,20241124T020227,308.61
CTD_P,20241124T020307,305.22
CTD_P,20241124T020409,299.25
NO3,20241124T020419,22.00
O2,20241124T020425,1.15736,0.37041,15.36703,59.60535,60.97135,68.95912,7.98777,1191.79602,771.85651,373.33301
FLBB,20241124T020428,55,139,550
CTD_P,20241124T020429,297.40
CTD_P,20241124T020931,270.41
CTD_P,20241124T021321,250.09
CTD_P,20241124T021325,249.72
NO3,20241124T021335,20.80
O2,20241124T021341,1.08660,0.35701,16.60133,59.53004,60.89604,68.90552,8.00948,1185.37402,759.85339,333.38089
FLBB,20241124T021344,55,158,548
CTD_P,20241124T021345,247.96
CTD_P,20241124T021433,243.80
CTD_P,20241124T021935,220.89
CTD_P,20241124T022413,204.06
CTD_P,20241124T022437,202.56
CTD_P,20241124T022522,199.70
NO3,20241124T022532,21.05
O2,20241124T022538,1.04875,0.35411,17.91182,59.44133,60.80733,68.83861,8.03128,1177.88904,746.57037,290.80240
FLBB,20241124T022541,55,144,545
CTD_P,20241124T022542,198.41
CTD_P,20241124T022939,185.02
CTD_P,20241124T023017,183.38
CTD_P,20241124T023119,179.87
CTD_P,20241124T023159,177.46
CTD_P,20241124T023301,173.01
CTD_P,20241124T023341,169.88
CTD_P,20241124T023443,164.24
CTD_P,20241124T023722,149.37
NO3,20241124T023732,23.14
O2,20241124T023738,1.01194,0.35475,19.76020,59.31237,60.67838,68.73013,8.05176,1167.17798,729.58691,230.59579
FLBB,20241124T023741,52,118,543
CTD_P,20241124T023742,147.61
CTD_P,20241124T023945,138.60
CTD_P,20241124T024447,125.54
CTD_P,20241124T024949,109.08
CTD_P,20241124T025027,106.87
CTD_P,20241124T025129,102.38
CTD_P,20241124T025203,100.00
NO3,20241124T025213,20.52
O2,20241124T025219,55.80202,20.76234,22.80858,46.29116,47.65716,55.73724,8.08009,945.59442,697.89282,131.39011
FLBB,20241124T025222,59,119,539
CTD_P,20241124T025223,98.39
CTD_P,20241124T025227,98.06
CTD_P,20241124T025329,93.49
CTD_P,20241124T025407,90.77
CTD_P,20241124T025419,89.80
NO3,20241124T025429,17.87
O2,20241124T025435,81.92023,30.84633,23.43742,42.06175,43.42775,51.51323,8.08548,858.39020,690.95972,111.00440
FLBB,20241124T025438,66,125,538
CTD_P,20241124T025439,88.15
CTD_P,20241124T025509,85.76
CTD_P,20241124T025623,80.02
CTD_P,20241124T025627,79.75
NO3,20241124T025637,18.26
O2,20241124T025643,83.15253,31.46483,23.69830,41.78938,43.15538,51.23935,8.08397,852.29993,687.71613,102.55970
FLBB,20241124T025646,79,136,537
CTD_P,20241124T025647,78.35
CTD_P,20241124T025837,71.67
CTD_P,20241124T025906,69.92
NO3,20241124T025916,13.86
O2,20241124T025922,118.35700,45.81169,24.91152,37.16940,38.53540,46.62814,8.09274,748.35278,678.68939,63.40218
FLBB,20241124T025925,106,153,536
CTD_P,20241124T025926,68.79
CTD_P,20241124T030011,66.33
CTD_P,20241124T030205,61.20
CTD_P,20241124T030234,60.73
CTD_P,20241124T030253,60.70
CTD_P,20241124T030311,60.80
CTD_P,20241124T030323,60.90
CTD_P,20241124T030337,61.03
CTD_P,20241124T030352,61.16
CTD_P,20241124T030409,61.30
CTD_P,20241124T030428,61.40
CTD_P,20241124T030448,61.44
CTD_P,20241124T030508,61.33
CTD_P,20241124T030527,61.14
CTD_P,20241124T030544,60.95
CTD_P,20241124T030558,60.74
CTD_P,20241124T030610,60.55
CTD_P,20241124T030619,60.43
CTD_P,20241124T030627,60.32
CTD_P,20241124T030631,60.26
CTD_P,20241124T030635,60.20
CTD_P,20241124T030639,60.18
CTD_P,20241124T030643,60.10
CTD_P,20241124T030647,60.06
CTD_P,20241124T030655,59.98
NO3,20241124T030705,5.05
O2,20241124T030711,187.63890,74.95996,26.64108,30.93736,32.30336,40.40778,8.10442,599.26367,659.45520,7.98013
FLBB,20241124T030714,136,164,533
CTD_P,20241124T030715,59.74
CTD_P,20241124T031010,57.88
CTD_P,20241124T031050,57.18
CTD_P,20241124T031152,55.31
CTD_P,20241124T031231,54.95
CTD_P,20241124T031333,53.79
CTD_P,20241124T031411,52.75
CTD_P,20241124T031513,49.46
NO3,20241124T031523,-1.63
O2,20241124T031529,234.13750,96.89786,28.62414,27.68047,29.04647,37.16125,8.11478,517.39581,641.15930,-54.82990
FLBB,20241124T031532,72,143,531
CTD_P,20241124T031533,48.34
CTD_P,20241124T031535,48.21
NO3,20241124T031545,-1.33
O2,20241124T031550,234.46750,97.03539,28.62474,27.66489,29.03089,37.14625,8.11536,517.06598,641.02087,-54.84888
FLBB,20241124T031554,73,143,530
CTD_P,20241124T031555,47.01
CTD_P,20241124T031557,46.85
NO3,20241124T031607,-1.48
O2,20241124T031613,234.65800,97.11424,28.62472,27.65603,29.02203,37.13704,8.11500,516.80951,640.92590,-54.84839
FLBB,20241124T031616,71,144,530
CTD_P,20241124T031617,45.48
CTD_P,20241124T031619,45.33
NO3,20241124T031629,-1.47
O2,20241124T031635,234.84030,97.19279,28.62657,27.64691,29.01291,37.12647,8.11356,516.57458,640.84692,-54.90642
FLBB,20241124T031638,73,150,530
CTD_P,20241124T031639,43.84
CTD_P,20241124T031641,43.67
CTD_P,20241124T031645,43.34
NO3,20241124T031655,-1.39
O2,20241124T031701,235.06059,97.27779,28.62293,27.63798,29.00398,37.11620,8.11221,516.27209,640.74261,-54.79194
FLBB,20241124T031704,72,145,530
CTD_P,20241124T031705,41.78
CTD_P,20241124T031709,41.45
NO3,20241124T031719,-1.40
O2,20241124T031725,235.35440,97.39503,28.62039,27.62527,28.99127,37.10297,8.11169,516.03082,640.75452,-54.71209
FLBB,20241124T031728,72,143,529
CTD_P,20241124T031729,39.98
CTD_P,20241124T031733,39.68
NO3,20241124T031743,-1.52
O2,20241124T031749,235.60240,97.49998,28.62173,27.61332,28.97932,37.08986,8.11054,515.77301,640.71979,-54.75428
FLBB,20241124T031752,69,145,529
CTD_P,20241124T031753,38.12
CTD_P,20241124T031755,37.96
NO3,20241124T031805,-1.70
O2,20241124T031810,235.65511,97.51975,28.62055,27.61130,28.97730,37.08725,8.10995,515.61078,640.70673,-54.71700
FLBB,20241124T031814,74,145,529
CTD_P,20241124T031815,36.36
CTD_P,20241124T031817,36.18
NO3,20241124T031827,-1.87
O2,20241124T031832,235.77130,97.56833,28.62086,27.60583,28.97182,37.08183,8.11001,515.46667,640.69788,-54.72684
FLBB,20241124T031835,69,146,529
CTD_P,20241124T031837,34.42
CTD_P,20241124T031839,34.22
NO3,20241124T031849,-2.00
O2,20241124T031855,235.96001,97.64587,28.62051,27.59723,28.96323,37.07284,8.10960,515.28119,640.70331,-54.71592
FLBB,20241124T031858,72,145,529
CTD_P,20241124T031859,32.40
CTD_P,20241124T031901,32.19
CTD_P,20241124T031905,31.81
NO3,20241124T031915,-1.93
O2,20241124T031921,236.16229,97.73430,28.62326,27.58693,28.95293,37.06333,8.11040,515.04749,640.73962,-54.80227
FLBB,20241124T031924,71,141,529
CTD_P,20241124T031925,30.03
CTD_P,20241124T031929,29.66
NO3,20241124T031939,-1.54
O2,20241124T031945,236.18420,97.74792,28.62592,27.58497,28.95097,37.05987,8.10889,514.86932,640.74261,-54.88586
FLBB,20241124T031948,75,141,528
CTD_P,20241124T031949,27.93
CTD_P,20241124T031953,27.57
NO3,20241124T032003,-1.57
O2,20241124T032009,236.37520,97.81863,28.62107,27.57789,28.94389,37.05172,8.10783,514.79437,640.73218,-54.73362
FLBB,20241124T032012,72,144,528
CTD_P,20241124T032013,25.72
CTD_P,20241124T032017,25.32
NO3,20241124T032027,-1.71
O2,20241124T032033,236.47929,97.84984,28.61418,27.57556,28.94156,37.04990,8.10835,514.70410,640.76630,-54.51667
FLBB,20241124T032036,70,140,528
CTD_P,20241124T032037,23.36
CTD_P,20241124T032041,22.97
NO3,20241124T032051,-1.68
O2,20241124T032057,236.55431,97.88209,28.61488,27.57186,28.93786,37.04514,8.10728,514.54608,640.79150,-54.53889
FLBB,20241124T032100,69,142,528
CTD_P,20241124T032101,20.98
CTD_P,20241124T032105,20.58
NO3,20241124T032115,-1.83
O2,20241124T032121,236.58270,97.91102,28.62485,27.56701,28.93301,37.03899,8.10598,514.38013,640.79822,-54.85223
FLBB,20241124T032124,74,141,528
CTD_P,20241124T032125,18.40
CTD_P,20241124T032129,17.92
NO3,20241124T032139,-1.92
O2,20241124T032145,236.73930,97.97659,28.62529,27.55965,28.92565,37.03209,8.10644,514.23657,640.81049,-54.86629
FLBB,20241124T032148,73,143,528
CTD_P,20241124T032149,15.48
CTD_P,20241124T032153,14.98
NO3,20241124T032203,-1.23
O2,20241124T032209,236.76180,97.98734,28.62612,27.55832,28.92432,37.02975,8.10542,514.09448,640.81403,-54.89216
FLBB,20241124T032212,73,148,528
CTD_P,20241124T032213,12.47
CTD_P,20241124T032217,12.00
NO3,20241124T032227,-1.77
O2,20241124T032233,236.86780,98.03324,28.62732,27.55303,28.91903,37.02403,8.10500,514.00677,640.83881,-54.93002
FLBB,20241124T032236,72,149,528
CTD_P,20241124T032237,9.64
CTD_P,20241124T032241,9.19
NO3,20241124T032251,-1.82
O2,20241124T032257,236.86520,98.03179,28.62712,27.55322,28.91922,37.02361,8.10439,513.93958,640.80878,-54.92373
FLBB,20241124T032300,72,142,528
CTD_P,20241124T032301,6.91
CTD_P,20241124T032305,6.43
NO3,20241124T032315,-1.62
O2,20241124T032321,236.99860,98.07755,28.62160,27.54906,28.91505,37.01963,8.10458,513.83069,640.79950,-54.75024
FLBB,20241124T032324,74,141,528
CTD_P,20241124T032325,4.19
CTD_P,20241124T032329,3.77
Message,20241124T032334,CP Stopped
CTD_P,20241124T032343,2.37
Message,20241124T032346,Surface Mission
CTD_P,20241124T032349,1.82
CTD_P,20241124T032350,1.72
O2,20241124T032353,237.29559,98.21061,28.62750,27.53335,28.89935,37.00378,8.10443,513.48248,640.87469,-54.93563
CTD_P,20241124T032354,1.31
O2,20241124T032409,237.44260,98.26623,28.62447,27.52769,28.89369,36.99641,8.10272,513.29858,640.71649,-54.84033
CTD_P,20241124T032410,0.00
O2,20241124T032423,237.61600,98.31619,28.61186,27.52424,28.89024,36.98208,8.09184,513.25580,637.07599,-54.44379
CTD_P,20241124T032424,0.09
O2,20241124T032438,237.67329,98.32507,28.60326,27.52467,28.89067,36.99262,8.10195,513.28802,640.93689,-54.17353
CTD_P,20241124T032440,0.10
O2,20241124T032453,237.93190,98.36805,28.56628,27.52599,28.89199,36.98505,8.09306,513.30280,637.31567,-53.01028
CTD_P,20241124T032454,0.02
O2,20241124T032508,237.63850,98.30974,28.60273,27.52645,28.89245,36.99155,8.09910,513.24933,641.00189,-54.15672
CTD_P,20241124T032509,-0.03
O2,20241124T032524,237.80020,98.35806,28.59202,27.52286,28.88886,36.98782,8.09895,513.19128,641.10492,-53.81997
CTD_P,20241124T032525,0.06
O2,20241124T032538,237.76740,98.34669,28.59325,27.52392,28.88992,36.97976,8.08984,513.22632,637.43121,-53.85852
CTD_P,20241124T032539,0.07
O2,20241124T032553,238.17290,98.42135,28.53952,27.52450,28.89050,36.98740,8.09690,513.26868,641.15833,-52.16822
CTD_P,20241124T032555,0.07
O2,20241124T032608,237.77460,98.35304,28.59523,27.52289,28.88889,36.98555,8.09666,513.17548,641.31421,-53.92068
CTD_P,20241124T032609,0.08
CTD_P,20241124T032941,-0.19
O2,20241124T032944,268.48941,104.70340,25.31741,27.38930,28.75529,36.87236,8.11707,511.76181,656.43390,50.34967
CTD_P,20241124T032945,-0.04
O2,20241124T032959,259.03961,100.74360,25.16956,27.83542,29.20142,37.30146,8.10004,523.16803,652.86902,55.10105
CTD_P,20241124T033001,-0.17
O2,20241124T033014,254.16290,99.60423,25.58490,27.88936,29.25536,37.35001,8.09466,524.69708,655.45721,41.76245
CTD_P,20241124T033015,-0.21
O2,20241124T033029,258.81250,100.53570,25.10505,27.86921,29.23521,37.33075,8.09554,524.49579,658.19672,57.17550
CTD_P,20241124T033030,-0.16
O2,20241124T033045,258.56949,100.32690,25.04332,27.90269,29.26868,37.37025,8.10157,525.65839,662.96832,59.16104
CTD_P,20241124T033046,-0.18
O2,20241124T033059,257.41351,99.88599,25.04744,27.95051,29.31651,37.40765,8.09115,526.95227,659.45520,59.02837
CTD_P,20241124T033100,-0.16
O2,20241124T033114,258.00510,99.96819,24.96770,27.95518,29.32117,37.41878,8.09760,527.07849,663.34631,61.59386
CTD_P,20241124T033116,-0.18
O2,20241124T033129,257.15610,99.79673,25.05322,27.95936,29.32536,37.41273,8.08736,527.17358,659.53662,58.84249
CTD_P,20241124T033130,0.00
O2,20241124T033144,238.36650,96.07833,27.13697,28.02221,29.38821,37.47178,8.08357,528.75208,660.65979,-7.80674
CTD_P,20241124T033146,-0.17
O2,20241124T033159,246.41721,97.79316,26.27602,27.97341,29.33941,37.42646,8.08705,527.73523,661.66840,19.63314
CTD_P,20241124T033200,-0.18
CTD_P,20241124T033201,-0.18
CTD_P,20241124T033248,-0.16
CTD_bins,20241124T033642,25636,1000,1998.770
CTD_CP_H,20241124T033701,4.13,28.6177,36.7653,16,0.265525,8
CTD_CP_H,20241124T033701,6.03,28.6247,36.7654,18,0.265620,9
CTD_CP_H,20241124T033701,8.02,28.6262,36.7653,17,0.265717,8
CTD_CP_H,20241124T033701,9.99,28.6257,36.7661,17,0.265814,9
CTD_CP_H,20241124T033701,12.00,28.6264,36.7656,17,0.265916,8
CTD_CP_H,20241124T033702,14.03,28.6277,36.7647,16,0.266012,8
CTD_CP_H,20241124T033702,16.03,28.6262,36.7644,16,0.266117,8
CTD_CP_H,20241124T033702,18.03,28.6264,36.7645,17,0.266226,9
CTD_CP_H,20241124T033702,20.05,28.6284,36.7653,19,0.266435,9
CTD_CP_H,20241124T033702,22.03,28.6177,36.7646,20,0.266623,10
CTD_CP_H,20241124T033702,24.00,28.6159,36.7645,20,0.266803,10
CTD_CP_H,20241124T033702,26.00,28.6224,36.7647,21,0.266992,11
CTD_CP_H,20241124T033702,28.01,28.6289,36.7653,23,0.267176,11
CTD_CP_H,20241124T033702,30.02,28.6263,36.7647,23,0.267381,12
CTD_CP_H,20241124T033702,32.01,28.6265,36.7647,21,0.267575,10
CTD_CP_H,20241124T033702,34.00,28.6250,36.7642,22,0.267761,11
CTD_CP_H,20241124T033702,36.04,28.6231,36.7651,24,0.267970,12
CTD_CP_H,20241124T033702,38.04,28.6242,36.7646,25,0.268199,13
CTD_CP_H,20241124T033702,40.04,28.6250,36.7647,27,0.268436,13
CTD_CP_H,20241124T033703,42.01,28.6236,36.7651,25,0.268677,13
CTD_CP_H,20241124T033703,44.00,28.6333,36.7647,26,0.268922,13
CTD_CP_H,20241124T033703,46.00,28.6315,36.7647,28,0.269178,14
CTD_CP_H,20241124T033703,48.02,28.6334,36.7649,35,0.269476,17
CTD_CP_H,20241124T033703,50.02,28.6322,36.7650,35,0.269803,18
CTD_CP_H,20241124T033703,52.06,28.6100,36.7672,41,0.270132,20
CTD_CP_H,20241124T033703,54.09,28.5005,36.7597,98,0.270501,50
CTD_CP_H,20241124T033703,55.71,28.0492,36.6985,91,0.271149,45
CTD_CP_H,20241124T033703,58.17,26.8328,36.5736,147,0.271982,73
CTD_CP_H,20241124T033703,60.21,26.6053,36.5548,251,0.273999,126
CTD_CP_H,20241124T033703,61.46,26.3996,36.5385,182,0.275094,91
CTD_CP_H,20241124T033703,63.96,25.6716,36.4874,39,0.276608,19
CTD_CP_H,20241124T033703,65.99,25.3633,36.4636,38,0.276935,19
CTD_CP_H,20241124T033703,68.03,25.1493,36.4336,37,0.277248,19
CTD_CP_H,20241124T033704,69.99,24.8691,36.4181,33,0.277524,16
CTD_CP_H,20241124T033704,71.99,24.4629,36.3884,34,0.277774,17
CTD_CP_H,20241124T033704,73.99,24.2956,36.3755,34,0.278035,17
CTD_CP_H,20241124T033704,76.00,24.1135,36.3622,33,0.278286,17
CTD_CP_H,20241124T033704,77.98,23.8907,36.3427,30,0.278517,15
CTD_CP_H,20241124T033704,79.98,23.6630,36.3138,28,0.278725,14
CTD_CP_H,20241124T033704,81.97,23.5565,36.2905,26,0.278919,13
CTD_CP_H,20241124T033704,83.97,23.3149,36.2675,25,0.279104,12
CTD_CP_H,20241124T033704,85.99,23.3576,36.3140,25,0.279287,13
CTD_CP_H,20241124T033704,87.97,23.4431,36.3609,24,0.279469,12
CTD_CP_H,20241124T033704,89.99,23.4505,36.3805,26,0.279648,13
CTD_CP_H,20241124T033704,92.01,23.3491,36.3648,27,0.279830,13
CTD_CP_H,20241124T033704,94.00,23.1611,36.3492,29,0.280025,15
CTD_CP_H,20241124T033704,95.99,23.0119,36.3379,26,0.280214,13
CTD_CP_H,20241124T033705,97.97,22.9322,36.3391,26,0.280387,13
CTD_CP_H,20241124T033705,100.01,22.7697,36.3309,26,0.280562,13
CTD_CP_H,20241124T033705,102.01,22.5817,36.3168,30,0.280744,15
CTD_CP_H,20241124T033705,104.01,22.5288,36.3116,27,0.280933,13
CTD_CP_H,20241124T033705,106.02,22.3864,36.2993,28,0.281115,14
CTD_CP_H,20241124T033705,108.05,22.3068,36.2953,34,0.281318,17
CTD_CP_H,20241124T033705,109.98,22.2357,36.2904,36,0.281559,18
CTD_CP_H,20241124T033705,111.99,22.1761,36.2864,34,0.281801,17
CTD_CP_H,20241124T033705,113.99,22.0941,36.2843,33,0.282039,17
CTD_CP_H,20241124T033705,116.00,22.0407,36.2870,34,0.282280,17
CTD_CP_H,20241124T033705,118.01,22.0004,36.2932,36,0.282529,18
CTD_CP_H,20241124T033705,119.99,21.9188,36.2886,36,0.282789,18
CTD_CP_H,20241124T033705,122.01,21.7982,36.2824,40,0.283055,20
CTD_CP_H,20241124T033706,124.03,21.7221,36.2758,43,0.283344,21
CTD_CP_H,20241124T033706,126.02,21.5772,36.2584,48,0.283660,24
CTD_CP_H,20241124T033706,127.99,21.4000,36.2319,55,0.284013,28
CTD_CP_H,20241124T033706,129.96,21.1685,36.2027,54,0.284381,27
CTD_CP_H,20241124T033706,131.98,20.9019,36.1868,48,0.284714,24
CTD_CP_H,20241124T033706,133.97,20.7214,36.1739,42,0.285003,21
CTD_CP_H,20241124T033706,135.98,20.5710,36.1663,39,0.285261,19
CTD_CP_H,20241124T033706,137.99,20.6072,36.2058,34,0.285477,17
CTD_CP_H,20241124T033706,139.97,20.5468,36.2186,31,0.285674,16
CTD_CP_H,20241124T033706,141.98,20.3309,36.1898,28,0.285839,14
CTD_CP_H,20241124T033706,143.98,20.1730,36.1606,26,0.285985,13
CTD_CP_H,20241124T033706,145.98,20.0599,36.1612,24,0.286115,12
CTD_CP_H,20241124T033706,147.98,19.8546,36.1348,23,0.286226,11
CTD_CP_H,20241124T033706,150.00,19.6527,36.0978,23,0.286339,12
CTD_CP_H,20241124T033707,152.02,19.5307,36.0974,22,0.286443,11
CTD_CP_H,20241124T033707,153.99,19.5153,36.1204,21,0.286542,10
CTD_CP_H,20241124T033707,155.99,19.3802,36.1188,21,0.286635,11
CTD_CP_H,20241124T033707,157.99,19.2307,36.1008,21,0.286730,10
CTD_CP_H,20241124T033707,159.98,19.1104,36.0933,21,0.286819,11
CTD_CP_H,20241124T033707,161.98,19.0258,36.0920,21,0.286913,10
CTD_CP_H,20241124T033707,164.01,18.9515,36.0856,22,0.287005,11
CTD_CP_H,20241124T033707,166.03,18.9106,36.0882,22,0.287095,11
CTD_CP_H,20241124T033707,168.00,18.8096,36.0904,21,0.287195,11
CTD_CP_H,20241124T033707,170.00,18.8069,36.1051,24,0.287294,12
CTD_CP_H,20241124T033707,172.00,18.8844,36.1677,26,0.287402,13
CTD_CP_H,20241124T033707,173.96,18.9068,36.2065,28,0.287512,14
CTD_CP_H,20241124T033707,175.99,18.8094,36.1933,28,0.287627,14
CTD_CP_H,20241124T033707,178.04,18.5889,36.1701,31,0.287741,15
CTD_CP_H,20241124T033708,179.99,18.4669,36.1484,35,0.287872,18
CTD_CP_H,20241124T033708,181.98,18.3781,36.1368,35,0.288008,17
CTD_CP_H,20241124T033708,184.07,18.3192,36.1488,45,0.288168,23
CTD_CP_H,20241124T033708,185.97,18.2949,36.1656,45,0.288351,22
CTD_CP_H,20241124T033708,187.98,18.1940,36.1724,38,0.288517,19
CTD_CP_H,20241124T033708,189.96,18.1565,36.1763,36,0.288671,18
CTD_CP_H,20241124T033708,191.96,18.1148,36.1796,34,0.288817,17
CTD_CP_H,20241124T033708,194.00,18.0698,36.1800,33,0.288955,17
CTD_CP_H,20241124T033708,196.02,18.0107,36.1810,30,0.289091,15
CTD_CP_H,20241124T033708,197.99,17.9378,36.1861,30,0.289217,15
CTD_CP_H,20241124T033708,200.00,17.8952,36.1868,32,0.289351,16
CTD_CP_H,20241124T033708,202.01,17.8751,36.1875,32,0.289491,16
CTD_CP_H,20241124T033708,204.00,17.8528,36.1874,32,0.289629,16
CTD_CP_H,20241124T033709,206.01,17.7782,36.1917,33,0.289773,16
CTD_CP_H,20241124T033709,208.02,17.7367,36.1942,33,0.289921,17
CTD_CP_H,20241124T033709,210.02,17.6865,36.1980,33,0.290068,16
CTD_CP_H,20241124T033709,211.99,17.6474,36.1979,33,0.290214,17
CTD_CP_H,20241124T033709,213.97,17.6322,36.1980,34,0.290368,17
CTD_CP_H,20241124T033709,215.97,17.5636,36.2037,33,0.290518,16
CTD_CP_H,20241124T033709,217.98,17.4715,36.2040,33,0.290664,17
CTD_CP_H,20241124T033709,219.99,17.4279,36.2015,32,0.290813,16
CTD_CP_H,20241124T033709,222.00,17.3674,36.1942,31,0.290950,15
CTD_CP_H,20241124T033709,224.03,17.2592,36.1915,29,0.291083,15
CTD_CP_H,20241124T033709,226.00,17.2042,36.1907,28,0.291209,14
CTD_CP_H,20241124T033709,227.96,17.1767,36.1922,29,0.291334,14
CTD_CP_H,20241124T033709,229.97,17.1472,36.1945,28,0.291457,14
CTD_CP_H,20241124T033709,232.00,17.0759,36.1907,26,0.291577,13
CTD_CP_H,20241124T033710,234.00,16.9872,36.1841,24,0.291685,12
CTD_CP_H,20241124T033710,235.99,16.9460,36.1800,25,0.291791,13
CTD_CP_H,20241124T033710,238.02,16.9063,36.1784,24,0.291905,12
CTD_CP_H,20241124T033710,240.00,16.8758,36.1766,23,0.292001,11
CTD_CP_H,20241124T033710,241.98,16.8382,36.1737,24,0.292100,12
CTD_CP_H,20241124T033710,244.01,16.7774,36.1686,24,0.292204,12
CTD_CP_H,20241124T033710,246.03,16.7036,36.1640,23,0.292303,12
CTD_CP_H,20241124T033710,248.01,16.6234,36.1587,22,0.292397,11
CTD_CP_H,20241124T033710,249.99,16.5867,36.1561,23,0.292493,11
CTD_CP_H,20241124T033710,251.99,16.5908,36.1608,23,0.292588,12
CTD_CP_H,20241124T033710,254.00,16.5099,36.1568,23,0.292684,11
CTD_CP_H,20241124T033710,255.99,16.4598,36.1549,22,0.292774,11
CTD_CP_H,20241124T033710,257.99,16.4563,36.1591,23,0.292864,12
CTD_CP_H,20241124T033710,260.01,16.4132,36.1604,23,0.292955,11
CTD_CP_H,20241124T033711,262.00,16.3729,36.1585,22,0.293037,11
CTD_CP_H,20241124T033711,263.98,16.3149,36.1544,22,0.293123,11
CTD_CP_H,20241124T033711,266.00,16.2071,36.1444,23,0.293207,12
CTD_CP_H,20241124T033711,268.00,16.1395,36.1347,22,0.293286,11
CTD_CP_H,20241124T033711,269.98,16.0496,36.1195,23,0.293367,11
CTD_CP_H,20241124T033711,272.00,15.9684,36.1058,23,0.293441,12
CTD_CP_H,20241124T033711,274.00,15.9012,36.0955,23,0.293524,11
CTD_CP_H,20241124T033711,276.01,15.8483,36.0896,23,0.293599,12
CTD_CP_H,20241124T033711,278.00,15.7875,36.0828,22,0.293675,11
CTD_CP_H,20241124T033711,280.01,15.7294,36.0756,24,0.293753,12
CTD_CP_H,20241124T033711,282.01,15.6788,36.0695,22,0.293826,11
CTD_CP_H,20241124T033711,283.95,15.6498,36.0678,22,0.293898,11
CTD_CP_H,20241124T033711,285.95,15.6423,36.0742,23,0.293966,11
CTD_CP_H,20241124T033711,288.00,15.6331,36.0766,23,0.294038,12
CTD_CP_H,20241124T033712,290.00,15.5719,36.0703,21,0.294102,10
CTD_CP_H,20241124T033712,291.96,15.5445,36.0660,22,0.294170,11
CTD_CP_H,20241124T033712,293.98,15.4907,36.0588,22,0.294224,11
CTD_CP_H,20241124T033712,295.97,15.4204,36.0484,21,0.294283,11
CTD_CP_H,20241124T033712,297.99,15.3778,36.0407,22,0.294344,11
CTD_CP_H,20241124T033712,300.02,15.3547,36.0357,21,0.294393,10
CTD_CP_H,20241124T033712,301.99,15.2454,36.0228,20,0.294435,10
CTD_CP_H,20241124T033712,303.96,15.1384,36.0047,21,0.294487,11
CTD_CP_H,20241124T033712,305.98,15.0505,35.9872,22,0.294530,11
CTD_CP_H,20241124T033712,307.97,15.0144,35.9806,25,0.294576,12
CTD_CP_H,20241124T033712,309.98,14.9373,35.9689,25,0.294627,13
CTD_CP_H,20241124T033712,311.99,14.8129,35.9455,25,0.294681,12
CTD_CP_H,20241124T033712,314.05,14.7627,35.9344,30,0.294730,15
CTD_CP_H,20241124T033713,316.01,14.7408,35.9308,34,0.294792,17
CTD_CP_H,20241124T033713,318.00,14.7129,35.9272,36,0.294857,18
CTD_CP_H,20241124T033713,320.02,14.6843,35.9237,35,0.294931,18
CTD_CP_H,20241124T033713,322.01,14.6625,35.9204,35,0.294997,17
CTD_CP_H,20241124T033713,324.01,14.6489,35.9208,36,0.295066,18
CTD_CP_H,20241124T033713,326.01,14.6027,35.9149,35,0.295137,18
CTD_CP_H,20241124T033713,327.99,14.5509,35.9105,34,0.295204,17
CTD_CP_H,20241124T033713,329.99,14.5269,35.9089,36,0.295272,18
CTD_CP_H,20241124T033713,332.03,14.5056,35.9106,36,0.295336,18
CTD_CP_H,20241124T033713,334.02,14.4738,35.9078,35,0.295407,17
CTD_CP_H,20241124T033713,336.01,14.4287,35.9045,35,0.295470,18
CTD_CP_H,20241124T033713,338.01,14.3939,35.9024,35,0.295541,17
CTD_CP_H,20241124T033713,340.02,14.3766,35.9012,35,0.295606,18
CTD_CP_H,20241124T033713,342.02,14.3611,35.9004,34,0.295674,17
CTD_CP_H,20241124T033714,344.03,14.3249,35.8999,33,0.295738,16
CTD_CP_H,20241124T033714,345.99,14.3095,35.9021,31,0.295804,16
CTD_CP_H,20241124T033714,347.99,14.2783,35.8992,32,0.295864,16
CTD_CP_H,20241124T033714,350.01,14.2677,35.8985,31,0.295925,15
CTD_CP_H,20241124T033714,352.02,14.2531,35.8979,30,0.295988,15
CTD_CP_H,20241124T033714,354.01,14.2164,35.8951,29,0.296045,15
CTD_CP_H,20241124T033714,355.99,14.1913,35.8920,27,0.296096,13
CTD_CP_H,20241124T033714,357.99,14.1616,35.8906,27,0.296151,14
CTD_CP_H,20241124T033714,359.98,14.1531,35.8893,26,0.296208,13
CTD_CP_H,20241124T033714,361.99,14.1374,35.8879,27,0.296260,13
CTD_CP_H,20241124T033714,364.00,14.1133,35.8863,25,0.296312,13
CTD_CP_H,20241124T033714,365.97,14.1047,35.8874,25,0.296365,12
CTD_CP_H,20241124T033714,367.99,14.0925,35.8868,25,0.296417,13
CTD_CP_H,20241124T033714,370.02,14.0839,35.8859,25,0.296471,12
CTD_CP_H,20241124T033715,372.02,14.0682,35.8850,24,0.296520,12
CTD_CP_H,20241124T033715,373.97,14.0497,35.8839,24,0.296566,12
CTD_CP_H,20241124T033715,376.00,14.0109,35.8821,25,0.296623,13
CTD_CP_H,20241124T033715,378.03,13.9961,35.8834,24,0.296672,12
CTD_CP_H,20241124T033715,380.03,13.9832,35.8827,24,0.296720,12
CTD_CP_H,20241124T033715,382.01,13.9761,35.8819,24,0.296773,12
CTD_CP_H,20241124T033715,384.01,13.9590,35.8801,25,0.296821,12
CTD_CP_H,20241124T033715,386.02,13.9319,35.8776,24,0.296870,12
CTD_CP_H,20241124T033715,388.01,13.9071,35.8753,25,0.296926,13
CTD_CP_H,20241124T033715,390.02,13.8934,35.8733,25,0.296975,12
CTD_CP_H,20241124T033715,392.01,13.8720,35.8712,25,0.297022,13
CTD_CP_H,20241124T033715,394.00,13.8301,35.8675,25,0.297080,12
CTD_CP_H,20241124T033715,395.99,13.7997,35.8657,25,0.297129,13
CTD_CP_H,20241124T033716,398.01,13.7684,35.8627,26,0.297176,13
CTD_CP_H,20241124T033716,400.02,13.7431,35.8605,25,0.297230,12
CTD_CP_H,20241124T033716,401.98,13.7347,35.8609,25,0.297285,13
CTD_CP_H,20241124T033716,403.97,13.7276,35.8603,26,0.297331,13
CTD_CP_H,20241124T033716,405.98,13.7152,35.8590,26,0.297388,13
CTD_CP_H,20241124T033716,408.00,13.6877,35.8562,26,0.297440,13
CTD_CP_H,20241124T033716,410.00,13.6477,35.8530,25,0.297486,12
CTD_CP_H,20241124T033716,412.00,13.6348,35.8536,26,0.297533,13
CTD_CP_H,20241124T033716,414.00,13.6064,35.8509,25,0.297587,13
CTD_CP_H,20241124T033716,415.97,13.5940,35.8494,25,0.297630,12
CTD_CP_H,20241124T033716,417.98,13.5666,35.8461,25,0.297680,13
CTD_CP_H,20241124T033716,419.98,13.5170,35.8383,24,0.297727,12
CTD_CP_H,20241124T033716,422.00,13.4873,35.8332,25,0.297774,12
CTD_CP_H,20241124T033716,424.03,13.4754,35.8309,24,0.297819,12
CTD_CP_H,20241124T033717,425.99,13.4533,35.8270,23,0.297867,12
CTD_CP_H,20241124T033717,427.95,13.4219,35.8222,24,0.297904,12
CTD_CP_H,20241124T033717,429.98,13.3985,35.8193,24,0.297953,12
CTD_CP_H,20241124T033717,431.98,13.3875,35.8184,23,0.297991,11
CTD_CP_H,20241124T033717,434.00,13.3504,35.8140,24,0.298034,12
CTD_CP_H,20241124T033717,436.01,13.3213,35.8089,23,0.298078,12
CTD_CP_H,20241124T033717,437.97,13.3045,35.8068,23,0.298124,11
CTD_CP_H,20241124T033717,440.00,13.2993,35.8072,24,0.298165,12
CTD_CP_H,20241124T033717,442.00,13.2901,35.8086,22,0.298202,11
CTD_CP_H,20241124T033717,443.97,13.2510,35.8047,23,0.298246,12
CTD_CP_H,20241124T033717,446.01,13.2504,35.8084,23,0.298289,11
CTD_CP_H,20241124T033717,448.06,13.2630,35.8156,23,0.298332,12
CTD_CP_H,20241124T033717,450.06,13.2427,35.8137,22,0.298367,11
CTD_CP_H,20241124T033717,452.02,13.2082,35.8103,22,0.298410,11
CTD_CP_H,20241124T033718,453.98,13.1838,35.8073,22,0.298451,11
CTD_CP_H,20241124T033718,455.98,13.1687,35.8056,23,0.298489,11
CTD_CP_H,20241124T033718,457.99,13.1479,35.8023,22,0.298521,11
CTD_CP_H,20241124T033718,460.01,13.1128,35.7974,23,0.298561,12
CTD_CP_H,20241124T033718,462.03,13.0891,35.7946,22,0.298601,11
CTD_CP_H,20241124T033718,463.98,13.0697,35.7911,22,0.298634,11
CTD_CP_H,20241124T033718,465.99,13.0473,35.7877,23,0.298670,11
CTD_CP_H,20241124T033718,468.02,13.0050,35.7846,22,0.298702,11
CTD_CP_H,20241124T033718,469.98,12.9899,35.7837,21,0.298740,11
CTD_CP_H,20241124T033718,471.95,12.9959,35.7894,22,0.298778,11
CTD_CP_H,20241124T033718,473.97,12.9781,35.7876,22,0.298809,11
CTD_CP_H,20241124T033718,476.00,12.9470,35.7842,22,0.298849,11
CTD_CP_H,20241124T033718,478.03,12.9155,35.7789,22,0.298884,11
CTD_CP_H,20241124T033719,480.04,12.9094,35.7816,22,0.298919,11
CTD_CP_H,20241124T033719,482.05,12.8915,35.7801,24,0.298952,12
CTD_CP_H,20241124T033719,484.02,12.8770,35.7774,27,0.298990,13
CTD_CP_H,20241124T033719,486.00,12.8650,35.7758,29,0.299037,15
CTD_CP_H,20241124T033719,488.02,12.8377,35.7736,28,0.299082,14
CTD_CP_H,20241124T033719,489.99,12.8168,35.7705,27,0.299120,13
CTD_CP_H,20241124T033719,491.99,12.7853,35.7670,28,0.299162,14
CTD_CP_H,20241124T033719,493.99,12.7694,35.7656,27,0.299211,14
CTD_CP_H,20241124T033719,496.01,12.7590,35.7652,28,0.299251,14
CTD_CP_H,20241124T033719,498.00,12.7347,35.7624,26,0.299291,13
CTD_CP_H,20241124T033719,499.98,12.7182,35.7610,27,0.299341,13
CTD_CP_H,20241124T033719,501.97,12.7154,35.7626,26,0.299385,13
CTD_CP_H,20241124T033719,503.96,12.7024,35.7607,26,0.299417,13
CTD_CP_H,20241124T033719,505.99,12.6709,35.7572,26,0.299462,13
CTD_CP_H,20241124T033720,507.98,12.6584,35.7572,25,0.299514,13
CTD_CP_H,20241124T033720,510.00,12.6616,35.7587,26,0.299551,13
CTD_CP_H,20241124T033720,512.00,12.6526,35.7570,25,0.299595,12
CTD_CP_H,20241124T033720,513.97,12.6385,35.7539,25,0.299641,13
CTD_CP_H,20241124T033720,515.98,12.6362,35.7547,26,0.299685,13
CTD_CP_H,20241124T033720,517.98,12.6279,35.7547,25,0.299728,12
CTD_CP_H,20241124T033720,520.00,12.6173,35.7538,26,0.299776,13
CTD_CP_H,20241124T033720,522.01,12.6072,35.7529,25,0.299822,13
CTD_CP_H,20241124T033720,524.01,12.5961,35.7522,26,0.299866,13
CTD_CP_H,20241124T033720,526.00,12.5829,35.7506,25,0.299911,12
CTD_CP_H,20241124T033720,527.99,12.5666,35.7487,26,0.299960,13
CTD_CP_H,20241124T033720,529.99,12.5449,35.7471,25,0.300007,13
CTD_CP_H,20241124T033720,532.00,12.5268,35.7453,26,0.300051,13
CTD_CP_H,20241124T033720,534.03,12.5222,35.7454,25,0.300098,12
CTD_CP_H,20241124T033721,536.01,12.5100,35.7458,25,0.300144,13
CTD_CP_H,20241124T033721,537.98,12.4976,35.7448,25,0.300186,12
CTD_CP_H,20241124T033721,539.97,12.4797,35.7427,25,0.300232,13
CTD_CP_H,20241124T033721,541.99,12.4644,35.7404,26,0.300280,13
CTD_CP_H,20241124T033721,544.02,12.4405,35.7358,25,0.300320,12
CTD_CP_H,20241124T033721,545.99,12.4162,35.7297,25,0.300362,13
CTD_CP_H,20241124T033721,547.96,12.3614,35.7211,25,0.300406,12
CTD_CP_H,20241124T033721,549.97,12.3199,35.7153,25,0.300448,13
CTD_CP_H,20241124T033721,551.98,12.3054,35.7144,25,0.300490,12
CTD_CP_H,20241124T033721,554.00,12.2767,35.7098,25,0.300531,13
CTD_CP_H,20241124T033721,556.02,12.2451,35.7037,25,0.300582,12
CTD_CP_H,20241124T033721,558.04,12.2334,35.7010,25,0.300624,13
CTD_CP_H,20241124T033721,560.01,12.2220,35.7010,24,0.300669,12
CTD_CP_H,20241124T033722,562.01,12.2305,35.7059,26,0.300718,13
CTD_CP_H,20241124T033722,564.00,12.2425,35.7109,25,0.300766,12
CTD_CP_H,20241124T033722,565.97,12.2446,35.7127,25,0.300816,13
CTD_CP_H,20241124T033722,567.97,12.2452,35.7138,25,0.300863,12
CTD_CP_H,20241124T033722,569.99,12.2510,35.7168,25,0.300912,13
CTD_CP_H,20241124T033722,572.01,12.2266,35.7133,25,0.300959,12
CTD_CP_H,20241124T033722,573.99,12.2043,35.7097,24,0.301004,12
CTD_CP_H,20241124T033722,575.99,12.1732,35.7051,25,0.301054,13
CTD_CP_H,20241124T033722,578.01,12.1386,35.6999,25,0.301100,12
CTD_CP_H,20241124T033722,580.04,12.1026,35.6957,25,0.301152,13
CTD_CP_H,20241124T033722,582.02,12.0903,35.6943,24,0.301200,12
CTD_CP_H,20241124T033722,584.02,12.0769,35.6924,25,0.301246,12
CTD_CP_H,20241124T033722,586.01,12.0712,35.6925,24,0.301299,12
CTD_CP_H,20241124T033722,588.01,12.0887,35.7003,25,0.301346,13
CTD_CP_H,20241124T033723,590.01,12.1003,35.7053,24,0.301395,12
CTD_CP_H,20241124T033723,591.98,12.1032,35.7069,24,0.301440,12
CTD_CP_H,20241124T033723,594.00,12.0879,35.7061,25,0.301488,12
CTD_CP_H,20241124T033723,596.02,12.0574,35.7016,24,0.301530,12
CTD_CP_H,20241124T033723,597.98,12.0239,35.6962,23,0.301572,12
CTD_CP_H,20241124T033723,599.94,11.9850,35.6883,24,0.301611,12
CTD_CP_H,20241124T033723,601.99,11.9239,35.6775,25,0.301649,12
CTD_CP_H,20241124T033723,604.01,11.8387,35.6639,23,0.301682,12
CTD_CP_H,20241124T033723,605.98,11.7859,35.6538,23,0.301714,11
CTD_CP_H,20241124T033723,607.96,11.7219,35.6441,23,0.301752,12
CTD_CP_H,20241124T033723,609.99,11.6987,35.6392,24,0.301792,12
CTD_CP_H,20241124T033723,612.01,11.6757,35.6356,22,0.301829,11
CTD_CP_H,20241124T033723,613.97,11.6690,35.6346,22,0.301858,11
CTD_CP_H,20241124T033723,615.99,11.6939,35.6428,23,0.301893,11
CTD_CP_H,20241124T033724,618.01,11.7061,35.6499,22,0.301927,11
CTD_CP_H,20241124T033724,620.01,11.6773,35.6469,22,0.301964,11
CTD_CP_H,20241124T033724,622.00,11.6600,35.6440,22,0.301996,11
CTD_CP_H,20241124T033724,623.97,11.6307,35.6396,21,0.302027,11
CTD_CP_H,20241124T033724,625.95,11.6100,35.6371,22,0.302060,11
CTD_CP_H,20241124T033724,627.99,11.6029,35.6361,22,0.302095,11
CTD_CP_H,20241124T033724,629.99,11.5929,35.6352,21,0.302126,10
CTD_CP_H,20241124T033724,632.01,11.5758,35.6334,22,0.302157,11
CTD_CP_H,20241124T033724,634.02,11.5681,35.6329,21,0.302191,11
CTD_CP_H,20241124T033724,636.00,11.5667,35.6333,22,0.302230,11
CTD_CP_H,20241124T033724,638.04,11.5405,35.6313,25,0.302262,12
CTD_CP_H,20241124T033724,640.02,11.5145,35.6281,27,0.302301,14
CTD_CP_H,20241124T033724,642.03,11.5066,35.6267,27,0.302341,13
CTD_CP_H,20241124T033724,644.01,11.5002,35.6250,26,0.302382,13
CTD_CP_H,20241124T033725,645.99,11.4702,35.6196,27,0.302423,14
CTD_CP_H,20241124T033725,648.01,11.4375,35.6142,26,0.302461,13
CTD_CP_H,20241124T033725,650.00,11.3891,35.6071,25,0.302497,12
CTD_CP_H,20241124T033725,651.99,11.3962,35.6102,26,0.302539,13
CTD_CP_H,20241124T033725,654.01,11.4067,35.6135,25,0.302581,13
CTD_CP_H,20241124T033725,656.01,11.4320,35.6242,25,0.302618,12
CTD_CP_H,20241124T033725,658.00,11.4359,35.6254,25,0.302655,13
CTD_CP_H,20241124T033725,660.01,11.4113,35.6227,25,0.302694,12
CTD_CP_H,20241124T033725,662.02,11.3973,35.6219,25,0.302729,13
CTD_CP_H,20241124T033725,664.02,11.3446,35.6145,25,0.302767,12
CTD_CP_H,20241124T033725,666.02,11.3205,35.6106,25,0.302798,13
CTD_CP_H,20241124T033725,668.02,11.3011,35.6077,25,0.302832,12
CTD_CP_H,20241124T033725,670.01,11.2775,35.6035,25,0.302866,13
CTD_CP_H,20241124T033726,672.01,11.2611,35.6005,26,0.302895,13
CTD_CP_H,20241124T033726,674.01,11.2222,35.5937,25,0.302926,12
CTD_CP_H,20241124T033726,675.99,11.1511,35.5812,25,0.302955,13
CTD_CP_H,20241124T033726,677.98,11.1336,35.5777,26,0.302985,13
CTD_CP_H,20241124T033726,680.00,11.1100,35.5756,26,0.303019,13
CTD_CP_H,20241124T033726,682.02,11.0734,35.5712,26,0.303045,13
CTD_CP_H,20241124T033726,684.01,11.0665,35.5734,25,0.303074,12
CTD_CP_H,20241124T033726,686.00,11.0646,35.5767,26,0.303103,13
CTD_CP_H,20241124T033726,687.99,11.0604,35.5770,25,0.303138,13
CTD_CP_H,20241124T033726,689.99,11.0572,35.5782,26,0.303166,13
CTD_CP_H,20241124T033726,692.02,11.0506,35.5789,26,0.303195,13
CTD_CP_H,20241124T033726,694.02,11.0297,35.5792,25,0.303222,12
CTD_CP_H,20241124T033726,695.98,11.0079,35.5756,25,0.303254,13
CTD_CP_H,20241124T033726,697.98,10.9973,35.5736,26,0.303282,13
CTD_CP_H,20241124T033727,700.02,10.9917,35.5730,26,0.303312,13
CTD_CP_H,20241124T033727,702.03,10.9763,35.5703,25,0.303337,12
CTD_CP_H,20241124T033727,704.01,10.9492,35.5644,25,0.303369,13
CTD_CP_H,20241124T033727,705.99,10.8995,35.5576,25,0.303399,12
CTD_CP_H,20241124T033727,708.00,10.8774,35.5556,25,0.303427,13
CTD_CP_H,20241124T033727,710.02,10.8722,35.5575,25,0.303460,12
CTD_CP_H,20241124T033727,712.02,10.8645,35.5579,24,0.303489,12
CTD_CP_H,20241124T033727,713.98,10.8850,35.5656,24,0.303521,12
CTD_CP_H,20241124T033727,716.00,10.9283,35.5812,25,0.303559,13
CTD_CP_H,20241124T033727,718.04,10.9381,35.5869,24,0.303592,12
CTD_CP_H,20241124T033727,720.00,10.9337,35.5882,23,0.303620,11
CTD_CP_H,20241124T033727,721.97,10.9288,35.5882,24,0.303652,12
CTD_CP_H,20241124T033727,724.00,10.9179,35.5874,24,0.303689,12
CTD_CP_H,20241124T033727,725.99,10.9021,35.5861,23,0.303722,12
CTD_CP_H,20241124T033728,728.01,10.8946,35.5851,24,0.303757,12
CTD_CP_H,20241124T033728,729.99,10.8861,35.5839,22,0.303790,11
CTD_CP_H,20241124T033728,731.97,10.8801,35.5839,23,0.303819,11
CTD_CP_H,20241124T033728,733.99,10.8726,35.5831,23,0.303853,12
CTD_CP_H,20241124T033728,736.01,10.8635,35.5823,23,0.303886,11
CTD_CP_H,20241124T033728,737.99,10.8471,35.5805,22,0.303920,11
CTD_CP_H,20241124T033728,740.00,10.8268,35.5789,23,0.303956,12
CTD_CP_H,20241124T033728,742.00,10.8148,35.5775,22,0.303983,11
CTD_CP_H,20241124T033728,743.97,10.8112,35.5771,22,0.304017,11
CTD_CP_H,20241124T033728,745.97,10.8006,35.5760,22,0.304049,11
CTD_CP_H,20241124T033728,747.96,10.7942,35.5751,22,0.304086,11
CTD_CP_H,20241124T033728,749.96,10.7830,35.5746,22,0.304117,11
CTD_CP_H,20241124T033728,751.97,10.7704,35.5735,22,0.304148,11
CTD_CP_H,20241124T033729,754.00,10.7532,35.5722,22,0.304180,11
CTD_CP_H,20241124T033729,756.03,10.7428,35.5711,22,0.304217,11
CTD_CP_H,20241124T033729,758.02,10.7385,35.5706,21,0.304248,10
CTD_CP_H,20241124T033729,760.01,10.7335,35.5701,22,0.304285,11
CTD_CP_H,20241124T033729,762.02,10.7287,35.5695,21,0.304315,11
CTD_CP_H,20241124T033729,764.01,10.7238,35.5692,22,0.304354,11
CTD_CP_H,20241124T033729,766.04,10.7107,35.5678,22,0.304385,11
CTD_CP_H,20241124T033729,768.05,10.6951,35.5665,22,0.304422,11
CTD_CP_H,20241124T033729,770.05,10.6840,35.5658,23,0.304453,11
CTD_CP_H,20241124T033729,772.03,10.6779,35.5652,27,0.304492,14
CTD_CP_H,20241124T033729,774.00,10.6700,35.5645,28,0.304540,14
CTD_CP_H,20241124T033729,775.99,10.6605,35.5633,28,0.304587,14
CTD_CP_H,20241124T033729,778.01,10.6583,35.5627,29,0.304627,14
CTD_CP_H,20241124T033729,780.02,10.6401,35.5598,28,0.304673,14
CTD_CP_H,20241124T033730,782.02,10.6031,35.5554,28,0.304720,14
CTD_CP_H,20241124T033730,784.02,10.5871,35.5551,28,0.304761,14
CTD_CP_H,20241124T033730,786.01,10.5783,35.5542,27,0.304803,14
CTD_CP_H,20241124T033730,787.99,10.5545,35.5516,28,0.304847,14
CTD_CP_H,20241124T033730,789.99,10.5324,35.5487,28,0.304888,14
CTD_CP_H,20241124T033730,792.01,10.5015,35.5452,28,0.304929,14
CTD_CP_H,20241124T033730,794.01,10.4760,35.5418,27,0.304968,13
CTD_CP_H,20241124T033730,796.00,10.4534,35.5380,27,0.305010,14
CTD_CP_H,20241124T033730,798.00,10.4167,35.5329,27,0.305046,13
CTD_CP_H,20241124T033730,799.98,10.3914,35.5277,27,0.305087,14
CTD_CP_H,20241124T033730,801.97,10.3692,35.5240,27,0.305127,13
CTD_CP_H,20241124T033730,803.97,10.3652,35.5246,27,0.305168,14
CTD_CP_H,20241124T033730,805.98,10.3521,35.5235,27,0.305206,13
CTD_CP_H,20241124T033730,807.99,10.3395,35.5217,27,0.305252,14
CTD_CP_H,20241124T033731,810.00,10.3306,35.5199,27,0.305298,13
CTD_CP_H,20241124T033731,811.98,10.3106,35.5178,26,0.305333,13
CTD_CP_H,20241124T033731,813.98,10.3070,35.5167,28,0.305377,14
CTD_CP_H,20241124T033731,816.03,10.3045,35.5169,27,0.305428,14
CTD_CP_H,20241124T033731,818.01,10.2894,35.5165,26,0.305470,13
CTD_CP_H,20241124T033731,820.02,10.2861,35.5166,27,0.305516,13
CTD_CP_H,20241124T033731,822.03,10.2969,35.5223,26,0.305560,13
CTD_CP_H,20241124T033731,824.02,10.2946,35.5240,26,0.305606,13
CTD_CP_H,20241124T033731,825.99,10.2932,35.5251,26,0.305648,13
CTD_CP_H,20241124T033731,827.97,10.2747,35.5245,26,0.305695,13
CTD_CP_H,20241124T033731,829.99,10.2544,35.5222,27,0.305745,14
CTD_CP_H,20241124T033731,832.04,10.2341,35.5205,26,0.305788,13
CTD_CP_H,20241124T033731,834.05,10.2081,35.5172,25,0.305829,12
CTD_CP_H,20241124T033731,836.03,10.1962,35.5151,25,0.305871,13
CTD_CP_H,20241124T033732,838.02,10.1798,35.5140,25,0.305913,12
CTD_CP_H,20241124T033732,840.02,10.1607,35.5120,25,0.305952,13
CTD_CP_H,20241124T033732,842.03,10.1381,35.5092,25,0.305986,12
CTD_CP_H,20241124T033732,844.02,10.1123,35.5065,25,0.306030,13
CTD_CP_H,20241124T033732,845.99,10.0901,35.5038,24,0.306069,12
CTD_CP_H,20241124T033732,847.99,10.0720,35.5015,25,0.306107,12
CTD_CP_H,20241124T033732,850.00,10.0401,35.4975,24,0.306138,12
CTD_CP_H,20241124T033732,851.98,10.0090,35.4939,24,0.306184,12
CTD_CP_H,20241124T033732,853.99,9.9933,35.4911,25,0.306222,13
CTD_CP_H,20241124T033732,856.00,9.9813,35.4898,24,0.306257,12
CTD_CP_H,20241124T033732,857.96,9.9593,35.4873,24,0.306294,12
CTD_CP_H,20241124T033732,859.97,9.9315,35.4840,25,0.306331,12
CTD_CP_H,20241124T033732,862.00,9.9177,35.4821,24,0.306368,12
CTD_CP_H,20241124T033733,864.03,9.9024,35.4804,24,0.306404,12
CTD_CP_H,20241124T033733,866.03,9.8954,35.4805,23,0.306440,12
CTD_CP_H,20241124T033733,867.98,9.8758,35.4789,23,0.306474,11
CTD_CP_H,20241124T033733,869.95,9.8583,35.4762,23,0.306508,12
CTD_CP_H,20241124T033733,871.98,9.8509,35.4750,24,0.306550,12
CTD_CP_H,20241124T033733,874.02,9.8440,35.4744,23,0.306581,11
CTD_CP_H,20241124T033733,876.00,9.8425,35.4753,22,0.306613,11
CTD_CP_H,20241124T033733,877.98,9.8423,35.4770,23,0.306649,12
CTD_CP_H,20241124T033733,880.01,9.8297,35.4756,23,0.306684,11
CTD_CP_H,20241124T033733,882.00,9.7844,35.4703,22,0.306712,11
CTD_CP_H,20241124T033733,884.03,9.7551,35.4661,23,0.306749,12
CTD_CP_H,20241124T033733,886.03,9.7311,35.4635,22,0.306781,11
CTD_CP_H,20241124T033733,888.02,9.7185,35.4620,23,0.306813,11
CTD_CP_H,20241124T033733,890.00,9.7152,35.4617,22,0.306849,11
CTD_CP_H,20241124T033734,892.00,9.7059,35.4601,23,0.306881,12
CTD_CP_H,20241124T033734,894.01,9.6846,35.4578,22,0.306914,11
CTD_CP_H,20241124T033734,896.00,9.6689,35.4563,22,0.306947,11
CTD_CP_H,20241124T033734,897.99,9.6609,35.4552,22,0.306982,11
CTD_CP_H,20241124T033734,899.99,9.6570,35.4551,22,0.307016,11
CTD_CP_H,20241124T033734,901.99,9.6519,35.4539,22,0.307050,11
CTD_CP_H,20241124T033734,904.02,9.6402,35.4526,22,0.307077,11
CTD_CP_H,20241124T033734,906.03,9.6249,35.4507,22,0.307110,11
CTD_CP_H,20241124T033734,908.01,9.6021,35.4491,21,0.307150,10
CTD_CP_H,20241124T033734,910.00,9.5831,35.4499,22,0.307171,11
CTD_CP_H,20241124T033734,912.00,9.5788,35.4503,21,0.307206,11
CTD_CP_H,20241124T033734,914.02,9.5780,35.4512,22,0.307237,11
CTD_CP_H,20241124T033734,916.04,9.5762,35.4544,21,0.307271,10
CTD_CP_H,20241124T033734,918.00,9.5486,35.4511,20,0.307305,10
CTD_CP_H,20241124T033735,920.00,9.5284,35.4477,22,0.307332,11
CTD_CP_H,20241124T033735,922.02,9.5283,35.4503,21,0.307364,11
CTD_CP_H,20241124T033735,923.98,9.5113,35.4484,21,0.307396,10
CTD_CP_H,20241124T033735,925.97,9.4920,35.4470,23,0.307433,12
CTD_CP_H,20241124T033735,927.99,9.4778,35.4457,28,0.307469,14
CTD_CP_H,20241124T033735,930.00,9.4691,35.4443,27,0.307508,13
CTD_CP_H,20241124T033735,931.99,9.4530,35.4425,27,0.307551,14
CTD_CP_H,20241124T033735,933.99,9.4432,35.4411,27,0.307600,13
CTD_CP_H,20241124T033735,935.99,9.4266,35.4393,27,0.307636,14
CTD_CP_H,20241124T033735,937.99,9.4138,35.4374,27,0.307673,13
CTD_CP_H,20241124T033735,939.98,9.4000,35.4360,27,0.307723,14
CTD_CP_H,20241124T033735,941.98,9.3932,35.4349,27,0.307767,13
CTD_CP_H,20241124T033735,943.99,9.3867,35.4341,27,0.307804,14
CTD_CP_H,20241124T033736,945.99,9.3832,35.4334,27,0.307846,13
CTD_CP_H,20241124T033736,947.99,9.3716,35.4317,27,0.307894,14
CTD_CP_H,20241124T033736,949.99,9.3513,35.4288,27,0.307937,13
CTD_CP_H,20241124T033736,952.00,9.3061,35.4243,27,0.307974,14
CTD_CP_H,20241124T033736,953.99,9.2878,35.4220,26,0.308018,13
CTD_CP_H,20241124T033736,955.98,9.2748,35.4201,27,0.308068,13
CTD_CP_H,20241124T033736,958.02,9.2692,35.4191,27,0.308106,14
CTD_CP_H,20241124T033736,960.01,9.2576,35.4180,26,0.308146,13
CTD_CP_H,20241124T033736,961.98,9.2504,35.4171,26,0.308192,13
CTD_CP_H,20241124T033736,963.96,9.2382,35.4161,26,0.308230,13
CTD_CP_H,20241124T033736,965.96,9.2290,35.4142,26,0.308269,13
CTD_CP_H,20241124T033736,967.97,9.2044,35.4120,26,0.308308,13
CTD_CP_H,20241124T033736,969.98,9.1786,35.4102,26,0.308353,13
CTD_CP_H,20241124T033736,972.00,9.1677,35.4095,26,0.308390,13
CTD_CP_H,20241124T033737,974.00,9.1419,35.4066,25,0.308428,12
CTD_CP_H,20241124T033737,975.99,9.1295,35.4045,26,0.308461,13
CTD_CP_H,20241124T033737,978.02,9.1153,35.4026,26,0.308498,13
CTD_CP_H,20241124T033737,980.00,9.0921,35.3991,25,0.308529,13
CTD_CP_H,20241124T033737,981.97,9.0490,35.3931,25,0.308566,12
CTD_CP_H,20241124T033737,984.00,9.0100,35.3879,26,0.308594,13
CTD_CP_H,20241124T033737,986.03,8.9674,35.3837,25,0.308627,13
CTD_CP_H,20241124T033737,988.00,8.9380,35.3810,25,0.308664,12
CTD_CP_H,20241124T033737,990.00,8.9287,35.3797,25,0.308693,13
CTD_CP_H,20241124T033737,991.99,8.9200,35.3788,25,0.308721,12
CTD_CP_H,20241124T033737,993.98,8.8916,35.3771,25,0.308745,13
CTD_CP_H,20241124T033737,995.99,8.8589,35.3735,25,0.308781,12
CTD_CP_H,20241124T033737,998.01,8.8400,35.3718,25,0.308817,13
CTD_CP_H,20241124T033737,1000.00,8.8255,35.3697,24,0.308843,12
CTD_CP_H,20241124T033738,1002.01,8.8214,35.3692,25,0.308869,12
CTD_CP_H,20241124T033738,1004.03,8.8213,35.3691,24,0.308902,12
CTD_CP_H,20241124T033738,1006.01,8.8160,35.3682,24,0.308935,12
CTD_CP_H,20241124T033738,1007.98,8.8016,35.3666,24,0.308966,12
CTD_CP_H,20241124T033738,1010.02,8.7902,35.3654,25,0.308996,13
CTD_CP_H,20241124T033738,1012.02,8.7805,35.3644,23,0.309027,11
CTD_CP_H,20241124T033738,1014.02,8.7742,35.3635,25,0.309061,13
CTD_CP_H,20241124T033738,1016.05,8.7684,35.3629,24,0.309091,12
CTD_CP_H,20241124T033738,1018.01,8.7645,35.3624,23,0.309121,11
CTD_CP_H,20241124T033738,1019.96,8.7589,35.3618,24,0.309151,12
CTD_CP_H,20241124T033738,1022.00,8.7493,35.3606,25,0.309183,13
CTD_CP_H,20241124T033738,1024.03,8.7347,35.3589,24,0.309221,12
CTD_CP_H,20241124T033738,1025.99,8.7293,35.3578,23,0.309253,11
CTD_CP_H,20241124T033738,1027.98,8.7122,35.3566,24,0.309284,12
CTD_CP_H,20241124T033739,1029.99,8.7048,35.3556,24,0.309313,12
CTD_CP_H,20241124T033739,1031.97,8.6939,35.3543,23,0.309348,12
CTD_CP_H,20241124T033739,1033.95,8.6874,35.3537,24,0.309381,12
CTD_CP_H,20241124T033739,1035.96,8.6760,35.3523,24,0.309411,12
CTD_CP_H,20241124T033739,1037.96,8.6619,35.3511,24,0.309447,12
CTD_CP_H,20241124T033739,1039.98,8.6527,35.3501,24,0.309477,12
CTD_CP_H,20241124T033739,1041.98,8.6460,35.3495,24,0.309508,12
CTD_CP_H,20241124T033739,1043.99,8.6374,35.3485,24,0.309537,12
CTD_CP_H,20241124T033739,1046.00,8.6292,35.3471,24,0.309568,12
CTD_CP_H,20241124T033739,1048.01,8.6099,35.3451,24,0.309599,12
CTD_CP_H,20241124T033739,1050.00,8.5755,35.3418,23,0.309629,11
CTD_CP_H,20241124T033739,1052.00,8.5534,35.3395,24,0.309658,12
CTD_CP_H,20241124T033739,1054.00,8.5439,35.3390,23,0.309685,12
CTD_CP_H,20241124T033740,1056.02,8.5319,35.3378,24,0.309714,12
CTD_CP_H,20241124T033740,1058.02,8.5108,35.3369,23,0.309745,11
CTD_CP_H,20241124T033740,1059.98,8.5031,35.3371,23,0.309774,12
CTD_CP_H,20241124T033740,1061.98,8.4991,35.3364,24,0.309806,12
CTD_CP_H,20241124T033740,1064.02,8.4833,35.3347,24,0.309830,12
CTD_CP_H,20241124T033740,1066.02,8.4600,35.3331,23,0.309856,11
CTD_CP_H,20241124T033740,1068.02,8.4441,35.3322,24,0.309884,12
CTD_CP_H,20241124T033740,1070.01,8.4212,35.3296,23,0.309909,12
CTD_CP_H,20241124T033740,1071.99,8.3897,35.3260,23,0.309940,11
CTD_CP_H,20241124T033740,1074.01,8.3744,35.3255,24,0.309965,12
CTD_CP_H,20241124T033740,1076.04,8.3660,35.3246,23,0.309996,12
CTD_CP_H,20241124T033740,1078.02,8.3615,35.3240,23,0.310024,11
CTD_CP_H,20241124T033740,1080.01,8.3580,35.3237,25,0.310053,13
CTD_CP_H,20241124T033740,1082.01,8.3497,35.3233,30,0.310084,15
CTD_CP_H,20241124T033741,1083.98,8.3425,35.3239,31,0.310128,15
CTD_CP_H,20241124T033741,1085.98,8.3399,35.3247,32,0.310171,16
CTD_CP_H,20241124T033741,1087.99,8.3347,35.3269,31,0.310216,16
CTD_CP_H,20241124T033741,1089.98,8.3274,35.3284,31,0.310258,15
CTD_CP_H,20241124T033741,1091.99,8.3411,35.3337,31,0.310305,16
CTD_CP_H,20241124T033741,1094.00,8.3503,35.3390,30,0.310355,15
CTD_CP_H,20241124T033741,1096.01,8.3433,35.3403,30,0.310393,15
CTD_CP_H,20241124T033741,1098.01,8.3313,35.3389,30,0.310437,15
CTD_CP_H,20241124T033741,1100.00,8.3138,35.3372,29,0.310486,14
CTD_CP_H,20241124T033741,1102.00,8.2912,35.3353,30,0.310526,15
CTD_CP_H,20241124T033741,1104.02,8.2744,35.3337,29,0.310566,15
CTD_CP_H,20241124T033741,1106.00,8.2618,35.3326,28,0.310618,14
CTD_CP_H,20241124T033741,1108.01,8.2535,35.3315,30,0.310660,15
CTD_CP_H,20241124T033741,1110.02,8.2456,35.3308,28,0.310699,14
CTD_CP_H,20241124T033742,1112.00,8.2371,35.3295,29,0.310742,14
CTD_CP_H,20241124T033742,1114.00,8.2200,35.3277,28,0.310786,14
CTD_CP_H,20241124T033742,1115.98,8.1963,35.3254,28,0.310827,14
CTD_CP_H,20241124T033742,1118.00,8.1751,35.3232,28,0.310869,14
CTD_CP_H,20241124T033742,1119.99,8.1629,35.3217,27,0.310913,14
CTD_CP_H,20241124T033742,1121.98,8.1476,35.3201,28,0.310959,14
CTD_CP_H,20241124T033742,1123.98,8.1340,35.3187,27,0.310995,13
CTD_CP_H,20241124T033742,1126.00,8.1194,35.3172,28,0.311039,14
CTD_CP_H,20241124T033742,1128.04,8.0981,35.3151,27,0.311083,14
CTD_CP_H,20241124T033742,1130.01,8.0913,35.3139,26,0.311127,13
CTD_CP_H,20241124T033742,1131.99,8.0760,35.3125,27,0.311164,13
CTD_CP_H,20241124T033742,1133.99,8.0680,35.3113,26,0.311200,13
CTD_CP_H,20241124T033742,1135.98,8.0601,35.3102,26,0.311245,13
CTD_CP_H,20241124T033743,1137.99,8.0336,35.3072,27,0.311290,14
CTD_CP_H,20241124T033743,1140.01,8.0216,35.3051,26,0.311327,13
CTD_CP_H,20241124T033743,1142.03,7.9918,35.3021,26,0.311367,13
CTD_CP_H,20241124T033743,1144.01,7.9674,35.2996,25,0.311414,12
CTD_CP_H,20241124T033743,1145.98,7.9619,35.2988,25,0.311449,13
CTD_CP_H,20241124T033743,1147.99,7.9497,35.2979,26,0.311487,13
CTD_CP_H,20241124T033743,1150.00,7.9469,35.2973,25,0.311529,12
CTD_CP_H,20241124T033743,1152.00,7.9394,35.2963,25,0.311574,13
CTD_CP_H,20241124T033743,1154.02,7.9231,35.2951,25,0.311612,12
CTD_CP_H,20241124T033743,1156.03,7.9167,35.2941,25,0.311649,13
CTD_CP_H,20241124T033743,1158.01,7.9093,35.2930,24,0.311694,12
CTD_CP_H,20241124T033743,1160.02,7.8935,35.2912,25,0.311734,12
CTD_CP_H,20241124T033743,1162.03,7.8750,35.2893,24,0.311769,12
CTD_CP_H,20241124T033743,1164.02,7.8528,35.2864,24,0.311807,12
CTD_CP_H,20241124T033744,1165.99,7.8357,35.2849,23,0.311850,12
CTD_CP_H,20241124T033744,1168.00,7.8258,35.2839,25,0.311893,12
CTD_CP_H,20241124T033744,1170.00,7.8213,35.2831,23,0.311927,12
CTD_CP_H,20241124T033744,1171.98,7.8044,35.2814,24,0.311963,12
CTD_CP_H,20241124T033744,1173.98,7.7936,35.2802,23,0.312008,11
CTD_CP_H,20241124T033744,1175.96,7.7892,35.2791,23,0.312047,12
CTD_CP_H,20241124T033744,1177.98,7.7814,35.2785,24,0.312086,12
CTD_CP_H,20241124T033744,1180.01,7.7598,35.2763,24,0.312118,12
CTD_CP_H,20241124T033744,1182.02,7.7391,35.2742,23,0.312163,11
CTD_CP_H,20241124T033744,1184.01,7.7201,35.2720,23,0.312199,12
CTD_CP_H,20241124T033744,1186.00,7.6955,35.2696,23,0.312235,11
CTD_CP_H,20241124T033744,1188.01,7.6784,35.2679,23,0.312269,12
CTD_CP_H,20241124T033744,1190.03,7.6647,35.2660,23,0.312305,11
CTD_CP_H,20241124T033744,1192.00,7.6449,35.2646,22,0.312339,11
CTD_CP_H,20241124T033745,1193.96,7.6284,35.2630,23,0.312375,12
CTD_CP_H,20241124T033745,1195.96,7.6225,35.2619,23,0.312410,11
CTD_CP_H,20241124T033745,1197.97,7.5988,35.2597,23,0.312446,12
CTD_CP_H,20241124T033745,1200.00,7.5708,35.2566,23,0.312485,11
CTD_CP_H,20241124T033745,1202.01,7.5557,35.2550,23,0.312514,12
CTD_CP_H,20241124T033745,1204.00,7.5402,35.2537,22,0.312553,11
CTD_CP_H,20241124T033745,1206.00,7.5343,35.2525,23,0.312587,11
CTD_CP_H,20241124T033745,1208.01,7.5170,35.2510,22,0.312623,11
CTD_CP_H,20241124T033745,1210.02,7.5008,35.2498,23,0.312654,12
CTD_CP_H,20241124T033745,1212.03,7.4962,35.2492,22,0.312691,11
CTD_CP_H,20241124T033745,1214.00,7.4833,35.2476,22,0.312720,11
CTD_CP_H,20241124T033745,1216.03,7.4604,35.2452,23,0.312756,11
CTD_CP_H,20241124T033745,1218.02,7.4349,35.2424,21,0.312795,11
CTD_CP_H,20241124T033745,1219.98,7.4125,35.2404,22,0.312821,11
CTD_CP_H,20241124T033746,1221.98,7.4023,35.2394,22,0.312858,11
CTD_CP_H,20241124T033746,1223.99,7.3969,35.2384,22,0.312895,11
CTD_CP_H,20241124T033746,1225.99,7.3890,35.2380,22,0.312932,11
CTD_CP_H,20241124T033746,1227.98,7.3845,35.2371,22,0.312966,11
CTD_CP_H,20241124T033746,1229.98,7.3780,35.2361,22,0.313001,11
CTD_CP_H,20241124T033746,1231.98,7.3643,35.2347,22,0.313033,11
CTD_CP_H,20241124T033746,1234.01,7.3537,35.2334,22,0.313072,11
CTD_CP_H,20241124T033746,1236.01,7.3387,35.2318,21,0.313109,10
CTD_CP_H,20241124T033746,1238.01,7.3244,35.2307,22,0.313140,11
CTD_CP_H,20241124T033746,1240.03,7.3197,35.2301,21,0.313170,11
CTD_CP_H,20241124T033746,1242.03,7.3188,35.2299,22,0.313212,11
CTD_CP_H,20241124T033746,1244.04,7.3181,35.2296,21,0.313249,10
CTD_CP_H,20241124T033746,1246.05,7.3127,35.2289,22,0.313281,11
CTD_CP_H,20241124T033747,1248.06,7.2966,35.2275,21,0.313312,11
CTD_CP_H,20241124T033747,1250.01,7.2861,35.2263,21,0.313347,10
CTD_CP_H,20241124T033747,1252.00,7.2678,35.2245,22,0.313386,11
CTD_CP_H,20241124T033747,1253.99,7.2491,35.2226,21,0.313420,11
CTD_CP_H,20241124T033747,1255.98,7.2298,35.2206,22,0.313451,11
CTD_CP_H,20241124T033747,1258.01,7.2167,35.2190,22,0.313482,11
CTD_CP_H,20241124T033747,1260.03,7.1938,35.2168,22,0.313522,11
CTD_CP_H,20241124T033747,1262.05,7.1674,35.2143,22,0.313558,11
CTD_CP_H,20241124T033747,1264.02,7.1388,35.2118,21,0.313583,10
CTD_CP_H,20241124T033747,1265.97,7.1270,35.2104,22,0.313613,11
CTD_CP_H,20241124T033747,1268.01,7.1046,35.2084,22,0.313645,11
CTD_CP_H,20241124T033747,1270.01,7.0956,35.2072,21,0.313682,11
CTD_CP_H,20241124T033747,1272.01,7.0822,35.2058,22,0.313720,11
CTD_CP_H,20241124T033747,1274.04,7.0652,35.2043,22,0.313746,11
CTD_CP_H,20241124T033748,1276.01,7.0538,35.2034,21,0.313776,10
CTD_CP_H,20241124T033748,1277.98,7.0441,35.2022,22,0.313812,11
CTD_CP_H,20241124T033748,1279.99,7.0361,35.2010,22,0.313844,11
CTD_CP_H,20241124T033748,1282.00,7.0129,35.1990,22,0.313881,11
CTD_CP_H,20241124T033748,1284.00,7.0000,35.1976,22,0.313907,11
CTD_CP_H,20241124T033748,1286.01,6.9888,35.1963,22,0.313936,11
CTD_CP_H,20241124T033748,1288.01,6.9756,35.1948,22,0.313978,11
CTD_CP_H,20241124T033748,1290.02,6.9510,35.1925,22,0.314014,11
CTD_CP_H,20241124T033748,1292.03,6.9330,35.1909,22,0.314043,11
CTD_CP_H,20241124T033748,1293.99,6.9202,35.1895,21,0.314072,11
CTD_CP_H,20241124T033748,1295.96,6.9121,35.1888,22,0.314104,11
CTD_CP_H,20241124T033748,1297.98,6.9062,35.1882,22,0.314140,11
CTD_CP_H,20241124T033748,1299.99,6.9010,35.1873,22,0.314175,11
CTD_CP_H,20241124T033748,1302.01,6.8890,35.1862,22,0.314206,11
CTD_CP_H,20241124T033749,1304.03,6.8691,35.1843,22,0.314234,11
CTD_CP_H,20241124T033749,1306.05,6.8606,35.1834,22,0.314270,11
CTD_CP_H,20241124T033749,1308.05,6.8535,35.1826,22,0.314309,11
CTD_CP_H,20241124T033749,1310.02,6.8417,35.1815,21,0.314341,10
CTD_CP_H,20241124T033749,1311.98,6.8328,35.1805,22,0.314371,11
CTD_CP_H,20241124T033749,1313.98,6.8229,35.1792,22,0.314399,11
CTD_CP_H,20241124T033749,1315.97,6.8090,35.1778,22,0.314438,11
CTD_CP_H,20241124T033749,1318.01,6.7925,35.1764,23,0.314475,12
CTD_CP_H,20241124T033749,1320.01,6.7825,35.1754,21,0.314507,10
CTD_CP_H,20241124T033749,1321.99,6.7793,35.1747,23,0.314539,12
CTD_CP_H,20241124T033749,1324.03,6.7673,35.1736,22,0.314572,11
CTD_CP_H,20241124T033749,1326.02,6.7475,35.1716,22,0.314608,11
CTD_CP_H,20241124T033749,1328.03,6.7255,35.1698,22,0.314641,11
CTD_CP_H,20241124T033750,1330.03,6.7115,35.1684,22,0.314674,11
CTD_CP_H,20241124T033750,1332.01,6.7042,35.1674,21,0.314706,10
CTD_CP_H,20241124T033750,1333.97,6.6987,35.1665,22,0.314736,11
CTD_CP_H,20241124T033750,1335.99,6.6837,35.1651,22,0.314767,11
CTD_CP_H,20241124T033750,1337.98,6.6590,35.1625,21,0.314799,11
CTD_CP_H,20241124T033750,1339.96,6.6285,35.1597,22,0.314827,11
CTD_CP_H,20241124T033750,1341.99,6.6017,35.1573,22,0.314856,11
CTD_CP_H,20241124T033750,1343.98,6.5840,35.1553,21,0.314890,10
CTD_CP_H,20241124T033750,1345.99,6.5672,35.1538,22,0.314917,11
CTD_CP_H,20241124T033750,1348.04,6.5578,35.1530,22,0.314952,11
CTD_CP_H,20241124T033750,1350.02,6.5560,35.1527,21,0.314980,11
CTD_CP_H,20241124T033750,1352.01,6.5510,35.1522,22,0.315008,11
CTD_CP_H,20241124T033750,1354.00,6.5380,35.1510,21,0.315045,10
CTD_CP_H,20241124T033750,1356.01,6.5192,35.1493,22,0.315073,11
CTD_CP_H,20241124T033751,1358.00,6.5006,35.1477,21,0.315104,11
CTD_CP_H,20241124T033751,1359.98,6.4976,35.1470,21,0.315131,10
CTD_CP_H,20241124T033751,1362.00,6.4837,35.1459,22,0.315159,11
CTD_CP_H,20241124T033751,1364.01,6.4739,35.1448,21,0.315193,11
CTD_CP_H,20241124T033751,1366.02,6.4609,35.1435,22,0.315226,11
CTD_CP_H,20241124T033751,1368.03,6.4418,35.1420,21,0.315257,10
CTD_CP_H,20241124T033751,1370.00,6.4360,35.1412,21,0.315282,11
CTD_CP_H,20241124T033751,1371.98,6.4275,35.1404,21,0.315312,10
CTD_CP_H,20241124T033751,1374.02,6.4216,35.1398,22,0.315344,11
CTD_CP_H,20241124T033751,1376.04,6.4127,35.1386,21,0.315380,11
CTD_CP_H,20241124T033751,1378.01,6.3975,35.1374,21,0.315404,10
CTD_CP_H,20241124T033751,1379.99,6.3885,35.1364,21,0.315429,11
CTD_CP_H,20241124T033751,1381.97,6.3776,35.1355,21,0.315456,10
CTD_CP_H,20241124T033751,1383.97,6.3701,35.1344,21,0.315491,11
CTD_CP_H,20241124T033752,1385.97,6.3547,35.1332,21,0.315518,10
CTD_CP_H,20241124T033752,1387.96,6.3439,35.1319,21,0.315550,11
CTD_CP_H,20241124T033752,1389.96,6.3248,35.1301,21,0.315571,10
CTD_CP_H,20241124T033752,1391.97,6.3071,35.1284,21,0.315600,11
CTD_CP_H,20241124T033752,1393.97,6.2909,35.1267,21,0.315622,10
CTD_CP_H,20241124T033752,1396.01,6.2729,35.1251,22,0.315651,11
CTD_CP_H,20241124T033752,1398.06,6.2494,35.1229,22,0.315684,11
CTD_CP_H,20241124T033752,1400.03,6.2227,35.1206,24,0.315711,12
CTD_CP_H,20241124T033752,1402.02,6.2107,35.1196,27,0.315738,14
CTD_CP_H,20241124T033752,1404.05,6.1989,35.1183,26,0.315772,13
CTD_CP_H,20241124T033752,1406.07,6.1746,35.1165,28,0.315808,14
CTD_CP_H,20241124T033752,1408.03,6.1666,35.1152,34,0.315845,17
CTD_CP_H,20241124T033752,1409.99,6.1536,35.1138,36,0.315885,18
CTD_CP_H,20241124T033752,1412.00,6.1233,35.1111,35,0.315931,17
CTD_CP_H,20241124T033753,1413.99,6.1081,35.1096,33,0.315975,17
CTD_CP_H,20241124T033753,1415.98,6.1002,35.1089,34,0.316017,17
CTD_CP_H,20241124T033753,1418.00,6.0854,35.1075,33,0.316055,16
CTD_CP_H,20241124T033753,1420.00,6.0807,35.1070,32,0.316096,16
CTD_CP_H,20241124T033753,1421.99,6.0657,35.1054,32,0.316136,16
CTD_CP_H,20241124T033753,1424.01,6.0487,35.1038,32,0.316178,16
CTD_CP_H,20241124T033753,1426.04,6.0309,35.1020,30,0.316214,15
CTD_CP_H,20241124T033753,1428.02,6.0138,35.1003,30,0.316256,15
CTD_CP_H,20241124T033753,1430.00,5.9977,35.0990,29,0.316295,15
CTD_CP_H,20241124T033753,1431.99,5.9765,35.0971,30,0.316329,15
CTD_CP_H,20241124T033753,1433.99,5.9694,35.0964,29,0.316366,14
CTD_CP_H,20241124T033753,1436.00,5.9661,35.0957,29,0.316404,15
CTD_CP_H,20241124T033753,1437.98,5.9532,35.0946,28,0.316441,14
CTD_CP_H,20241124T033754,1439.98,5.9434,35.0932,29,0.316476,14
CTD_CP_H,20241124T033754,1442.01,5.9285,35.0917,28,0.316510,14
CTD_CP_H,20241124T033754,1444.02,5.9014,35.0893,28,0.316548,14
CTD_CP_H,20241124T033754,1446.03,5.8739,35.0864,27,0.316585,14
CTD_CP_H,20241124T033754,1448.03,5.8718,35.0862,27,0.316624,13
CTD_CP_H,20241124T033754,1450.01,5.8717,35.0861,26,0.316654,13
CTD_CP_H,20241124T033754,1452.01,5.8697,35.0856,27,0.316689,14
CTD_CP_H,20241124T033754,1454.01,5.8564,35.0840,26,0.316724,13
CTD_CP_H,20241124T033754,1456.00,5.8415,35.0828,26,0.316762,13
CTD_CP_H,20241124T033754,1458.01,5.8294,35.0817,26,0.316796,13
CTD_CP_H,20241124T033754,1460.03,5.8152,35.0806,26,0.316828,13
CTD_CP_H,20241124T033754,1462.03,5.8080,35.0799,25,0.316865,12
CTD_CP_H,20241124T033754,1463.98,5.7957,35.0787,25,0.316895,13
CTD_CP_H,20241124T033754,1465.99,5.7813,35.0770,26,0.316930,13
CTD_CP_H,20241124T033755,1467.99,5.7754,35.0766,25,0.316963,12
CTD_CP_H,20241124T033755,1469.96,5.7686,35.0755,25,0.316998,13
CTD_CP_H,20241124T033755,1472.00,5.7529,35.0740,26,0.317035,13
CTD_CP_H,20241124T033755,1474.03,5.7408,35.0729,24,0.317069,12
CTD_CP_H,20241124T033755,1475.98,5.7262,35.0720,24,0.317099,12
CTD_CP_H,20241124T033755,1477.98,5.7209,35.0708,25,0.317132,12
CTD_CP_H,20241124T033755,1480.01,5.7155,35.0703,25,0.317165,13
CTD_CP_H,20241124T033755,1482.00,5.6918,35.0689,24,0.317203,12
CTD_CP_H,20241124T033755,1483.98,5.6769,35.0672,25,0.317233,12
CTD_CP_H,20241124T033755,1485.99,5.6643,35.0658,25,0.317264,13
CTD_CP_H,20241124T033755,1488.01,5.6404,35.0634,25,0.317292,12
CTD_CP_H,20241124T033755,1490.00,5.6276,35.0622,24,0.317325,12
CTD_CP_H,20241124T033755,1491.98,5.6074,35.0603,24,0.317360,12
CTD_CP_H,20241124T033755,1493.98,5.5894,35.0591,24,0.317391,12
CTD_CP_H,20241124T033756,1495.97,5.5840,35.0587,24,0.317418,12
CTD_CP_H,20241124T033756,1497.97,5.5789,35.0579,24,0.317444,12
CTD_CP_H,20241124T033756,1499.98,5.5605,35.0567,24,0.317479,12
CTD_CP_H,20241124T033756,1501.98,5.5523,35.0554,24,0.317508,12
CTD_CP_H,20241124T033756,1503.99,5.5421,35.0543,24,0.317538,12
CTD_CP_H,20241124T033756,1505.98,5.5272,35.0528,23,0.317567,12
CTD_CP_H,20241124T033756,1507.97,5.4936,35.0500,24,0.317597,12
CTD_CP_H,20241124T033756,1509.99,5.4632,35.0477,23,0.317629,11
CTD_CP_H,20241124T033756,1512.01,5.4590,35.0470,24,0.317655,12
CTD_CP_H,20241124T033756,1514.02,5.4517,35.0460,23,0.317687,12
CTD_CP_H,20241124T033756,1516.01,5.4286,35.0445,23,0.317713,11
CTD_CP_H,20241124T033756,1518.01,5.4166,35.0434,22,0.317741,11
CTD_CP_H,20241124T033756,1520.00,5.4125,35.0430,23,0.317770,12
CTD_CP_H,20241124T033757,1521.99,5.4109,35.0428,22,0.317809,11
CTD_CP_H,20241124T033757,1523.98,5.4088,35.0424,23,0.317837,11
CTD_CP_H,20241124T033757,1526.02,5.4054,35.0422,23,0.317865,12
CTD_CP_H,20241124T033757,1528.02,5.3990,35.0412,22,0.317893,11
CTD_CP_H,20241124T033757,1530.02,5.3864,35.0405,23,0.317923,11
CTD_CP_H,20241124T033757,1532.02,5.3786,35.0396,22,0.317960,11
CTD_CP_H,20241124T033757,1533.99,5.3719,35.0391,22,0.317987,11
CTD_CP_H,20241124T033757,1535.98,5.3689,35.0387,23,0.318017,12
CTD_CP_H,20241124T033757,1537.98,5.3664,35.0383,22,0.318045,11
CTD_CP_H,20241124T033757,1539.99,5.3665,35.0379,23,0.318078,11
CTD_CP_H,20241124T033757,1542.01,5.3506,35.0370,22,0.318109,11
CTD_CP_H,20241124T033757,1544.00,5.3409,35.0355,22,0.318140,11
CTD_CP_H,20241124T033757,1546.00,5.3256,35.0347,22,0.318166,11
CTD_CP_H,20241124T033757,1548.00,5.3136,35.0334,22,0.318194,11
CTD_CP_H,20241124T033758,1550.00,5.3046,35.0327,22,0.318222,11
CTD_CP_H,20241124T033758,1551.99,5.2913,35.0309,22,0.318250,11
CTD_CP_H,20241124T033758,1553.98,5.2740,35.0294,22,0.318282,11
CTD_CP_H,20241124T033758,1555.98,5.2469,35.0267,22,0.318311,11
CTD_CP_H,20241124T033758,1557.98,5.2119,35.0246,22,0.318331,11
CTD_CP_H,20241124T033758,1560.00,5.1996,35.0232,22,0.318357,11
CTD_CP_H,20241124T033758,1562.02,5.1907,35.0219,22,0.318386,11
CTD_CP_H,20241124T033758,1564.00,5.1779,35.0210,21,0.318409,11
CTD_CP_H,20241124T033758,1565.99,5.1698,35.0201,22,0.318440,11
CTD_CP_H,20241124T033758,1568.02,5.1494,35.0183,22,0.318460,11
CTD_CP_H,20241124T033758,1570.01,5.1293,35.0163,21,0.318483,10
CTD_CP_H,20241124T033758,1572.01,5.1144,35.0148,22,0.318504,11
CTD_CP_H,20241124T033758,1574.01,5.1044,35.0134,21,0.318528,11
CTD_CP_H,20241124T033758,1575.97,5.0821,35.0110,21,0.318550,10
CTD_CP_H,20241124T033759,1577.98,5.0697,35.0091,22,0.318570,11
CTD_CP_H,20241124T033759,1579.99,5.0409,35.0068,21,0.318592,11
CTD_CP_H,20241124T033759,1582.02,4.9977,35.0029,23,0.318611,11
CTD_CP_H,20241124T033759,1584.05,4.9891,35.0028,26,0.318633,13
CTD_CP_H,20241124T033759,1586.02,4.9772,35.0018,28,0.318661,14
CTD_CP_H,20241124T033759,1588.02,4.9701,35.0015,28,0.318690,14
CTD_CP_H,20241124T033759,1589.99,4.9651,35.0010,27,0.318720,14
CTD_CP_H,20241124T033759,1591.97,4.9532,35.0003,28,0.318750,14
CTD_CP_H,20241124T033759,1594.02,4.9386,34.9990,28,0.318771,14
CTD_CP_H,20241124T033759,1596.00,4.9253,34.9980,26,0.318800,13
CTD_CP_H,20241124T033759,1597.98,4.9202,34.9976,28,0.318831,14
CTD_CP_H,20241124T033759,1599.99,4.9182,34.9974,27,0.318860,13
CTD_CP_H,20241124T033759,1602.00,4.9161,34.9969,28,0.318890,14
CTD_CP_H,20241124T033800,1604.01,4.9085,34.9959,27,0.318913,14
CTD_CP_H,20241124T033800,1606.00,4.8840,34.9943,27,0.318934,13
CTD_CP_H,20241124T033800,1607.97,4.8737,34.9933,27,0.318967,14
CTD_CP_H,20241124T033800,1609.98,4.8666,34.9924,27,0.318997,13
CTD_CP_H,20241124T033800,1612.00,4.8520,34.9913,27,0.319020,14
CTD_CP_H,20241124T033800,1613.98,4.8381,34.9899,26,0.319044,13
CTD_CP_H,20241124T033800,1615.97,4.8256,34.9889,27,0.319066,13
CTD_CP_H,20241124T033800,1617.99,4.8135,34.9878,27,0.319090,14
CTD_CP_H,20241124T033800,1620.00,4.7943,34.9863,26,0.319114,13
CTD_CP_H,20241124T033800,1622.00,4.7833,34.9851,26,0.319142,13
CTD_CP_H,20241124T033800,1624.00,4.7634,34.9836,26,0.319167,13
CTD_CP_H,20241124T033800,1626.02,4.7555,34.9829,26,0.319187,13
CTD_CP_H,20241124T033800,1628.04,4.7415,34.9814,26,0.319207,13
CTD_CP_H,20241124T033800,1630.02,4.7312,34.9804,25,0.319226,12
CTD_CP_H,20241124T033801,1632.01,4.7125,34.9791,26,0.319245,13
CTD_CP_H,20241124T033801,1634.00,4.6986,34.9778,25,0.319268,13
CTD_CP_H,20241124T033801,1635.99,4.6811,34.9762,26,0.319289,13
CTD_CP_H,20241124T033801,1638.00,4.6715,34.9749,25,0.319314,12
CTD_CP_H,20241124T033801,1639.96,4.6549,34.9736,25,0.319329,13
CTD_CP_H,20241124T033801,1642.00,4.6302,34.9718,26,0.319350,13
CTD_CP_H,20241124T033801,1644.01,4.6121,34.9704,24,0.319367,12
CTD_CP_H,20241124T033801,1646.01,4.6091,34.9700,25,0.319383,12
CTD_CP_H,20241124T033801,1648.03,4.6065,34.9694,25,0.319405,13
CTD_CP_H,20241124T033801,1650.00,4.6019,34.9692,24,0.319420,12
CTD_CP_H,20241124T033801,1652.00,4.5964,34.9686,26,0.319443,13
CTD_CP_H,20241124T033801,1654.04,4.5930,34.9683,24,0.319464,12
CTD_CP_H,20241124T033801,1656.03,4.5885,34.9678,25,0.319484,12
CTD_CP_H,20241124T033801,1658.00,4.5784,34.9669,23,0.319505,12
CTD_CP_H,20241124T033802,1659.99,4.5695,34.9660,25,0.319519,12
CTD_CP_H,20241124T033802,1662.01,4.5630,34.9651,24,0.319540,12
CTD_CP_H,20241124T033802,1664.02,4.5436,34.9638,24,0.319558,12
CTD_CP_H,20241124T033802,1666.03,4.5329,34.9629,24,0.319575,12
CTD_CP_H,20241124T033802,1668.01,4.5305,34.9627,23,0.319599,12
CTD_CP_H,20241124T033802,1670.00,4.5300,34.9624,24,0.319620,12
CTD_CP_H,20241124T033802,1671.99,4.5282,34.9623,23,0.319641,11
CTD_CP_H,20241124T033802,1673.98,4.5252,34.9621,24,0.319656,12
CTD_CP_H,20241124T033802,1675.98,4.5257,34.9617,23,0.319672,12
CTD_CP_H,20241124T033802,1677.99,4.5199,34.9614,24,0.319692,12
CTD_CP_H,20241124T033802,1679.99,4.5176,34.9608,23,0.319715,11
CTD_CP_H,20241124T033802,1681.97,4.5080,34.9598,24,0.319728,12
CTD_CP_H,20241124T033802,1684.00,4.4971,34.9586,25,0.319753,13
CTD_CP_H,20241124T033802,1686.06,4.4768,34.9572,29,0.319772,14
CTD_CP_H,20241124T033803,1688.01,4.4663,34.9560,33,0.319794,17
CTD_CP_H,20241124T033803,1689.98,4.4586,34.9550,33,0.319818,16
CTD_CP_H,20241124T033803,1691.97,4.4359,34.9534,33,0.319843,17
CTD_CP_H,20241124T033803,1693.99,4.4203,34.9522,33,0.319869,16
CTD_CP_H,20241124T033803,1696.01,4.4041,34.9508,33,0.319893,17
CTD_CP_H,20241124T033803,1698.03,4.4016,34.9504,32,0.319923,16
CTD_CP_H,20241124T033803,1700.01,4.3986,34.9502,31,0.319942,15
CTD_CP_H,20241124T033803,1702.00,4.3934,34.9494,32,0.319971,16
CTD_CP_H,20241124T033803,1704.01,4.3797,34.9482,31,0.319990,16
CTD_CP_H,20241124T033803,1706.00,4.3589,34.9467,30,0.320013,15
CTD_CP_H,20241124T033803,1708.00,4.3503,34.9459,31,0.320035,15
CTD_CP_H,20241124T033803,1710.00,4.3468,34.9453,29,0.320059,15
CTD_CP_H,20241124T033803,1711.99,4.3381,34.9446,30,0.320084,15
CTD_CP_H,20241124T033804,1714.01,4.3232,34.9432,29,0.320103,14
CTD_CP_H,20241124T033804,1716.00,4.3171,34.9428,29,0.320121,15
CTD_CP_H,20241124T033804,1718.01,4.3105,34.9417,29,0.320142,14
CTD_CP_H,20241124T033804,1720.02,4.3004,34.9404,29,0.320163,15
CTD_CP_H,20241124T033804,1722.03,4.2788,34.9387,28,0.320182,14
CTD_CP_H,20241124T033804,1724.02,4.2470,34.9363,27,0.320196,13
CTD_CP_H,20241124T033804,1726.00,4.2355,34.9352,28,0.320222,14
CTD_CP_H,20241124T033804,1728.00,4.2300,34.9347,27,0.320239,14
CTD_CP_H,20241124T033804,1729.98,4.2242,34.9340,27,0.320258,13
CTD_CP_H,20241124T033804,1731.99,4.2154,34.9333,27,0.320276,14
CTD_CP_H,20241124T033804,1734.00,4.2066,34.9327,27,0.320291,13
CTD_CP_H,20241124T033804,1736.01,4.2008,34.9324,27,0.320310,14
CTD_CP_H,20241124T033804,1738.00,4.1957,34.9321,26,0.320327,13
CTD_CP_H,20241124T033804,1739.99,4.1906,34.9319,27,0.320349,13
CTD_CP_H,20241124T033805,1742.02,4.1867,34.9318,26,0.320371,13
CTD_CP_H,20241124T033805,1744.01,4.1846,34.9314,26,0.320387,13
CTD_CP_H,20241124T033805,1746.02,4.1800,34.9311,26,0.320404,13
CTD_CP_H,20241124T033805,1748.00,4.1715,34.9306,25,0.320422,13
CTD_CP_H,20241124T033805,1749.99,4.1654,34.9302,26,0.320440,13
CTD_CP_H,20241124T033805,1751.99,4.1564,34.9292,25,0.320454,12
CTD_CP_H,20241124T033805,1753.97,4.1406,34.9277,25,0.320473,13
CTD_CP_H,20241124T033805,1755.97,4.1314,34.9270,25,0.320490,12
CTD_CP_H,20241124T033805,1757.97,4.1177,34.9261,25,0.320507,13
CTD_CP_H,20241124T033805,1759.98,4.1110,34.9254,25,0.320531,12
CTD_CP_H,20241124T033805,1762.00,4.1077,34.9253,25,0.320546,13
CTD_CP_H,20241124T033805,1764.00,4.1005,34.9254,24,0.320568,12
CTD_CP_H,20241124T033805,1766.01,4.0962,34.9249,25,0.320581,12
CTD_CP_H,20241124T033805,1768.03,4.0876,34.9241,24,0.320592,12
CTD_CP_H,20241124T033806,1770.02,4.0714,34.9229,24,0.320613,12
CTD_CP_H,20241124T033806,1772.01,4.0641,34.9218,24,0.320629,12
CTD_CP_H,20241124T033806,1774.02,4.0590,34.9214,24,0.320646,12
CTD_CP_H,20241124T033806,1776.01,4.0548,34.9209,23,0.320665,12
CTD_CP_H,20241124T033806,1777.98,4.0483,34.9203,23,0.320682,11
CTD_CP_H,20241124T033806,1779.97,4.0445,34.9199,23,0.320701,12
CTD_CP_H,20241124T033806,1781.98,4.0347,34.9191,23,0.320716,11
CTD_CP_H,20241124T033806,1783.98,4.0289,34.9185,23,0.320734,12
CTD_CP_H,20241124T033806,1786.01,4.0264,34.9182,24,0.320750,12
CTD_CP_H,20241124T033806,1788.01,4.0215,34.9179,22,0.320766,11
CTD_CP_H,20241124T033806,1789.97,4.0189,34.9175,23,0.320780,11
CTD_CP_H,20241124T033806,1791.99,4.0141,34.9173,23,0.320799,12
CTD_CP_H,20241124T033806,1794.01,4.0117,34.9168,23,0.320820,11
CTD_CP_H,20241124T033807,1796.04,4.0092,34.9166,23,0.320838,12
CTD_CP_H,20241124T033807,1798.03,4.0014,34.9161,22,0.320855,11
CTD_CP_H,20241124T033807,1799.99,3.9904,34.9148,23,0.320874,11
CTD_CP_H,20241124T033807,1802.00,3.9715,34.9136,23,0.320890,12
CTD_CP_H,20241124T033807,1803.98,3.9643,34.9124,22,0.320903,11
CTD_CP_H,20241124T033807,1805.96,3.9486,34.9112,23,0.320918,11
CTD_CP_H,20241124T033807,1807.99,3.9426,34.9110,23,0.320936,12
CTD_CP_H,20241124T033807,1810.01,3.9348,34.9102,23,0.320953,11
CTD_CP_H,20241124T033807,1811.99,3.9272,34.9098,22,0.320971,11
CTD_CP_H,20241124T033807,1813.98,3.9216,34.9094,23,0.320994,12
CTD_CP_H,20241124T033807,1816.01,3.9196,34.9095,23,0.321011,11
CTD_CP_H,20241124T033807,1818.01,3.9183,34.9088,22,0.321031,11
CTD_CP_H,20241124T033807,1820.01,3.9124,34.9087,23,0.321050,12
CTD_CP_H,20241124T033807,1822.02,3.9060,34.9084,22,0.321066,11
CTD_CP_H,20241124T033808,1823.98,3.9036,34.9080,22,0.321085,11
CTD_CP_H,20241124T033808,1826.00,3.9015,34.9080,23,0.321103,11
CTD_CP_H,20241124T033808,1828.01,3.8953,34.9076,22,0.321118,11
CTD_CP_H,20241124T033808,1830.01,3.8879,34.9067,23,0.321141,12
CTD_CP_H,20241124T033808,1832.00,3.8835,34.9064,22,0.321161,11
CTD_CP_H,20241124T033808,1833.98,3.8756,34.9059,23,0.321183,11
CTD_CP_H,20241124T033808,1835.99,3.8708,34.9053,23,0.321203,12
CTD_CP_H,20241124T033808,1838.02,3.8667,34.9044,23,0.321219,11
CTD_CP_H,20241124T033808,1840.02,3.8571,34.9034,23,0.321239,12
CTD_CP_H,20241124T033808,1842.02,3.8391,34.9031,23,0.321252,11
CTD_CP_H,20241124T033808,1844.02,3.8308,34.9023,23,0.321280,12
CTD_CP_H,20241124T033808,1846.03,3.8145,34.9003,23,0.321292,11
CTD_CP_H,20241124T033808,1848.03,3.8041,34.8995,23,0.321318,12
CTD_CP_H,20241124T033808,1850.04,3.7995,34.8989,23,0.321342,11
CTD_CP_H,20241124T033809,1852.05,3.7970,34.8993,23,0.321357,12
CTD_CP_H,20241124T033809,1854.02,3.7909,34.8990,23,0.321375,11
CTD_CP_H,20241124T033809,1856.02,3.7842,34.8977,24,0.321394,12
CTD_CP_H,20241124T033809,1858.01,3.7712,34.8964,23,0.321415,12
CTD_CP_H,20241124T033809,1860.01,3.7576,34.8958,24,0.321442,12
CTD_CP_H,20241124T033809,1861.99,3.7447,34.8945,23,0.321466,11
CTD_CP_H,20241124T033809,1864.00,3.7413,34.8943,24,0.321489,12
CTD_CP_H,20241124T033809,1866.01,3.7401,34.8942,23,0.321509,12
CTD_CP_H,20241124T033809,1868.01,3.7376,34.8942,24,0.321534,12
CTD_CP_H,20241124T033809,1870.04,3.7332,34.8937,23,0.321555,11
CTD_CP_H,20241124T033809,1872.02,3.7305,34.8932,23,0.321571,12
CTD_CP_H,20241124T033809,1873.99,3.7235,34.8923,23,0.321597,11
CTD_CP_H,20241124T033809,1876.00,3.7080,34.8909,24,0.321623,12
CTD_CP_H,20241124T033810,1878.01,3.6964,34.8905,23,0.321645,12
CTD_CP_H,20241124T033810,1879.98,3.6876,34.8892,23,0.321669,11
CTD_CP_H,20241124T033810,1881.95,3.6665,34.8880,23,0.321688,12
CTD_CP_H,20241124T033810,1883.96,3.6533,34.8865,24,0.321711,12
CTD_CP_H,20241124T033810,1885.98,3.6528,34.8866,23,0.321739,11
CTD_CP_H,20241124T033810,1887.95,3.6529,34.8867,23,0.321763,12
CTD_CP_H,20241124T033810,1889.97,3.6528,34.8867,24,0.321796,12
CTD_CP_H,20241124T033810,1892.01,3.6530,34.8863,24,0.321817,12
CTD_CP_H,20241124T033810,1893.99,3.6497,34.8860,23,0.321841,11
CTD_CP_H,20241124T033810,1895.99,3.6381,34.8850,24,0.321867,12
CTD_CP_H,20241124T033810,1897.99,3.6333,34.8849,23,0.321899,12
CTD_CP_H,20241124T033810,1899.99,3.6228,34.8839,24,0.321926,12
CTD_CP_H,20241124T033810,1902.03,3.6133,34.8829,24,0.321961,12
CTD_CP_H,20241124T033810,1904.03,3.6054,34.8823,23,0.321979,11
CTD_CP_H,20241124T033811,1905.99,3.5987,34.8816,23,0.322009,12
CTD_CP_H,20241124T033811,1908.00,3.5825,34.8798,24,0.322032,12
CTD_CP_H,20241124T033811,1910.01,3.5680,34.8789,23,0.322071,11
CTD_CP_H,20241124T033811,1912.00,3.5652,34.8780,23,0.322104,12
CTD_CP_H,20241124T033811,1913.98,3.5578,34.8776,23,0.322128,11
CTD_CP_H,20241124T033811,1915.97,3.5460,34.8768,23,0.322159,12
CTD_CP_H,20241124T033811,1917.96,3.5380,34.8761,23,0.322188,11
CTD_CP_H,20241124T033811,1919.99,3.5270,34.8747,24,0.322225,12
CTD_CP_H,20241124T033811,1922.03,3.5171,34.8740,23,0.322261,12
CTD_CP_H,20241124T033811,1924.02,3.5012,34.8727,23,0.322287,11
CTD_CP_H,20241124T033811,1926.00,3.4883,34.8713,23,0.322318,12
CTD_CP_H,20241124T033811,1928.02,3.4719,34.8710,23,0.322356,11
CTD_CP_H,20241124T033811,1930.02,3.4646,34.8694,23,0.322390,12
CTD_CP_H,20241124T033811,1932.00,3.4580,34.8690,22,0.322425,11
CTD_CP_H,20241124T033812,1933.99,3.4545,34.8683,23,0.322458,11
CTD_CP_H,20241124T033812,1936.02,3.4396,34.8674,23,0.322494,12
CTD_CP_H,20241124T033812,1937.99,3.4113,34.8654,22,0.322536,11
CTD_CP_H,20241124T033812,1939.97,3.4068,34.8648,23,0.322573,11
CTD_CP_H,20241124T033812,1942.00,3.4049,34.8645,23,0.322611,12
CTD_CP_H,20241124T033812,1944.02,3.4009,34.8641,22,0.322658,11
CTD_CP_H,20241124T033812,1945.98,3.3973,34.8638,22,0.322703,11
CTD_CP_H,20241124T033812,1948.00,3.3936,34.8635,23,0.322740,11
CTD_CP_H,20241124T033812,1950.03,3.3880,34.8630,22,0.322783,11
CTD_CP_H,20241124T033812,1952.02,3.3839,34.8627,22,0.322834,11
CTD_CP_H,20241124T033812,1954.00,3.3794,34.8624,21,0.322881,11
CTD_CP_H,20241124T033812,1955.97,3.3732,34.8619,22,0.322921,11
CTD_CP_H,20241124T033812,1957.97,3.3701,34.8613,22,0.322976,11
CTD_CP_H,20241124T033812,1959.98,3.3688,34.8612,22,0.323027,11
CTD_CP_H,20241124T033813,1961.99,3.3678,34.8611,22,0.323075,11
CTD_CP_H,20241124T033813,1964.03,3.3630,34.8607,22,0.323133,11
CTD_CP_H,20241124T033813,1966.01,3.3577,34.8604,21,0.323184,10
CTD_CP_H,20241124T033813,1967.99,3.3542,34.8600,22,0.323228,11
CTD_CP_H,20241124T033813,1969.98,3.3536,34.8600,21,0.323295,11
CTD_CP_H,20241124T033813,1971.98,3.3509,34.8592,22,0.323343,11
CTD_CP_H,20241124T033813,1974.01,3.3345,34.8583,22,0.323398,11
CTD_CP_H,20241124T033813,1976.02,3.3259,34.8578,21,0.323462,10
CTD_CP_H,20241124T033813,1978.01,3.3228,34.8573,21,0.323509,11
CTD_CP_H,20241124T033813,1980.00,3.3081,34.8563,21,0.323554,10
CTD_CP_H,20241124T033813,1982.00,3.2977,34.8557,21,0.323615,11
CTD_CP_H,20241124T033813,1984.00,3.2960,34.8554,21,0.323656,10
CTD_CP_H,20241124T033813,1985.99,3.2922,34.8548,21,0.323690,11
CTD_CP_H,20241124T033814,1988.00,3.2845,34.8545,21,0.323721,10
CTD_CP_H,20241124T033814,1990.02,3.2796,34.8541,21,0.323682,11
CTD_CP_H,20241124T033814,1992.01,3.2769,34.8536,20,0.317705,10
CTD_CP_H,20241124T033814,1994.00,3.2737,34.8537,21,nan,0
CTD_CP_H,20241124T033814,1996.01,3.2723,34.8535,21,nan,0
GPS,20241124T035326,19.706791,66.291763,11
CTD_P,20241124T035328,-0.14
