Message,20240619T004247,Firmware: 07/21/23 18:56:40 2.17.4 STD IRID Final
Message,20240619T004247,Username: f10469
GPS,20240619T004247,17.802368,67.704300,9
GPS,20240619T005116,17.801861,67.705849,9
CTD_P,20240619T005118,-0.01
FLBB_CFG,20240619T005120,695,700
Message,20240619T005120,Park Descent Mission
CTD_P,20240619T005123,-0.15
CTD_P,20240619T005237,-0.14
CTD_P,20240619T005339,0.11
CTD_P,20240619T005441,0.04
CTD_P,20240619T005544,0.32
CTD_P,20240619T005646,0.16
CTD_P,20240619T005748,0.30
CTD_P,20240619T005850,1.48
CTD_P,20240619T005953,7.26
CTD_P,20240619T010055,16.88
CTD_P,20240619T010157,28.42
CTD_P,20240619T010259,40.73
CTD_P,20240619T010402,52.18
CTD_P,20240619T010416,54.93
CTD_P,20240619T010417,55.16
CTD_P,20240619T010519,67.14
CTD_P,20240619T020522,485.54
CTD_P,20240619T030525,757.37
CTD_P,20240619T035931,908.22
CTD_P,20240619T043312,954.93
CTD_P,20240619T050712,973.03
CTD_P,20240619T060715,981.38
CTD_P,20240619T060818,981.21
CTD_P,20240619T060921,981.04
CTD_P,20240619T060935,980.99
CTD_P,20240619T061037,981.29
CTD_P,20240619T061140,981.94
CTD_P,20240619T061152,982.10
CTD_P,20240619T061254,983.12
CTD_P,20240619T061305,983.30
CTD_P,20240619T061407,984.65
CTD_P,20240619T061418,984.90
CTD_P,20240619T061520,986.47
CTD_P,20240619T061531,986.74
CTD_P,20240619T061633,988.53
CTD_P,20240619T062423,1003.36
Message,20240619T062426,Park Mission
CTD_P,20240619T062429,1003.53
CTD_PTSH,20240619T062451,1004.20,8.5610,35.3480,-1.041075
CTD_P,20240619T062452,1004.26
CTD_P,20240619T072425,1065.79
CTD_PTSH,20240619T072448,1065.80,8.0988,35.3040,-1.041843
CTD_P,20240619T072449,1065.79
CTD_P,20240619T082450,1073.49
CTD_PTSH,20240619T082513,1073.60,7.9882,35.2890,-1.041974
CTD_P,20240619T082514,1073.67
CTD_P,20240619T092515,1081.63
CTD_PTSH,20240619T092538,1081.70,7.9891,35.2880,-1.042062
CTD_P,20240619T092539,1081.74
CTD_P,20240619T102540,1063.43
CTD_PTSH,20240619T102603,1063.40,8.1673,35.3040,-1.041966
CTD_P,20240619T102604,1063.39
CTD_P,20240619T112605,1062.47
CTD_PTSH,20240619T112628,1062.40,8.1714,35.3020,-1.041941
CTD_P,20240619T112629,1062.33
CTD_P,20240619T122630,1061.44
CTD_PTSH,20240619T122653,1061.40,8.1695,35.3020,-1.041971
CTD_P,20240619T122654,1061.40
CTD_P,20240619T132656,1047.34
CTD_PTSH,20240619T132719,1047.40,8.2465,35.3090,-1.041898
CTD_P,20240619T132720,1047.34
CTD_P,20240619T142721,1047.33
CTD_PTSH,20240619T142744,1047.20,8.3051,35.3180,-1.041912
CTD_P,20240619T142745,1047.22
CTD_P,20240619T152746,1050.70
CTD_PTSH,20240619T152809,1050.80,8.3015,35.3160,-1.041869
CTD_P,20240619T152810,1050.76
CTD_P,20240619T162812,1037.57
CTD_PTSH,20240619T162835,1037.60,8.4643,35.3330,-1.041924
CTD_P,20240619T162836,1037.60
CTD_P,20240619T172837,1035.61
CTD_PTSH,20240619T172900,1035.50,8.5091,35.3380,-1.041861
CTD_P,20240619T172901,1035.40
CTD_P,20240619T182902,1032.77
CTD_PTSH,20240619T182925,1032.80,8.4831,35.3330,-1.041872
CTD_P,20240619T182926,1032.77
CTD_P,20240619T192927,1009.26
CTD_PTSH,20240619T192950,1009.20,8.5852,35.3440,-1.041819
CTD_P,20240619T192951,1009.17
CTD_P,20240619T202952,1004.17
CTD_PTSH,20240619T203015,1004.20,8.5047,35.3380,-1.041817
CTD_P,20240619T203016,1004.15
CTD_P,20240619T213017,1006.09
CTD_PTSH,20240619T213040,1006.20,8.4914,35.3330,-1.041837
CTD_P,20240619T213041,1006.14
CTD_P,20240619T223042,1011.29
CTD_PTSH,20240619T223105,1011.20,8.5185,35.3380,-1.041856
CTD_P,20240619T223106,1011.22
CTD_P,20240619T233107,1013.03
CTD_PTSH,20240619T233130,1013.00,8.5921,35.3440,-1.041891
CTD_P,20240619T233131,1012.95
CTD_P,20240620T003132,1013.02
CTD_PTSH,20240620T003155,1013.00,8.6056,35.3470,-1.041822
CTD_P,20240620T003156,1013.03
CTD_P,20240620T013157,1011.22
CTD_PTSH,20240620T013220,1011.10,8.6156,35.3480,-1.041876
CTD_P,20240620T013221,1011.11
CTD_P,20240620T023222,1006.98
CTD_PTSH,20240620T023245,1006.90,8.5876,35.3520,-1.041808
CTD_P,20240620T023246,1006.90
CTD_P,20240620T033247,1009.05
CTD_PTSH,20240620T033310,1009.10,8.5075,35.3380,-1.041840
CTD_P,20240620T033311,1009.10
CTD_P,20240620T043312,1006.99
CTD_PTSH,20240620T043335,1006.90,8.5026,35.3380,-1.041827
CTD_P,20240620T043336,1006.92
CTD_P,20240620T053337,1010.62
CTD_PTSH,20240620T053400,1010.60,8.4973,35.3350,-1.041869
CTD_P,20240620T053401,1010.63
CTD_P,20240620T063402,1010.55
CTD_PTSH,20240620T063425,1010.50,8.5427,35.3390,-1.041864
CTD_P,20240620T063426,1010.49
CTD_P,20240620T073427,1009.21
CTD_PTSH,20240620T073450,1009.20,8.5478,35.3430,-1.041867
CTD_P,20240620T073451,1009.22
CTD_P,20240620T083452,1012.59
CTD_PTSH,20240620T083515,1012.60,8.5830,35.3440,-1.041912
CTD_P,20240620T083516,1012.52
CTD_P,20240620T093517,1010.98
CTD_PTSH,20240620T093540,1011.00,8.5459,35.3430,-1.041863
CTD_P,20240620T093541,1011.02
CTD_P,20240620T103542,1013.34
CTD_PTSH,20240620T103605,1013.40,8.5478,35.3400,-1.041875
CTD_P,20240620T103606,1013.41
CTD_P,20240620T113607,1014.49
CTD_PTSH,20240620T113630,1014.40,8.5839,35.3430,-1.041878
CTD_P,20240620T113631,1014.35
CTD_P,20240620T123632,1015.00
CTD_PTSH,20240620T123655,1015.00,8.5820,35.3430,-1.041892
CTD_P,20240620T123656,1014.97
CTD_P,20240620T133657,1010.69
CTD_PTSH,20240620T133720,1010.70,8.5282,35.3390,-1.041869
CTD_P,20240620T133721,1010.69
CTD_P,20240620T143722,1012.49
CTD_PTSH,20240620T143745,1012.40,8.5475,35.3410,-1.041839
CTD_P,20240620T143746,1012.43
CTD_P,20240620T153747,1013.16
CTD_PTSH,20240620T153810,1013.10,8.5637,35.3420,-1.041879
CTD_P,20240620T153811,1013.04
CTD_P,20240620T163812,1013.14
CTD_PTSH,20240620T163835,1013.10,8.5644,35.3430,-1.041867
CTD_P,20240620T163836,1013.15
CTD_P,20240620T173837,1014.14
CTD_PTSH,20240620T173900,1014.20,8.5688,35.3410,-1.041871
CTD_P,20240620T173901,1014.15
CTD_P,20240620T183902,1011.63
CTD_PTSH,20240620T183925,1011.60,8.5476,35.3430,-1.041871
CTD_P,20240620T183926,1011.64
CTD_P,20240620T193927,1013.21
CTD_PTSH,20240620T193950,1013.30,8.5417,35.3420,-1.041936
CTD_P,20240620T193951,1013.26
CTD_P,20240620T203952,1008.72
CTD_PTSH,20240620T204015,1008.60,8.5071,35.3390,-1.041931
CTD_P,20240620T204016,1008.63
CTD_P,20240620T214017,1008.59
CTD_PTSH,20240620T214040,1008.50,8.4315,35.3300,-1.041900
CTD_P,20240620T214041,1008.51
CTD_P,20240620T224042,1012.53
CTD_PTSH,20240620T224105,1012.60,8.4502,35.3310,-1.041926
CTD_P,20240620T224106,1012.59
CTD_P,20240620T234107,1013.42
CTD_PTSH,20240620T234130,1013.40,8.4824,35.3340,-1.041901
CTD_P,20240620T234131,1013.41
CTD_P,20240621T004132,1009.05
CTD_PTSH,20240621T004155,1008.90,8.4754,35.3360,-1.041926
CTD_P,20240621T004156,1008.89
CTD_P,20240621T014157,1008.80
CTD_PTSH,20240621T014220,1008.80,8.4549,35.3340,-1.041923
CTD_P,20240621T014221,1008.79
CTD_P,20240621T024222,1013.99
CTD_PTSH,20240621T024245,1014.00,8.4664,35.3330,-1.041887
CTD_P,20240621T024246,1013.95
CTD_P,20240621T034247,1012.53
CTD_PTSH,20240621T034310,1012.40,8.4963,35.3360,-1.041893
CTD_P,20240621T034311,1012.42
CTD_P,20240621T044312,1010.58
CTD_PTSH,20240621T044335,1010.60,8.4935,35.3380,-1.041915
CTD_P,20240621T044336,1010.60
CTD_P,20240621T054337,1012.05
CTD_PTSH,20240621T054400,1012.10,8.4749,35.3380,-1.041903
CTD_P,20240621T054401,1012.15
CTD_P,20240621T064402,1012.88
CTD_PTSH,20240621T064425,1012.80,8.4578,35.3330,-1.041908
CTD_P,20240621T064426,1012.79
CTD_P,20240621T074427,1014.02
CTD_PTSH,20240621T074450,1013.90,8.4847,35.3370,-1.041911
CTD_P,20240621T074451,1013.95
CTD_P,20240621T084452,1013.64
CTD_PTSH,20240621T084515,1013.60,8.4869,35.3370,-1.041907
CTD_P,20240621T084516,1013.61
CTD_P,20240621T094517,1014.80
CTD_PTSH,20240621T094540,1014.80,8.5007,35.3350,-1.041861
CTD_P,20240621T094541,1014.77
CTD_P,20240621T104542,1022.09
CTD_PTSH,20240621T104605,1022.10,8.5880,35.3430,-1.041869
CTD_P,20240621T104606,1022.08
CTD_P,20240621T114607,1014.92
CTD_PTSH,20240621T114630,1014.90,8.5843,35.3460,-1.041866
CTD_P,20240621T114631,1014.88
CTD_P,20240621T124632,1017.69
CTD_PTSH,20240621T124655,1017.70,8.5841,35.3440,-1.041875
CTD_P,20240621T124656,1017.65
CTD_P,20240621T134657,1015.49
CTD_PTSH,20240621T134720,1015.40,8.5544,35.3450,-1.041896
CTD_P,20240621T134721,1015.42
CTD_P,20240621T144722,1012.86
CTD_PTSH,20240621T144745,1012.90,8.5459,35.3440,-1.041861
CTD_P,20240621T144746,1012.89
CTD_P,20240621T154747,1020.70
CTD_PTSH,20240621T154810,1020.80,8.5558,35.3410,-1.041905
CTD_P,20240621T154811,1020.79
CTD_P,20240621T164812,1017.71
CTD_PTSH,20240621T164835,1017.70,8.6013,35.3460,-1.041859
CTD_P,20240621T164836,1017.66
CTD_P,20240621T174837,1014.29
CTD_PTSH,20240621T174900,1014.40,8.5417,35.3400,-1.041916
CTD_P,20240621T174901,1014.40
CTD_P,20240621T184902,1021.05
CTD_PTSH,20240621T184925,1020.90,8.5846,35.3450,-1.041861
CTD_P,20240621T184926,1020.95
CTD_P,20240621T194927,1013.63
CTD_PTSH,20240621T194950,1013.60,8.5456,35.3430,-1.041887
CTD_P,20240621T194951,1013.63
CTD_P,20240621T204952,1015.94
CTD_PTSH,20240621T205015,1015.90,8.5352,35.3410,-1.041918
CTD_P,20240621T205016,1015.84
CTD_P,20240621T215017,1013.94
CTD_PTSH,20240621T215040,1014.00,8.4761,35.3390,-1.041935
CTD_P,20240621T215041,1013.97
CTD_P,20240621T225042,1015.14
CTD_PTSH,20240621T225105,1015.00,8.4321,35.3290,-1.041895
CTD_P,20240621T225106,1014.96
CTD_P,20240621T235107,1014.78
CTD_PTSH,20240621T235130,1014.80,8.4369,35.3350,-1.041916
CTD_P,20240621T235131,1014.81
CTD_P,20240622T005132,1017.62
CTD_PTSH,20240622T005155,1017.60,8.4852,35.3360,-1.041904
CTD_P,20240622T005156,1017.57
CTD_P,20240622T015157,1011.95
CTD_PTSH,20240622T015220,1011.80,8.4436,35.3340,-1.041902
CTD_P,20240622T015221,1011.76
CTD_P,20240622T025222,1008.69
CTD_PTSH,20240622T025245,1008.60,8.4247,35.3340,-1.041916
CTD_P,20240622T025246,1008.59
CTD_P,20240622T035247,1014.85
CTD_PTSH,20240622T035310,1014.80,8.3739,35.3240,-1.041902
CTD_P,20240622T035311,1014.83
CTD_P,20240622T045312,1012.12
CTD_PTSH,20240622T045335,1012.10,8.3304,35.3240,-1.041860
CTD_P,20240622T045336,1012.17
CTD_P,20240622T055337,1018.21
CTD_PTSH,20240622T055400,1018.30,8.3703,35.3240,-1.041907
CTD_P,20240622T055401,1018.25
CTD_P,20240622T065402,1016.67
CTD_PTSH,20240622T065425,1016.70,8.4110,35.3270,-1.041855
CTD_P,20240622T065426,1016.71
CTD_P,20240622T075427,1014.41
CTD_PTSH,20240622T075450,1014.50,8.4464,35.3320,-1.041881
CTD_P,20240622T075451,1014.49
CTD_P,20240622T085452,1016.03
CTD_PTSH,20240622T085515,1016.10,8.4300,35.3300,-1.041873
CTD_P,20240622T085516,1016.06
CTD_P,20240622T095517,1019.33
CTD_PTSH,20240622T095540,1019.30,8.4448,35.3320,-1.041925
CTD_P,20240622T095541,1019.34
CTD_P,20240622T105542,1020.30
CTD_PTSH,20240622T105605,1020.20,8.4673,35.3320,-1.041885
CTD_P,20240622T105606,1020.21
CTD_P,20240622T115607,1019.72
CTD_PTSH,20240622T115630,1019.70,8.5439,35.3410,-1.041858
CTD_P,20240622T115631,1019.65
CTD_P,20240622T125632,1021.05
CTD_PTSH,20240622T125655,1021.00,8.5279,35.3390,-1.041899
CTD_P,20240622T125656,1021.04
CTD_P,20240622T135657,1021.85
CTD_PTSH,20240622T135720,1021.90,8.5870,35.3450,-1.041862
CTD_P,20240622T135721,1021.87
CTD_P,20240622T145722,1023.56
CTD_PTSH,20240622T145745,1023.50,8.6014,35.3470,-1.041884
CTD_P,20240622T145746,1023.47
CTD_P,20240622T155747,1019.98
CTD_PTSH,20240622T155810,1020.00,8.5798,35.3470,-1.041864
CTD_P,20240622T155811,1019.93
CTD_P,20240622T165812,1019.10
CTD_PTSH,20240622T165835,1019.10,8.5431,35.3400,-1.041860
CTD_P,20240622T165836,1019.03
CTD_P,20240622T175837,1021.47
CTD_PTSH,20240622T175900,1021.40,8.5196,35.3380,-1.041867
CTD_P,20240622T175901,1021.38
CTD_P,20240622T185902,1019.24
CTD_PTSH,20240622T185925,1019.30,8.5455,35.3440,-1.041860
CTD_P,20240622T185926,1019.27
CTD_P,20240622T195927,1019.94
CTD_PTSH,20240622T195950,1019.90,8.5186,35.3370,-1.041889
CTD_P,20240622T195951,1019.90
CTD_P,20240622T205952,1017.31
CTD_PTSH,20240622T210015,1017.30,8.4993,35.3370,-1.041882
CTD_P,20240622T210016,1017.25
CTD_P,20240622T220017,1015.91
CTD_PTSH,20240622T220040,1016.00,8.4597,35.3350,-1.041898
CTD_P,20240622T220041,1015.99
CTD_P,20240622T230042,1014.92
CTD_PTSH,20240622T230105,1015.00,8.4152,35.3320,-1.041932
CTD_P,20240622T230106,1014.97
CTD_P,20240623T000107,1015.15
CTD_PTSH,20240623T000130,1015.20,8.4153,35.3320,-1.041938
CTD_P,20240623T000131,1015.17
CTD_P,20240623T010132,1015.85
CTD_PTSH,20240623T010155,1015.80,8.4516,35.3330,-1.041880
CTD_P,20240623T010156,1015.80
CTD_P,20240623T020157,1017.39
CTD_PTSH,20240623T020220,1017.40,8.4518,35.3340,-1.041904
CTD_P,20240623T020221,1017.38
CTD_P,20240623T030222,1019.82
CTD_PTSH,20240623T030245,1019.80,8.4798,35.3360,-1.041883
CTD_P,20240623T030246,1019.74
CTD_P,20240623T040247,1013.82
CTD_PTSH,20240623T040310,1013.80,8.4383,35.3400,-1.041899
CTD_P,20240623T040311,1013.75
CTD_P,20240623T050312,1013.54
CTD_PTSH,20240623T050335,1013.50,8.4200,35.3330,-1.041910
CTD_P,20240623T050336,1013.58
CTD_P,20240623T060337,1017.57
CTD_PTSH,20240623T060400,1017.50,8.4328,35.3310,-1.041924
CTD_P,20240623T060401,1017.49
CTD_P,20240623T070402,1016.78
CTD_PTSH,20240623T070425,1016.80,8.4228,35.3320,-1.041931
CTD_P,20240623T070426,1016.79
CTD_P,20240623T080427,1018.23
CTD_PTSH,20240623T080450,1018.30,8.4288,35.3310,-1.041913
CTD_P,20240623T080451,1018.26
CTD_P,20240623T090452,1020.24
CTD_PTSH,20240623T090515,1020.20,8.4784,35.3340,-1.041885
CTD_P,20240623T090516,1020.17
CTD_P,20240623T100517,1018.96
CTD_PTSH,20240623T100540,1019.00,8.4693,35.3350,-1.041888
CTD_P,20240623T100541,1018.97
CTD_P,20240623T110542,1017.84
CTD_PTSH,20240623T110605,1017.90,8.4746,35.3380,-1.041878
CTD_P,20240623T110606,1017.89
CTD_P,20240623T120607,1020.82
CTD_PTSH,20240623T120630,1020.80,8.4861,35.3360,-1.041935
CTD_P,20240623T120631,1020.81
CTD_P,20240623T130632,1024.30
CTD_PTSH,20240623T130655,1024.20,8.5490,35.3420,-1.041859
CTD_P,20240623T130656,1024.22
CTD_P,20240623T140657,1020.45
CTD_PTSH,20240623T140720,1020.50,8.5457,35.3430,-1.041868
CTD_P,20240623T140721,1020.48
CTD_P,20240623T150722,1020.68
CTD_PTSH,20240623T150745,1020.70,8.5315,35.3400,-1.041890
CTD_P,20240623T150746,1020.71
CTD_P,20240623T160747,1021.08
CTD_PTSH,20240623T160810,1021.10,8.5398,35.3430,-1.041879
CTD_P,20240623T160811,1021.13
CTD_P,20240623T170812,1023.99
CTD_PTSH,20240623T170835,1023.90,8.5517,35.3390,-1.041874
CTD_P,20240623T170836,1023.92
CTD_P,20240623T180837,1019.62
CTD_PTSH,20240623T180900,1019.60,8.5314,35.3410,-1.041859
CTD_P,20240623T180901,1019.62
CTD_P,20240623T190902,1019.85
CTD_PTSH,20240623T190925,1019.80,8.5365,35.3420,-1.041852
CTD_P,20240623T190926,1019.82
CTD_P,20240623T200927,1020.46
CTD_PTSH,20240623T200950,1020.50,8.5081,35.3380,-1.041943
CTD_P,20240623T200951,1020.46
CTD_P,20240623T210952,1015.21
CTD_PTSH,20240623T211015,1015.20,8.4567,35.3350,-1.041896
CTD_P,20240623T211016,1015.14
CTD_P,20240623T221017,1015.23
CTD_PTSH,20240623T221040,1015.20,8.4321,35.3340,-1.041917
CTD_P,20240623T221041,1015.19
CTD_P,20240623T231042,1016.09
CTD_PTSH,20240623T231105,1016.10,8.3391,35.3220,-1.041958
CTD_P,20240623T231106,1016.17
CTD_P,20240624T001107,1016.31
CTD_PTSH,20240624T001130,1016.20,8.3563,35.3200,-1.041888
CTD_P,20240624T001131,1016.18
CTD_P,20240624T011132,1016.03
CTD_PTSH,20240624T011155,1016.00,8.3288,35.3220,-1.041911
CTD_P,20240624T011156,1016.05
CTD_P,20240624T021157,1016.92
CTD_PTSH,20240624T021220,1016.90,8.3759,35.3270,-1.041956
CTD_P,20240624T021221,1016.88
CTD_P,20240624T031222,1018.91
CTD_PTSH,20240624T031245,1018.90,8.3705,35.3230,-1.041927
CTD_P,20240624T031246,1018.85
CTD_P,20240624T041247,1016.61
CTD_PTSH,20240624T041310,1016.70,8.3707,35.3240,-1.041882
CTD_P,20240624T041311,1016.63
CTD_P,20240624T051312,1020.03
CTD_PTSH,20240624T051335,1020.00,8.3636,35.3250,-1.041903
CTD_P,20240624T051336,1020.01
CTD_P,20240624T061337,1021.39
CTD_PTSH,20240624T061400,1021.40,8.4317,35.3320,-1.041894
CTD_P,20240624T061401,1021.37
CTD_P,20240624T071402,1020.46
CTD_PTSH,20240624T071425,1020.50,8.4462,35.3310,-1.041866
CTD_P,20240624T071426,1020.43
CTD_P,20240624T081427,1022.70
CTD_PTSH,20240624T081450,1022.70,8.4687,35.3330,-1.041843
CTD_P,20240624T081451,1022.68
CTD_P,20240624T091452,1021.80
CTD_PTSH,20240624T091515,1021.70,8.4899,35.3350,-1.041862
CTD_P,20240624T091516,1021.74
CTD_P,20240624T101517,1017.43
CTD_PTSH,20240624T101540,1017.30,8.4839,35.3390,-1.041860
CTD_P,20240624T101541,1017.29
CTD_P,20240624T111542,1020.51
CTD_PTSH,20240624T111605,1020.60,8.4550,35.3230,-1.041877
CTD_P,20240624T111606,1020.64
CTD_P,20240624T121607,1022.33
CTD_PTSH,20240624T121630,1022.20,8.4752,35.3350,-1.041886
CTD_P,20240624T121631,1022.17
CTD_P,20240624T131632,1020.15
CTD_PTSH,20240624T131655,1020.10,8.4737,35.3350,-1.041866
CTD_P,20240624T131656,1020.05
CTD_P,20240624T141657,1021.22
CTD_PTSH,20240624T141720,1021.30,8.4734,35.3350,-1.041863
CTD_P,20240624T141721,1021.24
CTD_P,20240624T151722,1026.10
CTD_PTSH,20240624T151745,1026.10,8.5249,35.3380,-1.041853
CTD_P,20240624T151746,1026.09
CTD_P,20240624T161747,1025.40
CTD_PTSH,20240624T161810,1025.40,8.5045,35.3360,-1.041870
CTD_P,20240624T161811,1025.35
CTD_P,20240624T171812,1021.31
CTD_PTSH,20240624T171835,1021.20,8.5200,35.3370,-1.041850
CTD_P,20240624T171836,1021.21
CTD_P,20240624T181837,1025.08
CTD_PTSH,20240624T181900,1025.10,8.5206,35.3380,-1.041852
CTD_P,20240624T181901,1025.08
CTD_P,20240624T191902,1023.00
CTD_PTSH,20240624T191925,1023.00,8.5347,35.3390,-1.041873
CTD_P,20240624T191926,1022.96
CTD_P,20240624T201927,1023.99
CTD_PTSH,20240624T201950,1024.00,8.5001,35.3360,-1.041858
CTD_P,20240624T201951,1024.04
CTD_P,20240624T211952,1020.07
CTD_PTSH,20240624T212015,1020.20,8.4933,35.3400,-1.041800
CTD_P,20240624T212016,1020.13
CTD_P,20240624T222017,1022.72
CTD_PTSH,20240624T222040,1022.60,8.4859,35.3360,-1.041892
CTD_P,20240624T222041,1022.60
CTD_P,20240624T232042,1017.96
CTD_PTSH,20240624T232105,1017.90,8.4500,35.3340,-1.041889
CTD_P,20240624T232106,1017.87
CTD_P,20240625T002107,1018.65
CTD_PTSH,20240625T002130,1018.70,8.4355,35.3380,-1.041858
CTD_P,20240625T002131,1018.66
CTD_P,20240625T012132,1014.94
CTD_PTSH,20240625T012155,1014.90,8.4071,35.3330,-1.041837
CTD_P,20240625T012156,1014.94
CTD_P,20240625T022157,1013.62
CTD_PTSH,20240625T022220,1013.60,8.3244,35.3250,-1.041874
CTD_P,20240625T022221,1013.66
CTD_P,20240625T032222,1014.55
CTD_PTSH,20240625T032245,1014.50,8.2569,35.3180,-1.041811
CTD_P,20240625T032246,1014.52
CTD_P,20240625T042247,1017.28
CTD_PTSH,20240625T042310,1017.30,8.2560,35.3120,-1.041857
CTD_P,20240625T042311,1017.31
CTD_P,20240625T052312,1020.95
CTD_PTSH,20240625T052335,1020.90,8.3262,35.3200,-1.041900
CTD_P,20240625T052336,1020.89
CTD_P,20240625T062337,1019.12
CTD_PTSH,20240625T062400,1019.20,8.3650,35.3270,-1.041835
CTD_P,20240625T062401,1019.14
CTD_P,20240625T072402,1018.51
CTD_PTSH,20240625T072425,1018.60,8.3670,35.3310,-1.041938
CTD_P,20240625T072426,1018.59
CTD_P,20240625T082427,1022.61
CTD_PTSH,20240625T082450,1022.60,8.4020,35.3300,-1.041891
CTD_P,20240625T082451,1022.65
CTD_P,20240625T092452,1022.71
CTD_PTSH,20240625T092515,1022.60,8.4391,35.3300,-1.041851
CTD_P,20240625T092516,1022.62
CTD_P,20240625T102517,1018.60
CTD_PTSH,20240625T102540,1018.60,8.4741,35.3360,-1.041844
CTD_P,20240625T102541,1018.58
CTD_P,20240625T112542,1024.06
CTD_PTSH,20240625T112605,1024.00,8.4274,35.3310,-1.041858
CTD_P,20240625T112606,1024.02
CTD_P,20240625T122607,1023.79
CTD_PTSH,20240625T122630,1023.60,8.4998,35.3380,-1.041830
CTD_P,20240625T122631,1023.59
CTD_P,20240625T132632,1022.14
CTD_PTSH,20240625T132655,1022.20,8.4542,35.3320,-1.041868
CTD_P,20240625T132656,1022.20
CTD_P,20240625T142657,1023.83
CTD_PTSH,20240625T142720,1023.70,8.5028,35.3370,-1.041817
CTD_P,20240625T142721,1023.72
CTD_P,20240625T152722,1020.85
CTD_PTSH,20240625T152745,1020.80,8.4880,35.3400,-1.041837
CTD_P,20240625T152746,1020.76
CTD_P,20240625T162747,1026.24
CTD_PTSH,20240625T162810,1026.30,8.5019,35.3370,-1.041849
CTD_P,20240625T162811,1026.31
CTD_P,20240625T172812,1027.65
CTD_PTSH,20240625T172835,1027.60,8.5197,35.3390,-1.041823
CTD_P,20240625T172836,1027.66
CTD_P,20240625T182837,1022.77
CTD_PTSH,20240625T182900,1022.80,8.5118,35.3400,-1.041856
CTD_P,20240625T182901,1022.75
CTD_P,20240625T192902,1024.82
CTD_PTSH,20240625T192925,1024.80,8.5116,35.3380,-1.041823
CTD_P,20240625T192926,1024.86
CTD_P,20240625T202927,1021.97
CTD_PTSH,20240625T202950,1021.90,8.5004,35.3370,-1.041813
CTD_P,20240625T202951,1021.89
CTD_P,20240625T212952,1019.89
CTD_PTSH,20240625T213015,1019.90,8.4698,35.3340,-1.041844
CTD_P,20240625T213016,1019.83
CTD_P,20240625T223017,1018.19
CTD_PTSH,20240625T223040,1018.30,8.4609,35.3360,-1.041827
CTD_P,20240625T223041,1018.28
CTD_P,20240625T233042,1024.45
CTD_PTSH,20240625T233105,1024.40,8.4733,35.3360,-1.041832
CTD_P,20240625T233106,1024.39
CTD_P,20240626T003107,1018.25
CTD_PTSH,20240626T003130,1018.30,8.4306,35.3350,-1.041868
CTD_P,20240626T003131,1018.24
CTD_P,20240626T013132,1017.02
CTD_PTSH,20240626T013155,1016.80,8.3724,35.3250,-1.041855
CTD_P,20240626T013156,1016.83
CTD_P,20240626T023157,1021.47
CTD_PTSH,20240626T023220,1021.40,8.3603,35.3230,-1.041851
CTD_P,20240626T023221,1021.44
CTD_P,20240626T033222,1016.83
CTD_PTSH,20240626T033245,1016.80,8.3204,35.3120,-1.041852
CTD_P,20240626T033246,1016.82
CTD_P,20240626T043247,1016.95
CTD_PTSH,20240626T043310,1016.90,8.2648,35.3200,-1.041885
CTD_P,20240626T043311,1016.90
CTD_P,20240626T053312,1020.31
CTD_PTSH,20240626T053335,1020.40,8.2604,35.3130,-1.041894
CTD_P,20240626T053336,1020.35
CTD_P,20240626T063337,1021.30
CTD_PTSH,20240626T063400,1021.30,8.3169,35.3160,-1.041870
CTD_P,20240626T063401,1021.26
CTD_P,20240626T073402,1019.82
CTD_PTSH,20240626T073425,1019.90,8.3061,35.3180,-1.041837
CTD_P,20240626T073426,1019.88
CTD_P,20240626T083427,1024.74
CTD_PTSH,20240626T083450,1024.70,8.3486,35.3210,-1.041847
CTD_P,20240626T083451,1024.65
CTD_P,20240626T093452,1021.67
CTD_PTSH,20240626T093515,1021.70,8.3704,35.3240,-1.041875
CTD_P,20240626T093516,1021.71
CTD_P,20240626T103517,1024.10
CTD_PTSH,20240626T103540,1024.10,8.4257,35.3320,-1.041814
CTD_P,20240626T103541,1024.11
CTD_P,20240626T113542,1023.61
CTD_PTSH,20240626T113605,1023.60,8.4672,35.3430,-1.041837
CTD_P,20240626T113606,1023.63
CTD_P,20240626T123607,1027.05
CTD_PTSH,20240626T123630,1027.00,8.5147,35.3390,-1.041805
CTD_P,20240626T123631,1027.01
CTD_P,20240626T133632,1025.48
CTD_PTSH,20240626T133655,1025.50,8.5141,35.3400,-1.041814
CTD_P,20240626T133656,1025.48
CTD_P,20240626T143657,1022.97
CTD_PTSH,20240626T143720,1022.90,8.5038,35.3390,-1.041839
CTD_P,20240626T143721,1022.93
CTD_P,20240626T153722,1021.54
CTD_PTSH,20240626T153745,1021.70,8.4565,35.3350,-1.041783
CTD_P,20240626T153746,1021.70
CTD_P,20240626T163747,1027.12
CTD_PTSH,20240626T163810,1027.20,8.4581,35.3340,-1.041797
CTD_P,20240626T163811,1027.16
CTD_P,20240626T173812,1020.98
CTD_PTSH,20240626T173835,1021.00,8.4600,35.3360,-1.041836
CTD_P,20240626T173836,1020.98
CTD_P,20240626T183837,1023.34
CTD_PTSH,20240626T183900,1023.40,8.4542,35.3350,-1.041832
CTD_P,20240626T183901,1023.39
CTD_P,20240626T193902,1026.59
CTD_PTSH,20240626T193925,1026.50,8.5077,35.3390,-1.041835
CTD_P,20240626T193926,1026.54
CTD_P,20240626T203927,1019.82
CTD_PTSH,20240626T203950,1019.80,8.4570,35.3350,-1.041830
CTD_P,20240626T203951,1019.85
CTD_P,20240626T213952,1022.12
CTD_PTSH,20240626T214015,1022.00,8.4320,35.3310,-1.041844
CTD_P,20240626T214016,1021.97
CTD_P,20240626T224017,1021.38
CTD_PTSH,20240626T224040,1021.20,8.4344,35.3310,-1.041808
CTD_P,20240626T224041,1021.26
CTD_P,20240626T234042,1022.06
CTD_PTSH,20240626T234105,1022.10,8.4119,35.3310,-1.041827
CTD_P,20240626T234106,1022.04
CTD_P,20240627T004107,1020.04
CTD_PTSH,20240627T004130,1020.00,8.4299,35.3320,-1.041827
CTD_P,20240627T004131,1019.95
CTD_P,20240627T014132,1021.99
CTD_PTSH,20240627T014155,1022.10,8.3806,35.3290,-1.041801
CTD_P,20240627T014156,1022.10
CTD_P,20240627T024157,1022.32
CTD_PTSH,20240627T024220,1022.20,8.4010,35.3290,-1.041865
CTD_P,20240627T024221,1022.21
CTD_P,20240627T034222,1020.23
CTD_PTSH,20240627T034245,1020.20,8.3654,35.3280,-1.041848
CTD_P,20240627T034246,1020.22
CTD_P,20240627T044247,1019.57
CTD_PTSH,20240627T044310,1019.50,8.3294,35.3220,-1.041851
CTD_P,20240627T044311,1019.52
CTD_P,20240627T054312,1021.83
CTD_PTSH,20240627T054335,1021.90,8.3526,35.3230,-1.041834
CTD_P,20240627T054336,1021.92
CTD_P,20240627T064337,1019.06
CTD_PTSH,20240627T064400,1019.00,8.3170,35.3200,-1.041769
CTD_P,20240627T064401,1019.00
CTD_P,20240627T074402,1020.87
CTD_PTSH,20240627T074425,1020.90,8.3186,35.3180,-1.041812
CTD_P,20240627T074426,1020.85
CTD_P,20240627T084427,1019.04
CTD_PTSH,20240627T084450,1019.10,8.3131,35.3180,-1.041815
CTD_P,20240627T084451,1019.07
CTD_P,20240627T094452,1022.09
CTD_PTSH,20240627T094515,1022.10,8.2960,35.3170,-1.041862
CTD_P,20240627T094516,1022.12
CTD_P,20240627T104517,1024.14
CTD_PTSH,20240627T104540,1024.10,8.3505,35.3210,-1.041836
CTD_P,20240627T104541,1024.07
CTD_P,20240627T114542,1021.10
CTD_PTSH,20240627T114605,1021.10,8.3838,35.3250,-1.041833
CTD_P,20240627T114606,1021.11
CTD_P,20240627T124607,1024.44
CTD_PTSH,20240627T124630,1024.60,8.4281,35.3270,-1.041809
CTD_P,20240627T124631,1024.56
CTD_P,20240627T134632,1026.65
CTD_PTSH,20240627T134655,1026.60,8.4906,35.3360,-1.041785
CTD_P,20240627T134656,1026.56
CTD_P,20240627T144657,1024.25
CTD_PTSH,20240627T144720,1024.30,8.4673,35.3370,-1.041790
CTD_P,20240627T144721,1024.29
CTD_P,20240627T154722,1027.21
CTD_PTSH,20240627T154745,1027.20,8.5128,35.3360,-1.041768
CTD_P,20240627T154746,1027.17
CTD_P,20240627T164747,1025.12
CTD_PTSH,20240627T164810,1025.10,8.4986,35.3400,-1.041826
CTD_P,20240627T164811,1025.13
CTD_P,20240627T174812,1026.74
CTD_PTSH,20240627T174835,1026.70,8.5170,35.3380,-1.041791
CTD_P,20240627T174836,1026.66
CTD_P,20240627T184838,1004.27
CTD_PTSH,20240627T184901,1004.30,8.5160,35.3430,-1.041722
CTD_P,20240627T184902,1004.27
CTD_P,20240627T194903,1008.58
CTD_PTSH,20240627T194926,1008.60,8.5140,35.3390,-1.041721
CTD_P,20240627T194927,1008.63
CTD_P,20240627T204928,1005.33
CTD_PTSH,20240627T204951,1005.20,8.5116,35.3400,-1.041694
CTD_P,20240627T204952,1005.22
CTD_P,20240627T214953,999.28
CTD_PTSH,20240627T215016,999.30,8.4636,35.3340,-1.041718
CTD_P,20240627T215017,999.32
CTD_P,20240627T225018,1002.97
CTD_PTSH,20240627T225041,1003.10,8.4600,35.3360,-1.041735
CTD_P,20240627T225042,1003.04
CTD_P,20240627T235043,1005.56
CTD_PTSH,20240627T235106,1005.40,8.4679,35.3360,-1.041713
CTD_P,20240627T235107,1005.45
CTD_P,20240628T005108,1006.61
CTD_PTSH,20240628T005131,1006.60,8.4855,35.3360,-1.041721
CTD_P,20240628T005132,1006.61
CTD_P,20240628T015133,1006.31
CTD_PTSH,20240628T015156,1006.30,8.5003,35.3380,-1.041735
CTD_P,20240628T015157,1006.25
CTD_P,20240628T025158,1007.57
CTD_PTSH,20240628T025221,1007.60,8.5179,35.3400,-1.041723
CTD_P,20240628T025222,1007.58
CTD_P,20240628T035223,1006.03
CTD_PTSH,20240628T035246,1006.00,8.5163,35.3390,-1.041711
CTD_P,20240628T035247,1006.04
CTD_P,20240628T045248,1005.74
CTD_PTSH,20240628T045311,1005.70,8.5131,35.3410,-1.041731
CTD_P,20240628T045312,1005.74
CTD_P,20240628T055313,1002.51
CTD_PTSH,20240628T055336,1002.50,8.4908,35.3400,-1.041711
CTD_P,20240628T055337,1002.50
CTD_P,20240628T065338,1004.55
CTD_PTSH,20240628T065401,1004.60,8.4645,35.3370,-1.041723
CTD_P,20240628T065402,1004.57
CTD_P,20240628T075403,1005.14
CTD_PTSH,20240628T075426,1005.20,8.4643,35.3360,-1.041705
CTD_P,20240628T075427,1005.14
CTD_P,20240628T085428,1006.20
CTD_PTSH,20240628T085451,1006.20,8.4849,35.3380,-1.041710
CTD_P,20240628T085452,1006.15
CTD_P,20240628T095453,1006.18
CTD_PTSH,20240628T095516,1006.10,8.4982,35.3380,-1.041675
CTD_P,20240628T095517,1006.14
CTD_P,20240628T105518,1003.77
CTD_PTSH,20240628T105541,1003.90,8.4622,35.3400,-1.041723
CTD_P,20240628T105542,1003.86
CTD_P,20240628T115019,1004.52
CTD_PTSH,20240628T115042,1004.50,8.4693,35.3350,-1.041742
CTD_P,20240628T115043,1004.46
Message,20240628T115045,Deep Descent Mission
CTD_P,20240628T115048,1004.44
CTD_P,20240628T115151,1005.76
CTD_P,20240628T115253,1010.65
CTD_P,20240628T115355,1017.66
CTD_P,20240628T115458,1026.17
CTD_P,20240628T115548,1033.94
CTD_P,20240628T115549,1034.16
CTD_P,20240628T115651,1044.27
CTD_P,20240628T120154,1092.85
CTD_P,20240628T120657,1140.26
CTD_P,20240628T121200,1186.78
CTD_P,20240628T121703,1233.70
CTD_P,20240628T122206,1280.88
CTD_P,20240628T122709,1327.82
CTD_P,20240628T123212,1374.64
CTD_P,20240628T123715,1420.43
CTD_P,20240628T124218,1465.12
CTD_P,20240628T124721,1507.77
CTD_P,20240628T125224,1548.11
CTD_P,20240628T125727,1587.00
CTD_P,20240628T130230,1624.61
CTD_P,20240628T130733,1661.53
CTD_P,20240628T131236,1699.14
CTD_P,20240628T131739,1736.19
CTD_P,20240628T132242,1773.56
CTD_P,20240628T132745,1810.88
CTD_P,20240628T133248,1847.43
CTD_P,20240628T133751,1883.25
CTD_P,20240628T134254,1918.83
CTD_P,20240628T134757,1953.22
CTD_P,20240628T135300,1986.43
CTD_P,20240628T135526,2001.99
Message,20240628T135529,ASCENT
CTD_P,20240628T135532,2002.59
CTD_P,20240628T135606,2006.02
CTD_P,20240628T135724,2011.88
CTD_P,20240628T135732,2012.32
CTD_P,20240628T135733,2012.36
CTD_P,20240628T135833,2014.76
CTD_P,20240628T135917,2015.94
CTD_P,20240628T140018,2015.11
CTD_P,20240628T140103,2013.18
CTD_P,20240628T140204,2008.90
CTD_P,20240628T140249,2005.29
CTD_P,20240628T140350,1999.40
CTD_P,20240628T140352,1999.27
Message,20240628T140353,CP Started
CTD_P,20240628T140428,1995.64
CTD_PTS,20240628T140431,1995.42,3.1796,34.8386
O2,20240628T140519,108.17550,25.84826,3.17067,47.86564,49.23164,57.10582,7.87418,1024.30701,865.18738,750.22321
FLBB,20240628T140522,57,113,567
CTD_P,20240628T140525,1990.27
CTD_P,20240628T141026,1962.06
NO3,20240628T141036,43.25
CTD_P,20240628T141040,1960.81
CTD_P,20240628T141542,1933.42
CTD_P,20240628T142044,1906.89
CTD_P,20240628T142204,1899.96
CTD_PTS,20240628T142206,1899.76,3.4270,34.8597
O2,20240628T142255,100.45790,24.16920,3.42796,48.44836,49.81436,57.74542,7.93106,1035.53796,864.34192,742.73352
FLBB,20240628T142258,57,114,567
CTD_P,20240628T142300,1895.14
CTD_P,20240628T142546,1880.75
CTD_P,20240628T143048,1855.42
CTD_P,20240628T143550,1830.96
CTD_P,20240628T144052,1807.29
CTD_P,20240628T144228,1800.21
CTD_P,20240628T144232,1799.91
CTD_PTS,20240628T144234,1799.76,3.7489,34.8877
O2,20240628T144322,90.31234,21.91061,3.74345,49.27521,50.64121,58.57780,7.93659,1051.47302,862.50647,733.51837
FLBB,20240628T144326,56,116,567
CTD_P,20240628T144328,1795.81
CTD_P,20240628T144554,1785.35
CTD_P,20240628T145056,1764.98
CTD_P,20240628T145140,1761.77
CTD_P,20240628T145242,1756.35
CTD_P,20240628T145744,1730.34
CTD_P,20240628T150246,1706.03
CTD_P,20240628T150402,1700.01
CTD_P,20240628T150406,1699.72
CTD_PTS,20240628T150408,1699.53,4.2314,34.9295
O2,20240628T150457,77.05279,18.93167,4.22444,50.42610,51.79210,59.72934,7.93724,1072.35205,859.30658,719.40228
FLBB,20240628T150500,56,116,566
CTD_P,20240628T150502,1695.38
CTD_P,20240628T150749,1682.61
CTD_P,20240628T151251,1660.21
CTD_P,20240628T151753,1638.65
CTD_P,20240628T151836,1635.42
CTD_P,20240628T151938,1629.89
CTD_P,20240628T152440,1602.96
CTD_P,20240628T152515,1599.86
CTD_PTS,20240628T152517,1599.73,4.8056,34.9819
O2,20240628T152606,62.40183,15.56314,4.79914,51.83261,53.19862,61.13759,7.93897,1096.68799,855.31329,702.43262
FLBB,20240628T152609,54,114,565
CTD_P,20240628T152611,1595.03
CTD_P,20240628T152943,1576.97
CTD_P,20240628T153445,1552.20
CTD_P,20240628T153947,1528.66
CTD_P,20240628T154449,1506.35
CTD_P,20240628T154616,1500.10
CTD_P,20240628T154620,1499.83
CTD_PTS,20240628T154622,1499.70,5.3530,35.0317
O2,20240628T154711,50.90624,12.88039,5.35826,53.03218,54.39818,62.33807,7.93990,1116.27600,851.32819,685.81519
FLBB,20240628T154714,58,121,564
CTD_P,20240628T154716,1495.83
CTD_P,20240628T154952,1484.92
CTD_P,20240628T155034,1481.80
CTD_P,20240628T155136,1476.29
CTD_P,20240628T155638,1449.35
CTD_P,20240628T160140,1422.42
CTD_P,20240628T160554,1399.93
CTD_PTS,20240628T160556,1399.77,6.0353,35.0966
O2,20240628T160645,37.17699,9.57401,6.05067,54.64437,56.01038,63.94989,7.93951,1141.22400,846.27448,665.09302
FLBB,20240628T160648,57,118,563
CTD_P,20240628T160650,1395.01
CTD_P,20240628T161152,1369.07
CTD_P,20240628T161654,1344.46
CTD_P,20240628T162156,1321.63
CTD_P,20240628T162645,1301.87
CTD_P,20240628T162658,1301.02
CTD_P,20240628T162715,1299.97
CTD_PTS,20240628T162717,1299.83,6.5839,35.1476
O2,20240628T162806,29.38251,7.66896,6.58327,55.63233,56.99833,64.93660,7.93827,1155.67297,842.25488,649.04742
FLBB,20240628T162809,57,120,562
CTD_P,20240628T162811,1296.43
CTD_P,20240628T163200,1282.32
CTD_P,20240628T163242,1279.56
CTD_P,20240628T163344,1274.53
CTD_P,20240628T163846,1249.96
CTD_P,20240628T164348,1225.73
CTD_P,20240628T164850,1202.11
CTD_P,20240628T164919,1199.85
CTD_PTS,20240628T164921,1199.71,7.2552,35.2115
O2,20240628T165010,21.12316,5.60820,7.26861,56.76180,58.12780,66.06474,7.93694,1171.33398,837.16272,628.26770
FLBB,20240628T165013,57,116,561
CTD_P,20240628T165015,1195.51
CTD_P,20240628T165352,1178.88
CTD_P,20240628T165854,1156.51
CTD_P,20240628T165936,1153.17
CTD_P,20240628T170038,1147.40
CTD_P,20240628T170540,1119.28
CTD_P,20240628T170910,1100.32
CTD_P,20240628T170914,1099.97
CTD_PTS,20240628T170916,1099.82,7.8667,35.2723
O2,20240628T171005,14.09222,3.79722,7.86894,57.82590,59.19190,67.13440,7.94250,1185.90002,832.56842,609.94641
FLBB,20240628T171008,59,119,560
CTD_P,20240628T171009,1095.03
CTD_P,20240628T171042,1092.09
CTD_P,20240628T171544,1065.95
CTD_P,20240628T172046,1040.59
CTD_P,20240628T172548,1015.67
CTD_P,20240628T172900,1000.15
CTD_P,20240628T172904,999.86
CTD_PTS,20240628T172906,999.68,8.5034,35.3360
O2,20240628T172955,9.18793,2.51477,8.51110,58.60444,59.97044,67.91641,7.94597,1195.77197,827.56458,590.22888
FLBB,20240628T172958,56,118,560
CTD_P,20240628T172959,995.47
CTD_P,20240628T173050,991.49
CTD_P,20240628T173552,968.66
CTD_P,20240628T174001,950.88
CTD_P,20240628T174016,949.86
CTD_PTS,20240628T174018,949.70,8.8935,35.3778
O2,20240628T174021,6.44281,1.77946,8.88628,59.07002,60.43602,68.38220,7.94618,1201.67297,824.76062,578.65332
FLBB,20240628T174025,56,120,559
CTD_P,20240628T174026,949.16
CTD_P,20240628T174054,947.23
CTD_P,20240628T174136,944.12
CTD_P,20240628T174238,938.61
CTD_P,20240628T174740,911.89
CTD_P,20240628T174957,900.30
CTD_P,20240628T175001,899.98
CTD_PTS,20240628T175003,899.82,9.3208,35.4203
O2,20240628T175006,4.60699,1.28537,9.30878,59.37817,60.74417,68.69273,7.94856,1205.06604,821.70093,565.57013
FLBB,20240628T175010,55,125,558
CTD_P,20240628T175011,899.12
CTD_P,20240628T175242,886.82
CTD_P,20240628T175744,863.15
CTD_P,20240628T180034,850.62
CTD_P,20240628T180045,849.82
CTD_PTS,20240628T180047,849.65,9.8401,35.4762
O2,20240628T180050,3.29520,0.93082,9.82946,59.58838,60.95438,68.90973,7.95535,1206.52795,817.46851,549.37952
FLBB,20240628T180054,56,112,558
CTD_P,20240628T180055,849.08
CTD_P,20240628T180246,841.06
CTD_P,20240628T180748,820.15
CTD_P,20240628T180828,817.18
CTD_P,20240628T180930,811.80
CTD_P,20240628T181148,799.73
CTD_PTS,20240628T181150,799.54,10.1793,35.5096
O2,20240628T181153,2.70843,0.77135,10.17631,59.67662,61.04263,69.00233,7.95971,1206.88794,814.64478,538.55377
FLBB,20240628T181157,56,107,557
CTD_P,20240628T181158,798.87
CTD_P,20240628T181432,785.66
CTD_P,20240628T181934,759.97
CTD_P,20240628T182134,749.92
CTD_PTS,20240628T182136,749.73,10.6541,35.5593
O2,20240628T182139,2.28407,0.65773,10.64877,59.72419,61.09019,69.05695,7.96675,1206.16296,810.84601,523.75763
FLBB,20240628T182143,57,109,556
CTD_P,20240628T182144,749.07
CTD_P,20240628T182436,734.47
CTD_P,20240628T182938,709.38
CTD_P,20240628T183133,700.21
CTD_P,20240628T183137,699.90
CTD_PTS,20240628T183139,699.74,10.8873,35.5623
O2,20240628T183142,2.22993,0.64567,10.88398,59.71598,61.08199,69.05528,7.97330,1205.75305,809.01788,516.37042
FLBB,20240628T183146,57,109,555
CTD_P,20240628T183147,699.12
CTD_P,20240628T183440,686.05
CTD_P,20240628T183942,664.23
CTD_P,20240628T184302,650.60
CTD_P,20240628T184314,649.82
CTD_PTS,20240628T184316,649.68,11.2784,35.5989
O2,20240628T184319,2.14930,0.62794,11.27268,59.70092,61.06693,69.04767,7.98074,1204.55701,805.98712,504.13351
FLBB,20240628T184323,57,109,555
CTD_P,20240628T184324,649.17
CTD_P,20240628T184444,643.99
CTD_P,20240628T184524,641.21
CTD_P,20240628T184626,636.06
CTD_P,20240628T185128,611.33
CTD_P,20240628T185350,600.15
CTD_P,20240628T185354,599.86
CTD_PTS,20240628T185356,599.69,11.6997,35.6290
O2,20240628T185359,2.07157,0.61120,11.69958,59.68252,61.04852,69.03377,7.98525,1203.20703,802.53632,490.65240
FLBB,20240628T185403,57,112,555
CTD_P,20240628T185404,599.08
CTD_P,20240628T185630,587.77
CTD_P,20240628T190132,564.50
CTD_P,20240628T190444,549.79
CTD_PTS,20240628T190446,549.62,12.0925,35.6642
O2,20240628T190449,2.01427,0.59959,12.08843,59.66319,61.02919,69.02200,7.99281,1201.94299,799.27661,478.33710
FLBB,20240628T190453,56,111,554
CTD_P,20240628T190454,549.05
CTD_P,20240628T190634,541.58
CTD_P,20240628T190714,538.39
CTD_P,20240628T190816,532.49
CTD_P,20240628T191318,504.42
CTD_P,20240628T191408,499.94
CTD_PTS,20240628T191410,499.79,12.5441,35.7130
O2,20240628T191413,1.94882,0.58612,12.54420,59.64051,61.00652,69.00620,7.99968,1200.32605,795.52142,463.86041
FLBB,20240628T191417,57,115,553
CTD_P,20240628T191418,499.07
CTD_P,20240628T191820,478.49
CTD_P,20240628T192322,455.38
CTD_P,20240628T192436,449.99
CTD_PTS,20240628T192438,449.84,13.0211,35.7545
O2,20240628T192441,1.88550,0.57314,13.01712,59.61638,60.98238,68.98901,8.00663,1198.77795,791.72913,448.79361
FLBB,20240628T192445,57,117,553
CTD_P,20240628T192446,449.27
CTD_P,20240628T192824,433.44
CTD_P,20240628T193326,411.81
CTD_P,20240628T193406,408.75
CTD_P,20240628T193508,403.17
CTD_P,20240628T193547,399.54
CTD_PTS,20240628T193549,399.35,13.4832,35.7893
O2,20240628T193552,1.81187,0.55651,13.48382,59.59554,60.96154,68.97279,8.01125,1197.16602,787.76819,433.88239
FLBB,20240628T193556,57,137,552
CTD_P,20240628T193557,398.63
CTD_P,20240628T194010,375.10
CTD_P,20240628T194444,350.29
CTD_P,20240628T194448,349.93
CTD_PTS,20240628T194450,349.74,14.0756,35.8317
O2,20240628T194453,1.76372,0.54880,14.07179,59.55944,60.92544,68.94902,8.02358,1194.94104,783.00220,415.03940
FLBB,20240628T194456,56,130,551
CTD_P,20240628T194458,349.04
CTD_P,20240628T194513,347.72
CTD_P,20240628T195016,322.76
CTD_P,20240628T195454,302.38
CTD_P,20240628T195519,300.61
CTD_P,20240628T195531,299.77
CTD_PTS,20240628T195533,299.65,14.6818,35.8768
O2,20240628T195536,1.74659,0.55082,14.68620,59.51406,60.88007,68.92328,8.04321,1192.45996,777.58917,395.28711
FLBB,20240628T195540,55,136,550
CTD_P,20240628T195541,299.10
CTD_P,20240628T200022,280.88
CTD_P,20240628T200525,264.36
CTD_P,20240628T200606,262.00
CTD_P,20240628T200709,257.38
CTD_P,20240628T200750,254.19
CTD_P,20240628T200847,248.92
CTD_PTS,20240628T200849,248.74,15.9788,35.9471
O2,20240628T200852,1.62561,0.52685,15.95472,59.44219,60.80819,68.86179,8.05360,1186.48096,766.90057,354.33240
FLBB,20240628T200856,56,149,549
CTD_P,20240628T200857,248.00
CTD_P,20240628T201400,222.04
CTD_P,20240628T201821,202.90
CTD_P,20240628T201903,200.08
CTD_P,20240628T201907,199.82
CTD_PTS,20240628T201909,199.72,17.8552,36.0280
O2,20240628T201912,1.53164,0.51646,17.84595,59.31583,60.68183,68.76593,8.08410,1175.74194,748.47760,292.94550
FLBB,20240628T201916,57,156,546
CTD_P,20240628T201917,199.22
CTD_P,20240628T202406,184.01
CTD_P,20240628T202909,173.27
CTD_P,20240628T202948,172.25
CTD_P,20240628T203051,168.96
CTD_P,20240628T203131,166.54
CTD_P,20240628T203234,161.91
CTD_P,20240628T203314,158.88
CTD_P,20240628T203416,153.61
CTD_P,20240628T203502,149.74
CTD_PTS,20240628T203504,149.57,20.3098,36.0146
O2,20240628T203507,2.96436,1.04954,20.25733,58.70906,60.07507,68.18790,8.11283,1156.07800,725.81860,214.39439
FLBB,20240628T203510,53,107,543
CTD_P,20240628T203512,148.91
CTD_P,20240628T203918,132.95
CTD_P,20240628T204421,119.42
CTD_P,20240628T204924,115.13
CTD_P,20240628T205002,114.68
CTD_P,20240628T205104,112.08
CTD_P,20240628T205142,109.92
CTD_P,20240628T205244,105.09
CTD_P,20240628T205324,101.58
CTD_P,20240628T205345,99.42
CTD_PTS,20240628T205347,99.22,24.6037,36.5351
O2,20240628T205436,180.45010,69.55115,24.68343,32.18778,33.55378,41.69089,8.13711,635.20508,679.80048,70.74816
FLBB,20240628T205439,58,133,536
CTD_P,20240628T205440,93.86
CTD_P,20240628T205520,89.93
CTD_PTS,20240628T205522,89.71,24.8314,36.5663
O2,20240628T205611,193.49609,74.86235,24.88771,31.27728,32.64328,40.78645,8.14317,612.54181,676.86200,64.16860
FLBB,20240628T205614,66,135,535
CTD_P,20240628T205616,84.58
CTD_P,20240628T205702,80.23
NO3,20240628T205712,5.52
CTD_P,20240628T205716,78.80
CTD_P,20240628T205720,78.41
CTD_PTS,20240628T205722,78.18,24.9564,36.5655
O2,20240628T205811,198.21040,76.82816,24.98771,30.95395,32.31995,40.46577,8.14582,604.64539,675.37231,60.95028
FLBB,20240628T205814,75,135,535
CTD_P,20240628T205815,73.40
CTD_P,20240628T205853,69.91
CTD_PTS,20240628T205855,69.75,25.0903,36.5197
O2,20240628T205944,183.94720,71.36612,25.03818,31.81433,33.18033,41.32629,8.14597,625.10040,674.36322,59.32626
FLBB,20240628T205947,80,134,534
CTD_P,20240628T205949,65.18
CTD_P,20240628T210047,60.39
CTD_P,20240628T210056,59.62
CTD_PTS,20240628T210058,59.44,25.4640,36.4649
O2,20240628T210147,198.87910,77.92039,25.57187,30.68078,32.04678,40.19452,8.14774,596.90021,670.84857,42.18053
FLBB,20240628T210150,92,143,534
CTD_P,20240628T210151,55.14
CTD_P,20240628T210257,50.10
CTD_P,20240628T210301,49.80
CTD_PTS,20240628T210303,49.67,26.3625,36.5114
O2,20240628T210352,233.13460,92.75922,26.41741,28.53575,29.90175,38.05318,8.15143,543.62360,663.85382,15.11663
FLBB,20240628T210355,99,151,533
CTD_P,20240628T210356,46.90
CTD_P,20240628T210400,46.67
CTD_PTS,20240628T210402,46.56,26.5453,36.5080
O2,20240628T210405,234.18530,93.29382,26.48647,28.45964,29.82564,37.96425,8.13861,541.72418,659.23492,12.91206
FLBB,20240628T210408,101,166,533
CTD_P,20240628T210410,46.22
CTD_P,20240628T210418,45.84
CTD_PTS,20240628T210420,45.81,26.6323,36.4930
O2,20240628T210423,235.24409,93.87202,26.57873,28.37488,29.74088,37.89238,8.15150,539.43951,662.35748,9.96842
FLBB,20240628T210426,100,154,533
CTD_P,20240628T210428,45.52
CTD_P,20240628T210438,45.20
CTD_P,20240628T210442,45.02
CTD_P,20240628T210446,44.88
CTD_PTS,20240628T210448,44.81,26.7794,36.4902
O2,20240628T210451,238.71049,95.51851,26.73167,28.15565,29.52165,37.67333,8.15168,533.83942,661.21350,5.09234
FLBB,20240628T210454,107,151,533
CTD_P,20240628T210456,44.54
CTD_P,20240628T210507,44.06
CTD_P,20240628T210511,43.88
CTD_PTS,20240628T210513,43.85,26.8236,36.4794
O2,20240628T210516,240.00160,96.13235,26.78781,28.07525,29.44125,37.59248,8.15122,531.67419,660.16278,3.30350
FLBB,20240628T210519,99,148,532
CTD_P,20240628T210521,43.56
CTD_P,20240628T210539,43.07
CTD_P,20240628T210543,42.93
CTD_PTS,20240628T210545,42.90,26.9317,36.4485
O2,20240628T210548,240.57820,96.55674,26.89923,28.00772,29.37372,37.52525,8.15154,529.86938,659.29132,-0.24449
FLBB,20240628T210551,107,149,532
CTD_P,20240628T210553,42.61
CTD_P,20240628T210612,42.08
CTD_P,20240628T210616,41.99
CTD_PTS,20240628T210618,41.96,27.3671,36.4483
O2,20240628T210621,242.86520,98.18090,27.30176,27.75658,29.12258,37.27395,8.15137,523.43323,657.40387,-13.04169
FLBB,20240628T210624,105,151,532
CTD_P,20240628T210626,41.68
CTD_P,20240628T210651,41.23
CTD_P,20240628T210702,41.23
CTD_P,20240628T210713,41.32
CTD_P,20240628T210742,41.59
CTD_P,20240628T210832,41.54
CTD_P,20240628T210841,41.49
CTD_P,20240628T210851,41.42
CTD_P,20240628T210900,41.38
CTD_P,20240628T210909,41.35
CTD_P,20240628T210918,41.35
CTD_P,20240628T210926,41.39
CTD_P,20240628T210934,41.45
CTD_P,20240628T210942,41.44
CTD_P,20240628T210951,41.40
CTD_P,20240628T211000,41.45
CTD_P,20240628T211009,41.47
CTD_P,20240628T211018,41.53
CTD_P,20240628T211027,41.61
CTD_P,20240628T211038,41.68
CTD_P,20240628T211049,41.74
CTD_P,20240628T211102,41.83
CTD_P,20240628T211115,41.84
CTD_P,20240628T211129,41.72
CTD_P,20240628T211142,41.53
CTD_P,20240628T211151,41.37
CTD_P,20240628T211200,41.21
CTD_P,20240628T211204,41.16
CTD_P,20240628T211208,41.11
CTD_P,20240628T211212,41.07
CTD_P,20240628T211216,41.00
CTD_PTS,20240628T211218,41.01,27.9779,36.4667
O2,20240628T211221,247.16760,101.02930,27.92149,27.34253,28.70853,36.86181,8.15328,512.26648,648.85022,-32.67542
FLBB,20240628T211224,106,156,531
CTD_P,20240628T211226,40.98
CTD_P,20240628T211234,41.00
CTD_P,20240628T211249,41.13
CTD_P,20240628T211307,41.36
CTD_P,20240628T211328,41.33
CTD_P,20240628T211347,41.23
CTD_P,20240628T211406,41.22
CTD_P,20240628T211424,41.26
CTD_P,20240628T211442,41.21
CTD_P,20240628T211500,41.14
CTD_P,20240628T211516,41.09
CTD_P,20240628T211532,40.67
CTD_P,20240628T211538,40.46
CTD_P,20240628T211542,40.31
CTD_P,20240628T211555,39.94
CTD_PTS,20240628T211557,39.88,29.7563,36.5884
O2,20240628T211600,239.47591,100.16600,29.23129,27.22176,28.58776,36.74218,8.15442,508.10818,640.62439,-73.87689
FLBB,20240628T211603,101,158,531
CTD_P,20240628T211605,39.79
CTD_P,20240628T211633,39.89
CTD_P,20240628T211642,40.08
CTD_P,20240628T211658,40.26
CTD_P,20240628T211716,40.33
CTD_P,20240628T211720,40.33
CTD_P,20240628T211735,40.36
CTD_P,20240628T211756,40.33
CTD_P,20240628T211815,40.42
CTD_P,20240628T211824,40.47
CTD_P,20240628T211844,40.60
CTD_P,20240628T211902,40.66
CTD_P,20240628T211906,40.67
CTD_P,20240628T211929,40.81
CTD_P,20240628T211955,40.81
CTD_P,20240628T212005,40.78
CTD_P,20240628T212030,40.43
CTD_P,20240628T212044,40.02
CTD_P,20240628T212048,39.89
CTD_P,20240628T212136,37.61
CTD_PTS,20240628T212138,37.47,30.1706,36.6185
O2,20240628T212141,233.17590,99.11812,30.16282,27.18529,28.55128,36.71677,8.16548,505.49921,627.90997,-102.91430
FLBB,20240628T212144,84,177,529
CTD_P,20240628T212146,37.09
CTD_P,20240628T212150,36.92
CTD_PTS,20240628T212152,36.84,30.1764,36.6180
O2,20240628T212154,233.06450,99.08024,30.16838,27.18851,28.55450,36.71763,8.16312,505.45691,627.81952,-103.08680
FLBB,20240628T212158,84,170,528
CTD_P,20240628T212200,36.43
CTD_P,20240628T212212,35.63
CTD_PTS,20240628T212214,35.46,30.1839,36.6174
O2,20240628T212216,233.05409,99.08930,30.17627,27.18626,28.55226,36.71467,8.16241,505.44009,627.82648,-103.33200
FLBB,20240628T212220,83,178,528
CTD_P,20240628T212222,34.93
CTD_P,20240628T212224,34.80
CTD_PTS,20240628T212226,34.67,30.1843,36.6205
O2,20240628T212229,232.94830,99.05109,30.18022,27.18978,28.55578,36.71543,8.15965,505.36749,627.67010,-103.45460
FLBB,20240628T212232,83,184,528
CTD_P,20240628T212234,34.04
CTD_P,20240628T212237,33.80
CTD_P,20240628T212241,33.53
CTD_PTS,20240628T212243,33.37,30.1866,36.6189
O2,20240628T212246,233.04041,99.09235,30.18147,27.18510,28.55110,36.71107,8.15997,505.34070,627.64569,-103.49320
FLBB,20240628T212249,84,173,528
CTD_P,20240628T212251,32.74
CTD_P,20240628T212255,32.42
CTD_PTS,20240628T212257,32.24,30.1882,36.6209
O2,20240628T212300,233.02451,99.09222,30.18535,27.18450,28.55050,36.70939,8.15889,505.28360,627.59521,-103.61370
FLBB,20240628T212303,83,173,528
CTD_P,20240628T212305,31.56
CTD_P,20240628T212309,31.16
CTD_PTS,20240628T212311,30.98,30.1937,36.6204
O2,20240628T212314,232.97771,99.08167,30.19081,27.18477,28.55077,36.70867,8.15790,505.25531,627.58752,-103.78330
FLBB,20240628T212317,92,229,527
CTD_P,20240628T212319,30.31
CTD_P,20240628T212323,29.96
CTD_PTS,20240628T212325,29.80,30.1923,36.6177
O2,20240628T212328,233.02319,99.10165,30.19120,27.18254,28.54854,36.70600,8.15746,505.23270,627.59088,-103.79540
FLBB,20240628T212331,84,173,527
CTD_P,20240628T212333,29.19
CTD_P,20240628T212338,28.79
CTD_PTS,20240628T212340,28.66,30.1941,36.6212
O2,20240628T212342,233.02310,99.10471,30.19302,27.18192,28.54792,36.70354,8.15562,505.17441,627.53802,-103.85180
FLBB,20240628T212346,82,172,527
CTD_P,20240628T212348,27.94
CTD_P,20240628T212350,27.76
CTD_PTS,20240628T212352,27.60,30.1930,36.6212
O2,20240628T212354,232.97510,99.08501,30.19343,27.18399,28.54999,36.70575,8.15576,505.15720,627.48608,-103.86460
FLBB,20240628T212358,82,172,527
CTD_P,20240628T212400,26.91
CTD_P,20240628T212402,26.74
CTD_PTS,20240628T212404,26.58,30.1927,36.6205
O2,20240628T212406,232.94850,99.07175,30.19230,27.18561,28.55161,36.70519,8.15359,505.13211,627.53198,-103.82970
FLBB,20240628T212410,84,177,526
CTD_P,20240628T212412,25.75
CTD_P,20240628T212414,25.54
CTD_PTS,20240628T212416,25.35,30.1932,36.6186
O2,20240628T212419,233.02341,99.10227,30.19151,27.18242,28.54842,36.70294,8.15452,505.06870,627.58722,-103.80510
FLBB,20240628T212422,84,179,526
CTD_P,20240628T212424,24.50
CTD_P,20240628T212426,24.29
CTD_P,20240628T212430,23.88
CTD_PTS,20240628T212432,23.63,30.1879,36.6201
O2,20240628T212435,233.09770,99.12818,30.18817,27.18015,28.54615,36.70017,8.15402,505.03140,627.63239,-103.70120
FLBB,20240628T212438,87,174,527
CTD_P,20240628T212440,22.79
CTD_P,20240628T212444,22.33
CTD_PTS,20240628T212446,22.11,30.1917,36.6192
O2,20240628T212449,233.12920,99.14280,30.18890,27.17845,28.54445,36.69827,8.15382,504.97360,627.60999,-103.72380
FLBB,20240628T212452,83,173,526
CTD_P,20240628T212454,21.28
CTD_P,20240628T212458,20.92
CTD_PTS,20240628T212500,20.78,30.1885,36.6216
O2,20240628T212503,233.19920,99.17398,30.18974,27.17493,28.54093,36.69375,8.15282,504.93359,627.64502,-103.75000
FLBB,20240628T212506,82,172,526
CTD_P,20240628T212508,20.01
CTD_P,20240628T212512,19.55
CTD_PTS,20240628T212514,19.37,30.1884,36.6208
O2,20240628T212517,233.20110,99.17273,30.18850,27.17527,28.54127,36.69473,8.15346,504.87640,627.65369,-103.71160
FLBB,20240628T212520,81,173,526
CTD_P,20240628T212522,18.60
CTD_P,20240628T212526,18.27
CTD_PTS,20240628T212528,18.09,30.1891,36.6197
O2,20240628T212531,233.28490,99.20931,30.18909,27.17121,28.53721,36.69077,8.15356,504.80780,627.69843,-103.72990
FLBB,20240628T212534,94,182,526
CTD_P,20240628T212536,17.35
CTD_P,20240628T212540,16.97
CTD_PTS,20240628T212542,16.81,30.1888,36.6198
O2,20240628T212545,233.28290,99.20680,30.18812,27.17164,28.53764,36.68999,8.15236,504.79440,627.74463,-103.69980
FLBB,20240628T212548,82,170,526
CTD_P,20240628T212550,16.04
CTD_P,20240628T212554,15.66
CTD_PTS,20240628T212556,15.49,30.1866,36.6201
O2,20240628T212559,233.25490,99.19308,30.18705,27.17329,28.53929,36.68987,8.15058,504.79568,627.83221,-103.66660
FLBB,20240628T212602,87,177,526
CTD_P,20240628T212604,14.69
CTD_P,20240628T212608,14.46
CTD_PTS,20240628T212610,14.19,30.1841,36.6213
O2,20240628T212613,233.37280,99.24084,30.18564,27.16835,28.53435,36.68603,8.15168,504.73911,627.84442,-103.62270
FLBB,20240628T212616,81,171,526
CTD_P,20240628T212618,13.37
CTD_P,20240628T212622,13.03
CTD_PTS,20240628T212624,12.87,30.1865,36.6194
O2,20240628T212627,233.32700,99.22141,30.18567,27.17045,28.53645,36.68790,8.15146,504.72260,627.88391,-103.62370
FLBB,20240628T212630,85,192,525
CTD_P,20240628T212632,12.26
CTD_P,20240628T212636,11.95
CTD_PTS,20240628T212638,11.81,30.1842,36.6220
O2,20240628T212641,233.38680,99.24785,30.18625,27.16749,28.53349,36.68529,8.15179,504.64301,627.93121,-103.64160
FLBB,20240628T212644,83,173,525
CTD_P,20240628T212646,11.26
CTD_P,20240628T212650,10.96
CTD_PTS,20240628T212652,10.83,30.1853,36.6209
O2,20240628T212655,233.33569,99.22573,30.18604,27.16992,28.53592,36.68603,8.15011,504.57458,627.96167,-103.63520
FLBB,20240628T212658,83,184,525
CTD_P,20240628T212700,10.32
CTD_P,20240628T212704,10.05
CTD_P,20240628T212708,9.75
CTD_PTS,20240628T212710,9.68,30.1861,36.6204
O2,20240628T212713,233.51340,99.30214,30.18652,27.16158,28.52758,36.67986,8.15228,504.51590,628.11713,-103.65000
FLBB,20240628T212716,83,175,525
CTD_P,20240628T212718,9.15
CTD_P,20240628T212722,9.01
CTD_P,20240628T212726,8.73
CTD_PTS,20240628T212728,8.66,30.1880,36.6192
O2,20240628T212731,233.50740,99.29987,30.18669,27.16179,28.52779,36.67966,8.15187,504.47339,628.16882,-103.65540
FLBB,20240628T212734,83,174,525
CTD_P,20240628T212736,8.27
CTD_P,20240628T212740,8.03
CTD_P,20240628T212744,7.86
CTD_PTS,20240628T212746,7.78,30.1849,36.6206
O2,20240628T212749,233.56059,99.32069,30.18563,27.15971,28.52571,36.67715,8.15144,504.39999,628.19012,-103.62250
FLBB,20240628T212752,85,170,525
CTD_P,20240628T212754,7.26
CTD_P,20240628T212802,6.76
CTD_PTS,20240628T212804,6.65,30.1850,36.6198
O2,20240628T212807,233.60100,99.33540,30.18419,27.15835,28.52435,36.67542,8.15107,504.37231,628.31873,-103.57780
FLBB,20240628T212810,82,172,525
CTD_P,20240628T212812,6.22
CTD_P,20240628T212816,6.10
CTD_P,20240628T212820,5.88
CTD_PTS,20240628T212822,5.80,30.1841,36.6199
O2,20240628T212825,233.60770,99.33696,30.18345,27.15830,28.52430,36.67388,8.14958,504.33481,628.35138,-103.55480
FLBB,20240628T212828,82,169,525
CTD_P,20240628T212830,5.51
CTD_P,20240628T212844,4.98
CTD_P,20240628T212858,4.45
CTD_P,20240628T212910,3.96
Message,20240628T212914,CP Stopped
CTD_P,20240628T212924,3.17
Message,20240628T212926,Surface Mission
CTD_P,20240628T212929,2.90
CTD_P,20240628T212931,2.87
O2,20240628T212934,233.78120,99.40341,30.17918,27.15180,28.51780,36.67139,8.15359,504.24500,628.57458,-103.42220
CTD_P,20240628T212935,2.59
O2,20240628T212949,233.76440,99.39655,30.17931,27.15252,28.51852,36.66991,8.15139,504.19470,628.56989,-103.42620
CTD_P,20240628T212950,1.65
O2,20240628T213005,233.80580,99.41622,30.18055,27.15020,28.51620,36.66759,8.15139,504.14490,628.54303,-103.46490
CTD_P,20240628T213006,0.80
O2,20240628T213019,233.87610,99.43627,30.17478,27.14895,28.51495,36.66518,8.15023,504.13019,628.53912,-103.28570
CTD_P,20240628T213020,0.02
O2,20240628T213034,233.93100,99.40308,30.14178,27.15780,28.52380,36.67300,8.14920,504.32190,628.64471,-102.26100
CTD_P,20240628T213036,-0.08
O2,20240628T213049,233.81180,99.35258,30.14188,27.16324,28.52924,36.67626,8.14702,504.40561,628.74701,-102.26430
CTD_P,20240628T213050,-0.10
O2,20240628T213104,233.59750,99.29082,30.15901,27.16719,28.53319,36.68166,8.14847,504.57211,628.85602,-102.79590
CTD_P,20240628T213106,-0.09
O2,20240628T213119,233.83040,99.36963,30.14722,27.16055,28.52655,36.67377,8.14722,504.30151,628.92712,-102.43000
CTD_P,20240628T213120,-0.05
O2,20240628T213134,233.23900,99.15110,30.16642,27.18114,28.54713,36.69430,8.14716,504.81900,629.07343,-103.02610
CTD_P,20240628T213135,0.04
O2,20240628T213150,233.76620,99.35975,30.15739,27.15999,28.52599,36.67247,8.14648,504.36801,628.99707,-102.74590
CTD_P,20240628T213151,-0.04
CTD_P,20240628T213521,-0.36
O2,20240628T213524,236.89050,98.94240,29.14898,27.36770,28.73370,36.88692,8.15322,510.06110,633.88593,-71.30019
CTD_P,20240628T213526,-0.35
O2,20240628T213539,237.30070,98.97151,29.06675,27.37788,28.74388,36.89294,8.14906,510.17581,634.28992,-68.72427
CTD_P,20240628T213540,-0.34
O2,20240628T213554,238.59370,99.26020,28.92258,27.36984,28.73584,36.87553,8.13969,510.30289,631.31708,-64.20371
CTD_P,20240628T213555,-0.35
O2,20240628T213610,235.78160,98.55977,29.19584,27.40201,28.76801,36.91289,8.14488,510.88849,634.87561,-72.76723
CTD_P,20240628T213611,-0.35
O2,20240628T213624,234.27090,98.35783,29.44718,27.38341,28.74941,36.88543,8.13602,510.60019,631.09668,-80.62698
CTD_P,20240628T213625,-0.21
O2,20240628T213639,236.87781,98.85593,29.10196,27.38480,28.75080,36.89503,8.14423,510.54169,635.42419,-69.82743
CTD_P,20240628T213641,-0.34
O2,20240628T213654,235.19460,98.49285,29.29987,27.39246,28.75846,36.90176,8.14330,510.69601,635.27832,-76.02245
CTD_P,20240628T213655,-0.35
O2,20240628T213709,233.07761,98.01167,29.53818,27.40682,28.77282,36.91592,8.14310,511.10580,635.25269,-83.46854
CTD_P,20240628T213711,-0.22
O2,20240628T213724,239.61430,99.97868,29.09093,27.26462,28.63062,36.76600,8.13538,507.62399,631.73541,-69.48193
CTD_P,20240628T213725,-0.36
O2,20240628T213739,234.30310,99.23462,29.95135,27.20648,28.57248,36.71464,8.14216,506.07339,636.05298,-96.34274
CTD_P,20240628T213740,-0.35
CTD_P,20240628T213742,-0.20
CTD_P,20240628T213808,-0.36
CTD_bins,20240628T214209,26698,1000,1998.620
CTD_CP_H,20240628T214228,4.40,30.1829,36.6202,31,-1.002455,15
CTD_CP_H,20240628T214229,5.93,30.1838,36.6203,45,-1.002473,23
CTD_CP_H,20240628T214229,8.01,30.1861,36.6201,36,-1.002485,18
CTD_CP_H,20240628T214229,9.95,30.1861,36.6203,33,-1.002494,16
CTD_CP_H,20240628T214229,11.96,30.1854,36.6205,27,-1.002515,14
CTD_CP_H,20240628T214229,14.01,30.1852,36.6205,22,-1.002530,11
CTD_CP_H,20240628T214229,16.04,30.1873,36.6202,21,-1.002546,10
CTD_CP_H,20240628T214229,18.04,30.1881,36.6205,22,-1.002519,11
CTD_CP_H,20240628T214229,20.06,30.1894,36.6205,21,-1.002539,11
CTD_CP_H,20240628T214229,21.98,30.1888,36.6202,18,-1.002554,9
CTD_CP_H,20240628T214229,23.96,30.1883,36.6209,19,-1.002551,9
CTD_CP_H,20240628T214229,25.99,30.1926,36.6202,20,-1.002555,10
CTD_CP_H,20240628T214229,28.03,30.1938,36.6211,25,-1.002550,13
CTD_CP_H,20240628T214229,30.03,30.1926,36.6209,24,-1.002556,12
CTD_CP_H,20240628T214230,32.06,30.1886,36.6205,23,-1.002569,11
CTD_CP_H,20240628T214230,34.05,30.1847,36.6193,27,-1.002591,14
CTD_CP_H,20240628T214230,36.10,30.1794,36.6188,33,-1.002604,16
CTD_CP_H,20240628T214230,38.01,30.1687,36.6177,39,-1.002639,20
CTD_CP_H,20240628T214230,40.37,29.9039,36.6002,363,-1.002979,181
CTD_CP_H,20240628T214230,41.49,27.8231,36.4622,565,-1.005107,283
CTD_CP_H,20240628T214230,43.95,26.8279,36.4762,58,-1.006456,29
CTD_CP_H,20240628T214230,45.93,26.6373,36.4991,49,-1.006822,24
CTD_CP_H,20240628T214230,48.00,26.4107,36.5152,39,-1.007219,20
CTD_CP_H,20240628T214230,49.96,26.3002,36.5115,30,-1.007434,15
CTD_CP_H,20240628T214230,51.98,26.0457,36.5057,28,-1.008175,14
CTD_CP_H,20240628T214230,54.01,25.8084,36.4780,24,-1.009204,12
CTD_CP_H,20240628T214230,56.07,25.5901,36.4562,24,-1.009760,12
CTD_CP_H,20240628T214230,57.98,25.5057,36.4566,25,-1.010036,12
CTD_CP_H,20240628T214231,59.96,25.4377,36.4725,23,-1.010324,12
CTD_CP_H,20240628T214231,62.07,25.3563,36.4867,24,-1.010826,12
CTD_CP_H,20240628T214231,64.02,25.3018,36.4981,25,-1.010969,12
CTD_CP_H,20240628T214231,65.98,25.0689,36.4643,24,-1.011835,12
CTD_CP_H,20240628T214231,68.01,25.0806,36.4911,24,-1.011345,12
CTD_CP_H,20240628T214231,70.01,25.0838,36.5225,23,-1.011154,12
CTD_CP_H,20240628T214231,72.06,25.0489,36.5370,21,-1.011217,10
CTD_CP_H,20240628T214231,73.96,24.9993,36.5484,22,-1.010801,11
CTD_CP_H,20240628T214231,76.03,24.9744,36.5641,23,-1.010553,12
CTD_CP_H,20240628T214231,77.99,24.9556,36.5672,20,-1.010605,10
CTD_CP_H,20240628T214231,80.03,24.9362,36.5705,21,-1.010714,10
CTD_CP_H,20240628T214231,82.01,24.9320,36.5714,21,-1.010726,11
CTD_CP_H,20240628T214231,84.01,24.9226,36.5710,21,-1.010780,10
CTD_CP_H,20240628T214232,85.97,24.8947,36.5705,21,-1.010992,11
CTD_CP_H,20240628T214232,87.97,24.8616,36.5684,21,-1.011264,10
CTD_CP_H,20240628T214232,90.00,24.8286,36.5642,21,-1.011507,11
CTD_CP_H,20240628T214232,92.01,24.7959,36.5579,20,-1.011727,10
CTD_CP_H,20240628T214232,94.00,24.7286,36.5487,20,-1.012118,10
CTD_CP_H,20240628T214232,95.99,24.6609,36.5394,20,-1.012379,10
CTD_CP_H,20240628T214232,97.97,24.6262,36.5374,19,-1.012539,9
CTD_CP_H,20240628T214232,100.00,24.5756,36.5341,20,-1.012669,10
CTD_CP_H,20240628T214232,102.05,24.4929,36.5292,21,-1.012677,11
CTD_CP_H,20240628T214232,104.01,24.4360,36.5229,23,-1.012825,11
CTD_CP_H,20240628T214232,105.99,24.3447,36.5131,25,-1.013231,13
CTD_CP_H,20240628T214232,108.02,24.3136,36.5084,26,-1.013331,13
CTD_CP_H,20240628T214232,110.05,24.2872,36.5050,30,-1.013489,15
CTD_CP_H,20240628T214232,112.02,24.2288,36.4954,40,-1.013999,20
CTD_CP_H,20240628T214233,114.17,23.9967,36.4480,60,-1.015434,29
CTD_CP_H,20240628T214233,115.80,23.6365,36.3876,234,-1.017448,118
CTD_CP_H,20240628T214233,117.88,23.4259,36.3500,78,-1.018818,39
CTD_CP_H,20240628T214233,119.97,23.1066,36.3045,53,-1.021040,26
CTD_CP_H,20240628T214233,121.99,22.9299,36.2866,49,-1.022301,25
CTD_CP_H,20240628T214233,123.99,22.7011,36.2604,43,-1.023701,21
CTD_CP_H,20240628T214233,125.97,22.5458,36.2494,41,-1.024765,21
CTD_CP_H,20240628T214233,127.98,22.4384,36.2576,44,-1.025005,22
CTD_CP_H,20240628T214233,129.99,22.3250,36.2347,45,-1.025613,22
CTD_CP_H,20240628T214233,131.97,22.1091,36.1863,40,-1.026779,20
CTD_CP_H,20240628T214233,133.98,21.6761,36.1026,40,-1.028317,20
CTD_CP_H,20240628T214233,136.00,21.4624,36.0752,35,-1.029516,18
CTD_CP_H,20240628T214233,137.99,21.3669,36.0874,33,-1.030213,16
CTD_CP_H,20240628T214234,140.01,21.1331,36.0678,29,-1.030862,15
CTD_CP_H,20240628T214234,142.00,20.9326,36.0527,30,-1.031386,15
CTD_CP_H,20240628T214234,144.00,20.8375,36.0410,28,-1.031625,14
CTD_CP_H,20240628T214234,146.00,20.6413,36.0292,26,-1.032180,13
CTD_CP_H,20240628T214234,147.97,20.4719,36.0217,25,-1.032609,12
CTD_CP_H,20240628T214234,149.99,20.2720,36.0136,25,-1.033103,13
CTD_CP_H,20240628T214234,151.98,20.0756,36.0103,23,-1.033343,11
CTD_CP_H,20240628T214234,153.99,19.9810,36.0016,24,-1.033399,12
CTD_CP_H,20240628T214234,156.02,19.8897,35.9910,23,-1.033508,12
CTD_CP_H,20240628T214234,158.01,19.7981,35.9876,24,-1.033635,12
CTD_CP_H,20240628T214234,160.02,19.6679,35.9799,26,-1.033862,13
CTD_CP_H,20240628T214234,161.98,19.5570,35.9704,27,-1.034101,13
CTD_CP_H,20240628T214234,163.98,19.3043,35.9477,27,-1.034398,14
CTD_CP_H,20240628T214234,166.01,19.1642,35.9335,28,-1.034498,14
CTD_CP_H,20240628T214235,168.00,19.0478,35.9161,34,-1.034576,17
CTD_CP_H,20240628T214235,170.00,18.8732,35.9117,37,-1.034755,18
CTD_CP_H,20240628T214235,172.16,18.7764,35.9078,52,-1.034881,27
CTD_CP_H,20240628T214235,173.92,18.6648,35.8949,85,-1.034980,42
CTD_CP_H,20240628T214235,175.93,18.5936,35.9010,59,-1.035107,29
CTD_CP_H,20240628T214235,177.96,18.4454,35.9027,49,-1.035306,25
CTD_CP_H,20240628T214235,180.00,18.3373,35.9092,49,-1.035391,24
CTD_CP_H,20240628T214235,182.02,18.3456,35.9267,49,-1.035355,25
CTD_CP_H,20240628T214235,184.00,18.3447,35.9417,49,-1.035328,24
CTD_CP_H,20240628T214235,185.99,18.2312,35.9331,45,-1.035433,23
CTD_CP_H,20240628T214235,187.96,18.1536,35.9419,43,-1.035505,21
CTD_CP_H,20240628T214235,189.98,18.0795,35.9507,39,-1.035577,20
CTD_CP_H,20240628T214235,191.99,18.0171,35.9615,37,-1.035618,18
CTD_CP_H,20240628T214236,193.97,17.9661,35.9706,34,-1.035689,17
CTD_CP_H,20240628T214236,195.98,17.8681,35.9832,32,-1.035779,16
CTD_CP_H,20240628T214236,197.99,17.8608,36.0116,31,-1.035676,16
CTD_CP_H,20240628T214236,199.97,17.8562,36.0244,31,-1.035690,15
CTD_CP_H,20240628T214236,201.99,17.7950,36.0228,30,-1.035756,15
CTD_CP_H,20240628T214236,203.98,17.7196,36.0220,29,-1.035862,15
CTD_CP_H,20240628T214236,206.00,17.6246,36.0152,29,-1.035971,14
CTD_CP_H,20240628T214236,207.98,17.5604,36.0097,28,-1.036047,14
CTD_CP_H,20240628T214236,209.98,17.5149,36.0115,29,-1.036086,15
CTD_CP_H,20240628T214236,211.97,17.4223,36.0113,26,-1.036190,13
CTD_CP_H,20240628T214236,213.97,17.3268,36.0185,27,-1.036271,13
CTD_CP_H,20240628T214236,215.98,17.2929,36.0202,26,-1.036293,13
CTD_CP_H,20240628T214236,217.97,17.2196,36.0230,26,-1.036373,13
CTD_CP_H,20240628T214236,219.99,17.0930,36.0155,26,-1.036463,13
CTD_CP_H,20240628T214237,222.01,17.0528,36.0171,26,-1.036556,13
CTD_CP_H,20240628T214237,224.01,16.9511,36.0158,25,-1.036641,13
CTD_CP_H,20240628T214237,225.98,16.8858,36.0164,25,-1.036684,12
CTD_CP_H,20240628T214237,228.01,16.8544,36.0296,25,-1.036690,13
CTD_CP_H,20240628T214237,230.05,16.6914,36.0106,24,-1.036839,12
CTD_CP_H,20240628T214237,232.02,16.5842,35.9893,23,-1.037003,11
CTD_CP_H,20240628T214237,233.97,16.4252,35.9671,23,-1.037149,12
CTD_CP_H,20240628T214237,235.97,16.2957,35.9477,23,-1.037278,11
CTD_CP_H,20240628T214237,237.99,16.2227,35.9515,23,-1.037341,12
CTD_CP_H,20240628T214237,240.01,16.2096,35.9604,22,-1.037351,11
CTD_CP_H,20240628T214237,241.98,16.1259,35.9493,22,-1.037418,11
CTD_CP_H,20240628T214237,244.00,16.1082,35.9578,23,-1.037472,11
CTD_CP_H,20240628T214237,245.99,16.0716,35.9583,21,-1.037533,11
CTD_CP_H,20240628T214238,247.96,16.0159,35.9525,22,-1.037584,11
CTD_CP_H,20240628T214238,249.98,15.9022,35.9420,22,-1.037688,11
CTD_CP_H,20240628T214238,252.02,15.8204,35.9323,22,-1.037765,11
CTD_CP_H,20240628T214238,254.03,15.7859,35.9289,22,-1.037809,11
CTD_CP_H,20240628T214238,256.01,15.7299,35.9213,26,-1.037809,13
CTD_CP_H,20240628T214238,257.98,15.6666,35.9115,27,-1.037911,13
CTD_CP_H,20240628T214238,259.98,15.5272,35.9002,27,-1.038039,14
CTD_CP_H,20240628T214238,262.03,15.4657,35.9040,30,-1.038070,15
CTD_CP_H,20240628T214238,264.04,15.4476,35.9021,39,-1.038112,19
CTD_CP_H,20240628T214238,266.00,15.4316,35.9009,39,-1.038118,20
CTD_CP_H,20240628T214238,267.97,15.3946,35.8969,39,-1.038178,19
CTD_CP_H,20240628T214238,269.99,15.3344,35.8923,38,-1.038232,19
CTD_CP_H,20240628T214238,272.01,15.3230,35.9050,37,-1.038250,19
CTD_CP_H,20240628T214238,274.00,15.3080,35.9137,36,-1.038232,18
CTD_CP_H,20240628T214239,276.00,15.2652,35.9132,35,-1.038270,17
CTD_CP_H,20240628T214239,278.02,15.2027,35.9054,34,-1.038290,17
CTD_CP_H,20240628T214239,280.00,15.1940,35.9080,33,-1.038257,17
CTD_CP_H,20240628T214239,281.98,15.1444,35.9064,33,-1.038336,16
CTD_CP_H,20240628T214239,283.98,15.0794,35.8990,32,-1.038416,16
CTD_CP_H,20240628T214239,285.99,14.9724,35.8867,31,-1.038518,16
CTD_CP_H,20240628T214239,287.99,14.9361,35.8820,31,-1.038534,15
CTD_CP_H,20240628T214239,289.98,14.9159,35.8816,31,-1.038561,16
CTD_CP_H,20240628T214239,291.99,14.9005,35.8836,31,-1.038577,15
CTD_CP_H,20240628T214239,294.01,14.8122,35.8756,30,-1.038657,15
CTD_CP_H,20240628T214239,295.99,14.7494,35.8700,29,-1.038699,15
CTD_CP_H,20240628T214239,297.98,14.7109,35.8689,30,-1.038722,15
CTD_CP_H,20240628T214239,300.00,14.6805,35.8754,29,-1.038721,14
CTD_CP_H,20240628T214240,302.01,14.6707,35.8763,29,-1.038698,15
CTD_CP_H,20240628T214240,304.02,14.6555,35.8757,28,-1.038747,14
CTD_CP_H,20240628T214240,306.00,14.6208,35.8757,28,-1.038773,14
CTD_CP_H,20240628T214240,307.98,14.5882,35.8753,28,-1.038791,14
CTD_CP_H,20240628T214240,309.99,14.5603,35.8749,28,-1.038781,14
CTD_CP_H,20240628T214240,312.01,14.5278,35.8708,28,-1.038831,14
CTD_CP_H,20240628T214240,314.02,14.5011,35.8674,27,-1.038858,13
CTD_CP_H,20240628T214240,316.02,14.4742,35.8645,27,-1.038877,14
CTD_CP_H,20240628T214240,318.02,14.4486,35.8622,26,-1.038881,13
CTD_CP_H,20240628T214240,320.00,14.4253,35.8602,26,-1.038901,13
CTD_CP_H,20240628T214240,322.01,14.4050,35.8591,26,-1.038919,13
CTD_CP_H,20240628T214240,324.00,14.3900,35.8582,25,-1.038899,12
CTD_CP_H,20240628T214240,325.98,14.3729,35.8564,25,-1.038889,13
CTD_CP_H,20240628T214241,327.96,14.3514,35.8536,25,-1.038920,12
CTD_CP_H,20240628T214241,329.97,14.3361,35.8506,25,-1.038947,13
CTD_CP_H,20240628T214241,332.00,14.3081,35.8471,26,-1.038960,13
CTD_CP_H,20240628T214241,334.02,14.2584,35.8418,24,-1.038957,12
CTD_CP_H,20240628T214241,335.99,14.2114,35.8379,24,-1.038979,12
CTD_CP_H,20240628T214241,337.98,14.1971,35.8370,24,-1.038987,12
CTD_CP_H,20240628T214241,340.00,14.1818,35.8360,24,-1.038981,12
CTD_CP_H,20240628T214241,342.01,14.1630,35.8348,23,-1.038985,11
CTD_CP_H,20240628T214241,343.98,14.1402,35.8336,23,-1.038997,12
CTD_CP_H,20240628T214241,345.98,14.1187,35.8324,23,-1.039007,11
CTD_CP_H,20240628T214241,347.99,14.1016,35.8338,23,-1.038998,12
CTD_CP_H,20240628T214241,350.01,14.0716,35.8316,23,-1.039006,11
CTD_CP_H,20240628T214241,351.99,14.0434,35.8291,22,-1.039008,11
CTD_CP_H,20240628T214241,354.00,14.0232,35.8270,23,-1.039028,12
CTD_CP_H,20240628T214242,356.02,13.9962,35.8242,22,-1.039044,11
CTD_CP_H,20240628T214242,358.01,13.9688,35.8223,22,-1.039042,11
CTD_CP_H,20240628T214242,359.98,13.9343,35.8177,22,-1.039083,11
CTD_CP_H,20240628T214242,361.98,13.8986,35.8149,22,-1.039078,11
CTD_CP_H,20240628T214242,363.98,13.8823,35.8129,22,-1.039089,11
CTD_CP_H,20240628T214242,365.99,13.8585,35.8118,22,-1.039070,11
CTD_CP_H,20240628T214242,368.00,13.8294,35.8085,22,-1.039091,11
CTD_CP_H,20240628T214242,370.01,13.7858,35.8030,22,-1.039089,11
CTD_CP_H,20240628T214242,372.02,13.7659,35.8012,22,-1.039097,11
CTD_CP_H,20240628T214242,374.03,13.7396,35.7990,22,-1.039112,11
CTD_CP_H,20240628T214242,376.02,13.7000,35.7970,21,-1.039074,10
CTD_CP_H,20240628T214242,377.99,13.6867,35.8007,21,-1.039042,11
CTD_CP_H,20240628T214242,379.99,13.6669,35.7998,22,-1.039063,11
CTD_CP_H,20240628T214243,382.02,13.6438,35.7973,22,-1.039057,11
CTD_CP_H,20240628T214243,384.00,13.6318,35.7957,21,-1.039055,10
CTD_CP_H,20240628T214243,385.99,13.6073,35.7934,22,-1.039060,11
CTD_CP_H,20240628T214243,387.98,13.6018,35.7990,21,-1.039009,11
CTD_CP_H,20240628T214243,389.99,13.5876,35.7987,22,-1.038992,11
CTD_CP_H,20240628T214243,391.99,13.5684,35.7964,21,-1.038979,10
CTD_CP_H,20240628T214243,393.98,13.5434,35.7938,22,-1.039002,11
CTD_CP_H,20240628T214243,395.98,13.5255,35.7922,21,-1.039027,11
CTD_CP_H,20240628T214243,398.00,13.5028,35.7901,22,-1.039045,11
CTD_CP_H,20240628T214243,400.01,13.4786,35.7879,21,-1.039037,10
CTD_CP_H,20240628T214243,402.00,13.4639,35.7867,22,-1.039048,11
CTD_CP_H,20240628T214243,404.03,13.4500,35.7855,22,-1.039026,11
CTD_CP_H,20240628T214243,406.04,13.4216,35.7829,22,-1.039021,11
CTD_CP_H,20240628T214243,408.05,13.4113,35.7817,23,-1.039024,12
CTD_CP_H,20240628T214244,410.04,13.3876,35.7793,25,-1.039019,12
CTD_CP_H,20240628T214244,412.02,13.3638,35.7759,29,-1.039030,15
CTD_CP_H,20240628T214244,414.01,13.3266,35.7728,27,-1.039035,13
CTD_CP_H,20240628T214244,416.00,13.2849,35.7686,29,-1.039027,15
CTD_CP_H,20240628T214244,417.99,13.2630,35.7662,27,-1.039021,13
CTD_CP_H,20240628T214244,419.99,13.2521,35.7651,29,-1.039005,15
CTD_CP_H,20240628T214244,422.01,13.2358,35.7636,27,-1.039036,13
CTD_CP_H,20240628T214244,423.98,13.2145,35.7617,28,-1.039022,14
CTD_CP_H,20240628T214244,425.99,13.1891,35.7594,28,-1.039018,14
CTD_CP_H,20240628T214244,427.99,13.1694,35.7578,28,-1.039006,14
CTD_CP_H,20240628T214244,429.97,13.1521,35.7568,27,-1.038996,14
CTD_CP_H,20240628T214244,431.96,13.1395,35.7575,28,-1.038979,14
CTD_CP_H,20240628T214244,433.98,13.1466,35.7624,28,-1.038975,14
CTD_CP_H,20240628T214245,436.00,13.1351,35.7617,28,-1.038952,14
CTD_CP_H,20240628T214245,438.02,13.1091,35.7593,28,-1.038966,14
CTD_CP_H,20240628T214245,440.01,13.0971,35.7600,27,-1.038931,13
CTD_CP_H,20240628T214245,442.00,13.0788,35.7604,28,-1.038912,14
CTD_CP_H,20240628T214245,444.01,13.0609,35.7585,27,-1.038917,14
CTD_CP_H,20240628T214245,446.03,13.0416,35.7565,28,-1.038924,14
CTD_CP_H,20240628T214245,448.03,13.0342,35.7560,27,-1.038926,13
CTD_CP_H,20240628T214245,449.98,13.0164,35.7546,27,-1.038913,14
CTD_CP_H,20240628T214245,451.98,12.9927,35.7516,28,-1.038931,14
CTD_CP_H,20240628T214245,453.98,12.9599,35.7483,27,-1.038921,13
CTD_CP_H,20240628T214245,456.01,12.9361,35.7451,28,-1.038932,14
CTD_CP_H,20240628T214245,458.04,12.9160,35.7437,27,-1.038922,14
CTD_CP_H,20240628T214245,460.03,12.8996,35.7420,27,-1.038990,13
CTD_CP_H,20240628T214245,462.03,12.8857,35.7418,26,-1.038964,13
CTD_CP_H,20240628T214246,463.99,12.8691,35.7403,26,-1.038945,13
CTD_CP_H,20240628T214246,466.00,12.8535,35.7401,27,-1.038922,14
CTD_CP_H,20240628T214246,468.02,12.8446,35.7400,26,-1.038951,13
CTD_CP_H,20240628T214246,470.02,12.8276,35.7391,26,-1.038938,13
CTD_CP_H,20240628T214246,472.03,12.8136,35.7373,26,-1.038931,13
CTD_CP_H,20240628T214246,474.02,12.8000,35.7353,25,-1.038955,12
CTD_CP_H,20240628T214246,476.00,12.7688,35.7316,25,-1.038961,13
CTD_CP_H,20240628T214246,478.01,12.7316,35.7282,25,-1.038968,12
CTD_CP_H,20240628T214246,480.01,12.7166,35.7261,24,-1.038984,12
CTD_CP_H,20240628T214246,481.98,12.6888,35.7233,24,-1.038966,12
CTD_CP_H,20240628T214246,483.97,12.6667,35.7210,24,-1.038976,12
CTD_CP_H,20240628T214246,485.99,12.6524,35.7204,24,-1.038997,12
CTD_CP_H,20240628T214246,488.02,12.6298,35.7182,24,-1.038989,12
CTD_CP_H,20240628T214247,490.03,12.6085,35.7163,23,-1.038996,12
CTD_CP_H,20240628T214247,492.01,12.5848,35.7147,23,-1.038977,11
CTD_CP_H,20240628T214247,493.99,12.5710,35.7136,23,-1.038973,12
CTD_CP_H,20240628T214247,495.99,12.5514,35.7122,23,-1.038981,11
CTD_CP_H,20240628T214247,498.00,12.5508,35.7123,23,-1.038993,12
CTD_CP_H,20240628T214247,499.99,12.5418,35.7129,22,-1.039010,11
CTD_CP_H,20240628T214247,502.00,12.5251,35.7129,23,-1.038986,11
CTD_CP_H,20240628T214247,504.02,12.5263,35.7166,22,-1.038962,11
CTD_CP_H,20240628T214247,506.03,12.5088,35.7157,23,-1.038953,12
CTD_CP_H,20240628T214247,508.02,12.4948,35.7140,21,-1.038956,10
CTD_CP_H,20240628T214247,510.01,12.4817,35.7119,23,-1.038962,12
CTD_CP_H,20240628T214247,512.00,12.4733,35.7107,21,-1.038995,10
CTD_CP_H,20240628T214247,513.97,12.4580,35.7090,22,-1.039013,11
CTD_CP_H,20240628T214247,515.99,12.4418,35.7078,22,-1.039015,11
CTD_CP_H,20240628T214248,518.00,12.4199,35.7057,21,-1.039019,11
CTD_CP_H,20240628T214248,520.01,12.3928,35.7031,22,-1.039002,11
CTD_CP_H,20240628T214248,522.03,12.3847,35.7019,21,-1.038992,10
CTD_CP_H,20240628T214248,524.02,12.3832,35.7012,21,-1.039014,11
CTD_CP_H,20240628T214248,526.02,12.3700,35.6995,21,-1.039004,10
CTD_CP_H,20240628T214248,528.00,12.3486,35.6966,21,-1.039024,11
CTD_CP_H,20240628T214248,530.01,12.3003,35.6894,21,-1.039063,10
CTD_CP_H,20240628T214248,532.02,12.2376,35.6806,21,-1.039114,11
CTD_CP_H,20240628T214248,534.00,12.2158,35.6772,20,-1.039117,10
CTD_CP_H,20240628T214248,536.00,12.2067,35.6781,22,-1.039112,11
CTD_CP_H,20240628T214248,538.05,12.1937,35.6769,22,-1.039107,11
CTD_CP_H,20240628T214248,540.01,12.1677,35.6746,24,-1.039117,12
CTD_CP_H,20240628T214248,541.98,12.1522,35.6730,28,-1.039116,14
CTD_CP_H,20240628T214249,543.99,12.1397,35.6714,26,-1.039114,13
CTD_CP_H,20240628T214249,545.97,12.1195,35.6688,27,-1.039137,13
CTD_CP_H,20240628T214249,547.99,12.0989,35.6668,27,-1.039166,14
CTD_CP_H,20240628T214249,549.98,12.0868,35.6652,26,-1.039187,13
CTD_CP_H,20240628T214249,551.99,12.0654,35.6629,27,-1.039196,13
CTD_CP_H,20240628T214249,554.00,12.0514,35.6617,26,-1.039186,13
CTD_CP_H,20240628T214249,555.98,12.0408,35.6609,26,-1.039206,13
CTD_CP_H,20240628T214249,558.01,12.0302,35.6597,27,-1.039215,14
CTD_CP_H,20240628T214249,560.02,12.0150,35.6582,25,-1.039214,12
CTD_CP_H,20240628T214249,562.00,12.0041,35.6567,26,-1.039224,13
CTD_CP_H,20240628T214249,563.97,11.9936,35.6559,25,-1.039216,13
CTD_CP_H,20240628T214249,565.95,11.9783,35.6547,26,-1.039221,13
CTD_CP_H,20240628T214249,567.99,11.9662,35.6529,27,-1.039240,13
CTD_CP_H,20240628T214249,570.01,11.9548,35.6516,25,-1.039259,13
CTD_CP_H,20240628T214250,571.97,11.9358,35.6494,26,-1.039264,13
CTD_CP_H,20240628T214250,574.00,11.9087,35.6470,27,-1.039289,13
CTD_CP_H,20240628T214250,575.99,11.8752,35.6448,25,-1.039277,13
CTD_CP_H,20240628T214250,577.97,11.8662,35.6443,27,-1.039276,13
CTD_CP_H,20240628T214250,579.99,11.8581,35.6435,26,-1.039289,13
CTD_CP_H,20240628T214250,582.01,11.8412,35.6409,26,-1.039328,13
CTD_CP_H,20240628T214250,584.01,11.8224,35.6380,26,-1.039350,13
CTD_CP_H,20240628T214250,586.02,11.8009,35.6361,26,-1.039340,13
CTD_CP_H,20240628T214250,588.03,11.7757,35.6338,26,-1.039350,13
CTD_CP_H,20240628T214250,590.03,11.7617,35.6322,26,-1.039373,13
CTD_CP_H,20240628T214250,592.03,11.7491,35.6308,26,-1.039366,13
CTD_CP_H,20240628T214250,594.01,11.7355,35.6296,25,-1.039381,13
CTD_CP_H,20240628T214250,596.01,11.7238,35.6281,27,-1.039404,13
CTD_CP_H,20240628T214251,598.04,11.7159,35.6274,25,-1.039412,13
CTD_CP_H,20240628T214251,600.01,11.6976,35.6267,25,-1.039396,12
CTD_CP_H,20240628T214251,602.01,11.6818,35.6254,26,-1.039412,13
CTD_CP_H,20240628T214251,604.02,11.6642,35.6227,25,-1.039435,13
CTD_CP_H,20240628T214251,605.99,11.6260,35.6180,25,-1.039466,12
CTD_CP_H,20240628T214251,608.00,11.5948,35.6139,26,-1.039487,13
CTD_CP_H,20240628T214251,609.99,11.5704,35.6106,25,-1.039526,13
CTD_CP_H,20240628T214251,612.01,11.5401,35.6082,26,-1.039532,13
CTD_CP_H,20240628T214251,614.00,11.5259,35.6070,24,-1.039522,12
CTD_CP_H,20240628T214251,615.97,11.5130,35.6056,25,-1.039552,12
CTD_CP_H,20240628T214251,617.97,11.5130,35.6068,25,-1.039532,13
CTD_CP_H,20240628T214251,620.00,11.5079,35.6069,25,-1.039526,12
CTD_CP_H,20240628T214251,622.00,11.4877,35.6049,24,-1.039570,12
CTD_CP_H,20240628T214251,624.01,11.4676,35.6025,25,-1.039582,13
CTD_CP_H,20240628T214252,626.02,11.4488,35.6010,24,-1.039581,12
CTD_CP_H,20240628T214252,627.98,11.4424,35.6013,24,-1.039584,12
CTD_CP_H,20240628T214252,629.97,11.4271,35.6004,24,-1.039611,12
CTD_CP_H,20240628T214252,631.97,11.4098,35.6003,24,-1.039592,12
CTD_CP_H,20240628T214252,633.99,11.4016,35.6009,24,-1.039594,12
CTD_CP_H,20240628T214252,636.01,11.3892,35.6013,24,-1.039627,12
CTD_CP_H,20240628T214252,638.03,11.3791,35.6011,24,-1.039647,12
CTD_CP_H,20240628T214252,640.02,11.3585,35.6004,24,-1.039647,12
CTD_CP_H,20240628T214252,642.05,11.3386,35.5997,28,-1.039657,14
CTD_CP_H,20240628T214252,644.01,11.3330,35.6016,30,-1.039636,15
CTD_CP_H,20240628T214252,645.96,11.3310,35.6029,31,-1.039629,15
CTD_CP_H,20240628T214252,647.98,11.3161,35.6011,31,-1.039638,16
CTD_CP_H,20240628T214252,649.98,11.2710,35.5957,30,-1.039680,15
CTD_CP_H,20240628T214253,652.01,11.2463,35.5926,31,-1.039678,15
CTD_CP_H,20240628T214253,654.02,11.2265,35.5901,29,-1.039698,15
CTD_CP_H,20240628T214253,656.00,11.1949,35.5857,29,-1.039732,14
CTD_CP_H,20240628T214253,657.98,11.1870,35.5881,29,-1.039716,15
CTD_CP_H,20240628T214253,660.00,11.1728,35.5885,30,-1.039726,15
CTD_CP_H,20240628T214253,662.01,11.1810,35.5950,29,-1.039705,14
CTD_CP_H,20240628T214253,664.02,11.1683,35.5940,29,-1.039732,15
CTD_CP_H,20240628T214253,666.03,11.1427,35.5912,29,-1.039753,14
CTD_CP_H,20240628T214253,668.03,11.1277,35.5899,28,-1.039767,14
CTD_CP_H,20240628T214253,670.00,11.1119,35.5880,28,-1.039773,14
CTD_CP_H,20240628T214253,672.01,11.0915,35.5853,28,-1.039801,14
CTD_CP_H,20240628T214253,674.00,11.0805,35.5830,27,-1.039803,14
CTD_CP_H,20240628T214253,675.96,11.0685,35.5817,27,-1.039830,13
CTD_CP_H,20240628T214253,677.98,11.0533,35.5799,28,-1.039830,14
CTD_CP_H,20240628T214254,680.00,11.0400,35.5787,27,-1.039843,14
CTD_CP_H,20240628T214254,682.01,11.0343,35.5781,28,-1.039868,14
CTD_CP_H,20240628T214254,684.02,11.0258,35.5768,27,-1.039879,13
CTD_CP_H,20240628T214254,686.03,11.0162,35.5757,27,-1.039875,14
CTD_CP_H,20240628T214254,688.01,10.9989,35.5743,26,-1.039879,13
CTD_CP_H,20240628T214254,690.00,10.9835,35.5730,27,-1.039889,13
CTD_CP_H,20240628T214254,692.00,10.9744,35.5726,26,-1.039911,13
CTD_CP_H,20240628T214254,694.01,10.9675,35.5718,27,-1.039939,14
CTD_CP_H,20240628T214254,696.01,10.9546,35.5699,26,-1.039953,13
CTD_CP_H,20240628T214254,698.00,10.9313,35.5669,26,-1.039990,13
CTD_CP_H,20240628T214254,699.98,10.8876,35.5619,25,-1.040049,12
CTD_CP_H,20240628T214254,701.98,10.8711,35.5598,26,-1.040027,13
CTD_CP_H,20240628T214254,704.00,10.8469,35.5578,25,-1.040058,13
CTD_CP_H,20240628T214255,705.99,10.8168,35.5542,25,-1.040075,12
CTD_CP_H,20240628T214255,708.01,10.7951,35.5521,25,-1.040099,13
CTD_CP_H,20240628T214255,710.03,10.7933,35.5527,25,-1.040085,12
CTD_CP_H,20240628T214255,712.01,10.8058,35.5583,24,-1.040055,12
CTD_CP_H,20240628T214255,714.00,10.8117,35.5608,25,-1.040068,13
CTD_CP_H,20240628T214255,716.02,10.8184,35.5632,24,-1.040029,12
CTD_CP_H,20240628T214255,718.00,10.8306,35.5706,24,-1.039996,12
CTD_CP_H,20240628T214255,719.99,10.8385,35.5739,24,-1.039997,12
CTD_CP_H,20240628T214255,721.97,10.8405,35.5745,24,-1.039980,12
CTD_CP_H,20240628T214255,724.01,10.8445,35.5780,25,-1.040004,12
CTD_CP_H,20240628T214255,726.03,10.8225,35.5757,23,-1.040030,12
CTD_CP_H,20240628T214255,728.00,10.7817,35.5716,24,-1.040055,12
CTD_CP_H,20240628T214255,730.01,10.7738,35.5713,24,-1.040064,12
CTD_CP_H,20240628T214256,732.00,10.7522,35.5687,23,-1.040067,11
CTD_CP_H,20240628T214256,733.96,10.7353,35.5664,23,-1.040103,12
CTD_CP_H,20240628T214256,735.96,10.7193,35.5643,24,-1.040135,12
CTD_CP_H,20240628T214256,738.00,10.7090,35.5630,24,-1.040171,12
CTD_CP_H,20240628T214256,740.02,10.7058,35.5628,24,-1.040174,12
CTD_CP_H,20240628T214256,742.03,10.6873,35.5625,24,-1.040180,12
CTD_CP_H,20240628T214256,744.03,10.6629,35.5611,23,-1.040169,11
CTD_CP_H,20240628T214256,746.01,10.6602,35.5617,23,-1.040183,12
CTD_CP_H,20240628T214256,748.00,10.6580,35.5614,24,-1.040206,12
CTD_CP_H,20240628T214256,750.02,10.6510,35.5604,24,-1.040217,12
CTD_CP_H,20240628T214256,752.03,10.6440,35.5601,24,-1.040217,12
CTD_CP_H,20240628T214256,754.01,10.6156,35.5583,23,-1.040232,11
CTD_CP_H,20240628T214256,755.98,10.5930,35.5565,24,-1.040253,12
CTD_CP_H,20240628T214256,758.00,10.5807,35.5555,24,-1.040289,12
CTD_CP_H,20240628T214257,759.98,10.5696,35.5541,23,-1.040306,12
CTD_CP_H,20240628T214257,761.97,10.5556,35.5529,24,-1.040343,12
CTD_CP_H,20240628T214257,763.98,10.5375,35.5513,24,-1.040335,12
CTD_CP_H,20240628T214257,765.99,10.5219,35.5495,24,-1.040320,12
CTD_CP_H,20240628T214257,768.02,10.5081,35.5477,24,-1.040345,12
CTD_CP_H,20240628T214257,770.01,10.4818,35.5447,23,-1.040364,11
CTD_CP_H,20240628T214257,771.99,10.4560,35.5424,24,-1.040374,12
CTD_CP_H,20240628T214257,774.01,10.4451,35.5411,24,-1.040408,12
CTD_CP_H,20240628T214257,776.02,10.4219,35.5410,23,-1.040434,12
CTD_CP_H,20240628T214257,777.98,10.3921,35.5374,23,-1.040470,11
CTD_CP_H,20240628T214257,780.00,10.3698,35.5339,24,-1.040494,12
CTD_CP_H,20240628T214257,782.03,10.3356,35.5295,23,-1.040542,12
CTD_CP_H,20240628T214257,784.02,10.3086,35.5253,23,-1.040570,11
CTD_CP_H,20240628T214257,786.00,10.2841,35.5212,23,-1.040586,12
CTD_CP_H,20240628T214258,788.00,10.2702,35.5191,24,-1.040605,12
CTD_CP_H,20240628T214258,789.99,10.2543,35.5170,23,-1.040631,11
CTD_CP_H,20240628T214258,792.00,10.2367,35.5143,24,-1.040643,12
CTD_CP_H,20240628T214258,794.03,10.2168,35.5115,23,-1.040668,12
CTD_CP_H,20240628T214258,796.01,10.2082,35.5105,23,-1.040678,11
CTD_CP_H,20240628T214258,798.00,10.1940,35.5096,23,-1.040716,12
CTD_CP_H,20240628T214258,799.98,10.1793,35.5081,23,-1.040713,11
CTD_CP_H,20240628T214258,801.97,10.1690,35.5065,23,-1.040721,12
CTD_CP_H,20240628T214258,804.01,10.1514,35.5046,24,-1.040741,12
CTD_CP_H,20240628T214258,806.01,10.1284,35.5027,22,-1.040771,11
CTD_CP_H,20240628T214258,807.98,10.1184,35.5012,23,-1.040768,11
CTD_CP_H,20240628T214258,810.00,10.1081,35.5004,23,-1.040790,12
CTD_CP_H,20240628T214258,811.99,10.1005,35.4994,22,-1.040823,11
CTD_CP_H,20240628T214259,813.98,10.0716,35.4966,23,-1.040848,11
CTD_CP_H,20240628T214259,815.99,10.0564,35.4949,23,-1.040840,12
CTD_CP_H,20240628T214259,818.01,10.0449,35.4932,26,-1.040863,13
CTD_CP_H,20240628T214259,819.99,10.0257,35.4910,29,-1.040883,14
CTD_CP_H,20240628T214259,821.98,10.0007,35.4888,29,-1.040900,15
CTD_CP_H,20240628T214259,824.00,9.9951,35.4889,30,-1.040897,15
CTD_CP_H,20240628T214259,825.99,9.9900,35.4912,28,-1.040930,14
CTD_CP_H,20240628T214259,827.98,9.9826,35.4911,30,-1.040956,15
CTD_CP_H,20240628T214259,830.01,9.9754,35.4910,29,-1.040941,14
CTD_CP_H,20240628T214259,832.01,9.9630,35.4903,29,-1.040974,15
CTD_CP_H,20240628T214259,834.02,9.9535,35.4905,29,-1.040995,14
CTD_CP_H,20240628T214259,836.01,9.9521,35.4915,28,-1.040973,14
CTD_CP_H,20240628T214259,838.01,9.9306,35.4884,29,-1.040997,15
CTD_CP_H,20240628T214300,840.03,9.8920,35.4830,28,-1.041047,14
CTD_CP_H,20240628T214300,842.03,9.8616,35.4795,28,-1.041061,14
CTD_CP_H,20240628T214300,844.01,9.8564,35.4793,27,-1.041075,13
CTD_CP_H,20240628T214300,846.00,9.8534,35.4799,28,-1.041073,14
CTD_CP_H,20240628T214300,848.00,9.8525,35.4807,27,-1.041085,14
CTD_CP_H,20240628T214300,849.96,9.8311,35.4779,27,-1.041116,13
CTD_CP_H,20240628T214300,851.97,9.8092,35.4752,28,-1.041131,14
CTD_CP_H,20240628T214300,853.98,9.8037,35.4752,27,-1.041135,14
CTD_CP_H,20240628T214300,856.00,9.7869,35.4734,28,-1.041163,14
CTD_CP_H,20240628T214300,858.01,9.7528,35.4682,27,-1.041173,13
CTD_CP_H,20240628T214300,859.98,9.7197,35.4634,27,-1.041225,14
CTD_CP_H,20240628T214300,862.00,9.6678,35.4566,27,-1.041294,13
CTD_CP_H,20240628T214300,864.01,9.6262,35.4488,26,-1.041307,13
CTD_CP_H,20240628T214300,866.02,9.5852,35.4431,26,-1.041344,13
CTD_CP_H,20240628T214301,868.02,9.5583,35.4397,26,-1.041381,13
CTD_CP_H,20240628T214301,870.02,9.5461,35.4382,26,-1.041394,13
CTD_CP_H,20240628T214301,872.00,9.5296,35.4366,25,-1.041451,13
CTD_CP_H,20240628T214301,873.99,9.5042,35.4341,26,-1.041464,13
CTD_CP_H,20240628T214301,876.04,9.4882,35.4327,26,-1.041499,13
CTD_CP_H,20240628T214301,878.03,9.4745,35.4315,25,-1.041511,12
CTD_CP_H,20240628T214301,880.02,9.4543,35.4299,25,-1.041505,13
CTD_CP_H,20240628T214301,881.99,9.4427,35.4287,24,-1.041519,12
CTD_CP_H,20240628T214301,883.97,9.4391,35.4282,26,-1.041515,13
CTD_CP_H,20240628T214301,886.01,9.4341,35.4281,25,-1.041534,12
CTD_CP_H,20240628T214301,888.01,9.4082,35.4253,25,-1.041567,13
CTD_CP_H,20240628T214301,889.99,9.3925,35.4238,24,-1.041594,12
CTD_CP_H,20240628T214301,891.99,9.3835,35.4235,25,-1.041592,12
CTD_CP_H,20240628T214302,894.01,9.3691,35.4243,24,-1.041610,12
CTD_CP_H,20240628T214302,895.98,9.3613,35.4244,24,-1.041626,12
CTD_CP_H,20240628T214302,898.00,9.3388,35.4225,25,-1.041649,13
CTD_CP_H,20240628T214302,900.02,9.3142,35.4196,24,-1.041662,12
CTD_CP_H,20240628T214302,902.02,9.2864,35.4162,24,-1.041697,12
CTD_CP_H,20240628T214302,904.02,9.2655,35.4134,24,-1.041703,12
CTD_CP_H,20240628T214302,906.00,9.2551,35.4122,23,-1.041709,11
CTD_CP_H,20240628T214302,907.99,9.2282,35.4099,24,-1.041720,12
CTD_CP_H,20240628T214302,910.00,9.2162,35.4085,23,-1.041746,12
CTD_CP_H,20240628T214302,912.01,9.1957,35.4062,24,-1.041761,12
CTD_CP_H,20240628T214302,913.98,9.1781,35.4043,22,-1.041792,11
CTD_CP_H,20240628T214302,915.99,9.1639,35.4029,24,-1.041800,12
CTD_CP_H,20240628T214302,917.99,9.1519,35.4025,22,-1.041800,11
CTD_CP_H,20240628T214302,920.00,9.1393,35.4011,24,-1.041828,12
CTD_CP_H,20240628T214303,922.01,9.1179,35.3986,22,-1.041834,11
CTD_CP_H,20240628T214303,924.01,9.0987,35.3967,23,-1.041845,11
CTD_CP_H,20240628T214303,926.00,9.0784,35.3952,22,-1.041869,11
CTD_CP_H,20240628T214303,927.99,9.0645,35.3948,23,-1.041889,12
CTD_CP_H,20240628T214303,929.99,9.0513,35.3925,22,-1.041911,11
CTD_CP_H,20240628T214303,932.01,9.0293,35.3906,23,-1.041924,11
CTD_CP_H,20240628T214303,934.03,8.9998,35.3882,22,-1.041941,11
CTD_CP_H,20240628T214303,936.03,8.9880,35.3871,22,-1.041948,11
CTD_CP_H,20240628T214303,938.01,8.9787,35.3863,22,-1.041947,11
CTD_CP_H,20240628T214303,940.01,8.9709,35.3853,22,-1.041970,11
CTD_CP_H,20240628T214303,942.00,8.9513,35.3831,22,-1.041956,11
CTD_CP_H,20240628T214303,944.01,8.9364,35.3815,24,-1.042005,12
CTD_CP_H,20240628T214303,946.03,8.9151,35.3792,28,-1.042009,14
CTD_CP_H,20240628T214304,948.01,8.9062,35.3783,29,-1.042022,15
CTD_CP_H,20240628T214304,949.99,8.8931,35.3770,29,-1.042037,14
CTD_CP_H,20240628T214304,952.00,8.8803,35.3753,29,-1.042065,15
CTD_CP_H,20240628T214304,954.01,8.8613,35.3738,29,-1.042053,14
CTD_CP_H,20240628T214304,956.01,8.8483,35.3723,28,-1.042055,14
CTD_CP_H,20240628T214304,957.97,8.8329,35.3702,27,-1.042082,14
CTD_CP_H,20240628T214304,959.98,8.8156,35.3684,29,-1.042100,14
CTD_CP_H,20240628T214304,962.00,8.7775,35.3657,27,-1.042135,14
CTD_CP_H,20240628T214304,963.97,8.7660,35.3637,28,-1.042143,14
CTD_CP_H,20240628T214304,966.00,8.7486,35.3620,28,-1.042152,14
CTD_CP_H,20240628T214304,968.00,8.7395,35.3603,27,-1.042160,13
CTD_CP_H,20240628T214304,969.99,8.7224,35.3592,27,-1.042151,14
CTD_CP_H,20240628T214304,972.00,8.7123,35.3578,27,-1.042168,13
CTD_CP_H,20240628T214304,974.00,8.7004,35.3568,27,-1.042192,14
CTD_CP_H,20240628T214305,975.98,8.6925,35.3560,26,-1.042177,13
CTD_CP_H,20240628T214305,977.98,8.6702,35.3529,27,-1.042178,13
CTD_CP_H,20240628T214305,980.02,8.6456,35.3505,27,-1.042198,14
CTD_CP_H,20240628T214305,982.03,8.6341,35.3491,26,-1.042202,13
CTD_CP_H,20240628T214305,983.99,8.6232,35.3484,26,-1.042200,13
CTD_CP_H,20240628T214305,985.96,8.6119,35.3466,26,-1.042193,13
CTD_CP_H,20240628T214305,987.97,8.5964,35.3451,26,-1.042220,13
CTD_CP_H,20240628T214305,989.99,8.5821,35.3433,26,-1.042217,13
CTD_CP_H,20240628T214305,991.99,8.5619,35.3414,26,-1.042238,13
CTD_CP_H,20240628T214305,994.01,8.5330,35.3393,26,-1.042229,13
CTD_CP_H,20240628T214305,996.03,8.5175,35.3376,25,-1.042262,12
CTD_CP_H,20240628T214305,998.02,8.5091,35.3364,25,-1.042280,13
CTD_CP_H,20240628T214305,1000.01,8.5034,35.3357,25,-1.042275,12
CTD_CP_H,20240628T214306,1002.01,8.5071,35.3371,25,-1.042293,13
CTD_CP_H,20240628T214306,1004.02,8.5005,35.3372,25,-1.042308,12
CTD_CP_H,20240628T214306,1006.02,8.4881,35.3363,25,-1.042329,13
CTD_CP_H,20240628T214306,1008.00,8.4671,35.3344,24,-1.042328,12
CTD_CP_H,20240628T214306,1009.98,8.4539,35.3329,25,-1.042344,12
CTD_CP_H,20240628T214306,1012.01,8.4361,35.3312,25,-1.042397,13
CTD_CP_H,20240628T214306,1014.00,8.4227,35.3295,24,-1.042412,12
CTD_CP_H,20240628T214306,1016.00,8.4117,35.3279,25,-1.042427,12
CTD_CP_H,20240628T214306,1018.02,8.3966,35.3264,25,-1.042417,13
CTD_CP_H,20240628T214306,1020.03,8.3742,35.3241,24,-1.042399,12
CTD_CP_H,20240628T214306,1021.99,8.3655,35.3231,24,-1.042431,12
CTD_CP_H,20240628T214306,1023.98,8.3545,35.3214,24,-1.042416,12
CTD_CP_H,20240628T214306,1025.97,8.3344,35.3188,24,-1.042430,12
CTD_CP_H,20240628T214306,1027.99,8.3179,35.3169,25,-1.042435,12
CTD_CP_H,20240628T214307,1030.02,8.3003,35.3155,24,-1.042451,12
CTD_CP_H,20240628T214307,1032.00,8.2898,35.3144,24,-1.042457,12
CTD_CP_H,20240628T214307,1033.99,8.2723,35.3125,24,-1.042488,12
CTD_CP_H,20240628T214307,1035.99,8.2542,35.3108,24,-1.042486,12
CTD_CP_H,20240628T214307,1037.98,8.2406,35.3093,24,-1.042484,12
CTD_CP_H,20240628T214307,1039.97,8.2239,35.3075,24,-1.042521,12
CTD_CP_H,20240628T214307,1042.01,8.2094,35.3062,25,-1.042520,13
CTD_CP_H,20240628T214307,1044.01,8.1997,35.3048,23,-1.042516,11
CTD_CP_H,20240628T214307,1045.98,8.1884,35.3037,24,-1.042538,12
CTD_CP_H,20240628T214307,1047.99,8.1761,35.3028,24,-1.042533,12
CTD_CP_H,20240628T214307,1049.98,8.1687,35.3019,24,-1.042562,12
CTD_CP_H,20240628T214307,1051.97,8.1542,35.3004,24,-1.042553,12
CTD_CP_H,20240628T214307,1053.97,8.1445,35.2992,24,-1.042551,12
CTD_CP_H,20240628T214308,1056.00,8.1327,35.2982,24,-1.042562,12
CTD_CP_H,20240628T214308,1057.98,8.1121,35.2961,23,-1.042588,12
CTD_CP_H,20240628T214308,1059.97,8.1011,35.2949,24,-1.042602,12
CTD_CP_H,20240628T214308,1062.01,8.0936,35.2937,24,-1.042627,12
CTD_CP_H,20240628T214308,1063.99,8.0764,35.2925,23,-1.042645,11
CTD_CP_H,20240628T214308,1065.99,8.0675,35.2915,24,-1.042661,12
CTD_CP_H,20240628T214308,1068.00,8.0600,35.2909,23,-1.042667,12
CTD_CP_H,20240628T214308,1069.97,8.0567,35.2904,23,-1.042665,11
CTD_CP_H,20240628T214308,1071.99,8.0429,35.2889,24,-1.042666,12
CTD_CP_H,20240628T214308,1074.01,8.0237,35.2872,23,-1.042696,12
CTD_CP_H,20240628T214308,1076.02,8.0072,35.2856,24,-1.042706,12
CTD_CP_H,20240628T214308,1078.03,7.9947,35.2845,23,-1.042701,11
CTD_CP_H,20240628T214308,1080.02,7.9831,35.2838,23,-1.042698,12
CTD_CP_H,20240628T214308,1082.03,7.9725,35.2839,23,-1.042746,11
CTD_CP_H,20240628T214309,1084.03,7.9645,35.2833,23,-1.042754,12
CTD_CP_H,20240628T214309,1085.99,7.9621,35.2826,22,-1.042760,11
CTD_CP_H,20240628T214309,1088.00,7.9496,35.2816,24,-1.042763,12
CTD_CP_H,20240628T214309,1090.01,7.9384,35.2793,22,-1.042768,11
CTD_CP_H,20240628T214309,1092.02,7.9132,35.2776,23,-1.042767,11
CTD_CP_H,20240628T214309,1094.03,7.8898,35.2754,22,-1.042792,11
CTD_CP_H,20240628T214309,1095.99,7.8771,35.2738,22,-1.042792,11
CTD_CP_H,20240628T214309,1098.01,7.8718,35.2735,23,-1.042805,12
CTD_CP_H,20240628T214309,1100.02,7.8635,35.2722,22,-1.042824,11
CTD_CP_H,20240628T214309,1101.99,7.8427,35.2708,22,-1.042825,11
CTD_CP_H,20240628T214309,1103.98,7.8273,35.2696,22,-1.042822,11
CTD_CP_H,20240628T214309,1106.00,7.8158,35.2687,23,-1.042810,11
CTD_CP_H,20240628T214309,1108.02,7.8095,35.2678,22,-1.042808,11
CTD_CP_H,20240628T214310,1110.00,7.8075,35.2671,22,-1.042834,11
CTD_CP_H,20240628T214310,1111.99,7.8003,35.2661,22,-1.042861,11
CTD_CP_H,20240628T214310,1113.98,7.7794,35.2646,22,-1.042854,11
CTD_CP_H,20240628T214310,1116.02,7.7729,35.2637,23,-1.042855,12
CTD_CP_H,20240628T214310,1118.00,7.7610,35.2623,21,-1.042866,10
CTD_CP_H,20240628T214310,1119.96,7.7444,35.2602,22,-1.042853,11
CTD_CP_H,20240628T214310,1122.01,7.7346,35.2601,23,-1.042858,12
CTD_CP_H,20240628T214310,1124.01,7.7181,35.2588,21,-1.042884,10
CTD_CP_H,20240628T214310,1125.97,7.7005,35.2569,22,-1.042891,11
CTD_CP_H,20240628T214310,1127.99,7.6940,35.2558,22,-1.042892,11
CTD_CP_H,20240628T214310,1129.98,7.6848,35.2553,21,-1.042897,11
CTD_CP_H,20240628T214310,1131.98,7.6705,35.2536,22,-1.042887,11
CTD_CP_H,20240628T214310,1133.98,7.6521,35.2520,21,-1.042901,10
CTD_CP_H,20240628T214310,1135.99,7.6381,35.2502,22,-1.042899,11
CTD_CP_H,20240628T214311,1138.03,7.6211,35.2485,21,-1.042938,11
CTD_CP_H,20240628T214311,1140.03,7.5974,35.2470,21,-1.042927,10
CTD_CP_H,20240628T214311,1142.00,7.5829,35.2456,21,-1.042944,11
CTD_CP_H,20240628T214311,1143.99,7.5674,35.2443,21,-1.042943,10
CTD_CP_H,20240628T214311,1145.98,7.5603,35.2437,21,-1.042958,11
CTD_CP_H,20240628T214311,1147.97,7.5462,35.2424,21,-1.042954,10
CTD_CP_H,20240628T214311,1150.00,7.5325,35.2408,22,-1.042953,11
CTD_CP_H,20240628T214311,1152.01,7.5124,35.2395,21,-1.042989,11
CTD_CP_H,20240628T214311,1154.01,7.4953,35.2377,24,-1.043006,12
CTD_CP_H,20240628T214311,1156.00,7.4774,35.2363,27,-1.043012,13
CTD_CP_H,20240628T214311,1158.02,7.4722,35.2357,28,-1.043026,14
CTD_CP_H,20240628T214311,1160.00,7.4504,35.2325,27,-1.043000,14
CTD_CP_H,20240628T214311,1162.01,7.4308,35.2312,28,-1.043036,14
CTD_CP_H,20240628T214312,1164.03,7.4202,35.2302,27,-1.043027,13
CTD_CP_H,20240628T214312,1166.01,7.4153,35.2292,27,-1.043040,14
CTD_CP_H,20240628T214312,1168.01,7.4129,35.2291,27,-1.043046,13
CTD_CP_H,20240628T214312,1170.00,7.4061,35.2287,27,-1.043067,14
CTD_CP_H,20240628T214312,1172.02,7.4011,35.2276,27,-1.043083,13
CTD_CP_H,20240628T214312,1174.00,7.3922,35.2271,26,-1.043074,13
CTD_CP_H,20240628T214312,1175.99,7.3864,35.2264,27,-1.043077,14
CTD_CP_H,20240628T214312,1177.99,7.3783,35.2253,26,-1.043079,13
CTD_CP_H,20240628T214312,1179.98,7.3645,35.2237,26,-1.043091,13
CTD_CP_H,20240628T214312,1181.98,7.3516,35.2217,27,-1.043083,13
CTD_CP_H,20240628T214312,1184.00,7.3391,35.2208,26,-1.043055,13
CTD_CP_H,20240628T214312,1185.98,7.3346,35.2205,26,-1.043054,13
CTD_CP_H,20240628T214312,1188.00,7.3322,35.2191,27,-1.043045,14
CTD_CP_H,20240628T214312,1190.01,7.3235,35.2180,25,-1.043039,12
CTD_CP_H,20240628T214313,1191.97,7.3154,35.2171,26,-1.043039,13
CTD_CP_H,20240628T214313,1193.99,7.2967,35.2160,26,-1.043041,13
CTD_CP_H,20240628T214313,1196.01,7.2823,35.2146,26,-1.043059,13
CTD_CP_H,20240628T214313,1198.02,7.2650,35.2122,26,-1.043044,13
CTD_CP_H,20240628T214313,1200.02,7.2527,35.2114,25,-1.043044,13
CTD_CP_H,20240628T214313,1202.00,7.2426,35.2103,26,-1.043040,13
CTD_CP_H,20240628T214313,1204.01,7.2323,35.2089,26,-1.043047,13
CTD_CP_H,20240628T214313,1206.05,7.2193,35.2079,26,-1.043051,13
CTD_CP_H,20240628T214313,1208.03,7.2073,35.2060,25,-1.043056,12
CTD_CP_H,20240628T214313,1210.01,7.1897,35.2046,26,-1.043072,13
CTD_CP_H,20240628T214313,1212.00,7.1764,35.2036,25,-1.043082,13
CTD_CP_H,20240628T214313,1213.99,7.1660,35.2018,26,-1.043066,13
CTD_CP_H,20240628T214313,1215.99,7.1543,35.2004,25,-1.043069,12
CTD_CP_H,20240628T214314,1217.99,7.1408,35.1995,26,-1.043079,13
CTD_CP_H,20240628T214314,1219.99,7.1313,35.1976,25,-1.043086,13
CTD_CP_H,20240628T214314,1221.99,7.1157,35.1958,26,-1.043073,13
CTD_CP_H,20240628T214314,1223.99,7.0977,35.1948,25,-1.043093,12
CTD_CP_H,20240628T214314,1225.97,7.0799,35.1930,25,-1.043113,13
CTD_CP_H,20240628T214314,1228.00,7.0728,35.1932,26,-1.043173,13
CTD_CP_H,20240628T214314,1230.03,7.0571,35.1910,25,-1.043175,12
CTD_CP_H,20240628T214314,1232.04,7.0362,35.1894,25,-1.043180,13
CTD_CP_H,20240628T214314,1234.03,7.0119,35.1863,25,-1.043138,12
CTD_CP_H,20240628T214314,1236.03,6.9883,35.1841,25,-1.043131,13
CTD_CP_H,20240628T214314,1237.98,6.9708,35.1820,24,-1.043118,12
CTD_CP_H,20240628T214314,1239.99,6.9592,35.1807,26,-1.043124,13
CTD_CP_H,20240628T214314,1242.00,6.9454,35.1793,24,-1.043143,12
CTD_CP_H,20240628T214315,1243.97,6.9245,35.1769,25,-1.043091,12
CTD_CP_H,20240628T214315,1246.01,6.8984,35.1751,25,-1.043093,13
CTD_CP_H,20240628T214315,1248.01,6.8910,35.1744,25,-1.043092,12
CTD_CP_H,20240628T214315,1250.03,6.8889,35.1743,25,-1.043132,13
CTD_CP_H,20240628T214315,1252.01,6.8801,35.1732,24,-1.043115,12
CTD_CP_H,20240628T214315,1254.01,6.8653,35.1728,25,-1.043115,12
CTD_CP_H,20240628T214315,1256.00,6.8589,35.1719,24,-1.043116,12
CTD_CP_H,20240628T214315,1257.98,6.8460,35.1706,25,-1.043147,13
CTD_CP_H,20240628T214315,1259.99,6.8341,35.1697,25,-1.043159,12
CTD_CP_H,20240628T214315,1262.01,6.8259,35.1689,25,-1.043129,13
CTD_CP_H,20240628T214315,1264.03,6.8118,35.1676,25,-1.043128,12
CTD_CP_H,20240628T214315,1266.01,6.7930,35.1666,24,-1.043165,12
CTD_CP_H,20240628T214315,1268.01,6.7827,35.1657,25,-1.043209,13
CTD_CP_H,20240628T214315,1270.01,6.7783,35.1650,24,-1.043247,12
CTD_CP_H,20240628T214316,1272.00,6.7694,35.1652,24,-1.043238,12
CTD_CP_H,20240628T214316,1273.98,6.7549,35.1631,24,-1.043233,12
CTD_CP_H,20240628T214316,1275.97,6.7420,35.1621,24,-1.043236,12
CTD_CP_H,20240628T214316,1277.98,6.7310,35.1612,25,-1.043235,12
CTD_CP_H,20240628T214316,1280.03,6.7292,35.1607,28,-1.043238,14
CTD_CP_H,20240628T214316,1282.01,6.7203,35.1594,33,-1.043257,17
CTD_CP_H,20240628T214316,1284.02,6.7045,35.1576,34,-1.043240,17
CTD_CP_H,20240628T214316,1286.02,6.6804,35.1555,32,-1.043229,16
CTD_CP_H,20240628T214316,1287.99,6.6519,35.1526,33,-1.043217,16
CTD_CP_H,20240628T214316,1289.99,6.6355,35.1510,32,-1.043190,16
CTD_CP_H,20240628T214316,1291.99,6.6156,35.1499,32,-1.043207,16
CTD_CP_H,20240628T214316,1294.00,6.6108,35.1494,32,-1.043236,16
CTD_CP_H,20240628T214316,1296.02,6.5996,35.1487,32,-1.043240,16
CTD_CP_H,20240628T214317,1298.02,6.5924,35.1477,32,-1.043251,16
CTD_CP_H,20240628T214317,1300.02,6.5822,35.1466,31,-1.043229,16
CTD_CP_H,20240628T214317,1302.00,6.5713,35.1455,31,-1.043249,15
CTD_CP_H,20240628T214317,1304.00,6.5579,35.1444,30,-1.043273,15
CTD_CP_H,20240628T214317,1305.98,6.5511,35.1435,30,-1.043272,15
CTD_CP_H,20240628T214317,1307.98,6.5419,35.1428,30,-1.043274,15
CTD_CP_H,20240628T214317,1309.97,6.5324,35.1420,29,-1.043290,15
CTD_CP_H,20240628T214317,1312.00,6.5249,35.1411,30,-1.043301,15
CTD_CP_H,20240628T214317,1314.04,6.5091,35.1396,29,-1.043280,14
CTD_CP_H,20240628T214317,1316.02,6.4908,35.1378,28,-1.043265,14
CTD_CP_H,20240628T214317,1318.02,6.4790,35.1370,29,-1.043244,15
CTD_CP_H,20240628T214317,1320.03,6.4701,35.1359,28,-1.043205,14
CTD_CP_H,20240628T214317,1322.02,6.4606,35.1351,28,-1.043210,14
CTD_CP_H,20240628T214317,1324.02,6.4510,35.1342,27,-1.043227,13
CTD_CP_H,20240628T214318,1326.00,6.4431,35.1328,27,-1.043224,14
CTD_CP_H,20240628T214318,1327.98,6.4247,35.1318,27,-1.043234,13
CTD_CP_H,20240628T214318,1330.00,6.4124,35.1308,27,-1.043248,14
CTD_CP_H,20240628T214318,1332.00,6.4061,35.1299,26,-1.043247,13
CTD_CP_H,20240628T214318,1333.98,6.3944,35.1290,26,-1.043281,13
CTD_CP_H,20240628T214318,1335.98,6.3812,35.1281,26,-1.043270,13
CTD_CP_H,20240628T214318,1337.96,6.3639,35.1264,26,-1.043272,13
CTD_CP_H,20240628T214318,1339.96,6.3586,35.1262,26,-1.043295,13
CTD_CP_H,20240628T214318,1341.97,6.3492,35.1251,26,-1.043299,13
CTD_CP_H,20240628T214318,1344.01,6.3333,35.1235,26,-1.043249,13
CTD_CP_H,20240628T214318,1346.01,6.3282,35.1228,25,-1.043278,12
CTD_CP_H,20240628T214318,1348.00,6.3216,35.1228,25,-1.043346,13
CTD_CP_H,20240628T214318,1350.00,6.3142,35.1223,25,-1.043365,12
CTD_CP_H,20240628T214319,1352.01,6.3040,35.1213,25,-1.043373,13
CTD_CP_H,20240628T214319,1353.99,6.2933,35.1201,24,-1.043376,12
CTD_CP_H,20240628T214319,1356.00,6.2797,35.1193,25,-1.043368,12
CTD_CP_H,20240628T214319,1358.00,6.2665,35.1178,24,-1.043381,12
CTD_CP_H,20240628T214319,1359.98,6.2589,35.1169,24,-1.043397,12
CTD_CP_H,20240628T214319,1361.97,6.2515,35.1166,24,-1.043398,12
CTD_CP_H,20240628T214319,1363.97,6.2413,35.1156,24,-1.043396,12
CTD_CP_H,20240628T214319,1365.99,6.2302,35.1145,25,-1.043385,13
CTD_CP_H,20240628T214319,1368.03,6.2223,35.1110,24,-1.043401,12
CTD_CP_H,20240628T214319,1370.03,6.2061,35.1124,24,-1.043383,12
CTD_CP_H,20240628T214319,1372.00,6.1939,35.1113,23,-1.043385,11
CTD_CP_H,20240628T214319,1373.98,6.1826,35.1102,24,-1.043390,12
CTD_CP_H,20240628T214319,1375.99,6.1724,35.1091,23,-1.043379,12
CTD_CP_H,20240628T214319,1377.99,6.1599,35.1081,24,-1.043372,12
CTD_CP_H,20240628T214320,1380.00,6.1462,35.1066,23,-1.043381,11
CTD_CP_H,20240628T214320,1381.98,6.1272,35.1057,23,-1.043370,12
CTD_CP_H,20240628T214320,1383.97,6.1197,35.1045,23,-1.043365,11
CTD_CP_H,20240628T214320,1386.00,6.1131,35.1035,24,-1.043353,12
CTD_CP_H,20240628T214320,1388.03,6.1008,35.1027,23,-1.043378,12
CTD_CP_H,20240628T214320,1390.02,6.0934,35.1019,23,-1.043370,11
CTD_CP_H,20240628T214320,1392.03,6.0880,35.1012,23,-1.043362,12
CTD_CP_H,20240628T214320,1393.99,6.0758,35.1004,22,-1.043388,11
CTD_CP_H,20240628T214320,1395.97,6.0650,35.0992,23,-1.043362,11
CTD_CP_H,20240628T214320,1398.00,6.0521,35.0980,23,-1.043351,12
CTD_CP_H,20240628T214320,1399.98,6.0350,35.0964,22,-1.043376,11
CTD_CP_H,20240628T214320,1401.97,6.0236,35.0952,23,-1.043401,11
CTD_CP_H,20240628T214320,1404.00,6.0114,35.0943,23,-1.043402,12
CTD_CP_H,20240628T214321,1405.98,6.0052,35.0937,22,-1.043395,11
CTD_CP_H,20240628T214321,1407.98,6.0012,35.0933,23,-1.043404,11
CTD_CP_H,20240628T214321,1410.01,5.9889,35.0922,23,-1.043402,12
CTD_CP_H,20240628T214321,1412.00,5.9769,35.0911,22,-1.043367,11
CTD_CP_H,20240628T214321,1413.99,5.9711,35.0903,23,-1.043359,11
CTD_CP_H,20240628T214321,1415.98,5.9584,35.0892,22,-1.043346,11
CTD_CP_H,20240628T214321,1417.98,5.9420,35.0872,23,-1.043339,12
CTD_CP_H,20240628T214321,1419.97,5.9167,35.0853,22,-1.043349,11
CTD_CP_H,20240628T214321,1421.97,5.8944,35.0833,23,-1.043358,11
CTD_CP_H,20240628T214321,1423.98,5.8776,35.0817,22,-1.043351,11
CTD_CP_H,20240628T214321,1425.98,5.8657,35.0805,23,-1.043364,12
CTD_CP_H,20240628T214321,1427.99,5.8609,35.0799,22,-1.043377,11
CTD_CP_H,20240628T214321,1429.99,5.8536,35.0792,23,-1.043390,11
CTD_CP_H,20240628T214321,1432.02,5.8345,35.0777,23,-1.043371,12
CTD_CP_H,20240628T214322,1434.02,5.8259,35.0765,22,-1.043382,11
CTD_CP_H,20240628T214322,1435.99,5.8148,35.0753,22,-1.043351,11
CTD_CP_H,20240628T214322,1437.99,5.7909,35.0731,23,-1.043339,11
CTD_CP_H,20240628T214322,1439.99,5.7650,35.0710,22,-1.043334,11
CTD_CP_H,20240628T214322,1442.00,5.7387,35.0690,23,-1.043322,12
CTD_CP_H,20240628T214322,1444.02,5.7306,35.0679,22,-1.043308,11
CTD_CP_H,20240628T214322,1445.99,5.7258,35.0675,22,-1.043319,11
CTD_CP_H,20240628T214322,1447.96,5.7102,35.0666,22,-1.043284,11
CTD_CP_H,20240628T214322,1449.98,5.6968,35.0651,23,-1.043265,11
CTD_CP_H,20240628T214322,1452.01,5.6869,35.0642,22,-1.043252,11
CTD_CP_H,20240628T214322,1454.00,5.6797,35.0635,22,-1.043275,11
CTD_CP_H,20240628T214322,1456.01,5.6732,35.0629,23,-1.043280,12
CTD_CP_H,20240628T214322,1458.02,5.6638,35.0618,22,-1.043278,11
CTD_CP_H,20240628T214323,1459.98,5.6507,35.0607,22,-1.043277,11
CTD_CP_H,20240628T214323,1461.99,5.6420,35.0595,23,-1.043290,11
CTD_CP_H,20240628T214323,1464.01,5.6220,35.0583,23,-1.043293,12
CTD_CP_H,20240628T214323,1466.00,5.6158,35.0573,22,-1.043287,11
CTD_CP_H,20240628T214323,1468.00,5.6049,35.0558,23,-1.043267,11
CTD_CP_H,20240628T214323,1470.00,5.5858,35.0541,22,-1.043244,11
CTD_CP_H,20240628T214323,1472.01,5.5570,35.0515,23,-1.043251,12
CTD_CP_H,20240628T214323,1474.02,5.5345,35.0499,22,-1.043238,11
CTD_CP_H,20240628T214323,1475.98,5.5208,35.0484,22,-1.043217,11
CTD_CP_H,20240628T214323,1477.99,5.5068,35.0468,23,-1.043196,11
CTD_CP_H,20240628T214323,1480.00,5.4875,35.0451,22,-1.043191,11
CTD_CP_H,20240628T214323,1482.02,5.4703,35.0437,25,-1.043171,13
CTD_CP_H,20240628T214323,1484.01,5.4582,35.0423,27,-1.043137,13
CTD_CP_H,20240628T214323,1485.96,5.4463,35.0407,29,-1.043109,15
CTD_CP_H,20240628T214324,1488.00,5.4283,35.0393,30,-1.043101,15
CTD_CP_H,20240628T214324,1490.01,5.4066,35.0374,28,-1.043053,14
CTD_CP_H,20240628T214324,1492.00,5.4001,35.0366,29,-1.043042,14
CTD_CP_H,20240628T214324,1494.02,5.3882,35.0353,28,-1.043033,14
CTD_CP_H,20240628T214324,1496.01,5.3776,35.0342,28,-1.043022,14
CTD_CP_H,20240628T214324,1498.00,5.3664,35.0329,28,-1.043005,14
CTD_CP_H,20240628T214324,1500.01,5.3509,35.0318,28,-1.042985,14
CTD_CP_H,20240628T214324,1502.02,5.3327,35.0304,28,-1.043026,14
CTD_CP_H,20240628T214324,1504.03,5.3217,35.0295,28,-1.043028,14
CTD_CP_H,20240628T214324,1505.99,5.3148,35.0288,27,-1.043051,14
CTD_CP_H,20240628T214324,1507.96,5.3071,35.0282,28,-1.043030,14
CTD_CP_H,20240628T214324,1509.98,5.2957,35.0268,28,-1.043008,14
CTD_CP_H,20240628T214324,1512.01,5.2773,35.0250,28,-1.042972,14
CTD_CP_H,20240628T214325,1514.01,5.2529,35.0231,27,-1.042943,13
CTD_CP_H,20240628T214325,1515.99,5.2410,35.0221,27,-1.042945,14
CTD_CP_H,20240628T214325,1517.98,5.2264,35.0209,27,-1.042962,13
CTD_CP_H,20240628T214325,1520.00,5.2139,35.0201,27,-1.042959,14
CTD_CP_H,20240628T214325,1522.03,5.2053,35.0192,27,-1.042961,13
CTD_CP_H,20240628T214325,1524.03,5.1994,35.0182,26,-1.042971,13
CTD_CP_H,20240628T214325,1526.02,5.1939,35.0177,27,-1.042956,14
CTD_CP_H,20240628T214325,1528.02,5.1780,35.0162,26,-1.042931,13
CTD_CP_H,20240628T214325,1529.99,5.1663,35.0147,26,-1.042902,13
CTD_CP_H,20240628T214325,1531.97,5.1520,35.0135,26,-1.042901,13
CTD_CP_H,20240628T214325,1533.98,5.1399,35.0127,26,-1.042893,13
CTD_CP_H,20240628T214325,1535.99,5.1357,35.0121,26,-1.042910,13
CTD_CP_H,20240628T214325,1538.00,5.1289,35.0115,26,-1.042898,13
CTD_CP_H,20240628T214325,1540.01,5.1193,35.0107,26,-1.042907,13
CTD_CP_H,20240628T214326,1542.01,5.1056,35.0093,25,-1.042877,12
CTD_CP_H,20240628T214326,1543.97,5.0927,35.0084,25,-1.042871,13
CTD_CP_H,20240628T214326,1545.98,5.0848,35.0075,26,-1.042880,13
CTD_CP_H,20240628T214326,1548.00,5.0825,35.0075,25,-1.042876,12
CTD_CP_H,20240628T214326,1549.99,5.0796,35.0067,25,-1.042874,13
CTD_CP_H,20240628T214326,1551.99,5.0602,35.0053,25,-1.042847,12
CTD_CP_H,20240628T214326,1554.00,5.0514,35.0046,25,-1.042869,13
CTD_CP_H,20240628T214326,1555.98,5.0432,35.0036,25,-1.042892,12
CTD_CP_H,20240628T214326,1557.99,5.0360,35.0029,25,-1.042883,13
CTD_CP_H,20240628T214326,1560.02,5.0274,35.0023,25,-1.042881,12
CTD_CP_H,20240628T214326,1562.01,5.0135,35.0006,24,-1.042872,12
CTD_CP_H,20240628T214326,1563.98,4.9951,34.9991,24,-1.042843,12
CTD_CP_H,20240628T214326,1565.99,4.9774,34.9978,25,-1.042870,13
CTD_CP_H,20240628T214327,1567.99,4.9718,34.9971,24,-1.042845,12
CTD_CP_H,20240628T214327,1570.01,4.9634,34.9960,25,-1.042815,12
CTD_CP_H,20240628T214327,1572.01,4.9420,34.9940,23,-1.042777,12
CTD_CP_H,20240628T214327,1573.98,4.9302,34.9928,24,-1.042759,12
CTD_CP_H,20240628T214327,1576.01,4.9163,34.9917,24,-1.042757,12
CTD_CP_H,20240628T214327,1578.00,4.9070,34.9910,23,-1.042784,11
CTD_CP_H,20240628T214327,1579.99,4.8960,34.9899,24,-1.042767,12
CTD_CP_H,20240628T214327,1581.98,4.8883,34.9890,23,-1.042733,12
CTD_CP_H,20240628T214327,1583.97,4.8792,34.9882,24,-1.042750,12
CTD_CP_H,20240628T214327,1585.98,4.8683,34.9869,24,-1.042750,12
CTD_CP_H,20240628T214327,1588.02,4.8523,34.9855,24,-1.042747,12
CTD_CP_H,20240628T214327,1590.03,4.8349,34.9844,23,-1.042736,11
CTD_CP_H,20240628T214327,1592.02,4.8251,34.9837,23,-1.042723,12
CTD_CP_H,20240628T214327,1594.01,4.8205,34.9829,23,-1.042709,11
CTD_CP_H,20240628T214328,1595.99,4.8131,34.9824,23,-1.042707,12
CTD_CP_H,20240628T214328,1597.98,4.8110,34.9820,23,-1.042718,11
CTD_CP_H,20240628T214328,1599.97,4.8055,34.9813,23,-1.042705,12
CTD_CP_H,20240628T214328,1601.98,4.7890,34.9800,23,-1.042734,11
CTD_CP_H,20240628T214328,1603.99,4.7715,34.9786,23,-1.042718,12
CTD_CP_H,20240628T214328,1605.99,4.7551,34.9771,23,-1.042693,11
CTD_CP_H,20240628T214328,1608.01,4.7377,34.9756,23,-1.042683,12
CTD_CP_H,20240628T214328,1610.01,4.7160,34.9739,22,-1.042651,11
CTD_CP_H,20240628T214328,1611.98,4.6995,34.9725,22,-1.042642,11
CTD_CP_H,20240628T214328,1613.99,4.6916,34.9720,23,-1.042650,11
CTD_CP_H,20240628T214328,1616.00,4.6859,34.9712,22,-1.042631,11
CTD_CP_H,20240628T214328,1618.01,4.6816,34.9707,23,-1.042645,12
CTD_CP_H,20240628T214328,1620.01,4.6691,34.9696,22,-1.042623,11
CTD_CP_H,20240628T214329,1621.99,4.6548,34.9682,22,-1.042603,11
CTD_CP_H,20240628T214329,1623.99,4.6349,34.9667,23,-1.042582,11
CTD_CP_H,20240628T214329,1626.00,4.6300,34.9662,22,-1.042578,11
CTD_CP_H,20240628T214329,1627.99,4.6234,34.9654,22,-1.042573,11
CTD_CP_H,20240628T214329,1630.00,4.6141,34.9646,22,-1.042582,11
CTD_CP_H,20240628T214329,1632.02,4.6075,34.9639,22,-1.042576,11
CTD_CP_H,20240628T214329,1634.00,4.5957,34.9629,22,-1.042555,11
CTD_CP_H,20240628T214329,1636.01,4.5844,34.9620,25,-1.042554,13
CTD_CP_H,20240628T214329,1638.02,4.5727,34.9613,28,-1.042543,14
CTD_CP_H,20240628T214329,1640.00,4.5635,34.9604,29,-1.042518,14
CTD_CP_H,20240628T214329,1642.00,4.5583,34.9597,28,-1.042494,14
CTD_CP_H,20240628T214329,1643.99,4.5487,34.9589,29,-1.042485,15
CTD_CP_H,20240628T214329,1645.98,4.5370,34.9578,28,-1.042477,14
CTD_CP_H,20240628T214330,1647.96,4.5254,34.9566,28,-1.042456,14
CTD_CP_H,20240628T214330,1650.00,4.5141,34.9555,29,-1.042436,14
CTD_CP_H,20240628T214330,1652.01,4.4957,34.9537,27,-1.042415,14
CTD_CP_H,20240628T214330,1654.01,4.4827,34.9525,28,-1.042400,14
CTD_CP_H,20240628T214330,1656.02,4.4653,34.9507,28,-1.042358,14
CTD_CP_H,20240628T214330,1658.01,4.4484,34.9491,27,-1.042332,13
CTD_CP_H,20240628T214330,1660.00,4.4322,34.9475,28,-1.042330,14
CTD_CP_H,20240628T214330,1662.01,4.4121,34.9460,27,-1.042308,14
CTD_CP_H,20240628T214330,1664.00,4.4032,34.9451,27,-1.042301,13
CTD_CP_H,20240628T214330,1666.00,4.3939,34.9442,27,-1.042289,14
CTD_CP_H,20240628T214330,1668.00,4.3838,34.9432,27,-1.042264,13
CTD_CP_H,20240628T214330,1670.02,4.3780,34.9427,27,-1.042259,14
CTD_CP_H,20240628T214330,1671.99,4.3693,34.9415,26,-1.042259,13
CTD_CP_H,20240628T214330,1673.99,4.3461,34.9397,28,-1.042192,14
CTD_CP_H,20240628T214331,1676.02,4.3318,34.9384,27,-1.042174,13
CTD_CP_H,20240628T214331,1678.00,4.3171,34.9376,26,-1.042170,13
CTD_CP_H,20240628T214331,1679.99,4.3110,34.9366,27,-1.042172,14
CTD_CP_H,20240628T214331,1681.98,4.3051,34.9361,26,-1.042173,13
CTD_CP_H,20240628T214331,1683.98,4.2987,34.9352,27,-1.042176,13
CTD_CP_H,20240628T214331,1685.99,4.2832,34.9343,26,-1.042169,13
CTD_CP_H,20240628T214331,1687.98,4.2793,34.9338,26,-1.042174,13
CTD_CP_H,20240628T214331,1690.00,4.2727,34.9332,27,-1.042170,14
CTD_CP_H,20240628T214331,1692.02,4.2620,34.9321,26,-1.042151,13
CTD_CP_H,20240628T214331,1694.01,4.2458,34.9309,26,-1.042116,13
CTD_CP_H,20240628T214331,1696.01,4.2382,34.9302,26,-1.042103,13
CTD_CP_H,20240628T214331,1697.99,4.2346,34.9299,25,-1.042111,12
CTD_CP_H,20240628T214331,1699.99,4.2285,34.9292,26,-1.042093,13
CTD_CP_H,20240628T214332,1701.99,4.2169,34.9282,25,-1.042073,13
CTD_CP_H,20240628T214332,1703.99,4.2054,34.9273,26,-1.042056,13
CTD_CP_H,20240628T214332,1706.02,4.1966,34.9264,25,-1.042050,12
CTD_CP_H,20240628T214332,1708.01,4.1876,34.9257,25,-1.042059,13
CTD_CP_H,20240628T214332,1709.98,4.1832,34.9251,25,-1.042055,12
CTD_CP_H,20240628T214332,1712.00,4.1733,34.9244,26,-1.042051,13
CTD_CP_H,20240628T214332,1714.02,4.1646,34.9233,25,-1.042036,13
CTD_CP_H,20240628T214332,1715.98,4.1523,34.9223,24,-1.042028,12
CTD_CP_H,20240628T214332,1717.94,4.1386,34.9212,25,-1.042021,12
CTD_CP_H,20240628T214332,1719.99,4.1180,34.9198,26,-1.041997,13
CTD_CP_H,20240628T214332,1721.99,4.1068,34.9188,24,-1.041963,12
CTD_CP_H,20240628T214332,1723.99,4.1006,34.9180,25,-1.041971,13
CTD_CP_H,20240628T214332,1726.00,4.0927,34.9170,24,-1.041950,12
CTD_CP_H,20240628T214332,1727.98,4.0727,34.9155,24,-1.041929,12
CTD_CP_H,20240628T214333,1729.97,4.0550,34.9140,24,-1.041898,12
CTD_CP_H,20240628T214333,1731.97,4.0423,34.9131,24,-1.041903,12
CTD_CP_H,20240628T214333,1733.98,4.0325,34.9119,24,-1.041885,12
CTD_CP_H,20240628T214333,1735.99,4.0160,34.9108,24,-1.041847,12
CTD_CP_H,20240628T214333,1738.02,4.0030,34.9096,24,-1.041829,12
CTD_CP_H,20240628T214333,1740.02,3.9870,34.9084,23,-1.041793,11
CTD_CP_H,20240628T214333,1741.99,3.9815,34.9078,23,-1.041787,12
CTD_CP_H,20240628T214333,1743.98,3.9729,34.9068,23,-1.041782,11
CTD_CP_H,20240628T214333,1745.98,3.9563,34.9055,23,-1.041767,12
CTD_CP_H,20240628T214333,1747.99,3.9463,34.9048,23,-1.041780,11
CTD_CP_H,20240628T214333,1750.01,3.9399,34.9041,23,-1.041773,12
CTD_CP_H,20240628T214333,1752.04,3.9320,34.9034,23,-1.041769,11
CTD_CP_H,20240628T214333,1754.03,3.9225,34.9026,22,-1.041760,11
CTD_CP_H,20240628T214334,1756.01,3.9137,34.9021,23,-1.041722,12
CTD_CP_H,20240628T214334,1757.99,3.9062,34.9013,22,-1.041703,11
CTD_CP_H,20240628T214334,1760.02,3.8939,34.9003,24,-1.041706,12
CTD_CP_H,20240628T214334,1762.04,3.8870,34.9000,24,-1.041676,12
CTD_CP_H,20240628T214334,1764.02,3.8800,34.8995,29,-1.041664,14
CTD_CP_H,20240628T214334,1766.02,3.8782,34.8993,31,-1.041686,16
CTD_CP_H,20240628T214334,1768.01,3.8773,34.8991,30,-1.041697,15
CTD_CP_H,20240628T214334,1769.99,3.8750,34.8987,30,-1.041692,15
CTD_CP_H,20240628T214334,1772.00,3.8728,34.8984,30,-1.041676,15
CTD_CP_H,20240628T214334,1774.02,3.8656,34.8979,30,-1.041681,15
CTD_CP_H,20240628T214334,1776.01,3.8575,34.8971,29,-1.041670,14
CTD_CP_H,20240628T214334,1777.98,3.8482,34.8961,29,-1.041663,15
CTD_CP_H,20240628T214334,1779.99,3.8339,34.8950,30,-1.041658,15
CTD_CP_H,20240628T214334,1781.99,3.8227,34.8941,28,-1.041655,14
CTD_CP_H,20240628T214335,1783.96,3.8110,34.8931,29,-1.041623,14
CTD_CP_H,20240628T214335,1785.99,3.7992,34.8923,29,-1.041583,15
CTD_CP_H,20240628T214335,1787.99,3.7897,34.8915,28,-1.041581,14
CTD_CP_H,20240628T214335,1790.01,3.7866,34.8912,29,-1.041574,14
CTD_CP_H,20240628T214335,1792.03,3.7835,34.8906,28,-1.041576,14
CTD_CP_H,20240628T214335,1793.99,3.7748,34.8899,27,-1.041577,14
CTD_CP_H,20240628T214335,1795.99,3.7591,34.8888,28,-1.041541,14
CTD_CP_H,20240628T214335,1798.00,3.7529,34.8883,27,-1.041535,13
CTD_CP_H,20240628T214335,1799.99,3.7482,34.8878,27,-1.041528,14
CTD_CP_H,20240628T214335,1801.99,3.7435,34.8874,27,-1.041531,13
CTD_CP_H,20240628T214335,1803.99,3.7365,34.8868,27,-1.041506,14
CTD_CP_H,20240628T214335,1806.00,3.7264,34.8860,27,-1.041508,13
CTD_CP_H,20240628T214335,1807.99,3.7198,34.8854,26,-1.041504,13
CTD_CP_H,20240628T214336,1809.97,3.7156,34.8849,26,-1.041472,13
CTD_CP_H,20240628T214336,1811.98,3.7082,34.8840,26,-1.041472,13
CTD_CP_H,20240628T214336,1813.99,3.6980,34.8834,26,-1.041477,13
CTD_CP_H,20240628T214336,1815.98,3.6895,34.8825,25,-1.041465,13
CTD_CP_H,20240628T214336,1817.98,3.6824,34.8821,26,-1.041437,13
CTD_CP_H,20240628T214336,1820.02,3.6749,34.8813,26,-1.041442,13
CTD_CP_H,20240628T214336,1822.04,3.6699,34.8809,25,-1.041440,12
CTD_CP_H,20240628T214336,1824.02,3.6657,34.8805,25,-1.041431,13
CTD_CP_H,20240628T214336,1826.00,3.6581,34.8798,25,-1.041408,12
CTD_CP_H,20240628T214336,1828.00,3.6513,34.8793,25,-1.041392,13
CTD_CP_H,20240628T214336,1830.00,3.6391,34.8782,25,-1.041372,12
CTD_CP_H,20240628T214336,1832.00,3.6303,34.8774,25,-1.041356,13
CTD_CP_H,20240628T214336,1834.02,3.6198,34.8767,25,-1.041326,12
CTD_CP_H,20240628T214336,1836.00,3.6060,34.8756,24,-1.041316,12
CTD_CP_H,20240628T214337,1837.98,3.5977,34.8749,25,-1.041300,13
CTD_CP_H,20240628T214337,1840.00,3.5925,34.8742,25,-1.041309,12
CTD_CP_H,20240628T214337,1842.01,3.5883,34.8740,25,-1.041308,13
CTD_CP_H,20240628T214337,1844.00,3.5828,34.8735,24,-1.041280,12
CTD_CP_H,20240628T214337,1845.98,3.5792,34.8730,25,-1.041260,12
CTD_CP_H,20240628T214337,1847.99,3.5741,34.8726,25,-1.041243,13
CTD_CP_H,20240628T214337,1850.03,3.5604,34.8716,25,-1.041214,12
CTD_CP_H,20240628T214337,1852.02,3.5582,34.8714,24,-1.041237,12
CTD_CP_H,20240628T214337,1853.98,3.5570,34.8713,24,-1.041243,12
CTD_CP_H,20240628T214337,1855.96,3.5564,34.8712,24,-1.041248,12
CTD_CP_H,20240628T214337,1858.01,3.5542,34.8708,25,-1.041259,13
CTD_CP_H,20240628T214337,1860.04,3.5474,34.8703,24,-1.041252,12
CTD_CP_H,20240628T214337,1862.03,3.5395,34.8697,24,-1.041261,12
CTD_CP_H,20240628T214338,1864.01,3.5359,34.8693,24,-1.041255,12
CTD_CP_H,20240628T214338,1866.00,3.5297,34.8689,24,-1.041233,12
CTD_CP_H,20240628T214338,1868.01,3.5237,34.8683,24,-1.041253,12
CTD_CP_H,20240628T214338,1870.02,3.5193,34.8677,24,-1.041234,12
CTD_CP_H,20240628T214338,1872.00,3.5093,34.8671,23,-1.041192,11
CTD_CP_H,20240628T214338,1873.97,3.5063,34.8668,24,-1.041203,12
CTD_CP_H,20240628T214338,1876.00,3.5041,34.8665,24,-1.041191,12
CTD_CP_H,20240628T214338,1878.01,3.4990,34.8661,23,-1.041180,12
CTD_CP_H,20240628T214338,1880.01,3.4953,34.8658,24,-1.041166,12
CTD_CP_H,20240628T214338,1882.02,3.4919,34.8654,23,-1.041158,11
CTD_CP_H,20240628T214338,1884.00,3.4813,34.8646,23,-1.041158,12
CTD_CP_H,20240628T214338,1886.02,3.4737,34.8639,24,-1.041147,12
CTD_CP_H,20240628T214338,1888.04,3.4665,34.8634,23,-1.041112,11
CTD_CP_H,20240628T214338,1890.02,3.4607,34.8627,23,-1.041100,12
CTD_CP_H,20240628T214339,1892.01,3.4568,34.8623,23,-1.041122,11
CTD_CP_H,20240628T214339,1894.03,3.4500,34.8617,23,-1.041103,12
CTD_CP_H,20240628T214339,1896.03,3.4415,34.8611,23,-1.041075,11
CTD_CP_H,20240628T214339,1898.03,3.4333,34.8604,23,-1.041060,12
CTD_CP_H,20240628T214339,1899.99,3.4253,34.8596,22,-1.041040,11
CTD_CP_H,20240628T214339,1901.99,3.4146,34.8589,24,-1.041012,12
CTD_CP_H,20240628T214339,1904.03,3.4065,34.8582,23,-1.041011,11
CTD_CP_H,20240628T214339,1906.02,3.4012,34.8577,23,-1.041009,12
CTD_CP_H,20240628T214339,1908.01,3.3906,34.8571,23,-1.041006,11
CTD_CP_H,20240628T214339,1910.01,3.3846,34.8564,23,-1.040999,12
CTD_CP_H,20240628T214339,1912.01,3.3780,34.8557,23,-1.040977,11
CTD_CP_H,20240628T214339,1914.01,3.3714,34.8556,23,-1.040949,12
CTD_CP_H,20240628T214339,1916.03,3.3698,34.8549,23,-1.040959,11
CTD_CP_H,20240628T214340,1917.99,3.3655,34.8548,22,-1.040931,11
CTD_CP_H,20240628T214340,1919.97,3.3599,34.8545,23,-1.040934,12
CTD_CP_H,20240628T214340,1921.99,3.3559,34.8540,23,-1.040946,11
CTD_CP_H,20240628T214340,1924.02,3.3508,34.8536,23,-1.040947,12
CTD_CP_H,20240628T214340,1926.00,3.3477,34.8534,22,-1.040929,11
CTD_CP_H,20240628T214340,1927.99,3.3439,34.8530,23,-1.040933,11
CTD_CP_H,20240628T214340,1930.03,3.3383,34.8525,23,-1.040898,12
CTD_CP_H,20240628T214340,1932.04,3.3367,34.8522,22,-1.040894,11
CTD_CP_H,20240628T214340,1934.01,3.3315,34.8518,22,-1.040883,11
CTD_CP_H,20240628T214340,1935.99,3.3255,34.8513,22,-1.040885,11
CTD_CP_H,20240628T214340,1937.97,3.3202,34.8510,22,-1.040904,11
CTD_CP_H,20240628T214340,1939.96,3.3133,34.8504,22,-1.040895,11
CTD_CP_H,20240628T214340,1941.99,3.3091,34.8500,23,-1.040887,11
CTD_CP_H,20240628T214340,1944.02,3.3041,34.8498,22,-1.040867,11
CTD_CP_H,20240628T214341,1946.00,3.3012,34.8495,22,-1.040886,11
CTD_CP_H,20240628T214341,1947.98,3.2962,34.8490,22,-1.040878,11
CTD_CP_H,20240628T214341,1949.97,3.2921,34.8485,22,-1.040866,11
CTD_CP_H,20240628T214341,1951.97,3.2874,34.8482,22,-1.040860,11
CTD_CP_H,20240628T214341,1953.97,3.2834,34.8479,22,-1.040832,11
CTD_CP_H,20240628T214341,1956.02,3.2760,34.8471,23,-1.040796,12
CTD_CP_H,20240628T214341,1958.02,3.2672,34.8466,21,-1.040807,10
CTD_CP_H,20240628T214341,1960.01,3.2628,34.8462,22,-1.040788,11
CTD_CP_H,20240628T214341,1962.03,3.2604,34.8458,22,-1.040789,11
CTD_CP_H,20240628T214341,1964.01,3.2515,34.8451,21,-1.040777,11
CTD_CP_H,20240628T214341,1966.01,3.2401,34.8444,22,-1.040748,11
CTD_CP_H,20240628T214341,1967.99,3.2344,34.8439,21,-1.040746,10
CTD_CP_H,20240628T214341,1969.99,3.2309,34.8435,22,-1.040747,11
CTD_CP_H,20240628T214342,1971.99,3.2235,34.8431,21,-1.040730,11
CTD_CP_H,20240628T214342,1973.99,3.2174,34.8428,22,-1.040724,11
CTD_CP_H,20240628T214342,1976.00,3.2150,34.8422,21,-1.040732,10
CTD_CP_H,20240628T214342,1978.00,3.2105,34.8422,22,-1.040733,11
CTD_CP_H,20240628T214342,1980.02,3.2051,34.8416,21,-1.040748,11
CTD_CP_H,20240628T214342,1981.99,3.2024,34.8414,21,-1.040765,10
CTD_CP_H,20240628T214342,1983.97,3.1998,34.8414,21,-1.040743,11
CTD_CP_H,20240628T214342,1986.01,3.1960,34.8409,22,-1.040760,11
CTD_CP_H,20240628T214342,1988.04,3.1894,34.8403,21,-1.040761,10
CTD_CP_H,20240628T214342,1990.02,3.1857,34.8401,21,-1.040736,11
CTD_CP_H,20240628T214342,1992.01,3.1816,34.8399,21,-1.040748,9
CTD_CP_H,20240628T214342,1994.01,3.1797,34.8397,21,nan,0
CTD_CP_H,20240628T214342,1995.88,3.1775,34.8395,18,nan,0
GPS,20240628T214455,17.794716,67.769249,9
CTD_P,20240628T214457,-0.18
