Message,20250720T112419,Firmware: 07/21/23 18:56:40 2.17.4 STD IRID Final
Message,20250720T112419,Username: f10469
GPS,20250720T112419,19.106234,63.298538,8
GPS,20250720T113310,19.105587,63.299606,8
CTD_P,20250720T113312,-0.31
FLBB_CFG,20250720T113314,695,700
Message,20250720T113314,Park Descent Mission
CTD_P,20250720T113317,-0.15
CTD_P,20250720T113431,-0.08
CTD_P,20250720T113533,0.11
CTD_P,20250720T113635,0.11
CTD_P,20250720T113738,0.73
CTD_P,20250720T113840,0.06
CTD_P,20250720T113942,0.56
CTD_P,20250720T114045,4.28
CTD_P,20250720T114147,11.74
CTD_P,20250720T114249,21.59
CTD_P,20250720T114351,32.98
CTD_P,20250720T114424,39.73
CTD_P,20250720T114425,39.99
CTD_P,20250720T114526,50.64
CTD_P,20250720T124529,470.99
CTD_P,20250720T134532,756.46
CTD_P,20250720T143715,903.61
CTD_P,20250720T151153,949.50
CTD_P,20250720T155134,974.44
CTD_P,20250720T163529,979.10
CTD_P,20250720T163632,979.20
CTD_P,20250720T163735,979.33
CTD_P,20250720T163750,979.34
CTD_P,20250720T163852,980.05
CTD_P,20250720T163903,980.20
CTD_P,20250720T164005,981.60
CTD_P,20250720T165512,999.10
CTD_P,20250720T165746,1001.49
Message,20250720T165749,Park Mission
CTD_P,20250720T165752,1001.58
CTD_PTSH,20250720T165814,1001.90,8.6382,35.3790,0.197496
CTD_P,20250720T165815,1001.91
CTD_P,20250720T175748,1029.68
CTD_PTSH,20250720T175811,1029.60,8.4109,35.3580,0.197715
CTD_P,20250720T175812,1029.64
CTD_P,20250720T185813,1034.21
CTD_PTSH,20250720T185836,1034.20,8.3781,35.3490,0.197632
CTD_P,20250720T185837,1034.19
CTD_P,20250720T195838,1038.97
CTD_PTSH,20250720T195901,1039.00,8.3751,35.3460,0.197463
CTD_P,20250720T195902,1038.97
CTD_P,20250720T205903,1023.08
CTD_PTSH,20250720T205926,1023.00,8.5204,35.3620,0.197205
CTD_P,20250720T205927,1023.02
CTD_P,20250720T215928,1021.40
CTD_PTSH,20250720T215951,1021.40,8.5214,35.3680,0.197101
CTD_P,20250720T215952,1021.38
CTD_P,20250720T225953,1025.28
CTD_PTSH,20250720T230016,1025.30,8.5518,35.3650,0.197010
CTD_P,20250720T230017,1025.31
CTD_P,20250721T000018,1024.76
CTD_PTSH,20250721T000041,1024.80,8.5769,35.3710,0.196876
CTD_P,20250721T000042,1024.79
CTD_P,20250721T010043,1026.08
CTD_PTSH,20250721T010106,1026.10,8.5690,35.3700,0.196846
CTD_P,20250721T010107,1026.14
CTD_P,20250721T020108,1032.30
CTD_PTSH,20250721T020131,1032.40,8.6030,35.3670,0.196742
CTD_P,20250721T020132,1032.37
CTD_P,20250721T030133,1031.66
CTD_PTSH,20250721T030156,1031.60,8.6099,35.3670,0.196713
CTD_P,20250721T030157,1031.58
CTD_P,20250721T040158,1011.45
CTD_PTSH,20250721T040221,1011.40,8.7466,35.3810,0.196504
CTD_P,20250721T040222,1011.43
CTD_P,20250721T050223,1010.69
CTD_PTSH,20250721T050246,1010.80,8.7069,35.3780,0.196455
CTD_P,20250721T050247,1010.79
CTD_P,20250721T060248,1011.26
CTD_PTSH,20250721T060311,1011.10,8.7065,35.3740,0.196411
CTD_P,20250721T060312,1011.09
CTD_P,20250721T070313,1006.55
CTD_PTSH,20250721T070336,1006.60,8.6896,35.3830,0.196392
CTD_P,20250721T070337,1006.59
CTD_P,20250721T080338,1005.55
CTD_PTSH,20250721T080401,1005.50,8.5992,35.3680,0.196480
CTD_P,20250721T080402,1005.45
CTD_P,20250721T090403,1007.08
CTD_PTSH,20250721T090426,1007.00,8.5988,35.3670,0.196472
CTD_P,20250721T090427,1007.05
CTD_P,20250721T100428,1010.03
CTD_PTSH,20250721T100451,1010.10,8.5914,35.3660,0.196458
CTD_P,20250721T100452,1010.10
CTD_P,20250721T110453,1007.96
CTD_PTSH,20250721T110516,1007.90,8.5905,35.3670,0.196399
CTD_P,20250721T110517,1007.90
CTD_P,20250721T120518,1012.59
CTD_PTSH,20250721T120541,1012.60,8.5904,35.3680,0.196381
CTD_P,20250721T120542,1012.63
CTD_P,20250721T130543,1009.72
CTD_PTSH,20250721T130606,1009.70,8.6193,35.3670,0.196319
CTD_P,20250721T130607,1009.65
CTD_P,20250721T140608,1012.43
CTD_PTSH,20250721T140631,1012.40,8.6749,35.3760,0.196250
CTD_P,20250721T140632,1012.43
CTD_P,20250721T150633,1013.19
CTD_PTSH,20250721T150656,1013.20,8.6870,35.3770,0.196232
CTD_P,20250721T150657,1013.17
CTD_P,20250721T160658,1010.04
CTD_PTSH,20250721T160721,1010.00,8.6866,35.3780,0.196147
CTD_P,20250721T160722,1009.99
CTD_P,20250721T170723,1010.94
CTD_PTSH,20250721T170746,1011.00,8.6431,35.3720,0.196126
CTD_P,20250721T170747,1010.97
CTD_P,20250721T180748,1010.36
CTD_PTSH,20250721T180811,1010.40,8.6048,35.3670,0.196175
CTD_P,20250721T180812,1010.41
CTD_P,20250721T190813,1009.63
CTD_PTSH,20250721T190836,1009.60,8.5759,35.3660,0.196184
CTD_P,20250721T190837,1009.64
CTD_P,20250721T200838,1007.91
CTD_PTSH,20250721T200901,1007.90,8.5844,35.3730,0.196140
CTD_P,20250721T200902,1007.96
CTD_P,20250721T210903,1008.00
CTD_PTSH,20250721T210926,1008.10,8.5838,35.3730,0.196108
CTD_P,20250721T210927,1008.06
CTD_P,20250721T220928,1007.99
CTD_PTSH,20250721T220951,1007.90,8.5842,35.3660,0.196082
CTD_P,20250721T220952,1007.84
CTD_P,20250721T230953,1011.37
CTD_PTSH,20250721T231016,1011.50,8.5875,35.3680,0.196063
CTD_P,20250721T231017,1011.44
CTD_P,20250722T001018,1011.77
CTD_PTSH,20250722T001041,1011.80,8.6086,35.3690,0.196036
CTD_P,20250722T001042,1011.81
CTD_P,20250722T011043,1013.15
CTD_PTSH,20250722T011106,1013.00,8.6229,35.3710,0.195996
CTD_P,20250722T011107,1013.02
CTD_P,20250722T021108,1011.54
CTD_PTSH,20250722T021131,1011.50,8.6371,35.3730,0.195932
CTD_P,20250722T021132,1011.51
CTD_P,20250722T031133,1015.47
CTD_PTSH,20250722T031156,1015.50,8.6906,35.3770,0.195844
CTD_P,20250722T031157,1015.53
CTD_P,20250722T041158,1016.78
CTD_PTSH,20250722T041221,1016.70,8.8159,35.3940,0.195678
CTD_P,20250722T041222,1016.75
CTD_P,20250722T051223,1012.24
CTD_PTSH,20250722T051246,1012.20,8.6958,35.3790,0.195753
CTD_P,20250722T051247,1012.25
CTD_P,20250722T061248,1012.00
CTD_PTSH,20250722T061311,1012.00,8.6933,35.3790,0.195790
CTD_P,20250722T061312,1012.00
CTD_P,20250722T071313,1009.60
CTD_PTSH,20250722T071336,1009.50,8.6819,35.3790,0.195715
CTD_P,20250722T071337,1009.53
CTD_P,20250722T081338,1008.52
CTD_PTSH,20250722T081401,1008.50,8.5851,35.3710,0.195834
CTD_P,20250722T081402,1008.51
CTD_P,20250722T091403,1008.17
CTD_PTSH,20250722T091426,1008.20,8.5395,35.3650,0.195867
CTD_P,20250722T091427,1008.17
CTD_P,20250722T101428,1005.03
CTD_PTSH,20250722T101451,1005.00,8.5392,35.3650,0.195865
CTD_P,20250722T101452,1004.96
CTD_P,20250722T111453,1010.84
CTD_PTSH,20250722T111516,1010.90,8.5401,35.3650,0.195855
CTD_P,20250722T111517,1010.87
CTD_P,20250722T121518,1014.47
CTD_PTSH,20250722T121541,1014.50,8.5977,35.3670,0.195775
CTD_P,20250722T121542,1014.48
CTD_P,20250722T131543,1018.52
CTD_PTSH,20250722T131606,1018.50,8.6712,35.3720,0.195706
CTD_P,20250722T131607,1018.52
CTD_P,20250722T141608,1014.57
CTD_PTSH,20250722T141631,1014.50,8.6886,35.3790,0.195619
CTD_P,20250722T141632,1014.53
CTD_P,20250722T151633,1016.45
CTD_PTSH,20250722T151656,1016.50,8.6928,35.3740,0.195588
CTD_P,20250722T151657,1016.50
CTD_P,20250722T161658,1014.70
CTD_PTSH,20250722T161721,1014.60,8.7046,35.3790,0.195551
CTD_P,20250722T161722,1014.62
CTD_P,20250722T171723,1015.96
CTD_PTSH,20250722T171746,1016.00,8.6919,35.3800,0.195502
CTD_P,20250722T171747,1016.02
CTD_P,20250722T181748,1013.74
CTD_PTSH,20250722T181811,1013.80,8.6401,35.3720,0.195487
CTD_P,20250722T181812,1013.76
CTD_P,20250722T191813,1010.93
CTD_PTSH,20250722T191836,1010.90,8.6007,35.3680,0.195565
CTD_P,20250722T191837,1010.89
CTD_P,20250722T201838,1008.57
CTD_PTSH,20250722T201901,1008.50,8.5885,35.3650,0.195584
CTD_P,20250722T201902,1008.48
CTD_P,20250722T211903,1009.58
CTD_PTSH,20250722T211926,1009.60,8.5518,35.3680,0.195611
CTD_P,20250722T211927,1009.59
CTD_P,20250722T221928,1008.66
CTD_PTSH,20250722T221951,1008.70,8.5645,35.3680,0.195512
CTD_P,20250722T221952,1008.70
CTD_P,20250722T231953,1012.97
CTD_PTSH,20250722T232016,1013.00,8.5876,35.3700,0.195530
CTD_P,20250722T232017,1013.04
CTD_P,20250723T002018,1016.65
CTD_PTSH,20250723T002041,1016.60,8.6316,35.3700,0.195415
CTD_P,20250723T002042,1016.65
CTD_P,20250723T012043,1012.75
CTD_PTSH,20250723T012106,1012.70,8.6132,35.3700,0.195427
CTD_P,20250723T012107,1012.72
CTD_P,20250723T022108,1012.46
CTD_PTSH,20250723T022131,1012.40,8.5894,35.3670,0.195448
CTD_P,20250723T022132,1012.33
CTD_P,20250723T032133,1012.75
CTD_PTSH,20250723T032156,1012.70,8.5890,35.3670,0.195425
CTD_P,20250723T032157,1012.74
CTD_P,20250723T042158,1015.43
CTD_PTSH,20250723T042221,1015.50,8.5923,35.3670,0.195409
CTD_P,20250723T042222,1015.47
CTD_P,20250723T052223,1013.15
CTD_PTSH,20250723T052246,1013.10,8.6044,35.3720,0.195352
CTD_P,20250723T052247,1013.10
CTD_P,20250723T062248,1014.10
CTD_PTSH,20250723T062311,1014.10,8.5865,35.3680,0.195343
CTD_P,20250723T062312,1014.16
CTD_P,20250723T072313,1017.32
CTD_PTSH,20250723T072336,1017.20,8.6681,35.3740,0.195239
CTD_P,20250723T072337,1017.24
CTD_P,20250723T082338,1012.97
CTD_PTSH,20250723T082401,1012.90,8.6606,35.3760,0.195258
CTD_P,20250723T082402,1012.84
CTD_P,20250723T092403,1011.89
CTD_PTSH,20250723T092426,1011.90,8.6024,35.3690,0.195256
CTD_P,20250723T092427,1011.88
CTD_P,20250723T102428,1011.40
CTD_PTSH,20250723T102451,1011.30,8.5640,35.3690,0.195298
CTD_P,20250723T102452,1011.34
CTD_P,20250723T112453,1011.79
CTD_PTSH,20250723T112516,1011.70,8.5335,35.3650,0.195298
CTD_P,20250723T112517,1011.67
CTD_P,20250723T122518,1015.04
CTD_PTSH,20250723T122541,1015.10,8.5685,35.3680,0.195232
CTD_P,20250723T122542,1015.10
CTD_P,20250723T132543,1014.93
CTD_PTSH,20250723T132606,1015.00,8.5916,35.3670,0.195230
CTD_P,20250723T132607,1014.98
CTD_P,20250723T142608,1015.78
CTD_PTSH,20250723T142631,1015.80,8.5969,35.3670,0.195205
CTD_P,20250723T142632,1015.75
CTD_P,20250723T152633,1013.53
CTD_PTSH,20250723T152656,1013.50,8.6068,35.3700,0.195168
CTD_P,20250723T152657,1013.44
CTD_P,20250723T162658,1014.41
CTD_PTSH,20250723T162721,1014.40,8.5897,35.3670,0.195121
CTD_P,20250723T162722,1014.41
CTD_P,20250723T172723,1017.86
CTD_PTSH,20250723T172746,1017.80,8.6046,35.3690,0.195129
CTD_P,20250723T172747,1017.79
CTD_P,20250723T182748,1015.13
CTD_PTSH,20250723T182811,1015.10,8.6136,35.3680,0.195076
CTD_P,20250723T182812,1015.06
CTD_P,20250723T192813,1015.94
CTD_PTSH,20250723T192836,1016.00,8.6510,35.3760,0.195017
CTD_P,20250723T192837,1015.98
CTD_P,20250723T202838,1015.22
CTD_PTSH,20250723T202901,1015.20,8.6490,35.3730,0.194952
CTD_P,20250723T202902,1015.20
CTD_P,20250723T212903,1013.89
CTD_PTSH,20250723T212926,1013.90,8.6004,35.3710,0.195044
CTD_P,20250723T212927,1013.87
CTD_P,20250723T222928,1016.89
CTD_PTSH,20250723T222951,1016.90,8.6039,35.3660,0.195061
CTD_P,20250723T222952,1016.89
CTD_P,20250723T232953,1015.76
CTD_PTSH,20250723T233016,1015.70,8.5966,35.3690,0.194999
CTD_P,20250723T233017,1015.68
CTD_P,20250724T003018,1014.88
CTD_PTSH,20250724T003041,1014.90,8.5996,35.3670,0.194983
CTD_P,20250724T003042,1014.90
CTD_P,20250724T013043,1016.43
CTD_PTSH,20250724T013106,1016.40,8.5943,35.3670,0.195007
CTD_P,20250724T013107,1016.38
CTD_P,20250724T023108,1012.00
CTD_PTSH,20250724T023131,1011.90,8.6140,35.3710,0.194930
CTD_P,20250724T023132,1011.90
CTD_P,20250724T033133,1017.98
CTD_PTSH,20250724T033156,1018.00,8.6131,35.3680,0.194935
CTD_P,20250724T033157,1017.96
CTD_P,20250724T043158,1015.51
CTD_PTSH,20250724T043221,1015.40,8.5969,35.3670,0.195053
CTD_P,20250724T043222,1015.43
CTD_P,20250724T053223,1012.67
CTD_PTSH,20250724T053246,1012.70,8.5608,35.3700,0.194963
CTD_P,20250724T053247,1012.73
CTD_P,20250724T063248,1014.64
CTD_PTSH,20250724T063311,1014.60,8.5607,35.3680,0.195151
CTD_P,20250724T063312,1014.59
CTD_P,20250724T073313,1011.95
CTD_PTSH,20250724T073336,1012.00,8.5751,35.3700,0.195165
CTD_P,20250724T073337,1011.94
CTD_P,20250724T083338,1013.03
CTD_PTSH,20250724T083401,1013.10,8.5802,35.3720,0.195056
CTD_P,20250724T083402,1013.10
CTD_P,20250724T093403,1013.71
CTD_PTSH,20250724T093426,1013.70,8.5874,35.3700,0.195039
CTD_P,20250724T093427,1013.71
CTD_P,20250724T103428,1010.66
CTD_PTSH,20250724T103451,1010.60,8.5750,35.3760,0.195109
CTD_P,20250724T103452,1010.61
CTD_P,20250724T113453,1012.39
CTD_PTSH,20250724T113516,1012.40,8.5130,35.3620,0.195105
CTD_P,20250724T113517,1012.42
CTD_P,20250724T123518,1013.44
CTD_PTSH,20250724T123541,1013.40,8.5406,35.3660,0.195092
CTD_P,20250724T123542,1013.41
CTD_P,20250724T133543,1008.95
CTD_PTSH,20250724T133606,1008.80,8.4915,35.3650,0.195145
CTD_P,20250724T133607,1008.86
CTD_P,20250724T143608,1007.85
CTD_PTSH,20250724T143631,1007.80,8.4647,35.3610,0.195102
CTD_P,20250724T143632,1007.77
CTD_P,20250724T153633,1013.74
CTD_PTSH,20250724T153656,1013.80,8.4965,35.3580,0.195105
CTD_P,20250724T153657,1013.82
CTD_P,20250724T163658,1016.82
CTD_PTSH,20250724T163721,1016.70,8.5484,35.3660,0.195035
CTD_P,20250724T163722,1016.74
CTD_P,20250724T173723,1017.01
CTD_PTSH,20250724T173746,1016.90,8.5872,35.3690,0.194954
CTD_P,20250724T173747,1016.94
CTD_P,20250724T183748,1017.14
CTD_PTSH,20250724T183811,1017.10,8.5948,35.3680,0.194918
CTD_P,20250724T183812,1017.13
CTD_P,20250724T193813,1019.81
CTD_PTSH,20250724T193836,1019.80,8.6401,35.3730,0.194860
CTD_P,20250724T193837,1019.84
CTD_P,20250724T203838,1021.63
CTD_PTSH,20250724T203901,1021.60,8.6954,35.3770,0.194802
CTD_P,20250724T203902,1021.61
CTD_P,20250724T213903,1019.26
CTD_PTSH,20250724T213926,1019.20,8.7377,35.3800,0.194780
CTD_P,20250724T213927,1019.15
CTD_P,20250724T223928,1018.98
CTD_PTSH,20250724T223951,1019.00,8.6938,35.3770,0.194738
CTD_P,20250724T223952,1018.96
CTD_P,20250724T233953,1016.60
CTD_PTSH,20250724T234016,1016.60,8.6769,35.3780,0.194772
CTD_P,20250724T234017,1016.57
CTD_P,20250725T004018,1016.81
CTD_PTSH,20250725T004041,1016.80,8.6136,35.3690,0.194819
CTD_P,20250725T004042,1016.81
CTD_P,20250725T014043,1015.75
CTD_PTSH,20250725T014106,1015.60,8.6431,35.3750,0.194808
CTD_P,20250725T014107,1015.66
CTD_P,20250725T024108,1012.56
CTD_PTSH,20250725T024131,1012.50,8.5913,35.3690,0.194837
CTD_P,20250725T024132,1012.50
CTD_P,20250725T034133,1010.75
CTD_PTSH,20250725T034156,1010.80,8.5041,35.3630,0.194865
CTD_P,20250725T034157,1010.84
CTD_P,20250725T044158,1012.97
CTD_PTSH,20250725T044221,1012.90,8.5288,35.3660,0.194927
CTD_P,20250725T044222,1012.97
CTD_P,20250725T054223,1011.36
CTD_PTSH,20250725T054246,1011.40,8.4910,35.3640,0.194907
CTD_P,20250725T054247,1011.39
CTD_P,20250725T064248,1016.66
CTD_PTSH,20250725T064311,1016.80,8.5283,35.3660,0.194837
CTD_P,20250725T064312,1016.79
CTD_P,20250725T074313,1015.79
CTD_PTSH,20250725T074336,1015.70,8.5936,35.3690,0.194771
CTD_P,20250725T074337,1015.73
CTD_P,20250725T084338,1015.31
CTD_PTSH,20250725T084401,1015.30,8.5872,35.3690,0.194788
CTD_P,20250725T084402,1015.28
CTD_P,20250725T094403,1015.45
CTD_PTSH,20250725T094426,1015.40,8.5891,35.3690,0.194769
CTD_P,20250725T094427,1015.42
CTD_P,20250725T104428,1012.85
CTD_PTSH,20250725T104451,1012.90,8.5059,35.3610,0.194827
CTD_P,20250725T104452,1012.86
CTD_P,20250725T114453,1013.34
CTD_PTSH,20250725T114516,1013.30,8.5620,35.3680,0.195036
CTD_P,20250725T114517,1013.27
CTD_P,20250725T124518,1012.40
CTD_PTSH,20250725T124541,1012.40,8.5413,35.3680,0.194748
CTD_P,20250725T124542,1012.41
CTD_P,20250725T134543,1013.05
CTD_PTSH,20250725T134606,1013.00,8.4921,35.3590,0.195020
CTD_P,20250725T134607,1013.04
CTD_P,20250725T144608,1014.99
CTD_PTSH,20250725T144631,1015.00,8.5312,35.3640,0.195035
CTD_P,20250725T144632,1014.97
CTD_P,20250725T154633,1013.77
CTD_PTSH,20250725T154656,1013.80,8.5005,35.3590,0.195040
CTD_P,20250725T154657,1013.79
CTD_P,20250725T164658,1016.18
CTD_PTSH,20250725T164721,1016.10,8.5476,35.3660,0.195005
CTD_P,20250725T164722,1016.02
CTD_P,20250725T174723,1014.98
CTD_PTSH,20250725T174746,1014.90,8.5824,35.3680,0.194955
CTD_P,20250725T174747,1014.89
CTD_P,20250725T184748,1017.51
CTD_PTSH,20250725T184811,1017.60,8.5901,35.3670,0.194914
CTD_P,20250725T184812,1017.55
CTD_P,20250725T194813,1019.24
CTD_PTSH,20250725T194836,1019.10,8.6158,35.3690,0.194877
CTD_P,20250725T194837,1019.13
CTD_P,20250725T204838,1018.96
CTD_PTSH,20250725T204901,1018.90,8.6188,35.3700,0.194845
CTD_P,20250725T204902,1018.93
CTD_P,20250725T214903,1018.28
CTD_PTSH,20250725T214926,1018.30,8.6188,35.3700,0.194826
CTD_P,20250725T214927,1018.36
CTD_P,20250725T224928,1017.92
CTD_PTSH,20250725T224951,1017.90,8.6331,35.3720,0.194799
CTD_P,20250725T224952,1017.89
CTD_P,20250725T234953,1017.67
CTD_PTSH,20250725T235016,1017.70,8.6168,35.3730,0.194866
CTD_P,20250725T235017,1017.70
CTD_P,20250726T005018,1016.61
CTD_PTSH,20250726T005041,1016.60,8.6163,35.3710,0.194812
CTD_P,20250726T005042,1016.61
CTD_P,20250726T015043,1013.41
CTD_PTSH,20250726T015106,1013.40,8.5851,35.3700,0.194862
CTD_P,20250726T015107,1013.33
CTD_P,20250726T025108,1014.51
CTD_PTSH,20250726T025131,1014.50,8.5349,35.3660,0.194923
CTD_P,20250726T025132,1014.49
CTD_P,20250726T035133,1010.78
CTD_PTSH,20250726T035156,1010.80,8.5296,35.3640,0.194893
CTD_P,20250726T035157,1010.78
CTD_P,20250726T045158,1013.77
CTD_PTSH,20250726T045221,1013.80,8.5070,35.3620,0.194928
CTD_P,20250726T045222,1013.83
CTD_P,20250726T055223,1014.62
CTD_PTSH,20250726T055246,1014.60,8.5326,35.3660,0.194882
CTD_P,20250726T055247,1014.61
CTD_P,20250726T065248,1014.76
CTD_PTSH,20250726T065311,1014.80,8.5641,35.3670,0.194877
CTD_P,20250726T065312,1014.76
CTD_P,20250726T075313,1012.65
CTD_PTSH,20250726T075336,1012.70,8.5462,35.3680,0.194819
CTD_P,20250726T075337,1012.75
CTD_P,20250726T085338,1020.19
CTD_PTSH,20250726T085401,1020.20,8.5910,35.3670,0.194816
CTD_P,20250726T085402,1020.27
CTD_P,20250726T095403,1020.02
CTD_PTSH,20250726T095426,1020.00,8.6115,35.3690,0.194778
CTD_P,20250726T095427,1020.00
CTD_P,20250726T105428,1017.83
CTD_PTSH,20250726T105451,1017.80,8.5792,35.3660,0.194794
CTD_P,20250726T105452,1017.77
CTD_P,20250726T115453,1017.38
CTD_PTSH,20250726T115516,1017.30,8.5814,35.3660,0.194748
CTD_P,20250726T115517,1017.28
CTD_P,20250726T125518,1015.45
CTD_PTSH,20250726T125541,1015.40,8.5787,35.3690,0.194761
CTD_P,20250726T125542,1015.45
CTD_P,20250726T135543,1012.83
CTD_PTSH,20250726T135606,1012.80,8.5463,35.3700,0.194812
CTD_P,20250726T135607,1012.80
CTD_P,20250726T145608,1015.33
CTD_PTSH,20250726T145631,1015.20,8.5400,35.3630,0.194814
CTD_P,20250726T145632,1015.23
CTD_P,20250726T155633,1011.38
CTD_PTSH,20250726T155656,1011.30,8.5059,35.3620,0.194811
CTD_P,20250726T155657,1011.27
CTD_P,20250726T165658,1014.80
CTD_PTSH,20250726T165721,1014.80,8.4447,35.3540,0.194881
CTD_P,20250726T165722,1014.83
CTD_P,20250726T175723,1011.06
CTD_PTSH,20250726T175746,1011.10,8.4441,35.3530,0.194824
CTD_P,20250726T175747,1011.11
CTD_P,20250726T185748,1014.35
CTD_PTSH,20250726T185811,1014.30,8.4787,35.3640,0.194758
CTD_P,20250726T185812,1014.34
CTD_P,20250726T195813,1013.96
CTD_PTSH,20250726T195836,1013.90,8.4775,35.3540,0.194852
CTD_P,20250726T195837,1013.93
CTD_P,20250726T205838,1018.49
CTD_PTSH,20250726T205901,1018.40,8.5612,35.3660,0.194744
CTD_P,20250726T205902,1018.40
CTD_P,20250726T215903,1015.94
CTD_PTSH,20250726T215926,1016.00,8.5808,35.3710,0.194675
CTD_P,20250726T215927,1015.97
CTD_P,20250726T225928,1020.94
CTD_PTSH,20250726T225951,1020.90,8.5959,35.3670,0.194597
CTD_P,20250726T225952,1020.91
CTD_P,20250726T235953,1018.45
CTD_PTSH,20250727T000016,1018.40,8.6086,35.3670,0.194649
CTD_P,20250727T000017,1018.36
CTD_P,20250727T010018,1017.77
CTD_PTSH,20250727T010041,1017.80,8.6077,35.3710,0.194598
CTD_P,20250727T010042,1017.86
CTD_P,20250727T020043,1021.19
CTD_PTSH,20250727T020106,1021.10,8.6275,35.3700,0.194587
CTD_P,20250727T020107,1021.06
CTD_P,20250727T030108,1014.09
CTD_PTSH,20250727T030131,1014.10,8.5920,35.3670,0.194605
CTD_P,20250727T030132,1014.04
CTD_P,20250727T040133,1011.21
CTD_PTSH,20250727T040156,1011.20,8.5105,35.3750,0.194725
CTD_P,20250727T040157,1011.26
CTD_P,20250727T050158,1011.63
CTD_PTSH,20250727T050221,1011.60,8.4878,35.3620,0.194694
CTD_P,20250727T050222,1011.55
CTD_P,20250727T060223,1014.24
CTD_PTSH,20250727T060246,1014.20,8.4696,35.3590,0.194699
CTD_P,20250727T060247,1014.20
CTD_P,20250727T070248,1015.79
CTD_PTSH,20250727T070311,1015.80,8.4866,35.3580,0.194684
CTD_P,20250727T070312,1015.82
CTD_P,20250727T080313,1016.26
CTD_PTSH,20250727T080336,1016.30,8.5204,35.3620,0.194606
CTD_P,20250727T080337,1016.32
CTD_P,20250727T090338,1020.03
CTD_PTSH,20250727T090401,1020.00,8.6250,35.3710,0.194553
CTD_P,20250727T090402,1020.01
CTD_P,20250727T100403,1014.96
CTD_PTSH,20250727T100426,1015.00,8.6018,35.3700,0.194508
CTD_P,20250727T100427,1014.95
CTD_P,20250727T110428,1016.03
CTD_PTSH,20250727T110451,1016.00,8.6072,35.3690,0.194532
CTD_P,20250727T110452,1016.00
CTD_P,20250727T120453,1012.93
CTD_PTSH,20250727T120516,1012.80,8.5865,35.3710,0.194549
CTD_P,20250727T120517,1012.78
CTD_P,20250727T130518,1015.72
CTD_PTSH,20250727T130541,1015.70,8.5959,35.3700,0.194494
CTD_P,20250727T130542,1015.73
CTD_P,20250727T140543,1017.16
CTD_PTSH,20250727T140606,1017.20,8.6147,35.3750,0.194454
CTD_P,20250727T140607,1017.25
CTD_P,20250727T150608,1015.95
CTD_PTSH,20250727T150631,1015.90,8.6053,35.3710,0.194465
CTD_P,20250727T150632,1015.90
CTD_P,20250727T160633,1015.64
CTD_PTSH,20250727T160656,1015.60,8.5843,35.3700,0.194505
CTD_P,20250727T160657,1015.64
CTD_P,20250727T170658,1012.51
CTD_PTSH,20250727T170721,1012.40,8.5864,35.3690,0.194471
CTD_P,20250727T170722,1012.37
CTD_P,20250727T180723,1007.89
CTD_PTSH,20250727T180746,1007.80,8.4468,35.3540,0.194592
CTD_P,20250727T180747,1007.85
CTD_P,20250727T190748,1015.03
CTD_PTSH,20250727T190811,1015.00,8.4175,35.3510,0.194659
CTD_P,20250727T190812,1015.03
CTD_P,20250727T200813,1016.35
CTD_PTSH,20250727T200836,1016.30,8.4976,35.3610,0.194524
CTD_P,20250727T200837,1016.31
CTD_P,20250727T210838,1015.84
CTD_PTSH,20250727T210901,1015.80,8.5010,35.3610,0.194459
CTD_P,20250727T210902,1015.77
CTD_P,20250727T220903,1016.32
CTD_PTSH,20250727T220926,1016.30,8.4997,35.3620,0.194502
CTD_P,20250727T220927,1016.33
CTD_P,20250727T230928,1018.54
CTD_PTSH,20250727T230951,1018.50,8.5347,35.3640,0.194423
CTD_P,20250727T230952,1018.45
CTD_P,20250728T000953,1017.83
CTD_PTSH,20250728T001016,1017.80,8.5904,35.3680,0.194413
CTD_P,20250728T001017,1017.76
CTD_P,20250728T011018,1019.36
CTD_PTSH,20250728T011041,1019.40,8.5914,35.3670,0.194310
CTD_P,20250728T011042,1019.46
CTD_P,20250728T021043,1019.44
CTD_PTSH,20250728T021106,1019.30,8.6006,35.3680,0.194300
CTD_P,20250728T021107,1019.32
CTD_P,20250728T031108,1016.54
CTD_PTSH,20250728T031131,1016.50,8.5927,35.3690,0.194344
CTD_P,20250728T031132,1016.48
CTD_P,20250728T041133,1013.57
CTD_PTSH,20250728T041156,1013.60,8.5694,35.3690,0.194356
CTD_P,20250728T041157,1013.56
CTD_P,20250728T051158,1011.81
CTD_PTSH,20250728T051221,1011.80,8.5398,35.3660,0.194378
CTD_P,20250728T051222,1011.85
CTD_P,20250728T061223,1015.31
CTD_PTSH,20250728T061246,1015.30,8.4341,35.3490,0.194439
CTD_P,20250728T061247,1015.29
CTD_P,20250728T071248,1015.48
CTD_PTSH,20250728T071311,1015.50,8.4228,35.3490,0.194425
CTD_P,20250728T071312,1015.48
CTD_P,20250728T081313,1015.38
CTD_PTSH,20250728T081336,1015.40,8.4196,35.3460,0.194452
CTD_P,20250728T081337,1015.38
CTD_P,20250728T091338,1014.64
CTD_PTSH,20250728T091401,1014.70,8.4814,35.3540,0.194315
CTD_P,20250728T091402,1014.71
CTD_P,20250728T101403,1018.43
CTD_PTSH,20250728T101426,1018.40,8.5345,35.3620,0.194343
CTD_P,20250728T101427,1018.41
CTD_P,20250728T111428,1014.81
CTD_PTSH,20250728T111451,1014.70,8.5187,35.3650,0.194282
CTD_P,20250728T111452,1014.75
CTD_P,20250728T121453,1021.43
CTD_PTSH,20250728T121516,1021.40,8.5909,35.3670,0.194221
CTD_P,20250728T121517,1021.34
CTD_P,20250728T131518,1019.70
CTD_PTSH,20250728T131541,1019.80,8.5787,35.3660,0.194195
CTD_P,20250728T131542,1019.80
CTD_P,20250728T141543,1019.63
CTD_PTSH,20250728T141606,1019.60,8.6068,35.3680,0.194194
CTD_P,20250728T141607,1019.55
CTD_P,20250728T151608,1016.83
CTD_PTSH,20250728T151631,1016.80,8.5762,35.3660,0.194146
CTD_P,20250728T151632,1016.81
CTD_P,20250728T161633,1018.43
CTD_PTSH,20250728T161656,1018.30,8.6162,35.3720,0.194103
CTD_P,20250728T161657,1018.31
CTD_P,20250728T171658,1015.69
CTD_PTSH,20250728T171721,1015.60,8.5789,35.3680,0.194139
CTD_P,20250728T171722,1015.61
CTD_P,20250728T181723,1012.42
CTD_PTSH,20250728T181746,1012.30,8.5380,35.3660,0.194135
CTD_P,20250728T181747,1012.35
CTD_P,20250728T191748,1011.44
CTD_PTSH,20250728T191811,1011.40,8.4758,35.3650,0.194208
CTD_P,20250728T191812,1011.39
CTD_P,20250728T201813,1015.43
CTD_PTSH,20250728T201836,1015.50,8.4062,35.3500,0.194188
CTD_P,20250728T201837,1015.46
CTD_P,20250728T211838,1014.75
CTD_PTSH,20250728T211901,1014.80,8.4775,35.3590,0.194156
CTD_P,20250728T211902,1014.77
CTD_P,20250728T221903,1019.18
CTD_PTSH,20250728T221926,1019.20,8.5111,35.3620,0.194098
CTD_P,20250728T221927,1019.14
CTD_P,20250728T231928,1015.08
CTD_PTSH,20250728T231951,1015.00,8.5445,35.3670,0.194006
CTD_P,20250728T231952,1015.01
CTD_P,20250729T001953,1018.55
CTD_PTSH,20250729T002016,1018.60,8.5492,35.3660,0.194048
CTD_P,20250729T002017,1018.55
CTD_P,20250729T012018,1015.76
CTD_PTSH,20250729T012041,1015.80,8.5527,35.3670,0.193980
CTD_P,20250729T012042,1015.76
CTD_P,20250729T022043,1012.89
CTD_PTSH,20250729T022106,1012.90,8.5226,35.3670,0.193984
CTD_P,20250729T022107,1012.88
CTD_P,20250729T032108,1016.51
CTD_PTSH,20250729T032131,1016.50,8.5039,35.3620,0.193944
CTD_P,20250729T032132,1016.57
CTD_P,20250729T042133,1014.42
CTD_PTSH,20250729T042156,1014.30,8.5233,35.3650,0.193847
CTD_P,20250729T042157,1014.32
CTD_P,20250729T052158,1016.58
CTD_PTSH,20250729T052221,1016.60,8.4988,35.3610,0.193835
CTD_P,20250729T052222,1016.65
CTD_P,20250729T062223,1017.81
CTD_PTSH,20250729T062246,1017.70,8.5068,35.3610,0.193836
CTD_P,20250729T062247,1017.74
CTD_P,20250729T072248,1016.02
CTD_PTSH,20250729T072311,1016.10,8.4884,35.3600,0.193661
CTD_P,20250729T072312,1016.09
CTD_P,20250729T082313,1017.23
CTD_PTSH,20250729T082336,1017.10,8.5315,35.3640,0.193459
CTD_P,20250729T082337,1017.10
CTD_P,20250729T092338,1015.13
CTD_PTSH,20250729T092401,1015.10,8.5416,35.3660,0.193216
CTD_P,20250729T092402,1015.10
CTD_P,20250729T102403,1015.56
CTD_PTSH,20250729T102426,1015.60,8.5354,35.3660,0.192907
CTD_P,20250729T102427,1015.55
CTD_P,20250729T112428,1015.48
CTD_PTSH,20250729T112451,1015.50,8.5085,35.3600,0.192400
CTD_P,20250729T112452,1015.52
CTD_P,20250729T122453,1016.68
CTD_PTSH,20250729T122516,1016.60,8.5385,35.3650,0.191606
CTD_P,20250729T122517,1016.63
CTD_P,20250729T132518,1019.76
CTD_PTSH,20250729T132541,1019.70,8.5812,35.3670,0.190400
CTD_P,20250729T132542,1019.66
CTD_P,20250729T142543,1015.42
CTD_PTSH,20250729T142606,1015.30,8.5814,35.3720,0.187324
CTD_P,20250729T142607,1015.34
CTD_P,20250729T152608,1015.38
CTD_PTSH,20250729T152631,1015.40,8.5132,35.3620,0.182088
CTD_P,20250729T152632,1015.40
CTD_P,20250729T162633,1015.28
CTD_PTSH,20250729T162656,1015.10,8.5107,35.3620,0.179779
CTD_P,20250729T162657,1015.09
CTD_P,20250729T172658,1014.84
CTD_PTSH,20250729T172721,1014.90,8.4817,35.3610,0.178678
CTD_P,20250729T172722,1014.93
CTD_P,20250729T182723,1017.05
CTD_PTSH,20250729T182746,1017.10,8.4861,35.3570,0.178131
CTD_P,20250729T182747,1017.15
CTD_P,20250729T192748,1018.35
CTD_PTSH,20250729T192811,1018.30,8.5119,35.3620,0.177603
CTD_P,20250729T192812,1018.27
CTD_P,20250729T202813,1014.44
CTD_PTSH,20250729T202836,1014.40,8.5345,35.3670,0.177562
CTD_P,20250729T202837,1014.35
CTD_P,20250729T212838,1013.06
CTD_PTSH,20250729T212901,1013.10,8.5000,35.3620,0.177509
CTD_P,20250729T212902,1013.13
CTD_P,20250729T222903,1017.35
CTD_PTSH,20250729T222926,1017.30,8.5002,35.3600,0.176783
CTD_P,20250729T222927,1017.30
CTD_P,20250729T223213,1017.21
CTD_PTSH,20250729T223236,1017.20,8.5051,35.3610,0.260192
CTD_P,20250729T223237,1017.16
Message,20250729T223239,Deep Descent Mission
CTD_P,20250729T223242,1017.18
CTD_P,20250729T223345,1018.55
CTD_P,20250729T223447,1023.52
CTD_P,20250729T223549,1030.77
CTD_P,20250729T223554,1031.46
CTD_P,20250729T223556,1031.62
CTD_P,20250729T223656,1039.64
CTD_P,20250729T224159,1079.25
CTD_P,20250729T224702,1117.69
CTD_P,20250729T225205,1155.85
CTD_P,20250729T225708,1192.40
CTD_P,20250729T230211,1228.08
CTD_P,20250729T230714,1262.93
CTD_P,20250729T231217,1296.06
CTD_P,20250729T231720,1327.64
CTD_P,20250729T232223,1359.45
CTD_P,20250729T232726,1390.35
CTD_P,20250729T233229,1420.45
CTD_P,20250729T233732,1449.85
CTD_P,20250729T234235,1478.25
CTD_P,20250729T234738,1507.00
CTD_P,20250729T235241,1534.88
CTD_P,20250729T235744,1562.51
CTD_P,20250730T000247,1588.95
CTD_P,20250730T000750,1613.97
CTD_P,20250730T001253,1637.56
CTD_P,20250730T001756,1659.34
CTD_P,20250730T002259,1679.51
CTD_P,20250730T002802,1699.02
CTD_P,20250730T003305,1718.95
CTD_P,20250730T003808,1739.44
CTD_P,20250730T004311,1760.11
CTD_P,20250730T004814,1780.81
CTD_P,20250730T005317,1801.20
CTD_P,20250730T005820,1820.71
CTD_P,20250730T010323,1839.08
CTD_P,20250730T010826,1855.73
CTD_P,20250730T011329,1870.83
CTD_P,20250730T011832,1884.51
CTD_P,20250730T012335,1897.18
CTD_P,20250730T012838,1909.42
CTD_P,20250730T013341,1921.43
CTD_P,20250730T013844,1933.15
CTD_P,20250730T014347,1944.36
CTD_P,20250730T014850,1955.17
CTD_P,20250730T015353,1965.67
CTD_P,20250730T015856,1975.32
CTD_P,20250730T020359,1984.10
CTD_P,20250730T020902,1991.73
CTD_P,20250730T021405,1998.20
CTD_P,20250730T021706,2001.72
Message,20250730T021709,ASCENT
CTD_P,20250730T021712,2001.82
CTD_P,20250730T021736,2002.23
CTD_P,20250730T021806,2002.10
CTD_P,20250730T021834,2000.89
CTD_P,20250730T021847,1999.95
CTD_P,20250730T021849,1999.87
Message,20250730T021850,CP Started
CTD_P,20250730T021925,1996.43
NO3,20250730T021935,42.22
O2,20250730T021941,99.52384,23.74431,3.11287,48.66773,50.03373,57.79950,7.76577,1041.48303,865.32202,751.90240
FLBB,20250730T021944,56,108,568
CTD_P,20250730T021945,1994.39
CTD_P,20250730T021949,1993.95
CTD_P,20250730T021951,1993.71
CTD_P,20250730T022051,1987.49
CTD_P,20250730T022553,1956.57
CTD_P,20250730T023055,1926.90
CTD_P,20250730T023531,1901.38
CTD_P,20250730T023548,1899.89
NO3,20250730T023558,42.23
O2,20250730T023604,93.58926,22.48971,3.38288,49.10844,50.47444,58.29883,7.82439,1049.96497,864.40588,744.04749
FLBB,20250730T023607,55,111,567
CTD_P,20250730T023608,1898.07
CTD_P,20250730T024110,1871.89
CTD_P,20250730T024612,1847.07
CTD_P,20250730T025114,1823.46
CTD_P,20250730T025616,1800.31
CTD_P,20250730T025624,1799.72
NO3,20250730T025634,42.72
O2,20250730T025640,83.89713,20.34722,3.73041,49.91418,51.28018,59.10876,7.82858,1065.36902,862.35107,733.90002
FLBB,20250730T025643,56,110,567
CTD_P,20250730T025644,1798.23
CTD_P,20250730T030118,1777.53
CTD_P,20250730T030202,1773.94
CTD_P,20250730T030304,1768.00
CTD_P,20250730T030806,1739.20
CTD_P,20250730T031308,1711.67
CTD_P,20250730T031519,1700.26
CTD_P,20250730T031523,1699.86
NO3,20250730T031533,42.46
O2,20250730T031539,70.42461,17.30335,4.22491,51.13587,52.50187,60.33136,7.82949,1087.27905,858.99213,719.38867
FLBB,20250730T031542,55,109,566
CTD_P,20250730T031543,1698.18
CTD_P,20250730T031810,1685.78
CTD_P,20250730T032312,1661.44
CTD_P,20250730T032814,1638.50
CTD_P,20250730T033316,1616.36
CTD_P,20250730T033702,1599.94
NO3,20250730T033712,42.59
O2,20250730T033718,57.87753,14.41468,4.74539,52.38018,53.74618,61.57864,7.83247,1108.74194,855.24768,704.02448
FLBB,20250730T033721,57,112,565
CTD_P,20250730T033722,1598.49
CTD_P,20250730T033818,1594.52
CTD_P,20250730T033903,1591.02
CTD_P,20250730T034005,1585.33
CTD_P,20250730T034507,1557.51
CTD_P,20250730T035009,1529.71
CTD_P,20250730T035511,1502.56
CTD_P,20250730T035542,1499.77
NO3,20250730T035552,42.40
O2,20250730T035558,45.48475,11.49583,5.31488,53.73562,55.10162,62.93611,7.83449,1130.90601,851.17169,687.10822
FLBB,20250730T035601,57,114,564
CTD_P,20250730T035602,1498.01
CTD_P,20250730T040013,1476.32
CTD_P,20250730T040515,1451.61
CTD_P,20250730T041017,1428.93
CTD_P,20250730T041519,1407.72
CTD_P,20250730T041711,1400.00
NO3,20250730T041721,42.21
O2,20250730T041727,35.37012,9.07898,5.92175,54.93018,56.29618,64.12862,7.83244,1149.18506,846.70367,668.96307
FLBB,20250730T041730,56,111,563
CTD_P,20250730T041731,1398.64
CTD_P,20250730T042021,1387.38
CTD_P,20250730T042103,1384.58
CTD_P,20250730T042205,1379.54
CTD_P,20250730T042707,1354.30
CTD_P,20250730T043209,1329.28
CTD_P,20250730T043711,1304.43
CTD_P,20250730T043807,1299.88
NO3,20250730T043817,41.61
O2,20250730T043823,25.77855,6.73118,6.60030,56.17084,57.53684,65.36464,7.82780,1167.12500,841.56708,648.53271
FLBB,20250730T043826,57,117,562
CTD_P,20250730T043827,1298.25
CTD_P,20250730T044213,1280.21
CTD_P,20250730T044715,1257.50
CTD_P,20250730T045217,1236.89
CTD_P,20250730T045259,1233.89
CTD_P,20250730T045401,1228.63
CTD_P,20250730T045903,1203.60
CTD_P,20250730T045949,1199.87
NO3,20250730T045959,41.15
O2,20250730T050005,19.24870,5.09523,7.14771,57.08735,58.45335,66.27919,7.82584,1179.87598,837.19373,631.94409
FLBB,20250730T050008,59,111,562
CTD_P,20250730T050009,1198.28
CTD_P,20250730T050405,1179.81
CTD_P,20250730T050907,1156.83
CTD_P,20250730T051409,1133.86
CTD_P,20250730T051451,1130.38
CTD_P,20250730T051553,1124.49
CTD_P,20250730T052013,1099.33
NO3,20250730T052023,40.17
O2,20250730T052029,12.13334,3.27132,7.89307,58.16253,59.52853,67.35939,7.83086,1194.48596,831.61603,609.20752
FLBB,20250730T052032,57,113,560
CTD_P,20250730T052033,1097.34
CTD_P,20250730T052055,1095.21
CTD_P,20250730T052557,1065.75
CTD_P,20250730T053059,1037.01
CTD_P,20250730T053601,1009.35
CTD_P,20250730T053746,1000.09
CTD_P,20250730T053750,999.74
NO3,20250730T053800,39.14
O2,20250730T053806,6.11408,1.67618,8.57873,59.16587,60.53187,68.36212,7.83025,1207.88306,826.12659,588.14520
FLBB,20250730T053809,57,118,559
CTD_P,20250730T053810,998.01
CTD_P,20250730T054103,983.19
CTD_P,20250730T054605,958.76
CTD_P,20250730T054757,950.03
CTD_P,20250730T054801,949.73
NO3,20250730T054811,38.41
O2,20250730T054816,5.08735,1.40504,8.88474,59.32811,60.69411,68.52481,7.83070,1209.70105,823.85907,578.70099
FLBB,20250730T054820,56,116,559
CTD_P,20250730T054821,948.23
CTD_P,20250730T055107,935.77
CTD_P,20250730T055609,913.98
CTD_P,20250730T055925,900.25
CTD_P,20250730T055929,900.00
NO3,20250730T055939,38.09
O2,20250730T055944,3.48459,0.97041,9.23100,59.60512,60.97112,68.80064,7.82952,1212.77795,821.23950,567.98260
FLBB,20250730T055948,56,123,558
CTD_P,20250730T055949,898.60
CTD_P,20250730T060111,892.89
CTD_P,20250730T060153,889.74
CTD_P,20250730T060255,884.16
CTD_P,20250730T060757,856.99
CTD_P,20250730T060917,849.91
NO3,20250730T060927,37.07
O2,20250730T060932,2.33082,0.65614,9.68384,59.79493,61.16093,68.99614,7.83521,1214.03003,817.78638,553.91492
FLBB,20250730T060936,56,115,558
CTD_P,20250730T060937,848.16
CTD_P,20250730T061259,830.60
CTD_P,20250730T061801,805.09
CTD_P,20250730T061905,799.73
NO3,20250730T061915,35.40
O2,20250730T061920,2.13439,0.60731,10.13742,59.79739,61.16339,69.00630,7.84291,1212.62695,813.85712,539.76898
FLBB,20250730T061924,55,114,557
CTD_P,20250730T061925,798.09
CTD_P,20250730T062303,780.38
CTD_P,20250730T062805,757.18
CTD_P,20250730T062941,750.27
CTD_P,20250730T062945,749.97
NO3,20250730T062955,34.98
O2,20250730T063000,1.99182,0.57107,10.46126,59.80043,61.16643,69.01292,7.84650,1212.08997,811.55408,529.63672
FLBB,20250730T063004,57,117,556
CTD_P,20250730T063005,748.61
CTD_P,20250730T063307,736.58
CTD_P,20250730T063809,718.04
CTD_P,20250730T063851,715.27
CTD_P,20250730T063953,710.20
CTD_P,20250730T064201,699.75
NO3,20250730T064211,33.28
O2,20250730T064216,1.54095,0.44578,10.84624,59.86436,61.23036,69.08601,7.85565,1211.80005,808.16937,517.55670
FLBB,20250730T064220,55,109,556
CTD_P,20250730T064221,698.10
CTD_P,20250730T064455,685.66
CTD_P,20250730T064958,661.71
CTD_P,20250730T065230,649.74
NO3,20250730T065240,31.54
O2,20250730T065245,1.30059,0.38026,11.30407,59.88047,61.24648,69.11188,7.86540,1210.82605,804.53461,503.14340
FLBB,20250730T065249,55,112,555
CTD_P,20250730T065250,648.20
CTD_P,20250730T065501,638.24
CTD_P,20250730T070004,616.29
CTD_P,20250730T070045,613.20
CTD_P,20250730T070148,607.59
CTD_P,20250730T070317,599.70
NO3,20250730T070327,29.50
O2,20250730T070332,1.20228,0.35615,11.87555,59.85864,61.22464,69.10002,7.87538,1208.80701,799.89319,485.08331
FLBB,20250730T070336,56,117,554
CTD_P,20250730T070337,597.96
CTD_P,20250730T070651,581.75
CTD_P,20250730T071154,557.88
CTD_P,20250730T071338,549.84
NO3,20250730T071348,28.06
O2,20250730T071353,1.13405,0.33987,12.38689,59.83537,61.20137,69.08910,7.88773,1206.87805,795.36792,468.86200
FLBB,20250730T071357,57,119,554
CTD_P,20250730T071358,548.30
CTD_P,20250730T071657,534.42
CTD_P,20250730T072200,510.67
CTD_P,20250730T072241,507.21
CTD_P,20250730T072343,501.09
CTD_P,20250730T072358,499.62
NO3,20250730T072408,27.28
O2,20250730T072413,1.09052,0.33000,12.81720,59.81304,61.17904,69.07487,7.89584,1205.54797,791.81152,455.16849
FLBB,20250730T072417,56,119,553
CTD_P,20250730T072418,497.60
CTD_P,20250730T072846,470.94
CTD_P,20250730T073220,450.33
CTD_P,20250730T073224,449.93
NO3,20250730T073234,25.99
O2,20250730T073239,1.02964,0.31446,13.22870,59.79637,61.16237,69.06310,7.90073,1204.16296,788.30267,442.03851
FLBB,20250730T073243,54,127,552
CTD_P,20250730T073244,448.09
CTD_P,20250730T073349,442.13
CTD_P,20250730T073852,415.99
CTD_P,20250730T074201,400.78
CTD_P,20250730T074214,399.77
NO3,20250730T074224,24.74
O2,20250730T074229,0.99102,0.30569,13.67670,59.77216,61.13816,69.04877,7.91061,1202.82300,784.66827,427.70770
FLBB,20250730T074233,57,142,551
CTD_P,20250730T074234,398.19
CTD_P,20250730T074355,391.84
CTD_P,20250730T074858,369.17
CTD_P,20250730T075318,350.80
CTD_P,20250730T075333,349.82
NO3,20250730T075343,23.24
O2,20250730T075348,0.98481,0.30967,14.55178,59.70882,61.07482,69.01091,7.93609,1199.30603,777.35437,399.61349
FLBB,20250730T075352,58,156,550
CTD_P,20250730T075353,348.48
CTD_P,20250730T075401,347.92
CTD_P,20250730T075439,345.18
CTD_P,20250730T075541,339.76
CTD_P,20250730T080044,313.03
CTD_P,20250730T080315,299.93
NO3,20250730T080325,22.19
O2,20250730T080330,0.91748,0.29439,15.48639,59.65631,61.02232,68.97244,7.95013,1195.37695,769.74310,369.47729
FLBB,20250730T080334,54,134,549
CTD_P,20250730T080335,298.20
CTD_P,20250730T080546,287.39
CTD_P,20250730T081049,265.01
CTD_P,20250730T081416,250.77
CTD_P,20250730T081431,249.76
NO3,20250730T081441,21.69
O2,20250730T081446,1.91162,0.63376,17.02999,59.28128,60.64729,68.62334,7.97605,1184.25195,755.68341,319.46841
FLBB,20250730T081450,57,114,547
CTD_P,20250730T081451,248.36
CTD_P,20250730T081551,244.16
CTD_P,20250730T082054,225.43
CTD_P,20250730T082135,223.17
CTD_P,20250730T082237,218.72
CTD_P,20250730T082317,215.52
CTD_P,20250730T082419,209.73
CTD_P,20250730T082606,199.91
NO3,20250730T082616,20.94
O2,20250730T082621,15.32676,5.31463,19.21659,55.60867,56.97467,64.97446,7.99979,1122.25000,735.07672,248.31140
FLBB,20250730T082625,55,114,544
CTD_P,20250730T082626,198.07
CTD_P,20250730T082922,182.87
CTD_P,20250730T083425,164.00
CTD_P,20250730T083812,155.24
CTD_P,20250730T083928,153.02
CTD_P,20250730T084115,150.80
CTD_P,20250730T084156,150.01
CTD_P,20250730T084200,149.94
NO3,20250730T084210,22.87
O2,20250730T084215,1.44844,0.50688,19.67280,59.19368,60.55968,68.57552,8.01583,1169.22998,727.33099,233.44389
FLBB,20250730T084219,53,110,542
CTD_P,20250730T084220,149.56
CTD_P,20250730T084430,148.04
CTD_P,20250730T084508,147.55
CTD_P,20250730T084610,144.90
CTD_P,20250730T084649,142.78
CTD_P,20250730T084751,138.44
CTD_P,20250730T084831,135.44
CTD_P,20250730T084933,130.20
CTD_P,20250730T085435,108.21
CTD_P,20250730T085630,102.18
CTD_P,20250730T085715,100.00
NO3,20250730T085725,17.87
O2,20250730T085730,93.24644,34.82994,23.01338,40.77298,42.13898,50.18042,8.04144,834.34882,695.34302,124.74650
FLBB,20250730T085733,53,137,539
CTD_P,20250730T085735,99.04
CTD_P,20250730T085937,93.19
CTD_P,20250730T090046,89.98
NO3,20250730T090056,13.66
O2,20250730T090101,132.75900,50.15851,23.61652,36.33609,37.70210,45.74965,8.04755,733.12207,688.11133,105.20630
FLBB,20250730T090105,58,122,538
CTD_P,20250730T090106,88.99
CTD_P,20250730T090422,80.04
CTD_P,20250730T090426,79.89
NO3,20250730T090436,11.17
O2,20250730T090441,154.56900,58.46359,23.67547,34.47097,35.83698,43.88448,8.04750,689.62622,685.41241,103.29860
FLBB,20250730T090445,57,126,537
CTD_P,20250730T090446,79.13
CTD_P,20250730T090527,77.24
CTD_P,20250730T090629,73.27
CTD_P,20250730T090709,70.37
CTD_P,20250730T090717,69.69
NO3,20250730T090727,9.71
O2,20250730T090732,168.97279,64.08170,23.81672,33.33588,34.70188,42.75040,8.04852,662.47748,684.17157,98.72915
FLBB,20250730T090735,58,132,536
CTD_P,20250730T090737,67.91
CTD_P,20250730T090811,64.88
CTD_P,20250730T090909,59.89
NO3,20250730T090919,9.61
O2,20250730T090924,164.08859,62.50762,24.05448,33.58894,34.95494,43.00363,8.04869,668.22058,682.37878,91.04348
FLBB,20250730T090927,82,150,536
CTD_P,20250730T090929,58.13
CTD_P,20250730T091105,50.26
CTD_P,20250730T091109,50.01
CTD_P,20250730T091113,49.76
NO3,20250730T091122,8.15
O2,20250730T091128,183.24420,71.45556,25.31394,31.74752,33.11352,41.16559,8.05207,622.62762,677.30603,50.46101
FLBB,20250730T091131,225,222,535
CTD_P,20250730T091133,48.77
CTD_P,20250730T091137,48.62
NO3,20250730T091147,6.30
O2,20250730T091152,197.22639,77.44343,25.69233,30.73031,32.09631,40.15369,8.05737,596.95801,673.51532,38.31694
FLBB,20250730T091155,230,216,535
CTD_P,20250730T091157,48.15
CTD_P,20250730T091201,48.13
CTD_P,20250730T091205,48.09
CTD_P,20250730T091209,48.08
CTD_P,20250730T091213,48.05
CTD_P,20250730T091217,48.02
CTD_P,20250730T091221,47.99
NO3,20250730T091231,4.97
O2,20250730T091236,211.81030,83.53139,25.92974,29.81014,31.17614,39.23497,8.05883,573.80768,668.47430,30.70994
FLBB,20250730T091239,377,239,535
CTD_P,20250730T091241,47.88
CTD_P,20250730T091303,47.80
CTD_P,20250730T091313,47.73
CTD_P,20250730T091325,47.55
CTD_P,20250730T091334,47.43
CTD_P,20250730T091342,47.34
CTD_P,20250730T091350,47.14
CTD_P,20250730T091354,47.00
NO3,20250730T091404,4.08
O2,20250730T091409,216.19400,85.44701,26.04993,29.52873,30.89473,38.96223,8.06750,566.52582,664.97498,26.86298
FLBB,20250730T091413,268,216,535
CTD_P,20250730T091414,46.34
CTD_P,20250730T091422,46.14
CTD_P,20250730T091431,45.93
NO3,20250730T091441,3.61
O2,20250730T091446,217.68919,86.06861,26.06948,29.44248,30.80848,38.87801,8.06953,564.39618,664.41278,26.23729
FLBB,20250730T091449,217,229,534
CTD_P,20250730T091451,45.35
CTD_P,20250730T091509,45.04
CTD_P,20250730T091513,45.03
CTD_P,20250730T091517,44.99
NO3,20250730T091527,3.03
O2,20250730T091532,219.09430,86.70216,26.11897,29.35009,30.71609,38.78392,8.06783,562.03748,663.74628,24.65399
FLBB,20250730T091535,225,252,534
CTD_P,20250730T091537,45.08
CTD_P,20250730T091618,45.75
CTD_P,20250730T091642,46.20
CTD_P,20250730T091712,46.81
CTD_P,20250730T091750,46.95
CTD_P,20250730T091815,46.68
CTD_P,20250730T091851,45.91
CTD_P,20250730T092046,45.93
CTD_P,20250730T092113,46.35
CTD_P,20250730T092145,46.43
CTD_P,20250730T092218,46.23
CTD_P,20250730T092248,46.12
CTD_P,20250730T092317,46.22
CTD_P,20250730T092347,46.43
CTD_P,20250730T092356,46.35
CTD_P,20250730T092420,45.90
CTD_P,20250730T092446,44.87
CTD_P,20250730T092458,44.31
CTD_P,20250730T092510,43.58
NO3,20250730T092520,0.65
O2,20250730T092525,238.11250,94.99854,26.56819,28.24411,29.61011,37.67462,8.06451,534.37848,658.95410,10.30457
FLBB,20250730T092528,236,223,532
CTD_P,20250730T092530,42.33
CTD_P,20250730T092533,42.12
NO3,20250730T092542,0.55
O2,20250730T092548,239.52010,95.57928,26.57928,28.17464,29.54064,37.60457,8.06393,532.49011,658.71808,9.95101
FLBB,20250730T092551,465,273,532
CTD_P,20250730T092553,40.60
CTD_P,20250730T092555,40.39
NO3,20250730T092604,0.46
O2,20250730T092610,240.66280,96.04932,26.58739,28.11896,29.48495,37.54982,8.06487,531.11407,658.56238,9.69206
FLBB,20250730T092613,356,258,532
CTD_P,20250730T092615,38.67
CTD_P,20250730T092617,38.51
CTD_P,20250730T092621,38.18
NO3,20250730T092630,0.56
O2,20250730T092636,241.47270,96.37913,26.59114,28.08043,29.44643,37.51011,8.06368,530.19342,658.46918,9.57247
FLBB,20250730T092639,402,347,531
CTD_P,20250730T092641,36.44
CTD_P,20250730T092645,36.09
NO3,20250730T092654,0.38
O2,20250730T092700,241.85960,96.54036,26.59505,28.06129,29.42729,37.49127,8.06398,529.67828,658.41553,9.44787
FLBB,20250730T092703,409,305,532
CTD_P,20250730T092705,34.53
CTD_P,20250730T092709,34.17
NO3,20250730T092718,0.18
O2,20250730T092724,242.14690,96.65226,26.59349,28.04877,29.41476,37.47890,8.06414,529.30737,658.35028,9.49773
FLBB,20250730T092727,363,325,531
CTD_P,20250730T092729,32.54
CTD_P,20250730T092733,32.19
NO3,20250730T092742,0.30
O2,20250730T092748,242.42790,96.76685,26.59487,28.03545,29.40145,37.46581,8.06435,528.94531,658.32739,9.45367
FLBB,20250730T092751,346,261,531
CTD_P,20250730T092753,30.39
CTD_P,20250730T092757,30.08
NO3,20250730T092806,0.38
O2,20250730T092812,242.53940,96.80824,26.59307,28.03104,29.39704,37.46001,8.06297,528.82672,658.31787,9.51110
FLBB,20250730T092815,438,302,531
CTD_P,20250730T092817,28.41
CTD_P,20250730T092821,27.99
NO3,20250730T092830,0.66
O2,20250730T092836,243.04671,97.02517,26.60133,28.00494,29.37094,37.43385,8.06291,528.17798,658.30811,9.24773
FLBB,20250730T092839,338,278,531
CTD_P,20250730T092841,26.27
CTD_P,20250730T092845,25.93
NO3,20250730T092855,0.83
O2,20250730T092900,243.58070,97.24503,26.60513,27.97935,29.34534,37.40651,8.06116,527.51703,658.29291,9.12647
FLBB,20250730T092903,593,290,531
CTD_P,20250730T092905,24.30
CTD_P,20250730T092909,23.97
NO3,20250730T092918,-0.13
O2,20250730T092924,244.18700,97.51223,26.61940,27.94670,29.31270,37.37383,8.06113,526.60669,658.23077,8.67122
FLBB,20250730T092927,444,285,531
CTD_P,20250730T092929,22.38
CTD_P,20250730T092933,22.04
NO3,20250730T092942,0.48
O2,20250730T092948,245.08791,97.87503,26.62111,27.90555,29.27155,37.33253,8.06099,525.55127,658.17328,8.61663
FLBB,20250730T092951,404,252,531
CTD_P,20250730T092953,20.40
CTD_P,20250730T092957,20.05
NO3,20250730T093006,0.08
O2,20250730T093012,245.36391,97.97906,26.61765,27.89445,29.26044,37.32108,8.06063,525.28882,658.15723,8.72708
FLBB,20250730T093015,418,291,531
CTD_P,20250730T093017,18.33
CTD_P,20250730T093021,17.99
NO3,20250730T093030,0.03
O2,20250730T093036,245.31731,97.95966,26.61719,27.89670,29.26270,37.32368,8.06098,525.33728,658.18311,8.74183
FLBB,20250730T093039,302,390,530
CTD_P,20250730T093041,16.21
CTD_P,20250730T093045,15.80
NO3,20250730T093054,0.37
O2,20250730T093100,245.50880,98.03687,26.61762,27.88797,29.25397,37.31667,8.06271,525.18250,658.22693,8.72806
FLBB,20250730T093103,370,308,531
CTD_P,20250730T093105,13.93
CTD_P,20250730T093109,13.61
NO3,20250730T093118,-0.03
O2,20250730T093124,245.61861,98.07754,26.61583,27.88371,29.24971,37.31109,8.06138,525.03229,658.21393,8.78520
FLBB,20250730T093127,368,260,530
CTD_P,20250730T093129,12.02
CTD_P,20250730T093133,11.88
NO3,20250730T093142,0.49
O2,20250730T093148,246.07170,98.29681,26.63742,27.85552,29.22152,37.28130,8.05978,524.30658,658.24292,8.09667
FLBB,20250730T093151,522,288,530
CTD_P,20250730T093153,10.68
CTD_P,20250730T093157,10.43
NO3,20250730T093206,0.17
O2,20250730T093212,246.58591,98.50399,26.63844,27.83223,29.19823,37.25887,8.06064,523.78662,658.22699,8.06421
FLBB,20250730T093215,454,313,530
CTD_P,20250730T093217,9.62
CTD_P,20250730T093221,9.40
NO3,20250730T093230,0.22
O2,20250730T093236,246.82410,98.60704,26.64284,27.82001,29.18601,37.24606,8.06005,523.35602,658.19629,7.92377
FLBB,20250730T093239,330,259,530
CTD_P,20250730T093241,8.87
CTD_P,20250730T093245,8.72
NO3,20250730T093254,-0.00
O2,20250730T093300,246.51131,98.47967,26.64151,27.83442,29.20042,37.25980,8.05938,523.73401,658.20422,7.96636
FLBB,20250730T093303,260,408,530
CTD_P,20250730T093305,8.51
CTD_P,20250730T093313,8.50
CTD_P,20250730T093324,8.35
CTD_P,20250730T093338,8.47
CTD_P,20250730T093352,8.83
CTD_P,20250730T093406,9.22
CTD_P,20250730T093420,9.58
CTD_P,20250730T093434,9.91
CTD_P,20250730T093448,10.24
CTD_P,20250730T093502,10.42
CTD_P,20250730T093516,10.58
CTD_P,20250730T093530,10.34
CTD_P,20250730T093544,9.94
CTD_P,20250730T093558,9.49
CTD_P,20250730T093612,9.18
CTD_P,20250730T093626,8.99
CTD_P,20250730T093640,8.76
CTD_P,20250730T093652,8.53
CTD_P,20250730T093706,8.13
CTD_P,20250730T093715,7.82
NO3,20250730T093724,-0.17
O2,20250730T093730,247.36060,98.81160,26.63739,27.79820,29.16420,37.22211,8.05791,522.97552,658.15167,8.09755
FLBB,20250730T093733,259,282,530
CTD_P,20250730T093735,7.08
CTD_P,20250730T093739,6.96
NO3,20250730T093748,-0.29
O2,20250730T093754,247.18089,98.74146,26.63830,27.80584,29.17184,37.22988,8.05804,523.00818,658.17218,8.06874
FLBB,20250730T093757,291,283,530
CTD_P,20250730T093759,6.16
CTD_P,20250730T093807,5.97
NO3,20250730T093816,-0.04
O2,20250730T093822,247.00830,98.66117,26.63192,27.81584,29.18184,37.23966,8.05782,523.23907,658.27478,8.27212
FLBB,20250730T093825,246,261,530
CTD_P,20250730T093827,5.22
CTD_P,20250730T093841,4.76
CTD_P,20250730T093855,4.24
CTD_P,20250730T093904,4.06
CTD_P,20250730T093908,3.94
Message,20250730T093912,CP Stopped
CTD_P,20250730T093922,3.81
Message,20250730T093924,Surface Mission
CTD_P,20250730T093927,3.65
CTD_P,20250730T093928,3.67
O2,20250730T093932,247.60390,98.90565,26.63562,27.78807,29.15407,37.20969,8.05563,522.64758,658.26990,8.15410
CTD_P,20250730T093933,3.59
O2,20250730T093946,247.55969,98.88299,26.63280,27.79106,29.15706,37.20301,8.04595,522.60083,654.22498,8.24389
CTD_P,20250730T093947,3.35
O2,20250730T094001,247.53810,98.87255,26.63181,27.79238,29.15838,37.20365,8.04527,522.66821,654.12622,8.27546
CTD_P,20250730T094003,2.99
O2,20250730T094016,247.59280,98.90404,26.63722,27.78798,29.15398,37.20768,8.05370,522.56348,657.89508,8.10316
CTD_P,20250730T094017,2.46
O2,20250730T094031,247.57410,98.89350,26.63550,27.78943,29.15543,37.20127,8.04584,522.46057,654.21362,8.15784
CTD_P,20250730T094033,1.94
O2,20250730T094046,247.48019,98.86106,26.63833,27.79255,29.15855,37.20304,8.04449,522.47333,654.08441,8.06756
CTD_P,20250730T094047,1.40
O2,20250730T094101,247.42920,98.83717,26.63635,27.79554,29.16154,37.20515,8.04362,522.55981,654.10492,8.13070
CTD_P,20250730T094102,1.04
O2,20250730T094117,247.68260,98.94524,26.64021,27.78290,29.14890,37.18995,8.04105,522.22388,654.16211,8.00776
CTD_P,20250730T094118,0.56
O2,20250730T094131,247.06950,98.70085,26.64051,27.80997,29.17597,37.21982,8.04385,522.98022,654.16382,7.99822
CTD_P,20250730T094132,-0.10
O2,20250730T094146,246.85950,98.60388,26.63316,27.82200,29.18800,37.23813,8.05013,523.25391,658.01300,8.23249
CTD_P,20250730T094148,0.05
CTD_P,20250730T094526,-0.21
O2,20250730T094530,244.37570,97.28737,26.44897,28.00111,29.36711,37.44437,8.07726,527.57507,659.23279,14.10915
CTD_P,20250730T094531,-0.23
O2,20250730T094544,245.68961,97.64345,26.35461,27.97690,29.34290,37.40083,8.05793,527.03198,655.70050,17.12223
CTD_P,20250730T094545,-0.09
O2,20250730T094559,243.85240,97.28939,26.56867,27.98051,29.34651,37.40182,8.05530,527.31531,655.41028,10.28923
CTD_P,20250730T094601,0.03
O2,20250730T094614,246.18370,97.90562,26.39171,27.94105,29.30705,37.35873,8.05168,526.10840,655.30157,15.93744
CTD_P,20250730T094615,-0.13
O2,20250730T094629,244.78230,97.26228,26.34294,28.02202,29.38802,37.43873,8.05070,528.07800,655.58350,17.49497
CTD_P,20250730T094631,-0.03
O2,20250730T094644,244.68320,97.36773,26.42512,27.99606,29.36206,37.41310,8.05104,527.39758,655.85492,14.87046
CTD_P,20250730T094645,-0.32
O2,20250730T094659,244.08430,97.12789,26.42426,28.02341,29.38941,37.44289,8.05347,528.24182,659.58838,14.89790
CTD_P,20250730T094700,-0.32
O2,20250730T094715,245.23920,97.62936,26.44797,27.96260,29.32860,37.37621,8.04761,526.60632,656.19373,14.14102
CTD_P,20250730T094716,-0.12
O2,20250730T094729,244.48770,97.37536,26.47360,27.98695,29.35295,37.40466,8.05170,527.23633,659.87610,13.32296
CTD_P,20250730T094730,-0.28
O2,20250730T094744,243.34930,96.99672,26.51624,28.02266,29.38866,37.43493,8.04627,528.09918,656.53412,11.96222
CTD_P,20250730T094746,-0.30
CTD_P,20250730T094747,0.07
CTD_P,20250730T094813,-0.06
CTD_bins,20250730T095212,26399,1001,1999.290
CTD_CP_H,20250730T095231,4.37,26.6281,36.3817,41,0.264445,21
CTD_CP_H,20250730T095232,6.04,26.6299,36.3815,55,0.264565,27
CTD_CP_H,20250730T095232,8.39,26.6355,36.3815,152,0.265109,77
CTD_CP_H,20250730T095232,9.84,26.6388,36.3817,197,0.265198,98
CTD_CP_H,20250730T095232,11.95,26.6239,36.3813,32,0.265820,16
CTD_CP_H,20250730T095232,13.99,26.6151,36.3818,22,0.265926,11
CTD_CP_H,20250730T095232,16.02,26.6170,36.3817,22,0.266018,11
CTD_CP_H,20250730T095232,18.04,26.6168,36.3820,22,0.266105,11
CTD_CP_H,20250730T095232,20.01,26.6235,36.3816,24,0.266206,12
CTD_CP_H,20250730T095232,21.99,26.6267,36.3815,24,0.266307,12
CTD_CP_H,20250730T095232,23.97,26.6157,36.3820,25,0.266414,12
CTD_CP_H,20250730T095232,25.99,26.6087,36.3821,24,0.266526,12
CTD_CP_H,20250730T095232,28.02,26.6041,36.3821,23,0.266629,12
CTD_CP_H,20250730T095232,30.01,26.5991,36.3828,24,0.266748,12
CTD_CP_H,20250730T095233,32.05,26.6009,36.3825,22,0.266859,11
CTD_CP_H,20250730T095233,34.00,26.5999,36.3825,25,0.266971,12
CTD_CP_H,20250730T095233,35.98,26.5990,36.3829,24,0.267086,12
CTD_CP_H,20250730T095233,38.03,26.5990,36.3829,24,0.267206,12
CTD_CP_H,20250730T095233,40.01,26.5974,36.3827,22,0.267323,11
CTD_CP_H,20250730T095233,42.04,26.5908,36.3832,29,0.267454,15
CTD_CP_H,20250730T095233,44.21,26.5094,36.3834,43,0.268329,22
CTD_CP_H,20250730T095233,46.01,26.2857,36.3858,639,0.269742,318
CTD_CP_H,20250730T095233,47.89,25.9671,36.3782,151,0.272571,76
CTD_CP_H,20250730T095233,49.92,25.0964,36.3636,31,0.273189,16
CTD_CP_H,20250730T095233,51.97,24.2364,36.3624,24,0.273338,12
CTD_CP_H,20250730T095233,53.95,24.1120,36.3621,24,0.273459,12
CTD_CP_H,20250730T095233,56.01,24.0895,36.3655,25,0.273584,12
CTD_CP_H,20250730T095233,57.97,24.0736,36.3781,23,0.273718,12
CTD_CP_H,20250730T095234,60.02,24.0463,36.3849,24,0.273850,12
CTD_CP_H,20250730T095234,62.00,23.9915,36.3847,23,0.273974,11
CTD_CP_H,20250730T095234,64.00,23.9527,36.4092,23,0.274101,12
CTD_CP_H,20250730T095234,66.00,23.8745,36.4091,22,0.274231,11
CTD_CP_H,20250730T095234,67.99,23.8419,36.4085,23,0.274361,11
CTD_CP_H,20250730T095234,70.05,23.8054,36.4129,24,0.274496,12
CTD_CP_H,20250730T095234,72.03,23.8008,36.4210,27,0.274650,14
CTD_CP_H,20250730T095234,73.99,23.7689,36.4210,31,0.274830,15
CTD_CP_H,20250730T095234,76.02,23.7193,36.4215,31,0.275029,16
CTD_CP_H,20250730T095234,78.10,23.6952,36.4205,43,0.275268,21
CTD_CP_H,20250730T095234,80.00,23.6741,36.4192,50,0.275583,25
CTD_CP_H,20250730T095234,81.99,23.6884,36.4377,45,0.275922,23
CTD_CP_H,20250730T095234,83.97,23.7255,36.4696,44,0.276253,22
CTD_CP_H,20250730T095234,86.00,23.7046,36.4771,42,0.276574,21
CTD_CP_H,20250730T095235,88.00,23.6799,36.4786,42,0.276892,21
CTD_CP_H,20250730T095235,90.02,23.6257,36.4676,41,0.277201,20
CTD_CP_H,20250730T095235,92.00,23.5445,36.4534,43,0.277515,22
CTD_CP_H,20250730T095235,94.01,23.4062,36.4255,44,0.277843,22
CTD_CP_H,20250730T095235,96.00,23.2171,36.3782,41,0.278154,20
CTD_CP_H,20250730T095235,97.99,23.0881,36.3803,40,0.278447,20
CTD_CP_H,20250730T095235,99.99,23.0008,36.3717,42,0.278741,21
CTD_CP_H,20250730T095235,101.99,22.8179,36.3293,41,0.279034,21
CTD_CP_H,20250730T095235,103.95,22.6475,36.2957,39,0.279308,19
CTD_CP_H,20250730T095235,105.98,22.4992,36.2823,38,0.279562,19
CTD_CP_H,20250730T095235,107.98,22.4162,36.2838,35,0.279794,18
CTD_CP_H,20250730T095235,109.97,22.2445,36.2699,33,0.280008,16
CTD_CP_H,20250730T095235,111.98,22.0301,36.2464,31,0.280193,16
CTD_CP_H,20250730T095236,114.00,21.8975,36.2392,31,0.280372,15
CTD_CP_H,20250730T095236,116.01,21.8279,36.2328,28,0.280526,14
CTD_CP_H,20250730T095236,117.99,21.5456,36.1727,28,0.280667,14
CTD_CP_H,20250730T095236,120.03,21.4071,36.1480,26,0.280801,13
CTD_CP_H,20250730T095236,122.01,21.3447,36.1626,25,0.280930,13
CTD_CP_H,20250730T095236,124.02,21.2915,36.1949,25,0.281039,12
CTD_CP_H,20250730T095236,126.00,21.1125,36.1645,23,0.281135,12
CTD_CP_H,20250730T095236,128.00,20.9324,36.1355,25,0.281233,12
CTD_CP_H,20250730T095236,130.02,20.8501,36.1149,23,0.281328,12
CTD_CP_H,20250730T095236,132.01,20.7298,36.0964,24,0.281409,12
CTD_CP_H,20250730T095236,134.01,20.5923,36.0823,23,0.281494,11
CTD_CP_H,20250730T095236,135.99,20.4189,36.0662,25,0.281565,13
CTD_CP_H,20250730T095236,137.97,20.3337,36.0737,28,0.281655,14
CTD_CP_H,20250730T095236,140.01,20.1838,36.0587,29,0.281736,14
CTD_CP_H,20250730T095237,142.01,20.1065,36.0502,29,0.281830,15
CTD_CP_H,20250730T095237,144.04,19.9870,36.0458,37,0.281921,18
CTD_CP_H,20250730T095237,146.02,19.8424,36.0390,44,0.282036,22
CTD_CP_H,20250730T095237,148.16,19.7962,36.0574,151,0.282337,76
CTD_CP_H,20250730T095237,149.96,19.6809,36.0769,108,0.282758,54
CTD_CP_H,20250730T095237,151.95,19.6317,36.0818,96,0.283109,48
CTD_CP_H,20250730T095237,153.94,19.6023,36.0819,70,0.283408,35
CTD_CP_H,20250730T095237,155.97,19.5360,36.0931,55,0.283631,27
CTD_CP_H,20250730T095237,158.00,19.4315,36.1063,52,0.283835,26
CTD_CP_H,20250730T095237,160.03,19.3799,36.1028,53,0.284039,27
CTD_CP_H,20250730T095237,162.01,19.3594,36.1116,50,0.284242,25
CTD_CP_H,20250730T095237,163.97,19.2988,36.1196,47,0.284439,23
CTD_CP_H,20250730T095237,165.96,19.1729,36.1206,40,0.284620,20
CTD_CP_H,20250730T095237,167.96,19.0576,36.1490,37,0.284795,19
CTD_CP_H,20250730T095238,169.97,19.0504,36.1989,34,0.284970,17
CTD_CP_H,20250730T095238,171.97,19.1002,36.2518,32,0.285138,16
CTD_CP_H,20250730T095238,173.98,19.0748,36.3037,29,0.285300,14
CTD_CP_H,20250730T095238,175.98,19.2009,36.3828,29,0.285461,15
CTD_CP_H,20250730T095238,177.98,19.2689,36.4277,28,0.285632,14
CTD_CP_H,20250730T095238,179.99,19.2976,36.4733,27,0.285789,13
CTD_CP_H,20250730T095238,181.98,19.2652,36.4947,26,0.285949,13
CTD_CP_H,20250730T095238,183.98,19.2476,36.5100,25,0.286109,13
CTD_CP_H,20250730T095238,186.01,19.3203,36.5737,24,0.286268,12
CTD_CP_H,20250730T095238,188.01,19.3174,36.5818,23,0.286414,11
CTD_CP_H,20250730T095238,189.99,19.3141,36.6011,23,0.286558,12
CTD_CP_H,20250730T095238,192.00,19.2915,36.6295,23,0.286703,11
CTD_CP_H,20250730T095238,193.99,19.2539,36.6256,22,0.286847,11
CTD_CP_H,20250730T095238,196.00,19.2283,36.6235,23,0.286991,12
CTD_CP_H,20250730T095239,198.03,19.2359,36.6331,22,0.287130,11
CTD_CP_H,20250730T095239,200.01,19.2178,36.6395,22,0.287264,11
CTD_CP_H,20250730T095239,202.00,19.1283,36.6233,22,0.287397,11
CTD_CP_H,20250730T095239,204.04,18.9399,36.5915,22,0.287528,11
CTD_CP_H,20250730T095239,206.03,18.8544,36.5842,21,0.287651,10
CTD_CP_H,20250730T095239,208.02,18.7490,36.5749,22,0.287775,11
CTD_CP_H,20250730T095239,210.01,18.6831,36.5655,21,0.287906,11
CTD_CP_H,20250730T095239,211.99,18.6136,36.5695,21,0.288027,10
CTD_CP_H,20250730T095239,214.01,18.5767,36.5738,22,0.288145,11
CTD_CP_H,20250730T095239,216.05,18.5546,36.5720,23,0.288278,12
CTD_CP_H,20250730T095239,218.01,18.4812,36.5605,26,0.288418,13
CTD_CP_H,20250730T095239,220.01,18.4182,36.5471,28,0.288570,14
CTD_CP_H,20250730T095239,222.04,18.3511,36.5341,28,0.288725,14
CTD_CP_H,20250730T095240,224.04,18.2724,36.5231,35,0.288888,17
CTD_CP_H,20250730T095240,226.00,18.1457,36.5131,39,0.289080,20
CTD_CP_H,20250730T095240,228.00,18.0156,36.4980,37,0.289267,18
CTD_CP_H,20250730T095240,230.01,17.8326,36.4644,35,0.289442,18
CTD_CP_H,20250730T095240,232.03,17.6846,36.4386,34,0.289609,17
CTD_CP_H,20250730T095240,234.01,17.5971,36.4178,31,0.289760,15
CTD_CP_H,20250730T095240,235.99,17.3945,36.3802,30,0.289900,15
CTD_CP_H,20250730T095240,237.96,17.2992,36.3642,29,0.290037,15
CTD_CP_H,20250730T095240,239.98,17.2728,36.3617,30,0.290177,15
CTD_CP_H,20250730T095240,242.02,17.2367,36.3582,30,0.290316,15
CTD_CP_H,20250730T095240,244.03,17.2204,36.3565,29,0.290449,14
CTD_CP_H,20250730T095240,246.00,17.1580,36.3484,28,0.290571,14
CTD_CP_H,20250730T095240,247.99,17.0985,36.3380,29,0.290701,15
CTD_CP_H,20250730T095240,249.98,16.9959,36.3247,28,0.290831,14
CTD_CP_H,20250730T095241,251.98,16.9353,36.3153,29,0.290954,14
CTD_CP_H,20250730T095241,253.99,16.8616,36.3022,29,0.291073,15
CTD_CP_H,20250730T095241,256.00,16.8042,36.2874,30,0.291192,15
CTD_CP_H,20250730T095241,257.99,16.6942,36.2619,29,0.291313,14
CTD_CP_H,20250730T095241,259.98,16.5612,36.2381,29,0.291438,15
CTD_CP_H,20250730T095241,262.00,16.4186,36.2085,30,0.291564,15
CTD_CP_H,20250730T095241,263.97,16.4161,36.2105,28,0.291685,14
CTD_CP_H,20250730T095241,265.98,16.4085,36.2225,29,0.291803,14
CTD_CP_H,20250730T095241,267.99,16.4116,36.2255,28,0.291925,14
CTD_CP_H,20250730T095241,270.00,16.4115,36.2251,29,0.292050,15
CTD_CP_H,20250730T095241,272.00,16.3287,36.2154,27,0.292166,13
CTD_CP_H,20250730T095241,274.00,16.2761,36.2079,28,0.292277,14
CTD_CP_H,20250730T095241,276.01,16.2588,36.2036,27,0.292392,14
CTD_CP_H,20250730T095241,277.98,16.2095,36.1905,27,0.292504,13
CTD_CP_H,20250730T095242,279.99,16.0731,36.1620,27,0.292609,14
CTD_CP_H,20250730T095242,281.99,16.0170,36.1519,26,0.292717,13
CTD_CP_H,20250730T095242,283.98,15.9810,36.1567,25,0.292819,12
CTD_CP_H,20250730T095242,285.96,16.0096,36.1837,25,0.292915,13
CTD_CP_H,20250730T095242,287.99,15.9754,36.1824,26,0.293007,13
CTD_CP_H,20250730T095242,290.00,15.9520,36.1800,24,0.293101,12
CTD_CP_H,20250730T095242,291.99,15.8693,36.1705,25,0.293181,12
CTD_CP_H,20250730T095242,294.00,15.7159,36.1435,24,0.293263,12
CTD_CP_H,20250730T095242,295.97,15.5936,36.1242,23,0.293333,12
CTD_CP_H,20250730T095242,297.99,15.5122,36.1128,24,0.293420,12
CTD_CP_H,20250730T095242,300.01,15.4645,36.1040,23,0.293481,11
CTD_CP_H,20250730T095242,301.99,15.4028,36.0934,23,0.293557,12
CTD_CP_H,20250730T095242,304.00,15.3480,36.0854,23,0.293617,11
CTD_CP_H,20250730T095243,306.01,15.2810,36.0736,23,0.293685,12
CTD_CP_H,20250730T095243,308.01,15.2244,36.0631,23,0.293749,11
CTD_CP_H,20250730T095243,309.99,15.1506,36.0525,23,0.293814,12
CTD_CP_H,20250730T095243,312.00,15.0837,36.0427,23,0.293876,11
CTD_CP_H,20250730T095243,314.00,15.0162,36.0322,23,0.293936,12
CTD_CP_H,20250730T095243,316.02,14.9139,36.0177,23,0.294004,11
CTD_CP_H,20250730T095243,318.00,14.9684,36.0427,22,0.294058,11
CTD_CP_H,20250730T095243,320.00,14.9908,36.0515,23,0.294123,12
CTD_CP_H,20250730T095243,322.01,14.9900,36.0567,23,0.294187,11
CTD_CP_H,20250730T095243,324.01,14.9355,36.0472,23,0.294238,12
CTD_CP_H,20250730T095243,325.99,14.9174,36.0432,23,0.294305,11
CTD_CP_H,20250730T095243,328.01,14.7925,36.0215,23,0.294359,12
CTD_CP_H,20250730T095243,330.01,14.7322,36.0091,22,0.294413,11
CTD_CP_H,20250730T095243,331.99,14.7522,36.0157,23,0.294473,11
CTD_CP_H,20250730T095244,333.99,14.7015,36.0089,22,0.294521,11
CTD_CP_H,20250730T095244,335.99,14.6404,35.9984,23,0.294585,12
CTD_CP_H,20250730T095244,338.01,14.6129,35.9951,22,0.294645,11
CTD_CP_H,20250730T095244,339.97,14.5823,35.9911,22,0.294698,11
CTD_CP_H,20250730T095244,341.99,14.5992,36.0021,23,0.294758,11
CTD_CP_H,20250730T095244,344.00,14.6029,36.0048,23,0.294810,12
CTD_CP_H,20250730T095244,346.03,14.5936,36.0025,27,0.294866,13
CTD_CP_H,20250730T095244,348.00,14.5724,36.0085,29,0.294946,15
CTD_CP_H,20250730T095244,349.98,14.5424,36.0042,30,0.295009,15
CTD_CP_H,20250730T095244,351.99,14.4698,35.9907,29,0.295092,14
CTD_CP_H,20250730T095244,353.99,14.4230,35.9829,29,0.295153,15
CTD_CP_H,20250730T095244,356.00,14.3891,35.9773,29,0.295238,14
CTD_CP_H,20250730T095244,358.00,14.3473,35.9721,28,0.295293,14
CTD_CP_H,20250730T095244,360.00,14.3148,35.9681,29,0.295371,15
CTD_CP_H,20250730T095245,362.01,14.2820,35.9640,28,0.295439,14
CTD_CP_H,20250730T095245,364.02,14.2552,35.9641,28,0.295511,14
CTD_CP_H,20250730T095245,366.02,14.2663,35.9714,28,0.295579,14
CTD_CP_H,20250730T095245,368.00,14.2717,35.9759,27,0.295651,13
CTD_CP_H,20250730T095245,369.97,14.2605,35.9746,27,0.295722,14
CTD_CP_H,20250730T095245,371.99,14.2440,35.9725,28,0.295786,14
CTD_CP_H,20250730T095245,374.01,14.1939,35.9650,27,0.295857,13
CTD_CP_H,20250730T095245,376.01,14.1635,35.9612,27,0.295918,14
CTD_CP_H,20250730T095245,378.01,14.1456,35.9598,27,0.295988,13
CTD_CP_H,20250730T095245,380.01,14.1320,35.9574,27,0.296044,14
CTD_CP_H,20250730T095245,381.98,14.0669,35.9473,26,0.296111,13
CTD_CP_H,20250730T095245,383.98,13.9933,35.9355,27,0.296167,13
CTD_CP_H,20250730T095245,385.98,13.9915,35.9359,26,0.296220,13
CTD_CP_H,20250730T095245,388.00,13.9752,35.9343,27,0.296279,14
CTD_CP_H,20250730T095246,390.03,13.8797,35.9192,26,0.296332,13
CTD_CP_H,20250730T095246,392.00,13.8215,35.9074,25,0.296380,12
CTD_CP_H,20250730T095246,393.99,13.7943,35.9020,26,0.296435,13
CTD_CP_H,20250730T095246,396.00,13.7635,35.8961,25,0.296482,13
CTD_CP_H,20250730T095246,398.00,13.6926,35.8862,26,0.296531,13
CTD_CP_H,20250730T095246,400.01,13.6645,35.8811,25,0.296584,12
CTD_CP_H,20250730T095246,401.98,13.6358,35.8777,25,0.296635,13
CTD_CP_H,20250730T095246,403.98,13.6311,35.8782,25,0.296675,12
CTD_CP_H,20250730T095246,405.99,13.6032,35.8763,25,0.296732,13
CTD_CP_H,20250730T095246,407.99,13.6007,35.8764,25,0.296783,12
CTD_CP_H,20250730T095246,409.98,13.5900,35.8751,25,0.296825,13
CTD_CP_H,20250730T095246,412.01,13.5581,35.8721,25,0.296879,12
CTD_CP_H,20250730T095246,414.01,13.5520,35.8728,24,0.296930,12
CTD_CP_H,20250730T095247,416.00,13.5460,35.8711,25,0.296972,13
CTD_CP_H,20250730T095247,418.00,13.4910,35.8634,24,0.297020,12
CTD_CP_H,20250730T095247,419.98,13.4589,35.8569,24,0.297075,12
CTD_CP_H,20250730T095247,421.99,13.4672,35.8655,24,0.297119,12
CTD_CP_H,20250730T095247,424.01,13.4592,35.8671,24,0.297163,12
CTD_CP_H,20250730T095247,426.01,13.4232,35.8601,23,0.297212,11
CTD_CP_H,20250730T095247,428.00,13.4380,35.8649,24,0.297259,12
CTD_CP_H,20250730T095247,430.02,13.4085,35.8601,23,0.297302,12
CTD_CP_H,20250730T095247,431.98,13.3787,35.8568,22,0.297351,11
CTD_CP_H,20250730T095247,433.95,13.3599,35.8559,23,0.297392,11
CTD_CP_H,20250730T095247,435.98,13.3388,35.8528,23,0.297436,12
CTD_CP_H,20250730T095247,437.99,13.3141,35.8515,22,0.297479,11
CTD_CP_H,20250730T095247,439.98,13.2939,35.8501,22,0.297527,11
CTD_CP_H,20250730T095247,441.99,13.2884,35.8496,22,0.297569,11
CTD_CP_H,20250730T095248,444.01,13.2778,35.8474,22,0.297611,11
CTD_CP_H,20250730T095248,446.02,13.2520,35.8444,22,0.297659,11
CTD_CP_H,20250730T095248,448.00,13.2306,35.8416,21,0.297699,10
CTD_CP_H,20250730T095248,449.95,13.2263,35.8418,21,0.297739,11
CTD_CP_H,20250730T095248,451.97,13.2259,35.8434,22,0.297784,11
CTD_CP_H,20250730T095248,454.01,13.1979,35.8413,21,0.297834,10
CTD_CP_H,20250730T095248,456.01,13.1906,35.8425,21,0.297874,11
CTD_CP_H,20250730T095248,458.02,13.1911,35.8460,21,0.297917,10
CTD_CP_H,20250730T095248,459.99,13.1827,35.8453,20,0.297962,10
CTD_CP_H,20250730T095248,461.97,13.1727,35.8440,21,0.298007,11
CTD_CP_H,20250730T095248,463.98,13.1534,35.8416,21,0.298045,10
CTD_CP_H,20250730T095248,465.98,13.1348,35.8390,20,0.298086,10
CTD_CP_H,20250730T095248,467.99,13.1080,35.8366,21,0.298139,11
CTD_CP_H,20250730T095249,470.01,13.0922,35.8343,20,0.298172,10
CTD_CP_H,20250730T095249,471.96,13.0831,35.8328,20,0.298217,10
CTD_CP_H,20250730T095249,473.98,13.0775,35.8320,21,0.298259,10
CTD_CP_H,20250730T095249,475.99,13.0728,35.8308,20,0.298303,10
CTD_CP_H,20250730T095249,478.01,13.0607,35.8292,21,0.298344,11
CTD_CP_H,20250730T095249,480.04,13.0463,35.8269,20,0.298383,10
CTD_CP_H,20250730T095249,482.02,13.0228,35.8234,20,0.298429,10
CTD_CP_H,20250730T095249,484.02,12.9920,35.8197,20,0.298468,10
CTD_CP_H,20250730T095249,486.02,12.9597,35.8157,20,0.298503,10
CTD_CP_H,20250730T095249,488.02,12.9257,35.8112,20,0.298545,10
CTD_CP_H,20250730T095249,490.04,12.9127,35.8094,20,0.298584,10
CTD_CP_H,20250730T095249,492.05,12.8987,35.8076,20,0.298621,10
CTD_CP_H,20250730T095249,494.04,12.8614,35.8040,20,0.298653,10
CTD_CP_H,20250730T095249,496.03,12.8479,35.8020,20,0.298694,10
CTD_CP_H,20250730T095250,498.05,12.8218,35.7993,20,0.298738,10
CTD_CP_H,20250730T095250,500.01,12.8000,35.7970,19,0.298770,9
CTD_CP_H,20250730T095250,502.00,12.7946,35.7961,21,0.298809,11
CTD_CP_H,20250730T095250,504.05,12.7854,35.7952,20,0.298854,10
CTD_CP_H,20250730T095250,506.02,12.7716,35.7937,20,0.298894,10
CTD_CP_H,20250730T095250,508.00,12.7587,35.7922,22,0.298931,11
CTD_CP_H,20250730T095250,510.00,12.7441,35.7912,26,0.298980,13
CTD_CP_H,20250730T095250,512.00,12.7295,35.7890,25,0.299031,12
CTD_CP_H,20250730T095250,514.00,12.7093,35.7860,26,0.299078,13
CTD_CP_H,20250730T095250,516.00,12.6705,35.7811,25,0.299120,13
CTD_CP_H,20250730T095250,517.97,12.6462,35.7786,25,0.299180,12
CTD_CP_H,20250730T095250,519.97,12.6390,35.7779,25,0.299229,13
CTD_CP_H,20250730T095250,521.96,12.6344,35.7778,25,0.299276,12
CTD_CP_H,20250730T095250,523.98,12.6298,35.7771,26,0.299332,13
CTD_CP_H,20250730T095251,525.98,12.6087,35.7744,25,0.299384,13
CTD_CP_H,20250730T095251,527.97,12.5804,35.7711,26,0.299430,13
CTD_CP_H,20250730T095251,529.99,12.5719,35.7723,26,0.299496,13
CTD_CP_H,20250730T095251,531.99,12.5718,35.7753,26,0.299545,13
CTD_CP_H,20250730T095251,534.00,12.5463,35.7717,26,0.299593,13
CTD_CP_H,20250730T095251,536.03,12.5248,35.7695,26,0.299655,13
CTD_CP_H,20250730T095251,538.01,12.5029,35.7695,25,0.299703,12
CTD_CP_H,20250730T095251,540.00,12.4947,35.7687,26,0.299754,13
CTD_CP_H,20250730T095251,541.99,12.4884,35.7675,25,0.299814,13
CTD_CP_H,20250730T095251,543.97,12.4633,35.7652,26,0.299866,13
CTD_CP_H,20250730T095251,545.97,12.4396,35.7622,26,0.299918,13
CTD_CP_H,20250730T095251,547.99,12.4105,35.7595,27,0.299977,13
CTD_CP_H,20250730T095251,549.99,12.3782,35.7559,25,0.300027,13
CTD_CP_H,20250730T095251,551.97,12.3693,35.7550,26,0.300081,13
CTD_CP_H,20250730T095252,553.98,12.3486,35.7528,26,0.300141,13
CTD_CP_H,20250730T095252,555.99,12.3433,35.7519,26,0.300189,13
CTD_CP_H,20250730T095252,557.98,12.3224,35.7499,26,0.300254,13
CTD_CP_H,20250730T095252,560.00,12.2838,35.7461,26,0.300303,13
CTD_CP_H,20250730T095252,562.02,12.2774,35.7453,26,0.300355,13
CTD_CP_H,20250730T095252,563.99,12.2707,35.7439,25,0.300414,12
CTD_CP_H,20250730T095252,565.97,12.2451,35.7412,26,0.300461,13
CTD_CP_H,20250730T095252,568.00,12.2086,35.7375,26,0.300515,13
CTD_CP_H,20250730T095252,570.00,12.1822,35.7346,25,0.300573,13
CTD_CP_H,20250730T095252,572.01,12.1582,35.7319,26,0.300621,13
CTD_CP_H,20250730T095252,574.05,12.1382,35.7300,25,0.300671,12
CTD_CP_H,20250730T095252,576.04,12.1113,35.7265,25,0.300730,13
CTD_CP_H,20250730T095252,578.01,12.0833,35.7243,24,0.300777,12
CTD_CP_H,20250730T095253,580.02,12.0734,35.7227,26,0.300832,13
CTD_CP_H,20250730T095253,582.02,12.0455,35.7201,24,0.300887,12
CTD_CP_H,20250730T095253,583.99,12.0233,35.7180,25,0.300930,12
CTD_CP_H,20250730T095253,585.99,11.9991,35.7154,24,0.300980,12
CTD_CP_H,20250730T095253,588.00,11.9838,35.7137,24,0.301035,12
CTD_CP_H,20250730T095253,590.01,11.9814,35.7133,24,0.301080,12
CTD_CP_H,20250730T095253,592.03,11.9790,35.7127,24,0.301125,12
CTD_CP_H,20250730T095253,594.00,11.9677,35.7113,23,0.301179,12
CTD_CP_H,20250730T095253,596.02,11.9288,35.7072,24,0.301223,12
CTD_CP_H,20250730T095253,598.05,11.8877,35.7033,23,0.301263,11
CTD_CP_H,20250730T095253,600.00,11.8645,35.7007,22,0.301317,11
CTD_CP_H,20250730T095253,601.97,11.8289,35.6977,23,0.301354,12
CTD_CP_H,20250730T095253,604.02,11.8075,35.6952,23,0.301394,11
CTD_CP_H,20250730T095253,606.02,11.7941,35.6938,22,0.301442,11
CTD_CP_H,20250730T095254,607.98,11.7745,35.6919,22,0.301483,11
CTD_CP_H,20250730T095254,610.01,11.7467,35.6892,23,0.301524,12
CTD_CP_H,20250730T095254,612.02,11.7235,35.6872,22,0.301560,11
CTD_CP_H,20250730T095254,614.01,11.7006,35.6845,25,0.301613,12
CTD_CP_H,20250730T095254,615.99,11.6760,35.6826,28,0.301659,14
CTD_CP_H,20250730T095254,617.99,11.6624,35.6807,29,0.301709,15
CTD_CP_H,20250730T095254,620.00,11.6409,35.6789,28,0.301771,14
CTD_CP_H,20250730T095254,622.01,11.6179,35.6763,28,0.301819,14
CTD_CP_H,20250730T095254,624.03,11.5928,35.6738,28,0.301865,14
CTD_CP_H,20250730T095254,626.01,11.5663,35.6713,27,0.301920,13
CTD_CP_H,20250730T095254,628.01,11.5518,35.6701,28,0.301971,14
CTD_CP_H,20250730T095254,630.01,11.5410,35.6689,27,0.302015,14
CTD_CP_H,20250730T095254,631.98,11.5244,35.6669,27,0.302066,13
CTD_CP_H,20250730T095254,633.99,11.5071,35.6653,28,0.302117,14
CTD_CP_H,20250730T095255,636.01,11.4737,35.6619,27,0.302161,14
CTD_CP_H,20250730T095255,638.01,11.4496,35.6594,27,0.302213,13
CTD_CP_H,20250730T095255,640.03,11.4128,35.6563,27,0.302259,14
CTD_CP_H,20250730T095255,642.03,11.3894,35.6536,26,0.302304,13
CTD_CP_H,20250730T095255,644.02,11.3643,35.6510,26,0.302345,13
CTD_CP_H,20250730T095255,646.02,11.3297,35.6481,26,0.302396,13
CTD_CP_H,20250730T095255,648.02,11.3100,35.6463,26,0.302435,13
CTD_CP_H,20250730T095255,649.99,11.3007,35.6454,25,0.302472,12
CTD_CP_H,20250730T095255,651.98,11.2734,35.6427,26,0.302516,13
CTD_CP_H,20250730T095255,654.00,11.2486,35.6407,25,0.302562,13
CTD_CP_H,20250730T095255,656.01,11.2390,35.6398,26,0.302600,13
CTD_CP_H,20250730T095255,658.01,11.2214,35.6381,25,0.302643,12
CTD_CP_H,20250730T095255,659.98,11.1964,35.6358,25,0.302685,13
CTD_CP_H,20250730T095255,661.99,11.1857,35.6347,26,0.302731,13
CTD_CP_H,20250730T095256,663.98,11.1728,35.6337,25,0.302766,12
CTD_CP_H,20250730T095256,665.98,11.1601,35.6326,26,0.302810,13
CTD_CP_H,20250730T095256,667.97,11.1501,35.6314,25,0.302856,13
CTD_CP_H,20250730T095256,669.98,11.1239,35.6291,26,0.302892,13
CTD_CP_H,20250730T095256,671.99,11.1061,35.6272,25,0.302936,12
CTD_CP_H,20250730T095256,673.98,11.0877,35.6257,25,0.302972,13
CTD_CP_H,20250730T095256,676.00,11.0618,35.6237,26,0.303021,13
CTD_CP_H,20250730T095256,678.01,11.0412,35.6218,25,0.303050,12
CTD_CP_H,20250730T095256,679.99,11.0278,35.6200,25,0.303087,13
CTD_CP_H,20250730T095256,681.98,11.0022,35.6180,25,0.303135,12
CTD_CP_H,20250730T095256,684.02,10.9851,35.6163,26,0.303174,13
CTD_CP_H,20250730T095256,686.03,10.9659,35.6145,24,0.303206,12
CTD_CP_H,20250730T095256,687.98,10.9401,35.6122,25,0.303241,13
CTD_CP_H,20250730T095257,690.00,10.9155,35.6098,25,0.303282,12
CTD_CP_H,20250730T095257,692.01,10.9104,35.6094,25,0.303321,13
CTD_CP_H,20250730T095257,694.04,10.9005,35.6080,25,0.303356,12
CTD_CP_H,20250730T095257,696.02,10.8756,35.6058,24,0.303390,12
CTD_CP_H,20250730T095257,698.01,10.8577,35.6043,25,0.303430,13
CTD_CP_H,20250730T095257,700.01,10.8403,35.6029,24,0.303465,12
CTD_CP_H,20250730T095257,701.97,10.8251,35.6012,24,0.303500,12
CTD_CP_H,20250730T095257,703.95,10.8093,35.6001,25,0.303536,12
CTD_CP_H,20250730T095257,705.98,10.7971,35.5991,25,0.303573,13
CTD_CP_H,20250730T095257,707.99,10.7778,35.5974,24,0.303610,12
CTD_CP_H,20250730T095257,709.99,10.7664,35.5958,24,0.303646,12
CTD_CP_H,20250730T095257,711.99,10.7514,35.5947,24,0.303677,12
CTD_CP_H,20250730T095257,713.99,10.7335,35.5928,25,0.303712,12
CTD_CP_H,20250730T095257,716.03,10.7097,35.5912,28,0.303752,14
CTD_CP_H,20250730T095258,717.99,10.6951,35.5896,33,0.303795,17
CTD_CP_H,20250730T095258,720.00,10.6805,35.5884,35,0.303844,17
CTD_CP_H,20250730T095258,722.00,10.6720,35.5873,33,0.303895,17
CTD_CP_H,20250730T095258,723.97,10.6494,35.5854,33,0.303946,16
CTD_CP_H,20250730T095258,725.98,10.6296,35.5834,33,0.303988,17
CTD_CP_H,20250730T095258,727.99,10.6045,35.5813,32,0.304044,16
CTD_CP_H,20250730T095258,729.99,10.5859,35.5797,32,0.304094,16
CTD_CP_H,20250730T095258,732.01,10.5773,35.5794,32,0.304140,16
CTD_CP_H,20250730T095258,733.99,10.5729,35.5788,31,0.304185,15
CTD_CP_H,20250730T095258,735.98,10.5690,35.5783,32,0.304241,16
CTD_CP_H,20250730T095258,738.01,10.5578,35.5774,31,0.304291,16
CTD_CP_H,20250730T095258,740.02,10.5526,35.5772,30,0.304336,15
CTD_CP_H,20250730T095258,741.99,10.5493,35.5762,30,0.304390,15
CTD_CP_H,20250730T095258,743.98,10.5427,35.5754,30,0.304434,15
CTD_CP_H,20250730T095259,745.99,10.5201,35.5728,31,0.304475,15
CTD_CP_H,20250730T095259,747.98,10.4963,35.5699,29,0.304526,15
CTD_CP_H,20250730T095259,749.99,10.4503,35.5645,29,0.304570,14
CTD_CP_H,20250730T095259,752.02,10.4109,35.5603,28,0.304609,14
CTD_CP_H,20250730T095259,754.02,10.3898,35.5571,28,0.304653,14
CTD_CP_H,20250730T095259,756.01,10.3655,35.5542,27,0.304700,14
CTD_CP_H,20250730T095259,757.98,10.3523,35.5527,27,0.304741,13
CTD_CP_H,20250730T095259,759.98,10.3429,35.5518,27,0.304781,14
CTD_CP_H,20250730T095259,761.99,10.3396,35.5518,27,0.304830,13
CTD_CP_H,20250730T095259,763.98,10.3413,35.5517,26,0.304874,13
CTD_CP_H,20250730T095259,766.00,10.3429,35.5515,27,0.304915,14
CTD_CP_H,20250730T095259,768.01,10.3377,35.5521,26,0.304961,13
CTD_CP_H,20250730T095259,770.01,10.3305,35.5522,26,0.305008,13
CTD_CP_H,20250730T095259,771.98,10.3232,35.5517,25,0.305047,12
CTD_CP_H,20250730T095300,773.98,10.3180,35.5526,26,0.305085,13
CTD_CP_H,20250730T095300,775.98,10.2722,35.5457,25,0.305135,13
CTD_CP_H,20250730T095300,777.96,10.2416,35.5414,25,0.305172,12
CTD_CP_H,20250730T095300,779.97,10.2266,35.5405,25,0.305213,13
CTD_CP_H,20250730T095300,781.97,10.2213,35.5392,25,0.305262,12
CTD_CP_H,20250730T095300,783.99,10.2159,35.5390,25,0.305303,13
CTD_CP_H,20250730T095300,785.98,10.2044,35.5380,24,0.305342,12
CTD_CP_H,20250730T095300,787.98,10.1779,35.5362,25,0.305387,12
CTD_CP_H,20250730T095300,790.01,10.1708,35.5355,25,0.305436,13
CTD_CP_H,20250730T095300,792.01,10.1629,35.5350,24,0.305479,12
CTD_CP_H,20250730T095300,794.00,10.1572,35.5353,25,0.305520,12
CTD_CP_H,20250730T095300,796.01,10.1561,35.5359,24,0.305570,12
CTD_CP_H,20250730T095300,798.00,10.1487,35.5360,25,0.305619,13
CTD_CP_H,20250730T095301,800.00,10.1325,35.5356,24,0.305661,12
CTD_CP_H,20250730T095301,802.00,10.1268,35.5357,24,0.305712,12
CTD_CP_H,20250730T095301,803.99,10.1249,35.5360,23,0.305759,11
CTD_CP_H,20250730T095301,805.97,10.1190,35.5353,24,0.305798,12
CTD_CP_H,20250730T095301,807.97,10.1099,35.5339,24,0.305842,12
CTD_CP_H,20250730T095301,809.98,10.0806,35.5308,24,0.305894,12
CTD_CP_H,20250730T095301,811.99,10.0579,35.5285,24,0.305938,12
CTD_CP_H,20250730T095301,814.00,10.0485,35.5284,24,0.305983,12
CTD_CP_H,20250730T095301,815.99,10.0360,35.5280,23,0.306030,12
CTD_CP_H,20250730T095301,817.98,10.0272,35.5269,24,0.306082,12
CTD_CP_H,20250730T095301,819.99,10.0114,35.5254,24,0.306123,12
CTD_CP_H,20250730T095301,822.02,9.9876,35.5234,24,0.306176,12
CTD_CP_H,20250730T095301,824.01,9.9797,35.5225,23,0.306222,11
CTD_CP_H,20250730T095301,826.01,9.9603,35.5205,24,0.306262,12
CTD_CP_H,20250730T095302,828.02,9.9411,35.5189,23,0.306309,12
CTD_CP_H,20250730T095302,829.99,9.9256,35.5172,23,0.306355,11
CTD_CP_H,20250730T095302,831.98,9.9123,35.5159,23,0.306398,12
CTD_CP_H,20250730T095302,833.98,9.9026,35.5144,23,0.306437,11
CTD_CP_H,20250730T095302,835.97,9.8796,35.5118,23,0.306478,12
CTD_CP_H,20250730T095302,837.99,9.8626,35.5101,24,0.306525,12
CTD_CP_H,20250730T095302,840.01,9.8284,35.5068,23,0.306563,11
CTD_CP_H,20250730T095302,842.01,9.8028,35.5019,23,0.306600,12
CTD_CP_H,20250730T095302,844.02,9.7608,35.4960,23,0.306645,11
CTD_CP_H,20250730T095302,846.00,9.7101,35.4886,22,0.306681,11
CTD_CP_H,20250730T095302,847.99,9.6986,35.4861,23,0.306713,12
CTD_CP_H,20250730T095302,850.01,9.6804,35.4833,23,0.306750,11
CTD_CP_H,20250730T095302,851.99,9.6431,35.4781,22,0.306793,11
CTD_CP_H,20250730T095302,853.98,9.6237,35.4750,23,0.306833,12
CTD_CP_H,20250730T095303,856.01,9.6004,35.4721,23,0.306869,11
CTD_CP_H,20250730T095303,858.01,9.5933,35.4712,22,0.306903,11
CTD_CP_H,20250730T095303,860.00,9.5855,35.4701,23,0.306940,12
CTD_CP_H,20250730T095303,862.02,9.5803,35.4693,23,0.306983,11
CTD_CP_H,20250730T095303,864.03,9.5648,35.4680,22,0.307017,11
CTD_CP_H,20250730T095303,865.99,9.5490,35.4659,22,0.307051,11
CTD_CP_H,20250730T095303,868.00,9.5366,35.4646,23,0.307085,12
CTD_CP_H,20250730T095303,870.01,9.5194,35.4623,22,0.307126,11
CTD_CP_H,20250730T095303,871.99,9.5017,35.4605,22,0.307161,11
CTD_CP_H,20250730T095303,873.96,9.4810,35.4579,22,0.307189,11
CTD_CP_H,20250730T095303,875.94,9.4566,35.4555,22,0.307220,11
CTD_CP_H,20250730T095303,877.95,9.4271,35.4522,22,0.307257,11
CTD_CP_H,20250730T095303,879.96,9.3969,35.4495,22,0.307293,11
CTD_CP_H,20250730T095304,881.98,9.3875,35.4482,22,0.307321,11
CTD_CP_H,20250730T095304,884.00,9.3792,35.4470,22,0.307351,11
CTD_CP_H,20250730T095304,886.01,9.3693,35.4459,22,0.307385,11
CTD_CP_H,20250730T095304,888.00,9.3459,35.4432,22,0.307420,11
CTD_CP_H,20250730T095304,890.02,9.3242,35.4409,24,0.307456,12
CTD_CP_H,20250730T095304,892.01,9.3024,35.4386,28,0.307486,14
CTD_CP_H,20250730T095304,894.01,9.2828,35.4367,29,0.307520,14
CTD_CP_H,20250730T095304,895.99,9.2617,35.4341,28,0.307569,14
CTD_CP_H,20250730T095304,897.98,9.2463,35.4326,29,0.307611,15
CTD_CP_H,20250730T095304,899.98,9.2299,35.4306,29,0.307645,14
CTD_CP_H,20250730T095304,901.99,9.2171,35.4286,29,0.307683,15
CTD_CP_H,20250730T095304,903.97,9.1920,35.4256,28,0.307733,14
CTD_CP_H,20250730T095304,905.99,9.1646,35.4228,30,0.307772,15
CTD_CP_H,20250730T095304,908.01,9.1565,35.4219,28,0.307809,14
CTD_CP_H,20250730T095305,909.97,9.1482,35.4206,28,0.307847,14
CTD_CP_H,20250730T095305,912.00,9.1365,35.4197,29,0.307892,14
CTD_CP_H,20250730T095305,914.02,9.1239,35.4184,28,0.307930,14
CTD_CP_H,20250730T095305,916.01,9.1155,35.4191,28,0.307970,14
CTD_CP_H,20250730T095305,918.03,9.0989,35.4174,28,0.308007,14
CTD_CP_H,20250730T095305,920.02,9.0821,35.4156,28,0.308052,14
CTD_CP_H,20250730T095305,922.00,9.0616,35.4133,27,0.308090,14
CTD_CP_H,20250730T095305,923.96,9.0401,35.4112,28,0.308128,14
CTD_CP_H,20250730T095305,925.98,9.0227,35.4092,28,0.308171,14
CTD_CP_H,20250730T095305,928.00,9.0118,35.4082,28,0.308217,14
CTD_CP_H,20250730T095305,930.03,9.0059,35.4079,28,0.308254,14
CTD_CP_H,20250730T095305,932.02,9.0048,35.4078,27,0.308287,13
CTD_CP_H,20250730T095305,933.98,8.9933,35.4068,27,0.308336,14
CTD_CP_H,20250730T095305,935.98,8.9748,35.4051,27,0.308371,13
CTD_CP_H,20250730T095306,937.98,8.9589,35.4034,27,0.308411,14
CTD_CP_H,20250730T095306,939.99,8.9438,35.4019,27,0.308452,13
CTD_CP_H,20250730T095306,942.03,8.9310,35.4008,27,0.308498,14
CTD_CP_H,20250730T095306,944.04,8.9195,35.3998,26,0.308538,13
CTD_CP_H,20250730T095306,946.00,8.9132,35.3997,26,0.308575,13
CTD_CP_H,20250730T095306,947.99,8.8951,35.3990,27,0.308612,13
CTD_CP_H,20250730T095306,950.00,8.8894,35.3982,26,0.308657,13
CTD_CP_H,20250730T095306,951.99,8.8795,35.3971,26,0.308692,13
CTD_CP_H,20250730T095306,954.00,8.8677,35.3954,26,0.308729,13
CTD_CP_H,20250730T095306,955.99,8.8503,35.3938,25,0.308768,13
CTD_CP_H,20250730T095306,957.96,8.8129,35.3903,25,0.308813,12
CTD_CP_H,20250730T095306,959.96,8.8011,35.3887,26,0.308849,13
CTD_CP_H,20250730T095306,962.00,8.7954,35.3879,26,0.308882,13
CTD_CP_H,20250730T095306,964.00,8.7791,35.3859,25,0.308927,13
CTD_CP_H,20250730T095307,966.00,8.7671,35.3854,25,0.308969,12
CTD_CP_H,20250730T095307,967.99,8.7459,35.3834,24,0.309005,12
CTD_CP_H,20250730T095307,969.98,8.7393,35.3825,25,0.309039,13
CTD_CP_H,20250730T095307,972.00,8.7347,35.3818,25,0.309084,12
CTD_CP_H,20250730T095307,974.00,8.7280,35.3807,24,0.309124,12
CTD_CP_H,20250730T095307,975.99,8.7075,35.3778,25,0.309159,13
CTD_CP_H,20250730T095307,977.99,8.6958,35.3766,24,0.309199,12
CTD_CP_H,20250730T095307,979.97,8.6901,35.3760,24,0.309244,12
CTD_CP_H,20250730T095307,981.97,8.6790,35.3750,24,0.309282,12
CTD_CP_H,20250730T095307,983.99,8.6652,35.3739,24,0.309320,12
CTD_CP_H,20250730T095307,985.99,8.6614,35.3737,23,0.309355,11
CTD_CP_H,20250730T095307,988.00,8.6487,35.3727,24,0.309399,12
CTD_CP_H,20250730T095307,990.01,8.6329,35.3712,23,0.309438,12
CTD_CP_H,20250730T095308,992.02,8.6157,35.3689,24,0.309478,12
CTD_CP_H,20250730T095308,994.03,8.6040,35.3682,23,0.309517,11
CTD_CP_H,20250730T095308,996.02,8.5945,35.3679,23,0.309552,12
CTD_CP_H,20250730T095308,998.01,8.5868,35.3680,23,0.309592,11
CTD_CP_H,20250730T095308,1000.00,8.5850,35.3683,23,0.309630,12
CTD_CP_H,20250730T095308,1002.00,8.5725,35.3686,23,0.309668,11
CTD_CP_H,20250730T095308,1004.02,8.5560,35.3668,23,0.309713,12
CTD_CP_H,20250730T095308,1006.01,8.5468,35.3653,22,0.309750,11
CTD_CP_H,20250730T095308,1008.01,8.5323,35.3634,23,0.309784,11
CTD_CP_H,20250730T095308,1010.03,8.5197,35.3621,22,0.309822,11
CTD_CP_H,20250730T095308,1012.02,8.5048,35.3604,22,0.309862,11
CTD_CP_H,20250730T095308,1013.99,8.4928,35.3587,22,0.309897,11
CTD_CP_H,20250730T095308,1015.97,8.4852,35.3573,22,0.309933,11
CTD_CP_H,20250730T095308,1017.98,8.4561,35.3547,22,0.309966,11
CTD_CP_H,20250730T095309,1020.00,8.4345,35.3518,22,0.310006,11
CTD_CP_H,20250730T095309,1022.02,8.4180,35.3499,22,0.310041,11
CTD_CP_H,20250730T095309,1024.04,8.3924,35.3475,22,0.310071,11
CTD_CP_H,20250730T095309,1025.99,8.3803,35.3459,21,0.310107,11
CTD_CP_H,20250730T095309,1027.97,8.3546,35.3433,22,0.310139,11
CTD_CP_H,20250730T095309,1030.00,8.3390,35.3417,22,0.310180,11
CTD_CP_H,20250730T095309,1032.00,8.3272,35.3400,21,0.310208,10
CTD_CP_H,20250730T095309,1034.00,8.3042,35.3380,22,0.310242,11
CTD_CP_H,20250730T095309,1035.99,8.2861,35.3361,21,0.310271,11
CTD_CP_H,20250730T095309,1037.96,8.2712,35.3345,21,0.310302,10
CTD_CP_H,20250730T095309,1039.99,8.2494,35.3327,22,0.310343,11
CTD_CP_H,20250730T095309,1041.99,8.2369,35.3313,21,0.310374,11
CTD_CP_H,20250730T095309,1043.96,8.2251,35.3301,21,0.310404,10
CTD_CP_H,20250730T095309,1045.99,8.2116,35.3290,22,0.310430,11
CTD_CP_H,20250730T095310,1047.99,8.1964,35.3277,20,0.310471,10
CTD_CP_H,20250730T095310,1049.95,8.1859,35.3267,21,0.310505,11
CTD_CP_H,20250730T095310,1051.95,8.1657,35.3251,21,0.310528,10
CTD_CP_H,20250730T095310,1054.00,8.1600,35.3244,22,0.310559,11
CTD_CP_H,20250730T095310,1056.01,8.1561,35.3234,20,0.310588,10
CTD_CP_H,20250730T095310,1057.97,8.1468,35.3226,21,0.310625,11
CTD_CP_H,20250730T095310,1059.98,8.1289,35.3210,21,0.310658,10
CTD_CP_H,20250730T095310,1062.01,8.1181,35.3196,21,0.310686,11
CTD_CP_H,20250730T095310,1064.02,8.1056,35.3184,21,0.310719,10
CTD_CP_H,20250730T095310,1065.99,8.0912,35.3168,20,0.310749,10
CTD_CP_H,20250730T095310,1067.98,8.0700,35.3146,21,0.310780,11
CTD_CP_H,20250730T095310,1070.02,8.0475,35.3131,21,0.310813,10
CTD_CP_H,20250730T095310,1072.01,8.0395,35.3119,20,0.310836,10
CTD_CP_H,20250730T095311,1073.99,8.0345,35.3118,21,0.310869,11
CTD_CP_H,20250730T095311,1075.99,8.0189,35.3105,20,0.310900,10
CTD_CP_H,20250730T095311,1078.00,8.0010,35.3085,21,0.310933,10
CTD_CP_H,20250730T095311,1080.01,7.9895,35.3073,20,0.310966,10
CTD_CP_H,20250730T095311,1082.02,7.9806,35.3064,21,0.310992,11
CTD_CP_H,20250730T095311,1084.02,7.9730,35.3060,20,0.311021,10
CTD_CP_H,20250730T095311,1085.98,7.9655,35.3050,20,0.311053,10
CTD_CP_H,20250730T095311,1087.98,7.9524,35.3041,21,0.311085,10
CTD_CP_H,20250730T095311,1090.03,7.9421,35.3030,21,0.311119,11
CTD_CP_H,20250730T095311,1092.03,7.9289,35.3019,20,0.311145,10
CTD_CP_H,20250730T095311,1093.99,7.9134,35.3008,20,0.311176,10
CTD_CP_H,20250730T095311,1095.99,7.9032,35.3004,21,0.311205,10
CTD_CP_H,20250730T095311,1098.03,7.9032,35.3008,21,0.311239,11
CTD_CP_H,20250730T095311,1100.04,7.8981,35.3004,20,0.311269,10
CTD_CP_H,20250730T095312,1102.01,7.8825,35.2987,21,0.311297,10
CTD_CP_H,20250730T095312,1104.00,7.8631,35.2969,20,0.311327,10
CTD_CP_H,20250730T095312,1105.99,7.8530,35.2953,21,0.311353,11
CTD_CP_H,20250730T095312,1107.98,7.8392,35.2940,20,0.311390,10
CTD_CP_H,20250730T095312,1109.97,7.8226,35.2921,21,0.311424,10
CTD_CP_H,20250730T095312,1112.00,7.8098,35.2904,21,0.311449,11
CTD_CP_H,20250730T095312,1114.02,7.8046,35.2895,21,0.311479,10
CTD_CP_H,20250730T095312,1116.04,7.7909,35.2882,21,0.311505,11
CTD_CP_H,20250730T095312,1118.02,7.7783,35.2871,20,0.311540,10
CTD_CP_H,20250730T095312,1120.00,7.7673,35.2858,21,0.311575,10
CTD_CP_H,20250730T095312,1122.00,7.7578,35.2845,20,0.311594,10
CTD_CP_H,20250730T095312,1123.99,7.7322,35.2822,21,0.311623,11
CTD_CP_H,20250730T095312,1126.02,7.7100,35.2799,21,0.311651,10
CTD_CP_H,20250730T095312,1128.02,7.7029,35.2792,21,0.311684,11
CTD_CP_H,20250730T095313,1130.00,7.6940,35.2779,21,0.311720,10
CTD_CP_H,20250730T095313,1131.99,7.6646,35.2756,24,0.311746,12
CTD_CP_H,20250730T095313,1134.00,7.6507,35.2739,27,0.311779,14
CTD_CP_H,20250730T095313,1136.02,7.6489,35.2736,26,0.311814,13
CTD_CP_H,20250730T095313,1138.00,7.6431,35.2728,26,0.311860,13
CTD_CP_H,20250730T095313,1139.98,7.6311,35.2712,26,0.311895,13
CTD_CP_H,20250730T095313,1142.01,7.6059,35.2689,27,0.311926,13
CTD_CP_H,20250730T095313,1144.03,7.5882,35.2677,26,0.311961,13
CTD_CP_H,20250730T095313,1146.01,7.5814,35.2665,26,0.312002,13
CTD_CP_H,20250730T095313,1147.98,7.5695,35.2654,26,0.312045,13
CTD_CP_H,20250730T095313,1149.99,7.5549,35.2640,27,0.312075,14
CTD_CP_H,20250730T095313,1152.01,7.5439,35.2626,26,0.312113,13
CTD_CP_H,20250730T095313,1153.99,7.5291,35.2607,26,0.312153,13
CTD_CP_H,20250730T095314,1156.00,7.5149,35.2592,27,0.312191,13
CTD_CP_H,20250730T095314,1158.00,7.5018,35.2574,26,0.312223,13
CTD_CP_H,20250730T095314,1159.99,7.4823,35.2554,27,0.312256,14
CTD_CP_H,20250730T095314,1161.99,7.4621,35.2523,26,0.312292,13
CTD_CP_H,20250730T095314,1164.01,7.4327,35.2495,27,0.312330,13
CTD_CP_H,20250730T095314,1166.01,7.4042,35.2466,26,0.312358,13
CTD_CP_H,20250730T095314,1167.99,7.3936,35.2461,26,0.312388,13
CTD_CP_H,20250730T095314,1170.00,7.3810,35.2446,27,0.312428,14
CTD_CP_H,20250730T095314,1172.02,7.3662,35.2423,26,0.312464,13
CTD_CP_H,20250730T095314,1174.01,7.3472,35.2404,26,0.312494,13
CTD_CP_H,20250730T095314,1176.01,7.3295,35.2384,26,0.312520,13
CTD_CP_H,20250730T095314,1178.01,7.3176,35.2367,26,0.312554,13
CTD_CP_H,20250730T095314,1180.00,7.3052,35.2345,26,0.312587,13
CTD_CP_H,20250730T095314,1181.99,7.2906,35.2324,26,0.312619,13
CTD_CP_H,20250730T095315,1183.99,7.2720,35.2300,26,0.312650,13
CTD_CP_H,20250730T095315,1186.02,7.2474,35.2281,26,0.312678,13
CTD_CP_H,20250730T095315,1188.01,7.2371,35.2268,25,0.312708,12
CTD_CP_H,20250730T095315,1189.98,7.2306,35.2260,25,0.312739,13
CTD_CP_H,20250730T095315,1191.98,7.2068,35.2234,26,0.312770,13
CTD_CP_H,20250730T095315,1194.01,7.1972,35.2221,26,0.312806,13
CTD_CP_H,20250730T095315,1196.03,7.1746,35.2202,25,0.312831,12
CTD_CP_H,20250730T095315,1198.03,7.1624,35.2187,25,0.312859,13
CTD_CP_H,20250730T095315,1200.01,7.1557,35.2181,24,0.312893,12
CTD_CP_H,20250730T095315,1201.98,7.1527,35.2179,25,0.312927,12
CTD_CP_H,20250730T095315,1204.00,7.1504,35.2175,25,0.312960,13
CTD_CP_H,20250730T095315,1205.98,7.1474,35.2174,24,0.312986,12
CTD_CP_H,20250730T095315,1207.98,7.1385,35.2166,25,0.313015,12
CTD_CP_H,20250730T095315,1210.00,7.1307,35.2155,24,0.313046,12
CTD_CP_H,20250730T095316,1212.01,7.1275,35.2151,25,0.313086,13
CTD_CP_H,20250730T095316,1214.01,7.1172,35.2139,24,0.313118,12
CTD_CP_H,20250730T095316,1215.97,7.1081,35.2126,24,0.313142,12
CTD_CP_H,20250730T095316,1217.99,7.0993,35.2114,25,0.313164,12
CTD_CP_H,20250730T095316,1219.98,7.0828,35.2100,23,0.313202,12
CTD_CP_H,20250730T095316,1221.95,7.0675,35.2084,24,0.313235,12
CTD_CP_H,20250730T095316,1223.96,7.0564,35.2072,24,0.313262,12
CTD_CP_H,20250730T095316,1225.98,7.0306,35.2049,24,0.313288,12
CTD_CP_H,20250730T095316,1228.00,7.0098,35.2029,23,0.313313,11
CTD_CP_H,20250730T095316,1229.98,6.9998,35.2018,23,0.313341,12
CTD_CP_H,20250730T095316,1232.01,6.9866,35.2006,24,0.313376,12
CTD_CP_H,20250730T095316,1234.01,6.9779,35.1996,24,0.313407,12
CTD_CP_H,20250730T095316,1236.00,6.9707,35.1987,30,0.313435,15
CTD_CP_H,20250730T095317,1237.97,6.9592,35.1976,30,0.313468,15
CTD_CP_H,20250730T095317,1239.96,6.9457,35.1962,31,0.313508,15
CTD_CP_H,20250730T095317,1242.00,6.9376,35.1952,30,0.313553,15
CTD_CP_H,20250730T095317,1244.03,6.9149,35.1934,30,0.313585,15
CTD_CP_H,20250730T095317,1246.02,6.9109,35.1927,29,0.313621,15
CTD_CP_H,20250730T095317,1248.00,6.9079,35.1924,29,0.313662,14
CTD_CP_H,20250730T095317,1250.00,6.9021,35.1917,29,0.313705,15
CTD_CP_H,20250730T095317,1252.02,6.8939,35.1908,29,0.313735,14
CTD_CP_H,20250730T095317,1254.00,6.8862,35.1897,28,0.313767,14
CTD_CP_H,20250730T095317,1255.97,6.8648,35.1881,28,0.313806,14
CTD_CP_H,20250730T095317,1257.97,6.8442,35.1866,28,0.313850,14
CTD_CP_H,20250730T095317,1259.99,6.8299,35.1855,28,0.313885,14
CTD_CP_H,20250730T095317,1262.00,6.8154,35.1840,27,0.313917,14
CTD_CP_H,20250730T095317,1263.99,6.8089,35.1834,27,0.313954,13
CTD_CP_H,20250730T095318,1266.00,6.8040,35.1829,27,0.313995,14
CTD_CP_H,20250730T095318,1268.01,6.8009,35.1823,27,0.314033,13
CTD_CP_H,20250730T095318,1270.00,6.7963,35.1818,26,0.314066,13
CTD_CP_H,20250730T095318,1271.99,6.7831,35.1805,27,0.314098,14
CTD_CP_H,20250730T095318,1274.02,6.7609,35.1784,26,0.314142,13
CTD_CP_H,20250730T095318,1276.03,6.7461,35.1770,26,0.314176,13
CTD_CP_H,20250730T095318,1278.01,6.7293,35.1754,25,0.314206,12
CTD_CP_H,20250730T095318,1280.01,6.7163,35.1739,26,0.314235,13
CTD_CP_H,20250730T095318,1282.02,6.7118,35.1733,25,0.314277,13
CTD_CP_H,20250730T095318,1284.01,6.6986,35.1719,25,0.314314,12
CTD_CP_H,20250730T095318,1285.99,6.6890,35.1707,25,0.314344,13
CTD_CP_H,20250730T095318,1287.97,6.6755,35.1693,25,0.314372,12
CTD_CP_H,20250730T095318,1289.97,6.6593,35.1677,25,0.314413,13
CTD_CP_H,20250730T095318,1291.98,6.6455,35.1666,25,0.314446,12
CTD_CP_H,20250730T095319,1293.99,6.6384,35.1660,25,0.314485,13
CTD_CP_H,20250730T095319,1295.98,6.6314,35.1648,24,0.314517,12
CTD_CP_H,20250730T095319,1297.99,6.6190,35.1638,26,0.314550,13
CTD_CP_H,20250730T095319,1300.03,6.6117,35.1629,25,0.314588,12
CTD_CP_H,20250730T095319,1302.01,6.6026,35.1617,24,0.314623,12
CTD_CP_H,20250730T095319,1304.01,6.5847,35.1601,25,0.314655,13
CTD_CP_H,20250730T095319,1306.02,6.5691,35.1589,24,0.314689,12
CTD_CP_H,20250730T095319,1308.00,6.5530,35.1575,24,0.314727,12
CTD_CP_H,20250730T095319,1309.97,6.5475,35.1566,24,0.314762,12
CTD_CP_H,20250730T095319,1311.98,6.5416,35.1563,25,0.314794,12
CTD_CP_H,20250730T095319,1314.02,6.5263,35.1551,25,0.314825,13
CTD_CP_H,20250730T095319,1315.99,6.5184,35.1537,24,0.314864,12
CTD_CP_H,20250730T095319,1317.99,6.5035,35.1527,25,0.314897,12
CTD_CP_H,20250730T095319,1320.01,6.4829,35.1510,24,0.314934,12
CTD_CP_H,20250730T095320,1322.00,6.4743,35.1501,24,0.314962,12
CTD_CP_H,20250730T095320,1324.00,6.4654,35.1489,24,0.314995,12
CTD_CP_H,20250730T095320,1325.99,6.4436,35.1474,24,0.315034,12
CTD_CP_H,20250730T095320,1327.98,6.4283,35.1461,24,0.315068,12
CTD_CP_H,20250730T095320,1329.98,6.4182,35.1450,24,0.315103,12
CTD_CP_H,20250730T095320,1331.98,6.4105,35.1440,24,0.315131,12
CTD_CP_H,20250730T095320,1333.97,6.3950,35.1426,24,0.315167,12
CTD_CP_H,20250730T095320,1335.98,6.3806,35.1411,24,0.315209,12
CTD_CP_H,20250730T095320,1337.98,6.3761,35.1404,24,0.315246,12
CTD_CP_H,20250730T095320,1339.98,6.3699,35.1396,24,0.315274,12
CTD_CP_H,20250730T095320,1341.99,6.3612,35.1387,25,0.315303,13
CTD_CP_H,20250730T095320,1344.02,6.3496,35.1372,24,0.315352,12
CTD_CP_H,20250730T095320,1346.02,6.3357,35.1357,24,0.315384,12
CTD_CP_H,20250730T095321,1348.00,6.3141,35.1341,24,0.315413,12
CTD_CP_H,20250730T095321,1349.98,6.3075,35.1329,24,0.315443,12
CTD_CP_H,20250730T095321,1351.95,6.2950,35.1313,24,0.315477,12
CTD_CP_H,20250730T095321,1353.98,6.2843,35.1302,25,0.315518,12
CTD_CP_H,20250730T095321,1356.00,6.2622,35.1279,24,0.315548,12
CTD_CP_H,20250730T095321,1357.98,6.2466,35.1264,24,0.315577,12
CTD_CP_H,20250730T095321,1360.00,6.2227,35.1238,24,0.315602,12
CTD_CP_H,20250730T095321,1362.02,6.2073,35.1222,24,0.315634,12
CTD_CP_H,20250730T095321,1364.03,6.1954,35.1213,24,0.315671,12
CTD_CP_H,20250730T095321,1366.01,6.1806,35.1194,23,0.315705,12
CTD_CP_H,20250730T095321,1367.99,6.1499,35.1168,24,0.315729,12
CTD_CP_H,20250730T095321,1370.00,6.1314,35.1145,24,0.315754,12
CTD_CP_H,20250730T095321,1372.00,6.1217,35.1130,24,0.315789,12
CTD_CP_H,20250730T095321,1374.01,6.0995,35.1109,24,0.315819,12
CTD_CP_H,20250730T095322,1376.03,6.0822,35.1089,24,0.315854,12
CTD_CP_H,20250730T095322,1378.02,6.0717,35.1079,24,0.315873,12
CTD_CP_H,20250730T095322,1380.01,6.0540,35.1060,24,0.315899,12
CTD_CP_H,20250730T095322,1381.99,6.0348,35.1045,24,0.315930,12
CTD_CP_H,20250730T095322,1384.00,6.0165,35.1028,26,0.315963,13
CTD_CP_H,20250730T095322,1386.04,6.0039,35.1015,31,0.316001,15
CTD_CP_H,20250730T095322,1388.00,5.9912,35.1003,32,0.316033,16
CTD_CP_H,20250730T095322,1390.00,5.9779,35.0993,30,0.316070,15
CTD_CP_H,20250730T095322,1392.00,5.9672,35.0986,30,0.316111,15
CTD_CP_H,20250730T095322,1394.01,5.9615,35.0980,30,0.316148,15
CTD_CP_H,20250730T095322,1396.00,5.9575,35.0974,29,0.316184,15
CTD_CP_H,20250730T095322,1398.01,5.9445,35.0963,30,0.316218,15
CTD_CP_H,20250730T095322,1400.02,5.9318,35.0952,29,0.316257,14
CTD_CP_H,20250730T095322,1402.00,5.9243,35.0943,29,0.316297,15
CTD_CP_H,20250730T095323,1403.99,5.9076,35.0924,29,0.316332,14
CTD_CP_H,20250730T095323,1406.02,5.8856,35.0905,30,0.316366,15
CTD_CP_H,20250730T095323,1408.01,5.8746,35.0893,28,0.316401,14
CTD_CP_H,20250730T095323,1409.97,5.8574,35.0880,29,0.316443,15
CTD_CP_H,20250730T095323,1411.97,5.8414,35.0865,29,0.316474,14
CTD_CP_H,20250730T095323,1413.99,5.8313,35.0853,29,0.316505,15
CTD_CP_H,20250730T095323,1416.01,5.8145,35.0837,28,0.316546,14
CTD_CP_H,20250730T095323,1417.98,5.8109,35.0833,28,0.316586,14
CTD_CP_H,20250730T095323,1419.97,5.8050,35.0828,29,0.316621,14
CTD_CP_H,20250730T095323,1421.99,5.7935,35.0816,29,0.316656,15
CTD_CP_H,20250730T095323,1424.01,5.7767,35.0798,28,0.316690,14
CTD_CP_H,20250730T095323,1426.01,5.7614,35.0784,28,0.316731,14
CTD_CP_H,20250730T095323,1428.02,5.7515,35.0772,28,0.316768,14
CTD_CP_H,20250730T095324,1430.02,5.7410,35.0761,27,0.316801,13
CTD_CP_H,20250730T095324,1431.99,5.7254,35.0748,27,0.316834,14
CTD_CP_H,20250730T095324,1433.98,5.7168,35.0738,28,0.316873,14
CTD_CP_H,20250730T095324,1435.98,5.7068,35.0729,27,0.316909,13
CTD_CP_H,20250730T095324,1437.98,5.6993,35.0721,27,0.316944,14
CTD_CP_H,20250730T095324,1439.99,5.6975,35.0716,27,0.316974,13
CTD_CP_H,20250730T095324,1442.02,5.6903,35.0704,27,0.317016,14
CTD_CP_H,20250730T095324,1444.03,5.6554,35.0679,26,0.317047,13
CTD_CP_H,20250730T095324,1446.03,5.6374,35.0655,26,0.317083,13
CTD_CP_H,20250730T095324,1448.01,5.6186,35.0640,25,0.317113,12
CTD_CP_H,20250730T095324,1449.96,5.6083,35.0630,25,0.317143,13
CTD_CP_H,20250730T095324,1451.97,5.5987,35.0619,26,0.317182,13
CTD_CP_H,20250730T095324,1453.99,5.5895,35.0611,25,0.317214,12
CTD_CP_H,20250730T095324,1455.99,5.5801,35.0605,25,0.317246,13
CTD_CP_H,20250730T095325,1458.00,5.5669,35.0597,25,0.317272,12
CTD_CP_H,20250730T095325,1460.01,5.5578,35.0588,25,0.317310,13
CTD_CP_H,20250730T095325,1462.01,5.5501,35.0574,24,0.317346,12
CTD_CP_H,20250730T095325,1463.97,5.5303,35.0558,24,0.317376,12
CTD_CP_H,20250730T095325,1465.98,5.5139,35.0540,25,0.317403,12
CTD_CP_H,20250730T095325,1468.00,5.4947,35.0525,24,0.317429,12
CTD_CP_H,20250730T095325,1469.99,5.4792,35.0514,24,0.317464,12
CTD_CP_H,20250730T095325,1472.00,5.4737,35.0505,24,0.317494,12
CTD_CP_H,20250730T095325,1473.99,5.4663,35.0497,24,0.317530,12
CTD_CP_H,20250730T095325,1476.01,5.4584,35.0489,24,0.317553,12
CTD_CP_H,20250730T095325,1478.00,5.4466,35.0478,23,0.317589,12
CTD_CP_H,20250730T095325,1480.01,5.4360,35.0472,24,0.317618,12
CTD_CP_H,20250730T095325,1482.02,5.4323,35.0463,23,0.317651,11
CTD_CP_H,20250730T095325,1484.00,5.4246,35.0458,23,0.317686,12
CTD_CP_H,20250730T095326,1485.98,5.4150,35.0449,23,0.317709,11
CTD_CP_H,20250730T095326,1487.98,5.4072,35.0435,23,0.317740,12
CTD_CP_H,20250730T095326,1489.96,5.3919,35.0424,23,0.317772,11
CTD_CP_H,20250730T095326,1491.96,5.3713,35.0406,23,0.317807,12
CTD_CP_H,20250730T095326,1493.96,5.3545,35.0392,23,0.317835,11
CTD_CP_H,20250730T095326,1495.98,5.3433,35.0379,23,0.317863,12
CTD_CP_H,20250730T095326,1497.97,5.3310,35.0370,22,0.317893,11
CTD_CP_H,20250730T095326,1499.97,5.3251,35.0366,23,0.317916,11
CTD_CP_H,20250730T095326,1502.03,5.3241,35.0361,23,0.317955,12
CTD_CP_H,20250730T095326,1504.03,5.3173,35.0354,22,0.317987,11
CTD_CP_H,20250730T095326,1505.99,5.3046,35.0341,22,0.318008,11
CTD_CP_H,20250730T095326,1508.01,5.2883,35.0329,23,0.318035,11
CTD_CP_H,20250730T095326,1510.03,5.2714,35.0309,22,0.318068,11
CTD_CP_H,20250730T095326,1512.00,5.2536,35.0296,22,0.318095,11
CTD_CP_H,20250730T095327,1514.01,5.2373,35.0285,23,0.318127,12
CTD_CP_H,20250730T095327,1516.02,5.2260,35.0272,22,0.318151,11
CTD_CP_H,20250730T095327,1517.99,5.2150,35.0262,22,0.318176,11
CTD_CP_H,20250730T095327,1520.01,5.2031,35.0252,23,0.318204,11
CTD_CP_H,20250730T095327,1522.02,5.1929,35.0246,22,0.318234,11
CTD_CP_H,20250730T095327,1524.01,5.1867,35.0236,22,0.318263,11
CTD_CP_H,20250730T095327,1526.00,5.1782,35.0228,22,0.318294,11
CTD_CP_H,20250730T095327,1528.01,5.1715,35.0219,22,0.318316,11
CTD_CP_H,20250730T095327,1530.03,5.1527,35.0200,22,0.318342,11
CTD_CP_H,20250730T095327,1532.04,5.1342,35.0190,22,0.318368,11
CTD_CP_H,20250730T095327,1534.01,5.1234,35.0181,21,0.318398,11
CTD_CP_H,20250730T095327,1535.99,5.1223,35.0175,22,0.318425,11
CTD_CP_H,20250730T095327,1538.01,5.1039,35.0162,22,0.318451,11
CTD_CP_H,20250730T095328,1540.00,5.0907,35.0148,21,0.318469,10
CTD_CP_H,20250730T095328,1541.97,5.0767,35.0137,22,0.318494,11
CTD_CP_H,20250730T095328,1543.98,5.0623,35.0125,22,0.318516,11
CTD_CP_H,20250730T095328,1546.00,5.0450,35.0110,22,0.318544,11
CTD_CP_H,20250730T095328,1547.99,5.0277,35.0094,21,0.318569,11
CTD_CP_H,20250730T095328,1549.98,5.0051,35.0075,22,0.318593,11
CTD_CP_H,20250730T095328,1551.99,4.9966,35.0066,22,0.318613,11
CTD_CP_H,20250730T095328,1553.98,4.9831,35.0055,21,0.318634,10
CTD_CP_H,20250730T095328,1555.97,4.9677,35.0044,22,0.318652,11
CTD_CP_H,20250730T095328,1558.00,4.9591,35.0032,22,0.318679,11
CTD_CP_H,20250730T095328,1559.97,4.9484,35.0023,21,0.318706,11
CTD_CP_H,20250730T095328,1561.99,4.9332,35.0010,23,0.318732,11
CTD_CP_H,20250730T095328,1564.01,4.9167,34.9999,21,0.318749,11
CTD_CP_H,20250730T095328,1565.98,4.9041,34.9988,22,0.318768,11
CTD_CP_H,20250730T095329,1568.01,4.8936,34.9976,22,0.318791,11
CTD_CP_H,20250730T095329,1570.03,4.8820,34.9967,22,0.318813,11
CTD_CP_H,20250730T095329,1572.00,4.8768,34.9965,21,0.318839,10
CTD_CP_H,20250730T095329,1574.01,4.8748,34.9957,23,0.318860,12
CTD_CP_H,20250730T095329,1576.03,4.8569,34.9941,21,0.318880,10
CTD_CP_H,20250730T095329,1577.99,4.8375,34.9925,21,0.318902,11
CTD_CP_H,20250730T095329,1580.00,4.8327,34.9922,22,0.318921,11
CTD_CP_H,20250730T095329,1582.04,4.8279,34.9918,22,0.318944,11
CTD_CP_H,20250730T095329,1584.03,4.8223,34.9912,21,0.318960,10
CTD_CP_H,20250730T095329,1585.98,4.8151,34.9904,21,0.318986,11
CTD_CP_H,20250730T095329,1587.98,4.8085,34.9898,22,0.319011,11
CTD_CP_H,20250730T095329,1589.99,4.8000,34.9890,22,0.319035,11
CTD_CP_H,20250730T095329,1592.02,4.7935,34.9881,25,0.319053,12
CTD_CP_H,20250730T095329,1594.04,4.7846,34.9877,28,0.319077,14
CTD_CP_H,20250730T095330,1596.04,4.7760,34.9867,28,0.319106,14
CTD_CP_H,20250730T095330,1598.00,4.7650,34.9856,27,0.319138,14
CTD_CP_H,20250730T095330,1599.99,4.7557,34.9850,28,0.319172,14
CTD_CP_H,20250730T095330,1602.00,4.7500,34.9843,28,0.319196,14
CTD_CP_H,20250730T095330,1604.01,4.7408,34.9834,28,0.319221,14
CTD_CP_H,20250730T095330,1606.03,4.7304,34.9824,28,0.319251,14
CTD_CP_H,20250730T095330,1608.01,4.7247,34.9821,27,0.319281,13
CTD_CP_H,20250730T095330,1610.00,4.7193,34.9811,28,0.319311,14
CTD_CP_H,20250730T095330,1612.03,4.6988,34.9795,27,0.319342,14
CTD_CP_H,20250730T095330,1614.00,4.6829,34.9785,27,0.319369,13
CTD_CP_H,20250730T095330,1616.02,4.6774,34.9775,28,0.319393,14
CTD_CP_H,20250730T095330,1618.00,4.6641,34.9768,27,0.319417,14
CTD_CP_H,20250730T095330,1619.99,4.6531,34.9760,28,0.319460,14
CTD_CP_H,20250730T095331,1622.01,4.6485,34.9752,27,0.319486,13
CTD_CP_H,20250730T095331,1623.99,4.6412,34.9749,27,0.319516,14
CTD_CP_H,20250730T095331,1625.98,4.6355,34.9741,28,0.319543,14
CTD_CP_H,20250730T095331,1627.99,4.6287,34.9736,27,0.319570,13
CTD_CP_H,20250730T095331,1629.98,4.6159,34.9725,27,0.319610,14
CTD_CP_H,20250730T095331,1632.00,4.6096,34.9719,28,0.319641,14
CTD_CP_H,20250730T095331,1634.03,4.6043,34.9713,27,0.319669,13
CTD_CP_H,20250730T095331,1636.00,4.6001,34.9707,26,0.319696,13
CTD_CP_H,20250730T095331,1637.99,4.5925,34.9699,27,0.319724,14
CTD_CP_H,20250730T095331,1640.00,4.5775,34.9687,27,0.319758,13
CTD_CP_H,20250730T095331,1642.00,4.5572,34.9668,27,0.319789,14
CTD_CP_H,20250730T095331,1643.99,4.5476,34.9656,26,0.319818,13
CTD_CP_H,20250730T095331,1645.99,4.5356,34.9646,27,0.319846,13
CTD_CP_H,20250730T095331,1648.03,4.5228,34.9635,27,0.319873,14
CTD_CP_H,20250730T095332,1650.04,4.5161,34.9630,26,0.319910,13
CTD_CP_H,20250730T095332,1652.00,4.5093,34.9624,26,0.319937,13
CTD_CP_H,20250730T095332,1653.97,4.4988,34.9613,26,0.319968,13
CTD_CP_H,20250730T095332,1655.97,4.4817,34.9601,26,0.319995,13
CTD_CP_H,20250730T095332,1657.98,4.4715,34.9590,26,0.320022,13
CTD_CP_H,20250730T095332,1660.00,4.4611,34.9579,26,0.320054,13
CTD_CP_H,20250730T095332,1662.03,4.4465,34.9571,26,0.320083,13
CTD_CP_H,20250730T095332,1664.02,4.4412,34.9564,25,0.320113,12
CTD_CP_H,20250730T095332,1665.99,4.4273,34.9553,25,0.320139,13
CTD_CP_H,20250730T095332,1667.96,4.4187,34.9546,25,0.320160,12
CTD_CP_H,20250730T095332,1670.00,4.4088,34.9535,26,0.320192,13
CTD_CP_H,20250730T095332,1672.05,4.3951,34.9522,25,0.320224,13
CTD_CP_H,20250730T095332,1674.02,4.3798,34.9512,24,0.320249,12
CTD_CP_H,20250730T095332,1675.97,4.3630,34.9496,24,0.320276,12
CTD_CP_H,20250730T095333,1677.99,4.3595,34.9490,25,0.320303,12
CTD_CP_H,20250730T095333,1680.00,4.3537,34.9484,24,0.320322,12
CTD_CP_H,20250730T095333,1681.99,4.3385,34.9473,25,0.320357,13
CTD_CP_H,20250730T095333,1684.01,4.3313,34.9467,24,0.320386,12
CTD_CP_H,20250730T095333,1686.00,4.3250,34.9459,24,0.320414,12
CTD_CP_H,20250730T095333,1688.00,4.3182,34.9451,24,0.320437,12
CTD_CP_H,20250730T095333,1690.00,4.3092,34.9441,24,0.320457,12
CTD_CP_H,20250730T095333,1692.01,4.2946,34.9428,24,0.320483,12
CTD_CP_H,20250730T095333,1694.00,4.2805,34.9415,23,0.320512,11
CTD_CP_H,20250730T095333,1695.99,4.2634,34.9401,24,0.320536,12
CTD_CP_H,20250730T095333,1698.04,4.2473,34.9388,24,0.320565,12
CTD_CP_H,20250730T095333,1700.06,4.2341,34.9375,23,0.320583,12
CTD_CP_H,20250730T095333,1702.04,4.2304,34.9370,23,0.320609,11
CTD_CP_H,20250730T095334,1704.03,4.2226,34.9360,23,0.320634,12
CTD_CP_H,20250730T095334,1706.01,4.1957,34.9341,22,0.320651,11
CTD_CP_H,20250730T095334,1707.98,4.1830,34.9330,23,0.320680,11
CTD_CP_H,20250730T095334,1710.01,4.1782,34.9326,23,0.320705,12
CTD_CP_H,20250730T095334,1711.99,4.1731,34.9317,22,0.320727,11
CTD_CP_H,20250730T095334,1713.99,4.1647,34.9311,23,0.320746,11
CTD_CP_H,20250730T095334,1716.00,4.1482,34.9299,22,0.320765,11
CTD_CP_H,20250730T095334,1717.98,4.1379,34.9290,22,0.320792,11
CTD_CP_H,20250730T095334,1720.01,4.1288,34.9281,23,0.320813,12
CTD_CP_H,20250730T095334,1722.04,4.1222,34.9274,22,0.320837,11
CTD_CP_H,20250730T095334,1724.03,4.1083,34.9264,22,0.320861,11
CTD_CP_H,20250730T095334,1726.02,4.1006,34.9253,22,0.320880,11
CTD_CP_H,20250730T095334,1728.03,4.1018,34.9256,22,0.320905,11
CTD_CP_H,20250730T095334,1730.00,4.0997,34.9254,21,0.320922,10
CTD_CP_H,20250730T095335,1731.99,4.0805,34.9239,22,0.320939,11
CTD_CP_H,20250730T095335,1734.03,4.0702,34.9228,22,0.320962,11
CTD_CP_H,20250730T095335,1736.02,4.0579,34.9214,21,0.320986,11
CTD_CP_H,20250730T095335,1738.02,4.0459,34.9204,22,0.321005,11
CTD_CP_H,20250730T095335,1740.02,4.0313,34.9190,21,0.321032,10
CTD_CP_H,20250730T095335,1741.98,4.0213,34.9181,21,0.321046,11
CTD_CP_H,20250730T095335,1743.99,4.0138,34.9173,22,0.321067,11
CTD_CP_H,20250730T095335,1746.01,4.0048,34.9163,21,0.321085,10
CTD_CP_H,20250730T095335,1747.99,3.9891,34.9154,21,0.321102,11
CTD_CP_H,20250730T095335,1749.97,3.9794,34.9147,21,0.321117,10
CTD_CP_H,20250730T095335,1751.97,3.9752,34.9138,21,0.321140,11
CTD_CP_H,20250730T095335,1753.97,3.9696,34.9134,21,0.321159,10
CTD_CP_H,20250730T095335,1755.99,3.9591,34.9124,21,0.321174,11
CTD_CP_H,20250730T095335,1758.01,3.9445,34.9112,21,0.321197,10
CTD_CP_H,20250730T095336,1759.99,3.9327,34.9101,20,0.321213,10
CTD_CP_H,20250730T095336,1761.97,3.9227,34.9095,21,0.321227,11
CTD_CP_H,20250730T095336,1764.00,3.9120,34.9086,21,0.321243,10
CTD_CP_H,20250730T095336,1765.99,3.9002,34.9078,20,0.321258,10
CTD_CP_H,20250730T095336,1767.99,3.8912,34.9069,21,0.321275,11
CTD_CP_H,20250730T095336,1769.98,3.8789,34.9055,20,0.321293,10
CTD_CP_H,20250730T095336,1771.97,3.8695,34.9050,21,0.321312,10
CTD_CP_H,20250730T095336,1773.99,3.8589,34.9040,22,0.321325,11
CTD_CP_H,20250730T095336,1775.99,3.8515,34.9033,25,0.321348,13
CTD_CP_H,20250730T095336,1777.98,3.8387,34.9023,27,0.321364,13
CTD_CP_H,20250730T095336,1780.02,3.8314,34.9019,27,0.321382,14
CTD_CP_H,20250730T095336,1782.02,3.8272,34.9012,26,0.321402,13
CTD_CP_H,20250730T095336,1784.00,3.8202,34.9008,27,0.321425,13
CTD_CP_H,20250730T095337,1786.00,3.8045,34.8997,26,0.321448,13
CTD_CP_H,20250730T095337,1787.98,3.7950,34.8988,27,0.321472,14
CTD_CP_H,20250730T095337,1789.98,3.7855,34.8981,26,0.321491,13
CTD_CP_H,20250730T095337,1792.00,3.7794,34.8973,27,0.321511,13
CTD_CP_H,20250730T095337,1794.03,3.7680,34.8962,26,0.321527,13
CTD_CP_H,20250730T095337,1796.00,3.7585,34.8954,26,0.321550,13
CTD_CP_H,20250730T095337,1798.01,3.7460,34.8946,27,0.321569,14
CTD_CP_H,20250730T095337,1800.01,3.7404,34.8938,26,0.321589,13
CTD_CP_H,20250730T095337,1801.99,3.7346,34.8929,26,0.321609,13
CTD_CP_H,20250730T095337,1803.97,3.7237,34.8921,26,0.321630,13
CTD_CP_H,20250730T095337,1805.98,3.7147,34.8912,27,0.321650,13
CTD_CP_H,20250730T095337,1807.98,3.7035,34.8903,26,0.321667,13
CTD_CP_H,20250730T095337,1809.99,3.6959,34.8896,27,0.321686,14
CTD_CP_H,20250730T095337,1811.99,3.6861,34.8890,25,0.321705,12
CTD_CP_H,20250730T095338,1813.99,3.6811,34.8882,27,0.321725,14
CTD_CP_H,20250730T095338,1815.99,3.6721,34.8870,25,0.321745,12
CTD_CP_H,20250730T095338,1817.99,3.6576,34.8859,27,0.321767,14
CTD_CP_H,20250730T095338,1820.02,3.6479,34.8852,26,0.321788,13
CTD_CP_H,20250730T095338,1822.03,3.6469,34.8852,26,0.321807,13
CTD_CP_H,20250730T095338,1824.02,3.6448,34.8846,26,0.321825,13
CTD_CP_H,20250730T095338,1826.01,3.6361,34.8838,26,0.321843,13
CTD_CP_H,20250730T095338,1828.01,3.6226,34.8827,26,0.321860,13
CTD_CP_H,20250730T095338,1830.02,3.6081,34.8815,26,0.321884,13
CTD_CP_H,20250730T095338,1832.04,3.5992,34.8809,26,0.321901,13
CTD_CP_H,20250730T095338,1834.02,3.5911,34.8802,25,0.321928,12
CTD_CP_H,20250730T095338,1835.99,3.5870,34.8800,25,0.321949,13
CTD_CP_H,20250730T095338,1837.96,3.5828,34.8796,25,0.321964,12
CTD_CP_H,20250730T095338,1839.97,3.5796,34.8792,26,0.321983,13
CTD_CP_H,20250730T095339,1841.98,3.5741,34.8791,25,0.322005,13
CTD_CP_H,20250730T095339,1843.96,3.5683,34.8782,25,0.322021,12
CTD_CP_H,20250730T095339,1846.00,3.5589,34.8775,26,0.322042,13
CTD_CP_H,20250730T095339,1848.00,3.5498,34.8771,24,0.322070,12
CTD_CP_H,20250730T095339,1849.98,3.5463,34.8767,25,0.322095,13
CTD_CP_H,20250730T095339,1852.01,3.5415,34.8767,25,0.322113,12
CTD_CP_H,20250730T095339,1854.01,3.5325,34.8755,24,0.322129,12
CTD_CP_H,20250730T095339,1856.00,3.5248,34.8752,25,0.322153,13
CTD_CP_H,20250730T095339,1858.00,3.5178,34.8740,24,0.322171,12
CTD_CP_H,20250730T095339,1859.98,3.5104,34.8741,24,0.322197,12
CTD_CP_H,20250730T095339,1862.00,3.5041,34.8736,25,0.322223,12
CTD_CP_H,20250730T095339,1864.03,3.4892,34.8724,24,0.322240,12
CTD_CP_H,20250730T095339,1866.01,3.4810,34.8714,24,0.322267,12
CTD_CP_H,20250730T095339,1867.99,3.4766,34.8710,24,0.322286,12
CTD_CP_H,20250730T095340,1870.00,3.4644,34.8704,24,0.322307,12
CTD_CP_H,20250730T095340,1872.02,3.4565,34.8697,24,0.322327,12
CTD_CP_H,20250730T095340,1874.03,3.4519,34.8694,23,0.322352,12
CTD_CP_H,20250730T095340,1875.97,3.4497,34.8687,23,0.322377,11
CTD_CP_H,20250730T095340,1877.97,3.4470,34.8691,24,0.322395,12
CTD_CP_H,20250730T095340,1879.98,3.4397,34.8679,23,0.322426,12
CTD_CP_H,20250730T095340,1881.97,3.4308,34.8677,23,0.322444,11
CTD_CP_H,20250730T095340,1883.98,3.4273,34.8675,23,0.322471,12
CTD_CP_H,20250730T095340,1885.99,3.4240,34.8677,23,0.322489,11
CTD_CP_H,20250730T095340,1887.98,3.4222,34.8668,23,0.322521,12
CTD_CP_H,20250730T095340,1889.97,3.4189,34.8662,23,0.322547,11
CTD_CP_H,20250730T095340,1891.97,3.4134,34.8658,23,0.322579,12
CTD_CP_H,20250730T095340,1894.02,3.4057,34.8658,23,0.322603,11
CTD_CP_H,20250730T095341,1896.00,3.4019,34.8649,22,0.322626,11
CTD_CP_H,20250730T095341,1898.00,3.3997,34.8646,23,0.322659,12
CTD_CP_H,20250730T095341,1900.02,3.3894,34.8646,22,0.322684,11
CTD_CP_H,20250730T095341,1901.98,3.3791,34.8630,22,0.322719,11
CTD_CP_H,20250730T095341,1903.99,3.3701,34.8628,23,0.322744,11
CTD_CP_H,20250730T095341,1906.01,3.3633,34.8624,22,0.322771,11
CTD_CP_H,20250730T095341,1908.01,3.3580,34.8617,22,0.322804,11
CTD_CP_H,20250730T095341,1910.01,3.3532,34.8615,22,0.322832,11
CTD_CP_H,20250730T095341,1911.99,3.3508,34.8608,21,0.322869,11
CTD_CP_H,20250730T095341,1913.98,3.3462,34.8606,22,0.322896,11
CTD_CP_H,20250730T095341,1916.01,3.3385,34.8600,22,0.322928,11
CTD_CP_H,20250730T095341,1918.02,3.3331,34.8596,21,0.322963,10
CTD_CP_H,20250730T095341,1919.99,3.3276,34.8593,21,0.323000,11
CTD_CP_H,20250730T095341,1922.01,3.3237,34.8588,22,0.323031,11
CTD_CP_H,20250730T095342,1924.05,3.3146,34.8583,21,0.323068,10
CTD_CP_H,20250730T095342,1926.04,3.3090,34.8573,21,0.323096,11
CTD_CP_H,20250730T095342,1928.00,3.3043,34.8569,20,0.323147,10
CTD_CP_H,20250730T095342,1929.98,3.3017,34.8571,21,0.323181,10
CTD_CP_H,20250730T095342,1932.00,3.2967,34.8567,21,0.323219,11
CTD_CP_H,20250730T095342,1934.03,3.2941,34.8560,21,0.323247,10
CTD_CP_H,20250730T095342,1936.03,3.2885,34.8556,20,0.323302,10
CTD_CP_H,20250730T095342,1937.99,3.2785,34.8556,20,0.323332,10
CTD_CP_H,20250730T095342,1939.99,3.2742,34.8547,21,0.323372,11
CTD_CP_H,20250730T095342,1942.01,3.2672,34.8536,20,0.323420,10
CTD_CP_H,20250730T095342,1944.00,3.2529,34.8528,20,0.323468,10
CTD_CP_H,20250730T095342,1945.98,3.2445,34.8527,20,0.323505,10
CTD_CP_H,20250730T095342,1947.94,3.2401,34.8524,20,0.323551,10
CTD_CP_H,20250730T095342,1949.93,3.2377,34.8511,20,0.323600,10
CTD_CP_H,20250730T095343,1951.97,3.2319,34.8513,21,0.323648,10
CTD_CP_H,20250730T095343,1954.02,3.2297,34.8512,20,0.323689,10
CTD_CP_H,20250730T095343,1956.02,3.2252,34.8505,20,0.323744,10
CTD_CP_H,20250730T095343,1958.03,3.2214,34.8507,20,0.323795,10
CTD_CP_H,20250730T095343,1960.03,3.2205,34.8501,20,0.323840,10
CTD_CP_H,20250730T095343,1961.99,3.2175,34.8497,19,0.323905,10
CTD_CP_H,20250730T095343,1963.95,3.2105,34.8493,20,0.323951,10
CTD_CP_H,20250730T095343,1965.98,3.1989,34.8487,20,0.324008,10
CTD_CP_H,20250730T095343,1968.01,3.1958,34.8481,20,0.324066,10
CTD_CP_H,20250730T095343,1970.05,3.1874,34.8479,20,0.324121,10
CTD_CP_H,20250730T095343,1972.04,3.1808,34.8469,19,0.324172,9
CTD_CP_H,20250730T095343,1973.99,3.1792,34.8472,19,0.324232,10
CTD_CP_H,20250730T095343,1976.00,3.1759,34.8462,20,0.324280,10
CTD_CP_H,20250730T095344,1978.03,3.1684,34.8458,19,0.324338,9
CTD_CP_H,20250730T095344,1980.00,3.1632,34.8456,19,0.324392,10
CTD_CP_H,20250730T095344,1982.02,3.1579,34.8453,20,0.324439,10
CTD_CP_H,20250730T095344,1984.00,3.1559,34.8450,18,0.324478,9
CTD_CP_H,20250730T095344,1985.97,3.1530,34.8448,20,0.324530,10
CTD_CP_H,20250730T095344,1988.00,3.1453,34.8441,19,0.324556,9
CTD_CP_H,20250730T095344,1989.99,3.1388,34.8438,19,0.324530,10
CTD_CP_H,20250730T095344,1991.97,3.1368,34.8434,19,0.322751,9
CTD_CP_H,20250730T095344,1994.00,3.1294,34.8432,20,0.293353,2
CTD_CP_H,20250730T095344,1996.02,3.1222,34.8427,19,nan,0
CTD_CP_H,20250730T095344,1997.27,3.1183,34.8427,6,nan,0
GPS,20250730T095525,18.957081,63.016117,7
CTD_P,20250730T095527,-0.08
