Message,20240728T124202,Firmware: 07/21/23 18:56:40 2.17.4 STD IRID Final
Message,20240728T124202,Username: f10469
GPS,20240728T124202,18.348061,68.457443,9
GPS,20240728T125335,18.347385,68.459229,9
CTD_P,20240728T125337,-0.30
FLBB_CFG,20240728T125339,695,700
Message,20240728T125339,Park Descent Mission
CTD_P,20240728T125342,-0.05
CTD_P,20240728T125456,-0.08
CTD_P,20240728T125558,-0.04
CTD_P,20240728T125700,0.02
CTD_P,20240728T125803,0.17
CTD_P,20240728T125905,0.75
CTD_P,20240728T130007,3.72
CTD_P,20240728T130110,12.11
CTD_P,20240728T130212,21.98
CTD_P,20240728T130314,31.81
CTD_P,20240728T130416,41.89
CTD_P,20240728T130519,51.68
CTD_P,20240728T130556,58.31
CTD_P,20240728T130557,58.55
CTD_P,20240728T130659,70.00
CTD_P,20240728T140702,477.76
CTD_P,20240728T150705,745.74
CTD_P,20240728T160434,903.08
CTD_P,20240728T164046,951.20
CTD_P,20240728T171902,971.86
CTD_P,20240728T181905,982.91
CTD_P,20240728T182008,983.23
CTD_P,20240728T182111,983.53
CTD_P,20240728T182126,983.63
CTD_P,20240728T182228,984.60
CTD_P,20240728T182240,984.89
CTD_P,20240728T182342,986.76
CTD_P,20240728T182354,987.11
CTD_P,20240728T182456,989.42
CTD_P,20240728T182508,989.88
CTD_P,20240728T182610,992.52
CTD_P,20240728T182622,992.97
CTD_P,20240728T182724,995.93
CTD_P,20240728T182735,996.41
CTD_P,20240728T182751,997.24
Message,20240728T182754,Park Mission
CTD_P,20240728T182757,997.51
CTD_PTSH,20240728T182819,998.60,8.4600,35.3350,-1.040117
CTD_P,20240728T182820,998.64
CTD_P,20240728T192753,1105.45
CTD_PTSH,20240728T192816,1105.50,7.8299,35.2770,-1.040692
CTD_P,20240728T192817,1105.57
CTD_P,20240728T202818,1115.95
CTD_PTSH,20240728T202841,1115.80,7.7909,35.2680,-1.040758
CTD_P,20240728T202842,1115.82
CTD_P,20240728T212843,1116.71
CTD_PTSH,20240728T212906,1116.70,7.7013,35.2600,-1.040841
CTD_P,20240728T212907,1116.70
CTD_P,20240728T222908,1095.98
CTD_PTSH,20240728T222931,1096.00,7.8075,35.2710,-1.040829
CTD_P,20240728T222932,1095.94
CTD_P,20240728T232933,1098.79
CTD_PTSH,20240728T232956,1098.80,7.7978,35.2680,-1.040862
CTD_P,20240728T232957,1098.76
CTD_P,20240729T002958,1100.59
CTD_PTSH,20240729T003021,1100.60,7.7977,35.2670,-1.040880
CTD_P,20240729T003022,1100.56
CTD_P,20240729T013023,1080.22
CTD_PTSH,20240729T013046,1080.20,7.8815,35.2760,-1.040859
CTD_P,20240729T013047,1080.22
CTD_P,20240729T023048,1078.67
CTD_PTSH,20240729T023111,1078.70,7.8725,35.2770,-1.040884
CTD_P,20240729T023112,1078.72
CTD_P,20240729T033113,1080.03
CTD_PTSH,20240729T033136,1080.00,7.9156,35.2780,-1.040894
CTD_P,20240729T033137,1079.97
CTD_P,20240729T043139,1066.79
CTD_PTSH,20240729T043202,1066.80,7.9623,35.2870,-1.040842
CTD_P,20240729T043203,1066.82
CTD_P,20240729T053204,1068.93
CTD_PTSH,20240729T053227,1068.90,8.0064,35.2880,-1.040897
CTD_P,20240729T053228,1068.90
CTD_P,20240729T063229,1068.57
CTD_PTSH,20240729T063252,1068.50,7.9824,35.2860,-1.040874
CTD_P,20240729T063253,1068.50
CTD_P,20240729T073255,1057.74
CTD_PTSH,20240729T073318,1057.60,8.0888,35.2960,-1.040888
CTD_P,20240729T073319,1057.63
CTD_P,20240729T083320,1053.92
CTD_PTSH,20240729T083343,1053.80,8.0666,35.2950,-1.040908
CTD_P,20240729T083344,1053.81
CTD_P,20240729T093345,1053.23
CTD_PTSH,20240729T093408,1053.20,8.0061,35.2900,-1.040894
CTD_P,20240729T093409,1053.20
CTD_P,20240729T103410,1033.74
CTD_PTSH,20240729T103433,1033.70,8.0885,35.2970,-1.040860
CTD_P,20240729T103434,1033.75
CTD_P,20240729T113435,1036.66
CTD_PTSH,20240729T113458,1036.60,8.1323,35.3000,-1.040832
CTD_P,20240729T113459,1036.61
CTD_P,20240729T123500,1032.23
CTD_PTSH,20240729T123523,1032.20,8.0977,35.2980,-1.040881
CTD_P,20240729T123524,1032.16
CTD_P,20240729T133525,1012.04
CTD_PTSH,20240729T133548,1012.00,8.2178,35.3120,-1.040808
CTD_P,20240729T133549,1012.03
CTD_P,20240729T143550,1013.46
CTD_PTSH,20240729T143613,1013.50,8.2315,35.3130,-1.040822
CTD_P,20240729T143614,1013.51
CTD_P,20240729T153615,1012.82
CTD_PTSH,20240729T153638,1012.70,8.2648,35.3150,-1.040809
CTD_P,20240729T153639,1012.72
CTD_P,20240729T163640,1014.99
CTD_PTSH,20240729T163703,1015.00,8.2667,35.3170,-1.040862
CTD_P,20240729T163704,1015.01
CTD_P,20240729T173705,1017.36
CTD_PTSH,20240729T173728,1017.40,8.3254,35.3230,-1.040805
CTD_P,20240729T173729,1017.38
CTD_P,20240729T183730,1017.14
CTD_PTSH,20240729T183753,1017.10,8.3880,35.3270,-1.040825
CTD_P,20240729T183754,1017.06
CTD_P,20240729T193755,1016.78
CTD_PTSH,20240729T193818,1016.80,8.3472,35.3240,-1.040840
CTD_P,20240729T193819,1016.84
CTD_P,20240729T203820,1015.65
CTD_PTSH,20240729T203843,1015.60,8.3638,35.3260,-1.040848
CTD_P,20240729T203844,1015.63
CTD_P,20240729T213845,1015.57
CTD_PTSH,20240729T213908,1015.60,8.3251,35.3220,-1.040834
CTD_P,20240729T213909,1015.60
CTD_P,20240729T223910,1018.14
CTD_PTSH,20240729T223933,1018.10,8.3611,35.3260,-1.040836
CTD_P,20240729T223934,1018.12
CTD_P,20240729T233935,1014.37
CTD_PTSH,20240729T233958,1014.30,8.3264,35.3260,-1.040840
CTD_P,20240729T233959,1014.28
CTD_P,20240730T004000,1015.84
CTD_PTSH,20240730T004023,1015.80,8.3100,35.3180,-1.040817
CTD_P,20240730T004024,1015.79
CTD_P,20240730T014025,1014.34
CTD_PTSH,20240730T014048,1014.30,8.2819,35.3170,-1.040850
CTD_P,20240730T014049,1014.32
CTD_P,20240730T024050,1017.42
CTD_PTSH,20240730T024113,1017.50,8.2637,35.3160,-1.040885
CTD_P,20240730T024114,1017.50
CTD_P,20240730T034115,1018.80
CTD_PTSH,20240730T034138,1018.70,8.3349,35.3240,-1.040856
CTD_P,20240730T034139,1018.67
CTD_P,20240730T044140,1018.21
CTD_PTSH,20240730T044203,1018.30,8.3218,35.3220,-1.040834
CTD_P,20240730T044204,1018.26
CTD_P,20240730T054205,1019.07
CTD_PTSH,20240730T054228,1019.00,8.3592,35.3250,-1.040869
CTD_P,20240730T054229,1019.02
CTD_P,20240730T064230,1019.04
CTD_PTSH,20240730T064253,1019.00,8.3813,35.3280,-1.040867
CTD_P,20240730T064254,1019.00
CTD_P,20240730T074255,1012.92
CTD_PTSH,20240730T074318,1013.00,8.2930,35.3230,-1.040881
CTD_P,20240730T074319,1013.00
CTD_P,20240730T084320,1015.24
CTD_PTSH,20240730T084343,1015.20,8.2826,35.3180,-1.040883
CTD_P,20240730T084344,1015.22
CTD_P,20240730T094345,1015.53
CTD_PTSH,20240730T094408,1015.60,8.2834,35.3210,-1.040865
CTD_P,20240730T094409,1015.56
CTD_P,20240730T104410,1018.09
CTD_PTSH,20240730T104433,1018.00,8.3066,35.3200,-1.040880
CTD_P,20240730T104434,1018.02
CTD_P,20240730T114435,1016.46
CTD_PTSH,20240730T114458,1016.40,8.3015,35.3220,-1.040865
CTD_P,20240730T114459,1016.37
CTD_P,20240730T124500,1016.91
CTD_PTSH,20240730T124523,1016.80,8.2838,35.3180,-1.040922
CTD_P,20240730T124524,1016.80
CTD_P,20240730T134525,1018.63
CTD_PTSH,20240730T134548,1018.60,8.3138,35.3200,-1.040871
CTD_P,20240730T134549,1018.61
CTD_P,20240730T144550,1016.90
CTD_PTSH,20240730T144613,1016.90,8.2914,35.3200,-1.040913
CTD_P,20240730T144614,1016.84
CTD_P,20240730T154615,1014.02
CTD_PTSH,20240730T154638,1014.10,8.2443,35.3120,-1.040916
CTD_P,20240730T154639,1014.10
CTD_P,20240730T164640,1018.67
CTD_PTSH,20240730T164703,1018.60,8.2717,35.3180,-1.040944
CTD_P,20240730T164704,1018.62
CTD_P,20240730T174705,1017.43
CTD_PTSH,20240730T174728,1017.50,8.2794,35.3160,-1.040903
CTD_P,20240730T174729,1017.49
CTD_P,20240730T184730,1019.04
CTD_PTSH,20240730T184753,1019.00,8.2919,35.3190,-1.040908
CTD_P,20240730T184754,1019.01
CTD_P,20240730T194755,1019.70
CTD_PTSH,20240730T194818,1019.70,8.3125,35.3210,-1.040918
CTD_P,20240730T194819,1019.71
CTD_P,20240730T204820,1019.78
CTD_PTSH,20240730T204843,1019.70,8.3362,35.3240,-1.040913
CTD_P,20240730T204844,1019.71
CTD_P,20240730T214845,1020.13
CTD_PTSH,20240730T214908,1020.10,8.3276,35.3220,-1.040939
CTD_P,20240730T214909,1020.07
CTD_P,20240730T224910,1013.88
CTD_PTSH,20240730T224933,1013.90,8.2763,35.3200,-1.040920
CTD_P,20240730T224934,1013.85
CTD_P,20240730T234935,1015.66
CTD_PTSH,20240730T234958,1015.60,8.2301,35.3120,-1.040932
CTD_P,20240730T234959,1015.59
CTD_P,20240731T005000,1016.66
CTD_PTSH,20240731T005023,1016.80,8.1612,35.3050,-1.040934
CTD_P,20240731T005024,1016.80
CTD_P,20240731T015025,1017.39
CTD_PTSH,20240731T015048,1017.40,8.1698,35.3050,-1.040900
CTD_P,20240731T015049,1017.40
CTD_P,20240731T025050,1019.12
CTD_PTSH,20240731T025113,1019.10,8.1916,35.3080,-1.040920
CTD_P,20240731T025114,1019.08
CTD_P,20240731T035115,1019.63
CTD_PTSH,20240731T035138,1019.60,8.2539,35.3140,-1.040942
CTD_P,20240731T035139,1019.59
CTD_P,20240731T045140,1018.64
CTD_PTSH,20240731T045203,1018.60,8.2520,35.3170,-1.040930
CTD_P,20240731T045204,1018.63
CTD_P,20240731T055205,1020.05
CTD_PTSH,20240731T055228,1020.00,8.2877,35.3150,-1.040888
CTD_P,20240731T055229,1019.97
CTD_P,20240731T065230,1020.76
CTD_PTSH,20240731T065253,1020.80,8.3458,35.3240,-1.040912
CTD_P,20240731T065254,1020.78
CTD_P,20240731T075255,1020.58
CTD_PTSH,20240731T075318,1020.50,8.3474,35.3250,-1.040903
CTD_P,20240731T075319,1020.54
CTD_P,20240731T085320,1021.73
CTD_PTSH,20240731T085343,1021.80,8.3302,35.3210,-1.040913
CTD_P,20240731T085344,1021.77
CTD_P,20240731T095345,1022.19
CTD_PTSH,20240731T095408,1022.10,8.3507,35.3250,-1.040935
CTD_P,20240731T095409,1022.13
CTD_P,20240731T105410,1021.40
CTD_PTSH,20240731T105433,1021.40,8.3283,35.3200,-1.040919
CTD_P,20240731T105434,1021.39
CTD_P,20240731T115435,1022.09
CTD_PTSH,20240731T115458,1022.00,8.3438,35.3230,-1.040920
CTD_P,20240731T115459,1021.95
CTD_P,20240731T125500,1016.49
CTD_PTSH,20240731T125523,1016.40,8.2792,35.3220,-1.040946
CTD_P,20240731T125524,1016.37
CTD_P,20240731T135525,1020.08
CTD_PTSH,20240731T135548,1020.10,8.2401,35.3120,-1.040968
CTD_P,20240731T135549,1020.11
CTD_P,20240731T145550,1019.77
CTD_PTSH,20240731T145613,1019.70,8.2380,35.3140,-1.040951
CTD_P,20240731T145614,1019.69
CTD_P,20240731T155615,1020.45
CTD_PTSH,20240731T155638,1020.40,8.2639,35.3150,-1.040924
CTD_P,20240731T155639,1020.40
CTD_P,20240731T165640,1022.91
CTD_PTSH,20240731T165703,1022.80,8.2750,35.3150,-1.040938
CTD_P,20240731T165704,1022.83
CTD_P,20240731T175705,1020.89
CTD_PTSH,20240731T175728,1020.90,8.2651,35.3160,-1.040981
CTD_P,20240731T175729,1020.92
CTD_P,20240731T185730,1023.56
CTD_PTSH,20240731T185753,1023.60,8.3059,35.3190,-1.040923
CTD_P,20240731T185754,1023.59
CTD_P,20240731T195755,1022.46
CTD_PTSH,20240731T195818,1022.40,8.2993,35.3170,-1.040950
CTD_P,20240731T195819,1022.41
CTD_P,20240731T205820,1023.08
CTD_PTSH,20240731T205843,1023.10,8.2963,35.3190,-1.040912
CTD_P,20240731T205844,1023.05
CTD_P,20240731T215845,1020.68
CTD_PTSH,20240731T215908,1020.60,8.2888,35.3170,-1.040911
CTD_P,20240731T215909,1020.61
CTD_P,20240731T225910,1021.07
CTD_PTSH,20240731T225933,1021.10,8.2661,35.3170,-1.040944
CTD_P,20240731T225934,1021.13
CTD_P,20240731T235935,1020.88
CTD_PTSH,20240731T235958,1020.90,8.2679,35.3170,-1.040966
CTD_P,20240731T235959,1020.85
CTD_P,20240801T010000,1021.80
CTD_PTSH,20240801T010023,1021.80,8.2696,35.3160,-1.040936
CTD_P,20240801T010024,1021.82
CTD_P,20240801T020025,1020.92
CTD_PTSH,20240801T020048,1020.90,8.2874,35.3190,-1.040951
CTD_P,20240801T020049,1020.90
CTD_P,20240801T030050,1022.66
CTD_PTSH,20240801T030113,1022.70,8.2883,35.3180,-1.040925
CTD_P,20240801T030114,1022.69
CTD_P,20240801T040115,1024.11
CTD_PTSH,20240801T040138,1024.10,8.2819,35.3160,-1.040964
CTD_P,20240801T040139,1024.13
CTD_P,20240801T050140,1021.44
CTD_PTSH,20240801T050203,1021.40,8.2910,35.3170,-1.040958
CTD_P,20240801T050204,1021.39
CTD_P,20240801T060205,1023.47
CTD_PTSH,20240801T060228,1023.50,8.2895,35.3190,-1.040963
CTD_P,20240801T060229,1023.49
CTD_P,20240801T070230,1023.86
CTD_PTSH,20240801T070253,1023.80,8.3027,35.3180,-1.040944
CTD_P,20240801T070254,1023.82
CTD_P,20240801T080255,1023.74
CTD_PTSH,20240801T080318,1023.70,8.3199,35.3210,-1.040968
CTD_P,20240801T080319,1023.72
CTD_P,20240801T090320,1023.16
CTD_PTSH,20240801T090343,1023.10,8.3058,35.3200,-1.040921
CTD_P,20240801T090344,1023.15
CTD_P,20240801T100345,1022.65
CTD_PTSH,20240801T100408,1022.70,8.2712,35.3170,-1.040954
CTD_P,20240801T100409,1022.72
CTD_P,20240801T110410,1018.90
CTD_PTSH,20240801T110433,1018.80,8.2104,35.3090,-1.040931
CTD_P,20240801T110434,1018.75
CTD_P,20240801T120435,1019.28
CTD_PTSH,20240801T120458,1019.20,8.2021,35.3100,-1.040952
CTD_P,20240801T120459,1019.24
CTD_P,20240801T130500,1020.60
CTD_PTSH,20240801T130523,1020.50,8.1980,35.3090,-1.040992
CTD_P,20240801T130524,1020.49
CTD_P,20240801T140525,1019.72
CTD_PTSH,20240801T140548,1019.70,8.1898,35.3120,-1.040946
CTD_P,20240801T140549,1019.75
CTD_P,20240801T150550,1023.97
CTD_PTSH,20240801T150613,1024.00,8.2357,35.3110,-1.041002
CTD_P,20240801T150614,1023.95
CTD_P,20240801T160615,1022.68
CTD_PTSH,20240801T160638,1022.70,8.2636,35.3130,-1.040967
CTD_P,20240801T160639,1022.64
CTD_P,20240801T170640,1022.45
CTD_PTSH,20240801T170703,1022.40,8.2705,35.3160,-1.040957
CTD_P,20240801T170704,1022.43
CTD_P,20240801T180705,1022.41
CTD_PTSH,20240801T180728,1022.50,8.2587,35.3150,-1.040987
CTD_P,20240801T180729,1022.49
CTD_P,20240801T190730,1024.39
CTD_PTSH,20240801T190753,1024.40,8.2748,35.3160,-1.040919
CTD_P,20240801T190754,1024.42
CTD_P,20240801T200755,1023.57
CTD_PTSH,20240801T200818,1023.50,8.2648,35.3140,-1.040946
CTD_P,20240801T200819,1023.51
CTD_P,20240801T210820,1022.45
CTD_PTSH,20240801T210843,1022.50,8.2522,35.3150,-1.040985
CTD_P,20240801T210844,1022.46
CTD_P,20240801T220845,1022.38
CTD_PTSH,20240801T220908,1022.40,8.2561,35.3160,-1.040940
CTD_P,20240801T220909,1022.37
CTD_P,20240801T230910,1024.73
CTD_PTSH,20240801T230933,1024.80,8.2810,35.3160,-1.040952
CTD_P,20240801T230934,1024.76
CTD_P,20240802T000935,1023.56
CTD_PTSH,20240802T000958,1023.50,8.2751,35.3150,-1.040968
CTD_P,20240802T000959,1023.45
CTD_P,20240802T011000,1022.43
CTD_PTSH,20240802T011023,1022.40,8.2581,35.3150,-1.040951
CTD_P,20240802T011024,1022.44
CTD_P,20240802T021025,1024.53
CTD_PTSH,20240802T021048,1024.50,8.2729,35.3180,-1.040935
CTD_P,20240802T021049,1024.52
CTD_P,20240802T031050,1024.62
CTD_PTSH,20240802T031113,1024.60,8.3122,35.3200,-1.040967
CTD_P,20240802T031114,1024.57
CTD_P,20240802T041115,1023.91
CTD_PTSH,20240802T041138,1023.90,8.2732,35.3160,-1.040978
CTD_P,20240802T041139,1023.91
CTD_P,20240802T051140,1026.97
CTD_PTSH,20240802T051203,1027.00,8.3428,35.3220,-1.040954
CTD_P,20240802T051204,1026.94
CTD_P,20240802T061205,1024.99
CTD_PTSH,20240802T061228,1024.90,8.3615,35.3260,-1.040945
CTD_P,20240802T061229,1024.94
CTD_P,20240802T071230,1022.27
CTD_PTSH,20240802T071253,1022.20,8.3197,35.3250,-1.040940
CTD_P,20240802T071254,1022.23
CTD_P,20240802T081255,1024.90
CTD_PTSH,20240802T081318,1024.90,8.3009,35.3240,-1.040909
CTD_P,20240802T081319,1024.94
CTD_P,20240802T091320,1024.99
CTD_PTSH,20240802T091343,1024.90,8.3022,35.3200,-1.040967
CTD_P,20240802T091344,1024.91
CTD_P,20240802T101345,1023.67
CTD_PTSH,20240802T101408,1023.60,8.2884,35.3170,-1.040903
CTD_P,20240802T101409,1023.59
CTD_P,20240802T111410,1021.63
CTD_PTSH,20240802T111433,1021.80,8.2164,35.3130,-1.040969
CTD_P,20240802T111434,1021.75
CTD_P,20240802T121435,1023.61
CTD_PTSH,20240802T121458,1023.50,8.2558,35.3120,-1.040928
CTD_P,20240802T121459,1023.42
CTD_P,20240802T131500,1022.47
CTD_PTSH,20240802T131523,1022.40,8.2335,35.3110,-1.040983
CTD_P,20240802T131524,1022.46
CTD_P,20240802T141525,1022.24
CTD_PTSH,20240802T141548,1022.20,8.2462,35.3110,-1.040978
CTD_P,20240802T141549,1022.19
CTD_P,20240802T151550,1020.54
CTD_PTSH,20240802T151613,1020.60,8.2213,35.3140,-1.040918
CTD_P,20240802T151614,1020.58
CTD_P,20240802T161615,1024.70
CTD_PTSH,20240802T161638,1024.60,8.2117,35.3100,-1.040965
CTD_P,20240802T161639,1024.61
CTD_P,20240802T171640,1022.90
CTD_PTSH,20240802T171703,1022.90,8.2503,35.3140,-1.040958
CTD_P,20240802T171704,1022.87
CTD_P,20240802T181705,1024.86
CTD_PTSH,20240802T181728,1024.90,8.2297,35.3120,-1.040946
CTD_P,20240802T181729,1024.89
CTD_P,20240802T191730,1025.73
CTD_PTSH,20240802T191753,1025.70,8.2785,35.3160,-1.040908
CTD_P,20240802T191754,1025.72
CTD_P,20240802T201755,1027.25
CTD_PTSH,20240802T201818,1027.30,8.2853,35.3170,-1.040961
CTD_P,20240802T201819,1027.31
CTD_P,20240802T211820,1026.15
CTD_PTSH,20240802T211843,1026.10,8.3204,35.3210,-1.040950
CTD_P,20240802T211844,1026.07
CTD_P,20240802T221845,1005.09
CTD_PTSH,20240802T221908,1005.10,8.3971,35.3280,-1.040895
CTD_P,20240802T221909,1005.15
CTD_P,20240802T231910,1000.97
CTD_PTSH,20240802T231933,1000.90,8.3698,35.3280,-1.040817
CTD_P,20240802T231934,1000.84
CTD_P,20240803T001935,1003.04
CTD_PTSH,20240803T001958,1003.00,8.3738,35.3250,-1.040877
CTD_P,20240803T001959,1003.00
CTD_P,20240803T012000,1000.93
CTD_PTSH,20240803T012023,1001.00,8.3017,35.3200,-1.040852
CTD_P,20240803T012024,1000.95
CTD_P,20240803T022025,1002.87
CTD_PTSH,20240803T022048,1002.90,8.3193,35.3220,-1.040869
CTD_P,20240803T022049,1002.85
CTD_P,20240803T032050,1003.03
CTD_PTSH,20240803T032113,1002.90,8.3516,35.3240,-1.040888
CTD_P,20240803T032114,1002.90
CTD_P,20240803T042115,1002.13
CTD_PTSH,20240803T042138,1002.10,8.3526,35.3250,-1.040863
CTD_P,20240803T042139,1002.15
CTD_P,20240803T052140,1007.77
CTD_PTSH,20240803T052203,1007.80,8.3672,35.3250,-1.040883
CTD_P,20240803T052204,1007.84
CTD_P,20240803T062205,1006.21
CTD_PTSH,20240803T062228,1006.20,8.4336,35.3320,-1.040860
CTD_P,20240803T062229,1006.19
CTD_P,20240803T072230,1008.66
CTD_PTSH,20240803T072253,1008.70,8.4895,35.3360,-1.040860
CTD_P,20240803T072254,1008.67
CTD_P,20240803T082255,1005.33
CTD_PTSH,20240803T082318,1005.30,8.4933,35.3400,-1.040812
CTD_P,20240803T082319,1005.25
CTD_P,20240803T092320,1006.18
CTD_PTSH,20240803T092343,1006.20,8.4487,35.3340,-1.040875
CTD_P,20240803T092344,1006.18
CTD_P,20240803T102345,1003.17
CTD_PTSH,20240803T102408,1003.10,8.4259,35.3320,-1.040843
CTD_P,20240803T102409,1003.10
CTD_P,20240803T112410,1002.82
CTD_PTSH,20240803T112433,1002.80,8.3878,35.3280,-1.040863
CTD_P,20240803T112434,1002.82
CTD_P,20240803T122435,1005.88
CTD_PTSH,20240803T122458,1005.80,8.3969,35.3280,-1.040764
CTD_P,20240803T122459,1005.83
CTD_P,20240803T132500,1001.32
CTD_PTSH,20240803T132523,1001.40,8.3813,35.3240,-1.040839
CTD_P,20240803T132524,1001.35
CTD_P,20240803T142525,1001.92
CTD_PTSH,20240803T142548,1001.90,8.3747,35.3270,-1.040831
CTD_P,20240803T142549,1001.90
CTD_P,20240803T152550,1004.12
CTD_PTSH,20240803T152613,1004.20,8.3699,35.3270,-1.040865
CTD_P,20240803T152614,1004.15
CTD_P,20240803T162615,1003.03
CTD_PTSH,20240803T162638,1002.90,8.3774,35.3270,-1.040823
CTD_P,20240803T162639,1002.96
CTD_P,20240803T172640,1005.82
CTD_PTSH,20240803T172703,1005.70,8.3875,35.3290,-1.040867
CTD_P,20240803T172704,1005.73
CTD_P,20240803T182705,1005.73
CTD_PTSH,20240803T182728,1005.60,8.4238,35.3300,-1.040883
CTD_P,20240803T182729,1005.67
CTD_P,20240803T192730,1006.52
CTD_PTSH,20240803T192753,1006.50,8.4487,35.3340,-1.040864
CTD_P,20240803T192754,1006.44
CTD_P,20240803T202755,1004.73
CTD_PTSH,20240803T202818,1004.80,8.4255,35.3350,-1.040817
CTD_P,20240803T202819,1004.81
CTD_P,20240803T212820,1006.85
CTD_PTSH,20240803T212843,1006.80,8.4645,35.3350,-1.040837
CTD_P,20240803T212844,1006.76
CTD_P,20240803T222845,1006.93
CTD_PTSH,20240803T222908,1006.90,8.4669,35.3340,-1.040835
CTD_P,20240803T222909,1006.87
CTD_P,20240803T232910,1004.81
CTD_PTSH,20240803T232933,1004.90,8.4443,35.3360,-1.040851
CTD_P,20240803T232934,1004.86
CTD_P,20240804T002935,1005.12
CTD_PTSH,20240804T002958,1005.20,8.4180,35.3280,-1.040869
CTD_P,20240804T002959,1005.18
CTD_P,20240804T013000,1004.84
CTD_PTSH,20240804T013023,1004.90,8.3788,35.3270,-1.040868
CTD_P,20240804T013024,1004.92
CTD_P,20240804T023025,1005.29
CTD_PTSH,20240804T023048,1005.20,8.4087,35.3280,-1.040818
CTD_P,20240804T023049,1005.21
CTD_P,20240804T033050,1002.78
CTD_PTSH,20240804T033113,1002.80,8.3799,35.3270,-1.040823
CTD_P,20240804T033114,1002.79
CTD_P,20240804T043115,1003.27
CTD_PTSH,20240804T043138,1003.20,8.3570,35.3230,-1.040822
CTD_P,20240804T043139,1003.23
CTD_P,20240804T053140,1003.18
CTD_PTSH,20240804T053203,1003.10,8.3326,35.3220,-1.040884
CTD_P,20240804T053204,1003.14
CTD_P,20240804T063205,1001.91
CTD_PTSH,20240804T063228,1001.90,8.3313,35.3230,-1.040827
CTD_P,20240804T063229,1001.89
CTD_P,20240804T073230,1008.06
CTD_PTSH,20240804T073253,1008.10,8.3466,35.3240,-1.040851
CTD_P,20240804T073254,1008.10
CTD_P,20240804T083255,1005.83
CTD_PTSH,20240804T083318,1005.90,8.3375,35.3230,-1.040898
CTD_P,20240804T083319,1005.90
CTD_P,20240804T093320,1009.60
CTD_PTSH,20240804T093343,1009.50,8.4418,35.3310,-1.040861
CTD_P,20240804T093344,1009.52
CTD_P,20240804T103345,1005.14
CTD_PTSH,20240804T103408,1005.20,8.4093,35.3320,-1.040864
CTD_P,20240804T103409,1005.14
CTD_P,20240804T113410,1007.03
CTD_PTSH,20240804T113433,1007.00,8.4092,35.3290,-1.040829
CTD_P,20240804T113434,1007.00
CTD_P,20240804T123435,1007.44
CTD_PTSH,20240804T123458,1007.40,8.4236,35.3320,-1.040831
CTD_P,20240804T123459,1007.39
CTD_P,20240804T133500,1005.64
CTD_PTSH,20240804T133523,1005.60,8.3979,35.3290,-1.040845
CTD_P,20240804T133524,1005.59
CTD_P,20240804T143525,1004.99
CTD_PTSH,20240804T143548,1005.00,8.3889,35.3270,-1.040862
CTD_P,20240804T143549,1004.96
CTD_P,20240804T153550,1004.86
CTD_PTSH,20240804T153613,1004.80,8.3749,35.3220,-1.040884
CTD_P,20240804T153614,1004.83
CTD_P,20240804T163615,1004.65
CTD_PTSH,20240804T163638,1004.60,8.3606,35.3240,-1.040844
CTD_P,20240804T163639,1004.60
CTD_P,20240804T173640,1005.12
CTD_PTSH,20240804T173703,1005.10,8.3634,35.3260,-1.040887
CTD_P,20240804T173704,1005.13
CTD_P,20240804T183705,1004.77
CTD_PTSH,20240804T183728,1004.70,8.3734,35.3250,-1.040859
CTD_P,20240804T183729,1004.73
CTD_P,20240804T193730,1008.57
CTD_PTSH,20240804T193753,1008.60,8.3804,35.3270,-1.040811
CTD_P,20240804T193754,1008.64
CTD_P,20240804T203755,1008.87
CTD_PTSH,20240804T203818,1008.90,8.4049,35.3290,-1.040817
CTD_P,20240804T203819,1008.87
CTD_P,20240804T213820,1011.34
CTD_PTSH,20240804T213843,1011.20,8.4350,35.3320,-1.040894
CTD_P,20240804T213844,1011.23
CTD_P,20240804T223845,1007.75
CTD_PTSH,20240804T223908,1007.80,8.4245,35.3300,-1.040844
CTD_P,20240804T223909,1007.77
CTD_P,20240804T233910,1006.73
CTD_PTSH,20240804T233933,1006.70,8.4179,35.3310,-1.040853
CTD_P,20240804T233934,1006.72
CTD_P,20240805T003935,1008.07
CTD_PTSH,20240805T003958,1008.00,8.4065,35.3280,-1.040804
CTD_P,20240805T003959,1008.03
CTD_P,20240805T014000,1004.28
CTD_PTSH,20240805T014023,1004.30,8.3862,35.3320,-1.040861
CTD_P,20240805T014024,1004.30
CTD_P,20240805T024025,1006.29
CTD_PTSH,20240805T024048,1006.20,8.3858,35.3260,-1.040882
CTD_P,20240805T024049,1006.20
CTD_P,20240805T034050,1006.69
CTD_PTSH,20240805T034113,1006.70,8.3946,35.3270,-1.040852
CTD_P,20240805T034114,1006.65
CTD_P,20240805T044115,1007.62
CTD_PTSH,20240805T044138,1007.60,8.4224,35.3300,-1.040832
CTD_P,20240805T044139,1007.63
CTD_P,20240805T054140,1008.03
CTD_PTSH,20240805T054203,1008.10,8.3816,35.3260,-1.040873
CTD_P,20240805T054204,1008.06
CTD_P,20240805T064205,1006.18
CTD_PTSH,20240805T064228,1006.10,8.3987,35.3330,-1.040823
CTD_P,20240805T064229,1006.14
CTD_P,20240805T074230,1005.26
CTD_PTSH,20240805T074253,1005.20,8.3952,35.3290,-1.040853
CTD_P,20240805T074254,1005.20
CTD_P,20240805T084255,1005.36
CTD_PTSH,20240805T084318,1005.40,8.3659,35.3270,-1.040854
CTD_P,20240805T084319,1005.40
CTD_P,20240805T094320,1009.42
CTD_PTSH,20240805T094343,1009.40,8.3883,35.3270,-1.040860
CTD_P,20240805T094344,1009.42
CTD_P,20240805T104345,1004.13
CTD_PTSH,20240805T104408,1004.00,8.4182,35.3260,-1.040811
CTD_P,20240805T104409,1003.97
CTD_P,20240805T114410,1006.13
CTD_PTSH,20240805T114433,1006.10,8.3547,35.3240,-1.040841
CTD_P,20240805T114434,1006.13
CTD_P,20240805T124435,1006.12
CTD_PTSH,20240805T124458,1006.10,8.3759,35.3270,-1.040827
CTD_P,20240805T124459,1006.13
CTD_P,20240805T134500,1005.06
CTD_PTSH,20240805T134523,1005.10,8.3480,35.3250,-1.040846
CTD_P,20240805T134524,1005.08
CTD_P,20240805T144525,1005.58
CTD_PTSH,20240805T144548,1005.50,8.3455,35.3220,-1.040831
CTD_P,20240805T144549,1005.48
CTD_P,20240805T154550,1003.91
CTD_PTSH,20240805T154613,1003.90,8.3217,35.3210,-1.040829
CTD_P,20240805T154614,1003.92
CTD_P,20240805T164615,1006.62
CTD_PTSH,20240805T164638,1006.70,8.3053,35.3210,-1.040851
CTD_P,20240805T164639,1006.76
CTD_P,20240805T174640,1005.65
CTD_PTSH,20240805T174703,1005.60,8.3371,35.3230,-1.040873
CTD_P,20240805T174704,1005.61
CTD_P,20240805T184705,1006.50
CTD_PTSH,20240805T184728,1006.40,8.3453,35.3220,-1.040896
CTD_P,20240805T184729,1006.44
CTD_P,20240805T194730,1008.38
CTD_PTSH,20240805T194753,1008.40,8.3584,35.3250,-1.040842
CTD_P,20240805T194754,1008.44
CTD_P,20240805T204755,1008.39
CTD_PTSH,20240805T204818,1008.40,8.3861,35.3270,-1.040862
CTD_P,20240805T204819,1008.38
CTD_P,20240805T214820,1008.33
CTD_PTSH,20240805T214843,1008.20,8.4087,35.3300,-1.040802
CTD_P,20240805T214844,1008.25
CTD_P,20240805T224845,1008.24
CTD_PTSH,20240805T224908,1008.30,8.3839,35.3290,-1.040849
CTD_P,20240805T224909,1008.28
CTD_P,20240805T234910,1009.95
CTD_PTSH,20240805T234933,1009.90,8.4184,35.3280,-1.040846
CTD_P,20240805T234934,1009.91
CTD_P,20240806T004935,1007.29
CTD_PTSH,20240806T004958,1007.20,8.4123,35.3300,-1.040866
CTD_P,20240806T004959,1007.22
CTD_P,20240806T015000,1008.22
CTD_PTSH,20240806T015023,1008.20,8.3969,35.3290,-1.040824
CTD_P,20240806T015024,1008.21
CTD_P,20240806T025025,1006.36
CTD_PTSH,20240806T025048,1006.40,8.3842,35.3270,-1.040855
CTD_P,20240806T025049,1006.36
CTD_P,20240806T035050,1010.36
CTD_PTSH,20240806T035113,1010.40,8.4005,35.3270,-1.040812
CTD_P,20240806T035114,1010.35
CTD_P,20240806T045115,1008.56
CTD_PTSH,20240806T045138,1008.50,8.4045,35.3300,-1.040810
CTD_P,20240806T045139,1008.53
CTD_P,20240806T055140,1007.12
CTD_PTSH,20240806T055203,1007.10,8.4078,35.3290,-1.040840
CTD_P,20240806T055204,1007.09
CTD_P,20240806T065205,1007.58
CTD_PTSH,20240806T065228,1007.60,8.3950,35.3300,-1.040806
CTD_P,20240806T065229,1007.61
CTD_P,20240806T075230,1011.01
CTD_PTSH,20240806T075253,1011.00,8.4008,35.3270,-1.040883
CTD_P,20240806T075254,1010.96
CTD_P,20240806T085255,1006.43
CTD_PTSH,20240806T085318,1006.40,8.3948,35.3290,-1.040820
CTD_P,20240806T085319,1006.38
CTD_P,20240806T095320,1010.81
CTD_PTSH,20240806T095343,1010.80,8.4284,35.3320,-1.040811
CTD_P,20240806T095344,1010.81
CTD_P,20240806T105345,1007.84
CTD_PTSH,20240806T105408,1007.90,8.3956,35.3290,-1.040783
CTD_P,20240806T105409,1007.91
CTD_P,20240806T115410,1009.85
CTD_PTSH,20240806T115433,1009.80,8.4274,35.3290,-1.040820
CTD_P,20240806T115434,1009.82
CTD_P,20240806T125435,1009.71
CTD_PTSH,20240806T125458,1009.60,8.4492,35.3320,-1.040811
CTD_P,20240806T125459,1009.59
CTD_P,20240806T135500,1006.91
CTD_PTSH,20240806T135523,1007.00,8.3941,35.3290,-1.040848
CTD_P,20240806T135524,1006.98
CTD_P,20240806T145525,1008.89
CTD_PTSH,20240806T145548,1008.80,8.3928,35.3250,-1.040862
CTD_P,20240806T145549,1008.78
CTD_P,20240806T155550,1008.42
CTD_PTSH,20240806T155613,1008.40,8.3654,35.3240,-1.040862
CTD_P,20240806T155614,1008.45
CTD_P,20240806T165615,1004.97
CTD_PTSH,20240806T165638,1004.90,8.3466,35.3220,-1.040831
CTD_P,20240806T165639,1004.91
CTD_P,20240806T175640,1004.60
CTD_PTSH,20240806T175703,1004.70,8.2659,35.3170,-1.040807
CTD_P,20240806T175704,1004.68
CTD_P,20240806T185705,1009.77
CTD_PTSH,20240806T185728,1009.70,8.3320,35.3220,-1.040850
CTD_P,20240806T185729,1009.75
CTD_P,20240806T195730,1010.69
CTD_PTSH,20240806T195753,1010.70,8.4032,35.3270,-1.040828
CTD_P,20240806T195754,1010.67
CTD_P,20240806T205755,1008.92
CTD_PTSH,20240806T205818,1008.90,8.3950,35.3310,-1.040819
CTD_P,20240806T205819,1008.93
CTD_P,20240806T215820,1007.64
CTD_PTSH,20240806T215843,1007.60,8.3753,35.3270,-1.040865
CTD_P,20240806T215844,1007.63
CTD_P,20240806T225845,1010.86
CTD_PTSH,20240806T225908,1010.80,8.3726,35.3260,-1.040818
CTD_P,20240806T225909,1010.86
CTD_P,20240806T235238,1008.89
CTD_PTSH,20240806T235301,1008.90,8.3933,35.3290,-1.040847
CTD_P,20240806T235302,1008.83
Message,20240806T235304,Deep Descent Mission
CTD_P,20240806T235307,1008.85
CTD_P,20240806T235410,1010.15
CTD_P,20240806T235512,1015.04
CTD_P,20240806T235614,1022.14
CTD_P,20240806T235716,1030.78
CTD_P,20240806T235747,1035.45
CTD_P,20240806T235748,1035.65
CTD_P,20240806T235850,1045.29
CTD_P,20240807T000353,1092.55
CTD_P,20240807T000856,1139.02
CTD_P,20240807T001359,1184.81
CTD_P,20240807T001902,1229.61
CTD_P,20240807T002405,1273.10
CTD_P,20240807T002908,1314.62
CTD_P,20240807T003411,1356.08
CTD_P,20240807T003914,1396.63
CTD_P,20240807T004417,1437.83
CTD_P,20240807T004920,1479.77
CTD_P,20240807T005423,1521.02
CTD_P,20240807T005926,1560.88
CTD_P,20240807T010429,1598.92
CTD_P,20240807T010932,1635.37
CTD_P,20240807T011435,1670.48
CTD_P,20240807T011938,1704.53
CTD_P,20240807T012441,1737.98
CTD_P,20240807T012944,1771.22
CTD_P,20240807T013447,1804.06
CTD_P,20240807T013950,1837.58
CTD_P,20240807T014453,1870.48
CTD_P,20240807T014956,1902.71
CTD_P,20240807T015459,1934.05
CTD_P,20240807T020002,1964.45
CTD_P,20240807T020505,1994.00
CTD_P,20240807T020631,2001.97
Message,20240807T020634,ASCENT
CTD_P,20240807T020637,2002.50
CTD_P,20240807T020710,2005.50
CTD_P,20240807T020820,2009.99
CTD_P,20240807T020836,2010.59
CTD_P,20240807T020837,2010.62
CTD_P,20240807T020937,2011.37
CTD_P,20240807T021021,2010.69
CTD_P,20240807T021122,2007.21
CTD_P,20240807T021205,2004.11
CTD_P,20240807T021304,1998.74
CTD_P,20240807T021306,1998.62
Message,20240807T021307,CP Started
CTD_P,20240807T021342,1995.14
CTD_PTS,20240807T021344,1994.96,3.2495,34.8475
O2,20240807T021433,102.01740,24.42953,3.25165,48.38119,49.74719,57.59607,7.84888,1036.93005,864.62903,747.86829
FLBB,20240807T021436,58,113,567
CTD_P,20240807T021438,1990.02
CTD_P,20240807T021940,1963.08
NO3,20240807T021950,43.26
CTD_P,20240807T021954,1961.86
CTD_P,20240807T022456,1936.13
CTD_P,20240807T022958,1911.32
CTD_P,20240807T023218,1900.22
CTD_P,20240807T023222,1899.92
CTD_PTS,20240807T023224,1899.76,3.5125,34.8713
O2,20240807T023312,92.95604,22.41807,3.51838,49.11283,50.47883,58.38336,7.90453,1051.07996,863.65320,740.09589
FLBB,20240807T023315,56,114,567
CTD_P,20240807T023316,1895.58
CTD_P,20240807T023502,1887.47
CTD_P,20240807T024004,1864.87
CTD_P,20240807T024505,1843.48
CTD_P,20240807T024547,1840.40
CTD_P,20240807T024649,1834.91
CTD_P,20240807T025152,1808.23
CTD_P,20240807T025327,1799.95
CTD_PTS,20240807T025329,1799.78,3.8689,34.9028
O2,20240807T025418,83.39603,20.30136,3.87195,49.90886,51.27486,59.18420,7.90934,1066.05603,861.57819,729.75500
FLBB,20240807T025421,56,116,567
CTD_P,20240807T025422,1795.30
CTD_P,20240807T025654,1782.69
CTD_P,20240807T030156,1758.44
CTD_P,20240807T030658,1735.79
CTD_P,20240807T031200,1714.36
CTD_P,20240807T031525,1700.18
CTD_P,20240807T031529,1699.91
CTD_PTS,20240807T031531,1699.78,4.3671,34.9462
O2,20240807T031620,68.75754,16.96163,4.37830,51.26317,52.62917,60.53787,7.90870,1090.15295,858.19971,714.87042
FLBB,20240807T031623,56,114,566
CTD_P,20240807T031625,1696.17
CTD_P,20240807T031702,1693.70
CTD_P,20240807T031742,1690.86
CTD_P,20240807T031844,1685.53
CTD_P,20240807T032346,1659.97
CTD_P,20240807T032848,1635.77
CTD_P,20240807T033350,1612.64
CTD_P,20240807T033638,1600.25
CTD_P,20240807T033642,1599.95
CTD_PTS,20240807T033644,1599.81,4.8438,34.9890
O2,20240807T033733,58.48096,14.60650,4.85532,52.27214,53.63815,61.54784,7.90969,1107.38196,854.94177,700.76740
FLBB,20240807T033736,58,115,565
CTD_P,20240807T033737,1595.91
CTD_P,20240807T033852,1590.40
CTD_P,20240807T034354,1568.47
CTD_P,20240807T034436,1565.19
CTD_P,20240807T034538,1559.52
CTD_P,20240807T035040,1531.37
CTD_P,20240807T035542,1503.52
CTD_P,20240807T035623,1499.70
CTD_PTS,20240807T035625,1499.52,5.4260,35.0364
O2,20240807T035714,48.13958,12.21338,5.46395,53.34985,54.71585,62.62823,7.91238,1124.63403,850.64282,682.66260
FLBB,20240807T035717,57,121,564
CTD_P,20240807T035719,1494.58
CTD_P,20240807T040044,1476.19
CTD_P,20240807T040546,1450.54
CTD_P,20240807T041048,1426.65
CTD_P,20240807T041550,1404.72
CTD_P,20240807T041657,1400.07
CTD_P,20240807T041701,1399.77
CTD_PTS,20240807T041703,1399.64,5.9922,35.0932
O2,20240807T041752,37.40615,9.62457,6.01602,54.62172,55.98772,63.89539,7.90766,1144.34900,846.54028,666.13361
FLBB,20240807T041755,57,117,563
CTD_P,20240807T041756,1396.00
CTD_P,20240807T042052,1384.30
CTD_P,20240807T042134,1381.24
CTD_P,20240807T042236,1375.89
CTD_P,20240807T042738,1349.93
CTD_P,20240807T043240,1324.94
CTD_P,20240807T043742,1300.59
CTD_P,20240807T043752,1299.83
CTD_PTS,20240807T043754,1299.66,6.6128,35.1499
O2,20240807T043843,28.00501,7.31666,6.62271,55.82909,57.19509,65.10112,7.90603,1162.11096,841.95551,647.85559
FLBB,20240807T043846,57,116,562
CTD_P,20240807T043848,1295.42
CTD_P,20240807T044244,1277.03
CTD_P,20240807T044746,1254.02
CTD_P,20240807T045248,1231.63
CTD_P,20240807T045328,1228.48
CTD_P,20240807T045430,1222.69
CTD_P,20240807T045835,1199.81
CTD_PTS,20240807T045837,1199.65,7.1604,35.2025
O2,20240807T045926,21.25235,5.62829,7.16689,56.76093,58.12693,66.03033,7.90340,1175.27100,837.87122,631.36108
FLBB,20240807T045929,56,136,562
CTD_P,20240807T045931,1194.66
CTD_P,20240807T050433,1167.93
CTD_P,20240807T050935,1142.65
CTD_P,20240807T051437,1118.81
CTD_P,20240807T051838,1100.90
CTD_P,20240807T051853,1099.80
CTD_PTS,20240807T051855,1099.65,7.7898,35.2672
O2,20240807T051944,14.47683,3.89486,7.80618,57.76972,59.13572,67.04358,7.90786,1189.05005,833.04620,611.86658
FLBB,20240807T051947,56,117,560
CTD_P,20240807T051948,1095.78
CTD_P,20240807T052450,1074.66
CTD_P,20240807T052532,1071.49
CTD_P,20240807T052634,1065.97
CTD_P,20240807T053136,1038.70
CTD_P,20240807T053638,1012.21
CTD_P,20240807T053900,999.95
CTD_PTS,20240807T053902,999.80,8.3879,35.3253
O2,20240807T053951,9.59828,2.61998,8.39947,58.54419,59.91019,67.82178,7.91158,1199.10400,828.44171,593.66522
FLBB,20240807T053954,56,121,560
CTD_P,20240807T053955,995.22
CTD_P,20240807T054140,986.37
CTD_P,20240807T054642,961.43
CTD_P,20240807T054903,950.27
CTD_P,20240807T054907,949.94
CTD_PTS,20240807T054909,949.78,8.7701,35.3671
O2,20240807T054912,7.00053,1.92773,8.76220,58.97896,60.34496,68.25829,7.91332,1204.60303,825.73230,582.48608
FLBB,20240807T054916,57,122,559
CTD_P,20240807T054917,949.16
CTD_P,20240807T055144,938.07
CTD_P,20240807T055646,916.39
CTD_P,20240807T060037,900.75
CTD_P,20240807T060051,899.82
CTD_PTS,20240807T060053,899.66,9.1840,35.4123
O2,20240807T060056,4.77041,1.32669,9.17417,59.35984,60.72584,68.64220,7.91636,1209.21399,822.58942,569.74402
FLBB,20240807T060100,56,118,558
CTD_P,20240807T060101,899.15
CTD_P,20240807T060148,896.03
CTD_P,20240807T060228,893.13
CTD_P,20240807T060330,887.72
CTD_P,20240807T060832,861.21
CTD_P,20240807T061042,849.91
CTD_PTS,20240807T061044,849.74,9.5456,35.4535
O2,20240807T061047,3.50835,0.98425,9.54024,59.57215,60.93815,68.85800,7.91985,1211.30798,819.64581,558.38190
FLBB,20240807T061051,57,113,558
CTD_P,20240807T061052,849.04
CTD_P,20240807T061334,834.93
CTD_P,20240807T061836,809.19
CTD_P,20240807T062026,799.97
CTD_PTS,20240807T062028,799.78,9.8163,35.4742
O2,20240807T062031,3.13568,0.88534,9.80958,59.62220,60.98820,68.91162,7.92342,1211.50305,817.64478,549.99908
FLBB,20240807T062035,57,114,557
CTD_P,20240807T062036,799.13
CTD_P,20240807T062338,784.15
CTD_P,20240807T062840,760.62
CTD_P,20240807T063059,750.68
CTD_P,20240807T063111,749.80
CTD_PTS,20240807T063113,749.66,10.1868,35.5037
O2,20240807T063116,2.58129,0.73522,10.18074,59.70224,61.06824,68.99896,7.93073,1211.56897,814.58838,538.41522
FLBB,20240807T063120,56,110,557
CTD_P,20240807T063121,749.13
CTD_P,20240807T063342,739.54
CTD_P,20240807T063844,719.93
CTD_P,20240807T063924,717.29
CTD_P,20240807T064026,712.15
CTD_P,20240807T064255,699.62
CTD_PTS,20240807T064257,699.46,10.5634,35.5412
O2,20240807T064300,2.11632,0.60816,10.55920,59.76655,61.13255,69.06935,7.93680,1211.55896,811.65057,526.56702
FLBB,20240807T064304,56,120,556
CTD_P,20240807T064305,698.80
CTD_P,20240807T064528,687.00
CTD_P,20240807T065030,662.36
CTD_P,20240807T065304,649.66
CTD_PTS,20240807T065306,649.51,11.0842,35.6002
O2,20240807T065309,1.99830,0.58123,11.07973,59.74889,61.11489,69.06120,7.94631,1209.80505,807.56012,510.21249
FLBB,20240807T065313,56,111,555
CTD_P,20240807T065314,648.87
CTD_P,20240807T065532,637.68
CTD_P,20240807T070034,614.24
CTD_P,20240807T070340,600.75
CTD_P,20240807T070354,599.74
CTD_PTS,20240807T070356,599.63,11.6412,35.6684
O2,20240807T070359,1.91202,0.56330,11.63543,59.72235,61.08836,69.04483,7.95647,1207.81299,802.94489,492.68100
FLBB,20240807T070403,58,111,555
CTD_P,20240807T070404,599.07
CTD_P,20240807T070536,592.70
CTD_P,20240807T071038,572.70
CTD_P,20240807T071120,569.73
CTD_P,20240807T071222,564.44
CTD_P,20240807T071514,549.52
CTD_PTS,20240807T071516,549.35,12.0071,35.6996
O2,20240807T071519,1.85418,0.55094,12.00962,59.70480,61.07080,69.03633,7.96553,1206.63000,799.72278,480.83569
FLBB,20240807T071522,57,116,554
CTD_P,20240807T071524,548.66
CTD_P,20240807T071724,538.40
CTD_P,20240807T072226,513.04
CTD_P,20240807T072504,500.06
CTD_P,20240807T072508,499.75
CTD_PTS,20240807T072510,499.60,12.4895,35.7493
O2,20240807T072513,1.78683,0.53674,12.48972,59.68117,61.04717,69.01978,7.97260,1205.00403,795.92963,465.59341
FLBB,20240807T072516,57,116,554
CTD_P,20240807T072518,498.95
CTD_P,20240807T072728,488.51
CTD_P,20240807T073230,466.23
CTD_P,20240807T073612,450.93
CTD_P,20240807T073628,449.82
CTD_PTS,20240807T073630,449.71,12.9734,35.8051
O2,20240807T073633,1.72857,0.52492,12.97332,59.65564,61.02164,69.00275,7.98110,1203.28101,791.77252,450.19101
FLBB,20240807T073636,58,157,553
CTD_P,20240807T073638,449.16
CTD_P,20240807T073732,445.51
CTD_P,20240807T074235,425.88
CTD_P,20240807T074316,423.01
CTD_P,20240807T074419,417.57
CTD_P,20240807T074746,399.51
CTD_PTS,20240807T074748,399.32,13.4353,35.8411
O2,20240807T074751,1.65275,0.50711,13.43675,59.63617,61.00217,68.98676,7.98459,1201.71204,787.85632,435.38809
FLBB,20240807T074754,57,142,552
CTD_P,20240807T074756,398.65
CTD_P,20240807T074922,391.14
CTD_P,20240807T075425,365.58
CTD_P,20240807T075733,351.10
CTD_P,20240807T075751,349.78
CTD_PTS,20240807T075753,349.63,13.8845,35.8773
O2,20240807T075756,1.61646,0.50090,13.88319,59.60923,60.97523,68.96945,7.99422,1200.27502,784.31091,421.09021
FLBB,20240807T075800,56,159,551
CTD_P,20240807T075801,349.05
CTD_P,20240807T075928,342.75
CTD_P,20240807T080431,322.28
CTD_P,20240807T080934,302.61
CTD_P,20240807T081014,299.71
CTD_P,20240807T081018,299.35
CTD_PTS,20240807T081020,299.21,14.7938,35.9818
O2,20240807T081023,1.57974,0.49932,14.78911,59.54627,60.91227,68.93132,8.01905,1196.45996,776.77148,391.97299
FLBB,20240807T081026,57,169,550
CTD_P,20240807T081028,298.49
CTD_P,20240807T081116,294.20
CTD_P,20240807T081619,268.19
CTD_P,20240807T081954,252.74
CTD_P,20240807T082036,250.10
CTD_P,20240807T082040,249.86
CTD_PTS,20240807T082042,249.71,15.8972,36.0812
O2,20240807T082045,1.48816,0.48165,15.89118,59.48195,60.84795,68.88071,8.03276,1190.81799,766.56128,356.38870
FLBB,20240807T082048,57,146,549
CTD_P,20240807T082050,249.23
CTD_P,20240807T082121,247.38
CTD_P,20240807T082624,228.82
CTD_P,20240807T083127,210.24
CTD_P,20240807T083207,207.88
CTD_P,20240807T083310,203.23
CTD_P,20240807T083350,200.11
CTD_P,20240807T083354,199.74
CTD_PTS,20240807T083356,199.59,16.8331,36.0604
O2,20240807T083359,1.43712,0.47445,16.82965,59.42125,60.78725,68.83369,8.04644,1185.48303,757.22382,325.97260
FLBB,20240807T083402,56,154,547
CTD_P,20240807T083404,198.88
CTD_P,20240807T083452,194.49
CTD_P,20240807T083955,169.52
CTD_P,20240807T084355,156.35
CTD_P,20240807T084458,154.20
CTD_P,20240807T084705,150.00
CTD_PTS,20240807T084707,149.92,18.4697,35.8033
O2,20240807T084710,2.16758,0.74008,18.45410,59.09317,60.45917,68.52733,8.06816,1172.12000,740.09113,273.15051
FLBB,20240807T084713,53,114,545
CTD_P,20240807T084715,149.69
CTD_P,20240807T085001,144.90
CTD_P,20240807T085504,143.09
CTD_P,20240807T085542,142.73
CTD_P,20240807T085644,139.86
CTD_P,20240807T085724,137.25
CTD_P,20240807T085826,132.22
CTD_P,20240807T090329,111.69
CTD_P,20240807T090625,104.08
CTD_P,20240807T090803,101.26
CTD_P,20240807T090832,100.64
CTD_P,20240807T090857,100.10
CTD_P,20240807T090901,100.04
CTD_P,20240807T090905,99.92
CTD_PTS,20240807T090907,99.89,22.2061,36.2021
O2,20240807T090956,51.91892,19.14821,22.34875,47.13192,48.49792,56.60197,8.10406,965.48822,701.40472,146.32069
FLBB,20240807T090959,52,126,539
CTD_P,20240807T091001,98.80
CTD_P,20240807T091335,94.76
NO3,20240807T091345,21.49
CTD_P,20240807T091349,94.48
CTD_P,20240807T091426,93.45
CTD_P,20240807T091528,90.15
CTD_P,20240807T091532,89.95
CTD_PTS,20240807T091534,89.86,22.5752,36.1455
O2,20240807T091623,52.92593,19.63085,22.64521,46.84928,48.21528,56.32504,8.10976,959.05542,697.13831,136.69260
FLBB,20240807T091626,56,152,538
CTD_P,20240807T091628,86.43
CTD_P,20240807T091632,86.13
CTD_P,20240807T091734,81.95
CTD_P,20240807T091804,79.96
CTD_PTS,20240807T091806,79.83,23.3424,36.2503
O2,20240807T091855,93.65105,35.45861,23.73000,40.42527,41.79128,49.90022,8.10895,825.79327,689.37390,101.53420
FLBB,20240807T091858,61,168,538
CTD_P,20240807T091900,75.54
CTD_P,20240807T091904,75.26
CTD_P,20240807T092006,70.36
CTD_P,20240807T092012,69.91
CTD_PTS,20240807T092014,69.75,24.5100,36.4576
O2,20240807T092103,150.71330,58.11154,24.70373,34.34171,35.70771,43.82603,8.11832,685.07178,680.21332,70.09415
FLBB,20240807T092106,76,173,537
CTD_P,20240807T092108,64.84
CTD_P,20240807T092112,64.44
CTD_P,20240807T092159,59.75
CTD_PTS,20240807T092201,59.55,24.9625,36.5338
O2,20240807T092250,169.04990,65.59918,25.04875,32.81662,34.18262,42.30872,8.12610,649.48743,675.70660,58.98637
FLBB,20240807T092253,88,173,536
CTD_P,20240807T092254,54.41
CTD_P,20240807T092341,51.09
CTD_P,20240807T092356,51.23
CTD_P,20240807T092422,51.80
CTD_P,20240807T092500,51.63
CTD_P,20240807T092523,51.69
CTD_P,20240807T092548,51.83
CTD_P,20240807T092613,51.82
CTD_P,20240807T092639,51.72
CTD_P,20240807T092704,51.65
CTD_P,20240807T092727,51.58
CTD_P,20240807T092750,51.53
CTD_P,20240807T092812,51.47
CTD_P,20240807T092833,51.50
CTD_P,20240807T092855,51.65
CTD_P,20240807T092919,51.85
CTD_P,20240807T092946,51.99
CTD_P,20240807T093013,52.05
CTD_P,20240807T093042,52.02
CTD_P,20240807T093110,51.95
CTD_P,20240807T093137,51.88
CTD_P,20240807T093204,51.80
CTD_P,20240807T093229,51.59
CTD_P,20240807T093252,51.41
CTD_P,20240807T093312,51.34
CTD_P,20240807T093331,51.22
CTD_P,20240807T093350,51.12
CTD_P,20240807T093406,51.03
CTD_P,20240807T093421,51.03
CTD_P,20240807T093437,51.01
CTD_P,20240807T093453,51.03
CTD_P,20240807T093509,51.12
CTD_P,20240807T093526,51.20
CTD_P,20240807T093544,51.34
CTD_P,20240807T093603,51.41
CTD_P,20240807T093624,51.45
CTD_P,20240807T093645,51.37
CTD_P,20240807T093706,51.37
CTD_P,20240807T093726,51.29
CTD_P,20240807T093745,51.22
CTD_P,20240807T093755,51.21
CTD_P,20240807T093813,51.08
CTD_P,20240807T093829,50.81
CTD_P,20240807T093834,50.68
CTD_P,20240807T093842,50.43
CTD_P,20240807T093924,49.40
CTD_PTS,20240807T093926,49.36,27.8145,36.3054
O2,20240807T094015,238.57820,97.32277,27.80836,27.76798,29.13398,37.26450,8.13052,523.67310,648.02130,-29.09793
FLBB,20240807T094018,142,221,531
CTD_P,20240807T094019,48.38
CTD_P,20240807T094022,48.30
CTD_PTS,20240807T094024,48.25,27.8149,36.3052
O2,20240807T094026,238.55949,97.31696,27.80943,27.76845,29.13445,37.26474,8.13029,523.62378,647.90710,-29.13166
FLBB,20240807T094030,163,242,530
CTD_P,20240807T094032,48.13
CTD_P,20240807T094040,47.90
CTD_PTS,20240807T094042,47.86,27.8169,36.3055
O2,20240807T094044,238.66620,97.36369,27.81128,27.76289,29.12889,37.25906,8.13017,523.44843,648.14490,-29.19028
FLBB,20240807T094048,149,205,530
CTD_P,20240807T094050,47.59
CTD_P,20240807T094058,47.25
CTD_P,20240807T094109,46.74
CTD_PTS,20240807T094111,46.64,27.8216,36.3061
O2,20240807T094114,239.13570,97.56300,27.81577,27.73977,29.10577,37.23626,8.13049,522.88953,648.21051,-29.33239
FLBB,20240807T094117,127,196,530
CTD_P,20240807T094119,46.18
CTD_P,20240807T094128,45.66
CTD_PTS,20240807T094130,45.53,27.8232,36.3052
O2,20240807T094133,239.29060,97.62897,27.81734,27.73211,29.09811,37.22720,8.12908,522.61462,648.18433,-29.38205
FLBB,20240807T094136,131,201,530
CTD_P,20240807T094138,45.05
CTD_P,20240807T094142,44.82
CTD_PTS,20240807T094144,44.67,27.8273,36.3044
O2,20240807T094147,239.57381,97.74773,27.81920,27.71851,29.08451,37.20358,8.11907,522.41931,644.25592,-29.44086
FLBB,20240807T094150,135,186,530
CTD_P,20240807T094152,44.16
CTD_P,20240807T094200,43.65
CTD_PTS,20240807T094202,43.49,27.8233,36.3067
O2,20240807T094205,239.63300,97.77280,27.81973,27.71562,29.08162,37.20914,8.12752,522.18732,648.13879,-29.45758
FLBB,20240807T094208,139,183,530
CTD_P,20240807T094210,42.97
CTD_P,20240807T094212,42.83
CTD_PTS,20240807T094214,42.66,27.8235,36.3070
O2,20240807T094216,239.63960,97.77634,27.82022,27.71514,29.08114,37.20748,8.12634,522.13971,648.06561,-29.47312
FLBB,20240807T094219,137,183,529
CTD_P,20240807T094221,42.19
CTD_P,20240807T094228,41.70
CTD_PTS,20240807T094230,41.53,27.8240,36.3061
O2,20240807T094232,239.92830,97.89443,27.82041,27.70192,29.06792,37.18668,8.11876,521.96710,644.37567,-29.47912
FLBB,20240807T094236,127,206,529
CTD_P,20240807T094238,40.91
CTD_P,20240807T094240,40.75
CTD_PTS,20240807T094242,40.58,27.8233,36.3065
O2,20240807T094244,240.07280,97.95335,27.82037,27.69535,29.06135,37.17770,8.11635,521.85791,644.13232,-29.47784
FLBB,20240807T094248,132,189,529
CTD_P,20240807T094250,39.96
CTD_P,20240807T094252,39.77
CTD_PTS,20240807T094254,39.60,27.8262,36.3041
O2,20240807T094257,239.98399,97.91718,27.82042,27.69938,29.06538,37.19044,8.12506,521.75043,647.93683,-29.47922
FLBB,20240807T094300,130,186,529
CTD_P,20240807T094302,38.88
CTD_P,20240807T094304,38.73
CTD_P,20240807T094308,38.35
CTD_PTS,20240807T094310,38.19,27.8253,36.3049
O2,20240807T094313,240.24290,98.02354,27.82084,27.68744,29.05344,37.16973,8.11629,521.57709,644.45422,-29.49269
FLBB,20240807T094316,139,193,529
CTD_P,20240807T094318,37.47
CTD_P,20240807T094322,37.14
CTD_PTS,20240807T094324,36.94,27.8227,36.3067
O2,20240807T094327,240.27510,98.03715,27.82110,27.68589,29.05189,37.17496,8.12308,521.39001,648.09222,-29.50096
FLBB,20240807T094330,142,212,529
CTD_P,20240807T094332,36.19
CTD_P,20240807T094336,35.85
CTD_PTS,20240807T094338,35.66,27.8244,36.3051
O2,20240807T094341,240.43890,98.10484,27.82160,27.67827,29.04427,37.16764,8.12337,521.19232,648.23022,-29.51659
FLBB,20240807T094344,143,196,529
CTD_P,20240807T094346,34.97
CTD_P,20240807T094350,34.60
CTD_PTS,20240807T094352,34.42,27.8256,36.3045
O2,20240807T094355,240.74760,98.23271,27.82270,27.66386,29.02986,37.14727,8.11741,520.97388,644.52289,-29.55141
FLBB,20240807T094358,145,212,529
CTD_P,20240807T094400,33.71
CTD_P,20240807T094402,33.55
CTD_PTS,20240807T094404,33.32,27.8293,36.3026
O2,20240807T094406,240.77960,98.24743,27.82365,27.66207,29.02807,37.15006,8.12199,520.70898,648.08252,-29.58140
FLBB,20240807T094409,144,205,529
CTD_P,20240807T094411,32.71
CTD_P,20240807T094414,32.43
CTD_PTS,20240807T094416,32.25,27.8307,36.3034
O2,20240807T094418,240.99960,98.34252,27.82669,27.65101,29.01701,37.13997,8.12296,520.45837,648.34851,-29.67769
FLBB,20240807T094422,139,192,528
CTD_P,20240807T094424,31.51
CTD_P,20240807T094426,31.32
CTD_PTS,20240807T094428,31.14,27.8305,36.3053
O2,20240807T094430,241.54030,98.56663,27.82866,27.62585,28.99185,37.10581,8.11396,519.99823,644.54639,-29.74004
FLBB,20240807T094434,134,188,528
CTD_P,20240807T094436,30.34
CTD_P,20240807T094438,30.13
CTD_PTS,20240807T094440,29.95,27.8321,36.3049
O2,20240807T094443,241.89220,98.71343,27.83050,27.60932,28.97532,37.08868,8.11336,519.65057,644.48090,-29.79816
FLBB,20240807T094446,133,204,528
CTD_P,20240807T094448,29.09
CTD_P,20240807T094450,28.90
CTD_P,20240807T094454,28.48
CTD_PTS,20240807T094456,28.26,27.8324,36.3040
O2,20240807T094459,242.04221,98.77541,27.83092,27.60242,28.96841,37.09131,8.12289,519.26538,648.44177,-29.81154
FLBB,20240807T094502,131,214,528
CTD_P,20240807T094504,27.40
CTD_P,20240807T094508,26.98
CTD_PTS,20240807T094510,26.77,27.8368,36.3030
O2,20240807T094513,242.43520,98.94054,27.83361,27.58377,28.94977,37.06214,8.11237,518.87799,644.70471,-29.89671
FLBB,20240807T094516,127,210,528
CTD_P,20240807T094518,25.96
CTD_P,20240807T094522,25.51
CTD_PTS,20240807T094524,25.29,27.8368,36.3039
O2,20240807T094527,242.62180,99.01784,27.83430,27.57515,28.94115,37.05560,8.11446,518.62512,644.63507,-29.91834
FLBB,20240807T094530,125,196,528
CTD_P,20240807T094532,24.43
CTD_P,20240807T094536,24.03
CTD_PTS,20240807T094538,23.84,27.8400,36.3037
O2,20240807T094541,242.77290,99.08816,27.83921,27.56660,28.93260,37.04514,8.11254,518.38538,644.63562,-30.07373
FLBB,20240807T094544,121,194,528
CTD_P,20240807T094546,23.02
CTD_P,20240807T094550,22.59
CTD_PTS,20240807T094552,22.40,27.8394,36.3048
O2,20240807T094555,242.81360,99.10794,27.84100,27.56414,28.93014,37.05053,8.12039,518.20898,648.44781,-30.13018
FLBB,20240807T094558,118,186,528
CTD_P,20240807T094600,21.54
CTD_P,20240807T094604,21.13
CTD_PTS,20240807T094606,20.90,27.8408,36.3064
O2,20240807T094609,242.98669,99.17835,27.84087,27.55643,28.92243,37.04359,8.12115,518.03882,648.66669,-30.12615
FLBB,20240807T094612,129,198,528
CTD_P,20240807T094614,20.04
CTD_P,20240807T094618,19.64
CTD_PTS,20240807T094620,19.45,27.8448,36.3060
O2,20240807T094623,243.20889,99.27383,27.84360,27.54551,28.91151,37.02508,8.11357,517.88922,644.85352,-30.21250
FLBB,20240807T094626,120,206,528
CTD_P,20240807T094628,18.59
CTD_P,20240807T094632,18.19
CTD_PTS,20240807T094634,17.95,27.8453,36.3048
O2,20240807T094637,243.35060,99.33363,27.84469,27.53878,28.90478,37.01632,8.11154,517.68860,644.83069,-30.24702
FLBB,20240807T094640,114,193,528
CTD_P,20240807T094642,17.14
CTD_P,20240807T094646,16.76
CTD_PTS,20240807T094648,16.52,27.8451,36.3057
O2,20240807T094651,243.33600,99.33120,27.84669,27.53871,28.90471,37.02529,8.12058,517.55487,648.71997,-30.31046
FLBB,20240807T094654,115,221,528
CTD_P,20240807T094656,15.67
CTD_P,20240807T094700,15.28
CTD_PTS,20240807T094702,15.11,27.8463,36.3049
O2,20240807T094705,243.53191,99.41834,27.85078,27.52849,28.89449,37.01406,8.11957,517.31061,648.84528,-30.43958
FLBB,20240807T094708,113,195,528
CTD_P,20240807T094710,14.33
CTD_P,20240807T094714,13.87
CTD_PTS,20240807T094716,13.69,27.8687,36.3017
O2,20240807T094719,243.59810,99.47249,27.86612,27.52004,28.88604,37.00513,8.11909,517.00720,648.90051,-30.92493
FLBB,20240807T094722,109,190,528
CTD_P,20240807T094724,12.93
CTD_P,20240807T094728,12.50
CTD_PTS,20240807T094730,12.28,27.8917,36.3043
O2,20240807T094733,243.87900,99.62807,27.88926,27.49923,28.86523,36.97574,8.11051,516.67871,645.04572,-31.65664
FLBB,20240807T094736,130,198,528
CTD_P,20240807T094738,11.52
CTD_P,20240807T094742,11.13
CTD_PTS,20240807T094744,10.91,27.9464,36.3029
O2,20240807T094747,243.74710,99.65572,27.93540,27.48859,28.85459,36.97386,8.11927,516.18237,648.58917,-33.11513
FLBB,20240807T094750,108,212,528
CTD_P,20240807T094752,10.18
CTD_P,20240807T094756,9.82
CTD_PTS,20240807T094758,9.64,27.9626,36.3045
O2,20240807T094801,244.07970,99.83056,27.95734,27.46594,28.83194,36.94292,8.11098,515.79578,644.74170,-33.80878
FLBB,20240807T094804,104,208,528
CTD_P,20240807T094806,8.90
CTD_P,20240807T094810,8.53
CTD_PTS,20240807T094812,8.32,27.9606,36.3041
O2,20240807T094815,244.01990,99.81214,27.96076,27.46738,28.83338,36.94305,8.10966,515.74170,644.46332,-33.91676
FLBB,20240807T094818,111,198,528
CTD_P,20240807T094820,7.63
CTD_P,20240807T094824,7.27
CTD_PTS,20240807T094826,7.09,27.9648,36.3030
O2,20240807T094829,244.26100,99.92521,27.96889,27.45376,28.81976,36.92897,8.10921,515.43329,644.39062,-34.17375
FLBB,20240807T094832,109,207,528
CTD_P,20240807T094834,6.41
CTD_P,20240807T094838,6.03
CTD_PTS,20240807T094840,5.90,27.9810,36.3029
O2,20240807T094843,244.28349,99.96159,27.98425,27.44727,28.81327,36.92468,8.11141,515.17438,644.33252,-34.65919
FLBB,20240807T094846,101,296,528
CTD_P,20240807T094848,5.17
CTD_P,20240807T094852,4.88
CTD_P,20240807T094904,3.92
Message,20240807T094908,CP Stopped
CTD_P,20240807T094918,2.96
Message,20240807T094920,Surface Mission
CTD_P,20240807T094923,2.57
CTD_P,20240807T094925,2.46
O2,20240807T094928,244.70959,100.15570,27.99540,27.42440,28.79040,36.90971,8.11931,514.56512,648.42242,-35.01118
CTD_P,20240807T094929,2.18
O2,20240807T094943,244.68629,100.14250,27.99331,27.42618,28.79218,36.90905,8.11687,514.54242,648.23901,-34.94548
CTD_P,20240807T094944,1.10
O2,20240807T094959,244.52960,100.08640,27.99785,27.43150,28.79750,36.91411,8.11661,514.57678,648.18842,-35.08887
CTD_P,20240807T095000,-0.05
O2,20240807T095013,243.97231,99.84679,27.99134,27.45857,28.82457,36.94023,8.11566,515.31708,648.18750,-34.88323
CTD_P,20240807T095014,0.07
O2,20240807T095028,243.94310,99.74058,27.93804,27.47892,28.84492,36.95970,8.11478,515.79840,648.24432,-33.19853
CTD_P,20240807T095030,0.07
O2,20240807T095043,244.62691,100.04020,27.94938,27.44449,28.81049,36.92458,8.11410,514.77222,648.22559,-33.55721
CTD_P,20240807T095044,0.07
O2,20240807T095058,244.19971,99.92993,27.98575,27.45046,28.81646,36.92694,8.11048,514.99219,644.39728,-34.70650
CTD_P,20240807T095100,-0.01
O2,20240807T095113,244.05499,99.88693,27.99491,27.45362,28.81962,36.93313,8.11351,515.11902,648.15839,-34.99593
CTD_P,20240807T095114,0.01
O2,20240807T095128,244.02071,99.86491,27.99039,27.45676,28.82276,36.92947,8.10670,515.13538,644.51538,-34.85294
CTD_P,20240807T095129,-0.02
O2,20240807T095144,244.44690,99.98435,27.95938,27.44890,28.81490,36.92916,8.11426,514.95117,648.35211,-33.87300
CTD_P,20240807T095145,-0.01
CTD_P,20240807T095515,-0.04
O2,20240807T095518,243.49159,99.18233,27.72632,27.57498,28.94098,37.08303,8.14205,518.00470,650.09332,-26.50155
CTD_P,20240807T095520,-0.03
O2,20240807T095533,245.75169,99.69033,27.49441,27.55787,28.92387,37.05161,8.12773,517.66602,646.55988,-19.15399
CTD_P,20240807T095534,-0.16
O2,20240807T095548,244.44031,99.39670,27.62911,27.56761,28.93361,37.06127,8.12766,517.93170,650.31952,-23.42327
CTD_P,20240807T095550,-0.17
O2,20240807T095603,244.06760,99.45565,27.74820,27.54140,28.90740,37.03106,8.12366,517.30298,650.40033,-27.19411
CTD_P,20240807T095604,-0.02
O2,20240807T095618,243.89520,99.51180,27.81973,27.52342,28.88942,37.00734,8.11792,516.77252,646.53552,-29.45739
CTD_P,20240807T095619,-0.17
O2,20240807T095634,245.93010,99.79706,27.51374,27.54301,28.90901,37.03008,8.12107,517.26038,650.21863,-19.76699
CTD_P,20240807T095635,-0.15
O2,20240807T095648,244.35210,99.47334,27.69268,27.54867,28.91467,37.03005,8.11538,517.36401,646.62592,-25.43634
CTD_P,20240807T095649,-0.22
O2,20240807T095703,244.79289,99.68711,27.71206,27.52211,28.88811,37.00745,8.11934,516.86481,650.47852,-26.05003
CTD_P,20240807T095705,-0.12
O2,20240807T095718,245.05440,99.63837,27.62461,27.54192,28.90792,37.02362,8.11570,517.28180,650.55609,-23.28066
CTD_P,20240807T095719,-0.25
O2,20240807T095733,243.38010,99.27872,27.80673,27.55108,28.91708,37.03054,8.11346,517.38849,646.92462,-29.04620
CTD_P,20240807T095735,0.01
CTD_P,20240807T095736,-0.26
CTD_P,20240807T095812,-0.29
CTD_bins,20240807T100218,27338,1000,1997.960
CTD_CP_H,20240807T100237,4.34,27.9841,36.3059,19,-1.003121,9
CTD_CP_H,20240807T100237,6.04,27.9746,36.3049,23,-1.003130,12
CTD_CP_H,20240807T100237,8.03,27.9617,36.3047,22,-1.003121,11
CTD_CP_H,20240807T100237,9.98,27.9590,36.3039,21,-1.003131,10
CTD_CP_H,20240807T100237,12.00,27.9043,36.3040,21,-1.003200,11
CTD_CP_H,20240807T100237,13.98,27.8609,36.3044,19,-1.003234,9
CTD_CP_H,20240807T100237,15.95,27.8459,36.3053,20,-1.003270,10
CTD_CP_H,20240807T100237,17.97,27.8452,36.3058,19,-1.003283,10
CTD_CP_H,20240807T100238,20.00,27.8431,36.3062,20,-1.003309,10
CTD_CP_H,20240807T100238,22.01,27.8424,36.3061,18,-1.003334,9
CTD_CP_H,20240807T100238,23.98,27.8398,36.3049,20,-1.003322,10
CTD_CP_H,20240807T100238,26.05,27.8357,36.3037,19,-1.003354,9
CTD_CP_H,20240807T100238,28.04,27.8336,36.3036,19,-1.003385,10
CTD_CP_H,20240807T100238,30.03,27.8324,36.3044,19,-1.003364,9
CTD_CP_H,20240807T100238,32.02,27.8298,36.3045,22,-1.003401,11
CTD_CP_H,20240807T100238,34.02,27.8263,36.3043,22,-1.003469,11
CTD_CP_H,20240807T100238,35.98,27.8242,36.3051,22,-1.003497,11
CTD_CP_H,20240807T100238,37.96,27.8242,36.3056,22,-1.003547,11
CTD_CP_H,20240807T100238,39.97,27.8238,36.3060,24,-1.003554,12
CTD_CP_H,20240807T100238,42.00,27.8242,36.3062,28,-1.003554,14
CTD_CP_H,20240807T100238,44.01,27.8243,36.3064,31,-1.003557,16
CTD_CP_H,20240807T100239,46.05,27.8226,36.3057,35,-1.003565,17
CTD_CP_H,20240807T100239,48.18,27.8161,36.3053,77,-1.003594,39
CTD_CP_H,20240807T100239,50.02,27.8112,36.3048,95,-1.003624,47
CTD_CP_H,20240807T100239,51.56,27.7841,36.3052,902,-1.003880,451
CTD_CP_H,20240807T100239,54.01,25.1122,36.5056,22,-1.011770,11
CTD_CP_H,20240807T100239,56.01,25.0323,36.5209,20,-1.011673,10
CTD_CP_H,20240807T100239,57.99,24.9788,36.5213,21,-1.011646,11
CTD_CP_H,20240807T100239,60.00,24.9672,36.5394,20,-1.011698,10
CTD_CP_H,20240807T100239,61.98,24.9273,36.5394,20,-1.011893,10
CTD_CP_H,20240807T100239,63.98,24.8212,36.5217,20,-1.012261,10
CTD_CP_H,20240807T100239,65.97,24.7257,36.5049,20,-1.012651,10
CTD_CP_H,20240807T100239,68.00,24.6086,36.4820,23,-1.013307,11
CTD_CP_H,20240807T100239,70.03,24.4975,36.4566,26,-1.014035,13
CTD_CP_H,20240807T100239,71.99,24.3399,36.4203,25,-1.015285,13
CTD_CP_H,20240807T100240,74.01,24.0336,36.3678,26,-1.016930,13
CTD_CP_H,20240807T100240,76.01,23.8070,36.3272,25,-1.018096,12
CTD_CP_H,20240807T100240,78.01,23.6028,36.2920,25,-1.019194,13
CTD_CP_H,20240807T100240,80.06,23.3195,36.2434,28,-1.020644,14
CTD_CP_H,20240807T100240,82.02,23.1389,36.2102,31,-1.021341,15
CTD_CP_H,20240807T100240,83.97,22.9733,36.1828,29,-1.022092,15
CTD_CP_H,20240807T100240,85.99,22.7886,36.1536,29,-1.023322,14
CTD_CP_H,20240807T100240,88.02,22.6397,36.1403,30,-1.024181,15
CTD_CP_H,20240807T100240,90.01,22.5731,36.1435,37,-1.024433,19
CTD_CP_H,20240807T100240,92.03,22.4485,36.1428,36,-1.024878,18
CTD_CP_H,20240807T100240,94.19,22.3995,36.1682,75,-1.024923,37
CTD_CP_H,20240807T100240,96.00,22.3628,36.1732,104,-1.025116,52
CTD_CP_H,20240807T100240,98.03,22.3852,36.2194,107,-1.024372,53
CTD_CP_H,20240807T100241,99.98,22.2285,36.2050,95,-1.025090,48
CTD_CP_H,20240807T100241,101.93,21.9924,36.1542,76,-1.026557,38
CTD_CP_H,20240807T100241,103.98,21.8581,36.1640,63,-1.027311,32
CTD_CP_H,20240807T100241,105.96,21.8299,36.1752,50,-1.027155,25
CTD_CP_H,20240807T100241,107.99,21.7442,36.2273,44,-1.026994,22
CTD_CP_H,20240807T100241,110.00,21.6289,36.2199,41,-1.027649,20
CTD_CP_H,20240807T100241,112.02,21.5486,36.2383,37,-1.027681,19
CTD_CP_H,20240807T100241,113.99,21.4320,36.2442,34,-1.028385,17
CTD_CP_H,20240807T100241,115.97,21.3128,36.2260,33,-1.028813,16
CTD_CP_H,20240807T100241,118.00,21.2503,36.2234,33,-1.029074,17
CTD_CP_H,20240807T100241,120.00,21.1287,36.1925,30,-1.029643,15
CTD_CP_H,20240807T100241,121.98,20.8615,36.1398,28,-1.030280,14
CTD_CP_H,20240807T100241,123.98,20.6663,36.1116,27,-1.030660,13
CTD_CP_H,20240807T100241,125.97,20.5633,36.1024,26,-1.030868,13
CTD_CP_H,20240807T100242,127.96,20.3906,36.0761,26,-1.030902,13
CTD_CP_H,20240807T100242,129.98,20.2226,36.0471,26,-1.031002,13
CTD_CP_H,20240807T100242,132.01,20.0128,36.0156,25,-1.031137,13
CTD_CP_H,20240807T100242,133.99,19.8883,35.9935,25,-1.031175,12
CTD_CP_H,20240807T100242,135.99,19.6893,35.9584,24,-1.031408,12
CTD_CP_H,20240807T100242,138.01,19.4983,35.9307,28,-1.031845,14
CTD_CP_H,20240807T100242,140.01,19.5017,35.9538,36,-1.032387,18
CTD_CP_H,20240807T100242,142.67,19.4804,35.9724,200,-1.032620,101
CTD_CP_H,20240807T100242,143.60,19.2870,35.9352,187,-1.032733,93
CTD_CP_H,20240807T100242,145.96,18.8689,35.8544,76,-1.033055,38
CTD_CP_H,20240807T100242,147.99,18.6467,35.8173,64,-1.033420,32
CTD_CP_H,20240807T100242,150.01,18.4661,35.8041,63,-1.033801,31
CTD_CP_H,20240807T100242,151.98,18.3725,35.8038,61,-1.033946,31
CTD_CP_H,20240807T100243,153.99,18.2539,35.8081,57,-1.034170,28
CTD_CP_H,20240807T100243,155.96,18.2164,35.8208,57,-1.034318,29
CTD_CP_H,20240807T100243,157.96,18.1770,35.8387,47,-1.034431,23
CTD_CP_H,20240807T100243,159.96,17.9882,35.8235,40,-1.034690,20
CTD_CP_H,20240807T100243,161.97,17.8742,35.8218,37,-1.034869,19
CTD_CP_H,20240807T100243,164.00,18.0318,35.9040,32,-1.034526,16
CTD_CP_H,20240807T100243,165.97,18.1575,35.9750,30,-1.034217,15
CTD_CP_H,20240807T100243,167.96,18.2648,36.0523,30,-1.034055,15
CTD_CP_H,20240807T100243,169.98,18.1402,36.0487,28,-1.034407,14
CTD_CP_H,20240807T100243,172.00,17.9707,36.0254,27,-1.034562,13
CTD_CP_H,20240807T100243,174.01,17.7803,36.0125,25,-1.034797,13
CTD_CP_H,20240807T100243,175.98,17.7316,36.0249,24,-1.034828,12
CTD_CP_H,20240807T100243,177.98,17.7231,36.0448,25,-1.034727,12
CTD_CP_H,20240807T100243,180.02,17.7849,36.1014,24,-1.034636,12
CTD_CP_H,20240807T100244,182.00,17.6985,36.0987,24,-1.034777,12
CTD_CP_H,20240807T100244,183.99,17.6088,36.0899,25,-1.034853,13
CTD_CP_H,20240807T100244,186.01,17.5227,36.0907,24,-1.034930,12
CTD_CP_H,20240807T100244,187.99,17.3962,36.0835,22,-1.035085,11
CTD_CP_H,20240807T100244,190.01,17.2376,36.0790,24,-1.035254,12
CTD_CP_H,20240807T100244,192.03,17.1379,36.0736,22,-1.035341,11
CTD_CP_H,20240807T100244,193.99,17.0625,36.0694,22,-1.035454,11
CTD_CP_H,20240807T100244,195.99,16.9443,36.0626,22,-1.035545,11
CTD_CP_H,20240807T100244,198.00,16.8881,36.0588,22,-1.035582,11
CTD_CP_H,20240807T100244,200.01,16.8251,36.0587,23,-1.035668,11
CTD_CP_H,20240807T100244,202.00,16.7990,36.0574,26,-1.035701,13
CTD_CP_H,20240807T100244,203.97,16.7462,36.0527,27,-1.035760,14
CTD_CP_H,20240807T100244,206.01,16.6720,36.0509,28,-1.035848,14
CTD_CP_H,20240807T100245,208.06,16.5842,36.0474,29,-1.035890,14
CTD_CP_H,20240807T100245,209.99,16.5448,36.0446,36,-1.035936,18
CTD_CP_H,20240807T100245,211.99,16.4959,36.0395,37,-1.036033,19
CTD_CP_H,20240807T100245,214.00,16.4247,36.0350,34,-1.036119,17
CTD_CP_H,20240807T100245,215.99,16.3629,36.0277,32,-1.036169,16
CTD_CP_H,20240807T100245,217.98,16.2988,36.0224,32,-1.036234,16
CTD_CP_H,20240807T100245,220.00,16.2671,36.0227,32,-1.036236,16
CTD_CP_H,20240807T100245,222.02,16.2723,36.0329,31,-1.036220,15
CTD_CP_H,20240807T100245,223.98,16.2536,36.0346,31,-1.036220,16
CTD_CP_H,20240807T100245,225.98,16.2416,36.0381,32,-1.036258,16
CTD_CP_H,20240807T100245,227.99,16.1613,36.0258,31,-1.036311,15
CTD_CP_H,20240807T100245,229.97,16.1478,36.0276,31,-1.036362,16
CTD_CP_H,20240807T100245,231.97,16.0713,36.0222,32,-1.036460,16
CTD_CP_H,20240807T100246,234.00,15.9947,36.0103,32,-1.036549,16
CTD_CP_H,20240807T100246,236.01,15.9574,36.0062,33,-1.036556,16
CTD_CP_H,20240807T100246,238.01,15.9120,36.0073,33,-1.036633,17
CTD_CP_H,20240807T100246,240.01,15.8819,36.0114,33,-1.036647,16
CTD_CP_H,20240807T100246,242.02,15.9827,36.0653,32,-1.036323,16
CTD_CP_H,20240807T100246,244.01,16.0205,36.0933,34,-1.036212,17
CTD_CP_H,20240807T100246,246.01,15.9855,36.0899,34,-1.036263,17
CTD_CP_H,20240807T100246,248.01,15.9452,36.0861,34,-1.036299,17
CTD_CP_H,20240807T100246,249.99,15.8943,36.0828,32,-1.036357,16
CTD_CP_H,20240807T100246,251.95,15.8549,36.0825,31,-1.036385,16
CTD_CP_H,20240807T100246,253.96,15.7593,36.0834,30,-1.036413,15
CTD_CP_H,20240807T100246,255.98,15.7550,36.0888,30,-1.036401,15
CTD_CP_H,20240807T100246,258.01,15.7364,36.0905,29,-1.036427,14
CTD_CP_H,20240807T100246,259.99,15.6851,36.0876,27,-1.036483,14
CTD_CP_H,20240807T100247,261.98,15.6156,36.0799,28,-1.036524,14
CTD_CP_H,20240807T100247,264.02,15.5855,36.0835,27,-1.036518,13
CTD_CP_H,20240807T100247,266.02,15.5495,36.0795,25,-1.036563,13
CTD_CP_H,20240807T100247,267.97,15.4995,36.0738,25,-1.036581,12
CTD_CP_H,20240807T100247,269.99,15.4562,36.0688,26,-1.036649,13
CTD_CP_H,20240807T100247,272.01,15.4141,36.0635,24,-1.036668,12
CTD_CP_H,20240807T100247,273.97,15.3809,36.0571,24,-1.036744,12
CTD_CP_H,20240807T100247,275.98,15.2854,36.0422,24,-1.036854,12
CTD_CP_H,20240807T100247,278.02,15.2232,36.0319,24,-1.036916,12
CTD_CP_H,20240807T100247,280.01,15.2015,36.0274,23,-1.036960,12
CTD_CP_H,20240807T100247,281.98,15.1618,36.0225,23,-1.037004,11
CTD_CP_H,20240807T100247,283.99,15.1123,36.0160,23,-1.037048,12
CTD_CP_H,20240807T100247,285.98,15.0631,36.0090,22,-1.037099,11
CTD_CP_H,20240807T100248,287.99,15.0067,36.0014,23,-1.037144,11
CTD_CP_H,20240807T100248,290.02,14.9671,35.9952,22,-1.037188,11
CTD_CP_H,20240807T100248,291.99,14.9299,35.9891,22,-1.037203,11
CTD_CP_H,20240807T100248,293.97,14.8506,35.9790,22,-1.037287,11
CTD_CP_H,20240807T100248,296.00,14.8428,35.9814,23,-1.037254,12
CTD_CP_H,20240807T100248,298.01,14.8301,35.9867,22,-1.037268,11
CTD_CP_H,20240807T100248,300.01,14.7681,35.9789,25,-1.037303,12
CTD_CP_H,20240807T100248,302.00,14.7342,35.9743,29,-1.037330,15
CTD_CP_H,20240807T100248,303.98,14.7111,35.9715,31,-1.037358,15
CTD_CP_H,20240807T100248,306.00,14.6807,35.9692,31,-1.037360,16
CTD_CP_H,20240807T100248,308.01,14.6528,35.9685,31,-1.037372,15
CTD_CP_H,20240807T100248,310.02,14.6104,35.9657,31,-1.037375,16
CTD_CP_H,20240807T100248,312.03,14.5891,35.9638,32,-1.037399,16
CTD_CP_H,20240807T100248,314.02,14.5698,35.9633,30,-1.037404,15
CTD_CP_H,20240807T100249,315.97,14.5341,35.9594,30,-1.037432,15
CTD_CP_H,20240807T100249,317.97,14.4609,35.9510,31,-1.037457,15
CTD_CP_H,20240807T100249,320.00,14.4416,35.9494,31,-1.037466,16
CTD_CP_H,20240807T100249,322.00,14.4292,35.9502,30,-1.037465,15
CTD_CP_H,20240807T100249,323.98,14.4091,35.9482,30,-1.037500,15
CTD_CP_H,20240807T100249,325.99,14.3751,35.9436,31,-1.037496,15
CTD_CP_H,20240807T100249,328.01,14.3163,35.9362,30,-1.037519,15
CTD_CP_H,20240807T100249,330.00,14.2390,35.9257,30,-1.037576,15
CTD_CP_H,20240807T100249,331.97,14.1837,35.9178,29,-1.037607,15
CTD_CP_H,20240807T100249,333.97,14.1399,35.9113,30,-1.037615,15
CTD_CP_H,20240807T100249,336.01,14.0967,35.9032,30,-1.037647,15
CTD_CP_H,20240807T100249,338.01,14.1000,35.9075,29,-1.037645,14
CTD_CP_H,20240807T100249,340.01,14.0497,35.8996,29,-1.037700,15
CTD_CP_H,20240807T100250,342.03,13.9966,35.8897,28,-1.037710,14
CTD_CP_H,20240807T100250,344.02,13.9520,35.8830,28,-1.037732,14
CTD_CP_H,20240807T100250,346.00,13.9399,35.8844,27,-1.037714,13
CTD_CP_H,20240807T100250,348.00,13.8939,35.8784,28,-1.037733,14
CTD_CP_H,20240807T100250,350.00,13.8809,35.8762,27,-1.037740,14
CTD_CP_H,20240807T100250,351.99,13.8590,35.8733,27,-1.037755,13
CTD_CP_H,20240807T100250,354.01,13.8235,35.8682,27,-1.037765,14
CTD_CP_H,20240807T100250,356.00,13.7818,35.8629,26,-1.037754,13
CTD_CP_H,20240807T100250,357.99,13.7676,35.8643,26,-1.037748,13
CTD_CP_H,20240807T100250,359.99,13.7496,35.8624,26,-1.037745,13
CTD_CP_H,20240807T100250,361.98,13.7326,35.8601,25,-1.037745,12
CTD_CP_H,20240807T100250,363.97,13.7054,35.8570,25,-1.037779,13
CTD_CP_H,20240807T100250,365.98,13.6761,35.8546,25,-1.037785,12
CTD_CP_H,20240807T100250,368.01,13.6599,35.8537,25,-1.037781,13
CTD_CP_H,20240807T100251,369.99,13.6566,35.8549,24,-1.037751,12
CTD_CP_H,20240807T100251,371.98,13.6448,35.8547,24,-1.037737,12
CTD_CP_H,20240807T100251,373.99,13.6496,35.8592,24,-1.037687,12
CTD_CP_H,20240807T100251,376.01,13.6470,35.8612,24,-1.037675,12
CTD_CP_H,20240807T100251,378.01,13.6336,35.8606,23,-1.037669,11
CTD_CP_H,20240807T100251,380.00,13.6193,35.8595,24,-1.037658,12
CTD_CP_H,20240807T100251,382.00,13.5978,35.8579,23,-1.037636,12
CTD_CP_H,20240807T100251,384.03,13.5812,35.8560,24,-1.037646,12
CTD_CP_H,20240807T100251,386.04,13.5621,35.8544,23,-1.037663,11
CTD_CP_H,20240807T100251,388.03,13.5517,35.8534,23,-1.037640,12
CTD_CP_H,20240807T100251,390.03,13.5352,35.8521,23,-1.037652,11
CTD_CP_H,20240807T100251,392.03,13.5194,35.8502,23,-1.037655,12
CTD_CP_H,20240807T100251,394.03,13.4932,35.8471,23,-1.037647,11
CTD_CP_H,20240807T100252,395.99,13.4711,35.8440,22,-1.037622,11
CTD_CP_H,20240807T100252,397.99,13.4549,35.8422,24,-1.037643,12
CTD_CP_H,20240807T100252,400.03,13.4248,35.8392,23,-1.037685,12
CTD_CP_H,20240807T100252,402.03,13.4094,35.8379,23,-1.037663,11
CTD_CP_H,20240807T100252,404.02,13.4143,35.8395,23,-1.037657,12
CTD_CP_H,20240807T100252,406.03,13.3875,35.8354,23,-1.037672,11
CTD_CP_H,20240807T100252,407.99,13.3596,35.8325,22,-1.037654,11
CTD_CP_H,20240807T100252,409.95,13.3540,35.8351,23,-1.037640,12
CTD_CP_H,20240807T100252,411.97,13.3415,35.8345,23,-1.037665,11
CTD_CP_H,20240807T100252,413.98,13.3175,35.8318,23,-1.037683,12
CTD_CP_H,20240807T100252,415.99,13.3005,35.8314,23,-1.037645,11
CTD_CP_H,20240807T100252,418.00,13.2957,35.8318,23,-1.037638,12
CTD_CP_H,20240807T100252,420.01,13.2891,35.8320,23,-1.037631,11
CTD_CP_H,20240807T100252,422.00,13.2693,35.8313,23,-1.037614,12
CTD_CP_H,20240807T100253,424.03,13.2559,35.8319,28,-1.037622,14
CTD_CP_H,20240807T100253,426.01,13.2453,35.8319,31,-1.037586,15
CTD_CP_H,20240807T100253,428.02,13.2336,35.8312,32,-1.037605,16
CTD_CP_H,20240807T100253,430.00,13.2162,35.8294,31,-1.037604,16
CTD_CP_H,20240807T100253,431.97,13.1949,35.8269,31,-1.037599,15
CTD_CP_H,20240807T100253,433.97,13.1630,35.8238,31,-1.037629,16
CTD_CP_H,20240807T100253,435.97,13.1353,35.8212,31,-1.037615,15
CTD_CP_H,20240807T100253,437.98,13.1020,35.8184,31,-1.037623,16
CTD_CP_H,20240807T100253,440.01,13.0831,35.8163,31,-1.037627,15
CTD_CP_H,20240807T100253,442.02,13.0680,35.8152,30,-1.037630,15
CTD_CP_H,20240807T100253,444.00,13.0476,35.8131,30,-1.037623,15
CTD_CP_H,20240807T100253,446.02,13.0178,35.8102,30,-1.037599,15
CTD_CP_H,20240807T100253,448.02,12.9920,35.8062,29,-1.037622,15
CTD_CP_H,20240807T100254,450.00,12.9731,35.8035,30,-1.037648,15
CTD_CP_H,20240807T100254,452.02,12.9473,35.8006,29,-1.037655,14
CTD_CP_H,20240807T100254,454.01,12.9178,35.7970,29,-1.037652,15
CTD_CP_H,20240807T100254,456.01,12.9029,35.7949,29,-1.037662,14
CTD_CP_H,20240807T100254,458.00,12.8795,35.7922,29,-1.037676,15
CTD_CP_H,20240807T100254,460.00,12.8686,35.7906,29,-1.037657,14
CTD_CP_H,20240807T100254,461.99,12.8626,35.7899,29,-1.037674,15
CTD_CP_H,20240807T100254,463.99,12.8492,35.7879,29,-1.037687,14
CTD_CP_H,20240807T100254,466.01,12.8302,35.7850,29,-1.037710,15
CTD_CP_H,20240807T100254,467.99,12.8038,35.7828,28,-1.037687,14
CTD_CP_H,20240807T100254,469.99,12.7843,35.7808,29,-1.037695,14
CTD_CP_H,20240807T100254,471.99,12.7621,35.7794,27,-1.037687,14
CTD_CP_H,20240807T100254,473.98,12.7495,35.7783,28,-1.037686,14
CTD_CP_H,20240807T100254,475.97,12.7410,35.7786,26,-1.037691,13
CTD_CP_H,20240807T100255,477.98,12.7344,35.7782,28,-1.037693,14
CTD_CP_H,20240807T100255,480.00,12.7144,35.7757,26,-1.037703,13
CTD_CP_H,20240807T100255,482.00,12.6987,35.7728,27,-1.037699,13
CTD_CP_H,20240807T100255,484.00,12.6753,35.7691,26,-1.037727,13
CTD_CP_H,20240807T100255,485.99,12.6204,35.7619,26,-1.037738,13
CTD_CP_H,20240807T100255,488.00,12.5848,35.7557,26,-1.037759,13
CTD_CP_H,20240807T100255,490.01,12.5635,35.7531,25,-1.037736,13
CTD_CP_H,20240807T100255,492.00,12.5601,35.7568,25,-1.037725,12
CTD_CP_H,20240807T100255,494.00,12.5456,35.7564,25,-1.037729,13
CTD_CP_H,20240807T100255,496.00,12.5367,35.7553,25,-1.037726,12
CTD_CP_H,20240807T100255,497.99,12.5244,35.7534,24,-1.037758,12
CTD_CP_H,20240807T100255,499.98,12.4904,35.7484,25,-1.037794,13
CTD_CP_H,20240807T100255,502.01,12.4635,35.7436,25,-1.037794,12
CTD_CP_H,20240807T100256,504.00,12.4395,35.7395,24,-1.037820,12
CTD_CP_H,20240807T100256,506.01,12.4119,35.7354,25,-1.037828,13
CTD_CP_H,20240807T100256,508.02,12.4062,35.7350,24,-1.037829,12
CTD_CP_H,20240807T100256,510.01,12.3672,35.7348,24,-1.037856,12
CTD_CP_H,20240807T100256,512.00,12.3557,35.7332,24,-1.037853,12
CTD_CP_H,20240807T100256,513.99,12.3375,35.7312,24,-1.037849,12
CTD_CP_H,20240807T100256,515.99,12.2993,35.7271,24,-1.037863,12
CTD_CP_H,20240807T100256,518.00,12.2887,35.7261,24,-1.037837,12
CTD_CP_H,20240807T100256,520.02,12.2867,35.7268,24,-1.037825,12
CTD_CP_H,20240807T100256,522.03,12.2728,35.7258,24,-1.037834,12
CTD_CP_H,20240807T100256,524.03,12.2631,35.7264,24,-1.037839,12
CTD_CP_H,20240807T100256,526.03,12.2497,35.7261,24,-1.037835,12
CTD_CP_H,20240807T100256,528.00,12.2405,35.7261,23,-1.037863,11
CTD_CP_H,20240807T100256,529.98,12.2250,35.7249,24,-1.037866,12
CTD_CP_H,20240807T100257,532.01,12.1999,35.7208,24,-1.037870,12
CTD_CP_H,20240807T100257,534.03,12.1686,35.7155,24,-1.037921,12
CTD_CP_H,20240807T100257,536.00,12.1095,35.7061,23,-1.037959,12
CTD_CP_H,20240807T100257,537.97,12.1000,35.7058,23,-1.037956,11
CTD_CP_H,20240807T100257,539.98,12.0880,35.7054,24,-1.037983,12
CTD_CP_H,20240807T100257,541.98,12.0751,35.7048,23,-1.037987,12
CTD_CP_H,20240807T100257,543.98,12.0678,35.7048,24,-1.037971,12
CTD_CP_H,20240807T100257,546.00,12.0297,35.7003,23,-1.038000,11
CTD_CP_H,20240807T100257,548.02,12.0151,35.6984,24,-1.038006,12
CTD_CP_H,20240807T100257,550.02,12.0056,35.6981,23,-1.037954,12
CTD_CP_H,20240807T100257,552.00,11.9956,35.6973,23,-1.037965,11
CTD_CP_H,20240807T100257,553.98,11.9879,35.6969,23,-1.038011,12
CTD_CP_H,20240807T100257,555.99,11.9741,35.6960,23,-1.038023,11
CTD_CP_H,20240807T100258,557.98,11.9520,35.6939,23,-1.038032,12
CTD_CP_H,20240807T100258,559.97,11.9304,35.6918,23,-1.038045,11
CTD_CP_H,20240807T100258,561.97,11.9131,35.6910,23,-1.038033,12
CTD_CP_H,20240807T100258,563.99,11.9099,35.6905,23,-1.038022,11
CTD_CP_H,20240807T100258,565.99,11.9041,35.6902,23,-1.038031,12
CTD_CP_H,20240807T100258,568.02,11.8783,35.6881,24,-1.038069,12
CTD_CP_H,20240807T100258,570.04,11.8635,35.6874,25,-1.038061,12
CTD_CP_H,20240807T100258,572.00,11.8476,35.6864,30,-1.038078,15
CTD_CP_H,20240807T100258,574.00,11.8429,35.6863,32,-1.038087,16
CTD_CP_H,20240807T100258,576.00,11.8404,35.6869,31,-1.038076,16
CTD_CP_H,20240807T100258,577.98,11.8213,35.6851,30,-1.038090,15
CTD_CP_H,20240807T100258,579.99,11.7918,35.6823,31,-1.038132,15
CTD_CP_H,20240807T100258,582.01,11.7821,35.6814,30,-1.038105,15
CTD_CP_H,20240807T100259,584.00,11.7741,35.6804,30,-1.038113,15
CTD_CP_H,20240807T100259,586.01,11.7576,35.6787,30,-1.038102,15
CTD_CP_H,20240807T100259,588.00,11.7409,35.6774,29,-1.038110,15
CTD_CP_H,20240807T100259,590.02,11.7191,35.6754,30,-1.038158,15
CTD_CP_H,20240807T100259,592.03,11.6963,35.6733,29,-1.038161,14
CTD_CP_H,20240807T100259,594.01,11.6901,35.6726,29,-1.038161,15
CTD_CP_H,20240807T100259,596.02,11.6760,35.6711,29,-1.038166,14
CTD_CP_H,20240807T100259,598.03,11.6584,35.6690,29,-1.038201,15
CTD_CP_H,20240807T100259,600.03,11.6320,35.6666,29,-1.038203,14
CTD_CP_H,20240807T100259,602.02,11.5951,35.6631,28,-1.038224,14
CTD_CP_H,20240807T100259,604.01,11.5749,35.6606,28,-1.038238,14
CTD_CP_H,20240807T100259,606.00,11.5614,35.6593,27,-1.038273,14
CTD_CP_H,20240807T100259,608.00,11.5533,35.6584,28,-1.038261,14
CTD_CP_H,20240807T100259,610.01,11.5430,35.6572,27,-1.038263,13
CTD_CP_H,20240807T100300,612.01,11.5129,35.6555,27,-1.038291,14
CTD_CP_H,20240807T100300,614.01,11.4982,35.6540,27,-1.038288,13
CTD_CP_H,20240807T100300,616.00,11.4890,35.6528,27,-1.038298,14
CTD_CP_H,20240807T100300,617.99,11.4702,35.6506,26,-1.038325,13
CTD_CP_H,20240807T100300,620.01,11.4430,35.6484,27,-1.038330,13
CTD_CP_H,20240807T100300,622.02,11.4310,35.6473,25,-1.038347,13
CTD_CP_H,20240807T100300,624.01,11.4123,35.6458,26,-1.038368,13
CTD_CP_H,20240807T100300,625.99,11.3974,35.6450,25,-1.038364,12
CTD_CP_H,20240807T100300,627.99,11.3856,35.6437,26,-1.038365,13
CTD_CP_H,20240807T100300,630.00,11.3660,35.6423,25,-1.038364,13
CTD_CP_H,20240807T100300,631.99,11.3514,35.6409,26,-1.038388,13
CTD_CP_H,20240807T100300,633.99,11.3286,35.6387,25,-1.038409,12
CTD_CP_H,20240807T100300,635.99,11.3044,35.6365,25,-1.038437,13
CTD_CP_H,20240807T100301,638.00,11.2808,35.6335,25,-1.038430,12
CTD_CP_H,20240807T100301,640.00,11.2636,35.6317,25,-1.038432,13
CTD_CP_H,20240807T100301,642.02,11.2337,35.6262,25,-1.038499,12
CTD_CP_H,20240807T100301,644.01,11.1871,35.6186,24,-1.038559,12
CTD_CP_H,20240807T100301,646.00,11.1698,35.6145,25,-1.038565,13
CTD_CP_H,20240807T100301,648.00,11.1295,35.6079,24,-1.038629,12
CTD_CP_H,20240807T100301,650.00,11.0779,35.6010,25,-1.038661,12
CTD_CP_H,20240807T100301,652.01,11.0532,35.5984,24,-1.038688,12
CTD_CP_H,20240807T100301,653.98,11.0477,35.5968,24,-1.038691,12
CTD_CP_H,20240807T100301,656.00,11.0242,35.5927,25,-1.038711,13
CTD_CP_H,20240807T100301,658.01,11.0062,35.5876,24,-1.038781,12
CTD_CP_H,20240807T100301,660.03,10.9225,35.5764,25,-1.038854,12
CTD_CP_H,20240807T100301,662.01,10.9196,35.5781,23,-1.038829,12
CTD_CP_H,20240807T100301,663.99,10.9024,35.5755,25,-1.038879,12
CTD_CP_H,20240807T100302,666.01,10.8857,35.5720,24,-1.038874,12
CTD_CP_H,20240807T100302,668.00,10.8696,35.5703,24,-1.038895,12
CTD_CP_H,20240807T100302,669.99,10.8459,35.5661,25,-1.038931,13
CTD_CP_H,20240807T100302,672.02,10.8048,35.5596,25,-1.038985,12
CTD_CP_H,20240807T100302,674.01,10.7724,35.5542,24,-1.039014,12
CTD_CP_H,20240807T100302,676.00,10.7539,35.5514,25,-1.039046,13
CTD_CP_H,20240807T100302,678.00,10.7418,35.5516,24,-1.039048,12
CTD_CP_H,20240807T100302,680.00,10.7190,35.5499,25,-1.039044,12
CTD_CP_H,20240807T100302,682.00,10.7082,35.5508,24,-1.039039,12
CTD_CP_H,20240807T100302,684.01,10.7088,35.5528,25,-1.039031,13
CTD_CP_H,20240807T100302,686.01,10.6602,35.5462,24,-1.039081,12
CTD_CP_H,20240807T100302,687.97,10.6595,35.5484,24,-1.039066,12
CTD_CP_H,20240807T100302,689.99,10.6536,35.5495,25,-1.039087,12
CTD_CP_H,20240807T100303,692.00,10.6401,35.5478,24,-1.039107,12
CTD_CP_H,20240807T100303,694.01,10.6157,35.5467,25,-1.039122,13
CTD_CP_H,20240807T100303,696.03,10.5937,35.5445,24,-1.039161,12
CTD_CP_H,20240807T100303,698.02,10.5741,35.5425,24,-1.039186,12
CTD_CP_H,20240807T100303,700.01,10.5601,35.5416,24,-1.039169,12
CTD_CP_H,20240807T100303,702.02,10.5418,35.5415,24,-1.039177,12
CTD_CP_H,20240807T100303,704.04,10.5202,35.5405,24,-1.039187,12
CTD_CP_H,20240807T100303,706.00,10.5127,35.5390,23,-1.039221,11
CTD_CP_H,20240807T100303,707.98,10.5024,35.5381,24,-1.039242,12
CTD_CP_H,20240807T100303,710.00,10.4900,35.5369,24,-1.039244,12
CTD_CP_H,20240807T100303,712.00,10.4807,35.5355,23,-1.039240,12
CTD_CP_H,20240807T100303,713.97,10.4797,35.5365,24,-1.039223,12
CTD_CP_H,20240807T100303,715.98,10.4682,35.5351,25,-1.039236,12
CTD_CP_H,20240807T100303,718.02,10.4546,35.5331,28,-1.039254,14
CTD_CP_H,20240807T100304,719.99,10.4327,35.5306,32,-1.039301,16
CTD_CP_H,20240807T100304,721.99,10.4031,35.5282,33,-1.039338,17
CTD_CP_H,20240807T100304,724.02,10.3861,35.5262,32,-1.039376,16
CTD_CP_H,20240807T100304,726.02,10.3751,35.5248,31,-1.039378,15
CTD_CP_H,20240807T100304,728.00,10.3673,35.5249,31,-1.039384,16
CTD_CP_H,20240807T100304,730.01,10.3622,35.5245,31,-1.039385,15
CTD_CP_H,20240807T100304,732.01,10.3534,35.5227,30,-1.039432,15
CTD_CP_H,20240807T100304,734.02,10.3285,35.5190,31,-1.039469,16
CTD_CP_H,20240807T100304,736.04,10.3000,35.5145,30,-1.039487,15
CTD_CP_H,20240807T100304,738.01,10.2620,35.5083,29,-1.039520,14
CTD_CP_H,20240807T100304,740.02,10.2363,35.5050,30,-1.039552,15
CTD_CP_H,20240807T100304,742.02,10.2235,35.5057,29,-1.039556,15
CTD_CP_H,20240807T100304,743.99,10.2230,35.5057,29,-1.039556,14
CTD_CP_H,20240807T100305,746.01,10.2109,35.5056,30,-1.039576,15
CTD_CP_H,20240807T100305,747.99,10.1968,35.5050,28,-1.039584,14
CTD_CP_H,20240807T100305,749.96,10.1844,35.5038,29,-1.039568,15
CTD_CP_H,20240807T100305,751.99,10.1660,35.5024,29,-1.039597,14
CTD_CP_H,20240807T100305,754.01,10.1510,35.5024,28,-1.039619,14
CTD_CP_H,20240807T100305,756.01,10.1455,35.5029,28,-1.039617,14
CTD_CP_H,20240807T100305,757.99,10.1349,35.5023,27,-1.039603,14
CTD_CP_H,20240807T100305,759.99,10.1194,35.5011,28,-1.039635,14
CTD_CP_H,20240807T100305,762.00,10.0985,35.5001,27,-1.039650,13
CTD_CP_H,20240807T100305,764.01,10.0860,35.5001,27,-1.039654,14
CTD_CP_H,20240807T100305,766.01,10.0676,35.4989,26,-1.039672,13
CTD_CP_H,20240807T100305,768.00,10.0514,35.4970,26,-1.039681,13
CTD_CP_H,20240807T100305,769.98,10.0368,35.4953,25,-1.039696,12
CTD_CP_H,20240807T100305,771.96,10.0204,35.4935,26,-1.039728,13
CTD_CP_H,20240807T100306,773.98,10.0025,35.4913,26,-1.039701,13
CTD_CP_H,20240807T100306,775.99,9.9944,35.4911,25,-1.039712,13
CTD_CP_H,20240807T100306,777.98,9.9894,35.4901,25,-1.039742,12
CTD_CP_H,20240807T100306,780.00,9.9496,35.4852,25,-1.039794,13
CTD_CP_H,20240807T100306,781.99,9.9126,35.4807,24,-1.039817,12
CTD_CP_H,20240807T100306,783.98,9.9055,35.4805,25,-1.039820,12
CTD_CP_H,20240807T100306,785.98,9.9070,35.4841,24,-1.039814,12
CTD_CP_H,20240807T100306,787.99,9.9025,35.4835,25,-1.039836,13
CTD_CP_H,20240807T100306,789.99,9.8940,35.4820,24,-1.039859,12
CTD_CP_H,20240807T100306,791.99,9.8677,35.4796,25,-1.039884,12
CTD_CP_H,20240807T100306,794.00,9.8592,35.4786,24,-1.039905,12
CTD_CP_H,20240807T100306,796.00,9.8579,35.4786,24,-1.039904,12
CTD_CP_H,20240807T100306,797.99,9.8487,35.4773,24,-1.039905,12
CTD_CP_H,20240807T100307,799.99,9.8108,35.4737,24,-1.039929,12
CTD_CP_H,20240807T100307,802.01,9.7871,35.4715,24,-1.039944,12
CTD_CP_H,20240807T100307,804.00,9.7835,35.4707,24,-1.039935,12
CTD_CP_H,20240807T100307,806.01,9.7810,35.4710,24,-1.039936,12
CTD_CP_H,20240807T100307,807.99,9.7722,35.4714,23,-1.039964,12
CTD_CP_H,20240807T100307,809.97,9.7654,35.4717,24,-1.039975,12
CTD_CP_H,20240807T100307,811.99,9.7531,35.4704,24,-1.039976,12
CTD_CP_H,20240807T100307,814.01,9.7222,35.4673,24,-1.040012,12
CTD_CP_H,20240807T100307,816.03,9.7197,35.4685,24,-1.040029,12
CTD_CP_H,20240807T100307,818.03,9.7187,35.4703,23,-1.040033,11
CTD_CP_H,20240807T100307,819.99,9.7064,35.4691,23,-1.040056,12
CTD_CP_H,20240807T100307,821.99,9.6986,35.4682,24,-1.040070,12
CTD_CP_H,20240807T100307,824.05,9.6902,35.4676,24,-1.040088,12
CTD_CP_H,20240807T100307,826.06,9.6785,35.4665,23,-1.040107,11
CTD_CP_H,20240807T100308,828.04,9.6718,35.4655,23,-1.040088,12
CTD_CP_H,20240807T100308,830.02,9.6661,35.4651,23,-1.040091,11
CTD_CP_H,20240807T100308,832.01,9.6584,35.4639,23,-1.040115,12
CTD_CP_H,20240807T100308,833.98,9.6512,35.4632,23,-1.040149,11
CTD_CP_H,20240807T100308,835.97,9.6414,35.4622,23,-1.040162,12
CTD_CP_H,20240807T100308,838.00,9.6267,35.4604,24,-1.040187,12
CTD_CP_H,20240807T100308,840.05,9.6124,35.4590,23,-1.040204,11
CTD_CP_H,20240807T100308,842.05,9.5918,35.4572,23,-1.040219,12
CTD_CP_H,20240807T100308,844.01,9.5791,35.4566,22,-1.040217,11
CTD_CP_H,20240807T100308,845.97,9.5651,35.4553,23,-1.040229,11
CTD_CP_H,20240807T100308,847.99,9.5534,35.4550,23,-1.040235,12
CTD_CP_H,20240807T100308,850.00,9.5441,35.4543,23,-1.040246,11
CTD_CP_H,20240807T100308,852.00,9.5398,35.4538,23,-1.040262,12
CTD_CP_H,20240807T100309,853.99,9.5373,35.4531,23,-1.040276,11
CTD_CP_H,20240807T100309,855.98,9.5102,35.4505,23,-1.040316,12
CTD_CP_H,20240807T100309,857.99,9.4986,35.4489,23,-1.040345,11
CTD_CP_H,20240807T100309,859.99,9.4770,35.4464,23,-1.040375,12
CTD_CP_H,20240807T100309,861.99,9.4592,35.4441,23,-1.040384,11
CTD_CP_H,20240807T100309,863.98,9.4473,35.4430,23,-1.040381,12
CTD_CP_H,20240807T100309,865.98,9.4409,35.4411,23,-1.040373,11
CTD_CP_H,20240807T100309,867.98,9.4216,35.4395,23,-1.040399,12
CTD_CP_H,20240807T100309,869.99,9.4075,35.4370,23,-1.040400,11
CTD_CP_H,20240807T100309,872.02,9.3963,35.4365,23,-1.040405,12
CTD_CP_H,20240807T100309,874.03,9.3825,35.4349,23,-1.040401,11
CTD_CP_H,20240807T100309,876.03,9.3731,35.4330,23,-1.040426,12
CTD_CP_H,20240807T100309,878.03,9.3590,35.4320,23,-1.040468,11
CTD_CP_H,20240807T100309,880.01,9.3423,35.4302,22,-1.040476,11
CTD_CP_H,20240807T100310,882.01,9.3298,35.4293,23,-1.040492,12
CTD_CP_H,20240807T100310,884.01,9.3160,35.4277,22,-1.040512,11
CTD_CP_H,20240807T100310,886.01,9.2999,35.4256,23,-1.040543,11
CTD_CP_H,20240807T100310,888.03,9.2905,35.4241,22,-1.040539,11
CTD_CP_H,20240807T100310,890.03,9.2527,35.4205,23,-1.040552,12
CTD_CP_H,20240807T100310,892.04,9.2333,35.4181,23,-1.040600,11
CTD_CP_H,20240807T100310,894.03,9.2129,35.4160,26,-1.040610,13
CTD_CP_H,20240807T100310,896.01,9.2021,35.4151,30,-1.040602,15
CTD_CP_H,20240807T100310,898.00,9.1913,35.4135,30,-1.040588,15
CTD_CP_H,20240807T100310,899.98,9.1816,35.4115,30,-1.040616,15
CTD_CP_H,20240807T100310,901.98,9.1512,35.4070,30,-1.040674,15
CTD_CP_H,20240807T100310,903.99,9.1237,35.4037,30,-1.040683,15
CTD_CP_H,20240807T100310,905.97,9.1143,35.4025,29,-1.040687,15
CTD_CP_H,20240807T100311,907.97,9.0932,35.4002,30,-1.040710,15
CTD_CP_H,20240807T100311,910.00,9.0497,35.3960,30,-1.040751,15
CTD_CP_H,20240807T100311,912.01,9.0283,35.3936,29,-1.040789,14
CTD_CP_H,20240807T100311,913.98,9.0164,35.3926,29,-1.040781,15
CTD_CP_H,20240807T100311,915.97,9.0075,35.3917,29,-1.040800,14
CTD_CP_H,20240807T100311,917.99,8.9874,35.3892,29,-1.040808,15
CTD_CP_H,20240807T100311,919.98,8.9754,35.3878,28,-1.040808,14
CTD_CP_H,20240807T100311,921.99,8.9624,35.3864,29,-1.040798,14
CTD_CP_H,20240807T100311,924.01,8.9491,35.3852,28,-1.040828,14
CTD_CP_H,20240807T100311,926.00,8.9346,35.3846,28,-1.040842,14
CTD_CP_H,20240807T100311,927.97,8.9262,35.3833,27,-1.040848,14
CTD_CP_H,20240807T100311,929.97,8.9160,35.3821,28,-1.040882,14
CTD_CP_H,20240807T100311,932.00,8.9071,35.3815,28,-1.040888,14
CTD_CP_H,20240807T100311,934.01,8.8969,35.3804,27,-1.040878,13
CTD_CP_H,20240807T100312,936.02,8.8778,35.3785,28,-1.040915,14
CTD_CP_H,20240807T100312,938.05,8.8626,35.3770,27,-1.040917,14
CTD_CP_H,20240807T100312,940.03,8.8530,35.3763,26,-1.040930,13
CTD_CP_H,20240807T100312,942.01,8.8438,35.3751,27,-1.040940,13
CTD_CP_H,20240807T100312,944.01,8.8306,35.3741,26,-1.040919,13
CTD_CP_H,20240807T100312,945.99,8.8145,35.3721,26,-1.040959,13
CTD_CP_H,20240807T100312,947.97,8.7882,35.3692,26,-1.040957,13
CTD_CP_H,20240807T100312,949.98,8.7704,35.3669,26,-1.040981,13
CTD_CP_H,20240807T100312,952.00,8.7558,35.3650,26,-1.041030,13
CTD_CP_H,20240807T100312,953.99,8.7285,35.3620,25,-1.041047,13
CTD_CP_H,20240807T100312,955.98,8.7077,35.3598,25,-1.041038,12
CTD_CP_H,20240807T100312,957.97,8.6990,35.3584,25,-1.041060,13
CTD_CP_H,20240807T100312,959.99,8.6881,35.3571,25,-1.041067,12
CTD_CP_H,20240807T100313,961.99,8.6801,35.3565,25,-1.041061,13
CTD_CP_H,20240807T100313,964.00,8.6717,35.3554,25,-1.041081,12
CTD_CP_H,20240807T100313,965.99,8.6585,35.3538,24,-1.041101,12
CTD_CP_H,20240807T100313,967.98,8.6410,35.3519,25,-1.041098,13
CTD_CP_H,20240807T100313,970.02,8.6210,35.3501,25,-1.041098,12
CTD_CP_H,20240807T100313,972.01,8.5996,35.3478,24,-1.041092,12
CTD_CP_H,20240807T100313,973.99,8.5718,35.3453,24,-1.041110,12
CTD_CP_H,20240807T100313,975.99,8.5502,35.3432,24,-1.041116,12
CTD_CP_H,20240807T100313,978.00,8.5388,35.3419,24,-1.041140,12
CTD_CP_H,20240807T100313,980.02,8.5267,35.3406,24,-1.041142,12
CTD_CP_H,20240807T100313,981.98,8.5184,35.3396,23,-1.041150,12
CTD_CP_H,20240807T100313,983.97,8.5137,35.3387,24,-1.041159,12
CTD_CP_H,20240807T100313,985.99,8.4932,35.3368,24,-1.041152,12
CTD_CP_H,20240807T100313,987.99,8.4719,35.3345,24,-1.041163,12
CTD_CP_H,20240807T100314,989.99,8.4539,35.3322,23,-1.041194,11
CTD_CP_H,20240807T100314,991.97,8.4357,35.3303,24,-1.041221,12
CTD_CP_H,20240807T100314,993.96,8.4181,35.3289,23,-1.041242,12
CTD_CP_H,20240807T100314,995.96,8.4062,35.3274,24,-1.041255,12
CTD_CP_H,20240807T100314,997.98,8.3946,35.3262,23,-1.041229,11
CTD_CP_H,20240807T100314,999.99,8.3866,35.3253,24,-1.041238,12
CTD_CP_H,20240807T100314,1002.01,8.3729,35.3242,23,-1.041254,12
CTD_CP_H,20240807T100314,1003.99,8.3635,35.3236,23,-1.041266,11
CTD_CP_H,20240807T100314,1006.00,8.3537,35.3228,24,-1.041263,12
CTD_CP_H,20240807T100314,1008.03,8.3419,35.3219,23,-1.041287,12
CTD_CP_H,20240807T100314,1010.02,8.3240,35.3201,23,-1.041278,11
CTD_CP_H,20240807T100314,1012.01,8.3148,35.3194,23,-1.041279,12
CTD_CP_H,20240807T100314,1014.00,8.3146,35.3192,23,-1.041292,11
CTD_CP_H,20240807T100315,1015.98,8.3086,35.3190,23,-1.041317,12
CTD_CP_H,20240807T100315,1017.98,8.3011,35.3181,23,-1.041325,11
CTD_CP_H,20240807T100315,1019.96,8.2942,35.3172,23,-1.041314,12
CTD_CP_H,20240807T100315,1021.99,8.2809,35.3163,24,-1.041357,12
CTD_CP_H,20240807T100315,1024.02,8.2632,35.3149,22,-1.041361,11
CTD_CP_H,20240807T100315,1026.00,8.2538,35.3137,23,-1.041369,11
CTD_CP_H,20240807T100315,1028.03,8.2382,35.3122,23,-1.041378,12
CTD_CP_H,20240807T100315,1030.00,8.2260,35.3109,22,-1.041366,11
CTD_CP_H,20240807T100315,1031.98,8.2157,35.3096,23,-1.041385,11
CTD_CP_H,20240807T100315,1034.02,8.2037,35.3082,23,-1.041407,12
CTD_CP_H,20240807T100315,1036.03,8.1909,35.3068,22,-1.041401,11
CTD_CP_H,20240807T100315,1038.01,8.1721,35.3048,22,-1.041430,11
CTD_CP_H,20240807T100315,1039.99,8.1601,35.3034,22,-1.041436,11
CTD_CP_H,20240807T100315,1042.01,8.1451,35.3019,23,-1.041425,11
CTD_CP_H,20240807T100316,1044.01,8.1361,35.3006,22,-1.041437,11
CTD_CP_H,20240807T100316,1045.98,8.1158,35.2983,22,-1.041459,11
CTD_CP_H,20240807T100316,1047.97,8.1144,35.2983,22,-1.041462,11
CTD_CP_H,20240807T100316,1049.96,8.1069,35.2975,22,-1.041459,11
CTD_CP_H,20240807T100316,1051.99,8.0978,35.2962,23,-1.041460,12
CTD_CP_H,20240807T100316,1054.02,8.0849,35.2953,22,-1.041468,11
CTD_CP_H,20240807T100316,1056.01,8.0724,35.2940,22,-1.041472,11
CTD_CP_H,20240807T100316,1058.01,8.0569,35.2924,22,-1.041465,11
CTD_CP_H,20240807T100316,1060.01,8.0462,35.2915,22,-1.041467,11
CTD_CP_H,20240807T100316,1062.00,8.0388,35.2913,22,-1.041504,11
CTD_CP_H,20240807T100316,1063.99,8.0271,35.2906,22,-1.041519,11
CTD_CP_H,20240807T100316,1065.98,8.0181,35.2892,22,-1.041525,11
CTD_CP_H,20240807T100316,1067.97,8.0108,35.2881,22,-1.041525,11
CTD_CP_H,20240807T100317,1070.00,7.9865,35.2859,23,-1.041511,11
CTD_CP_H,20240807T100317,1072.06,7.9678,35.2840,25,-1.041527,13
CTD_CP_H,20240807T100317,1074.05,7.9436,35.2818,28,-1.041539,14
CTD_CP_H,20240807T100317,1076.01,7.9296,35.2804,29,-1.041540,14
CTD_CP_H,20240807T100317,1077.99,7.9219,35.2796,29,-1.041577,15
CTD_CP_H,20240807T100317,1080.01,7.9134,35.2782,29,-1.041581,14
CTD_CP_H,20240807T100317,1082.01,7.8876,35.2764,29,-1.041605,15
CTD_CP_H,20240807T100317,1084.00,7.8725,35.2748,28,-1.041593,14
CTD_CP_H,20240807T100317,1085.97,7.8566,35.2727,28,-1.041580,14
CTD_CP_H,20240807T100317,1087.99,7.8447,35.2713,29,-1.041612,14
CTD_CP_H,20240807T100317,1090.02,7.8357,35.2706,28,-1.041602,14
CTD_CP_H,20240807T100317,1091.99,7.8331,35.2702,28,-1.041603,14
CTD_CP_H,20240807T100317,1094.01,7.8275,35.2697,29,-1.041600,15
CTD_CP_H,20240807T100318,1096.01,7.8183,35.2685,27,-1.041613,13
CTD_CP_H,20240807T100318,1098.00,7.8034,35.2673,28,-1.041625,14
CTD_CP_H,20240807T100318,1100.01,7.7892,35.2659,27,-1.041632,14
CTD_CP_H,20240807T100318,1102.01,7.7733,35.2641,27,-1.041617,13
CTD_CP_H,20240807T100318,1104.01,7.7594,35.2630,27,-1.041659,14
CTD_CP_H,20240807T100318,1105.99,7.7446,35.2620,26,-1.041648,13
CTD_CP_H,20240807T100318,1107.97,7.7365,35.2610,27,-1.041649,13
CTD_CP_H,20240807T100318,1109.98,7.7220,35.2600,27,-1.041666,14
CTD_CP_H,20240807T100318,1111.98,7.7076,35.2583,27,-1.041700,13
CTD_CP_H,20240807T100318,1113.97,7.7002,35.2572,27,-1.041708,14
CTD_CP_H,20240807T100318,1115.99,7.6773,35.2554,27,-1.041721,13
CTD_CP_H,20240807T100318,1118.01,7.6680,35.2539,27,-1.041695,14
CTD_CP_H,20240807T100318,1120.00,7.6543,35.2527,26,-1.041710,13
CTD_CP_H,20240807T100318,1122.01,7.6362,35.2505,27,-1.041708,13
CTD_CP_H,20240807T100319,1124.02,7.6093,35.2478,25,-1.041712,13
CTD_CP_H,20240807T100319,1126.00,7.5942,35.2460,26,-1.041705,13
CTD_CP_H,20240807T100319,1127.98,7.5784,35.2442,25,-1.041726,12
CTD_CP_H,20240807T100319,1129.99,7.5659,35.2429,26,-1.041739,13
CTD_CP_H,20240807T100319,1132.00,7.5574,35.2418,25,-1.041719,13
CTD_CP_H,20240807T100319,1133.99,7.5465,35.2409,25,-1.041731,12
CTD_CP_H,20240807T100319,1136.01,7.5320,35.2391,25,-1.041740,13
CTD_CP_H,20240807T100319,1138.02,7.5162,35.2376,25,-1.041748,12
CTD_CP_H,20240807T100319,1140.04,7.5063,35.2365,25,-1.041775,13
CTD_CP_H,20240807T100319,1142.04,7.4917,35.2358,24,-1.041760,12
CTD_CP_H,20240807T100319,1144.00,7.4761,35.2339,24,-1.041764,12
CTD_CP_H,20240807T100319,1146.00,7.4612,35.2318,25,-1.041760,12
CTD_CP_H,20240807T100319,1148.01,7.4500,35.2303,24,-1.041784,12
CTD_CP_H,20240807T100319,1150.00,7.4286,35.2285,24,-1.041790,12
CTD_CP_H,20240807T100320,1151.99,7.4186,35.2271,24,-1.041798,12
CTD_CP_H,20240807T100320,1153.99,7.4077,35.2260,24,-1.041807,12
CTD_CP_H,20240807T100320,1156.00,7.3968,35.2247,24,-1.041819,12
CTD_CP_H,20240807T100320,1158.02,7.3817,35.2236,24,-1.041815,12
CTD_CP_H,20240807T100320,1160.05,7.3728,35.2226,24,-1.041809,12
CTD_CP_H,20240807T100320,1162.03,7.3603,35.2214,23,-1.041787,12
CTD_CP_H,20240807T100320,1163.99,7.3547,35.2212,23,-1.041804,11
CTD_CP_H,20240807T100320,1166.00,7.3490,35.2209,24,-1.041818,12
CTD_CP_H,20240807T100320,1168.02,7.3425,35.2201,23,-1.041828,12
CTD_CP_H,20240807T100320,1170.00,7.3317,35.2191,23,-1.041830,11
CTD_CP_H,20240807T100320,1171.97,7.3169,35.2176,23,-1.041838,12
CTD_CP_H,20240807T100320,1173.95,7.3000,35.2163,23,-1.041843,11
CTD_CP_H,20240807T100320,1175.96,7.2898,35.2149,23,-1.041856,12
CTD_CP_H,20240807T100321,1177.98,7.2839,35.2142,23,-1.041889,11
CTD_CP_H,20240807T100321,1180.02,7.2734,35.2131,23,-1.041893,12
CTD_CP_H,20240807T100321,1182.02,7.2520,35.2110,22,-1.041900,11
CTD_CP_H,20240807T100321,1183.99,7.2364,35.2100,22,-1.041901,11
CTD_CP_H,20240807T100321,1185.98,7.2233,35.2089,22,-1.041906,11
CTD_CP_H,20240807T100321,1187.99,7.2191,35.2082,23,-1.041916,11
CTD_CP_H,20240807T100321,1190.01,7.2131,35.2074,22,-1.041939,11
CTD_CP_H,20240807T100321,1192.01,7.2041,35.2064,22,-1.041946,11
CTD_CP_H,20240807T100321,1194.00,7.1861,35.2049,22,-1.041942,11
CTD_CP_H,20240807T100321,1196.01,7.1769,35.2036,22,-1.041937,11
CTD_CP_H,20240807T100321,1197.99,7.1675,35.2028,21,-1.041949,11
CTD_CP_H,20240807T100321,1199.97,7.1602,35.2017,22,-1.041944,11
CTD_CP_H,20240807T100321,1201.99,7.1519,35.2009,22,-1.041940,11
CTD_CP_H,20240807T100322,1204.02,7.1328,35.1992,22,-1.041947,11
CTD_CP_H,20240807T100322,1206.02,7.1255,35.1984,21,-1.041927,10
CTD_CP_H,20240807T100322,1207.98,7.1175,35.1975,21,-1.041936,11
CTD_CP_H,20240807T100322,1209.98,7.1084,35.1966,22,-1.041947,11
CTD_CP_H,20240807T100322,1212.02,7.1012,35.1954,22,-1.041935,11
CTD_CP_H,20240807T100322,1214.03,7.0912,35.1948,21,-1.041926,10
CTD_CP_H,20240807T100322,1216.01,7.0823,35.1937,21,-1.041929,11
CTD_CP_H,20240807T100322,1218.02,7.0770,35.1927,22,-1.041950,11
CTD_CP_H,20240807T100322,1220.04,7.0688,35.1920,21,-1.041942,10
CTD_CP_H,20240807T100322,1222.02,7.0562,35.1907,21,-1.041924,11
CTD_CP_H,20240807T100322,1224.00,7.0499,35.1895,21,-1.041923,10
CTD_CP_H,20240807T100322,1225.98,7.0362,35.1886,21,-1.041927,11
CTD_CP_H,20240807T100322,1228.01,7.0232,35.1870,23,-1.041935,11
CTD_CP_H,20240807T100322,1230.04,7.0180,35.1864,25,-1.041930,13
CTD_CP_H,20240807T100323,1232.02,7.0149,35.1860,28,-1.041959,14
CTD_CP_H,20240807T100323,1234.00,6.9997,35.1842,26,-1.041946,13
CTD_CP_H,20240807T100323,1235.96,6.9887,35.1828,27,-1.041962,13
CTD_CP_H,20240807T100323,1237.98,6.9813,35.1819,28,-1.041950,14
CTD_CP_H,20240807T100323,1240.02,6.9768,35.1815,27,-1.041990,14
CTD_CP_H,20240807T100323,1241.99,6.9714,35.1811,26,-1.041979,13
CTD_CP_H,20240807T100323,1243.98,6.9662,35.1811,28,-1.041981,14
CTD_CP_H,20240807T100323,1246.02,6.9609,35.1804,27,-1.041979,13
CTD_CP_H,20240807T100323,1248.02,6.9535,35.1801,27,-1.042006,14
CTD_CP_H,20240807T100323,1250.01,6.9363,35.1787,26,-1.042005,13
CTD_CP_H,20240807T100323,1251.99,6.9179,35.1776,27,-1.041986,13
CTD_CP_H,20240807T100323,1254.01,6.9090,35.1764,27,-1.041998,14
CTD_CP_H,20240807T100323,1255.99,6.9006,35.1764,26,-1.042002,13
CTD_CP_H,20240807T100324,1257.98,6.8799,35.1738,27,-1.041990,13
CTD_CP_H,20240807T100324,1260.01,6.8718,35.1729,27,-1.042008,14
CTD_CP_H,20240807T100324,1262.00,6.8720,35.1744,26,-1.042040,13
CTD_CP_H,20240807T100324,1263.97,6.8629,35.1747,26,-1.042075,13
CTD_CP_H,20240807T100324,1265.99,6.8606,35.1750,27,-1.042098,13
CTD_CP_H,20240807T100324,1268.01,6.8527,35.1740,26,-1.042110,13
CTD_CP_H,20240807T100324,1270.00,6.8386,35.1726,26,-1.042099,13
CTD_CP_H,20240807T100324,1271.99,6.8253,35.1714,26,-1.042080,13
CTD_CP_H,20240807T100324,1274.01,6.8198,35.1707,26,-1.042080,13
CTD_CP_H,20240807T100324,1275.99,6.8061,35.1690,25,-1.042086,13
CTD_CP_H,20240807T100324,1277.97,6.7898,35.1677,26,-1.042105,13
CTD_CP_H,20240807T100324,1279.99,6.7678,35.1655,26,-1.042087,13
CTD_CP_H,20240807T100324,1281.98,6.7584,35.1643,25,-1.042084,12
CTD_CP_H,20240807T100324,1283.96,6.7466,35.1633,26,-1.042082,13
CTD_CP_H,20240807T100325,1285.98,6.7357,35.1621,26,-1.042090,13
CTD_CP_H,20240807T100325,1288.01,6.7145,35.1597,26,-1.042091,13
CTD_CP_H,20240807T100325,1289.99,6.6962,35.1579,25,-1.042077,13
CTD_CP_H,20240807T100325,1291.98,6.6865,35.1566,26,-1.042073,13
CTD_CP_H,20240807T100325,1294.00,6.6646,35.1547,25,-1.042094,12
CTD_CP_H,20240807T100325,1296.01,6.6391,35.1525,26,-1.042081,13
CTD_CP_H,20240807T100325,1298.02,6.6235,35.1507,25,-1.042079,13
CTD_CP_H,20240807T100325,1299.99,6.6112,35.1494,25,-1.042071,12
CTD_CP_H,20240807T100325,1301.98,6.5913,35.1474,25,-1.042058,13
CTD_CP_H,20240807T100325,1304.03,6.5806,35.1464,26,-1.042064,13
CTD_CP_H,20240807T100325,1306.02,6.5713,35.1461,24,-1.042055,12
CTD_CP_H,20240807T100325,1307.97,6.5638,35.1456,25,-1.042079,12
CTD_CP_H,20240807T100325,1309.97,6.5580,35.1450,25,-1.042096,13
CTD_CP_H,20240807T100326,1311.98,6.5533,35.1448,25,-1.042090,12
CTD_CP_H,20240807T100326,1314.00,6.5442,35.1442,25,-1.042109,13
CTD_CP_H,20240807T100326,1316.02,6.5355,35.1433,25,-1.042139,12
CTD_CP_H,20240807T100326,1318.04,6.5274,35.1426,25,-1.042117,13
CTD_CP_H,20240807T100326,1320.03,6.5196,35.1415,24,-1.042137,12
CTD_CP_H,20240807T100326,1322.01,6.5029,35.1400,25,-1.042114,12
CTD_CP_H,20240807T100326,1324.00,6.4920,35.1389,24,-1.042098,12
CTD_CP_H,20240807T100326,1326.00,6.4804,35.1378,25,-1.042115,13
CTD_CP_H,20240807T100326,1328.00,6.4694,35.1365,24,-1.042133,12
CTD_CP_H,20240807T100326,1330.01,6.4530,35.1348,25,-1.042139,12
CTD_CP_H,20240807T100326,1332.01,6.4295,35.1323,24,-1.042112,12
CTD_CP_H,20240807T100326,1333.98,6.4161,35.1311,24,-1.042067,12
CTD_CP_H,20240807T100326,1336.00,6.4091,35.1304,25,-1.042082,13
CTD_CP_H,20240807T100326,1338.02,6.3972,35.1294,24,-1.042089,12
CTD_CP_H,20240807T100327,1340.00,6.3870,35.1286,24,-1.042120,12
CTD_CP_H,20240807T100327,1341.99,6.3803,35.1278,24,-1.042120,12
CTD_CP_H,20240807T100327,1343.99,6.3746,35.1269,24,-1.042102,12
CTD_CP_H,20240807T100327,1345.98,6.3668,35.1264,24,-1.042094,12
CTD_CP_H,20240807T100327,1347.99,6.3619,35.1255,24,-1.042111,12
CTD_CP_H,20240807T100327,1350.03,6.3516,35.1246,24,-1.042120,12
CTD_CP_H,20240807T100327,1352.02,6.3356,35.1229,23,-1.042106,11
CTD_CP_H,20240807T100327,1354.01,6.3184,35.1217,24,-1.042112,12
CTD_CP_H,20240807T100327,1356.01,6.3057,35.1204,23,-1.042079,12
CTD_CP_H,20240807T100327,1358.00,6.3004,35.1198,24,-1.042078,12
CTD_CP_H,20240807T100327,1359.99,6.2923,35.1187,23,-1.042078,11
CTD_CP_H,20240807T100327,1361.96,6.2801,35.1176,23,-1.042091,12
CTD_CP_H,20240807T100327,1363.99,6.2740,35.1164,24,-1.042074,12
CTD_CP_H,20240807T100328,1366.02,6.2538,35.1145,23,-1.042061,11
CTD_CP_H,20240807T100328,1368.01,6.2413,35.1134,23,-1.042049,12
CTD_CP_H,20240807T100328,1369.98,6.2230,35.1116,22,-1.042054,11
CTD_CP_H,20240807T100328,1371.95,6.2188,35.1112,23,-1.042066,11
CTD_CP_H,20240807T100328,1373.98,6.2135,35.1105,23,-1.042091,12
CTD_CP_H,20240807T100328,1375.97,6.1961,35.1092,23,-1.042114,11
CTD_CP_H,20240807T100328,1377.98,6.1829,35.1085,23,-1.042143,12
CTD_CP_H,20240807T100328,1380.01,6.1601,35.1077,24,-1.042140,12
CTD_CP_H,20240807T100328,1382.06,6.1357,35.1054,26,-1.042109,13
CTD_CP_H,20240807T100328,1384.04,6.1256,35.1045,30,-1.042096,15
CTD_CP_H,20240807T100328,1386.03,6.1072,35.1027,30,-1.042081,15
CTD_CP_H,20240807T100328,1388.03,6.0930,35.1016,30,-1.042080,15
CTD_CP_H,20240807T100328,1390.03,6.0829,35.1008,30,-1.042100,15
CTD_CP_H,20240807T100328,1392.03,6.0690,35.0991,30,-1.042102,15
CTD_CP_H,20240807T100329,1394.00,6.0495,35.0976,29,-1.042077,14
CTD_CP_H,20240807T100329,1395.98,6.0372,35.0960,30,-1.042086,15
CTD_CP_H,20240807T100329,1397.99,6.0174,35.0942,29,-1.042069,15
CTD_CP_H,20240807T100329,1399.98,5.9921,35.0920,29,-1.042039,14
CTD_CP_H,20240807T100329,1401.99,5.9815,35.0908,29,-1.042046,15
CTD_CP_H,20240807T100329,1404.01,5.9749,35.0898,29,-1.042044,14
CTD_CP_H,20240807T100329,1406.00,5.9606,35.0882,28,-1.042020,14
CTD_CP_H,20240807T100329,1407.99,5.9368,35.0858,29,-1.041988,15
CTD_CP_H,20240807T100329,1410.01,5.9272,35.0847,28,-1.041974,14
CTD_CP_H,20240807T100329,1412.01,5.9086,35.0832,28,-1.041944,14
CTD_CP_H,20240807T100329,1413.99,5.8981,35.0821,27,-1.041974,13
CTD_CP_H,20240807T100329,1415.98,5.8910,35.0810,28,-1.041974,14
CTD_CP_H,20240807T100329,1417.98,5.8812,35.0799,27,-1.041994,14
CTD_CP_H,20240807T100330,1419.98,5.8615,35.0784,27,-1.041997,13
CTD_CP_H,20240807T100330,1421.99,5.8528,35.0772,27,-1.041970,14
CTD_CP_H,20240807T100330,1423.98,5.8458,35.0765,26,-1.041988,13
CTD_CP_H,20240807T100330,1425.97,5.8362,35.0756,27,-1.041971,13
CTD_CP_H,20240807T100330,1427.97,5.8255,35.0743,26,-1.041974,13
CTD_CP_H,20240807T100330,1429.99,5.8127,35.0731,27,-1.041954,14
CTD_CP_H,20240807T100330,1432.01,5.8021,35.0720,26,-1.041967,13
CTD_CP_H,20240807T100330,1433.99,5.7866,35.0710,25,-1.041956,12
CTD_CP_H,20240807T100330,1435.96,5.7670,35.0691,25,-1.041947,13
CTD_CP_H,20240807T100330,1437.99,5.7489,35.0676,26,-1.041940,13
CTD_CP_H,20240807T100330,1440.01,5.7441,35.0673,25,-1.041950,12
CTD_CP_H,20240807T100330,1441.99,5.7384,35.0667,25,-1.041953,13
CTD_CP_H,20240807T100330,1444.01,5.7294,35.0660,25,-1.041983,12
CTD_CP_H,20240807T100330,1446.04,5.7196,35.0654,25,-1.041954,13
CTD_CP_H,20240807T100331,1448.02,5.7145,35.0657,24,-1.041959,12
CTD_CP_H,20240807T100331,1449.98,5.7057,35.0649,24,-1.041975,12
CTD_CP_H,20240807T100331,1451.95,5.6965,35.0641,24,-1.041969,12
CTD_CP_H,20240807T100331,1453.98,5.6930,35.0635,25,-1.041960,12
CTD_CP_H,20240807T100331,1456.03,5.6819,35.0626,24,-1.041985,12
CTD_CP_H,20240807T100331,1458.00,5.6725,35.0620,23,-1.041955,12
CTD_CP_H,20240807T100331,1459.97,5.6649,35.0610,24,-1.041940,12
CTD_CP_H,20240807T100331,1462.01,5.6593,35.0602,24,-1.041963,12
CTD_CP_H,20240807T100331,1464.02,5.6469,35.0594,23,-1.041947,11
CTD_CP_H,20240807T100331,1466.00,5.6347,35.0583,23,-1.041962,12
CTD_CP_H,20240807T100331,1467.98,5.6339,35.0581,23,-1.041986,11
CTD_CP_H,20240807T100331,1469.96,5.6303,35.0574,23,-1.041969,12
CTD_CP_H,20240807T100331,1471.99,5.6133,35.0558,24,-1.041958,12
CTD_CP_H,20240807T100332,1474.02,5.5961,35.0549,23,-1.042037,11
CTD_CP_H,20240807T100332,1476.02,5.5908,35.0545,23,-1.042028,12
CTD_CP_H,20240807T100332,1478.02,5.5814,35.0534,23,-1.042008,11
CTD_CP_H,20240807T100332,1480.00,5.5621,35.0517,22,-1.041996,11
CTD_CP_H,20240807T100332,1482.00,5.5419,35.0495,23,-1.041949,12
CTD_CP_H,20240807T100332,1484.01,5.5331,35.0485,22,-1.041959,11
CTD_CP_H,20240807T100332,1485.99,5.5288,35.0479,22,-1.041966,11
CTD_CP_H,20240807T100332,1487.97,5.5233,35.0471,22,-1.041919,11
CTD_CP_H,20240807T100332,1489.95,5.5102,35.0459,22,-1.041925,11
CTD_CP_H,20240807T100332,1491.95,5.5011,35.0447,22,-1.041905,11
CTD_CP_H,20240807T100332,1493.96,5.4948,35.0438,22,-1.041889,11
CTD_CP_H,20240807T100332,1495.98,5.4741,35.0419,22,-1.041879,11
CTD_CP_H,20240807T100332,1498.00,5.4561,35.0396,22,-1.041878,11
CTD_CP_H,20240807T100333,1499.99,5.4245,35.0375,21,-1.041848,10
CTD_CP_H,20240807T100333,1501.96,5.4222,35.0371,22,-1.041854,11
CTD_CP_H,20240807T100333,1503.99,5.4161,35.0365,22,-1.041847,11
CTD_CP_H,20240807T100333,1506.02,5.4009,35.0354,22,-1.041831,11
CTD_CP_H,20240807T100333,1508.00,5.3897,35.0348,21,-1.041833,11
CTD_CP_H,20240807T100333,1509.99,5.3803,35.0344,22,-1.041862,11
CTD_CP_H,20240807T100333,1512.01,5.3869,35.0360,22,-1.041933,11
CTD_CP_H,20240807T100333,1514.04,5.3799,35.0364,22,-1.041951,11
CTD_CP_H,20240807T100333,1516.02,5.3742,35.0358,21,-1.041949,10
CTD_CP_H,20240807T100333,1518.00,5.3619,35.0348,22,-1.041952,11
CTD_CP_H,20240807T100333,1519.99,5.3432,35.0330,21,-1.041926,11
CTD_CP_H,20240807T100333,1521.98,5.3259,35.0314,22,-1.041907,11
CTD_CP_H,20240807T100333,1524.01,5.3139,35.0299,22,-1.041902,11
CTD_CP_H,20240807T100333,1526.04,5.2967,35.0282,22,-1.041899,11
CTD_CP_H,20240807T100334,1528.03,5.2722,35.0259,21,-1.041854,10
CTD_CP_H,20240807T100334,1530.02,5.2485,35.0232,22,-1.041803,11
CTD_CP_H,20240807T100334,1532.02,5.2420,35.0224,21,-1.041819,11
CTD_CP_H,20240807T100334,1534.01,5.2301,35.0216,22,-1.041821,11
CTD_CP_H,20240807T100334,1536.01,5.2115,35.0200,21,-1.041797,10
CTD_CP_H,20240807T100334,1538.00,5.2002,35.0188,22,-1.041769,11
CTD_CP_H,20240807T100334,1539.99,5.1915,35.0182,21,-1.041769,11
CTD_CP_H,20240807T100334,1542.00,5.1865,35.0182,22,-1.041809,11
CTD_CP_H,20240807T100334,1544.00,5.1832,35.0181,21,-1.041834,10
CTD_CP_H,20240807T100334,1545.97,5.1790,35.0175,21,-1.041843,11
CTD_CP_H,20240807T100334,1547.98,5.1698,35.0168,22,-1.041835,11
CTD_CP_H,20240807T100334,1549.99,5.1522,35.0153,21,-1.041826,10
CTD_CP_H,20240807T100334,1551.97,5.1406,35.0143,22,-1.041857,11
CTD_CP_H,20240807T100334,1553.98,5.1257,35.0138,21,-1.041855,11
CTD_CP_H,20240807T100335,1555.98,5.1088,35.0122,22,-1.041839,11
CTD_CP_H,20240807T100335,1557.99,5.0958,35.0106,21,-1.041776,10
CTD_CP_H,20240807T100335,1559.97,5.0842,35.0097,21,-1.041804,11
CTD_CP_H,20240807T100335,1561.97,5.0771,35.0096,22,-1.041825,11
CTD_CP_H,20240807T100335,1563.98,5.0721,35.0092,22,-1.041852,11
CTD_CP_H,20240807T100335,1566.02,5.0703,35.0101,25,-1.041902,12
CTD_CP_H,20240807T100335,1568.02,5.0590,35.0099,27,-1.041914,14
CTD_CP_H,20240807T100335,1569.99,5.0488,35.0091,28,-1.041890,14
CTD_CP_H,20240807T100335,1572.02,5.0384,35.0082,28,-1.041884,14
CTD_CP_H,20240807T100335,1574.01,5.0284,35.0073,27,-1.041883,13
CTD_CP_H,20240807T100335,1575.99,5.0234,35.0068,28,-1.041890,14
CTD_CP_H,20240807T100335,1578.01,5.0212,35.0060,28,-1.041900,14
CTD_CP_H,20240807T100335,1580.01,5.0045,35.0046,27,-1.041870,14
CTD_CP_H,20240807T100336,1581.98,4.9877,35.0029,27,-1.041833,13
CTD_CP_H,20240807T100336,1583.97,4.9750,35.0016,27,-1.041823,14
CTD_CP_H,20240807T100336,1585.99,4.9655,35.0006,28,-1.041800,14
CTD_CP_H,20240807T100336,1588.00,4.9569,34.9997,27,-1.041773,13
CTD_CP_H,20240807T100336,1590.00,4.9442,34.9981,28,-1.041773,14
CTD_CP_H,20240807T100336,1592.02,4.9077,34.9953,27,-1.041722,14
CTD_CP_H,20240807T100336,1593.99,4.8899,34.9933,27,-1.041705,13
CTD_CP_H,20240807T100336,1595.98,4.8759,34.9918,27,-1.041690,14
CTD_CP_H,20240807T100336,1598.01,4.8614,34.9900,28,-1.041654,14
CTD_CP_H,20240807T100336,1600.03,4.8396,34.9884,27,-1.041632,13
CTD_CP_H,20240807T100336,1602.02,4.8207,34.9868,27,-1.041598,14
CTD_CP_H,20240807T100336,1604.01,4.8174,34.9863,27,-1.041566,13
CTD_CP_H,20240807T100336,1605.99,4.8108,34.9856,27,-1.041596,14
CTD_CP_H,20240807T100337,1607.98,4.8007,34.9850,27,-1.041598,13
CTD_CP_H,20240807T100337,1609.98,4.7947,34.9844,27,-1.041591,14
CTD_CP_H,20240807T100337,1611.98,4.7848,34.9835,27,-1.041601,13
CTD_CP_H,20240807T100337,1613.98,4.7775,34.9828,27,-1.041598,14
CTD_CP_H,20240807T100337,1616.01,4.7632,34.9814,27,-1.041571,13
CTD_CP_H,20240807T100337,1618.01,4.7448,34.9799,26,-1.041531,13
CTD_CP_H,20240807T100337,1620.00,4.7362,34.9786,26,-1.041512,13
CTD_CP_H,20240807T100337,1621.98,4.7230,34.9774,26,-1.041488,13
CTD_CP_H,20240807T100337,1623.98,4.7072,34.9762,26,-1.041473,13
CTD_CP_H,20240807T100337,1625.97,4.7034,34.9772,26,-1.041545,13
CTD_CP_H,20240807T100337,1627.96,4.7016,34.9774,26,-1.041548,13
CTD_CP_H,20240807T100337,1630.01,4.6976,34.9768,27,-1.041585,14
CTD_CP_H,20240807T100337,1632.02,4.6825,34.9758,25,-1.041580,12
CTD_CP_H,20240807T100337,1634.01,4.6753,34.9752,26,-1.041576,13
CTD_CP_H,20240807T100338,1635.99,4.6713,34.9745,25,-1.041562,13
CTD_CP_H,20240807T100338,1637.99,4.6655,34.9738,26,-1.041534,13
CTD_CP_H,20240807T100338,1640.00,4.6523,34.9728,25,-1.041540,12
CTD_CP_H,20240807T100338,1641.99,4.6419,34.9716,25,-1.041510,13
CTD_CP_H,20240807T100338,1643.99,4.6286,34.9703,25,-1.041490,12
CTD_CP_H,20240807T100338,1645.99,4.6136,34.9690,25,-1.041451,13
CTD_CP_H,20240807T100338,1647.97,4.6061,34.9682,25,-1.041431,12
CTD_CP_H,20240807T100338,1649.98,4.5990,34.9673,25,-1.041427,13
CTD_CP_H,20240807T100338,1652.01,4.5943,34.9666,25,-1.041422,12
CTD_CP_H,20240807T100338,1654.00,4.5745,34.9649,24,-1.041407,12
CTD_CP_H,20240807T100338,1656.00,4.5650,34.9640,25,-1.041413,13
CTD_CP_H,20240807T100338,1657.98,4.5535,34.9631,24,-1.041388,12
CTD_CP_H,20240807T100338,1659.98,4.5448,34.9626,25,-1.041391,12
CTD_CP_H,20240807T100339,1661.99,4.5430,34.9621,24,-1.041411,12
CTD_CP_H,20240807T100339,1663.97,4.5399,34.9620,24,-1.041446,12
CTD_CP_H,20240807T100339,1665.97,4.5256,34.9612,24,-1.041444,12
CTD_CP_H,20240807T100339,1668.01,4.5204,34.9607,25,-1.041433,13
CTD_CP_H,20240807T100339,1670.00,4.5144,34.9604,23,-1.041426,11
CTD_CP_H,20240807T100339,1671.98,4.5056,34.9597,24,-1.041436,12
CTD_CP_H,20240807T100339,1674.00,4.4977,34.9592,24,-1.041449,12
CTD_CP_H,20240807T100339,1675.99,4.4905,34.9588,23,-1.041428,12
CTD_CP_H,20240807T100339,1677.97,4.4810,34.9580,23,-1.041418,11
CTD_CP_H,20240807T100339,1679.99,4.4686,34.9569,24,-1.041394,12
CTD_CP_H,20240807T100339,1682.03,4.4537,34.9559,23,-1.041395,12
CTD_CP_H,20240807T100339,1683.99,4.4450,34.9551,22,-1.041383,11
CTD_CP_H,20240807T100339,1685.96,4.4390,34.9547,23,-1.041394,11
CTD_CP_H,20240807T100339,1687.96,4.4340,34.9542,23,-1.041398,12
CTD_CP_H,20240807T100340,1689.98,4.4284,34.9533,24,-1.041391,12
CTD_CP_H,20240807T100340,1692.02,4.4135,34.9522,28,-1.041352,14
CTD_CP_H,20240807T100340,1693.99,4.4086,34.9513,30,-1.041342,15
CTD_CP_H,20240807T100340,1695.99,4.4009,34.9502,30,-1.041318,15
CTD_CP_H,20240807T100340,1697.99,4.3838,34.9486,30,-1.041303,15
CTD_CP_H,20240807T100340,1700.01,4.3665,34.9473,30,-1.041285,15
CTD_CP_H,20240807T100340,1702.01,4.3541,34.9468,29,-1.041300,14
CTD_CP_H,20240807T100340,1703.98,4.3434,34.9458,29,-1.041284,15
CTD_CP_H,20240807T100340,1705.97,4.3316,34.9447,29,-1.041260,14
CTD_CP_H,20240807T100340,1707.97,4.3249,34.9440,29,-1.041251,15
CTD_CP_H,20240807T100340,1710.00,4.3122,34.9430,29,-1.041226,14
CTD_CP_H,20240807T100340,1712.01,4.3060,34.9424,28,-1.041224,14
CTD_CP_H,20240807T100340,1713.98,4.3023,34.9417,28,-1.041216,14
CTD_CP_H,20240807T100341,1715.99,4.2867,34.9405,29,-1.041180,15
CTD_CP_H,20240807T100341,1718.00,4.2765,34.9393,28,-1.041177,14
CTD_CP_H,20240807T100341,1719.97,4.2699,34.9392,28,-1.041167,14
CTD_CP_H,20240807T100341,1721.97,4.2661,34.9387,29,-1.041163,14
CTD_CP_H,20240807T100341,1723.98,4.2611,34.9381,28,-1.041168,14
CTD_CP_H,20240807T100341,1726.00,4.2521,34.9373,29,-1.041152,15
CTD_CP_H,20240807T100341,1728.04,4.2462,34.9367,28,-1.041171,14
CTD_CP_H,20240807T100341,1730.03,4.2429,34.9364,28,-1.041165,14
CTD_CP_H,20240807T100341,1732.04,4.2356,34.9356,28,-1.041165,14
CTD_CP_H,20240807T100341,1733.99,4.2224,34.9345,27,-1.041169,13
CTD_CP_H,20240807T100341,1735.97,4.2082,34.9334,28,-1.041162,14
CTD_CP_H,20240807T100341,1738.00,4.1907,34.9318,28,-1.041119,14
CTD_CP_H,20240807T100341,1740.00,4.1764,34.9304,27,-1.041099,14
CTD_CP_H,20240807T100341,1741.99,4.1646,34.9295,27,-1.041104,13
CTD_CP_H,20240807T100342,1743.99,4.1524,34.9283,27,-1.041047,14
CTD_CP_H,20240807T100342,1746.00,4.1449,34.9276,27,-1.041053,13
CTD_CP_H,20240807T100342,1748.02,4.1304,34.9263,27,-1.041015,14
CTD_CP_H,20240807T100342,1750.02,4.1116,34.9246,26,-1.040997,13
CTD_CP_H,20240807T100342,1752.01,4.1029,34.9238,26,-1.040985,13
CTD_CP_H,20240807T100342,1754.02,4.0948,34.9230,26,-1.040981,13
CTD_CP_H,20240807T100342,1756.02,4.0886,34.9221,26,-1.040956,13
CTD_CP_H,20240807T100342,1758.02,4.0773,34.9209,26,-1.040938,13
CTD_CP_H,20240807T100342,1760.00,4.0682,34.9200,25,-1.040918,12
CTD_CP_H,20240807T100342,1761.96,4.0504,34.9189,25,-1.040896,13
CTD_CP_H,20240807T100342,1763.97,4.0416,34.9181,26,-1.040876,13
CTD_CP_H,20240807T100342,1765.99,4.0338,34.9174,25,-1.040854,12
CTD_CP_H,20240807T100342,1767.98,4.0297,34.9167,25,-1.040850,13
CTD_CP_H,20240807T100343,1769.97,4.0148,34.9155,25,-1.040826,12
CTD_CP_H,20240807T100343,1771.97,4.0051,34.9145,25,-1.040814,13
CTD_CP_H,20240807T100343,1773.96,3.9929,34.9135,24,-1.040801,12
CTD_CP_H,20240807T100343,1776.00,3.9769,34.9121,26,-1.040778,13
CTD_CP_H,20240807T100343,1778.04,3.9678,34.9110,24,-1.040736,12
CTD_CP_H,20240807T100343,1779.99,3.9603,34.9104,24,-1.040747,12
CTD_CP_H,20240807T100343,1782.01,3.9529,34.9092,25,-1.040691,12
CTD_CP_H,20240807T100343,1784.02,3.9404,34.9081,24,-1.040662,12
CTD_CP_H,20240807T100343,1786.00,3.9294,34.9075,24,-1.040650,12
CTD_CP_H,20240807T100343,1787.98,3.9224,34.9067,24,-1.040662,12
CTD_CP_H,20240807T100343,1789.98,3.9111,34.9061,24,-1.040657,12
CTD_CP_H,20240807T100343,1791.98,3.9060,34.9053,24,-1.040644,12
CTD_CP_H,20240807T100343,1794.00,3.9001,34.9047,24,-1.040644,12
CTD_CP_H,20240807T100343,1796.02,3.8849,34.9034,24,-1.040618,12
CTD_CP_H,20240807T100344,1798.00,3.8745,34.9025,23,-1.040561,12
CTD_CP_H,20240807T100344,1800.00,3.8688,34.9021,24,-1.040588,12
CTD_CP_H,20240807T100344,1802.01,3.8654,34.9015,23,-1.040581,11
CTD_CP_H,20240807T100344,1804.00,3.8620,34.9014,23,-1.040558,12
CTD_CP_H,20240807T100344,1806.03,3.8612,34.9011,24,-1.040590,12
CTD_CP_H,20240807T100344,1808.06,3.8583,34.9008,23,-1.040588,11
CTD_CP_H,20240807T100344,1810.05,3.8491,34.9003,23,-1.040605,12
CTD_CP_H,20240807T100344,1812.04,3.8388,34.8993,23,-1.040606,11
CTD_CP_H,20240807T100344,1814.05,3.8354,34.8991,23,-1.040620,12
CTD_CP_H,20240807T100344,1816.02,3.8249,34.8985,22,-1.040614,11
CTD_CP_H,20240807T100344,1818.00,3.8210,34.8980,23,-1.040622,11
CTD_CP_H,20240807T100344,1820.03,3.8178,34.8976,23,-1.040595,12
CTD_CP_H,20240807T100344,1822.03,3.8080,34.8971,22,-1.040557,11
CTD_CP_H,20240807T100345,1824.01,3.7991,34.8962,22,-1.040541,11
CTD_CP_H,20240807T100345,1826.01,3.7891,34.8951,23,-1.040514,11
CTD_CP_H,20240807T100345,1828.02,3.7811,34.8943,22,-1.040480,11
CTD_CP_H,20240807T100345,1830.01,3.7718,34.8936,23,-1.040479,12
CTD_CP_H,20240807T100345,1832.02,3.7678,34.8931,22,-1.040470,11
CTD_CP_H,20240807T100345,1833.98,3.7591,34.8926,22,-1.040455,11
CTD_CP_H,20240807T100345,1835.99,3.7520,34.8917,23,-1.040441,11
CTD_CP_H,20240807T100345,1838.02,3.7473,34.8914,22,-1.040445,11
CTD_CP_H,20240807T100345,1840.01,3.7423,34.8908,24,-1.040457,12
CTD_CP_H,20240807T100345,1842.02,3.7308,34.8899,27,-1.040426,14
CTD_CP_H,20240807T100345,1843.98,3.7222,34.8895,30,-1.040409,15
CTD_CP_H,20240807T100345,1846.02,3.7183,34.8888,30,-1.040400,15
CTD_CP_H,20240807T100345,1848.02,3.7118,34.8879,28,-1.040421,14
CTD_CP_H,20240807T100345,1850.01,3.6991,34.8874,29,-1.040433,14
CTD_CP_H,20240807T100346,1852.00,3.6868,34.8863,28,-1.040416,14
CTD_CP_H,20240807T100346,1854.00,3.6737,34.8853,29,-1.040388,15
CTD_CP_H,20240807T100346,1856.03,3.6625,34.8841,28,-1.040343,14
CTD_CP_H,20240807T100346,1858.00,3.6553,34.8838,27,-1.040366,13
CTD_CP_H,20240807T100346,1859.99,3.6439,34.8831,28,-1.040335,14
CTD_CP_H,20240807T100346,1862.00,3.6396,34.8826,27,-1.040356,14
CTD_CP_H,20240807T100346,1863.98,3.6289,34.8815,27,-1.040328,13
CTD_CP_H,20240807T100346,1865.97,3.6141,34.8802,27,-1.040300,14
CTD_CP_H,20240807T100346,1867.97,3.6056,34.8799,27,-1.040282,13
CTD_CP_H,20240807T100346,1869.97,3.6005,34.8795,27,-1.040268,14
CTD_CP_H,20240807T100346,1871.98,3.5987,34.8793,27,-1.040275,13
CTD_CP_H,20240807T100346,1873.99,3.5969,34.8790,27,-1.040290,14
CTD_CP_H,20240807T100346,1876.00,3.5944,34.8787,27,-1.040278,13
CTD_CP_H,20240807T100347,1878.02,3.5888,34.8783,27,-1.040256,14
CTD_CP_H,20240807T100347,1880.00,3.5830,34.8776,26,-1.040251,13
CTD_CP_H,20240807T100347,1881.97,3.5785,34.8769,26,-1.040235,13
CTD_CP_H,20240807T100347,1883.98,3.5716,34.8766,27,-1.040235,13
CTD_CP_H,20240807T100347,1885.99,3.5678,34.8763,26,-1.040243,13
CTD_CP_H,20240807T100347,1888.00,3.5626,34.8757,27,-1.040229,14
CTD_CP_H,20240807T100347,1890.03,3.5547,34.8751,26,-1.040210,13
CTD_CP_H,20240807T100347,1891.99,3.5481,34.8740,25,-1.040173,12
CTD_CP_H,20240807T100347,1893.97,3.5412,34.8736,26,-1.040181,13
CTD_CP_H,20240807T100347,1896.01,3.5347,34.8732,26,-1.040208,13
CTD_CP_H,20240807T100347,1898.02,3.5238,34.8726,25,-1.040202,13
CTD_CP_H,20240807T100347,1900.04,3.5119,34.8714,26,-1.040160,13
CTD_CP_H,20240807T100347,1902.05,3.5055,34.8710,25,-1.040145,12
CTD_CP_H,20240807T100347,1904.02,3.4991,34.8706,25,-1.040137,13
CTD_CP_H,20240807T100348,1906.01,3.4945,34.8699,25,-1.040118,12
CTD_CP_H,20240807T100348,1908.02,3.4858,34.8689,25,-1.040120,13
CTD_CP_H,20240807T100348,1909.99,3.4745,34.8680,24,-1.040089,12
CTD_CP_H,20240807T100348,1912.00,3.4650,34.8670,26,-1.040046,13
CTD_CP_H,20240807T100348,1914.02,3.4527,34.8661,24,-1.040013,12
CTD_CP_H,20240807T100348,1916.01,3.4503,34.8658,25,-1.040020,12
CTD_CP_H,20240807T100348,1918.01,3.4490,34.8656,24,-1.040045,12
CTD_CP_H,20240807T100348,1920.02,3.4412,34.8649,25,-1.040005,13
CTD_CP_H,20240807T100348,1922.04,3.4346,34.8643,24,-1.040010,12
CTD_CP_H,20240807T100348,1924.02,3.4301,34.8637,24,-1.040000,12
CTD_CP_H,20240807T100348,1925.99,3.4270,34.8636,24,-1.039997,12
CTD_CP_H,20240807T100348,1927.97,3.4222,34.8629,24,-1.039974,12
CTD_CP_H,20240807T100348,1929.96,3.4148,34.8623,24,-1.039967,12
CTD_CP_H,20240807T100349,1932.00,3.4060,34.8615,25,-1.039943,12
CTD_CP_H,20240807T100349,1933.99,3.3976,34.8606,23,-1.039926,12
CTD_CP_H,20240807T100349,1936.00,3.3912,34.8600,25,-1.039908,12
CTD_CP_H,20240807T100349,1938.02,3.3782,34.8590,23,-1.039889,12
CTD_CP_H,20240807T100349,1939.98,3.3735,34.8585,24,-1.039894,12
CTD_CP_H,20240807T100349,1942.01,3.3712,34.8583,24,-1.039868,12
CTD_CP_H,20240807T100349,1944.03,3.3652,34.8578,24,-1.039854,12
CTD_CP_H,20240807T100349,1946.01,3.3585,34.8574,23,-1.039821,11
CTD_CP_H,20240807T100349,1948.01,3.3551,34.8570,24,-1.039822,12
CTD_CP_H,20240807T100349,1950.01,3.3515,34.8565,23,-1.039814,12
CTD_CP_H,20240807T100349,1952.02,3.3469,34.8562,24,-1.039822,12
CTD_CP_H,20240807T100349,1954.03,3.3414,34.8556,23,-1.039815,11
CTD_CP_H,20240807T100349,1956.01,3.3341,34.8552,23,-1.039792,12
CTD_CP_H,20240807T100349,1957.99,3.3308,34.8549,23,-1.039802,11
CTD_CP_H,20240807T100350,1959.97,3.3292,34.8547,23,-1.039811,12
CTD_CP_H,20240807T100350,1962.00,3.3275,34.8547,24,-1.039807,12
CTD_CP_H,20240807T100350,1964.00,3.3247,34.8544,22,-1.039804,11
CTD_CP_H,20240807T100350,1965.96,3.3200,34.8538,23,-1.039796,11
CTD_CP_H,20240807T100350,1967.97,3.3190,34.8540,23,-1.039828,12
CTD_CP_H,20240807T100350,1969.99,3.3197,34.8543,23,-1.039860,11
CTD_CP_H,20240807T100350,1971.98,3.3171,34.8546,22,-1.039867,11
CTD_CP_H,20240807T100350,1973.98,3.3158,34.8538,23,-1.039851,12
CTD_CP_H,20240807T100350,1976.02,3.3110,34.8538,23,-1.039839,11
CTD_CP_H,20240807T100350,1978.02,3.3024,34.8530,22,-1.039782,11
CTD_CP_H,20240807T100350,1979.99,3.3003,34.8527,22,-1.039805,11
CTD_CP_H,20240807T100350,1982.01,3.2935,34.8526,23,-1.039829,12
CTD_CP_H,20240807T100350,1984.05,3.2870,34.8516,22,-1.039828,11
CTD_CP_H,20240807T100351,1986.01,3.2784,34.8507,21,-1.039804,10
CTD_CP_H,20240807T100351,1988.01,3.2713,34.8498,23,-1.039792,12
CTD_CP_H,20240807T100351,1990.01,3.2679,34.8495,21,-1.039794,10
CTD_CP_H,20240807T100351,1991.98,3.2629,34.8490,22,-1.039807,8
CTD_CP_H,20240807T100351,1994.00,3.2552,34.8484,22,nan,0
CTD_CP_H,20240807T100351,1995.60,3.2469,34.8479,13,nan,0
GPS,20240807T100518,18.631111,68.348907,9
CTD_P,20240807T100520,-0.25
