Message,20240807T100545,Firmware: 07/21/23 18:56:40 2.17.4 STD IRID Final
Message,20240807T100545,Username: f10469
GPS,20240807T100545,18.631149,68.348984,10
GPS,20240807T101847,18.632410,68.351303,11
CTD_P,20240807T101849,-0.17
FLBB_CFG,20240807T101851,695,700
Message,20240807T101851,Park Descent Mission
CTD_P,20240807T101854,-0.21
CTD_P,20240807T102008,0.18
CTD_P,20240807T102110,0.14
CTD_P,20240807T102212,0.11
CTD_P,20240807T102315,0.40
CTD_P,20240807T102417,0.49
CTD_P,20240807T102519,2.90
CTD_P,20240807T102621,8.98
CTD_P,20240807T102724,16.93
CTD_P,20240807T102826,26.36
CTD_P,20240807T102928,37.21
CTD_P,20240807T103030,49.29
CTD_P,20240807T103104,54.71
CTD_P,20240807T103105,54.90
CTD_P,20240807T103207,65.74
CTD_P,20240807T113210,478.43
CTD_P,20240807T123213,753.52
CTD_P,20240807T132631,901.98
CTD_P,20240807T140309,951.39
CTD_P,20240807T144044,971.95
CTD_P,20240807T154047,978.54
CTD_P,20240807T154150,978.61
CTD_P,20240807T154253,978.70
CTD_P,20240807T154306,978.75
CTD_P,20240807T154409,979.36
CTD_P,20240807T154512,980.35
CTD_P,20240807T154524,980.54
CTD_P,20240807T154626,981.96
CTD_P,20240807T154637,982.21
CTD_P,20240807T154739,984.01
CTD_P,20240807T154751,984.34
CTD_P,20240807T154853,986.49
CTD_P,20240807T154905,986.88
CTD_P,20240807T155007,989.34
CTD_P,20240807T155019,989.78
CTD_P,20240807T155121,992.53
CTD_P,20240807T155133,993.02
CTD_P,20240807T155235,996.09
CTD_P,20240807T155247,996.65
CTD_P,20240807T155304,997.56
Message,20240807T155307,Park Mission
CTD_P,20240807T155310,997.83
CTD_PTSH,20240807T155332,999.00,8.4439,35.3330,-1.039776
CTD_P,20240807T155333,999.07
CTD_P,20240807T165306,1123.26
CTD_PTSH,20240807T165329,1123.60,7.6344,35.2480,-1.040494
CTD_P,20240807T165330,1123.64
CTD_P,20240807T175331,1146.54
CTD_PTSH,20240807T175354,1146.50,7.5038,35.2380,-1.040612
CTD_P,20240807T175355,1146.51
CTD_P,20240807T185356,1152.61
CTD_PTSH,20240807T185419,1152.60,7.4711,35.2350,-1.040630
CTD_P,20240807T185420,1152.59
CTD_P,20240807T195421,1135.00
CTD_PTSH,20240807T195444,1135.00,7.5021,35.2370,-1.040638
CTD_P,20240807T195445,1134.97
CTD_P,20240807T205446,1139.82
CTD_PTSH,20240807T205509,1139.90,7.4911,35.2310,-1.040663
CTD_P,20240807T205510,1139.84
CTD_P,20240807T215511,1139.69
CTD_PTSH,20240807T215534,1139.70,7.5011,35.2320,-1.040743
CTD_P,20240807T215535,1139.65
CTD_P,20240807T225536,1123.85
CTD_PTSH,20240807T225559,1123.90,7.6799,35.2500,-1.040708
CTD_P,20240807T225600,1123.86
CTD_P,20240807T235601,1123.11
CTD_PTSH,20240807T235624,1123.00,7.7199,35.2560,-1.040787
CTD_P,20240807T235625,1122.98
CTD_P,20240808T005626,1121.56
CTD_PTSH,20240808T005649,1121.50,7.7361,35.2600,-1.040797
CTD_P,20240808T005650,1121.46
CTD_P,20240808T015651,1100.34
CTD_PTSH,20240808T015714,1100.30,7.8126,35.2680,-1.040720
CTD_P,20240808T015715,1100.32
CTD_P,20240808T025716,1101.04
CTD_PTSH,20240808T025739,1101.10,7.8120,35.2670,-1.040737
CTD_P,20240808T025740,1101.12
CTD_P,20240808T035741,1102.14
CTD_PTSH,20240808T035804,1102.20,7.8126,35.2660,-1.040747
CTD_P,20240808T035805,1102.18
CTD_P,20240808T045806,1082.84
CTD_PTSH,20240808T045829,1082.70,7.8885,35.2730,-1.040714
CTD_P,20240808T045830,1082.74
CTD_P,20240808T055831,1082.61
CTD_PTSH,20240808T055854,1082.70,7.8952,35.2720,-1.040724
CTD_P,20240808T055855,1082.66
CTD_P,20240808T065856,1085.71
CTD_PTSH,20240808T065919,1085.70,7.9013,35.2730,-1.040754
CTD_P,20240808T065920,1085.69
CTD_P,20240808T075921,1060.65
CTD_PTSH,20240808T075944,1060.60,8.0370,35.2890,-1.040657
CTD_P,20240808T075945,1060.62
CTD_P,20240808T085946,1064.44
CTD_PTSH,20240808T090009,1064.40,8.0312,35.2890,-1.040716
CTD_P,20240808T090010,1064.42
CTD_P,20240808T100011,1062.27
CTD_PTSH,20240808T100034,1062.30,7.9922,35.2880,-1.040689
CTD_P,20240808T100035,1062.29
CTD_P,20240808T110036,1045.08
CTD_PTSH,20240808T110059,1045.10,8.1142,35.2950,-1.040635
CTD_P,20240808T110100,1045.09
CTD_P,20240808T120101,1043.27
CTD_PTSH,20240808T120124,1043.30,8.1248,35.2950,-1.040644
CTD_P,20240808T120125,1043.25
CTD_P,20240808T130126,1044.89
CTD_PTSH,20240808T130149,1044.90,8.1233,35.2970,-1.040611
CTD_P,20240808T130150,1044.92
CTD_P,20240808T140151,1023.67
CTD_PTSH,20240808T140214,1023.70,8.3162,35.3180,-1.040573
CTD_P,20240808T140215,1023.67
CTD_P,20240808T150216,1023.18
CTD_PTSH,20240808T150239,1023.20,8.3257,35.3190,-1.040599
CTD_P,20240808T150240,1023.19
CTD_P,20240808T160241,1021.56
CTD_PTSH,20240808T160304,1021.50,8.3183,35.3190,-1.040596
CTD_P,20240808T160305,1021.51
CTD_P,20240808T170306,1022.10
CTD_PTSH,20240808T170329,1022.00,8.3183,35.3170,-1.040604
CTD_P,20240808T170330,1022.02
CTD_P,20240808T180331,1021.87
CTD_PTSH,20240808T180354,1021.90,8.3041,35.3160,-1.040586
CTD_P,20240808T180355,1021.89
CTD_P,20240808T190356,1021.79
CTD_PTSH,20240808T190419,1021.80,8.2873,35.3160,-1.040635
CTD_P,20240808T190420,1021.79
CTD_P,20240808T200421,1022.75
CTD_PTSH,20240808T200444,1022.80,8.2878,35.3160,-1.040635
CTD_P,20240808T200445,1022.79
CTD_P,20240808T210446,1025.67
CTD_PTSH,20240808T210509,1025.60,8.3026,35.3170,-1.040632
CTD_P,20240808T210510,1025.65
CTD_P,20240808T220511,1021.70
CTD_PTSH,20240808T220534,1021.70,8.3078,35.3180,-1.040648
CTD_P,20240808T220535,1021.68
CTD_P,20240808T230536,1022.44
CTD_PTSH,20240808T230559,1022.50,8.3021,35.3160,-1.040613
CTD_P,20240808T230600,1022.48
CTD_P,20240809T000601,1022.68
CTD_PTSH,20240809T000624,1022.80,8.2988,35.3180,-1.040651
CTD_P,20240809T000625,1022.74
CTD_P,20240809T010626,1023.83
CTD_PTSH,20240809T010649,1023.80,8.3197,35.3200,-1.040682
CTD_P,20240809T010650,1023.82
CTD_P,20240809T020651,1025.58
CTD_PTSH,20240809T020714,1025.60,8.3323,35.3200,-1.040677
CTD_P,20240809T020715,1025.63
CTD_P,20240809T030716,1023.96
CTD_PTSH,20240809T030739,1023.90,8.3210,35.3180,-1.040662
CTD_P,20240809T030740,1023.87
CTD_P,20240809T040741,1022.85
CTD_PTSH,20240809T040804,1022.90,8.2842,35.3160,-1.040716
CTD_P,20240809T040805,1022.86
CTD_P,20240809T050806,1023.37
CTD_PTSH,20240809T050829,1023.30,8.2863,35.3140,-1.040631
CTD_P,20240809T050830,1023.33
CTD_P,20240809T060831,1019.46
CTD_PTSH,20240809T060854,1019.60,8.2470,35.3080,-1.040625
CTD_P,20240809T060855,1019.55
CTD_P,20240809T070856,1023.14
CTD_PTSH,20240809T070919,1023.10,8.2108,35.3050,-1.040655
CTD_P,20240809T070920,1023.11
CTD_P,20240809T080921,1023.52
CTD_PTSH,20240809T080944,1023.40,8.2367,35.3100,-1.040698
CTD_P,20240809T080945,1023.41
CTD_P,20240809T090946,1023.98
CTD_PTSH,20240809T091009,1023.90,8.2065,35.3070,-1.040675
CTD_P,20240809T091010,1023.95
CTD_P,20240809T101011,1024.47
CTD_PTSH,20240809T101034,1024.40,8.2628,35.3140,-1.040725
CTD_P,20240809T101035,1024.37
CTD_P,20240809T111036,1025.07
CTD_PTSH,20240809T111059,1025.10,8.2753,35.3150,-1.040706
CTD_P,20240809T111100,1025.10
CTD_P,20240809T121101,1027.40
CTD_PTSH,20240809T121124,1027.30,8.3300,35.3180,-1.040702
CTD_P,20240809T121125,1027.29
CTD_P,20240809T131126,1028.15
CTD_PTSH,20240809T131149,1028.10,8.3368,35.3220,-1.040715
CTD_P,20240809T131150,1028.10
CTD_P,20240809T141151,1004.30
CTD_PTSH,20240809T141214,1004.30,8.4994,35.3420,-1.040640
CTD_P,20240809T141215,1004.29
CTD_P,20240809T151216,1004.04
CTD_PTSH,20240809T151239,1004.10,8.4886,35.3390,-1.040642
CTD_P,20240809T151240,1004.09
CTD_P,20240809T161241,1003.11
CTD_PTSH,20240809T161304,1003.10,8.4739,35.3380,-1.040586
CTD_P,20240809T161305,1003.13
CTD_P,20240809T171306,999.22
CTD_PTSH,20240809T171329,999.20,8.4669,35.3380,-1.040635
CTD_P,20240809T171330,999.25
CTD_P,20240809T181331,1006.71
CTD_PTSH,20240809T181354,1006.70,8.4989,35.3380,-1.040663
CTD_P,20240809T181355,1006.69
CTD_P,20240809T191356,1001.86
CTD_PTSH,20240809T191419,1001.80,8.5019,35.3410,-1.040620
CTD_P,20240809T191420,1001.76
CTD_P,20240809T201421,1000.37
CTD_PTSH,20240809T201444,1000.40,8.4604,35.3380,-1.040614
CTD_P,20240809T201445,1000.41
CTD_P,20240809T211446,1004.29
CTD_PTSH,20240809T211509,1004.30,8.4769,35.3360,-1.040628
CTD_P,20240809T211510,1004.29
CTD_P,20240809T221511,1002.62
CTD_PTSH,20240809T221534,1002.60,8.4785,35.3380,-1.040627
CTD_P,20240809T221535,1002.55
CTD_P,20240809T231536,1002.44
CTD_PTSH,20240809T231559,1002.40,8.4802,35.3370,-1.040618
CTD_P,20240809T231600,1002.31
CTD_P,20240810T001601,1004.80
CTD_PTSH,20240810T001624,1004.80,8.4719,35.3360,-1.040646
CTD_P,20240810T001625,1004.80
CTD_P,20240810T011626,1004.59
CTD_PTSH,20240810T011649,1004.60,8.4951,35.3410,-1.040641
CTD_P,20240810T011650,1004.56
CTD_P,20240810T021651,1004.00
CTD_PTSH,20240810T021714,1004.00,8.5130,35.3420,-1.040626
CTD_P,20240810T021715,1004.00
CTD_P,20240810T031716,1003.89
CTD_PTSH,20240810T031739,1003.90,8.4717,35.3370,-1.040656
CTD_P,20240810T031740,1003.88
CTD_P,20240810T041741,1006.42
CTD_PTSH,20240810T041804,1006.50,8.4715,35.3360,-1.040687
CTD_P,20240810T041805,1006.45
CTD_P,20240810T051806,1004.39
CTD_PTSH,20240810T051829,1004.30,8.5009,35.3390,-1.040670
CTD_P,20240810T051830,1004.32
CTD_P,20240810T061831,1004.57
CTD_PTSH,20240810T061854,1004.50,8.4742,35.3350,-1.040649
CTD_P,20240810T061855,1004.55
CTD_P,20240810T071856,1003.88
CTD_PTSH,20240810T071919,1003.90,8.4535,35.3350,-1.040648
CTD_P,20240810T071920,1003.87
CTD_P,20240810T081921,998.51
CTD_PTSH,20240810T081944,998.40,8.4300,35.3340,-1.040640
CTD_P,20240810T081945,998.41
CTD_P,20240810T091946,1000.03
CTD_PTSH,20240810T092009,1000.00,8.3578,35.3260,-1.040627
CTD_P,20240810T092010,1000.02
CTD_P,20240810T102011,1002.34
CTD_PTSH,20240810T102034,1002.30,8.3462,35.3230,-1.040628
CTD_P,20240810T102035,1002.30
CTD_P,20240810T112036,1001.19
CTD_PTSH,20240810T112059,1001.40,8.3400,35.3250,-1.040664
CTD_P,20240810T112100,1001.34
CTD_P,20240810T122101,1007.06
CTD_PTSH,20240810T122124,1007.00,8.3562,35.3250,-1.040709
CTD_P,20240810T122125,1007.03
CTD_P,20240810T132126,1006.70
CTD_PTSH,20240810T132149,1006.60,8.4319,35.3340,-1.040684
CTD_P,20240810T132150,1006.63
CTD_P,20240810T142151,1006.09
CTD_PTSH,20240810T142214,1006.00,8.4686,35.3370,-1.040687
CTD_P,20240810T142215,1006.01
CTD_P,20240810T152216,1007.17
CTD_PTSH,20240810T152239,1007.10,8.4895,35.3380,-1.040689
CTD_P,20240810T152240,1007.11
CTD_P,20240810T162241,1009.16
CTD_PTSH,20240810T162304,1009.10,8.4908,35.3380,-1.040663
CTD_P,20240810T162305,1009.09
CTD_P,20240810T172306,1003.15
CTD_PTSH,20240810T172329,1003.10,8.4895,35.3390,-1.040584
CTD_P,20240810T172330,1003.05
CTD_P,20240810T182331,1002.12
CTD_PTSH,20240810T182354,1002.20,8.4545,35.3360,-1.040666
CTD_P,20240810T182355,1002.18
CTD_P,20240810T192356,1006.31
CTD_PTSH,20240810T192419,1006.30,8.4427,35.3340,-1.040644
CTD_P,20240810T192420,1006.30
CTD_P,20240810T202421,1006.32
CTD_PTSH,20240810T202444,1006.40,8.4701,35.3370,-1.040642
CTD_P,20240810T202445,1006.37
CTD_P,20240810T212446,1006.84
CTD_PTSH,20240810T212509,1006.90,8.4815,35.3370,-1.040639
CTD_P,20240810T212510,1006.97
CTD_P,20240810T222511,1005.43
CTD_PTSH,20240810T222534,1005.40,8.5016,35.3410,-1.040641
CTD_P,20240810T222535,1005.38
CTD_P,20240810T232536,1006.33
CTD_PTSH,20240810T232559,1006.30,8.4767,35.3370,-1.040667
CTD_P,20240810T232600,1006.28
CTD_P,20240811T002601,1003.85
CTD_PTSH,20240811T002624,1003.90,8.4460,35.3360,-1.040696
CTD_P,20240811T002625,1003.86
CTD_P,20240811T012626,1006.57
CTD_PTSH,20240811T012649,1006.50,8.4473,35.3350,-1.040663
CTD_P,20240811T012650,1006.57
CTD_P,20240811T022651,1007.01
CTD_PTSH,20240811T022714,1006.90,8.4770,35.3370,-1.040675
CTD_P,20240811T022715,1006.91
CTD_P,20240811T032716,1008.51
CTD_PTSH,20240811T032739,1008.50,8.5207,35.3410,-1.040669
CTD_P,20240811T032740,1008.49
CTD_P,20240811T042741,1005.90
CTD_PTSH,20240811T042804,1005.90,8.4817,35.3410,-1.040632
CTD_P,20240811T042805,1005.84
CTD_P,20240811T052806,1006.52
CTD_PTSH,20240811T052829,1006.50,8.4668,35.3380,-1.040689
CTD_P,20240811T052830,1006.52
CTD_P,20240811T062831,1003.69
CTD_PTSH,20240811T062854,1003.60,8.4611,35.3380,-1.040661
CTD_P,20240811T062855,1003.66
CTD_P,20240811T072856,1002.99
CTD_PTSH,20240811T072919,1003.00,8.4215,35.3360,-1.040620
CTD_P,20240811T072920,1002.98
CTD_P,20240811T082921,1003.82
CTD_PTSH,20240811T082944,1003.80,8.3928,35.3290,-1.040641
CTD_P,20240811T082945,1003.78
CTD_P,20240811T092946,1004.53
CTD_PTSH,20240811T093009,1004.60,8.3319,35.3230,-1.040694
CTD_P,20240811T093010,1004.61
CTD_P,20240811T103011,1006.62
CTD_PTSH,20240811T103034,1006.60,8.4017,35.3300,-1.040704
CTD_P,20240811T103035,1006.57
CTD_P,20240811T113036,1008.77
CTD_PTSH,20240811T113059,1008.90,8.4055,35.3320,-1.040690
CTD_P,20240811T113100,1008.88
CTD_P,20240811T123101,1008.72
CTD_PTSH,20240811T123124,1008.70,8.4627,35.3350,-1.040685
CTD_P,20240811T123125,1008.70
CTD_P,20240811T133126,1007.76
CTD_PTSH,20240811T133149,1007.80,8.4613,35.3350,-1.040669
CTD_P,20240811T133150,1007.79
CTD_P,20240811T143151,1008.80
CTD_PTSH,20240811T143214,1008.80,8.4871,35.3390,-1.040662
CTD_P,20240811T143215,1008.78
CTD_P,20240811T153216,1007.41
CTD_PTSH,20240811T153239,1007.40,8.5062,35.3400,-1.040609
CTD_P,20240811T153240,1007.39
CTD_P,20240811T163241,1007.00
CTD_PTSH,20240811T163304,1007.10,8.4636,35.3380,-1.040646
CTD_P,20240811T163305,1007.06
CTD_P,20240811T173306,1003.78
CTD_PTSH,20240811T173329,1003.90,8.4303,35.3330,-1.040649
CTD_P,20240811T173330,1003.86
CTD_P,20240811T183331,1007.76
CTD_PTSH,20240811T183354,1007.80,8.4069,35.3290,-1.040727
CTD_P,20240811T183355,1007.77
CTD_P,20240811T193356,1007.40
CTD_PTSH,20240811T193419,1007.40,8.4235,35.3320,-1.040646
CTD_P,20240811T193420,1007.45
CTD_P,20240811T203421,1009.64
CTD_PTSH,20240811T203444,1009.60,8.4939,35.3380,-1.040627
CTD_P,20240811T203445,1009.61
CTD_P,20240811T213446,1008.90
CTD_PTSH,20240811T213509,1008.80,8.5010,35.3390,-1.040706
CTD_P,20240811T213510,1008.79
CTD_P,20240811T223511,1008.17
CTD_PTSH,20240811T223534,1008.10,8.5054,35.3400,-1.040688
CTD_P,20240811T223535,1008.06
CTD_P,20240811T233536,1008.08
CTD_PTSH,20240811T233559,1008.10,8.5005,35.3430,-1.040716
CTD_P,20240811T233600,1008.04
CTD_P,20240812T003601,1008.96
CTD_PTSH,20240812T003624,1008.90,8.4933,35.3380,-1.040628
CTD_P,20240812T003625,1008.89
CTD_P,20240812T013626,1006.77
CTD_PTSH,20240812T013649,1006.80,8.4298,35.3330,-1.040688
CTD_P,20240812T013650,1006.83
CTD_P,20240812T023651,1006.34
CTD_PTSH,20240812T023714,1006.40,8.4377,35.3310,-1.040636
CTD_P,20240812T023715,1006.42
CTD_P,20240812T033716,1007.65
CTD_PTSH,20240812T033739,1007.60,8.4642,35.3380,-1.040691
CTD_P,20240812T033740,1007.61
CTD_P,20240812T043741,1007.05
CTD_PTSH,20240812T043804,1007.10,8.4597,35.3350,-1.040694
CTD_P,20240812T043805,1007.08
CTD_P,20240812T053806,1006.01
CTD_PTSH,20240812T053829,1006.00,8.4568,35.3370,-1.040691
CTD_P,20240812T053830,1005.96
CTD_P,20240812T063831,1006.89
CTD_PTSH,20240812T063854,1006.90,8.4073,35.3290,-1.040668
CTD_P,20240812T063855,1006.86
CTD_P,20240812T073856,1006.79
CTD_PTSH,20240812T073919,1006.80,8.3828,35.3280,-1.040660
CTD_P,20240812T073920,1006.77
CTD_P,20240812T083921,1008.60
CTD_PTSH,20240812T083944,1008.60,8.4217,35.3310,-1.040724
CTD_P,20240812T083945,1008.55
CTD_P,20240812T093946,1007.50
CTD_PTSH,20240812T094009,1007.40,8.4542,35.3370,-1.040627
CTD_P,20240812T094010,1007.39
CTD_P,20240812T104011,1005.43
CTD_PTSH,20240812T104034,1005.40,8.3886,35.3320,-1.040665
CTD_P,20240812T104035,1005.43
CTD_P,20240812T114036,1006.31
CTD_PTSH,20240812T114059,1006.50,8.3522,35.3260,-1.040675
CTD_P,20240812T114100,1006.48
CTD_P,20240812T124101,1011.80
CTD_PTSH,20240812T124124,1011.90,8.4595,35.3350,-1.040677
CTD_P,20240812T124125,1011.85
CTD_P,20240812T134126,1008.48
CTD_PTSH,20240812T134149,1008.50,8.4840,35.3390,-1.040694
CTD_P,20240812T134150,1008.49
CTD_P,20240812T144151,1011.08
CTD_PTSH,20240812T144214,1011.10,8.4868,35.3380,-1.040683
CTD_P,20240812T144215,1011.11
CTD_P,20240812T154216,1014.98
CTD_PTSH,20240812T154239,1015.00,8.5404,35.3420,-1.040698
CTD_P,20240812T154240,1014.97
CTD_P,20240812T164241,1012.55
CTD_PTSH,20240812T164304,1012.50,8.5774,35.3450,-1.040641
CTD_P,20240812T164305,1012.48
CTD_P,20240812T174306,1006.67
CTD_PTSH,20240812T174329,1006.60,8.5068,35.3430,-1.040629
CTD_P,20240812T174330,1006.60
CTD_P,20240812T184331,1006.25
CTD_PTSH,20240812T184354,1006.30,8.4485,35.3310,-1.040681
CTD_P,20240812T184355,1006.35
CTD_P,20240812T194356,1007.62
CTD_PTSH,20240812T194419,1007.60,8.4464,35.3340,-1.040704
CTD_P,20240812T194420,1007.60
CTD_P,20240812T204421,1010.16
CTD_PTSH,20240812T204444,1010.20,8.4287,35.3320,-1.040701
CTD_P,20240812T204445,1010.15
CTD_P,20240812T214446,1009.08
CTD_PTSH,20240812T214509,1009.10,8.4620,35.3350,-1.040756
CTD_P,20240812T214510,1009.07
CTD_P,20240812T224511,1008.82
CTD_PTSH,20240812T224534,1008.90,8.4536,35.3350,-1.040728
CTD_P,20240812T224535,1008.88
CTD_P,20240812T234536,1010.17
CTD_PTSH,20240812T234559,1010.10,8.4846,35.3370,-1.040681
CTD_P,20240812T234600,1010.14
CTD_P,20240813T004601,1009.43
CTD_PTSH,20240813T004624,1009.50,8.4569,35.3350,-1.040714
CTD_P,20240813T004625,1009.47
CTD_P,20240813T014626,1011.43
CTD_PTSH,20240813T014649,1011.30,8.4975,35.3400,-1.040695
CTD_P,20240813T014650,1011.36
CTD_P,20240813T024651,1012.94
CTD_PTSH,20240813T024714,1012.90,8.5130,35.3390,-1.040711
CTD_P,20240813T024715,1012.85
CTD_P,20240813T034716,1008.96
CTD_PTSH,20240813T034739,1009.00,8.4998,35.3410,-1.040674
CTD_P,20240813T034740,1008.94
CTD_P,20240813T044741,1004.82
CTD_PTSH,20240813T044804,1004.80,8.4514,35.3310,-1.040727
CTD_P,20240813T044805,1004.78
CTD_P,20240813T054806,1006.28
CTD_PTSH,20240813T054829,1006.20,8.3935,35.3320,-1.040703
CTD_P,20240813T054830,1006.25
CTD_P,20240813T064831,1008.42
CTD_PTSH,20240813T064854,1008.40,8.3684,35.3250,-1.040665
CTD_P,20240813T064855,1008.41
CTD_P,20240813T074856,1009.35
CTD_PTSH,20240813T074919,1009.20,8.3867,35.3270,-1.040719
CTD_P,20240813T074920,1009.24
CTD_P,20240813T084921,1009.91
CTD_PTSH,20240813T084944,1009.90,8.3768,35.3260,-1.040728
CTD_P,20240813T084945,1009.96
CTD_P,20240813T094946,1008.60
CTD_PTSH,20240813T095009,1008.50,8.3764,35.3260,-1.040726
CTD_P,20240813T095010,1008.48
CTD_P,20240813T105011,1011.07
CTD_PTSH,20240813T105034,1011.10,8.3964,35.3280,-1.040703
CTD_P,20240813T105035,1011.11
CTD_P,20240813T115036,1013.21
CTD_PTSH,20240813T115059,1013.10,8.4960,35.3380,-1.040722
CTD_P,20240813T115100,1013.10
CTD_P,20240813T125101,1011.55
CTD_PTSH,20240813T125124,1011.60,8.4541,35.3350,-1.040673
CTD_P,20240813T125125,1011.60
CTD_P,20240813T135126,1013.25
CTD_PTSH,20240813T135149,1013.20,8.4987,35.3400,-1.040720
CTD_P,20240813T135150,1013.21
CTD_P,20240813T145151,1012.90
CTD_PTSH,20240813T145214,1013.00,8.4962,35.3380,-1.040689
CTD_P,20240813T145215,1012.97
CTD_P,20240813T155216,1009.59
CTD_PTSH,20240813T155239,1009.60,8.4998,35.3400,-1.040725
CTD_P,20240813T155240,1009.58
CTD_P,20240813T165241,1008.48
CTD_PTSH,20240813T165304,1008.50,8.4638,35.3380,-1.040643
CTD_P,20240813T165305,1008.46
CTD_P,20240813T175306,1008.17
CTD_PTSH,20240813T175329,1008.30,8.4107,35.3330,-1.040719
CTD_P,20240813T175330,1008.32
CTD_P,20240813T185331,1010.99
CTD_PTSH,20240813T185354,1011.00,8.4173,35.3320,-1.040684
CTD_P,20240813T185355,1011.03
CTD_P,20240813T195356,1010.83
CTD_PTSH,20240813T195419,1010.80,8.4696,35.3360,-1.040683
CTD_P,20240813T195420,1010.72
CTD_P,20240813T205421,1009.54
CTD_PTSH,20240813T205444,1009.60,8.4459,35.3360,-1.040663
CTD_P,20240813T205445,1009.58
CTD_P,20240813T215446,1012.14
CTD_PTSH,20240813T215509,1012.10,8.4641,35.3340,-1.040689
CTD_P,20240813T215510,1012.09
CTD_P,20240813T225511,1013.38
CTD_PTSH,20240813T225534,1013.30,8.4771,35.3370,-1.040707
CTD_P,20240813T225535,1013.33
CTD_P,20240813T235536,1013.84
CTD_PTSH,20240813T235559,1013.80,8.5141,35.3400,-1.040692
CTD_P,20240813T235600,1013.85
CTD_P,20240814T005601,1010.54
CTD_PTSH,20240814T005624,1010.50,8.4724,35.3370,-1.040713
CTD_P,20240814T005625,1010.53
CTD_P,20240814T015626,1013.57
CTD_PTSH,20240814T015649,1013.60,8.4705,35.3360,-1.040711
CTD_P,20240814T015650,1013.61
CTD_P,20240814T025651,1010.81
CTD_PTSH,20240814T025714,1010.90,8.4745,35.3360,-1.040681
CTD_P,20240814T025715,1010.85
CTD_P,20240814T035716,1013.33
CTD_PTSH,20240814T035739,1013.30,8.4875,35.3380,-1.040690
CTD_P,20240814T035740,1013.28
CTD_P,20240814T045741,1011.08
CTD_PTSH,20240814T045804,1011.00,8.4928,35.3370,-1.040753
CTD_P,20240814T045805,1011.01
CTD_P,20240814T055806,1008.69
CTD_PTSH,20240814T055829,1008.60,8.4470,35.3360,-1.040653
CTD_P,20240814T055830,1008.66
CTD_P,20240814T065831,1010.76
CTD_PTSH,20240814T065854,1010.80,8.4047,35.3290,-1.040721
CTD_P,20240814T065855,1010.80
CTD_P,20240814T075856,1010.75
CTD_PTSH,20240814T075919,1010.80,8.4455,35.3370,-1.040668
CTD_P,20240814T075920,1010.81
CTD_P,20240814T085921,1010.12
CTD_PTSH,20240814T085944,1010.10,8.4197,35.3320,-1.040677
CTD_P,20240814T085945,1010.13
CTD_P,20240814T095946,1012.40
CTD_PTSH,20240814T100009,1012.40,8.4120,35.3310,-1.040671
CTD_P,20240814T100010,1012.35
CTD_P,20240814T110011,1010.79
CTD_PTSH,20240814T110034,1010.70,8.4633,35.3340,-1.040707
CTD_P,20240814T110035,1010.67
CTD_P,20240814T120036,1014.50
CTD_PTSH,20240814T120059,1014.40,8.4835,35.3380,-1.040672
CTD_P,20240814T120100,1014.42
CTD_P,20240814T130101,1012.00
CTD_PTSH,20240814T130124,1012.00,8.4903,35.3400,-1.040697
CTD_P,20240814T130125,1011.98
CTD_P,20240814T140126,1012.50
CTD_PTSH,20240814T140149,1012.40,8.5037,35.3400,-1.040685
CTD_P,20240814T140150,1012.43
CTD_P,20240814T150151,1011.74
CTD_PTSH,20240814T150214,1011.60,8.5224,35.3410,-1.040646
CTD_P,20240814T150215,1011.63
CTD_P,20240814T160216,1010.05
CTD_PTSH,20240814T160239,1010.00,8.4311,35.3330,-1.040649
CTD_P,20240814T160240,1010.04
CTD_P,20240814T170241,1012.29
CTD_PTSH,20240814T170304,1012.30,8.4455,35.3350,-1.040719
CTD_P,20240814T170305,1012.29
CTD_P,20240814T180306,1012.42
CTD_PTSH,20240814T180329,1012.40,8.4673,35.3360,-1.040704
CTD_P,20240814T180330,1012.43
CTD_P,20240814T190331,1009.03
CTD_PTSH,20240814T190354,1009.00,8.4180,35.3350,-1.040724
CTD_P,20240814T190355,1008.98
CTD_P,20240814T200356,1012.14
CTD_PTSH,20240814T200419,1012.10,8.4192,35.3290,-1.040684
CTD_P,20240814T200420,1012.09
CTD_P,20240814T210421,1013.36
CTD_PTSH,20240814T210444,1013.40,8.4169,35.3300,-1.040671
CTD_P,20240814T210445,1013.41
CTD_P,20240814T220446,1012.52
CTD_PTSH,20240814T220509,1012.50,8.4462,35.3320,-1.040664
CTD_P,20240814T220510,1012.51
CTD_P,20240814T230511,1014.27
CTD_PTSH,20240814T230534,1014.30,8.4522,35.3350,-1.040744
CTD_P,20240814T230535,1014.33
CTD_P,20240815T000536,1016.56
CTD_PTSH,20240815T000559,1016.50,8.4764,35.3390,-1.040677
CTD_P,20240815T000600,1016.46
CTD_P,20240815T010601,1012.24
CTD_PTSH,20240815T010624,1012.20,8.4801,35.3400,-1.040681
CTD_P,20240815T010625,1012.18
CTD_P,20240815T020626,1011.29
CTD_PTSH,20240815T020649,1011.30,8.4535,35.3370,-1.040671
CTD_P,20240815T020650,1011.30
CTD_P,20240815T030651,1012.34
CTD_PTSH,20240815T030714,1012.30,8.4286,35.3310,-1.040686
CTD_P,20240815T030715,1012.31
CTD_P,20240815T040716,1012.30
CTD_PTSH,20240815T040739,1012.20,8.4481,35.3340,-1.040662
CTD_P,20240815T040740,1012.24
CTD_P,20240815T050741,1011.44
CTD_PTSH,20240815T050804,1011.40,8.4321,35.3360,-1.040675
CTD_P,20240815T050805,1011.45
CTD_P,20240815T060806,1012.07
CTD_PTSH,20240815T060829,1012.10,8.4654,35.3350,-1.040686
CTD_P,20240815T060830,1012.03
CTD_P,20240815T070831,1013.49
CTD_PTSH,20240815T070854,1013.40,8.4615,35.3370,-1.040685
CTD_P,20240815T070855,1013.46
CTD_P,20240815T080856,1012.02
CTD_PTSH,20240815T080919,1012.00,8.4477,35.3350,-1.040710
CTD_P,20240815T080920,1011.96
CTD_P,20240815T090921,1012.43
CTD_PTSH,20240815T090944,1012.40,8.4490,35.3340,-1.040668
CTD_P,20240815T090945,1012.40
CTD_P,20240815T100946,1013.08
CTD_PTSH,20240815T101009,1013.10,8.4463,35.3330,-1.040677
CTD_P,20240815T101010,1013.12
CTD_P,20240815T111011,1014.58
CTD_PTSH,20240815T111034,1014.60,8.4686,35.3340,-1.040676
CTD_P,20240815T111035,1014.61
CTD_P,20240815T121036,1014.23
CTD_PTSH,20240815T121059,1014.30,8.4630,35.3350,-1.040662
CTD_P,20240815T121100,1014.31
CTD_P,20240815T131101,1016.33
CTD_PTSH,20240815T131124,1016.30,8.5194,35.3390,-1.040693
CTD_P,20240815T131125,1016.26
CTD_P,20240815T141126,1013.16
CTD_PTSH,20240815T141149,1013.10,8.4889,35.3380,-1.040686
CTD_P,20240815T141150,1013.15
CTD_P,20240815T151151,1011.42
CTD_PTSH,20240815T151214,1011.40,8.4812,35.3420,-1.040646
CTD_P,20240815T151215,1011.38
CTD_P,20240815T161216,1011.94
CTD_PTSH,20240815T161239,1012.00,8.4736,35.3350,-1.040685
CTD_P,20240815T161240,1011.96
CTD_P,20240815T171241,1014.17
CTD_PTSH,20240815T171304,1014.20,8.4617,35.3360,-1.040658
CTD_P,20240815T171305,1014.22
CTD_P,20240815T181306,1013.31
CTD_PTSH,20240815T181329,1013.30,8.4597,35.3350,-1.040656
CTD_P,20240815T181330,1013.31
CTD_P,20240815T191331,1011.91
CTD_PTSH,20240815T191354,1011.90,8.4453,35.3350,-1.040710
CTD_P,20240815T191355,1011.94
CTD_P,20240815T201356,1014.69
CTD_PTSH,20240815T201419,1014.60,8.4727,35.3370,-1.040670
CTD_P,20240815T201420,1014.57
CTD_P,20240815T211421,1012.40
CTD_PTSH,20240815T211444,1012.40,8.4945,35.3420,-1.040638
CTD_P,20240815T211445,1012.34
CTD_P,20240815T221446,1013.76
CTD_PTSH,20240815T221509,1013.80,8.4743,35.3360,-1.040678
CTD_P,20240815T221510,1013.83
CTD_P,20240815T231511,1014.61
CTD_PTSH,20240815T231534,1014.60,8.4593,35.3350,-1.040682
CTD_P,20240815T231535,1014.62
CTD_P,20240816T001536,1013.60
CTD_PTSH,20240816T001559,1013.60,8.4538,35.3330,-1.040679
CTD_P,20240816T001600,1013.61
CTD_P,20240816T011601,1012.88
CTD_PTSH,20240816T011624,1012.90,8.4014,35.3290,-1.040661
CTD_P,20240816T011625,1012.89
CTD_P,20240816T021626,1015.27
CTD_PTSH,20240816T021649,1015.30,8.4056,35.3280,-1.040684
CTD_P,20240816T021650,1015.35
CTD_P,20240816T031651,1012.51
CTD_PTSH,20240816T031714,1012.40,8.4425,35.3340,-1.040715
CTD_P,20240816T031715,1012.46
CTD_P,20240816T041716,1010.20
CTD_PTSH,20240816T041739,1010.20,8.3748,35.3300,-1.040652
CTD_P,20240816T041740,1010.21
CTD_P,20240816T051741,1014.58
CTD_PTSH,20240816T051804,1014.60,8.4135,35.3300,-1.040677
CTD_P,20240816T051805,1014.61
CTD_P,20240816T061806,1015.08
CTD_PTSH,20240816T061829,1015.10,8.4632,35.3340,-1.040675
CTD_P,20240816T061830,1015.05
CTD_P,20240816T071831,1014.35
CTD_PTSH,20240816T071854,1014.30,8.4710,35.3370,-1.040648
CTD_P,20240816T071855,1014.30
CTD_P,20240816T081856,1015.76
CTD_PTSH,20240816T081919,1015.60,8.5141,35.3390,-1.040612
CTD_P,20240816T081920,1015.63
CTD_P,20240816T091921,1013.04
CTD_PTSH,20240816T091944,1013.10,8.4635,35.3340,-1.040694
CTD_P,20240816T091945,1013.19
CTD_P,20240816T101946,1015.11
CTD_PTSH,20240816T102009,1015.10,8.4701,35.3360,-1.040672
CTD_P,20240816T102010,1015.12
CTD_P,20240816T112011,1015.91
CTD_PTSH,20240816T112034,1015.80,8.4991,35.3400,-1.040699
CTD_P,20240816T112035,1015.83
CTD_P,20240816T122036,1014.44
CTD_PTSH,20240816T122059,1014.40,8.4731,35.3360,-1.040653
CTD_P,20240816T122100,1014.41
CTD_P,20240816T132101,1014.96
CTD_PTSH,20240816T132124,1015.00,8.4668,35.3380,-1.040660
CTD_P,20240816T132125,1015.00
CTD_P,20240816T142126,1014.38
CTD_PTSH,20240816T142149,1014.30,8.4887,35.3370,-1.040586
CTD_P,20240816T142150,1014.30
CTD_P,20240816T152151,1015.52
CTD_PTSH,20240816T152214,1015.50,8.4675,35.3370,0.661353
CTD_P,20240816T152215,1015.53
CTD_P,20240816T162216,1016.39
CTD_PTSH,20240816T162239,1016.30,8.5011,35.3390,0.654320
CTD_P,20240816T162240,1016.30
CTD_P,20240816T172241,1013.61
CTD_PTSH,20240816T172304,1013.70,8.4740,35.3400,0.650099
CTD_P,20240816T172305,1013.69
CTD_P,20240816T182306,1011.72
CTD_PTSH,20240816T182329,1011.70,8.4726,35.3370,0.647148
CTD_P,20240816T182330,1011.70
CTD_P,20240816T192331,1014.71
CTD_PTSH,20240816T192354,1014.70,8.4529,35.3340,0.645055
CTD_P,20240816T192355,1014.72
CTD_P,20240816T202356,1013.91
CTD_PTSH,20240816T202419,1013.80,8.4564,35.3350,0.643346
CTD_P,20240816T202420,1013.83
CTD_P,20240816T211750,1013.82
CTD_PTSH,20240816T211813,1013.80,8.4517,35.3350,0.642224
CTD_P,20240816T211814,1013.83
Message,20240816T211816,Deep Descent Mission
CTD_P,20240816T211819,1013.81
CTD_P,20240816T211922,1015.33
CTD_P,20240816T212024,1020.44
CTD_P,20240816T212126,1027.67
CTD_P,20240816T212228,1036.37
CTD_P,20240816T212253,1040.09
CTD_P,20240816T212254,1040.26
CTD_P,20240816T212356,1050.12
CTD_P,20240816T212859,1098.57
CTD_P,20240816T213402,1146.22
CTD_P,20240816T213905,1192.80
CTD_P,20240816T214408,1237.78
CTD_P,20240816T214911,1280.86
CTD_P,20240816T215414,1322.63
CTD_P,20240816T215917,1363.43
CTD_P,20240816T220420,1404.15
CTD_P,20240816T220923,1444.37
CTD_P,20240816T221426,1485.40
CTD_P,20240816T221929,1525.98
CTD_P,20240816T222432,1565.32
CTD_P,20240816T222935,1603.19
CTD_P,20240816T223438,1640.38
CTD_P,20240816T223941,1675.86
CTD_P,20240816T224444,1710.60
CTD_P,20240816T224947,1743.89
CTD_P,20240816T225450,1775.33
CTD_P,20240816T225953,1805.41
CTD_P,20240816T230456,1834.61
CTD_P,20240816T230959,1863.09
CTD_P,20240816T231502,1891.43
CTD_P,20240816T232005,1919.52
CTD_P,20240816T232508,1947.18
CTD_P,20240816T233011,1974.05
CTD_P,20240816T233514,2000.25
Message,20240816T233517,ASCENT
CTD_P,20240816T233520,2000.74
CTD_P,20240816T233531,2001.72
CTD_P,20240816T233555,2003.66
CTD_P,20240816T233642,2006.69
CTD_P,20240816T233717,2008.02
CTD_P,20240816T233719,2008.05
CTD_P,20240816T233818,2008.30
CTD_P,20240816T233904,2007.14
CTD_P,20240816T234003,2003.33
CTD_P,20240816T234048,1999.82
CTD_P,20240816T234051,1999.45
CTD_P,20240816T234053,1999.35
Message,20240816T234055,CP Started
CTD_P,20240816T234129,1995.79
NO3,20240816T234139,43.34
O2,20240816T234145,102.01960,24.40417,3.21189,48.39800,49.76400,57.60901,7.84501,1036.71497,865.03168,749.02478
FLBB,20240816T234148,56,123,567
CTD_P,20240816T234149,1993.91
CTD_P,20240816T234651,1965.56
CTD_P,20240816T235153,1939.01
CTD_P,20240816T235655,1914.71
CTD_P,20240817T000000,1900.85
CTD_P,20240817T000013,1899.93
NO3,20240817T000023,43.19
O2,20240817T000029,95.70437,23.04136,3.45380,48.87919,50.24519,58.14439,7.89920,1046.17603,864.28961,741.97998
FLBB,20240817T000032,56,112,567
CTD_P,20240817T000033,1898.45
CTD_P,20240817T000157,1892.48
CTD_P,20240817T000659,1871.78
CTD_P,20240817T001201,1852.36
CTD_P,20240817T001243,1849.43
CTD_P,20240817T001345,1844.34
CTD_P,20240817T001847,1819.28
CTD_P,20240817T002242,1800.24
CTD_P,20240817T002246,1799.93
NO3,20240817T002256,43.70
O2,20240817T002302,83.41339,20.29745,3.85676,49.91309,51.27909,59.18410,7.90501,1065.59802,861.90271,730.20020
FLBB,20240817T002305,55,115,567
CTD_P,20240817T002306,1798.32
CTD_P,20240817T002349,1794.86
CTD_P,20240817T002851,1770.75
CTD_P,20240817T003353,1746.59
CTD_P,20240817T003855,1722.28
CTD_P,20240817T004334,1699.94
NO3,20240817T004344,43.91
O2,20240817T004350,71.65376,17.64696,4.31514,50.96910,52.33511,60.23740,7.90229,1084.46997,858.94623,716.73169
FLBB,20240817T004353,57,117,566
CTD_P,20240817T004354,1698.35
CTD_P,20240817T004856,1674.83
CTD_P,20240817T005358,1652.52
CTD_P,20240817T005900,1631.82
CTD_P,20240817T005943,1628.74
CTD_P,20240817T010045,1623.40
CTD_P,20240817T010519,1599.79
NO3,20240817T010529,43.86
O2,20240817T010535,56.32717,14.08205,4.89235,52.51653,53.88253,61.78894,7.90641,1110.93604,854.86243,699.66937
FLBB,20240817T010538,57,117,565
CTD_P,20240817T010539,1598.09
CTD_P,20240817T010547,1597.42
CTD_P,20240817T011049,1573.27
CTD_P,20240817T011551,1550.64
CTD_P,20240817T012053,1529.00
CTD_P,20240817T012555,1508.27
CTD_P,20240817T012637,1505.20
CTD_P,20240817T012739,1499.70
NO3,20240817T012749,43.78
O2,20240817T012755,44.29305,11.26530,5.56064,53.81923,55.18523,63.09026,7.90503,1131.46204,849.85992,679.77472
FLBB,20240817T012758,56,117,564
CTD_P,20240817T012759,1497.92
CTD_P,20240817T013301,1470.91
CTD_P,20240817T013803,1444.20
CTD_P,20240817T014305,1417.98
CTD_P,20240817T014635,1399.96
NO3,20240817T014645,43.28
O2,20240817T014651,35.07825,9.05558,6.14702,54.91353,56.27953,64.18164,7.90211,1148.06104,845.66559,662.19702
FLBB,20240817T014654,57,117,563
CTD_P,20240817T014655,1398.31
CTD_P,20240817T014807,1392.32
CTD_P,20240817T015309,1367.94
CTD_P,20240817T015811,1345.21
CTD_P,20240817T020313,1324.05
CTD_P,20240817T020815,1304.56
CTD_P,20240817T020857,1301.71
CTD_P,20240817T020925,1299.41
NO3,20240817T020935,43.27
O2,20240817T020941,26.56339,6.95574,6.71310,56.02678,57.39278,65.29497,7.90219,1164.17896,841.26160,645.12231
FLBB,20240817T020944,57,117,562
CTD_P,20240817T020945,1297.73
CTD_P,20240817T020959,1296.54
CTD_P,20240817T021501,1271.29
CTD_P,20240817T022003,1246.40
CTD_P,20240817T022505,1221.85
CTD_P,20240817T022936,1200.26
CTD_P,20240817T022940,1199.93
NO3,20240817T022950,42.46
O2,20240817T022956,19.54135,5.19627,7.33115,57.00573,58.37173,66.27011,7.89838,1177.61304,836.73431,626.36407
FLBB,20240817T022959,55,118,561
CTD_P,20240817T023000,1198.35
CTD_P,20240817T023008,1197.75
CTD_P,20240817T023510,1174.49
CTD_P,20240817T024012,1152.12
CTD_P,20240817T024054,1148.93
CTD_P,20240817T024156,1143.21
CTD_P,20240817T024658,1115.62
CTD_P,20240817T024951,1100.51
CTD_P,20240817T024959,1099.83
NO3,20240817T025009,41.62
O2,20240817T025015,13.46128,3.63149,7.91706,57.92752,59.29352,67.19868,7.90517,1190.35205,832.23163,608.47302
FLBB,20240817T025018,58,122,560
CTD_P,20240817T025019,1098.13
CTD_P,20240817T025200,1089.54
CTD_P,20240817T025702,1064.22
CTD_P,20240817T030204,1039.39
CTD_P,20240817T030706,1016.05
CTD_P,20240817T031037,1000.89
CTD_P,20240817T031052,999.81
NO3,20240817T031102,40.69
O2,20240817T031108,8.25381,2.26306,8.58360,58.76695,60.13295,68.03766,7.90471,1201.11499,826.91913,587.99500
FLBB,20240817T031111,55,130,559
CTD_P,20240817T031112,998.43
CTD_P,20240817T031209,994.48
CTD_P,20240817T031711,974.84
CTD_P,20240817T031751,972.14
CTD_P,20240817T031853,967.03
CTD_P,20240817T032223,950.16
CTD_P,20240817T032227,949.84
NO3,20240817T032237,40.11
O2,20240817T032243,5.88119,1.62592,8.92661,59.17222,60.53822,68.44603,7.90781,1206.28198,824.41827,577.40680
FLBB,20240817T032246,56,118,559
CTD_P,20240817T032247,948.29
CTD_P,20240817T032355,942.97
CTD_P,20240817T032857,919.91
CTD_P,20240817T033321,900.49
CTD_P,20240817T033331,899.72
NO3,20240817T033341,39.50
O2,20240817T033346,4.22438,1.17893,9.31996,59.45181,60.81781,68.72874,7.91093,1209.38904,821.32373,565.22357
FLBB,20240817T033350,57,118,558
CTD_P,20240817T033351,898.28
CTD_P,20240817T033359,897.71
CTD_P,20240817T033441,894.36
CTD_P,20240817T033543,888.62
CTD_P,20240817T034045,860.39
CTD_P,20240817T034239,849.92
NO3,20240817T034249,38.86
O2,20240817T034254,3.10800,0.87710,9.78884,59.62960,60.99561,68.91180,7.91620,1210.56201,817.81128,550.64520
FLBB,20240817T034258,58,133,558
CTD_P,20240817T034259,848.07
CTD_P,20240817T034547,832.55
CTD_P,20240817T035049,804.45
CTD_P,20240817T035139,799.78
NO3,20240817T035149,36.33
O2,20240817T035154,2.46598,0.70288,10.21120,59.72327,61.08927,69.01187,7.92260,1210.76294,814.65192,537.46307
FLBB,20240817T035158,57,119,557
CTD_P,20240817T035159,797.95
CTD_P,20240817T035551,777.25
CTD_P,20240817T040053,750.95
CTD_P,20240817T040107,749.74
NO3,20240817T040117,35.64
O2,20240817T040122,2.10793,0.60505,10.51017,59.77232,61.13832,69.06679,7.92847,1210.63501,811.87207,528.10413
FLBB,20240817T040126,55,129,556
CTD_P,20240817T040127,748.01
CTD_P,20240817T040555,726.03
CTD_P,20240817T041058,702.97
CTD_P,20240817T041141,699.85
NO3,20240817T041151,33.91
O2,20240817T041156,1.96466,0.56886,10.88403,59.77188,61.13788,69.07573,7.93785,1209.65503,808.85260,516.36890
FLBB,20240817T041200,56,111,556
CTD_P,20240817T041201,698.41
CTD_P,20240817T041601,681.65
CTD_P,20240817T042104,662.53
CTD_P,20240817T042145,659.82
CTD_P,20240817T042248,654.63
CTD_P,20240817T042348,649.60
NO3,20240817T042358,31.95
O2,20240817T042403,1.89736,0.55633,11.42853,59.74223,61.10823,69.05566,7.94743,1207.68396,804.32922,499.21661
FLBB,20240817T042407,57,116,555
CTD_P,20240817T042408,647.92
CTD_P,20240817T042751,629.36
CTD_P,20240817T043254,604.75
CTD_P,20240817T043356,599.90
NO3,20240817T043406,30.96
O2,20240817T043411,1.82625,0.54063,11.84661,59.72403,61.09003,69.04433,7.95430,1206.41504,801.11877,485.99991
FLBB,20240817T043415,57,269,554
CTD_P,20240817T043416,598.37
CTD_P,20240817T043757,581.87
CTD_P,20240817T044300,560.38
CTD_P,20240817T044530,550.27
CTD_P,20240817T044539,549.67
NO3,20240817T044549,29.80
O2,20240817T044554,1.77403,0.52957,12.21314,59.70616,61.07216,69.03517,7.96301,1205.23804,797.77032,474.38049
FLBB,20240817T044558,55,118,554
CTD_P,20240817T044559,548.38
CTD_P,20240817T044803,540.42
CTD_P,20240817T044843,537.64
CTD_P,20240817T044946,532.23
CTD_P,20240817T045449,506.60
CTD_P,20240817T045611,499.85
NO3,20240817T045621,28.64
O2,20240817T045626,1.71446,0.51702,12.66300,59.68358,61.04958,69.02187,7.97228,1203.76599,794.22839,460.07990
FLBB,20240817T045630,57,121,553
CTD_P,20240817T045631,498.18
CTD_P,20240817T045951,481.58
CTD_P,20240817T050454,456.71
CTD_P,20240817T050619,449.85
NO3,20240817T050629,26.04
O2,20240817T050634,1.64000,0.50061,13.20536,59.65745,61.02345,68.99902,7.97557,1201.81006,789.82739,442.78421
FLBB,20240817T050638,57,152,552
CTD_P,20240817T050639,448.28
CTD_P,20240817T050956,432.99
CTD_P,20240817T051459,411.66
CTD_P,20240817T051748,400.72
CTD_P,20240817T051803,399.78
NO3,20240817T051813,24.99
O2,20240817T051818,1.60024,0.49209,13.53651,59.64045,61.00645,68.98911,7.98265,1200.79504,786.84210,432.19601
FLBB,20240817T051822,54,136,552
CTD_P,20240817T051823,398.53
CTD_P,20240817T052001,392.52
CTD_P,20240817T052039,390.04
CTD_P,20240817T052141,385.08
CTD_P,20240817T052644,360.54
CTD_P,20240817T052858,349.63
NO3,20240817T052908,23.67
O2,20240817T052913,1.56173,0.48654,14.12700,59.60291,60.96891,68.96803,7.99912,1198.67798,782.08911,413.26691
FLBB,20240817T052917,57,155,551
CTD_P,20240817T052918,348.03
CTD_P,20240817T053147,336.21
CTD_P,20240817T053650,313.39
CTD_P,20240817T053951,300.57
CTD_P,20240817T054003,299.71
NO3,20240817T054013,21.88
O2,20240817T054018,1.52128,0.48213,14.91273,59.55075,60.91675,68.93256,8.01581,1195.49695,775.71582,387.98969
FLBB,20240817T054022,57,173,550
CTD_P,20240817T054023,298.34
CTD_P,20240817T054152,292.16
CTD_P,20240817T054232,289.13
CTD_P,20240817T054335,283.32
CTD_P,20240817T054837,255.91
CTD_P,20240817T054945,250.40
CTD_P,20240817T054953,249.78
NO3,20240817T055003,20.73
O2,20240817T055008,1.44849,0.46563,15.57238,59.51693,60.88293,68.90584,8.02290,1192.06799,769.39380,366.69891
FLBB,20240817T055012,57,159,549
CTD_P,20240817T055013,248.17
CTD_P,20240817T055339,232.35
CTD_P,20240817T055841,212.81
CTD_P,20240817T060201,203.47
CTD_P,20240817T060318,200.25
CTD_P,20240817T060327,199.87
NO3,20240817T060337,20.45
O2,20240817T060342,1.38876,0.46007,16.99408,59.42102,60.78702,68.83749,8.05048,1183.97302,754.70972,320.63449
FLBB,20240817T060346,56,165,547
CTD_P,20240817T060347,199.08
CTD_P,20240817T060426,197.38
CTD_P,20240817T060528,193.54
CTD_P,20240817T060609,190.66
CTD_P,20240817T060711,185.60
CTD_P,20240817T061213,165.95
CTD_P,20240817T061621,154.39
CTD_P,20240817T061715,152.17
CTD_P,20240817T061804,150.29
CTD_P,20240817T061815,149.89
NO3,20240817T061825,23.33
O2,20240817T061830,5.10998,1.76299,18.96684,58.24645,59.61245,67.67984,8.06739,1157.64795,735.25269,256.44901
FLBB,20240817T061833,52,116,544
CTD_P,20240817T061835,149.15
CTD_P,20240817T062217,143.72
CTD_P,20240817T062253,142.83
CTD_P,20240817T062355,139.72
CTD_P,20240817T062433,137.33
CTD_P,20240817T062535,132.36
CTD_P,20240817T063037,113.46
CTD_P,20240817T063415,105.43
CTD_P,20240817T063539,103.04
CTD_P,20240817T063728,99.59
NO3,20240817T063738,22.12
O2,20240817T063743,45.92633,16.97867,22.47342,48.18190,49.54790,57.65027,8.10236,983.79059,700.02771,142.27071
FLBB,20240817T063747,57,126,539
CTD_P,20240817T063748,98.99
CTD_P,20240817T064041,94.83
CTD_P,20240817T064119,93.84
CTD_P,20240817T064221,90.70
CTD_P,20240817T064237,89.87
NO3,20240817T064246,19.08
O2,20240817T064252,76.47386,28.67767,23.22073,42.90555,44.27155,52.37796,8.10641,879.45630,693.69739,118.02470
FLBB,20240817T064255,60,133,538
CTD_P,20240817T064257,88.72
CTD_P,20240817T064301,88.45
CTD_P,20240817T064403,84.17
CTD_P,20240817T064441,81.47
CTD_P,20240817T064504,79.65
NO3,20240817T064514,13.54
O2,20240817T064519,122.61930,46.85333,24.21779,37.03732,38.40332,46.51274,8.10942,748.42499,684.45398,85.76831
FLBB,20240817T064523,74,241,537
CTD_P,20240817T064524,78.01
CTD_P,20240817T064543,76.46
CTD_P,20240817T064705,69.66
NO3,20240817T064714,11.42
O2,20240817T064720,141.11909,54.25498,24.54791,35.20214,36.56815,44.68335,8.11520,706.13428,680.09882,75.11657
FLBB,20240817T064723,84,145,536
CTD_P,20240817T064725,67.95
CTD_P,20240817T064903,59.88
NO3,20240817T064912,8.81
O2,20240817T064918,157.53210,61.11527,25.03593,33.66931,35.03531,43.15591,8.12061,669.72540,675.87988,59.39864
FLBB,20240817T064921,99,141,536
CTD_P,20240817T064923,58.42
CTD_P,20240817T065045,55.60
CTD_P,20240817T065301,55.40
CTD_P,20240817T065411,55.19
CTD_P,20240817T065518,55.07
CTD_P,20240817T065547,54.99
CTD_P,20240817T065652,54.80
CTD_P,20240817T065754,54.76
CTD_P,20240817T065856,54.71
CTD_P,20240817T065957,54.55
CTD_P,20240817T070049,54.46
CTD_P,20240817T070127,54.22
CTD_P,20240817T070147,53.82
CTD_P,20240817T070229,53.02
CTD_P,20240817T070307,51.99
CTD_P,20240817T070409,48.48
NO3,20240817T070418,1.05
O2,20240817T070424,233.78481,95.41367,27.83566,27.98092,29.34692,37.47620,8.12928,528.41882,648.97729,-29.96142
FLBB,20240817T070427,132,155,531
CTD_P,20240817T070429,47.30
CTD_P,20240817T070431,47.18
NO3,20240817T070441,0.88
O2,20240817T070446,235.20840,96.02662,27.85443,27.90733,29.27333,37.40463,8.13130,526.40387,648.73230,-30.55524
FLBB,20240817T070449,127,156,530
CTD_P,20240817T070451,45.99
CTD_P,20240817T070453,45.84
NO3,20240817T070502,0.42
O2,20240817T070508,236.12180,96.43491,27.87508,27.85729,29.22329,37.35447,8.13118,525.12628,648.46619,-31.20817
FLBB,20240817T070511,128,154,531
CTD_P,20240817T070513,44.42
CTD_P,20240817T070515,44.30
NO3,20240817T070524,0.62
O2,20240817T070530,237.01871,96.84068,27.89805,27.80741,29.17341,37.30402,8.13061,523.85529,648.20190,-31.93447
FLBB,20240817T070533,120,157,530
CTD_P,20240817T070535,42.70
CTD_P,20240817T070537,42.55
CTD_P,20240817T070541,42.24
NO3,20240817T070550,-0.58
O2,20240817T070556,238.08299,97.30557,27.91546,27.75207,29.11806,37.24809,8.13003,522.41467,647.94421,-32.48492
FLBB,20240817T070559,112,191,530
CTD_P,20240817T070601,40.71
CTD_P,20240817T070605,40.43
NO3,20240817T070614,-1.63
O2,20240817T070620,239.03850,97.72797,27.93385,27.70164,29.06764,37.19686,8.12922,521.13483,647.74481,-33.06635
FLBB,20240817T070623,103,152,530
CTD_P,20240817T070625,38.89
CTD_P,20240817T070629,38.58
NO3,20240817T070638,-0.17
O2,20240817T070644,239.72050,98.03862,27.95216,27.66395,29.02995,37.16055,8.13060,520.26349,647.57751,-33.64483
FLBB,20240817T070647,96,152,530
CTD_P,20240817T070649,37.10
CTD_P,20240817T070651,36.97
NO3,20240817T070700,-1.69
O2,20240817T070705,240.06770,98.20314,27.96511,27.64350,29.00950,37.13828,8.12878,519.70697,647.49091,-34.05416
FLBB,20240817T070709,94,152,529
CTD_P,20240817T070711,35.47
CTD_P,20240817T070713,35.36
NO3,20240817T070723,-1.63
O2,20240817T070728,240.50670,98.40929,27.98033,27.61811,28.98411,37.11396,8.12985,519.05157,647.32220,-34.53527
FLBB,20240817T070731,92,155,529
CTD_P,20240817T070733,33.67
CTD_P,20240817T070735,33.50
NO3,20240817T070744,-1.63
O2,20240817T070750,241.02541,98.64007,27.99094,27.59083,28.95683,37.08619,8.12936,518.41449,647.22559,-34.87054
FLBB,20240817T070753,85,150,529
CTD_P,20240817T070755,31.66
CTD_P,20240817T070757,31.47
CTD_P,20240817T070801,31.11
NO3,20240817T070810,-1.60
O2,20240817T070816,241.45580,98.83741,28.00305,27.56706,28.93306,37.06206,8.12900,517.75848,647.11023,-35.25311
FLBB,20240817T070819,81,149,529
CTD_P,20240817T070821,29.21
CTD_P,20240817T070825,28.84
NO3,20240817T070834,-1.86
O2,20240817T070840,241.97560,99.07576,28.01763,27.53845,28.90445,37.03326,8.12881,517.04059,647.02087,-35.71348
FLBB,20240817T070843,76,146,529
CTD_P,20240817T070845,26.95
CTD_P,20240817T070849,26.56
NO3,20240817T070858,-1.70
O2,20240817T070904,242.10040,99.23246,28.07776,27.51134,28.87733,37.00559,8.12826,516.34363,646.81421,-37.61287
FLBB,20240817T070907,71,147,529
CTD_P,20240817T070909,24.67
CTD_P,20240817T070913,24.33
NO3,20240817T070922,-1.67
O2,20240817T070928,241.39160,99.05871,28.14445,27.51938,28.88538,37.01434,8.12896,516.49103,646.41443,-39.71800
FLBB,20240817T070931,67,154,529
CTD_P,20240817T070933,22.57
CTD_P,20240817T070937,22.20
NO3,20240817T070946,-1.69
O2,20240817T070952,241.12531,98.98132,28.16265,27.52488,28.89088,37.01970,8.12882,516.46411,646.00598,-40.29245
FLBB,20240817T070955,62,159,529
CTD_P,20240817T070957,20.49
CTD_P,20240817T071001,20.11
NO3,20240817T071010,-1.89
O2,20240817T071016,241.13060,98.99901,28.17150,27.52147,28.88747,37.01689,8.12942,516.30042,645.82233,-40.57166
FLBB,20240817T071019,62,153,529
CTD_P,20240817T071021,18.30
CTD_P,20240817T071025,17.92
NO3,20240817T071034,-1.95
O2,20240817T071040,241.19710,99.03522,28.17659,27.51666,28.88266,37.01074,8.12808,516.13361,645.69269,-40.73236
FLBB,20240817T071043,62,157,529
CTD_P,20240817T071045,16.10
CTD_P,20240817T071049,15.77
NO3,20240817T071058,-1.89
O2,20240817T071104,241.27499,99.07989,28.18384,27.51056,28.87656,37.00449,8.12793,515.98297,645.61462,-40.96111
FLBB,20240817T071107,59,158,529
CTD_P,20240817T071109,13.87
CTD_P,20240817T071113,13.49
NO3,20240817T071122,-1.85
O2,20240817T071128,241.36639,99.12731,28.18947,27.50444,28.87044,36.99944,8.12901,515.77032,645.53168,-41.13873
FLBB,20240817T071131,69,160,529
CTD_P,20240817T071133,11.65
CTD_P,20240817T071137,11.30
NO3,20240817T071146,-1.45
O2,20240817T071152,241.44521,99.17603,28.19883,27.49756,28.86356,36.99110,8.12754,515.67590,645.49158,-41.43377
FLBB,20240817T071155,64,172,528
CTD_P,20240817T071157,9.39
CTD_P,20240817T071201,9.07
NO3,20240817T071210,-1.93
O2,20240817T071216,241.49310,99.24577,28.22738,27.48523,28.85123,36.97865,8.12743,515.21832,645.36377,-42.33434
FLBB,20240817T071219,68,178,528
CTD_P,20240817T071221,7.26
CTD_P,20240817T071225,6.90
NO3,20240817T071234,0.42
O2,20240817T071240,241.56250,99.35140,28.27135,27.46644,28.83244,36.95866,8.12622,514.78693,645.15167,-43.72114
FLBB,20240817T071243,58,155,528
CTD_P,20240817T071245,5.19
CTD_P,20240817T071249,4.82
CTD_P,20240817T071301,3.88
Message,20240817T071305,CP Stopped
CTD_P,20240817T071315,2.86
Message,20240817T071317,Surface Mission
CTD_P,20240817T071320,2.47
CTD_P,20240817T071321,2.37
O2,20240817T071325,242.04140,99.60960,28.30617,27.43258,28.79858,36.92387,8.12530,513.88922,644.65118,-44.81890
CTD_P,20240817T071326,2.10
O2,20240817T071339,242.07471,99.64079,28.31614,27.42754,28.79354,36.91860,8.12506,513.72772,644.35797,-45.13322
CTD_P,20240817T071340,1.07
O2,20240817T071354,242.36320,99.75759,28.31505,27.41502,28.78102,36.90348,8.12246,513.45789,644.28278,-45.09870
CTD_P,20240817T071356,0.00
O2,20240817T071409,242.31190,99.71173,28.30096,27.42232,28.78832,36.90698,8.11866,513.58179,644.32721,-44.65456
CTD_P,20240817T071410,-0.07
O2,20240817T071424,242.27589,99.72984,28.31968,27.41728,28.78328,36.90059,8.11731,513.41687,644.30719,-45.24474
CTD_P,20240817T071426,0.04
O2,20240817T071439,242.94550,99.93594,28.28028,27.40138,28.76738,36.88457,8.11720,512.98889,644.29657,-44.00271
CTD_P,20240817T071440,0.01
O2,20240817T071454,241.80240,99.53870,28.32183,27.43772,28.80372,36.91868,8.11496,513.84363,644.29730,-45.31270
CTD_P,20240817T071455,0.07
O2,20240817T071510,242.14400,99.61431,28.28485,27.43556,28.80156,36.91793,8.11637,513.77808,644.31702,-44.14669
CTD_P,20240817T071511,-0.01
O2,20240817T071524,242.23511,99.66096,28.29006,27.42963,28.79563,36.90720,8.11157,513.55090,640.38782,-44.31113
CTD_P,20240817T071525,0.18
O2,20240817T071539,241.52499,99.41956,28.31901,27.45117,28.81717,36.93347,8.11630,514.15912,644.24988,-45.22350
CTD_P,20240817T071541,0.06
CTD_P,20240817T071911,-0.14
O2,20240817T071914,243.11020,99.59093,28.04633,27.47735,28.84335,36.98946,8.14611,514.67273,646.09833,-36.62024
CTD_P,20240817T071916,-0.21
O2,20240817T071929,244.23430,99.86353,27.94028,27.46517,28.83117,36.96027,8.12910,514.35107,642.53363,-33.26954
CTD_P,20240817T071930,-0.26
O2,20240817T071944,242.98650,99.61815,28.09051,27.46711,28.83311,36.95970,8.12659,514.41248,646.17047,-38.01540
CTD_P,20240817T071946,-0.07
O2,20240817T071959,241.73289,99.44402,28.28422,27.45421,28.82021,36.94442,8.12421,514.20117,646.05762,-44.12702
CTD_P,20240817T072000,-0.28
O2,20240817T072014,244.86819,100.08360,27.91826,27.44491,28.81091,36.93276,8.12185,513.96600,645.90527,-32.57333
CTD_P,20240817T072015,-0.28
O2,20240817T072030,243.21381,99.58749,28.02033,27.48202,28.84801,36.96941,8.12140,514.98578,646.05072,-35.79904
CTD_P,20240817T072031,-0.25
O2,20240817T072044,243.02409,99.47359,27.99977,27.49784,28.86384,36.98473,8.12089,515.23889,645.95117,-35.14946
CTD_P,20240817T072045,-0.28
O2,20240817T072059,243.82111,99.87643,28.04310,27.44682,28.81282,36.93264,8.11982,514.09418,646.10931,-36.51816
CTD_P,20240817T072101,-0.19
O2,20240817T072114,242.95621,99.51826,28.04090,27.48617,28.85217,36.96961,8.11744,515.03351,646.55212,-36.44863
CTD_P,20240817T072115,-0.27
O2,20240817T072129,243.01680,99.70401,28.13217,27.45090,28.81690,36.93512,8.11822,514.03711,646.73657,-39.33041
CTD_P,20240817T072131,-0.27
CTD_P,20240817T072132,-0.19
CTD_P,20240817T072157,-0.26
CTD_bins,20240817T072602,27108,1000,1998.720
CTD_CP_H,20240817T072621,4.24,28.3043,36.4321,18,-0.862789,9
CTD_CP_H,20240817T072621,5.97,28.2627,36.4323,24,-0.870311,12
CTD_CP_H,20240817T072621,8.00,28.2207,36.4315,22,-0.864033,11
CTD_CP_H,20240817T072621,10.01,28.1949,36.4315,22,-0.843903,11
CTD_CP_H,20240817T072621,12.01,28.1850,36.4315,21,-0.852694,10
CTD_CP_H,20240817T072621,13.96,28.1820,36.4313,21,-0.875248,11
CTD_CP_H,20240817T072621,16.00,28.1763,36.4315,23,-0.859573,11
CTD_CP_H,20240817T072622,18.01,28.1731,36.4315,21,-0.867121,11
CTD_CP_H,20240817T072622,20.01,28.1703,36.4314,23,-0.869923,11
CTD_CP_H,20240817T072622,22.04,28.1652,36.4314,23,-0.862214,12
CTD_CP_H,20240817T072622,24.01,28.1394,36.4366,22,-0.856996,11
CTD_CP_H,20240817T072622,25.99,28.0669,36.4626,21,-0.867165,10
CTD_CP_H,20240817T072622,27.98,28.0202,36.4758,21,-0.851643,11
CTD_CP_H,20240817T072622,30.02,28.0074,36.4765,22,-0.846676,11
CTD_CP_H,20240817T072622,32.03,27.9979,36.4766,21,-0.863344,10
CTD_CP_H,20240817T072622,34.01,27.9877,36.4755,23,-0.857475,12
CTD_CP_H,20240817T072622,36.02,27.9734,36.4750,27,-0.848369,13
CTD_CP_H,20240817T072622,37.99,27.9574,36.4742,27,-0.857365,14
CTD_CP_H,20240817T072622,39.99,27.9379,36.4744,26,-0.849465,13
CTD_CP_H,20240817T072622,41.98,27.9197,36.4750,26,-0.854823,13
CTD_CP_H,20240817T072623,44.00,27.9038,36.4739,26,-0.847816,13
CTD_CP_H,20240817T072623,46.04,27.8757,36.4709,32,-0.834424,16
CTD_CP_H,20240817T072623,48.02,27.8561,36.4715,34,-0.835267,17
CTD_CP_H,20240817T072623,50.00,27.8026,36.4720,33,-0.847931,16
CTD_CP_H,20240817T072623,52.19,27.5721,36.4717,55,-0.858288,28
CTD_CP_H,20240817T072623,54.50,27.2883,36.4724,408,-0.843084,205
CTD_CP_H,20240817T072623,55.49,27.1020,36.4698,358,-0.717287,178
CTD_CP_H,20240817T072623,57.95,25.7656,36.4720,31,-0.682096,15
CTD_CP_H,20240817T072623,60.01,25.0280,36.5078,26,-0.687902,13
CTD_CP_H,20240817T072623,61.99,24.9205,36.5192,24,-0.589349,12
CTD_CP_H,20240817T072623,64.00,24.7419,36.4912,25,-0.679796,13
CTD_CP_H,20240817T072623,66.00,24.6878,36.4818,23,-0.679917,11
CTD_CP_H,20240817T072623,67.99,24.5897,36.4703,24,-0.710631,12
CTD_CP_H,20240817T072623,70.01,24.5312,36.4629,24,-0.637694,12
CTD_CP_H,20240817T072624,72.01,24.4700,36.4652,24,-0.816752,12
CTD_CP_H,20240817T072624,74.03,24.4127,36.4612,24,-0.624429,12
CTD_CP_H,20240817T072624,76.01,24.3529,36.4551,24,-0.720249,12
CTD_CP_H,20240817T072624,78.02,24.2872,36.4463,25,-0.605711,13
CTD_CP_H,20240817T072624,80.04,24.2058,36.4344,25,-0.693233,12
CTD_CP_H,20240817T072624,82.05,24.0352,36.4091,27,-0.637397,14
CTD_CP_H,20240817T072624,84.04,23.7768,36.3623,29,-0.630104,14
CTD_CP_H,20240817T072624,86.03,23.4657,36.3144,28,-0.598502,14
CTD_CP_H,20240817T072624,88.03,23.3434,36.2928,30,-0.664447,15
CTD_CP_H,20240817T072624,90.01,23.1717,36.2671,37,-0.669189,19
CTD_CP_H,20240817T072624,91.99,22.9127,36.2277,38,-0.626013,19
CTD_CP_H,20240817T072624,94.20,22.6626,36.1927,65,-0.633658,32
CTD_CP_H,20240817T072624,95.96,22.6013,36.1841,93,-0.817430,47
CTD_CP_H,20240817T072625,97.95,22.5649,36.1843,72,-0.681586,36
CTD_CP_H,20240817T072625,99.99,22.4293,36.1778,63,-0.653992,31
CTD_CP_H,20240817T072625,102.01,22.3096,36.1621,65,-0.688400,33
CTD_CP_H,20240817T072625,104.01,22.2319,36.1559,69,-0.793788,34
CTD_CP_H,20240817T072625,105.97,22.1585,36.1566,67,-0.780281,34
CTD_CP_H,20240817T072625,107.99,21.9129,36.1287,56,-0.692125,28
CTD_CP_H,20240817T072625,109.98,21.6676,36.0906,53,-0.644046,26
CTD_CP_H,20240817T072625,112.00,21.4810,36.0549,48,-0.687320,24
CTD_CP_H,20240817T072625,114.00,21.3485,36.0441,42,-0.631719,21
CTD_CP_H,20240817T072625,116.03,21.2925,36.0691,41,-0.657922,21
CTD_CP_H,20240817T072625,118.00,21.2291,36.0619,39,-0.670906,19
CTD_CP_H,20240817T072625,119.98,21.1326,36.0557,36,-0.657241,18
CTD_CP_H,20240817T072625,121.95,21.0979,36.0779,32,-0.667165,16
CTD_CP_H,20240817T072625,123.97,21.0701,36.1341,29,-0.638071,15
CTD_CP_H,20240817T072626,125.98,21.0010,36.1711,26,-0.672821,13
CTD_CP_H,20240817T072626,127.98,20.7651,36.1577,25,-0.670505,12
CTD_CP_H,20240817T072626,129.99,20.6458,36.1420,25,-0.631375,13
CTD_CP_H,20240817T072626,132.02,20.5563,36.1303,25,-0.649392,12
CTD_CP_H,20240817T072626,134.02,20.4520,36.1140,24,-0.651062,12
CTD_CP_H,20240817T072626,136.00,20.2998,36.0889,25,-0.688746,13
CTD_CP_H,20240817T072626,138.02,20.1174,36.0621,30,-0.673150,15
CTD_CP_H,20240817T072626,140.00,19.9377,36.0336,36,-0.679610,18
CTD_CP_H,20240817T072626,142.08,19.7809,36.0092,44,-0.733880,22
CTD_CP_H,20240817T072626,144.06,19.5971,35.9762,100,-0.672921,50
CTD_CP_H,20240817T072626,145.94,19.3772,35.9406,85,-0.625815,42
CTD_CP_H,20240817T072626,147.97,19.1323,35.9049,64,-0.762489,32
CTD_CP_H,20240817T072626,149.99,18.9695,35.8881,53,-0.640107,27
CTD_CP_H,20240817T072627,151.98,18.9161,35.8869,51,-0.661030,25
CTD_CP_H,20240817T072627,154.00,18.8250,35.8717,48,-0.669617,24
CTD_CP_H,20240817T072627,156.01,18.7779,35.8619,46,-0.666109,23
CTD_CP_H,20240817T072627,158.00,18.7088,35.8568,43,-0.650443,22
CTD_CP_H,20240817T072627,159.95,18.6369,35.8656,44,-0.688880,22
CTD_CP_H,20240817T072627,161.99,18.4975,35.8487,42,-0.671642,21
CTD_CP_H,20240817T072627,163.99,18.3585,35.8405,40,-0.653956,20
CTD_CP_H,20240817T072627,165.97,18.2807,35.8442,38,-0.654286,19
CTD_CP_H,20240817T072627,168.00,18.0442,35.8176,37,-0.661157,18
CTD_CP_H,20240817T072627,169.99,17.9177,35.8017,35,-0.641434,18
CTD_CP_H,20240817T072627,171.98,17.7728,35.7912,34,-0.675243,17
CTD_CP_H,20240817T072627,174.01,17.6774,35.7871,33,-0.649447,16
CTD_CP_H,20240817T072627,175.98,17.6112,35.7840,30,-0.675613,15
CTD_CP_H,20240817T072627,177.97,17.5895,35.8108,29,-0.651879,15
CTD_CP_H,20240817T072628,179.99,17.5127,35.8285,27,-0.722023,13
CTD_CP_H,20240817T072628,182.00,17.6183,35.9135,24,-0.650887,12
CTD_CP_H,20240817T072628,184.00,17.6931,35.9853,26,-0.676492,13
CTD_CP_H,20240817T072628,186.00,17.6964,35.9890,25,-0.710315,13
CTD_CP_H,20240817T072628,187.97,17.6312,35.9845,24,-0.611634,12
CTD_CP_H,20240817T072628,190.00,17.4352,35.9754,25,-0.656789,12
CTD_CP_H,20240817T072628,192.04,17.3297,35.9723,28,-0.679401,14
CTD_CP_H,20240817T072628,194.01,17.2757,35.9903,31,-0.647334,16
CTD_CP_H,20240817T072628,196.02,17.2146,35.9833,33,-0.632118,16
CTD_CP_H,20240817T072628,198.09,17.0742,35.9659,44,-0.663156,22
CTD_CP_H,20240817T072628,199.99,16.9953,35.9811,49,-0.704111,25
CTD_CP_H,20240817T072628,201.97,17.0528,36.0365,47,-0.659751,23
CTD_CP_H,20240817T072628,204.00,17.0729,36.0712,47,-0.656584,24
CTD_CP_H,20240817T072629,206.01,17.0193,36.0797,43,-0.643290,21
CTD_CP_H,20240817T072629,207.99,16.9188,36.0699,43,-0.713806,22
CTD_CP_H,20240817T072629,210.00,16.8462,36.0618,43,-0.668617,21
CTD_CP_H,20240817T072629,211.98,16.7800,36.0593,39,-0.662736,20
CTD_CP_H,20240817T072629,213.97,16.6653,36.0517,37,-0.659041,18
CTD_CP_H,20240817T072629,215.99,16.5190,36.0383,33,-0.640744,17
CTD_CP_H,20240817T072629,217.99,16.4269,36.0303,33,-0.656407,16
CTD_CP_H,20240817T072629,219.99,16.3710,36.0275,31,-0.664900,16
CTD_CP_H,20240817T072629,221.99,16.2998,36.0278,30,-0.656744,15
CTD_CP_H,20240817T072629,223.98,16.2330,36.0222,30,-0.642604,15
CTD_CP_H,20240817T072629,226.00,16.2218,36.0325,29,-0.661212,14
CTD_CP_H,20240817T072629,227.99,16.1956,36.0408,28,-0.672044,14
CTD_CP_H,20240817T072629,230.00,16.1438,36.0356,29,-0.648426,15
CTD_CP_H,20240817T072629,232.02,16.0634,36.0255,28,-0.655995,14
CTD_CP_H,20240817T072630,233.99,15.9457,36.0126,26,-0.633840,13
CTD_CP_H,20240817T072630,235.95,15.8819,36.0038,26,-0.630982,13
CTD_CP_H,20240817T072630,237.95,15.8404,35.9987,26,-0.680080,13
CTD_CP_H,20240817T072630,239.99,15.7820,35.9920,27,-0.637420,13
CTD_CP_H,20240817T072630,242.02,15.7538,35.9889,26,-0.628487,13
CTD_CP_H,20240817T072630,243.99,15.6895,35.9829,25,-0.660224,13
CTD_CP_H,20240817T072630,245.99,15.6536,35.9776,26,-0.624474,13
CTD_CP_H,20240817T072630,248.00,15.6065,35.9721,25,-0.652132,12
CTD_CP_H,20240817T072630,249.99,15.5561,35.9650,25,-0.643876,13
CTD_CP_H,20240817T072630,252.00,15.4909,35.9586,25,-0.641459,12
CTD_CP_H,20240817T072630,254.01,15.4652,35.9548,25,-0.621730,13
CTD_CP_H,20240817T072630,256.00,15.4436,35.9563,23,-0.690627,11
CTD_CP_H,20240817T072630,258.01,15.3471,35.9651,24,-0.631117,12
CTD_CP_H,20240817T072631,260.00,15.2869,35.9581,22,-0.637842,11
CTD_CP_H,20240817T072631,261.98,15.2936,35.9645,23,-0.660450,12
CTD_CP_H,20240817T072631,263.98,15.2968,35.9747,22,-0.643285,11
CTD_CP_H,20240817T072631,266.00,15.3484,36.0003,23,-0.672494,11
CTD_CP_H,20240817T072631,268.01,15.4386,36.0349,21,-0.657884,11
CTD_CP_H,20240817T072631,269.97,15.4617,36.0496,22,-0.642328,11
CTD_CP_H,20240817T072631,271.99,15.3606,36.0290,22,-0.678446,11
CTD_CP_H,20240817T072631,274.02,15.2741,36.0117,22,-0.636158,11
CTD_CP_H,20240817T072631,276.00,15.2427,36.0102,21,-0.674655,10
CTD_CP_H,20240817T072631,277.95,15.2541,36.0177,21,-0.620064,11
CTD_CP_H,20240817T072631,279.98,15.2213,36.0142,22,-0.651425,11
CTD_CP_H,20240817T072631,282.01,15.1193,36.0003,21,-0.670896,10
CTD_CP_H,20240817T072631,284.03,15.0988,35.9985,22,-0.692319,11
CTD_CP_H,20240817T072631,286.04,15.0620,35.9956,21,-0.648754,11
CTD_CP_H,20240817T072632,288.02,15.0492,36.0042,22,-0.646488,11
CTD_CP_H,20240817T072632,290.04,15.0207,36.0020,25,-0.639849,12
CTD_CP_H,20240817T072632,291.99,15.0173,36.0031,28,-0.669964,14
CTD_CP_H,20240817T072632,293.96,15.0077,36.0034,29,-0.677509,15
CTD_CP_H,20240817T072632,295.98,14.9732,36.0017,29,-0.670653,14
CTD_CP_H,20240817T072632,297.99,14.9277,35.9983,29,-0.638856,15
CTD_CP_H,20240817T072632,300.00,14.9040,35.9940,29,-0.671670,14
CTD_CP_H,20240817T072632,302.00,14.8221,35.9824,28,-0.609775,14
CTD_CP_H,20240817T072632,303.99,14.7702,35.9752,28,-0.655847,14
CTD_CP_H,20240817T072632,305.99,14.7047,35.9682,28,-0.663104,14
CTD_CP_H,20240817T072632,307.98,14.6798,35.9651,28,-0.658940,14
CTD_CP_H,20240817T072632,309.99,14.6665,35.9638,29,-0.615811,15
CTD_CP_H,20240817T072632,312.01,14.6474,35.9627,28,-0.646719,14
CTD_CP_H,20240817T072633,313.99,14.6239,35.9601,28,-0.648392,14
CTD_CP_H,20240817T072633,315.99,14.6071,35.9578,27,-0.651311,13
CTD_CP_H,20240817T072633,317.98,14.5770,35.9542,27,-0.660915,14
CTD_CP_H,20240817T072633,320.00,14.5589,35.9533,28,-0.620735,14
CTD_CP_H,20240817T072633,322.00,14.5328,35.9527,26,-0.683348,13
CTD_CP_H,20240817T072633,323.98,14.4939,35.9471,27,-0.645985,13
CTD_CP_H,20240817T072633,325.98,14.4787,35.9456,26,-0.641451,13
CTD_CP_H,20240817T072633,328.00,14.4357,35.9375,27,-0.657387,14
CTD_CP_H,20240817T072633,330.03,14.3863,35.9282,26,-0.660894,13
CTD_CP_H,20240817T072633,332.04,14.3740,35.9271,26,-0.633266,13
CTD_CP_H,20240817T072633,334.01,14.3491,35.9241,25,-0.616037,12
CTD_CP_H,20240817T072633,336.00,14.3110,35.9176,26,-0.636448,13
CTD_CP_H,20240817T072633,337.99,14.2804,35.9116,25,-0.632913,13
CTD_CP_H,20240817T072633,340.00,14.2401,35.9064,26,-0.609270,13
CTD_CP_H,20240817T072634,342.02,14.1973,35.9024,25,-0.646103,12
CTD_CP_H,20240817T072634,344.00,14.1707,35.8992,25,-0.632581,13
CTD_CP_H,20240817T072634,346.01,14.1440,35.8965,25,-0.617367,12
CTD_CP_H,20240817T072634,348.02,14.1332,35.8995,25,-0.671690,13
CTD_CP_H,20240817T072634,350.01,14.1032,35.8986,24,-0.611699,12
CTD_CP_H,20240817T072634,352.00,14.0878,35.9005,25,-0.647192,12
CTD_CP_H,20240817T072634,354.04,14.0839,35.9006,25,-0.589064,13
CTD_CP_H,20240817T072634,356.03,14.0644,35.8987,24,-0.647848,12
CTD_CP_H,20240817T072634,358.02,14.0389,35.8965,25,-0.647299,12
CTD_CP_H,20240817T072634,360.04,14.0150,35.8955,25,-0.647257,13
CTD_CP_H,20240817T072634,362.03,14.0094,35.8970,24,-0.651444,12
CTD_CP_H,20240817T072634,364.03,13.9832,35.8941,25,-0.640470,12
CTD_CP_H,20240817T072634,366.02,13.9541,35.8924,24,-0.638459,12
CTD_CP_H,20240817T072635,368.01,13.9361,35.8919,25,-0.627749,13
CTD_CP_H,20240817T072635,370.01,13.9236,35.8903,25,-0.621637,12
CTD_CP_H,20240817T072635,371.98,13.8862,35.8863,24,-0.657407,12
CTD_CP_H,20240817T072635,373.97,13.8481,35.8818,25,-0.647799,13
CTD_CP_H,20240817T072635,375.98,13.8227,35.8785,25,-0.664772,12
CTD_CP_H,20240817T072635,378.02,13.7677,35.8729,25,-0.645190,13
CTD_CP_H,20240817T072635,380.02,13.7455,35.8698,24,-0.682287,12
CTD_CP_H,20240817T072635,381.97,13.7300,35.8668,24,-0.629912,12
CTD_CP_H,20240817T072635,383.99,13.6908,35.8604,26,-0.642838,13
CTD_CP_H,20240817T072635,386.00,13.6782,35.8574,24,-0.648215,12
CTD_CP_H,20240817T072635,387.99,13.6261,35.8502,25,-0.671858,12
CTD_CP_H,20240817T072635,390.03,13.6120,35.8471,27,-0.663761,14
CTD_CP_H,20240817T072635,392.01,13.6077,35.8459,32,-0.658416,16
CTD_CP_H,20240817T072635,393.97,13.5824,35.8424,33,-0.656688,16
CTD_CP_H,20240817T072636,395.98,13.5618,35.8404,33,-0.645562,17
CTD_CP_H,20240817T072636,397.99,13.5484,35.8384,32,-0.647433,16
CTD_CP_H,20240817T072636,400.00,13.5262,35.8357,32,-0.648646,16
CTD_CP_H,20240817T072636,402.01,13.5044,35.8336,31,-0.673576,15
CTD_CP_H,20240817T072636,404.00,13.4947,35.8333,31,-0.634931,16
CTD_CP_H,20240817T072636,405.98,13.4968,35.8359,30,-0.660079,15
CTD_CP_H,20240817T072636,407.97,13.4929,35.8371,31,-0.643430,15
CTD_CP_H,20240817T072636,410.00,13.4706,35.8350,31,-0.632184,16
CTD_CP_H,20240817T072636,411.98,13.4511,35.8333,30,-0.645902,15
CTD_CP_H,20240817T072636,413.97,13.4538,35.8387,31,-0.619374,15
CTD_CP_H,20240817T072636,416.00,13.4227,35.8383,30,-0.612457,15
CTD_CP_H,20240817T072636,418.01,13.4013,35.8337,30,-0.660172,15
CTD_CP_H,20240817T072636,420.02,13.3752,35.8323,29,-0.622916,15
CTD_CP_H,20240817T072637,422.02,13.3650,35.8347,28,-0.626014,14
CTD_CP_H,20240817T072637,423.99,13.3521,35.8345,28,-0.596004,14
CTD_CP_H,20240817T072637,425.98,13.3425,35.8334,27,-0.646401,13
CTD_CP_H,20240817T072637,427.97,13.2948,35.8276,27,-0.628201,14
CTD_CP_H,20240817T072637,429.97,13.2812,35.8263,27,-0.645673,13
CTD_CP_H,20240817T072637,432.00,13.2669,35.8253,27,-0.652286,14
CTD_CP_H,20240817T072637,434.02,13.2547,35.8240,26,-0.627911,13
CTD_CP_H,20240817T072637,436.01,13.2571,35.8283,26,-0.596991,13
CTD_CP_H,20240817T072637,437.98,13.2436,35.8279,25,-0.657811,12
CTD_CP_H,20240817T072637,440.00,13.2310,35.8256,27,-0.621316,14
CTD_CP_H,20240817T072637,442.04,13.2281,35.8255,26,-0.642857,13
CTD_CP_H,20240817T072637,444.06,13.2280,35.8258,26,-0.603767,13
CTD_CP_H,20240817T072637,446.03,13.2272,35.8290,24,-0.640359,12
CTD_CP_H,20240817T072638,448.01,13.2095,35.8268,26,-0.569871,13
CTD_CP_H,20240817T072638,450.02,13.1978,35.8254,25,-0.613969,12
CTD_CP_H,20240817T072638,452.01,13.1786,35.8242,25,-0.629544,13
CTD_CP_H,20240817T072638,453.99,13.1564,35.8248,24,-0.651474,12
CTD_CP_H,20240817T072638,455.98,13.1165,35.8193,25,-0.649100,12
CTD_CP_H,20240817T072638,458.02,13.0885,35.8148,25,-0.653530,13
CTD_CP_H,20240817T072638,460.00,13.0677,35.8114,24,-0.654338,12
CTD_CP_H,20240817T072638,461.99,13.0367,35.8050,25,-0.603354,12
CTD_CP_H,20240817T072638,464.00,13.0032,35.7998,24,-0.641318,12
CTD_CP_H,20240817T072638,466.00,12.9824,35.7984,25,-0.609978,13
CTD_CP_H,20240817T072638,468.00,12.9793,35.7993,24,-0.628792,12
CTD_CP_H,20240817T072638,469.97,12.9763,35.8010,24,-0.604225,12
CTD_CP_H,20240817T072638,471.99,12.9621,35.8028,25,-0.613835,12
CTD_CP_H,20240817T072638,474.01,12.9343,35.8003,24,-0.632779,12
CTD_CP_H,20240817T072639,476.00,12.9152,35.7981,24,-0.637563,12
CTD_CP_H,20240817T072639,478.02,12.8879,35.7948,25,-0.595938,13
CTD_CP_H,20240817T072639,480.01,12.8608,35.7905,23,-0.586191,11
CTD_CP_H,20240817T072639,481.97,12.8358,35.7870,24,-0.618046,12
CTD_CP_H,20240817T072639,484.01,12.8206,35.7850,25,-0.648358,13
CTD_CP_H,20240817T072639,486.04,12.8195,35.7855,24,-0.635581,12
CTD_CP_H,20240817T072639,488.04,12.8244,35.7876,24,-0.628457,12
CTD_CP_H,20240817T072639,490.03,12.8137,35.7860,24,-0.625441,12
CTD_CP_H,20240817T072639,492.03,12.7907,35.7830,24,-0.612481,12
CTD_CP_H,20240817T072639,494.01,12.7704,35.7796,24,-0.613403,12
CTD_CP_H,20240817T072639,495.99,12.7418,35.7744,24,-0.653937,12
CTD_CP_H,20240817T072639,497.97,12.6933,35.7667,24,-0.617860,12
CTD_CP_H,20240817T072639,499.95,12.6410,35.7580,24,-0.575596,12
CTD_CP_H,20240817T072640,501.98,12.6461,35.7604,25,-0.648061,12
CTD_CP_H,20240817T072640,504.01,12.6391,35.7601,24,-0.633365,12
CTD_CP_H,20240817T072640,506.00,12.6191,35.7572,24,-0.578407,12
CTD_CP_H,20240817T072640,507.99,12.6048,35.7566,24,-0.617490,12
CTD_CP_H,20240817T072640,509.98,12.5971,35.7561,24,-0.614094,12
CTD_CP_H,20240817T072640,511.96,12.5899,35.7558,24,-0.660098,12
CTD_CP_H,20240817T072640,513.96,12.5781,35.7550,24,-0.619539,12
CTD_CP_H,20240817T072640,516.01,12.5514,35.7521,25,-0.592463,13
CTD_CP_H,20240817T072640,518.04,12.5348,35.7504,24,-0.571970,12
CTD_CP_H,20240817T072640,520.03,12.5223,35.7492,23,-0.644082,11
CTD_CP_H,20240817T072640,521.99,12.5149,35.7484,23,-0.647679,12
CTD_CP_H,20240817T072640,523.97,12.4783,35.7434,23,-0.638219,11
CTD_CP_H,20240817T072640,525.99,12.4417,35.7396,24,-0.602101,12
CTD_CP_H,20240817T072640,528.01,12.4432,35.7399,23,-0.590284,12
CTD_CP_H,20240817T072641,529.99,12.4429,35.7401,23,-0.595857,11
CTD_CP_H,20240817T072641,531.99,12.4301,35.7390,23,-0.645200,12
CTD_CP_H,20240817T072641,533.99,12.4065,35.7360,23,-0.584462,11
CTD_CP_H,20240817T072641,536.01,12.3853,35.7332,24,-0.618583,12
CTD_CP_H,20240817T072641,538.04,12.3859,35.7335,26,-0.603617,13
CTD_CP_H,20240817T072641,540.02,12.3627,35.7306,31,-0.629697,16
CTD_CP_H,20240817T072641,542.03,12.3289,35.7252,32,-0.581286,16
CTD_CP_H,20240817T072641,544.00,12.2966,35.7189,30,-0.575969,15
CTD_CP_H,20240817T072641,545.97,12.2469,35.7101,31,-0.580621,15
CTD_CP_H,20240817T072641,547.98,12.2195,35.7048,31,-0.606403,16
CTD_CP_H,20240817T072641,550.00,12.2037,35.7021,31,-0.574329,15
CTD_CP_H,20240817T072641,552.01,12.1976,35.7015,30,-0.616810,15
CTD_CP_H,20240817T072641,553.99,12.1837,35.7001,29,-0.611699,15
CTD_CP_H,20240817T072642,555.97,12.1831,35.7004,30,-0.603684,15
CTD_CP_H,20240817T072642,558.01,12.1904,35.7048,30,-0.619068,15
CTD_CP_H,20240817T072642,560.04,12.1987,35.7097,29,-0.625106,14
CTD_CP_H,20240817T072642,562.01,12.1979,35.7097,28,-0.623763,14
CTD_CP_H,20240817T072642,563.98,12.1830,35.7084,29,-0.608754,15
CTD_CP_H,20240817T072642,565.99,12.1722,35.7082,29,-0.588476,14
CTD_CP_H,20240817T072642,568.02,12.1378,35.7043,29,-0.586227,15
CTD_CP_H,20240817T072642,570.03,12.1154,35.7011,28,-0.591779,14
CTD_CP_H,20240817T072642,572.00,12.0759,35.6962,28,-0.629935,14
CTD_CP_H,20240817T072642,573.99,12.0393,35.6914,28,-0.589082,14
CTD_CP_H,20240817T072642,576.01,12.0133,35.6889,28,-0.642391,14
CTD_CP_H,20240817T072642,578.01,12.0063,35.6878,27,-0.607816,13
CTD_CP_H,20240817T072642,580.00,11.9974,35.6861,28,-0.656880,14
CTD_CP_H,20240817T072642,582.00,11.9595,35.6804,27,-0.614240,14
CTD_CP_H,20240817T072643,583.99,11.9251,35.6749,27,-0.612903,13
CTD_CP_H,20240817T072643,585.97,11.8924,35.6707,27,-0.619024,14
CTD_CP_H,20240817T072643,587.98,11.8832,35.6698,27,-0.592587,13
CTD_CP_H,20240817T072643,590.00,11.8752,35.6699,27,-0.592653,14
CTD_CP_H,20240817T072643,591.97,11.8574,35.6693,26,-0.569434,13
CTD_CP_H,20240817T072643,593.96,11.8541,35.6699,27,-0.601896,13
CTD_CP_H,20240817T072643,595.97,11.8894,35.6838,26,-0.602948,13
CTD_CP_H,20240817T072643,597.99,11.8651,35.6809,27,-0.591602,14
CTD_CP_H,20240817T072643,600.03,11.8446,35.6767,26,-0.594303,13
CTD_CP_H,20240817T072643,601.99,11.7999,35.6711,25,-0.583317,12
CTD_CP_H,20240817T072643,603.95,11.7646,35.6661,25,-0.589396,13
CTD_CP_H,20240817T072643,605.97,11.7640,35.6666,26,-0.610341,13
CTD_CP_H,20240817T072643,608.00,11.7382,35.6640,25,-0.611693,12
CTD_CP_H,20240817T072644,610.02,11.6553,35.6526,25,-0.601375,13
CTD_CP_H,20240817T072644,612.00,11.6553,35.6520,24,-0.571037,12
CTD_CP_H,20240817T072644,613.97,11.6625,35.6548,25,-0.578894,12
CTD_CP_H,20240817T072644,615.97,11.6423,35.6534,25,-0.596829,13
CTD_CP_H,20240817T072644,617.99,11.6080,35.6484,25,-0.548394,12
CTD_CP_H,20240817T072644,619.99,11.6095,35.6505,25,-0.573006,13
CTD_CP_H,20240817T072644,622.01,11.6209,35.6563,25,-0.625477,12
CTD_CP_H,20240817T072644,624.03,11.6277,35.6620,24,-0.548165,12
CTD_CP_H,20240817T072644,626.02,11.6120,35.6612,24,-0.618501,12
CTD_CP_H,20240817T072644,628.03,11.5748,35.6562,24,-0.584135,12
CTD_CP_H,20240817T072644,630.02,11.5591,35.6562,24,-0.606439,12
CTD_CP_H,20240817T072644,632.00,11.5381,35.6543,24,-0.610038,12
CTD_CP_H,20240817T072644,634.00,11.5340,35.6536,25,-0.620089,13
CTD_CP_H,20240817T072644,636.04,11.5274,35.6523,24,-0.616711,12
CTD_CP_H,20240817T072645,638.01,11.4903,35.6492,23,-0.579208,11
CTD_CP_H,20240817T072645,639.99,11.4571,35.6459,24,-0.613682,12
CTD_CP_H,20240817T072645,642.00,11.4440,35.6445,24,-0.584806,12
CTD_CP_H,20240817T072645,644.02,11.4397,35.6445,24,-0.591162,12
CTD_CP_H,20240817T072645,646.04,11.4362,35.6445,24,-0.622225,12
CTD_CP_H,20240817T072645,648.02,11.4296,35.6444,23,-0.627909,12
CTD_CP_H,20240817T072645,649.99,11.4248,35.6455,24,-0.604364,12
CTD_CP_H,20240817T072645,652.00,11.4180,35.6454,24,-0.584026,12
CTD_CP_H,20240817T072645,654.01,11.4143,35.6455,24,-0.579769,12
CTD_CP_H,20240817T072645,656.03,11.3840,35.6432,24,-0.576166,12
CTD_CP_H,20240817T072645,658.02,11.3455,35.6397,24,-0.582394,12
CTD_CP_H,20240817T072645,660.04,11.3270,35.6381,27,-0.573740,13
CTD_CP_H,20240817T072645,662.02,11.3004,35.6352,32,-0.595581,16
CTD_CP_H,20240817T072646,663.98,11.2618,35.6312,33,-0.588303,17
CTD_CP_H,20240817T072646,665.99,11.2331,35.6272,33,-0.583886,16
CTD_CP_H,20240817T072646,667.99,11.2101,35.6243,32,-0.564309,16
CTD_CP_H,20240817T072646,670.01,11.1768,35.6205,33,-0.595352,17
CTD_CP_H,20240817T072646,672.02,11.1654,35.6190,31,-0.571132,15
CTD_CP_H,20240817T072646,674.01,11.1513,35.6172,32,-0.561556,16
CTD_CP_H,20240817T072646,676.03,11.1390,35.6158,31,-0.612429,16
CTD_CP_H,20240817T072646,678.02,11.1232,35.6135,31,-0.611836,15
CTD_CP_H,20240817T072646,680.02,11.0972,35.6091,30,-0.601901,15
CTD_CP_H,20240817T072646,682.01,11.0642,35.6044,30,-0.631877,15
CTD_CP_H,20240817T072646,683.98,11.0472,35.6013,29,-0.587288,15
CTD_CP_H,20240817T072646,685.98,11.0367,35.5992,30,-0.609758,15
CTD_CP_H,20240817T072646,688.01,11.0221,35.5965,29,-0.574717,14
CTD_CP_H,20240817T072646,690.01,10.9899,35.5925,28,-0.570628,14
CTD_CP_H,20240817T072647,691.99,10.9684,35.5893,28,-0.616289,14
CTD_CP_H,20240817T072647,693.99,10.9480,35.5864,28,-0.590912,14
CTD_CP_H,20240817T072647,695.99,10.9250,35.5820,28,-0.589486,14
CTD_CP_H,20240817T072647,697.99,10.8971,35.5772,28,-0.610140,14
CTD_CP_H,20240817T072647,699.99,10.8798,35.5751,27,-0.600371,14
CTD_CP_H,20240817T072647,701.99,10.8580,35.5714,28,-0.586483,14
CTD_CP_H,20240817T072647,704.02,10.8499,35.5708,27,-0.596264,13
CTD_CP_H,20240817T072647,706.01,10.8431,35.5702,27,-0.571330,14
CTD_CP_H,20240817T072647,708.00,10.8328,35.5690,27,-0.612068,13
CTD_CP_H,20240817T072647,710.02,10.8248,35.5689,27,-0.599566,14
CTD_CP_H,20240817T072647,712.00,10.8226,35.5688,26,-0.571321,13
CTD_CP_H,20240817T072647,714.00,10.8121,35.5673,27,-0.598340,13
CTD_CP_H,20240817T072647,716.02,10.7909,35.5652,26,-0.586479,13
CTD_CP_H,20240817T072648,717.97,10.7752,35.5636,25,-0.563420,13
CTD_CP_H,20240817T072648,719.96,10.7589,35.5624,26,-0.613356,13
CTD_CP_H,20240817T072648,721.99,10.7440,35.5607,26,-0.569580,13
CTD_CP_H,20240817T072648,724.02,10.7288,35.5592,26,-0.581080,13
CTD_CP_H,20240817T072648,726.03,10.7186,35.5582,25,-0.579960,12
CTD_CP_H,20240817T072648,728.03,10.6966,35.5564,25,-0.601270,13
CTD_CP_H,20240817T072648,730.01,10.6720,35.5538,25,-0.550533,12
CTD_CP_H,20240817T072648,732.01,10.6553,35.5521,25,-0.551757,13
CTD_CP_H,20240817T072648,734.02,10.6457,35.5504,25,-0.565536,12
CTD_CP_H,20240817T072648,736.00,10.6175,35.5468,24,-0.577987,12
CTD_CP_H,20240817T072648,737.98,10.6049,35.5463,24,-0.554671,12
CTD_CP_H,20240817T072648,739.98,10.5905,35.5453,24,-0.607604,12
CTD_CP_H,20240817T072648,741.97,10.5731,35.5425,24,-0.576102,12
CTD_CP_H,20240817T072648,744.00,10.5465,35.5395,24,-0.575755,12
CTD_CP_H,20240817T072649,745.99,10.5196,35.5365,23,-0.541966,12
CTD_CP_H,20240817T072649,747.99,10.5151,35.5357,24,-0.591135,12
CTD_CP_H,20240817T072649,750.00,10.5074,35.5358,23,-0.557809,11
CTD_CP_H,20240817T072649,752.01,10.4951,35.5336,24,-0.592568,12
CTD_CP_H,20240817T072649,754.02,10.4884,35.5340,23,-0.583437,12
CTD_CP_H,20240817T072649,756.01,10.4636,35.5315,23,-0.557931,11
CTD_CP_H,20240817T072649,757.99,10.4444,35.5287,23,-0.600538,12
CTD_CP_H,20240817T072649,759.99,10.4492,35.5322,23,-0.565790,11
CTD_CP_H,20240817T072649,761.98,10.4454,35.5337,23,-0.582730,12
CTD_CP_H,20240817T072649,763.99,10.4422,35.5339,23,-0.562706,11
CTD_CP_H,20240817T072649,766.00,10.4384,35.5339,23,-0.609547,12
CTD_CP_H,20240817T072649,768.02,10.4354,35.5328,23,-0.585027,11
CTD_CP_H,20240817T072649,770.03,10.4132,35.5310,23,-0.571464,12
CTD_CP_H,20240817T072650,772.04,10.4071,35.5309,23,-0.550926,11
CTD_CP_H,20240817T072650,774.02,10.3921,35.5285,22,-0.624360,11
CTD_CP_H,20240817T072650,776.01,10.3690,35.5261,23,-0.565737,12
CTD_CP_H,20240817T072650,778.00,10.3576,35.5252,22,-0.622243,11
CTD_CP_H,20240817T072650,779.97,10.3481,35.5237,23,-0.608912,11
CTD_CP_H,20240817T072650,781.98,10.3351,35.5220,23,-0.549165,12
CTD_CP_H,20240817T072650,784.01,10.3050,35.5187,23,-0.585569,11
CTD_CP_H,20240817T072650,786.01,10.2811,35.5165,22,-0.556186,11
CTD_CP_H,20240817T072650,787.99,10.2566,35.5144,22,-0.591863,11
CTD_CP_H,20240817T072650,789.99,10.2479,35.5143,23,-0.549724,12
CTD_CP_H,20240817T072650,792.02,10.2444,35.5141,22,-0.556581,11
CTD_CP_H,20240817T072650,794.01,10.2378,35.5146,22,-0.581678,11
CTD_CP_H,20240817T072650,796.00,10.2349,35.5152,22,-0.604195,11
CTD_CP_H,20240817T072650,798.01,10.2255,35.5164,22,-0.594194,11
CTD_CP_H,20240817T072651,800.02,10.2035,35.5142,22,-0.517496,11
CTD_CP_H,20240817T072651,802.01,10.1751,35.5107,21,-0.615469,10
CTD_CP_H,20240817T072651,803.97,10.1358,35.5059,21,-0.558520,11
CTD_CP_H,20240817T072651,805.96,10.0944,35.5001,22,-0.563911,11
CTD_CP_H,20240817T072651,807.99,10.0641,35.4955,22,-0.554171,11
CTD_CP_H,20240817T072651,809.97,10.0352,35.4913,21,-0.567234,10
CTD_CP_H,20240817T072651,811.98,10.0143,35.4893,22,-0.591825,11
CTD_CP_H,20240817T072651,813.99,10.0014,35.4872,21,-0.624698,11
CTD_CP_H,20240817T072651,816.01,9.9816,35.4848,22,-0.589133,11
CTD_CP_H,20240817T072651,818.03,9.9718,35.4830,21,-0.571025,10
CTD_CP_H,20240817T072651,820.00,9.9493,35.4808,21,-0.546157,11
CTD_CP_H,20240817T072651,821.95,9.9285,35.4775,21,-0.582916,10
CTD_CP_H,20240817T072651,823.96,9.9230,35.4767,22,-0.558591,11
CTD_CP_H,20240817T072652,826.01,9.9356,35.4809,22,-0.536975,11
CTD_CP_H,20240817T072652,828.01,9.9179,35.4796,21,-0.546427,11
CTD_CP_H,20240817T072652,830.00,9.8832,35.4754,22,-0.571612,11
CTD_CP_H,20240817T072652,832.03,9.8572,35.4709,22,-0.597006,11
CTD_CP_H,20240817T072652,834.05,9.8358,35.4678,21,-0.601633,10
CTD_CP_H,20240817T072652,835.99,9.8209,35.4653,21,-0.602348,11
CTD_CP_H,20240817T072652,837.97,9.8134,35.4636,22,-0.542562,11
CTD_CP_H,20240817T072652,840.00,9.8016,35.4627,22,-0.547854,11
CTD_CP_H,20240817T072652,842.03,9.7885,35.4606,22,-0.562971,11
CTD_CP_H,20240817T072652,844.00,9.7720,35.4593,21,-0.576060,10
CTD_CP_H,20240817T072652,845.99,9.7604,35.4600,22,-0.559920,11
CTD_CP_H,20240817T072652,848.02,9.7951,35.4717,22,-0.523673,11
CTD_CP_H,20240817T072652,849.99,9.7917,35.4731,21,-0.559567,11
CTD_CP_H,20240817T072652,851.99,9.7745,35.4711,22,-0.607581,11
CTD_CP_H,20240817T072653,854.02,9.7504,35.4680,22,-0.539458,11
CTD_CP_H,20240817T072653,855.99,9.7379,35.4658,21,-0.575628,10
CTD_CP_H,20240817T072653,857.96,9.7019,35.4601,22,-0.595164,11
CTD_CP_H,20240817T072653,859.99,9.6761,35.4570,22,-0.524463,11
CTD_CP_H,20240817T072653,861.98,9.6501,35.4521,21,-0.613652,11
CTD_CP_H,20240817T072653,863.97,9.6047,35.4444,22,-0.560701,11
CTD_CP_H,20240817T072653,866.00,9.5832,35.4419,22,-0.563987,11
CTD_CP_H,20240817T072653,868.04,9.5679,35.4408,22,-0.620890,11
CTD_CP_H,20240817T072653,870.05,9.5518,35.4397,21,-0.481818,10
CTD_CP_H,20240817T072653,872.01,9.5357,35.4385,21,-0.576518,11
CTD_CP_H,20240817T072653,874.03,9.5093,35.4366,22,-0.563389,11
CTD_CP_H,20240817T072653,876.03,9.4917,35.4347,21,-0.613676,10
CTD_CP_H,20240817T072653,878.00,9.4763,35.4340,21,-0.526955,11
CTD_CP_H,20240817T072654,880.01,9.4687,35.4334,22,-0.587387,11
CTD_CP_H,20240817T072654,882.01,9.4508,35.4319,21,-0.538577,10
CTD_CP_H,20240817T072654,883.98,9.4175,35.4291,21,-0.567093,11
CTD_CP_H,20240817T072654,885.97,9.4074,35.4279,21,-0.621310,10
CTD_CP_H,20240817T072654,887.96,9.3995,35.4275,21,-0.525729,11
CTD_CP_H,20240817T072654,889.99,9.3918,35.4272,22,-0.517249,11
CTD_CP_H,20240817T072654,891.99,9.3758,35.4256,21,-0.584614,10
CTD_CP_H,20240817T072654,894.00,9.3684,35.4243,23,-0.567673,12
CTD_CP_H,20240817T072654,896.03,9.3492,35.4229,25,-0.579067,12
CTD_CP_H,20240817T072654,898.01,9.3328,35.4222,28,-0.573139,14
CTD_CP_H,20240817T072654,900.02,9.3181,35.4208,27,-0.562118,14
CTD_CP_H,20240817T072654,901.99,9.3118,35.4205,27,-0.561622,13
CTD_CP_H,20240817T072654,903.99,9.3043,35.4198,28,-0.562662,14
CTD_CP_H,20240817T072654,905.99,9.2911,35.4180,27,-0.535463,14
CTD_CP_H,20240817T072655,907.97,9.2808,35.4178,27,-0.579388,13
CTD_CP_H,20240817T072655,909.96,9.2607,35.4165,27,-0.525220,14
CTD_CP_H,20240817T072655,912.00,9.2493,35.4163,28,-0.568156,14
CTD_CP_H,20240817T072655,914.01,9.2445,35.4156,26,-0.539259,13
CTD_CP_H,20240817T072655,915.99,9.2228,35.4139,27,-0.548992,13
CTD_CP_H,20240817T072655,918.00,9.2039,35.4117,27,-0.559950,14
CTD_CP_H,20240817T072655,919.99,9.1949,35.4101,27,-0.547973,13
CTD_CP_H,20240817T072655,922.00,9.1655,35.4067,27,-0.556617,14
CTD_CP_H,20240817T072655,924.03,9.1424,35.4051,27,-0.548894,13
CTD_CP_H,20240817T072655,926.03,9.1218,35.4037,26,-0.574339,13
CTD_CP_H,20240817T072655,928.00,9.1063,35.4021,26,-0.599573,13
CTD_CP_H,20240817T072655,930.02,9.0840,35.3996,27,-0.505172,14
CTD_CP_H,20240817T072655,932.04,9.0653,35.3975,26,-0.538998,13
CTD_CP_H,20240817T072656,933.99,9.0493,35.3957,25,-0.551171,12
CTD_CP_H,20240817T072656,935.98,9.0389,35.3946,27,-0.551462,14
CTD_CP_H,20240817T072656,938.02,9.0313,35.3941,26,-0.599727,13
CTD_CP_H,20240817T072656,940.03,9.0154,35.3920,26,-0.565900,13
CTD_CP_H,20240817T072656,942.01,8.9951,35.3900,25,-0.547199,12
CTD_CP_H,20240817T072656,944.01,8.9828,35.3877,26,-0.579208,13
CTD_CP_H,20240817T072656,946.01,8.9592,35.3852,25,-0.552182,13
CTD_CP_H,20240817T072656,948.00,8.9397,35.3833,26,-0.584840,13
CTD_CP_H,20240817T072656,950.04,8.9257,35.3822,26,-0.588089,13
CTD_CP_H,20240817T072656,952.01,8.9144,35.3812,25,-0.529044,12
CTD_CP_H,20240817T072656,953.97,8.9074,35.3803,25,-0.521355,13
CTD_CP_H,20240817T072656,955.99,8.8916,35.3786,26,-0.566389,13
CTD_CP_H,20240817T072656,958.02,8.8669,35.3757,25,-0.566675,12
CTD_CP_H,20240817T072657,960.00,8.8468,35.3729,24,-0.569329,12
CTD_CP_H,20240817T072657,961.96,8.8271,35.3707,24,-0.598352,12
CTD_CP_H,20240817T072657,963.98,8.8167,35.3700,25,-0.531856,13
CTD_CP_H,20240817T072657,965.99,8.8014,35.3682,24,-0.537597,12
CTD_CP_H,20240817T072657,967.99,8.7849,35.3659,24,-0.573746,12
CTD_CP_H,20240817T072657,969.99,8.7794,35.3652,24,-0.551865,12
CTD_CP_H,20240817T072657,972.01,8.7480,35.3624,26,-0.550943,13
CTD_CP_H,20240817T072657,974.01,8.7357,35.3612,31,-0.573628,15
CTD_CP_H,20240817T072657,976.00,8.7239,35.3597,32,-0.539217,16
CTD_CP_H,20240817T072657,977.98,8.7150,35.3589,31,-0.577619,16
CTD_CP_H,20240817T072657,979.96,8.7106,35.3583,32,-0.545597,16
CTD_CP_H,20240817T072657,982.00,8.6996,35.3566,32,-0.538110,16
CTD_CP_H,20240817T072657,984.04,8.6841,35.3548,31,-0.555890,15
CTD_CP_H,20240817T072657,986.02,8.6799,35.3554,30,-0.558445,15
CTD_CP_H,20240817T072658,988.00,8.6705,35.3541,30,-0.568489,15
CTD_CP_H,20240817T072658,989.98,8.6499,35.3520,30,-0.545560,15
CTD_CP_H,20240817T072658,991.98,8.6348,35.3495,30,-0.582046,15
CTD_CP_H,20240817T072658,993.99,8.6134,35.3478,29,-0.553864,15
CTD_CP_H,20240817T072658,996.00,8.6013,35.3463,29,-0.538106,14
CTD_CP_H,20240817T072658,997.99,8.5950,35.3468,28,-0.567896,14
CTD_CP_H,20240817T072658,999.98,8.5853,35.3455,29,-0.555046,15
CTD_CP_H,20240817T072658,1001.98,8.5759,35.3445,28,-0.532723,14
CTD_CP_H,20240817T072658,1004.00,8.5664,35.3447,29,-0.547904,14
CTD_CP_H,20240817T072658,1006.01,8.5554,35.3437,28,-0.564561,14
CTD_CP_H,20240817T072658,1008.00,8.5397,35.3423,28,-0.537390,14
CTD_CP_H,20240817T072658,1009.99,8.5299,35.3418,27,-0.566851,14
CTD_CP_H,20240817T072658,1012.00,8.5166,35.3398,28,-0.569520,14
CTD_CP_H,20240817T072659,1014.01,8.5097,35.3388,27,-0.510416,13
CTD_CP_H,20240817T072659,1015.99,8.4991,35.3383,27,-0.579945,14
CTD_CP_H,20240817T072659,1018.00,8.4871,35.3371,27,-0.535656,13
CTD_CP_H,20240817T072659,1019.99,8.4725,35.3356,26,-0.566743,13
CTD_CP_H,20240817T072659,1021.99,8.4597,35.3334,27,-0.562277,14
CTD_CP_H,20240817T072659,1024.01,8.4320,35.3301,26,-0.588109,13
CTD_CP_H,20240817T072659,1026.00,8.4095,35.3274,26,-0.543321,13
CTD_CP_H,20240817T072659,1028.01,8.4080,35.3284,26,-0.577377,13
CTD_CP_H,20240817T072659,1030.01,8.4038,35.3285,25,-0.550107,12
CTD_CP_H,20240817T072659,1032.01,8.4000,35.3278,26,-0.563280,13
CTD_CP_H,20240817T072659,1034.02,8.3845,35.3262,25,-0.584421,13
CTD_CP_H,20240817T072659,1035.99,8.3619,35.3238,25,-0.547917,12
CTD_CP_H,20240817T072659,1037.98,8.3493,35.3223,25,-0.531617,13
CTD_CP_H,20240817T072659,1040.00,8.3333,35.3210,26,-0.564695,13
CTD_CP_H,20240817T072700,1042.05,8.3205,35.3192,25,-0.568641,12
CTD_CP_H,20240817T072700,1044.02,8.3019,35.3174,24,-0.555656,12
CTD_CP_H,20240817T072700,1046.01,8.2886,35.3163,25,-0.538574,13
CTD_CP_H,20240817T072700,1048.00,8.2774,35.3143,24,-0.571750,12
CTD_CP_H,20240817T072700,1050.01,8.2650,35.3125,25,-0.547376,12
CTD_CP_H,20240817T072700,1052.02,8.2324,35.3091,24,-0.548539,12
CTD_CP_H,20240817T072700,1054.01,8.2210,35.3077,24,-0.558844,12
CTD_CP_H,20240817T072700,1056.00,8.2012,35.3057,24,-0.560647,12
CTD_CP_H,20240817T072700,1057.98,8.1985,35.3058,24,-0.536815,12
CTD_CP_H,20240817T072700,1059.98,8.1852,35.3041,24,-0.558128,12
CTD_CP_H,20240817T072700,1061.99,8.1644,35.3017,24,-0.543585,12
CTD_CP_H,20240817T072700,1064.00,8.1596,35.3025,24,-0.556085,12
CTD_CP_H,20240817T072700,1066.01,8.1526,35.3024,24,-0.573033,12
CTD_CP_H,20240817T072701,1068.00,8.1484,35.3019,24,-0.544865,12
CTD_CP_H,20240817T072701,1069.99,8.1387,35.3009,24,-0.575409,12
CTD_CP_H,20240817T072701,1072.01,8.1263,35.2998,24,-0.554045,12
CTD_CP_H,20240817T072701,1074.01,8.1128,35.2984,24,-0.522977,12
CTD_CP_H,20240817T072701,1076.02,8.0968,35.2965,24,-0.599705,12
CTD_CP_H,20240817T072701,1078.01,8.0817,35.2954,23,-0.551523,12
CTD_CP_H,20240817T072701,1079.99,8.0685,35.2938,24,-0.565406,12
CTD_CP_H,20240817T072701,1081.99,8.0498,35.2922,24,-0.559148,12
CTD_CP_H,20240817T072701,1084.01,8.0304,35.2904,24,-0.560446,12
CTD_CP_H,20240817T072701,1085.99,8.0205,35.2889,23,-0.557293,11
CTD_CP_H,20240817T072701,1087.97,8.0080,35.2877,24,-0.591755,12
CTD_CP_H,20240817T072701,1090.00,7.9956,35.2865,24,-0.524600,12
CTD_CP_H,20240817T072701,1092.03,7.9822,35.2851,24,-0.532785,12
CTD_CP_H,20240817T072701,1094.03,7.9677,35.2839,23,-0.551891,12
CTD_CP_H,20240817T072702,1095.99,7.9545,35.2820,23,-0.563230,11
CTD_CP_H,20240817T072702,1098.00,7.9328,35.2799,24,-0.509951,12
CTD_CP_H,20240817T072702,1099.99,7.9193,35.2785,23,-0.569491,12
CTD_CP_H,20240817T072702,1102.00,7.9084,35.2771,24,-0.575747,12
CTD_CP_H,20240817T072702,1104.03,7.8987,35.2762,23,-0.561706,11
CTD_CP_H,20240817T072702,1106.04,7.8815,35.2750,23,-0.582276,12
CTD_CP_H,20240817T072702,1108.04,7.8704,35.2736,23,-0.559601,11
CTD_CP_H,20240817T072702,1110.01,7.8612,35.2730,22,-0.548467,11
CTD_CP_H,20240817T072702,1111.99,7.8509,35.2716,23,-0.578941,12
CTD_CP_H,20240817T072702,1114.03,7.8376,35.2705,23,-0.529853,11
CTD_CP_H,20240817T072702,1116.03,7.8313,35.2701,22,-0.527974,11
CTD_CP_H,20240817T072702,1117.98,7.8284,35.2698,22,-0.562304,11
CTD_CP_H,20240817T072702,1119.99,7.8225,35.2699,23,-0.573957,12
CTD_CP_H,20240817T072703,1122.00,7.8157,35.2689,22,-0.585554,11
CTD_CP_H,20240817T072703,1123.97,7.8038,35.2676,22,-0.568062,11
CTD_CP_H,20240817T072703,1126.00,7.7939,35.2662,23,-0.549989,11
CTD_CP_H,20240817T072703,1128.03,7.7759,35.2647,22,-0.558726,11
CTD_CP_H,20240817T072703,1129.99,7.7569,35.2627,21,-0.534358,11
CTD_CP_H,20240817T072703,1131.96,7.7448,35.2614,22,-0.566690,11
CTD_CP_H,20240817T072703,1133.98,7.7326,35.2604,22,-0.564216,11
CTD_CP_H,20240817T072703,1136.03,7.7254,35.2596,22,-0.520723,11
CTD_CP_H,20240817T072703,1138.03,7.7062,35.2578,21,-0.547548,10
CTD_CP_H,20240817T072703,1140.00,7.6900,35.2562,21,-0.583477,11
CTD_CP_H,20240817T072703,1142.02,7.6768,35.2549,22,-0.493375,11
CTD_CP_H,20240817T072703,1144.05,7.6676,35.2537,21,-0.595779,10
CTD_CP_H,20240817T072703,1146.01,7.6610,35.2529,21,-0.552833,11
CTD_CP_H,20240817T072703,1148.01,7.6507,35.2520,23,-0.527764,11
CTD_CP_H,20240817T072704,1150.07,7.6377,35.2507,25,-0.556505,13
CTD_CP_H,20240817T072704,1152.01,7.6295,35.2499,27,-0.552146,13
CTD_CP_H,20240817T072704,1153.99,7.6180,35.2488,29,-0.538892,15
CTD_CP_H,20240817T072704,1155.99,7.6037,35.2474,27,-0.560898,13
CTD_CP_H,20240817T072704,1157.98,7.5926,35.2461,28,-0.553864,14
CTD_CP_H,20240817T072704,1160.00,7.5752,35.2439,27,-0.543458,14
CTD_CP_H,20240817T072704,1161.99,7.5630,35.2428,27,-0.599092,13
CTD_CP_H,20240817T072704,1164.00,7.5458,35.2409,27,-0.542553,14
CTD_CP_H,20240817T072704,1166.00,7.5292,35.2390,27,-0.548386,13
CTD_CP_H,20240817T072704,1168.02,7.5190,35.2375,27,-0.558750,14
CTD_CP_H,20240817T072704,1170.02,7.4951,35.2348,26,-0.539599,13
CTD_CP_H,20240817T072704,1172.00,7.4769,35.2329,26,-0.536105,13
CTD_CP_H,20240817T072704,1173.99,7.4612,35.2314,26,-0.515117,13
CTD_CP_H,20240817T072705,1175.97,7.4497,35.2299,26,-0.539169,13
CTD_CP_H,20240817T072705,1177.99,7.4417,35.2291,27,-0.564915,13
CTD_CP_H,20240817T072705,1180.03,7.4369,35.2284,26,-0.521910,13
CTD_CP_H,20240817T072705,1181.99,7.4244,35.2275,25,-0.568633,13
CTD_CP_H,20240817T072705,1183.96,7.4106,35.2265,26,-0.563022,13
CTD_CP_H,20240817T072705,1186.00,7.3998,35.2253,27,-0.570947,13
CTD_CP_H,20240817T072705,1188.04,7.3934,35.2249,26,-0.556953,13
CTD_CP_H,20240817T072705,1190.01,7.3898,35.2248,25,-0.578262,13
CTD_CP_H,20240817T072705,1191.98,7.3850,35.2243,26,-0.546380,13
CTD_CP_H,20240817T072705,1193.98,7.3795,35.2232,26,-0.510156,13
CTD_CP_H,20240817T072705,1195.99,7.3611,35.2218,26,-0.541103,13
CTD_CP_H,20240817T072705,1198.01,7.3471,35.2201,26,-0.541888,13
CTD_CP_H,20240817T072705,1200.01,7.3371,35.2188,25,-0.559337,12
CTD_CP_H,20240817T072705,1202.02,7.3117,35.2163,26,-0.552787,13
CTD_CP_H,20240817T072706,1204.03,7.2988,35.2148,25,-0.537609,13
CTD_CP_H,20240817T072706,1206.00,7.2873,35.2134,25,-0.595363,12
CTD_CP_H,20240817T072706,1207.99,7.2658,35.2117,25,-0.543791,13
CTD_CP_H,20240817T072706,1210.03,7.2567,35.2104,26,-0.544374,13
CTD_CP_H,20240817T072706,1212.05,7.2475,35.2095,25,-0.562434,12
CTD_CP_H,20240817T072706,1214.03,7.2338,35.2078,25,-0.608242,13
CTD_CP_H,20240817T072706,1216.04,7.2209,35.2068,25,-0.576809,12
CTD_CP_H,20240817T072706,1218.02,7.2035,35.2047,24,-0.580936,12
CTD_CP_H,20240817T072706,1220.00,7.1907,35.2034,25,-0.523524,13
CTD_CP_H,20240817T072706,1222.02,7.1719,35.2012,25,-0.576802,12
CTD_CP_H,20240817T072706,1224.01,7.1509,35.1988,24,-0.520424,12
CTD_CP_H,20240817T072706,1226.00,7.1305,35.1967,25,-0.547297,13
CTD_CP_H,20240817T072706,1228.00,7.1082,35.1948,24,-0.546594,12
CTD_CP_H,20240817T072707,1230.00,7.0996,35.1937,25,-0.518383,12
CTD_CP_H,20240817T072707,1232.03,7.0917,35.1931,25,-0.538078,13
CTD_CP_H,20240817T072707,1234.01,7.0781,35.1917,24,-0.553958,12
CTD_CP_H,20240817T072707,1236.01,7.0721,35.1909,25,-0.561046,12
CTD_CP_H,20240817T072707,1238.00,7.0632,35.1903,24,-0.535260,12
CTD_CP_H,20240817T072707,1239.99,7.0510,35.1886,25,-0.583181,13
CTD_CP_H,20240817T072707,1242.02,7.0432,35.1880,25,-0.574356,12
CTD_CP_H,20240817T072707,1244.04,7.0377,35.1880,25,-0.533505,13
CTD_CP_H,20240817T072707,1246.03,7.0371,35.1879,24,-0.597218,12
CTD_CP_H,20240817T072707,1247.99,7.0400,35.1893,24,-0.534150,12
CTD_CP_H,20240817T072707,1249.96,7.0283,35.1883,24,-0.612546,12
CTD_CP_H,20240817T072707,1251.97,7.0208,35.1874,25,-0.513400,12
CTD_CP_H,20240817T072707,1253.98,7.0124,35.1879,24,-0.571514,12
CTD_CP_H,20240817T072707,1255.97,6.9985,35.1861,24,-0.571467,12
CTD_CP_H,20240817T072708,1258.00,6.9801,35.1846,25,-0.548854,13
CTD_CP_H,20240817T072708,1260.01,6.9672,35.1831,24,-0.539926,12
CTD_CP_H,20240817T072708,1261.98,6.9592,35.1824,24,-0.533047,12
CTD_CP_H,20240817T072708,1263.98,6.9540,35.1835,25,-0.488200,12
CTD_CP_H,20240817T072708,1266.02,6.9499,35.1832,24,-0.556043,12
CTD_CP_H,20240817T072708,1268.01,6.9404,35.1825,24,-0.530204,12
CTD_CP_H,20240817T072708,1270.00,6.9286,35.1814,24,-0.536613,12
CTD_CP_H,20240817T072708,1271.98,6.9131,35.1802,24,-0.582329,12
CTD_CP_H,20240817T072708,1273.97,6.9050,35.1795,24,-0.517896,12
CTD_CP_H,20240817T072708,1275.97,6.9024,35.1789,24,-0.583158,12
CTD_CP_H,20240817T072708,1278.01,6.8892,35.1773,25,-0.567298,13
CTD_CP_H,20240817T072708,1280.02,6.8652,35.1749,24,-0.489855,12
CTD_CP_H,20240817T072708,1282.01,6.8442,35.1728,24,-0.571459,12
CTD_CP_H,20240817T072709,1284.02,6.8371,35.1717,24,-0.476394,12
CTD_CP_H,20240817T072709,1286.02,6.8262,35.1704,24,-0.531848,12
CTD_CP_H,20240817T072709,1287.97,6.8069,35.1686,23,-0.589298,11
CTD_CP_H,20240817T072709,1289.96,6.7909,35.1671,24,-0.555757,12
CTD_CP_H,20240817T072709,1291.98,6.7687,35.1650,24,-0.511166,12
CTD_CP_H,20240817T072709,1294.02,6.7533,35.1633,24,-0.496560,12
CTD_CP_H,20240817T072709,1296.01,6.7447,35.1622,23,-0.596574,12
CTD_CP_H,20240817T072709,1298.01,6.7280,35.1610,24,-0.583028,12
CTD_CP_H,20240817T072709,1300.03,6.7192,35.1600,24,-0.549227,12
CTD_CP_H,20240817T072709,1302.04,6.7163,35.1599,26,-0.575854,13
CTD_CP_H,20240817T072709,1304.02,6.7135,35.1597,32,-0.524380,16
CTD_CP_H,20240817T072709,1306.02,6.7039,35.1586,32,-0.531274,16
CTD_CP_H,20240817T072709,1308.00,6.6862,35.1571,31,-0.561937,15
CTD_CP_H,20240817T072709,1309.97,6.6699,35.1554,31,-0.536846,16
CTD_CP_H,20240817T072710,1311.99,6.6512,35.1536,32,-0.562777,16
CTD_CP_H,20240817T072710,1314.01,6.6388,35.1525,31,-0.528093,15
CTD_CP_H,20240817T072710,1316.00,6.6259,35.1512,31,-0.579854,16
CTD_CP_H,20240817T072710,1318.01,6.6080,35.1500,30,-0.528754,15
CTD_CP_H,20240817T072710,1319.97,6.5983,35.1488,30,-0.551175,15
CTD_CP_H,20240817T072710,1321.98,6.5937,35.1482,31,-0.549364,15
CTD_CP_H,20240817T072710,1324.01,6.5777,35.1469,30,-0.548568,15
CTD_CP_H,20240817T072710,1326.02,6.5621,35.1456,30,-0.532237,15
CTD_CP_H,20240817T072710,1328.02,6.5486,35.1440,29,-0.517510,15
CTD_CP_H,20240817T072710,1329.99,6.5345,35.1428,28,-0.567165,14
CTD_CP_H,20240817T072710,1331.97,6.5222,35.1417,29,-0.533129,14
CTD_CP_H,20240817T072710,1334.01,6.5171,35.1414,29,-0.587499,15
CTD_CP_H,20240817T072710,1336.00,6.5108,35.1408,28,-0.524194,14
CTD_CP_H,20240817T072711,1337.99,6.5006,35.1397,28,-0.584645,14
CTD_CP_H,20240817T072711,1339.99,6.4905,35.1383,28,-0.519707,14
CTD_CP_H,20240817T072711,1342.01,6.4726,35.1369,28,-0.571813,14
CTD_CP_H,20240817T072711,1344.02,6.4620,35.1357,28,-0.563033,14
CTD_CP_H,20240817T072711,1346.03,6.4472,35.1343,28,-0.538941,14
CTD_CP_H,20240817T072711,1348.01,6.4393,35.1334,26,-0.567167,13
CTD_CP_H,20240817T072711,1349.97,6.4311,35.1326,27,-0.542199,13
CTD_CP_H,20240817T072711,1351.98,6.4264,35.1319,27,-0.516835,14
CTD_CP_H,20240817T072711,1353.99,6.4210,35.1311,27,-0.561136,13
CTD_CP_H,20240817T072711,1356.02,6.4087,35.1300,27,-0.527814,14
CTD_CP_H,20240817T072711,1358.03,6.3981,35.1293,26,-0.554599,13
CTD_CP_H,20240817T072711,1359.99,6.3929,35.1284,26,-0.531780,13
CTD_CP_H,20240817T072711,1361.97,6.3824,35.1276,26,-0.547348,13
CTD_CP_H,20240817T072712,1363.96,6.3676,35.1265,26,-0.515260,13
CTD_CP_H,20240817T072712,1365.97,6.3615,35.1259,26,-0.517276,13
CTD_CP_H,20240817T072712,1367.97,6.3543,35.1251,26,-0.551359,13
CTD_CP_H,20240817T072712,1370.01,6.3498,35.1249,26,-0.541451,13
CTD_CP_H,20240817T072712,1371.99,6.3447,35.1245,24,-0.498221,12
CTD_CP_H,20240817T072712,1373.97,6.3347,35.1233,26,-0.541506,13
CTD_CP_H,20240817T072712,1376.01,6.3216,35.1213,25,-0.540240,12
CTD_CP_H,20240817T072712,1378.01,6.3067,35.1198,25,-0.569110,13
CTD_CP_H,20240817T072712,1379.99,6.2924,35.1186,24,-0.519813,12
CTD_CP_H,20240817T072712,1381.98,6.2893,35.1183,25,-0.484843,12
CTD_CP_H,20240817T072712,1384.02,6.2839,35.1179,25,-0.568190,13
CTD_CP_H,20240817T072712,1386.02,6.2706,35.1167,24,-0.495166,12
CTD_CP_H,20240817T072712,1387.98,6.2503,35.1149,24,-0.532232,12
CTD_CP_H,20240817T072712,1389.99,6.2449,35.1143,25,-0.512647,12
CTD_CP_H,20240817T072713,1392.02,6.2378,35.1134,24,-0.493884,12
CTD_CP_H,20240817T072713,1394.02,6.2268,35.1122,24,-0.536547,12
CTD_CP_H,20240817T072713,1396.02,6.2053,35.1107,24,-0.589637,12
CTD_CP_H,20240817T072713,1398.01,6.1808,35.1089,24,-0.524926,12
CTD_CP_H,20240817T072713,1400.01,6.1565,35.1068,24,-0.536672,12
CTD_CP_H,20240817T072713,1402.04,6.1375,35.1055,24,-0.542895,12
CTD_CP_H,20240817T072713,1404.05,6.1221,35.1037,23,-0.593678,12
CTD_CP_H,20240817T072713,1406.02,6.0922,35.1010,23,-0.530740,11
CTD_CP_H,20240817T072713,1408.02,6.0717,35.0987,24,-0.547746,12
CTD_CP_H,20240817T072713,1410.03,6.0596,35.0971,23,-0.503541,12
CTD_CP_H,20240817T072713,1412.00,6.0326,35.0948,23,-0.550258,11
CTD_CP_H,20240817T072713,1413.99,6.0165,35.0930,23,-0.545020,12
CTD_CP_H,20240817T072713,1415.97,6.0041,35.0919,23,-0.538571,11
CTD_CP_H,20240817T072713,1418.00,5.9914,35.0907,24,-0.555174,12
CTD_CP_H,20240817T072714,1420.03,5.9836,35.0901,23,-0.535567,12
CTD_CP_H,20240817T072714,1422.00,5.9818,35.0898,23,-0.542024,11
CTD_CP_H,20240817T072714,1423.99,5.9765,35.0890,23,-0.552217,12
CTD_CP_H,20240817T072714,1426.00,5.9509,35.0872,23,-0.513559,11
CTD_CP_H,20240817T072714,1428.00,5.9371,35.0856,23,-0.541139,12
CTD_CP_H,20240817T072714,1429.99,5.9275,35.0845,23,-0.514798,11
CTD_CP_H,20240817T072714,1431.98,5.9162,35.0837,23,-0.567508,12
CTD_CP_H,20240817T072714,1434.01,5.9057,35.0828,24,-0.564837,12
CTD_CP_H,20240817T072714,1436.00,5.8995,35.0819,22,-0.518319,11
CTD_CP_H,20240817T072714,1437.97,5.8870,35.0805,23,-0.511195,11
CTD_CP_H,20240817T072714,1439.98,5.8813,35.0797,23,-0.566517,12
CTD_CP_H,20240817T072714,1442.01,5.8655,35.0787,23,-0.545407,11
CTD_CP_H,20240817T072714,1444.03,5.8608,35.0778,23,-0.542297,12
CTD_CP_H,20240817T072715,1446.02,5.8453,35.0768,22,-0.535000,11
CTD_CP_H,20240817T072715,1448.00,5.8369,35.0762,23,-0.526813,11
CTD_CP_H,20240817T072715,1450.02,5.8226,35.0747,23,-0.540412,12
CTD_CP_H,20240817T072715,1452.00,5.8049,35.0732,22,-0.534000,11
CTD_CP_H,20240817T072715,1453.99,5.7923,35.0721,23,-0.497738,11
CTD_CP_H,20240817T072715,1456.01,5.7829,35.0707,23,-0.587078,12
CTD_CP_H,20240817T072715,1458.03,5.7668,35.0694,23,-0.546833,11
CTD_CP_H,20240817T072715,1460.01,5.7570,35.0685,22,-0.501724,11
CTD_CP_H,20240817T072715,1462.00,5.7470,35.0678,23,-0.535128,12
CTD_CP_H,20240817T072715,1464.00,5.7366,35.0669,22,-0.552106,11
CTD_CP_H,20240817T072715,1466.00,5.7299,35.0658,23,-0.498009,11
CTD_CP_H,20240817T072715,1468.01,5.7184,35.0650,22,-0.510569,11
CTD_CP_H,20240817T072715,1469.98,5.7039,35.0638,22,-0.540901,11
CTD_CP_H,20240817T072716,1471.98,5.6965,35.0631,23,-0.559728,12
CTD_CP_H,20240817T072716,1473.99,5.6907,35.0622,22,-0.504646,11
CTD_CP_H,20240817T072716,1475.95,5.6851,35.0622,22,-0.532932,11
CTD_CP_H,20240817T072716,1477.97,5.6789,35.0618,23,-0.552930,11
CTD_CP_H,20240817T072716,1479.99,5.6806,35.0625,22,-0.509841,11
CTD_CP_H,20240817T072716,1482.00,5.6866,35.0642,23,-0.575146,12
CTD_CP_H,20240817T072716,1484.02,5.6700,35.0631,22,-0.533890,11
CTD_CP_H,20240817T072716,1485.98,5.6777,35.0649,22,-0.539490,11
CTD_CP_H,20240817T072716,1487.99,5.6717,35.0643,23,-0.604558,11
CTD_CP_H,20240817T072716,1490.00,5.6323,35.0597,22,-0.466791,11
CTD_CP_H,20240817T072716,1492.01,5.6165,35.0575,23,-0.563157,12
CTD_CP_H,20240817T072716,1494.01,5.6088,35.0569,22,-0.538536,11
CTD_CP_H,20240817T072716,1495.99,5.5999,35.0559,22,-0.530467,11
CTD_CP_H,20240817T072716,1497.96,5.5870,35.0554,22,-0.526789,11
CTD_CP_H,20240817T072717,1499.97,5.5623,35.0532,23,-0.552776,11
CTD_CP_H,20240817T072717,1501.98,5.5562,35.0531,22,-0.473638,11
CTD_CP_H,20240817T072717,1503.97,5.5359,35.0514,23,-0.519082,12
CTD_CP_H,20240817T072717,1506.00,5.5190,35.0510,26,-0.539248,13
CTD_CP_H,20240817T072717,1507.99,5.5117,35.0506,29,-0.513728,14
CTD_CP_H,20240817T072717,1509.98,5.5083,35.0504,30,-0.573001,15
CTD_CP_H,20240817T072717,1512.00,5.5012,35.0500,30,-0.521934,15
CTD_CP_H,20240817T072717,1513.99,5.4938,35.0498,29,-0.515321,15
CTD_CP_H,20240817T072717,1515.99,5.4592,35.0463,30,-0.542593,15
CTD_CP_H,20240817T072717,1518.00,5.4395,35.0441,29,-0.516304,14
CTD_CP_H,20240817T072717,1520.01,5.4324,35.0444,29,-0.513846,15
CTD_CP_H,20240817T072717,1521.99,5.4199,35.0437,28,-0.543759,14
CTD_CP_H,20240817T072717,1523.98,5.4044,35.0424,29,-0.522810,14
CTD_CP_H,20240817T072718,1526.01,5.3925,35.0413,29,-0.522070,15
CTD_CP_H,20240817T072718,1528.03,5.3773,35.0397,29,-0.566082,14
CTD_CP_H,20240817T072718,1530.01,5.3649,35.0385,28,-0.497409,14
CTD_CP_H,20240817T072718,1532.00,5.3497,35.0370,29,-0.524851,15
CTD_CP_H,20240817T072718,1534.02,5.3280,35.0352,28,-0.494975,14
CTD_CP_H,20240817T072718,1536.00,5.3159,35.0343,28,-0.542448,14
CTD_CP_H,20240817T072718,1537.99,5.2996,35.0326,28,-0.509391,14
CTD_CP_H,20240817T072718,1539.99,5.2863,35.0316,28,-0.533768,14
CTD_CP_H,20240817T072718,1542.00,5.2829,35.0311,28,-0.532022,14
CTD_CP_H,20240817T072718,1544.04,5.2772,35.0303,28,-0.538924,14
CTD_CP_H,20240817T072718,1546.03,5.2636,35.0292,27,-0.506860,13
CTD_CP_H,20240817T072718,1548.03,5.2497,35.0278,28,-0.521595,14
CTD_CP_H,20240817T072718,1550.02,5.2333,35.0262,27,-0.526760,14
CTD_CP_H,20240817T072718,1552.01,5.2142,35.0245,27,-0.561423,13
CTD_CP_H,20240817T072719,1554.01,5.1963,35.0229,27,-0.563275,14
CTD_CP_H,20240817T072719,1556.03,5.1838,35.0219,27,-0.506181,13
CTD_CP_H,20240817T072719,1558.00,5.1648,35.0202,26,-0.489347,13
CTD_CP_H,20240817T072719,1559.97,5.1578,35.0195,27,-0.547940,14
CTD_CP_H,20240817T072719,1562.01,5.1504,35.0186,28,-0.522550,14
CTD_CP_H,20240817T072719,1564.02,5.1380,35.0175,26,-0.503036,13
CTD_CP_H,20240817T072719,1565.98,5.1301,35.0166,26,-0.517424,13
CTD_CP_H,20240817T072719,1568.01,5.1179,35.0155,27,-0.531634,13
CTD_CP_H,20240817T072719,1570.02,5.1098,35.0148,26,-0.585170,13
CTD_CP_H,20240817T072719,1572.00,5.1020,35.0140,26,-0.522257,13
CTD_CP_H,20240817T072719,1574.00,5.0874,35.0128,26,-0.503956,13
CTD_CP_H,20240817T072719,1575.98,5.0760,35.0119,25,-0.531991,13
CTD_CP_H,20240817T072719,1577.96,5.0659,35.0110,26,-0.534278,13
CTD_CP_H,20240817T072720,1579.98,5.0532,35.0097,26,-0.571042,13
CTD_CP_H,20240817T072720,1582.00,5.0342,35.0083,25,-0.493967,12
CTD_CP_H,20240817T072720,1583.98,5.0254,35.0074,25,-0.497552,13
CTD_CP_H,20240817T072720,1585.98,5.0106,35.0059,25,-0.556139,12
CTD_CP_H,20240817T072720,1587.98,4.9929,35.0042,25,-0.584196,13
CTD_CP_H,20240817T072720,1589.97,4.9737,35.0026,24,-0.535707,12
CTD_CP_H,20240817T072720,1591.96,4.9573,35.0008,25,-0.543980,12
CTD_CP_H,20240817T072720,1593.99,4.9321,34.9989,24,-0.494796,12
CTD_CP_H,20240817T072720,1595.97,4.9157,34.9974,24,-0.533833,12
CTD_CP_H,20240817T072720,1597.96,4.9120,34.9969,24,-0.509016,12
CTD_CP_H,20240817T072720,1599.99,4.8996,34.9958,24,-0.480784,12
CTD_CP_H,20240817T072720,1602.01,4.8762,34.9942,24,-0.537118,12
CTD_CP_H,20240817T072720,1603.99,4.8662,34.9930,23,-0.575720,12
CTD_CP_H,20240817T072720,1605.97,4.8592,34.9923,24,-0.505742,12
CTD_CP_H,20240817T072721,1608.01,4.8476,34.9907,24,-0.508433,12
CTD_CP_H,20240817T072721,1610.02,4.8198,34.9884,23,-0.492122,11
CTD_CP_H,20240817T072721,1612.00,4.7984,34.9861,23,-0.536329,12
CTD_CP_H,20240817T072721,1613.98,4.7788,34.9844,23,-0.531851,11
CTD_CP_H,20240817T072721,1616.00,4.7672,34.9833,23,-0.508667,12
CTD_CP_H,20240817T072721,1617.97,4.7559,34.9823,22,-0.536433,11
CTD_CP_H,20240817T072721,1619.99,4.7316,34.9802,24,-0.524812,12
CTD_CP_H,20240817T072721,1622.00,4.7155,34.9787,22,-0.544399,11
CTD_CP_H,20240817T072721,1624.00,4.7035,34.9775,23,-0.485758,11
CTD_CP_H,20240817T072721,1626.02,4.6923,34.9767,23,-0.540083,12
CTD_CP_H,20240817T072721,1628.04,4.6781,34.9757,24,-0.525859,12
CTD_CP_H,20240817T072721,1630.05,4.6604,34.9745,27,-0.547068,13
CTD_CP_H,20240817T072721,1632.00,4.6540,34.9737,30,-0.515534,15
CTD_CP_H,20240817T072722,1634.00,4.6404,34.9725,31,-0.540688,16
CTD_CP_H,20240817T072722,1636.03,4.6296,34.9714,30,-0.500696,15
CTD_CP_H,20240817T072722,1638.00,4.6185,34.9703,29,-0.525780,14
CTD_CP_H,20240817T072722,1640.01,4.6061,34.9694,30,-0.586556,15
CTD_CP_H,20240817T072722,1642.02,4.5932,34.9681,29,-0.520180,15
CTD_CP_H,20240817T072722,1643.99,4.5851,34.9672,28,-0.527997,14
CTD_CP_H,20240817T072722,1645.97,4.5715,34.9658,29,-0.551908,14
CTD_CP_H,20240817T072722,1648.00,4.5572,34.9646,29,-0.520818,15
CTD_CP_H,20240817T072722,1649.99,4.5470,34.9635,28,-0.500873,14
CTD_CP_H,20240817T072722,1651.96,4.5365,34.9623,28,-0.535486,14
CTD_CP_H,20240817T072722,1653.96,4.5264,34.9616,28,-0.512225,14
CTD_CP_H,20240817T072722,1655.97,4.5201,34.9608,28,-0.511943,14
CTD_CP_H,20240817T072722,1658.00,4.5040,34.9594,28,-0.525484,14
CTD_CP_H,20240817T072722,1660.01,4.4927,34.9584,27,-0.507100,13
CTD_CP_H,20240817T072723,1662.00,4.4841,34.9577,27,-0.563409,14
CTD_CP_H,20240817T072723,1664.00,4.4776,34.9572,27,-0.542445,13
CTD_CP_H,20240817T072723,1666.01,4.4706,34.9565,27,-0.501846,14
CTD_CP_H,20240817T072723,1668.01,4.4634,34.9558,27,-0.579407,13
CTD_CP_H,20240817T072723,1670.04,4.4556,34.9550,27,-0.546500,14
CTD_CP_H,20240817T072723,1672.03,4.4425,34.9540,26,-0.500638,13
CTD_CP_H,20240817T072723,1674.02,4.4366,34.9534,26,-0.556563,13
CTD_CP_H,20240817T072723,1676.02,4.4253,34.9522,26,-0.513297,13
CTD_CP_H,20240817T072723,1678.02,4.4124,34.9512,26,-0.474052,13
CTD_CP_H,20240817T072723,1679.98,4.4068,34.9506,25,-0.565430,12
CTD_CP_H,20240817T072723,1681.95,4.4010,34.9501,26,-0.495459,13
CTD_CP_H,20240817T072723,1683.97,4.3921,34.9491,26,-0.499361,13
CTD_CP_H,20240817T072723,1685.98,4.3811,34.9484,26,-0.507930,13
CTD_CP_H,20240817T072724,1688.00,4.3781,34.9479,26,-0.521827,13
CTD_CP_H,20240817T072724,1690.02,4.3728,34.9472,26,-0.546675,13
CTD_CP_H,20240817T072724,1692.02,4.3609,34.9461,25,-0.503859,13
CTD_CP_H,20240817T072724,1693.99,4.3570,34.9456,25,-0.510955,12
CTD_CP_H,20240817T072724,1695.98,4.3489,34.9446,25,-0.522621,13
CTD_CP_H,20240817T072724,1698.00,4.3411,34.9437,26,-0.527124,13
CTD_CP_H,20240817T072724,1700.01,4.3195,34.9418,25,-0.492470,12
CTD_CP_H,20240817T072724,1701.99,4.2990,34.9403,25,-0.552644,13
CTD_CP_H,20240817T072724,1703.99,4.2877,34.9390,25,-0.487964,12
CTD_CP_H,20240817T072724,1706.02,4.2817,34.9386,26,-0.535778,13
CTD_CP_H,20240817T072724,1708.05,4.2722,34.9375,25,-0.581857,13
CTD_CP_H,20240817T072724,1710.02,4.2677,34.9369,24,-0.521690,12
CTD_CP_H,20240817T072724,1711.98,4.2573,34.9361,25,-0.510650,12
CTD_CP_H,20240817T072724,1713.98,4.2504,34.9352,25,-0.517548,13
CTD_CP_H,20240817T072725,1715.96,4.2394,34.9344,24,-0.549023,12
CTD_CP_H,20240817T072725,1717.97,4.2261,34.9334,26,-0.522100,13
CTD_CP_H,20240817T072725,1720.01,4.2225,34.9327,25,-0.498973,12
CTD_CP_H,20240817T072725,1722.02,4.2155,34.9324,25,-0.548277,13
CTD_CP_H,20240817T072725,1724.03,4.2034,34.9319,25,-0.506331,12
CTD_CP_H,20240817T072725,1726.00,4.1983,34.9312,24,-0.530746,12
CTD_CP_H,20240817T072725,1727.95,4.1950,34.9309,25,-0.501964,13
CTD_CP_H,20240817T072725,1729.97,4.1799,34.9300,25,-0.543737,12
CTD_CP_H,20240817T072725,1731.99,4.1702,34.9293,25,-0.517376,13
CTD_CP_H,20240817T072725,1733.99,4.1680,34.9290,25,-0.485195,12
CTD_CP_H,20240817T072725,1735.98,4.1648,34.9287,24,-0.547414,12
CTD_CP_H,20240817T072725,1737.98,4.1593,34.9282,25,-0.493849,13
CTD_CP_H,20240817T072725,1739.99,4.1524,34.9278,25,-0.476736,12
CTD_CP_H,20240817T072726,1742.02,4.1437,34.9271,25,-0.565705,13
CTD_CP_H,20240817T072726,1744.02,4.1362,34.9262,25,-0.483123,12
CTD_CP_H,20240817T072726,1745.99,4.1255,34.9254,24,-0.532838,12
CTD_CP_H,20240817T072726,1747.97,4.1157,34.9249,25,-0.528847,13
CTD_CP_H,20240817T072726,1750.00,4.1091,34.9242,25,-0.527300,12
CTD_CP_H,20240817T072726,1752.02,4.0991,34.9235,25,-0.518279,13
CTD_CP_H,20240817T072726,1754.02,4.0933,34.9229,24,-0.523264,12
CTD_CP_H,20240817T072726,1755.98,4.0889,34.9225,25,-0.508391,12
CTD_CP_H,20240817T072726,1757.99,4.0867,34.9221,25,-0.505415,13
CTD_CP_H,20240817T072726,1760.01,4.0779,34.9213,26,-0.533003,13
CTD_CP_H,20240817T072726,1762.04,4.0683,34.9205,25,-0.502782,12
CTD_CP_H,20240817T072726,1764.02,4.0599,34.9196,25,-0.562893,13
CTD_CP_H,20240817T072726,1766.02,4.0539,34.9189,25,-0.503158,12
CTD_CP_H,20240817T072726,1768.00,4.0471,34.9182,25,-0.523559,13
CTD_CP_H,20240817T072727,1769.96,4.0342,34.9168,25,-0.484779,12
CTD_CP_H,20240817T072727,1771.96,4.0156,34.9151,25,-0.542213,13
CTD_CP_H,20240817T072727,1774.00,4.0017,34.9137,26,-0.571105,13
CTD_CP_H,20240817T072727,1776.03,3.9872,34.9123,25,-0.469601,12
CTD_CP_H,20240817T072727,1778.03,3.9741,34.9109,25,-0.521130,13
CTD_CP_H,20240817T072727,1780.02,3.9642,34.9102,25,-0.516527,12
CTD_CP_H,20240817T072727,1781.99,3.9574,34.9095,25,-0.527151,13
CTD_CP_H,20240817T072727,1783.98,3.9470,34.9085,25,-0.548866,12
CTD_CP_H,20240817T072727,1785.97,3.9411,34.9081,25,-0.479881,13
CTD_CP_H,20240817T072727,1788.00,3.9352,34.9073,26,-0.523948,13
CTD_CP_H,20240817T072727,1790.03,3.9247,34.9064,25,-0.508745,12
CTD_CP_H,20240817T072727,1792.00,3.9108,34.9055,24,-0.481435,12
CTD_CP_H,20240817T072727,1793.97,3.9040,34.9048,25,-0.483266,13
CTD_CP_H,20240817T072728,1795.98,3.8944,34.9040,25,-0.542922,12
CTD_CP_H,20240817T072728,1797.99,3.8777,34.9030,25,-0.491212,13
CTD_CP_H,20240817T072728,1800.00,3.8670,34.9018,25,-0.501056,12
CTD_CP_H,20240817T072728,1802.01,3.8588,34.9012,25,-0.525177,13
CTD_CP_H,20240817T072728,1804.02,3.8513,34.9004,25,-0.475702,12
CTD_CP_H,20240817T072728,1806.00,3.8409,34.8995,24,-0.580748,12
CTD_CP_H,20240817T072728,1807.98,3.8312,34.8986,25,-0.504273,13
CTD_CP_H,20240817T072728,1810.02,3.8183,34.8975,25,-0.542661,12
CTD_CP_H,20240817T072728,1812.01,3.8044,34.8963,24,-0.542938,12
CTD_CP_H,20240817T072728,1813.97,3.7921,34.8955,24,-0.496493,12
CTD_CP_H,20240817T072728,1815.96,3.7825,34.8946,25,-0.549941,13
CTD_CP_H,20240817T072728,1817.98,3.7686,34.8932,25,-0.497228,12
CTD_CP_H,20240817T072728,1820.00,3.7578,34.8924,25,-0.491442,13
CTD_CP_H,20240817T072728,1822.01,3.7398,34.8907,24,-0.545642,12
CTD_CP_H,20240817T072729,1823.99,3.7322,34.8896,24,-0.529330,12
CTD_CP_H,20240817T072729,1825.96,3.7197,34.8886,24,-0.499727,12
CTD_CP_H,20240817T072729,1827.99,3.7129,34.8877,25,-0.533284,12
CTD_CP_H,20240817T072729,1830.01,3.7055,34.8868,24,-0.539790,12
CTD_CP_H,20240817T072729,1832.00,3.6944,34.8863,24,-0.470860,12
CTD_CP_H,20240817T072729,1833.98,3.6891,34.8856,24,-0.532170,12
CTD_CP_H,20240817T072729,1835.98,3.6799,34.8851,24,-0.529991,12
CTD_CP_H,20240817T072729,1837.98,3.6763,34.8847,24,-0.493767,12
CTD_CP_H,20240817T072729,1839.99,3.6740,34.8844,24,-0.494609,12
CTD_CP_H,20240817T072729,1842.00,3.6703,34.8840,24,-0.521000,12
CTD_CP_H,20240817T072729,1844.02,3.6661,34.8836,24,-0.479938,12
CTD_CP_H,20240817T072729,1846.00,3.6616,34.8833,23,-0.508035,12
CTD_CP_H,20240817T072729,1847.99,3.6521,34.8822,25,-0.543211,12
CTD_CP_H,20240817T072730,1850.01,3.6360,34.8811,26,-0.557015,13
CTD_CP_H,20240817T072730,1851.98,3.6324,34.8806,31,-0.539316,16
CTD_CP_H,20240817T072730,1853.99,3.6344,34.8807,32,-0.505905,16
CTD_CP_H,20240817T072730,1855.99,3.6291,34.8799,31,-0.512429,15
CTD_CP_H,20240817T072730,1857.96,3.6123,34.8785,31,-0.492677,16
CTD_CP_H,20240817T072730,1859.96,3.6055,34.8777,32,-0.513246,16
CTD_CP_H,20240817T072730,1862.00,3.5955,34.8766,32,-0.502978,16
CTD_CP_H,20240817T072730,1864.02,3.5858,34.8759,31,-0.526320,15
CTD_CP_H,20240817T072730,1866.01,3.5822,34.8754,31,-0.529502,16
CTD_CP_H,20240817T072730,1868.00,3.5740,34.8747,30,-0.544862,15
CTD_CP_H,20240817T072730,1869.99,3.5627,34.8738,31,-0.561020,15
CTD_CP_H,20240817T072730,1872.00,3.5547,34.8732,30,-0.480171,15
CTD_CP_H,20240817T072730,1874.00,3.5529,34.8737,30,-0.479671,15
CTD_CP_H,20240817T072731,1876.00,3.5472,34.8731,29,-0.544643,15
CTD_CP_H,20240817T072731,1877.99,3.5414,34.8724,30,-0.500479,15
CTD_CP_H,20240817T072731,1880.02,3.5365,34.8721,30,-0.549886,15
CTD_CP_H,20240817T072731,1882.03,3.5352,34.8724,29,-0.521500,14
CTD_CP_H,20240817T072731,1884.02,3.5249,34.8715,29,-0.511819,15
CTD_CP_H,20240817T072731,1886.02,3.5119,34.8705,29,-0.498861,14
CTD_CP_H,20240817T072731,1888.00,3.5051,34.8699,28,-0.521589,14
CTD_CP_H,20240817T072731,1889.99,3.5007,34.8693,29,-0.504757,15
CTD_CP_H,20240817T072731,1892.00,3.4914,34.8689,28,-0.527347,14
CTD_CP_H,20240817T072731,1893.99,3.4878,34.8687,28,-0.511566,14
CTD_CP_H,20240817T072731,1895.98,3.4788,34.8677,28,-0.534913,14
CTD_CP_H,20240817T072731,1897.99,3.4705,34.8670,28,-0.520424,14
CTD_CP_H,20240817T072731,1900.02,3.4647,34.8667,28,-0.582060,14
CTD_CP_H,20240817T072731,1902.02,3.4567,34.8660,27,-0.528499,13
CTD_CP_H,20240817T072732,1904.03,3.4526,34.8661,27,-0.534718,14
CTD_CP_H,20240817T072732,1906.00,3.4538,34.8663,26,-0.495067,13
CTD_CP_H,20240817T072732,1908.02,3.4459,34.8657,28,-0.532265,14
CTD_CP_H,20240817T072732,1910.03,3.4389,34.8651,26,-0.508824,13
CTD_CP_H,20240817T072732,1912.01,3.4367,34.8649,26,-0.566849,13
CTD_CP_H,20240817T072732,1913.99,3.4236,34.8640,26,-0.491085,13
CTD_CP_H,20240817T072732,1915.99,3.4165,34.8632,26,-0.563182,13
CTD_CP_H,20240817T072732,1918.02,3.4139,34.8628,26,-0.510536,13
CTD_CP_H,20240817T072732,1920.03,3.4064,34.8623,25,-0.513621,12
CTD_CP_H,20240817T072732,1921.99,3.4004,34.8617,25,-0.536734,13
CTD_CP_H,20240817T072732,1923.97,3.3958,34.8610,25,-0.553987,12
CTD_CP_H,20240817T072732,1925.95,3.3894,34.8605,25,-0.535657,13
CTD_CP_H,20240817T072732,1928.00,3.3806,34.8601,26,-0.471572,13
CTD_CP_H,20240817T072733,1930.03,3.3760,34.8594,24,-0.495254,12
CTD_CP_H,20240817T072733,1931.99,3.3723,34.8591,24,-0.572367,12
CTD_CP_H,20240817T072733,1933.97,3.3655,34.8586,24,-0.494636,12
CTD_CP_H,20240817T072733,1935.99,3.3559,34.8579,25,-0.526845,12
CTD_CP_H,20240817T072733,1937.99,3.3512,34.8573,23,-0.555690,12
CTD_CP_H,20240817T072733,1939.98,3.3423,34.8567,24,-0.522312,12
CTD_CP_H,20240817T072733,1942.01,3.3376,34.8563,24,-0.531569,12
CTD_CP_H,20240817T072733,1944.00,3.3342,34.8560,23,-0.585236,11
CTD_CP_H,20240817T072733,1946.01,3.3332,34.8556,24,-0.543035,12
CTD_CP_H,20240817T072733,1948.04,3.3286,34.8555,23,-0.535279,12
CTD_CP_H,20240817T072733,1949.99,3.3260,34.8553,22,-0.506968,11
CTD_CP_H,20240817T072733,1951.97,3.3211,34.8552,23,-0.503780,11
CTD_CP_H,20240817T072733,1954.00,3.3189,34.8549,23,-0.560217,12
CTD_CP_H,20240817T072733,1956.00,3.3165,34.8551,22,-0.546399,11
CTD_CP_H,20240817T072734,1957.97,3.3079,34.8545,22,-0.538563,11
CTD_CP_H,20240817T072734,1959.99,3.3038,34.8541,23,-0.531738,11
CTD_CP_H,20240817T072734,1962.03,3.3020,34.8541,22,-0.584649,11
CTD_CP_H,20240817T072734,1964.00,3.2980,34.8535,21,-0.518733,11
CTD_CP_H,20240817T072734,1965.98,3.2946,34.8534,22,-0.624310,11
CTD_CP_H,20240817T072734,1968.01,3.2889,34.8531,22,-0.596938,11
CTD_CP_H,20240817T072734,1970.00,3.2857,34.8526,21,-0.528230,10
CTD_CP_H,20240817T072734,1971.99,3.2834,34.8525,22,-0.565167,11
CTD_CP_H,20240817T072734,1974.00,3.2751,34.8516,21,-0.584623,11
CTD_CP_H,20240817T072734,1976.01,3.2679,34.8510,22,-0.586677,11
CTD_CP_H,20240817T072734,1978.02,3.2614,34.8504,21,-0.631220,10
CTD_CP_H,20240817T072734,1979.98,3.2590,34.8502,21,0.643755,11
CTD_CP_H,20240817T072734,1982.01,3.2556,34.8496,22,0.650599,11
CTD_CP_H,20240817T072735,1983.99,3.2489,34.8490,20,0.650624,10
CTD_CP_H,20240817T072735,1985.99,3.2428,34.8486,22,0.650643,11
CTD_CP_H,20240817T072735,1988.02,3.2364,34.8482,21,0.650668,10
CTD_CP_H,20240817T072735,1990.00,3.2333,34.8477,21,0.650646,11
CTD_CP_H,20240817T072735,1992.00,3.2292,34.8472,21,0.650593,10
CTD_CP_H,20240817T072735,1994.01,3.2264,34.8475,21,nan,0
CTD_CP_H,20240817T072735,1995.95,3.2207,34.8467,20,nan,0
GPS,20240817T074250,18.973190,68.169838,10
CTD_P,20240817T074252,-0.09
