wmo,field,ui_value,decoder_ui_api_value,upstream_or_registry_source,upstream_value,independently_calculated_value,transformation,verification,api_generated_at_utc,result
1902844,WMO ID,1902844,1902844,config/metadata/meta.csv:13 [WMO id] | https://data-argo.ifremer.fr/dac/incois/1902844/1902844_meta.nc [PLATFORM_NUMBER],1902844,1902844,Current preset WMO; validate upstream PLATFORM_NUMBER,LOCAL + UPSTREAM VERIFIED,2026-09-20T21:44:51.578991+00:00,PASS
1902844,Internal ID,123230,123230,"config/metadata/meta.csv:13 [Argos number, else imei]",Not used: local registry only; operational identity not independently verified,123230,"Local PTT, else local IMEI; unavailable stays null",LOCAL SOURCE MATCH,2026-09-20T21:44:51.578991+00:00,PASS
1902844,Float Type,ARVOR,ARVOR,config/metadata/meta.csv + MultiCsvLoader.load_info(wmo).float_type → preset.platform_type | https://data-argo.ifremer.fr/dac/incois/1902844/1902844_meta.nc [PLATFORM_TYPE],ARVOR,ARVOR,Preset platform_type; public metadata cross-check where available,LOCAL + UPSTREAM VERIFIED,2026-09-20T21:44:51.578991+00:00,PASS
1902844,Latitude,9.853°N,9.85295,https://data-argo.ifremer.fr/dac/incois/1902844/profiles/R1902844_025.nc [LATITUDE index 0; JULD_LOCATION; POSITION_QC=1],9.85295,9.85295,"Newest paired QC 1/2 position, same source row as longitude; table rounds to 3 decimals",UPSTREAM VERIFIED,2026-09-20T21:44:51.578991+00:00,PASS
1902844,Longitude,65.997°E,65.99677,https://data-argo.ifremer.fr/dac/incois/1902844/profiles/R1902844_025.nc [LONGITUDE index 0; JULD_LOCATION; POSITION_QC=1],65.99677,65.99677,"Newest paired QC 1/2 position, same source row as latitude; table rounds to 3 decimals",UPSTREAM VERIFIED,2026-09-20T21:44:51.578991+00:00,PASS
1902844,Last Transmission,2026-05-04 07:00 UTCTRAJ LAG,2026-05-04T07:00:15+00:00,https://data-argo.ifremer.fr/dac/incois/1902844/1902844_Rtraj.nc [JULD_LAST_MESSAGE index 12; raw JULD=27882.291840277612],JULD_LAST_MESSAGE[12] = 27882.291840277612 days since 1950-01-01 UTC,2026-05-04T07:00:15+00:00,Maximum valid authoritative per-cycle field; UTC; no measurement/profile substitution,UPSTREAM VERIFIED,2026-09-20T21:44:51.578991+00:00,PASS
1902844,Expected Next Communication,2026-05-14 07:00 UTC,2026-05-14T07:00:15+00:00,https://data-argo.ifremer.fr/dac/incois/1902844/1902844_Rtraj.nc [JULD_LAST_MESSAGE index 12; raw JULD=27882.291840277612],2026-05-04T07:00:15+00:00,2026-05-14T07:00:15+00:00,Last Transmission +10 exact UTC days,POLICY CALCULATION VERIFIED,2026-09-20T21:44:51.578991+00:00,PASS
1902844,No Communication / elapsed days,139 d,139.61431225684026,https://data-argo.ifremer.fr/dac/incois/1902844/1902844_Rtraj.nc [JULD_LAST_MESSAGE index 12; raw JULD=27882.291840277612],2026-05-04T07:00:15+00:00,139.61431225684026,(API generated_at - Last Transmission)/86400; UI floors completed days,POLICY CALCULATION VERIFIED,2026-09-20T21:44:51.578991+00:00,PASS
1902844,Communication Status,NO COMMUNICATION 60+ DAYS,NO COMMUNICATION 60+ DAYS,https://data-argo.ifremer.fr/dac/incois/1902844/1902844_Rtraj.nc [JULD_LAST_MESSAGE index 12; raw JULD=27882.291840277612],2026-05-04T07:00:15+00:00,NO COMMUNICATION 60+ DAYS,<=10 ACTIVE; >10 and <60 OVERDUE; >=60 NO COMMUNICATION; no timestamp NO DATA,POLICY CALCULATION VERIFIED,2026-09-20T21:44:51.578991+00:00,PASS
1902844,Prof# (highest cycle),25,25,https://data-argo.ifremer.fr/dac/incois/1902844/profiles/ [recognized filenames; distinct positive cycles],25,25,"Maximum recognized published cycle, not available count",UPSTREAM LISTING VERIFIED,2026-09-20T21:44:51.578991+00:00,PASS
1902844,Profiles Missing,1,1,https://data-argo.ifremer.fr/dac/incois/1902844/profiles/ [recognized filenames; distinct positive cycles],1,1,Missing cycle numbers in 1..Prof# across recognized profile families,UPSTREAM LISTING VERIFIED,2026-09-20T21:44:51.578991+00:00,PASS
2901304,WMO ID,2901304,2901304,config/metadata/meta.csv:5 [WMO id] | https://data-argo.ifremer.fr/dac/incois/2901304/2901304_meta.nc [PLATFORM_NUMBER],2901304,2901304,Current preset WMO; validate upstream PLATFORM_NUMBER,LOCAL + UPSTREAM VERIFIED,2026-09-20T21:44:51.578991+00:00,PASS
2901304,Internal ID,102525,102525,"config/metadata/meta.csv:5 [Argos number, else imei]",Not used: local registry only; operational identity not independently verified,102525,"Local PTT, else local IMEI; unavailable stays null",LOCAL SOURCE MATCH,2026-09-20T21:44:51.578991+00:00,PASS
2901304,Float Type,APEX,APEX,config/metadata/meta.csv + MultiCsvLoader.load_info(wmo).float_type → preset.platform_type | https://data-argo.ifremer.fr/dac/incois/2901304/2901304_meta.nc [PLATFORM_TYPE],APEX,APEX,Preset platform_type; public metadata cross-check where available,LOCAL + UPSTREAM VERIFIED,2026-09-20T21:44:51.578991+00:00,PASS
2901304,Latitude,58.870°S,-58.87,https://data-argo.ifremer.fr/dac/incois/2901304/2901304_Rtraj.nc [LATITUDE index 532; JULD; POSITION_QC=1],-58.87,-58.87,"Newest paired QC 1/2 position, same source row as longitude; table rounds to 3 decimals",UPSTREAM VERIFIED,2026-09-20T21:44:51.578991+00:00,PASS
2901304,Longitude,72.648°E,72.648,https://data-argo.ifremer.fr/dac/incois/2901304/2901304_Rtraj.nc [LONGITUDE index 532; JULD; POSITION_QC=1],72.648,72.648,"Newest paired QC 1/2 position, same source row as latitude; table rounds to 3 decimals",UPSTREAM VERIFIED,2026-09-20T21:44:51.578991+00:00,PASS
2901304,Last Transmission,2011-09-22 08:47 UTC,2011-09-22T08:47:29+00:00,https://data-argo.ifremer.fr/dac/incois/2901304/2901304_Rtraj.nc [JULD_LAST_MESSAGE index 22; raw JULD=22544.366307870372],JULD_LAST_MESSAGE[22] = 22544.366307870372 days since 1950-01-01 UTC,2011-09-22T08:47:29+00:00,Maximum valid authoritative per-cycle field; UTC; no measurement/profile substitution,UPSTREAM VERIFIED,2026-09-20T21:44:51.578991+00:00,PASS
2901304,Expected Next Communication,2011-10-02 08:47 UTC,2011-10-02T08:47:29+00:00,https://data-argo.ifremer.fr/dac/incois/2901304/2901304_Rtraj.nc [JULD_LAST_MESSAGE index 22; raw JULD=22544.366307870372],2011-09-22T08:47:29+00:00,2011-10-02T08:47:29+00:00,Last Transmission +10 exact UTC days,POLICY CALCULATION VERIFIED,2026-09-20T21:44:51.578991+00:00,PASS
2901304,No Communication / elapsed days,5477 d,5477.5398446642475,https://data-argo.ifremer.fr/dac/incois/2901304/2901304_Rtraj.nc [JULD_LAST_MESSAGE index 22; raw JULD=22544.366307870372],2011-09-22T08:47:29+00:00,5477.5398446642475,(API generated_at - Last Transmission)/86400; UI floors completed days,POLICY CALCULATION VERIFIED,2026-09-20T21:44:51.578991+00:00,PASS
2901304,Communication Status,NO COMMUNICATION 60+ DAYS,NO COMMUNICATION 60+ DAYS,https://data-argo.ifremer.fr/dac/incois/2901304/2901304_Rtraj.nc [JULD_LAST_MESSAGE index 22; raw JULD=22544.366307870372],2011-09-22T08:47:29+00:00,NO COMMUNICATION 60+ DAYS,<=10 ACTIVE; >10 and <60 OVERDUE; >=60 NO COMMUNICATION; no timestamp NO DATA,POLICY CALCULATION VERIFIED,2026-09-20T21:44:51.578991+00:00,PASS
2901304,Prof# (highest cycle),20,20,https://data-argo.ifremer.fr/dac/incois/2901304/profiles/ [recognized filenames; distinct positive cycles],20,20,"Maximum recognized published cycle, not available count",UPSTREAM LISTING VERIFIED,2026-09-20T21:44:51.578991+00:00,PASS
2901304,Profiles Missing,0,0,https://data-argo.ifremer.fr/dac/incois/2901304/profiles/ [recognized filenames; distinct positive cycles],0,0,Missing cycle numbers in 1..Prof# across recognized profile families,UPSTREAM LISTING VERIFIED,2026-09-20T21:44:51.578991+00:00,PASS
2901305,WMO ID,2901305,2901305,config/metadata/meta.csv:6 [WMO id] | https://data-argo.ifremer.fr/dac/incois/2901305/2901305_meta.nc [PLATFORM_NUMBER],2901305,2901305,Current preset WMO; validate upstream PLATFORM_NUMBER,LOCAL + UPSTREAM VERIFIED,2026-09-20T21:44:51.578991+00:00,PASS
2901305,Internal ID,102526,102526,"config/metadata/meta.csv:6 [Argos number, else imei]",Not used: local registry only; operational identity not independently verified,102526,"Local PTT, else local IMEI; unavailable stays null",LOCAL SOURCE MATCH,2026-09-20T21:44:51.578991+00:00,PASS
2901305,Float Type,APEX,APEX,config/metadata/meta.csv + MultiCsvLoader.load_info(wmo).float_type → preset.platform_type | https://data-argo.ifremer.fr/dac/incois/2901305/2901305_meta.nc [PLATFORM_TYPE],APEX,APEX,Preset platform_type; public metadata cross-check where available,LOCAL + UPSTREAM VERIFIED,2026-09-20T21:44:51.578991+00:00,PASS
2901305,Latitude,62.021°S,-62.021,https://data-argo.ifremer.fr/dac/incois/2901305/2901305_Rtraj.nc [LATITUDE index 969; JULD; POSITION_QC=1],-62.021,-62.021,"Newest paired QC 1/2 position, same source row as longitude; table rounds to 3 decimals",UPSTREAM VERIFIED,2026-09-20T21:44:51.578991+00:00,PASS
2901305,Longitude,60.694°E,60.694,https://data-argo.ifremer.fr/dac/incois/2901305/2901305_Rtraj.nc [LONGITUDE index 969; JULD; POSITION_QC=1],60.694,60.694,"Newest paired QC 1/2 position, same source row as latitude; table rounds to 3 decimals",UPSTREAM VERIFIED,2026-09-20T21:44:51.578991+00:00,PASS
2901305,Last Transmission,—,,No last-message or transmission-end field. Generic measurement JULD is not used.,No last-message or transmission-end field. Generic measurement JULD is not used.,,Maximum valid authoritative per-cycle field; UTC; no measurement/profile substitution,UNAVAILABLE; NOT INFERRED,2026-09-20T21:44:51.578991+00:00,PASS
2901305,Expected Next Communication,—,,No last-message or transmission-end field. Generic measurement JULD is not used.,No last-message or transmission-end field. Generic measurement JULD is not used.,,Last Transmission +10 exact UTC days,UNAVAILABLE; NOT INFERRED,2026-09-20T21:44:51.578991+00:00,PASS
2901305,No Communication / elapsed days,—,,No last-message or transmission-end field. Generic measurement JULD is not used.,No last-message or transmission-end field. Generic measurement JULD is not used.,,(API generated_at - Last Transmission)/86400; UI floors completed days,UNAVAILABLE; NOT INFERRED,2026-09-20T21:44:51.578991+00:00,PASS
2901305,Communication Status,NO DATA,NO DATA,No last-message or transmission-end field. Generic measurement JULD is not used.,No last-message or transmission-end field. Generic measurement JULD is not used.,NO DATA,<=10 ACTIVE; >10 and <60 OVERDUE; >=60 NO COMMUNICATION; no timestamp NO DATA,UNAVAILABLE; NOT INFERRED,2026-09-20T21:44:51.578991+00:00,PASS
2901305,Prof# (highest cycle),27,27,https://data-argo.ifremer.fr/dac/incois/2901305/profiles/ [recognized filenames; distinct positive cycles],27,27,"Maximum recognized published cycle, not available count",UPSTREAM LISTING VERIFIED,2026-09-20T21:44:51.578991+00:00,PASS
2901305,Profiles Missing,0,0,https://data-argo.ifremer.fr/dac/incois/2901305/profiles/ [recognized filenames; distinct positive cycles],0,0,Missing cycle numbers in 1..Prof# across recognized profile families,UPSTREAM LISTING VERIFIED,2026-09-20T21:44:51.578991+00:00,PASS
2901328,WMO ID,2901328,2901328,config/metadata/meta.csv:7 [WMO id] | https://data-argo.ifremer.fr/dac/incois/2901328/2901328_meta.nc [PLATFORM_NUMBER],2901328,2901328,Current preset WMO; validate upstream PLATFORM_NUMBER,LOCAL + UPSTREAM VERIFIED,2026-09-20T21:44:51.578991+00:00,PASS
2901328,Internal ID,102507,102507,"config/metadata/meta.csv:7 [Argos number, else imei]",Not used: local registry only; operational identity not independently verified,102507,"Local PTT, else local IMEI; unavailable stays null",LOCAL SOURCE MATCH,2026-09-20T21:44:51.578991+00:00,PASS
2901328,Float Type,APEX,APEX,config/metadata/meta.csv + MultiCsvLoader.load_info(wmo).float_type → preset.platform_type | https://data-argo.ifremer.fr/dac/incois/2901328/2901328_meta.nc [PLATFORM_TYPE],APEX,APEX,Preset platform_type; public metadata cross-check where available,LOCAL + UPSTREAM VERIFIED,2026-09-20T21:44:51.578991+00:00,PASS
2901328,Latitude,11.826°N,11.826,https://data-argo.ifremer.fr/dac/incois/2901328/profiles/D2901328_098.nc [LATITUDE index 0; JULD_LOCATION; POSITION_QC=1],11.826,11.826,"Newest paired QC 1/2 position, same source row as longitude; table rounds to 3 decimals",UPSTREAM VERIFIED,2026-09-20T21:44:51.578991+00:00,PASS
2901328,Longitude,80.065°E,80.065,https://data-argo.ifremer.fr/dac/incois/2901328/profiles/D2901328_098.nc [LONGITUDE index 0; JULD_LOCATION; POSITION_QC=1],80.065,80.065,"Newest paired QC 1/2 position, same source row as latitude; table rounds to 3 decimals",UPSTREAM VERIFIED,2026-09-20T21:44:51.578991+00:00,PASS
2901328,Last Transmission,—,,No last-message or transmission-end field. Generic measurement JULD is not used.,No last-message or transmission-end field. Generic measurement JULD is not used.,,Maximum valid authoritative per-cycle field; UTC; no measurement/profile substitution,UNAVAILABLE; NOT INFERRED,2026-09-20T21:44:51.578991+00:00,PASS
2901328,Expected Next Communication,—,,No last-message or transmission-end field. Generic measurement JULD is not used.,No last-message or transmission-end field. Generic measurement JULD is not used.,,Last Transmission +10 exact UTC days,UNAVAILABLE; NOT INFERRED,2026-09-20T21:44:51.578991+00:00,PASS
2901328,No Communication / elapsed days,—,,No last-message or transmission-end field. Generic measurement JULD is not used.,No last-message or transmission-end field. Generic measurement JULD is not used.,,(API generated_at - Last Transmission)/86400; UI floors completed days,UNAVAILABLE; NOT INFERRED,2026-09-20T21:44:51.578991+00:00,PASS
2901328,Communication Status,NO DATA,NO DATA,No last-message or transmission-end field. Generic measurement JULD is not used.,No last-message or transmission-end field. Generic measurement JULD is not used.,NO DATA,<=10 ACTIVE; >10 and <60 OVERDUE; >=60 NO COMMUNICATION; no timestamp NO DATA,UNAVAILABLE; NOT INFERRED,2026-09-20T21:44:51.578991+00:00,PASS
2901328,Prof# (highest cycle),98,98,https://data-argo.ifremer.fr/dac/incois/2901328/profiles/ [recognized filenames; distinct positive cycles],98,98,"Maximum recognized published cycle, not available count",UPSTREAM LISTING VERIFIED,2026-09-20T21:44:51.578991+00:00,PASS
2901328,Profiles Missing,6,6,https://data-argo.ifremer.fr/dac/incois/2901328/profiles/ [recognized filenames; distinct positive cycles],6,6,Missing cycle numbers in 1..Prof# across recognized profile families,UPSTREAM LISTING VERIFIED,2026-09-20T21:44:51.578991+00:00,PASS
2901339,WMO ID,2901339,2901339,config/metadata/meta.csv:8 [WMO id] | https://data-argo.ifremer.fr/dac/incois/2901339/2901339_meta.nc [PLATFORM_NUMBER],2901339,2901339,Current preset WMO; validate upstream PLATFORM_NUMBER,LOCAL + UPSTREAM VERIFIED,2026-09-20T21:44:51.578991+00:00,PASS
2901339,Internal ID,102510,102510,"config/metadata/meta.csv:8 [Argos number, else imei]",Not used: local registry only; operational identity not independently verified,102510,"Local PTT, else local IMEI; unavailable stays null",LOCAL SOURCE MATCH,2026-09-20T21:44:51.578991+00:00,PASS
2901339,Float Type,APEX,APEX,config/metadata/meta.csv + MultiCsvLoader.load_info(wmo).float_type → preset.platform_type | https://data-argo.ifremer.fr/dac/incois/2901339/2901339_meta.nc [PLATFORM_TYPE],APEX,APEX,Preset platform_type; public metadata cross-check where available,LOCAL + UPSTREAM VERIFIED,2026-09-20T21:44:51.578991+00:00,PASS
2901339,Latitude,10.536°N,10.536,https://data-argo.ifremer.fr/dac/incois/2901339/2901339_Rtraj.nc [LATITUDE index 5550; JULD; POSITION_QC=1],10.536,10.536,"Newest paired QC 1/2 position, same source row as longitude; table rounds to 3 decimals",UPSTREAM VERIFIED,2026-09-20T21:44:51.578991+00:00,PASS
2901339,Longitude,70.362°E,70.362,https://data-argo.ifremer.fr/dac/incois/2901339/2901339_Rtraj.nc [LONGITUDE index 5550; JULD; POSITION_QC=1],70.362,70.362,"Newest paired QC 1/2 position, same source row as latitude; table rounds to 3 decimals",UPSTREAM VERIFIED,2026-09-20T21:44:51.578991+00:00,PASS
2901339,Last Transmission,2020-12-20 06:39 UTC,2020-12-20T06:39:57+00:00,https://data-argo.ifremer.fr/dac/incois/2901339/2901339_Rtraj.nc [JULD_LAST_MESSAGE index 215; raw JULD=25921.277743055485],JULD_LAST_MESSAGE[215] = 25921.277743055485 days since 1950-01-01 UTC,2020-12-20T06:39:57+00:00,Maximum valid authoritative per-cycle field; UTC; no measurement/profile substitution,UPSTREAM VERIFIED,2026-09-20T21:44:51.578991+00:00,PASS
2901339,Expected Next Communication,2020-12-30 06:39 UTC,2020-12-30T06:39:57+00:00,https://data-argo.ifremer.fr/dac/incois/2901339/2901339_Rtraj.nc [JULD_LAST_MESSAGE index 215; raw JULD=25921.277743055485],2020-12-20T06:39:57+00:00,2020-12-30T06:39:57+00:00,Last Transmission +10 exact UTC days,POLICY CALCULATION VERIFIED,2026-09-20T21:44:51.578991+00:00,PASS
2901339,No Communication / elapsed days,2100 d,2100.6284094790626,https://data-argo.ifremer.fr/dac/incois/2901339/2901339_Rtraj.nc [JULD_LAST_MESSAGE index 215; raw JULD=25921.277743055485],2020-12-20T06:39:57+00:00,2100.6284094790626,(API generated_at - Last Transmission)/86400; UI floors completed days,POLICY CALCULATION VERIFIED,2026-09-20T21:44:51.578991+00:00,PASS
2901339,Communication Status,NO COMMUNICATION 60+ DAYS,NO COMMUNICATION 60+ DAYS,https://data-argo.ifremer.fr/dac/incois/2901339/2901339_Rtraj.nc [JULD_LAST_MESSAGE index 215; raw JULD=25921.277743055485],2020-12-20T06:39:57+00:00,NO COMMUNICATION 60+ DAYS,<=10 ACTIVE; >10 and <60 OVERDUE; >=60 NO COMMUNICATION; no timestamp NO DATA,POLICY CALCULATION VERIFIED,2026-09-20T21:44:51.578991+00:00,PASS
2901339,Prof# (highest cycle),329,329,https://data-argo.ifremer.fr/dac/incois/2901339/profiles/ [recognized filenames; distinct positive cycles],329,329,"Maximum recognized published cycle, not available count",UPSTREAM LISTING VERIFIED,2026-09-20T21:44:51.578991+00:00,PASS
2901339,Profiles Missing,0,0,https://data-argo.ifremer.fr/dac/incois/2901339/profiles/ [recognized filenames; distinct positive cycles],0,0,Missing cycle numbers in 1..Prof# across recognized profile families,UPSTREAM LISTING VERIFIED,2026-09-20T21:44:51.578991+00:00,PASS
2901350,WMO ID,2901350,2901350,config/metadata/meta.csv:9 [WMO id] | https://data-argo.ifremer.fr/dac/incois/2901350/2901350_meta.nc [PLATFORM_NUMBER],2901350,2901350,Current preset WMO; validate upstream PLATFORM_NUMBER,LOCAL + UPSTREAM VERIFIED,2026-09-20T21:44:51.578991+00:00,PASS
2901350,Internal ID,75415,75415,"config/metadata/meta.csv:9 [Argos number, else imei]",Not used: local registry only; operational identity not independently verified,75415,"Local PTT, else local IMEI; unavailable stays null",LOCAL SOURCE MATCH,2026-09-20T21:44:51.578991+00:00,PASS
2901350,Float Type,APEX,APEX,config/metadata/meta.csv + MultiCsvLoader.load_info(wmo).float_type → preset.platform_type | https://data-argo.ifremer.fr/dac/incois/2901350/2901350_meta.nc [PLATFORM_TYPE],APEX,APEX,Preset platform_type; public metadata cross-check where available,LOCAL + UPSTREAM VERIFIED,2026-09-20T21:44:51.578991+00:00,PASS
2901350,Latitude,51.059°S,-51.059,https://data-argo.ifremer.fr/dac/incois/2901350/profiles/D2901350_301.nc [LATITUDE index 0; JULD_LOCATION; POSITION_QC=1],-51.059,-51.059,"Newest paired QC 1/2 position, same source row as longitude; table rounds to 3 decimals",UPSTREAM VERIFIED,2026-09-20T21:44:51.578991+00:00,PASS
2901350,Longitude,114.149°W,-114.149,https://data-argo.ifremer.fr/dac/incois/2901350/profiles/D2901350_301.nc [LONGITUDE index 0; JULD_LOCATION; POSITION_QC=1],-114.149,-114.149,"Newest paired QC 1/2 position, same source row as latitude; table rounds to 3 decimals",UPSTREAM VERIFIED,2026-09-20T21:44:51.578991+00:00,PASS
2901350,Last Transmission,2020-04-26 18:09 UTC,2020-04-26T18:09:24+00:00,https://data-argo.ifremer.fr/dac/incois/2901350/2901350_Rtraj.nc [JULD_LAST_MESSAGE index 191; raw JULD=25683.75652777776],JULD_LAST_MESSAGE[191] = 25683.75652777776 days since 1950-01-01 UTC,2020-04-26T18:09:24+00:00,Maximum valid authoritative per-cycle field; UTC; no measurement/profile substitution,UPSTREAM VERIFIED,2026-09-20T21:44:51.578991+00:00,PASS
2901350,Expected Next Communication,2020-05-06 18:09 UTC,2020-05-06T18:09:24+00:00,https://data-argo.ifremer.fr/dac/incois/2901350/2901350_Rtraj.nc [JULD_LAST_MESSAGE index 191; raw JULD=25683.75652777776],2020-04-26T18:09:24+00:00,2020-05-06T18:09:24+00:00,Last Transmission +10 exact UTC days,POLICY CALCULATION VERIFIED,2026-09-20T21:44:51.578991+00:00,PASS
2901350,No Communication / elapsed days,2338 d,2338.1496247568402,https://data-argo.ifremer.fr/dac/incois/2901350/2901350_Rtraj.nc [JULD_LAST_MESSAGE index 191; raw JULD=25683.75652777776],2020-04-26T18:09:24+00:00,2338.1496247568402,(API generated_at - Last Transmission)/86400; UI floors completed days,POLICY CALCULATION VERIFIED,2026-09-20T21:44:51.578991+00:00,PASS
2901350,Communication Status,NO COMMUNICATION 60+ DAYS,NO COMMUNICATION 60+ DAYS,https://data-argo.ifremer.fr/dac/incois/2901350/2901350_Rtraj.nc [JULD_LAST_MESSAGE index 191; raw JULD=25683.75652777776],2020-04-26T18:09:24+00:00,NO COMMUNICATION 60+ DAYS,<=10 ACTIVE; >10 and <60 OVERDUE; >=60 NO COMMUNICATION; no timestamp NO DATA,POLICY CALCULATION VERIFIED,2026-09-20T21:44:51.578991+00:00,PASS
2901350,Prof# (highest cycle),301,301,https://data-argo.ifremer.fr/dac/incois/2901350/profiles/ [recognized filenames; distinct positive cycles],301,301,"Maximum recognized published cycle, not available count",UPSTREAM LISTING VERIFIED,2026-09-20T21:44:51.578991+00:00,PASS
2901350,Profiles Missing,0,0,https://data-argo.ifremer.fr/dac/incois/2901350/profiles/ [recognized filenames; distinct positive cycles],0,0,Missing cycle numbers in 1..Prof# across recognized profile families,UPSTREAM LISTING VERIFIED,2026-09-20T21:44:51.578991+00:00,PASS
2902086,WMO ID,2902086,2902086,config/metadata/provor_cts4_301_reference.csv [wmo]; path_resolver._discover_cts4_presets | https://data-argo.ifremer.fr/dac/incois/2902086/2902086_meta.nc [PLATFORM_NUMBER],2902086,2902086,Current preset WMO; validate upstream PLATFORM_NUMBER,LOCAL + UPSTREAM VERIFIED,2026-09-20T21:44:51.578991+00:00,PASS
2902086,Internal ID,—,,No PTT/IMEI in local identity registries (sanitized CTS4 data),Not used: local registry only; operational identity not independently verified,,"Local PTT, else local IMEI; unavailable stays null",LOCAL SOURCE MATCH (sanitized/unavailable),2026-09-20T21:44:51.578991+00:00,PASS
2902086,Float Type,PROVOR_III,PROVOR_III,service/path_resolver.py:_discover_cts4_presets [platform_type=PROVOR_III] | https://data-argo.ifremer.fr/dac/incois/2902086/2902086_meta.nc [PLATFORM_TYPE],PROVOR_III,PROVOR_III,Preset platform_type; public metadata cross-check where available,LOCAL + UPSTREAM VERIFIED,2026-09-20T21:44:51.578991+00:00,PASS
2902086,Latitude,18.330°N,18.33004,https://data-argo.ifremer.fr/dac/incois/2902086/2902086_Rtraj.nc [LATITUDE index 27995; JULD; POSITION_QC=1],18.33004,18.33004,"Newest paired QC 1/2 position, same source row as longitude; table rounds to 3 decimals",UPSTREAM VERIFIED,2026-09-20T21:44:51.578991+00:00,PASS
2902086,Longitude,84.768°E,84.76787,https://data-argo.ifremer.fr/dac/incois/2902086/2902086_Rtraj.nc [LONGITUDE index 27995; JULD; POSITION_QC=1],84.76787,84.76787,"Newest paired QC 1/2 position, same source row as latitude; table rounds to 3 decimals",UPSTREAM VERIFIED,2026-09-20T21:44:51.578991+00:00,PASS
2902086,Last Transmission,2016-02-16 04:34 UTC,2016-02-16T04:34:35+00:00,https://data-argo.ifremer.fr/dac/incois/2902086/2902086_Rtraj.nc [JULD_LAST_MESSAGE index 244; raw JULD=24152.190682870336],JULD_LAST_MESSAGE[244] = 24152.190682870336 days since 1950-01-01 UTC,2016-02-16T04:34:35+00:00,Maximum valid authoritative per-cycle field; UTC; no measurement/profile substitution,UPSTREAM VERIFIED,2026-09-20T21:44:51.578991+00:00,PASS
2902086,Expected Next Communication,2016-02-26 04:34 UTC,2016-02-26T04:34:35+00:00,https://data-argo.ifremer.fr/dac/incois/2902086/2902086_Rtraj.nc [JULD_LAST_MESSAGE index 244; raw JULD=24152.190682870336],2016-02-16T04:34:35+00:00,2016-02-26T04:34:35+00:00,Last Transmission +10 exact UTC days,POLICY CALCULATION VERIFIED,2026-09-20T21:44:51.578991+00:00,PASS
2902086,No Communication / elapsed days,3869 d,3869.715469664248,https://data-argo.ifremer.fr/dac/incois/2902086/2902086_Rtraj.nc [JULD_LAST_MESSAGE index 244; raw JULD=24152.190682870336],2016-02-16T04:34:35+00:00,3869.715469664248,(API generated_at - Last Transmission)/86400; UI floors completed days,POLICY CALCULATION VERIFIED,2026-09-20T21:44:51.578991+00:00,PASS
2902086,Communication Status,NO COMMUNICATION 60+ DAYS,NO COMMUNICATION 60+ DAYS,https://data-argo.ifremer.fr/dac/incois/2902086/2902086_Rtraj.nc [JULD_LAST_MESSAGE index 244; raw JULD=24152.190682870336],2016-02-16T04:34:35+00:00,NO COMMUNICATION 60+ DAYS,<=10 ACTIVE; >10 and <60 OVERDUE; >=60 NO COMMUNICATION; no timestamp NO DATA,POLICY CALCULATION VERIFIED,2026-09-20T21:44:51.578991+00:00,PASS
2902086,Prof# (highest cycle),244,244,https://data-argo.ifremer.fr/dac/incois/2902086/profiles/ [recognized filenames; distinct positive cycles],244,244,"Maximum recognized published cycle, not available count",UPSTREAM LISTING VERIFIED,2026-09-20T21:44:51.578991+00:00,PASS
2902086,Profiles Missing,0,0,https://data-argo.ifremer.fr/dac/incois/2902086/profiles/ [recognized filenames; distinct positive cycles],0,0,Missing cycle numbers in 1..Prof# across recognized profile families,UPSTREAM LISTING VERIFIED,2026-09-20T21:44:51.578991+00:00,PASS
2902087,WMO ID,2902087,2902087,config/metadata/provor_cts4_301_reference.csv [wmo]; path_resolver._discover_cts4_presets | https://data-argo.ifremer.fr/dac/incois/2902087/2902087_meta.nc [PLATFORM_NUMBER],2902087,2902087,Current preset WMO; validate upstream PLATFORM_NUMBER,LOCAL + UPSTREAM VERIFIED,2026-09-20T21:44:51.578991+00:00,PASS
2902087,Internal ID,—,,No PTT/IMEI in local identity registries (sanitized CTS4 data),Not used: local registry only; operational identity not independently verified,,"Local PTT, else local IMEI; unavailable stays null",LOCAL SOURCE MATCH (sanitized/unavailable),2026-09-20T21:44:51.578991+00:00,PASS
2902087,Float Type,PROVOR_III,PROVOR_III,service/path_resolver.py:_discover_cts4_presets [platform_type=PROVOR_III] | https://data-argo.ifremer.fr/dac/incois/2902087/2902087_meta.nc [PLATFORM_TYPE],PROVOR_III,PROVOR_III,Preset platform_type; public metadata cross-check where available,LOCAL + UPSTREAM VERIFIED,2026-09-20T21:44:51.578991+00:00,PASS
2902087,Latitude,12.247°N,12.24699,https://data-argo.ifremer.fr/dac/incois/2902087/2902087_Rtraj.nc [LATITUDE index 35147; JULD; POSITION_QC=1],12.24699,12.24699,"Newest paired QC 1/2 position, same source row as longitude; table rounds to 3 decimals",UPSTREAM VERIFIED,2026-09-20T21:44:51.578991+00:00,PASS
2902087,Longitude,80.731°E,80.7311,https://data-argo.ifremer.fr/dac/incois/2902087/2902087_Rtraj.nc [LONGITUDE index 35147; JULD; POSITION_QC=1],80.7311,80.7311,"Newest paired QC 1/2 position, same source row as latitude; table rounds to 3 decimals",UPSTREAM VERIFIED,2026-09-20T21:44:51.578991+00:00,PASS
2902087,Last Transmission,2016-08-14 04:15 UTC,2016-08-14T04:15:12+00:00,https://data-argo.ifremer.fr/dac/incois/2902087/2902087_Rtraj.nc [JULD_LAST_MESSAGE index 323; raw JULD=24332.177222222206],JULD_LAST_MESSAGE[323] = 24332.177222222206 days since 1950-01-01 UTC,2016-08-14T04:15:12+00:00,Maximum valid authoritative per-cycle field; UTC; no measurement/profile substitution,UPSTREAM VERIFIED,2026-09-20T21:44:51.578991+00:00,PASS
2902087,Expected Next Communication,2016-08-24 04:15 UTC,2016-08-24T04:15:12+00:00,https://data-argo.ifremer.fr/dac/incois/2902087/2902087_Rtraj.nc [JULD_LAST_MESSAGE index 323; raw JULD=24332.177222222206],2016-08-14T04:15:12+00:00,2016-08-24T04:15:12+00:00,Last Transmission +10 exact UTC days,POLICY CALCULATION VERIFIED,2026-09-20T21:44:51.578991+00:00,PASS
2902087,No Communication / elapsed days,3689 d,3689.7289303123957,https://data-argo.ifremer.fr/dac/incois/2902087/2902087_Rtraj.nc [JULD_LAST_MESSAGE index 323; raw JULD=24332.177222222206],2016-08-14T04:15:12+00:00,3689.7289303123957,(API generated_at - Last Transmission)/86400; UI floors completed days,POLICY CALCULATION VERIFIED,2026-09-20T21:44:51.578991+00:00,PASS
2902087,Communication Status,NO COMMUNICATION 60+ DAYS,NO COMMUNICATION 60+ DAYS,https://data-argo.ifremer.fr/dac/incois/2902087/2902087_Rtraj.nc [JULD_LAST_MESSAGE index 323; raw JULD=24332.177222222206],2016-08-14T04:15:12+00:00,NO COMMUNICATION 60+ DAYS,<=10 ACTIVE; >10 and <60 OVERDUE; >=60 NO COMMUNICATION; no timestamp NO DATA,POLICY CALCULATION VERIFIED,2026-09-20T21:44:51.578991+00:00,PASS
2902087,Prof# (highest cycle),323,323,https://data-argo.ifremer.fr/dac/incois/2902087/profiles/ [recognized filenames; distinct positive cycles],323,323,"Maximum recognized published cycle, not available count",UPSTREAM LISTING VERIFIED,2026-09-20T21:44:51.578991+00:00,PASS
2902087,Profiles Missing,0,0,https://data-argo.ifremer.fr/dac/incois/2902087/profiles/ [recognized filenames; distinct positive cycles],0,0,Missing cycle numbers in 1..Prof# across recognized profile families,UPSTREAM LISTING VERIFIED,2026-09-20T21:44:51.578991+00:00,PASS
2902088,WMO ID,2902088,2902088,config/metadata/provor_cts4_301_reference.csv [wmo]; path_resolver._discover_cts4_presets | https://data-argo.ifremer.fr/dac/incois/2902088/2902088_meta.nc [PLATFORM_NUMBER],2902088,2902088,Current preset WMO; validate upstream PLATFORM_NUMBER,LOCAL + UPSTREAM VERIFIED,2026-09-20T21:44:51.578991+00:00,PASS
2902088,Internal ID,—,,No PTT/IMEI in local identity registries (sanitized CTS4 data),Not used: local registry only; operational identity not independently verified,,"Local PTT, else local IMEI; unavailable stays null",LOCAL SOURCE MATCH (sanitized/unavailable),2026-09-20T21:44:51.578991+00:00,PASS
2902088,Float Type,PROVOR_III,PROVOR_III,service/path_resolver.py:_discover_cts4_presets [platform_type=PROVOR_III] | https://data-argo.ifremer.fr/dac/incois/2902088/2902088_meta.nc [PLATFORM_TYPE],PROVOR_III,PROVOR_III,Preset platform_type; public metadata cross-check where available,LOCAL + UPSTREAM VERIFIED,2026-09-20T21:44:51.578991+00:00,PASS
2902088,Latitude,4.275°S,-4.27467,https://data-argo.ifremer.fr/dac/incois/2902088/2902088_Rtraj.nc [LATITUDE index 32947; JULD; POSITION_QC=1],-4.27467,-4.27467,"Newest paired QC 1/2 position, same source row as longitude; table rounds to 3 decimals",UPSTREAM VERIFIED,2026-09-20T21:44:51.578991+00:00,PASS
2902088,Longitude,86.898°E,86.89816,https://data-argo.ifremer.fr/dac/incois/2902088/2902088_Rtraj.nc [LONGITUDE index 32947; JULD; POSITION_QC=1],86.89816,86.89816,"Newest paired QC 1/2 position, same source row as latitude; table rounds to 3 decimals",UPSTREAM VERIFIED,2026-09-20T21:44:51.578991+00:00,PASS
2902088,Last Transmission,2019-03-20 04:35 UTC,2019-03-20T04:35:01+00:00,https://data-argo.ifremer.fr/dac/incois/2902088/2902088_Rtraj.nc [JULD_LAST_MESSAGE index 229; raw JULD=25280.19098379626],JULD_LAST_MESSAGE[229] = 25280.19098379626 days since 1950-01-01 UTC,2019-03-20T04:35:01+00:00,Maximum valid authoritative per-cycle field; UTC; no measurement/profile substitution,UPSTREAM VERIFIED,2026-09-20T21:44:51.578991+00:00,PASS
2902088,Expected Next Communication,2019-03-30 04:35 UTC,2019-03-30T04:35:01+00:00,https://data-argo.ifremer.fr/dac/incois/2902088/2902088_Rtraj.nc [JULD_LAST_MESSAGE index 229; raw JULD=25280.19098379626],2019-03-20T04:35:01+00:00,2019-03-30T04:35:01+00:00,Last Transmission +10 exact UTC days,POLICY CALCULATION VERIFIED,2026-09-20T21:44:51.578991+00:00,PASS
2902088,No Communication / elapsed days,2741 d,2741.7151687383216,https://data-argo.ifremer.fr/dac/incois/2902088/2902088_Rtraj.nc [JULD_LAST_MESSAGE index 229; raw JULD=25280.19098379626],2019-03-20T04:35:01+00:00,2741.7151687383216,(API generated_at - Last Transmission)/86400; UI floors completed days,POLICY CALCULATION VERIFIED,2026-09-20T21:44:51.578991+00:00,PASS
2902088,Communication Status,NO COMMUNICATION 60+ DAYS,NO COMMUNICATION 60+ DAYS,https://data-argo.ifremer.fr/dac/incois/2902088/2902088_Rtraj.nc [JULD_LAST_MESSAGE index 229; raw JULD=25280.19098379626],2019-03-20T04:35:01+00:00,NO COMMUNICATION 60+ DAYS,<=10 ACTIVE; >10 and <60 OVERDUE; >=60 NO COMMUNICATION; no timestamp NO DATA,POLICY CALCULATION VERIFIED,2026-09-20T21:44:51.578991+00:00,PASS
2902088,Prof# (highest cycle),228,228,https://data-argo.ifremer.fr/dac/incois/2902088/profiles/ [recognized filenames; distinct positive cycles],228,228,"Maximum recognized published cycle, not available count",UPSTREAM LISTING VERIFIED,2026-09-20T21:44:51.578991+00:00,PASS
2902088,Profiles Missing,0,0,https://data-argo.ifremer.fr/dac/incois/2902088/profiles/ [recognized filenames; distinct positive cycles],0,0,Missing cycle numbers in 1..Prof# across recognized profile families,UPSTREAM LISTING VERIFIED,2026-09-20T21:44:51.578991+00:00,PASS
2902089,WMO ID,2902089,2902089,config/metadata/provor_cts4_301_reference.csv [wmo]; path_resolver._discover_cts4_presets | https://data-argo.ifremer.fr/dac/incois/2902089/2902089_meta.nc [PLATFORM_NUMBER],2902089,2902089,Current preset WMO; validate upstream PLATFORM_NUMBER,LOCAL + UPSTREAM VERIFIED,2026-09-20T21:44:51.578991+00:00,PASS
2902089,Internal ID,—,,No PTT/IMEI in local identity registries (sanitized CTS4 data),Not used: local registry only; operational identity not independently verified,,"Local PTT, else local IMEI; unavailable stays null",LOCAL SOURCE MATCH (sanitized/unavailable),2026-09-20T21:44:51.578991+00:00,PASS
2902089,Float Type,PROVOR_III,PROVOR_III,service/path_resolver.py:_discover_cts4_presets [platform_type=PROVOR_III] | https://data-argo.ifremer.fr/dac/incois/2902089/2902089_meta.nc [PLATFORM_TYPE],PROVOR_III,PROVOR_III,Preset platform_type; public metadata cross-check where available,LOCAL + UPSTREAM VERIFIED,2026-09-20T21:44:51.578991+00:00,PASS
2902089,Latitude,22.134°S,-22.13373,https://data-argo.ifremer.fr/dac/incois/2902089/2902089_Rtraj.nc [LATITUDE index 12899; JULD; POSITION_QC=1],-22.13373,-22.13373,"Newest paired QC 1/2 position, same source row as longitude; table rounds to 3 decimals",UPSTREAM VERIFIED,2026-09-20T21:44:51.578991+00:00,PASS
2902089,Longitude,61.943°E,61.94348,https://data-argo.ifremer.fr/dac/incois/2902089/2902089_Rtraj.nc [LONGITUDE index 12899; JULD; POSITION_QC=1],61.94348,61.94348,"Newest paired QC 1/2 position, same source row as latitude; table rounds to 3 decimals",UPSTREAM VERIFIED,2026-09-20T21:44:51.578991+00:00,PASS
2902089,Last Transmission,2013-10-29 14:21 UTC,2013-10-29T14:21:48+00:00,https://data-argo.ifremer.fr/dac/incois/2902089/2902089_Rtraj.nc [JULD_LAST_MESSAGE index 130; raw JULD=23312.59847222222],JULD_LAST_MESSAGE[130] = 23312.59847222222 days since 1950-01-01 UTC,2013-10-29T14:21:48+00:00,Maximum valid authoritative per-cycle field; UTC; no measurement/profile substitution,UPSTREAM VERIFIED,2026-09-20T21:44:51.578991+00:00,PASS
2902089,Expected Next Communication,2013-11-08 14:21 UTC,2013-11-08T14:21:48+00:00,https://data-argo.ifremer.fr/dac/incois/2902089/2902089_Rtraj.nc [JULD_LAST_MESSAGE index 130; raw JULD=23312.59847222222],2013-10-29T14:21:48+00:00,2013-11-08T14:21:48+00:00,Last Transmission +10 exact UTC days,POLICY CALCULATION VERIFIED,2026-09-20T21:44:51.578991+00:00,PASS
2902089,No Communication / elapsed days,4709 d,4709.307680312396,https://data-argo.ifremer.fr/dac/incois/2902089/2902089_Rtraj.nc [JULD_LAST_MESSAGE index 130; raw JULD=23312.59847222222],2013-10-29T14:21:48+00:00,4709.307680312396,(API generated_at - Last Transmission)/86400; UI floors completed days,POLICY CALCULATION VERIFIED,2026-09-20T21:44:51.578991+00:00,PASS
2902089,Communication Status,NO COMMUNICATION 60+ DAYS,NO COMMUNICATION 60+ DAYS,https://data-argo.ifremer.fr/dac/incois/2902089/2902089_Rtraj.nc [JULD_LAST_MESSAGE index 130; raw JULD=23312.59847222222],2013-10-29T14:21:48+00:00,NO COMMUNICATION 60+ DAYS,<=10 ACTIVE; >10 and <60 OVERDUE; >=60 NO COMMUNICATION; no timestamp NO DATA,POLICY CALCULATION VERIFIED,2026-09-20T21:44:51.578991+00:00,PASS
2902089,Prof# (highest cycle),130,130,https://data-argo.ifremer.fr/dac/incois/2902089/profiles/ [recognized filenames; distinct positive cycles],130,130,"Maximum recognized published cycle, not available count",UPSTREAM LISTING VERIFIED,2026-09-20T21:44:51.578991+00:00,PASS
2902089,Profiles Missing,0,0,https://data-argo.ifremer.fr/dac/incois/2902089/profiles/ [recognized filenames; distinct positive cycles],0,0,Missing cycle numbers in 1..Prof# across recognized profile families,UPSTREAM LISTING VERIFIED,2026-09-20T21:44:51.578991+00:00,PASS
2902090,WMO ID,2902090,2902090,config/metadata/provor_cts4_301_reference.csv [wmo]; path_resolver._discover_cts4_presets | https://data-argo.ifremer.fr/dac/incois/2902090/2902090_meta.nc [PLATFORM_NUMBER],2902090,2902090,Current preset WMO; validate upstream PLATFORM_NUMBER,LOCAL + UPSTREAM VERIFIED,2026-09-20T21:44:51.578991+00:00,PASS
2902090,Internal ID,—,,No PTT/IMEI in local identity registries (sanitized CTS4 data),Not used: local registry only; operational identity not independently verified,,"Local PTT, else local IMEI; unavailable stays null",LOCAL SOURCE MATCH (sanitized/unavailable),2026-09-20T21:44:51.578991+00:00,PASS
2902090,Float Type,PROVOR_III,PROVOR_III,service/path_resolver.py:_discover_cts4_presets [platform_type=PROVOR_III] | https://data-argo.ifremer.fr/dac/incois/2902090/2902090_meta.nc [PLATFORM_TYPE],PROVOR_III,PROVOR_III,Preset platform_type; public metadata cross-check where available,LOCAL + UPSTREAM VERIFIED,2026-09-20T21:44:51.578991+00:00,PASS
2902090,Latitude,57.092°S,-57.09159,https://data-argo.ifremer.fr/dac/incois/2902090/2902090_Rtraj.nc [LATITUDE index 1707; JULD; POSITION_QC=2],-57.09159,-57.09159,"Newest paired QC 1/2 position, same source row as longitude; table rounds to 3 decimals",UPSTREAM VERIFIED,2026-09-20T21:44:51.578991+00:00,PASS
2902090,Longitude,53.104°E,53.10369,https://data-argo.ifremer.fr/dac/incois/2902090/2902090_Rtraj.nc [LONGITUDE index 1707; JULD; POSITION_QC=2],53.10369,53.10369,"Newest paired QC 1/2 position, same source row as latitude; table rounds to 3 decimals",UPSTREAM VERIFIED,2026-09-20T21:44:51.578991+00:00,PASS
2902090,Last Transmission,2013-05-13 04:06 UTC,2013-05-13T04:06:07+00:00,https://data-argo.ifremer.fr/dac/incois/2902090/2902090_Rtraj.nc [JULD_LAST_MESSAGE index 16; raw JULD=23143.170914351824],JULD_LAST_MESSAGE[16] = 23143.170914351824 days since 1950-01-01 UTC,2013-05-13T04:06:07+00:00,Maximum valid authoritative per-cycle field; UTC; no measurement/profile substitution,UPSTREAM VERIFIED,2026-09-20T21:44:51.578991+00:00,PASS
2902090,Expected Next Communication,2013-05-23 04:06 UTC,2013-05-23T04:06:07+00:00,https://data-argo.ifremer.fr/dac/incois/2902090/2902090_Rtraj.nc [JULD_LAST_MESSAGE index 16; raw JULD=23143.170914351824],2013-05-13T04:06:07+00:00,2013-05-23T04:06:07+00:00,Last Transmission +10 exact UTC days,POLICY CALCULATION VERIFIED,2026-09-20T21:44:51.578991+00:00,PASS
2902090,No Communication / elapsed days,4878 d,4878.735238182766,https://data-argo.ifremer.fr/dac/incois/2902090/2902090_Rtraj.nc [JULD_LAST_MESSAGE index 16; raw JULD=23143.170914351824],2013-05-13T04:06:07+00:00,4878.735238182766,(API generated_at - Last Transmission)/86400; UI floors completed days,POLICY CALCULATION VERIFIED,2026-09-20T21:44:51.578991+00:00,PASS
2902090,Communication Status,NO COMMUNICATION 60+ DAYS,NO COMMUNICATION 60+ DAYS,https://data-argo.ifremer.fr/dac/incois/2902090/2902090_Rtraj.nc [JULD_LAST_MESSAGE index 16; raw JULD=23143.170914351824],2013-05-13T04:06:07+00:00,NO COMMUNICATION 60+ DAYS,<=10 ACTIVE; >10 and <60 OVERDUE; >=60 NO COMMUNICATION; no timestamp NO DATA,POLICY CALCULATION VERIFIED,2026-09-20T21:44:51.578991+00:00,PASS
2902090,Prof# (highest cycle),16,16,https://data-argo.ifremer.fr/dac/incois/2902090/profiles/ [recognized filenames; distinct positive cycles],16,16,"Maximum recognized published cycle, not available count",UPSTREAM LISTING VERIFIED,2026-09-20T21:44:51.578991+00:00,PASS
2902090,Profiles Missing,0,0,https://data-argo.ifremer.fr/dac/incois/2902090/profiles/ [recognized filenames; distinct positive cycles],0,0,Missing cycle numbers in 1..Prof# across recognized profile families,UPSTREAM LISTING VERIFIED,2026-09-20T21:44:51.578991+00:00,PASS
2902091,WMO ID,2902091,2902091,config/metadata/provor_cts4_301_reference.csv [wmo]; path_resolver._discover_cts4_presets | https://data-argo.ifremer.fr/dac/incois/2902091/2902091_meta.nc [PLATFORM_NUMBER],2902091,2902091,Current preset WMO; validate upstream PLATFORM_NUMBER,LOCAL + UPSTREAM VERIFIED,2026-09-20T21:44:51.578991+00:00,PASS
2902091,Internal ID,—,,No PTT/IMEI in local identity registries (sanitized CTS4 data),Not used: local registry only; operational identity not independently verified,,"Local PTT, else local IMEI; unavailable stays null",LOCAL SOURCE MATCH (sanitized/unavailable),2026-09-20T21:44:51.578991+00:00,PASS
2902091,Float Type,PROVOR_III,PROVOR_III,service/path_resolver.py:_discover_cts4_presets [platform_type=PROVOR_III] | https://data-argo.ifremer.fr/dac/incois/2902091/2902091_meta.nc [PLATFORM_TYPE],PROVOR_III,PROVOR_III,Preset platform_type; public metadata cross-check where available,LOCAL + UPSTREAM VERIFIED,2026-09-20T21:44:51.578991+00:00,PASS
2902091,Latitude,4.383°N,4.38251,https://data-argo.ifremer.fr/dac/incois/2902091/2902091_Rtraj.nc [LATITUDE index 17014; JULD; POSITION_QC=2],4.38251,4.38251,"Newest paired QC 1/2 position, same source row as longitude; table rounds to 3 decimals",UPSTREAM VERIFIED,2026-09-20T21:44:51.578991+00:00,PASS
2902091,Longitude,84.440°E,84.44005,https://data-argo.ifremer.fr/dac/incois/2902091/2902091_Rtraj.nc [LONGITUDE index 17014; JULD; POSITION_QC=2],84.44005,84.44005,"Newest paired QC 1/2 position, same source row as latitude; table rounds to 3 decimals",UPSTREAM VERIFIED,2026-09-20T21:44:51.578991+00:00,PASS
2902091,Last Transmission,2013-12-24 12:49 UTC,2013-12-24T12:49:06+00:00,https://data-argo.ifremer.fr/dac/incois/2902091/2902091_Rtraj.nc [JULD_LAST_MESSAGE index 14; raw JULD=23368.534097222262],JULD_LAST_MESSAGE[14] = 23368.534097222262 days since 1950-01-01 UTC,2013-12-24T12:49:06+00:00,Maximum valid authoritative per-cycle field; UTC; no measurement/profile substitution,UPSTREAM VERIFIED,2026-09-20T21:44:51.578991+00:00,PASS
2902091,Expected Next Communication,2014-01-03 12:49 UTC,2014-01-03T12:49:06+00:00,https://data-argo.ifremer.fr/dac/incois/2902091/2902091_Rtraj.nc [JULD_LAST_MESSAGE index 14; raw JULD=23368.534097222262],2013-12-24T12:49:06+00:00,2014-01-03T12:49:06+00:00,Last Transmission +10 exact UTC days,POLICY CALCULATION VERIFIED,2026-09-20T21:44:51.578991+00:00,PASS
2902091,No Communication / elapsed days,4653 d,4653.372055312396,https://data-argo.ifremer.fr/dac/incois/2902091/2902091_Rtraj.nc [JULD_LAST_MESSAGE index 14; raw JULD=23368.534097222262],2013-12-24T12:49:06+00:00,4653.372055312396,(API generated_at - Last Transmission)/86400; UI floors completed days,POLICY CALCULATION VERIFIED,2026-09-20T21:44:51.578991+00:00,PASS
2902091,Communication Status,NO COMMUNICATION 60+ DAYS,NO COMMUNICATION 60+ DAYS,https://data-argo.ifremer.fr/dac/incois/2902091/2902091_Rtraj.nc [JULD_LAST_MESSAGE index 14; raw JULD=23368.534097222262],2013-12-24T12:49:06+00:00,NO COMMUNICATION 60+ DAYS,<=10 ACTIVE; >10 and <60 OVERDUE; >=60 NO COMMUNICATION; no timestamp NO DATA,POLICY CALCULATION VERIFIED,2026-09-20T21:44:51.578991+00:00,PASS
2902091,Prof# (highest cycle),13,13,https://data-argo.ifremer.fr/dac/incois/2902091/profiles/ [recognized filenames; distinct positive cycles],13,13,"Maximum recognized published cycle, not available count",UPSTREAM LISTING VERIFIED,2026-09-20T21:44:51.578991+00:00,PASS
2902091,Profiles Missing,0,0,https://data-argo.ifremer.fr/dac/incois/2902091/profiles/ [recognized filenames; distinct positive cycles],0,0,Missing cycle numbers in 1..Prof# across recognized profile families,UPSTREAM LISTING VERIFIED,2026-09-20T21:44:51.578991+00:00,PASS
2902092,WMO ID,2902092,2902092,config/metadata/provor_cts4_301_reference.csv [wmo]; path_resolver._discover_cts4_presets | https://data-argo.ifremer.fr/dac/incois/2902092/2902092_meta.nc [PLATFORM_NUMBER],2902092,2902092,Current preset WMO; validate upstream PLATFORM_NUMBER,LOCAL + UPSTREAM VERIFIED,2026-09-20T21:44:51.578991+00:00,PASS
2902092,Internal ID,—,,No PTT/IMEI in local identity registries (sanitized CTS4 data),Not used: local registry only; operational identity not independently verified,,"Local PTT, else local IMEI; unavailable stays null",LOCAL SOURCE MATCH (sanitized/unavailable),2026-09-20T21:44:51.578991+00:00,PASS
2902092,Float Type,PROVOR_III,PROVOR_III,service/path_resolver.py:_discover_cts4_presets [platform_type=PROVOR_III] | https://data-argo.ifremer.fr/dac/incois/2902092/2902092_meta.nc [PLATFORM_TYPE],PROVOR_III,PROVOR_III,Preset platform_type; public metadata cross-check where available,LOCAL + UPSTREAM VERIFIED,2026-09-20T21:44:51.578991+00:00,PASS
2902092,Latitude,18.749°N,18.74924,https://data-argo.ifremer.fr/dac/incois/2902092/2902092_Rtraj.nc [LATITUDE index 19889; JULD; POSITION_QC=2],18.74924,18.74924,"Newest paired QC 1/2 position, same source row as longitude; table rounds to 3 decimals",UPSTREAM VERIFIED,2026-09-20T21:44:51.578991+00:00,PASS
2902092,Longitude,67.036°E,67.03563,https://data-argo.ifremer.fr/dac/incois/2902092/2902092_Rtraj.nc [LONGITUDE index 19889; JULD; POSITION_QC=2],67.03563,67.03563,"Newest paired QC 1/2 position, same source row as latitude; table rounds to 3 decimals",UPSTREAM VERIFIED,2026-09-20T21:44:51.578991+00:00,PASS
2902092,Last Transmission,2016-12-14 06:51 UTC,2016-12-14T06:51:30+00:00,https://data-argo.ifremer.fr/dac/incois/2902092/2902092_Rtraj.nc [JULD_LAST_MESSAGE index 149; raw JULD=24454.285763888853],JULD_LAST_MESSAGE[149] = 24454.285763888853 days since 1950-01-01 UTC,2016-12-14T06:51:30+00:00,Maximum valid authoritative per-cycle field; UTC; no measurement/profile substitution,UPSTREAM VERIFIED,2026-09-20T21:44:51.578991+00:00,PASS
2902092,Expected Next Communication,2016-12-24 06:51 UTC,2016-12-24T06:51:30+00:00,https://data-argo.ifremer.fr/dac/incois/2902092/2902092_Rtraj.nc [JULD_LAST_MESSAGE index 149; raw JULD=24454.285763888853],2016-12-14T06:51:30+00:00,2016-12-24T06:51:30+00:00,Last Transmission +10 exact UTC days,POLICY CALCULATION VERIFIED,2026-09-20T21:44:51.578991+00:00,PASS
2902092,No Communication / elapsed days,3567 d,3567.6203886457292,https://data-argo.ifremer.fr/dac/incois/2902092/2902092_Rtraj.nc [JULD_LAST_MESSAGE index 149; raw JULD=24454.285763888853],2016-12-14T06:51:30+00:00,3567.6203886457292,(API generated_at - Last Transmission)/86400; UI floors completed days,POLICY CALCULATION VERIFIED,2026-09-20T21:44:51.578991+00:00,PASS
2902092,Communication Status,NO COMMUNICATION 60+ DAYS,NO COMMUNICATION 60+ DAYS,https://data-argo.ifremer.fr/dac/incois/2902092/2902092_Rtraj.nc [JULD_LAST_MESSAGE index 149; raw JULD=24454.285763888853],2016-12-14T06:51:30+00:00,NO COMMUNICATION 60+ DAYS,<=10 ACTIVE; >10 and <60 OVERDUE; >=60 NO COMMUNICATION; no timestamp NO DATA,POLICY CALCULATION VERIFIED,2026-09-20T21:44:51.578991+00:00,PASS
2902092,Prof# (highest cycle),149,149,https://data-argo.ifremer.fr/dac/incois/2902092/profiles/ [recognized filenames; distinct positive cycles],149,149,"Maximum recognized published cycle, not available count",UPSTREAM LISTING VERIFIED,2026-09-20T21:44:51.578991+00:00,PASS
2902092,Profiles Missing,0,0,https://data-argo.ifremer.fr/dac/incois/2902092/profiles/ [recognized filenames; distinct positive cycles],0,0,Missing cycle numbers in 1..Prof# across recognized profile families,UPSTREAM LISTING VERIFIED,2026-09-20T21:44:51.578991+00:00,PASS
2902093,WMO ID,2902093,2902093,config/metadata/provor_cts4_301_reference.csv [wmo]; path_resolver._discover_cts4_presets | https://data-argo.ifremer.fr/dac/incois/2902093/2902093_meta.nc [PLATFORM_NUMBER],2902093,2902093,Current preset WMO; validate upstream PLATFORM_NUMBER,LOCAL + UPSTREAM VERIFIED,2026-09-20T21:44:51.578991+00:00,PASS
2902093,Internal ID,—,,No PTT/IMEI in local identity registries (sanitized CTS4 data),Not used: local registry only; operational identity not independently verified,,"Local PTT, else local IMEI; unavailable stays null",LOCAL SOURCE MATCH (sanitized/unavailable),2026-09-20T21:44:51.578991+00:00,PASS
2902093,Float Type,PROVOR_III,PROVOR_III,service/path_resolver.py:_discover_cts4_presets [platform_type=PROVOR_III] | https://data-argo.ifremer.fr/dac/incois/2902093/2902093_meta.nc [PLATFORM_TYPE],PROVOR_III,PROVOR_III,Preset platform_type; public metadata cross-check where available,LOCAL + UPSTREAM VERIFIED,2026-09-20T21:44:51.578991+00:00,PASS
2902093,Latitude,14.182°N,14.18155,https://data-argo.ifremer.fr/dac/incois/2902093/2902093_Rtraj.nc [LATITUDE index 32148; JULD; POSITION_QC=1],14.18155,14.18155,"Newest paired QC 1/2 position, same source row as longitude; table rounds to 3 decimals",UPSTREAM VERIFIED,2026-09-20T21:44:51.578991+00:00,PASS
2902093,Longitude,67.682°E,67.68236,https://data-argo.ifremer.fr/dac/incois/2902093/2902093_Rtraj.nc [LONGITUDE index 32148; JULD; POSITION_QC=1],67.68236,67.68236,"Newest paired QC 1/2 position, same source row as latitude; table rounds to 3 decimals",UPSTREAM VERIFIED,2026-09-20T21:44:51.578991+00:00,PASS
2902093,Last Transmission,2019-04-23 04:30 UTC,2019-04-23T04:30:41+00:00,https://data-argo.ifremer.fr/dac/incois/2902093/2902093_Rtraj.nc [JULD_LAST_MESSAGE index 234; raw JULD=25314.187974537024],JULD_LAST_MESSAGE[234] = 25314.187974537024 days since 1950-01-01 UTC,2019-04-23T04:30:41+00:00,Maximum valid authoritative per-cycle field; UTC; no measurement/profile substitution,UPSTREAM VERIFIED,2026-09-20T21:44:51.578991+00:00,PASS
2902093,Expected Next Communication,2019-05-03 04:30 UTC,2019-05-03T04:30:41+00:00,https://data-argo.ifremer.fr/dac/incois/2902093/2902093_Rtraj.nc [JULD_LAST_MESSAGE index 234; raw JULD=25314.187974537024],2019-04-23T04:30:41+00:00,2019-05-03T04:30:41+00:00,Last Transmission +10 exact UTC days,POLICY CALCULATION VERIFIED,2026-09-20T21:44:51.578991+00:00,PASS
2902093,No Communication / elapsed days,2707 d,2707.718177997581,https://data-argo.ifremer.fr/dac/incois/2902093/2902093_Rtraj.nc [JULD_LAST_MESSAGE index 234; raw JULD=25314.187974537024],2019-04-23T04:30:41+00:00,2707.718177997581,(API generated_at - Last Transmission)/86400; UI floors completed days,POLICY CALCULATION VERIFIED,2026-09-20T21:44:51.578991+00:00,PASS
2902093,Communication Status,NO COMMUNICATION 60+ DAYS,NO COMMUNICATION 60+ DAYS,https://data-argo.ifremer.fr/dac/incois/2902093/2902093_Rtraj.nc [JULD_LAST_MESSAGE index 234; raw JULD=25314.187974537024],2019-04-23T04:30:41+00:00,NO COMMUNICATION 60+ DAYS,<=10 ACTIVE; >10 and <60 OVERDUE; >=60 NO COMMUNICATION; no timestamp NO DATA,POLICY CALCULATION VERIFIED,2026-09-20T21:44:51.578991+00:00,PASS
2902093,Prof# (highest cycle),234,234,https://data-argo.ifremer.fr/dac/incois/2902093/profiles/ [recognized filenames; distinct positive cycles],234,234,"Maximum recognized published cycle, not available count",UPSTREAM LISTING VERIFIED,2026-09-20T21:44:51.578991+00:00,PASS
2902093,Profiles Missing,0,0,https://data-argo.ifremer.fr/dac/incois/2902093/profiles/ [recognized filenames; distinct positive cycles],0,0,Missing cycle numbers in 1..Prof# across recognized profile families,UPSTREAM LISTING VERIFIED,2026-09-20T21:44:51.578991+00:00,PASS
2902113,WMO ID,2902113,2902113,config/metadata/provor_cts4_301_reference.csv [wmo]; path_resolver._discover_cts4_presets | https://data-argo.ifremer.fr/dac/incois/2902113/2902113_meta.nc [PLATFORM_NUMBER],2902113,2902113,Current preset WMO; validate upstream PLATFORM_NUMBER,LOCAL + UPSTREAM VERIFIED,2026-09-20T21:44:51.578991+00:00,PASS
2902113,Internal ID,—,,No PTT/IMEI in local identity registries (sanitized CTS4 data),Not used: local registry only; operational identity not independently verified,,"Local PTT, else local IMEI; unavailable stays null",LOCAL SOURCE MATCH (sanitized/unavailable),2026-09-20T21:44:51.578991+00:00,PASS
2902113,Float Type,PROVOR_III,PROVOR_III,service/path_resolver.py:_discover_cts4_presets [platform_type=PROVOR_III] | https://data-argo.ifremer.fr/dac/incois/2902113/2902113_meta.nc [PLATFORM_TYPE],PROVOR_III,PROVOR_III,Preset platform_type; public metadata cross-check where available,LOCAL + UPSTREAM VERIFIED,2026-09-20T21:44:51.578991+00:00,PASS
2902113,Latitude,18.093°N,18.0931,https://data-argo.ifremer.fr/dac/incois/2902113/2902113_Rtraj.nc [LATITUDE index 211; JULD; POSITION_QC=2],18.0931,18.0931,"Newest paired QC 1/2 position, same source row as longitude; table rounds to 3 decimals",UPSTREAM VERIFIED,2026-09-20T21:44:51.578991+00:00,PASS
2902113,Longitude,89.584°E,89.58427,https://data-argo.ifremer.fr/dac/incois/2902113/2902113_Rtraj.nc [LONGITUDE index 211; JULD; POSITION_QC=2],89.58427,89.58427,"Newest paired QC 1/2 position, same source row as latitude; table rounds to 3 decimals",UPSTREAM VERIFIED,2026-09-20T21:44:51.578991+00:00,PASS
2902113,Last Transmission,2013-11-23 13:44 UTC,2013-11-23T13:44:07+00:00,https://data-argo.ifremer.fr/dac/incois/2902113/2902113_Rtraj.nc [JULD_LAST_MESSAGE index 2; raw JULD=23337.57230324077],JULD_LAST_MESSAGE[2] = 23337.57230324077 days since 1950-01-01 UTC,2013-11-23T13:44:07+00:00,Maximum valid authoritative per-cycle field; UTC; no measurement/profile substitution,UPSTREAM VERIFIED,2026-09-20T21:44:51.578991+00:00,PASS
2902113,Expected Next Communication,2013-12-03 13:44 UTC,2013-12-03T13:44:07+00:00,https://data-argo.ifremer.fr/dac/incois/2902113/2902113_Rtraj.nc [JULD_LAST_MESSAGE index 2; raw JULD=23337.57230324077],2013-11-23T13:44:07+00:00,2013-12-03T13:44:07+00:00,Last Transmission +10 exact UTC days,POLICY CALCULATION VERIFIED,2026-09-20T21:44:51.578991+00:00,PASS
2902113,No Communication / elapsed days,4684 d,4684.333849293877,https://data-argo.ifremer.fr/dac/incois/2902113/2902113_Rtraj.nc [JULD_LAST_MESSAGE index 2; raw JULD=23337.57230324077],2013-11-23T13:44:07+00:00,4684.333849293877,(API generated_at - Last Transmission)/86400; UI floors completed days,POLICY CALCULATION VERIFIED,2026-09-20T21:44:51.578991+00:00,PASS
2902113,Communication Status,NO COMMUNICATION 60+ DAYS,NO COMMUNICATION 60+ DAYS,https://data-argo.ifremer.fr/dac/incois/2902113/2902113_Rtraj.nc [JULD_LAST_MESSAGE index 2; raw JULD=23337.57230324077],2013-11-23T13:44:07+00:00,NO COMMUNICATION 60+ DAYS,<=10 ACTIVE; >10 and <60 OVERDUE; >=60 NO COMMUNICATION; no timestamp NO DATA,POLICY CALCULATION VERIFIED,2026-09-20T21:44:51.578991+00:00,PASS
2902113,Prof# (highest cycle),2,2,https://data-argo.ifremer.fr/dac/incois/2902113/profiles/ [recognized filenames; distinct positive cycles],2,2,"Maximum recognized published cycle, not available count",UPSTREAM LISTING VERIFIED,2026-09-20T21:44:51.578991+00:00,PASS
2902113,Profiles Missing,0,0,https://data-argo.ifremer.fr/dac/incois/2902113/profiles/ [recognized filenames; distinct positive cycles],0,0,Missing cycle numbers in 1..Prof# across recognized profile families,UPSTREAM LISTING VERIFIED,2026-09-20T21:44:51.578991+00:00,PASS
2902114,WMO ID,2902114,2902114,config/metadata/provor_cts4_301_reference.csv [wmo]; path_resolver._discover_cts4_presets | https://data-argo.ifremer.fr/dac/incois/2902114/2902114_meta.nc [PLATFORM_NUMBER],2902114,2902114,Current preset WMO; validate upstream PLATFORM_NUMBER,LOCAL + UPSTREAM VERIFIED,2026-09-20T21:44:51.578991+00:00,PASS
2902114,Internal ID,—,,No PTT/IMEI in local identity registries (sanitized CTS4 data),Not used: local registry only; operational identity not independently verified,,"Local PTT, else local IMEI; unavailable stays null",LOCAL SOURCE MATCH (sanitized/unavailable),2026-09-20T21:44:51.578991+00:00,PASS
2902114,Float Type,PROVOR_III,PROVOR_III,service/path_resolver.py:_discover_cts4_presets [platform_type=PROVOR_III] | https://data-argo.ifremer.fr/dac/incois/2902114/2902114_meta.nc [PLATFORM_TYPE],PROVOR_III,PROVOR_III,Preset platform_type; public metadata cross-check where available,LOCAL + UPSTREAM VERIFIED,2026-09-20T21:44:51.578991+00:00,PASS
2902114,Latitude,14.632°N,14.6323,https://data-argo.ifremer.fr/dac/incois/2902114/2902114_Rtraj.nc [LATITUDE index 31951; JULD; POSITION_QC=2],14.6323,14.6323,"Newest paired QC 1/2 position, same source row as longitude; table rounds to 3 decimals",UPSTREAM VERIFIED,2026-09-20T21:44:51.578991+00:00,PASS
2902114,Longitude,87.548°E,87.54756,https://data-argo.ifremer.fr/dac/incois/2902114/2902114_Rtraj.nc [LONGITUDE index 31951; JULD; POSITION_QC=2],87.54756,87.54756,"Newest paired QC 1/2 position, same source row as latitude; table rounds to 3 decimals",UPSTREAM VERIFIED,2026-09-20T21:44:51.578991+00:00,PASS
2902114,Last Transmission,2017-10-09 12:36 UTC,2017-10-09T12:36:42+00:00,https://data-argo.ifremer.fr/dac/incois/2902114/2902114_Rtraj.nc [JULD_LAST_MESSAGE index 284; raw JULD=24753.52548611106],JULD_LAST_MESSAGE[284] = 24753.52548611106 days since 1950-01-01 UTC,2017-10-09T12:36:42+00:00,Maximum valid authoritative per-cycle field; UTC; no measurement/profile substitution,UPSTREAM VERIFIED,2026-09-20T21:44:51.578991+00:00,PASS
2902114,Expected Next Communication,2017-10-19 12:36 UTC,2017-10-19T12:36:42+00:00,https://data-argo.ifremer.fr/dac/incois/2902114/2902114_Rtraj.nc [JULD_LAST_MESSAGE index 284; raw JULD=24753.52548611106],2017-10-09T12:36:42+00:00,2017-10-19T12:36:42+00:00,Last Transmission +10 exact UTC days,POLICY CALCULATION VERIFIED,2026-09-20T21:44:51.578991+00:00,PASS
2902114,No Communication / elapsed days,3268 d,3268.3806664235067,https://data-argo.ifremer.fr/dac/incois/2902114/2902114_Rtraj.nc [JULD_LAST_MESSAGE index 284; raw JULD=24753.52548611106],2017-10-09T12:36:42+00:00,3268.3806664235067,(API generated_at - Last Transmission)/86400; UI floors completed days,POLICY CALCULATION VERIFIED,2026-09-20T21:44:51.578991+00:00,PASS
2902114,Communication Status,NO COMMUNICATION 60+ DAYS,NO COMMUNICATION 60+ DAYS,https://data-argo.ifremer.fr/dac/incois/2902114/2902114_Rtraj.nc [JULD_LAST_MESSAGE index 284; raw JULD=24753.52548611106],2017-10-09T12:36:42+00:00,NO COMMUNICATION 60+ DAYS,<=10 ACTIVE; >10 and <60 OVERDUE; >=60 NO COMMUNICATION; no timestamp NO DATA,POLICY CALCULATION VERIFIED,2026-09-20T21:44:51.578991+00:00,PASS
2902114,Prof# (highest cycle),284,284,https://data-argo.ifremer.fr/dac/incois/2902114/profiles/ [recognized filenames; distinct positive cycles],284,284,"Maximum recognized published cycle, not available count",UPSTREAM LISTING VERIFIED,2026-09-20T21:44:51.578991+00:00,PASS
2902114,Profiles Missing,0,0,https://data-argo.ifremer.fr/dac/incois/2902114/profiles/ [recognized filenames; distinct positive cycles],0,0,Missing cycle numbers in 1..Prof# across recognized profile families,UPSTREAM LISTING VERIFIED,2026-09-20T21:44:51.578991+00:00,PASS
2902115,WMO ID,2902115,2902115,config/metadata/provor_cts4_301_reference.csv [wmo]; path_resolver._discover_cts4_presets | https://data-argo.ifremer.fr/dac/incois/2902115/2902115_meta.nc [PLATFORM_NUMBER],2902115,2902115,Current preset WMO; validate upstream PLATFORM_NUMBER,LOCAL + UPSTREAM VERIFIED,2026-09-20T21:44:51.578991+00:00,PASS
2902115,Internal ID,—,,No PTT/IMEI in local identity registries (sanitized CTS4 data),Not used: local registry only; operational identity not independently verified,,"Local PTT, else local IMEI; unavailable stays null",LOCAL SOURCE MATCH (sanitized/unavailable),2026-09-20T21:44:51.578991+00:00,PASS
2902115,Float Type,PROVOR_III,PROVOR_III,service/path_resolver.py:_discover_cts4_presets [platform_type=PROVOR_III] | https://data-argo.ifremer.fr/dac/incois/2902115/2902115_meta.nc [PLATFORM_TYPE],PROVOR_III,PROVOR_III,Preset platform_type; public metadata cross-check where available,LOCAL + UPSTREAM VERIFIED,2026-09-20T21:44:51.578991+00:00,PASS
2902115,Latitude,53.663°S,-53.66326,https://data-argo.ifremer.fr/dac/incois/2902115/2902115_Rtraj.nc [LATITUDE index 32118; JULD; POSITION_QC=1],-53.66326,-53.66326,"Newest paired QC 1/2 position, same source row as longitude; table rounds to 3 decimals",UPSTREAM VERIFIED,2026-09-20T21:44:51.578991+00:00,PASS
2902115,Longitude,172.837°E,172.83744,https://data-argo.ifremer.fr/dac/incois/2902115/2902115_Rtraj.nc [LONGITUDE index 32118; JULD; POSITION_QC=1],172.83744,172.83744,"Newest paired QC 1/2 position, same source row as latitude; table rounds to 3 decimals",UPSTREAM VERIFIED,2026-09-20T21:44:51.578991+00:00,PASS
2902115,Last Transmission,2020-05-16 12:33 UTC,2020-05-16T12:33:49+00:00,https://data-argo.ifremer.fr/dac/incois/2902115/2902115_Rtraj.nc [JULD_LAST_MESSAGE index 238; raw JULD=25703.523483796278],JULD_LAST_MESSAGE[238] = 25703.523483796278 days since 1950-01-01 UTC,2020-05-16T12:33:49+00:00,Maximum valid authoritative per-cycle field; UTC; no measurement/profile substitution,UPSTREAM VERIFIED,2026-09-20T21:44:51.578991+00:00,PASS
2902115,Expected Next Communication,2020-05-26 12:33 UTC,2020-05-26T12:33:49+00:00,https://data-argo.ifremer.fr/dac/incois/2902115/2902115_Rtraj.nc [JULD_LAST_MESSAGE index 238; raw JULD=25703.523483796278],2020-05-16T12:33:49+00:00,2020-05-26T12:33:49+00:00,Last Transmission +10 exact UTC days,POLICY CALCULATION VERIFIED,2026-09-20T21:44:51.578991+00:00,PASS
2902115,No Communication / elapsed days,2318 d,2318.3826687383216,https://data-argo.ifremer.fr/dac/incois/2902115/2902115_Rtraj.nc [JULD_LAST_MESSAGE index 238; raw JULD=25703.523483796278],2020-05-16T12:33:49+00:00,2318.3826687383216,(API generated_at - Last Transmission)/86400; UI floors completed days,POLICY CALCULATION VERIFIED,2026-09-20T21:44:51.578991+00:00,PASS
2902115,Communication Status,NO COMMUNICATION 60+ DAYS,NO COMMUNICATION 60+ DAYS,https://data-argo.ifremer.fr/dac/incois/2902115/2902115_Rtraj.nc [JULD_LAST_MESSAGE index 238; raw JULD=25703.523483796278],2020-05-16T12:33:49+00:00,NO COMMUNICATION 60+ DAYS,<=10 ACTIVE; >10 and <60 OVERDUE; >=60 NO COMMUNICATION; no timestamp NO DATA,POLICY CALCULATION VERIFIED,2026-09-20T21:44:51.578991+00:00,PASS
2902115,Prof# (highest cycle),238,238,https://data-argo.ifremer.fr/dac/incois/2902115/profiles/ [recognized filenames; distinct positive cycles],238,238,"Maximum recognized published cycle, not available count",UPSTREAM LISTING VERIFIED,2026-09-20T21:44:51.578991+00:00,PASS
2902115,Profiles Missing,0,0,https://data-argo.ifremer.fr/dac/incois/2902115/profiles/ [recognized filenames; distinct positive cycles],0,0,Missing cycle numbers in 1..Prof# across recognized profile families,UPSTREAM LISTING VERIFIED,2026-09-20T21:44:51.578991+00:00,PASS
2902118,WMO ID,2902118,2902118,config/metadata/provor_cts4_301_reference.csv [wmo]; path_resolver._discover_cts4_presets | https://data-argo.ifremer.fr/dac/incois/2902118/2902118_meta.nc [PLATFORM_NUMBER],2902118,2902118,Current preset WMO; validate upstream PLATFORM_NUMBER,LOCAL + UPSTREAM VERIFIED,2026-09-20T21:44:51.578991+00:00,PASS
2902118,Internal ID,—,,No PTT/IMEI in local identity registries (sanitized CTS4 data),Not used: local registry only; operational identity not independently verified,,"Local PTT, else local IMEI; unavailable stays null",LOCAL SOURCE MATCH (sanitized/unavailable),2026-09-20T21:44:51.578991+00:00,PASS
2902118,Float Type,PROVOR_III,PROVOR_III,service/path_resolver.py:_discover_cts4_presets [platform_type=PROVOR_III] | https://data-argo.ifremer.fr/dac/incois/2902118/2902118_meta.nc [PLATFORM_TYPE],PROVOR_III,PROVOR_III,Preset platform_type; public metadata cross-check where available,LOCAL + UPSTREAM VERIFIED,2026-09-20T21:44:51.578991+00:00,PASS
2902118,Latitude,12.028°N,12.0285,https://data-argo.ifremer.fr/dac/incois/2902118/2902118_Rtraj.nc [LATITUDE index 33247; JULD; POSITION_QC=2],12.0285,12.0285,"Newest paired QC 1/2 position, same source row as longitude; table rounds to 3 decimals",UPSTREAM VERIFIED,2026-09-20T21:44:51.578991+00:00,PASS
2902118,Longitude,65.079°E,65.07857,https://data-argo.ifremer.fr/dac/incois/2902118/2902118_Rtraj.nc [LONGITUDE index 33247; JULD; POSITION_QC=2],65.07857,65.07857,"Newest paired QC 1/2 position, same source row as latitude; table rounds to 3 decimals",UPSTREAM VERIFIED,2026-09-20T21:44:51.578991+00:00,PASS
2902118,Last Transmission,2021-04-21 12:26 UTC,2021-04-21T12:26:31+00:00,https://data-argo.ifremer.fr/dac/incois/2902118/2902118_Rtraj.nc [JULD_LAST_MESSAGE index 261; raw JULD=26043.518414351856],JULD_LAST_MESSAGE[261] = 26043.518414351856 days since 1950-01-01 UTC,2021-04-21T12:26:31+00:00,Maximum valid authoritative per-cycle field; UTC; no measurement/profile substitution,UPSTREAM VERIFIED,2026-09-20T21:44:51.578991+00:00,PASS
2902118,Expected Next Communication,2021-05-01 12:26 UTC,2021-05-01T12:26:31+00:00,https://data-argo.ifremer.fr/dac/incois/2902118/2902118_Rtraj.nc [JULD_LAST_MESSAGE index 261; raw JULD=26043.518414351856],2021-04-21T12:26:31+00:00,2021-05-01T12:26:31+00:00,Last Transmission +10 exact UTC days,POLICY CALCULATION VERIFIED,2026-09-20T21:44:51.578991+00:00,PASS
2902118,No Communication / elapsed days,1978 d,1978.387738182766,https://data-argo.ifremer.fr/dac/incois/2902118/2902118_Rtraj.nc [JULD_LAST_MESSAGE index 261; raw JULD=26043.518414351856],2021-04-21T12:26:31+00:00,1978.387738182766,(API generated_at - Last Transmission)/86400; UI floors completed days,POLICY CALCULATION VERIFIED,2026-09-20T21:44:51.578991+00:00,PASS
2902118,Communication Status,NO COMMUNICATION 60+ DAYS,NO COMMUNICATION 60+ DAYS,https://data-argo.ifremer.fr/dac/incois/2902118/2902118_Rtraj.nc [JULD_LAST_MESSAGE index 261; raw JULD=26043.518414351856],2021-04-21T12:26:31+00:00,NO COMMUNICATION 60+ DAYS,<=10 ACTIVE; >10 and <60 OVERDUE; >=60 NO COMMUNICATION; no timestamp NO DATA,POLICY CALCULATION VERIFIED,2026-09-20T21:44:51.578991+00:00,PASS
2902118,Prof# (highest cycle),261,261,https://data-argo.ifremer.fr/dac/incois/2902118/profiles/ [recognized filenames; distinct positive cycles],261,261,"Maximum recognized published cycle, not available count",UPSTREAM LISTING VERIFIED,2026-09-20T21:44:51.578991+00:00,PASS
2902118,Profiles Missing,0,0,https://data-argo.ifremer.fr/dac/incois/2902118/profiles/ [recognized filenames; distinct positive cycles],0,0,Missing cycle numbers in 1..Prof# across recognized profile families,UPSTREAM LISTING VERIFIED,2026-09-20T21:44:51.578991+00:00,PASS
2902120,WMO ID,2902120,2902120,config/metadata/provor_cts4_301_reference.csv [wmo]; path_resolver._discover_cts4_presets | https://data-argo.ifremer.fr/dac/incois/2902120/2902120_meta.nc [PLATFORM_NUMBER],2902120,2902120,Current preset WMO; validate upstream PLATFORM_NUMBER,LOCAL + UPSTREAM VERIFIED,2026-09-20T21:44:51.578991+00:00,PASS
2902120,Internal ID,—,,No PTT/IMEI in local identity registries (sanitized CTS4 data),Not used: local registry only; operational identity not independently verified,,"Local PTT, else local IMEI; unavailable stays null",LOCAL SOURCE MATCH (sanitized/unavailable),2026-09-20T21:44:51.578991+00:00,PASS
2902120,Float Type,PROVOR_III,PROVOR_III,service/path_resolver.py:_discover_cts4_presets [platform_type=PROVOR_III] | https://data-argo.ifremer.fr/dac/incois/2902120/2902120_meta.nc [PLATFORM_TYPE],PROVOR_III,PROVOR_III,Preset platform_type; public metadata cross-check where available,LOCAL + UPSTREAM VERIFIED,2026-09-20T21:44:51.578991+00:00,PASS
2902120,Latitude,13.070°N,13.07015,https://data-argo.ifremer.fr/dac/incois/2902120/2902120_Rtraj.nc [LATITUDE index 36814; JULD; POSITION_QC=1],13.07015,13.07015,"Newest paired QC 1/2 position, same source row as longitude; table rounds to 3 decimals",UPSTREAM VERIFIED,2026-09-20T21:44:51.578991+00:00,PASS
2902120,Longitude,69.172°E,69.17182,https://data-argo.ifremer.fr/dac/incois/2902120/2902120_Rtraj.nc [LONGITUDE index 36814; JULD; POSITION_QC=1],69.17182,69.17182,"Newest paired QC 1/2 position, same source row as latitude; table rounds to 3 decimals",UPSTREAM VERIFIED,2026-09-20T21:44:51.578991+00:00,PASS
2902120,Last Transmission,2021-05-12 12:41 UTC,2021-05-12T12:41:44+00:00,https://data-argo.ifremer.fr/dac/incois/2902120/2902120_Rtraj.nc [JULD_LAST_MESSAGE index 263; raw JULD=26064.528981481446],JULD_LAST_MESSAGE[263] = 26064.528981481446 days since 1950-01-01 UTC,2021-05-12T12:41:44+00:00,Maximum valid authoritative per-cycle field; UTC; no measurement/profile substitution,UPSTREAM VERIFIED,2026-09-20T21:44:51.578991+00:00,PASS
2902120,Expected Next Communication,2021-05-22 12:41 UTC,2021-05-22T12:41:44+00:00,https://data-argo.ifremer.fr/dac/incois/2902120/2902120_Rtraj.nc [JULD_LAST_MESSAGE index 263; raw JULD=26064.528981481446],2021-05-12T12:41:44+00:00,2021-05-22T12:41:44+00:00,Last Transmission +10 exact UTC days,POLICY CALCULATION VERIFIED,2026-09-20T21:44:51.578991+00:00,PASS
2902120,No Communication / elapsed days,1957 d,1957.3771710531366,https://data-argo.ifremer.fr/dac/incois/2902120/2902120_Rtraj.nc [JULD_LAST_MESSAGE index 263; raw JULD=26064.528981481446],2021-05-12T12:41:44+00:00,1957.3771710531366,(API generated_at - Last Transmission)/86400; UI floors completed days,POLICY CALCULATION VERIFIED,2026-09-20T21:44:51.578991+00:00,PASS
2902120,Communication Status,NO COMMUNICATION 60+ DAYS,NO COMMUNICATION 60+ DAYS,https://data-argo.ifremer.fr/dac/incois/2902120/2902120_Rtraj.nc [JULD_LAST_MESSAGE index 263; raw JULD=26064.528981481446],2021-05-12T12:41:44+00:00,NO COMMUNICATION 60+ DAYS,<=10 ACTIVE; >10 and <60 OVERDUE; >=60 NO COMMUNICATION; no timestamp NO DATA,POLICY CALCULATION VERIFIED,2026-09-20T21:44:51.578991+00:00,PASS
2902120,Prof# (highest cycle),262,262,https://data-argo.ifremer.fr/dac/incois/2902120/profiles/ [recognized filenames; distinct positive cycles],262,262,"Maximum recognized published cycle, not available count",UPSTREAM LISTING VERIFIED,2026-09-20T21:44:51.578991+00:00,PASS
2902120,Profiles Missing,0,0,https://data-argo.ifremer.fr/dac/incois/2902120/profiles/ [recognized filenames; distinct positive cycles],0,0,Missing cycle numbers in 1..Prof# across recognized profile families,UPSTREAM LISTING VERIFIED,2026-09-20T21:44:51.578991+00:00,PASS
2902130,WMO ID,2902130,2902130,config/metadata/provor_cts4_301_reference.csv [wmo]; path_resolver._discover_cts4_presets | https://data-argo.ifremer.fr/dac/incois/2902130/2902130_meta.nc [PLATFORM_NUMBER],2902130,2902130,Current preset WMO; validate upstream PLATFORM_NUMBER,LOCAL + UPSTREAM VERIFIED,2026-09-20T21:44:51.578991+00:00,PASS
2902130,Internal ID,—,,No PTT/IMEI in local identity registries (sanitized CTS4 data),Not used: local registry only; operational identity not independently verified,,"Local PTT, else local IMEI; unavailable stays null",LOCAL SOURCE MATCH (sanitized/unavailable),2026-09-20T21:44:51.578991+00:00,PASS
2902130,Float Type,PROVOR_III,PROVOR_III,service/path_resolver.py:_discover_cts4_presets [platform_type=PROVOR_III] | https://data-argo.ifremer.fr/dac/incois/2902130/2902130_meta.nc [PLATFORM_TYPE],PROVOR_III,PROVOR_III,Preset platform_type; public metadata cross-check where available,LOCAL + UPSTREAM VERIFIED,2026-09-20T21:44:51.578991+00:00,PASS
2902130,Latitude,52.586°S,-52.58553,https://data-argo.ifremer.fr/dac/incois/2902130/2902130_Rtraj.nc [LATITUDE index 26067; JULD; POSITION_QC=1],-52.58553,-52.58553,"Newest paired QC 1/2 position, same source row as longitude; table rounds to 3 decimals",UPSTREAM VERIFIED,2026-09-20T21:44:51.578991+00:00,PASS
2902130,Longitude,102.862°E,102.86184,https://data-argo.ifremer.fr/dac/incois/2902130/2902130_Rtraj.nc [LONGITUDE index 26067; JULD; POSITION_QC=1],102.86184,102.86184,"Newest paired QC 1/2 position, same source row as latitude; table rounds to 3 decimals",UPSTREAM VERIFIED,2026-09-20T21:44:51.578991+00:00,PASS
2902130,Last Transmission,2019-02-19 12:07 UTC,2019-02-19T12:07:20+00:00,https://data-argo.ifremer.fr/dac/incois/2902130/2902130_Rtraj.nc [JULD_LAST_MESSAGE index 189; raw JULD=25251.50509259256],JULD_LAST_MESSAGE[189] = 25251.50509259256 days since 1950-01-01 UTC,2019-02-19T12:07:20+00:00,Maximum valid authoritative per-cycle field; UTC; no measurement/profile substitution,UPSTREAM VERIFIED,2026-09-20T21:44:51.578991+00:00,PASS
2902130,Expected Next Communication,2019-03-01 12:07 UTC,2019-03-01T12:07:20+00:00,https://data-argo.ifremer.fr/dac/incois/2902130/2902130_Rtraj.nc [JULD_LAST_MESSAGE index 189; raw JULD=25251.50509259256],2019-02-19T12:07:20+00:00,2019-03-01T12:07:20+00:00,Last Transmission +10 exact UTC days,POLICY CALCULATION VERIFIED,2026-09-20T21:44:51.578991+00:00,PASS
2902130,No Communication / elapsed days,2770 d,2770.4010599420253,https://data-argo.ifremer.fr/dac/incois/2902130/2902130_Rtraj.nc [JULD_LAST_MESSAGE index 189; raw JULD=25251.50509259256],2019-02-19T12:07:20+00:00,2770.4010599420253,(API generated_at - Last Transmission)/86400; UI floors completed days,POLICY CALCULATION VERIFIED,2026-09-20T21:44:51.578991+00:00,PASS
2902130,Communication Status,NO COMMUNICATION 60+ DAYS,NO COMMUNICATION 60+ DAYS,https://data-argo.ifremer.fr/dac/incois/2902130/2902130_Rtraj.nc [JULD_LAST_MESSAGE index 189; raw JULD=25251.50509259256],2019-02-19T12:07:20+00:00,NO COMMUNICATION 60+ DAYS,<=10 ACTIVE; >10 and <60 OVERDUE; >=60 NO COMMUNICATION; no timestamp NO DATA,POLICY CALCULATION VERIFIED,2026-09-20T21:44:51.578991+00:00,PASS
2902130,Prof# (highest cycle),189,189,https://data-argo.ifremer.fr/dac/incois/2902130/profiles/ [recognized filenames; distinct positive cycles],189,189,"Maximum recognized published cycle, not available count",UPSTREAM LISTING VERIFIED,2026-09-20T21:44:51.578991+00:00,PASS
2902130,Profiles Missing,0,0,https://data-argo.ifremer.fr/dac/incois/2902130/profiles/ [recognized filenames; distinct positive cycles],0,0,Missing cycle numbers in 1..Prof# across recognized profile families,UPSTREAM LISTING VERIFIED,2026-09-20T21:44:51.578991+00:00,PASS
2902131,WMO ID,2902131,2902131,config/metadata/provor_cts4_301_reference.csv [wmo]; path_resolver._discover_cts4_presets | https://data-argo.ifremer.fr/dac/incois/2902131/2902131_meta.nc [PLATFORM_NUMBER],2902131,2902131,Current preset WMO; validate upstream PLATFORM_NUMBER,LOCAL + UPSTREAM VERIFIED,2026-09-20T21:44:51.578991+00:00,PASS
2902131,Internal ID,—,,No PTT/IMEI in local identity registries (sanitized CTS4 data),Not used: local registry only; operational identity not independently verified,,"Local PTT, else local IMEI; unavailable stays null",LOCAL SOURCE MATCH (sanitized/unavailable),2026-09-20T21:44:51.578991+00:00,PASS
2902131,Float Type,PROVOR_III,PROVOR_III,service/path_resolver.py:_discover_cts4_presets [platform_type=PROVOR_III] | https://data-argo.ifremer.fr/dac/incois/2902131/2902131_meta.nc [PLATFORM_TYPE],PROVOR_III,PROVOR_III,Preset platform_type; public metadata cross-check where available,LOCAL + UPSTREAM VERIFIED,2026-09-20T21:44:51.578991+00:00,PASS
2902131,Latitude,42.694°S,-42.69385,https://data-argo.ifremer.fr/dac/incois/2902131/2902131_Rtraj.nc [LATITUDE index 12736; JULD; POSITION_QC=2],-42.69385,-42.69385,"Newest paired QC 1/2 position, same source row as longitude; table rounds to 3 decimals",UPSTREAM VERIFIED,2026-09-20T21:44:51.578991+00:00,PASS
2902131,Longitude,42.201°E,42.20141,https://data-argo.ifremer.fr/dac/incois/2902131/2902131_Rtraj.nc [LONGITUDE index 12736; JULD; POSITION_QC=2],42.20141,42.20141,"Newest paired QC 1/2 position, same source row as latitude; table rounds to 3 decimals",UPSTREAM VERIFIED,2026-09-20T21:44:51.578991+00:00,PASS
2902131,Last Transmission,2016-08-23 11:53 UTC,2016-08-23T11:53:50+00:00,https://data-argo.ifremer.fr/dac/incois/2902131/2902131_Rtraj.nc [JULD_LAST_MESSAGE index 97; raw JULD=24341.495717592537],JULD_LAST_MESSAGE[97] = 24341.495717592537 days since 1950-01-01 UTC,2016-08-23T11:53:50+00:00,Maximum valid authoritative per-cycle field; UTC; no measurement/profile substitution,UPSTREAM VERIFIED,2026-09-20T21:44:51.578991+00:00,PASS
2902131,Expected Next Communication,2016-09-02 11:53 UTC,2016-09-02T11:53:50+00:00,https://data-argo.ifremer.fr/dac/incois/2902131/2902131_Rtraj.nc [JULD_LAST_MESSAGE index 97; raw JULD=24341.495717592537],2016-08-23T11:53:50+00:00,2016-09-02T11:53:50+00:00,Last Transmission +10 exact UTC days,POLICY CALCULATION VERIFIED,2026-09-20T21:44:51.578991+00:00,PASS
2902131,No Communication / elapsed days,3680 d,3680.4104349420254,https://data-argo.ifremer.fr/dac/incois/2902131/2902131_Rtraj.nc [JULD_LAST_MESSAGE index 97; raw JULD=24341.495717592537],2016-08-23T11:53:50+00:00,3680.4104349420254,(API generated_at - Last Transmission)/86400; UI floors completed days,POLICY CALCULATION VERIFIED,2026-09-20T21:44:51.578991+00:00,PASS
2902131,Communication Status,NO COMMUNICATION 60+ DAYS,NO COMMUNICATION 60+ DAYS,https://data-argo.ifremer.fr/dac/incois/2902131/2902131_Rtraj.nc [JULD_LAST_MESSAGE index 97; raw JULD=24341.495717592537],2016-08-23T11:53:50+00:00,NO COMMUNICATION 60+ DAYS,<=10 ACTIVE; >10 and <60 OVERDUE; >=60 NO COMMUNICATION; no timestamp NO DATA,POLICY CALCULATION VERIFIED,2026-09-20T21:44:51.578991+00:00,PASS
2902131,Prof# (highest cycle),97,97,https://data-argo.ifremer.fr/dac/incois/2902131/profiles/ [recognized filenames; distinct positive cycles],97,97,"Maximum recognized published cycle, not available count",UPSTREAM LISTING VERIFIED,2026-09-20T21:44:51.578991+00:00,PASS
2902131,Profiles Missing,0,0,https://data-argo.ifremer.fr/dac/incois/2902131/profiles/ [recognized filenames; distinct positive cycles],0,0,Missing cycle numbers in 1..Prof# across recognized profile families,UPSTREAM LISTING VERIFIED,2026-09-20T21:44:51.578991+00:00,PASS
2902201,WMO ID,2902201,2902201,config/metadata/meta.csv:12 [WMO id] | https://data-argo.ifremer.fr/dac/incois/2902201/2902201_meta.nc [PLATFORM_NUMBER],2902201,2902201,Current preset WMO; validate upstream PLATFORM_NUMBER,LOCAL + UPSTREAM VERIFIED,2026-09-20T21:44:51.578991+00:00,PASS
2902201,Internal ID,152399,152399,"config/metadata/meta.csv:12 [Argos number, else imei]",Not used: local registry only; operational identity not independently verified,152399,"Local PTT, else local IMEI; unavailable stays null",LOCAL SOURCE MATCH,2026-09-20T21:44:51.578991+00:00,PASS
2902201,Float Type,APEX,APEX,config/metadata/meta.csv + MultiCsvLoader.load_info(wmo).float_type → preset.platform_type | https://data-argo.ifremer.fr/dac/incois/2902201/2902201_meta.nc [PLATFORM_TYPE],APEX,APEX,Preset platform_type; public metadata cross-check where available,LOCAL + UPSTREAM VERIFIED,2026-09-20T21:44:51.578991+00:00,PASS
2902201,Latitude,22.495°N,22.495,https://data-argo.ifremer.fr/dac/incois/2902201/2902201_Rtraj.nc [LATITUDE index 9007; JULD; POSITION_QC=1],22.495,22.495,"Newest paired QC 1/2 position, same source row as longitude; table rounds to 3 decimals",UPSTREAM VERIFIED,2026-09-20T21:44:51.578991+00:00,PASS
2902201,Longitude,61.077°E,61.077,https://data-argo.ifremer.fr/dac/incois/2902201/2902201_Rtraj.nc [LONGITUDE index 9007; JULD; POSITION_QC=1],61.077,61.077,"Newest paired QC 1/2 position, same source row as latitude; table rounds to 3 decimals",UPSTREAM VERIFIED,2026-09-20T21:44:51.578991+00:00,PASS
2902201,Last Transmission,2025-09-26 20:21 UTC,2025-09-26T20:21:45+00:00,https://data-argo.ifremer.fr/dac/incois/2902201/2902201_Rtraj.nc [JULD_LAST_MESSAGE index 347; raw JULD=27662.848437500186],JULD_LAST_MESSAGE[347] = 27662.848437500186 days since 1950-01-01 UTC,2025-09-26T20:21:45+00:00,Maximum valid authoritative per-cycle field; UTC; no measurement/profile substitution,UPSTREAM VERIFIED,2026-09-20T21:44:51.578991+00:00,PASS
2902201,Expected Next Communication,2025-10-06 20:21 UTC,2025-10-06T20:21:45+00:00,https://data-argo.ifremer.fr/dac/incois/2902201/2902201_Rtraj.nc [JULD_LAST_MESSAGE index 347; raw JULD=27662.848437500186],2025-09-26T20:21:45+00:00,2025-10-06T20:21:45+00:00,Last Transmission +10 exact UTC days,POLICY CALCULATION VERIFIED,2026-09-20T21:44:51.578991+00:00,PASS
2902201,No Communication / elapsed days,359 d,359.05771503461807,https://data-argo.ifremer.fr/dac/incois/2902201/2902201_Rtraj.nc [JULD_LAST_MESSAGE index 347; raw JULD=27662.848437500186],2025-09-26T20:21:45+00:00,359.05771503461807,(API generated_at - Last Transmission)/86400; UI floors completed days,POLICY CALCULATION VERIFIED,2026-09-20T21:44:51.578991+00:00,PASS
2902201,Communication Status,NO COMMUNICATION 60+ DAYS,NO COMMUNICATION 60+ DAYS,https://data-argo.ifremer.fr/dac/incois/2902201/2902201_Rtraj.nc [JULD_LAST_MESSAGE index 347; raw JULD=27662.848437500186],2025-09-26T20:21:45+00:00,NO COMMUNICATION 60+ DAYS,<=10 ACTIVE; >10 and <60 OVERDUE; >=60 NO COMMUNICATION; no timestamp NO DATA,POLICY CALCULATION VERIFIED,2026-09-20T21:44:51.578991+00:00,PASS
2902201,Prof# (highest cycle),350,350,https://data-argo.ifremer.fr/dac/incois/2902201/profiles/ [recognized filenames; distinct positive cycles],350,350,"Maximum recognized published cycle, not available count",UPSTREAM LISTING VERIFIED,2026-09-20T21:44:51.578991+00:00,PASS
2902201,Profiles Missing,0,0,https://data-argo.ifremer.fr/dac/incois/2902201/profiles/ [recognized filenames; distinct positive cycles],0,0,Missing cycle numbers in 1..Prof# across recognized profile families,UPSTREAM LISTING VERIFIED,2026-09-20T21:44:51.578991+00:00,PASS
2902203,WMO ID,2902203,2902203,config/metadata/meta.csv:11 [WMO id] | https://data-argo.ifremer.fr/dac/incois/2902203/2902203_meta.nc [PLATFORM_NUMBER],2902203,2902203,Current preset WMO; validate upstream PLATFORM_NUMBER,LOCAL + UPSTREAM VERIFIED,2026-09-20T21:44:51.578991+00:00,PASS
2902203,Internal ID,152398,152398,"config/metadata/meta.csv:11 [Argos number, else imei]",Not used: local registry only; operational identity not independently verified,152398,"Local PTT, else local IMEI; unavailable stays null",LOCAL SOURCE MATCH,2026-09-20T21:44:51.578991+00:00,PASS
2902203,Float Type,APEX,APEX,config/metadata/meta.csv + MultiCsvLoader.load_info(wmo).float_type → preset.platform_type | https://data-argo.ifremer.fr/dac/incois/2902203/2902203_meta.nc [PLATFORM_TYPE],APEX,APEX,Preset platform_type; public metadata cross-check where available,LOCAL + UPSTREAM VERIFIED,2026-09-20T21:44:51.578991+00:00,PASS
2902203,Latitude,13.802°N,13.802,https://data-argo.ifremer.fr/dac/incois/2902203/profiles/R2902203_374.nc [LATITUDE index 0; JULD_LOCATION; POSITION_QC=1],13.802,13.802,"Newest paired QC 1/2 position, same source row as longitude; table rounds to 3 decimals",UPSTREAM VERIFIED,2026-09-20T21:44:51.578991+00:00,PASS
2902203,Longitude,65.138°E,65.138,https://data-argo.ifremer.fr/dac/incois/2902203/profiles/R2902203_374.nc [LONGITUDE index 0; JULD_LOCATION; POSITION_QC=1],65.138,65.138,"Newest paired QC 1/2 position, same source row as latitude; table rounds to 3 decimals",UPSTREAM VERIFIED,2026-09-20T21:44:51.578991+00:00,PASS
2902203,Last Transmission,2026-05-15 20:59 UTCTRAJ LAG,2026-05-15T20:59:17+00:00,https://data-argo.ifremer.fr/dac/incois/2902203/2902203_Rtraj.nc [JULD_LAST_MESSAGE index 360; raw JULD=27893.87450231472],JULD_LAST_MESSAGE[360] = 27893.87450231472 days since 1950-01-01 UTC,2026-05-15T20:59:17+00:00,Maximum valid authoritative per-cycle field; UTC; no measurement/profile substitution,UPSTREAM VERIFIED,2026-09-20T21:44:51.578991+00:00,PASS
2902203,Expected Next Communication,2026-05-25 20:59 UTC,2026-05-25T20:59:17+00:00,https://data-argo.ifremer.fr/dac/incois/2902203/2902203_Rtraj.nc [JULD_LAST_MESSAGE index 360; raw JULD=27893.87450231472],2026-05-15T20:59:17+00:00,2026-05-25T20:59:17+00:00,Last Transmission +10 exact UTC days,POLICY CALCULATION VERIFIED,2026-09-20T21:44:51.578991+00:00,PASS
2902203,No Communication / elapsed days,128 d,128.03165021980323,https://data-argo.ifremer.fr/dac/incois/2902203/2902203_Rtraj.nc [JULD_LAST_MESSAGE index 360; raw JULD=27893.87450231472],2026-05-15T20:59:17+00:00,128.03165021980323,(API generated_at - Last Transmission)/86400; UI floors completed days,POLICY CALCULATION VERIFIED,2026-09-20T21:44:51.578991+00:00,PASS
2902203,Communication Status,NO COMMUNICATION 60+ DAYS,NO COMMUNICATION 60+ DAYS,https://data-argo.ifremer.fr/dac/incois/2902203/2902203_Rtraj.nc [JULD_LAST_MESSAGE index 360; raw JULD=27893.87450231472],2026-05-15T20:59:17+00:00,NO COMMUNICATION 60+ DAYS,<=10 ACTIVE; >10 and <60 OVERDUE; >=60 NO COMMUNICATION; no timestamp NO DATA,POLICY CALCULATION VERIFIED,2026-09-20T21:44:51.578991+00:00,PASS
2902203,Prof# (highest cycle),374,374,https://data-argo.ifremer.fr/dac/incois/2902203/profiles/ [recognized filenames; distinct positive cycles],374,374,"Maximum recognized published cycle, not available count",UPSTREAM LISTING VERIFIED,2026-09-20T21:44:51.578991+00:00,PASS
2902203,Profiles Missing,8,8,https://data-argo.ifremer.fr/dac/incois/2902203/profiles/ [recognized filenames; distinct positive cycles],8,8,Missing cycle numbers in 1..Prof# across recognized profile families,UPSTREAM LISTING VERIFIED,2026-09-20T21:44:51.578991+00:00,PASS
2902206,WMO ID,2902206,2902206,config/metadata/meta.csv:10 [WMO id] | https://data-argo.ifremer.fr/dac/incois/2902206/2902206_meta.nc [PLATFORM_NUMBER],2902206,2902206,Current preset WMO; validate upstream PLATFORM_NUMBER,LOCAL + UPSTREAM VERIFIED,2026-09-20T21:44:51.578991+00:00,PASS
2902206,Internal ID,152397,152397,"config/metadata/meta.csv:10 [Argos number, else imei]",Not used: local registry only; operational identity not independently verified,152397,"Local PTT, else local IMEI; unavailable stays null",LOCAL SOURCE MATCH,2026-09-20T21:44:51.578991+00:00,PASS
2902206,Float Type,APEX,APEX,config/metadata/meta.csv + MultiCsvLoader.load_info(wmo).float_type → preset.platform_type | https://data-argo.ifremer.fr/dac/incois/2902206/2902206_meta.nc [PLATFORM_TYPE],APEX,APEX,Preset platform_type; public metadata cross-check where available,LOCAL + UPSTREAM VERIFIED,2026-09-20T21:44:51.578991+00:00,PASS
2902206,Latitude,9.376°N,9.376,https://data-argo.ifremer.fr/dac/incois/2902206/2902206_Rtraj.nc [LATITUDE index 7355; JULD; POSITION_QC=1],9.376,9.376,"Newest paired QC 1/2 position, same source row as longitude; table rounds to 3 decimals",UPSTREAM VERIFIED,2026-09-20T21:44:51.578991+00:00,PASS
2902206,Longitude,67.639°E,67.639,https://data-argo.ifremer.fr/dac/incois/2902206/2902206_Rtraj.nc [LONGITUDE index 7355; JULD; POSITION_QC=1],67.639,67.639,"Newest paired QC 1/2 position, same source row as latitude; table rounds to 3 decimals",UPSTREAM VERIFIED,2026-09-20T21:44:51.578991+00:00,PASS
2902206,Last Transmission,2026-01-20 14:14 UTC,2026-01-20T14:14:23+00:00,https://data-argo.ifremer.fr/dac/incois/2902206/2902206_Rtraj.nc [JULD_LAST_MESSAGE index 356; raw JULD=27778.593321759254],JULD_LAST_MESSAGE[356] = 27778.593321759254 days since 1950-01-01 UTC,2026-01-20T14:14:23+00:00,Maximum valid authoritative per-cycle field; UTC; no measurement/profile substitution,UPSTREAM VERIFIED,2026-09-20T21:44:51.578991+00:00,PASS
2902206,Expected Next Communication,2026-01-30 14:14 UTC,2026-01-30T14:14:23+00:00,https://data-argo.ifremer.fr/dac/incois/2902206/2902206_Rtraj.nc [JULD_LAST_MESSAGE index 356; raw JULD=27778.593321759254],2026-01-20T14:14:23+00:00,2026-01-30T14:14:23+00:00,Last Transmission +10 exact UTC days,POLICY CALCULATION VERIFIED,2026-09-20T21:44:51.578991+00:00,PASS
2902206,No Communication / elapsed days,243 d,243.3128307753588,https://data-argo.ifremer.fr/dac/incois/2902206/2902206_Rtraj.nc [JULD_LAST_MESSAGE index 356; raw JULD=27778.593321759254],2026-01-20T14:14:23+00:00,243.3128307753588,(API generated_at - Last Transmission)/86400; UI floors completed days,POLICY CALCULATION VERIFIED,2026-09-20T21:44:51.578991+00:00,PASS
2902206,Communication Status,NO COMMUNICATION 60+ DAYS,NO COMMUNICATION 60+ DAYS,https://data-argo.ifremer.fr/dac/incois/2902206/2902206_Rtraj.nc [JULD_LAST_MESSAGE index 356; raw JULD=27778.593321759254],2026-01-20T14:14:23+00:00,NO COMMUNICATION 60+ DAYS,<=10 ACTIVE; >10 and <60 OVERDUE; >=60 NO COMMUNICATION; no timestamp NO DATA,POLICY CALCULATION VERIFIED,2026-09-20T21:44:51.578991+00:00,PASS
2902206,Prof# (highest cycle),352,352,https://data-argo.ifremer.fr/dac/incois/2902206/profiles/ [recognized filenames; distinct positive cycles],352,352,"Maximum recognized published cycle, not available count",UPSTREAM LISTING VERIFIED,2026-09-20T21:44:51.578991+00:00,PASS
2902206,Profiles Missing,0,0,https://data-argo.ifremer.fr/dac/incois/2902206/profiles/ [recognized filenames; distinct positive cycles],0,0,Missing cycle numbers in 1..Prof# across recognized profile families,UPSTREAM LISTING VERIFIED,2026-09-20T21:44:51.578991+00:00,PASS
2902222,WMO ID,2902222,2902222,config/metadata/meta.csv:2 [WMO id] | https://data-argo.ifremer.fr/dac/incois/2902222/2902222_meta.nc [PLATFORM_NUMBER],2902222,2902222,Current preset WMO; validate upstream PLATFORM_NUMBER,LOCAL + UPSTREAM VERIFIED,2026-09-20T21:44:51.578991+00:00,PASS
2902222,Internal ID,152389,152389,"config/metadata/meta.csv:2 [Argos number, else imei]",Not used: local registry only; operational identity not independently verified,152389,"Local PTT, else local IMEI; unavailable stays null",LOCAL SOURCE MATCH,2026-09-20T21:44:51.578991+00:00,PASS
2902222,Float Type,APEX,APEX,config/metadata/meta.csv + MultiCsvLoader.load_info(wmo).float_type → preset.platform_type | https://data-argo.ifremer.fr/dac/incois/2902222/2902222_meta.nc [PLATFORM_TYPE],APEX,APEX,Preset platform_type; public metadata cross-check where available,LOCAL + UPSTREAM VERIFIED,2026-09-20T21:44:51.578991+00:00,PASS
2902222,Latitude,59.985°S,-59.985,https://data-argo.ifremer.fr/dac/incois/2902222/2902222_Rtraj.nc [LATITUDE index 10835; JULD; POSITION_QC=1],-59.985,-59.985,"Newest paired QC 1/2 position, same source row as longitude; table rounds to 3 decimals",UPSTREAM VERIFIED,2026-09-20T21:44:51.578991+00:00,PASS
2902222,Longitude,132.847°W,-132.847,https://data-argo.ifremer.fr/dac/incois/2902222/2902222_Rtraj.nc [LONGITUDE index 10835; JULD; POSITION_QC=1],-132.847,-132.847,"Newest paired QC 1/2 position, same source row as latitude; table rounds to 3 decimals",UPSTREAM VERIFIED,2026-09-20T21:44:51.578991+00:00,PASS
2902222,Last Transmission,2026-08-12 15:22 UTC,2026-08-12T15:22:42+00:00,https://data-argo.ifremer.fr/dac/incois/2902222/2902222_Rtraj.nc [JULD_LAST_MESSAGE index 339; raw JULD=27982.640763889067],JULD_LAST_MESSAGE[339] = 27982.640763889067 days since 1950-01-01 UTC,2026-08-12T15:22:42+00:00,Maximum valid authoritative per-cycle field; UTC; no measurement/profile substitution,UPSTREAM VERIFIED,2026-09-20T21:44:51.578991+00:00,PASS
2902222,Expected Next Communication,2026-08-22 15:22 UTC,2026-08-22T15:22:42+00:00,https://data-argo.ifremer.fr/dac/incois/2902222/2902222_Rtraj.nc [JULD_LAST_MESSAGE index 339; raw JULD=27982.640763889067],2026-08-12T15:22:42+00:00,2026-08-22T15:22:42+00:00,Last Transmission +10 exact UTC days,POLICY CALCULATION VERIFIED,2026-09-20T21:44:51.578991+00:00,PASS
2902222,No Communication / elapsed days,39 d,39.26538864572917,https://data-argo.ifremer.fr/dac/incois/2902222/2902222_Rtraj.nc [JULD_LAST_MESSAGE index 339; raw JULD=27982.640763889067],2026-08-12T15:22:42+00:00,39.26538864572917,(API generated_at - Last Transmission)/86400; UI floors completed days,POLICY CALCULATION VERIFIED,2026-09-20T21:44:51.578991+00:00,PASS
2902222,Communication Status,OVERDUE,OVERDUE,https://data-argo.ifremer.fr/dac/incois/2902222/2902222_Rtraj.nc [JULD_LAST_MESSAGE index 339; raw JULD=27982.640763889067],2026-08-12T15:22:42+00:00,OVERDUE,<=10 ACTIVE; >10 and <60 OVERDUE; >=60 NO COMMUNICATION; no timestamp NO DATA,POLICY CALCULATION VERIFIED,2026-09-20T21:44:51.578991+00:00,PASS
2902222,Prof# (highest cycle),350,350,https://data-argo.ifremer.fr/dac/incois/2902222/profiles/ [recognized filenames; distinct positive cycles],350,350,"Maximum recognized published cycle, not available count",UPSTREAM LISTING VERIFIED,2026-09-20T21:44:51.578991+00:00,PASS
2902222,Profiles Missing,1,1,https://data-argo.ifremer.fr/dac/incois/2902222/profiles/ [recognized filenames; distinct positive cycles],1,1,Missing cycle numbers in 1..Prof# across recognized profile families,UPSTREAM LISTING VERIFIED,2026-09-20T21:44:51.578991+00:00,PASS
2902223,WMO ID,2902223,2902223,config/metadata/meta.csv:3 [WMO id] | https://data-argo.ifremer.fr/dac/incois/2902223/2902223_meta.nc [PLATFORM_NUMBER],2902223,2902223,Current preset WMO; validate upstream PLATFORM_NUMBER,LOCAL + UPSTREAM VERIFIED,2026-09-20T21:44:51.578991+00:00,PASS
2902223,Internal ID,152382,152382,"config/metadata/meta.csv:3 [Argos number, else imei]",Not used: local registry only; operational identity not independently verified,152382,"Local PTT, else local IMEI; unavailable stays null",LOCAL SOURCE MATCH,2026-09-20T21:44:51.578991+00:00,PASS
2902223,Float Type,APEX,APEX,config/metadata/meta.csv + MultiCsvLoader.load_info(wmo).float_type → preset.platform_type | https://data-argo.ifremer.fr/dac/incois/2902223/2902223_meta.nc [PLATFORM_TYPE],APEX,APEX,Preset platform_type; public metadata cross-check where available,LOCAL + UPSTREAM VERIFIED,2026-09-20T21:44:51.578991+00:00,PASS
2902223,Latitude,45.719°S,-45.719,https://data-argo.ifremer.fr/dac/incois/2902223/2902223_Rtraj.nc [LATITUDE index 9383; JULD; POSITION_QC=1],-45.719,-45.719,"Newest paired QC 1/2 position, same source row as longitude; table rounds to 3 decimals",UPSTREAM VERIFIED,2026-09-20T21:44:51.578991+00:00,PASS
2902223,Longitude,8.043°E,8.043,https://data-argo.ifremer.fr/dac/incois/2902223/2902223_Rtraj.nc [LONGITUDE index 9383; JULD; POSITION_QC=1],8.043,8.043,"Newest paired QC 1/2 position, same source row as latitude; table rounds to 3 decimals",UPSTREAM VERIFIED,2026-09-20T21:44:51.578991+00:00,PASS
2902223,Last Transmission,2026-09-12 06:10 UTC,2026-09-12T06:10:30+00:00,https://data-argo.ifremer.fr/dac/incois/2902223/2902223_Rtraj.nc [JULD_LAST_MESSAGE index 342; raw JULD=28013.257291666698],JULD_LAST_MESSAGE[342] = 28013.257291666698 days since 1950-01-01 UTC,2026-09-12T06:10:30+00:00,Maximum valid authoritative per-cycle field; UTC; no measurement/profile substitution,UPSTREAM VERIFIED,2026-09-20T21:44:51.578991+00:00,PASS
2902223,Expected Next Communication,2026-09-22 06:10 UTC,2026-09-22T06:10:30+00:00,https://data-argo.ifremer.fr/dac/incois/2902223/2902223_Rtraj.nc [JULD_LAST_MESSAGE index 342; raw JULD=28013.257291666698],2026-09-12T06:10:30+00:00,2026-09-22T06:10:30+00:00,Last Transmission +10 exact UTC days,POLICY CALCULATION VERIFIED,2026-09-20T21:44:51.578991+00:00,PASS
2902223,No Communication / elapsed days,8 d,8.648860867951388,https://data-argo.ifremer.fr/dac/incois/2902223/2902223_Rtraj.nc [JULD_LAST_MESSAGE index 342; raw JULD=28013.257291666698],2026-09-12T06:10:30+00:00,8.648860867951388,(API generated_at - Last Transmission)/86400; UI floors completed days,POLICY CALCULATION VERIFIED,2026-09-20T21:44:51.578991+00:00,PASS
2902223,Communication Status,ACTIVE,ACTIVE,https://data-argo.ifremer.fr/dac/incois/2902223/2902223_Rtraj.nc [JULD_LAST_MESSAGE index 342; raw JULD=28013.257291666698],2026-09-12T06:10:30+00:00,ACTIVE,<=10 ACTIVE; >10 and <60 OVERDUE; >=60 NO COMMUNICATION; no timestamp NO DATA,POLICY CALCULATION VERIFIED,2026-09-20T21:44:51.578991+00:00,PASS
2902223,Prof# (highest cycle),353,353,https://data-argo.ifremer.fr/dac/incois/2902223/profiles/ [recognized filenames; distinct positive cycles],353,353,"Maximum recognized published cycle, not available count",UPSTREAM LISTING VERIFIED,2026-09-20T21:44:51.578991+00:00,PASS
2902223,Profiles Missing,3,3,https://data-argo.ifremer.fr/dac/incois/2902223/profiles/ [recognized filenames; distinct positive cycles],3,3,Missing cycle numbers in 1..Prof# across recognized profile families,UPSTREAM LISTING VERIFIED,2026-09-20T21:44:51.578991+00:00,PASS
2902224,WMO ID,2902224,2902224,config/metadata/meta.csv:4 [WMO id] | https://data-argo.ifremer.fr/dac/incois/2902224/2902224_meta.nc [PLATFORM_NUMBER],2902224,2902224,Current preset WMO; validate upstream PLATFORM_NUMBER,LOCAL + UPSTREAM VERIFIED,2026-09-20T21:44:51.578991+00:00,PASS
2902224,Internal ID,152390,152390,"config/metadata/meta.csv:4 [Argos number, else imei]",Not used: local registry only; operational identity not independently verified,152390,"Local PTT, else local IMEI; unavailable stays null",LOCAL SOURCE MATCH,2026-09-20T21:44:51.578991+00:00,PASS
2902224,Float Type,APEX,APEX,config/metadata/meta.csv + MultiCsvLoader.load_info(wmo).float_type → preset.platform_type | https://data-argo.ifremer.fr/dac/incois/2902224/2902224_meta.nc [PLATFORM_TYPE],APEX,APEX,Preset platform_type; public metadata cross-check where available,LOCAL + UPSTREAM VERIFIED,2026-09-20T21:44:51.578991+00:00,PASS
2902224,Latitude,42.097°S,-42.097,https://data-argo.ifremer.fr/dac/incois/2902224/2902224_Rtraj.nc [LATITUDE index 10497; JULD; POSITION_QC=1],-42.097,-42.097,"Newest paired QC 1/2 position, same source row as longitude; table rounds to 3 decimals",UPSTREAM VERIFIED,2026-09-20T21:44:51.578991+00:00,PASS
2902224,Longitude,33.661°W,-33.661,https://data-argo.ifremer.fr/dac/incois/2902224/2902224_Rtraj.nc [LONGITUDE index 10497; JULD; POSITION_QC=1],-33.661,-33.661,"Newest paired QC 1/2 position, same source row as latitude; table rounds to 3 decimals",UPSTREAM VERIFIED,2026-09-20T21:44:51.578991+00:00,PASS
2902224,Last Transmission,2026-05-02 02:32 UTCTRAJ LAG,2026-05-02T02:32:49+00:00,https://data-argo.ifremer.fr/dac/incois/2902224/2902224_Rtraj.nc [JULD_LAST_MESSAGE index 333; raw JULD=27880.10612268513],JULD_LAST_MESSAGE[333] = 27880.10612268513 days since 1950-01-01 UTC,2026-05-02T02:32:49+00:00,Maximum valid authoritative per-cycle field; UTC; no measurement/profile substitution,UPSTREAM VERIFIED,2026-09-20T21:44:51.578991+00:00,PASS
2902224,Expected Next Communication,2026-05-12 02:32 UTC,2026-05-12T02:32:49+00:00,https://data-argo.ifremer.fr/dac/incois/2902224/2902224_Rtraj.nc [JULD_LAST_MESSAGE index 333; raw JULD=27880.10612268513],2026-05-02T02:32:49+00:00,2026-05-12T02:32:49+00:00,Last Transmission +10 exact UTC days,POLICY CALCULATION VERIFIED,2026-09-20T21:44:51.578991+00:00,PASS
2902224,No Communication / elapsed days,141 d,141.80002984943286,https://data-argo.ifremer.fr/dac/incois/2902224/2902224_Rtraj.nc [JULD_LAST_MESSAGE index 333; raw JULD=27880.10612268513],2026-05-02T02:32:49+00:00,141.80002984943286,(API generated_at - Last Transmission)/86400; UI floors completed days,POLICY CALCULATION VERIFIED,2026-09-20T21:44:51.578991+00:00,PASS
2902224,Communication Status,NO COMMUNICATION 60+ DAYS,NO COMMUNICATION 60+ DAYS,https://data-argo.ifremer.fr/dac/incois/2902224/2902224_Rtraj.nc [JULD_LAST_MESSAGE index 333; raw JULD=27880.10612268513],2026-05-02T02:32:49+00:00,NO COMMUNICATION 60+ DAYS,<=10 ACTIVE; >10 and <60 OVERDUE; >=60 NO COMMUNICATION; no timestamp NO DATA,POLICY CALCULATION VERIFIED,2026-09-20T21:44:51.578991+00:00,PASS
2902224,Prof# (highest cycle),348,348,https://data-argo.ifremer.fr/dac/incois/2902224/profiles/ [recognized filenames; distinct positive cycles],348,348,"Maximum recognized published cycle, not available count",UPSTREAM LISTING VERIFIED,2026-09-20T21:44:51.578991+00:00,PASS
2902224,Profiles Missing,3,3,https://data-argo.ifremer.fr/dac/incois/2902224/profiles/ [recognized filenames; distinct positive cycles],3,3,Missing cycle numbers in 1..Prof# across recognized profile families,UPSTREAM LISTING VERIFIED,2026-09-20T21:44:51.578991+00:00,PASS
2904082,WMO ID,2904082,2904082,config/metadata/meta.csv:14 [WMO id] | https://data-argo.ifremer.fr/dac/incois/2904082/2904082_meta.nc [PLATFORM_NUMBER],2904082,2904082,Current preset WMO; validate upstream PLATFORM_NUMBER,LOCAL + UPSTREAM VERIFIED,2026-09-20T21:44:51.578991+00:00,PASS
2904082,Internal ID,124250,124250,"config/metadata/meta.csv:14 [Argos number, else imei]",Not used: local registry only; operational identity not independently verified,124250,"Local PTT, else local IMEI; unavailable stays null",LOCAL SOURCE MATCH,2026-09-20T21:44:51.578991+00:00,PASS
2904082,Float Type,ARVOR,ARVOR,config/metadata/meta.csv + MultiCsvLoader.load_info(wmo).float_type → preset.platform_type | https://data-argo.ifremer.fr/dac/incois/2904082/2904082_meta.nc [PLATFORM_TYPE],ARVOR,ARVOR,Preset platform_type; public metadata cross-check where available,LOCAL + UPSTREAM VERIFIED,2026-09-20T21:44:51.578991+00:00,PASS
2904082,Latitude,10.267°N,10.266666666666667,https://data-argo.ifremer.fr/dac/incois/2904082/profiles/R2904082_025.nc [LATITUDE index 0; JULD_LOCATION; POSITION_QC=1],10.266666666666667,10.266666666666667,"Newest paired QC 1/2 position, same source row as longitude; table rounds to 3 decimals",UPSTREAM VERIFIED,2026-09-20T21:44:51.578991+00:00,PASS
2904082,Longitude,63.433°E,63.43333333333333,https://data-argo.ifremer.fr/dac/incois/2904082/profiles/R2904082_025.nc [LONGITUDE index 0; JULD_LOCATION; POSITION_QC=1],63.43333333333333,63.43333333333333,"Newest paired QC 1/2 position, same source row as latitude; table rounds to 3 decimals",UPSTREAM VERIFIED,2026-09-20T21:44:51.578991+00:00,PASS
2904082,Last Transmission,2026-05-05 07:14 UTCTRAJ LAG,2026-05-05T07:14:13+00:00,https://data-argo.ifremer.fr/dac/incois/2904082/2904082_Rtraj.nc [JULD_LAST_MESSAGE index 12; raw JULD=27883.301539351698],JULD_LAST_MESSAGE[12] = 27883.301539351698 days since 1950-01-01 UTC,2026-05-05T07:14:13+00:00,Maximum valid authoritative per-cycle field; UTC; no measurement/profile substitution,UPSTREAM VERIFIED,2026-09-20T21:44:51.578991+00:00,PASS
2904082,Expected Next Communication,2026-05-15 07:14 UTC,2026-05-15T07:14:13+00:00,https://data-argo.ifremer.fr/dac/incois/2904082/2904082_Rtraj.nc [JULD_LAST_MESSAGE index 12; raw JULD=27883.301539351698],2026-05-05T07:14:13+00:00,2026-05-15T07:14:13+00:00,Last Transmission +10 exact UTC days,POLICY CALCULATION VERIFIED,2026-09-20T21:44:51.578991+00:00,PASS
2904082,No Communication / elapsed days,138 d,138.6046131827662,https://data-argo.ifremer.fr/dac/incois/2904082/2904082_Rtraj.nc [JULD_LAST_MESSAGE index 12; raw JULD=27883.301539351698],2026-05-05T07:14:13+00:00,138.6046131827662,(API generated_at - Last Transmission)/86400; UI floors completed days,POLICY CALCULATION VERIFIED,2026-09-20T21:44:51.578991+00:00,PASS
2904082,Communication Status,NO COMMUNICATION 60+ DAYS,NO COMMUNICATION 60+ DAYS,https://data-argo.ifremer.fr/dac/incois/2904082/2904082_Rtraj.nc [JULD_LAST_MESSAGE index 12; raw JULD=27883.301539351698],2026-05-05T07:14:13+00:00,NO COMMUNICATION 60+ DAYS,<=10 ACTIVE; >10 and <60 OVERDUE; >=60 NO COMMUNICATION; no timestamp NO DATA,POLICY CALCULATION VERIFIED,2026-09-20T21:44:51.578991+00:00,PASS
2904082,Prof# (highest cycle),25,25,https://data-argo.ifremer.fr/dac/incois/2904082/profiles/ [recognized filenames; distinct positive cycles],25,25,"Maximum recognized published cycle, not available count",UPSTREAM LISTING VERIFIED,2026-09-20T21:44:51.578991+00:00,PASS
2904082,Profiles Missing,0,0,https://data-argo.ifremer.fr/dac/incois/2904082/profiles/ [recognized filenames; distinct positive cycles],0,0,Missing cycle numbers in 1..Prof# across recognized profile families,UPSTREAM LISTING VERIFIED,2026-09-20T21:44:51.578991+00:00,PASS
6902892,WMO ID,6902892,6902892,config/registry_apf9.csv:2 [wmo],Outside configured DAC; local source only,6902892,Current preset WMO; validate upstream PLATFORM_NUMBER,LOCAL SOURCE MATCH,2026-09-20T21:45:51.293639+00:00,PASS
6902892,Internal ID,589584,589584,"config/registry_apf9.csv:2 [ptt, else imei]",Not used: local registry only; operational identity not independently verified,589584,"Local PTT, else local IMEI; unavailable stays null",LOCAL SOURCE MATCH,2026-09-20T21:45:51.293639+00:00,PASS
6902892,Float Type,ARVOR_D,ARVOR_D,config/registry.csv:2 [platform_type],Outside configured DAC; local source only,ARVOR_D,Preset platform_type; public metadata cross-check where available,LOCAL SOURCE MATCH,2026-09-20T21:45:51.293639+00:00,PASS
6902892,Latitude,—,,No record in configured dac/incois; public dac/coriolis Rtraj independently confirmed by HEAD (not used without scope approval).,,,"Newest paired QC 1/2 position, same source row as longitude; table rounds to 3 decimals",VERIFIED UNAVAILABLE IN CONFIGURED DAC,2026-09-20T21:45:51.293639+00:00,PASS
6902892,Longitude,—,,No record in configured dac/incois; public dac/coriolis Rtraj independently confirmed by HEAD (not used without scope approval).,,,"Newest paired QC 1/2 position, same source row as latitude; table rounds to 3 decimals",VERIFIED UNAVAILABLE IN CONFIGURED DAC,2026-09-20T21:45:51.293639+00:00,PASS
6902892,Last Transmission,—,,No record in configured dac/incois; public dac/coriolis Rtraj independently confirmed by HEAD (not used without scope approval).,No record in configured dac/incois; public dac/coriolis Rtraj independently confirmed by HEAD (not used without scope approval).,,Maximum valid authoritative per-cycle field; UTC; no measurement/profile substitution,UNAVAILABLE; NOT INFERRED,2026-09-20T21:45:51.293639+00:00,PASS
6902892,Expected Next Communication,—,,No record in configured dac/incois; public dac/coriolis Rtraj independently confirmed by HEAD (not used without scope approval).,No record in configured dac/incois; public dac/coriolis Rtraj independently confirmed by HEAD (not used without scope approval).,,Last Transmission +10 exact UTC days,UNAVAILABLE; NOT INFERRED,2026-09-20T21:45:51.293639+00:00,PASS
6902892,No Communication / elapsed days,—,,No record in configured dac/incois; public dac/coriolis Rtraj independently confirmed by HEAD (not used without scope approval).,No record in configured dac/incois; public dac/coriolis Rtraj independently confirmed by HEAD (not used without scope approval).,,(API generated_at - Last Transmission)/86400; UI floors completed days,UNAVAILABLE; NOT INFERRED,2026-09-20T21:45:51.293639+00:00,PASS
6902892,Communication Status,NO DATA,NO DATA,No record in configured dac/incois; public dac/coriolis Rtraj independently confirmed by HEAD (not used without scope approval).,No record in configured dac/incois; public dac/coriolis Rtraj independently confirmed by HEAD (not used without scope approval).,NO DATA,<=10 ACTIVE; >10 and <60 OVERDUE; >=60 NO COMMUNICATION; no timestamp NO DATA,UNAVAILABLE; NOT INFERRED,2026-09-20T21:45:51.293639+00:00,PASS
6902892,Prof# (highest cycle),—,,No record in configured dac/incois; public dac/coriolis Rtraj independently confirmed by HEAD (not used without scope approval).,,,"Maximum recognized published cycle, not available count",VERIFIED UNAVAILABLE IN CONFIGURED DAC,2026-09-20T21:45:51.293639+00:00,PASS
6902892,Profiles Missing,—,,No record in configured dac/incois; public dac/coriolis Rtraj independently confirmed by HEAD (not used without scope approval).,,,Missing cycle numbers in 1..Prof# across recognized profile families,VERIFIED UNAVAILABLE IN CONFIGURED DAC,2026-09-20T21:45:51.293639+00:00,PASS
6903014,WMO ID,6903014,6903014,config/registry_apf9.csv:3 [wmo],Outside configured DAC; local source only,6903014,Current preset WMO; validate upstream PLATFORM_NUMBER,LOCAL SOURCE MATCH,2026-09-20T21:45:51.293639+00:00,PASS
6903014,Internal ID,850878,850878,"config/registry_apf9.csv:3 [ptt, else imei]",Not used: local registry only; operational identity not independently verified,850878,"Local PTT, else local IMEI; unavailable stays null",LOCAL SOURCE MATCH,2026-09-20T21:45:51.293639+00:00,PASS
6903014,Float Type,ARVOR,ARVOR,config/registry.csv:3 [platform_type],Outside configured DAC; local source only,ARVOR,Preset platform_type; public metadata cross-check where available,LOCAL SOURCE MATCH,2026-09-20T21:45:51.293639+00:00,PASS
6903014,Latitude,—,,No record in configured dac/incois; public dac/coriolis Rtraj independently confirmed by HEAD (not used without scope approval).,,,"Newest paired QC 1/2 position, same source row as longitude; table rounds to 3 decimals",VERIFIED UNAVAILABLE IN CONFIGURED DAC,2026-09-20T21:45:51.293639+00:00,PASS
6903014,Longitude,—,,No record in configured dac/incois; public dac/coriolis Rtraj independently confirmed by HEAD (not used without scope approval).,,,"Newest paired QC 1/2 position, same source row as latitude; table rounds to 3 decimals",VERIFIED UNAVAILABLE IN CONFIGURED DAC,2026-09-20T21:45:51.293639+00:00,PASS
6903014,Last Transmission,—,,No record in configured dac/incois; public dac/coriolis Rtraj independently confirmed by HEAD (not used without scope approval).,No record in configured dac/incois; public dac/coriolis Rtraj independently confirmed by HEAD (not used without scope approval).,,Maximum valid authoritative per-cycle field; UTC; no measurement/profile substitution,UNAVAILABLE; NOT INFERRED,2026-09-20T21:45:51.293639+00:00,PASS
6903014,Expected Next Communication,—,,No record in configured dac/incois; public dac/coriolis Rtraj independently confirmed by HEAD (not used without scope approval).,No record in configured dac/incois; public dac/coriolis Rtraj independently confirmed by HEAD (not used without scope approval).,,Last Transmission +10 exact UTC days,UNAVAILABLE; NOT INFERRED,2026-09-20T21:45:51.293639+00:00,PASS
6903014,No Communication / elapsed days,—,,No record in configured dac/incois; public dac/coriolis Rtraj independently confirmed by HEAD (not used without scope approval).,No record in configured dac/incois; public dac/coriolis Rtraj independently confirmed by HEAD (not used without scope approval).,,(API generated_at - Last Transmission)/86400; UI floors completed days,UNAVAILABLE; NOT INFERRED,2026-09-20T21:45:51.293639+00:00,PASS
6903014,Communication Status,NO DATA,NO DATA,No record in configured dac/incois; public dac/coriolis Rtraj independently confirmed by HEAD (not used without scope approval).,No record in configured dac/incois; public dac/coriolis Rtraj independently confirmed by HEAD (not used without scope approval).,NO DATA,<=10 ACTIVE; >10 and <60 OVERDUE; >=60 NO COMMUNICATION; no timestamp NO DATA,UNAVAILABLE; NOT INFERRED,2026-09-20T21:45:51.293639+00:00,PASS
6903014,Prof# (highest cycle),—,,No record in configured dac/incois; public dac/coriolis Rtraj independently confirmed by HEAD (not used without scope approval).,,,"Maximum recognized published cycle, not available count",VERIFIED UNAVAILABLE IN CONFIGURED DAC,2026-09-20T21:45:51.293639+00:00,PASS
6903014,Profiles Missing,—,,No record in configured dac/incois; public dac/coriolis Rtraj independently confirmed by HEAD (not used without scope approval).,,,Missing cycle numbers in 1..Prof# across recognized profile families,VERIFIED UNAVAILABLE IN CONFIGURED DAC,2026-09-20T21:45:51.293639+00:00,PASS
6990711,WMO ID,6990711,6990711,config/metadata/meta.csv:15 [WMO id] | https://data-argo.ifremer.fr/dac/incois/6990711/6990711_meta.nc [PLATFORM_NUMBER],6990711,6990711,Current preset WMO; validate upstream PLATFORM_NUMBER,LOCAL + UPSTREAM VERIFIED,2026-09-20T21:45:51.293639+00:00,PASS
6990711,Internal ID,664170,664170,"config/metadata/meta.csv:15 [Argos number, else imei]",Not used: local registry only; operational identity not independently verified,664170,"Local PTT, else local IMEI; unavailable stays null",LOCAL SOURCE MATCH,2026-09-20T21:45:51.293639+00:00,PASS
6990711,Float Type,ARVOR,ARVOR,config/metadata/meta.csv + MultiCsvLoader.load_info(wmo).float_type → preset.platform_type | https://data-argo.ifremer.fr/dac/incois/6990711/6990711_meta.nc [PLATFORM_TYPE],ARVOR,ARVOR,Preset platform_type; public metadata cross-check where available,LOCAL + UPSTREAM VERIFIED,2026-09-20T21:45:51.293639+00:00,PASS
6990711,Latitude,64.706°S,-64.70572,https://data-argo.ifremer.fr/dac/incois/6990711/6990711_Rtraj.nc [LATITUDE index 94; JULD; POSITION_QC=1],-64.70572,-64.70572,"Newest paired QC 1/2 position, same source row as longitude; table rounds to 3 decimals",UPSTREAM VERIFIED,2026-09-20T21:45:51.293639+00:00,PASS
6990711,Longitude,69.866°E,69.86632,https://data-argo.ifremer.fr/dac/incois/6990711/6990711_Rtraj.nc [LONGITUDE index 94; JULD; POSITION_QC=1],69.86632,69.86632,"Newest paired QC 1/2 position, same source row as latitude; table rounds to 3 decimals",UPSTREAM VERIFIED,2026-09-20T21:45:51.293639+00:00,PASS
6990711,Last Transmission,2025-05-02 00:01 UTC,2025-05-02T00:01:25+00:00,https://data-argo.ifremer.fr/dac/incois/6990711/6990711_Rtraj.nc [JULD_LAST_MESSAGE index 5; raw JULD=27515.000983796297],JULD_LAST_MESSAGE[5] = 27515.000983796297 days since 1950-01-01 UTC,2025-05-02T00:01:25+00:00,Maximum valid authoritative per-cycle field; UTC; no measurement/profile substitution,UPSTREAM VERIFIED,2026-09-20T21:45:51.293639+00:00,PASS
6990711,Expected Next Communication,2025-05-12 00:01 UTC,2025-05-12T00:01:25+00:00,https://data-argo.ifremer.fr/dac/incois/6990711/6990711_Rtraj.nc [JULD_LAST_MESSAGE index 5; raw JULD=27515.000983796297],2025-05-02T00:01:25+00:00,2025-05-12T00:01:25+00:00,Last Transmission +10 exact UTC days,POLICY CALCULATION VERIFIED,2026-09-20T21:45:51.293639+00:00,PASS
6990711,No Communication / elapsed days,506 d,506.905859880081,https://data-argo.ifremer.fr/dac/incois/6990711/6990711_Rtraj.nc [JULD_LAST_MESSAGE index 5; raw JULD=27515.000983796297],2025-05-02T00:01:25+00:00,506.905859880081,(API generated_at - Last Transmission)/86400; UI floors completed days,POLICY CALCULATION VERIFIED,2026-09-20T21:45:51.293639+00:00,PASS
6990711,Communication Status,NO COMMUNICATION 60+ DAYS,NO COMMUNICATION 60+ DAYS,https://data-argo.ifremer.fr/dac/incois/6990711/6990711_Rtraj.nc [JULD_LAST_MESSAGE index 5; raw JULD=27515.000983796297],2025-05-02T00:01:25+00:00,NO COMMUNICATION 60+ DAYS,<=10 ACTIVE; >10 and <60 OVERDUE; >=60 NO COMMUNICATION; no timestamp NO DATA,POLICY CALCULATION VERIFIED,2026-09-20T21:45:51.293639+00:00,PASS
6990711,Prof# (highest cycle),7,7,https://data-argo.ifremer.fr/dac/incois/6990711/profiles/ [recognized filenames; distinct positive cycles],7,7,"Maximum recognized published cycle, not available count",UPSTREAM LISTING VERIFIED,2026-09-20T21:45:51.293639+00:00,PASS
6990711,Profiles Missing,0,0,https://data-argo.ifremer.fr/dac/incois/6990711/profiles/ [recognized filenames; distinct positive cycles],0,0,Missing cycle numbers in 1..Prof# across recognized profile families,UPSTREAM LISTING VERIFIED,2026-09-20T21:45:51.293639+00:00,PASS
7902408,WMO ID,7902408,7902408,config/metadata/meta.csv:16 [WMO id] | https://data-argo.ifremer.fr/dac/incois/7902408/7902408_meta.nc [PLATFORM_NUMBER],7902408,7902408,Current preset WMO; validate upstream PLATFORM_NUMBER,LOCAL + UPSTREAM VERIFIED,2026-09-20T21:45:51.293639+00:00,PASS
7902408,Internal ID,339490,339490,"config/metadata/meta.csv:16 [Argos number, else imei]",Not used: local registry only; operational identity not independently verified,339490,"Local PTT, else local IMEI; unavailable stays null",LOCAL SOURCE MATCH,2026-09-20T21:45:51.293639+00:00,PASS
7902408,Float Type,ARVOR,ARVOR,config/metadata/meta.csv + MultiCsvLoader.load_info(wmo).float_type → preset.platform_type | https://data-argo.ifremer.fr/dac/incois/7902408/7902408_meta.nc [PLATFORM_TYPE],ARVOR,ARVOR,Preset platform_type; public metadata cross-check where available,LOCAL + UPSTREAM VERIFIED,2026-09-20T21:45:51.293639+00:00,PASS
7902408,Latitude,3.331°N,3.33145,https://data-argo.ifremer.fr/dac/incois/7902408/profiles/R7902408_018.nc [LATITUDE index 0; JULD_LOCATION; POSITION_QC=1],3.33145,3.33145,"Newest paired QC 1/2 position, same source row as longitude; table rounds to 3 decimals",UPSTREAM VERIFIED,2026-09-20T21:45:51.293639+00:00,PASS
7902408,Longitude,81.106°E,81.106,https://data-argo.ifremer.fr/dac/incois/7902408/profiles/R7902408_018.nc [LONGITUDE index 0; JULD_LOCATION; POSITION_QC=1],81.106,81.106,"Newest paired QC 1/2 position, same source row as latitude; table rounds to 3 decimals",UPSTREAM VERIFIED,2026-09-20T21:45:51.293639+00:00,PASS
7902408,Last Transmission,2026-05-05 09:58 UTCTRAJ LAG,2026-05-05T09:58:55+00:00,https://data-argo.ifremer.fr/dac/incois/7902408/7902408_Rtraj.nc [JULD_LAST_MESSAGE index 5; raw JULD=27883.415914352052],JULD_LAST_MESSAGE[5] = 27883.415914352052 days since 1950-01-01 UTC,2026-05-05T09:58:55+00:00,Maximum valid authoritative per-cycle field; UTC; no measurement/profile substitution,UPSTREAM VERIFIED,2026-09-20T21:45:51.293639+00:00,PASS
7902408,Expected Next Communication,2026-05-15 09:58 UTC,2026-05-15T09:58:55+00:00,https://data-argo.ifremer.fr/dac/incois/7902408/7902408_Rtraj.nc [JULD_LAST_MESSAGE index 5; raw JULD=27883.415914352052],2026-05-05T09:58:55+00:00,2026-05-15T09:58:55+00:00,Last Transmission +10 exact UTC days,POLICY CALCULATION VERIFIED,2026-09-20T21:45:51.293639+00:00,PASS
7902408,No Communication / elapsed days,138 d,138.49092932452547,https://data-argo.ifremer.fr/dac/incois/7902408/7902408_Rtraj.nc [JULD_LAST_MESSAGE index 5; raw JULD=27883.415914352052],2026-05-05T09:58:55+00:00,138.49092932452547,(API generated_at - Last Transmission)/86400; UI floors completed days,POLICY CALCULATION VERIFIED,2026-09-20T21:45:51.293639+00:00,PASS
7902408,Communication Status,NO COMMUNICATION 60+ DAYS,NO COMMUNICATION 60+ DAYS,https://data-argo.ifremer.fr/dac/incois/7902408/7902408_Rtraj.nc [JULD_LAST_MESSAGE index 5; raw JULD=27883.415914352052],2026-05-05T09:58:55+00:00,NO COMMUNICATION 60+ DAYS,<=10 ACTIVE; >10 and <60 OVERDUE; >=60 NO COMMUNICATION; no timestamp NO DATA,POLICY CALCULATION VERIFIED,2026-09-20T21:45:51.293639+00:00,PASS
7902408,Prof# (highest cycle),18,18,https://data-argo.ifremer.fr/dac/incois/7902408/profiles/ [recognized filenames; distinct positive cycles],18,18,"Maximum recognized published cycle, not available count",UPSTREAM LISTING VERIFIED,2026-09-20T21:45:51.293639+00:00,PASS
7902408,Profiles Missing,0,0,https://data-argo.ifremer.fr/dac/incois/7902408/profiles/ [recognized filenames; distinct positive cycles],0,0,Missing cycle numbers in 1..Prof# across recognized profile families,UPSTREAM LISTING VERIFIED,2026-09-20T21:45:51.293639+00:00,PASS
