Message,20240501T172650,Firmware: 07/21/23 18:56:40 2.17.4 STD IRID Final
Message,20240501T172650,Username: f10474
Message,20240501T172650,Float ID: 013-2723
GPS,20240501T172650,0.208517,82.645233,9
GPS,20240501T173433,0.208473,82.650787,9
CTD_P,20240501T173435,-0.16
FLBB_CFG,20240501T173437,470,700
Message,20240501T173437,Park Descent Mission
CTD_P,20240501T173440,-0.16
CTD_P,20240501T173554,0.01
CTD_P,20240501T173656,0.11
CTD_P,20240501T173758,0.18
CTD_P,20240501T173901,0.05
CTD_P,20240501T174003,0.91
CTD_P,20240501T174105,4.25
CTD_P,20240501T174207,11.50
CTD_P,20240501T174310,19.57
CTD_P,20240501T174412,28.54
CTD_P,20240501T174514,38.33
CTD_P,20240501T174616,49.12
CTD_P,20240501T174719,58.78
CTD_P,20240501T174821,68.00
CTD_P,20240501T174923,77.82
CTD_P,20240501T175026,88.18
CTD_P,20240501T175106,95.42
CTD_P,20240501T175107,95.65
CTD_P,20240501T175209,105.98
CTD_P,20240501T185212,546.16
CTD_P,20240501T194048,1000.91
CTD_P,20240501T194151,1010.14
CTD_P,20240501T194253,1018.19
CTD_P,20240501T194355,1024.92
CTD_P,20240501T194458,1029.72
CTD_P,20240501T194550,1031.75
Message,20240501T194552,Park Mission
CTD_P,20240501T194555,1031.75
CTD_PTSH,20240501T194618,1031.60,7.0352,34.9540,-1.015909
CTD_P,20240501T194619,1031.60
CTD_P,20240501T204552,897.49
CTD_PTSH,20240501T204614,896.90,7.5431,34.9660,-1.016229
CTD_P,20240501T204615,896.87
CTD_P,20240501T214617,836.84
CTD_PTSH,20240501T214639,836.40,7.9005,34.9900,-1.016084
CTD_P,20240501T214640,836.43
CTD_P,20240501T224642,820.19
CTD_PTSH,20240501T224704,820.20,7.9481,34.9950,-1.015990
CTD_P,20240501T224705,820.22
CTD_P,20240501T234708,869.01
CTD_PTSH,20240501T234730,869.20,7.7325,34.9820,-1.016212
CTD_P,20240501T234731,869.22
CTD_P,20240502T004733,900.61
CTD_PTSH,20240502T004755,900.80,7.5940,34.9690,-1.016259
CTD_P,20240502T004756,900.85
CTD_P,20240502T014758,916.20
CTD_PTSH,20240502T014820,916.30,7.4741,34.9710,-1.016291
CTD_P,20240502T014821,916.27
CTD_P,20240502T024824,968.43
CTD_PTSH,20240502T024846,968.70,7.2743,34.9640,-1.016413
CTD_P,20240502T024847,968.68
CTD_P,20240502T034849,992.34
CTD_PTSH,20240502T034911,992.50,7.0928,34.9540,-1.016393
CTD_P,20240502T034912,992.53
CTD_P,20240502T044914,1001.17
CTD_PTSH,20240502T044936,1001.10,7.0873,34.9530,-1.016387
CTD_P,20240502T044937,1001.07
CTD_P,20240502T054939,1015.57
CTD_PTSH,20240502T055001,1015.60,7.0399,34.9530,-1.016446
CTD_P,20240502T055002,1015.62
CTD_P,20240502T065004,1014.11
CTD_PTSH,20240502T065026,1014.10,7.0062,34.9500,-1.016468
CTD_P,20240502T065027,1014.03
CTD_P,20240502T075029,1014.61
CTD_PTSH,20240502T075051,1014.70,6.9549,34.9520,-1.016429
CTD_P,20240502T075052,1014.68
CTD_P,20240502T085054,1021.24
CTD_PTSH,20240502T085116,1021.20,6.9401,34.9500,-1.016399
CTD_P,20240502T085117,1021.22
CTD_P,20240502T095119,1024.20
CTD_PTSH,20240502T095141,1024.20,6.9253,34.9490,-1.016426
CTD_P,20240502T095142,1024.22
CTD_P,20240502T105144,1026.99
CTD_PTSH,20240502T105206,1027.10,6.9043,34.9490,-1.016443
CTD_P,20240502T105207,1027.15
CTD_P,20240502T115209,1042.45
CTD_PTSH,20240502T115231,1042.60,6.9234,34.9490,-1.016451
CTD_P,20240502T115232,1042.57
CTD_P,20240502T125234,1047.43
CTD_PTSH,20240502T125256,1047.50,6.9285,34.9500,-1.016397
CTD_P,20240502T125257,1047.50
CTD_P,20240502T135259,1010.68
CTD_PTSH,20240502T135321,1010.40,7.0932,34.9550,-1.016239
CTD_P,20240502T135322,1010.37
CTD_P,20240502T145324,1001.81
CTD_PTSH,20240502T145346,1001.70,7.0905,34.9540,-1.016228
CTD_P,20240502T145347,1001.65
CTD_P,20240502T155349,998.62
CTD_PTSH,20240502T155411,998.50,7.0648,34.9530,-1.016158
CTD_P,20240502T155412,998.48
CTD_P,20240502T165414,995.19
CTD_PTSH,20240502T165436,995.20,7.0375,34.9520,-1.016143
CTD_P,20240502T165437,995.22
CTD_P,20240502T175439,993.72
CTD_PTSH,20240502T175501,993.70,7.0247,34.9520,-1.016132
CTD_P,20240502T175502,993.69
CTD_P,20240502T185504,988.05
CTD_PTSH,20240502T185526,987.90,7.0022,34.9550,-1.016106
CTD_P,20240502T185527,987.85
CTD_P,20240502T195529,994.57
CTD_PTSH,20240502T195551,994.40,7.0160,34.9510,-1.016127
CTD_P,20240502T195552,994.42
CTD_P,20240502T205554,986.19
CTD_PTSH,20240502T205616,986.10,6.9494,34.9500,-1.016063
CTD_P,20240502T205617,986.09
CTD_P,20240502T215619,992.74
CTD_PTSH,20240502T215641,992.50,6.9645,34.9510,-1.016122
CTD_P,20240502T215642,992.55
CTD_P,20240502T225644,983.08
CTD_PTSH,20240502T225706,982.90,6.9486,34.9500,-1.016058
CTD_P,20240502T225707,982.85
CTD_P,20240502T235709,1001.99
CTD_PTSH,20240502T235731,1001.90,6.9894,34.9510,-1.016118
CTD_P,20240502T235732,1001.93
CTD_P,20240503T005734,1004.73
CTD_PTSH,20240503T005756,1004.90,7.0224,34.9520,-1.016070
CTD_P,20240503T005757,1004.93
CTD_P,20240503T015759,1012.21
CTD_PTSH,20240503T015821,1012.30,7.0373,34.9510,-1.016106
CTD_P,20240503T015822,1012.27
CTD_P,20240503T025824,1008.88
CTD_PTSH,20240503T025846,1008.80,7.0367,34.9530,-1.016091
CTD_P,20240503T025847,1008.77
CTD_P,20240503T035849,1008.55
CTD_PTSH,20240503T035911,1008.40,7.0291,34.9520,-1.016143
CTD_P,20240503T035912,1008.42
CTD_P,20240503T045914,996.37
CTD_PTSH,20240503T045936,996.40,6.9600,34.9520,-1.016084
CTD_P,20240503T045937,996.39
CTD_P,20240503T055939,1003.98
CTD_PTSH,20240503T060001,1004.00,6.9631,34.9510,-1.016076
CTD_P,20240503T060002,1003.98
CTD_P,20240503T070004,995.95
CTD_PTSH,20240503T070026,995.80,6.9593,34.9500,-1.016052
CTD_P,20240503T070027,995.80
CTD_P,20240503T080029,1000.04
CTD_PTSH,20240503T080051,1000.00,6.9385,34.9490,-1.016058
CTD_P,20240503T080052,999.98
CTD_P,20240503T090054,1000.90
CTD_PTSH,20240503T090116,1001.10,6.9184,34.9490,-1.016031
CTD_P,20240503T090117,1001.07
CTD_P,20240503T100119,1008.31
CTD_PTSH,20240503T100141,1008.50,6.9307,34.9500,-1.016041
CTD_P,20240503T100142,1008.45
CTD_P,20240503T110144,1009.36
CTD_PTSH,20240503T110206,1009.20,6.9507,34.9500,-1.016024
CTD_P,20240503T110207,1009.23
CTD_P,20240503T120209,1010.14
CTD_PTSH,20240503T120231,1010.10,6.9733,34.9550,-1.016017
CTD_P,20240503T120232,1010.10
CTD_P,20240503T130234,1011.76
CTD_PTSH,20240503T130256,1011.80,6.9491,34.9500,-1.016024
CTD_P,20240503T130257,1011.82
CTD_P,20240503T140259,1018.65
CTD_PTSH,20240503T140321,1018.60,6.9632,34.9490,-1.015974
CTD_P,20240503T140322,1018.58
CTD_P,20240503T150324,1007.03
CTD_PTSH,20240503T150346,1007.00,6.9346,34.9490,-1.016003
CTD_P,20240503T150347,1007.02
CTD_P,20240503T160349,1011.68
CTD_PTSH,20240503T160411,1012.00,6.9260,34.9500,-1.015969
CTD_P,20240503T160412,1011.95
CTD_P,20240503T170414,1015.43
CTD_PTSH,20240503T170436,1015.50,6.9196,34.9500,-1.015970
CTD_P,20240503T170437,1015.55
CTD_P,20240503T180439,1015.26
CTD_PTSH,20240503T180501,1015.20,6.9275,34.9500,-1.016015
CTD_P,20240503T180502,1015.17
CTD_P,20240503T190504,1013.85
CTD_PTSH,20240503T190526,1014.00,6.9266,34.9490,-1.015957
CTD_P,20240503T190527,1014.02
CTD_P,20240503T200529,1011.19
CTD_PTSH,20240503T200551,1011.00,6.9133,34.9490,-1.015953
CTD_P,20240503T200552,1010.99
CTD_P,20240503T210554,1007.96
CTD_PTSH,20240503T210616,1007.90,6.8648,34.9460,-1.015935
CTD_P,20240503T210617,1007.92
CTD_P,20240503T220619,1015.48
CTD_PTSH,20240503T220641,1015.50,6.8957,34.9480,-1.015919
CTD_P,20240503T220642,1015.56
CTD_P,20240503T230644,1024.96
CTD_PTSH,20240503T230706,1024.90,6.9250,34.9490,-1.015943
CTD_P,20240503T230707,1024.92
CTD_P,20240504T000709,1023.13
CTD_PTSH,20240504T000731,1023.20,6.9192,34.9500,-1.015926
CTD_P,20240504T000732,1023.21
CTD_P,20240504T010734,1025.97
CTD_PTSH,20240504T010756,1025.90,6.9336,34.9490,-1.015947
CTD_P,20240504T010757,1025.86
CTD_P,20240504T020759,1024.12
CTD_PTSH,20240504T020821,1023.90,6.9333,34.9490,-1.015918
CTD_P,20240504T020822,1023.90
CTD_P,20240504T030824,1010.29
CTD_PTSH,20240504T030846,1010.20,6.8887,34.9510,-1.015875
CTD_P,20240504T030847,1010.15
CTD_P,20240504T040849,1008.45
CTD_PTSH,20240504T040911,1008.50,6.7831,34.9430,-1.015801
CTD_P,20240504T040912,1008.51
CTD_P,20240504T050914,1005.55
CTD_PTSH,20240504T050936,1005.50,6.7762,34.9420,-1.015776
CTD_P,20240504T050937,1005.52
CTD_P,20240504T060939,1010.00
CTD_PTSH,20240504T061001,1010.00,6.7772,34.9450,-1.015854
CTD_P,20240504T061002,1010.02
CTD_P,20240504T071004,1005.60
CTD_PTSH,20240504T071026,1005.40,6.7759,34.9430,-1.015784
CTD_P,20240504T071027,1005.45
CTD_P,20240504T081029,1004.96
CTD_PTSH,20240504T081051,1005.20,6.7575,34.9460,-1.015862
CTD_P,20240504T081052,1005.22
CTD_P,20240504T091054,1012.43
CTD_PTSH,20240504T091116,1012.70,6.7762,34.9450,-1.015855
CTD_P,20240504T091117,1012.70
CTD_P,20240504T101119,1023.89
CTD_PTSH,20240504T101141,1023.80,6.8057,34.9420,-1.015855
CTD_P,20240504T101142,1023.79
CTD_P,20240504T111144,1023.28
CTD_PTSH,20240504T111206,1023.10,6.8003,34.9420,-1.015826
CTD_P,20240504T111207,1023.13
CTD_P,20240504T121209,1029.49
CTD_PTSH,20240504T121231,1029.30,6.8791,34.9470,-1.015865
CTD_P,20240504T121232,1029.33
CTD_P,20240504T131234,1030.84
CTD_PTSH,20240504T131256,1030.80,6.8809,34.9510,-1.015882
CTD_P,20240504T131257,1030.79
CTD_P,20240504T141259,1016.36
CTD_PTSH,20240504T141321,1016.30,6.7896,34.9470,-1.015838
CTD_P,20240504T141322,1016.26
CTD_P,20240504T151324,1025.89
CTD_PTSH,20240504T151346,1025.70,6.8040,34.9430,-1.015794
CTD_P,20240504T151347,1025.74
CTD_P,20240504T161349,1022.26
CTD_PTSH,20240504T161411,1022.30,6.7723,34.9420,-1.015790
CTD_P,20240504T161412,1022.34
CTD_P,20240504T171414,1024.83
CTD_PTSH,20240504T171436,1024.80,6.7788,34.9400,-1.015790
CTD_P,20240504T171437,1024.75
CTD_P,20240504T181439,1019.01
CTD_PTSH,20240504T181501,1018.90,6.7790,34.9460,-1.015783
CTD_P,20240504T181502,1018.96
CTD_P,20240504T191504,1017.87
CTD_PTSH,20240504T191526,1018.10,6.7436,34.9450,-1.015815
CTD_P,20240504T191527,1018.13
CTD_P,20240504T201529,1015.48
CTD_PTSH,20240504T201551,1015.20,6.7775,34.9450,-1.015826
CTD_P,20240504T201552,1015.16
CTD_P,20240504T211554,1021.13
CTD_PTSH,20240504T211616,1021.10,6.7408,34.9460,-1.015831
CTD_P,20240504T211617,1021.12
CTD_P,20240504T221619,1026.73
CTD_PTSH,20240504T221641,1026.80,6.7736,34.9420,-1.015790
CTD_P,20240504T221642,1026.75
CTD_P,20240504T231644,1033.98
CTD_PTSH,20240504T231706,1033.90,6.7894,34.9410,-1.015800
CTD_P,20240504T231707,1033.91
CTD_P,20240505T001709,1033.42
CTD_PTSH,20240505T001731,1033.40,6.8076,34.9450,-1.015771
CTD_P,20240505T001732,1033.39
CTD_P,20240505T011735,1017.78
CTD_PTSH,20240505T011757,1018.00,7.0057,34.9540,-1.015929
CTD_P,20240505T011758,1018.00
CTD_P,20240505T021800,1015.06
CTD_PTSH,20240505T021822,1015.10,7.0449,34.9540,-1.015904
CTD_P,20240505T021823,1015.10
CTD_P,20240505T031825,996.25
CTD_PTSH,20240505T031847,996.10,6.9726,34.9540,-1.015856
CTD_P,20240505T031848,996.07
CTD_P,20240505T041850,996.42
CTD_PTSH,20240505T041912,996.40,6.9546,34.9520,-1.015859
CTD_P,20240505T041913,996.45
CTD_P,20240505T051915,999.64
CTD_PTSH,20240505T051937,999.60,6.9463,34.9500,-1.015844
CTD_P,20240505T051938,999.61
CTD_P,20240505T061940,996.82
CTD_PTSH,20240505T062002,997.00,6.9474,34.9500,-1.015810
CTD_P,20240505T062003,996.98
CTD_P,20240505T072005,1001.52
CTD_PTSH,20240505T072027,1001.50,6.9554,34.9510,-1.015858
CTD_P,20240505T072028,1001.45
CTD_P,20240505T082030,997.63
CTD_PTSH,20240505T082052,997.70,6.9199,34.9480,-1.015813
CTD_P,20240505T082053,997.67
CTD_P,20240505T092055,1002.76
CTD_PTSH,20240505T092117,1002.90,6.9472,34.9520,-1.015843
CTD_P,20240505T092118,1002.88
CTD_P,20240505T102120,1011.35
CTD_PTSH,20240505T102142,1011.50,6.9979,34.9530,-1.015861
CTD_P,20240505T102143,1011.49
CTD_P,20240505T112145,1007.60
CTD_PTSH,20240505T112207,1007.50,7.0068,34.9550,-1.015945
CTD_P,20240505T112208,1007.52
CTD_P,20240505T122210,1013.04
CTD_PTSH,20240505T122232,1012.70,7.0579,34.9570,-1.015880
CTD_P,20240505T122233,1012.71
CTD_P,20240505T132235,1017.85
CTD_PTSH,20240505T132257,1017.80,7.0483,34.9540,-1.015894
CTD_P,20240505T132258,1017.77
CTD_P,20240505T142300,1013.77
CTD_PTSH,20240505T142322,1013.60,7.0454,34.9540,-1.015928
CTD_P,20240505T142323,1013.59
CTD_P,20240505T152325,1012.98
CTD_PTSH,20240505T152347,1012.90,7.0364,34.9530,-1.015893
CTD_P,20240505T152348,1012.85
CTD_P,20240505T162350,1003.45
CTD_PTSH,20240505T162412,1003.40,6.9802,34.9540,-1.015900
CTD_P,20240505T162413,1003.42
CTD_P,20240505T172415,1010.69
CTD_PTSH,20240505T172437,1010.70,6.9700,34.9510,-1.015885
CTD_P,20240505T172438,1010.70
CTD_P,20240505T182440,1012.36
CTD_PTSH,20240505T182502,1012.40,6.9874,34.9510,-1.015913
CTD_P,20240505T182503,1012.37
CTD_P,20240505T192505,1015.31
CTD_PTSH,20240505T192527,1015.50,7.0079,34.9530,-1.015959
CTD_P,20240505T192528,1015.48
CTD_P,20240505T202530,1009.03
CTD_PTSH,20240505T202552,1009.00,6.9817,34.9530,-1.015885
CTD_P,20240505T202553,1009.04
CTD_P,20240505T212555,1014.61
CTD_PTSH,20240505T212617,1014.70,6.9813,34.9520,-1.015858
CTD_P,20240505T212618,1014.69
CTD_P,20240505T222620,1017.38
CTD_PTSH,20240505T222642,1017.30,7.0390,34.9540,-1.015906
CTD_P,20240505T222643,1017.27
CTD_P,20240505T232645,1014.80
CTD_PTSH,20240505T232707,1014.80,6.9868,34.9520,-1.015846
CTD_P,20240505T232708,1014.78
CTD_P,20240506T002710,1011.19
CTD_PTSH,20240506T002732,1011.20,6.9860,34.9530,-1.015911
CTD_P,20240506T002733,1011.17
CTD_P,20240506T012735,1018.30
CTD_PTSH,20240506T012757,1018.20,7.0263,34.9540,-1.015906
CTD_P,20240506T012758,1018.19
CTD_P,20240506T022800,1010.99
CTD_PTSH,20240506T022822,1011.00,6.9830,34.9530,-1.015885
CTD_P,20240506T022823,1011.05
CTD_P,20240506T032825,1013.92
CTD_PTSH,20240506T032847,1013.80,6.9665,34.9500,-1.015866
CTD_P,20240506T032848,1013.80
CTD_P,20240506T042850,1013.87
CTD_PTSH,20240506T042912,1013.90,6.9593,34.9510,-1.015809
CTD_P,20240506T042913,1013.87
CTD_P,20240506T052915,1016.65
CTD_PTSH,20240506T052937,1016.60,6.9542,34.9500,-1.015831
CTD_P,20240506T052938,1016.64
CTD_P,20240506T062940,1014.52
CTD_PTSH,20240506T063002,1014.40,6.9499,34.9490,-1.015842
CTD_P,20240506T063003,1014.35
CTD_P,20240506T073005,1006.87
CTD_PTSH,20240506T073027,1006.80,6.9146,34.9500,-1.015843
CTD_P,20240506T073028,1006.85
CTD_P,20240506T083030,1017.64
CTD_PTSH,20240506T083052,1017.70,6.9332,34.9500,-1.015877
CTD_P,20240506T083053,1017.71
CTD_P,20240506T093055,1008.36
CTD_PTSH,20240506T093117,1008.30,6.9474,34.9530,-1.015790
CTD_P,20240506T093118,1008.33
CTD_P,20240506T103120,1021.32
CTD_PTSH,20240506T103142,1021.50,6.9452,34.9500,-1.015867
CTD_P,20240506T103143,1021.54
CTD_P,20240506T113145,1021.18
CTD_PTSH,20240506T113207,1021.00,6.9961,34.9520,-1.015836
CTD_P,20240506T113208,1020.97
CTD_P,20240506T123210,1011.19
CTD_PTSH,20240506T123232,1011.20,6.9355,34.9490,-1.015800
CTD_P,20240506T123233,1011.26
CTD_P,20240506T133235,1006.37
CTD_PTSH,20240506T133257,1006.20,6.9071,34.9530,-1.015802
CTD_P,20240506T133258,1006.16
CTD_P,20240506T143300,1009.92
CTD_PTSH,20240506T143322,1009.90,6.8869,34.9470,-1.015730
CTD_P,20240506T143323,1009.82
CTD_P,20240506T153325,1004.93
CTD_PTSH,20240506T153347,1004.80,6.8372,34.9450,-1.015755
CTD_P,20240506T153348,1004.80
CTD_P,20240506T163350,1001.88
CTD_PTSH,20240506T163412,1001.80,6.7868,34.9430,-1.015680
CTD_P,20240506T163413,1001.85
CTD_P,20240506T173415,1010.31
CTD_PTSH,20240506T173437,1010.40,6.8311,34.9440,-1.015715
CTD_P,20240506T173438,1010.35
CTD_P,20240506T183440,1007.90
CTD_PTSH,20240506T183502,1007.90,6.8210,34.9450,-1.015756
CTD_P,20240506T183503,1007.92
CTD_P,20240506T193505,1005.76
CTD_PTSH,20240506T193527,1006.00,6.7671,34.9410,-1.015696
CTD_P,20240506T193528,1006.01
CTD_P,20240506T203530,1009.28
CTD_PTSH,20240506T203552,1009.30,6.8092,34.9420,-1.015691
CTD_P,20240506T203553,1009.31
CTD_P,20240506T213555,1023.78
CTD_PTSH,20240506T213617,1023.80,6.9190,34.9490,-1.015827
CTD_P,20240506T213618,1023.79
CTD_P,20240506T223620,1020.63
CTD_PTSH,20240506T223642,1020.40,6.9335,34.9480,-1.015794
CTD_P,20240506T223643,1020.41
CTD_P,20240506T233645,1020.27
CTD_PTSH,20240506T233707,1020.30,6.9202,34.9500,-1.015788
CTD_P,20240506T233708,1020.27
CTD_P,20240507T003710,1018.95
CTD_PTSH,20240507T003732,1018.90,6.9220,34.9490,-1.015794
CTD_P,20240507T003733,1018.84
CTD_P,20240507T013735,1011.46
CTD_PTSH,20240507T013757,1011.50,6.8537,34.9470,-1.015759
CTD_P,20240507T013758,1011.52
CTD_P,20240507T023800,1012.49
CTD_PTSH,20240507T023822,1012.30,6.8447,34.9460,-1.015756
CTD_P,20240507T023823,1012.32
CTD_P,20240507T033825,1011.90
CTD_PTSH,20240507T033847,1011.80,6.8414,34.9450,-1.015695
CTD_P,20240507T033848,1011.72
CTD_P,20240507T043850,1012.86
CTD_PTSH,20240507T043912,1012.90,6.8187,34.9430,-1.015744
CTD_P,20240507T043913,1012.86
CTD_P,20240507T053915,1008.90
CTD_PTSH,20240507T053937,1008.80,6.7898,34.9440,-1.015715
CTD_P,20240507T053938,1008.83
CTD_P,20240507T063940,1012.57
CTD_PTSH,20240507T064002,1012.60,6.8109,34.9440,-1.015665
CTD_P,20240507T064003,1012.57
CTD_P,20240507T074005,1013.03
CTD_PTSH,20240507T074027,1013.10,6.8178,34.9450,-1.015721
CTD_P,20240507T074028,1013.07
CTD_P,20240507T084030,1016.11
CTD_PTSH,20240507T084052,1016.10,6.8289,34.9440,-1.015747
CTD_P,20240507T084053,1016.14
CTD_P,20240507T094055,1020.43
CTD_PTSH,20240507T094117,1020.50,6.8436,34.9450,-1.015761
CTD_P,20240507T094118,1020.52
CTD_P,20240507T104120,1018.72
CTD_PTSH,20240507T104142,1018.70,6.8586,34.9470,-1.015751
CTD_P,20240507T104143,1018.71
CTD_P,20240507T114145,1013.81
CTD_PTSH,20240507T114207,1013.80,6.8368,34.9470,-1.015754
CTD_P,20240507T114208,1013.77
CTD_P,20240507T124210,1012.42
CTD_PTSH,20240507T124232,1012.40,6.7845,34.9400,-1.015677
CTD_P,20240507T124233,1012.35
CTD_P,20240507T134235,1007.25
CTD_PTSH,20240507T134257,1007.40,6.7306,34.9420,-1.015652
CTD_P,20240507T134258,1007.43
CTD_P,20240507T144300,1006.71
CTD_PTSH,20240507T144322,1006.50,6.7287,34.9380,-1.015665
CTD_P,20240507T144323,1006.46
CTD_P,20240507T154325,1011.43
CTD_PTSH,20240507T154347,1011.40,6.7526,34.9410,-1.015676
CTD_P,20240507T154348,1011.47
CTD_P,20240507T164350,1011.58
CTD_PTSH,20240507T164412,1011.70,6.7233,34.9410,-1.015707
CTD_P,20240507T164413,1011.70
CTD_P,20240507T174415,1018.72
CTD_PTSH,20240507T174437,1018.70,6.7851,34.9410,-1.015711
CTD_P,20240507T174438,1018.67
CTD_P,20240507T184440,1016.05
CTD_PTSH,20240507T184502,1016.00,6.8061,34.9470,-1.015730
CTD_P,20240507T184503,1015.98
CTD_P,20240507T194505,1012.09
CTD_PTSH,20240507T194527,1012.30,6.7642,34.9430,-1.015662
CTD_P,20240507T194528,1012.36
CTD_P,20240507T204530,1015.05
CTD_PTSH,20240507T204552,1015.10,6.7726,34.9410,-1.015673
CTD_P,20240507T204553,1015.13
CTD_P,20240507T214555,1024.29
CTD_PTSH,20240507T214617,1024.60,6.8313,34.9440,-1.015700
CTD_P,20240507T214618,1024.55
CTD_P,20240507T224620,1027.53
CTD_PTSH,20240507T224642,1027.60,6.8881,34.9450,-1.015751
CTD_P,20240507T224643,1027.61
CTD_P,20240507T234645,1025.02
CTD_PTSH,20240507T234707,1025.10,6.8705,34.9460,-1.015761
CTD_P,20240507T234708,1025.12
CTD_P,20240508T004710,1018.27
CTD_PTSH,20240508T004732,1018.40,6.8257,34.9490,-1.015719
CTD_P,20240508T004733,1018.47
CTD_P,20240508T014735,1023.63
CTD_PTSH,20240508T014757,1023.80,6.8384,34.9450,-1.015738
CTD_P,20240508T014758,1023.82
CTD_P,20240508T024800,1027.10
CTD_PTSH,20240508T024822,1027.10,6.8813,34.9460,-1.015765
CTD_P,20240508T024823,1027.08
CTD_P,20240508T034825,1019.30
CTD_PTSH,20240508T034847,1019.40,6.8213,34.9470,-1.015680
CTD_P,20240508T034848,1019.38
CTD_P,20240508T044850,1017.00
CTD_PTSH,20240508T044912,1016.90,6.8004,34.9540,-1.015712
CTD_P,20240508T044913,1016.94
CTD_P,20240508T054915,1010.13
CTD_PTSH,20240508T054937,1009.90,6.7422,34.9420,-1.015646
CTD_P,20240508T054938,1009.91
CTD_P,20240508T064940,1014.63
CTD_PTSH,20240508T065002,1014.60,6.7232,34.9400,-1.015682
CTD_P,20240508T065003,1014.65
CTD_P,20240508T075005,1013.38
CTD_PTSH,20240508T075027,1013.40,6.7418,34.9410,-1.015646
CTD_P,20240508T075028,1013.41
CTD_P,20240508T085030,1020.43
CTD_PTSH,20240508T085052,1020.40,6.7757,34.9460,-1.015707
CTD_P,20240508T085053,1020.39
CTD_P,20240508T095055,1017.71
CTD_PTSH,20240508T095117,1017.80,6.7597,34.9420,-1.015657
CTD_P,20240508T095118,1017.77
CTD_P,20240508T105120,1023.34
CTD_PTSH,20240508T105142,1023.40,6.7924,34.9440,-1.015684
CTD_P,20240508T105143,1023.37
CTD_P,20240508T115145,1026.64
CTD_PTSH,20240508T115207,1026.70,6.8226,34.9440,-1.015736
CTD_P,20240508T115208,1026.74
CTD_P,20240508T125210,1021.27
CTD_PTSH,20240508T125232,1021.30,6.7713,34.9410,-1.015711
CTD_P,20240508T125233,1021.24
CTD_P,20240508T135235,1014.87
CTD_PTSH,20240508T135257,1014.80,6.7334,34.9420,-1.015791
CTD_P,20240508T135258,1014.83
CTD_P,20240508T145300,1009.25
CTD_PTSH,20240508T145322,1009.10,6.7223,34.9400,-1.015728
CTD_P,20240508T145323,1009.12
CTD_P,20240508T155325,1012.34
CTD_PTSH,20240508T155347,1012.30,6.7153,34.9430,-1.015803
CTD_P,20240508T155348,1012.29
CTD_P,20240508T165350,1010.30
CTD_PTSH,20240508T165412,1010.20,6.7115,34.9420,-1.015841
CTD_P,20240508T165413,1010.21
CTD_P,20240508T175415,1017.20
CTD_PTSH,20240508T175437,1017.20,6.7168,34.9410,-1.015828
CTD_P,20240508T175438,1017.14
CTD_P,20240508T185440,1014.97
CTD_PTSH,20240508T185502,1014.90,6.7198,34.9400,-1.015825
CTD_P,20240508T185503,1014.94
CTD_P,20240508T195505,1011.54
CTD_PTSH,20240508T195527,1011.60,6.7170,34.9410,-1.015787
CTD_P,20240508T195528,1011.58
CTD_P,20240508T205530,1017.79
CTD_PTSH,20240508T205552,1017.80,6.7179,34.9410,-1.015799
CTD_P,20240508T205553,1017.75
CTD_P,20240508T215555,1026.04
CTD_PTSH,20240508T215617,1026.10,6.7248,34.9390,-1.015759
CTD_P,20240508T215618,1026.07
CTD_P,20240508T225620,1031.71
CTD_PTSH,20240508T225642,1031.70,6.7743,34.9410,-1.015781
CTD_P,20240508T225643,1031.75
CTD_P,20240508T235645,1014.25
CTD_PTSH,20240508T235707,1014.20,6.7275,34.9400,-1.015687
CTD_P,20240508T235708,1014.16
CTD_P,20240509T005710,1011.79
CTD_PTSH,20240509T005732,1011.90,6.7159,34.9430,-1.015729
CTD_P,20240509T005733,1011.87
CTD_P,20240509T015735,1011.63
CTD_PTSH,20240509T015757,1011.70,6.7110,34.9450,-1.015750
CTD_P,20240509T015758,1011.68
CTD_P,20240509T025800,1013.07
CTD_PTSH,20240509T025822,1012.90,6.7107,34.9450,-1.015742
CTD_P,20240509T025823,1012.88
CTD_P,20240509T035825,1009.70
CTD_PTSH,20240509T035847,1009.90,6.7062,34.9440,-1.015758
CTD_P,20240509T035848,1009.87
CTD_P,20240509T045850,1013.12
CTD_PTSH,20240509T045912,1013.10,6.7145,34.9430,-1.015735
CTD_P,20240509T045913,1013.14
CTD_P,20240509T055915,1017.10
CTD_PTSH,20240509T055937,1017.00,6.7151,34.9430,-1.015754
CTD_P,20240509T055938,1017.06
CTD_P,20240509T065940,1021.85
CTD_PTSH,20240509T070002,1021.80,6.7123,34.9400,-1.015731
CTD_P,20240509T070003,1021.73
CTD_P,20240509T080005,1030.07
CTD_PTSH,20240509T080027,1030.10,6.7676,34.9400,-1.015714
CTD_P,20240509T080028,1030.07
CTD_P,20240509T090030,1036.23
CTD_PTSH,20240509T090052,1036.30,6.8108,34.9430,-1.015856
CTD_P,20240509T090053,1036.32
CTD_P,20240509T100055,1044.18
CTD_PTSH,20240509T100117,1044.10,6.8829,34.9490,-1.015892
CTD_P,20240509T100118,1044.13
CTD_P,20240509T110121,1008.14
CTD_PTSH,20240509T110143,1007.90,7.0075,34.9540,-1.015880
CTD_P,20240509T110144,1007.93
CTD_P,20240509T120147,999.81
CTD_PTSH,20240509T120209,999.80,6.9745,34.9530,-1.015893
CTD_P,20240509T120210,999.85
CTD_P,20240509T130212,993.19
CTD_PTSH,20240509T130234,993.30,6.9261,34.9530,-1.015821
CTD_P,20240509T130235,993.26
CTD_P,20240509T140237,997.69
CTD_PTSH,20240509T140259,997.60,6.9273,34.9490,-1.015857
CTD_P,20240509T140300,997.59
CTD_P,20240509T150302,992.36
CTD_PTSH,20240509T150324,992.40,6.9138,34.9500,-1.015827
CTD_P,20240509T150325,992.35
CTD_P,20240509T160327,995.20
CTD_PTSH,20240509T160349,995.30,6.9145,34.9490,-1.015807
CTD_P,20240509T160350,995.28
CTD_P,20240509T170352,999.98
CTD_PTSH,20240509T170414,1000.10,6.9200,34.9490,-1.015848
CTD_P,20240509T170415,1000.08
CTD_P,20240509T180417,992.30
CTD_PTSH,20240509T180439,992.30,6.9073,34.9490,-1.015835
CTD_P,20240509T180440,992.30
CTD_P,20240509T190442,996.62
CTD_PTSH,20240509T190504,996.50,6.9222,34.9510,-1.015802
CTD_P,20240509T190505,996.54
CTD_P,20240509T200507,999.24
CTD_PTSH,20240509T200529,999.40,6.9397,34.9510,-1.015866
CTD_P,20240509T200530,999.37
CTD_P,20240509T210532,1009.31
CTD_PTSH,20240509T210554,1009.20,7.0211,34.9550,-1.015905
CTD_P,20240509T210555,1009.15
CTD_P,20240509T220557,1002.79
CTD_PTSH,20240509T220619,1002.60,7.0120,34.9570,-1.015905
CTD_P,20240509T220620,1002.52
CTD_P,20240509T230622,997.07
CTD_PTSH,20240509T230644,997.00,6.9334,34.9500,-1.015864
CTD_P,20240509T230645,997.01
CTD_P,20240510T000647,996.57
CTD_PTSH,20240510T000709,996.60,6.9204,34.9490,-1.015846
CTD_P,20240510T000710,996.60
CTD_P,20240510T010712,993.28
CTD_PTSH,20240510T010734,993.30,6.8815,34.9470,-1.015786
CTD_P,20240510T010735,993.31
CTD_P,20240510T020737,991.73
CTD_PTSH,20240510T020759,991.70,6.8847,34.9480,-1.015799
CTD_P,20240510T020800,991.64
CTD_P,20240510T030802,992.13
CTD_PTSH,20240510T030824,992.10,6.8518,34.9460,-1.015794
CTD_P,20240510T030825,992.10
CTD_P,20240510T040827,992.42
CTD_PTSH,20240510T040849,992.40,6.8478,34.9450,-1.015820
CTD_P,20240510T040850,992.42
CTD_P,20240510T050852,994.44
CTD_PTSH,20240510T050914,994.40,6.8816,34.9470,-1.015820
CTD_P,20240510T050915,994.37
CTD_P,20240510T060917,994.45
CTD_PTSH,20240510T060939,994.40,6.8683,34.9470,-1.015798
CTD_P,20240510T060940,994.45
CTD_P,20240510T070942,997.39
CTD_PTSH,20240510T071004,997.50,6.8836,34.9480,-1.015813
CTD_P,20240510T071005,997.58
CTD_P,20240510T081007,1011.62
CTD_PTSH,20240510T081029,1011.60,6.9304,34.9510,-1.015854
CTD_P,20240510T081030,1011.59
CTD_P,20240510T091032,1003.86
CTD_PTSH,20240510T091054,1003.80,6.9740,34.9540,-1.015860
CTD_P,20240510T091055,1003.77
CTD_P,20240510T101057,1002.96
CTD_PTSH,20240510T101119,1002.90,6.9635,34.9540,-1.015942
CTD_P,20240510T101120,1002.87
CTD_P,20240510T111122,1003.10
CTD_PTSH,20240510T111144,1003.10,6.9271,34.9500,-1.015835
CTD_P,20240510T111145,1003.09
CTD_P,20240510T121147,1006.55
CTD_PTSH,20240510T121209,1006.70,6.9268,34.9500,-1.015902
CTD_P,20240510T121210,1006.68
CTD_P,20240510T131212,994.67
CTD_PTSH,20240510T131234,994.50,6.9261,34.9500,-1.015840
CTD_P,20240510T131235,994.48
CTD_P,20240510T141237,994.81
CTD_PTSH,20240510T141259,994.80,6.8779,34.9480,-1.015780
CTD_P,20240510T141300,994.84
CTD_P,20240510T151302,988.65
CTD_PTSH,20240510T151324,988.80,6.8257,34.9450,-1.015774
CTD_P,20240510T151325,988.76
CTD_P,20240510T161327,987.12
CTD_PTSH,20240510T161349,987.10,6.8059,34.9460,-1.015771
CTD_P,20240510T161350,987.07
CTD_P,20240510T171352,986.32
CTD_PTSH,20240510T171414,986.30,6.7814,34.9420,-1.015736
CTD_P,20240510T171415,986.33
CTD_P,20240510T181417,995.25
CTD_PTSH,20240510T181439,995.20,6.8128,34.9440,-1.015728
CTD_P,20240510T181440,995.25
CTD_P,20240510T191442,998.06
CTD_PTSH,20240510T191504,998.10,6.8462,34.9450,-1.015802
CTD_P,20240510T191505,998.11
CTD_P,20240510T201507,1007.52
CTD_PTSH,20240510T201529,1007.60,6.9190,34.9480,-1.015883
CTD_P,20240510T201530,1007.56
CTD_P,20240510T211532,1013.72
CTD_PTSH,20240510T211554,1013.50,6.9750,34.9540,-1.015965
CTD_P,20240510T211555,1013.50
CTD_P,20240510T221557,1000.69
CTD_PTSH,20240510T221619,1000.70,6.9383,34.9590,-1.015913
CTD_P,20240510T221620,1000.70
CTD_P,20240510T231622,997.94
CTD_PTSH,20240510T231644,997.90,6.9088,34.9530,-1.015868
CTD_P,20240510T231645,997.87
CTD_P,20240511T001647,987.33
CTD_PTSH,20240511T001709,987.30,6.8419,34.9480,-1.015828
CTD_P,20240511T001710,987.30
CTD_P,20240511T011712,989.90
CTD_PTSH,20240511T011734,990.00,6.7935,34.9430,-1.015767
CTD_P,20240511T011735,990.05
CTD_P,20240511T021737,989.60
CTD_PTSH,20240511T021759,989.50,6.7904,34.9440,-1.015717
CTD_P,20240511T021800,989.53
CTD_P,20240511T031802,985.96
CTD_PTSH,20240511T031824,986.00,6.7382,34.9390,-1.015743
CTD_P,20240511T031825,986.00
CTD_P,20240511T041827,991.96
CTD_PTSH,20240511T041849,991.90,6.7677,34.9400,-1.015718
CTD_P,20240511T041850,991.92
CTD_P,20240511T043337,990.96
CTD_PTSH,20240511T043359,991.00,6.7629,34.9410,-1.015769
CTD_P,20240511T043400,990.98
Message,20240511T043402,Deep Descent Mission
CTD_P,20240511T043406,991.00
CTD_P,20240511T043508,992.62
CTD_P,20240511T043610,998.01
CTD_P,20240511T043712,1005.48
CTD_P,20240511T043812,1014.03
CTD_P,20240511T043813,1014.25
CTD_P,20240511T043914,1023.70
CTD_P,20240511T044417,1070.71
CTD_P,20240511T044920,1116.26
CTD_P,20240511T045423,1159.95
CTD_P,20240511T045926,1202.13
CTD_P,20240511T050429,1244.21
CTD_P,20240511T050932,1286.00
CTD_P,20240511T051435,1328.32
CTD_P,20240511T051938,1370.92
CTD_P,20240511T052441,1413.10
CTD_P,20240511T052944,1454.78
CTD_P,20240511T053447,1495.68
CTD_P,20240511T053950,1535.65
CTD_P,20240511T054453,1574.89
CTD_P,20240511T054956,1613.45
CTD_P,20240511T055459,1652.30
CTD_P,20240511T060002,1691.47
CTD_P,20240511T060505,1730.84
CTD_P,20240511T061008,1769.53
CTD_P,20240511T061511,1807.08
CTD_P,20240511T062014,1842.57
CTD_P,20240511T062517,1877.42
CTD_P,20240511T063020,1911.19
CTD_P,20240511T063523,1944.23
CTD_P,20240511T064026,1977.14
CTD_P,20240511T064418,2002.37
Message,20240511T064421,ASCENT
CTD_P,20240511T064424,2003.03
CTD_P,20240511T064504,2007.14
CTD_P,20240511T064621,2013.39
CTD_P,20240511T064622,2013.45
CTD_P,20240511T064724,2016.86
CTD_P,20240511T064808,2018.85
CTD_P,20240511T064910,2019.92
CTD_P,20240511T064953,2019.60
CTD_P,20240511T065055,2016.63
CTD_P,20240511T065137,2013.81
CTD_P,20240511T065239,2008.70
CTD_P,20240511T065427,1999.69
CTD_P,20240511T065428,1999.58
Message,20240511T065430,CP Started
CTD_P,20240511T065505,1996.48
CTD_PTS,20240511T065507,1996.34,2.8711,34.7761
O2,20240511T065510,146.47050,34.71227,2.86361,45.10238,46.27438,53.94730,7.67291,1059.21204,782.28540,755.72400
FLBB,20240511T065513,53,115,573
CTD_P,20240511T065515,1995.67
CTD_P,20240511T065741,1984.05
CTD_P,20240511T070243,1961.10
CTD_P,20240511T070745,1939.01
CTD_P,20240511T071247,1917.42
CTD_P,20240511T071329,1914.21
CTD_P,20240511T071431,1908.64
CTD_P,20240511T071610,1899.39
CTD_PTS,20240511T071612,1899.20,3.0120,34.7803
O2,20240511T071615,143.03641,34.02792,3.00583,45.27974,46.45174,54.18268,7.73093,1063.58899,780.82257,751.55829
FLBB,20240511T071618,54,115,573
CTD_P,20240511T071620,1898.47
CTD_P,20240511T071933,1880.66
CTD_P,20240511T072435,1853.20
CTD_P,20240511T072936,1826.92
CTD_P,20240511T073438,1802.25
CTD_P,20240511T073508,1799.95
CTD_PTS,20240511T073510,1799.80,3.4096,34.7979
O2,20240511T073513,131.65559,31.65248,3.40113,45.93704,47.10904,54.84897,7.73993,1078.51196,777.09277,739.94263
FLBB,20240511T073516,55,114,572
CTD_P,20240511T073518,1799.18
CTD_P,20240511T073940,1778.57
CTD_P,20240511T074442,1755.58
CTD_P,20240511T074944,1732.71
CTD_P,20240511T075026,1729.25
CTD_P,20240511T075128,1723.28
CTD_P,20240511T075532,1699.31
CTD_PTS,20240511T075534,1699.10,3.7360,34.8110
O2,20240511T075538,123.62770,29.97940,3.72599,46.41166,47.58366,55.32817,7.74451,1089.33105,774.28510,730.35577
FLBB,20240511T075541,54,114,572
CTD_P,20240511T075542,1698.29
CTD_P,20240511T075630,1693.60
CTD_P,20240511T080132,1663.33
CTD_P,20240511T080634,1632.60
CTD_P,20240511T081136,1602.63
CTD_P,20240511T081205,1599.86
CTD_PTS,20240511T081207,1599.66,4.1331,34.8259
O2,20240511T081211,113.28540,27.76063,4.12382,47.07664,48.24864,55.99994,7.75130,1103.86694,770.49652,718.56512
FLBB,20240511T081214,54,115,571
CTD_P,20240511T081215,1598.87
CTD_P,20240511T081638,1574.09
CTD_P,20240511T082140,1547.16
CTD_P,20240511T082642,1521.95
CTD_P,20240511T083108,1500.90
CTD_P,20240511T083122,1499.80
CTD_PTS,20240511T083124,1499.61,4.4141,34.8367
O2,20240511T083127,106.20100,26.21680,4.40511,47.55912,48.73112,56.48454,7.75343,1114.59094,767.87189,710.19531
FLBB,20240511T083131,56,122,571
CTD_P,20240511T083132,1498.97
CTD_P,20240511T083144,1498.04
CTD_P,20240511T083646,1474.77
CTD_P,20240511T084148,1452.36
CTD_P,20240511T084230,1449.03
CTD_P,20240511T084333,1443.10
CTD_P,20240511T084836,1414.74
CTD_P,20240511T085117,1399.86
CTD_PTS,20240511T085119,1399.68,4.7851,34.8504
O2,20240511T085122,96.99043,24.17519,4.77613,48.22520,49.39720,57.15703,7.75983,1128.84998,764.41608,699.11377
FLBB,20240511T085126,55,116,570
CTD_P,20240511T085127,1398.91
CTD_P,20240511T085339,1386.77
CTD_P,20240511T085842,1358.80
CTD_P,20240511T090345,1330.90
CTD_P,20240511T090848,1303.21
CTD_P,20240511T090927,1299.71
CTD_PTS,20240511T090929,1299.54,5.2565,34.8694
O2,20240511T090932,88.77921,22.39495,5.23994,48.80744,49.97944,57.74500,7.76556,1140.77905,760.71240,685.19537
FLBB,20240511T090936,55,117,569
CTD_P,20240511T090937,1298.80
CTD_P,20240511T091351,1276.29
CTD_P,20240511T091854,1249.78
CTD_P,20240511T092357,1223.22
CTD_P,20240511T092825,1200.13
CTD_P,20240511T092829,1199.80
CTD_PTS,20240511T092831,1199.60,5.7522,34.8933
O2,20240511T092834,76.84231,19.63512,5.74355,49.80637,50.97837,58.75343,7.77506,1160.63501,755.64691,670.00079
FLBB,20240511T092838,56,118,569
CTD_P,20240511T092839,1198.92
CTD_P,20240511T092900,1197.10
CTD_P,20240511T093403,1171.37
CTD_P,20240511T093906,1145.89
CTD_P,20240511T094409,1120.70
CTD_P,20240511T094821,1100.64
CTD_P,20240511T094833,1099.71
CTD_PTS,20240511T094835,1099.54,6.2336,34.9196
O2,20240511T094838,68.22701,17.64767,6.22478,50.55027,51.72227,59.50490,7.78263,1174.91296,751.14032,655.40338
FLBB,20240511T094841,56,118,568
CTD_P,20240511T094843,1098.94
CTD_P,20240511T094912,1096.67
CTD_P,20240511T095415,1074.64
CTD_P,20240511T095918,1053.95
CTD_P,20240511T095958,1051.08
CTD_P,20240511T100100,1045.78
CTD_P,20240511T100602,1019.56
CTD_P,20240511T100950,999.93
CTD_PTS,20240511T100952,999.74,6.8740,34.9457
O2,20240511T100955,60.77449,15.97481,6.86561,51.16976,52.34176,60.13440,7.79264,1186.04102,745.57129,635.84821
FLBB,20240511T100958,55,115,567
CTD_P,20240511T101000,999.07
CTD_P,20240511T101104,993.52
CTD_P,20240511T101606,966.56
CTD_P,20240511T101914,949.08
CTD_PTS,20240511T101916,948.87,7.2015,34.9648
O2,20240511T101919,55.60698,14.73689,7.19537,51.67445,52.84645,60.64592,7.79947,1194.95605,742.25623,625.73499
FLBB,20240511T101922,57,115,566
CTD_P,20240511T101924,948.16
CTD_P,20240511T102108,938.31
CTD_P,20240511T102610,909.76
CTD_P,20240511T102756,899.65
CTD_PTS,20240511T102758,899.47,7.5491,34.9660
O2,20240511T102801,54.50456,14.56904,7.54203,51.69504,52.86704,60.67415,7.80711,1194.66797,739.14691,615.06677
FLBB,20240511T102804,54,115,566
CTD_P,20240511T102806,898.70
CTD_P,20240511T103112,880.83
CTD_P,20240511T103614,852.60
CTD_P,20240511T103644,850.14
CTD_P,20240511T103648,849.81
CTD_PTS,20240511T103650,849.68,7.7910,34.9769
O2,20240511T103653,53.89782,14.49204,7.78177,51.69154,52.86354,60.67444,7.81090,1194.39600,737.47137,607.66748
FLBB,20240511T103656,55,146,566
CTD_P,20240511T103658,849.04
CTD_P,20240511T104116,828.44
CTD_P,20240511T104618,804.54
CTD_P,20240511T104718,799.89
CTD_PTS,20240511T104720,799.75,8.0871,34.9927
O2,20240511T104723,52.04309,14.09729,8.08422,51.82656,52.99856,60.82033,7.82177,1196.19104,734.16217,598.30811
FLBB,20240511T104726,56,114,565
CTD_P,20240511T104728,799.13
CTD_P,20240511T105120,781.45
CTD_P,20240511T105200,778.28
CTD_P,20240511T105302,772.44
CTD_P,20240511T105703,750.50
CTD_P,20240511T105711,749.82
CTD_PTS,20240511T105713,749.59,8.6541,34.9959
O2,20240511T105716,53.04519,14.56717,8.64908,51.51455,52.68655,60.52115,7.83460,1188.92700,729.47559,580.75580
FLBB,20240511T105719,54,116,564
CTD_P,20240511T105721,748.90
CTD_P,20240511T105804,745.11
CTD_P,20240511T110306,717.42
CTD_P,20240511T110618,698.74
CTD_PTS,20240511T110620,698.60,8.9329,35.0128
O2,20240511T110623,50.08860,13.84891,8.93074,51.80706,52.97906,60.82436,7.84529,1193.92102,726.80188,571.96918
FLBB,20240511T110626,56,116,564
CTD_P,20240511T110628,697.81
CTD_P,20240511T110808,687.87
CTD_P,20240511T111310,657.12
CTD_P,20240511T111422,649.51
CTD_PTS,20240511T111424,649.29,9.2541,35.0141
O2,20240511T111427,55.40182,15.43780,9.25593,51.01033,52.18233,60.03941,7.85709,1178.08203,723.61267,561.79639
FLBB,20240511T111430,54,116,563
CTD_P,20240511T111432,648.42
CTD_P,20240511T111812,624.71
CTD_P,20240511T112204,599.19
CTD_PTS,20240511T112206,598.92,9.3782,35.0058
O2,20240511T112209,57.12644,15.96557,9.37996,50.74798,51.91998,59.77939,7.85941,1173.03003,722.42212,557.90900
FLBB,20240511T112212,56,116,563
CTD_P,20240511T112214,598.01
CTD_P,20240511T112314,591.25
CTD_P,20240511T112816,556.92
CTD_P,20240511T112919,549.68
CTD_PTS,20240511T112921,549.42,9.4845,35.0018
O2,20240511T112924,61.99467,17.36931,9.48440,50.10135,51.27335,59.13460,7.86125,1160.63196,721.82123,554.63208
FLBB,20240511T112927,56,117,563
CTD_P,20240511T112929,548.51
CTD_P,20240511T113318,522.16
CTD_P,20240511T113633,499.71
CTD_PTS,20240511T113635,499.50,9.7104,34.9953
O2,20240511T113638,69.17188,19.48411,9.70958,49.14950,50.32150,58.18755,7.86604,1141.58606,720.47778,547.55670
FLBB,20240511T113641,55,121,562
CTD_P,20240511T113643,498.60
CTD_P,20240511T113819,487.93
CTD_P,20240511T114321,454.03
CTD_P,20240511T114359,449.72
CTD_PTS,20240511T114401,449.50,10.3665,34.9805
O2,20240511T114404,88.21199,25.23870,10.37283,46.73842,47.91042,55.79666,7.88624,1089.05200,713.74792,526.63898
FLBB,20240511T114407,54,123,562
CTD_P,20240511T114409,448.57
CTD_P,20240511T114823,417.54
CTD_P,20240511T115051,398.58
CTD_PTS,20240511T115053,398.30,10.8166,35.0200
O2,20240511T115056,83.97922,24.27821,10.81735,47.01410,48.18610,56.08295,7.89685,1094.44202,710.40631,512.55627
FLBB,20240511T115059,51,127,561
CTD_P,20240511T115101,397.27
CTD_P,20240511T115325,378.02
CTD_P,20240511T115657,348.87
CTD_PTS,20240511T115659,348.57,11.1920,35.0331
O2,20240511T115702,91.79525,26.77084,11.19471,46.00891,47.18091,55.08733,7.90642,1072.05603,707.33148,500.56339
FLBB,20240511T115705,54,128,560
CTD_P,20240511T115707,347.45
CTD_P,20240511T115827,335.58
CTD_P,20240511T120229,297.42
CTD_PTS,20240511T120231,297.07,11.6745,35.0604
O2,20240511T120235,98.37926,29.01336,11.68064,45.11152,46.28352,54.20284,7.91932,1051.38599,703.39093,485.07019
FLBB,20240511T120238,54,129,560
CTD_P,20240511T120239,295.83
CTD_P,20240511T120329,288.03
CTD_P,20240511T120735,251.24
CTD_P,20240511T120746,249.65
CTD_PTS,20240511T120748,249.38,12.3316,35.0785
O2,20240511T120752,93.38449,27.95620,12.33894,45.34963,46.52163,54.46017,7.93855,1055.23303,697.83191,463.99619
FLBB,20240511T120755,52,126,559
CTD_P,20240511T120756,248.21
CTD_P,20240511T120831,243.33
CTD_P,20240511T121323,204.05
CTD_P,20240511T121333,202.75
CTD_P,20240511T121356,199.79
CTD_PTS,20240511T121358,199.51,13.9562,35.1097
O2,20240511T121402,70.93021,22.01745,13.96180,47.30046,48.47247,56.44534,7.97288,1092.15198,683.39581,411.66980
FLBB,20240511T121405,53,127,558
CTD_P,20240511T121406,198.47
CTD_P,20240511T121835,165.59
CTD_P,20240511T122044,152.74
CTD_P,20240511T122114,149.67
CTD_PTS,20240511T122116,149.48,16.9928,35.1770
O2,20240511T122120,69.39616,22.99065,16.99651,46.32075,47.49275,55.53549,8.04274,1061.05396,656.12152,312.72000
FLBB,20240511T122123,56,118,554
CTD_P,20240511T122124,148.64
CTD_P,20240511T122337,135.68
CTD_P,20240511T122839,115.67
CTD_P,20240511T123238,116.20
CTD_P,20240511T123341,115.99
CTD_P,20240511T123703,115.71
CTD_P,20240511T123843,114.43
CTD_P,20240511T123921,113.21
CTD_P,20240511T124023,109.47
CTD_P,20240511T124103,107.05
CTD_P,20240511T124205,102.89
CTD_P,20240511T124243,100.38
CTD_P,20240511T124251,99.75
CTD_PTS,20240511T124253,99.60,21.8583,35.2334
O2,20240511T124256,99.28685,36.27514,21.86101,40.60559,41.77759,49.89883,8.12125,917.74768,615.14630,152.91000
FLBB,20240511T124300,90,141,545
CTD_P,20240511T124301,98.97
CTD_P,20240511T124345,95.82
CTD_P,20240511T124423,93.50
CTD_P,20240511T124507,90.43
CTD_P,20240511T124517,89.87
CTD_PTS,20240511T124519,89.75,24.9083,35.2937
O2,20240511T124522,142.67740,55.03153,24.72183,35.15579,36.32779,44.47221,8.14442,778.52753,600.58252,59.45923
FLBB,20240511T124526,118,152,544
CTD_P,20240511T124527,89.41
CTD_P,20240511T124605,88.40
CTD_P,20240511T124707,87.24
CTD_P,20240511T124745,87.22
CTD_P,20240511T124847,85.70
CTD_P,20240511T124927,84.50
CTD_P,20240511T125029,81.61
CTD_P,20240511T125105,80.23
CTD_P,20240511T125107,80.15
CTD_P,20240511T125111,79.97
CTD_PTS,20240511T125113,79.87,28.0438,35.2137
O2,20240511T125116,222.92050,91.27934,28.02107,28.64686,29.81886,38.01883,8.19997,600.98022,569.31073,-46.72399
FLBB,20240511T125120,157,163,540
CTD_P,20240511T125121,79.51
CTD_P,20240511T125209,77.55
CTD_P,20240511T125247,75.75
CTD_P,20240511T125349,71.54
CTD_P,20240511T125413,69.81
CTD_PTS,20240511T125415,69.68,28.7007,35.1493
O2,20240511T125418,230.40430,95.41520,28.66135,28.04880,29.22079,37.42484,8.20405,584.21887,565.06952,-67.05933
FLBB,20240511T125420,121,173,537
CTD_P,20240511T125421,69.22
CTD_P,20240511T125427,68.78
CTD_P,20240511T125529,64.32
CTD_P,20240511T125609,61.74
CTD_P,20240511T125633,60.07
CTD_P,20240511T125637,59.80
CTD_PTS,20240511T125639,59.66,29.4114,34.7460
O2,20240511T125642,232.42419,97.49796,29.39735,27.68969,28.86169,37.07021,8.20853,573.19940,559.06250,-90.30784
FLBB,20240511T125646,82,159,536
CTD_P,20240511T125647,59.16
CTD_P,20240511T125711,57.64
CTD_P,20240511T125749,55.42
CTD_P,20240511T125852,51.93
CTD_P,20240511T125929,50.42
CTD_P,20240511T125931,50.30
CTD_P,20240511T125940,49.90
CTD_PTS,20240511T125942,49.79,30.3630,34.2770
O2,20240511T125945,230.88840,98.46003,30.34862,27.42598,28.59798,36.81742,8.21944,564.94818,552.39429,-120.14210
FLBB,20240511T125949,65,156,534
CTD_P,20240511T125950,49.43
CTD_P,20240511T130004,48.71
CTD_PTS,20240511T130006,48.62,30.4470,34.2244
O2,20240511T130009,230.81419,98.57339,30.43429,27.39956,28.57156,36.79115,8.21958,564.06012,551.46930,-122.81680
FLBB,20240511T130013,65,145,534
CTD_P,20240511T130014,48.20
CTD_P,20240511T130023,47.73
CTD_PTS,20240511T130025,47.64,30.4808,34.1964
O2,20240511T130028,230.68860,98.58027,30.47005,27.39295,28.56495,36.78316,8.21821,563.74268,550.87152,-123.93240
FLBB,20240511T130032,65,149,533
CTD_P,20240511T130033,47.20
CTD_P,20240511T130040,46.82
CTD_PTS,20240511T130042,46.74,30.4862,34.1919
O2,20240511T130045,230.64571,98.58341,30.48277,27.39052,28.56252,36.78049,8.21798,563.55469,550.49109,-124.32920
FLBB,20240511T130047,64,147,533
CTD_P,20240511T130049,46.31
CTD_P,20240511T130059,45.69
CTD_PTS,20240511T130101,45.54,30.5048,34.1742
O2,20240511T130104,230.73640,98.64879,30.49848,27.38084,28.55284,36.77134,8.21850,563.29449,550.15790,-124.81940
FLBB,20240511T130106,60,146,533
CTD_P,20240511T130107,45.14
CTD_P,20240511T130111,44.83
CTD_P,20240511T130115,44.54
CTD_PTS,20240511T130117,44.38,30.5295,34.1500
O2,20240511T130120,230.60561,98.63901,30.52575,27.37743,28.54943,36.76710,8.21767,563.12122,549.93408,-125.66960
FLBB,20240511T130124,63,149,533
CTD_P,20240511T130125,43.74
CTD_P,20240511T130129,43.47
CTD_PTS,20240511T130131,43.35,30.5546,34.1237
O2,20240511T130134,230.50070,98.64255,30.55440,27.37235,28.54435,36.76107,8.21672,562.95203,549.61981,-126.56270
FLBB,20240511T130138,60,147,532
CTD_P,20240511T130139,42.71
CTD_P,20240511T130143,42.44
CTD_PTS,20240511T130145,42.27,30.5638,34.1139
O2,20240511T130148,230.39790,98.61150,30.56203,27.37447,28.54647,36.76218,8.21571,562.92212,549.42383,-126.80080
FLBB,20240511T130152,60,149,532
CTD_P,20240511T130153,41.75
CTD_P,20240511T130157,41.45
CTD_PTS,20240511T130159,41.33,30.5655,34.1120
O2,20240511T130202,230.43581,98.63486,30.56626,27.37124,28.54324,36.75806,8.21482,562.82678,549.26251,-126.93240
FLBB,20240511T130206,60,143,532
CTD_P,20240511T130207,40.80
CTD_P,20240511T130209,40.68
CTD_PTS,20240511T130211,40.56,30.5783,34.0949
O2,20240511T130214,230.39790,98.63907,30.57833,27.36881,28.54081,36.75489,8.21408,562.75562,549.10327,-127.30880
FLBB,20240511T130216,61,147,532
CTD_P,20240511T130218,40.11
CTD_P,20240511T130223,39.78
CTD_PTS,20240511T130225,39.62,30.5815,34.0921
O2,20240511T130228,230.37830,98.64006,30.58390,27.36779,28.53979,36.75439,8.21460,562.69287,549.03363,-127.48230
FLBB,20240511T130230,60,144,532
CTD_P,20240511T130231,39.23
CTD_P,20240511T130237,38.83
CTD_PTS,20240511T130239,38.70,30.5972,34.0725
O2,20240511T130242,230.28270,98.62549,30.59949,27.36681,28.53881,36.75289,8.21408,562.60352,548.89258,-127.96830
FLBB,20240511T130244,60,147,532
CTD_P,20240511T130245,38.26
CTD_P,20240511T130249,38.02
CTD_P,20240511T130253,37.74
CTD_PTS,20240511T130255,37.60,30.6031,34.0647
O2,20240511T130258,230.28030,98.63647,30.60660,27.36446,28.53646,36.75105,8.21458,562.51782,548.78711,-128.18970
FLBB,20240511T130302,62,143,531
CTD_P,20240511T130303,37.06
CTD_P,20240511T130307,36.78
CTD_PTS,20240511T130309,36.60,30.6103,34.0579
O2,20240511T130312,230.22231,98.62477,30.61437,27.36446,28.53646,36.75003,8.21357,562.51093,548.66510,-128.43159
FLBB,20240511T130316,61,166,531
CTD_P,20240511T130317,36.08
CTD_P,20240511T130321,35.78
CTD_PTS,20240511T130323,35.63,30.6125,34.0548
O2,20240511T130326,230.11530,98.58701,30.61917,27.36777,28.53976,36.75230,8.21254,562.53662,548.58142,-128.58141
FLBB,20240511T130330,60,145,531
CTD_P,20240511T130331,35.08
CTD_P,20240511T130335,34.80
CTD_PTS,20240511T130337,34.64,30.6168,34.0513
O2,20240511T130340,230.00900,98.54681,30.62230,27.37162,28.54362,36.75616,8.21255,562.59241,548.51331,-128.67900
FLBB,20240511T130344,60,146,531
CTD_P,20240511T130345,34.05
CTD_P,20240511T130348,33.83
CTD_PTS,20240511T130350,33.68,30.6186,34.0494
O2,20240511T130353,229.97391,98.53560,30.62460,27.37246,28.54446,36.75484,8.21038,562.58838,548.35339,-128.75060
FLBB,20240511T130355,58,144,531
CTD_P,20240511T130357,33.17
CTD_P,20240511T130403,32.63
CTD_PTS,20240511T130405,32.50,30.6244,34.0439
O2,20240511T130408,229.96069,98.54097,30.63114,27.37080,28.54280,36.75579,8.21299,562.61951,548.39478,-128.95399
FLBB,20240511T130410,56,151,531
CTD_P,20240511T130411,31.95
CTD_P,20240511T130413,31.77
CTD_PTS,20240511T130415,31.59,30.6264,34.0417
O2,20240511T130418,229.86470,98.50198,30.63242,27.37482,28.54682,36.76141,8.21458,562.68762,548.07581,-128.99420
FLBB,20240511T130420,58,142,531
CTD_P,20240511T130421,31.06
CTD_P,20240511T130425,30.66
CTD_P,20240511T130429,30.25
CTD_PTS,20240511T130431,30.06,30.6280,34.0384
O2,20240511T130434,229.84360,98.49566,30.63401,27.37525,28.54725,36.76076,8.21351,562.68439,548.31763,-129.04370
FLBB,20240511T130438,59,142,531
CTD_P,20240511T130439,29.24
CTD_P,20240511T130443,28.83
CTD_PTS,20240511T130445,28.59,30.6281,34.0349
O2,20240511T130448,229.75529,98.45879,30.63459,27.37916,28.55116,36.76257,8.21141,562.67572,548.20648,-129.06149
FLBB,20240511T130452,57,143,530
CTD_P,20240511T130453,27.79
CTD_P,20240511T130457,27.35
CTD_PTS,20240511T130459,27.13,30.6273,34.0345
O2,20240511T130502,229.76109,98.46066,30.63422,27.37902,28.55102,36.76296,8.21194,562.67609,548.19171,-129.05020
FLBB,20240511T130506,57,146,530
CTD_P,20240511T130507,26.23
CTD_P,20240511T130511,25.78
CTD_PTS,20240511T130513,25.59,30.6272,34.0310
O2,20240511T130516,229.69389,98.43040,30.63337,27.38244,28.55444,36.76501,8.21057,562.69958,548.16199,-129.02380
FLBB,20240511T130520,56,156,530
CTD_P,20240511T130521,24.69
CTD_P,20240511T130525,24.28
CTD_PTS,20240511T130527,24.04,30.6324,34.0242
O2,20240511T130530,229.70979,98.45054,30.64127,27.37897,28.55096,36.76148,8.21052,562.61761,548.12140,-129.26961
FLBB,20240511T130534,57,141,530
CTD_P,20240511T130535,23.16
CTD_P,20240511T130539,22.70
CTD_PTS,20240511T130541,22.51,30.6462,34.0185
O2,20240511T130544,229.62630,98.43189,30.65142,27.37933,28.55133,36.76098,8.20965,562.55072,548.07593,-129.58580
FLBB,20240511T130548,58,145,530
CTD_P,20240511T130549,21.67
CTD_P,20240511T130553,21.24
CTD_PTS,20240511T130555,21.01,30.6468,34.0189
O2,20240511T130558,229.67709,98.46025,30.65532,27.37561,28.54761,36.75703,8.20943,562.49768,547.98871,-129.70750
FLBB,20240511T130602,57,141,530
CTD_P,20240511T130603,20.18
CTD_P,20240511T130607,19.72
CTD_PTS,20240511T130609,19.53,30.6528,34.0169
O2,20240511T130612,229.66859,98.46304,30.65915,27.37468,28.54668,36.75525,8.20857,562.39838,547.92291,-129.82671
FLBB,20240511T130616,55,141,530
CTD_P,20240511T130617,18.69
CTD_P,20240511T130621,18.28
CTD_PTS,20240511T130623,18.04,30.6526,34.0172
O2,20240511T130626,229.65840,98.46026,30.66010,27.37482,28.54682,36.75600,8.20918,562.32721,547.89478,-129.85629
FLBB,20240511T130630,58,142,530
CTD_P,20240511T130631,17.20
CTD_P,20240511T130635,16.81
CTD_PTS,20240511T130637,16.59,30.6557,34.0158
O2,20240511T130640,229.71150,98.48795,30.66300,27.37134,28.54334,36.75259,8.20924,562.24103,547.83569,-129.94659
FLBB,20240511T130644,58,142,530
CTD_P,20240511T130645,15.73
CTD_P,20240511T130649,15.33
CTD_PTS,20240511T130651,15.12,30.6598,34.0144
O2,20240511T130654,229.70509,98.48942,30.66552,27.37077,28.54277,36.75163,8.20885,562.20007,547.80188,-130.02490
FLBB,20240511T130658,55,138,530
CTD_P,20240511T130659,14.27
CTD_P,20240511T130703,13.84
CTD_PTS,20240511T130705,13.63,30.6610,34.0149
O2,20240511T130708,229.73039,98.50530,30.66849,27.36856,28.54056,36.74889,8.20833,562.09277,547.78247,-130.11740
FLBB,20240511T130712,56,140,529
CTD_P,20240511T130713,12.80
CTD_P,20240511T130717,12.34
CTD_PTS,20240511T130719,12.14,30.6970,34.0143
O2,20240511T130722,229.58400,98.50105,30.70322,27.36334,28.53534,36.74348,8.20814,561.94098,547.71979,-131.19859
FLBB,20240511T130726,55,145,529
CTD_P,20240511T130727,11.31
CTD_P,20240511T130731,10.88
CTD_PTS,20240511T130733,10.69,30.7569,34.0182
O2,20240511T130736,229.38840,98.51717,30.76261,27.35188,28.52388,36.73148,8.20760,561.58533,547.57037,-133.04700
FLBB,20240511T130740,55,140,529
CTD_P,20240511T130741,9.90
CTD_P,20240511T130745,9.49
CTD_PTS,20240511T130747,9.28,30.8112,34.0086
O2,20240511T130750,229.17799,98.49846,30.80517,27.34696,28.51896,36.72626,8.20730,561.40912,547.34149,-134.37080
FLBB,20240511T130754,55,142,529
CTD_P,20240511T130755,8.49
CTD_P,20240511T130759,8.10
CTD_PTS,20240511T130801,7.94,30.8082,34.0099
O2,20240511T130804,229.18761,98.50841,30.80862,27.34532,28.51732,36.72469,8.20737,561.28088,547.11963,-134.47800
FLBB,20240511T130808,57,142,529
CTD_P,20240511T130809,7.17
CTD_P,20240511T130813,6.80
CTD_PTS,20240511T130815,6.62,30.8040,34.0105
O2,20240511T130818,229.12270,98.48426,30.81090,27.34756,28.51956,36.72653,8.20697,561.23163,546.96863,-134.54900
FLBB,20240511T130822,56,139,529
CTD_P,20240511T130823,5.80
CTD_P,20240511T130827,5.41
CTD_PTS,20240511T130829,5.23,30.8079,34.0091
O2,20240511T130832,229.20261,98.52187,30.81280,27.34318,28.51517,36.72197,8.20679,561.13782,546.87860,-134.60820
FLBB,20240511T130836,56,143,529
CTD_P,20240511T130837,4.38
CTD_P,20240511T130841,4.04
CTD_P,20240511T130845,3.61
Message,20240511T130850,CP Stopped
CTD_P,20240511T130859,2.30
Message,20240511T130902,Surface Mission
CTD_P,20240511T130905,1.73
CTD_P,20240511T130906,1.61
O2,20240511T130909,229.30220,98.57448,30.81864,27.33652,28.50851,36.71815,8.20963,560.98352,546.93457,-134.78970
CTD_P,20240511T130910,1.26
O2,20240511T130924,229.31120,98.57119,30.81437,27.33757,28.50957,36.71820,8.20863,560.90472,546.80042,-134.65680
CTD_P,20240511T130926,-0.05
O2,20240511T130939,228.64410,98.27831,30.81072,27.36998,28.54198,36.74982,8.20785,561.92029,546.88800,-134.54350
CTD_P,20240511T130940,0.08
O2,20240511T130954,228.79649,98.34567,30.81182,27.36247,28.53447,36.74321,8.20874,561.63550,546.89282,-134.57770
CTD_P,20240511T130955,0.02
O2,20240511T131010,228.34940,98.14799,30.80855,27.38453,28.55653,36.76373,8.20721,562.36469,546.88647,-134.47600
CTD_P,20240511T131011,0.09
O2,20240511T131024,228.07280,98.00904,30.79658,27.40164,28.57364,36.78098,8.20734,562.83032,546.88562,-134.10381
CTD_P,20240511T131025,-0.01
O2,20240511T131039,228.49870,98.19227,30.79670,27.38164,28.55363,36.76057,8.20694,562.13422,546.86731,-134.10741
CTD_P,20240511T131041,-0.09
O2,20240511T131054,228.82401,98.33447,30.79811,27.36593,28.53793,36.74432,8.20640,561.77411,546.83490,-134.15140
CTD_P,20240511T131055,-0.01
O2,20240511T131109,230.00079,98.42553,30.55256,27.39622,28.56822,36.77502,8.20679,562.46368,546.82831,-126.50560
CTD_P,20240511T131111,0.00
O2,20240511T131124,229.02090,98.26723,30.70785,27.38801,28.56001,36.76616,8.20615,562.27228,546.86377,-131.34290
CTD_P,20240511T131125,-0.02
CTD_P,20240511T131455,-0.24
O2,20240511T131458,233.91780,97.88410,29.25646,27.67064,28.84264,37.05105,8.20840,570.60950,552.46729,-85.86823
CTD_P,20240511T131500,-0.23
O2,20240511T131513,233.99809,97.81566,29.19665,27.68825,28.86024,37.06441,8.20416,571.09589,552.77863,-83.98222
CTD_P,20240511T131514,-0.21
O2,20240511T131528,233.98810,97.72335,29.14498,27.70714,28.87914,37.08224,8.20309,571.74768,553.37891,-82.35181
CTD_P,20240511T131529,-0.18
O2,20240511T131544,231.17130,97.19387,29.52858,27.70144,28.87344,37.07429,8.20085,571.61157,553.65521,-94.43815
CTD_P,20240511T131545,-0.18
O2,20240511T131558,230.55830,97.10647,29.62972,27.69422,28.86622,37.06497,8.19875,571.37939,553.48041,-97.61832
CTD_P,20240511T131559,-0.07
O2,20240511T131613,237.12421,99.41029,29.36310,27.48617,28.65816,36.85722,8.19905,565.77338,553.51617,-89.22897
CTD_P,20240511T131615,-0.22
O2,20240511T131628,234.14810,97.93108,29.22754,27.67032,28.84232,37.04121,8.19890,570.83832,553.14539,-84.95644
CTD_P,20240511T131629,-0.17
O2,20240511T131643,236.31190,98.32344,28.92983,27.67722,28.84922,37.04745,8.19823,568.67969,553.38220,-75.55618
CTD_P,20240511T131645,-0.21
O2,20240511T131658,233.57030,97.66208,29.21148,27.70273,28.87473,37.07098,8.19624,571.68451,553.88953,-84.44986
CTD_P,20240511T131659,-0.21
O2,20240511T131713,231.60789,97.22247,29.43695,27.71362,28.88562,37.08311,8.19749,572.07739,554.09521,-91.55460
CTD_P,20240511T131714,-0.14
CTD_P,20240511T131716,-0.18
CTD_P,20240511T131741,-0.19
CTD_bins,20240511T132116,22438,1000,1998.990
CTD_CP_H,20240511T132135,4.06,30.8084,34.0099,18,-0.981651,9
CTD_CP_H,20240511T132135,6.01,30.8074,34.0101,21,-0.981609,10
CTD_CP_H,20240511T132136,8.02,30.8076,34.0096,21,-0.981539,11
CTD_CP_H,20240511T132136,9.98,30.7871,34.0108,19,-0.981488,9
CTD_CP_H,20240511T132136,11.94,30.7052,34.0126,19,-0.981459,10
CTD_CP_H,20240511T132136,13.95,30.6605,34.0143,19,-0.981418,9
CTD_CP_H,20240511T132136,16.01,30.6564,34.0152,20,-0.981393,10
CTD_CP_H,20240511T132136,18.00,30.6536,34.0165,18,-0.981385,9
CTD_CP_H,20240511T132136,19.96,30.6521,34.0176,19,-0.981377,10
CTD_CP_H,20240511T132136,21.97,30.6465,34.0184,19,-0.981362,9
CTD_CP_H,20240511T132136,23.98,30.6342,34.0240,18,-0.981373,9
CTD_CP_H,20240511T132136,25.96,30.6268,34.0322,18,-0.981394,9
CTD_CP_H,20240511T132136,27.98,30.6278,34.0349,19,-0.981430,10
CTD_CP_H,20240511T132136,30.00,30.6275,34.0387,20,-0.981421,10
CTD_CP_H,20240511T132136,32.03,30.6261,34.0420,23,-0.981440,11
CTD_CP_H,20240511T132136,34.02,30.6193,34.0488,26,-0.981443,13
CTD_CP_H,20240511T132137,35.99,30.6126,34.0553,29,-0.981508,15
CTD_CP_H,20240511T132137,38.01,30.5994,34.0694,29,-0.981525,14
CTD_CP_H,20240511T132137,40.00,30.5805,34.0925,30,-0.981599,15
CTD_CP_H,20240511T132137,41.98,30.5637,34.1135,30,-0.981635,15
CTD_CP_H,20240511T132137,44.03,30.5381,34.1411,26,-0.981698,13
CTD_CP_H,20240511T132137,46.04,30.4923,34.1862,31,-0.981745,16
CTD_CP_H,20240511T132137,47.99,30.4668,34.2082,39,-0.981790,19
CTD_CP_H,20240511T132137,50.03,30.3449,34.2855,43,-0.981969,22
CTD_CP_H,20240511T132137,51.94,30.1116,34.4063,46,-0.982317,23
CTD_CP_H,20240511T132137,53.98,29.8391,34.5433,34,-0.982711,17
CTD_CP_H,20240511T132137,56.05,29.6435,34.6368,33,-0.982995,16
CTD_CP_H,20240511T132137,57.97,29.5245,34.6932,33,-0.983128,17
CTD_CP_H,20240511T132137,59.98,29.3876,34.7570,30,-0.983318,15
CTD_CP_H,20240511T132138,62.04,29.2459,34.8259,30,-0.983506,15
CTD_CP_H,20240511T132138,64.00,29.0914,34.9091,30,-0.983696,15
CTD_CP_H,20240511T132138,65.95,28.9364,34.9972,28,-0.983908,14
CTD_CP_H,20240511T132138,67.99,28.7966,35.0808,28,-0.984089,14
CTD_CP_H,20240511T132138,70.03,28.5996,35.1718,27,-0.984334,13
CTD_CP_H,20240511T132138,72.01,28.3243,35.2320,28,-0.984695,14
CTD_CP_H,20240511T132138,74.02,28.1720,35.2257,29,-0.984958,15
CTD_CP_H,20240511T132138,76.07,28.1426,35.2220,37,-0.984981,18
CTD_CP_H,20240511T132138,78.01,28.1000,35.2159,50,-0.985065,25
CTD_CP_H,20240511T132138,80.02,28.0117,35.2154,46,-0.985211,23
CTD_CP_H,20240511T132138,81.95,27.7957,35.2384,49,-0.985596,25
CTD_CP_H,20240511T132138,84.06,27.5377,35.2864,43,-0.986025,21
CTD_CP_H,20240511T132138,86.03,27.2337,35.3209,78,-0.986480,39
CTD_CP_H,20240511T132138,87.68,26.4327,35.3367,135,-0.988268,68
CTD_CP_H,20240511T132139,89.82,24.7854,35.3001,43,-0.991960,21
CTD_CP_H,20240511T132139,92.01,23.5010,35.3375,29,-0.994412,15
CTD_CP_H,20240511T132139,94.03,23.2032,35.3447,30,-0.995110,15
CTD_CP_H,20240511T132139,95.95,22.9659,35.3293,33,-0.996172,16
CTD_CP_H,20240511T132139,98.00,22.4736,35.2869,26,-0.998559,13
CTD_CP_H,20240511T132139,100.03,21.8158,35.2277,26,-1.000726,13
CTD_CP_H,20240511T132139,102.02,21.7006,35.2242,31,-1.001033,16
CTD_CP_H,20240511T132139,103.98,21.6216,35.2359,31,-1.000803,15
CTD_CP_H,20240511T132139,106.02,21.5406,35.2731,29,-0.999749,15
CTD_CP_H,20240511T132139,108.03,21.4609,35.2983,32,-0.998849,16
CTD_CP_H,20240511T132139,109.97,21.3730,35.3002,33,-0.998961,16
CTD_CP_H,20240511T132139,112.03,21.1958,35.2964,33,-0.999328,17
CTD_CP_H,20240511T132139,114.21,21.1320,35.2985,73,-0.999245,36
CTD_CP_H,20240511T132140,115.73,20.7644,35.2989,628,-0.999346,314
CTD_CP_H,20240511T132140,117.96,19.9581,35.2789,54,-1.000062,27
CTD_CP_H,20240511T132140,119.96,19.7060,35.2629,37,-1.001088,19
CTD_CP_H,20240511T132140,121.95,19.3463,35.2645,25,-1.002621,12
CTD_CP_H,20240511T132140,123.94,18.4739,35.2260,22,-1.005075,11
CTD_CP_H,20240511T132140,125.98,18.0849,35.2142,22,-1.005765,11
CTD_CP_H,20240511T132140,127.99,18.0281,35.2128,20,-1.005915,10
CTD_CP_H,20240511T132140,129.99,17.9826,35.2071,21,-1.006123,11
CTD_CP_H,20240511T132140,132.03,17.9368,35.2040,20,-1.006257,10
CTD_CP_H,20240511T132140,134.04,17.8892,35.2045,20,-1.006262,10
CTD_CP_H,20240511T132140,136.04,17.8416,35.2010,20,-1.006508,10
CTD_CP_H,20240511T132140,138.04,17.7812,35.1936,20,-1.006780,10
CTD_CP_H,20240511T132140,140.01,17.7413,35.1898,20,-1.006924,10
CTD_CP_H,20240511T132140,142.01,17.6993,35.1874,22,-1.007129,11
CTD_CP_H,20240511T132141,144.01,17.6463,35.1848,21,-1.007330,10
CTD_CP_H,20240511T132141,146.00,17.4205,35.1766,21,-1.007811,11
CTD_CP_H,20240511T132141,148.03,17.1140,35.1754,19,-1.008128,9
CTD_CP_H,20240511T132141,149.99,16.9872,35.1823,19,-1.008071,10
CTD_CP_H,20240511T132141,152.00,16.9493,35.1867,20,-1.008029,10
CTD_CP_H,20240511T132141,154.03,16.9294,35.1922,20,-1.007929,10
CTD_CP_H,20240511T132141,156.02,16.9253,35.1936,20,-1.007871,10
CTD_CP_H,20240511T132141,157.99,16.8698,35.1913,20,-1.008008,10
CTD_CP_H,20240511T132141,159.97,16.8212,35.1858,21,-1.008115,10
CTD_CP_H,20240511T132141,161.99,16.7478,35.1815,21,-1.008269,11
CTD_CP_H,20240511T132141,164.01,16.5483,35.1731,19,-1.008621,9
CTD_CP_H,20240511T132141,165.99,16.2473,35.1601,19,-1.009239,10
CTD_CP_H,20240511T132141,167.99,15.9188,35.1458,17,-1.010039,8
CTD_CP_H,20240511T132142,169.96,15.6544,35.1350,17,-1.010504,9
CTD_CP_H,20240511T132142,171.97,15.5644,35.1329,17,-1.010501,8
CTD_CP_H,20240511T132142,173.95,15.4096,35.1320,16,-1.010173,8
CTD_CP_H,20240511T132142,175.96,15.2991,35.1305,17,-1.010334,9
CTD_CP_H,20240511T132142,178.02,15.2522,35.1305,17,-1.010525,8
CTD_CP_H,20240511T132142,180.01,15.1545,35.1311,16,-1.010687,8
CTD_CP_H,20240511T132142,181.99,15.0370,35.1269,17,-1.010891,9
CTD_CP_H,20240511T132142,184.02,14.9124,35.1193,17,-1.011156,8
CTD_CP_H,20240511T132142,186.02,14.7828,35.1129,16,-1.011487,8
CTD_CP_H,20240511T132142,187.99,14.6143,35.1033,16,-1.011872,8
CTD_CP_H,20240511T132142,189.98,14.4566,35.1005,16,-1.012046,8
CTD_CP_H,20240511T132142,191.96,14.2537,35.0987,15,-1.012141,8
CTD_CP_H,20240511T132142,193.96,13.9995,35.1080,15,-1.011899,7
CTD_CP_H,20240511T132142,195.95,13.9556,35.1097,15,-1.011783,8
CTD_CP_H,20240511T132143,198.00,13.9554,35.1102,16,-1.011709,8
CTD_CP_H,20240511T132143,200.04,13.9553,35.1104,15,-1.011660,7
CTD_CP_H,20240511T132143,201.98,13.9545,35.1102,15,-1.011597,8
CTD_CP_H,20240511T132143,203.96,13.9511,35.1093,16,-1.011527,8
CTD_CP_H,20240511T132143,205.98,13.9373,35.1068,16,-1.011453,8
CTD_CP_H,20240511T132143,207.98,13.8193,35.1067,15,-1.011487,7
CTD_CP_H,20240511T132143,210.02,13.5855,35.1064,16,-1.011750,8
CTD_CP_H,20240511T132143,212.07,13.3472,35.1051,15,-1.011786,8
CTD_CP_H,20240511T132143,214.01,13.2717,35.1021,14,-1.011675,7
CTD_CP_H,20240511T132143,215.95,13.2636,35.1003,15,-1.011671,7
CTD_CP_H,20240511T132143,217.95,13.2035,35.1011,15,-1.011771,8
CTD_CP_H,20240511T132143,219.98,13.1136,35.1017,15,-1.011739,7
CTD_CP_H,20240511T132143,222.02,13.0654,35.1006,15,-1.011690,8
CTD_CP_H,20240511T132143,224.01,13.0299,35.0988,14,-1.011500,7
CTD_CP_H,20240511T132144,225.99,13.0169,35.0969,15,-1.011383,7
CTD_CP_H,20240511T132144,228.04,13.0096,35.0960,15,-1.011285,8
CTD_CP_H,20240511T132144,230.02,12.9953,35.0952,14,-1.011156,7
CTD_CP_H,20240511T132144,231.97,12.9749,35.0945,14,-1.011030,7
CTD_CP_H,20240511T132144,233.98,12.9660,35.0937,15,-1.010975,7
CTD_CP_H,20240511T132144,236.02,12.9658,35.0939,15,-1.010976,8
CTD_CP_H,20240511T132144,238.00,12.9509,35.0931,14,-1.010814,7
CTD_CP_H,20240511T132144,239.97,12.9134,35.0954,15,-1.011214,7
CTD_CP_H,20240511T132144,241.98,12.8767,35.0941,15,-1.011435,8
CTD_CP_H,20240511T132144,244.02,12.8296,35.0919,15,-1.011518,7
CTD_CP_H,20240511T132144,246.02,12.7597,35.0887,14,-1.011526,7
CTD_CP_H,20240511T132144,248.00,12.4468,35.0879,14,-1.011201,7
CTD_CP_H,20240511T132144,250.02,12.3254,35.0788,14,-1.011189,7
CTD_CP_H,20240511T132145,252.04,12.2940,35.0769,14,-1.011257,7
CTD_CP_H,20240511T132145,254.03,12.2423,35.0747,13,-1.011352,7
CTD_CP_H,20240511T132145,256.02,12.2053,35.0723,14,-1.011384,7
CTD_CP_H,20240511T132145,258.02,12.1864,35.0712,13,-1.011307,6
CTD_CP_H,20240511T132145,259.99,12.1592,35.0724,14,-1.011333,7
CTD_CP_H,20240511T132145,262.00,12.1318,35.0708,13,-1.011322,7
CTD_CP_H,20240511T132145,263.99,12.1199,35.0707,14,-1.011351,7
CTD_CP_H,20240511T132145,266.06,12.1102,35.0704,14,-1.011333,7
CTD_CP_H,20240511T132145,268.06,12.0921,35.0697,13,-1.011322,6
CTD_CP_H,20240511T132145,269.97,12.0699,35.0693,13,-1.011374,7
CTD_CP_H,20240511T132145,271.99,12.0396,35.0682,14,-1.011378,7
CTD_CP_H,20240511T132145,274.01,12.0244,35.0669,13,-1.011361,6
CTD_CP_H,20240511T132145,275.97,11.9874,35.0662,13,-1.011417,7
CTD_CP_H,20240511T132145,277.95,11.9454,35.0660,13,-1.011399,6
CTD_CP_H,20240511T132146,280.00,11.9380,35.0667,14,-1.011405,7
CTD_CP_H,20240511T132146,282.07,11.9357,35.0670,13,-1.011342,7
CTD_CP_H,20240511T132146,284.05,11.9334,35.0670,13,-1.011313,6
CTD_CP_H,20240511T132146,286.03,11.9315,35.0668,13,-1.011285,7
CTD_CP_H,20240511T132146,288.02,11.9231,35.0663,13,-1.011263,6
CTD_CP_H,20240511T132146,290.04,11.9088,35.0628,13,-1.011201,7
CTD_CP_H,20240511T132146,292.06,11.7838,35.0611,13,-1.011055,6
CTD_CP_H,20240511T132146,294.02,11.7155,35.0592,12,-1.011067,6
CTD_CP_H,20240511T132146,295.98,11.6863,35.0594,13,-1.011232,7
CTD_CP_H,20240511T132146,297.95,11.6709,35.0597,12,-1.011276,6
CTD_CP_H,20240511T132146,299.94,11.6635,35.0588,13,-1.011234,6
CTD_CP_H,20240511T132146,302.01,11.6447,35.0580,13,-1.011295,7
CTD_CP_H,20240511T132146,304.01,11.6141,35.0578,12,-1.011333,6
CTD_CP_H,20240511T132146,306.00,11.5759,35.0564,13,-1.011335,6
CTD_CP_H,20240511T132147,308.05,11.5441,35.0538,13,-1.011346,7
CTD_CP_H,20240511T132147,310.04,11.5240,35.0522,12,-1.011386,6
CTD_CP_H,20240511T132147,311.96,11.4769,35.0509,12,-1.011421,6
CTD_CP_H,20240511T132147,313.98,11.4427,35.0489,13,-1.011468,6
CTD_CP_H,20240511T132147,315.99,11.4212,35.0468,12,-1.011498,6
CTD_CP_H,20240511T132147,317.99,11.3907,35.0440,13,-1.011564,7
CTD_CP_H,20240511T132147,320.05,11.3567,35.0422,13,-1.011580,6
CTD_CP_H,20240511T132147,322.03,11.3369,35.0409,12,-1.011567,6
CTD_CP_H,20240511T132147,324.01,11.3274,35.0405,13,-1.011583,7
CTD_CP_H,20240511T132147,326.05,11.3149,35.0400,13,-1.011576,6
CTD_CP_H,20240511T132147,328.00,11.3128,35.0406,12,-1.011614,6
CTD_CP_H,20240511T132147,329.93,11.3060,35.0408,13,-1.011590,7
CTD_CP_H,20240511T132147,332.01,11.2800,35.0385,14,-1.011593,7
CTD_CP_H,20240511T132148,334.07,11.2600,35.0368,13,-1.011593,6
CTD_CP_H,20240511T132148,336.04,11.2518,35.0365,13,-1.011549,7
CTD_CP_H,20240511T132148,338.07,11.2513,35.0366,14,-1.011593,7
CTD_CP_H,20240511T132148,340.05,11.2513,35.0365,13,-1.011558,6
CTD_CP_H,20240511T132148,342.02,11.2463,35.0363,14,-1.011585,7
CTD_CP_H,20240511T132148,343.99,11.2330,35.0355,13,-1.011616,7
CTD_CP_H,20240511T132148,345.94,11.2095,35.0342,14,-1.011680,7
CTD_CP_H,20240511T132148,347.95,11.1949,35.0326,14,-1.011697,7
CTD_CP_H,20240511T132148,349.94,11.1835,35.0311,14,-1.011733,7
CTD_CP_H,20240511T132148,351.99,11.1652,35.0294,15,-1.011813,7
CTD_CP_H,20240511T132148,354.03,11.1209,35.0303,14,-1.012107,7
CTD_CP_H,20240511T132148,356.00,11.1109,35.0306,14,-1.012182,7
CTD_CP_H,20240511T132148,358.03,11.0997,35.0302,15,-1.012217,8
CTD_CP_H,20240511T132148,360.05,11.0862,35.0293,14,-1.012314,7
CTD_CP_H,20240511T132149,362.00,11.0609,35.0279,14,-1.012462,7
CTD_CP_H,20240511T132149,364.02,11.0240,35.0264,15,-1.012523,7
CTD_CP_H,20240511T132149,366.02,11.0041,35.0259,14,-1.012550,7
CTD_CP_H,20240511T132149,367.99,10.9988,35.0257,15,-1.012537,8
CTD_CP_H,20240511T132149,370.04,10.9938,35.0255,15,-1.012559,7
CTD_CP_H,20240511T132149,372.01,10.9882,35.0253,14,-1.012618,7
CTD_CP_H,20240511T132149,373.97,10.9691,35.0254,15,-1.012688,8
CTD_CP_H,20240511T132149,375.99,10.9530,35.0245,15,-1.012682,7
CTD_CP_H,20240511T132149,378.01,10.9391,35.0243,15,-1.012676,8
CTD_CP_H,20240511T132149,380.04,10.9222,35.0236,15,-1.012673,7
CTD_CP_H,20240511T132149,382.05,10.9045,35.0229,15,-1.012706,8
CTD_CP_H,20240511T132149,384.04,10.8958,35.0227,15,-1.012773,7
CTD_CP_H,20240511T132149,386.05,10.8867,35.0223,15,-1.012791,8
CTD_CP_H,20240511T132149,388.05,10.8649,35.0225,15,-1.012761,7
CTD_CP_H,20240511T132150,390.04,10.8516,35.0224,15,-1.012738,8
CTD_CP_H,20240511T132150,392.01,10.8453,35.0215,15,-1.012668,7
CTD_CP_H,20240511T132150,394.00,10.8280,35.0207,15,-1.012639,8
CTD_CP_H,20240511T132150,395.97,10.8167,35.0203,15,-1.012676,7
CTD_CP_H,20240511T132150,397.99,10.8156,35.0209,16,-1.012704,8
CTD_CP_H,20240511T132150,400.02,10.8106,35.0209,15,-1.012727,8
CTD_CP_H,20240511T132150,401.98,10.7970,35.0201,15,-1.012759,7
CTD_CP_H,20240511T132150,403.95,10.7767,35.0195,15,-1.012768,8
CTD_CP_H,20240511T132150,405.96,10.7474,35.0183,16,-1.012725,8
CTD_CP_H,20240511T132150,408.02,10.7320,35.0172,16,-1.012671,8
CTD_CP_H,20240511T132150,410.00,10.7194,35.0161,15,-1.012613,7
CTD_CP_H,20240511T132150,411.98,10.7045,35.0150,16,-1.012580,8
CTD_CP_H,20240511T132150,414.02,10.6904,35.0140,16,-1.012557,8
CTD_CP_H,20240511T132150,416.01,10.6631,35.0124,15,-1.012479,8
CTD_CP_H,20240511T132151,417.98,10.6570,35.0117,16,-1.012484,8
CTD_CP_H,20240511T132151,420.01,10.6488,35.0108,16,-1.012424,8
CTD_CP_H,20240511T132151,421.97,10.6329,35.0095,15,-1.012400,7
CTD_CP_H,20240511T132151,424.00,10.6292,35.0095,17,-1.012377,9
CTD_CP_H,20240511T132151,426.00,10.6267,35.0097,15,-1.012390,7
CTD_CP_H,20240511T132151,428.00,10.6221,35.0092,17,-1.012418,9
CTD_CP_H,20240511T132151,430.04,10.6161,35.0085,16,-1.012397,8
CTD_CP_H,20240511T132151,432.02,10.6102,35.0075,16,-1.012382,8
CTD_CP_H,20240511T132151,433.99,10.6023,35.0062,16,-1.012341,8
CTD_CP_H,20240511T132151,436.00,10.5951,35.0047,17,-1.012329,8
CTD_CP_H,20240511T132151,438.04,10.5814,35.0022,17,-1.012201,9
CTD_CP_H,20240511T132151,440.04,10.5545,34.9979,17,-1.012031,8
CTD_CP_H,20240511T132151,442.05,10.5177,34.9920,17,-1.011837,9
CTD_CP_H,20240511T132152,444.03,10.4824,34.9873,17,-1.011716,8
CTD_CP_H,20240511T132152,446.01,10.4283,34.9821,17,-1.011583,9
CTD_CP_H,20240511T132152,447.97,10.3853,34.9795,17,-1.011573,8
CTD_CP_H,20240511T132152,449.96,10.3696,34.9809,17,-1.011764,9
CTD_CP_H,20240511T132152,452.00,10.3802,34.9866,18,-1.012017,9
CTD_CP_H,20240511T132152,454.04,10.3964,34.9939,17,-1.012282,8
CTD_CP_H,20240511T132152,456.00,10.4099,34.9974,17,-1.012507,9
CTD_CP_H,20240511T132152,457.99,10.4290,35.0035,17,-1.012743,8
CTD_CP_H,20240511T132152,459.99,10.4317,35.0040,18,-1.012789,9
CTD_CP_H,20240511T132152,462.02,10.4322,35.0038,18,-1.012781,9
CTD_CP_H,20240511T132152,464.00,10.4350,35.0053,17,-1.012921,9
CTD_CP_H,20240511T132152,465.97,10.4191,35.0059,18,-1.013023,9
CTD_CP_H,20240511T132152,468.00,10.3752,35.0081,18,-1.013127,9
CTD_CP_H,20240511T132152,470.02,10.3515,35.0102,18,-1.013316,9
CTD_CP_H,20240511T132153,472.04,10.3425,35.0089,18,-1.013325,9
CTD_CP_H,20240511T132153,474.02,10.2318,35.0035,17,-1.013176,8
CTD_CP_H,20240511T132153,475.98,10.1785,34.9980,18,-1.013150,9
CTD_CP_H,20240511T132153,478.00,10.1386,34.9952,18,-1.013097,9
CTD_CP_H,20240511T132153,480.00,10.1192,34.9934,18,-1.013114,9
CTD_CP_H,20240511T132153,482.01,10.1189,34.9928,19,-1.013191,10
CTD_CP_H,20240511T132153,484.00,10.1166,34.9934,18,-1.013501,9
CTD_CP_H,20240511T132153,485.98,10.0559,34.9981,18,-1.013958,9
CTD_CP_H,20240511T132153,487.98,9.9999,34.9987,18,-1.014117,9
CTD_CP_H,20240511T132153,490.00,9.9032,34.9972,18,-1.014147,9
CTD_CP_H,20240511T132153,492.00,9.8701,34.9960,18,-1.014150,9
CTD_CP_H,20240511T132153,493.99,9.8597,34.9955,18,-1.014176,9
CTD_CP_H,20240511T132153,495.98,9.8475,34.9952,19,-1.014113,9
CTD_CP_H,20240511T132153,498.00,9.7718,34.9942,18,-1.014005,9
CTD_CP_H,20240511T132154,499.99,9.6943,34.9942,18,-1.013989,9
CTD_CP_H,20240511T132154,502.00,9.6429,34.9947,18,-1.014036,9
CTD_CP_H,20240511T132154,504.04,9.6123,34.9955,18,-1.014082,9
CTD_CP_H,20240511T132154,506.04,9.5997,34.9956,17,-1.014083,9
CTD_CP_H,20240511T132154,508.03,9.5854,34.9965,17,-1.014105,8
CTD_CP_H,20240511T132154,509.99,9.5821,34.9966,17,-1.014118,9
CTD_CP_H,20240511T132154,511.95,9.5812,34.9964,17,-1.014094,8
CTD_CP_H,20240511T132154,513.97,9.5793,34.9964,18,-1.014074,9
CTD_CP_H,20240511T132154,516.01,9.5765,34.9964,17,-1.014090,9
CTD_CP_H,20240511T132154,517.99,9.5742,34.9966,17,-1.014088,8
CTD_CP_H,20240511T132154,519.97,9.5732,34.9971,17,-1.014112,9
CTD_CP_H,20240511T132154,521.99,9.5748,34.9976,18,-1.014142,9
CTD_CP_H,20240511T132154,524.03,9.5694,34.9982,17,-1.014132,8
CTD_CP_H,20240511T132155,525.99,9.5667,34.9981,17,-1.014146,9
CTD_CP_H,20240511T132155,528.03,9.5667,34.9982,18,-1.014206,9
CTD_CP_H,20240511T132155,530.05,9.5676,34.9985,17,-1.014184,8
CTD_CP_H,20240511T132155,532.00,9.5688,34.9987,17,-1.014196,9
CTD_CP_H,20240511T132155,533.99,9.5820,35.0023,18,-1.014326,9
CTD_CP_H,20240511T132155,536.04,9.5834,35.0046,18,-1.014418,9
CTD_CP_H,20240511T132155,538.02,9.5773,35.0092,17,-1.014519,8
CTD_CP_H,20240511T132155,539.97,9.5655,35.0108,17,-1.014567,9
CTD_CP_H,20240511T132155,541.95,9.5240,35.0071,17,-1.014535,8
CTD_CP_H,20240511T132155,543.98,9.5070,35.0050,18,-1.014492,9
CTD_CP_H,20240511T132155,546.00,9.4932,35.0028,17,-1.014423,9
CTD_CP_H,20240511T132155,547.95,9.4843,35.0018,17,-1.014424,8
CTD_CP_H,20240511T132155,549.96,9.4841,35.0030,18,-1.014515,9
CTD_CP_H,20240511T132155,551.96,9.4859,35.0080,17,-1.014624,9
CTD_CP_H,20240511T132156,553.98,9.4837,35.0076,18,-1.014622,9
CTD_CP_H,20240511T132156,556.04,9.4663,35.0077,18,-1.014672,9
CTD_CP_H,20240511T132156,558.05,9.4418,35.0068,17,-1.014642,8
CTD_CP_H,20240511T132156,560.01,9.4295,35.0056,17,-1.014644,9
CTD_CP_H,20240511T132156,562.01,9.4278,35.0053,18,-1.014657,9
CTD_CP_H,20240511T132156,564.00,9.4246,35.0044,17,-1.014658,8
CTD_CP_H,20240511T132156,566.01,9.4167,35.0038,18,-1.014608,9
CTD_CP_H,20240511T132156,568.02,9.4070,35.0022,17,-1.014504,9
CTD_CP_H,20240511T132156,569.96,9.4040,35.0017,17,-1.014492,8
CTD_CP_H,20240511T132156,571.97,9.4029,35.0014,18,-1.014462,9
CTD_CP_H,20240511T132156,574.02,9.4025,35.0013,18,-1.014467,9
CTD_CP_H,20240511T132156,576.01,9.4013,35.0009,17,-1.014438,9
CTD_CP_H,20240511T132156,578.00,9.3973,35.0007,18,-1.014393,9
CTD_CP_H,20240511T132156,580.02,9.3962,35.0004,18,-1.014416,9
CTD_CP_H,20240511T132157,582.00,9.3952,35.0003,17,-1.014411,8
CTD_CP_H,20240511T132157,583.96,9.3957,35.0006,18,-1.014442,9
CTD_CP_H,20240511T132157,585.99,9.3910,35.0012,18,-1.014528,9
CTD_CP_H,20240511T132157,587.97,9.3866,35.0015,17,-1.014540,9
CTD_CP_H,20240511T132157,589.94,9.3828,35.0015,18,-1.014598,9
CTD_CP_H,20240511T132157,591.97,9.3805,35.0016,18,-1.014669,9
CTD_CP_H,20240511T132157,594.01,9.3744,35.0024,18,-1.014696,9
CTD_CP_H,20240511T132157,595.98,9.3744,35.0031,17,-1.014740,8
CTD_CP_H,20240511T132157,597.96,9.3770,35.0047,18,-1.014785,9
CTD_CP_H,20240511T132157,599.99,9.3787,35.0055,18,-1.014826,9
CTD_CP_H,20240511T132157,602.00,9.3804,35.0064,18,-1.014882,9
CTD_CP_H,20240511T132157,604.02,9.3939,35.0122,18,-1.014986,9
CTD_CP_H,20240511T132157,606.03,9.4019,35.0161,18,-1.015062,9
CTD_CP_H,20240511T132157,607.98,9.4078,35.0199,17,-1.015213,9
CTD_CP_H,20240511T132158,609.96,9.4155,35.0236,19,-1.015309,9
CTD_CP_H,20240511T132158,612.00,9.4140,35.0262,18,-1.015395,9
CTD_CP_H,20240511T132158,614.03,9.4054,35.0270,19,-1.015428,10
CTD_CP_H,20240511T132158,615.99,9.3857,35.0259,17,-1.015365,8
CTD_CP_H,20240511T132158,617.95,9.3782,35.0253,19,-1.015371,10
CTD_CP_H,20240511T132158,619.97,9.3635,35.0236,18,-1.015287,9
CTD_CP_H,20240511T132158,621.99,9.3400,35.0209,19,-1.015178,9
CTD_CP_H,20240511T132158,623.99,9.3252,35.0189,18,-1.015142,9
CTD_CP_H,20240511T132158,625.96,9.3102,35.0171,18,-1.015106,9
CTD_CP_H,20240511T132158,627.99,9.2987,35.0154,19,-1.015091,10
CTD_CP_H,20240511T132158,630.01,9.2899,35.0143,18,-1.015080,9
CTD_CP_H,20240511T132158,631.98,9.2832,35.0134,18,-1.015087,9
CTD_CP_H,20240511T132158,633.98,9.2788,35.0127,19,-1.015059,9
CTD_CP_H,20240511T132159,636.04,9.2738,35.0120,19,-1.015030,10
CTD_CP_H,20240511T132159,638.02,9.2693,35.0116,18,-1.015053,9
CTD_CP_H,20240511T132159,640.01,9.2655,35.0113,19,-1.015069,9
CTD_CP_H,20240511T132159,642.04,9.2617,35.0108,19,-1.015088,10
CTD_CP_H,20240511T132159,644.00,9.2579,35.0108,18,-1.015093,9
CTD_CP_H,20240511T132159,645.96,9.2585,35.0119,19,-1.015128,9
CTD_CP_H,20240511T132159,647.99,9.2590,35.0137,19,-1.015140,10
CTD_CP_H,20240511T132159,649.98,9.2549,35.0140,18,-1.015154,9
CTD_CP_H,20240511T132159,651.95,9.2592,35.0154,19,-1.015184,9
CTD_CP_H,20240511T132159,653.96,9.2642,35.0178,19,-1.015187,10
CTD_CP_H,20240511T132159,656.00,9.2623,35.0193,20,-1.015190,10
CTD_CP_H,20240511T132159,658.03,9.2530,35.0182,19,-1.015212,9
CTD_CP_H,20240511T132159,660.00,9.2349,35.0174,19,-1.015213,10
CTD_CP_H,20240511T132159,661.97,9.2190,35.0177,19,-1.015221,9
CTD_CP_H,20240511T132200,663.98,9.2064,35.0155,20,-1.015236,10
CTD_CP_H,20240511T132200,666.02,9.1913,35.0130,20,-1.015263,10
CTD_CP_H,20240511T132200,668.01,9.1776,35.0111,19,-1.015279,10
CTD_CP_H,20240511T132200,670.01,9.1482,35.0100,20,-1.015341,10
CTD_CP_H,20240511T132200,672.00,9.1258,35.0097,19,-1.015393,9
CTD_CP_H,20240511T132200,674.00,9.1015,35.0100,20,-1.015431,10
CTD_CP_H,20240511T132200,675.99,9.0783,35.0115,19,-1.015449,10
CTD_CP_H,20240511T132200,677.97,9.0800,35.0140,20,-1.015427,10
CTD_CP_H,20240511T132200,679.99,9.0707,35.0166,20,-1.015447,10
CTD_CP_H,20240511T132200,682.00,9.0558,35.0170,20,-1.015469,10
CTD_CP_H,20240511T132200,683.99,9.0309,35.0156,20,-1.015480,10
CTD_CP_H,20240511T132200,686.00,8.9988,35.0136,20,-1.015475,10
CTD_CP_H,20240511T132200,688.02,8.9792,35.0126,20,-1.015471,10
CTD_CP_H,20240511T132201,690.03,8.9692,35.0121,20,-1.015473,10
CTD_CP_H,20240511T132201,692.02,8.9689,35.0120,20,-1.015497,10
CTD_CP_H,20240511T132201,694.00,8.9686,35.0119,20,-1.015486,10
CTD_CP_H,20240511T132201,695.98,8.9570,35.0119,20,-1.015513,10
CTD_CP_H,20240511T132201,698.00,8.9411,35.0121,21,-1.015587,10
CTD_CP_H,20240511T132201,700.01,8.9254,35.0140,20,-1.015790,10
CTD_CP_H,20240511T132201,702.02,8.9108,35.0162,21,-1.015900,11
CTD_CP_H,20240511T132201,704.01,8.8667,35.0142,20,-1.015867,10
CTD_CP_H,20240511T132201,705.96,8.8523,35.0144,20,-1.015900,10
CTD_CP_H,20240511T132201,707.98,8.8496,35.0144,21,-1.015902,10
CTD_CP_H,20240511T132201,710.03,8.8467,35.0143,21,-1.015868,11
CTD_CP_H,20240511T132201,712.02,8.8450,35.0141,20,-1.015872,10
CTD_CP_H,20240511T132201,713.99,8.8434,35.0135,21,-1.015878,10
CTD_CP_H,20240511T132201,716.01,8.8359,35.0131,21,-1.015870,11
CTD_CP_H,20240511T132202,717.99,8.8219,35.0122,21,-1.015919,10
CTD_CP_H,20240511T132202,720.01,8.7921,35.0100,22,-1.015957,11
CTD_CP_H,20240511T132202,722.03,8.7661,35.0073,21,-1.015944,11
CTD_CP_H,20240511T132202,724.03,8.7421,35.0036,22,-1.015880,11
CTD_CP_H,20240511T132202,726.01,8.7124,34.9984,21,-1.015767,10
CTD_CP_H,20240511T132202,727.97,8.6650,34.9919,21,-1.015586,11
CTD_CP_H,20240511T132202,730.00,8.6523,34.9902,23,-1.015546,11
CTD_CP_H,20240511T132202,732.01,8.6469,34.9905,21,-1.015537,11
CTD_CP_H,20240511T132202,733.98,8.6459,34.9914,22,-1.015550,11
CTD_CP_H,20240511T132202,735.98,8.6461,34.9923,22,-1.015551,11
CTD_CP_H,20240511T132202,737.98,8.6460,34.9928,22,-1.015548,11
CTD_CP_H,20240511T132202,739.95,8.6464,34.9931,22,-1.015538,11
CTD_CP_H,20240511T132202,741.96,8.6476,34.9934,23,-1.015567,11
CTD_CP_H,20240511T132203,744.03,8.6493,34.9938,23,-1.015574,12
CTD_CP_H,20240511T132203,746.03,8.6511,34.9948,22,-1.015611,11
CTD_CP_H,20240511T132203,747.98,8.6524,34.9956,22,-1.015656,11
CTD_CP_H,20240511T132203,749.96,8.6540,34.9964,23,-1.015695,11
CTD_CP_H,20240511T132203,751.99,8.6495,34.9969,23,-1.015700,12
CTD_CP_H,20240511T132203,754.00,8.6387,34.9964,23,-1.015782,11
CTD_CP_H,20240511T132203,756.01,8.5995,34.9960,23,-1.015867,12
CTD_CP_H,20240511T132203,758.00,8.5304,34.9940,22,-1.015760,11
CTD_CP_H,20240511T132203,759.98,8.4398,34.9927,22,-1.015746,11
CTD_CP_H,20240511T132203,761.99,8.3952,34.9916,22,-1.015866,11
CTD_CP_H,20240511T132203,763.98,8.3603,34.9901,21,-1.015963,10
CTD_CP_H,20240511T132203,765.99,8.3066,34.9898,22,-1.016027,11
CTD_CP_H,20240511T132203,768.01,8.2626,34.9894,21,-1.016026,11
CTD_CP_H,20240511T132203,770.02,8.2529,34.9898,22,-1.016041,11
CTD_CP_H,20240511T132204,772.05,8.2421,34.9898,21,-1.016026,10
CTD_CP_H,20240511T132204,774.00,8.2324,34.9897,20,-1.016014,10
CTD_CP_H,20240511T132204,775.99,8.2245,34.9894,22,-1.016000,11
CTD_CP_H,20240511T132204,778.02,8.2166,34.9890,22,-1.016008,11
CTD_CP_H,20240511T132204,780.00,8.2056,34.9889,25,-1.016011,13
CTD_CP_H,20240511T132204,781.97,8.1941,34.9889,27,-1.016027,13
CTD_CP_H,20240511T132204,783.99,8.1796,34.9894,27,-1.016066,14
CTD_CP_H,20240511T132204,785.98,8.1662,34.9892,26,-1.016091,13
CTD_CP_H,20240511T132204,787.98,8.1533,34.9895,27,-1.016090,13
CTD_CP_H,20240511T132204,789.99,8.1406,34.9896,26,-1.016109,13
CTD_CP_H,20240511T132204,791.98,8.1293,34.9908,26,-1.016114,13
CTD_CP_H,20240511T132204,793.99,8.1120,34.9913,26,-1.016137,13
CTD_CP_H,20240511T132204,795.99,8.0954,34.9916,26,-1.016142,13
CTD_CP_H,20240511T132205,798.00,8.0901,34.9919,26,-1.016168,13
CTD_CP_H,20240511T132205,800.02,8.0874,34.9918,26,-1.016171,13
CTD_CP_H,20240511T132205,802.00,8.0863,34.9917,25,-1.016162,13
CTD_CP_H,20240511T132205,803.98,8.0847,34.9919,26,-1.016165,13
CTD_CP_H,20240511T132205,806.01,8.0820,34.9918,26,-1.016169,13
CTD_CP_H,20240511T132205,808.00,8.0780,34.9917,25,-1.016153,12
CTD_CP_H,20240511T132205,810.00,8.0743,34.9915,26,-1.016174,13
CTD_CP_H,20240511T132205,811.99,8.0699,34.9918,25,-1.016183,13
CTD_CP_H,20240511T132205,813.99,8.0634,34.9921,26,-1.016173,13
CTD_CP_H,20240511T132205,816.01,8.0567,34.9920,25,-1.016182,12
CTD_CP_H,20240511T132205,818.00,8.0518,34.9919,25,-1.016189,13
CTD_CP_H,20240511T132205,819.98,8.0396,34.9918,25,-1.016224,12
CTD_CP_H,20240511T132205,821.97,8.0287,34.9918,25,-1.016229,13
CTD_CP_H,20240511T132205,823.95,8.0153,34.9912,25,-1.016238,12
CTD_CP_H,20240511T132206,825.95,7.9949,34.9899,25,-1.016237,13
CTD_CP_H,20240511T132206,827.96,7.9786,34.9883,25,-1.016227,12
CTD_CP_H,20240511T132206,829.97,7.9722,34.9877,25,-1.016225,13
CTD_CP_H,20240511T132206,832.00,7.9643,34.9871,25,-1.016244,12
CTD_CP_H,20240511T132206,834.02,7.9581,34.9866,25,-1.016231,13
CTD_CP_H,20240511T132206,836.00,7.9493,34.9856,24,-1.016220,12
CTD_CP_H,20240511T132206,837.98,7.9428,34.9851,25,-1.016246,12
CTD_CP_H,20240511T132206,839.99,7.9357,34.9840,25,-1.016262,13
CTD_CP_H,20240511T132206,842.00,7.9167,34.9822,26,-1.016245,13
CTD_CP_H,20240511T132206,843.99,7.8928,34.9800,25,-1.016227,12
CTD_CP_H,20240511T132206,846.00,7.8648,34.9775,26,-1.016212,13
CTD_CP_H,20240511T132206,848.00,7.8330,34.9754,25,-1.016248,13
CTD_CP_H,20240511T132206,849.98,7.7882,34.9761,25,-1.016276,12
CTD_CP_H,20240511T132207,851.98,7.7468,34.9815,24,-1.016229,12
CTD_CP_H,20240511T132207,853.98,7.6924,34.9799,23,-1.016238,12
CTD_CP_H,20240511T132207,856.00,7.6531,34.9773,23,-1.016263,11
CTD_CP_H,20240511T132207,858.01,7.6336,34.9756,22,-1.016281,11
CTD_CP_H,20240511T132207,860.00,7.6183,34.9739,21,-1.016298,11
CTD_CP_H,20240511T132207,862.01,7.6013,34.9726,22,-1.016332,11
CTD_CP_H,20240511T132207,864.03,7.5964,34.9720,21,-1.016331,10
CTD_CP_H,20240511T132207,866.01,7.5941,34.9715,21,-1.016338,11
CTD_CP_H,20240511T132207,868.00,7.5933,34.9713,21,-1.016344,10
CTD_CP_H,20240511T132207,870.00,7.5920,34.9711,21,-1.016351,11
CTD_CP_H,20240511T132207,872.02,7.5914,34.9710,21,-1.016360,10
CTD_CP_H,20240511T132207,874.03,7.5907,34.9711,21,-1.016348,11
CTD_CP_H,20240511T132207,876.05,7.5889,34.9708,21,-1.016366,10
CTD_CP_H,20240511T132207,878.00,7.5872,34.9704,20,-1.016371,10
CTD_CP_H,20240511T132208,879.98,7.5849,34.9701,21,-1.016375,11
CTD_CP_H,20240511T132208,882.00,7.5831,34.9700,21,-1.016387,10
CTD_CP_H,20240511T132208,884.03,7.5803,34.9695,21,-1.016371,11
CTD_CP_H,20240511T132208,886.04,7.5793,34.9694,21,-1.016406,10
CTD_CP_H,20240511T132208,888.02,7.5757,34.9690,20,-1.016391,10
CTD_CP_H,20240511T132208,889.99,7.5718,34.9686,21,-1.016396,11
CTD_CP_H,20240511T132208,892.00,7.5661,34.9681,21,-1.016402,10
CTD_CP_H,20240511T132208,894.00,7.5615,34.9676,21,-1.016409,11
CTD_CP_H,20240511T132208,896.01,7.5566,34.9675,21,-1.016402,10
CTD_CP_H,20240511T132208,898.02,7.5524,34.9670,21,-1.016412,11
CTD_CP_H,20240511T132208,899.99,7.5439,34.9670,20,-1.016394,10
CTD_CP_H,20240511T132208,901.96,7.5362,34.9687,21,-1.016386,10
CTD_CP_H,20240511T132208,903.97,7.5360,34.9702,21,-1.016389,11
CTD_CP_H,20240511T132209,905.99,7.5171,34.9691,21,-1.016411,10
CTD_CP_H,20240511T132209,907.99,7.5103,34.9695,21,-1.016430,11
CTD_CP_H,20240511T132209,910.02,7.5111,34.9707,22,-1.016451,11
CTD_CP_H,20240511T132209,912.03,7.4994,34.9699,20,-1.016441,10
CTD_CP_H,20240511T132209,913.99,7.4894,34.9692,21,-1.016459,10
CTD_CP_H,20240511T132209,916.00,7.4686,34.9674,21,-1.016429,11
CTD_CP_H,20240511T132209,918.02,7.4318,34.9644,21,-1.016402,10
CTD_CP_H,20240511T132209,920.01,7.4262,34.9645,21,-1.016432,11
CTD_CP_H,20240511T132209,922.00,7.4278,34.9649,21,-1.016427,10
CTD_CP_H,20240511T132209,923.97,7.4287,34.9651,21,-1.016435,11
CTD_CP_H,20240511T132209,925.99,7.4377,34.9686,22,-1.016494,11
CTD_CP_H,20240511T132209,928.03,7.4531,34.9751,22,-1.016563,11
CTD_CP_H,20240511T132209,930.00,7.4461,34.9778,21,-1.016619,10
CTD_CP_H,20240511T132209,932.00,7.3987,34.9763,22,-1.016620,11
CTD_CP_H,20240511T132210,934.02,7.3477,34.9727,21,-1.016615,11
CTD_CP_H,20240511T132210,936.02,7.3017,34.9696,21,-1.016607,10
CTD_CP_H,20240511T132210,938.02,7.2710,34.9675,21,-1.016601,11
CTD_CP_H,20240511T132210,940.02,7.2549,34.9671,21,-1.016605,10
CTD_CP_H,20240511T132210,942.00,7.2429,34.9666,21,-1.016625,11
CTD_CP_H,20240511T132210,943.98,7.2290,34.9662,21,-1.016654,10
CTD_CP_H,20240511T132210,945.96,7.2155,34.9659,21,-1.016657,11
CTD_CP_H,20240511T132210,947.98,7.2071,34.9653,22,-1.016617,11
CTD_CP_H,20240511T132210,949.99,7.1934,34.9648,21,-1.016606,10
CTD_CP_H,20240511T132210,951.96,7.1849,34.9645,21,-1.016600,11
CTD_CP_H,20240511T132210,953.97,7.1784,34.9642,22,-1.016599,11
CTD_CP_H,20240511T132210,955.98,7.1730,34.9639,21,-1.016607,10
CTD_CP_H,20240511T132210,957.99,7.1589,34.9631,22,-1.016595,11
CTD_CP_H,20240511T132211,960.00,7.1529,34.9624,21,-1.016586,11
CTD_CP_H,20240511T132211,961.99,7.1510,34.9624,22,-1.016610,11
CTD_CP_H,20240511T132211,964.02,7.1485,34.9622,22,-1.016612,11
CTD_CP_H,20240511T132211,966.04,7.1489,34.9623,22,-1.016616,11
CTD_CP_H,20240511T132211,968.01,7.1476,34.9622,21,-1.016643,10
CTD_CP_H,20240511T132211,969.98,7.1400,34.9615,22,-1.016607,11
CTD_CP_H,20240511T132211,972.01,7.1290,34.9606,23,-1.016621,12
CTD_CP_H,20240511T132211,974.03,7.0993,34.9587,22,-1.016650,11
CTD_CP_H,20240511T132211,976.01,7.0382,34.9569,22,-1.016624,11
CTD_CP_H,20240511T132211,977.99,7.0159,34.9559,22,-1.016611,11
CTD_CP_H,20240511T132211,980.01,7.0013,34.9546,23,-1.016583,11
CTD_CP_H,20240511T132211,982.02,6.9899,34.9540,22,-1.016585,11
CTD_CP_H,20240511T132211,983.98,6.9823,34.9533,22,-1.016600,11
CTD_CP_H,20240511T132211,985.98,6.9763,34.9530,23,-1.016589,12
CTD_CP_H,20240511T132212,988.01,6.9735,34.9526,23,-1.016589,11
CTD_CP_H,20240511T132212,990.02,6.9677,34.9519,23,-1.016604,12
CTD_CP_H,20240511T132212,992.03,6.9454,34.9507,23,-1.016577,11
CTD_CP_H,20240511T132212,994.02,6.9273,34.9489,23,-1.016564,12
CTD_CP_H,20240511T132212,996.02,6.9217,34.9481,23,-1.016529,11
CTD_CP_H,20240511T132212,998.02,6.9082,34.9469,23,-1.016519,12
CTD_CP_H,20240511T132212,1000.02,6.8684,34.9459,23,-1.016507,11
CTD_CP_H,20240511T132212,1002.01,6.8467,34.9445,23,-1.016495,12
CTD_CP_H,20240511T132212,1004.03,6.8247,34.9432,24,-1.016487,12
CTD_CP_H,20240511T132212,1006.04,6.8188,34.9424,23,-1.016459,11
CTD_CP_H,20240511T132212,1008.00,6.8090,34.9415,23,-1.016460,12
CTD_CP_H,20240511T132212,1010.00,6.7939,34.9403,24,-1.016459,12
CTD_CP_H,20240511T132212,1011.99,6.7550,34.9396,23,-1.016457,11
CTD_CP_H,20240511T132213,1013.96,6.7431,34.9387,23,-1.016460,12
CTD_CP_H,20240511T132213,1016.02,6.7315,34.9382,24,-1.016489,12
CTD_CP_H,20240511T132213,1018.03,6.7188,34.9377,22,-1.016489,11
CTD_CP_H,20240511T132213,1019.99,6.7096,34.9373,23,-1.016489,11
CTD_CP_H,20240511T132213,1021.98,6.7062,34.9369,23,-1.016472,12
CTD_CP_H,20240511T132213,1023.98,6.7023,34.9369,24,-1.016521,12
CTD_CP_H,20240511T132213,1026.01,6.6929,34.9369,23,-1.016493,11
CTD_CP_H,20240511T132213,1027.98,6.6887,34.9375,23,-1.016502,12
CTD_CP_H,20240511T132213,1029.97,6.6894,34.9385,23,-1.016513,11
CTD_CP_H,20240511T132213,1031.98,6.6908,34.9391,23,-1.016530,12
CTD_CP_H,20240511T132213,1033.99,6.6933,34.9400,23,-1.016543,11
CTD_CP_H,20240511T132213,1036.02,6.6962,34.9405,23,-1.016552,12
CTD_CP_H,20240511T132213,1038.03,6.6993,34.9413,23,-1.016567,11
CTD_CP_H,20240511T132213,1039.99,6.7013,34.9417,22,-1.016563,11
CTD_CP_H,20240511T132214,1042.00,6.6988,34.9413,24,-1.016587,12
CTD_CP_H,20240511T132214,1044.00,6.6974,34.9412,22,-1.016575,11
CTD_CP_H,20240511T132214,1045.95,6.6965,34.9410,23,-1.016576,12
CTD_CP_H,20240511T132214,1047.98,6.6956,34.9404,24,-1.016580,12
CTD_CP_H,20240511T132214,1050.01,6.6628,34.9391,23,-1.016562,11
CTD_CP_H,20240511T132214,1052.01,6.6443,34.9379,27,-1.016568,14
CTD_CP_H,20240511T132214,1053.97,6.6072,34.9362,30,-1.016569,15
CTD_CP_H,20240511T132214,1055.99,6.5361,34.9345,30,-1.016572,15
CTD_CP_H,20240511T132214,1058.02,6.5102,34.9339,30,-1.016553,15
CTD_CP_H,20240511T132214,1060.01,6.5100,34.9341,29,-1.016555,14
CTD_CP_H,20240511T132214,1061.98,6.5102,34.9342,29,-1.016576,15
CTD_CP_H,20240511T132214,1063.99,6.5105,34.9343,30,-1.016598,15
CTD_CP_H,20240511T132214,1066.01,6.5106,34.9344,29,-1.016626,14
CTD_CP_H,20240511T132215,1068.00,6.5094,34.9342,29,-1.016630,15
CTD_CP_H,20240511T132215,1070.00,6.5086,34.9343,29,-1.016610,14
CTD_CP_H,20240511T132215,1072.01,6.5058,34.9342,29,-1.016616,15
CTD_CP_H,20240511T132215,1073.97,6.5024,34.9339,28,-1.016634,14
CTD_CP_H,20240511T132215,1075.99,6.4931,34.9335,30,-1.016625,15
CTD_CP_H,20240511T132215,1078.02,6.4819,34.9328,28,-1.016624,14
CTD_CP_H,20240511T132215,1079.99,6.4692,34.9321,28,-1.016618,14
CTD_CP_H,20240511T132215,1081.99,6.4501,34.9308,28,-1.016578,14
CTD_CP_H,20240511T132215,1084.01,6.4073,34.9298,28,-1.016586,14
CTD_CP_H,20240511T132215,1086.01,6.3981,34.9288,27,-1.016572,13
CTD_CP_H,20240511T132215,1088.01,6.3796,34.9276,28,-1.016561,14
CTD_CP_H,20240511T132215,1089.99,6.3481,34.9261,26,-1.016569,13
CTD_CP_H,20240511T132215,1091.97,6.3117,34.9240,27,-1.016496,14
CTD_CP_H,20240511T132215,1093.96,6.2797,34.9217,26,-1.016442,13
CTD_CP_H,20240511T132216,1095.95,6.2423,34.9198,26,-1.016407,13
CTD_CP_H,20240511T132216,1097.97,6.2378,34.9200,26,-1.016450,13
CTD_CP_H,20240511T132216,1099.99,6.2324,34.9204,26,-1.016495,13
CTD_CP_H,20240511T132216,1102.01,6.2239,34.9200,26,-1.016476,13
CTD_CP_H,20240511T132216,1104.01,6.2136,34.9193,25,-1.016437,12
CTD_CP_H,20240511T132216,1106.00,6.2078,34.9184,26,-1.016428,13
CTD_CP_H,20240511T132216,1108.01,6.2021,34.9174,25,-1.016416,13
CTD_CP_H,20240511T132216,1110.00,6.1915,34.9168,25,-1.016385,12
CTD_CP_H,20240511T132216,1111.99,6.1761,34.9161,25,-1.016375,13
CTD_CP_H,20240511T132216,1113.98,6.1702,34.9164,25,-1.016425,12
CTD_CP_H,20240511T132216,1116.00,6.1618,34.9174,25,-1.016484,13
CTD_CP_H,20240511T132216,1117.99,6.1513,34.9171,24,-1.016487,12
CTD_CP_H,20240511T132216,1119.98,6.1434,34.9167,25,-1.016480,12
CTD_CP_H,20240511T132217,1122.02,6.1314,34.9160,25,-1.016476,13
CTD_CP_H,20240511T132217,1124.02,6.1176,34.9153,24,-1.016465,12
CTD_CP_H,20240511T132217,1126.00,6.0980,34.9145,24,-1.016461,12
CTD_CP_H,20240511T132217,1127.99,6.0828,34.9140,24,-1.016448,12
CTD_CP_H,20240511T132217,1129.99,6.0743,34.9136,24,-1.016443,12
CTD_CP_H,20240511T132217,1131.99,6.0573,34.9126,24,-1.016435,12
CTD_CP_H,20240511T132217,1134.00,6.0487,34.9123,24,-1.016408,12
CTD_CP_H,20240511T132217,1136.00,6.0419,34.9117,24,-1.016423,12
CTD_CP_H,20240511T132217,1138.00,6.0214,34.9111,24,-1.016426,12
CTD_CP_H,20240511T132217,1140.01,6.0045,34.9102,24,-1.016421,12
CTD_CP_H,20240511T132217,1141.99,5.9977,34.9095,24,-1.016418,12
CTD_CP_H,20240511T132217,1143.99,5.9848,34.9084,24,-1.016417,12
CTD_CP_H,20240511T132217,1146.01,5.9552,34.9071,24,-1.016372,12
CTD_CP_H,20240511T132217,1148.04,5.9401,34.9057,24,-1.016318,12
CTD_CP_H,20240511T132218,1150.03,5.9312,34.9051,23,-1.016284,11
CTD_CP_H,20240511T132218,1151.99,5.9277,34.9045,24,-1.016272,12
CTD_CP_H,20240511T132218,1154.00,5.9177,34.9038,24,-1.016263,12
CTD_CP_H,20240511T132218,1155.98,5.9071,34.9033,23,-1.016240,12
CTD_CP_H,20240511T132218,1157.96,5.9035,34.9028,24,-1.016265,12
CTD_CP_H,20240511T132218,1159.98,5.9012,34.9025,24,-1.016277,12
CTD_CP_H,20240511T132218,1162.01,5.8977,34.9023,24,-1.016254,12
CTD_CP_H,20240511T132218,1164.03,5.8971,34.9021,24,-1.016245,12
CTD_CP_H,20240511T132218,1165.99,5.8952,34.9017,23,-1.016229,11
CTD_CP_H,20240511T132218,1167.98,5.8929,34.9013,24,-1.016228,12
CTD_CP_H,20240511T132218,1170.00,5.8860,34.9007,24,-1.016222,12
CTD_CP_H,20240511T132218,1172.01,5.8747,34.8995,24,-1.016226,12
CTD_CP_H,20240511T132218,1174.03,5.8583,34.8987,24,-1.016218,12
CTD_CP_H,20240511T132219,1176.01,5.8463,34.8980,23,-1.016207,12
CTD_CP_H,20240511T132219,1177.99,5.8284,34.8974,24,-1.016218,12
CTD_CP_H,20240511T132219,1180.01,5.8243,34.8971,24,-1.016231,12
CTD_CP_H,20240511T132219,1182.01,5.8145,34.8967,23,-1.016232,11
CTD_CP_H,20240511T132219,1183.99,5.8023,34.8965,24,-1.016216,12
CTD_CP_H,20240511T132219,1186.00,5.7942,34.8961,23,-1.016225,12
CTD_CP_H,20240511T132219,1187.98,5.7860,34.8959,23,-1.016226,11
CTD_CP_H,20240511T132219,1190.00,5.7801,34.8955,24,-1.016238,12
CTD_CP_H,20240511T132219,1191.99,5.7760,34.8950,23,-1.016228,12
CTD_CP_H,20240511T132219,1193.99,5.7722,34.8948,24,-1.016232,12
CTD_CP_H,20240511T132219,1196.03,5.7669,34.8944,24,-1.016237,12
CTD_CP_H,20240511T132219,1198.02,5.7573,34.8939,22,-1.016232,11
CTD_CP_H,20240511T132219,1199.99,5.7512,34.8935,24,-1.016230,12
CTD_CP_H,20240511T132220,1202.00,5.7465,34.8933,23,-1.016216,11
CTD_CP_H,20240511T132220,1204.00,5.7409,34.8929,23,-1.016225,12
CTD_CP_H,20240511T132220,1206.01,5.7359,34.8925,23,-1.016194,11
CTD_CP_H,20240511T132220,1208.01,5.7243,34.8923,23,-1.016197,12
CTD_CP_H,20240511T132220,1210.00,5.7158,34.8916,23,-1.016225,11
CTD_CP_H,20240511T132220,1211.99,5.6994,34.8910,24,-1.016201,12
CTD_CP_H,20240511T132220,1213.98,5.6699,34.8892,23,-1.016171,12
CTD_CP_H,20240511T132220,1216.00,5.6206,34.8872,24,-1.016134,12
CTD_CP_H,20240511T132220,1218.03,5.6027,34.8857,23,-1.016128,11
CTD_CP_H,20240511T132220,1220.02,5.5849,34.8852,23,-1.016114,12
CTD_CP_H,20240511T132220,1222.01,5.5667,34.8844,23,-1.016109,11
CTD_CP_H,20240511T132220,1224.01,5.5498,34.8835,23,-1.016112,12
CTD_CP_H,20240511T132220,1226.01,5.5354,34.8825,23,-1.016083,11
CTD_CP_H,20240511T132220,1227.99,5.5181,34.8823,22,-1.016086,11
CTD_CP_H,20240511T132221,1229.97,5.5077,34.8819,23,-1.016087,12
CTD_CP_H,20240511T132221,1231.96,5.4999,34.8818,23,-1.016087,11
CTD_CP_H,20240511T132221,1233.97,5.4951,34.8814,23,-1.016059,12
CTD_CP_H,20240511T132221,1235.99,5.4867,34.8811,23,-1.016062,11
CTD_CP_H,20240511T132221,1238.02,5.4748,34.8808,23,-1.016058,12
CTD_CP_H,20240511T132221,1240.00,5.4619,34.8804,22,-1.016059,11
CTD_CP_H,20240511T132221,1241.98,5.4520,34.8801,23,-1.016064,11
CTD_CP_H,20240511T132221,1244.00,5.4460,34.8797,23,-1.016078,12
CTD_CP_H,20240511T132221,1246.02,5.4401,34.8796,23,-1.016070,11
CTD_CP_H,20240511T132221,1247.98,5.4369,34.8795,22,-1.016063,11
CTD_CP_H,20240511T132221,1249.96,5.4353,34.8794,23,-1.016073,12
CTD_CP_H,20240511T132221,1251.96,5.4353,34.8795,23,-1.016077,11
CTD_CP_H,20240511T132221,1253.98,5.4361,34.8799,23,-1.016081,12
CTD_CP_H,20240511T132221,1255.98,5.4364,34.8800,23,-1.016095,11
CTD_CP_H,20240511T132222,1258.00,5.4368,34.8803,23,-1.016078,12
CTD_CP_H,20240511T132222,1260.02,5.4369,34.8802,23,-1.016068,11
CTD_CP_H,20240511T132222,1261.99,5.4361,34.8805,22,-1.016080,11
CTD_CP_H,20240511T132222,1263.98,5.4355,34.8804,23,-1.016084,12
CTD_CP_H,20240511T132222,1265.99,5.4333,34.8802,23,-1.016101,11
CTD_CP_H,20240511T132222,1267.98,5.4204,34.8798,23,-1.016107,12
CTD_CP_H,20240511T132222,1269.98,5.4152,34.8794,23,-1.016109,11
CTD_CP_H,20240511T132222,1272.00,5.4116,34.8790,23,-1.016108,12
CTD_CP_H,20240511T132222,1274.01,5.4062,34.8787,23,-1.016082,11
CTD_CP_H,20240511T132222,1275.98,5.4019,34.8784,22,-1.016069,11
CTD_CP_H,20240511T132222,1277.98,5.3993,34.8781,23,-1.016056,12
CTD_CP_H,20240511T132222,1280.01,5.3987,34.8781,23,-1.016096,11
CTD_CP_H,20240511T132222,1281.99,5.3970,34.8779,22,-1.016090,11
CTD_CP_H,20240511T132223,1283.96,5.3937,34.8777,23,-1.016069,12
CTD_CP_H,20240511T132223,1285.98,5.3853,34.8776,23,-1.016057,11
CTD_CP_H,20240511T132223,1287.99,5.3805,34.8774,23,-1.016077,12
CTD_CP_H,20240511T132223,1289.97,5.3715,34.8774,22,-1.016090,11
CTD_CP_H,20240511T132223,1291.97,5.3541,34.8769,23,-1.016059,11
CTD_CP_H,20240511T132223,1293.98,5.3385,34.8759,22,-1.016067,11
CTD_CP_H,20240511T132223,1296.00,5.3187,34.8737,23,-1.016024,12
CTD_CP_H,20240511T132223,1297.98,5.2825,34.8714,21,-1.015979,10
CTD_CP_H,20240511T132223,1299.93,5.2429,34.8685,22,-1.015927,11
CTD_CP_H,20240511T132223,1301.98,5.2014,34.8654,23,-1.015850,12
CTD_CP_H,20240511T132223,1304.03,5.1755,34.8633,22,-1.015769,11
CTD_CP_H,20240511T132223,1305.98,5.1658,34.8626,21,-1.015786,10
CTD_CP_H,20240511T132223,1307.96,5.1610,34.8628,23,-1.015780,12
CTD_CP_H,20240511T132224,1310.01,5.1350,34.8611,22,-1.015724,11
CTD_CP_H,20240511T132224,1312.02,5.1214,34.8596,22,-1.015709,11
CTD_CP_H,20240511T132224,1314.01,5.1133,34.8586,22,-1.015678,11
CTD_CP_H,20240511T132224,1316.02,5.1021,34.8578,22,-1.015641,11
CTD_CP_H,20240511T132224,1318.02,5.0934,34.8566,22,-1.015610,11
CTD_CP_H,20240511T132224,1320.04,5.0797,34.8557,22,-1.015619,11
CTD_CP_H,20240511T132224,1322.05,5.0639,34.8543,22,-1.015586,11
CTD_CP_H,20240511T132224,1324.01,5.0535,34.8531,21,-1.015569,10
CTD_CP_H,20240511T132224,1325.98,5.0496,34.8525,22,-1.015564,11
CTD_CP_H,20240511T132224,1328.00,5.0221,34.8517,22,-1.015545,11
CTD_CP_H,20240511T132224,1329.98,5.0104,34.8516,21,-1.015544,11
CTD_CP_H,20240511T132224,1331.96,5.0076,34.8517,22,-1.015536,11
CTD_CP_H,20240511T132224,1333.99,5.0041,34.8527,22,-1.015553,11
CTD_CP_H,20240511T132224,1336.02,4.9980,34.8525,22,-1.015539,11
CTD_CP_H,20240511T132225,1338.01,4.9901,34.8529,21,-1.015531,10
CTD_CP_H,20240511T132225,1339.98,4.9879,34.8528,22,-1.015531,11
CTD_CP_H,20240511T132225,1342.01,4.9865,34.8525,22,-1.015535,11
CTD_CP_H,20240511T132225,1344.02,4.9845,34.8520,22,-1.015508,11
CTD_CP_H,20240511T132225,1346.04,4.9787,34.8515,22,-1.015508,11
CTD_CP_H,20240511T132225,1348.00,4.9603,34.8514,21,-1.015510,11
CTD_CP_H,20240511T132225,1349.97,4.9303,34.8520,22,-1.015489,11
CTD_CP_H,20240511T132225,1351.97,4.9170,34.8512,22,-1.015491,11
CTD_CP_H,20240511T132225,1354.00,4.8884,34.8497,22,-1.015440,11
CTD_CP_H,20240511T132225,1356.00,4.8702,34.8488,21,-1.015427,10
CTD_CP_H,20240511T132225,1357.95,4.8451,34.8482,21,-1.015396,11
CTD_CP_H,20240511T132225,1359.96,4.8418,34.8481,22,-1.015403,11
CTD_CP_H,20240511T132225,1361.99,4.8407,34.8482,22,-1.015393,11
CTD_CP_H,20240511T132226,1364.02,4.8398,34.8480,22,-1.015405,11
CTD_CP_H,20240511T132226,1366.05,4.8382,34.8479,22,-1.015405,11
CTD_CP_H,20240511T132226,1368.03,4.8352,34.8478,21,-1.015397,10
CTD_CP_H,20240511T132226,1369.99,4.8275,34.8475,22,-1.015394,11
CTD_CP_H,20240511T132226,1371.97,4.8141,34.8473,21,-1.015380,11
CTD_CP_H,20240511T132226,1373.95,4.8050,34.8473,22,-1.015392,11
CTD_CP_H,20240511T132226,1376.00,4.8031,34.8480,22,-1.015386,11
CTD_CP_H,20240511T132226,1377.99,4.8068,34.8500,21,-1.015471,10
CTD_CP_H,20240511T132226,1379.99,4.8100,34.8515,22,-1.015484,11
CTD_CP_H,20240511T132226,1381.98,4.8110,34.8517,21,-1.015500,11
CTD_CP_H,20240511T132226,1384.01,4.8077,34.8514,23,-1.015499,11
CTD_CP_H,20240511T132226,1386.03,4.7994,34.8510,21,-1.015495,11
CTD_CP_H,20240511T132226,1388.01,4.7964,34.8510,22,-1.015498,11
CTD_CP_H,20240511T132226,1390.00,4.7910,34.8505,21,-1.015489,10
CTD_CP_H,20240511T132227,1391.98,4.7891,34.8505,22,-1.015486,11
CTD_CP_H,20240511T132227,1394.00,4.7879,34.8505,22,-1.015513,11
CTD_CP_H,20240511T132227,1396.02,4.7866,34.8505,22,-1.015535,11
CTD_CP_H,20240511T132227,1398.00,4.7856,34.8505,21,-1.015524,11
CTD_CP_H,20240511T132227,1400.00,4.7850,34.8505,22,-1.015526,11
CTD_CP_H,20240511T132227,1402.01,4.7853,34.8508,21,-1.015531,10
CTD_CP_H,20240511T132227,1403.98,4.7863,34.8515,22,-1.015556,11
CTD_CP_H,20240511T132227,1406.00,4.7854,34.8514,22,-1.015575,11
CTD_CP_H,20240511T132227,1407.99,4.7832,34.8511,21,-1.015552,11
CTD_CP_H,20240511T132227,1409.98,4.7769,34.8508,22,-1.015545,11
CTD_CP_H,20240511T132227,1412.00,4.7691,34.8503,22,-1.015552,11
CTD_CP_H,20240511T132227,1414.00,4.7526,34.8500,21,-1.015541,10
CTD_CP_H,20240511T132227,1415.99,4.7485,34.8501,22,-1.015533,11
CTD_CP_H,20240511T132228,1418.05,4.7477,34.8505,22,-1.015545,11
CTD_CP_H,20240511T132228,1420.05,4.7424,34.8515,21,-1.015560,11
CTD_CP_H,20240511T132228,1422.03,4.7303,34.8508,21,-1.015552,10
CTD_CP_H,20240511T132228,1423.99,4.7173,34.8499,21,-1.015545,11
CTD_CP_H,20240511T132228,1425.96,4.7028,34.8492,21,-1.015525,10
CTD_CP_H,20240511T132228,1427.96,4.6839,34.8476,22,-1.015512,11
CTD_CP_H,20240511T132228,1429.97,4.6653,34.8465,21,-1.015486,11
CTD_CP_H,20240511T132228,1431.98,4.6462,34.8455,22,-1.015458,11
CTD_CP_H,20240511T132228,1433.99,4.6389,34.8451,21,-1.015458,10
CTD_CP_H,20240511T132228,1435.98,4.6202,34.8443,22,-1.015438,11
CTD_CP_H,20240511T132228,1437.99,4.6100,34.8436,21,-1.015432,11
CTD_CP_H,20240511T132228,1440.01,4.6057,34.8432,22,-1.015416,11
CTD_CP_H,20240511T132228,1442.00,4.5998,34.8427,20,-1.015378,10
CTD_CP_H,20240511T132228,1444.00,4.5960,34.8422,22,-1.015388,11
CTD_CP_H,20240511T132229,1446.04,4.5910,34.8420,21,-1.015355,10
CTD_CP_H,20240511T132229,1448.02,4.5865,34.8421,21,-1.015368,11
CTD_CP_H,20240511T132229,1450.00,4.5751,34.8423,24,-1.015366,12
CTD_CP_H,20240511T132229,1452.00,4.5728,34.8426,27,-1.015383,13
CTD_CP_H,20240511T132229,1454.02,4.5698,34.8422,28,-1.015371,14
CTD_CP_H,20240511T132229,1456.02,4.5652,34.8419,27,-1.015377,14
CTD_CP_H,20240511T132229,1458.01,4.5614,34.8416,27,-1.015360,13
CTD_CP_H,20240511T132229,1460.00,4.5611,34.8414,27,-1.015338,14
CTD_CP_H,20240511T132229,1462.01,4.5606,34.8408,28,-1.015339,14
CTD_CP_H,20240511T132229,1464.03,4.5410,34.8393,27,-1.015297,13
CTD_CP_H,20240511T132229,1466.01,4.4956,34.8380,27,-1.015246,14
CTD_CP_H,20240511T132229,1467.99,4.4695,34.8378,26,-1.015218,13
CTD_CP_H,20240511T132229,1469.98,4.4664,34.8381,27,-1.015244,13
CTD_CP_H,20240511T132230,1472.01,4.4641,34.8384,27,-1.015259,14
CTD_CP_H,20240511T132230,1474.01,4.4594,34.8385,26,-1.015261,13
CTD_CP_H,20240511T132230,1475.98,4.4573,34.8385,26,-1.015250,13
CTD_CP_H,20240511T132230,1477.99,4.4567,34.8382,27,-1.015272,13
CTD_CP_H,20240511T132230,1479.99,4.4481,34.8378,26,-1.015243,13
CTD_CP_H,20240511T132230,1481.98,4.4289,34.8373,26,-1.015199,13
CTD_CP_H,20240511T132230,1483.99,4.4228,34.8370,26,-1.015206,13
CTD_CP_H,20240511T132230,1486.00,4.4193,34.8370,26,-1.015209,13
CTD_CP_H,20240511T132230,1488.02,4.4183,34.8368,26,-1.015205,13
CTD_CP_H,20240511T132230,1489.99,4.4178,34.8367,25,-1.015224,13
CTD_CP_H,20240511T132230,1491.97,4.4175,34.8369,26,-1.015221,13
CTD_CP_H,20240511T132230,1494.00,4.4172,34.8367,26,-1.015222,13
CTD_CP_H,20240511T132230,1496.00,4.4169,34.8367,25,-1.015234,12
CTD_CP_H,20240511T132230,1498.01,4.4157,34.8366,26,-1.015229,13
CTD_CP_H,20240511T132231,1500.02,4.4141,34.8366,25,-1.015244,13
CTD_CP_H,20240511T132231,1501.98,4.4130,34.8363,25,-1.015218,12
CTD_CP_H,20240511T132231,1503.98,4.4106,34.8360,26,-1.015214,13
CTD_CP_H,20240511T132231,1505.98,4.4071,34.8358,25,-1.015224,13
CTD_CP_H,20240511T132231,1508.01,4.4010,34.8354,26,-1.015204,13
CTD_CP_H,20240511T132231,1510.01,4.3908,34.8345,25,-1.015182,12
CTD_CP_H,20240511T132231,1512.00,4.3729,34.8340,26,-1.015148,13
CTD_CP_H,20240511T132231,1514.00,4.3586,34.8332,25,-1.015143,13
CTD_CP_H,20240511T132231,1515.97,4.3393,34.8326,25,-1.015130,12
CTD_CP_H,20240511T132231,1517.97,4.3156,34.8319,25,-1.015105,13
CTD_CP_H,20240511T132231,1519.98,4.2957,34.8312,25,-1.015087,12
CTD_CP_H,20240511T132231,1522.00,4.2859,34.8305,25,-1.015073,13
CTD_CP_H,20240511T132231,1523.99,4.2758,34.8300,24,-1.015072,12
CTD_CP_H,20240511T132232,1525.98,4.2610,34.8297,25,-1.015052,12
CTD_CP_H,20240511T132232,1527.99,4.2582,34.8296,24,-1.015034,12
CTD_CP_H,20240511T132232,1529.98,4.2554,34.8296,24,-1.015038,12
CTD_CP_H,20240511T132232,1531.97,4.2525,34.8298,24,-1.015052,12
CTD_CP_H,20240511T132232,1533.96,4.2476,34.8297,24,-1.015067,12
CTD_CP_H,20240511T132232,1536.01,4.2453,34.8299,25,-1.015075,13
CTD_CP_H,20240511T132232,1538.02,4.2457,34.8297,23,-1.015055,11
CTD_CP_H,20240511T132232,1540.00,4.2449,34.8298,24,-1.015054,12
CTD_CP_H,20240511T132232,1542.00,4.2448,34.8295,23,-1.015072,12
CTD_CP_H,20240511T132232,1543.98,4.2447,34.8296,23,-1.015075,11
CTD_CP_H,20240511T132232,1546.00,4.2438,34.8294,24,-1.015079,12
CTD_CP_H,20240511T132232,1548.03,4.2423,34.8288,23,-1.015072,12
CTD_CP_H,20240511T132232,1550.03,4.2203,34.8290,23,-1.015044,11
CTD_CP_H,20240511T132232,1552.01,4.1912,34.8280,22,-1.015006,11
CTD_CP_H,20240511T132233,1553.99,4.1811,34.8274,23,-1.014992,12
CTD_CP_H,20240511T132233,1555.98,4.1762,34.8269,22,-1.014992,11
CTD_CP_H,20240511T132233,1557.97,4.1751,34.8267,23,-1.014997,11
CTD_CP_H,20240511T132233,1560.00,4.1743,34.8266,23,-1.015001,12
CTD_CP_H,20240511T132233,1561.99,4.1722,34.8261,22,-1.014994,11
CTD_CP_H,20240511T132233,1564.00,4.1693,34.8259,23,-1.014980,11
CTD_CP_H,20240511T132233,1566.02,4.1676,34.8254,22,-1.014992,11
CTD_CP_H,20240511T132233,1568.02,4.1659,34.8251,22,-1.015000,11
CTD_CP_H,20240511T132233,1570.02,4.1630,34.8242,22,-1.014994,11
CTD_CP_H,20240511T132233,1571.99,4.1426,34.8239,21,-1.014969,11
CTD_CP_H,20240511T132233,1573.96,4.1371,34.8236,22,-1.014965,11
CTD_CP_H,20240511T132233,1575.98,4.1358,34.8236,22,-1.014966,11
CTD_CP_H,20240511T132233,1577.97,4.1354,34.8238,21,-1.014949,10
CTD_CP_H,20240511T132234,1579.97,4.1364,34.8240,22,-1.014962,11
CTD_CP_H,20240511T132234,1582.02,4.1367,34.8242,22,-1.014985,11
CTD_CP_H,20240511T132234,1584.03,4.1373,34.8244,21,-1.014984,11
CTD_CP_H,20240511T132234,1586.01,4.1394,34.8248,21,-1.014992,10
CTD_CP_H,20240511T132234,1588.03,4.1402,34.8249,22,-1.014990,11
CTD_CP_H,20240511T132234,1590.00,4.1412,34.8249,20,-1.015005,10
CTD_CP_H,20240511T132234,1591.96,4.1424,34.8255,21,-1.015017,11
CTD_CP_H,20240511T132234,1593.97,4.1427,34.8255,21,-1.015017,10
CTD_CP_H,20240511T132234,1595.99,4.1421,34.8256,21,-1.015006,11
CTD_CP_H,20240511T132234,1598.01,4.1390,34.8257,21,-1.015026,10
CTD_CP_H,20240511T132234,1600.00,4.1315,34.8254,20,-1.015027,10
CTD_CP_H,20240511T132234,1601.97,4.1247,34.8249,21,-1.015004,11
CTD_CP_H,20240511T132234,1603.99,4.1201,34.8249,21,-1.014994,10
CTD_CP_H,20240511T132234,1605.97,4.1113,34.8250,20,-1.014988,10
CTD_CP_H,20240511T132235,1607.97,4.0966,34.8249,21,-1.014965,11
CTD_CP_H,20240511T132235,1609.98,4.0790,34.8240,20,-1.014929,10
CTD_CP_H,20240511T132235,1611.96,4.0686,34.8246,20,-1.014942,10
CTD_CP_H,20240511T132235,1613.99,4.0588,34.8251,21,-1.014955,10
CTD_CP_H,20240511T132235,1615.98,4.0436,34.8250,19,-1.014949,10
CTD_CP_H,20240511T132235,1617.97,4.0346,34.8244,21,-1.014923,10
CTD_CP_H,20240511T132235,1620.03,4.0196,34.8239,20,-1.014907,10
CTD_CP_H,20240511T132235,1622.03,4.0119,34.8235,20,-1.014890,10
CTD_CP_H,20240511T132235,1623.99,4.0020,34.8228,19,-1.014892,10
CTD_CP_H,20240511T132235,1625.98,3.9774,34.8220,21,-1.014864,10
CTD_CP_H,20240511T132235,1627.99,3.9529,34.8213,19,-1.014840,10
CTD_CP_H,20240511T132235,1630.00,3.9444,34.8207,21,-1.014839,10
CTD_CP_H,20240511T132235,1632.01,3.9428,34.8204,19,-1.014832,10
CTD_CP_H,20240511T132236,1633.99,3.9410,34.8200,20,-1.014829,10
CTD_CP_H,20240511T132236,1636.00,3.9368,34.8192,20,-1.014820,10
CTD_CP_H,20240511T132236,1637.96,3.9196,34.8184,19,-1.014795,9
CTD_CP_H,20240511T132236,1639.96,3.8846,34.8174,20,-1.014758,10
CTD_CP_H,20240511T132236,1641.95,3.8832,34.8171,19,-1.014739,10
CTD_CP_H,20240511T132236,1643.94,3.8822,34.8170,20,-1.014752,10
CTD_CP_H,20240511T132236,1646.00,3.8820,34.8169,20,-1.014766,10
CTD_CP_H,20240511T132236,1648.00,3.8815,34.8169,19,-1.014800,9
CTD_CP_H,20240511T132236,1649.98,3.8808,34.8169,20,-1.014792,10
CTD_CP_H,20240511T132236,1652.01,3.8804,34.8170,20,-1.014772,10
CTD_CP_H,20240511T132236,1654.04,3.8799,34.8170,20,-1.014775,10
CTD_CP_H,20240511T132236,1656.02,3.8799,34.8172,19,-1.014771,10
CTD_CP_H,20240511T132236,1658.01,3.8802,34.8175,20,-1.014782,10
CTD_CP_H,20240511T132236,1660.03,3.8808,34.8175,20,-1.014769,10
CTD_CP_H,20240511T132237,1662.00,3.8814,34.8178,19,-1.014789,9
CTD_CP_H,20240511T132237,1663.98,3.8810,34.8177,20,-1.014812,10
CTD_CP_H,20240511T132237,1665.96,3.8790,34.8174,19,-1.014798,10
CTD_CP_H,20240511T132237,1667.93,3.8619,34.8177,20,-1.014791,10
CTD_CP_H,20240511T132237,1670.00,3.8584,34.8174,21,-1.014790,10
CTD_CP_H,20240511T132237,1672.01,3.8541,34.8171,19,-1.014774,10
CTD_CP_H,20240511T132237,1673.96,3.8489,34.8172,20,-1.014766,10
CTD_CP_H,20240511T132237,1675.96,3.8423,34.8167,20,-1.014738,10
CTD_CP_H,20240511T132237,1677.97,3.8364,34.8164,20,-1.014760,10
CTD_CP_H,20240511T132237,1679.99,3.8225,34.8159,20,-1.014749,10
CTD_CP_H,20240511T132237,1682.01,3.7996,34.8157,20,-1.014737,10
CTD_CP_H,20240511T132237,1684.01,3.7921,34.8152,20,-1.014709,10
CTD_CP_H,20240511T132237,1686.00,3.7874,34.8150,20,-1.014713,10
CTD_CP_H,20240511T132238,1688.01,3.7794,34.8145,20,-1.014710,10
CTD_CP_H,20240511T132238,1689.98,3.7678,34.8137,20,-1.014694,10
CTD_CP_H,20240511T132238,1692.01,3.7596,34.8134,21,-1.014677,10
CTD_CP_H,20240511T132238,1694.02,3.7541,34.8130,20,-1.014652,10
CTD_CP_H,20240511T132238,1696.00,3.7483,34.8126,20,-1.014613,10
CTD_CP_H,20240511T132238,1697.97,3.7402,34.8121,20,-1.014628,10
CTD_CP_H,20240511T132238,1699.97,3.7319,34.8118,21,-1.014638,11
CTD_CP_H,20240511T132238,1701.98,3.7198,34.8113,20,-1.014627,10
CTD_CP_H,20240511T132238,1703.99,3.7131,34.8102,21,-1.014603,10
CTD_CP_H,20240511T132238,1706.00,3.6956,34.8087,20,-1.014562,10
CTD_CP_H,20240511T132238,1708.02,3.6535,34.8070,21,-1.014481,11
CTD_CP_H,20240511T132238,1710.05,3.6188,34.8061,20,-1.014435,10
CTD_CP_H,20240511T132238,1712.03,3.6135,34.8057,20,-1.014417,10
CTD_CP_H,20240511T132238,1713.99,3.6069,34.8056,20,-1.014406,10
CTD_CP_H,20240511T132239,1716.01,3.5969,34.8051,21,-1.014391,10
CTD_CP_H,20240511T132239,1718.03,3.5840,34.8048,20,-1.014368,10
CTD_CP_H,20240511T132239,1720.00,3.5806,34.8044,20,-1.014398,10
CTD_CP_H,20240511T132239,1721.96,3.5742,34.8044,20,-1.014392,10
CTD_CP_H,20240511T132239,1723.98,3.5694,34.8041,21,-1.014388,11
CTD_CP_H,20240511T132239,1726.03,3.5657,34.8040,21,-1.014404,10
CTD_CP_H,20240511T132239,1728.01,3.5602,34.8040,20,-1.014410,10
CTD_CP_H,20240511T132239,1730.01,3.5584,34.8037,24,-1.014394,12
CTD_CP_H,20240511T132239,1732.02,3.5509,34.8036,25,-1.014383,13
CTD_CP_H,20240511T132239,1733.97,3.5475,34.8039,26,-1.014378,13
CTD_CP_H,20240511T132239,1735.94,3.5473,34.8038,26,-1.014377,13
CTD_CP_H,20240511T132239,1737.99,3.5464,34.8037,28,-1.014378,14
CTD_CP_H,20240511T132239,1740.01,3.5429,34.8034,26,-1.014382,13
CTD_CP_H,20240511T132240,1742.02,3.5367,34.8032,28,-1.014390,14
CTD_CP_H,20240511T132240,1744.02,3.5339,34.8032,25,-1.014392,12
CTD_CP_H,20240511T132240,1745.99,3.5294,34.8027,27,-1.014370,14
CTD_CP_H,20240511T132240,1748.00,3.5180,34.8024,26,-1.014359,13
CTD_CP_H,20240511T132240,1749.96,3.5106,34.8024,26,-1.014378,13
CTD_CP_H,20240511T132240,1751.98,3.5099,34.8024,27,-1.014376,14
CTD_CP_H,20240511T132240,1753.99,3.5086,34.8024,26,-1.014388,12
CTD_CP_H,20240511T132240,1755.99,3.5079,34.8022,26,-1.014362,13
CTD_CP_H,20240511T132240,1758.01,3.5077,34.8023,27,-1.014369,14
CTD_CP_H,20240511T132240,1759.98,3.5075,34.8022,25,-1.014372,13
CTD_CP_H,20240511T132240,1761.98,3.5071,34.8021,28,-1.014359,13
CTD_CP_H,20240511T132240,1764.02,3.5069,34.8021,26,-1.014345,13
CTD_CP_H,20240511T132240,1765.97,3.5064,34.8020,26,-1.014342,13
CTD_CP_H,20240511T132240,1767.96,3.5026,34.8019,27,-1.014319,14
CTD_CP_H,20240511T132241,1770.02,3.5009,34.8016,27,-1.014341,13
CTD_CP_H,20240511T132241,1772.01,3.4990,34.8015,25,-1.014359,13
CTD_CP_H,20240511T132241,1774.00,3.4971,34.8014,27,-1.014376,13
CTD_CP_H,20240511T132241,1776.01,3.4961,34.8014,25,-1.014370,13
CTD_CP_H,20240511T132241,1777.97,3.4951,34.8014,26,-1.014374,13
CTD_CP_H,20240511T132241,1779.99,3.4938,34.8013,26,-1.014374,13
CTD_CP_H,20240511T132241,1782.00,3.4919,34.8011,26,-1.014354,13
CTD_CP_H,20240511T132241,1784.01,3.4857,34.8008,26,-1.014346,13
CTD_CP_H,20240511T132241,1786.01,3.4769,34.8005,25,-1.014343,12
CTD_CP_H,20240511T132241,1787.96,3.4714,34.8001,25,-1.014341,13
CTD_CP_H,20240511T132241,1789.97,3.4602,34.7999,26,-1.014321,13
CTD_CP_H,20240511T132241,1792.01,3.4518,34.7996,26,-1.014304,13
CTD_CP_H,20240511T132241,1794.01,3.4490,34.7992,25,-1.014316,12
CTD_CP_H,20240511T132242,1795.97,3.4382,34.7984,25,-1.014284,13
CTD_CP_H,20240511T132242,1797.99,3.4156,34.7978,26,-1.014227,13
CTD_CP_H,20240511T132242,1799.99,3.4099,34.7973,24,-1.014215,12
CTD_CP_H,20240511T132242,1801.98,3.4014,34.7969,26,-1.014188,13
CTD_CP_H,20240511T132242,1804.01,3.3888,34.7967,25,-1.014158,12
CTD_CP_H,20240511T132242,1806.02,3.3818,34.7964,25,-1.014157,13
CTD_CP_H,20240511T132242,1808.01,3.3790,34.7962,24,-1.014178,12
CTD_CP_H,20240511T132242,1810.01,3.3755,34.7960,25,-1.014180,12
CTD_CP_H,20240511T132242,1812.01,3.3728,34.7957,24,-1.014192,12
CTD_CP_H,20240511T132242,1814.01,3.3709,34.7956,25,-1.014191,13
CTD_CP_H,20240511T132242,1816.02,3.3702,34.7953,24,-1.014190,12
CTD_CP_H,20240511T132242,1817.97,3.3683,34.7948,24,-1.014201,12
CTD_CP_H,20240511T132242,1819.96,3.3610,34.7940,25,-1.014189,12
CTD_CP_H,20240511T132243,1822.00,3.3398,34.7923,25,-1.014141,13
CTD_CP_H,20240511T132243,1824.02,3.2931,34.7911,24,-1.014084,12
CTD_CP_H,20240511T132243,1826.03,3.2703,34.7903,24,-1.014045,12
CTD_CP_H,20240511T132243,1828.01,3.2510,34.7898,23,-1.014025,11
CTD_CP_H,20240511T132243,1830.01,3.2328,34.7895,24,-1.014004,12
CTD_CP_H,20240511T132243,1832.02,3.2221,34.7891,23,-1.013996,12
CTD_CP_H,20240511T132243,1834.01,3.2153,34.7888,23,-1.013988,11
CTD_CP_H,20240511T132243,1835.99,3.2094,34.7885,23,-1.013963,12
CTD_CP_H,20240511T132243,1838.02,3.2022,34.7883,24,-1.013949,12
CTD_CP_H,20240511T132243,1840.01,3.1965,34.7880,22,-1.013944,11
CTD_CP_H,20240511T132243,1841.98,3.1885,34.7878,23,-1.013927,11
CTD_CP_H,20240511T132243,1843.98,3.1852,34.7872,23,-1.013908,12
CTD_CP_H,20240511T132243,1845.99,3.1723,34.7869,23,-1.013849,11
CTD_CP_H,20240511T132243,1848.01,3.1571,34.7866,23,-1.013820,12
CTD_CP_H,20240511T132244,1850.00,3.1488,34.7864,22,-1.013834,11
CTD_CP_H,20240511T132244,1851.97,3.1460,34.7862,22,-1.013847,11
CTD_CP_H,20240511T132244,1853.97,3.1444,34.7863,22,-1.013855,11
CTD_CP_H,20240511T132244,1855.97,3.1430,34.7863,22,-1.013858,11
CTD_CP_H,20240511T132244,1857.96,3.1424,34.7861,22,-1.013859,11
CTD_CP_H,20240511T132244,1859.98,3.1411,34.7859,23,-1.013852,11
CTD_CP_H,20240511T132244,1861.98,3.1402,34.7860,21,-1.013858,11
CTD_CP_H,20240511T132244,1863.97,3.1388,34.7855,23,-1.013862,11
CTD_CP_H,20240511T132244,1866.03,3.1347,34.7848,22,-1.013866,11
CTD_CP_H,20240511T132244,1868.03,3.1195,34.7844,22,-1.013831,11
CTD_CP_H,20240511T132244,1870.03,3.1066,34.7843,22,-1.013825,11
CTD_CP_H,20240511T132244,1872.04,3.1041,34.7842,22,-1.013788,11
CTD_CP_H,20240511T132244,1874.04,3.0981,34.7840,22,-1.013786,11
CTD_CP_H,20240511T132245,1875.99,3.0945,34.7836,21,-1.013778,11
CTD_CP_H,20240511T132245,1877.95,3.0884,34.7837,22,-1.013756,11
CTD_CP_H,20240511T132245,1879.97,3.0843,34.7834,22,-1.013736,11
CTD_CP_H,20240511T132245,1881.99,3.0791,34.7833,22,-1.013750,11
CTD_CP_H,20240511T132245,1884.02,3.0788,34.7833,22,-1.013755,11
CTD_CP_H,20240511T132245,1886.05,3.0779,34.7832,22,-1.013754,11
CTD_CP_H,20240511T132245,1888.01,3.0716,34.7831,21,-1.013742,10
CTD_CP_H,20240511T132245,1889.98,3.0688,34.7825,22,-1.013750,11
CTD_CP_H,20240511T132245,1891.99,3.0574,34.7820,22,-1.013748,11
CTD_CP_H,20240511T132245,1894.04,3.0363,34.7813,22,-1.013700,11
CTD_CP_H,20240511T132245,1896.05,3.0253,34.7814,21,-1.013656,11
CTD_CP_H,20240511T132245,1898.00,3.0170,34.7810,21,-1.013644,10
CTD_CP_H,20240511T132245,1899.96,3.0111,34.7807,21,-1.013630,11
CTD_CP_H,20240511T132245,1901.97,3.0082,34.7806,22,-1.013638,11
CTD_CP_H,20240511T132246,1903.98,3.0026,34.7800,21,-1.013618,10
CTD_CP_H,20240511T132246,1905.99,2.9890,34.7798,22,-1.013612,11
CTD_CP_H,20240511T132246,1907.98,2.9800,34.7795,21,-1.013596,11
CTD_CP_H,20240511T132246,1910.00,2.9786,34.7794,23,-1.013589,11
CTD_CP_H,20240511T132246,1912.05,2.9773,34.7794,22,-1.013562,11
CTD_CP_H,20240511T132246,1914.05,2.9766,34.7793,23,-1.013576,12
CTD_CP_H,20240511T132246,1916.01,2.9765,34.7794,26,-1.013574,13
CTD_CP_H,20240511T132246,1918.00,2.9767,34.7793,29,-1.013579,14
CTD_CP_H,20240511T132246,1920.01,2.9760,34.7792,28,-1.013603,14
CTD_CP_H,20240511T132246,1922.00,2.9738,34.7789,28,-1.013601,14
CTD_CP_H,20240511T132246,1924.01,2.9701,34.7790,28,-1.013601,14
CTD_CP_H,20240511T132246,1926.02,2.9697,34.7789,28,-1.013598,14
CTD_CP_H,20240511T132246,1928.00,2.9694,34.7790,27,-1.013595,14
CTD_CP_H,20240511T132247,1929.97,2.9692,34.7788,28,-1.013583,14
CTD_CP_H,20240511T132247,1931.96,2.9686,34.7785,28,-1.013576,14
CTD_CP_H,20240511T132247,1933.98,2.9596,34.7783,29,-1.013558,14
CTD_CP_H,20240511T132247,1936.00,2.9479,34.7779,28,-1.013542,14
CTD_CP_H,20240511T132247,1937.98,2.9380,34.7774,27,-1.013530,14
CTD_CP_H,20240511T132247,1939.97,2.9344,34.7775,28,-1.013531,14
CTD_CP_H,20240511T132247,1942.03,2.9325,34.7774,29,-1.013519,14
CTD_CP_H,20240511T132247,1944.03,2.9301,34.7775,27,-1.013519,14
CTD_CP_H,20240511T132247,1946.03,2.9276,34.7774,28,-1.013551,14
CTD_CP_H,20240511T132247,1948.04,2.9269,34.7774,27,-1.013557,13
CTD_CP_H,20240511T132247,1950.01,2.9257,34.7774,27,-1.013556,14
CTD_CP_H,20240511T132247,1951.99,2.9244,34.7774,27,-1.013525,13
CTD_CP_H,20240511T132247,1953.99,2.9231,34.7773,27,-1.013541,14
CTD_CP_H,20240511T132247,1956.02,2.9215,34.7773,28,-1.013550,14
CTD_CP_H,20240511T132248,1958.00,2.9185,34.7772,26,-1.013562,13
CTD_CP_H,20240511T132248,1959.96,2.9157,34.7774,27,-1.013555,13
CTD_CP_H,20240511T132248,1961.96,2.9148,34.7772,27,-1.013530,14
CTD_CP_H,20240511T132248,1963.96,2.9149,34.7773,27,-1.013529,13
CTD_CP_H,20240511T132248,1965.98,2.9151,34.7772,27,-1.013518,14
CTD_CP_H,20240511T132248,1968.00,2.9152,34.7772,27,-1.013521,13
CTD_CP_H,20240511T132248,1970.04,2.9151,34.7772,27,-1.013540,14
CTD_CP_H,20240511T132248,1972.00,2.9130,34.7770,25,-1.013512,12
CTD_CP_H,20240511T132248,1973.99,2.9092,34.7769,27,-1.013498,14
CTD_CP_H,20240511T132248,1976.02,2.9080,34.7770,26,-1.013483,13
CTD_CP_H,20240511T132248,1978.02,2.9045,34.7768,26,-1.013480,13
CTD_CP_H,20240511T132248,1980.00,2.9038,34.7765,25,-1.013485,12
CTD_CP_H,20240511T132248,1981.98,2.9033,34.7767,26,-1.013468,13
CTD_CP_H,20240511T132249,1984.02,2.9031,34.7766,26,-1.013465,13
CTD_CP_H,20240511T132249,1986.02,2.9023,34.7766,25,-1.013464,13
CTD_CP_H,20240511T132249,1988.03,2.9011,34.7764,26,-1.013469,13
CTD_CP_H,20240511T132249,1990.03,2.8996,34.7761,25,-1.013472,12
CTD_CP_H,20240511T132249,1992.02,2.8900,34.7755,25,-1.013460,13
CTD_CP_H,20240511T132249,1994.00,2.8766,34.7754,24,-1.013483,6
CTD_CP_H,20240511T132249,1996.00,2.8725,34.7753,25,nan,0
CTD_CP_H,20240511T132249,1997.21,2.8685,34.7756,5,nan,0
GPS,20240511T132330,0.446168,83.950119,5
CTD_P,20240511T132332,-0.18
