Message,20240729T082321,Firmware: 07/21/23 18:56:40 2.17.4 STD IRID Final
Message,20240729T082321,Username: f10474
Message,20240729T082321,Float ID: 013-2723
GPS,20240729T082321,2.250567,86.544411,11
GPS,20240729T082822,2.251458,86.545700,11
CTD_P,20240729T082824,-0.19
FLBB_CFG,20240729T082826,470,700
Message,20240729T082826,Park Descent Mission
CTD_P,20240729T082829,-0.21
CTD_P,20240729T082943,0.07
CTD_P,20240729T083045,0.17
CTD_P,20240729T083147,0.08
CTD_P,20240729T083250,0.39
CTD_P,20240729T083352,0.57
CTD_P,20240729T083454,2.66
CTD_P,20240729T083556,9.05
CTD_P,20240729T083659,17.05
CTD_P,20240729T083801,26.97
CTD_P,20240729T083903,38.41
CTD_P,20240729T084006,50.92
CTD_P,20240729T084108,63.83
CTD_P,20240729T084210,77.11
CTD_P,20240729T084312,91.17
CTD_P,20240729T084415,103.25
CTD_P,20240729T084438,107.58
CTD_P,20240729T084439,107.84
CTD_P,20240729T084542,117.93
CTD_P,20240729T094544,577.92
CTD_P,20240729T102805,977.65
CTD_P,20240729T102908,987.00
CTD_P,20240729T103010,994.91
CTD_P,20240729T103112,1001.47
CTD_P,20240729T103215,1006.20
CTD_P,20240729T103316,1008.24
Message,20240729T103318,Park Mission
CTD_P,20240729T103321,1008.25
CTD_PTSH,20240729T103344,1007.90,6.4902,34.9290,0.405965
CTD_P,20240729T103345,1007.83
CTD_P,20240729T113318,877.38
CTD_PTSH,20240729T113340,877.00,7.2441,34.9670,0.390739
CTD_P,20240729T113341,876.99
CTD_P,20240729T123343,809.85
CTD_PTSH,20240729T123405,809.40,7.6626,34.9780,0.380636
CTD_P,20240729T123406,809.39
CTD_P,20240729T133408,746.02
CTD_PTSH,20240729T133430,745.50,7.9499,35.0060,0.373868
CTD_P,20240729T133431,745.49
CTD_P,20240729T143433,772.91
CTD_PTSH,20240729T143455,773.10,7.7877,34.9910,0.462834
CTD_P,20240729T143456,773.08
CTD_P,20240729T153458,808.87
CTD_PTSH,20240729T153520,808.90,7.6722,34.9830,0.478127
CTD_P,20240729T153521,808.96
CTD_P,20240729T163524,858.25
CTD_PTSH,20240729T163546,858.30,7.5993,34.9930,0.485672
CTD_P,20240729T163547,858.34
CTD_P,20240729T173550,911.91
CTD_PTSH,20240729T173612,912.50,7.1425,34.9670,0.499988
CTD_P,20240729T173613,912.56
CTD_P,20240729T183616,950.78
CTD_PTSH,20240729T183638,950.60,6.8906,34.9560,0.502721
CTD_P,20240729T183639,950.63
CTD_P,20240729T193642,962.76
CTD_PTSH,20240729T193704,963.00,6.7752,34.9480,0.500847
CTD_P,20240729T193705,963.03
CTD_P,20240729T203708,997.70
CTD_PTSH,20240729T203730,997.70,6.5594,34.9330,0.478864
CTD_P,20240729T203731,997.66
CTD_P,20240729T213734,1025.67
CTD_PTSH,20240729T213756,1025.80,6.4516,34.9320,0.497687
CTD_P,20240729T213757,1025.84
CTD_P,20240729T223800,1043.69
CTD_PTSH,20240729T223822,1043.90,6.4387,34.9300,0.413072
CTD_P,20240729T223823,1043.93
CTD_P,20240729T233826,1048.26
CTD_PTSH,20240729T233848,1048.30,6.4108,34.9260,0.389984
CTD_P,20240729T233849,1048.34
CTD_P,20240730T003852,1019.78
CTD_PTSH,20240730T003914,1019.50,6.5225,34.9290,0.382173
CTD_P,20240730T003915,1019.42
CTD_P,20240730T013918,1016.88
CTD_PTSH,20240730T013940,1016.80,6.5409,34.9300,0.375774
CTD_P,20240730T013941,1016.83
CTD_P,20240730T023944,1022.13
CTD_PTSH,20240730T024006,1022.20,6.5411,34.9290,0.370612
CTD_P,20240730T024007,1022.17
CTD_P,20240730T034010,1021.92
CTD_PTSH,20240730T034032,1021.90,6.5532,34.9320,0.366295
CTD_P,20240730T034033,1021.86
CTD_P,20240730T044036,1014.03
CTD_PTSH,20240730T044058,1014.20,6.4991,34.9260,0.362766
CTD_P,20240730T044059,1014.25
CTD_P,20240730T054102,1019.87
CTD_PTSH,20240730T054124,1019.80,6.5127,34.9290,0.359315
CTD_P,20240730T054125,1019.75
CTD_P,20240730T064128,1023.96
CTD_PTSH,20240730T064150,1024.00,6.5197,34.9300,0.356389
CTD_P,20240730T064151,1023.97
CTD_P,20240730T074154,1021.51
CTD_PTSH,20240730T074216,1021.40,6.5232,34.9340,0.353917
CTD_P,20240730T074217,1021.38
CTD_P,20240730T084220,1017.15
CTD_PTSH,20240730T084242,1017.00,6.4816,34.9300,0.351551
CTD_P,20240730T084243,1016.99
CTD_P,20240730T094246,1014.84
CTD_PTSH,20240730T094308,1014.80,6.4457,34.9300,0.349381
CTD_P,20240730T094309,1014.78
CTD_P,20240730T104312,1012.18
CTD_PTSH,20240730T104334,1012.00,6.4047,34.9280,0.347469
CTD_P,20240730T104335,1012.01
CTD_P,20240730T114338,1025.05
CTD_PTSH,20240730T114400,1024.90,6.4559,34.9280,0.346193
CTD_P,20240730T114401,1024.83
CTD_P,20240730T124404,1018.47
CTD_PTSH,20240730T124426,1018.30,6.4496,34.9280,0.345130
CTD_P,20240730T124427,1018.26
CTD_P,20240730T134430,1028.19
CTD_PTSH,20240730T134452,1028.20,6.4833,34.9290,0.344156
CTD_P,20240730T134453,1028.23
CTD_P,20240730T144456,1026.37
CTD_PTSH,20240730T144518,1026.60,6.4470,34.9300,0.343432
CTD_P,20240730T144519,1026.60
CTD_P,20240730T154522,1039.01
CTD_PTSH,20240730T154544,1039.00,6.5140,34.9290,0.342621
CTD_P,20240730T154545,1038.99
CTD_P,20240730T164548,997.52
CTD_PTSH,20240730T164610,997.50,6.5771,34.9330,0.341082
CTD_P,20240730T164611,997.52
CTD_P,20240730T174614,997.46
CTD_PTSH,20240730T174636,997.50,6.5815,34.9330,0.339603
CTD_P,20240730T174637,997.52
CTD_P,20240730T184640,997.34
CTD_PTSH,20240730T184702,997.50,6.5809,34.9320,0.338205
CTD_P,20240730T184703,997.53
CTD_P,20240730T194706,1005.61
CTD_PTSH,20240730T194728,1005.60,6.6366,34.9340,0.368586
CTD_P,20240730T194729,1005.56
CTD_P,20240730T204732,996.54
CTD_PTSH,20240730T204754,996.70,6.6034,34.9350,0.340741
CTD_P,20240730T204755,996.66
CTD_P,20240730T214758,1003.97
CTD_PTSH,20240730T214820,1003.90,6.6041,34.9320,0.339143
CTD_P,20240730T214821,1003.87
CTD_P,20240730T224824,989.24
CTD_PTSH,20240730T224846,989.30,6.5815,34.9320,0.337682
CTD_P,20240730T224847,989.36
CTD_P,20240730T234850,996.86
CTD_PTSH,20240730T234912,997.00,6.5619,34.9320,0.336365
CTD_P,20240730T234913,997.04
CTD_P,20240731T004916,999.71
CTD_PTSH,20240731T004938,999.60,6.5642,34.9310,0.335217
CTD_P,20240731T004939,999.62
CTD_P,20240731T014942,998.66
CTD_PTSH,20240731T015004,998.70,6.5589,34.9330,0.334105
CTD_P,20240731T015005,998.75
CTD_P,20240731T025008,1007.90
CTD_PTSH,20240731T025030,1007.90,6.5688,34.9310,0.376917
CTD_P,20240731T025031,1007.94
CTD_P,20240731T035034,992.10
CTD_PTSH,20240731T035056,992.10,6.5684,34.9310,0.336598
CTD_P,20240731T035057,992.08
CTD_P,20240731T045100,998.34
CTD_PTSH,20240731T045122,998.60,6.5427,34.9310,0.335110
CTD_P,20240731T045123,998.57
CTD_P,20240731T055126,1004.34
CTD_PTSH,20240731T055148,1004.20,6.5632,34.9320,0.334632
CTD_P,20240731T055149,1004.16
CTD_P,20240731T065152,1001.06
CTD_PTSH,20240731T065214,1000.90,6.5566,34.9320,0.333510
CTD_P,20240731T065215,1000.84
CTD_P,20240731T075218,1002.44
CTD_PTSH,20240731T075240,1002.40,6.5620,34.9330,0.332770
CTD_P,20240731T075241,1002.38
CTD_P,20240731T085244,1001.29
CTD_PTSH,20240731T085306,1001.40,6.5129,34.9310,0.331719
CTD_P,20240731T085307,1001.35
CTD_P,20240731T095310,1000.39
CTD_PTSH,20240731T095332,1000.30,6.5207,34.9290,0.330917
CTD_P,20240731T095333,1000.33
CTD_P,20240731T105336,996.12
CTD_PTSH,20240731T105358,996.10,6.5007,34.9320,0.330046
CTD_P,20240731T105359,996.06
CTD_P,20240731T115402,1001.83
CTD_PTSH,20240731T115424,1001.90,6.4857,34.9280,0.329250
CTD_P,20240731T115425,1001.91
CTD_P,20240731T125428,1001.15
CTD_PTSH,20240731T125450,1001.00,6.5226,34.9310,0.328510
CTD_P,20240731T125451,1000.97
CTD_P,20240731T135454,1005.38
CTD_PTSH,20240731T135516,1005.40,6.5069,34.9290,0.327816
CTD_P,20240731T135517,1005.41
CTD_P,20240731T145520,1009.88
CTD_PTSH,20240731T145542,1009.40,6.5642,34.9310,0.328664
CTD_P,20240731T145543,1009.37
CTD_P,20240731T155546,1013.96
CTD_PTSH,20240731T155608,1013.70,6.5682,34.9310,0.328221
CTD_P,20240731T155609,1013.74
CTD_P,20240731T165612,1018.52
CTD_PTSH,20240731T165634,1018.60,6.5648,34.9310,0.327416
CTD_P,20240731T165635,1018.61
CTD_P,20240731T175638,1014.86
CTD_PTSH,20240731T175700,1014.90,6.5661,34.9300,0.326799
CTD_P,20240731T175701,1014.93
CTD_P,20240731T185704,1015.03
CTD_PTSH,20240731T185726,1015.10,6.5663,34.9300,0.326391
CTD_P,20240731T185727,1015.06
CTD_P,20240731T195730,1019.87
CTD_PTSH,20240731T195752,1020.00,6.5636,34.9330,0.325789
CTD_P,20240731T195753,1020.06
CTD_P,20240731T205756,1005.28
CTD_PTSH,20240731T205818,1005.20,6.5812,34.9310,0.325187
CTD_P,20240731T205819,1005.11
CTD_P,20240731T215822,1010.18
CTD_PTSH,20240731T215844,1010.30,6.5618,34.9330,0.324579
CTD_P,20240731T215845,1010.34
CTD_P,20240731T225848,1013.47
CTD_PTSH,20240731T225910,1013.50,6.5574,34.9340,0.324120
CTD_P,20240731T225911,1013.51
CTD_P,20240731T235914,1014.05
CTD_PTSH,20240731T235936,1014.10,6.5571,34.9310,0.323936
CTD_P,20240731T235937,1014.05
CTD_P,20240801T005940,1021.88
CTD_PTSH,20240801T010002,1022.10,6.5579,34.9310,0.323937
CTD_P,20240801T010003,1022.09
CTD_P,20240801T020005,1022.43
CTD_PTSH,20240801T020027,1022.30,6.5775,34.9320,0.323384
CTD_P,20240801T020028,1022.34
CTD_P,20240801T030030,1022.91
CTD_PTSH,20240801T030052,1023.20,6.5898,34.9320,0.322885
CTD_P,20240801T030053,1023.21
CTD_P,20240801T040055,1029.23
CTD_PTSH,20240801T040117,1029.10,6.6241,34.9340,0.322517
CTD_P,20240801T040118,1029.18
CTD_P,20240801T050121,1029.33
CTD_PTSH,20240801T050143,1029.30,6.6249,34.9330,0.322760
CTD_P,20240801T050144,1029.32
CTD_P,20240801T060147,1036.28
CTD_PTSH,20240801T060209,1036.30,6.6490,34.9330,0.323028
CTD_P,20240801T060210,1036.31
CTD_P,20240801T070213,986.00
CTD_PTSH,20240801T070235,985.90,6.7818,34.9430,0.322322
CTD_P,20240801T070236,985.89
CTD_P,20240801T080239,978.95
CTD_PTSH,20240801T080301,978.70,6.8017,34.9470,0.321670
CTD_P,20240801T080302,978.72
CTD_P,20240801T090305,965.94
CTD_PTSH,20240801T090327,965.80,6.8127,34.9470,0.321137
CTD_P,20240801T090328,965.79
CTD_P,20240801T100331,961.16
CTD_PTSH,20240801T100353,961.20,6.7899,34.9460,0.320675
CTD_P,20240801T100354,961.22
CTD_P,20240801T110357,956.10
CTD_PTSH,20240801T110419,956.20,6.7923,34.9460,0.323617
CTD_P,20240801T110420,956.16
CTD_P,20240801T120422,1010.73
CTD_PTSH,20240801T120444,1010.80,6.6586,34.9350,0.324258
CTD_P,20240801T120445,1010.78
CTD_P,20240801T130448,1039.78
CTD_PTSH,20240801T130510,1040.00,6.5964,34.9310,0.325610
CTD_P,20240801T130511,1039.99
CTD_P,20240801T140514,1046.40
CTD_PTSH,20240801T140536,1046.60,6.5895,34.9330,0.327959
CTD_P,20240801T140537,1046.58
CTD_P,20240801T150540,1044.78
CTD_PTSH,20240801T150602,1044.80,6.5845,34.9330,0.354483
CTD_P,20240801T150603,1044.77
CTD_P,20240801T160605,1000.78
CTD_PTSH,20240801T160627,1000.30,6.7586,34.9420,0.331844
CTD_P,20240801T160628,1000.27
CTD_P,20240801T170631,985.77
CTD_PTSH,20240801T170653,985.80,6.7422,34.9420,0.330074
CTD_P,20240801T170654,985.77
CTD_P,20240801T180657,990.80
CTD_PTSH,20240801T180719,991.00,6.7284,34.9390,0.328689
CTD_P,20240801T180720,990.98
CTD_P,20240801T190723,989.61
CTD_PTSH,20240801T190745,989.90,6.7260,34.9400,0.327436
CTD_P,20240801T190746,989.93
CTD_P,20240801T200749,996.66
CTD_PTSH,20240801T200811,996.70,6.7761,34.9440,0.326316
CTD_P,20240801T200812,996.67
CTD_P,20240801T210815,987.02
CTD_PTSH,20240801T210837,986.90,6.7960,34.9470,0.325285
CTD_P,20240801T210838,986.85
CTD_P,20240801T220841,978.61
CTD_PTSH,20240801T220903,978.80,6.7510,34.9420,0.324335
CTD_P,20240801T220904,978.78
CTD_P,20240801T230907,985.69
CTD_PTSH,20240801T230929,985.70,6.7538,34.9410,0.324236
CTD_P,20240801T230930,985.66
CTD_P,20240802T000933,986.36
CTD_PTSH,20240802T000955,986.20,6.7940,34.9460,0.324066
CTD_P,20240802T000956,986.17
CTD_P,20240802T010959,982.63
CTD_PTSH,20240802T011021,982.60,6.7897,34.9460,0.323041
CTD_P,20240802T011022,982.64
CTD_P,20240802T021025,989.17
CTD_PTSH,20240802T021047,989.20,6.8256,34.9480,0.322311
CTD_P,20240802T021048,989.16
CTD_P,20240802T031051,981.42
CTD_PTSH,20240802T031113,981.30,6.8224,34.9490,0.321499
CTD_P,20240802T031114,981.30
CTD_P,20240802T041117,985.70
CTD_PTSH,20240802T041139,985.50,6.8268,34.9500,0.320795
CTD_P,20240802T041140,985.49
CTD_P,20240802T051143,976.85
CTD_PTSH,20240802T051205,976.80,6.8017,34.9470,0.320022
CTD_P,20240802T051206,976.74
CTD_P,20240802T061209,972.99
CTD_PTSH,20240802T061231,973.20,6.7339,34.9420,0.319364
CTD_P,20240802T061232,973.18
CTD_P,20240802T071234,989.96
CTD_PTSH,20240802T071256,989.90,6.7363,34.9400,0.321034
CTD_P,20240802T071257,989.98
CTD_P,20240802T081259,991.13
CTD_PTSH,20240802T081321,991.20,6.7836,34.9440,0.322510
CTD_P,20240802T081322,991.25
CTD_P,20240802T091325,988.50
CTD_PTSH,20240802T091347,988.60,6.7957,34.9450,0.323415
CTD_P,20240802T091348,988.57
CTD_P,20240802T101351,978.84
CTD_PTSH,20240802T101413,978.80,6.7549,34.9430,0.322149
CTD_P,20240802T101414,978.81
CTD_P,20240802T111417,993.67
CTD_PTSH,20240802T111439,993.60,6.7571,34.9420,0.324427
CTD_P,20240802T111440,993.56
CTD_P,20240802T121443,983.02
CTD_PTSH,20240802T121505,982.90,6.7447,34.9410,0.322929
CTD_P,20240802T121506,982.98
CTD_P,20240802T131509,986.59
CTD_PTSH,20240802T131531,986.40,6.7687,34.9450,0.323294
CTD_P,20240802T131532,986.38
CTD_P,20240802T141535,989.09
CTD_PTSH,20240802T141557,989.00,6.7563,34.9410,0.322195
CTD_P,20240802T141558,988.93
CTD_P,20240802T151601,991.74
CTD_PTSH,20240802T151623,991.80,6.7514,34.9420,0.321282
CTD_P,20240802T151624,991.86
CTD_P,20240802T161627,992.60
CTD_PTSH,20240802T161649,992.60,6.7866,34.9460,0.322016
CTD_P,20240802T161650,992.63
CTD_P,20240802T171653,988.34
CTD_PTSH,20240802T171715,988.40,6.7573,34.9420,0.320978
CTD_P,20240802T171716,988.40
CTD_P,20240802T181719,985.77
CTD_PTSH,20240802T181741,985.60,6.7511,34.9410,0.320142
CTD_P,20240802T181742,985.53
CTD_P,20240802T191745,991.53
CTD_PTSH,20240802T191807,991.60,6.7136,34.9370,0.319508
CTD_P,20240802T191808,991.64
CTD_P,20240802T201811,991.38
CTD_PTSH,20240802T201833,991.50,6.7296,34.9380,0.319277
CTD_P,20240802T201834,991.50
CTD_P,20240802T211837,991.14
CTD_PTSH,20240802T211859,991.20,6.7242,34.9380,0.319735
CTD_P,20240802T211900,991.22
CTD_P,20240802T221903,993.76
CTD_PTSH,20240802T221925,994.00,6.7229,34.9390,0.320024
CTD_P,20240802T221926,993.99
CTD_P,20240802T231929,998.47
CTD_PTSH,20240802T231951,998.50,6.7245,34.9380,0.320366
CTD_P,20240802T231952,998.44
CTD_P,20240803T001955,988.66
CTD_PTSH,20240803T002017,988.40,6.7237,34.9390,0.319514
CTD_P,20240803T002018,988.40
CTD_P,20240803T012021,991.91
CTD_PTSH,20240803T012043,991.90,6.7240,34.9380,0.318942
CTD_P,20240803T012044,991.89
CTD_P,20240803T022047,993.41
CTD_PTSH,20240803T022109,993.20,6.7354,34.9390,0.319659
CTD_P,20240803T022110,993.16
CTD_P,20240803T032113,993.74
CTD_PTSH,20240803T032135,993.80,6.7228,34.9390,0.318525
CTD_P,20240803T032136,993.78
CTD_P,20240803T042139,995.54
CTD_PTSH,20240803T042201,995.40,6.7316,34.9400,0.318615
CTD_P,20240803T042202,995.39
CTD_P,20240803T052205,989.39
CTD_PTSH,20240803T052227,989.30,6.7147,34.9380,0.317578
CTD_P,20240803T052228,989.24
CTD_P,20240803T062231,984.70
CTD_PTSH,20240803T062253,984.60,6.6526,34.9360,0.316817
CTD_P,20240803T062254,984.54
CTD_P,20240803T072257,985.60
CTD_PTSH,20240803T072319,985.40,6.6466,34.9340,0.316126
CTD_P,20240803T072320,985.35
CTD_P,20240803T082323,988.15
CTD_PTSH,20240803T082345,988.20,6.6305,34.9340,0.315470
CTD_P,20240803T082346,988.19
CTD_P,20240803T092349,988.36
CTD_PTSH,20240803T092411,988.30,6.6553,34.9330,0.314902
CTD_P,20240803T092412,988.31
CTD_P,20240803T102415,992.97
CTD_PTSH,20240803T102437,993.00,6.6478,34.9340,0.314316
CTD_P,20240803T102438,993.04
CTD_P,20240803T112441,991.73
CTD_PTSH,20240803T112503,991.60,6.6721,34.9340,0.313801
CTD_P,20240803T112504,991.61
CTD_P,20240803T122507,988.12
CTD_PTSH,20240803T122529,988.20,6.6522,34.9350,0.313452
CTD_P,20240803T122530,988.16
CTD_P,20240803T132533,989.65
CTD_PTSH,20240803T132555,989.50,6.6442,34.9320,0.313059
CTD_P,20240803T132556,989.48
CTD_P,20240803T142559,1000.04
CTD_PTSH,20240803T142621,1000.00,6.6894,34.9350,0.315034
CTD_P,20240803T142622,1000.00
CTD_P,20240803T152625,996.43
CTD_PTSH,20240803T152647,996.20,6.7048,34.9370,0.315658
CTD_P,20240803T152648,996.20
CTD_P,20240803T162651,984.30
CTD_PTSH,20240803T162713,984.30,6.6534,34.9320,0.314624
CTD_P,20240803T162714,984.27
CTD_P,20240803T172717,979.05
CTD_PTSH,20240803T172739,979.10,6.6059,34.9370,0.313973
CTD_P,20240803T172740,979.13
CTD_P,20240803T182743,983.19
CTD_PTSH,20240803T182805,983.30,6.5883,34.9350,0.313467
CTD_P,20240803T182806,983.28
CTD_P,20240803T192808,985.35
CTD_PTSH,20240803T192830,985.40,6.5764,34.9330,0.312990
CTD_P,20240803T192831,985.40
CTD_P,20240803T202834,986.97
CTD_PTSH,20240803T202856,987.10,6.5735,34.9310,0.312528
CTD_P,20240803T202857,987.09
CTD_P,20240803T212900,992.32
CTD_PTSH,20240803T212922,992.20,6.5826,34.9330,0.312202
CTD_P,20240803T212923,992.24
CTD_P,20240803T222926,987.65
CTD_PTSH,20240803T222948,987.50,6.5990,34.9320,0.310542
CTD_P,20240803T222949,987.49
CTD_P,20240803T232952,988.03
CTD_PTSH,20240803T233014,987.90,6.6018,34.9320,0.309685
CTD_P,20240803T233015,987.88
CTD_P,20240804T003018,989.06
CTD_PTSH,20240804T003040,989.20,6.5739,34.9330,0.309131
CTD_P,20240804T003041,989.18
CTD_P,20240804T013044,986.57
CTD_PTSH,20240804T013106,986.40,6.5793,34.9320,0.308556
CTD_P,20240804T013107,986.42
CTD_P,20240804T023110,986.45
CTD_PTSH,20240804T023132,986.30,6.5798,34.9320,0.308115
CTD_P,20240804T023133,986.30
CTD_P,20240804T033136,994.35
CTD_PTSH,20240804T033158,994.40,6.6073,34.9310,0.307733
CTD_P,20240804T033159,994.35
CTD_P,20240804T043202,990.28
CTD_PTSH,20240804T043224,990.20,6.6036,34.9320,0.307300
CTD_P,20240804T043225,990.19
CTD_P,20240804T053228,985.54
CTD_PTSH,20240804T053250,985.50,6.5958,34.9330,0.306875
CTD_P,20240804T053251,985.51
CTD_P,20240804T063254,988.30
CTD_PTSH,20240804T063316,988.20,6.6107,34.9310,0.307002
CTD_P,20240804T063317,988.16
CTD_P,20240804T073320,993.84
CTD_PTSH,20240804T073342,993.90,6.6133,34.9320,0.306559
CTD_P,20240804T073343,993.92
CTD_P,20240804T083346,994.52
CTD_PTSH,20240804T083408,994.50,6.6207,34.9320,0.306295
CTD_P,20240804T083409,994.47
CTD_P,20240804T093412,993.31
CTD_PTSH,20240804T093434,993.20,6.6034,34.9310,0.305898
CTD_P,20240804T093435,993.17
CTD_P,20240804T103438,991.92
CTD_PTSH,20240804T103500,992.00,6.5996,34.9320,0.305471
CTD_P,20240804T103501,991.99
CTD_P,20240804T113504,995.89
CTD_PTSH,20240804T113526,995.90,6.6142,34.9320,0.306337
CTD_P,20240804T113527,995.86
CTD_P,20240804T123530,1002.07
CTD_PTSH,20240804T123552,1002.10,6.6447,34.9340,0.308621
CTD_P,20240804T123553,1002.09
CTD_P,20240804T133556,999.64
CTD_PTSH,20240804T133618,999.70,6.6526,34.9340,0.314243
CTD_P,20240804T133619,999.67
CTD_P,20240804T143622,994.59
CTD_PTSH,20240804T143644,994.40,6.6730,34.9340,0.320163
CTD_P,20240804T143645,994.36
CTD_P,20240804T153648,1003.44
CTD_PTSH,20240804T153710,1003.40,6.7055,34.9370,0.320865
CTD_P,20240804T153711,1003.39
CTD_P,20240804T163714,996.28
CTD_PTSH,20240804T163736,996.30,6.6579,34.9360,0.318493
CTD_P,20240804T163737,996.29
CTD_P,20240804T173740,1006.70
CTD_PTSH,20240804T173802,1006.60,6.6988,34.9370,0.320759
CTD_P,20240804T173803,1006.52
CTD_P,20240804T183806,1004.77
CTD_PTSH,20240804T183828,1004.80,6.7086,34.9370,0.325364
CTD_P,20240804T183829,1004.71
CTD_P,20240804T193832,998.36
CTD_PTSH,20240804T193854,998.10,6.6856,34.9340,0.325198
CTD_P,20240804T193855,998.09
CTD_P,20240804T203858,994.86
CTD_PTSH,20240804T203920,994.90,6.6394,34.9360,0.322586
CTD_P,20240804T203921,994.89
CTD_P,20240804T213924,998.79
CTD_PTSH,20240804T213946,998.90,6.6283,34.9320,0.320594
CTD_P,20240804T213947,998.93
CTD_P,20240804T223950,1001.14
CTD_PTSH,20240804T224012,1001.00,6.6554,34.9340,0.330537
CTD_P,20240804T224013,1000.98
CTD_P,20240804T234016,999.73
CTD_PTSH,20240804T234038,999.60,6.6522,34.9340,0.333886
CTD_P,20240804T234039,999.61
CTD_P,20240805T004042,999.46
CTD_PTSH,20240805T004104,999.50,6.6676,34.9390,0.336181
CTD_P,20240805T004105,999.49
CTD_P,20240805T014108,1002.23
CTD_PTSH,20240805T014130,1002.00,6.6912,34.9390,0.332688
CTD_P,20240805T014131,1001.98
CTD_P,20240805T024134,1000.60
CTD_PTSH,20240805T024156,1000.50,6.6518,34.9340,0.329660
CTD_P,20240805T024157,1000.50
CTD_P,20240805T034200,995.67
CTD_PTSH,20240805T034222,995.60,6.6291,34.9320,0.327131
CTD_P,20240805T034223,995.59
CTD_P,20240805T044226,1003.81
CTD_PTSH,20240805T044248,1003.90,6.6344,34.9320,0.325108
CTD_P,20240805T044249,1003.96
CTD_P,20240805T054252,1008.57
CTD_PTSH,20240805T054314,1008.60,6.6506,34.9340,0.330037
CTD_P,20240805T054315,1008.66
CTD_P,20240805T064318,998.17
CTD_PTSH,20240805T064340,998.40,6.6036,34.9340,0.331002
CTD_P,20240805T064341,998.36
CTD_P,20240805T074344,996.50
CTD_PTSH,20240805T074406,996.60,6.6028,34.9320,0.328533
CTD_P,20240805T074407,996.57
CTD_P,20240805T084409,999.73
CTD_PTSH,20240805T084431,999.70,6.6200,34.9340,0.331336
CTD_P,20240805T084432,999.67
CTD_P,20240805T094435,1004.20
CTD_PTSH,20240805T094457,1004.20,6.6381,34.9330,0.338238
CTD_P,20240805T094458,1004.20
CTD_P,20240805T104501,998.85
CTD_PTSH,20240805T104523,998.70,6.6194,34.9320,0.337546
CTD_P,20240805T104524,998.71
CTD_P,20240805T114527,999.55
CTD_PTSH,20240805T114549,999.60,6.6042,34.9310,0.334169
CTD_P,20240805T114550,999.53
CTD_P,20240805T124553,1002.60
CTD_PTSH,20240805T124615,1002.50,6.6462,34.9340,0.334208
CTD_P,20240805T124616,1002.53
CTD_P,20240805T134619,995.81
CTD_PTSH,20240805T134641,995.80,6.6136,34.9390,0.334612
CTD_P,20240805T134642,995.83
CTD_P,20240805T144645,993.84
CTD_PTSH,20240805T144707,993.60,6.6334,34.9290,0.333294
CTD_P,20240805T144708,993.66
CTD_P,20240805T154711,1001.89
CTD_PTSH,20240805T154733,1001.90,6.6229,34.9310,0.330929
CTD_P,20240805T154734,1001.95
CTD_P,20240805T164737,1003.93
CTD_PTSH,20240805T164759,1003.90,6.6393,34.9350,0.333422
CTD_P,20240805T164800,1003.98
CTD_P,20240805T174803,1008.39
CTD_PTSH,20240805T174825,1008.50,6.6743,34.9340,0.337207
CTD_P,20240805T174826,1008.49
CTD_P,20240805T184829,1016.13
CTD_PTSH,20240805T184851,1016.30,6.7218,34.9380,0.335059
CTD_P,20240805T184852,1016.29
CTD_P,20240805T194855,1013.14
CTD_PTSH,20240805T194917,1013.00,6.7393,34.9410,0.328317
CTD_P,20240805T194918,1013.06
CTD_P,20240805T204921,1007.74
CTD_PTSH,20240805T204943,1007.70,6.7142,34.9360,0.326065
CTD_P,20240805T204944,1007.69
CTD_P,20240805T214947,1013.54
CTD_PTSH,20240805T215009,1013.60,6.7194,34.9370,0.325113
CTD_P,20240805T215010,1013.55
CTD_P,20240805T225013,1006.10
CTD_PTSH,20240805T225035,1005.90,6.7002,34.9350,0.323688
CTD_P,20240805T225036,1005.93
CTD_P,20240805T235039,998.78
CTD_PTSH,20240805T235101,998.60,6.6368,34.9360,0.322167
CTD_P,20240805T235102,998.62
CTD_P,20240806T005105,1000.42
CTD_PTSH,20240806T005127,1000.30,6.6028,34.9330,0.320732
CTD_P,20240806T005128,1000.24
CTD_P,20240806T015131,1002.54
CTD_PTSH,20240806T015153,1002.40,6.6187,34.9360,0.319922
CTD_P,20240806T015154,1002.41
CTD_P,20240806T025157,1003.45
CTD_PTSH,20240806T025219,1003.60,6.6026,34.9330,0.318623
CTD_P,20240806T025220,1003.60
CTD_P,20240806T035223,1003.71
CTD_PTSH,20240806T035245,1003.70,6.6032,34.9330,0.317550
CTD_P,20240806T035246,1003.73
CTD_P,20240806T045249,1003.95
CTD_PTSH,20240806T045311,1003.90,6.6046,34.9330,0.316295
CTD_P,20240806T045312,1003.94
CTD_P,20240806T055315,1013.69
CTD_PTSH,20240806T055337,1013.50,6.6509,34.9350,0.318237
CTD_P,20240806T055338,1013.47
CTD_P,20240806T065341,1009.11
CTD_PTSH,20240806T065403,1009.20,6.6377,34.9340,0.315492
CTD_P,20240806T065404,1009.24
CTD_P,20240806T075407,1000.58
CTD_PTSH,20240806T075429,1000.50,6.6125,34.9380,0.313890
CTD_P,20240806T075430,1000.51
CTD_P,20240806T085433,1006.25
CTD_PTSH,20240806T085455,1006.20,6.6143,34.9330,0.312646
CTD_P,20240806T085456,1006.18
CTD_P,20240806T095459,1013.35
CTD_PTSH,20240806T095521,1013.00,6.6540,34.9340,0.313813
CTD_P,20240806T095522,1012.96
CTD_P,20240806T105525,1005.91
CTD_PTSH,20240806T105547,1005.80,6.6512,34.9340,0.312676
CTD_P,20240806T105548,1005.75
CTD_P,20240806T115551,1010.12
CTD_PTSH,20240806T115613,1010.20,6.6492,34.9340,0.311973
CTD_P,20240806T115614,1010.16
CTD_P,20240806T125617,1007.75
CTD_PTSH,20240806T125639,1007.80,6.6298,34.9320,0.311074
CTD_P,20240806T125640,1007.84
CTD_P,20240806T135643,1012.00
CTD_PTSH,20240806T135705,1012.10,6.6390,34.9330,0.310404
CTD_P,20240806T135706,1012.14
CTD_P,20240806T145709,1002.91
CTD_PTSH,20240806T145731,1002.90,6.6494,34.9350,0.313139
CTD_P,20240806T145732,1002.89
CTD_P,20240806T155735,1004.79
CTD_PTSH,20240806T155757,1004.80,6.6276,34.9360,0.311647
CTD_P,20240806T155758,1004.76
CTD_P,20240806T165801,1004.71
CTD_PTSH,20240806T165823,1004.60,6.6197,34.9330,0.310463
CTD_P,20240806T165824,1004.61
CTD_P,20240806T175827,1006.11
CTD_PTSH,20240806T175849,1006.10,6.6014,34.9330,0.309455
CTD_P,20240806T175850,1006.08
CTD_P,20240806T185853,1006.02
CTD_PTSH,20240806T185915,1006.10,6.6027,34.9320,0.308513
CTD_P,20240806T185916,1006.03
CTD_P,20240806T195919,1019.60
CTD_PTSH,20240806T195941,1019.70,6.6503,34.9340,0.312414
CTD_P,20240806T195942,1019.76
CTD_P,20240806T205945,1017.78
CTD_PTSH,20240806T210007,1017.70,6.7297,34.9380,0.311021
CTD_P,20240806T210008,1017.72
CTD_P,20240806T220011,1003.01
CTD_PTSH,20240806T220033,1003.00,6.6712,34.9380,0.307323
CTD_P,20240806T220034,1002.95
CTD_P,20240806T230037,1008.12
CTD_PTSH,20240806T230059,1008.10,6.6528,34.9340,0.306921
CTD_P,20240806T230100,1008.08
CTD_P,20240807T000103,1017.20
CTD_PTSH,20240807T000125,1017.10,6.6504,34.9350,0.306779
CTD_P,20240807T000126,1017.11
CTD_P,20240807T010129,1023.27
CTD_PTSH,20240807T010151,1023.10,6.6703,34.9340,0.305466
CTD_P,20240807T010152,1023.05
CTD_P,20240807T020155,1010.45
CTD_PTSH,20240807T020217,1010.20,6.6493,34.9330,0.304123
CTD_P,20240807T020218,1010.19
CTD_P,20240807T030221,1006.04
CTD_PTSH,20240807T030243,1006.00,6.6193,34.9330,0.303646
CTD_P,20240807T030244,1006.02
CTD_P,20240807T040247,1012.90
CTD_PTSH,20240807T040309,1012.80,6.6490,34.9340,0.304012
CTD_P,20240807T040310,1012.78
CTD_P,20240807T050313,1010.27
CTD_PTSH,20240807T050335,1010.30,6.6052,34.9320,0.303319
CTD_P,20240807T050336,1010.27
CTD_P,20240807T060339,1010.70
CTD_PTSH,20240807T060401,1010.60,6.6348,34.9320,0.303051
CTD_P,20240807T060402,1010.57
CTD_P,20240807T070404,1018.20
CTD_PTSH,20240807T070426,1018.10,6.6517,34.9340,0.302893
CTD_P,20240807T070427,1018.13
CTD_P,20240807T080430,1016.12
CTD_PTSH,20240807T080452,1015.90,6.6534,34.9330,0.303683
CTD_P,20240807T080453,1015.87
CTD_P,20240807T090456,1015.78
CTD_PTSH,20240807T090518,1015.70,6.6518,34.9330,0.303074
CTD_P,20240807T090519,1015.71
CTD_P,20240807T100522,1016.13
CTD_PTSH,20240807T100544,1016.10,6.6515,34.9340,0.302656
CTD_P,20240807T100545,1016.11
CTD_P,20240807T110548,1008.95
CTD_PTSH,20240807T110610,1009.00,6.6171,34.9320,0.302226
CTD_P,20240807T110611,1009.05
CTD_P,20240807T120614,1017.29
CTD_PTSH,20240807T120636,1017.40,6.6301,34.9330,0.301790
CTD_P,20240807T120637,1017.42
CTD_P,20240807T130640,1013.97
CTD_PTSH,20240807T130702,1013.80,6.6519,34.9330,0.301801
CTD_P,20240807T130703,1013.78
CTD_P,20240807T140706,1009.57
CTD_PTSH,20240807T140728,1009.50,6.6216,34.9330,0.301035
CTD_P,20240807T140729,1009.51
CTD_P,20240807T150732,1018.26
CTD_PTSH,20240807T150754,1018.20,6.6570,34.9340,0.301032
CTD_P,20240807T150755,1018.24
CTD_P,20240807T160758,1005.76
CTD_PTSH,20240807T160820,1005.70,6.6469,34.9350,0.302132
CTD_P,20240807T160821,1005.72
CTD_P,20240807T170824,1017.21
CTD_PTSH,20240807T170846,1017.10,6.6516,34.9330,0.301602
CTD_P,20240807T170847,1017.04
CTD_P,20240807T180850,1025.56
CTD_PTSH,20240807T180912,1025.60,6.7231,34.9380,0.303047
CTD_P,20240807T180913,1025.58
CTD_P,20240807T190916,1020.37
CTD_PTSH,20240807T190938,1020.30,6.7286,34.9390,0.304193
CTD_P,20240807T190939,1020.25
CTD_P,20240807T192727,1022.78
CTD_PTSH,20240807T192749,1022.90,6.7168,34.9370,0.303794
CTD_P,20240807T192750,1022.93
Message,20240807T192753,Deep Descent Mission
CTD_P,20240807T192756,1022.99
CTD_P,20240807T192858,1024.95
CTD_P,20240807T193000,1030.32
CTD_P,20240807T193102,1038.06
CTD_P,20240807T193122,1040.82
CTD_P,20240807T193123,1041.03
CTD_P,20240807T193225,1049.97
CTD_P,20240807T193728,1093.45
CTD_P,20240807T194231,1135.16
CTD_P,20240807T194734,1175.05
CTD_P,20240807T195237,1212.47
CTD_P,20240807T195740,1247.94
CTD_P,20240807T200243,1281.67
CTD_P,20240807T200746,1316.11
CTD_P,20240807T201249,1351.88
CTD_P,20240807T201752,1389.13
CTD_P,20240807T202255,1427.84
CTD_P,20240807T202758,1466.89
CTD_P,20240807T203301,1505.54
CTD_P,20240807T203803,1543.32
CTD_P,20240807T204306,1579.34
CTD_P,20240807T204809,1614.84
CTD_P,20240807T205313,1650.14
CTD_P,20240807T205816,1685.22
CTD_P,20240807T210319,1720.66
CTD_P,20240807T210822,1755.75
CTD_P,20240807T211325,1790.49
CTD_P,20240807T211828,1823.96
CTD_P,20240807T212331,1856.10
CTD_P,20240807T212834,1886.80
CTD_P,20240807T213337,1916.68
CTD_P,20240807T213840,1945.70
CTD_P,20240807T214343,1974.07
CTD_P,20240807T214845,2001.79
Message,20240807T214847,ASCENT
CTD_P,20240807T214850,2002.33
CTD_P,20240807T214922,2005.04
CTD_P,20240807T215027,2009.23
CTD_P,20240807T215048,2009.95
CTD_P,20240807T215049,2010.02
CTD_P,20240807T215150,2010.39
CTD_P,20240807T215232,2009.47
CTD_P,20240807T215334,2005.72
CTD_P,20240807T215416,2002.56
CTD_P,20240807T215453,1999.25
CTD_P,20240807T215454,1999.14
Message,20240807T215456,CP Started
CTD_P,20240807T215531,1995.64
CTD_PTS,20240807T215533,1995.45,2.8745,34.7790
O2,20240807T215536,142.13541,33.69012,2.86939,45.41064,46.58264,54.20096,7.61832,1058.07605,781.49188,755.55469
FLBB,20240807T215539,54,115,573
CTD_P,20240807T215541,1994.70
CTD_P,20240807T220043,1967.51
CTD_P,20240807T220545,1941.60
CTD_P,20240807T221047,1916.60
CTD_P,20240807T221410,1900.37
CTD_P,20240807T221418,1899.76
CTD_PTS,20240807T221420,1899.58,3.1731,34.7918
O2,20240807T221423,134.92490,32.23698,3.16719,45.79994,46.97194,54.64307,7.67113,1066.86597,778.86029,746.82349
FLBB,20240807T221426,54,116,573
CTD_P,20240807T221428,1898.95
CTD_P,20240807T221549,1892.61
CTD_P,20240807T222051,1869.62
CTD_P,20240807T222553,1847.56
CTD_P,20240807T222635,1844.28
CTD_P,20240807T222737,1838.46
CTD_P,20240807T223238,1810.86
CTD_P,20240807T223438,1800.29
CTD_P,20240807T223442,1799.95
CTD_PTS,20240807T223444,1799.77,3.4495,34.8033
O2,20240807T223448,127.47140,30.68001,3.44224,46.24045,47.41245,55.09131,7.67886,1076.91296,776.26147,738.73163
FLBB,20240807T223451,54,113,572
CTD_P,20240807T223452,1799.08
CTD_P,20240807T223742,1784.56
CTD_P,20240807T224244,1759.57
CTD_P,20240807T224746,1735.48
CTD_P,20240807T225247,1711.49
CTD_P,20240807T225514,1700.01
CTD_P,20240807T225518,1699.71
CTD_PTS,20240807T225520,1699.53,3.8971,34.8232
O2,20240807T225524,115.92020,28.23227,3.89004,46.96196,48.13396,55.81586,7.68190,1092.58997,772.04541,725.50043
FLBB,20240807T225527,55,114,572
CTD_P,20240807T225528,1698.91
CTD_P,20240807T225750,1687.71
CTD_P,20240807T225832,1684.16
CTD_P,20240807T225934,1678.02
CTD_P,20240807T230436,1647.59
CTD_P,20240807T230938,1616.83
CTD_P,20240807T231226,1599.80
CTD_PTS,20240807T231228,1599.60,4.2328,34.8349
O2,20240807T231231,108.38560,26.62936,4.22345,47.44925,48.62125,56.30656,7.68531,1103.21399,768.96948,715.60382
FLBB,20240807T231235,55,115,571
CTD_P,20240807T231236,1598.81
CTD_P,20240807T231440,1586.41
CTD_P,20240807T231942,1556.46
CTD_P,20240807T232444,1527.01
CTD_P,20240807T232924,1499.67
CTD_PTS,20240807T232926,1499.48,4.4800,34.8463
O2,20240807T232929,102.65190,25.38477,4.47180,47.84294,49.01494,56.70389,7.68895,1111.94104,766.82758,708.20679
FLBB,20240807T232933,55,115,570
CTD_P,20240807T232934,1498.69
CTD_P,20240807T232946,1497.52
CTD_P,20240807T233448,1467.49
CTD_P,20240807T233950,1437.28
CTD_P,20240807T234453,1407.30
CTD_P,20240807T234610,1399.86
CTD_PTS,20240807T234612,1399.62,4.9401,34.8642
O2,20240807T234615,92.33050,23.10200,4.92412,48.59764,49.76965,57.46187,7.69222,1127.69299,763.10327,694.68079
FLBB,20240807T234619,55,117,570
CTD_P,20240807T234620,1398.87
CTD_P,20240807T234956,1378.74
CTD_P,20240807T235459,1353.00
CTD_P,20240808T000002,1330.88
CTD_P,20240808T000505,1312.33
CTD_P,20240808T000830,1301.06
CTD_P,20240808T000853,1299.85
CTD_PTS,20240808T000855,1299.75,5.3935,34.8810
O2,20240808T000858,82.09834,20.78636,5.38398,49.40847,50.58047,58.27753,7.69706,1143.93506,758.30341,680.85797
FLBB,20240808T000902,55,115,569
CTD_P,20240808T000903,1299.33
CTD_P,20240808T001008,1295.88
CTD_P,20240808T001048,1293.52
CTD_P,20240808T001151,1288.85
CTD_P,20240808T001234,1285.36
CTD_P,20240808T001337,1279.31
CTD_P,20240808T001840,1249.17
CTD_P,20240808T002343,1216.18
CTD_P,20240808T002615,1198.94
CTD_PTS,20240808T002617,1198.71,5.7937,34.8963
O2,20240808T002620,75.18307,19.23189,5.78594,49.96386,51.13586,58.83900,7.70314,1154.92297,754.88318,668.71802
FLBB,20240808T002624,53,118,569
CTD_P,20240808T002625,1197.79
CTD_P,20240808T002846,1181.49
CTD_P,20240808T003349,1146.10
CTD_P,20240808T003852,1111.19
CTD_P,20240808T004033,1099.73
CTD_PTS,20240808T004035,1099.53,6.2694,34.9200
O2,20240808T004038,67.90740,17.58243,6.26409,50.57131,51.74331,59.45190,7.70859,1166.40601,750.42682,654.20752
FLBB,20240808T004041,55,115,568
CTD_P,20240808T004043,1098.59
CTD_P,20240808T004355,1077.22
CTD_P,20240808T004858,1044.92
CTD_P,20240808T005401,1015.33
CTD_P,20240808T005641,1000.51
CTD_P,20240808T005650,999.70
CTD_PTS,20240808T005652,999.51,6.6093,34.9314
O2,20240808T005655,63.18991,16.50051,6.60184,50.98201,52.15401,59.86908,7.71507,1174.31299,747.45587,643.91302
FLBB,20240808T005658,54,114,567
CTD_P,20240808T005700,998.82
CTD_P,20240808T005903,987.78
CTD_P,20240808T010406,961.50
CTD_P,20240808T010621,950.35
CTD_P,20240808T010630,949.57
CTD_PTS,20240808T010632,949.40,7.0983,34.9612
O2,20240808T010635,56.81311,15.01767,7.09124,51.56318,52.73518,60.45697,7.72179,1184.33496,743.28992,628.93219
FLBB,20240808T010638,54,113,567
CTD_P,20240808T010640,948.74
CTD_P,20240808T010908,936.57
CTD_P,20240808T011410,912.07
CTD_P,20240808T011641,899.79
CTD_PTS,20240808T011643,899.62,7.4354,34.9784
O2,20240808T011646,53.12778,14.16061,7.42651,51.90330,53.07530,60.80612,7.73082,1190.06006,740.01788,618.62598
FLBB,20240808T011649,55,117,566
CTD_P,20240808T011651,898.98
CTD_P,20240808T011912,887.42
CTD_P,20240808T012414,862.23
CTD_P,20240808T012643,849.41
CTD_PTS,20240808T012645,849.20,7.6870,34.9851
O2,20240808T012648,51.35623,13.77300,7.67648,52.04469,53.21669,60.95465,7.73796,1192.31396,737.69269,610.91937
FLBB,20240808T012651,56,114,566
CTD_P,20240808T012653,848.52
CTD_P,20240808T012916,836.18
CTD_P,20240808T013418,810.36
CTD_P,20240808T013622,799.69
CTD_PTS,20240808T013624,799.54,7.9198,34.9942
O2,20240808T013627,51.57939,13.91410,7.91522,51.93993,53.11193,60.85652,7.74459,1189.98596,735.57062,603.54120
FLBB,20240808T013630,56,115,565
CTD_P,20240808T013632,798.85
CTD_P,20240808T013920,784.36
CTD_P,20240808T014422,758.19
CTD_P,20240808T014559,749.71
CTD_PTS,20240808T014601,749.56,7.9269,34.9913
O2,20240808T014604,52.11214,14.06094,7.92432,51.86947,53.04147,60.78838,7.74690,1189.12097,735.37750,603.25983
FLBB,20240808T014607,56,116,565
CTD_P,20240808T014609,748.85
CTD_P,20240808T014924,731.96
CTD_P,20240808T015426,705.77
CTD_P,20240808T015535,699.59
CTD_PTS,20240808T015537,699.39,8.5578,35.0210
O2,20240808T015540,45.05818,12.34403,8.54950,52.59459,53.76659,61.53073,7.76414,1201.10901,730.32257,583.85699
FLBB,20240808T015543,56,116,564
CTD_P,20240808T015545,698.68
CTD_P,20240808T015928,677.56
CTD_P,20240808T020422,647.76
CTD_PTS,20240808T020424,647.56,8.9112,35.0288
O2,20240808T020427,43.71621,12.08004,8.90670,52.66987,53.84187,61.62080,7.77893,1201.59998,726.81042,572.71991
FLBB,20240808T020430,55,116,564
CTD_P,20240808T020432,646.75
CTD_P,20240808T020934,615.10
CTD_P,20240808T021201,600.09
CTD_P,20240808T021205,599.68
CTD_PTS,20240808T021207,599.49,9.1626,35.0180
O2,20240808T021210,51.05249,14.19428,9.16301,51.60558,52.77758,60.56465,7.78707,1181.44202,724.25763,564.70642
FLBB,20240808T021213,56,116,563
CTD_P,20240808T021215,598.69
CTD_P,20240808T021436,584.60
CTD_P,20240808T021938,554.49
CTD_P,20240808T022026,549.47
CTD_PTS,20240808T022028,549.26,9.4069,35.0144
O2,20240808T022031,56.32162,15.75042,9.40600,50.84166,52.01366,59.81036,7.79671,1166.58301,722.00897,557.09222
FLBB,20240808T022034,54,114,563
CTD_P,20240808T022036,548.41
CTD_P,20240808T022440,521.80
CTD_P,20240808T022804,500.35
CTD_P,20240808T022808,499.91
CTD_PTS,20240808T022810,499.73,9.7089,35.0321
O2,20240808T022813,61.24045,17.25068,9.71121,50.11397,51.28597,59.09035,7.80438,1151.89697,719.56250,547.50562
FLBB,20240808T022816,55,121,562
CTD_P,20240808T022818,498.89
CTD_P,20240808T022942,490.49
CTD_P,20240808T023444,462.10
CTD_P,20240808T023655,449.12
CTD_PTS,20240808T023657,448.91,9.9840,35.0176
O2,20240808T023700,69.27612,19.64210,9.98739,49.03213,50.20413,58.01654,7.81241,1129.98596,717.17877,538.80902
FLBB,20240808T023703,55,119,562
CTD_P,20240808T023705,448.06
CTD_P,20240808T023946,429.80
CTD_P,20240808T024411,396.94
CTD_PTS,20240808T024413,396.72,10.3355,35.0375
O2,20240808T024417,69.62377,19.90329,10.33627,48.85828,50.03028,57.85300,7.82272,1126.00806,714.45679,527.79492
FLBB,20240808T024420,54,122,561
CTD_P,20240808T024421,395.66
CTD_P,20240808T024447,392.35
CTD_P,20240808T024949,351.62
CTD_P,20240808T025003,349.56
CTD_PTS,20240808T025005,349.25,10.6523,35.0399
O2,20240808T025009,67.27518,19.37507,10.65353,49.02310,50.19510,58.02650,7.83141,1128.89001,711.69733,517.75208
FLBB,20240808T025012,54,122,561
CTD_P,20240808T025013,348.08
CTD_P,20240808T025453,305.30
CTD_P,20240808T025529,299.54
CTD_PTS,20240808T025531,299.23,11.2428,35.0622
O2,20240808T025535,56.71616,16.55953,11.24450,50.15690,51.32890,59.17744,7.84854,1150.05298,706.94678,498.97830
FLBB,20240808T025538,55,120,560
CTD_P,20240808T025539,297.99
CTD_P,20240808T025955,262.80
CTD_P,20240808T030129,251.02
CTD_P,20240808T030139,249.61
CTD_PTS,20240808T030141,249.31,11.9673,35.0797
O2,20240808T030145,51.99864,15.43535,11.96595,50.55355,51.72556,59.59729,7.87174,1156.10095,700.96301,475.94830
FLBB,20240808T030148,56,123,560
CTD_P,20240808T030149,248.23
CTD_P,20240808T030457,222.66
CTD_P,20240808T030746,199.29
CTD_PTS,20240808T030748,199.03,12.8271,35.0750
O2,20240808T030752,45.84126,13.87547,12.82803,51.16057,52.33257,60.22911,7.89654,1164.32703,692.83228,448.28000
FLBB,20240808T030755,54,120,559
CTD_P,20240808T030756,197.95
CTD_P,20240808T030959,181.74
CTD_P,20240808T031402,152.56
CTD_P,20240808T031425,150.33
CTD_P,20240808T031429,149.95
CTD_PTS,20240808T031431,149.77,15.0227,35.0208
O2,20240808T031435,31.73756,10.07985,15.01137,52.80198,53.97398,61.91862,7.94464,1185.49902,674.40558,377.58380
FLBB,20240808T031438,52,115,557
CTD_P,20240808T031439,149.02
CTD_P,20240808T031501,147.03
CTD_P,20240808T032003,126.11
CTD_P,20240808T032505,114.87
CTD_P,20240808T033007,117.20
CTD_P,20240808T033045,117.87
CTD_P,20240808T033147,116.20
CTD_P,20240808T033225,114.33
CTD_P,20240808T033327,110.75
CTD_P,20240808T033405,108.43
CTD_P,20240808T033507,104.18
CTD_P,20240808T033545,102.30
CTD_P,20240808T033610,101.49
CTD_P,20240808T033643,101.38
CTD_P,20240808T033713,101.81
CTD_P,20240808T033723,101.85
CTD_P,20240808T033739,101.67
CTD_P,20240808T033803,101.18
CTD_P,20240808T033821,100.63
CTD_P,20240808T033831,100.32
CTD_P,20240808T033847,99.62
CTD_PTS,20240808T033849,99.56,24.1966,35.1531
O2,20240808T033852,101.64640,38.78211,24.13869,39.38125,40.55325,48.66600,8.11275,876.29321,599.24872,78.42793
FLBB,20240808T033854,98,147,546
CTD_P,20240808T033855,99.28
CTD_P,20240808T033901,98.89
CTD_P,20240808T034003,94.72
CTD_P,20240808T034041,92.35
CTD_P,20240808T034117,89.47
CTD_PTS,20240808T034119,89.31,26.2009,35.2218
O2,20240808T034122,146.14040,57.87305,26.15791,34.27095,35.44296,43.58148,8.13853,745.31073,584.63708,12.97953
FLBB,20240808T034126,113,151,544
CTD_P,20240808T034127,88.62
CTD_P,20240808T034143,87.34
CTD_P,20240808T034317,85.47
CTD_P,20240808T034645,88.28
CTD_P,20240808T034831,87.83
CTD_P,20240808T035011,88.88
CTD_P,20240808T035147,89.07
CTD_P,20240808T035343,88.62
CTD_P,20240808T035533,88.89
CTD_P,20240808T035649,88.40
CTD_P,20240808T035727,87.71
CTD_P,20240808T035830,86.14
CTD_P,20240808T035909,84.70
CTD_P,20240808T040012,81.72
CTD_P,20240808T040051,80.98
CTD_P,20240808T040055,80.92
CTD_P,20240808T040147,79.70
CTD_PTS,20240808T040149,79.66,28.6639,34.7055
O2,20240808T040152,207.00980,85.73013,28.66339,29.23283,30.40483,38.56517,8.16034,610.52539,562.92188,-67.12395
FLBB,20240808T040156,126,145,535
CTD_P,20240808T040157,79.43
CTD_P,20240808T040235,77.69
CTD_P,20240808T040338,72.72
CTD_P,20240808T040415,70.70
CTD_P,20240808T040419,70.53
CTD_P,20240808T040432,70.06
CTD_P,20240808T040436,69.95
CTD_PTS,20240808T040438,69.90,29.5886,34.4584
O2,20240808T040441,214.89050,90.38919,29.55436,28.48930,29.66130,37.83029,8.16899,589.55408,558.13000,-95.24902
FLBB,20240808T040445,139,153,534
CTD_P,20240808T040446,69.70
CTD_P,20240808T040518,69.61
CTD_P,20240808T040557,69.56
CTD_P,20240808T040700,68.80
CTD_P,20240808T040739,67.96
CTD_P,20240808T040842,64.33
CTD_P,20240808T040921,61.14
CTD_P,20240808T040938,59.47
CTD_PTS,20240808T040940,59.24,29.9642,34.2138
O2,20240808T040943,227.28600,96.29356,29.96993,27.72820,28.90020,37.07840,8.17820,568.37183,552.89972,-108.29520
FLBB,20240808T040947,63,137,532
CTD_P,20240808T040948,58.40
CTD_P,20240808T041024,54.61
CTD_P,20240808T041112,49.55
CTD_PTS,20240808T041114,49.34,29.9621,34.2039
O2,20240808T041117,228.00121,96.59605,29.96964,27.69436,28.86636,37.04778,8.18143,567.34528,552.60358,-108.28630
FLBB,20240808T041121,60,138,532
CTD_P,20240808T041122,48.46
CTD_P,20240808T041126,48.02
CTD_PTS,20240808T041128,47.78,29.9636,34.2040
O2,20240808T041131,228.01311,96.60051,29.96931,27.69391,28.86591,37.04296,8.17705,567.26569,552.50049,-108.27590
FLBB,20240808T041135,64,140,532
CTD_P,20240808T041136,46.93
CTD_P,20240808T041140,46.49
CTD_PTS,20240808T041142,46.28,29.9598,34.2070
O2,20240808T041145,228.11110,96.64124,29.96882,27.68944,28.86144,37.03810,8.17666,567.20782,552.43573,-108.26060
FLBB,20240808T041149,59,141,531
CTD_P,20240808T041150,45.46
CTD_P,20240808T041154,45.04
CTD_PTS,20240808T041156,44.84,29.9610,34.2052
O2,20240808T041159,228.04620,96.61345,29.96862,27.69259,28.86459,37.03873,8.17414,567.16357,552.33911,-108.25430
FLBB,20240808T041203,61,135,531
CTD_P,20240808T041204,44.03
CTD_P,20240808T041208,43.64
CTD_PTS,20240808T041210,43.45,29.9593,34.2066
O2,20240808T041213,228.13040,96.64853,29.96829,27.68872,28.86072,37.03461,8.17390,567.06042,552.29059,-108.24400
FLBB,20240808T041217,62,139,531
CTD_P,20240808T041218,42.66
CTD_P,20240808T041222,42.27
CTD_PTS,20240808T041224,42.04,29.9585,34.2075
O2,20240808T041227,228.15691,96.66064,29.96880,27.68728,28.85928,37.03156,8.17227,567.00940,552.26642,-108.25970
FLBB,20240808T041231,60,136,531
CTD_P,20240808T041232,41.28
CTD_P,20240808T041236,40.91
CTD_PTS,20240808T041238,40.73,29.9602,34.2055
O2,20240808T041241,228.13620,96.65158,29.96863,27.68832,28.86032,37.03091,8.17059,566.92102,552.22931,-108.25460
FLBB,20240808T041245,60,138,531
CTD_P,20240808T041246,39.93
CTD_P,20240808T041250,39.55
CTD_PTS,20240808T041252,39.36,29.9611,34.2006
O2,20240808T041255,228.17090,96.66644,29.96872,27.68665,28.85865,37.02921,8.17056,566.85718,552.23621,-108.25730
FLBB,20240808T041259,60,137,531
CTD_P,20240808T041300,38.61
CTD_P,20240808T041304,38.23
CTD_PTS,20240808T041306,38.01,29.9567,34.2035
O2,20240808T041309,228.25500,96.70094,29.96804,27.68291,28.85491,37.02477,8.16985,566.78571,552.21948,-108.23590
FLBB,20240808T041313,58,133,531
CTD_P,20240808T041314,37.29
CTD_P,20240808T041318,36.87
CTD_PTS,20240808T041320,36.69,29.9576,34.2035
O2,20240808T041323,228.31281,96.72546,29.96808,27.68017,28.85217,37.02244,8.17027,566.72412,552.21100,-108.23740
FLBB,20240808T041327,60,137,531
CTD_P,20240808T041328,35.93
CTD_P,20240808T041332,35.54
CTD_PTS,20240808T041334,35.35,29.9571,34.2038
O2,20240808T041337,228.33051,96.73333,29.96830,27.67925,28.85125,37.02042,8.16917,566.62860,552.19513,-108.24420
FLBB,20240808T041341,59,136,530
CTD_P,20240808T041342,34.55
CTD_P,20240808T041346,34.17
CTD_PTS,20240808T041348,33.95,29.9594,34.2017
O2,20240808T041351,228.44710,96.78154,29.96758,27.67399,28.84599,37.01524,8.16924,566.49548,552.15491,-108.22170
FLBB,20240808T041355,59,138,530
CTD_P,20240808T041356,33.16
CTD_P,20240808T041400,32.74
CTD_PTS,20240808T041402,32.56,29.9564,34.2026
O2,20240808T041405,228.45580,96.78498,29.96744,27.67364,28.84563,37.01353,8.16790,566.46228,552.20551,-108.21710
FLBB,20240808T041409,61,138,530
CTD_P,20240808T041410,31.71
CTD_P,20240808T041414,31.31
CTD_PTS,20240808T041416,31.11,29.9552,34.2043
O2,20240808T041419,228.53169,96.81709,29.96741,27.67006,28.84206,37.01061,8.16856,566.40033,552.16992,-108.21620
FLBB,20240808T041423,59,137,530
CTD_P,20240808T041424,30.31
CTD_P,20240808T041428,29.84
CTD_PTS,20240808T041430,29.67,29.9589,34.2011
O2,20240808T041433,228.53011,96.81532,29.96676,27.67036,28.84236,37.00999,8.16763,566.35852,552.19427,-108.19600
FLBB,20240808T041437,59,137,530
CTD_P,20240808T041438,28.82
CTD_P,20240808T041442,28.42
CTD_PTS,20240808T041444,28.25,29.9573,34.2003
O2,20240808T041447,228.57620,96.83427,29.96640,27.66831,28.84031,37.00701,8.16670,566.26898,552.12592,-108.18470
FLBB,20240808T041451,60,140,530
CTD_P,20240808T041452,27.37
CTD_P,20240808T041456,26.95
CTD_PTS,20240808T041458,26.77,29.9583,34.2008
O2,20240808T041501,228.59019,96.84135,29.96711,27.66740,28.83940,37.00607,8.16667,566.24353,552.17200,-108.20680
FLBB,20240808T041505,59,136,530
CTD_P,20240808T041506,25.93
CTD_P,20240808T041510,25.53
CTD_PTS,20240808T041512,25.31,29.9572,34.2002
O2,20240808T041515,228.61340,96.84983,29.96629,27.66659,28.83859,37.00516,8.16656,566.17218,552.15918,-108.18130
FLBB,20240808T041519,58,135,530
CTD_P,20240808T041520,24.47
CTD_P,20240808T041524,24.07
CTD_PTS,20240808T041526,23.88,29.9563,34.2001
O2,20240808T041529,228.69310,96.88431,29.96670,27.66269,28.83469,37.00102,8.16634,566.10699,552.13068,-108.19400
FLBB,20240808T041533,59,140,530
CTD_P,20240808T041534,23.03
CTD_P,20240808T041538,22.63
CTD_PTS,20240808T041540,22.41,29.9570,34.2009
O2,20240808T041543,228.72180,96.89808,29.96768,27.66099,28.83299,36.99989,8.16689,566.04822,552.13000,-108.22470
FLBB,20240808T041547,61,138,530
CTD_P,20240808T041548,21.56
CTD_P,20240808T041552,21.15
CTD_PTS,20240808T041554,20.91,29.9543,34.2024
O2,20240808T041557,228.73891,96.90537,29.96772,27.66017,28.83217,36.99777,8.16560,565.98242,552.07092,-108.22600
FLBB,20240808T041601,60,140,530
CTD_P,20240808T041602,20.10
CTD_P,20240808T041606,19.64
CTD_PTS,20240808T041608,19.44,29.9532,34.2025
O2,20240808T041611,228.77000,96.91780,29.96727,27.65886,28.83086,36.99474,8.16388,565.90637,552.09021,-108.21190
FLBB,20240808T041615,59,135,530
CTD_P,20240808T041616,18.57
CTD_P,20240808T041620,18.15
CTD_PTS,20240808T041622,17.94,29.9541,34.2012
O2,20240808T041625,228.85780,96.95464,29.96703,27.65481,28.82681,36.99316,8.16635,565.84802,552.03473,-108.20440
FLBB,20240808T041629,58,137,530
CTD_P,20240808T041630,17.10
CTD_P,20240808T041634,16.66
CTD_PTS,20240808T041636,16.46,29.9539,34.2002
O2,20240808T041639,228.84120,96.94699,29.96667,27.65571,28.82771,36.99290,8.16518,565.76593,552.04028,-108.19320
FLBB,20240808T041643,60,138,530
CTD_P,20240808T041644,15.62
CTD_P,20240808T041648,15.20
CTD_PTS,20240808T041650,14.96,29.9542,34.2008
O2,20240808T041653,228.89861,96.97410,29.96836,27.65242,28.82442,36.98938,8.16496,565.69519,552.05627,-108.24600
FLBB,20240808T041657,59,136,529
CTD_P,20240808T041658,14.09
CTD_P,20240808T041702,13.64
CTD_PTS,20240808T041704,13.44,29.9512,34.2023
O2,20240808T041707,228.92760,96.98433,29.96712,27.65149,28.82349,36.98764,8.16415,565.68347,552.00378,-108.20720
FLBB,20240808T041711,59,137,530
CTD_P,20240808T041712,12.59
CTD_P,20240808T041716,12.16
CTD_PTS,20240808T041718,11.96,29.9500,34.2030
O2,20240808T041721,228.93750,96.98999,29.96800,27.65071,28.82271,36.98691,8.16420,565.56860,552.00342,-108.23490
FLBB,20240808T041725,58,138,529
CTD_P,20240808T041726,11.12
CTD_P,20240808T041730,10.72
CTD_PTS,20240808T041732,10.50,29.9470,34.2017
O2,20240808T041735,229.00320,97.01211,29.96460,27.64882,28.82082,36.98431,8.16349,565.49609,551.98212,-108.12810
FLBB,20240808T041739,58,141,529
CTD_P,20240808T041740,9.73
CTD_P,20240808T041744,9.33
CTD_PTS,20240808T041746,9.12,29.9457,34.2021
O2,20240808T041749,229.05499,97.03587,29.96567,27.64599,28.81799,36.98088,8.16289,565.49652,552.00067,-108.16190
FLBB,20240808T041753,57,134,529
CTD_P,20240808T041754,8.41
CTD_P,20240808T041758,8.01
CTD_PTS,20240808T041800,7.85,29.9489,34.1996
O2,20240808T041803,229.14050,97.07022,29.96457,27.64236,28.81436,36.97865,8.16429,565.34521,551.97211,-108.12750
FLBB,20240808T041807,58,138,529
CTD_P,20240808T041808,7.14
CTD_P,20240808T041812,6.75
CTD_PTS,20240808T041814,6.58,29.9470,34.2000
O2,20240808T041817,229.17290,97.08021,29.96234,27.64162,28.81362,36.97644,8.16282,565.30157,551.95532,-108.05750
FLBB,20240808T041821,56,137,529
CTD_P,20240808T041822,5.91
CTD_P,20240808T041826,5.54
CTD_PTS,20240808T041828,5.42,29.9465,34.2006
O2,20240808T041831,229.20039,97.09481,29.96408,27.63972,28.81171,36.97279,8.16107,565.18451,551.94421,-108.11200
FLBB,20240808T041835,57,138,529
CTD_P,20240808T041836,4.74
CTD_P,20240808T041845,4.04
CTD_P,20240808T041849,3.71
Message,20240808T041854,CP Stopped
CTD_P,20240808T041903,2.60
Message,20240808T041906,Surface Mission
CTD_P,20240808T041909,2.23
CTD_P,20240808T041910,2.12
O2,20240808T041913,229.40359,97.17276,29.95924,27.63186,28.80386,36.96806,8.16420,565.00989,552.25671,-107.96040
CTD_P,20240808T041914,1.85
O2,20240808T041928,229.38440,97.15021,29.95064,27.63580,28.80780,36.97030,8.16250,565.08783,552.14612,-107.69080
CTD_P,20240808T041930,0.90
O2,20240808T041943,229.48511,97.19125,29.94971,27.63140,28.80340,36.96511,8.16171,565.00830,552.09772,-107.66170
CTD_P,20240808T041944,0.27
O2,20240808T041958,229.39920,97.15398,29.94914,27.63563,28.80763,36.96710,8.15947,565.03461,552.19458,-107.64390
CTD_P,20240808T041959,0.25
O2,20240808T042014,229.82829,97.26195,29.90531,27.63095,28.80295,36.96397,8.16103,564.91858,552.17352,-106.26990
CTD_P,20240808T042015,-0.01
O2,20240808T042028,229.46809,97.19223,29.95457,27.63048,28.80248,36.96252,8.16004,564.94641,552.20142,-107.81390
CTD_P,20240808T042029,0.11
O2,20240808T042043,229.59531,97.21868,29.93823,27.63027,28.80227,36.96158,8.15931,564.91107,552.18732,-107.30180
CTD_P,20240808T042045,0.17
O2,20240808T042058,229.46201,97.17870,29.94807,27.63306,28.80506,36.96386,8.15880,565.00702,552.24878,-107.61020
CTD_P,20240808T042059,0.11
O2,20240808T042113,229.69780,97.22417,29.91569,27.63341,28.80541,36.96416,8.15874,564.98602,552.29968,-106.59510
CTD_P,20240808T042115,0.06
O2,20240808T042128,229.53661,97.20353,29.94402,27.63099,28.80299,36.96153,8.15855,564.90338,552.23419,-107.48330
CTD_P,20240808T042129,0.13
CTD_P,20240808T042504,-0.16
O2,20240808T042507,233.29671,97.93010,29.43618,27.63544,28.80744,36.98547,8.17802,565.29272,557.25067,-91.53049
CTD_P,20240808T042509,-0.16
O2,20240808T042522,240.13429,98.77983,28.28043,27.73707,28.90907,37.07248,8.16341,568.31787,557.45367,-54.97310
CTD_P,20240808T042523,-0.18
O2,20240808T042537,237.86490,98.24225,28.50955,27.75724,28.92924,37.08672,8.15748,568.94159,558.02222,-62.24719
CTD_P,20240808T042539,-0.16
O2,20240808T042552,238.04449,98.27542,28.48585,27.75760,28.92960,37.08463,8.15502,569.02380,558.37543,-61.49551
CTD_P,20240808T042553,0.03
O2,20240808T042607,236.22870,97.70226,28.58862,27.80354,28.97554,37.12910,8.15356,570.23779,558.63452,-64.75465
CTD_P,20240808T042608,-0.17
O2,20240808T042623,237.61740,98.21369,28.55219,27.75315,28.92515,37.07698,8.15183,568.96320,558.85553,-63.59957
CTD_P,20240808T042624,-0.18
O2,20240808T042637,234.15021,97.38512,28.90704,27.78481,28.95681,37.10741,8.15060,569.45068,559.18152,-74.83549
CTD_P,20240808T042638,0.05
O2,20240808T042652,239.16991,98.51924,28.35879,27.75236,28.92435,37.07375,8.14940,569.06830,558.96997,-57.46228
CTD_P,20240808T042654,-0.15
O2,20240808T042707,232.85809,96.92338,28.95165,27.82879,29.00079,37.14872,8.14793,570.98169,558.94897,-76.24580
CTD_P,20240808T042708,-0.09
O2,20240808T042722,238.48730,98.27277,28.37883,27.77608,28.94808,37.09565,8.14757,569.60553,558.78400,-58.09879
CTD_P,20240808T042724,-0.16
CTD_P,20240808T042725,-0.10
CTD_P,20240808T042751,-0.10
CTD_bins,20240808T043129,23016,1000,1998.470
CTD_CP_H,20240808T043148,4.18,29.9441,34.2006,21,0.404872,10
CTD_CP_H,20240808T043148,5.99,29.9464,34.2006,23,0.405447,12
CTD_CP_H,20240808T043148,7.99,29.9483,34.2000,22,0.405922,11
CTD_CP_H,20240808T043149,9.97,29.9480,34.2008,20,0.406291,10
CTD_CP_H,20240808T043149,11.96,29.9533,34.2014,19,0.406608,9
CTD_CP_H,20240808T043149,13.99,29.9537,34.2009,19,0.406926,10
CTD_CP_H,20240808T043149,15.99,29.9541,34.2005,18,0.407213,9
CTD_CP_H,20240808T043149,18.00,29.9547,34.2009,20,0.407484,10
CTD_CP_H,20240808T043149,20.03,29.9548,34.2017,18,0.407732,9
CTD_CP_H,20240808T043149,21.99,29.9550,34.2021,19,0.407982,9
CTD_CP_H,20240808T043149,23.98,29.9554,34.2013,19,0.408247,10
CTD_CP_H,20240808T043149,25.99,29.9564,34.2014,20,0.408519,10
CTD_CP_H,20240808T043149,28.02,29.9563,34.2012,19,0.408771,9
CTD_CP_H,20240808T043149,30.03,29.9567,34.2024,20,0.409056,10
CTD_CP_H,20240808T043149,32.03,29.9563,34.2027,19,0.409364,10
CTD_CP_H,20240808T043149,34.02,29.9585,34.2020,20,0.409688,10
CTD_CP_H,20240808T043150,36.02,29.9581,34.2033,21,0.410003,10
CTD_CP_H,20240808T043150,38.03,29.9586,34.2022,21,0.410333,11
CTD_CP_H,20240808T043150,40.04,29.9602,34.2040,21,0.410698,10
CTD_CP_H,20240808T043150,42.03,29.9605,34.2056,20,0.411018,10
CTD_CP_H,20240808T043150,43.99,29.9597,34.2064,20,0.411343,10
CTD_CP_H,20240808T043150,45.98,29.9611,34.2059,19,0.411678,10
CTD_CP_H,20240808T043150,47.97,29.9619,34.2054,18,0.412016,9
CTD_CP_H,20240808T043150,49.99,29.9625,34.2030,19,0.412319,9
CTD_CP_H,20240808T043150,52.00,29.9629,34.2028,19,0.412638,10
CTD_CP_H,20240808T043150,53.99,29.9634,34.2053,19,0.412963,9
CTD_CP_H,20240808T043150,56.01,29.9634,34.2093,19,0.413277,10
CTD_CP_H,20240808T043150,58.00,29.9637,34.2129,19,0.413604,9
CTD_CP_H,20240808T043150,60.01,29.9629,34.2159,20,0.413925,10
CTD_CP_H,20240808T043150,62.05,29.9621,34.2191,23,0.414307,12
CTD_CP_H,20240808T043151,64.06,29.9573,34.2266,28,0.414735,14
CTD_CP_H,20240808T043151,66.07,29.9483,34.2389,32,0.415262,16
CTD_CP_H,20240808T043151,68.32,29.9266,34.2684,76,0.416149,38
CTD_CP_H,20240808T043151,69.68,29.7211,34.3982,155,0.417554,77
CTD_CP_H,20240808T043151,71.95,29.2224,34.4672,35,0.418121,18
CTD_CP_H,20240808T043151,74.00,29.0517,34.4447,24,0.418209,12
CTD_CP_H,20240808T043151,76.01,28.7521,34.4697,24,0.418256,12
CTD_CP_H,20240808T043151,78.11,28.7277,34.5829,36,0.418878,18
CTD_CP_H,20240808T043151,80.10,28.6071,34.7262,79,0.419595,39
CTD_CP_H,20240808T043151,81.78,28.5001,34.7666,71,0.420716,36
CTD_CP_H,20240808T043151,84.40,28.0779,34.8717,66,0.431933,33
CTD_CP_H,20240808T043151,85.99,27.7291,34.9503,192,0.435019,96
CTD_CP_H,20240808T043151,88.38,27.7509,34.9595,732,0.431088,366
CTD_CP_H,20240808T043151,89.29,27.5201,34.9996,131,0.432040,65
CTD_CP_H,20240808T043152,92.03,25.9342,35.2238,27,0.443221,14
CTD_CP_H,20240808T043152,94.00,25.7274,35.2202,33,0.442820,16
CTD_CP_H,20240808T043152,96.01,25.2411,35.2363,28,0.441748,14
CTD_CP_H,20240808T043152,98.03,24.3790,35.1706,31,0.440600,16
CTD_CP_H,20240808T043152,100.11,24.0559,35.1409,50,0.439782,25
CTD_CP_H,20240808T043152,101.68,23.3094,35.0844,160,0.437337,80
CTD_CP_H,20240808T043152,103.96,21.4811,35.0414,36,0.433048,18
CTD_CP_H,20240808T043152,105.98,21.4437,35.2008,28,0.432360,14
CTD_CP_H,20240808T043152,107.99,21.1663,35.1971,29,0.431427,14
CTD_CP_H,20240808T043152,110.01,20.9527,35.1591,34,0.430294,17
CTD_CP_H,20240808T043152,111.99,20.4379,35.0672,34,0.428554,17
CTD_CP_H,20240808T043152,114.53,19.1664,35.0249,92,0.419197,46
CTD_CP_H,20240808T043152,116.05,18.6289,34.9729,408,0.417913,205
CTD_CP_H,20240808T043152,117.70,18.2847,35.0009,145,0.417325,72
CTD_CP_H,20240808T043153,119.94,17.5260,35.1001,40,0.408247,20
CTD_CP_H,20240808T043153,121.96,17.2853,35.0917,33,0.407053,16
CTD_CP_H,20240808T043153,123.96,17.0027,35.0750,32,0.406053,16
CTD_CP_H,20240808T043153,125.99,16.8395,35.0792,28,0.405183,14
CTD_CP_H,20240808T043153,128.02,16.5388,35.0874,28,0.404051,14
CTD_CP_H,20240808T043153,130.00,16.4097,35.0792,31,0.402924,16
CTD_CP_H,20240808T043153,131.99,16.2413,35.0706,35,0.401779,17
CTD_CP_H,20240808T043153,133.98,16.0414,35.0595,37,0.400516,19
CTD_CP_H,20240808T043153,135.99,15.8709,35.0382,32,0.399339,16
CTD_CP_H,20240808T043153,137.96,15.7383,35.0187,28,0.398419,14
CTD_CP_H,20240808T043153,139.97,15.5109,35.0026,26,0.397825,13
CTD_CP_H,20240808T043153,141.99,15.4421,35.0045,25,0.397505,12
CTD_CP_H,20240808T043153,144.00,15.3513,35.0098,24,0.397061,12
CTD_CP_H,20240808T043154,145.98,15.2738,35.0113,23,0.396340,12
CTD_CP_H,20240808T043154,147.96,15.1483,35.0146,22,0.395543,11
CTD_CP_H,20240808T043154,150.00,15.0010,35.0199,22,0.394612,11
CTD_CP_H,20240808T043154,152.03,14.8697,35.0305,20,0.393624,10
CTD_CP_H,20240808T043154,154.01,14.6882,35.0329,20,0.392606,10
CTD_CP_H,20240808T043154,155.98,14.6036,35.0227,19,0.392043,9
CTD_CP_H,20240808T043154,157.99,14.4703,35.0139,19,0.391233,10
CTD_CP_H,20240808T043154,160.02,14.3337,35.0098,18,0.390425,9
CTD_CP_H,20240808T043154,162.01,14.3011,35.0072,17,0.389797,8
CTD_CP_H,20240808T043154,163.98,14.1274,35.0115,16,0.389018,8
CTD_CP_H,20240808T043154,165.96,13.9086,35.0044,16,0.388294,8
CTD_CP_H,20240808T043154,167.97,13.8431,35.0168,16,0.387883,8
CTD_CP_H,20240808T043154,169.96,13.8534,35.0300,16,0.387385,8
CTD_CP_H,20240808T043154,171.98,13.8481,35.0373,16,0.386815,8
CTD_CP_H,20240808T043155,174.00,13.7495,35.0546,15,0.386205,8
CTD_CP_H,20240808T043155,175.99,13.5863,35.0581,15,0.385542,7
CTD_CP_H,20240808T043155,178.00,13.4718,35.0591,15,0.384960,8
CTD_CP_H,20240808T043155,180.01,13.4102,35.0619,15,0.384354,7
CTD_CP_H,20240808T043155,181.98,13.3725,35.0672,15,0.383680,8
CTD_CP_H,20240808T043155,183.96,13.3034,35.0777,15,0.383035,7
CTD_CP_H,20240808T043155,186.00,13.2308,35.0816,16,0.382392,8
CTD_CP_H,20240808T043155,188.04,13.1837,35.0820,15,0.381731,8
CTD_CP_H,20240808T043155,190.02,13.1353,35.0840,15,0.380957,7
CTD_CP_H,20240808T043155,191.99,13.1027,35.0835,15,0.380188,8
CTD_CP_H,20240808T043155,193.97,13.0322,35.0803,15,0.379373,7
CTD_CP_H,20240808T043155,195.96,12.9316,35.0747,15,0.378646,8
CTD_CP_H,20240808T043155,197.97,12.8651,35.0764,15,0.378088,7
CTD_CP_H,20240808T043155,199.98,12.7977,35.0760,15,0.377419,8
CTD_CP_H,20240808T043156,202.00,12.7336,35.0765,15,0.376379,7
CTD_CP_H,20240808T043156,204.03,12.7134,35.0760,15,0.375571,8
CTD_CP_H,20240808T043156,206.00,12.7071,35.0755,14,0.374651,7
CTD_CP_H,20240808T043156,207.97,12.7040,35.0745,15,0.373774,7
CTD_CP_H,20240808T043156,210.03,12.6795,35.0744,15,0.372644,8
CTD_CP_H,20240808T043156,212.04,12.6338,35.0718,14,0.371651,7
CTD_CP_H,20240808T043156,213.99,12.5316,35.0743,14,0.370874,7
CTD_CP_H,20240808T043156,215.96,12.4623,35.0727,14,0.370069,7
CTD_CP_H,20240808T043156,217.93,12.4257,35.0719,14,0.369337,7
CTD_CP_H,20240808T043156,219.98,12.3818,35.0716,15,0.368784,7
CTD_CP_H,20240808T043156,222.03,12.3410,35.0708,14,0.368317,7
CTD_CP_H,20240808T043156,224.01,12.3049,35.0710,14,0.367898,7
CTD_CP_H,20240808T043156,225.98,12.2910,35.0705,14,0.367517,7
CTD_CP_H,20240808T043156,227.99,12.2818,35.0705,15,0.367223,8
CTD_CP_H,20240808T043157,230.01,12.2639,35.0717,14,0.367074,7
CTD_CP_H,20240808T043157,231.97,12.2374,35.0766,14,0.366823,7
CTD_CP_H,20240808T043157,233.96,12.2081,35.0787,15,0.366553,7
CTD_CP_H,20240808T043157,235.99,12.1706,35.0805,15,0.366287,8
CTD_CP_H,20240808T043157,238.01,12.1446,35.0816,15,0.366035,7
CTD_CP_H,20240808T043157,240.03,12.1055,35.0846,15,0.365772,8
CTD_CP_H,20240808T043157,242.03,12.0797,35.0838,15,0.365532,7
CTD_CP_H,20240808T043157,244.03,12.0638,35.0836,15,0.365312,8
CTD_CP_H,20240808T043157,246.01,12.0341,35.0828,15,0.365184,7
CTD_CP_H,20240808T043157,247.98,11.9895,35.0803,15,0.365128,8
CTD_CP_H,20240808T043157,249.95,11.9461,35.0794,15,0.365086,7
CTD_CP_H,20240808T043157,251.97,11.8927,35.0782,16,0.365071,8
CTD_CP_H,20240808T043157,254.01,11.8636,35.0769,16,0.365078,8
CTD_CP_H,20240808T043157,255.99,11.8484,35.0763,15,0.365092,8
CTD_CP_H,20240808T043158,257.95,11.8242,35.0751,16,0.365103,8
CTD_CP_H,20240808T043158,259.96,11.7713,35.0731,16,0.364750,8
CTD_CP_H,20240808T043158,261.98,11.7308,35.0717,16,0.364690,8
CTD_CP_H,20240808T043158,263.99,11.7258,35.0715,16,0.364675,8
CTD_CP_H,20240808T043158,266.02,11.7132,35.0720,16,0.364542,8
CTD_CP_H,20240808T043158,268.00,11.6803,35.0707,15,0.364557,7
CTD_CP_H,20240808T043158,270.00,11.6637,35.0708,16,0.364621,8
CTD_CP_H,20240808T043158,272.01,11.6517,35.0696,15,0.364297,8
CTD_CP_H,20240808T043158,273.96,11.6238,35.0693,15,0.363648,7
CTD_CP_H,20240808T043158,276.01,11.5681,35.0684,16,0.363479,8
CTD_CP_H,20240808T043158,278.00,11.5133,35.0673,14,0.363415,7
CTD_CP_H,20240808T043158,279.99,11.4658,35.0666,15,0.363254,8
CTD_CP_H,20240808T043158,282.00,11.4430,35.0647,14,0.363025,7
CTD_CP_H,20240808T043158,283.96,11.4303,35.0648,14,0.362941,7
CTD_CP_H,20240808T043159,285.95,11.3917,35.0647,14,0.362938,7
CTD_CP_H,20240808T043159,287.98,11.3664,35.0649,14,0.362916,7
CTD_CP_H,20240808T043159,290.02,11.3346,35.0643,14,0.362926,7
CTD_CP_H,20240808T043159,291.99,11.3221,35.0633,13,0.362938,6
CTD_CP_H,20240808T043159,294.01,11.3000,35.0625,14,0.362949,7
CTD_CP_H,20240808T043159,296.04,11.2773,35.0623,13,0.363001,7
CTD_CP_H,20240808T043159,298.01,11.2597,35.0622,13,0.363030,6
CTD_CP_H,20240808T043159,300.01,11.2388,35.0612,13,0.363063,7
CTD_CP_H,20240808T043159,302.04,11.2274,35.0595,13,0.363085,6
CTD_CP_H,20240808T043159,304.04,11.2030,35.0585,13,0.363089,7
CTD_CP_H,20240808T043159,306.00,11.1718,35.0574,12,0.363085,6
CTD_CP_H,20240808T043159,307.97,11.1398,35.0563,13,0.363049,6
CTD_CP_H,20240808T043159,310.01,11.0874,35.0553,13,0.363031,7
CTD_CP_H,20240808T043159,311.98,11.0462,35.0538,12,0.363031,6
CTD_CP_H,20240808T043200,313.95,11.0278,35.0553,13,0.363048,6
CTD_CP_H,20240808T043200,316.01,11.0069,35.0553,13,0.363064,7
CTD_CP_H,20240808T043200,318.04,11.0017,35.0547,13,0.363111,6
CTD_CP_H,20240808T043200,319.99,10.9977,35.0533,12,0.363153,6
CTD_CP_H,20240808T043200,321.93,10.9790,35.0514,13,0.363206,7
CTD_CP_H,20240808T043200,324.00,10.9546,35.0502,14,0.363255,7
CTD_CP_H,20240808T043200,326.07,10.9332,35.0503,13,0.363242,6
CTD_CP_H,20240808T043200,328.06,10.9141,35.0496,13,0.363246,7
CTD_CP_H,20240808T043200,330.05,10.8916,35.0495,13,0.363285,6
CTD_CP_H,20240808T043200,332.01,10.8622,35.0460,13,0.363404,7
CTD_CP_H,20240808T043200,333.99,10.8323,35.0439,13,0.363422,6
CTD_CP_H,20240808T043200,335.96,10.7795,35.0416,13,0.363466,7
CTD_CP_H,20240808T043200,338.00,10.7460,35.0391,14,0.363472,7
CTD_CP_H,20240808T043200,340.03,10.7084,35.0382,13,0.363470,6
CTD_CP_H,20240808T043201,341.99,10.6945,35.0373,13,0.363465,7
CTD_CP_H,20240808T043201,344.02,10.6768,35.0383,14,0.363447,7
CTD_CP_H,20240808T043201,346.03,10.6656,35.0382,13,0.363416,6
CTD_CP_H,20240808T043201,348.03,10.6581,35.0397,14,0.363387,7
CTD_CP_H,20240808T043201,350.08,10.6472,35.0414,14,0.363343,7
CTD_CP_H,20240808T043201,352.07,10.6331,35.0426,13,0.363305,7
CTD_CP_H,20240808T043201,354.04,10.6168,35.0438,14,0.363281,7
CTD_CP_H,20240808T043201,356.04,10.6104,35.0447,14,0.363253,7
CTD_CP_H,20240808T043201,358.02,10.5964,35.0460,14,0.363215,7
CTD_CP_H,20240808T043201,360.00,10.5605,35.0454,14,0.363200,7
CTD_CP_H,20240808T043201,361.96,10.5468,35.0441,14,0.363229,7
CTD_CP_H,20240808T043201,363.99,10.5433,35.0435,15,0.363252,7
CTD_CP_H,20240808T043201,366.00,10.5421,35.0426,14,0.363286,7
CTD_CP_H,20240808T043201,368.01,10.5400,35.0425,15,0.363316,8
CTD_CP_H,20240808T043202,370.04,10.5387,35.0414,15,0.363343,7
CTD_CP_H,20240808T043202,372.00,10.5330,35.0395,14,0.363355,7
CTD_CP_H,20240808T043202,374.00,10.4725,35.0347,16,0.363402,8
CTD_CP_H,20240808T043202,376.03,10.4502,35.0320,15,0.363420,8
CTD_CP_H,20240808T043202,378.01,10.4300,35.0305,15,0.363426,7
CTD_CP_H,20240808T043202,379.97,10.4182,35.0294,15,0.363436,8
CTD_CP_H,20240808T043202,381.98,10.4173,35.0297,16,0.363440,8
CTD_CP_H,20240808T043202,383.97,10.4175,35.0301,15,0.363452,7
CTD_CP_H,20240808T043202,385.97,10.4123,35.0334,16,0.363443,8
CTD_CP_H,20240808T043202,388.03,10.4071,35.0394,16,0.363417,8
CTD_CP_H,20240808T043202,390.02,10.3948,35.0424,15,0.363387,8
CTD_CP_H,20240808T043202,392.01,10.3891,35.0434,16,0.363392,8
CTD_CP_H,20240808T043202,394.00,10.3776,35.0428,15,0.363383,7
CTD_CP_H,20240808T043202,395.99,10.3464,35.0389,16,0.363400,8
CTD_CP_H,20240808T043203,398.02,10.3182,35.0346,16,0.363403,8
CTD_CP_H,20240808T043203,400.04,10.2732,35.0301,16,0.363418,8
CTD_CP_H,20240808T043203,402.04,10.2803,35.0338,16,0.363418,8
CTD_CP_H,20240808T043203,404.04,10.2893,35.0371,16,0.363410,8
CTD_CP_H,20240808T043203,405.99,10.2822,35.0380,15,0.363415,8
CTD_CP_H,20240808T043203,407.93,10.2731,35.0377,16,0.363423,8
CTD_CP_H,20240808T043203,409.94,10.2731,35.0374,16,0.363448,8
CTD_CP_H,20240808T043203,412.00,10.2680,35.0368,17,0.363454,8
CTD_CP_H,20240808T043203,414.05,10.2494,35.0350,16,0.363460,8
CTD_CP_H,20240808T043203,416.04,10.2298,35.0333,16,0.363459,8
CTD_CP_H,20240808T043203,418.02,10.2056,35.0321,16,0.363452,8
CTD_CP_H,20240808T043203,419.98,10.1917,35.0312,16,0.363469,8
CTD_CP_H,20240808T043203,421.99,10.1895,35.0320,17,0.363478,9
CTD_CP_H,20240808T043203,423.99,10.1872,35.0338,16,0.363505,8
CTD_CP_H,20240808T043204,425.97,10.1807,35.0330,17,0.363521,8
CTD_CP_H,20240808T043204,428.01,10.1730,35.0314,17,0.363531,9
CTD_CP_H,20240808T043204,430.02,10.1671,35.0315,17,0.363541,8
CTD_CP_H,20240808T043204,432.01,10.1610,35.0331,17,0.363537,9
CTD_CP_H,20240808T043204,434.00,10.1366,35.0345,17,0.363522,8
CTD_CP_H,20240808T043204,435.98,10.1218,35.0372,17,0.363519,9
CTD_CP_H,20240808T043204,438.01,10.1175,35.0379,18,0.363532,9
CTD_CP_H,20240808T043204,439.99,10.0978,35.0361,17,0.363542,8
CTD_CP_H,20240808T043204,441.98,10.0817,35.0338,18,0.363565,9
CTD_CP_H,20240808T043204,443.99,10.0740,35.0316,18,0.363582,9
CTD_CP_H,20240808T043204,446.00,10.0586,35.0285,19,0.363591,10
CTD_CP_H,20240808T043204,448.00,10.0022,35.0210,18,0.363614,9
CTD_CP_H,20240808T043204,449.97,9.9794,35.0188,19,0.363627,9
CTD_CP_H,20240808T043204,451.99,9.9857,35.0215,20,0.363636,10
CTD_CP_H,20240808T043205,453.98,9.9933,35.0236,19,0.363640,10
CTD_CP_H,20240808T043205,455.99,9.9637,35.0208,21,0.363660,10
CTD_CP_H,20240808T043205,457.99,9.9510,35.0191,20,0.363676,10
CTD_CP_H,20240808T043205,459.95,9.9499,35.0206,21,0.363696,11
CTD_CP_H,20240808T043205,461.97,9.9545,35.0258,22,0.363688,11
CTD_CP_H,20240808T043205,464.03,9.9342,35.0258,22,0.363675,11
CTD_CP_H,20240808T043205,466.03,9.8973,35.0226,21,0.363686,10
CTD_CP_H,20240808T043205,468.02,9.8690,35.0196,22,0.363685,11
CTD_CP_H,20240808T043205,470.00,9.8402,35.0225,21,0.363661,11
CTD_CP_H,20240808T043205,471.98,9.8200,35.0222,22,0.363662,11
CTD_CP_H,20240808T043205,474.02,9.8114,35.0212,22,0.363684,11
CTD_CP_H,20240808T043205,476.00,9.8086,35.0222,21,0.363692,10
CTD_CP_H,20240808T043205,478.00,9.8062,35.0248,22,0.363691,11
CTD_CP_H,20240808T043205,480.01,9.8045,35.0273,21,0.363689,11
CTD_CP_H,20240808T043206,482.01,9.7998,35.0289,21,0.363696,10
CTD_CP_H,20240808T043206,484.01,9.7896,35.0300,21,0.363689,11
CTD_CP_H,20240808T043206,486.04,9.7808,35.0342,21,0.363683,10
CTD_CP_H,20240808T043206,488.03,9.7758,35.0338,20,0.363700,10
CTD_CP_H,20240808T043206,490.01,9.7605,35.0334,21,0.363705,11
CTD_CP_H,20240808T043206,492.03,9.7447,35.0333,20,0.363719,10
CTD_CP_H,20240808T043206,494.03,9.7387,35.0325,20,0.363735,10
CTD_CP_H,20240808T043206,496.03,9.7216,35.0314,20,0.363758,10
CTD_CP_H,20240808T043206,498.03,9.7146,35.0312,20,0.363782,10
CTD_CP_H,20240808T043206,500.03,9.7103,35.0308,19,0.363811,9
CTD_CP_H,20240808T043206,501.98,9.7091,35.0308,19,0.363834,10
CTD_CP_H,20240808T043206,504.00,9.7023,35.0300,20,0.363845,10
CTD_CP_H,20240808T043206,505.99,9.6888,35.0292,19,0.363856,9
CTD_CP_H,20240808T043206,507.95,9.6772,35.0282,19,0.363871,10
CTD_CP_H,20240808T043207,509.98,9.6570,35.0273,20,0.363882,10
CTD_CP_H,20240808T043207,512.00,9.6526,35.0266,19,0.363875,9
CTD_CP_H,20240808T043207,514.02,9.6481,35.0320,19,0.363794,10
CTD_CP_H,20240808T043207,516.00,9.6112,35.0329,18,0.363776,9
CTD_CP_H,20240808T043207,517.98,9.5996,35.0336,19,0.363770,9
CTD_CP_H,20240808T043207,519.98,9.5827,35.0345,18,0.363766,9
CTD_CP_H,20240808T043207,521.98,9.5679,35.0349,19,0.363770,10
CTD_CP_H,20240808T043207,523.99,9.5635,35.0351,18,0.363786,9
CTD_CP_H,20240808T043207,525.96,9.5605,35.0353,18,0.363792,9
CTD_CP_H,20240808T043207,527.99,9.5538,35.0357,19,0.363797,9
CTD_CP_H,20240808T043207,530.03,9.5501,35.0358,18,0.363800,9
CTD_CP_H,20240808T043207,532.01,9.5444,35.0357,18,0.363794,9
CTD_CP_H,20240808T043207,533.99,9.5327,35.0357,18,0.363792,9
CTD_CP_H,20240808T043208,535.95,9.5254,35.0337,18,0.363774,9
CTD_CP_H,20240808T043208,537.99,9.4727,35.0271,19,0.363768,10
CTD_CP_H,20240808T043208,540.00,9.4531,35.0229,18,0.363766,9
CTD_CP_H,20240808T043208,541.98,9.4428,35.0210,18,0.363762,9
CTD_CP_H,20240808T043208,543.98,9.4376,35.0197,19,0.363755,9
CTD_CP_H,20240808T043208,545.97,9.4293,35.0176,18,0.363756,9
CTD_CP_H,20240808T043208,547.97,9.4100,35.0154,19,0.363741,10
CTD_CP_H,20240808T043208,550.00,9.4040,35.0155,19,0.363732,9
CTD_CP_H,20240808T043208,552.00,9.3969,35.0163,19,0.363730,10
CTD_CP_H,20240808T043208,553.98,9.4000,35.0178,19,0.363724,9
CTD_CP_H,20240808T043208,555.98,9.4049,35.0198,20,0.363715,10
CTD_CP_H,20240808T043208,558.00,9.4119,35.0226,19,0.363692,10
CTD_CP_H,20240808T043208,560.00,9.4209,35.0257,20,0.363682,10
CTD_CP_H,20240808T043208,562.03,9.4256,35.0271,20,0.363682,10
CTD_CP_H,20240808T043209,564.05,9.4344,35.0296,20,0.363677,10
CTD_CP_H,20240808T043209,566.02,9.4443,35.0324,19,0.363681,9
CTD_CP_H,20240808T043209,568.01,9.4481,35.0331,21,0.363676,11
CTD_CP_H,20240808T043209,570.03,9.4528,35.0347,20,0.363657,10
CTD_CP_H,20240808T043209,571.99,9.4561,35.0349,20,0.363644,10
CTD_CP_H,20240808T043209,573.99,9.4566,35.0359,21,0.363621,10
CTD_CP_H,20240808T043209,575.98,9.4330,35.0366,20,0.363590,10
CTD_CP_H,20240808T043209,577.98,9.4111,35.0358,21,0.363514,11
CTD_CP_H,20240808T043209,579.97,9.3911,35.0353,20,0.363445,10
CTD_CP_H,20240808T043209,582.00,9.3666,35.0350,21,0.363390,10
CTD_CP_H,20240808T043209,584.00,9.3446,35.0349,19,0.363353,10
CTD_CP_H,20240808T043209,585.97,9.3352,35.0343,21,0.363318,10
CTD_CP_H,20240808T043209,587.99,9.3224,35.0329,20,0.363294,10
CTD_CP_H,20240808T043209,589.98,9.3033,35.0305,20,0.363268,10
CTD_CP_H,20240808T043210,591.98,9.2708,35.0270,20,0.363249,10
CTD_CP_H,20240808T043210,593.98,9.2591,35.0251,20,0.363236,10
CTD_CP_H,20240808T043210,595.97,9.2459,35.0230,20,0.363217,10
CTD_CP_H,20240808T043210,598.00,9.2111,35.0203,20,0.363178,10
CTD_CP_H,20240808T043210,599.99,9.1624,35.0178,19,0.363133,10
CTD_CP_H,20240808T043210,601.97,9.1603,35.0175,20,0.363100,10
CTD_CP_H,20240808T043210,603.98,9.1547,35.0171,20,0.363055,10
CTD_CP_H,20240808T043210,606.02,9.1444,35.0169,20,0.363025,10
CTD_CP_H,20240808T043210,608.01,9.1432,35.0177,19,0.362990,9
CTD_CP_H,20240808T043210,610.01,9.1450,35.0196,20,0.362937,10
CTD_CP_H,20240808T043210,612.04,9.1464,35.0220,20,0.362878,10
CTD_CP_H,20240808T043210,614.06,9.1471,35.0263,19,0.362789,10
CTD_CP_H,20240808T043210,616.03,9.1365,35.0281,19,0.362724,9
CTD_CP_H,20240808T043210,618.01,9.1205,35.0274,19,0.362715,10
CTD_CP_H,20240808T043211,620.00,9.1147,35.0278,19,0.362684,9
CTD_CP_H,20240808T043211,621.99,9.0972,35.0278,19,0.362636,10
CTD_CP_H,20240808T043211,623.97,9.0861,35.0283,19,0.362607,9
CTD_CP_H,20240808T043211,626.00,9.0843,35.0296,20,0.362571,10
CTD_CP_H,20240808T043211,628.04,9.0856,35.0326,19,0.362548,10
CTD_CP_H,20240808T043211,630.02,9.0713,35.0320,19,0.362541,9
CTD_CP_H,20240808T043211,632.01,9.0486,35.0313,19,0.362529,10
CTD_CP_H,20240808T043211,634.01,9.0267,35.0320,19,0.362506,9
CTD_CP_H,20240808T043211,635.99,9.0248,35.0324,19,0.362487,10
CTD_CP_H,20240808T043211,637.98,9.0038,35.0326,19,0.362447,9
CTD_CP_H,20240808T043211,639.98,8.9705,35.0316,19,0.362429,10
CTD_CP_H,20240808T043211,641.98,8.9467,35.0308,19,0.362434,9
CTD_CP_H,20240808T043211,643.99,8.9332,35.0304,19,0.362457,10
CTD_CP_H,20240808T043211,645.99,8.9222,35.0293,19,0.362484,9
CTD_CP_H,20240808T043212,647.99,8.9064,35.0280,19,0.362492,10
CTD_CP_H,20240808T043212,650.03,8.8795,35.0272,20,0.362487,10
CTD_CP_H,20240808T043212,652.02,8.8643,35.0268,18,0.362499,9
CTD_CP_H,20240808T043212,653.99,8.8599,35.0265,20,0.362521,10
CTD_CP_H,20240808T043212,655.99,8.8540,35.0265,19,0.362544,9
CTD_CP_H,20240808T043212,657.99,8.8448,35.0264,20,0.362565,10
CTD_CP_H,20240808T043212,659.99,8.8346,35.0258,19,0.362592,10
CTD_CP_H,20240808T043212,661.98,8.8206,35.0252,20,0.362616,10
CTD_CP_H,20240808T043212,664.02,8.8108,35.0247,20,0.362629,10
CTD_CP_H,20240808T043212,666.00,8.8036,35.0245,19,0.362644,9
CTD_CP_H,20240808T043212,667.97,8.7959,35.0243,20,0.362642,10
CTD_CP_H,20240808T043212,670.02,8.7899,35.0241,21,0.362650,11
CTD_CP_H,20240808T043212,672.02,8.7837,35.0236,19,0.362680,9
CTD_CP_H,20240808T043213,673.98,8.7754,35.0229,21,0.362706,11
CTD_CP_H,20240808T043213,676.03,8.7634,35.0223,21,0.362720,10
CTD_CP_H,20240808T043213,678.01,8.7422,35.0216,20,0.362726,10
CTD_CP_H,20240808T043213,680.01,8.7086,35.0214,21,0.362761,11
CTD_CP_H,20240808T043213,682.00,8.6829,35.0212,20,0.362782,10
CTD_CP_H,20240808T043213,683.98,8.6702,35.0211,21,0.362805,10
CTD_CP_H,20240808T043213,685.99,8.6606,35.0207,21,0.362834,11
CTD_CP_H,20240808T043213,688.02,8.6522,35.0200,22,0.362856,11
CTD_CP_H,20240808T043213,690.01,8.6275,35.0192,20,0.362862,10
CTD_CP_H,20240808T043213,691.98,8.6192,35.0199,22,0.362878,11
CTD_CP_H,20240808T043213,694.00,8.6082,35.0208,21,0.362877,10
CTD_CP_H,20240808T043213,696.00,8.5934,35.0210,22,0.362877,11
CTD_CP_H,20240808T043213,698.00,8.5728,35.0211,22,0.362868,11
CTD_CP_H,20240808T043213,700.00,8.5539,35.0199,22,0.362861,11
CTD_CP_H,20240808T043214,701.99,8.5282,35.0188,22,0.362850,11
CTD_CP_H,20240808T043214,704.00,8.4689,35.0186,23,0.362820,12
CTD_CP_H,20240808T043214,706.00,8.4322,35.0186,22,0.362827,11
CTD_CP_H,20240808T043214,707.99,8.4120,35.0180,23,0.362842,11
CTD_CP_H,20240808T043214,709.98,8.3956,35.0177,22,0.362854,11
CTD_CP_H,20240808T043214,711.96,8.3864,35.0176,23,0.362864,12
CTD_CP_H,20240808T043214,714.01,8.3760,35.0176,24,0.362874,12
CTD_CP_H,20240808T043214,716.01,8.3625,35.0167,23,0.362873,11
CTD_CP_H,20240808T043214,717.99,8.3373,35.0152,23,0.362848,12
CTD_CP_H,20240808T043214,719.99,8.2679,35.0142,23,0.362791,11
CTD_CP_H,20240808T043214,721.99,8.2098,35.0122,23,0.362777,12
CTD_CP_H,20240808T043214,723.97,8.1890,35.0112,23,0.362776,11
CTD_CP_H,20240808T043214,726.00,8.1475,35.0098,24,0.362757,12
CTD_CP_H,20240808T043214,728.01,8.0981,35.0082,23,0.362747,12
CTD_CP_H,20240808T043215,730.02,8.0552,35.0047,24,0.362729,12
CTD_CP_H,20240808T043215,732.01,8.0102,35.0009,22,0.362715,11
CTD_CP_H,20240808T043215,733.98,7.9796,34.9973,24,0.362723,12
CTD_CP_H,20240808T043215,736.02,7.9720,34.9961,23,0.362729,11
CTD_CP_H,20240808T043215,738.01,7.9538,34.9939,23,0.362732,12
CTD_CP_H,20240808T043215,740.00,7.9356,34.9915,23,0.362738,11
CTD_CP_H,20240808T043215,742.00,7.9279,34.9901,23,0.362748,12
CTD_CP_H,20240808T043215,744.01,7.9255,34.9901,23,0.362760,11
CTD_CP_H,20240808T043215,746.01,7.9268,34.9900,23,0.362768,12
CTD_CP_H,20240808T043215,748.00,7.9279,34.9900,23,0.362779,11
CTD_CP_H,20240808T043215,749.99,7.9280,34.9901,23,0.362788,12
CTD_CP_H,20240808T043215,751.99,7.9266,34.9899,23,0.362809,11
CTD_CP_H,20240808T043215,753.99,7.9217,34.9890,23,0.362823,12
CTD_CP_H,20240808T043215,755.99,7.9208,34.9888,23,0.362841,11
CTD_CP_H,20240808T043216,758.00,7.9197,34.9888,23,0.362852,12
CTD_CP_H,20240808T043216,760.01,7.9177,34.9883,23,0.362865,11
CTD_CP_H,20240808T043216,762.01,7.9168,34.9885,23,0.362876,12
CTD_CP_H,20240808T043216,764.01,7.9169,34.9888,23,0.362890,11
CTD_CP_H,20240808T043216,766.00,7.9171,34.9889,23,0.362904,12
CTD_CP_H,20240808T043216,768.01,7.9169,34.9890,23,0.362923,11
CTD_CP_H,20240808T043216,770.03,7.9166,34.9891,23,0.362939,12
CTD_CP_H,20240808T043216,772.04,7.9164,34.9888,23,0.362960,11
CTD_CP_H,20240808T043216,774.00,7.9158,34.9890,22,0.362978,11
CTD_CP_H,20240808T043216,775.98,7.9157,34.9888,24,0.362998,12
CTD_CP_H,20240808T043216,778.00,7.9148,34.9889,23,0.363019,12
CTD_CP_H,20240808T043216,779.98,7.9137,34.9888,23,0.363042,11
CTD_CP_H,20240808T043216,781.99,7.9131,34.9887,24,0.363063,12
CTD_CP_H,20240808T043217,784.02,7.9124,34.9886,23,0.363086,12
CTD_CP_H,20240808T043217,786.01,7.9116,34.9887,23,0.363102,11
CTD_CP_H,20240808T043217,788.00,7.9100,34.9886,23,0.363124,12
CTD_CP_H,20240808T043217,789.98,7.9085,34.9886,23,0.363150,11
CTD_CP_H,20240808T043217,791.97,7.9072,34.9889,23,0.363170,12
CTD_CP_H,20240808T043217,794.00,7.9075,34.9895,24,0.363191,12
CTD_CP_H,20240808T043217,796.01,7.9098,34.9908,23,0.363222,11
CTD_CP_H,20240808T043217,798.02,7.9169,34.9924,24,0.363250,12
CTD_CP_H,20240808T043217,800.05,7.9179,34.9934,23,0.363267,12
CTD_CP_H,20240808T043217,802.02,7.9059,34.9923,23,0.363281,11
CTD_CP_H,20240808T043217,804.00,7.8877,34.9901,23,0.363296,12
CTD_CP_H,20240808T043217,805.98,7.8746,34.9885,23,0.363315,11
CTD_CP_H,20240808T043217,807.99,7.8686,34.9880,24,0.363335,12
CTD_CP_H,20240808T043217,810.01,7.8666,34.9883,23,0.363362,12
CTD_CP_H,20240808T043218,811.98,7.8635,34.9885,23,0.363388,11
CTD_CP_H,20240808T043218,813.99,7.8616,34.9887,24,0.363418,12
CTD_CP_H,20240808T043218,816.01,7.8596,34.9884,23,0.363446,12
CTD_CP_H,20240808T043218,817.99,7.8575,34.9886,23,0.363476,11
CTD_CP_H,20240808T043218,820.00,7.8553,34.9888,24,0.363503,12
CTD_CP_H,20240808T043218,822.02,7.8532,34.9887,23,0.363531,12
CTD_CP_H,20240808T043218,823.98,7.8520,34.9886,23,0.363555,11
CTD_CP_H,20240808T043218,825.96,7.8470,34.9883,24,0.363569,12
CTD_CP_H,20240808T043218,827.98,7.8356,34.9866,24,0.363564,12
CTD_CP_H,20240808T043218,829.98,7.8064,34.9874,23,0.363513,12
CTD_CP_H,20240808T043218,831.97,7.7256,34.9869,23,0.363486,11
CTD_CP_H,20240808T043218,834.01,7.7102,34.9856,24,0.363513,12
CTD_CP_H,20240808T043218,836.03,7.7081,34.9859,23,0.363532,12
CTD_CP_H,20240808T043218,838.01,7.7005,34.9870,23,0.363551,11
CTD_CP_H,20240808T043219,840.01,7.7011,34.9872,23,0.363577,12
CTD_CP_H,20240808T043219,842.04,7.7023,34.9873,24,0.363608,12
CTD_CP_H,20240808T043219,844.05,7.7041,34.9877,23,0.363636,11
CTD_CP_H,20240808T043219,846.02,7.7022,34.9871,23,0.363654,12
CTD_CP_H,20240808T043219,848.01,7.6936,34.9871,23,0.363669,11
CTD_CP_H,20240808T043219,850.00,7.6716,34.9863,23,0.363666,12
CTD_CP_H,20240808T043219,852.01,7.6530,34.9844,23,0.363693,11
CTD_CP_H,20240808T043219,854.00,7.6387,34.9828,23,0.363719,12
CTD_CP_H,20240808T043219,855.98,7.6350,34.9820,23,0.363751,11
CTD_CP_H,20240808T043219,858.00,7.6340,34.9817,24,0.363782,12
CTD_CP_H,20240808T043219,860.02,7.6309,34.9814,23,0.363816,12
CTD_CP_H,20240808T043219,862.02,7.6243,34.9812,24,0.363841,12
CTD_CP_H,20240808T043219,864.02,7.6219,34.9809,23,0.363867,11
CTD_CP_H,20240808T043220,866.02,7.6173,34.9808,25,0.363891,13
CTD_CP_H,20240808T043220,868.04,7.6084,34.9806,23,0.363915,11
CTD_CP_H,20240808T043220,870.02,7.5933,34.9829,24,0.363939,12
CTD_CP_H,20240808T043220,872.03,7.5974,34.9847,24,0.363974,12
CTD_CP_H,20240808T043220,874.02,7.6001,34.9861,24,0.364011,12
CTD_CP_H,20240808T043220,876.00,7.5957,34.9871,24,0.364037,12
CTD_CP_H,20240808T043220,878.00,7.5902,34.9880,24,0.364067,12
CTD_CP_H,20240808T043220,879.98,7.5797,34.9888,24,0.364094,12
CTD_CP_H,20240808T043220,882.00,7.5698,34.9879,25,0.364123,13
CTD_CP_H,20240808T043220,884.00,7.5567,34.9872,23,0.364138,11
CTD_CP_H,20240808T043220,885.99,7.5395,34.9868,25,0.364169,13
CTD_CP_H,20240808T043220,888.01,7.5264,34.9859,24,0.364198,12
CTD_CP_H,20240808T043220,889.99,7.5110,34.9851,24,0.364221,12
CTD_CP_H,20240808T043220,892.00,7.4986,34.9841,25,0.364250,12
CTD_CP_H,20240808T043221,894.00,7.4905,34.9832,24,0.364282,12
CTD_CP_H,20240808T043221,896.00,7.4797,34.9819,25,0.364292,13
CTD_CP_H,20240808T043221,898.02,7.4511,34.9804,24,0.364302,12
CTD_CP_H,20240808T043221,900.00,7.4267,34.9794,24,0.364324,12
CTD_CP_H,20240808T043221,902.01,7.4076,34.9786,25,0.364340,12
CTD_CP_H,20240808T043221,904.00,7.3959,34.9778,24,0.364380,12
CTD_CP_H,20240808T043221,905.99,7.3883,34.9776,25,0.364405,13
CTD_CP_H,20240808T043221,908.01,7.3804,34.9770,25,0.364427,12
CTD_CP_H,20240808T043221,910.00,7.3681,34.9763,24,0.364448,12
CTD_CP_H,20240808T043221,911.98,7.3469,34.9753,25,0.364468,13
CTD_CP_H,20240808T043221,914.00,7.3334,34.9747,25,0.364495,12
CTD_CP_H,20240808T043221,916.02,7.3212,34.9740,25,0.364523,13
CTD_CP_H,20240808T043221,918.03,7.2999,34.9738,25,0.364553,12
CTD_CP_H,20240808T043221,920.01,7.2972,34.9737,24,0.364590,12
CTD_CP_H,20240808T043222,921.99,7.2932,34.9735,25,0.364625,13
CTD_CP_H,20240808T043222,923.99,7.2910,34.9730,24,0.364671,12
CTD_CP_H,20240808T043222,925.98,7.2808,34.9725,25,0.364699,12
CTD_CP_H,20240808T043222,928.00,7.2615,34.9716,25,0.364725,13
CTD_CP_H,20240808T043222,929.99,7.2487,34.9709,25,0.364766,12
CTD_CP_H,20240808T043222,931.98,7.2427,34.9704,24,0.364802,12
CTD_CP_H,20240808T043222,933.99,7.2344,34.9699,25,0.364845,13
CTD_CP_H,20240808T043222,936.02,7.2202,34.9690,24,0.364877,12
CTD_CP_H,20240808T043222,937.99,7.2080,34.9677,24,0.364913,12
CTD_CP_H,20240808T043222,939.99,7.1953,34.9669,25,0.364939,12
CTD_CP_H,20240808T043222,941.98,7.1822,34.9655,24,0.364967,12
CTD_CP_H,20240808T043222,943.99,7.1626,34.9641,25,0.364987,13
CTD_CP_H,20240808T043222,946.04,7.1297,34.9622,24,0.364998,12
CTD_CP_H,20240808T043222,948.04,7.1044,34.9606,24,0.365021,12
CTD_CP_H,20240808T043223,950.04,7.0938,34.9600,24,0.365043,12
CTD_CP_H,20240808T043223,952.02,7.0774,34.9591,24,0.365059,12
CTD_CP_H,20240808T043223,953.99,7.0521,34.9582,24,0.365068,12
CTD_CP_H,20240808T043223,955.96,7.0366,34.9569,25,0.365079,12
CTD_CP_H,20240808T043223,957.96,7.0105,34.9538,24,0.365037,12
CTD_CP_H,20240808T043223,959.99,6.8824,34.9493,24,0.364973,12
CTD_CP_H,20240808T043223,962.00,6.8272,34.9477,23,0.364972,12
CTD_CP_H,20240808T043223,964.01,6.8034,34.9462,24,0.364976,12
CTD_CP_H,20240808T043223,966.02,6.7809,34.9447,23,0.364984,11
CTD_CP_H,20240808T043223,968.00,6.7662,34.9434,23,0.364996,12
CTD_CP_H,20240808T043223,969.97,6.7543,34.9420,23,0.365007,11
CTD_CP_H,20240808T043223,971.95,6.7382,34.9401,23,0.365027,12
CTD_CP_H,20240808T043223,973.98,6.7329,34.9394,24,0.365048,12
CTD_CP_H,20240808T043224,976.01,6.7282,34.9386,23,0.365073,11
CTD_CP_H,20240808T043224,978.00,6.7268,34.9382,23,0.365093,12
CTD_CP_H,20240808T043224,979.98,6.7244,34.9375,22,0.365107,11
CTD_CP_H,20240808T043224,981.99,6.7128,34.9363,24,0.365109,12
CTD_CP_H,20240808T043224,984.01,6.6858,34.9351,22,0.365111,11
CTD_CP_H,20240808T043224,986.00,6.6683,34.9341,23,0.365119,11
CTD_CP_H,20240808T043224,988.00,6.6581,34.9336,22,0.365136,11
CTD_CP_H,20240808T043224,990.00,6.6508,34.9331,23,0.365156,12
CTD_CP_H,20240808T043224,992.00,6.6500,34.9329,22,0.365173,11
CTD_CP_H,20240808T043224,994.01,6.6419,34.9323,23,0.365177,11
CTD_CP_H,20240808T043224,996.02,6.6298,34.9318,22,0.365187,11
CTD_CP_H,20240808T043224,997.97,6.6143,34.9320,21,0.365196,11
CTD_CP_H,20240808T043224,999.97,6.6062,34.9316,23,0.365210,11
CTD_CP_H,20240808T043224,1002.03,6.5998,34.9314,22,0.365227,11
CTD_CP_H,20240808T043225,1004.03,6.5839,34.9312,22,0.365237,11
CTD_CP_H,20240808T043225,1006.01,6.5820,34.9309,21,0.365257,11
CTD_CP_H,20240808T043225,1008.00,6.5814,34.9308,22,0.365281,11
CTD_CP_H,20240808T043225,1009.98,6.5804,34.9307,21,0.365305,10
CTD_CP_H,20240808T043225,1012.00,6.5786,34.9309,22,0.365325,11
CTD_CP_H,20240808T043225,1014.02,6.5776,34.9312,21,0.365348,11
CTD_CP_H,20240808T043225,1016.00,6.5750,34.9312,21,0.365367,10
CTD_CP_H,20240808T043225,1017.99,6.5704,34.9307,21,0.365379,11
CTD_CP_H,20240808T043225,1019.98,6.5666,34.9305,21,0.365400,10
CTD_CP_H,20240808T043225,1021.96,6.5598,34.9302,21,0.365423,11
CTD_CP_H,20240808T043225,1023.97,6.5411,34.9296,21,0.365432,10
CTD_CP_H,20240808T043225,1025.99,6.5303,34.9293,21,0.365445,11
CTD_CP_H,20240808T043225,1027.96,6.5315,34.9295,20,0.365466,10
CTD_CP_H,20240808T043225,1029.96,6.5252,34.9299,21,0.365463,10
CTD_CP_H,20240808T043226,1032.01,6.4970,34.9291,21,0.365468,11
CTD_CP_H,20240808T043226,1033.99,6.4873,34.9287,19,0.365480,9
CTD_CP_H,20240808T043226,1035.98,6.4851,34.9288,21,0.365495,11
CTD_CP_H,20240808T043226,1038.01,6.4820,34.9283,20,0.365519,10
CTD_CP_H,20240808T043226,1040.02,6.4782,34.9275,20,0.365496,10
CTD_CP_H,20240808T043226,1042.00,6.4282,34.9273,19,0.365481,9
CTD_CP_H,20240808T043226,1043.98,6.4036,34.9263,20,0.365482,10
CTD_CP_H,20240808T043226,1046.02,6.3893,34.9255,20,0.365486,10
CTD_CP_H,20240808T043226,1048.05,6.3743,34.9250,19,0.365493,10
CTD_CP_H,20240808T043226,1050.04,6.3614,34.9243,19,0.365502,9
CTD_CP_H,20240808T043226,1052.04,6.3572,34.9239,19,0.365525,10
CTD_CP_H,20240808T043226,1054.04,6.3546,34.9236,19,0.365523,9
CTD_CP_H,20240808T043226,1056.03,6.3502,34.9232,19,0.365547,10
CTD_CP_H,20240808T043227,1058.03,6.3433,34.9229,19,0.365561,9
CTD_CP_H,20240808T043227,1060.05,6.3348,34.9227,19,0.365569,10
CTD_CP_H,20240808T043227,1062.01,6.3323,34.9225,18,0.365590,9
CTD_CP_H,20240808T043227,1063.99,6.3315,34.9222,19,0.365599,9
CTD_CP_H,20240808T043227,1066.02,6.3279,34.9216,19,0.365606,10
CTD_CP_H,20240808T043227,1068.01,6.3135,34.9209,18,0.365611,9
CTD_CP_H,20240808T043227,1070.00,6.3068,34.9203,19,0.365618,9
CTD_CP_H,20240808T043227,1072.02,6.2926,34.9197,18,0.365619,9
CTD_CP_H,20240808T043227,1073.99,6.2839,34.9196,18,0.365642,9
CTD_CP_H,20240808T043227,1076.01,6.2838,34.9197,19,0.365656,10
CTD_CP_H,20240808T043227,1078.05,6.2839,34.9196,18,0.365673,9
CTD_CP_H,20240808T043227,1080.04,6.2840,34.9195,18,0.365690,9
CTD_CP_H,20240808T043227,1082.03,6.2833,34.9195,18,0.365707,9
CTD_CP_H,20240808T043227,1084.02,6.2831,34.9194,18,0.365726,9
CTD_CP_H,20240808T043227,1086.01,6.2828,34.9194,18,0.365748,9
CTD_CP_H,20240808T043228,1088.02,6.2827,34.9194,18,0.365762,9
CTD_CP_H,20240808T043228,1090.01,6.2826,34.9193,18,0.365778,9
CTD_CP_H,20240808T043228,1092.03,6.2822,34.9194,18,0.365797,9
CTD_CP_H,20240808T043228,1093.99,6.2782,34.9192,17,0.365810,8
CTD_CP_H,20240808T043228,1095.96,6.2758,34.9191,18,0.365827,9
CTD_CP_H,20240808T043228,1098.00,6.2739,34.9188,18,0.365846,9
CTD_CP_H,20240808T043228,1100.03,6.2686,34.9187,18,0.365860,9
CTD_CP_H,20240808T043228,1102.05,6.2637,34.9185,18,0.365886,9
CTD_CP_H,20240808T043228,1104.02,6.2614,34.9182,17,0.365910,9
CTD_CP_H,20240808T043228,1106.03,6.2593,34.9184,18,0.365932,9
CTD_CP_H,20240808T043228,1108.02,6.2580,34.9182,17,0.365954,8
CTD_CP_H,20240808T043228,1110.02,6.2563,34.9182,18,0.365976,9
CTD_CP_H,20240808T043228,1112.01,6.2549,34.9179,17,0.365998,9
CTD_CP_H,20240808T043229,1114.01,6.2534,34.9178,18,0.366027,9
CTD_CP_H,20240808T043229,1116.01,6.2526,34.9176,17,0.366044,8
CTD_CP_H,20240808T043229,1118.03,6.2504,34.9172,18,0.366068,9
CTD_CP_H,20240808T043229,1120.05,6.2480,34.9172,17,0.366093,9
CTD_CP_H,20240808T043229,1122.02,6.2458,34.9171,17,0.366111,8
CTD_CP_H,20240808T043229,1124.03,6.2427,34.9167,18,0.366134,9
CTD_CP_H,20240808T043229,1126.04,6.2373,34.9161,17,0.366156,9
CTD_CP_H,20240808T043229,1128.00,6.2271,34.9161,17,0.366175,8
CTD_CP_H,20240808T043229,1130.02,6.2216,34.9162,18,0.366198,9
CTD_CP_H,20240808T043229,1132.04,6.2157,34.9166,17,0.366227,9
CTD_CP_H,20240808T043229,1134.00,6.2159,34.9164,17,0.366242,8
CTD_CP_H,20240808T043229,1136.00,6.2161,34.9165,18,0.366270,9
CTD_CP_H,20240808T043229,1138.03,6.2164,34.9165,17,0.366288,9
CTD_CP_H,20240808T043229,1140.00,6.2135,34.9172,17,0.366301,8
CTD_CP_H,20240808T043230,1142.02,6.1985,34.9172,18,0.366310,9
CTD_CP_H,20240808T043230,1143.99,6.1820,34.9170,16,0.366323,8
CTD_CP_H,20240808T043230,1145.96,6.1760,34.9166,18,0.366332,9
CTD_CP_H,20240808T043230,1147.99,6.1605,34.9157,17,0.366338,9
CTD_CP_H,20240808T043230,1149.96,6.1323,34.9151,17,0.366334,8
CTD_CP_H,20240808T043230,1151.95,6.1010,34.9146,17,0.366341,9
CTD_CP_H,20240808T043230,1153.98,6.0926,34.9140,18,0.366352,9
CTD_CP_H,20240808T043230,1155.99,6.0813,34.9133,17,0.366360,8
CTD_CP_H,20240808T043230,1157.98,6.0646,34.9118,17,0.366363,9
CTD_CP_H,20240808T043230,1160.01,6.0388,34.9103,18,0.366356,9
CTD_CP_H,20240808T043230,1162.00,6.0099,34.9088,16,0.366350,8
CTD_CP_H,20240808T043230,1163.99,5.9760,34.9072,18,0.366340,9
CTD_CP_H,20240808T043230,1166.03,5.9443,34.9059,17,0.366336,8
CTD_CP_H,20240808T043230,1168.03,5.9117,34.9046,17,0.366343,9
CTD_CP_H,20240808T043231,1170.02,5.8927,34.9033,17,0.366355,8
CTD_CP_H,20240808T043231,1172.02,5.8892,34.9029,17,0.366361,9
CTD_CP_H,20240808T043231,1174.02,5.8802,34.9024,17,0.366378,8
CTD_CP_H,20240808T043231,1176.01,5.8690,34.9019,17,0.366390,9
CTD_CP_H,20240808T043231,1177.99,5.8657,34.9013,17,0.366402,8
CTD_CP_H,20240808T043231,1179.97,5.8617,34.9014,17,0.366418,9
CTD_CP_H,20240808T043231,1181.96,5.8560,34.9009,17,0.366430,8
CTD_CP_H,20240808T043231,1183.99,5.8510,34.9002,18,0.366445,9
CTD_CP_H,20240808T043231,1186.03,5.8403,34.9001,17,0.366454,9
CTD_CP_H,20240808T043231,1188.01,5.8286,34.8996,17,0.366467,8
CTD_CP_H,20240808T043231,1189.96,5.8254,34.8992,17,0.366479,9
CTD_CP_H,20240808T043231,1191.99,5.8205,34.8986,18,0.366491,9
CTD_CP_H,20240808T043231,1193.99,5.8080,34.8976,17,0.366500,8
CTD_CP_H,20240808T043231,1195.95,5.7999,34.8972,17,0.366513,9
CTD_CP_H,20240808T043232,1197.97,5.7943,34.8968,18,0.366535,9
CTD_CP_H,20240808T043232,1200.03,5.7913,34.8965,18,0.366552,9
CTD_CP_H,20240808T043232,1202.04,5.7879,34.8962,17,0.366568,8
CTD_CP_H,20240808T043232,1203.98,5.7822,34.8959,17,0.366579,9
CTD_CP_H,20240808T043232,1205.97,5.7752,34.8953,18,0.366598,9
CTD_CP_H,20240808T043232,1208.03,5.7707,34.8949,18,0.366614,9
CTD_CP_H,20240808T043232,1210.01,5.7686,34.8948,17,0.366632,8
CTD_CP_H,20240808T043232,1211.99,5.7676,34.8946,18,0.366644,9
CTD_CP_H,20240808T043232,1214.02,5.7622,34.8941,18,0.366659,9
CTD_CP_H,20240808T043232,1216.00,5.7476,34.8934,17,0.366663,9
CTD_CP_H,20240808T043232,1218.01,5.7320,34.8930,19,0.366669,9
CTD_CP_H,20240808T043232,1220.02,5.7174,34.8935,17,0.366670,9
CTD_CP_H,20240808T043232,1221.97,5.7056,34.8932,18,0.366679,9
CTD_CP_H,20240808T043232,1223.99,5.6961,34.8925,18,0.366701,9
CTD_CP_H,20240808T043233,1225.98,5.6943,34.8921,18,0.366710,9
CTD_CP_H,20240808T043233,1228.01,5.6868,34.8918,19,0.366724,9
CTD_CP_H,20240808T043233,1230.03,5.6730,34.8907,18,0.366723,9
CTD_CP_H,20240808T043233,1232.00,5.6511,34.8906,18,0.366733,9
CTD_CP_H,20240808T043233,1234.02,5.6395,34.8903,19,0.366730,10
CTD_CP_H,20240808T043233,1236.02,5.6245,34.8897,18,0.366743,9
CTD_CP_H,20240808T043233,1237.98,5.6114,34.8890,18,0.366751,9
CTD_CP_H,20240808T043233,1239.98,5.6046,34.8894,19,0.366772,9
CTD_CP_H,20240808T043233,1242.02,5.6036,34.8892,19,0.366776,10
CTD_CP_H,20240808T043233,1244.04,5.5952,34.8886,19,0.366786,9
CTD_CP_H,20240808T043233,1246.04,5.5689,34.8880,19,0.366780,10
CTD_CP_H,20240808T043233,1248.02,5.5479,34.8869,19,0.366796,9
CTD_CP_H,20240808T043233,1249.98,5.5461,34.8867,19,0.366805,10
CTD_CP_H,20240808T043233,1251.98,5.5416,34.8867,20,0.366814,10
CTD_CP_H,20240808T043234,1254.00,5.5353,34.8863,20,0.366816,10
CTD_CP_H,20240808T043234,1256.01,5.5220,34.8876,20,0.366821,10
CTD_CP_H,20240808T043234,1258.01,5.5099,34.8875,20,0.366827,10
CTD_CP_H,20240808T043234,1260.02,5.5037,34.8869,20,0.366836,10
CTD_CP_H,20240808T043234,1262.01,5.4853,34.8859,20,0.366827,10
CTD_CP_H,20240808T043234,1264.01,5.4579,34.8850,20,0.366824,10
CTD_CP_H,20240808T043234,1266.01,5.4358,34.8843,20,0.366836,10
CTD_CP_H,20240808T043234,1268.02,5.4255,34.8842,20,0.366850,10
CTD_CP_H,20240808T043234,1269.98,5.4247,34.8839,20,0.366858,10
CTD_CP_H,20240808T043234,1271.98,5.4241,34.8837,21,0.366878,10
CTD_CP_H,20240808T043234,1273.97,5.4212,34.8834,20,0.366881,10
CTD_CP_H,20240808T043234,1275.98,5.4150,34.8834,21,0.366904,11
CTD_CP_H,20240808T043234,1277.98,5.4120,34.8832,20,0.366921,10
CTD_CP_H,20240808T043234,1279.98,5.4107,34.8834,21,0.366940,10
CTD_CP_H,20240808T043235,1282.02,5.4103,34.8833,21,0.366962,11
CTD_CP_H,20240808T043235,1284.03,5.4093,34.8832,21,0.366969,10
CTD_CP_H,20240808T043235,1286.05,5.4064,34.8832,23,0.366987,12
CTD_CP_H,20240808T043235,1288.02,5.4050,34.8829,25,0.367005,12
CTD_CP_H,20240808T043235,1290.01,5.4041,34.8828,27,0.367028,14
CTD_CP_H,20240808T043235,1292.01,5.4037,34.8827,27,0.367061,13
CTD_CP_H,20240808T043235,1294.06,5.4026,34.8826,32,0.367092,16
CTD_CP_H,20240808T043235,1296.02,5.4014,34.8826,37,0.367128,19
CTD_CP_H,20240808T043235,1298.03,5.3980,34.8823,38,0.367170,19
CTD_CP_H,20240808T043235,1300.05,5.3921,34.8821,38,0.367218,19
CTD_CP_H,20240808T043235,1302.03,5.3892,34.8819,37,0.367256,18
CTD_CP_H,20240808T043235,1303.99,5.3871,34.8818,36,0.367295,18
CTD_CP_H,20240808T043235,1305.99,5.3831,34.8816,38,0.367343,19
CTD_CP_H,20240808T043235,1307.99,5.3762,34.8812,35,0.367395,18
CTD_CP_H,20240808T043236,1309.99,5.3702,34.8807,37,0.367447,18
CTD_CP_H,20240808T043236,1312.01,5.3592,34.8804,34,0.367490,17
CTD_CP_H,20240808T043236,1314.00,5.3539,34.8802,35,0.367565,18
CTD_CP_H,20240808T043236,1316.01,5.3530,34.8801,34,0.367631,17
CTD_CP_H,20240808T043236,1317.97,5.3459,34.8795,33,0.367718,16
CTD_CP_H,20240808T043236,1319.96,5.3339,34.8789,34,0.367794,17
CTD_CP_H,20240808T043236,1321.99,5.3090,34.8780,33,0.367869,17
CTD_CP_H,20240808T043236,1324.00,5.2921,34.8775,32,0.367950,16
CTD_CP_H,20240808T043236,1326.01,5.2826,34.8767,32,0.368022,16
CTD_CP_H,20240808T043236,1327.99,5.2541,34.8758,30,0.368060,15
CTD_CP_H,20240808T043236,1329.97,5.2160,34.8759,30,0.368119,15
CTD_CP_H,20240808T043236,1332.00,5.2111,34.8753,30,0.368183,15
CTD_CP_H,20240808T043236,1334.00,5.2084,34.8749,29,0.368211,14
CTD_CP_H,20240808T043237,1336.00,5.2013,34.8749,29,0.368240,15
CTD_CP_H,20240808T043237,1338.00,5.1956,34.8746,28,0.368267,14
CTD_CP_H,20240808T043237,1339.98,5.1684,34.8747,27,0.368290,13
CTD_CP_H,20240808T043237,1341.99,5.1610,34.8749,28,0.368320,14
CTD_CP_H,20240808T043237,1344.03,5.1608,34.8749,27,0.368358,14
CTD_CP_H,20240808T043237,1346.03,5.1599,34.8751,26,0.368395,13
CTD_CP_H,20240808T043237,1347.99,5.1578,34.8751,26,0.368424,13
CTD_CP_H,20240808T043237,1350.00,5.1537,34.8751,26,0.368460,13
CTD_CP_H,20240808T043237,1352.03,5.1506,34.8747,26,0.368487,13
CTD_CP_H,20240808T043237,1354.03,5.1364,34.8743,25,0.368508,12
CTD_CP_H,20240808T043237,1356.02,5.1258,34.8741,25,0.368532,13
CTD_CP_H,20240808T043237,1358.01,5.1081,34.8734,24,0.368551,12
CTD_CP_H,20240808T043237,1360.00,5.0881,34.8730,25,0.368579,12
CTD_CP_H,20240808T043237,1361.98,5.0816,34.8727,23,0.368605,12
CTD_CP_H,20240808T043238,1363.95,5.0761,34.8720,24,0.368621,12
CTD_CP_H,20240808T043238,1365.98,5.0569,34.8713,24,0.368634,12
CTD_CP_H,20240808T043238,1368.01,5.0386,34.8708,23,0.368655,11
CTD_CP_H,20240808T043238,1370.02,5.0255,34.8704,23,0.368674,12
CTD_CP_H,20240808T043238,1372.03,5.0114,34.8698,23,0.368695,11
CTD_CP_H,20240808T043238,1374.01,5.0008,34.8693,22,0.368719,11
CTD_CP_H,20240808T043238,1375.97,4.9945,34.8692,22,0.368743,11
CTD_CP_H,20240808T043238,1377.97,4.9882,34.8691,22,0.368779,11
CTD_CP_H,20240808T043238,1379.97,4.9855,34.8688,22,0.368813,11
CTD_CP_H,20240808T043238,1382.01,4.9830,34.8686,23,0.368837,12
CTD_CP_H,20240808T043238,1384.03,4.9752,34.8680,21,0.368872,10
CTD_CP_H,20240808T043238,1386.00,4.9634,34.8678,22,0.368894,11
CTD_CP_H,20240808T043238,1387.98,4.9600,34.8674,21,0.368923,11
CTD_CP_H,20240808T043238,1389.99,4.9588,34.8673,22,0.368948,11
CTD_CP_H,20240808T043239,1392.02,4.9569,34.8671,21,0.368971,10
CTD_CP_H,20240808T043239,1394.01,4.9538,34.8668,21,0.368998,11
CTD_CP_H,20240808T043239,1396.01,4.9507,34.8664,21,0.369013,10
CTD_CP_H,20240808T043239,1397.99,4.9454,34.8657,21,0.369035,11
CTD_CP_H,20240808T043239,1400.02,4.9359,34.8646,21,0.369047,10
CTD_CP_H,20240808T043239,1402.00,4.9076,34.8633,20,0.369029,10
CTD_CP_H,20240808T043239,1403.99,4.8558,34.8617,21,0.369020,11
CTD_CP_H,20240808T043239,1405.98,4.8303,34.8610,20,0.369027,10
CTD_CP_H,20240808T043239,1408.00,4.8220,34.8607,21,0.369046,10
CTD_CP_H,20240808T043239,1410.03,4.8150,34.8604,20,0.369060,10
CTD_CP_H,20240808T043239,1411.99,4.8073,34.8599,20,0.369068,10
CTD_CP_H,20240808T043239,1414.00,4.8014,34.8594,21,0.369088,11
CTD_CP_H,20240808T043239,1416.01,4.7902,34.8590,20,0.369095,10
CTD_CP_H,20240808T043239,1417.98,4.7718,34.8587,20,0.369108,10
CTD_CP_H,20240808T043240,1419.96,4.7631,34.8583,20,0.369120,10
CTD_CP_H,20240808T043240,1421.99,4.7576,34.8580,21,0.369138,10
CTD_CP_H,20240808T043240,1423.98,4.7519,34.8576,19,0.369149,10
CTD_CP_H,20240808T043240,1425.97,4.7459,34.8574,21,0.369161,10
CTD_CP_H,20240808T043240,1428.03,4.7423,34.8573,20,0.369182,10
CTD_CP_H,20240808T043240,1430.02,4.7374,34.8567,20,0.369187,10
CTD_CP_H,20240808T043240,1432.02,4.7273,34.8563,20,0.369205,10
CTD_CP_H,20240808T043240,1434.05,4.7213,34.8557,21,0.369210,11
CTD_CP_H,20240808T043240,1436.02,4.7159,34.8551,19,0.369222,9
CTD_CP_H,20240808T043240,1438.00,4.6982,34.8541,21,0.369199,11
CTD_CP_H,20240808T043240,1440.05,4.6541,34.8533,20,0.369199,10
CTD_CP_H,20240808T043240,1442.01,4.6394,34.8523,19,0.369206,9
CTD_CP_H,20240808T043240,1444.02,4.6232,34.8518,21,0.369210,11
CTD_CP_H,20240808T043241,1446.08,4.6051,34.8509,20,0.369224,10
CTD_CP_H,20240808T043241,1448.05,4.6022,34.8508,19,0.369241,9
CTD_CP_H,20240808T043241,1450.01,4.6004,34.8507,20,0.369255,10
CTD_CP_H,20240808T043241,1452.02,4.5997,34.8505,20,0.369267,10
CTD_CP_H,20240808T043241,1453.99,4.5996,34.8505,20,0.369278,10
CTD_CP_H,20240808T043241,1455.97,4.5997,34.8506,20,0.369299,10
CTD_CP_H,20240808T043241,1457.95,4.5998,34.8505,20,0.369319,10
CTD_CP_H,20240808T043241,1459.98,4.6000,34.8504,21,0.369328,11
CTD_CP_H,20240808T043241,1462.02,4.6001,34.8505,20,0.369352,10
CTD_CP_H,20240808T043241,1464.02,4.5996,34.8503,20,0.369369,10
CTD_CP_H,20240808T043241,1466.02,4.5982,34.8501,20,0.369380,10
CTD_CP_H,20240808T043241,1468.00,4.5940,34.8499,20,0.369394,10
CTD_CP_H,20240808T043241,1470.01,4.5842,34.8494,20,0.369401,10
CTD_CP_H,20240808T043241,1472.00,4.5687,34.8491,20,0.369404,10
CTD_CP_H,20240808T043242,1474.00,4.5574,34.8487,20,0.369424,10
CTD_CP_H,20240808T043242,1475.99,4.5508,34.8483,20,0.369433,10
CTD_CP_H,20240808T043242,1477.98,4.5453,34.8478,20,0.369441,10
CTD_CP_H,20240808T043242,1479.97,4.5294,34.8477,20,0.369462,10
CTD_CP_H,20240808T043242,1481.96,4.5239,34.8477,20,0.369468,10
CTD_CP_H,20240808T043242,1484.01,4.5227,34.8475,21,0.369496,10
CTD_CP_H,20240808T043242,1486.06,4.5204,34.8474,20,0.369509,10
CTD_CP_H,20240808T043242,1487.99,4.5169,34.8469,19,0.369516,10
CTD_CP_H,20240808T043242,1489.94,4.5053,34.8467,20,0.369530,10
CTD_CP_H,20240808T043242,1491.98,4.4958,34.8464,21,0.369548,10
CTD_CP_H,20240808T043242,1494.01,4.4917,34.8463,20,0.369551,10
CTD_CP_H,20240808T043242,1496.03,4.4868,34.8462,21,0.369574,11
CTD_CP_H,20240808T043242,1498.05,4.4840,34.8460,20,0.369584,10
CTD_CP_H,20240808T043242,1500.02,4.4799,34.8461,20,0.369598,10
CTD_CP_H,20240808T043243,1501.99,4.4769,34.8460,20,0.369620,10
CTD_CP_H,20240808T043243,1503.99,4.4749,34.8458,21,0.369630,10
CTD_CP_H,20240808T043243,1506.00,4.4727,34.8455,20,0.369651,10
CTD_CP_H,20240808T043243,1507.99,4.4703,34.8451,21,0.369661,11
CTD_CP_H,20240808T043243,1509.98,4.4636,34.8447,20,0.369675,10
CTD_CP_H,20240808T043243,1511.97,4.4520,34.8446,21,0.369681,10
CTD_CP_H,20240808T043243,1514.01,4.4432,34.8441,21,0.369693,11
CTD_CP_H,20240808T043243,1516.01,4.4335,34.8438,20,0.369707,10
CTD_CP_H,20240808T043243,1518.01,4.4242,34.8433,21,0.369724,10
CTD_CP_H,20240808T043243,1520.02,4.4159,34.8431,20,0.369737,10
CTD_CP_H,20240808T043243,1521.98,4.4101,34.8428,20,0.369752,10
CTD_CP_H,20240808T043243,1523.98,4.4056,34.8426,21,0.369775,11
CTD_CP_H,20240808T043243,1525.96,4.4004,34.8423,20,0.369801,10
CTD_CP_H,20240808T043244,1527.97,4.3954,34.8420,21,0.369817,10
CTD_CP_H,20240808T043244,1530.03,4.3847,34.8418,21,0.369837,11
CTD_CP_H,20240808T043244,1532.03,4.3811,34.8412,20,0.369857,10
CTD_CP_H,20240808T043244,1534.02,4.3763,34.8411,21,0.369872,10
CTD_CP_H,20240808T043244,1536.01,4.3678,34.8407,20,0.369888,10
CTD_CP_H,20240808T043244,1537.98,4.3603,34.8403,21,0.369911,11
CTD_CP_H,20240808T043244,1539.98,4.3550,34.8402,20,0.369935,10
CTD_CP_H,20240808T043244,1541.98,4.3423,34.8394,21,0.369952,10
CTD_CP_H,20240808T043244,1543.99,4.3184,34.8387,20,0.369979,10
CTD_CP_H,20240808T043244,1545.94,4.3129,34.8388,20,0.370012,10
CTD_CP_H,20240808T043244,1547.96,4.3111,34.8386,21,0.370041,11
CTD_CP_H,20240808T043244,1550.02,4.3091,34.8387,21,0.370072,10
CTD_CP_H,20240808T043244,1552.01,4.3073,34.8385,20,0.370112,10
CTD_CP_H,20240808T043244,1554.02,4.3034,34.8383,21,0.370148,11
CTD_CP_H,20240808T043245,1556.03,4.2995,34.8383,20,0.370179,10
CTD_CP_H,20240808T043245,1557.97,4.2968,34.8380,20,0.370201,10
CTD_CP_H,20240808T043245,1559.96,4.2936,34.8378,21,0.370215,10
CTD_CP_H,20240808T043245,1562.02,4.2894,34.8374,21,0.370233,11
CTD_CP_H,20240808T043245,1564.03,4.2821,34.8372,20,0.370246,10
CTD_CP_H,20240808T043245,1566.01,4.2777,34.8372,20,0.370269,10
CTD_CP_H,20240808T043245,1568.00,4.2766,34.8371,20,0.370290,10
CTD_CP_H,20240808T043245,1569.98,4.2766,34.8370,20,0.370303,10
CTD_CP_H,20240808T043245,1571.97,4.2761,34.8369,20,0.370326,10
CTD_CP_H,20240808T043245,1574.02,4.2737,34.8367,21,0.370341,10
CTD_CP_H,20240808T043245,1576.01,4.2706,34.8367,19,0.370360,10
CTD_CP_H,20240808T043245,1577.94,4.2694,34.8365,20,0.370383,10
CTD_CP_H,20240808T043245,1579.98,4.2656,34.8363,21,0.370400,10
CTD_CP_H,20240808T043245,1582.01,4.2558,34.8361,20,0.370423,10
CTD_CP_H,20240808T043246,1584.01,4.2490,34.8359,20,0.370448,10
CTD_CP_H,20240808T043246,1586.04,4.2462,34.8359,20,0.370485,10
CTD_CP_H,20240808T043246,1588.00,4.2449,34.8359,19,0.370511,10
CTD_CP_H,20240808T043246,1589.99,4.2433,34.8358,21,0.370539,10
CTD_CP_H,20240808T043246,1592.02,4.2407,34.8360,20,0.370579,10
CTD_CP_H,20240808T043246,1594.02,4.2400,34.8357,20,0.370612,10
CTD_CP_H,20240808T043246,1596.03,4.2392,34.8357,20,0.370644,10
CTD_CP_H,20240808T043246,1598.04,4.2360,34.8355,20,0.370668,10
CTD_CP_H,20240808T043246,1599.99,4.2313,34.8356,19,0.370695,10
CTD_CP_H,20240808T043246,1601.95,4.2277,34.8354,20,0.370737,10
CTD_CP_H,20240808T043246,1603.97,4.2232,34.8350,20,0.370770,10
CTD_CP_H,20240808T043246,1606.01,4.2158,34.8350,20,0.370804,10
CTD_CP_H,20240808T043246,1608.00,4.2122,34.8348,19,0.370840,9
CTD_CP_H,20240808T043246,1609.98,4.2115,34.8348,20,0.370873,10
CTD_CP_H,20240808T043247,1612.00,4.2102,34.8344,20,0.370910,10
CTD_CP_H,20240808T043247,1614.03,4.2051,34.8344,20,0.370939,10
CTD_CP_H,20240808T043247,1616.01,4.2008,34.8342,19,0.370958,10
CTD_CP_H,20240808T043247,1618.01,4.1983,34.8341,20,0.370975,10
CTD_CP_H,20240808T043247,1620.00,4.1957,34.8340,19,0.370998,9
CTD_CP_H,20240808T043247,1621.99,4.1914,34.8335,20,0.371016,10
CTD_CP_H,20240808T043247,1624.02,4.1889,34.8332,20,0.371038,10
CTD_CP_H,20240808T043247,1626.00,4.1806,34.8334,19,0.371053,10
CTD_CP_H,20240808T043247,1627.97,4.1755,34.8332,20,0.371072,10
CTD_CP_H,20240808T043247,1630.00,4.1720,34.8329,20,0.371097,10
CTD_CP_H,20240808T043247,1632.03,4.1641,34.8326,20,0.371112,10
CTD_CP_H,20240808T043247,1634.01,4.1629,34.8328,19,0.371137,9
CTD_CP_H,20240808T043247,1636.00,4.1621,34.8328,20,0.371161,10
CTD_CP_H,20240808T043248,1637.99,4.1616,34.8327,19,0.371192,10
CTD_CP_H,20240808T043248,1639.97,4.1605,34.8328,20,0.371217,10
CTD_CP_H,20240808T043248,1642.01,4.1593,34.8328,20,0.371238,10
CTD_CP_H,20240808T043248,1644.00,4.1567,34.8328,19,0.371269,9
CTD_CP_H,20240808T043248,1645.99,4.1553,34.8327,20,0.371291,10
CTD_CP_H,20240808T043248,1648.02,4.1518,34.8326,20,0.371313,10
CTD_CP_H,20240808T043248,1650.05,4.1464,34.8322,20,0.371335,10
CTD_CP_H,20240808T043248,1652.02,4.1439,34.8320,19,0.371366,10
CTD_CP_H,20240808T043248,1654.00,4.1390,34.8316,20,0.371400,10
CTD_CP_H,20240808T043248,1656.02,4.1323,34.8312,20,0.371414,10
CTD_CP_H,20240808T043248,1658.03,4.1246,34.8306,20,0.371435,10
CTD_CP_H,20240808T043248,1660.03,4.1086,34.8301,20,0.371458,10
CTD_CP_H,20240808T043248,1662.03,4.0964,34.8297,20,0.371470,10
CTD_CP_H,20240808T043248,1664.06,4.0817,34.8289,20,0.371487,10
CTD_CP_H,20240808T043249,1666.06,4.0641,34.8287,20,0.371510,10
CTD_CP_H,20240808T043249,1668.02,4.0556,34.8286,19,0.371526,9
CTD_CP_H,20240808T043249,1669.96,4.0490,34.8279,20,0.371549,10
CTD_CP_H,20240808T043249,1672.03,4.0398,34.8279,21,0.371564,11
CTD_CP_H,20240808T043249,1674.05,4.0298,34.8275,19,0.371577,9
CTD_CP_H,20240808T043249,1675.96,4.0225,34.8276,19,0.371590,10
CTD_CP_H,20240808T043249,1677.99,4.0123,34.8275,21,0.371611,10
CTD_CP_H,20240808T043249,1680.06,4.0057,34.8269,20,0.371635,10
CTD_CP_H,20240808T043249,1682.01,3.9885,34.8267,19,0.371656,10
CTD_CP_H,20240808T043249,1684.01,3.9824,34.8263,22,0.371682,11
CTD_CP_H,20240808T043249,1686.04,3.9773,34.8260,23,0.371705,11
CTD_CP_H,20240808T043249,1687.99,3.9721,34.8257,25,0.371734,13
CTD_CP_H,20240808T043249,1690.01,3.9655,34.8253,26,0.371764,13
CTD_CP_H,20240808T043249,1692.02,3.9586,34.8246,25,0.371797,12
CTD_CP_H,20240808T043250,1694.02,3.9356,34.8240,26,0.371811,13
CTD_CP_H,20240808T043250,1696.00,3.9134,34.8231,25,0.371839,13
CTD_CP_H,20240808T043250,1697.97,3.9035,34.8227,25,0.371870,12
CTD_CP_H,20240808T043250,1699.97,3.8975,34.8224,26,0.371906,13
CTD_CP_H,20240808T043250,1702.01,3.8966,34.8223,26,0.371947,13
CTD_CP_H,20240808T043250,1704.01,3.8954,34.8221,25,0.371982,13
CTD_CP_H,20240808T043250,1705.98,3.8884,34.8216,26,0.372008,13
CTD_CP_H,20240808T043250,1708.00,3.8785,34.8210,26,0.372040,13
CTD_CP_H,20240808T043250,1709.99,3.8654,34.8200,25,0.372063,12
CTD_CP_H,20240808T043250,1711.98,3.8369,34.8192,26,0.372070,13
CTD_CP_H,20240808T043250,1714.03,3.8104,34.8187,26,0.372109,13
CTD_CP_H,20240808T043250,1716.05,3.7986,34.8184,25,0.372163,13
CTD_CP_H,20240808T043250,1718.02,3.7925,34.8181,25,0.372205,12
CTD_CP_H,20240808T043250,1719.99,3.7922,34.8180,25,0.372243,13
CTD_CP_H,20240808T043251,1721.97,3.7861,34.8179,25,0.372270,12
CTD_CP_H,20240808T043251,1724.00,3.7792,34.8177,26,0.372297,13
CTD_CP_H,20240808T043251,1726.01,3.7739,34.8170,25,0.372320,13
CTD_CP_H,20240808T043251,1728.00,3.7530,34.8167,25,0.372343,12
CTD_CP_H,20240808T043251,1729.99,3.7498,34.8165,25,0.372371,13
CTD_CP_H,20240808T043251,1732.00,3.7451,34.8163,25,0.372398,12
CTD_CP_H,20240808T043251,1733.97,3.7373,34.8160,24,0.372434,12
CTD_CP_H,20240808T043251,1736.01,3.7306,34.8158,27,0.372467,14
CTD_CP_H,20240808T043251,1738.00,3.7258,34.8153,24,0.372500,12
CTD_CP_H,20240808T043251,1740.00,3.7205,34.8147,26,0.372531,13
CTD_CP_H,20240808T043251,1742.02,3.6957,34.8141,25,0.372562,12
CTD_CP_H,20240808T043251,1744.01,3.6867,34.8134,25,0.372598,13
CTD_CP_H,20240808T043251,1745.97,3.6734,34.8122,25,0.372629,12
CTD_CP_H,20240808T043252,1747.96,3.6469,34.8111,25,0.372657,13
CTD_CP_H,20240808T043252,1749.99,3.6216,34.8105,26,0.372686,13
CTD_CP_H,20240808T043252,1752.00,3.6062,34.8098,24,0.372731,12
CTD_CP_H,20240808T043252,1754.00,3.5991,34.8095,26,0.372760,13
CTD_CP_H,20240808T043252,1756.00,3.5866,34.8091,24,0.372780,12
CTD_CP_H,20240808T043252,1757.99,3.5782,34.8088,25,0.372801,12
CTD_CP_H,20240808T043252,1760.04,3.5682,34.8086,25,0.372822,12
CTD_CP_H,20240808T043252,1762.04,3.5606,34.8082,24,0.372847,13
CTD_CP_H,20240808T043252,1763.99,3.5556,34.8079,24,0.372864,12
CTD_CP_H,20240808T043252,1766.00,3.5535,34.8080,25,0.372892,12
CTD_CP_H,20240808T043252,1768.05,3.5517,34.8076,25,0.372917,13
CTD_CP_H,20240808T043252,1770.07,3.5471,34.8071,24,0.372932,12
CTD_CP_H,20240808T043252,1772.03,3.5367,34.8067,24,0.372941,12
CTD_CP_H,20240808T043252,1773.99,3.5189,34.8059,24,0.372956,12
CTD_CP_H,20240808T043253,1775.98,3.5024,34.8055,24,0.372972,12
CTD_CP_H,20240808T043253,1778.00,3.4913,34.8050,24,0.372989,12
CTD_CP_H,20240808T043253,1779.99,3.4846,34.8045,23,0.373003,11
CTD_CP_H,20240808T043253,1781.97,3.4812,34.8044,24,0.373020,12
CTD_CP_H,20240808T043253,1784.00,3.4757,34.8044,24,0.373035,12
CTD_CP_H,20240808T043253,1785.99,3.4703,34.8040,23,0.373050,12
CTD_CP_H,20240808T043253,1788.00,3.4669,34.8038,24,0.373066,12
CTD_CP_H,20240808T043253,1790.02,3.4583,34.8035,23,0.373082,11
CTD_CP_H,20240808T043253,1791.99,3.4531,34.8034,23,0.373110,12
CTD_CP_H,20240808T043253,1794.00,3.4521,34.8033,24,0.373127,12
CTD_CP_H,20240808T043253,1796.03,3.4512,34.8032,23,0.373161,11
CTD_CP_H,20240808T043253,1798.03,3.4505,34.8032,23,0.373193,12
CTD_CP_H,20240808T043253,1800.02,3.4495,34.8030,23,0.373218,11
CTD_CP_H,20240808T043253,1802.01,3.4456,34.8029,23,0.373237,12
CTD_CP_H,20240808T043254,1804.03,3.4372,34.8022,23,0.373259,11
CTD_CP_H,20240808T043254,1806.02,3.4249,34.8021,22,0.373285,11
CTD_CP_H,20240808T043254,1808.01,3.4208,34.8016,23,0.373312,12
CTD_CP_H,20240808T043254,1810.02,3.4144,34.8014,22,0.373343,11
CTD_CP_H,20240808T043254,1811.99,3.4089,34.8009,22,0.373372,11
CTD_CP_H,20240808T043254,1813.97,3.3968,34.8003,22,0.373401,11
CTD_CP_H,20240808T043254,1815.96,3.3856,34.7997,22,0.373421,11
CTD_CP_H,20240808T043254,1817.97,3.3748,34.7996,23,0.373439,11
CTD_CP_H,20240808T043254,1820.00,3.3647,34.7990,22,0.373472,11
CTD_CP_H,20240808T043254,1821.99,3.3508,34.7984,22,0.373490,11
CTD_CP_H,20240808T043254,1823.98,3.3445,34.7982,22,0.373528,11
CTD_CP_H,20240808T043254,1825.98,3.3394,34.7979,22,0.373557,11
CTD_CP_H,20240808T043254,1827.97,3.3338,34.7977,22,0.373577,11
CTD_CP_H,20240808T043254,1829.99,3.3284,34.7977,22,0.373598,11
CTD_CP_H,20240808T043255,1832.00,3.3245,34.7976,21,0.373611,11
CTD_CP_H,20240808T043255,1833.96,3.3224,34.7975,21,0.373623,10
CTD_CP_H,20240808T043255,1835.99,3.3156,34.7976,22,0.373640,11
CTD_CP_H,20240808T043255,1838.02,3.3065,34.7974,21,0.373659,11
CTD_CP_H,20240808T043255,1840.00,3.3032,34.7972,21,0.373686,10
CTD_CP_H,20240808T043255,1842.01,3.3021,34.7971,22,0.373708,11
CTD_CP_H,20240808T043255,1844.03,3.3011,34.7974,22,0.373736,11
CTD_CP_H,20240808T043255,1846.02,3.3008,34.7972,26,0.373756,13
CTD_CP_H,20240808T043255,1848.01,3.3008,34.7972,28,0.373790,14
CTD_CP_H,20240808T043255,1849.98,3.3010,34.7971,27,0.373825,14
CTD_CP_H,20240808T043255,1851.99,3.3010,34.7972,28,0.373858,14
CTD_CP_H,20240808T043255,1853.99,3.3010,34.7971,27,0.373893,13
CTD_CP_H,20240808T043255,1855.98,3.3005,34.7971,28,0.373922,14
CTD_CP_H,20240808T043256,1858.02,3.3003,34.7970,28,0.373965,14
CTD_CP_H,20240808T043256,1860.01,3.2993,34.7970,27,0.374001,14
CTD_CP_H,20240808T043256,1861.98,3.2992,34.7969,27,0.374030,13
CTD_CP_H,20240808T043256,1863.96,3.2987,34.7970,27,0.374057,14
CTD_CP_H,20240808T043256,1865.99,3.2971,34.7966,28,0.374091,14
CTD_CP_H,20240808T043256,1868.03,3.2927,34.7962,27,0.374114,13
CTD_CP_H,20240808T043256,1870.04,3.2778,34.7959,27,0.374139,14
CTD_CP_H,20240808T043256,1872.03,3.2714,34.7954,27,0.374168,13
CTD_CP_H,20240808T043256,1874.01,3.2637,34.7953,26,0.374196,13
CTD_CP_H,20240808T043256,1876.01,3.2598,34.7951,27,0.374236,14
CTD_CP_H,20240808T043256,1878.01,3.2555,34.7951,26,0.374268,13
CTD_CP_H,20240808T043256,1879.98,3.2520,34.7948,26,0.374295,13
CTD_CP_H,20240808T043256,1881.99,3.2495,34.7944,27,0.374327,13
CTD_CP_H,20240808T043256,1884.02,3.2455,34.7940,26,0.374350,13
CTD_CP_H,20240808T043257,1886.05,3.2298,34.7934,26,0.374395,13
CTD_CP_H,20240808T043257,1888.02,3.2133,34.7931,25,0.374427,13
CTD_CP_H,20240808T043257,1890.00,3.2049,34.7927,26,0.374468,13
CTD_CP_H,20240808T043257,1891.99,3.2024,34.7923,25,0.374502,12
CTD_CP_H,20240808T043257,1893.98,3.1915,34.7921,26,0.374536,13
CTD_CP_H,20240808T043257,1895.98,3.1831,34.7918,25,0.374575,13
CTD_CP_H,20240808T043257,1897.98,3.1787,34.7916,26,0.374606,13
CTD_CP_H,20240808T043257,1900.02,3.1716,34.7913,26,0.374644,13
CTD_CP_H,20240808T043257,1902.00,3.1681,34.7910,24,0.374678,12
CTD_CP_H,20240808T043257,1903.98,3.1573,34.7908,26,0.374715,13
CTD_CP_H,20240808T043257,1906.01,3.1555,34.7904,25,0.374752,12
CTD_CP_H,20240808T043257,1908.00,3.1522,34.7901,25,0.374782,13
CTD_CP_H,20240808T043257,1909.99,3.1376,34.7894,25,0.374810,12
CTD_CP_H,20240808T043257,1911.99,3.1191,34.7890,25,0.374849,13
CTD_CP_H,20240808T043258,1914.01,3.1143,34.7889,25,0.374899,12
CTD_CP_H,20240808T043258,1916.00,3.1127,34.7888,24,0.374936,12
CTD_CP_H,20240808T043258,1918.00,3.1109,34.7886,25,0.374976,13
CTD_CP_H,20240808T043258,1920.01,3.1092,34.7885,24,0.375034,12
CTD_CP_H,20240808T043258,1922.02,3.1085,34.7883,25,0.375079,12
CTD_CP_H,20240808T043258,1924.03,3.1049,34.7880,24,0.375117,12
CTD_CP_H,20240808T043258,1926.01,3.0983,34.7879,24,0.375161,12
CTD_CP_H,20240808T043258,1927.99,3.0907,34.7877,24,0.375211,12
CTD_CP_H,20240808T043258,1930.01,3.0848,34.7875,25,0.375252,13
CTD_CP_H,20240808T043258,1932.02,3.0815,34.7873,24,0.375297,12
CTD_CP_H,20240808T043258,1934.01,3.0792,34.7871,24,0.375343,12
CTD_CP_H,20240808T043258,1936.01,3.0746,34.7866,24,0.375377,12
CTD_CP_H,20240808T043258,1938.02,3.0586,34.7859,24,0.375405,12
CTD_CP_H,20240808T043259,1940.04,3.0370,34.7853,24,0.375433,12
CTD_CP_H,20240808T043259,1942.02,3.0275,34.7848,23,0.375476,11
CTD_CP_H,20240808T043259,1944.00,3.0167,34.7846,24,0.375513,12
CTD_CP_H,20240808T043259,1946.04,3.0101,34.7845,24,0.375564,12
CTD_CP_H,20240808T043259,1948.04,3.0073,34.7842,23,0.375620,12
CTD_CP_H,20240808T043259,1950.02,3.0048,34.7841,23,0.375679,11
CTD_CP_H,20240808T043259,1951.99,3.0018,34.7840,23,0.375729,12
CTD_CP_H,20240808T043259,1954.00,2.9976,34.7838,24,0.375779,12
CTD_CP_H,20240808T043259,1956.00,2.9926,34.7836,23,0.375831,11
CTD_CP_H,20240808T043259,1957.97,2.9889,34.7833,23,0.375882,12
CTD_CP_H,20240808T043259,1960.01,2.9865,34.7831,24,0.375941,12
CTD_CP_H,20240808T043259,1961.98,2.9825,34.7822,22,0.375992,11
CTD_CP_H,20240808T043259,1963.97,2.9654,34.7816,24,0.376036,12
CTD_CP_H,20240808T043259,1966.02,2.9373,34.7807,23,0.376099,11
CTD_CP_H,20240808T043300,1967.99,2.9267,34.7806,22,0.376154,11
CTD_CP_H,20240808T043300,1969.96,2.9156,34.7805,23,0.376234,12
CTD_CP_H,20240808T043300,1972.00,2.9091,34.7798,23,0.376311,11
CTD_CP_H,20240808T043300,1974.01,2.9073,34.7798,22,0.376399,11
CTD_CP_H,20240808T043300,1976.01,2.9056,34.7799,23,0.376478,12
CTD_CP_H,20240808T043300,1978.01,2.9038,34.7795,22,0.376568,11
CTD_CP_H,20240808T043300,1980.00,2.9028,34.7796,22,0.376653,11
CTD_CP_H,20240808T043300,1981.99,2.9000,34.7793,22,0.376743,11
CTD_CP_H,20240808T043300,1983.98,2.8940,34.7791,22,0.376827,11
CTD_CP_H,20240808T043300,1985.97,2.8853,34.7788,22,0.376918,11
CTD_CP_H,20240808T043300,1987.98,2.8829,34.7788,22,0.376996,11
CTD_CP_H,20240808T043300,1989.99,2.8808,34.7788,22,0.377050,11
CTD_CP_H,20240808T043300,1992.00,2.8798,34.7785,22,0.371393,10
CTD_CP_H,20240808T043300,1994.01,2.8777,34.7785,22,nan,0
CTD_CP_H,20240808T043301,1995.84,2.8744,34.7784,18,nan,0
GPS,20240808T043352,2.108455,86.207954,10
CTD_P,20240808T043354,-0.15
