Message,20240421T212429,Firmware: 07/21/23 18:56:40 2.17.4 STD IRID Final
Message,20240421T212429,Username: f10474
Message,20240421T212429,Float ID: 013-2723
GPS,20240421T212429,0.155368,82.876389,11
GPS,20240421T212853,0.154975,82.877846,11
CTD_P,20240421T212855,-0.14
FLBB_CFG,20240421T212857,470,700
Message,20240421T212857,Park Descent Mission
CTD_P,20240421T212900,-0.17
CTD_P,20240421T213014,0.08
CTD_P,20240421T213116,0.10
CTD_P,20240421T213218,0.15
CTD_P,20240421T213321,0.16
CTD_P,20240421T213423,0.26
CTD_P,20240421T213525,2.79
CTD_P,20240421T213627,9.88
CTD_P,20240421T213730,17.87
CTD_P,20240421T213832,27.10
CTD_P,20240421T213934,34.30
CTD_P,20240421T214037,41.00
CTD_P,20240421T214139,49.48
CTD_P,20240421T214241,59.19
CTD_P,20240421T214343,69.52
CTD_P,20240421T214446,80.17
CTD_P,20240421T214548,90.78
CTD_P,20240421T214604,93.54
CTD_P,20240421T214605,93.76
CTD_P,20240421T214707,103.06
CTD_P,20240421T224710,550.19
CTD_P,20240421T233428,984.19
CTD_P,20240421T233531,992.42
CTD_P,20240421T233633,999.13
CTD_P,20240421T233735,1004.57
CTD_P,20240421T233838,1008.05
CTD_P,20240421T233940,1008.38
CTD_P,20240421T233948,1008.05
Message,20240421T233951,Park Mission
CTD_P,20240421T233954,1007.72
CTD_PTSH,20240421T234016,1006.30,7.0967,34.9530,-1.015458
CTD_P,20240421T234017,1006.15
CTD_P,20240422T003951,781.58
CTD_PTSH,20240422T004013,780.30,8.3345,34.9910,-1.015739
CTD_P,20240422T004014,780.22
CTD_P,20240422T014016,609.29
CTD_PTSH,20240422T014038,608.10,9.2984,35.0050,-1.014566
CTD_P,20240422T014039,607.97
CTD_P,20240422T024041,330.26
CTD_PTSH,20240422T024103,328.00,11.6270,35.0580,-1.011070
CTD_P,20240422T024104,327.77
CTD_P,20240422T034107,148.52
CTD_PTSH,20240422T034129,148.20,18.4092,35.2740,-1.002321
CTD_P,20240422T034130,148.14
CTD_P,20240422T044132,145.68
CTD_PTSH,20240422T044154,145.60,18.7379,35.2780,-1.001793
CTD_P,20240422T044155,145.56
CTD_P,20240422T054158,141.37
CTD_PTSH,20240422T054220,141.50,18.8217,35.2810,-1.001904
CTD_P,20240422T054221,141.50
CTD_P,20240422T064224,150.22
CTD_PTSH,20240422T064246,149.70,18.7177,35.2780,-1.001766
CTD_P,20240422T064247,149.61
CTD_P,20240422T074250,145.85
CTD_PTSH,20240422T074312,145.80,18.7111,35.2750,-1.001727
CTD_P,20240422T074313,145.78
CTD_P,20240422T084316,144.18
CTD_PTSH,20240422T084338,144.30,18.6905,35.2760,-1.001736
CTD_P,20240422T084339,144.28
CTD_P,20240422T094342,140.53
CTD_PTSH,20240422T094404,140.30,18.4900,35.2710,-1.002043
CTD_P,20240422T094405,140.28
CTD_P,20240422T104408,149.95
CTD_PTSH,20240422T104430,150.60,18.5162,35.2740,-1.002143
CTD_P,20240422T104431,150.69
CTD_P,20240422T114434,145.34
CTD_PTSH,20240422T114456,145.00,18.5264,35.2720,-1.002064
CTD_P,20240422T114457,145.00
CTD_P,20240422T124500,141.48
CTD_PTSH,20240422T124522,141.60,18.3631,35.2700,-1.002337
CTD_P,20240422T124523,141.56
CTD_P,20240422T134526,132.51
CTD_PTSH,20240422T134548,132.90,18.3236,35.2700,-1.002217
CTD_P,20240422T134549,132.91
CTD_P,20240422T144552,139.26
CTD_PTSH,20240422T144614,140.00,18.3162,35.2690,-1.002277
CTD_P,20240422T144615,140.08
CTD_P,20240422T154618,157.52
CTD_PTSH,20240422T154640,157.80,18.2869,35.2690,-1.002436
CTD_P,20240422T154641,157.85
CTD_P,20240422T164644,151.40
CTD_PTSH,20240422T164706,151.60,18.2481,35.2680,-1.002524
CTD_P,20240422T164707,151.67
CTD_P,20240422T174710,149.00
CTD_PTSH,20240422T174732,149.10,18.1781,35.2670,-1.002712
CTD_P,20240422T174733,149.05
CTD_P,20240422T184736,150.51
CTD_PTSH,20240422T184758,150.30,17.8874,35.2620,-1.003545
CTD_P,20240422T184759,150.24
CTD_P,20240422T194802,150.60
CTD_PTSH,20240422T194824,150.60,17.8767,35.2630,-1.003573
CTD_P,20240422T194825,150.59
CTD_P,20240422T204828,154.39
CTD_PTSH,20240422T204850,154.30,17.8919,35.2630,-1.003581
CTD_P,20240422T204851,154.29
CTD_P,20240422T214854,148.50
CTD_PTSH,20240422T214916,148.80,17.7377,35.2580,-1.003929
CTD_P,20240422T214917,148.83
CTD_P,20240422T224919,159.08
CTD_PTSH,20240422T224941,158.80,17.7661,35.2570,-1.003892
CTD_P,20240422T224942,158.79
CTD_P,20240422T234944,152.01
CTD_PTSH,20240422T235006,151.80,17.7200,35.2550,-1.003984
CTD_P,20240422T235007,151.75
CTD_P,20240423T005010,142.91
CTD_PTSH,20240423T005032,142.90,17.5929,35.2480,-1.004435
CTD_P,20240423T005033,142.88
CTD_P,20240423T015035,143.60
CTD_PTSH,20240423T015057,143.50,17.5663,35.2440,-1.004541
CTD_P,20240423T015058,143.48
CTD_P,20240423T025100,158.05
CTD_PTSH,20240423T025122,157.80,17.6218,35.2510,-1.004415
CTD_P,20240423T025123,157.81
CTD_P,20240423T035126,157.04
CTD_PTSH,20240423T035148,157.20,17.2909,35.2340,-1.005490
CTD_P,20240423T035149,157.18
CTD_P,20240423T045151,163.87
CTD_PTSH,20240423T045213,163.40,17.3603,35.2420,-1.005143
CTD_P,20240423T045214,163.35
CTD_P,20240423T055216,165.42
CTD_PTSH,20240423T055238,165.50,17.3451,35.2350,-1.005180
CTD_P,20240423T055239,165.48
CTD_P,20240423T065242,170.31
CTD_PTSH,20240423T065304,170.20,17.0431,35.2210,-1.006275
CTD_P,20240423T065305,170.21
CTD_P,20240423T075307,165.07
CTD_PTSH,20240423T075329,165.30,17.0097,35.2150,-1.006441
CTD_P,20240423T075330,165.39
CTD_P,20240423T085332,171.37
CTD_PTSH,20240423T085354,171.60,17.0004,35.2150,-1.006414
CTD_P,20240423T085355,171.69
CTD_P,20240423T095358,170.89
CTD_PTSH,20240423T095420,170.80,16.8513,35.2080,-1.006957
CTD_P,20240423T095421,170.82
CTD_P,20240423T105423,169.68
CTD_PTSH,20240423T105445,169.70,16.8314,35.2050,-1.006935
CTD_P,20240423T105446,169.73
CTD_P,20240423T115448,168.18
CTD_PTSH,20240423T115510,168.00,16.8066,35.2070,-1.006998
CTD_P,20240423T115511,167.98
CTD_P,20240423T125514,175.70
CTD_PTSH,20240423T125536,176.10,16.6051,35.1890,-1.007533
CTD_P,20240423T125537,176.11
CTD_P,20240423T135539,180.70
CTD_PTSH,20240423T135601,180.60,16.6364,35.1950,-1.007436
CTD_P,20240423T135602,180.59
CTD_P,20240423T145604,178.23
CTD_PTSH,20240423T145626,178.50,16.6298,35.1940,-1.007475
CTD_P,20240423T145627,178.48
CTD_P,20240423T155630,183.43
CTD_PTSH,20240423T155652,183.70,16.4639,35.1780,-1.008010
CTD_P,20240423T155653,183.72
CTD_P,20240423T165655,179.90
CTD_PTSH,20240423T165717,180.10,16.4027,35.1720,-1.008172
CTD_P,20240423T165718,180.12
CTD_P,20240423T175720,182.99
CTD_PTSH,20240423T175742,183.10,16.4356,35.1760,-1.008091
CTD_P,20240423T175743,183.16
CTD_P,20240423T185746,185.63
CTD_PTSH,20240423T185808,185.50,16.2806,35.1670,-1.008502
CTD_P,20240423T185809,185.50
CTD_P,20240423T195811,186.61
CTD_PTSH,20240423T195833,186.90,16.2728,35.1660,-1.008535
CTD_P,20240423T195834,186.90
CTD_P,20240423T205836,180.52
CTD_PTSH,20240423T205858,180.50,16.2615,35.1650,-1.008536
CTD_P,20240423T205859,180.50
CTD_P,20240423T215902,184.95
CTD_PTSH,20240423T215924,185.00,15.9429,35.1490,-1.009153
CTD_P,20240423T215925,185.06
CTD_P,20240423T225927,185.53
CTD_PTSH,20240423T225949,185.40,15.9207,35.1460,-1.009266
CTD_P,20240423T225950,185.46
CTD_P,20240423T235952,187.67
CTD_PTSH,20240424T000014,187.70,15.9623,35.1490,-1.009060
CTD_P,20240424T000015,187.67
CTD_P,20240424T010018,184.87
CTD_PTSH,20240424T010040,185.10,15.8191,35.1440,-1.009357
CTD_P,20240424T010041,185.08
CTD_P,20240424T020043,178.30
CTD_PTSH,20240424T020105,178.40,15.7535,35.1420,-1.009174
CTD_P,20240424T020106,178.47
CTD_P,20240424T030108,188.34
CTD_PTSH,20240424T030130,188.70,15.8139,35.1430,-1.009300
CTD_P,20240424T030131,188.75
CTD_P,20240424T040134,188.91
CTD_PTSH,20240424T040156,188.90,15.6350,35.1370,-1.009349
CTD_P,20240424T040157,188.90
CTD_P,20240424T050159,193.54
CTD_PTSH,20240424T050221,193.50,15.6271,35.1420,-1.009307
CTD_P,20240424T050222,193.46
CTD_P,20240424T060224,198.87
CTD_PTSH,20240424T060246,198.90,15.6610,35.1370,-1.009334
CTD_P,20240424T060247,198.90
CTD_P,20240424T070250,198.46
CTD_PTSH,20240424T070312,198.70,15.5486,35.1320,-1.009596
CTD_P,20240424T070313,198.74
CTD_P,20240424T080315,201.09
CTD_PTSH,20240424T080337,201.30,15.5459,35.1340,-1.009669
CTD_P,20240424T080338,201.28
CTD_P,20240424T090340,193.78
CTD_PTSH,20240424T090402,193.90,15.4925,35.1340,-1.009628
CTD_P,20240424T090403,193.93
CTD_P,20240424T100406,203.38
CTD_PTSH,20240424T100428,203.80,15.3509,35.1340,-1.009893
CTD_P,20240424T100429,203.86
CTD_P,20240424T110431,201.57
CTD_PTSH,20240424T110453,201.50,15.3352,35.1330,-1.009961
CTD_P,20240424T110454,201.45
CTD_P,20240424T120456,200.54
CTD_PTSH,20240424T120518,200.80,15.3036,35.1320,-1.010007
CTD_P,20240424T120519,200.81
CTD_P,20240424T130522,195.36
CTD_PTSH,20240424T130544,195.50,15.1092,35.1310,-1.010006
CTD_P,20240424T130545,195.52
CTD_P,20240424T140547,194.31
CTD_PTSH,20240424T140609,194.30,15.0966,35.1340,-1.010059
CTD_P,20240424T140610,194.34
CTD_P,20240424T150612,197.91
CTD_PTSH,20240424T150634,197.90,15.0335,35.1260,-1.010185
CTD_P,20240424T150635,197.95
CTD_P,20240424T160638,191.76
CTD_PTSH,20240424T160700,192.10,14.8825,35.1210,-1.010375
CTD_P,20240424T160701,192.16
CTD_P,20240424T170703,192.57
CTD_PTSH,20240424T170725,192.90,14.8538,35.1180,-1.010452
CTD_P,20240424T170726,192.94
CTD_P,20240424T180728,193.97
CTD_PTSH,20240424T180750,193.80,14.8910,35.1220,-1.010479
CTD_P,20240424T180751,193.77
CTD_P,20240424T190754,196.82
CTD_PTSH,20240424T190816,196.50,14.6169,35.1200,-1.010412
CTD_P,20240424T190817,196.43
CTD_P,20240424T200819,198.60
CTD_PTSH,20240424T200841,198.30,14.6143,35.1200,-1.010435
CTD_P,20240424T200842,198.30
CTD_P,20240424T210844,200.01
CTD_PTSH,20240424T210906,199.70,14.6150,35.1210,-1.010438
CTD_P,20240424T210907,199.68
CTD_P,20240424T220910,198.33
CTD_PTSH,20240424T220932,198.20,14.4571,35.1180,-1.010506
CTD_P,20240424T220933,198.25
CTD_P,20240424T230935,200.15
CTD_PTSH,20240424T230957,200.20,14.4482,35.1180,-1.010592
CTD_P,20240424T230958,200.25
CTD_P,20240425T001000,200.28
CTD_PTSH,20240425T001022,200.00,14.4491,35.1200,-1.010603
CTD_P,20240425T001023,199.97
CTD_P,20240425T011026,208.58
CTD_PTSH,20240425T011048,208.70,14.4265,35.1220,-1.010532
CTD_P,20240425T011049,208.73
CTD_P,20240425T021051,200.54
CTD_PTSH,20240425T021113,200.40,14.3737,35.1300,-1.010491
CTD_P,20240425T021114,200.31
CTD_P,20240425T031116,198.15
CTD_PTSH,20240425T031138,198.40,14.3375,35.1310,-1.010478
CTD_P,20240425T031139,198.43
CTD_P,20240425T041142,206.19
CTD_PTSH,20240425T041204,206.50,14.2381,35.1270,-1.010501
CTD_P,20240425T041205,206.52
CTD_P,20240425T051207,210.09
CTD_PTSH,20240425T051229,210.20,14.2709,35.1260,-1.010520
CTD_P,20240425T051230,210.17
CTD_P,20240425T061232,215.17
CTD_PTSH,20240425T061254,214.90,14.2945,35.1310,-1.010552
CTD_P,20240425T061255,214.94
CTD_P,20240425T071258,220.98
CTD_PTSH,20240425T071320,221.20,14.0909,35.1240,-1.010661
CTD_P,20240425T071321,221.21
CTD_P,20240425T081323,223.09
CTD_PTSH,20240425T081345,223.30,14.0998,35.1240,-1.010647
CTD_P,20240425T081346,223.33
CTD_P,20240425T091348,217.65
CTD_PTSH,20240425T091410,217.50,14.0827,35.1240,-1.010657
CTD_P,20240425T091411,217.45
CTD_P,20240425T101414,220.11
CTD_PTSH,20240425T101436,220.10,13.8031,35.1200,-1.010928
CTD_P,20240425T101437,220.07
CTD_P,20240425T111439,209.09
CTD_PTSH,20240425T111501,208.60,13.7504,35.1190,-1.011075
CTD_P,20240425T111502,208.60
CTD_P,20240425T121504,208.35
CTD_PTSH,20240425T121526,208.80,13.6891,35.1210,-1.011449
CTD_P,20240425T121527,208.81
CTD_P,20240425T131530,220.03
CTD_PTSH,20240425T131552,220.20,13.5266,35.1100,-1.011631
CTD_P,20240425T131553,220.29
CTD_P,20240425T141555,224.10
CTD_PTSH,20240425T141617,224.30,13.5472,35.1100,-1.011562
CTD_P,20240425T141618,224.27
CTD_P,20240425T151620,230.16
CTD_PTSH,20240425T151642,230.10,13.5958,35.1100,-1.011541
CTD_P,20240425T151643,230.11
CTD_P,20240425T161646,236.35
CTD_PTSH,20240425T161708,235.50,13.4623,35.1070,-1.011630
CTD_P,20240425T161709,235.45
CTD_P,20240425T171711,230.81
CTD_PTSH,20240425T171733,231.20,13.4225,35.1090,-1.011639
CTD_P,20240425T171734,231.26
CTD_P,20240425T181736,225.25
CTD_PTSH,20240425T181758,225.30,13.4236,35.1090,-1.011806
CTD_P,20240425T181759,225.24
CTD_P,20240425T191802,235.93
CTD_PTSH,20240425T191824,235.70,13.3016,35.1080,-1.011921
CTD_P,20240425T191825,235.65
CTD_P,20240425T201827,230.53
CTD_PTSH,20240425T201849,230.50,13.2791,35.1100,-1.012003
CTD_P,20240425T201850,230.53
CTD_P,20240425T211852,230.61
CTD_PTSH,20240425T211914,230.60,13.2620,35.1130,-1.012087
CTD_P,20240425T211915,230.55
CTD_P,20240425T221918,236.35
CTD_PTSH,20240425T221940,236.40,13.0434,35.1040,-1.012240
CTD_P,20240425T221941,236.44
CTD_P,20240425T231943,244.96
CTD_PTSH,20240425T232005,244.80,13.0930,35.1090,-1.012310
CTD_P,20240425T232006,244.88
CTD_P,20240426T002008,238.19
CTD_PTSH,20240426T002030,238.40,13.0156,35.1000,-1.012357
CTD_P,20240426T002031,238.47
CTD_P,20240426T012034,247.81
CTD_PTSH,20240426T012056,247.60,12.8592,35.0960,-1.011822
CTD_P,20240426T012057,247.58
CTD_P,20240426T022059,248.98
CTD_PTSH,20240426T022121,249.10,12.8333,35.0970,-1.011904
CTD_P,20240426T022122,249.13
CTD_P,20240426T032124,250.84
CTD_PTSH,20240426T032146,250.90,12.8200,35.0960,-1.011947
CTD_P,20240426T032147,250.99
CTD_P,20240426T042150,258.56
CTD_PTSH,20240426T042212,258.70,12.7321,35.0930,-1.011807
CTD_P,20240426T042213,258.66
CTD_P,20240426T052215,254.23
CTD_PTSH,20240426T052237,254.50,12.7098,35.0970,-1.011950
CTD_P,20240426T052238,254.47
CTD_P,20240426T062240,261.55
CTD_PTSH,20240426T062302,261.60,12.7302,35.0940,-1.011869
CTD_P,20240426T062303,261.62
CTD_P,20240426T072306,265.73
CTD_PTSH,20240426T072328,265.80,12.6064,35.0970,-1.011729
CTD_P,20240426T072329,265.79
CTD_P,20240426T082331,263.02
CTD_PTSH,20240426T082353,262.80,12.6041,35.0970,-1.011875
CTD_P,20240426T082354,262.79
CTD_P,20240426T092356,267.29
CTD_PTSH,20240426T092418,267.60,12.5930,35.0980,-1.011758
CTD_P,20240426T092419,267.64
CTD_P,20240426T102422,271.23
CTD_PTSH,20240426T102444,271.30,12.4731,35.0920,-1.011673
CTD_P,20240426T102445,271.27
CTD_P,20240426T112448,273.99
CTD_PTSH,20240426T112510,274.10,12.4428,35.0890,-1.011469
CTD_P,20240426T112511,274.10
CTD_P,20240426T122513,266.68
CTD_PTSH,20240426T122535,266.80,12.3691,35.0860,-1.011651
CTD_P,20240426T122536,266.86
CTD_P,20240426T132539,278.61
CTD_PTSH,20240426T132601,278.90,12.2176,35.0770,-1.011658
CTD_P,20240426T132602,278.94
CTD_P,20240426T142604,284.66
CTD_PTSH,20240426T142626,284.60,12.2573,35.0790,-1.011652
CTD_P,20240426T142627,284.59
CTD_P,20240426T152629,286.15
CTD_PTSH,20240426T152651,286.30,12.2569,35.0790,-1.011605
CTD_P,20240426T152652,286.33
CTD_P,20240426T162655,297.13
CTD_PTSH,20240426T162717,297.00,12.1143,35.0740,-1.011883
CTD_P,20240426T162718,296.98
CTD_P,20240426T172720,294.38
CTD_PTSH,20240426T172742,294.50,12.0787,35.0710,-1.011871
CTD_P,20240426T172743,294.56
CTD_P,20240426T182745,300.54
CTD_PTSH,20240426T182807,300.60,12.1049,35.0750,-1.011908
CTD_P,20240426T182808,300.62
CTD_P,20240426T192811,310.41
CTD_PTSH,20240426T192833,310.40,11.9150,35.0630,-1.011637
CTD_P,20240426T192834,310.43
CTD_P,20240426T202836,312.27
CTD_PTSH,20240426T202858,312.40,11.9050,35.0620,-1.011632
CTD_P,20240426T202859,312.43
CTD_P,20240426T212901,303.05
CTD_PTSH,20240426T212923,303.10,11.8288,35.0600,-1.011734
CTD_P,20240426T212924,303.04
CTD_P,20240426T222927,319.07
CTD_PTSH,20240426T222949,319.00,11.7075,35.0550,-1.011702
CTD_P,20240426T222950,319.00
CTD_P,20240426T232952,327.48
CTD_PTSH,20240426T233014,327.50,11.6795,35.0530,-1.011679
CTD_P,20240426T233015,327.43
CTD_P,20240427T003017,326.69
CTD_PTSH,20240427T003039,326.70,11.6622,35.0520,-1.011707
CTD_P,20240427T003040,326.71
CTD_P,20240427T013043,343.34
CTD_PTSH,20240427T013105,343.80,11.4152,35.0500,-1.011776
CTD_P,20240427T013106,343.84
CTD_P,20240427T023108,595.14
CTD_PTSH,20240427T023130,597.30,9.3322,35.0070,-1.015171
CTD_P,20240427T023131,597.52
CTD_P,20240427T033133,963.54
CTD_PTSH,20240427T033155,965.60,7.1963,34.9610,-1.016788
CTD_P,20240427T033156,965.75
CTD_P,20240427T043159,1291.97
CTD_PTSH,20240427T043221,1293.70,5.3318,34.8790,-1.016541
CTD_P,20240427T043222,1293.83
CTD_P,20240427T053224,1569.99
CTD_PTSH,20240427T053246,1571.30,4.0896,34.8240,-1.015429
CTD_P,20240427T053247,1571.49
CTD_P,20240427T063249,1777.99
CTD_PTSH,20240427T063311,1779.00,3.4090,34.8000,-1.014852
CTD_P,20240427T063312,1779.15
CTD_P,20240427T073314,1918.19
CTD_PTSH,20240427T073336,1918.90,3.0577,34.7840,-1.014467
CTD_P,20240427T073337,1919.00
CTD_P,20240427T083340,1989.14
CTD_PTSH,20240427T083402,1989.30,2.8694,34.7750,-1.014318
CTD_P,20240427T083403,1989.39
CTD_P,20240427T093405,2012.84
CTD_P,20240427T103407,1998.38
CTD_PTSH,20240427T103429,1998.40,2.8275,34.7710,-1.014287
CTD_P,20240427T103430,1998.38
CTD_P,20240427T113432,2006.03
CTD_P,20240427T123434,2009.93
CTD_P,20240427T133436,1993.77
CTD_PTSH,20240427T133458,1993.70,2.8852,34.7760,-1.014343
CTD_P,20240427T133459,1993.72
CTD_P,20240427T143501,1998.59
CTD_PTSH,20240427T143523,1998.40,2.8968,34.7760,-1.014445
CTD_P,20240427T143524,1998.36
CTD_P,20240427T153526,1998.42
CTD_PTSH,20240427T153548,1998.20,2.8904,34.7750,-1.014462
CTD_P,20240427T153549,1998.17
CTD_P,20240427T163552,1971.09
CTD_PTSH,20240427T163614,1971.10,2.8728,34.7790,-1.014420
CTD_P,20240427T163615,1971.13
CTD_P,20240427T173617,1982.18
CTD_PTSH,20240427T173639,1982.10,2.9081,34.7760,-1.014448
CTD_P,20240427T173640,1982.04
CTD_P,20240427T183642,1979.69
CTD_PTSH,20240427T183704,1979.50,2.9102,34.7770,-1.014516
CTD_P,20240427T183705,1979.54
CTD_P,20240427T193707,1948.11
CTD_PTSH,20240427T193729,1948.00,2.9616,34.7790,-1.014587
CTD_P,20240427T193730,1947.98
CTD_P,20240427T203733,1951.45
CTD_PTSH,20240427T203755,1951.40,2.9766,34.7790,-1.014539
CTD_P,20240427T203756,1951.35
CTD_P,20240427T213758,1952.64
CTD_PTSH,20240427T213820,1952.60,2.9938,34.7800,-1.014557
CTD_P,20240427T213821,1952.62
CTD_P,20240427T223823,1924.71
CTD_PTSH,20240427T223845,1924.60,3.1025,34.7840,-1.014755
CTD_P,20240427T223846,1924.58
CTD_P,20240427T233848,1921.66
CTD_PTSH,20240427T233910,1921.60,3.0954,34.7840,-1.014719
CTD_P,20240427T233911,1921.65
CTD_P,20240428T003913,1920.24
CTD_PTSH,20240428T003935,1920.20,3.0969,34.7850,-1.014709
CTD_P,20240428T003936,1920.15
CTD_P,20240428T013939,1893.51
CTD_PTSH,20240428T014001,1893.40,3.1404,34.7850,-1.014860
CTD_P,20240428T014002,1893.43
CTD_P,20240428T024005,1900.79
CTD_PTSH,20240428T024027,1900.80,3.1313,34.7860,-1.014829
CTD_P,20240428T024028,1900.75
CTD_P,20240428T034030,1900.10
CTD_PTSH,20240428T034052,1900.10,3.1330,34.7850,-1.014792
CTD_P,20240428T034053,1900.15
CTD_P,20240428T044056,1880.05
CTD_PTSH,20240428T044118,1880.00,3.1476,34.7860,-1.014841
CTD_P,20240428T044119,1880.01
CTD_P,20240428T054121,1875.91
CTD_PTSH,20240428T054143,1875.80,3.1462,34.7870,-1.014854
CTD_P,20240428T054144,1875.78
CTD_P,20240428T064146,1877.47
CTD_PTSH,20240428T064208,1877.40,3.1416,34.7860,-1.014874
CTD_P,20240428T064209,1877.35
CTD_P,20240428T074212,1863.34
CTD_PTSH,20240428T074234,1863.40,3.1491,34.7860,-1.014845
CTD_P,20240428T074235,1863.39
CTD_P,20240428T084237,1864.41
CTD_PTSH,20240428T084259,1864.40,3.1635,34.7870,-1.014915
CTD_P,20240428T084300,1864.43
CTD_P,20240428T094302,1867.60
CTD_PTSH,20240428T094324,1867.60,3.2364,34.7900,-1.015003
CTD_P,20240428T094325,1867.53
CTD_P,20240428T104328,1841.33
CTD_PTSH,20240428T104350,1841.40,3.2912,34.7930,-1.015038
CTD_P,20240428T104351,1841.39
CTD_P,20240428T114353,1841.02
CTD_PTSH,20240428T114415,1841.00,3.3122,34.7950,-1.015150
CTD_P,20240428T114416,1840.98
CTD_P,20240428T124418,1835.40
CTD_PTSH,20240428T124440,1835.10,3.3217,34.7950,-1.015125
CTD_P,20240428T124441,1835.10
CTD_P,20240428T134443,1806.83
CTD_PTSH,20240428T134505,1806.60,3.3746,34.7960,-1.015112
CTD_P,20240428T134506,1806.60
CTD_P,20240428T144508,1806.68
CTD_PTSH,20240428T144530,1806.60,3.3776,34.7960,-1.015103
CTD_P,20240428T144531,1806.61
CTD_P,20240428T154533,1805.36
CTD_PTSH,20240428T154555,1805.30,3.3861,34.7980,-1.015084
CTD_P,20240428T154556,1805.25
CTD_P,20240428T164559,1778.02
CTD_PTSH,20240428T164621,1777.90,3.4385,34.8010,-1.015125
CTD_P,20240428T164622,1777.91
CTD_P,20240428T174624,1777.39
CTD_PTSH,20240428T174646,1777.40,3.3859,34.7970,-1.015016
CTD_P,20240428T174647,1777.40
CTD_P,20240428T184649,1781.40
CTD_PTSH,20240428T184711,1781.40,3.4162,34.7970,-1.015047
CTD_P,20240428T184712,1781.36
CTD_P,20240428T194715,1756.66
CTD_PTSH,20240428T194737,1756.60,3.4945,34.8000,-1.015083
CTD_P,20240428T194738,1756.61
CTD_P,20240428T204740,1759.58
CTD_PTSH,20240428T204802,1759.50,3.5353,34.8020,-1.015144
CTD_P,20240428T204803,1759.49
CTD_P,20240428T214805,1758.68
CTD_PTSH,20240428T214827,1758.60,3.5361,34.8010,-1.015129
CTD_P,20240428T214828,1758.55
CTD_P,20240428T224831,1737.36
CTD_PTSH,20240428T224853,1737.30,3.5934,34.8060,-1.015166
CTD_P,20240428T224854,1737.25
CTD_P,20240428T234857,1731.36
CTD_PTSH,20240428T234919,1731.30,3.6242,34.8080,-1.015269
CTD_P,20240428T234920,1731.30
CTD_P,20240429T004922,1730.04
CTD_PTSH,20240429T004944,1729.90,3.6309,34.8080,-1.015292
CTD_P,20240429T004945,1729.95
CTD_P,20240429T014948,1693.99
CTD_PTSH,20240429T015010,1693.80,3.6939,34.8110,-1.015283
CTD_P,20240429T015011,1693.81
CTD_P,20240429T025013,1696.56
CTD_PTSH,20240429T025035,1696.50,3.6851,34.8100,-1.015314
CTD_P,20240429T025036,1696.48
CTD_P,20240429T035038,1690.75
CTD_PTSH,20240429T035100,1690.70,3.6777,34.8100,-1.015306
CTD_P,20240429T035101,1690.66
CTD_P,20240429T045103,1663.05
CTD_PTSH,20240429T045125,1663.00,3.7631,34.8130,-1.015291
CTD_P,20240429T045126,1662.99
CTD_P,20240429T055128,1661.36
CTD_PTSH,20240429T055150,1661.30,3.7754,34.8120,-1.015370
CTD_P,20240429T055151,1661.29
CTD_P,20240429T065153,1667.05
CTD_PTSH,20240429T065215,1667.20,3.7952,34.8140,-1.015375
CTD_P,20240429T065216,1667.17
CTD_P,20240429T075219,1643.80
CTD_PTSH,20240429T075241,1643.80,3.8843,34.8160,-1.015422
CTD_P,20240429T075242,1643.76
CTD_P,20240429T085244,1640.49
CTD_PTSH,20240429T085306,1640.50,3.8855,34.8150,-1.015442
CTD_P,20240429T085307,1640.46
CTD_P,20240429T095309,1640.73
CTD_PTSH,20240429T095331,1640.60,3.8871,34.8150,-1.015451
CTD_P,20240429T095332,1640.56
CTD_P,20240429T105335,1618.28
CTD_PTSH,20240429T105357,1618.20,4.0390,34.8220,-1.015576
CTD_P,20240429T105358,1618.24
CTD_P,20240429T115400,1620.89
CTD_PTSH,20240429T115422,1620.90,4.0506,34.8220,-1.015666
CTD_P,20240429T115423,1620.89
CTD_P,20240429T125425,1620.70
CTD_PTSH,20240429T125447,1620.70,4.0513,34.8220,-1.015604
CTD_P,20240429T125448,1620.71
CTD_P,20240429T135451,1587.50
CTD_PTSH,20240429T135513,1587.40,4.1231,34.8260,-1.015676
CTD_P,20240429T135514,1587.31
CTD_P,20240429T145517,1583.68
CTD_PTSH,20240429T145539,1583.60,4.0785,34.8210,-1.015496
CTD_P,20240429T145540,1583.62
CTD_P,20240429T155542,1585.29
CTD_PTSH,20240429T155604,1585.30,4.0747,34.8230,-1.015568
CTD_P,20240429T155605,1585.30
CTD_P,20240429T165608,1556.27
CTD_PTSH,20240429T165630,1556.30,4.1865,34.8290,-1.015702
CTD_P,20240429T165631,1556.25
CTD_P,20240429T175634,1561.48
CTD_PTSH,20240429T175656,1561.40,4.1889,34.8270,-1.015727
CTD_P,20240429T175657,1561.44
CTD_P,20240429T185659,1563.09
CTD_PTSH,20240429T185721,1563.10,4.1962,34.8270,-1.015683
CTD_P,20240429T185722,1563.07
CTD_P,20240429T195724,1529.07
CTD_PTSH,20240429T195746,1529.10,4.3581,34.8350,-1.015868
CTD_P,20240429T195747,1529.10
CTD_P,20240429T205749,1521.86
CTD_PTSH,20240429T205811,1521.90,4.3552,34.8360,-1.015853
CTD_P,20240429T205812,1521.92
CTD_P,20240429T215814,1520.28
CTD_PTSH,20240429T215836,1520.20,4.3546,34.8350,-1.015872
CTD_P,20240429T215837,1520.27
CTD_P,20240429T225840,1493.86
CTD_PTSH,20240429T225902,1493.80,4.4203,34.8370,-1.015826
CTD_P,20240429T225903,1493.78
CTD_P,20240429T235905,1490.63
CTD_PTSH,20240429T235927,1490.70,4.4361,34.8350,-1.015877
CTD_P,20240429T235928,1490.65
CTD_P,20240430T005930,1495.37
CTD_PTSH,20240430T005952,1495.30,4.4655,34.8390,-1.015897
CTD_P,20240430T005953,1495.34
CTD_P,20240430T015956,1478.91
CTD_PTSH,20240430T020018,1478.70,4.5933,34.8420,-1.016021
CTD_P,20240430T020019,1478.65
CTD_P,20240430T030022,1477.49
CTD_PTSH,20240430T030044,1477.40,4.6022,34.8410,-1.016073
CTD_P,20240430T030045,1477.39
CTD_P,20240430T040047,1476.24
CTD_PTSH,20240430T040109,1476.30,4.6082,34.8440,-1.016031
CTD_P,20240430T040110,1476.28
CTD_P,20240430T050113,1454.25
CTD_PTSH,20240430T050135,1454.20,4.7600,34.8510,-1.016253
CTD_P,20240430T050136,1454.23
CTD_P,20240430T060138,1451.88
CTD_PTSH,20240430T060200,1452.00,4.7363,34.8480,-1.016254
CTD_P,20240430T060201,1452.02
CTD_P,20240430T070203,1449.51
CTD_PTSH,20240430T070225,1449.40,4.7338,34.8490,-1.016189
CTD_P,20240430T070226,1449.42
CTD_P,20240430T080229,1418.73
CTD_PTSH,20240430T080251,1418.60,4.8330,34.8610,-1.016182
CTD_P,20240430T080252,1418.58
CTD_P,20240430T090254,1418.45
CTD_PTSH,20240430T090316,1418.50,4.8146,34.8520,-1.016127
CTD_P,20240430T090317,1418.50
CTD_P,20240430T100319,1411.10
CTD_PTSH,20240430T100341,1411.00,4.8154,34.8490,-1.016100
CTD_P,20240430T100342,1411.01
CTD_P,20240430T110345,1390.91
CTD_PTSH,20240430T110407,1390.90,4.9783,34.8570,-1.016296
CTD_P,20240430T110408,1390.85
CTD_P,20240430T120410,1383.79
CTD_PTSH,20240430T120432,1383.70,4.9768,34.8580,-1.016293
CTD_P,20240430T120433,1383.67
CTD_P,20240430T130435,1385.89
CTD_PTSH,20240430T130457,1385.80,4.9928,34.8570,-1.016225
CTD_P,20240430T130458,1385.85
CTD_P,20240430T140501,1355.08
CTD_PTSH,20240430T140523,1355.10,5.0565,34.8560,-1.016183
CTD_P,20240430T140524,1355.06
CTD_P,20240430T150527,1357.12
CTD_PTSH,20240430T150549,1357.10,5.1327,34.8600,-1.016296
CTD_P,20240430T150550,1357.06
CTD_P,20240430T160552,1354.00
CTD_PTSH,20240430T160614,1354.20,5.0573,34.8580,-1.016184
CTD_P,20240430T160615,1354.18
CTD_P,20240430T170618,1328.74
CTD_PTSH,20240430T170640,1328.60,5.2006,34.8640,-1.016332
CTD_P,20240430T170641,1328.58
CTD_P,20240430T180643,1321.89
CTD_PTSH,20240430T180705,1321.70,5.1883,34.8630,-1.016321
CTD_P,20240430T180706,1321.62
CTD_P,20240430T190708,1318.06
CTD_PTSH,20240430T190730,1318.10,5.1815,34.8620,-1.016216
CTD_P,20240430T190731,1318.10
CTD_P,20240430T200734,1290.48
CTD_PTSH,20240430T200756,1290.60,5.3477,34.8770,-1.016509
CTD_P,20240430T200757,1290.57
CTD_P,20240430T210800,1284.15
CTD_PTSH,20240430T210822,1284.00,5.3721,34.8760,-1.016477
CTD_P,20240430T210823,1283.97
CTD_P,20240430T220826,1280.27
CTD_PTSH,20240430T220848,1280.20,5.3477,34.8760,-1.016526
CTD_P,20240430T220849,1280.17
CTD_P,20240430T230852,1245.45
CTD_PTSH,20240430T230914,1245.40,5.4869,34.8800,-1.016460
CTD_P,20240430T230915,1245.43
CTD_P,20240501T000917,1244.24
CTD_PTSH,20240501T000939,1244.30,5.4998,34.8810,-1.016468
CTD_P,20240501T000940,1244.23
CTD_P,20240501T010942,1244.30
CTD_PTSH,20240501T011004,1244.30,5.5486,34.8840,-1.016563
CTD_P,20240501T011005,1244.32
CTD_P,20240501T021008,1216.70
CTD_PTSH,20240501T021030,1216.70,5.8022,34.8960,-1.016628
CTD_P,20240501T021031,1216.73
CTD_P,20240501T031033,1211.78
CTD_PTSH,20240501T031055,1211.70,5.8274,34.8960,-1.016668
CTD_P,20240501T031056,1211.73
CTD_P,20240501T041058,1214.05
CTD_PTSH,20240501T041120,1214.20,5.8298,34.8960,-1.016631
CTD_P,20240501T041121,1214.18
CTD_P,20240501T051124,1171.72
CTD_PTSH,20240501T051146,1171.80,5.9632,34.9050,-1.016579
CTD_P,20240501T051147,1171.77
CTD_P,20240501T061149,1163.29
CTD_PTSH,20240501T061211,1163.20,5.9645,34.9050,-1.016538
CTD_P,20240501T061212,1163.24
CTD_P,20240501T071214,1164.32
CTD_PTSH,20240501T071236,1164.10,6.0483,34.9080,-1.016634
CTD_P,20240501T071237,1164.12
CTD_P,20240501T081240,1138.14
CTD_PTSH,20240501T081302,1138.10,6.1972,34.9160,-1.016635
CTD_P,20240501T081303,1138.07
CTD_P,20240501T082758,1135.76
CTD_PTSH,20240501T082820,1135.70,6.2002,34.9170,-1.016703
CTD_P,20240501T082821,1135.72
Message,20240501T082824,Deep Descent Mission
CTD_P,20240501T082827,1135.73
CTD_P,20240501T082929,1137.22
CTD_P,20240501T083031,1142.44
CTD_P,20240501T083133,1149.94
CTD_P,20240501T083233,1158.46
CTD_P,20240501T083234,1158.63
CTD_P,20240501T083337,1168.40
CTD_P,20240501T083839,1215.70
CTD_P,20240501T084342,1262.45
CTD_P,20240501T084845,1306.82
CTD_P,20240501T085348,1349.05
CTD_P,20240501T085851,1389.31
CTD_P,20240501T090355,1428.18
CTD_P,20240501T090857,1466.09
CTD_P,20240501T091400,1504.13
CTD_P,20240501T091904,1542.95
CTD_P,20240501T092407,1582.27
CTD_P,20240501T092910,1621.18
CTD_P,20240501T093412,1660.21
CTD_P,20240501T093915,1698.02
CTD_P,20240501T094419,1735.87
CTD_P,20240501T094922,1773.67
CTD_P,20240501T095424,1812.18
CTD_P,20240501T095927,1850.83
CTD_P,20240501T100430,1890.12
CTD_P,20240501T100933,1929.26
CTD_P,20240501T101436,1967.72
CTD_P,20240501T101910,2001.79
Message,20240501T101913,ASCENT
CTD_P,20240501T101916,2002.50
CTD_P,20240501T101950,2006.44
CTD_P,20240501T102112,2014.35
CTD_P,20240501T102115,2014.58
CTD_P,20240501T102116,2014.71
CTD_P,20240501T102217,2018.74
CTD_P,20240501T102300,2021.19
CTD_P,20240501T102402,2023.29
CTD_P,20240501T102444,2023.89
CTD_P,20240501T102546,2022.00
CTD_P,20240501T102629,2019.65
CTD_P,20240501T102731,2014.88
CTD_P,20240501T102815,2011.11
CTD_P,20240501T102917,2004.96
CTD_P,20240501T103010,1999.61
CTD_P,20240501T103011,1999.48
Message,20240501T103013,CP Started
CTD_P,20240501T103048,1995.65
CTD_PTS,20240501T103050,1995.50,2.8159,34.7735
O2,20240501T103053,147.89250,34.99831,2.80943,45.02796,46.19996,53.84424,7.64428,1057.33899,782.18658,757.30878
FLBB,20240501T103056,52,114,573
CTD_P,20240501T103058,1994.64
CTD_P,20240501T103419,1974.27
CTD_P,20240501T103921,1943.39
CTD_P,20240501T104423,1912.58
CTD_P,20240501T104629,1899.91
CTD_PTS,20240501T104631,1899.66,3.0761,34.7840
O2,20240501T104634,141.27609,33.66707,3.07020,45.37654,46.54854,54.25725,7.70871,1065.27698,779.74951,749.67072
FLBB,20240501T104637,57,117,573
CTD_P,20240501T104639,1898.89
CTD_P,20240501T104925,1882.29
CTD_P,20240501T105427,1852.74
CTD_P,20240501T105929,1824.15
CTD_P,20240501T110347,1800.89
CTD_P,20240501T110359,1799.81
CTD_PTS,20240501T110401,1799.65,3.3408,34.7934
O2,20240501T110404,133.62100,32.06635,3.33241,45.82003,46.99203,54.71222,7.72019,1075.54797,777.28552,741.96588
FLBB,20240501T110407,54,116,572
CTD_P,20240501T110409,1798.94
CTD_P,20240501T110431,1797.01
CTD_P,20240501T110933,1771.31
CTD_P,20240501T111435,1747.48
CTD_P,20240501T111937,1724.65
CTD_P,20240501T112439,1702.01
CTD_P,20240501T112507,1699.82
CTD_PTS,20240501T112509,1699.65,3.5939,34.8054
O2,20240501T112512,126.38070,30.53402,3.58635,46.25875,47.43075,55.15706,7.72631,1085.68103,774.84241,734.48120
FLBB,20240501T112514,54,116,572
CTD_P,20240501T112515,1699.13
CTD_P,20240501T112521,1698.60
CTD_P,20240501T112623,1692.77
CTD_P,20240501T113125,1664.98
CTD_P,20240501T113627,1638.46
CTD_P,20240501T114129,1613.15
CTD_P,20240501T114408,1600.11
CTD_P,20240501T114412,1599.79
CTD_PTS,20240501T114414,1599.65,4.0934,34.8237
O2,20240501T114418,114.30880,27.98304,4.08522,47.00818,48.18018,55.91237,7.73218,1101.85999,770.20209,719.71149
FLBB,20240501T114421,55,116,571
CTD_P,20240501T114422,1598.94
CTD_P,20240501T114631,1588.54
CTD_P,20240501T115133,1563.80
CTD_P,20240501T115635,1540.07
CTD_P,20240501T120137,1516.66
CTD_P,20240501T120515,1500.01
CTD_P,20240501T120519,1499.74
CTD_PTS,20240501T120521,1499.57,4.4286,34.8380
O2,20240501T120524,106.27740,26.24604,4.42030,47.54581,48.71781,56.45683,7.73902,1113.64502,767.23309,709.74261
FLBB,20240501T120528,53,117,570
CTD_P,20240501T120529,1499.00
CTD_P,20240501T120639,1493.74
CTD_P,20240501T120721,1490.34
CTD_P,20240501T120823,1484.50
CTD_P,20240501T121325,1456.21
CTD_P,20240501T121827,1429.19
CTD_P,20240501T122330,1403.09
CTD_P,20240501T122409,1399.79
CTD_PTS,20240501T122411,1399.60,4.8906,34.8525
O2,20240501T122414,96.06454,24.00856,4.87949,48.26712,49.43913,57.18663,7.74751,1128.81995,763.10632,696.01849
FLBB,20240501T122418,56,117,570
CTD_P,20240501T122419,1398.94
CTD_P,20240501T122833,1377.51
CTD_P,20240501T123336,1352.02
CTD_P,20240501T123839,1326.70
CTD_P,20240501T124342,1300.72
CTD_P,20240501T124354,1299.69
CTD_PTS,20240501T124356,1299.54,5.3719,34.8746
O2,20240501T124359,84.70866,21.43413,5.36007,49.15751,50.32951,58.09041,7.76089,1147.12097,758.94202,681.57849
FLBB,20240501T124403,53,116,569
CTD_P,20240501T124404,1298.86
CTD_P,20240501T124845,1275.22
CTD_P,20240501T125348,1250.21
CTD_P,20240501T125851,1226.42
CTD_P,20240501T130354,1203.90
CTD_P,20240501T130450,1199.90
CTD_PTS,20240501T130452,1199.76,5.8712,34.8977
O2,20240501T130455,75.48780,19.34700,5.86158,49.90306,51.07507,58.85367,7.77860,1161.66101,754.07452,666.42761
FLBB,20240501T130459,54,116,568
CTD_P,20240501T130500,1199.22
CTD_P,20240501T130857,1182.66
CTD_P,20240501T130939,1179.52
CTD_P,20240501T131042,1173.84
CTD_P,20240501T131545,1146.64
CTD_P,20240501T132048,1119.97
CTD_P,20240501T132438,1099.98
CTD_PTS,20240501T132440,1099.83,6.5226,34.9307
O2,20240501T132443,65.16900,16.97933,6.51280,50.78820,51.96021,59.76067,7.80046,1178.19104,748.19043,646.63068
FLBB,20240501T132446,55,117,567
CTD_P,20240501T132448,1099.13
CTD_P,20240501T132551,1093.81
CTD_P,20240501T133054,1068.63
CTD_P,20240501T133557,1044.09
CTD_P,20240501T134100,1019.44
CTD_P,20240501T134502,999.38
CTD_PTS,20240501T134504,999.24,7.0814,34.9523
O2,20240501T134507,58.74815,15.52357,7.07675,51.33641,52.50842,60.33238,7.82397,1187.82300,742.68201,629.37677
FLBB,20240501T134510,56,114,566
CTD_P,20240501T134512,998.55
CTD_P,20240501T134602,994.39
CTD_P,20240501T135105,970.07
CTD_P,20240501T135518,950.76
CTD_P,20240501T135530,949.89
CTD_PTS,20240501T135532,949.74,7.3748,34.9624
O2,20240501T135535,56.06840,14.92330,7.36933,51.56046,52.73246,60.56662,7.83416,1191.54004,740.09998,620.38623
FLBB,20240501T135538,56,118,566
CTD_P,20240501T135540,949.14
CTD_P,20240501T135607,947.17
CTD_P,20240501T140109,925.40
CTD_P,20240501T140611,903.71
CTD_P,20240501T140653,900.42
CTD_P,20240501T140701,899.71
CTD_PTS,20240501T140703,899.50,7.6427,34.9717
O2,20240501T140706,54.19928,14.52172,7.63802,51.70125,52.87325,60.71443,7.84118,1193.92603,737.85150,612.10620
FLBB,20240501T140709,55,114,566
CTD_P,20240501T140711,898.80
CTD_P,20240501T140755,894.70
CTD_P,20240501T141257,866.65
CTD_P,20240501T141559,849.76
CTD_PTS,20240501T141601,849.58,8.0664,34.9893
O2,20240501T141604,55.13470,14.92645,8.06148,51.44484,52.61684,60.47217,7.85533,1188.08496,734.06732,599.01270
FLBB,20240501T141607,56,116,565
CTD_P,20240501T141609,848.84
CTD_P,20240501T141759,838.58
CTD_P,20240501T142301,809.25
CTD_P,20240501T142439,799.21
CTD_PTS,20240501T142441,799.01,8.3054,34.9898
O2,20240501T142444,53.07822,14.45380,8.30102,51.62449,52.79649,60.66235,7.86587,1191.14001,731.64130,591.58240
FLBB,20240501T142447,55,118,564
CTD_P,20240501T142449,798.19
CTD_P,20240501T142803,778.49
CTD_P,20240501T143246,749.71
CTD_PTS,20240501T143248,749.54,8.6353,34.9889
O2,20240501T143251,54.79341,15.04195,8.63450,51.29661,52.46861,60.34242,7.87381,1184.23303,728.78088,581.21002
FLBB,20240501T143254,55,116,564
CTD_P,20240501T143256,748.70
CTD_P,20240501T143305,747.79
CTD_P,20240501T143807,716.26
CTD_P,20240501T144046,699.14
CTD_PTS,20240501T144048,698.94,9.0537,34.9998
O2,20240501T144051,58.38153,16.18773,9.04904,50.70382,51.87582,59.76044,7.88461,1171.92297,725.44891,568.27197
FLBB,20240501T144054,54,118,563
CTD_P,20240501T144056,698.06
CTD_P,20240501T144309,683.76
CTD_P,20240501T144811,650.49
CTD_P,20240501T144819,649.61
CTD_PTS,20240501T144821,649.39,9.2428,35.0065
O2,20240501T144824,58.36740,16.25894,9.24245,50.63858,51.81059,59.70117,7.89059,1170.42798,723.39581,562.21869
FLBB,20240501T144827,55,117,563
CTD_P,20240501T144829,648.51
CTD_P,20240501T145313,617.23
CTD_P,20240501T145552,599.66
CTD_PTS,20240501T145554,599.46,9.2926,35.0051
O2,20240501T145557,61.68468,17.20427,9.29423,50.20751,51.37951,59.27106,7.89155,1162.33899,722.95831,560.59662
FLBB,20240501T145600,54,115,563
CTD_P,20240501T145602,598.56
CTD_P,20240501T145815,584.00
CTD_P,20240501T150317,551.69
CTD_P,20240501T150335,549.74
CTD_PTS,20240501T150337,549.54,9.4846,35.0071
O2,20240501T150340,61.57957,17.25198,9.48190,50.15358,51.32558,59.22147,7.89589,1161.12500,721.57373,554.71033
FLBB,20240501T150343,54,116,563
CTD_P,20240501T150345,548.65
CTD_P,20240501T150819,519.14
CTD_P,20240501T151119,499.62
CTD_PTS,20240501T151121,499.36,10.0566,35.0003
O2,20240501T151124,73.66439,20.92045,10.05667,48.48885,49.66085,57.56956,7.90871,1126.15198,716.57239,536.62457
FLBB,20240501T151127,54,120,562
CTD_P,20240501T151129,498.49
CTD_P,20240501T151321,486.04
CTD_P,20240501T151823,451.80
CTD_P,20240501T151841,449.61
CTD_PTS,20240501T151843,449.38,10.3828,34.9803
O2,20240501T151846,94.99740,27.19045,10.38906,46.01986,47.19186,55.10927,7.91740,1072.67297,713.15588,526.12567
FLBB,20240501T151849,54,122,561
CTD_P,20240501T151851,448.40
CTD_P,20240501T152324,414.66
CTD_P,20240501T152526,399.23
CTD_PTS,20240501T152528,399.00,10.9189,35.0433
O2,20240501T152531,87.73768,25.42574,10.92072,46.55977,47.73177,55.65889,7.92712,1083.69495,709.29163,509.27451
FLBB,20240501T152534,54,126,561
CTD_P,20240501T152536,397.97
CTD_P,20240501T152826,376.01
CTD_P,20240501T153150,349.38
CTD_PTS,20240501T153152,349.12,11.3067,35.0210
O2,20240501T153155,112.71730,32.96490,11.31642,43.86542,45.03742,52.97339,7.93597,1022.92902,706.37219,496.68799
FLBB,20240501T153158,54,132,560
CTD_P,20240501T153200,348.06
CTD_P,20240501T153328,336.10
CTD_P,20240501T153756,299.65
CTD_PTS,20240501T153758,299.38,12.0048,35.0639
O2,20240501T153802,98.27692,29.19768,12.00357,44.98092,46.15292,54.10376,7.95084,1047.12097,700.89709,474.74399
FLBB,20240501T153805,53,130,560
CTD_P,20240501T153806,298.31
CTD_P,20240501T153832,294.85
CTD_P,20240501T154333,251.13
CTD_P,20240501T154343,249.58
CTD_PTS,20240501T154345,249.27,13.1317,35.0961
O2,20240501T154349,80.20028,24.44573,13.14032,46.49325,47.66525,55.64374,7.97849,1077.06006,690.13971,438.21960
FLBB,20240501T154352,51,129,558
CTD_P,20240501T154353,248.03
CTD_P,20240501T154835,209.24
CTD_P,20240501T154943,201.07
CTD_P,20240501T154953,199.94
CTD_PTS,20240501T154955,199.71,14.8310,35.1214
O2,20240501T154959,68.93499,21.81212,14.83887,47.21797,48.38997,56.39818,8.00821,1087.22400,675.69263,383.19730
FLBB,20240501T155002,53,122,557
CTD_P,20240501T155003,198.79
CTD_P,20240501T155338,177.07
CTD_P,20240501T155806,153.26
CTD_P,20240501T155840,150.65
CTD_P,20240501T155850,149.89
CTD_PTS,20240501T155852,149.72,18.6577,35.2482
O2,20240501T155856,77.04308,26.39647,18.62476,44.66008,45.83208,53.90883,8.07675,1020.39301,644.01678,259.26682
FLBB,20240501T155859,55,136,552
CTD_P,20240501T155900,149.11
CTD_P,20240501T160342,130.72
CTD_P,20240501T160844,121.40
CTD_P,20240501T161346,121.44
CTD_P,20240501T161426,120.44
CTD_P,20240501T161528,116.54
CTD_P,20240501T161608,113.54
CTD_P,20240501T161710,108.88
CTD_P,20240501T161748,107.00
CTD_P,20240501T161850,103.22
CTD_P,20240501T161928,100.75
CTD_P,20240501T161942,99.67
CTD_PTS,20240501T161944,99.50,23.4913,35.3942
O2,20240501T161947,159.89810,60.25114,23.47514,34.32934,35.50134,43.65164,8.15030,758.48389,603.30640,100.06860
FLBB,20240501T161951,90,146,544
CTD_P,20240501T161952,98.81
CTD_P,20240501T162030,95.72
CTD_P,20240501T162144,91.33
CTD_P,20240501T162210,90.03
CTD_P,20240501T162214,89.86
CTD_PTS,20240501T162216,89.74,24.7463,35.4813
O2,20240501T162219,170.94000,65.91257,24.70544,33.01621,34.18821,42.35674,8.16853,722.11029,594.34711,59.99178
FLBB,20240501T162223,109,149,543
CTD_P,20240501T162224,89.37
CTD_P,20240501T162504,82.30
CTD_P,20240501T162532,82.09
CTD_P,20240501T162622,82.35
CTD_P,20240501T162654,82.52
CTD_P,20240501T162728,82.67
CTD_P,20240501T162804,82.74
CTD_P,20240501T162842,82.75
CTD_P,20240501T162920,82.65
CTD_P,20240501T162956,82.34
CTD_P,20240501T163028,81.96
CTD_P,20240501T163056,81.57
CTD_P,20240501T163302,81.17
CTD_P,20240501T163320,81.25
CTD_P,20240501T163338,81.36
CTD_P,20240501T163358,81.38
CTD_P,20240501T163418,81.36
CTD_P,20240501T163438,81.34
CTD_P,20240501T163458,81.23
CTD_P,20240501T163516,81.10
CTD_P,20240501T163530,80.99
CTD_P,20240501T163544,80.92
CTD_P,20240501T163558,80.73
CTD_P,20240501T163608,80.49
CTD_P,20240501T163612,80.37
CTD_P,20240501T163644,79.22
CTD_PTS,20240501T163646,79.17,26.7164,35.2829
O2,20240501T163649,199.17920,79.57643,26.64544,30.44403,31.61603,39.80035,8.18433,651.08868,580.21667,-2.71380
FLBB,20240501T163653,128,161,538
CTD_P,20240501T163654,78.91
CTD_P,20240501T163710,78.48
CTD_P,20240501T163748,77.91
CTD_P,20240501T163850,76.31
CTD_P,20240501T163928,75.02
CTD_P,20240501T164031,71.18
CTD_P,20240501T164053,69.68
CTD_PTS,20240501T164055,69.53,27.5506,35.2607
O2,20240501T164058,220.31020,89.43732,27.53674,28.95895,30.13095,38.33478,8.20383,609.61572,571.28522,-31.27682
FLBB,20240501T164100,151,157,537
CTD_P,20240501T164102,68.97
CTD_P,20240501T164110,68.33
CTD_P,20240501T164213,63.95
CTD_P,20240501T164252,61.87
CTD_P,20240501T164313,60.53
CTD_P,20240501T164326,59.66
CTD_PTS,20240501T164328,59.51,28.5335,35.1188
O2,20240501T164331,231.71150,95.71610,28.51866,28.03885,29.21085,37.42373,8.21288,583.48138,565.02081,-62.53613
FLBB,20240501T164335,119,149,536
CTD_P,20240501T164336,58.95
CTD_P,20240501T164355,57.59
CTD_P,20240501T164434,54.53
CTD_P,20240501T164535,49.41
CTD_PTS,20240501T164537,49.34,29.6302,34.6795
O2,20240501T164540,235.04021,98.68655,29.45052,27.55015,28.72215,36.93707,8.21493,569.40192,560.47510,-91.98191
FLBB,20240501T164544,95,160,535
CTD_P,20240501T164545,49.03
CTD_P,20240501T164549,48.94
CTD_PTS,20240501T164551,48.87,29.6607,34.6612
O2,20240501T164554,235.45171,99.05775,29.56594,27.49055,28.66255,36.87485,8.21230,567.51819,558.82843,-95.61311
FLBB,20240501T164558,92,151,535
CTD_P,20240501T164559,48.75
CTD_P,20240501T164603,48.68
CTD_P,20240501T164615,48.60
CTD_P,20240501T164626,48.52
CTD_P,20240501T164636,48.42
CTD_P,20240501T164705,48.14
CTD_P,20240501T164717,48.00
CTD_PTS,20240501T164719,47.96,29.7380,34.6132
O2,20240501T164722,235.94209,99.55818,29.73657,27.40816,28.58016,36.80228,8.22212,564.64099,555.67322,-100.97500
FLBB,20240501T164726,88,153,534
CTD_P,20240501T164727,47.81
CTD_P,20240501T164820,46.64
CTD_PTS,20240501T164822,46.59,29.7482,34.6070
O2,20240501T164825,236.40491,99.77014,29.74621,27.38379,28.55579,36.77895,8.22317,563.86969,554.98749,-101.27760
FLBB,20240501T164829,87,152,533
CTD_P,20240501T164830,46.42
CTD_P,20240501T164858,45.89
CTD_PTS,20240501T164900,45.87,29.7432,34.6098
O2,20240501T164903,236.58730,99.84577,29.74541,27.37581,28.54781,36.77108,8.22327,563.60370,554.78339,-101.25280
FLBB,20240501T164907,88,147,533
CTD_P,20240501T164908,45.79
CTD_P,20240501T164955,45.93
CTD_P,20240501T165010,46.07
CTD_P,20240501T165027,46.27
CTD_P,20240501T165046,46.48
CTD_P,20240501T165108,46.63
CTD_P,20240501T165132,46.63
CTD_P,20240501T165156,46.47
CTD_P,20240501T165218,46.26
CTD_P,20240501T165237,46.01
CTD_P,20240501T165253,45.83
CTD_P,20240501T165307,45.70
CTD_P,20240501T165319,45.61
CTD_P,20240501T165420,45.02
CTD_P,20240501T165424,44.98
CTD_PTS,20240501T165426,44.97,29.7790,34.5869
O2,20240501T165429,236.97749,100.08320,29.78741,27.34345,28.51545,36.73629,8.22084,562.69287,554.29480,-102.57110
FLBB,20240501T165433,84,153,532
CTD_P,20240501T165434,44.89
CTD_P,20240501T165443,44.80
CTD_P,20240501T165456,44.68
CTD_P,20240501T165508,44.60
CTD_P,20240501T165519,44.51
CTD_P,20240501T165529,44.48
CTD_P,20240501T165538,44.47
CTD_P,20240501T165547,44.49
CTD_P,20240501T165557,44.52
CTD_P,20240501T165607,44.54
CTD_P,20240501T165617,44.58
CTD_P,20240501T165628,44.62
CTD_P,20240501T165639,44.66
CTD_P,20240501T165651,44.74
CTD_P,20240501T165704,44.78
CTD_P,20240501T165717,44.79
CTD_P,20240501T165730,44.78
CTD_P,20240501T165743,44.71
CTD_P,20240501T165755,44.63
CTD_P,20240501T165806,44.53
CTD_P,20240501T165816,44.45
CTD_P,20240501T165825,44.35
CTD_P,20240501T165834,44.18
CTD_P,20240501T165838,44.12
CTD_P,20240501T165842,44.09
CTD_P,20240501T165846,44.02
CTD_P,20240501T165850,43.96
CTD_PTS,20240501T165852,43.94,29.8746,34.5357
O2,20240501T165855,236.65759,100.10890,29.88034,27.32537,28.49737,36.71908,8.22171,562.03021,553.64789,-105.48660
FLBB,20240501T165858,82,151,531
CTD_P,20240501T165900,43.81
CTD_P,20240501T170017,42.67
CTD_PTS,20240501T170019,42.64,29.8974,34.5210
O2,20240501T170022,236.60150,100.13200,29.90745,27.31843,28.49043,36.71311,8.22269,561.88428,553.55121,-106.33690
FLBB,20240501T170026,82,146,531
CTD_P,20240501T170027,42.61
CTD_P,20240501T170050,42.66
CTD_P,20240501T170130,42.59
CTD_P,20240501T170139,42.43
CTD_P,20240501T170148,42.16
CTD_P,20240501T170152,42.05
CTD_P,20240501T170156,41.90
CTD_PTS,20240501T170158,41.82,29.9980,34.4495
O2,20240501T170201,236.21320,100.11480,29.99255,27.30626,28.47826,36.70066,8.22240,561.45972,553.26093,-109.00400
FLBB,20240501T170204,74,145,531
CTD_P,20240501T170206,41.53
CTD_P,20240501T170210,41.39
CTD_P,20240501T170219,41.01
CTD_P,20240501T170223,40.88
CTD_PTS,20240501T170225,40.81,30.0083,34.4418
O2,20240501T170228,235.93269,100.02250,30.00792,27.31358,28.48558,36.70551,8.21993,561.46863,552.98901,-109.48550
FLBB,20240501T170232,73,145,531
CTD_P,20240501T170233,40.51
CTD_P,20240501T170238,40.31
CTD_P,20240501T170250,39.81
CTD_PTS,20240501T170252,39.72,30.1017,34.3498
O2,20240501T170255,235.09599,99.80733,30.08905,27.32324,28.49524,36.71909,8.22385,561.42517,549.16711,-112.02620
FLBB,20240501T170257,69,143,530
CTD_P,20240501T170258,39.42
CTD_P,20240501T170310,38.79
CTD_P,20240501T170314,38.56
CTD_PTS,20240501T170316,38.44,30.1097,34.3464
O2,20240501T170319,235.04289,99.81295,30.10540,27.31995,28.49195,36.71279,8.22084,561.46558,552.45221,-112.53810
FLBB,20240501T170322,69,145,530
CTD_P,20240501T170324,37.94
CTD_P,20240501T170328,37.70
CTD_PTS,20240501T170330,37.55,30.1346,34.3211
O2,20240501T170333,234.84531,99.77641,30.13296,27.31933,28.49133,36.71066,8.21933,561.47809,552.24628,-113.40050
FLBB,20240501T170336,69,140,530
CTD_P,20240501T170338,37.00
CTD_P,20240501T170342,36.75
CTD_PTS,20240501T170344,36.58,30.1833,34.2703
O2,20240501T170347,234.56490,99.73210,30.17650,27.31692,28.48892,36.70940,8.22048,561.42157,552.08728,-114.76270
FLBB,20240501T170350,68,144,530
CTD_P,20240501T170352,36.09
CTD_P,20240501T170356,35.81
CTD_PTS,20240501T170358,35.70,30.1767,34.2787
O2,20240501T170401,234.42990,99.67719,30.17798,27.32256,28.49456,36.71326,8.21870,561.52472,551.87390,-114.80900
FLBB,20240501T170404,68,142,530
CTD_P,20240501T170406,35.22
CTD_P,20240501T170413,34.83
CTD_PTS,20240501T170415,34.70,30.2058,34.2483
O2,20240501T170418,234.11560,99.58895,30.20444,27.32768,28.49968,36.71799,8.21832,561.53137,551.65979,-115.63640
FLBB,20240501T170420,66,143,530
CTD_P,20240501T170422,34.32
CTD_P,20240501T170430,33.86
CTD_PTS,20240501T170432,33.74,30.2365,34.2192
O2,20240501T170435,233.85910,99.53543,30.23687,27.32810,28.50010,36.71857,8.21848,561.50043,551.45502,-116.65050
FLBB,20240501T170437,67,141,530
CTD_P,20240501T170438,33.37
CTD_P,20240501T170444,32.98
CTD_P,20240501T170448,32.72
CTD_PTS,20240501T170450,32.57,30.2718,34.1848
O2,20240501T170453,233.51860,99.45560,30.27493,27.33043,28.50243,36.72044,8.21802,561.44501,551.26593,-117.83990
FLBB,20240501T170456,65,140,530
CTD_P,20240501T170458,32.02
CTD_P,20240501T170502,31.72
CTD_PTS,20240501T170504,31.61,30.2878,34.1699
O2,20240501T170507,233.25301,99.36620,30.28883,27.33775,28.50975,36.72698,8.21723,561.57373,550.99011,-118.27450
FLBB,20240501T170510,63,139,530
CTD_P,20240501T170512,31.04
CTD_P,20240501T170516,30.77
CTD_PTS,20240501T170518,30.62,30.3121,34.1461
O2,20240501T170521,233.09770,99.33893,30.31159,27.33695,28.50895,36.72654,8.21759,561.54889,550.81403,-118.98560
FLBB,20240501T170524,65,138,530
CTD_P,20240501T170526,30.08
CTD_P,20240501T170530,29.79
CTD_PTS,20240501T170532,29.66,30.3456,34.1129
O2,20240501T170535,232.76730,99.25639,30.34575,27.34023,28.51223,36.72829,8.21606,561.62280,550.62457,-120.05250
FLBB,20240501T170538,62,142,529
CTD_P,20240501T170540,29.11
CTD_P,20240501T170544,28.86
CTD_PTS,20240501T170546,28.70,30.3557,34.1023
O2,20240501T170549,232.56920,99.19263,30.35788,27.34511,28.51711,36.73300,8.21590,561.67310,550.42291,-120.43150
FLBB,20240501T170551,63,141,530
CTD_P,20240501T170552,28.29
CTD_P,20240501T170600,27.73
CTD_PTS,20240501T170602,27.57,30.3851,34.0725
O2,20240501T170605,232.27870,99.11693,30.38619,27.34863,28.52063,36.73747,8.21684,561.69568,550.26392,-121.31530
FLBB,20240501T170607,64,144,529
CTD_P,20240501T170608,27.14
CTD_P,20240501T170614,26.67
CTD_PTS,20240501T170616,26.52,30.4116,34.0455
O2,20240501T170619,232.04770,99.06171,30.41169,27.35040,28.52240,36.73944,8.21704,561.76038,550.09009,-122.11140
FLBB,20240501T170622,63,140,529
CTD_P,20240501T170624,25.91
CTD_P,20240501T170626,25.78
CTD_PTS,20240501T170628,25.64,30.4228,34.0338
O2,20240501T170631,231.83459,98.99512,30.42603,27.35524,28.52724,36.74321,8.21597,561.76257,549.85968,-122.55910
FLBB,20240501T170634,61,139,529
CTD_P,20240501T170636,25.00
CTD_P,20240501T170638,24.82
CTD_P,20240501T170642,24.51
CTD_PTS,20240501T170644,24.38,30.4707,33.9813
O2,20240501T170647,231.51511,98.93681,30.47205,27.35399,28.52599,36.74352,8.21752,561.78241,549.72717,-123.99490
FLBB,20240501T170650,62,144,529
CTD_P,20240501T170652,23.76
CTD_P,20240501T170656,23.45
CTD_PTS,20240501T170658,23.30,30.5104,33.9295
O2,20240501T170701,231.06430,98.79873,30.50424,27.36365,28.53565,36.75109,8.21544,561.87170,549.46771,-124.99900
FLBB,20240501T170704,60,139,529
CTD_P,20240501T170706,22.74
CTD_P,20240501T170710,22.45
CTD_PTS,20240501T170712,22.33,30.5080,33.9341
O2,20240501T170715,230.91270,98.74298,30.50959,27.36881,28.54081,36.75636,8.21555,562.05127,549.28278,-125.16570
FLBB,20240501T170718,59,138,529
CTD_P,20240501T170720,21.78
CTD_P,20240501T170724,21.50
CTD_PTS,20240501T170726,21.36,30.5210,33.9087
O2,20240501T170729,230.68420,98.66631,30.52203,27.37508,28.54708,36.76353,8.21645,562.14062,549.12073,-125.55370
FLBB,20240501T170732,59,147,529
CTD_P,20240501T170734,20.82
CTD_P,20240501T170736,20.71
CTD_PTS,20240501T170738,20.54,30.5225,33.9050
O2,20240501T170741,230.50240,98.59545,30.52610,27.38210,28.55410,36.76982,8.21572,562.27869,548.91840,-125.68050
FLBB,20240501T170743,60,141,529
CTD_P,20240501T170744,20.15
CTD_P,20240501T170750,19.74
CTD_PTS,20240501T170752,19.58,30.5229,33.9022
O2,20240501T170755,230.39540,98.55257,30.52780,27.38648,28.55848,36.77425,8.21577,562.38239,548.89709,-125.73370
FLBB,20240501T170757,58,137,529
CTD_P,20240501T170758,19.14
CTD_P,20240501T170803,18.74
CTD_PTS,20240501T170805,18.56,30.5233,33.9010
O2,20240501T170808,230.31030,98.51742,30.52855,27.39017,28.56217,36.77742,8.21525,562.47168,548.77832,-125.75700
FLBB,20240501T170810,58,145,529
CTD_P,20240501T170812,17.94
CTD_P,20240501T170814,17.76
CTD_PTS,20240501T170816,17.60,30.5219,33.9024
O2,20240501T170819,230.23840,98.48585,30.52807,27.39368,28.56568,36.78114,8.21545,562.53192,548.68433,-125.74200
FLBB,20240501T170822,59,138,529
CTD_P,20240501T170824,16.83
CTD_P,20240501T170826,16.63
CTD_P,20240501T170830,16.31
CTD_PTS,20240501T170832,16.10,30.5225,33.8857
O2,20240501T170835,230.19330,98.46753,30.52866,27.39557,28.56757,36.78339,8.21582,562.60748,548.70258,-125.76050
FLBB,20240501T170838,57,140,529
CTD_P,20240501T170840,15.36
CTD_P,20240501T170844,14.98
CTD_PTS,20240501T170846,14.81,30.5210,33.8931
O2,20240501T170849,230.12440,98.43655,30.52774,27.39910,28.57110,36.78604,8.21494,562.66998,548.66180,-125.73170
FLBB,20240501T170852,59,149,529
CTD_P,20240501T170854,14.07
CTD_P,20240501T170858,13.73
CTD_PTS,20240501T170900,13.55,30.5208,33.8911
O2,20240501T170903,230.03160,98.39660,30.52758,27.40347,28.57547,36.79053,8.21507,562.68988,548.61890,-125.72670
FLBB,20240501T170906,58,139,529
CTD_P,20240501T170908,12.81
CTD_P,20240501T170912,12.46
CTD_PTS,20240501T170914,12.27,30.5200,33.8819
O2,20240501T170917,230.02930,98.39401,30.52664,27.40391,28.57590,36.79161,8.21571,562.77118,548.59381,-125.69760
FLBB,20240501T170920,56,138,529
CTD_P,20240501T170922,11.59
CTD_P,20240501T170926,11.23
CTD_PTS,20240501T170928,11.08,30.5188,33.8798
O2,20240501T170931,229.98241,98.37363,30.52645,27.40616,28.57816,36.79308,8.21493,562.75061,548.52643,-125.69170
FLBB,20240501T170934,57,140,528
CTD_P,20240501T170936,10.39
CTD_P,20240501T170940,10.05
CTD_PTS,20240501T170942,9.90,30.5187,33.8794
O2,20240501T170945,229.94490,98.35627,30.52568,27.40817,28.58017,36.79460,8.21443,562.83032,548.50122,-125.66750
FLBB,20240501T170948,60,141,528
CTD_P,20240501T170950,9.21
CTD_P,20240501T170954,8.89
CTD_PTS,20240501T170956,8.71,30.5189,33.8797
O2,20240501T170959,229.88280,98.32984,30.52577,27.41103,28.58303,36.79704,8.21401,562.82800,548.48962,-125.67020
FLBB,20240501T171002,60,138,528
CTD_P,20240501T171004,8.01
CTD_P,20240501T171008,7.67
CTD_PTS,20240501T171010,7.52,30.5146,33.8787
O2,20240501T171013,229.92630,98.34196,30.52190,27.41035,28.58235,36.79676,8.21441,562.81940,548.41968,-125.54970
FLBB,20240501T171016,60,138,528
CTD_P,20240501T171018,6.80
CTD_P,20240501T171022,6.43
CTD_PTS,20240501T171024,6.23,30.5149,33.8785
O2,20240501T171027,229.91380,98.33678,30.52199,27.41090,28.58290,36.79752,8.21461,562.82709,548.41357,-125.55240
FLBB,20240501T171030,59,139,528
CTD_P,20240501T171032,5.53
CTD_P,20240501T171036,5.20
CTD_PTS,20240501T171038,5.02,30.5166,33.8794
O2,20240501T171041,229.92050,98.34238,30.52363,27.41002,28.58202,36.79605,8.21404,562.76251,548.39801,-125.60360
FLBB,20240501T171044,57,139,528
CTD_P,20240501T171046,4.32
CTD_P,20240501T171050,3.97
Message,20240501T171055,CP Stopped
CTD_P,20240501T171104,2.78
Message,20240501T171106,Surface Mission
CTD_P,20240501T171109,2.32
CTD_P,20240501T171111,2.23
O2,20240501T171114,230.09419,98.40985,30.51960,27.40333,28.57533,36.79140,8.21606,562.60938,548.59613,-125.47810
CTD_P,20240501T171115,1.84
O2,20240501T171129,230.11369,98.40636,30.51259,27.40487,28.57687,36.79157,8.21471,562.67493,548.53528,-125.25920
CTD_P,20240501T171131,0.84
O2,20240501T171144,229.20399,97.93073,30.46105,27.46527,28.63727,36.85184,8.21457,564.36731,548.47308,-123.65160
CTD_P,20240501T171145,0.00
O2,20240501T171159,229.30569,98.04474,30.50303,27.44588,28.61788,36.83199,8.21410,563.66467,548.61829,-124.96110
CTD_P,20240501T171200,0.10
O2,20240501T171215,229.59860,98.15871,30.49634,27.43453,28.60653,36.81963,8.21310,563.43323,548.72888,-124.75240
CTD_P,20240501T171216,0.07
O2,20240501T171229,229.50420,98.10959,30.49111,27.44076,28.61275,36.82484,8.21208,563.82928,548.70258,-124.58950
CTD_P,20240501T171230,0.07
O2,20240501T171244,229.53070,98.11127,30.48539,27.44151,28.61351,36.82596,8.21245,563.50128,548.71393,-124.41110
CTD_P,20240501T171246,0.08
O2,20240501T171259,229.50281,98.12914,30.50308,27.43665,28.60865,36.82101,8.21236,563.47913,548.67480,-124.96280
CTD_P,20240501T171300,0.10
O2,20240501T171314,229.75670,98.18005,30.46888,27.43671,28.60871,36.82005,8.21134,563.47278,548.65002,-123.89610
CTD_P,20240501T171315,0.16
O2,20240501T171330,229.67889,98.15838,30.47575,27.43795,28.60995,36.82087,8.21092,563.75513,548.67462,-124.11030
CTD_P,20240501T171331,0.11
CTD_P,20240501T171701,-0.14
O2,20240501T171704,232.08000,97.58202,29.53219,27.65780,28.82980,37.04493,8.21513,570.14551,552.72607,-94.55164
CTD_P,20240501T171706,-0.08
O2,20240501T171719,233.82040,98.50403,29.64359,27.53788,28.70988,36.91989,8.21001,566.91492,552.99811,-98.05419
CTD_P,20240501T171720,-0.18
O2,20240501T171734,226.41710,96.43642,30.27818,27.66089,28.83289,37.04372,8.21084,570.05603,552.77972,-117.94170
CTD_P,20240501T171735,-0.19
O2,20240501T171750,232.90730,97.69527,29.39419,27.66839,28.84039,37.04858,8.20819,570.06427,552.90399,-90.20821
CTD_P,20240501T171751,-0.03
O2,20240501T171804,233.41080,97.74988,29.30223,27.67778,28.84978,37.05621,8.20643,570.32867,552.97552,-87.31119
CTD_P,20240501T171805,-0.17
O2,20240501T171819,232.58490,97.55782,29.39290,27.68381,28.85580,37.06171,8.20590,570.78821,553.22748,-90.16759
CTD_P,20240501T171821,-0.18
O2,20240501T171834,229.36420,97.14310,29.95152,27.63644,28.80844,37.01423,8.20579,569.37000,553.55310,-107.71840
CTD_P,20240501T171835,-0.17
O2,20240501T171849,233.02010,97.60522,29.31340,27.69190,28.86390,37.06799,8.20409,570.75220,553.43610,-87.66317
CTD_P,20240501T171851,-0.17
O2,20240501T171904,231.36290,97.24244,29.50965,27.69921,28.87121,37.07514,8.20393,570.96741,553.50830,-93.84265
CTD_P,20240501T171905,-0.03
O2,20240501T171919,227.35860,96.40365,30.01765,27.70789,28.87989,37.08365,8.20376,571.30487,553.78119,-109.79030
CTD_P,20240501T171920,-0.16
CTD_P,20240501T171922,-0.18
CTD_P,20240501T171947,-0.14
CTD_bins,20240501T172332,24020,1000,1998.800
CTD_CP_H,20240501T172352,4.27,30.5172,33.8794,16,-0.983021,8
CTD_CP_H,20240501T172352,5.98,30.5155,33.8790,23,-0.982511,11
CTD_CP_H,20240501T172352,8.01,30.5168,33.8794,23,-0.982042,12
CTD_CP_H,20240501T172352,10.01,30.5190,33.8804,24,-0.981634,12
CTD_CP_H,20240501T172352,11.99,30.5198,33.8812,22,-0.981368,11
CTD_CP_H,20240501T172352,14.00,30.5210,33.8908,23,-0.981244,11
CTD_CP_H,20240501T172352,16.00,30.5216,33.8908,21,-0.981179,11
CTD_CP_H,20240501T172352,18.03,30.5226,33.9014,23,-0.981209,11
CTD_CP_H,20240501T172352,20.03,30.5231,33.9032,28,-0.981238,14
CTD_CP_H,20240501T172352,21.99,30.5146,33.9215,29,-0.981284,15
CTD_CP_H,20240501T172352,23.99,30.4851,33.9637,27,-0.981389,13
CTD_CP_H,20240501T172352,26.03,30.4196,34.0370,26,-0.981546,13
CTD_CP_H,20240501T172353,28.04,30.3765,34.0810,28,-0.981646,14
CTD_CP_H,20240501T172353,30.00,30.3307,34.1273,29,-0.981750,15
CTD_CP_H,20240501T172353,32.01,30.2833,34.1744,29,-0.981838,14
CTD_CP_H,20240501T172353,34.01,30.2356,34.2200,33,-0.981953,17
CTD_CP_H,20240501T172353,35.94,30.1823,34.2721,32,-0.982097,16
CTD_CP_H,20240501T172353,38.01,30.1148,34.3406,32,-0.982231,16
CTD_CP_H,20240501T172353,40.07,30.0635,34.3896,47,-0.982355,23
CTD_CP_H,20240501T172353,42.45,29.9274,34.5000,152,-0.982612,76
CTD_CP_H,20240501T172353,44.40,29.8447,34.5520,325,-0.982819,162
CTD_CP_H,20240501T172353,46.04,29.7635,34.5967,377,-0.983035,189
CTD_CP_H,20240501T172353,48.13,29.7188,34.6253,139,-0.983139,70
CTD_CP_H,20240501T172353,49.81,29.4670,34.7323,33,-0.983638,16
CTD_CP_H,20240501T172353,52.01,28.6564,35.0668,23,-0.984586,12
CTD_CP_H,20240501T172353,54.02,28.6377,35.0938,22,-0.984583,11
CTD_CP_H,20240501T172354,56.04,28.6202,35.1041,26,-0.984599,13
CTD_CP_H,20240501T172354,58.01,28.5829,35.1153,27,-0.984696,13
CTD_CP_H,20240501T172354,59.99,28.4950,35.1215,29,-0.984798,15
CTD_CP_H,20240501T172354,62.07,28.3579,35.1373,36,-0.984973,18
CTD_CP_H,20240501T172354,63.98,28.1915,35.1517,35,-0.985242,17
CTD_CP_H,20240501T172354,65.99,27.8903,35.2019,29,-0.985662,15
CTD_CP_H,20240501T172354,68.01,27.7258,35.2250,25,-0.986002,12
CTD_CP_H,20240501T172354,70.02,27.5348,35.2642,27,-0.986375,14
CTD_CP_H,20240501T172354,72.01,27.4645,35.2705,31,-0.986531,15
CTD_CP_H,20240501T172354,74.06,27.3960,35.2709,35,-0.986673,18
CTD_CP_H,20240501T172354,76.11,27.2690,35.2771,65,-0.986958,32
CTD_CP_H,20240501T172354,78.04,26.9322,35.2802,93,-0.987656,47
CTD_CP_H,20240501T172354,80.29,26.1747,35.3078,84,-0.989186,41
CTD_CP_H,20240501T172355,81.93,25.9460,35.3148,650,-0.989540,326
CTD_CP_H,20240501T172355,83.95,25.4878,35.3707,40,-0.990627,20
CTD_CP_H,20240501T172355,86.03,24.8742,35.4477,37,-0.991614,18
CTD_CP_H,20240501T172355,87.99,24.8219,35.4681,46,-0.991777,23
CTD_CP_H,20240501T172355,89.95,24.7060,35.4830,43,-0.991953,22
CTD_CP_H,20240501T172355,91.98,24.3716,35.4650,38,-0.992356,19
CTD_CP_H,20240501T172355,93.95,24.2471,35.4594,32,-0.992698,16
CTD_CP_H,20240501T172355,95.96,23.9807,35.4404,27,-0.993328,13
CTD_CP_H,20240501T172355,98.01,23.6298,35.4097,24,-0.993725,12
CTD_CP_H,20240501T172355,100.05,23.4738,35.3895,25,-0.993798,13
CTD_CP_H,20240501T172355,102.04,23.4221,35.3773,31,-0.993816,15
CTD_CP_H,20240501T172355,103.99,23.1489,35.3573,33,-0.994315,17
CTD_CP_H,20240501T172355,106.01,22.7874,35.3526,32,-0.994986,16
CTD_CP_H,20240501T172356,108.03,22.4956,35.3488,40,-0.995527,20
CTD_CP_H,20240501T172356,109.92,22.2582,35.3369,31,-0.996145,15
CTD_CP_H,20240501T172356,111.96,21.4357,35.3109,23,-0.997542,12
CTD_CP_H,20240501T172356,114.01,21.1324,35.2956,25,-0.997998,12
CTD_CP_H,20240501T172356,116.01,21.0539,35.2932,28,-0.998303,14
CTD_CP_H,20240501T172356,118.02,21.0083,35.2973,30,-0.998774,15
CTD_CP_H,20240501T172356,120.12,20.9774,35.3005,40,-0.998924,20
CTD_CP_H,20240501T172356,121.87,20.8812,35.3040,476,-0.999286,238
CTD_CP_H,20240501T172356,123.85,20.5748,35.2982,61,-0.999859,31
CTD_CP_H,20240501T172356,125.98,20.3274,35.2968,35,-1.000303,17
CTD_CP_H,20240501T172356,127.99,20.0278,35.2921,31,-1.000522,16
CTD_CP_H,20240501T172356,130.04,19.7823,35.2953,32,-1.001000,16
CTD_CP_H,20240501T172356,132.00,19.7007,35.2936,32,-1.001155,16
CTD_CP_H,20240501T172356,133.97,19.5745,35.2908,31,-1.001496,15
CTD_CP_H,20240501T172357,135.98,19.4080,35.2906,29,-1.001912,15
CTD_CP_H,20240501T172357,137.97,19.3518,35.2895,29,-1.002107,14
CTD_CP_H,20240501T172357,140.00,19.2812,35.2858,30,-1.001860,15
CTD_CP_H,20240501T172357,142.03,19.1870,35.2815,30,-1.002023,15
CTD_CP_H,20240501T172357,144.00,19.1532,35.2832,32,-1.002217,16
CTD_CP_H,20240501T172357,146.00,19.0815,35.2830,33,-1.002390,17
CTD_CP_H,20240501T172357,148.00,18.9069,35.2660,29,-1.003648,14
CTD_CP_H,20240501T172357,150.00,18.6088,35.2462,26,-1.004954,13
CTD_CP_H,20240501T172357,152.00,18.3442,35.2264,26,-1.006330,13
CTD_CP_H,20240501T172357,154.00,18.2621,35.2166,27,-1.006667,14
CTD_CP_H,20240501T172357,156.02,18.1704,35.2059,25,-1.007308,12
CTD_CP_H,20240501T172357,158.01,17.8957,35.1820,23,-1.008252,12
CTD_CP_H,20240501T172357,160.00,17.7648,35.1765,23,-1.008492,11
CTD_CP_H,20240501T172358,162.02,17.6891,35.1742,22,-1.008616,11
CTD_CP_H,20240501T172358,164.00,17.5921,35.1746,21,-1.008732,11
CTD_CP_H,20240501T172358,166.02,17.5133,35.1754,22,-1.008770,11
CTD_CP_H,20240501T172358,168.04,17.4428,35.1813,21,-1.008705,10
CTD_CP_H,20240501T172358,170.03,17.4209,35.1831,22,-1.008684,11
CTD_CP_H,20240501T172358,172.02,17.4040,35.1887,21,-1.008598,11
CTD_CP_H,20240501T172358,173.97,17.3400,35.1858,22,-1.008798,11
CTD_CP_H,20240501T172358,175.99,17.2925,35.1818,22,-1.008943,11
CTD_CP_H,20240501T172358,177.98,17.1873,35.1740,20,-1.009311,10
CTD_CP_H,20240501T172358,180.00,17.0665,35.1642,21,-1.009578,10
CTD_CP_H,20240501T172358,182.03,16.9806,35.1598,20,-1.009700,10
CTD_CP_H,20240501T172358,184.01,16.9509,35.1555,21,-1.009748,11
CTD_CP_H,20240501T172358,186.00,16.6620,35.1459,20,-1.010445,10
CTD_CP_H,20240501T172358,188.03,16.0887,35.1172,20,-1.011376,10
CTD_CP_H,20240501T172359,190.06,15.8105,35.1091,20,-1.011706,10
CTD_CP_H,20240501T172359,192.03,15.7004,35.1019,20,-1.011853,10
CTD_CP_H,20240501T172359,193.99,15.5421,35.0905,19,-1.012385,9
CTD_CP_H,20240501T172359,195.99,15.1592,35.0661,19,-1.013432,10
CTD_CP_H,20240501T172359,197.98,14.8883,35.0767,17,-1.012949,8
CTD_CP_H,20240501T172359,199.99,14.8419,35.1298,18,-1.011689,9
CTD_CP_H,20240501T172359,202.02,14.8194,35.1462,17,-1.011268,9
CTD_CP_H,20240501T172359,203.98,14.7099,35.1490,16,-1.011230,8
CTD_CP_H,20240501T172359,205.97,14.5830,35.1402,17,-1.011618,8
CTD_CP_H,20240501T172359,208.02,14.4762,35.1245,17,-1.012152,9
CTD_CP_H,20240501T172359,210.00,14.4400,35.1175,16,-1.012278,8
CTD_CP_H,20240501T172359,211.98,14.4011,35.1141,17,-1.012297,8
CTD_CP_H,20240501T172359,214.01,14.3252,35.1146,16,-1.012294,8
CTD_CP_H,20240501T172359,216.03,14.2631,35.1167,16,-1.012227,8
CTD_CP_H,20240501T172400,218.05,14.2132,35.1200,15,-1.012084,8
CTD_CP_H,20240501T172400,220.03,14.1509,35.1227,15,-1.012105,7
CTD_CP_H,20240501T172400,221.99,14.0949,35.1218,14,-1.012158,7
CTD_CP_H,20240501T172400,223.96,14.0856,35.1203,15,-1.012193,8
CTD_CP_H,20240501T172400,225.97,14.0688,35.1174,14,-1.012352,7
CTD_CP_H,20240501T172400,227.97,14.0520,35.1141,15,-1.012448,7
CTD_CP_H,20240501T172400,230.03,14.0461,35.1138,15,-1.012320,8
CTD_CP_H,20240501T172400,232.00,14.0354,35.1117,14,-1.012381,7
CTD_CP_H,20240501T172400,233.99,13.9535,35.1137,15,-1.012283,7
CTD_CP_H,20240501T172400,235.99,13.8961,35.1138,14,-1.012168,7
CTD_CP_H,20240501T172400,237.97,13.7576,35.1121,14,-1.012388,7
CTD_CP_H,20240501T172400,240.02,13.5087,35.1027,14,-1.012563,7
CTD_CP_H,20240501T172400,242.00,13.3902,35.1020,12,-1.012391,6
CTD_CP_H,20240501T172401,243.95,13.2864,35.1007,13,-1.012425,7
CTD_CP_H,20240501T172401,245.98,13.2032,35.0993,13,-1.012134,6
CTD_CP_H,20240501T172401,248.01,13.1480,35.0979,13,-1.011848,7
CTD_CP_H,20240501T172401,250.04,13.1314,35.0978,13,-1.012035,6
CTD_CP_H,20240501T172401,251.98,13.1316,35.1008,12,-1.012353,6
CTD_CP_H,20240501T172401,253.92,13.1325,35.1028,13,-1.012537,7
CTD_CP_H,20240501T172401,255.92,13.1342,35.1039,13,-1.012635,6
CTD_CP_H,20240501T172401,257.98,13.1335,35.1038,14,-1.012691,7
CTD_CP_H,20240501T172401,260.00,13.1267,35.1030,13,-1.012687,7
CTD_CP_H,20240501T172401,261.99,13.0852,35.1009,14,-1.012694,7
CTD_CP_H,20240501T172401,264.00,12.9875,35.1020,13,-1.012556,6
CTD_CP_H,20240501T172401,265.96,12.8984,35.1018,13,-1.012358,7
CTD_CP_H,20240501T172401,267.99,12.7696,35.0952,14,-1.012225,7
CTD_CP_H,20240501T172401,270.02,12.7623,35.0937,13,-1.012193,6
CTD_CP_H,20240501T172402,272.00,12.7571,35.0923,14,-1.012176,7
CTD_CP_H,20240501T172402,274.03,12.7249,35.0909,14,-1.012151,7
CTD_CP_H,20240501T172402,276.02,12.7125,35.0895,14,-1.012126,7
CTD_CP_H,20240501T172402,278.00,12.6993,35.0889,14,-1.012201,7
CTD_CP_H,20240501T172402,279.96,12.6318,35.0920,14,-1.012246,7
CTD_CP_H,20240501T172402,281.99,12.5814,35.0916,15,-1.012240,8
CTD_CP_H,20240501T172402,284.02,12.5005,35.0887,14,-1.012195,7
CTD_CP_H,20240501T172402,285.98,12.4071,35.0849,14,-1.012034,7
CTD_CP_H,20240501T172402,288.00,12.3051,35.0796,15,-1.012011,7
CTD_CP_H,20240501T172402,290.00,12.2899,35.0767,14,-1.012007,7
CTD_CP_H,20240501T172402,291.98,12.2199,35.0742,15,-1.012088,8
CTD_CP_H,20240501T172402,294.04,12.1411,35.0715,15,-1.012283,7
CTD_CP_H,20240501T172402,296.04,12.0740,35.0687,14,-1.012284,7
CTD_CP_H,20240501T172402,298.02,12.0177,35.0647,15,-1.012261,8
CTD_CP_H,20240501T172403,299.98,11.9973,35.0626,14,-1.012251,7
CTD_CP_H,20240501T172403,301.96,11.9418,35.0604,15,-1.012135,7
CTD_CP_H,20240501T172403,303.99,11.8933,35.0577,15,-1.012205,8
CTD_CP_H,20240501T172403,306.04,11.8198,35.0558,15,-1.012161,7
CTD_CP_H,20240501T172403,308.05,11.7834,35.0591,15,-1.012130,8
CTD_CP_H,20240501T172403,310.01,11.7208,35.0580,14,-1.011964,7
CTD_CP_H,20240501T172403,311.99,11.6309,35.0529,15,-1.011883,7
CTD_CP_H,20240501T172403,314.01,11.5918,35.0462,15,-1.011659,8
CTD_CP_H,20240501T172403,316.00,11.5329,35.0381,14,-1.011056,7
CTD_CP_H,20240501T172403,317.98,11.4489,35.0247,15,-1.010686,7
CTD_CP_H,20240501T172403,320.01,11.4308,35.0210,15,-1.010575,8
CTD_CP_H,20240501T172403,322.03,11.4201,35.0191,15,-1.010469,7
CTD_CP_H,20240501T172403,324.01,11.4112,35.0178,14,-1.010472,7
CTD_CP_H,20240501T172404,325.99,11.3983,35.0205,15,-1.010739,8
CTD_CP_H,20240501T172404,327.98,11.3901,35.0226,14,-1.010850,7
CTD_CP_H,20240501T172404,329.98,11.3956,35.0242,15,-1.010964,7
CTD_CP_H,20240501T172404,331.98,11.3939,35.0245,14,-1.010947,7
CTD_CP_H,20240501T172404,333.96,11.3943,35.0242,15,-1.010957,8
CTD_CP_H,20240501T172404,335.97,11.3903,35.0238,15,-1.010958,7
CTD_CP_H,20240501T172404,338.01,11.3796,35.0234,15,-1.010949,8
CTD_CP_H,20240501T172404,340.01,11.3714,35.0232,15,-1.010948,7
CTD_CP_H,20240501T172404,342.03,11.3702,35.0269,15,-1.011313,8
CTD_CP_H,20240501T172404,344.04,11.3668,35.0279,15,-1.011351,7
CTD_CP_H,20240501T172404,346.04,11.3619,35.0269,15,-1.011352,8
CTD_CP_H,20240501T172404,348.05,11.3489,35.0245,15,-1.011283,7
CTD_CP_H,20240501T172404,350.05,11.2712,35.0172,15,-1.010991,8
CTD_CP_H,20240501T172404,352.05,11.2232,35.0116,15,-1.010791,7
CTD_CP_H,20240501T172405,354.05,11.2230,35.0112,15,-1.010882,8
CTD_CP_H,20240501T172405,356.02,11.2268,35.0157,15,-1.011502,7
CTD_CP_H,20240501T172405,358.00,11.2106,35.0198,15,-1.011687,8
CTD_CP_H,20240501T172405,359.98,11.1562,35.0139,15,-1.011371,7
CTD_CP_H,20240501T172405,362.01,11.1135,35.0075,16,-1.011037,8
CTD_CP_H,20240501T172405,364.04,11.0608,35.0006,15,-1.010665,8
CTD_CP_H,20240501T172405,366.00,11.0397,34.9977,15,-1.010773,7
CTD_CP_H,20240501T172405,367.96,11.0497,35.0067,15,-1.011339,8
CTD_CP_H,20240501T172405,369.99,11.0306,35.0055,16,-1.011272,8
CTD_CP_H,20240501T172405,372.00,11.0237,35.0019,15,-1.011222,7
CTD_CP_H,20240501T172405,373.99,10.9542,34.9943,16,-1.010641,8
CTD_CP_H,20240501T172405,376.00,10.8556,34.9817,15,-1.010244,8
CTD_CP_H,20240501T172405,378.00,10.8327,34.9847,16,-1.011220,8
CTD_CP_H,20240501T172405,380.02,10.8756,35.0138,15,-1.012728,7
CTD_CP_H,20240501T172406,381.97,10.9040,35.0291,15,-1.013119,8
CTD_CP_H,20240501T172406,383.99,10.9040,35.0297,16,-1.013107,8
CTD_CP_H,20240501T172406,386.04,10.9100,35.0322,16,-1.013271,8
CTD_CP_H,20240501T172406,388.02,10.9351,35.0414,15,-1.013557,7
CTD_CP_H,20240501T172406,390.01,10.9441,35.0449,16,-1.013605,8
CTD_CP_H,20240501T172406,391.98,10.9391,35.0444,15,-1.013595,8
CTD_CP_H,20240501T172406,393.96,10.9371,35.0450,16,-1.013652,8
CTD_CP_H,20240501T172406,396.01,10.9356,35.0462,16,-1.013663,8
CTD_CP_H,20240501T172406,397.97,10.9270,35.0441,15,-1.013608,7
CTD_CP_H,20240501T172406,399.96,10.9109,35.0416,16,-1.013532,8
CTD_CP_H,20240501T172406,402.00,10.8991,35.0391,16,-1.013470,8
CTD_CP_H,20240501T172406,403.98,10.8840,35.0362,15,-1.013363,8
CTD_CP_H,20240501T172406,405.96,10.8554,35.0318,16,-1.013259,8
CTD_CP_H,20240501T172406,408.00,10.8363,35.0282,16,-1.013194,8
CTD_CP_H,20240501T172407,410.05,10.8130,35.0251,16,-1.013083,8
CTD_CP_H,20240501T172407,412.00,10.7911,35.0206,15,-1.012985,7
CTD_CP_H,20240501T172407,413.96,10.7778,35.0178,16,-1.012944,8
CTD_CP_H,20240501T172407,415.96,10.7573,35.0135,16,-1.012793,8
CTD_CP_H,20240501T172407,417.97,10.6938,35.0061,16,-1.012540,8
CTD_CP_H,20240501T172407,419.97,10.6619,35.0011,16,-1.012418,8
CTD_CP_H,20240501T172407,422.02,10.6486,34.9975,17,-1.012312,9
CTD_CP_H,20240501T172407,424.08,10.6158,34.9911,16,-1.012035,8
CTD_CP_H,20240501T172407,426.00,10.5484,34.9795,15,-1.011575,7
CTD_CP_H,20240501T172407,427.93,10.4678,34.9684,16,-1.011096,8
CTD_CP_H,20240501T172407,429.97,10.4001,34.9593,17,-1.010885,9
CTD_CP_H,20240501T172407,432.00,10.3939,34.9592,16,-1.010951,8
CTD_CP_H,20240501T172407,433.97,10.3716,34.9578,16,-1.010924,8
CTD_CP_H,20240501T172408,435.99,10.3550,34.9580,17,-1.010998,8
CTD_CP_H,20240501T172408,438.01,10.3542,34.9619,16,-1.011217,8
CTD_CP_H,20240501T172408,440.02,10.3571,34.9654,17,-1.011387,9
CTD_CP_H,20240501T172408,442.03,10.3587,34.9671,16,-1.011440,8
CTD_CP_H,20240501T172408,443.99,10.3599,34.9682,16,-1.011462,8
CTD_CP_H,20240501T172408,445.99,10.3598,34.9687,17,-1.011515,8
CTD_CP_H,20240501T172408,447.99,10.3680,34.9727,16,-1.011776,8
CTD_CP_H,20240501T172408,449.97,10.3885,34.9813,17,-1.012138,9
CTD_CP_H,20240501T172408,452.01,10.4012,34.9863,17,-1.012362,8
CTD_CP_H,20240501T172408,454.05,10.4037,34.9897,17,-1.012551,9
CTD_CP_H,20240501T172408,456.00,10.4139,34.9938,16,-1.012731,8
CTD_CP_H,20240501T172408,457.99,10.4218,34.9964,18,-1.012867,9
CTD_CP_H,20240501T172408,460.04,10.4241,34.9986,17,-1.012983,8
CTD_CP_H,20240501T172408,462.00,10.4244,35.0006,16,-1.013118,8
CTD_CP_H,20240501T172409,463.97,10.4265,35.0017,18,-1.013233,9
CTD_CP_H,20240501T172409,465.99,10.4285,35.0035,17,-1.013334,9
CTD_CP_H,20240501T172409,468.00,10.4293,35.0046,18,-1.013367,9
CTD_CP_H,20240501T172409,470.00,10.4289,35.0052,17,-1.013417,8
CTD_CP_H,20240501T172409,471.99,10.4265,35.0063,18,-1.013489,9
CTD_CP_H,20240501T172409,474.00,10.4226,35.0073,18,-1.013551,9
CTD_CP_H,20240501T172409,475.99,10.4189,35.0079,18,-1.013593,9
CTD_CP_H,20240501T172409,477.99,10.4140,35.0086,18,-1.013610,9
CTD_CP_H,20240501T172409,479.97,10.4047,35.0097,18,-1.013671,9
CTD_CP_H,20240501T172409,481.99,10.3891,35.0102,19,-1.013748,10
CTD_CP_H,20240501T172409,483.96,10.3632,35.0108,18,-1.013842,9
CTD_CP_H,20240501T172409,485.95,10.3362,35.0113,19,-1.013923,9
CTD_CP_H,20240501T172409,487.98,10.2908,35.0114,18,-1.014035,9
CTD_CP_H,20240501T172409,489.97,10.2325,35.0106,18,-1.014128,9
CTD_CP_H,20240501T172410,491.97,10.1482,35.0098,18,-1.014253,9
CTD_CP_H,20240501T172410,493.99,10.1188,35.0083,18,-1.014327,9
CTD_CP_H,20240501T172410,495.99,10.1013,35.0061,18,-1.014290,9
CTD_CP_H,20240501T172410,497.98,10.0752,35.0033,18,-1.014238,9
CTD_CP_H,20240501T172410,499.99,10.0513,35.0003,18,-1.014158,9
CTD_CP_H,20240501T172410,502.02,10.0363,34.9984,19,-1.014162,10
CTD_CP_H,20240501T172410,504.04,10.0314,34.9978,18,-1.014317,9
CTD_CP_H,20240501T172410,506.00,10.0297,34.9989,18,-1.014488,9
CTD_CP_H,20240501T172410,507.99,10.0214,34.9983,19,-1.014514,9
CTD_CP_H,20240501T172410,509.99,10.0024,34.9979,18,-1.014533,9
CTD_CP_H,20240501T172410,511.99,9.9710,34.9977,19,-1.014560,10
CTD_CP_H,20240501T172410,513.99,9.9462,34.9971,18,-1.014675,9
CTD_CP_H,20240501T172410,516.01,9.9225,34.9970,19,-1.014796,9
CTD_CP_H,20240501T172411,518.01,9.9185,34.9968,18,-1.014848,9
CTD_CP_H,20240501T172411,520.01,9.9219,35.0043,19,-1.014935,10
CTD_CP_H,20240501T172411,522.00,9.8675,35.0042,18,-1.014816,9
CTD_CP_H,20240501T172411,523.99,9.8429,35.0008,19,-1.014720,9
CTD_CP_H,20240501T172411,526.00,9.7192,34.9988,18,-1.014662,9
CTD_CP_H,20240501T172411,527.97,9.6803,35.0018,18,-1.014973,9
CTD_CP_H,20240501T172411,529.99,9.6590,35.0032,19,-1.015115,10
CTD_CP_H,20240501T172411,532.03,9.6410,35.0030,18,-1.015199,9
CTD_CP_H,20240501T172411,534.04,9.6355,35.0022,19,-1.015242,9
CTD_CP_H,20240501T172411,536.04,9.6140,35.0016,18,-1.015330,9
CTD_CP_H,20240501T172411,538.03,9.5814,35.0027,19,-1.015379,10
CTD_CP_H,20240501T172411,540.01,9.5682,35.0045,18,-1.015365,9
CTD_CP_H,20240501T172411,541.97,9.5645,35.0103,19,-1.015365,9
CTD_CP_H,20240501T172411,543.98,9.5561,35.0104,19,-1.015393,10
CTD_CP_H,20240501T172412,546.01,9.5313,35.0110,19,-1.015471,9
CTD_CP_H,20240501T172412,548.03,9.5085,35.0097,19,-1.015515,10
CTD_CP_H,20240501T172412,550.00,9.4750,35.0072,18,-1.015511,9
CTD_CP_H,20240501T172412,551.99,9.4564,35.0059,19,-1.015516,9
CTD_CP_H,20240501T172412,554.00,9.4504,35.0055,18,-1.015518,9
CTD_CP_H,20240501T172412,556.01,9.4487,35.0053,19,-1.015522,10
CTD_CP_H,20240501T172412,558.01,9.4475,35.0053,18,-1.015513,9
CTD_CP_H,20240501T172412,559.96,9.4472,35.0049,19,-1.015495,9
CTD_CP_H,20240501T172412,561.98,9.4460,35.0047,19,-1.015489,10
CTD_CP_H,20240501T172412,564.01,9.4437,35.0045,19,-1.015489,9
CTD_CP_H,20240501T172412,566.02,9.4405,35.0038,19,-1.015523,10
CTD_CP_H,20240501T172412,568.04,9.4284,35.0036,19,-1.015555,9
CTD_CP_H,20240501T172412,570.02,9.4102,35.0038,18,-1.015601,9
CTD_CP_H,20240501T172412,571.99,9.3977,35.0033,19,-1.015590,10
CTD_CP_H,20240501T172413,574.03,9.3839,35.0028,19,-1.015613,9
CTD_CP_H,20240501T172413,576.00,9.3706,35.0022,18,-1.015541,9
CTD_CP_H,20240501T172413,577.98,9.3525,35.0021,19,-1.015506,10
CTD_CP_H,20240501T172413,580.02,9.3343,35.0018,19,-1.015507,9
CTD_CP_H,20240501T172413,582.01,9.3264,35.0013,18,-1.015499,9
CTD_CP_H,20240501T172413,584.01,9.3182,35.0007,19,-1.015470,10
CTD_CP_H,20240501T172413,586.02,9.3046,35.0000,18,-1.015435,9
CTD_CP_H,20240501T172413,587.97,9.2928,34.9995,18,-1.015380,9
CTD_CP_H,20240501T172413,590.01,9.2916,34.9994,19,-1.015388,9
CTD_CP_H,20240501T172413,592.05,9.2925,35.0011,18,-1.015463,9
CTD_CP_H,20240501T172413,594.02,9.2931,35.0038,18,-1.015509,9
CTD_CP_H,20240501T172413,595.99,9.2930,35.0040,18,-1.015493,9
CTD_CP_H,20240501T172413,597.97,9.2932,35.0041,18,-1.015503,9
CTD_CP_H,20240501T172414,599.96,9.2936,35.0043,18,-1.015496,9
CTD_CP_H,20240501T172414,602.00,9.2940,35.0042,19,-1.015511,10
CTD_CP_H,20240501T172414,604.03,9.2932,35.0041,18,-1.015491,9
CTD_CP_H,20240501T172414,606.00,9.2941,35.0044,18,-1.015504,9
CTD_CP_H,20240501T172414,607.99,9.2952,35.0045,18,-1.015508,9
CTD_CP_H,20240501T172414,609.98,9.2958,35.0047,18,-1.015514,9
CTD_CP_H,20240501T172414,612.02,9.2957,35.0046,19,-1.015506,9
CTD_CP_H,20240501T172414,614.01,9.2952,35.0046,17,-1.015537,9
CTD_CP_H,20240501T172414,615.99,9.2952,35.0046,19,-1.015533,9
CTD_CP_H,20240501T172414,618.03,9.2956,35.0049,18,-1.015553,9
CTD_CP_H,20240501T172414,620.03,9.2954,35.0053,18,-1.015551,9
CTD_CP_H,20240501T172414,622.02,9.2959,35.0053,18,-1.015519,9
CTD_CP_H,20240501T172414,624.01,9.2961,35.0057,18,-1.015519,9
CTD_CP_H,20240501T172414,625.99,9.2974,35.0059,18,-1.015542,9
CTD_CP_H,20240501T172415,628.02,9.2995,35.0069,19,-1.015519,10
CTD_CP_H,20240501T172415,630.05,9.2964,35.0068,18,-1.015541,9
CTD_CP_H,20240501T172415,632.03,9.2925,35.0064,18,-1.015567,9
CTD_CP_H,20240501T172415,634.00,9.2920,35.0068,18,-1.015565,9
CTD_CP_H,20240501T172415,635.97,9.2833,35.0069,18,-1.015647,9
CTD_CP_H,20240501T172415,637.95,9.2769,35.0068,18,-1.015653,9
CTD_CP_H,20240501T172415,640.00,9.2762,35.0070,19,-1.015685,9
CTD_CP_H,20240501T172415,641.99,9.2711,35.0069,17,-1.015739,9
CTD_CP_H,20240501T172415,643.99,9.2603,35.0073,19,-1.015775,9
CTD_CP_H,20240501T172415,646.03,9.2550,35.0071,18,-1.015800,9
CTD_CP_H,20240501T172415,648.01,9.2484,35.0067,18,-1.015793,9
CTD_CP_H,20240501T172415,649.99,9.2394,35.0063,18,-1.015779,9
CTD_CP_H,20240501T172415,652.02,9.2327,35.0060,19,-1.015797,10
CTD_CP_H,20240501T172415,654.05,9.2304,35.0059,18,-1.015814,9
CTD_CP_H,20240501T172416,656.04,9.2280,35.0059,18,-1.015812,9
CTD_CP_H,20240501T172416,658.05,9.2239,35.0058,18,-1.015825,9
CTD_CP_H,20240501T172416,660.04,9.2215,35.0055,18,-1.015843,9
CTD_CP_H,20240501T172416,662.02,9.2181,35.0054,18,-1.015854,9
CTD_CP_H,20240501T172416,664.01,9.2185,35.0055,18,-1.015859,9
CTD_CP_H,20240501T172416,666.00,9.2174,35.0055,18,-1.015827,9
CTD_CP_H,20240501T172416,667.99,9.2175,35.0054,18,-1.015817,9
CTD_CP_H,20240501T172416,669.98,9.2175,35.0055,18,-1.015834,9
CTD_CP_H,20240501T172416,672.00,9.2179,35.0053,19,-1.015835,9
CTD_CP_H,20240501T172416,674.04,9.2176,35.0051,18,-1.015852,9
CTD_CP_H,20240501T172416,675.97,9.2125,35.0047,17,-1.015813,9
CTD_CP_H,20240501T172416,677.94,9.2059,35.0042,19,-1.015796,9
CTD_CP_H,20240501T172416,679.97,9.1999,35.0040,18,-1.015798,9
CTD_CP_H,20240501T172416,682.00,9.1977,35.0036,19,-1.015787,10
CTD_CP_H,20240501T172417,684.02,9.1916,35.0036,18,-1.015819,9
CTD_CP_H,20240501T172417,686.02,9.1843,35.0036,19,-1.015795,9
CTD_CP_H,20240501T172417,688.01,9.1809,35.0029,18,-1.015790,9
CTD_CP_H,20240501T172417,689.99,9.1754,35.0022,19,-1.015777,10
CTD_CP_H,20240501T172417,692.03,9.1530,35.0011,19,-1.015746,9
CTD_CP_H,20240501T172417,694.02,9.1421,34.9991,18,-1.015738,9
CTD_CP_H,20240501T172417,696.01,9.1046,34.9984,19,-1.015851,10
CTD_CP_H,20240501T172417,698.01,9.0639,35.0000,18,-1.015917,9
CTD_CP_H,20240501T172417,700.01,9.0527,34.9991,19,-1.015947,9
CTD_CP_H,20240501T172417,702.01,9.0258,34.9985,18,-1.015920,9
CTD_CP_H,20240501T172417,703.99,9.0076,34.9970,19,-1.015917,10
CTD_CP_H,20240501T172417,705.97,8.9792,34.9953,18,-1.015887,9
CTD_CP_H,20240501T172417,707.96,8.9325,34.9934,19,-1.015912,9
CTD_CP_H,20240501T172418,710.00,8.9029,34.9927,19,-1.016014,10
CTD_CP_H,20240501T172418,711.99,8.8518,34.9912,18,-1.016049,9
CTD_CP_H,20240501T172418,713.99,8.8372,34.9897,19,-1.016051,9
CTD_CP_H,20240501T172418,715.99,8.8359,34.9895,18,-1.016059,9
CTD_CP_H,20240501T172418,717.98,8.8348,34.9892,19,-1.016053,10
CTD_CP_H,20240501T172418,720.01,8.8318,34.9888,19,-1.016048,9
CTD_CP_H,20240501T172418,722.03,8.8273,34.9883,19,-1.016085,10
CTD_CP_H,20240501T172418,724.03,8.8185,34.9879,19,-1.016119,9
CTD_CP_H,20240501T172418,725.99,8.8190,34.9886,18,-1.016149,9
CTD_CP_H,20240501T172418,727.96,8.8204,34.9898,19,-1.016209,10
CTD_CP_H,20240501T172418,729.98,8.8213,34.9932,19,-1.016323,9
CTD_CP_H,20240501T172418,731.97,8.7981,34.9908,19,-1.016251,10
CTD_CP_H,20240501T172418,734.00,8.7787,34.9887,20,-1.016221,10
CTD_CP_H,20240501T172418,736.01,8.7713,34.9872,19,-1.016199,9
CTD_CP_H,20240501T172419,737.97,8.7602,34.9849,19,-1.016172,10
CTD_CP_H,20240501T172419,739.97,8.7307,34.9824,20,-1.016123,10
CTD_CP_H,20240501T172419,742.01,8.6756,34.9812,20,-1.016181,10
CTD_CP_H,20240501T172419,744.01,8.6722,34.9824,19,-1.016209,9
CTD_CP_H,20240501T172419,746.00,8.6721,34.9846,20,-1.016285,10
CTD_CP_H,20240501T172419,747.99,8.6577,34.9863,19,-1.016368,10
CTD_CP_H,20240501T172419,749.99,8.6328,34.9882,20,-1.016376,10
CTD_CP_H,20240501T172419,752.04,8.6246,34.9889,20,-1.016361,10
CTD_CP_H,20240501T172419,754.03,8.6221,34.9901,19,-1.016377,9
CTD_CP_H,20240501T172419,755.98,8.6229,34.9910,20,-1.016384,10
CTD_CP_H,20240501T172419,758.00,8.6203,34.9921,20,-1.016426,10
CTD_CP_H,20240501T172419,760.03,8.6103,34.9934,20,-1.016467,10
CTD_CP_H,20240501T172419,762.01,8.6012,34.9945,19,-1.016513,10
CTD_CP_H,20240501T172420,763.99,8.5923,34.9958,20,-1.016558,10
CTD_CP_H,20240501T172420,765.98,8.5859,34.9963,19,-1.016598,9
CTD_CP_H,20240501T172420,767.97,8.5825,34.9967,20,-1.016598,10
CTD_CP_H,20240501T172420,770.00,8.5804,34.9967,20,-1.016615,10
CTD_CP_H,20240501T172420,771.98,8.5743,34.9963,19,-1.016663,10
CTD_CP_H,20240501T172420,773.98,8.5399,34.9956,20,-1.016708,10
CTD_CP_H,20240501T172420,776.02,8.5103,34.9959,20,-1.016739,10
CTD_CP_H,20240501T172420,778.04,8.5042,34.9959,20,-1.016734,10
CTD_CP_H,20240501T172420,780.01,8.4957,34.9955,19,-1.016694,9
CTD_CP_H,20240501T172420,781.99,8.4883,34.9951,20,-1.016664,10
CTD_CP_H,20240501T172420,783.99,8.4836,34.9948,20,-1.016622,10
CTD_CP_H,20240501T172420,785.97,8.4736,34.9944,20,-1.016618,10
CTD_CP_H,20240501T172420,788.00,8.4515,34.9938,21,-1.016646,11
CTD_CP_H,20240501T172420,790.03,8.3973,34.9933,19,-1.016677,9
CTD_CP_H,20240501T172421,792.02,8.3682,34.9919,20,-1.016762,10
CTD_CP_H,20240501T172421,794.03,8.3472,34.9909,19,-1.016842,10
CTD_CP_H,20240501T172421,796.00,8.3205,34.9910,19,-1.016868,9
CTD_CP_H,20240501T172421,797.97,8.3056,34.9912,19,-1.016852,10
CTD_CP_H,20240501T172421,799.97,8.3013,34.9907,20,-1.016842,10
CTD_CP_H,20240501T172421,802.02,8.3010,34.9909,20,-1.016848,10
CTD_CP_H,20240501T172421,804.03,8.3022,34.9910,19,-1.016816,9
CTD_CP_H,20240501T172421,805.99,8.3037,34.9914,19,-1.016803,10
CTD_CP_H,20240501T172421,807.99,8.3054,34.9918,20,-1.016805,10
CTD_CP_H,20240501T172421,810.01,8.3083,34.9925,20,-1.016790,10
CTD_CP_H,20240501T172421,812.02,8.3110,34.9932,20,-1.016768,10
CTD_CP_H,20240501T172421,814.02,8.3125,34.9934,20,-1.016757,10
CTD_CP_H,20240501T172421,816.00,8.3147,34.9942,20,-1.016756,10
CTD_CP_H,20240501T172422,818.01,8.3157,34.9953,21,-1.016744,10
CTD_CP_H,20240501T172422,820.01,8.3139,34.9961,20,-1.016733,10
CTD_CP_H,20240501T172422,821.97,8.3108,34.9967,20,-1.016738,10
CTD_CP_H,20240501T172422,823.97,8.3064,34.9974,21,-1.016710,11
CTD_CP_H,20240501T172422,826.01,8.3016,34.9983,21,-1.016704,10
CTD_CP_H,20240501T172422,828.01,8.2992,34.9981,20,-1.016682,10
CTD_CP_H,20240501T172422,829.99,8.2937,34.9988,21,-1.016670,11
CTD_CP_H,20240501T172422,832.02,8.2905,34.9991,21,-1.016658,10
CTD_CP_H,20240501T172422,834.00,8.2874,34.9990,21,-1.016677,11
CTD_CP_H,20240501T172422,835.99,8.2770,34.9983,22,-1.016645,11
CTD_CP_H,20240501T172422,838.01,8.2251,34.9966,21,-1.016542,10
CTD_CP_H,20240501T172422,840.00,8.1455,34.9935,21,-1.016519,11
CTD_CP_H,20240501T172422,842.01,8.1341,34.9919,22,-1.016537,11
CTD_CP_H,20240501T172422,844.04,8.1184,34.9902,22,-1.016636,11
CTD_CP_H,20240501T172423,846.04,8.1069,34.9894,21,-1.016716,10
CTD_CP_H,20240501T172423,847.99,8.0970,34.9893,21,-1.016880,11
CTD_CP_H,20240501T172423,850.00,8.0526,34.9900,22,-1.016800,11
CTD_CP_H,20240501T172423,852.00,8.0337,34.9906,21,-1.016773,10
CTD_CP_H,20240501T172423,853.99,8.0323,34.9911,22,-1.016794,11
CTD_CP_H,20240501T172423,856.02,8.0276,34.9925,22,-1.016802,11
CTD_CP_H,20240501T172423,858.01,8.0248,34.9925,21,-1.016785,11
CTD_CP_H,20240501T172423,860.00,8.0198,34.9927,22,-1.016800,11
CTD_CP_H,20240501T172423,862.00,8.0171,34.9939,21,-1.016807,10
CTD_CP_H,20240501T172423,864.01,8.0064,34.9957,22,-1.016837,11
CTD_CP_H,20240501T172423,866.01,7.9980,34.9955,21,-1.016821,11
CTD_CP_H,20240501T172423,867.97,7.9945,34.9950,21,-1.016845,10
CTD_CP_H,20240501T172423,869.99,7.9817,34.9942,22,-1.016872,11
CTD_CP_H,20240501T172423,871.98,7.9769,34.9935,21,-1.016896,11
CTD_CP_H,20240501T172424,873.97,7.9725,34.9934,22,-1.016954,11
CTD_CP_H,20240501T172424,876.00,7.9683,34.9932,22,-1.016991,11
CTD_CP_H,20240501T172424,878.02,7.9596,34.9922,22,-1.017040,11
CTD_CP_H,20240501T172424,880.01,7.9177,34.9895,21,-1.017089,10
CTD_CP_H,20240501T172424,881.99,7.8901,34.9866,22,-1.017086,11
CTD_CP_H,20240501T172424,884.02,7.8699,34.9847,22,-1.017126,11
CTD_CP_H,20240501T172424,886.02,7.8387,34.9835,21,-1.017128,11
CTD_CP_H,20240501T172424,888.00,7.8289,34.9834,22,-1.017127,11
CTD_CP_H,20240501T172424,889.99,7.7768,34.9795,21,-1.017134,10
CTD_CP_H,20240501T172424,891.96,7.7341,34.9755,21,-1.017164,11
CTD_CP_H,20240501T172424,893.98,7.7058,34.9733,22,-1.017179,11
CTD_CP_H,20240501T172424,896.04,7.6777,34.9729,22,-1.017190,11
CTD_CP_H,20240501T172424,898.05,7.6666,34.9720,21,-1.017228,10
CTD_CP_H,20240501T172425,900.02,7.6411,34.9715,22,-1.017224,11
CTD_CP_H,20240501T172425,902.03,7.6335,34.9712,26,-1.017222,13
CTD_CP_H,20240501T172425,904.02,7.6222,34.9702,28,-1.017197,14
CTD_CP_H,20240501T172425,905.99,7.6100,34.9692,27,-1.017204,14
CTD_CP_H,20240501T172425,907.98,7.5944,34.9683,28,-1.017193,14
CTD_CP_H,20240501T172425,909.97,7.5895,34.9676,28,-1.017199,14
CTD_CP_H,20240501T172425,911.97,7.5639,34.9663,28,-1.017222,14
CTD_CP_H,20240501T172425,913.99,7.5298,34.9652,28,-1.017220,14
CTD_CP_H,20240501T172425,916.02,7.5052,34.9648,28,-1.017228,14
CTD_CP_H,20240501T172425,918.00,7.5008,34.9647,27,-1.017197,13
CTD_CP_H,20240501T172425,919.99,7.4915,34.9643,28,-1.017166,14
CTD_CP_H,20240501T172425,922.01,7.4819,34.9640,28,-1.017169,14
CTD_CP_H,20240501T172425,924.02,7.4712,34.9636,28,-1.017154,14
CTD_CP_H,20240501T172426,926.02,7.4661,34.9631,28,-1.017150,14
CTD_CP_H,20240501T172426,928.01,7.4416,34.9617,28,-1.017184,14
CTD_CP_H,20240501T172426,929.98,7.4182,34.9612,27,-1.017182,14
CTD_CP_H,20240501T172426,931.99,7.4085,34.9615,29,-1.017201,14
CTD_CP_H,20240501T172426,933.99,7.4040,34.9617,27,-1.017186,14
CTD_CP_H,20240501T172426,935.96,7.4011,34.9619,28,-1.017189,14
CTD_CP_H,20240501T172426,937.98,7.3991,34.9619,28,-1.017189,14
CTD_CP_H,20240501T172426,940.01,7.3956,34.9621,28,-1.017195,14
CTD_CP_H,20240501T172426,942.00,7.3905,34.9623,27,-1.017198,13
CTD_CP_H,20240501T172426,943.99,7.3881,34.9622,28,-1.017204,14
CTD_CP_H,20240501T172426,945.99,7.3803,34.9623,27,-1.017221,14
CTD_CP_H,20240501T172426,947.97,7.3772,34.9627,27,-1.017252,13
CTD_CP_H,20240501T172426,949.96,7.3732,34.9633,27,-1.017243,14
CTD_CP_H,20240501T172426,951.96,7.3690,34.9644,27,-1.017279,13
CTD_CP_H,20240501T172427,953.96,7.3682,34.9648,27,-1.017288,14
CTD_CP_H,20240501T172427,955.98,7.3676,34.9654,27,-1.017272,13
CTD_CP_H,20240501T172427,958.01,7.3558,34.9658,27,-1.017300,14
CTD_CP_H,20240501T172427,960.03,7.3437,34.9654,27,-1.017318,13
CTD_CP_H,20240501T172427,962.03,7.3369,34.9653,26,-1.017332,13
CTD_CP_H,20240501T172427,964.00,7.3204,34.9650,25,-1.017355,13
CTD_CP_H,20240501T172427,965.99,7.2735,34.9624,26,-1.017310,13
CTD_CP_H,20240501T172427,968.00,7.2639,34.9614,25,-1.017304,12
CTD_CP_H,20240501T172427,969.99,7.2563,34.9605,25,-1.017286,13
CTD_CP_H,20240501T172427,972.00,7.2265,34.9590,26,-1.017236,13
CTD_CP_H,20240501T172427,974.01,7.2176,34.9586,25,-1.017208,12
CTD_CP_H,20240501T172427,976.00,7.2145,34.9581,25,-1.017215,13
CTD_CP_H,20240501T172427,977.97,7.2136,34.9577,25,-1.017233,12
CTD_CP_H,20240501T172428,979.99,7.2111,34.9572,26,-1.017249,13
CTD_CP_H,20240501T172428,982.01,7.2013,34.9557,25,-1.017254,13
CTD_CP_H,20240501T172428,984.02,7.1535,34.9536,25,-1.017245,12
CTD_CP_H,20240501T172428,986.01,7.1163,34.9526,24,-1.017236,12
CTD_CP_H,20240501T172428,988.01,7.1036,34.9525,25,-1.017242,13
CTD_CP_H,20240501T172428,990.01,7.0982,34.9523,24,-1.017255,12
CTD_CP_H,20240501T172428,991.99,7.0942,34.9522,24,-1.017228,12
CTD_CP_H,20240501T172428,994.00,7.0898,34.9521,25,-1.017261,12
CTD_CP_H,20240501T172428,996.02,7.0857,34.9521,24,-1.017309,12
CTD_CP_H,20240501T172428,998.01,7.0823,34.9521,24,-1.017329,12
CTD_CP_H,20240501T172428,1000.01,7.0812,34.9522,24,-1.017341,12
CTD_CP_H,20240501T172428,1002.00,7.0812,34.9522,24,-1.017348,12
CTD_CP_H,20240501T172428,1003.98,7.0814,34.9524,24,-1.017338,12
CTD_CP_H,20240501T172428,1005.96,7.0798,34.9524,24,-1.017353,12
CTD_CP_H,20240501T172429,1007.98,7.0793,34.9521,25,-1.017339,13
CTD_CP_H,20240501T172429,1010.03,7.0791,34.9523,25,-1.017346,12
CTD_CP_H,20240501T172429,1012.04,7.0788,34.9524,24,-1.017325,12
CTD_CP_H,20240501T172429,1014.02,7.0789,34.9526,24,-1.017347,12
CTD_CP_H,20240501T172429,1015.98,7.0797,34.9524,23,-1.017372,12
CTD_CP_H,20240501T172429,1017.99,7.0799,34.9526,25,-1.017379,12
CTD_CP_H,20240501T172429,1020.03,7.0803,34.9525,24,-1.017389,12
CTD_CP_H,20240501T172429,1021.99,7.0806,34.9525,24,-1.017393,12
CTD_CP_H,20240501T172429,1024.00,7.0807,34.9525,25,-1.017411,13
CTD_CP_H,20240501T172429,1026.01,7.0805,34.9519,24,-1.017410,12
CTD_CP_H,20240501T172429,1028.01,7.0601,34.9515,25,-1.017392,12
CTD_CP_H,20240501T172429,1030.01,7.0358,34.9507,24,-1.017379,12
CTD_CP_H,20240501T172429,1032.00,7.0345,34.9509,25,-1.017392,13
CTD_CP_H,20240501T172430,1034.00,7.0354,34.9513,24,-1.017424,12
CTD_CP_H,20240501T172430,1035.98,7.0368,34.9517,25,-1.017444,12
CTD_CP_H,20240501T172430,1037.99,7.0036,34.9502,25,-1.017451,13
CTD_CP_H,20240501T172430,1039.98,6.9640,34.9491,24,-1.017431,12
CTD_CP_H,20240501T172430,1041.98,6.9540,34.9485,25,-1.017444,12
CTD_CP_H,20240501T172430,1044.01,6.9502,34.9484,25,-1.017423,13
CTD_CP_H,20240501T172430,1045.99,6.9474,34.9486,24,-1.017425,12
CTD_CP_H,20240501T172430,1047.98,6.9427,34.9482,25,-1.017438,12
CTD_CP_H,20240501T172430,1050.01,6.9400,34.9480,25,-1.017449,13
CTD_CP_H,20240501T172430,1052.00,6.9386,34.9485,24,-1.017470,12
CTD_CP_H,20240501T172430,1053.97,6.9355,34.9483,25,-1.017482,12
CTD_CP_H,20240501T172430,1055.99,6.9307,34.9482,25,-1.017480,13
CTD_CP_H,20240501T172430,1057.99,6.9236,34.9488,24,-1.017527,12
CTD_CP_H,20240501T172430,1059.98,6.9079,34.9487,25,-1.017509,12
CTD_CP_H,20240501T172431,1062.00,6.8887,34.9480,25,-1.017505,13
CTD_CP_H,20240501T172431,1064.02,6.8836,34.9476,25,-1.017484,12
CTD_CP_H,20240501T172431,1066.03,6.8773,34.9470,25,-1.017488,13
CTD_CP_H,20240501T172431,1068.04,6.8590,34.9471,24,-1.017496,12
CTD_CP_H,20240501T172431,1070.01,6.8270,34.9469,24,-1.017486,12
CTD_CP_H,20240501T172431,1071.99,6.7725,34.9465,24,-1.017466,12
CTD_CP_H,20240501T172431,1074.00,6.7571,34.9457,25,-1.017460,12
CTD_CP_H,20240501T172431,1076.03,6.7358,34.9446,24,-1.017448,12
CTD_CP_H,20240501T172431,1078.03,6.7289,34.9437,24,-1.017447,12
CTD_CP_H,20240501T172431,1080.01,6.7182,34.9424,24,-1.017458,12
CTD_CP_H,20240501T172431,1081.99,6.7024,34.9410,24,-1.017469,12
CTD_CP_H,20240501T172431,1084.00,6.6873,34.9391,24,-1.017460,12
CTD_CP_H,20240501T172431,1086.00,6.6559,34.9367,24,-1.017430,12
CTD_CP_H,20240501T172432,1087.99,6.6367,34.9353,24,-1.017404,12
CTD_CP_H,20240501T172432,1089.99,6.6195,34.9339,24,-1.017405,12
CTD_CP_H,20240501T172432,1092.00,6.6094,34.9329,24,-1.017414,12
CTD_CP_H,20240501T172432,1094.01,6.5913,34.9316,24,-1.017397,12
CTD_CP_H,20240501T172432,1096.03,6.5590,34.9312,24,-1.017398,12
CTD_CP_H,20240501T172432,1098.02,6.5402,34.9314,23,-1.017377,12
CTD_CP_H,20240501T172432,1099.99,6.5214,34.9318,23,-1.017396,11
CTD_CP_H,20240501T172432,1101.96,6.5133,34.9311,23,-1.017393,12
CTD_CP_H,20240501T172432,1103.97,6.4940,34.9292,24,-1.017375,12
CTD_CP_H,20240501T172432,1106.00,6.4606,34.9273,23,-1.017340,11
CTD_CP_H,20240501T172432,1107.99,6.4408,34.9258,23,-1.017316,12
CTD_CP_H,20240501T172432,1109.97,6.4307,34.9241,23,-1.017327,11
CTD_CP_H,20240501T172432,1111.97,6.4125,34.9220,23,-1.017305,12
CTD_CP_H,20240501T172432,1113.99,6.3539,34.9215,23,-1.017267,11
CTD_CP_H,20240501T172433,1116.00,6.3476,34.9222,23,-1.017282,12
CTD_CP_H,20240501T172433,1117.98,6.3470,34.9225,22,-1.017281,11
CTD_CP_H,20240501T172433,1120.00,6.3464,34.9224,24,-1.017283,12
CTD_CP_H,20240501T172433,1122.03,6.3459,34.9221,22,-1.017303,11
CTD_CP_H,20240501T172433,1124.00,6.3452,34.9218,23,-1.017310,11
CTD_CP_H,20240501T172433,1125.99,6.3431,34.9207,23,-1.017259,12
CTD_CP_H,20240501T172433,1127.97,6.3243,34.9181,23,-1.017263,11
CTD_CP_H,20240501T172433,1129.99,6.2705,34.9155,23,-1.017227,12
CTD_CP_H,20240501T172433,1132.01,6.2220,34.9153,23,-1.017177,11
CTD_CP_H,20240501T172433,1134.03,6.2032,34.9153,23,-1.017171,12
CTD_CP_H,20240501T172433,1136.05,6.1967,34.9143,23,-1.017195,11
CTD_CP_H,20240501T172433,1138.02,6.1844,34.9132,22,-1.017173,11
CTD_CP_H,20240501T172433,1139.97,6.1429,34.9119,22,-1.017134,11
CTD_CP_H,20240501T172434,1141.98,6.1186,34.9115,23,-1.017128,12
CTD_CP_H,20240501T172434,1143.98,6.1167,34.9112,22,-1.017097,11
CTD_CP_H,20240501T172434,1145.99,6.1158,34.9112,23,-1.017107,11
CTD_CP_H,20240501T172434,1148.00,6.1159,34.9113,22,-1.017103,11
CTD_CP_H,20240501T172434,1149.97,6.1160,34.9114,22,-1.017112,11
CTD_CP_H,20240501T172434,1151.99,6.1165,34.9113,23,-1.017143,12
CTD_CP_H,20240501T172434,1154.00,6.1165,34.9109,22,-1.017121,11
CTD_CP_H,20240501T172434,1156.00,6.1137,34.9107,23,-1.017141,11
CTD_CP_H,20240501T172434,1158.03,6.1111,34.9100,23,-1.017141,12
CTD_CP_H,20240501T172434,1160.02,6.0895,34.9090,22,-1.017108,11
CTD_CP_H,20240501T172434,1161.99,6.0356,34.9071,22,-1.017086,11
CTD_CP_H,20240501T172434,1163.97,5.9873,34.9051,22,-1.017052,11
CTD_CP_H,20240501T172434,1165.97,5.9641,34.9042,22,-1.017036,11
CTD_CP_H,20240501T172434,1167.97,5.9545,34.9033,22,-1.017044,11
CTD_CP_H,20240501T172435,1169.98,5.9414,34.9023,22,-1.017025,11
CTD_CP_H,20240501T172435,1171.98,5.9282,34.9016,22,-1.017006,11
CTD_CP_H,20240501T172435,1173.97,5.9204,34.9012,22,-1.017018,11
CTD_CP_H,20240501T172435,1175.97,5.9158,34.9009,22,-1.017067,11
CTD_CP_H,20240501T172435,1178.00,5.9117,34.9010,23,-1.017070,11
CTD_CP_H,20240501T172435,1180.02,5.9104,34.9009,24,-1.017067,12
CTD_CP_H,20240501T172435,1182.00,5.9101,34.9008,28,-1.017085,14
CTD_CP_H,20240501T172435,1184.01,5.9095,34.9007,30,-1.017079,15
CTD_CP_H,20240501T172435,1186.02,5.9094,34.9007,28,-1.017074,14
CTD_CP_H,20240501T172435,1187.99,5.9075,34.9004,29,-1.017079,15
CTD_CP_H,20240501T172435,1190.00,5.9009,34.9000,29,-1.017084,14
CTD_CP_H,20240501T172435,1192.01,5.8933,34.8997,29,-1.017094,15
CTD_CP_H,20240501T172435,1194.02,5.8889,34.8994,28,-1.017094,14
CTD_CP_H,20240501T172436,1195.99,5.8857,34.8991,28,-1.017103,14
CTD_CP_H,20240501T172436,1197.99,5.8832,34.8983,29,-1.017097,14
CTD_CP_H,20240501T172436,1200.03,5.8678,34.8971,29,-1.017073,15
CTD_CP_H,20240501T172436,1202.03,5.8440,34.8964,27,-1.017103,13
CTD_CP_H,20240501T172436,1204.02,5.8342,34.8965,28,-1.017120,14
CTD_CP_H,20240501T172436,1206.02,5.8288,34.8963,27,-1.017086,14
CTD_CP_H,20240501T172436,1208.01,5.8243,34.8962,27,-1.017091,13
CTD_CP_H,20240501T172436,1209.99,5.8241,34.8960,27,-1.017099,14
CTD_CP_H,20240501T172436,1211.99,5.8242,34.8958,27,-1.017104,13
CTD_CP_H,20240501T172436,1214.00,5.8223,34.8958,27,-1.017087,14
CTD_CP_H,20240501T172436,1216.00,5.8193,34.8956,27,-1.017099,13
CTD_CP_H,20240501T172436,1217.99,5.8176,34.8954,27,-1.017113,14
CTD_CP_H,20240501T172436,1220.00,5.8139,34.8950,27,-1.017092,13
CTD_CP_H,20240501T172436,1222.00,5.8068,34.8943,26,-1.017079,13
CTD_CP_H,20240501T172437,1224.00,5.7946,34.8936,27,-1.017063,14
CTD_CP_H,20240501T172437,1226.03,5.7848,34.8927,26,-1.017100,13
CTD_CP_H,20240501T172437,1227.99,5.7784,34.8925,25,-1.017093,12
CTD_CP_H,20240501T172437,1229.97,5.7721,34.8919,26,-1.017073,13
CTD_CP_H,20240501T172437,1231.99,5.7601,34.8912,26,-1.017081,13
CTD_CP_H,20240501T172437,1234.01,5.7393,34.8917,26,-1.017069,13
CTD_CP_H,20240501T172437,1235.99,5.7402,34.8923,25,-1.017100,13
CTD_CP_H,20240501T172437,1237.99,5.7403,34.8925,26,-1.017108,13
CTD_CP_H,20240501T172437,1239.99,5.7380,34.8922,25,-1.017137,12
CTD_CP_H,20240501T172437,1242.00,5.7150,34.8912,26,-1.017137,13
CTD_CP_H,20240501T172437,1244.01,5.7036,34.8904,25,-1.017134,13
CTD_CP_H,20240501T172437,1245.99,5.6837,34.8888,25,-1.017116,12
CTD_CP_H,20240501T172437,1247.99,5.6311,34.8863,25,-1.017016,13
CTD_CP_H,20240501T172438,1250.00,5.5856,34.8852,25,-1.016983,12
CTD_CP_H,20240501T172438,1252.02,5.5723,34.8844,25,-1.016975,13
CTD_CP_H,20240501T172438,1254.01,5.5616,34.8839,24,-1.016973,12
CTD_CP_H,20240501T172438,1256.00,5.5558,34.8837,25,-1.016965,12
CTD_CP_H,20240501T172438,1258.03,5.5533,34.8832,25,-1.016983,13
CTD_CP_H,20240501T172438,1260.04,5.5481,34.8823,24,-1.016962,12
CTD_CP_H,20240501T172438,1262.02,5.5286,34.8810,24,-1.016949,12
CTD_CP_H,20240501T172438,1264.01,5.5145,34.8801,24,-1.016945,12
CTD_CP_H,20240501T172438,1266.01,5.4984,34.8799,24,-1.016899,12
CTD_CP_H,20240501T172438,1267.99,5.4950,34.8797,24,-1.016899,12
CTD_CP_H,20240501T172438,1269.99,5.4917,34.8793,24,-1.016900,12
CTD_CP_H,20240501T172438,1271.99,5.4872,34.8789,24,-1.016908,12
CTD_CP_H,20240501T172438,1274.00,5.4833,34.8786,24,-1.016897,12
CTD_CP_H,20240501T172438,1276.00,5.4822,34.8783,24,-1.016916,12
CTD_CP_H,20240501T172439,1278.00,5.4769,34.8779,24,-1.016902,12
CTD_CP_H,20240501T172439,1280.00,5.4652,34.8767,24,-1.016868,12
CTD_CP_H,20240501T172439,1282.02,5.4508,34.8755,24,-1.016867,12
CTD_CP_H,20240501T172439,1284.05,5.4289,34.8746,24,-1.016857,12
CTD_CP_H,20240501T172439,1286.04,5.4180,34.8737,23,-1.016866,11
CTD_CP_H,20240501T172439,1288.03,5.4021,34.8734,24,-1.016868,12
CTD_CP_H,20240501T172439,1290.02,5.3930,34.8735,23,-1.016862,12
CTD_CP_H,20240501T172439,1292.03,5.3883,34.8737,24,-1.016859,12
CTD_CP_H,20240501T172439,1294.02,5.3894,34.8747,23,-1.016860,11
CTD_CP_H,20240501T172439,1295.98,5.3912,34.8749,24,-1.016875,12
CTD_CP_H,20240501T172439,1297.97,5.3875,34.8744,24,-1.016901,12
CTD_CP_H,20240501T172439,1299.96,5.3638,34.8744,23,-1.016890,12
CTD_CP_H,20240501T172439,1301.97,5.3465,34.8753,24,-1.016913,12
CTD_CP_H,20240501T172440,1303.98,5.3159,34.8745,23,-1.016876,11
CTD_CP_H,20240501T172440,1305.96,5.2845,34.8730,23,-1.016851,12
CTD_CP_H,20240501T172440,1307.98,5.2797,34.8720,24,-1.016834,12
CTD_CP_H,20240501T172440,1310.01,5.2707,34.8714,23,-1.016804,11
CTD_CP_H,20240501T172440,1311.99,5.2651,34.8709,23,-1.016819,12
CTD_CP_H,20240501T172440,1313.96,5.2627,34.8706,23,-1.016804,11
CTD_CP_H,20240501T172440,1315.97,5.2614,34.8700,24,-1.016810,12
CTD_CP_H,20240501T172440,1318.00,5.2536,34.8689,23,-1.016788,12
CTD_CP_H,20240501T172440,1320.01,5.2385,34.8664,24,-1.016745,12
CTD_CP_H,20240501T172440,1322.00,5.2278,34.8649,23,-1.016698,11
CTD_CP_H,20240501T172440,1324.02,5.2307,34.8653,24,-1.016716,12
CTD_CP_H,20240501T172440,1326.02,5.2259,34.8645,23,-1.016704,12
CTD_CP_H,20240501T172440,1328.01,5.2256,34.8644,24,-1.016678,12
CTD_CP_H,20240501T172440,1330.04,5.2208,34.8640,24,-1.016684,12
CTD_CP_H,20240501T172441,1332.00,5.2162,34.8633,23,-1.016691,11
CTD_CP_H,20240501T172441,1334.01,5.2129,34.8632,25,-1.016727,13
CTD_CP_H,20240501T172441,1336.03,5.2073,34.8627,23,-1.016686,11
CTD_CP_H,20240501T172441,1338.00,5.1969,34.8616,24,-1.016655,12
CTD_CP_H,20240501T172441,1339.99,5.1897,34.8607,24,-1.016655,12
CTD_CP_H,20240501T172441,1342.00,5.1824,34.8597,24,-1.016640,12
CTD_CP_H,20240501T172441,1344.01,5.1746,34.8588,24,-1.016606,12
CTD_CP_H,20240501T172441,1346.00,5.1666,34.8581,24,-1.016600,12
CTD_CP_H,20240501T172441,1347.99,5.1511,34.8580,24,-1.016576,12
CTD_CP_H,20240501T172441,1349.99,5.1380,34.8586,24,-1.016573,12
CTD_CP_H,20240501T172441,1351.98,5.1249,34.8577,24,-1.016574,12
CTD_CP_H,20240501T172441,1353.99,5.1044,34.8569,24,-1.016568,12
CTD_CP_H,20240501T172441,1356.00,5.0950,34.8560,24,-1.016526,12
CTD_CP_H,20240501T172442,1358.01,5.0866,34.8555,24,-1.016513,12
CTD_CP_H,20240501T172442,1360.02,5.0789,34.8552,24,-1.016525,12
CTD_CP_H,20240501T172442,1362.00,5.0606,34.8548,23,-1.016510,12
CTD_CP_H,20240501T172442,1363.99,5.0397,34.8541,24,-1.016480,12
CTD_CP_H,20240501T172442,1366.01,5.0271,34.8536,24,-1.016486,12
CTD_CP_H,20240501T172442,1368.02,5.0257,34.8534,24,-1.016492,12
CTD_CP_H,20240501T172442,1369.99,5.0235,34.8528,23,-1.016501,11
CTD_CP_H,20240501T172442,1371.99,5.0183,34.8522,24,-1.016489,12
CTD_CP_H,20240501T172442,1373.98,4.9887,34.8525,23,-1.016433,12
CTD_CP_H,20240501T172442,1375.97,4.9790,34.8519,24,-1.016442,12
CTD_CP_H,20240501T172442,1377.98,4.9656,34.8511,24,-1.016414,12
CTD_CP_H,20240501T172442,1379.99,4.9524,34.8513,24,-1.016424,12
CTD_CP_H,20240501T172442,1382.02,4.9454,34.8520,24,-1.016434,12
CTD_CP_H,20240501T172442,1384.03,4.9433,34.8522,24,-1.016463,12
CTD_CP_H,20240501T172443,1386.02,4.9447,34.8524,23,-1.016472,11
CTD_CP_H,20240501T172443,1387.96,4.9451,34.8529,23,-1.016484,12
CTD_CP_H,20240501T172443,1389.95,4.9443,34.8543,24,-1.016515,12
CTD_CP_H,20240501T172443,1391.96,4.9445,34.8556,24,-1.016535,12
CTD_CP_H,20240501T172443,1393.98,4.9443,34.8551,24,-1.016530,12
CTD_CP_H,20240501T172443,1396.01,4.9316,34.8539,24,-1.016518,12
CTD_CP_H,20240501T172443,1398.03,4.9123,34.8527,24,-1.016476,12
CTD_CP_H,20240501T172443,1400.01,4.8837,34.8515,23,-1.016423,11
CTD_CP_H,20240501T172443,1401.96,4.8618,34.8519,23,-1.016423,12
CTD_CP_H,20240501T172443,1403.97,4.8587,34.8526,24,-1.016436,12
CTD_CP_H,20240501T172443,1406.01,4.8541,34.8529,24,-1.016450,12
CTD_CP_H,20240501T172443,1408.01,4.8484,34.8526,23,-1.016439,11
CTD_CP_H,20240501T172443,1409.98,4.8469,34.8517,23,-1.016439,12
CTD_CP_H,20240501T172444,1411.98,4.8312,34.8510,24,-1.016420,12
CTD_CP_H,20240501T172444,1414.00,4.7961,34.8499,23,-1.016400,11
CTD_CP_H,20240501T172444,1416.02,4.7800,34.8495,24,-1.016401,12
CTD_CP_H,20240501T172444,1418.00,4.7659,34.8493,22,-1.016404,11
CTD_CP_H,20240501T172444,1419.96,4.7621,34.8492,23,-1.016394,12
CTD_CP_H,20240501T172444,1422.00,4.7596,34.8489,24,-1.016376,12
CTD_CP_H,20240501T172444,1424.00,4.7536,34.8490,22,-1.016407,11
CTD_CP_H,20240501T172444,1425.97,4.7533,34.8488,23,-1.016386,11
CTD_CP_H,20240501T172444,1427.98,4.7480,34.8489,23,-1.016375,12
CTD_CP_H,20240501T172444,1429.98,4.7379,34.8487,23,-1.016386,11
CTD_CP_H,20240501T172444,1431.99,4.7336,34.8487,23,-1.016376,12
CTD_CP_H,20240501T172444,1434.02,4.7318,34.8485,23,-1.016407,11
CTD_CP_H,20240501T172444,1436.01,4.7282,34.8482,22,-1.016417,11
CTD_CP_H,20240501T172445,1437.99,4.7174,34.8480,23,-1.016403,12
CTD_CP_H,20240501T172445,1439.99,4.7085,34.8472,22,-1.016391,11
CTD_CP_H,20240501T172445,1441.99,4.7027,34.8461,23,-1.016381,11
CTD_CP_H,20240501T172445,1444.00,4.6734,34.8448,22,-1.016334,11
CTD_CP_H,20240501T172445,1445.97,4.6445,34.8441,22,-1.016307,11
CTD_CP_H,20240501T172445,1448.01,4.6365,34.8441,23,-1.016301,12
CTD_CP_H,20240501T172445,1450.03,4.6302,34.8436,22,-1.016298,11
CTD_CP_H,20240501T172445,1452.03,4.6156,34.8428,22,-1.016271,11
CTD_CP_H,20240501T172445,1454.01,4.6121,34.8425,21,-1.016266,10
CTD_CP_H,20240501T172445,1455.99,4.6104,34.8422,22,-1.016245,11
CTD_CP_H,20240501T172445,1458.00,4.6071,34.8417,22,-1.016250,11
CTD_CP_H,20240501T172445,1459.98,4.6012,34.8418,21,-1.016253,11
CTD_CP_H,20240501T172445,1461.97,4.5986,34.8418,22,-1.016235,11
CTD_CP_H,20240501T172445,1464.02,4.5963,34.8421,22,-1.016253,11
CTD_CP_H,20240501T172446,1466.00,4.5959,34.8424,21,-1.016279,10
CTD_CP_H,20240501T172446,1467.99,4.5935,34.8426,22,-1.016296,11
CTD_CP_H,20240501T172446,1469.99,4.5798,34.8420,21,-1.016242,11
CTD_CP_H,20240501T172446,1471.99,4.5622,34.8411,22,-1.016211,11
CTD_CP_H,20240501T172446,1473.98,4.5537,34.8408,21,-1.016195,10
CTD_CP_H,20240501T172446,1476.01,4.5374,34.8405,22,-1.016171,11
CTD_CP_H,20240501T172446,1478.01,4.5152,34.8400,20,-1.016133,10
CTD_CP_H,20240501T172446,1479.96,4.4868,34.8394,21,-1.016117,11
CTD_CP_H,20240501T172446,1481.96,4.4659,34.8384,21,-1.016090,10
CTD_CP_H,20240501T172446,1483.98,4.4528,34.8377,21,-1.016085,11
CTD_CP_H,20240501T172446,1485.99,4.4472,34.8380,21,-1.016083,10
CTD_CP_H,20240501T172446,1488.00,4.4473,34.8380,21,-1.016095,11
CTD_CP_H,20240501T172446,1490.02,4.4470,34.8379,22,-1.016109,11
CTD_CP_H,20240501T172447,1492.04,4.4469,34.8379,25,-1.016089,12
CTD_CP_H,20240501T172447,1494.03,4.4448,34.8377,27,-1.016075,14
CTD_CP_H,20240501T172447,1496.00,4.4402,34.8373,26,-1.016057,13
CTD_CP_H,20240501T172447,1497.99,4.4329,34.8368,27,-1.016061,13
CTD_CP_H,20240501T172447,1500.02,4.4293,34.8370,27,-1.016066,14
CTD_CP_H,20240501T172447,1502.02,4.4273,34.8368,26,-1.016063,13
CTD_CP_H,20240501T172447,1504.01,4.4223,34.8363,27,-1.016068,13
CTD_CP_H,20240501T172447,1506.02,4.4106,34.8358,26,-1.016059,13
CTD_CP_H,20240501T172447,1508.00,4.3954,34.8348,26,-1.016032,13
CTD_CP_H,20240501T172447,1510.00,4.3742,34.8346,26,-1.016040,13
CTD_CP_H,20240501T172447,1512.00,4.3633,34.8346,26,-1.016028,13
CTD_CP_H,20240501T172447,1514.00,4.3585,34.8347,26,-1.016025,13
CTD_CP_H,20240501T172447,1516.00,4.3581,34.8345,26,-1.016014,13
CTD_CP_H,20240501T172447,1518.01,4.3569,34.8341,26,-1.016037,13
CTD_CP_H,20240501T172448,1519.98,4.3496,34.8335,25,-1.016019,13
CTD_CP_H,20240501T172448,1521.97,4.3266,34.8332,26,-1.016004,13
CTD_CP_H,20240501T172448,1523.98,4.3248,34.8331,26,-1.016016,13
CTD_CP_H,20240501T172448,1525.98,4.3248,34.8330,26,-1.016016,13
CTD_CP_H,20240501T172448,1527.98,4.3247,34.8329,26,-1.016009,13
CTD_CP_H,20240501T172448,1529.98,4.3244,34.8325,26,-1.016021,13
CTD_CP_H,20240501T172448,1531.99,4.3152,34.8316,26,-1.016012,13
CTD_CP_H,20240501T172448,1534.00,4.2979,34.8304,26,-1.015989,13
CTD_CP_H,20240501T172448,1535.98,4.2595,34.8295,25,-1.015952,12
CTD_CP_H,20240501T172448,1537.97,4.2511,34.8293,26,-1.015939,13
CTD_CP_H,20240501T172448,1540.01,4.2488,34.8292,26,-1.015936,13
CTD_CP_H,20240501T172448,1541.99,4.2461,34.8292,25,-1.015946,13
CTD_CP_H,20240501T172448,1543.97,4.2456,34.8291,26,-1.015938,13
CTD_CP_H,20240501T172449,1545.99,4.2450,34.8289,26,-1.015936,13
CTD_CP_H,20240501T172449,1547.99,4.2430,34.8285,25,-1.015937,12
CTD_CP_H,20240501T172449,1550.01,4.2362,34.8282,26,-1.015949,13
CTD_CP_H,20240501T172449,1552.02,4.2319,34.8279,25,-1.015925,13
CTD_CP_H,20240501T172449,1554.00,4.2292,34.8275,25,-1.015926,12
CTD_CP_H,20240501T172449,1556.02,4.2213,34.8269,26,-1.015891,13
CTD_CP_H,20240501T172449,1558.03,4.2000,34.8264,25,-1.015851,13
CTD_CP_H,20240501T172449,1560.01,4.1898,34.8257,25,-1.015835,12
CTD_CP_H,20240501T172449,1561.98,4.1793,34.8247,25,-1.015824,13
CTD_CP_H,20240501T172449,1564.00,4.1551,34.8232,26,-1.015769,13
CTD_CP_H,20240501T172449,1566.05,4.1165,34.8224,25,-1.015741,12
CTD_CP_H,20240501T172449,1568.04,4.0983,34.8224,24,-1.015742,12
CTD_CP_H,20240501T172449,1570.02,4.0943,34.8225,24,-1.015770,12
CTD_CP_H,20240501T172449,1572.01,4.0943,34.8228,24,-1.015786,12
CTD_CP_H,20240501T172450,1574.00,4.0946,34.8228,25,-1.015775,13
CTD_CP_H,20240501T172450,1576.00,4.0947,34.8229,24,-1.015761,12
CTD_CP_H,20240501T172450,1577.97,4.0952,34.8230,24,-1.015770,12
CTD_CP_H,20240501T172450,1579.99,4.0951,34.8231,25,-1.015772,12
CTD_CP_H,20240501T172450,1582.01,4.0950,34.8232,24,-1.015776,12
CTD_CP_H,20240501T172450,1584.00,4.0952,34.8231,24,-1.015784,12
CTD_CP_H,20240501T172450,1586.00,4.0943,34.8231,25,-1.015795,13
CTD_CP_H,20240501T172450,1588.03,4.0940,34.8232,25,-1.015802,12
CTD_CP_H,20240501T172450,1590.04,4.0941,34.8232,24,-1.015819,12
CTD_CP_H,20240501T172450,1592.00,4.0938,34.8231,24,-1.015840,12
CTD_CP_H,20240501T172450,1593.99,4.0936,34.8232,25,-1.015837,13
CTD_CP_H,20240501T172450,1596.00,4.0937,34.8231,25,-1.015844,12
CTD_CP_H,20240501T172450,1598.01,4.0938,34.8231,25,-1.015853,13
CTD_CP_H,20240501T172451,1600.00,4.0938,34.8232,24,-1.015838,12
CTD_CP_H,20240501T172451,1602.00,4.0937,34.8232,26,-1.015839,13
CTD_CP_H,20240501T172451,1604.01,4.0934,34.8230,24,-1.015843,12
CTD_CP_H,20240501T172451,1605.98,4.0915,34.8229,24,-1.015832,12
CTD_CP_H,20240501T172451,1608.01,4.0875,34.8222,25,-1.015829,12
CTD_CP_H,20240501T172451,1610.04,4.0638,34.8216,24,-1.015798,12
CTD_CP_H,20240501T172451,1612.03,4.0356,34.8206,24,-1.015738,12
CTD_CP_H,20240501T172451,1614.02,4.0323,34.8200,24,-1.015757,12
CTD_CP_H,20240501T172451,1615.99,4.0278,34.8190,24,-1.015743,12
CTD_CP_H,20240501T172451,1618.02,3.9969,34.8182,25,-1.015676,13
CTD_CP_H,20240501T172451,1620.05,3.9881,34.8180,24,-1.015693,12
CTD_CP_H,20240501T172451,1622.01,3.9786,34.8181,23,-1.015683,11
CTD_CP_H,20240501T172451,1623.96,3.9703,34.8187,24,-1.015705,12
CTD_CP_H,20240501T172451,1626.01,3.9656,34.8196,25,-1.015688,13
CTD_CP_H,20240501T172452,1628.03,3.9583,34.8207,23,-1.015692,11
CTD_CP_H,20240501T172452,1629.95,3.9474,34.8201,23,-1.015703,12
CTD_CP_H,20240501T172452,1631.95,3.9259,34.8191,24,-1.015677,12
CTD_CP_H,20240501T172452,1634.00,3.9157,34.8185,24,-1.015644,12
CTD_CP_H,20240501T172452,1635.99,3.9067,34.8177,23,-1.015625,11
CTD_CP_H,20240501T172452,1637.98,3.8966,34.8162,24,-1.015582,12
CTD_CP_H,20240501T172452,1640.02,3.8815,34.8150,24,-1.015537,12
CTD_CP_H,20240501T172452,1642.04,3.8750,34.8146,23,-1.015534,12
CTD_CP_H,20240501T172452,1644.00,3.8743,34.8144,23,-1.015547,11
CTD_CP_H,20240501T172452,1645.98,3.8669,34.8138,23,-1.015537,12
CTD_CP_H,20240501T172452,1647.99,3.8548,34.8134,23,-1.015529,11
CTD_CP_H,20240501T172452,1650.01,3.8253,34.8139,23,-1.015479,12
CTD_CP_H,20240501T172452,1652.00,3.8151,34.8143,22,-1.015478,11
CTD_CP_H,20240501T172453,1653.97,3.8138,34.8143,22,-1.015471,11
CTD_CP_H,20240501T172453,1655.99,3.8131,34.8142,23,-1.015499,11
CTD_CP_H,20240501T172453,1658.03,3.8122,34.8143,23,-1.015504,12
CTD_CP_H,20240501T172453,1660.03,3.8119,34.8141,22,-1.015487,11
CTD_CP_H,20240501T172453,1661.98,3.8116,34.8143,22,-1.015498,11
CTD_CP_H,20240501T172453,1663.98,3.8114,34.8140,23,-1.015493,11
CTD_CP_H,20240501T172453,1666.00,3.7946,34.8131,22,-1.015464,11
CTD_CP_H,20240501T172453,1667.97,3.7734,34.8116,22,-1.015435,11
CTD_CP_H,20240501T172453,1669.97,3.7633,34.8113,22,-1.015425,11
CTD_CP_H,20240501T172453,1671.98,3.7573,34.8118,22,-1.015445,11
CTD_CP_H,20240501T172453,1673.99,3.7521,34.8124,22,-1.015467,11
CTD_CP_H,20240501T172453,1676.00,3.7512,34.8130,22,-1.015468,11
CTD_CP_H,20240501T172453,1678.02,3.7391,34.8129,22,-1.015469,11
CTD_CP_H,20240501T172453,1679.99,3.7304,34.8122,21,-1.015460,11
CTD_CP_H,20240501T172454,1681.97,3.7227,34.8112,22,-1.015423,11
CTD_CP_H,20240501T172454,1684.01,3.7087,34.8105,22,-1.015414,11
CTD_CP_H,20240501T172454,1686.02,3.6846,34.8101,21,-1.015386,10
CTD_CP_H,20240501T172454,1687.99,3.6783,34.8099,21,-1.015404,11
CTD_CP_H,20240501T172454,1689.99,3.6678,34.8093,22,-1.015388,11
CTD_CP_H,20240501T172454,1692.01,3.6378,34.8072,21,-1.015325,10
CTD_CP_H,20240501T172454,1693.98,3.6095,34.8060,21,-1.015286,11
CTD_CP_H,20240501T172454,1695.97,3.6000,34.8056,21,-1.015276,10
CTD_CP_H,20240501T172454,1697.99,3.5950,34.8056,22,-1.015270,11
CTD_CP_H,20240501T172454,1700.03,3.5929,34.8056,25,-1.015260,13
CTD_CP_H,20240501T172454,1702.00,3.5923,34.8055,27,-1.015257,13
CTD_CP_H,20240501T172454,1703.99,3.5912,34.8055,28,-1.015252,14
CTD_CP_H,20240501T172454,1705.99,3.5908,34.8053,27,-1.015256,14
CTD_CP_H,20240501T172455,1707.99,3.5894,34.8053,26,-1.015253,13
CTD_CP_H,20240501T172455,1709.98,3.5891,34.8053,25,-1.015265,12
CTD_CP_H,20240501T172455,1711.98,3.5895,34.8053,26,-1.015258,13
CTD_CP_H,20240501T172455,1713.98,3.5900,34.8052,26,-1.015262,13
CTD_CP_H,20240501T172455,1715.95,3.5899,34.8053,26,-1.015277,13
CTD_CP_H,20240501T172455,1717.96,3.5895,34.8051,28,-1.015286,14
CTD_CP_H,20240501T172455,1719.98,3.5881,34.8051,27,-1.015287,14
CTD_CP_H,20240501T172455,1722.00,3.5881,34.8050,28,-1.015289,14
CTD_CP_H,20240501T172455,1724.02,3.5874,34.8048,26,-1.015306,13
CTD_CP_H,20240501T172455,1725.98,3.5878,34.8047,27,-1.015300,13
CTD_CP_H,20240501T172455,1728.01,3.5869,34.8046,27,-1.015282,14
CTD_CP_H,20240501T172455,1730.02,3.5832,34.8042,26,-1.015290,13
CTD_CP_H,20240501T172455,1732.00,3.5816,34.8041,27,-1.015281,13
CTD_CP_H,20240501T172455,1733.99,3.5812,34.8040,26,-1.015281,13
CTD_CP_H,20240501T172456,1735.99,3.5794,34.8039,26,-1.015264,13
CTD_CP_H,20240501T172456,1737.99,3.5781,34.8035,27,-1.015275,14
CTD_CP_H,20240501T172456,1740.01,3.5761,34.8031,27,-1.015286,13
CTD_CP_H,20240501T172456,1742.03,3.5721,34.8026,26,-1.015261,13
CTD_CP_H,20240501T172456,1744.00,3.5622,34.8022,26,-1.015231,13
CTD_CP_H,20240501T172456,1745.98,3.5621,34.8020,26,-1.015244,13
CTD_CP_H,20240501T172456,1747.98,3.5582,34.8018,26,-1.015237,13
CTD_CP_H,20240501T172456,1749.97,3.5507,34.8013,26,-1.015237,13
CTD_CP_H,20240501T172456,1751.99,3.5392,34.8008,26,-1.015235,13
CTD_CP_H,20240501T172456,1754.01,3.5276,34.8006,26,-1.015200,13
CTD_CP_H,20240501T172456,1755.99,3.5214,34.8004,25,-1.015181,13
CTD_CP_H,20240501T172456,1757.99,3.5081,34.7996,26,-1.015175,13
CTD_CP_H,20240501T172456,1760.00,3.4857,34.7993,25,-1.015141,12
CTD_CP_H,20240501T172457,1761.98,3.4711,34.7987,25,-1.015153,13
CTD_CP_H,20240501T172457,1764.00,3.4598,34.7990,25,-1.015154,12
CTD_CP_H,20240501T172457,1766.00,3.4587,34.7994,25,-1.015146,13
CTD_CP_H,20240501T172457,1767.98,3.4576,34.7993,25,-1.015147,12
CTD_CP_H,20240501T172457,1770.00,3.4485,34.7989,25,-1.015139,13
CTD_CP_H,20240501T172457,1772.01,3.4314,34.7985,24,-1.015118,12
CTD_CP_H,20240501T172457,1774.00,3.4256,34.7978,24,-1.015089,12
CTD_CP_H,20240501T172457,1775.99,3.4110,34.7970,24,-1.015085,12
CTD_CP_H,20240501T172457,1778.01,3.3970,34.7966,24,-1.015058,12
CTD_CP_H,20240501T172457,1780.03,3.3861,34.7964,24,-1.015043,12
CTD_CP_H,20240501T172457,1782.02,3.3857,34.7964,23,-1.015044,11
CTD_CP_H,20240501T172457,1784.00,3.3849,34.7963,24,-1.015046,12
CTD_CP_H,20240501T172457,1786.01,3.3778,34.7963,23,-1.015050,12
CTD_CP_H,20240501T172457,1788.00,3.3755,34.7958,23,-1.015052,11
CTD_CP_H,20240501T172458,1789.97,3.3673,34.7955,23,-1.015050,12
CTD_CP_H,20240501T172458,1791.96,3.3526,34.7950,23,-1.015023,11
CTD_CP_H,20240501T172458,1793.97,3.3466,34.7948,23,-1.015041,12
CTD_CP_H,20240501T172458,1795.98,3.3460,34.7946,23,-1.015042,11
CTD_CP_H,20240501T172458,1797.98,3.3445,34.7944,23,-1.015040,12
CTD_CP_H,20240501T172458,1799.96,3.3391,34.7941,22,-1.015030,11
CTD_CP_H,20240501T172458,1801.94,3.3333,34.7937,23,-1.015013,11
CTD_CP_H,20240501T172458,1804.00,3.3285,34.7936,23,-1.015000,12
CTD_CP_H,20240501T172458,1806.01,3.3213,34.7933,22,-1.014972,11
CTD_CP_H,20240501T172458,1807.99,3.3148,34.7930,22,-1.014983,11
CTD_CP_H,20240501T172458,1809.99,3.3129,34.7927,23,-1.014980,11
CTD_CP_H,20240501T172458,1812.01,3.3086,34.7921,23,-1.014973,12
CTD_CP_H,20240501T172458,1814.01,3.3018,34.7913,22,-1.014982,11
CTD_CP_H,20240501T172459,1815.99,3.2702,34.7898,22,-1.014924,11
CTD_CP_H,20240501T172459,1818.00,3.2210,34.7889,22,-1.014852,11
CTD_CP_H,20240501T172459,1820.02,3.1966,34.7881,22,-1.014820,11
CTD_CP_H,20240501T172459,1822.00,3.1845,34.7878,21,-1.014815,10
CTD_CP_H,20240501T172459,1823.99,3.1779,34.7875,22,-1.014808,11
CTD_CP_H,20240501T172459,1826.01,3.1768,34.7870,22,-1.014809,11
CTD_CP_H,20240501T172459,1828.00,3.1707,34.7865,21,-1.014815,11
CTD_CP_H,20240501T172459,1829.98,3.1451,34.7863,21,-1.014780,10
CTD_CP_H,20240501T172459,1831.96,3.1400,34.7860,21,-1.014777,11
CTD_CP_H,20240501T172459,1833.99,3.1397,34.7862,22,-1.014792,11
CTD_CP_H,20240501T172459,1836.00,3.1389,34.7860,20,-1.014753,10
CTD_CP_H,20240501T172459,1837.96,3.1376,34.7859,21,-1.014765,10
CTD_CP_H,20240501T172459,1839.94,3.1368,34.7858,21,-1.014778,11
CTD_CP_H,20240501T172459,1841.98,3.1360,34.7858,22,-1.014783,11
CTD_CP_H,20240501T172500,1844.03,3.1353,34.7858,21,-1.014795,10
CTD_CP_H,20240501T172500,1846.00,3.1341,34.7859,20,-1.014791,10
CTD_CP_H,20240501T172500,1847.96,3.1331,34.7858,21,-1.014777,11
CTD_CP_H,20240501T172500,1850.01,3.1320,34.7857,22,-1.014751,11
CTD_CP_H,20240501T172500,1852.03,3.1316,34.7856,20,-1.014739,10
CTD_CP_H,20240501T172500,1853.99,3.1298,34.7854,21,-1.014738,10
CTD_CP_H,20240501T172500,1855.99,3.1259,34.7854,21,-1.014736,11
CTD_CP_H,20240501T172500,1858.01,3.1247,34.7852,21,-1.014729,10
CTD_CP_H,20240501T172500,1860.01,3.1234,34.7852,20,-1.014729,10
CTD_CP_H,20240501T172500,1862.01,3.1227,34.7850,21,-1.014707,11
CTD_CP_H,20240501T172500,1864.01,3.1217,34.7849,20,-1.014705,10
CTD_CP_H,20240501T172500,1866.00,3.1196,34.7848,21,-1.014699,10
CTD_CP_H,20240501T172500,1868.02,3.1182,34.7847,20,-1.014722,10
CTD_CP_H,20240501T172501,1869.99,3.1171,34.7847,20,-1.014711,10
CTD_CP_H,20240501T172501,1872.02,3.1154,34.7845,21,-1.014716,11
CTD_CP_H,20240501T172501,1874.02,3.1142,34.7844,20,-1.014708,10
CTD_CP_H,20240501T172501,1876.00,3.1099,34.7844,20,-1.014668,10
CTD_CP_H,20240501T172501,1877.99,3.1069,34.7842,20,-1.014683,10
CTD_CP_H,20240501T172501,1879.98,3.1067,34.7840,20,-1.014696,10
CTD_CP_H,20240501T172501,1881.97,3.1066,34.7841,20,-1.014704,10
CTD_CP_H,20240501T172501,1884.00,3.1062,34.7840,21,-1.014692,10
CTD_CP_H,20240501T172501,1886.03,3.1061,34.7841,20,-1.014712,10
CTD_CP_H,20240501T172501,1888.03,3.1062,34.7838,20,-1.014706,10
CTD_CP_H,20240501T172501,1890.02,3.1023,34.7836,20,-1.014713,10
CTD_CP_H,20240501T172501,1892.00,3.0916,34.7836,20,-1.014680,10
CTD_CP_H,20240501T172501,1893.99,3.0874,34.7835,20,-1.014682,10
CTD_CP_H,20240501T172501,1896.00,3.0853,34.7834,20,-1.014690,10
CTD_CP_H,20240501T172502,1898.03,3.0794,34.7834,20,-1.014689,10
CTD_CP_H,20240501T172502,1900.00,3.0766,34.7832,19,-1.014687,10
CTD_CP_H,20240501T172502,1901.99,3.0755,34.7832,20,-1.014667,10
CTD_CP_H,20240501T172502,1904.00,3.0747,34.7829,20,-1.014667,10
CTD_CP_H,20240501T172502,1906.00,3.0699,34.7824,20,-1.014668,10
CTD_CP_H,20240501T172502,1908.03,3.0616,34.7819,20,-1.014628,10
CTD_CP_H,20240501T172502,1909.99,3.0472,34.7810,19,-1.014602,9
CTD_CP_H,20240501T172502,1911.96,3.0366,34.7801,20,-1.014549,10
CTD_CP_H,20240501T172502,1913.99,3.0075,34.7799,20,-1.014492,10
CTD_CP_H,20240501T172502,1915.97,2.9922,34.7799,19,-1.014463,10
CTD_CP_H,20240501T172502,1917.96,2.9885,34.7799,20,-1.014459,10
CTD_CP_H,20240501T172502,1919.99,2.9863,34.7797,20,-1.014467,10
CTD_CP_H,20240501T172502,1922.02,2.9848,34.7796,20,-1.014500,10
CTD_CP_H,20240501T172503,1924.01,2.9834,34.7796,19,-1.014527,9
CTD_CP_H,20240501T172503,1926.00,2.9815,34.7794,20,-1.014506,10
CTD_CP_H,20240501T172503,1927.99,2.9796,34.7793,19,-1.014522,10
CTD_CP_H,20240501T172503,1929.98,2.9769,34.7792,20,-1.014532,10
CTD_CP_H,20240501T172503,1932.01,2.9718,34.7789,20,-1.014506,10
CTD_CP_H,20240501T172503,1934.00,2.9660,34.7785,19,-1.014454,9
CTD_CP_H,20240501T172503,1935.96,2.9561,34.7783,19,-1.014439,10
CTD_CP_H,20240501T172503,1937.98,2.9497,34.7779,20,-1.014440,10
CTD_CP_H,20240501T172503,1940.01,2.9404,34.7777,20,-1.014395,10
CTD_CP_H,20240501T172503,1941.99,2.9346,34.7770,19,-1.014385,9
CTD_CP_H,20240501T172503,1943.99,2.9180,34.7769,20,-1.014360,10
CTD_CP_H,20240501T172503,1946.00,2.9114,34.7766,19,-1.014337,10
CTD_CP_H,20240501T172503,1947.99,2.9082,34.7766,20,-1.014324,10
CTD_CP_H,20240501T172503,1950.01,2.9074,34.7764,20,-1.014322,10
CTD_CP_H,20240501T172504,1952.01,2.9062,34.7763,19,-1.014350,9
CTD_CP_H,20240501T172504,1954.00,2.9034,34.7758,20,-1.014352,10
CTD_CP_H,20240501T172504,1956.00,2.8862,34.7756,19,-1.014334,10
CTD_CP_H,20240501T172504,1957.99,2.8682,34.7755,20,-1.014305,10
CTD_CP_H,20240501T172504,1959.99,2.8651,34.7754,19,-1.014297,9
CTD_CP_H,20240501T172504,1961.97,2.8628,34.7748,20,-1.014299,10
CTD_CP_H,20240501T172504,1963.99,2.8576,34.7749,19,-1.014292,10
CTD_CP_H,20240501T172504,1965.98,2.8528,34.7749,20,-1.014277,10
CTD_CP_H,20240501T172504,1968.01,2.8511,34.7745,20,-1.014313,10
CTD_CP_H,20240501T172504,1970.05,2.8502,34.7747,20,-1.014317,10
CTD_CP_H,20240501T172504,1972.05,2.8499,34.7747,19,-1.014328,9
CTD_CP_H,20240501T172504,1973.99,2.8498,34.7745,19,-1.014304,10
CTD_CP_H,20240501T172504,1975.97,2.8487,34.7744,20,-1.014316,10
CTD_CP_H,20240501T172505,1978.02,2.8469,34.7747,20,-1.014302,10
CTD_CP_H,20240501T172505,1980.00,2.8469,34.7748,19,-1.014307,9
CTD_CP_H,20240501T172505,1981.98,2.8474,34.7748,20,-1.014298,10
CTD_CP_H,20240501T172505,1984.00,2.8476,34.7748,20,-1.014282,10
CTD_CP_H,20240501T172505,1986.02,2.8478,34.7750,20,-1.014274,10
CTD_CP_H,20240501T172505,1988.01,2.8478,34.7750,19,-1.014278,10
CTD_CP_H,20240501T172505,1989.99,2.8476,34.7747,20,-1.014252,10
CTD_CP_H,20240501T172505,1992.01,2.8407,34.7743,20,-1.014195,8
CTD_CP_H,20240501T172505,1994.02,2.8286,34.7736,20,nan,0
CTD_CP_H,20240501T172505,1995.93,2.8091,34.7733,18,nan,0
GPS,20240501T172618,0.208510,82.644829,6
CTD_P,20240501T172620,-0.15
