UTC 28-07-2026 22:45
02602 152382  20 31 3
      2026-07-24 00:10:21  1         ED           01           07           02
                                     F4           5C           3A           80
                                     01           00           FF           FB
                                     FB           9D           4E           18
                                     00           00           00           00
                                     92           04           87           35
                                     75           C8           8F           4B
                                     0D           03           65
      2026-07-24 00:11:42  1         E5           03           54           7C
                                     08           E0           0A           51
                                     86           C0           26           F0
                                     09           78           88           05
                                     4A           33           09           9F
                                     87           F9           46           55
                                     09           E1           87           EA
                                     42           69           0A
      2026-07-24 00:12:24  1         A9           04           54           87
                                     E0           3E           81           0A
                                     55           87           C4           3A
                                     99           0A           76           87
                                     A8           36           B1           0A
                                     58           87           87           34
                                     BE           0A           61           87
                                     70           32           C4
      2026-07-24 00:13:06  1         E7           05           0A           42
                                     87           50           30           D5
                                     0A           66           87           3E
                                     2E           DF           0A           3B
                                     87           1D           2C           ED
                                     0A           46           87           03
                                     2A           F9           0A           46
                                     86           E4           29
      2026-07-24 00:13:48  1         68           06           06           0A
                                     55           86           B8           27
                                     0F           0A           9D           86
                                     A1           25           19           0A
                                     C3           86           87           23
                                     26           0A           C5           86
                                     6A           21           37           0A
                                     EA           86           50
      2026-07-24 00:14:30  1         56           07           1F           40
                                     0A           FF           86           28
                                     1D           4A           0B           50
                                     86           0A           1B           5B
                                     0B           98           85           F1
                                     19           66           0B           94
                                     85           D1           17           69
                                     0C           79           85
      2026-07-24 00:15:12  1         75           08           CE           15
                                     80           0D           1F           85
                                     BC           13           89           0E
                                     18           85           AE           11
                                     96           0F           22           85
                                     B1           0F           A2           0F
                                     C3           85           AE           0E
                                     0F           10           79
      2026-07-24 00:15:54  1         06           09           85           AF
                                     0C           E3           11           0F
                                     85           B0           0B           B6
                                     11           8F           85           B4
                                     0A           F5           12           16
                                     85           BB           0A           2C
                                     12           90           85           C1
                                     09           60           13
      2026-07-24 00:16:36  1         7F           0A           34           85
                                     CD           08           99           14
                                     70           85           E4           07
                                     D1           15           5E           85
                                     F5           07           6F           15
                                     AA           85           FF           07
                                     0B           17           3B           86
                                     20           06           A7
      2026-07-24 00:17:18  1         3B           0B           18           8C
                                     86           40           06           43
                                     19           B2           86           56
                                     05           B8           1A           C3
                                     86           7A           05           7B
                                     1C           6D           86           A3
                                     05           0E           1D           0D
                                     86           9F           04
      2026-07-24 00:18:00  1         E1           0C           AB           1D
                                     06           86           6C           04
                                     46           18           7B           84
                                     B5           03           EC           18
                                     9A           84           96           03
                                     88           18           9A           84
                                     94           03           21           18
                                     9A           84           94
      2026-07-24 00:18:42  2         AD           0D           02           BF
                                     18           9C           84           94
                                     02           55           18           A0
                                     84           94           01           F3
                                     18           A1           84           93
                                     01           C3           18           A4
                                     84           93           01           94
                                     18           A6           84
      2026-07-24 00:19:24  2         D7           0E           92           01
                                     5C           18           A6           84
                                     8F           01           31           18
                                     AC           84           90           01
                                     00           18           86           84
                                     88           00           CB           18
                                     8E           84           89           00
                                     9D           18           89
      2026-07-24 00:20:06  2         80           0F           84           89
                                     00           5C           18           87
                                     84           89           00           2C
                                     00           07           00           00
                                     06           06           2F           50
                                     5E           60           61           FF
                                     FF           FF           FF           FF
                                     FF           FF           FF
      2026-07-24 00:20:51  1         9B           01           08           02
                                     F4           5C           3A           80
                                     01           00           FF           FB
                                     FD           9D           4E           18
                                     00           00           00           00
                                     92           04           87           35
                                     75           C8           8F           4B
                                     0D           03           65
      2026-07-24 00:21:30  2         D0           02           0C           4E
                                     62           6A           01           64
                                     05           00           D9           0A
                                     74           27           2B           00
                                     1F           00           51           0A
                                     3C           27           42           0A
                                     D4           25           D7           25
                                     B6           27           ED
02602 152382  12 31 S 1 2026-07-24 01:43:45 -44.913    6.956  0.000 401649601
      2026-07-24 01:39:54  1         06           09           85           AF
                                     0C           E3           11           0F
                                     85           B0           0B           B6
                                     11           8F           85           B4
                                     0A           F5           12           16
                                     85           BB           0A           2C
                                     12           90           85           C1
                                     09           60           13
      2026-07-24 01:40:36  1         7F           0A           34           85
                                     CD           08           99           14
                                     70           85           E4           07
                                     D1           15           5E           85
                                     F5           07           6F           15
                                     AA           85           FF           07
                                     0B           17           3B           86
                                     20           06           A7
      2026-07-24 01:41:18  1         3B           0B           18           8C
                                     86           40           06           43
                                     19           B2           86           56
                                     05           B8           1A           C3
                                     86           7A           05           7B
                                     1C           6D           86           A3
                                     05           0E           1D           0D
                                     86           9F           04
      2026-07-24 01:42:00  1         E1           0C           AB           1D
                                     06           86           6C           04
                                     46           18           7B           84
                                     B5           03           EC           18
                                     9A           84           96           03
                                     88           18           9A           84
                                     94           03           21           18
                                     9A           84           94
      2026-07-24 01:42:42  1         AD           0D           02           BF
                                     18           9C           84           94
                                     02           55           18           A0
                                     84           94           01           F3
                                     18           A1           84           93
                                     01           C3           18           A4
                                     84           93           01           94
                                     18           A6           84
      2026-07-24 01:43:24  1         D7           0E           92           01
                                     5C           18           A6           84
                                     8F           01           31           18
                                     AC           84           90           01
                                     00           18           86           84
                                     88           00           CB           18
                                     8E           84           89           00
                                     9D           18           89
      2026-07-24 01:44:06  1         80           0F           84           89
                                     00           5C           18           87
                                     84           89           00           2C
                                     00           07           00           00
                                     06           06           2F           50
                                     5E           60           61           FF
                                     FF           FF           FF           FF
                                     FF           FF           FF
      2026-07-24 01:44:51  1         F5           01           10           02
                                     F4           5C           3A           80
                                     01           00           FF           FB
                                     FB           9D           4E           18
                                     00           00           00           00
                                     92           04           87           35
                                     75           C8           8F           4B
                                     0D           03           65
      2026-07-24 01:45:30  1         D0           02           0C           4E
                                     62           6A           01           64
                                     05           00           D9           0A
                                     74           27           2B           00
                                     1F           00           51           0A
                                     3C           27           42           0A
                                     D4           25           D7           25
                                     B6           27           ED
      2026-07-24 01:46:12  1         E5           03           54           7C
                                     08           E0           0A           51
                                     86           C0           26           F0
                                     09           78           88           05
                                     4A           33           09           9F
                                     87           F9           46           55
                                     09           E1           87           EA
                                     42           69           0A
      2026-07-24 01:46:54  1         A9           04           54           87
                                     E0           3E           81           0A
                                     55           87           C4           3A
                                     99           0A           76           87
                                     A8           36           B1           0A
                                     58           87           87           34
                                     BE           0A           61           87
                                     70           32           C4
      2026-07-24 01:47:36  1         E3           05           0A           42
                                     87           10           34           D5
                                     0A           66           83           3E
                                     2E           5F           0A           3B
                                     87           0D           2C           6D
                                     0A           47           87           03
                                     2A           F9           0E           C6
                                     86           E4           39
02602 152382  16 31 3 2 2026-07-24 01:52:51 -44.916    6.943  0.000 401649598
      2026-07-24 01:47:36  1         E7           05           0A           42
                                     87           50           30           D5
                                     0A           66           87           3E
                                     2E           DF           0A           3B
                                     87           1D           2C           ED
                                     0A           46           87           03
                                     2A           F9           0A           C6
                                     86           E4           2D
      2026-07-24 01:48:18  1         68           06           06           0A
                                     55           86           B8           27
                                     0F           0A           9D           86
                                     A1           25           19           0A
                                     C3           86           87           23
                                     26           0A           C5           86
                                     6A           21           37           0A
                                     EA           86           50
      2026-07-24 01:49:00  1         56           07           1F           40
                                     0A           FF           86           28
                                     1D           4A           0B           50
                                     86           0A           1B           5B
                                     0B           98           85           F1
                                     19           66           0B           94
                                     85           D1           17           69
                                     0C           79           85
      2026-07-24 01:49:42  1         75           08           CE           15
                                     80           0D           1F           85
                                     BC           13           89           0E
                                     18           85           AE           11
                                     96           0F           22           85
                                     B1           0F           A2           0F
                                     C3           85           AE           0E
                                     0F           10           79
      2026-07-24 01:50:24  1         06           09           85           AF
                                     0C           E3           11           0F
                                     85           B0           0B           B6
                                     11           8F           85           B4
                                     0A           F5           12           16
                                     85           BB           0A           2C
                                     12           90           85           C1
                                     09           60           13
      2026-07-24 01:51:06  1         7F           0A           34           85
                                     CD           08           99           14
                                     70           85           E4           07
                                     D1           15           5E           85
                                     F5           07           6F           15
                                     AA           85           FF           07
                                     0B           17           3B           86
                                     20           06           A7
      2026-07-24 01:51:48  1         3B           0B           18           8C
                                     86           40           06           43
                                     19           B2           86           56
                                     05           B8           1A           C3
                                     86           7A           05           7B
                                     1C           6D           86           A3
                                     05           0E           1D           0D
                                     86           9F           04
      2026-07-24 01:52:30  1         E1           0C           AB           1D
                                     06           86           6C           04
                                     46           18           7B           84
                                     B5           03           AF           9C
                                     B2           84           96           03
                                     88           18           9A           84
                                     94           03           21           18
                                     9A           84           94
      2026-07-24 01:53:12  1         AD           0D           02           BF
                                     18           9C           84           94
                                     02           55           18           A0
                                     84           94           01           F3
                                     18           A1           84           93
                                     01           C3           18           A4
                                     84           93           01           94
                                     18           A6           84
      2026-07-24 01:53:54  1         D7           0E           92           01
                                     5C           18           A6           84
                                     8F           01           31           18
                                     AC           84           90           01
                                     00           18           86           84
                                     88           00           CB           18
                                     8E           84           89           00
                                     9D           18           89
      2026-07-24 01:54:36  1         80           0F           84           89
                                     00           5C           18           87
                                     84           89           00           2C
                                     00           07           00           00
                                     06           06           2F           50
                                     5E           60           61           FF
                                     FF           FF           FF           FF
                                     FF           FF           FF
      2026-07-24 01:55:21  1         D6           01           11           02
                                     F4           5C           3A           80
                                     01           00           FF           FB
                                     FC           9D           4E           18
                                     00           00           00           00
                                     92           04           87           35
                                     75           C8           8F           4B
                                     0D           03           65
      2026-07-24 01:56:00  1         D0           02           0C           4E
                                     62           6A           01           64
                                     05           00           D9           0A
                                     74           27           2B           00
                                     1F           00           51           0A
                                     3C           27           42           0A
                                     D4           25           D7           25
                                     B6           27           ED
      2026-07-24 01:56:42  1         75           03           54           7A
                                     08           E0           0A           51
                                     86           C0           26           F0
                                     09           78           88           05
                                     4A           33           09           9F
                                     87           F9           46           55
                                     09           E1           87           EA
                                     42           69           0A
      2026-07-24 01:57:24  1         A9           04           54           87
                                     E0           3E           81           0A
                                     55           87           C4           3A
                                     99           0A           76           87
                                     A8           36           B1           0A
                                     58           87           87           34
                                     BE           0A           61           87
                                     70           32           C4
      2026-07-24 01:58:06  1         E7           05           0A           42
                                     87           50           30           D5
                                     0A           66           87           3E
                                     2E           DF           0A           3B
                                     87           1D           2C           ED
                                     0A           46           87           03
                                     2A           F9           0A           46
                                     86           E4           29
02602 152382  19 31 S 3 2026-07-24 03:21:10 -44.915    6.996  0.000 401649599
      2026-07-24 03:17:54  1         D7           0E           92           01
                                     5C           18           A6           84
                                     8F           01           31           18
                                     AC           84           90           01
                                     00           18           86           84
                                     88           00           CB           18
                                     8E           84           89           00
                                     9D           18           89
      2026-07-24 03:19:21  1         05           01           19           02
                                     F4           5C           3A           80
                                     01           00           FF           FB
                                     FB           9D           4E           18
                                     00           00           00           00
                                     92           04           87           35
                                     75           C8           8F           4B
                                     0D           03           65
      2026-07-24 03:20:00  1         D0           02           0C           4E
                                     62           6A           01           64
                                     05           00           D9           0A
                                     74           27           2B           00
                                     1F           00           51           0A
                                     3C           27           42           0A
                                     D4           25           D7           25
                                     B6           27           ED
      2026-07-24 03:20:42  1         75           03           54           7A
                                     08           E0           0A           51
                                     86           C0           26           F0
                                     09           78           88           05
                                     4A           33           09           9F
                                     87           F9           46           55
                                     09           E1           87           EA
                                     42           69           0A
      2026-07-24 03:21:24  1         A9           04           54           87
                                     E0           3E           81           0A
                                     55           87           C4           3A
                                     99           0A           76           87
                                     A8           36           B1           0A
                                     58           87           87           34
                                     BE           0A           61           87
                                     70           32           C4
      2026-07-24 03:22:06  1         E7           05           0A           42
                                     87           50           30           D5
                                     0A           66           87           3E
                                     2E           DF           0A           3B
                                     87           1D           2C           ED
                                     0A           46           87           03
                                     2A           F9           0A           46
                                     86           E4           29
      2026-07-24 03:22:48  1         68           06           06           0A
                                     55           86           B8           27
                                     0F           0A           9D           86
                                     A1           25           19           0A
                                     C3           86           87           23
                                     26           0A           C5           86
                                     6A           21           37           0A
                                     EA           86           50
      2026-07-24 03:23:30  1         56           07           1F           40
                                     0A           FF           86           28
                                     1D           4A           0B           50
                                     86           0A           1B           5B
                                     0B           98           85           F1
                                     19           66           0B           94
                                     85           D1           17           69
                                     0C           79           85
      2026-07-24 03:24:12  1         75           08           CE           15
                                     80           0D           1F           85
                                     BC           13           89           0E
                                     18           85           AE           11
                                     96           0F           22           85
                                     B1           0F           A2           0F
                                     C3           85           AE           0E
                                     0F           10           79
      2026-07-24 03:24:54  2         06           09           85           AF
                                     0C           E3           11           0F
                                     85           B0           0B           B6
                                     11           8F           85           B4
                                     0A           F5           12           16
                                     85           BB           0A           2C
                                     12           90           85           C1
                                     09           60           13
      2026-07-24 03:25:36  2         7F           0A           34           85
                                     CD           08           99           14
                                     70           85           E4           07
                                     D1           15           5E           85
                                     F5           07           6F           15
                                     AA           85           FF           07
                                     0B           17           3B           86
                                     20           06           A7
      2026-07-24 03:26:18  2         3B           0B           18           8C
                                     86           40           06           43
                                     19           B2           86           56
                                     05           B8           1A           C3
                                     86           7A           05           7B
                                     1C           6D           86           A3
                                     05           0E           1D           0D
                                     86           9F           04
      2026-07-24 03:27:00  2         E1           0C           AB           1D
                                     06           86           6C           04
                                     46           18           7B           84
                                     B5           03           EC           18
                                     9A           84           96           03
                                     88           18           9A           84
                                     94           03           21           18
                                     9A           84           94
      2026-07-24 03:27:42  2         AD           0D           02           BF
                                     18           9C           84           94
                                     02           55           18           A0
                                     84           94           01           F3
                                     18           A1           84           93
                                     01           C3           18           A4
                                     84           93           01           94
                                     18           A6           84
02602 152382  15 31 R 2 2026-07-24 04:17:23 -44.918    7.027  0.000 401649599
      2026-07-24 04:16:42  1         75           08           CE           15
                                     80           0D           1F           85
                                     BC           13           89           0E
                                     18           85           AE           11
                                     96           0F           22           85
                                     B1           0F           A2           0F
                                     C3           85           AE           0E
                                     0F           10           79
      2026-07-24 04:17:24  1         06           09           85           AF
                                     0C           E3           11           0F
                                     85           B0           0B           B6
                                     11           8F           85           B4
                                     0A           F5           12           16
                                     85           BB           0A           2C
                                     12           90           85           C1
                                     09           60           13
      2026-07-24 04:18:06  1         7F           0A           34           85
                                     CD           08           99           14
                                     70           85           E4           07
                                     D1           15           5E           85
                                     F5           07           6F           15
                                     AA           85           FF           07
                                     0B           17           3B           86
                                     20           06           A7
      2026-07-24 04:18:48  1         3B           0B           18           8C
                                     86           40           06           43
                                     19           B2           86           56
                                     05           B8           1A           C3
                                     86           7A           05           7B
                                     1C           6D           86           A3
                                     05           0E           1D           0D
                                     86           9F           04
      2026-07-24 04:19:30  1         E1           0C           AB           1D
                                     06           86           6C           04
                                     46           18           7B           84
                                     B5           03           EC           18
                                     9A           84           96           03
                                     88           18           9A           84
                                     94           03           21           18
                                     9A           84           94
      2026-07-24 04:20:12  1         AD           0D           02           BF
                                     18           9C           84           94
                                     02           55           18           A0
                                     84           94           01           F3
                                     18           A1           84           93
                                     01           C3           18           A4
                                     84           93           01           94
                                     18           A6           84
      2026-07-24 04:20:54  1         D7           0E           92           01
                                     5C           18           A6           84
                                     8F           01           31           18
                                     AC           84           90           01
                                     00           18           86           84
                                     88           00           CB           18
                                     8E           84           89           00
                                     9D           18           89
      2026-07-24 04:21:36  1         80           0F           84           89
                                     00           5C           18           87
                                     84           89           00           2C
                                     00           07           00           00
                                     06           06           2F           50
                                     5E           60           61           FF
                                     FF           FF           FF           FF
                                     FF           FF           FF
      2026-07-24 04:22:21  1         B9           01           1F           02
                                     F4           5C           3A           80
                                     01           00           FF           FB
                                     FA           9D           4E           18
                                     00           00           00           00
                                     92           04           87           35
                                     75           C8           8F           4B
                                     0D           03           65
      2026-07-24 04:23:00  1         D0           02           0C           4E
                                     62           6A           01           64
                                     05           00           D9           0A
                                     74           27           2B           00
                                     1F           00           51           0A
                                     3C           27           42           0A
                                     D4           25           D7           25
                                     B6           27           ED
      2026-07-24 04:23:42  1         E5           03           54           7C
                                     08           E0           0A           51
                                     86           C0           26           F0
                                     09           78           88           05
                                     4A           33           09           9F
                                     87           F9           46           55
                                     09           E1           87           EA
                                     42           69           0A
      2026-07-24 04:24:24  1         A9           04           54           87
                                     E0           3E           81           0A
                                     55           87           C4           3A
                                     99           0A           76           87
                                     A8           36           B1           0A
                                     58           87           87           34
                                     BE           0A           61           87
                                     70           32           C4
      2026-07-24 04:25:06  1         E7           05           0A           42
                                     87           50           30           D5
                                     0A           66           87           3E
                                     2E           DF           0A           3B
                                     87           1D           2C           ED
                                     0A           46           87           03
                                     2A           F9           0A           46
                                     86           E4           29
      2026-07-24 04:25:48  1         68           06           06           0A
                                     55           86           B8           27
                                     0F           0A           9D           86
                                     A1           25           19           0A
                                     C3           86           87           23
                                     26           0A           C5           86
                                     6A           21           37           0A
                                     EA           86           50
      2026-07-24 04:26:30  1         56           07           1F           40
                                     0A           FF           86           28
                                     1D           4A           0B           50
                                     86           0A           1B           5B
                                     0B           98           85           F1
                                     19           66           0B           14
                                     C7           D1           17           69
                                     0C           79           85
02602 152382  18 31 S 3 2026-07-24 05:00:15 -44.918    7.046  0.000 401649599
      2026-07-24 04:53:51  1         1F           01           22           02
                                     F4           5C           3A           80
                                     01           00           FF           FB
                                     FB           9D           4E           18
                                     00           00           00           00
                                     92           04           87           35
                                     75           C8           8F           4B
                                     0D           03           65
      2026-07-24 04:55:12  1         E5           03           54           7C
                                     08           E0           0A           51
                                     86           C0           26           F0
                                     09           78           88           05
                                     4A           33           09           9F
                                     C7           79           46           55
                                     23           63           10           6A
                                     40           E9           8A
      2026-07-24 04:56:36  1         E7           05           0A           42
                                     87           50           30           D5
                                     0A           66           87           3E
                                     2E           DF           0A           3B
                                     87           1D           2C           ED
                                     0A           46           87           03
                                     2A           F9           0A           46
                                     86           E4           29
      2026-07-24 04:58:00  1         56           07           1F           40
                                     0A           FF           86           28
                                     1D           4A           0B           50
                                     86           0A           1B           5B
                                     0B           98           85           F1
                                     19           66           0B           94
                                     85           D1           17           69
                                     0C           79           85
      2026-07-24 04:58:42  1         75           08           CE           15
                                     80           0D           1F           85
                                     BC           13           89           0E
                                     18           85           AE           11
                                     96           0F           22           85
                                     B1           0F           A2           0F
                                     C3           85           AE           0E
                                     0F           10           79
      2026-07-24 04:59:24  1         06           09           85           AF
                                     0C           E3           11           0F
                                     85           B0           0B           B6
                                     11           8F           85           B4
                                     0A           F5           12           16
                                     85           BB           0A           2C
                                     12           90           85           C1
                                     09           60           13
      2026-07-24 05:00:06  1         7F           0A           34           85
                                     CD           08           99           14
                                     70           85           E4           07
                                     D1           15           5E           85
                                     F5           07           6F           15
                                     AA           85           FF           07
                                     0B           17           3B           86
                                     20           06           A7
      2026-07-24 05:00:48  1         3B           0B           18           8C
                                     86           40           06           43
                                     19           B2           86           56
                                     05           B8           1A           C3
                                     86           7A           05           7B
                                     1C           6D           86           A3
                                     05           0E           1D           0D
                                     86           9F           04
      2026-07-24 05:01:30  1         E1           0C           AB           1D
                                     06           86           6C           04
                                     46           18           7B           84
                                     B5           03           EC           18
                                     9A           84           96           03
                                     88           18           9A           84
                                     94           03           21           18
                                     9A           84           94
      2026-07-24 05:02:12  1         AD           0D           02           BF
                                     18           9C           84           94
                                     02           55           18           A0
                                     84           94           01           F3
                                     18           A1           84           93
                                     01           C3           18           A4
                                     84           93           01           94
                                     18           A6           84
      2026-07-24 05:02:54  1         D7           0E           92           01
                                     5C           18           A6           84
                                     8F           01           31           18
                                     AC           84           90           01
                                     00           18           86           84
                                     88           00           CB           18
                                     8E           84           89           00
                                     9D           18           89
      2026-07-24 05:03:36  1         80           0F           84           89
                                     00           5C           18           87
                                     84           89           00           2C
                                     00           07           00           00
                                     06           06           2F           50
                                     5E           60           61           FF
                                     FF           FF           FF           FF
                                     FF           FF           FF
      2026-07-24 05:04:21  1         87           01           23           02
                                     F4           5C           3A           80
                                     01           00           FF           FB
                                     FB           9D           4E           18
                                     00           00           00           00
                                     92           04           87           35
                                     75           C8           8F           4B
                                     0D           03           65
      2026-07-24 05:05:00  2         D0           02           0C           4E
                                     62           6A           01           64
                                     05           00           D9           0A
                                     74           27           2B           00
                                     1F           00           51           0A
                                     3C           27           42           0A
                                     D4           25           D7           25
                                     B6           27           ED
      2026-07-24 05:05:42  1         E5           03           54           7C
                                     08           E0           0A           51
                                     86           C0           26           F0
                                     09           78           88           05
                                     4A           33           09           9F
                                     87           F9           46           55
                                     09           E1           87           EA
                                     42           69           0A
      2026-07-24 05:06:24  2         A9           04           54           87
                                     E0           3E           81           0A
                                     55           87           C4           3A
                                     99           0A           76           87
                                     A8           36           B1           0A
                                     58           87           87           34
                                     BE           0A           61           87
                                     70           32           C4
02602 152382  20 31 R 1 2026-07-24 05:55:02 -44.918    7.073  0.000 401649599
      2026-07-24 05:54:42  1         AD           0D           02           BF
                                     18           9C           84           94
                                     02           55           18           A0
                                     84           94           01           F3
                                     18           A1           80           93
                                     01           C3           18           A4
                                     84           93           01           94
                                     18           A6           84
      2026-07-24 05:55:24  1         D7           0E           92           01
                                     5C           18           A6           84
                                     8F           01           31           18
                                     AC           84           90           01
                                     00           18           86           84
                                     88           00           CB           18
                                     8E           84           89           00
                                     9D           18           89
      2026-07-24 05:56:51  1         08           01           28           02
                                     F4           5C           3A           80
                                     01           00           FF           FB
                                     FD           9D           4E           18
                                     00           00           00           00
                                     92           04           87           35
                                     75           C8           8F           4B
                                     0D           03           65
      2026-07-24 05:58:12  1         45           03           54           7B
                                     08           E0           0A           51
                                     86           C0           26           F0
                                     09           78           88           05
                                     4A           33           09           9F
                                     87           F9           46           55
                                     09           E1           87           EA
                                     42           69           0A
      2026-07-24 05:59:36  1         E7           05           0A           42
                                     87           50           30           D5
                                     0A           66           87           3E
                                     2E           DF           0A           3B
                                     87           1D           2C           ED
                                     0A           46           87           03
                                     2A           F9           0A           46
                                     86           E4           29
      2026-07-24 06:00:18  1         68           06           06           0A
                                     55           86           B8           27
                                     0F           0A           9D           86
                                     A1           25           19           0A
                                     C3           86           87           23
                                     26           0A           C5           86
                                     6A           21           37           0A
                                     E8           86           2F
      2026-07-24 06:01:00  1         56           07           1F           40
                                     0A           FF           86           28
                                     1D           4A           0B           50
                                     86           0A           1B           5B
                                     0B           98           85           F1
                                     19           66           0B           94
                                     85           D1           17           69
                                     0C           79           85
      2026-07-24 06:01:42  1         75           08           CE           15
                                     80           0D           1F           85
                                     BC           13           89           0E
                                     18           85           AE           11
                                     96           0F           22           85
                                     B1           0F           A2           0F
                                     C3           85           AE           0E
                                     0F           10           79
      2026-07-24 06:02:24  1         06           09           85           AF
                                     0C           E3           11           0F
                                     85           B0           0B           B6
                                     11           8F           85           B4
                                     0A           F5           12           16
                                     85           BB           0A           2C
                                     12           90           85           C1
                                     09           60           13
      2026-07-24 06:03:06  1         7F           0A           34           85
                                     CD           08           99           14
                                     70           85           E4           07
                                     D1           15           5E           85
                                     F5           07           6F           15
                                     AA           85           FF           07
                                     0B           17           3B           86
                                     20           06           A7
      2026-07-24 06:03:48  1         3B           0B           18           8C
                                     86           40           06           43
                                     19           B2           86           56
                                     05           B8           1A           C3
                                     86           7A           05           7B
                                     1C           6D           86           A3
                                     05           0E           1D           0D
                                     86           9F           04
      2026-07-24 06:04:30  1         E1           0C           AB           1D
                                     06           86           6C           04
                                     46           18           7B           84
                                     B5           03           EC           18
                                     9A           84           96           03
                                     88           18           9A           84
                                     94           03           21           18
                                     9A           84           94
      2026-07-24 06:05:12  1         AD           0D           02           BF
                                     18           9C           84           94
                                     02           55           18           A0
                                     84           94           01           F3
                                     18           A1           84           93
                                     01           C3           18           A4
                                     84           93           01           94
                                     18           A6           84
      2026-07-24 06:05:54  1         D7           0E           92           01
                                     5C           18           A6           84
                                     8F           01           31           18
                                     AC           84           90           01
                                     00           18           86           84
                                     88           00           CB           18
                                     8E           6F           B8           18
                                     99           08           89
      2026-07-24 06:06:36  2         80           0F           84           89
                                     00           5C           18           87
                                     84           89           00           2C
                                     00           07           00           00
                                     06           06           2F           50
                                     5E           60           61           FF
                                     FF           FF           FF           FF
                                     FF           FF           FF
      2026-07-24 06:07:21  1         DF           01           29           02
                                     F4           5C           3A           80
                                     01           00           FF           FB
                                     FB           9D           4E           18
                                     00           00           00           00
                                     92           04           87           35
                                     75           C8           8F           4B
                                     0D           03           65
      2026-07-24 06:08:00  2         D0           02           0C           4E
                                     62           6A           01           64
                                     05           00           D9           0A
                                     74           27           2B           00
                                     1F           00           51           0A
                                     3C           27           42           0A
                                     D4           25           D7           25
                                     B6           27           ED
      2026-07-24 06:08:42  1         E5           03           54           7C
                                     08           E0           0A           51
                                     86           C0           26           F0
                                     09           78           88           05
                                     4A           33           09           9F
                                     87           F9           46           55
                                     09           E1           87           EA
                                     42           69           0A
02602 152389  12 31 S 2 2026-07-23 05:58:35 -58.813 -133.988  0.000 401649790
      2026-07-23 05:54:11  1         15           08           C0           17
                                     6A           07           4B           87
                                     BB           15           7A           07
                                     51           87           B3           13
                                     8D           07           75           87
                                     A3           11           96           07
                                     39           87           85           0F
                                     A2           06           F9
      2026-07-23 05:54:55  1         15           09           87           68
                                     0E           0F           07           39
                                     87           56           0C           E9
                                     07           A8           87           51
                                     0B           B8           07           55
                                     87           40           0A           F6
                                     06           BE           87           15
                                     0A           2A           05
      2026-07-23 05:55:39  1         F5           0A           42           86
                                     B9           09           62           04
                                     8B           86           53           08
                                     95           03           61           85
                                     ED           07           D3           02
                                     C8           85           B6           07
                                     6B           01           B9           85
                                     72           07           0E
      2026-07-23 05:56:23  1         EE           0B           01           09
                                     85           41           06           A6
                                     00           B3           85           34
                                     06           3F           00           DF
                                     85           29           05           E1
                                     00           F3           85           1E
                                     05           79           00           F3
                                     85           1D           05
      2026-07-23 05:57:07  1         C9           0C           16           00
                                     F8           85           1B           04
                                     B3           00           F9           85
                                     1B           04           4C           01
                                     03           85           1B           03
                                     ED           01           02           85
                                     1B           03           86           01
                                     04           85           1A
      2026-07-23 05:57:51  1         EF           0D           03           1F
                                     01           08           85           1A
                                     02           BB           01           06
                                     85           1A           02           5A
                                     01           04           85           12
                                     01           F8           01           04
                                     85           12           01           C0
                                     01           05           85
      2026-07-23 05:59:19  1         50           0F           85           12
                                     00           9C           00           F9
                                     85           11           00           61
                                     00           06           FF           A2
                                     06           05           2C           4D
                                     5F           62           62           FF
                                     FF           FF           FF           FF
                                     FF           FF           FF
      2026-07-23 06:00:06  1         86           01           02           03
                                     1B           5C           3A           80
                                     01           00           FF           FD
                                     FB           9F           4F           1F
                                     00           00           00           00
                                     91           05           80           39
                                     58           CC           8E           4A
                                     0F           03           DA
      2026-07-23 06:00:47  1         C4           02           C9           6F
                                     61           6A           01           0A
                                     04           00           D8           06
                                     8C           27           07           00
                                     88           00           53           05
                                     97           27           1C           07
                                     90           26           E9           25
                                     90           28           1A
      2026-07-23 06:01:31  1         EE           03           4F           72
                                     0A           55           06           02
                                     87           DF           27           27
                                     03           CD           87           CE
                                     4E           1F           03           ED
                                     87           D0           4A           32
                                     04           17           87           D2
                                     46           4E           04
      2026-07-23 06:02:15  1         1D           04           38           87
                                     D2           42           62           04
                                     82           87           D6           3E
                                     83           04           B0           87
                                     D7           3A           9B           04
                                     E1           87           D9           36
                                     B4           04           F4           87
                                     D9           34           BD
      2026-07-23 06:02:59  1         C5           05           05           1F
                                     87           9A           52           59
                                     34           3F           87           98
                                     70           B5           35           6F
                                     87           C8           2E           E0
                                     05           D6           27           DD
                                     25           0D           7B           00
                                     B4           20           D8
02602 152389  16 31 B 1 2026-07-23 06:48:27 -58.820 -133.961  0.000 401649796
      2026-07-23 06:47:43  1         06           06           FD           05
                                     DA           87           DE           28
                                     FE           05           FC           87
                                     DF           27           13           06
                                     23           87           DF           25
                                     1D           06           50           87
                                     E0           23           24           06
                                     94           07           DB
      2026-07-23 06:48:27  1         DB           07           21           31
                                     06           BC           87           DA
                                     1F           41           06           F5
                                     87           D8           1D           4F
                                     07           38           87           D5
                                     1B           54           07           56
                                     87           D0           19           5E
                                     07           3F           87
      2026-07-23 06:50:39  1         F5           0A           42           86
                                     B9           09           62           04
                                     8B           86           53           08
                                     95           03           61           85
                                     ED           07           D3           02
                                     C8           85           B6           07
                                     6B           01           B9           85
                                     72           07           0E
      2026-07-23 06:52:07  1         C9           0C           16           00
                                     F8           85           1B           04
                                     B3           00           F9           85
                                     1B           04           4C           01
                                     03           85           1B           03
                                     ED           01           02           85
                                     1B           03           86           01
                                     04           85           1A
      2026-07-23 06:52:51  1         EF           0D           03           1F
                                     01           08           85           1A
                                     02           BB           01           06
                                     85           1A           02           5A
                                     01           04           85           12
                                     01           F8           01           04
                                     85           02           01           C0
                                     01           05           85
      2026-07-23 06:53:35  1         A0           0E           11           01
                                     90           01           04           85
                                     11           01           61           01
                                     05           85           12           01
                                     30           01           06           85
                                     12           00           FA           01
                                     07           85           12           00
                                     CA           01           05
      2026-07-23 06:54:19  1         50           0F           85           12
                                     00           9C           00           F9
                                     85           11           00           21
                                     00           06           FF           A2
                                     06           05           2C           4D
                                     5F           62           62           FF
                                     FF           FF           FF           FF
                                     FF           FF           FF
      2026-07-23 06:55:47  1         C4           02           C9           6F
                                     61           6A           01           0A
                                     04           00           D8           06
                                     8C           27           07           00
                                     88           00           53           05
                                     97           27           1C           07
                                     90           26           E9           25
                                     90           28           1A
      2026-07-23 06:56:31  1         3F           03           4F           7A
                                     0A           55           06           02
                                     87           DF           27           27
                                     03           CD           87           CE
                                     4E           1F           03           ED
                                     87           D0           4A           32
                                     04           17           87           D2
                                     46           4E           04
      2026-07-23 06:57:15  1         1D           04           38           87
                                     D2           42           62           04
                                     82           87           D6           3E
                                     83           04           B0           87
                                     D7           3A           9B           04
                                     E1           87           D9           36
                                     B4           04           F4           87
                                     D9           34           BD
      2026-07-23 06:57:59  1         C5           05           05           1E
                                     87           DE           36           C8
                                     05           3F           C7           DC
                                     30           B5           07           6F
                                     87           DC           2E           E1
                                     05           97           87           DD
                                     2C           E9           05           AB
                                     87           DE           2A
      2026-07-23 06:58:43  1         06           06           FD           05
                                     DA           87           DE           28
                                     FE           05           FC           87
                                     DF           27           13           06
                                     23           87           DF           25
                                     1D           06           50           87
                                     E0           23           24           06
                                     94           87           DB
      2026-07-23 07:00:11  2         15           08           C0           17
                                     6A           07           4B           87
                                     BB           15           7A           07
                                     51           87           B3           13
                                     8D           07           75           87
                                     A3           11           96           07
                                     39           87           85           0F
                                     A2           06           F9
      2026-07-23 07:00:55  2         15           09           87           68
                                     0E           0F           07           39
                                     87           56           0C           E9
                                     07           A8           87           51
                                     0B           B8           07           55
                                     87           40           0A           F6
                                     06           BE           87           15
                                     0A           2A           05
02602 152389  20 31 C
      2026-07-23 07:14:07  1         C9           0C           16           00
                                     F8           85           1B           04
                                     B3           00           F9           85
                                     1B           04           4C           01
                                     03           85           1B           03
                                     ED           01           02           85
                                     1B           03           86           01
                                     04           85           1A
      2026-07-23 07:17:06  1         D9           01           09           03
                                     1B           5C           3A           80
                                     01           00           FF           FD
                                     FB           9F           4F           1F
                                     00           00           00           00
                                     91           05           80           39
                                     58           CC           8E           4F
                                     14           05           21
      2026-07-23 07:17:47  1         C4           02           C9           6F
                                     61           6A           01           0A
                                     04           00           D8           06
                                     8C           27           07           00
                                     88           00           53           05
                                     97           27           1C           07
                                     90           26           E9           25
                                     90           28           1A
      2026-07-23 07:18:31  1         6F           03           4F           79
                                     0A           55           06           02
                                     87           DF           27           27
                                     03           CD           87           CE
                                     4E           1F           03           ED
                                     87           D0           4A           32
                                     04           17           87           D2
                                     46           4E           04
      2026-07-23 07:19:15  1         1D           04           38           87
                                     D2           42           62           04
                                     82           87           D6           3E
                                     83           04           B0           87
                                     D7           3A           9B           04
                                     E1           87           D9           36
                                     B4           04           F4           87
                                     D9           34           BD
      2026-07-23 07:19:59  1         C5           05           05           1E
                                     87           DA           32           C8
                                     05           3F           87           DC
                                     30           B5           05           6F
                                     87           DC           2E           71
                                     05           97           87           DD
                                     2C           E9           05           AB
                                     8D           5E           2A
      2026-07-23 07:20:43  1         06           06           FD           05
                                     DA           87           DE           28
                                     FE           05           FC           87
                                     DF           27           13           06
                                     23           87           DF           25
                                     1D           06           50           87
                                     E0           23           24           06
                                     94           87           DB
      2026-07-23 07:21:27  1         DB           07           21           31
                                     06           BC           87           DA
                                     1F           41           06           F5
                                     87           D8           1D           4F
                                     07           38           87           D5
                                     1B           54           07           56
                                     87           D0           19           5E
                                     07           3F           87
      2026-07-23 07:22:11  1         15           08           C0           17
                                     6A           07           4B           87
                                     BB           15           7A           07
                                     51           87           B3           13
                                     8D           07           75           87
                                     A3           11           96           07
                                     39           87           85           0F
                                     A2           06           F9
      2026-07-23 07:22:55  1         15           09           87           68
                                     0E           0F           07           39
                                     87           56           0C           E9
                                     07           A8           87           51
                                     0B           B8           07           55
                                     87           40           0A           F6
                                     06           BE           87           15
                                     0A           2A           05
      2026-07-23 07:23:39  1         F5           0A           42           86
                                     B9           09           62           04
                                     8B           86           53           08
                                     95           03           61           85
                                     ED           07           D3           02
                                     C8           85           B6           07
                                     6B           01           B9           85
                                     72           07           0E
      2026-07-23 07:24:23  2         EE           0B           01           09
                                     85           41           06           A6
                                     00           B3           85           34
                                     06           3F           00           DF
                                     85           29           05           E1
                                     00           F3           85           1E
                                     05           79           00           F3
                                     85           1D           05
      2026-07-23 07:25:07  1         C9           0C           16           00
                                     F8           85           1B           04
                                     B3           00           F9           85
                                     1B           04           4C           01
                                     03           85           1B           03
                                     CD           01           02           85
                                     1B           03           86           01
                                     04           85           1A
      2026-07-23 07:25:51  2         EF           0D           03           1F
                                     01           08           85           1A
                                     02           BB           01           06
                                     85           1A           02           5A
                                     01           04           85           12
                                     01           F8           01           04
                                     85           12           01           C0
                                     01           05           85
      2026-07-23 07:26:35  2         A0           0E           11           01
                                     90           01           04           85
                                     11           01           61           01
                                     05           85           12           01
                                     30           01           06           85
                                     12           00           FA           01
                                     07           85           12           00
                                     CA           01           05
      2026-07-23 07:27:19  2         50           0F           85           12
                                     00           9C           00           F9
                                     85           11           00           61
                                     00           06           FF           A2
                                     06           05           2C           4D
                                     5F           62           62           FF
                                     FF           FF           FF           FF
                                     FF           FF           FF
02602 152389   8 31 S 1 2026-07-23 07:34:33 -58.821 -133.941  0.000 401649794
      2026-07-23 07:31:43  1         06           06           FD           05
                                     DA           87           DE           28
                                     FE           05           FC           87
                                     DF           27           13           06
                                     23           87           DF           25
                                     1D           06           50           87
                                     E0           23           24           06
                                     94           87           DB
      2026-07-23 07:32:27  1         DB           07           21           31
                                     06           BC           87           DA
                                     1F           41           06           F5
                                     87           D8           1D           4F
                                     07           38           87           D5
                                     1B           54           07           56
                                     87           D0           19           5E
                                     07           3F           87
      2026-07-23 07:33:11  1         15           08           C0           17
                                     6A           07           4B           87
                                     BB           15           7A           07
                                     51           87           B3           13
                                     8D           07           75           87
                                     A3           11           96           07
                                     39           87           85           0F
                                     A2           06           F9
      2026-07-23 07:33:55  1         15           09           87           68
                                     0E           0F           07           39
                                     87           56           0C           E9
                                     07           A8           87           51
                                     0B           B8           07           55
                                     87           40           0A           F6
                                     06           BE           87           15
                                     0A           2A           05
      2026-07-23 07:34:39  1         F5           0A           42           86
                                     B9           09           62           04
                                     8B           86           53           08
                                     95           03           61           85
                                     ED           07           D3           02
                                     C8           85           B6           07
                                     6B           01           B9           85
                                     72           07           0E
      2026-07-23 07:35:23  1         EE           0B           01           09
                                     85           41           06           A6
                                     00           B3           85           34
                                     06           3F           00           DF
                                     85           29           05           E1
                                     00           F3           85           1E
                                     05           79           00           F3
                                     85           1D           05
      2026-07-23 07:36:51  1         EF           0D           03           1F
                                     01           08           85           1A
                                     02           BB           01           06
                                     85           1A           02           5A
                                     01           04           85           12
                                     01           F8           01           04
                                     85           12           01           C0
                                     01           05           85
      2026-07-23 07:38:19  1         50           0F           85           12
                                     00           9C           00           F9
                                     85           11           00           61
                                     00           06           FF           A2
                                     06           05           2C           4D
                                     5F           62           62           FF
                                     FF           FF           FF           FF
                                     FF           FF           FF
02602 152389  13 31 3 2 2026-07-23 07:39:48 -58.812 -133.928  0.000 401649795
      2026-07-23 07:30:59  1         C5           05           05           1E
                                     87           DA           32           C8
                                     05           3F           87           DC
                                     30           B5           05           6F
                                     87           DC           2E           E1
                                     05           97           87           DD
                                     2C           E9           05           AB
                                     87           DE           2A
      2026-07-23 07:31:43  1         06           06           FD           05
                                     DA           87           DE           28
                                     FE           05           FC           87
                                     DF           27           13           06
                                     23           87           DF           25
                                     1D           06           50           87
                                     E0           23           24           06
                                     94           87           DB
      2026-07-23 07:32:27  1         DB           07           21           31
                                     06           BC           87           DA
                                     1F           41           06           F5
                                     87           D8           1D           4F
                                     07           38           87           D5
                                     1B           54           07           56
                                     87           D0           19           5E
                                     07           3F           87
      2026-07-23 07:33:11  1         15           08           C0           17
                                     6A           07           4B           87
                                     BB           15           7A           07
                                     51           87           B3           13
                                     8D           07           75           87
                                     A3           11           96           07
                                     39           87           85           0F
                                     A2           06           F9
      2026-07-23 07:33:55  1         15           09           87           68
                                     0E           0F           07           39
                                     87           56           0C           E9
                                     07           A8           87           51
                                     0B           B8           07           55
                                     87           40           0A           F6
                                     06           BE           87           15
                                     0A           2A           05
      2026-07-23 07:34:39  1         F5           0A           42           86
                                     B9           09           62           04
                                     8B           86           53           08
                                     95           03           61           85
                                     ED           07           D3           02
                                     C8           85           B6           07
                                     6B           01           B9           85
                                     72           07           0E
      2026-07-23 07:35:23  1         EE           0B           01           09
                                     85           41           06           A6
                                     00           B3           85           34
                                     06           3F           00           DF
                                     85           29           05           E1
                                     00           F3           85           1E
                                     05           79           00           F3
                                     85           1D           05
      2026-07-23 07:36:51  1         EF           0D           03           1F
                                     01           08           85           1A
                                     02           BB           01           06
                                     85           1A           02           5A
                                     01           04           85           12
                                     01           F8           01           04
                                     85           12           01           C0
                                     01           05           85
      2026-07-23 07:37:35  1         A0           0E           11           01
                                     90           01           04           85
                                     11           01           61           01
                                     05           85           12           01
                                     30           01           06           85
                                     12           00           FA           01
                                     07           85           12           00
                                     CA           01           05
      2026-07-23 07:38:19  1         50           0F           85           12
                                     00           9C           00           F9
                                     85           11           00           61
                                     00           06           FF           A2
                                     06           05           2C           4D
                                     5F           62           62           FF
                                     FF           FF           FF           FF
                                     FF           FF           FF
      2026-07-23 07:39:06  1         E6           01           0B           03
                                     1B           5C           3A           80
                                     01           00           FF           FD
                                     FD           9F           4F           1F
                                     00           00           00           00
                                     91           05           80           39
                                     58           CC           8E           4F
                                     14           05           21
      2026-07-23 07:39:47  1         C4           02           C9           6F
                                     61           6A           01           0A
                                     04           00           D8           06
                                     8C           27           07           00
                                     88           00           53           05
                                     97           27           1C           07
                                     90           26           E9           25
                                     90           28           1A
      2026-07-23 07:40:31  1         3F           03           4F           7A
                                     0A           55           06           02
                                     87           DF           27           27
                                     03           CD           87           CE
                                     4E           1F           03           ED
                                     87           D0           4A           32
                                     04           17           87           D2
                                     46           4E           04
02602 152389   5 31 B 1 2026-07-23 08:31:29 -58.815 -133.912  0.000 401649795
      2026-07-23 08:31:07  1         C9           0C           16           00
                                     F8           85           1B           04
                                     B3           00           F9           85
                                     1B           04           4C           01
                                     03           85           1B           03
                                     ED           01           02           85
                                     1B           03           86           01
                                     04           85           1A
      2026-07-23 08:31:51  1         EF           0D           03           1F
                                     01           08           85           1A
                                     02           BB           01           06
                                     85           1A           42           5A
                                     01           04           85           12
                                     01           F8           01           04
                                     85           12           01           C0
                                     01           05           85
      2026-07-23 08:32:35  1         A0           0E           11           01
                                     90           01           04           85
                                     11           01           61           01
                                     05           85           12           01
                                     30           01           06           85
                                     12           00           FA           01
                                     07           85           12           00
                                     CA           01           05
      2026-07-23 08:34:06  1         60           01           10           03
                                     1B           5C           3A           80
                                     01           00           FF           FD
                                     FB           9F           4F           1F
                                     00           00           00           00
                                     91           05           80           39
                                     58           CC           8E           4F
                                     14           05           21
      2026-07-23 08:37:43  1         06           06           FD           05
                                     DA           87           DE           28
                                     FE           05           FC           87
                                     DF           27           13           06
                                     23           87           DF           25
                                     1D           06           50           87
                                     E0           23           24           06
                                     94           87           DB
02602 152389  19 31 C 3 2026-07-23 08:56:25 -58.812 -133.897  0.000 401649796
      2026-07-23 08:53:07  1         C9           0C           16           80
                                     FC           95           1B           04
                                     B3           00           F9           05
                                     13           04           4C           01
                                     03           8D           17           02
                                     E0           31           1A           87
                                     1A           2C           7D           DF
                                     7B           BA           B6
      2026-07-23 08:55:19  1         50           0F           85           12
                                     00           9C           00           F9
                                     85           11           00           61
                                     00           06           FF           A2
                                     06           05           2C           5D
                                     5F           62           62           FF
                                     FF           FF           FF           FF
                                     FF           FF           FF
      2026-07-23 08:56:06  1         50           01           12           03
                                     1B           5C           3A           80
                                     01           00           FF           FD
                                     FB           9F           4F           1F
                                     00           00           00           00
                                     91           05           80           39
                                     58           CC           8E           4F
                                     14           05           21
      2026-07-23 08:56:47  1         C4           02           C9           6F
                                     61           6A           01           0A
                                     04           00           D8           06
                                     8C           27           07           00
                                     88           03           70           85
                                     C7           67           1C           07
                                     90           26           E9           25
                                     90           28           1A
      2026-07-23 08:57:31  1         6F           03           4F           79
                                     0A           55           06           02
                                     87           DF           27           27
                                     03           CD           87           CE
                                     4E           1F           03           ED
                                     87           D0           4A           32
                                     04           17           87           D2
                                     46           4E           04
      2026-07-23 08:58:15  1         1D           04           38           87
                                     D2           42           62           04
                                     82           87           F6           3E
                                     03           C9           83           D0
                                     61           8E           68           FF
                                     3E           F0           2F           C1
                                     68           09           E9           0F
                                     B2           69           7A
      2026-07-23 08:58:59  1         C5           05           05           1E
                                     87           DA           32           C8
                                     05           3F           87           DC
                                     30           B5           05           6F
                                     87           DC           2E           E1
                                     05           97           87           DD
                                     2C           E9           05           AB
                                     87           DE           2A
      2026-07-23 08:59:43  1         06           06           FD           05
                                     DA           87           DE           28
                                     FE           05           FC           87
                                     DF           27           13           06
                                     23           87           DF           25
                                     1D           06           50           87
                                     E0           23           24           06
                                     94           87           DB
      2026-07-23 09:00:27  1         DB           07           21           31
                                     06           BC           87           DA
                                     1F           41           06           F5
                                     87           D8           1D           4F
                                     07           38           87           D5
                                     1B           75           61           56
                                     87           D0           19           5E
                                     07           3F           87
      2026-07-23 09:01:11  1         15           08           C0           17
                                     6A           07           4B           87
                                     BB           15           7A           07
                                     51           87           B3           13
                                     8D           07           75           87
                                     A3           11           96           07
                                     39           87           85           0F
                                     A2           06           F9
      2026-07-23 09:01:55  1         15           09           87           68
                                     0E           0F           07           39
                                     87           56           0C           E9
                                     07           A8           87           51
                                     0B           B8           07           55
                                     87           40           0A           F6
                                     06           BE           87           15
                                     0A           2A           05
      2026-07-23 09:02:39  1         F5           0A           42           86
                                     B9           09           62           04
                                     8B           86           53           08
                                     95           03           61           85
                                     ED           07           D3           02
                                     C8           85           B6           07
                                     6B           01           B9           85
                                     72           07           0E
      2026-07-23 09:03:23  1         EE           0B           01           09
                                     85           41           06           A6
                                     00           B3           85           34
                                     06           3F           00           DF
                                     85           29           05           E1
                                     00           F3           85           1E
                                     05           79           00           F3
                                     85           1D           05
      2026-07-23 09:04:07  1         C9           0C           16           00
                                     F8           85           1B           04
                                     B3           00           F9           85
                                     1B           04           4C           01
                                     03           85           1B           03
                                     ED           01           02           85
                                     1B           03           86           01
                                     04           85           1A
      2026-07-23 09:04:51  2         EF           0D           03           1F
                                     01           08           85           1A
                                     02           BB           01           06
                                     85           1A           02           5A
                                     01           04           85           12
                                     01           F8           01           04
                                     85           12           01           C0
                                     01           05           85
      2026-07-23 09:05:35  2         A0           0E           11           01
                                     90           01           04           85
                                     11           01           61           01
                                     05           85           12           01
                                     30           01           06           85
                                     12           00           FA           01
                                     07           85           12           00
                                     CA           01           05
      2026-07-23 09:06:19  1         70           0F           85           12
                                     00           9C           00           F9
                                     85           11           00           61
                                     00           06           FF           A2
                                     06           05           2C           4D
                                     5F           62           62           FF
                                     FF           FF           FF           FF
                                     FF           FF           FF
02602 152389  10 31 S 1 2026-07-23 09:11:31 -58.813 -133.884  0.000 401649798
      2026-07-23 09:07:47  1         C4           02           C9           6F
                                     61           6A           01           0A
                                     04           00           D8           06
                                     8C           27           07           00
                                     88           00           53           05
                                     97           27           1C           07
                                     90           26           E9           25
                                     90           28           1A
      2026-07-23 09:08:31  1         0F           03           4F           7B
                                     0A           55           06           02
                                     87           DF           27           27
                                     03           CD           87           CE
                                     4E           1F           03           ED
                                     87           D0           4A           32
                                     04           17           87           D2
                                     46           4E           04
      2026-07-23 09:09:15  1         1D           04           38           87
                                     D2           42           62           04
                                     82           87           D6           3E
                                     83           04           B0           87
                                     D7           3A           9B           04
                                     E1           87           D9           36
                                     B4           04           F4           87
                                     D9           34           BD
      2026-07-23 09:09:59  1         C5           05           05           1E
                                     87           DA           32           C8
                                     05           3F           87           DC
                                     30           B5           05           6F
                                     87           DC           2E           E1
                                     05           97           87           DD
                                     2C           E9           05           AB
                                     87           DE           2A
      2026-07-23 09:11:27  1         DB           07           21           31
                                     06           BC           87           DA
                                     1F           41           06           F5
                                     87           D8           1D           4F
                                     07           38           87           D5
                                     1B           54           07           56
                                     87           D0           19           5E
                                     07           3F           87
      2026-07-23 09:12:11  1         15           08           C0           17
                                     6A           07           4B           87
                                     BB           15           7A           07
                                     51           87           B3           13
                                     8D           07           75           87
                                     A3           11           96           07
                                     39           87           85           0F
                                     A2           06           F9
      2026-07-23 09:12:55  1         15           09           87           68
                                     0E           0F           07           39
                                     87           56           0C           E9
                                     07           A8           87           51
                                     0B           B8           07           55
                                     87           40           0A           F6
                                     06           BE           87           15
                                     0A           2A           05
      2026-07-23 09:13:39  1         F5           0A           42           86
                                     B9           09           62           04
                                     8B           86           53           08
                                     95           03           61           85
                                     ED           07           D3           02
                                     C8           85           B6           07
                                     6B           01           B9           85
                                     72           07           0E
      2026-07-23 09:14:23  1         EE           0B           01           09
                                     85           41           06           A6
                                     00           B3           85           34
                                     06           3F           00           DF
                                     85           29           05           E1
                                     00           F3           85           1E
                                     05           79           00           F3
                                     85           1D           05
      2026-07-23 09:15:07  1         C9           0C           16           00
                                     F8           85           9B           00
                                     B3           00           F9           85
                                     1B           04           4C           01
                                     03           85           1F           03
                                     ED           01           02           85
                                     1B           03           86           01
                                     04           85           1A
02602 152389  18 31 3 3 2026-07-23 09:14:57 -58.812 -133.887  0.000 401649796
      2026-07-23 09:08:31  1         0F           03           4F           7B
                                     0A           55           06           02
                                     87           DF           27           27
                                     03           CD           87           CE
                                     4E           1F           03           ED
                                     87           D0           4A           32
                                     04           17           87           D2
                                     46           4E           04
      2026-07-23 09:11:27  1         DB           07           21           31
                                     06           BC           87           DA
                                     1F           41           06           F5
                                     87           D8           1D           4F
                                     07           38           87           D5
                                     1B           54           07           56
                                     87           D0           19           5E
                                     07           3F           87
      2026-07-23 09:12:11  1         15           08           C0           17
                                     6A           07           4B           87
                                     BB           15           7A           07
                                     51           87           B3           13
                                     8D           07           75           87
                                     A3           11           96           07
                                     39           87           85           0F
                                     A2           06           F9
      2026-07-23 09:12:55  1         15           09           87           68
                                     0E           0F           07           39
                                     87           56           0C           E9
                                     07           A8           87           51
                                     0B           B8           07           55
                                     87           40           0A           F6
                                     06           BE           87           15
                                     0A           2A           05
      2026-07-23 09:13:39  1         F5           0A           42           86
                                     B9           09           62           04
                                     8B           86           53           08
                                     95           03           61           85
                                     ED           07           D3           02
                                     C8           85           B6           07
                                     6B           01           B9           85
                                     72           07           0E
      2026-07-23 09:14:23  1         EE           0B           01           09
                                     85           41           06           A6
                                     00           B3           85           34
                                     06           3F           00           DF
                                     85           29           05           E1
                                     00           F3           85           1E
                                     05           79           00           F3
                                     85           1D           05
      2026-07-23 09:15:07  1         C9           0C           16           00
                                     F8           85           1B           04
                                     B3           00           F9           85
                                     1B           04           4C           01
                                     03           85           1B           03
                                     ED           01           02           85
                                     1B           03           86           01
                                     04           85           1A
      2026-07-23 09:15:51  1         EF           0D           03           1F
                                     01           08           85           1A
                                     02           BB           01           06
                                     85           1A           02           5A
                                     01           04           85           12
                                     01           F8           01           04
                                     85           12           01           C0
                                     01           05           85
      2026-07-23 09:16:35  1         A0           0E           11           01
                                     90           01           04           85
                                     11           01           61           01
                                     05           85           12           01
                                     30           01           06           85
                                     12           00           FA           01
                                     07           85           12           00
                                     CA           01           05
      2026-07-23 09:17:19  1         50           0F           85           12
                                     00           9C           00           F9
                                     85           11           00           61
                                     00           06           FF           A2
                                     06           05           2C           4D
                                     5F           62           62           FF
                                     FF           FF           FF           FF
                                     FF           FF           FF
      2026-07-23 09:18:47  1         C4           02           C9           6F
                                     61           6A           01           0A
                                     04           00           D8           06
                                     8C           27           07           00
                                     88           00           53           05
                                     97           27           1C           07
                                     90           26           E9           25
                                     90           28           1A
      2026-07-23 09:19:31  1         5F           03           4F           78
                                     0A           55           06           02
                                     87           DF           27           27
                                     03           CD           87           CE
                                     4E           1F           03           ED
                                     87           D0           4A           32
                                     04           17           A7           52
                                     46           4E           04
      2026-07-23 09:20:15  2         1D           04           38           87
                                     D2           42           62           04
                                     82           87           D6           3E
                                     83           04           B0           87
                                     D7           3A           9B           04
                                     E1           87           D9           36
                                     B4           04           F4           87
                                     D9           34           BD
      2026-07-23 09:20:59  2         C5           05           05           1E
                                     87           DA           32           C8
                                     05           3F           87           DC
                                     30           B5           05           6F
                                     87           DC           2E           E1
                                     05           97           87           DD
                                     2C           E9           05           AB
                                     87           DE           2A
      2026-07-23 09:21:43  2         06           06           FD           05
                                     DA           87           DE           28
                                     FE           05           FC           87
                                     DF           27           13           06
                                     23           87           DF           25
                                     1D           06           50           87
                                     E0           23           24           06
                                     94           87           DB
02602 152389   2 31 B
      2026-07-23 10:09:23  1         EE           0B           01           09
                                     85           41           06           A6
                                     20           B3           85           34
                                     06           3F           00           DF
                                     85           29           05           E1
                                     00           F3           85           1E
                                     05           79           00           F3
                                     85           1D           05
      2026-07-23 10:10:51  1         EF           0D           03           1F
                                     01           08           A5           1A
                                     02           BB           01           06
                                     89           1A           02           5A
                                     08           04           85           12
                                     01           F8           01           04
                                     85           90           01           C0
                                     19           05           85
02602 152389  14 31 C 2 2026-07-23 10:38:21 -58.818 -133.851  0.000 401649797
      2026-07-23 10:33:35  1         A0           0E           11           01
                                     90           01           04           85
                                     11           01           61           01
                                     05           85           12           01
                                     30           01           06           85
                                     12           00           FA           01
                                     07           85           12           00
                                     CA           01           05
      2026-07-23 10:34:19  1         50           0F           85           12
                                     00           9C           00           F9
                                     85           11           00           61
                                     00           06           FF           A2
                                     06           05           2C           4D
                                     5F           62           62           FF
                                     FF           FF           FF           FF
                                     FF           FF           FF
      2026-07-23 10:35:06  1         A0           01           1B           03
                                     1B           5C           3A           80
                                     01           00           FF           FD
                                     FB           9F           4F           1F
                                     00           00           00           00
                                     91           05           80           39
                                     58           CC           8E           4F
                                     14           05           21
      2026-07-23 10:35:47  1         C4           02           C9           6F
                                     61           6A           01           0A
                                     04           00           D8           06
                                     8C           27           07           00
                                     88           00           53           05
                                     97           27           1C           07
                                     90           26           E9           25
                                     90           28           1A
      2026-07-23 10:36:31  1         6F           03           4F           79
                                     0A           55           06           02
                                     87           DF           27           27
                                     03           CD           87           CE
                                     4E           1F           03           ED
                                     87           D0           4A           32
                                     04           17           87           D2
                                     46           4E           04
      2026-07-23 10:37:15  1         1D           04           38           87
                                     D2           42           62           04
                                     82           87           D6           3E
                                     83           04           B0           87
                                     D7           3A           9B           04
                                     E1           87           D9           36
                                     B4           04           F4           87
                                     D9           34           BD
      2026-07-23 10:37:59  1         C5           05           05           1E
                                     87           DA           32           C8
                                     05           3F           87           DC
                                     30           B5           05           6F
                                     87           DC           2E           E1
                                     05           97           87           DD
                                     2C           E9           05           AB
                                     87           DE           2A
      2026-07-23 10:38:43  1         06           06           FD           05
                                     DA           87           DE           28
                                     FE           05           FC           87
                                     DF           27           13           06
                                     23           87           DF           25
                                     1D           06           50           87
                                     E0           23           24           06
                                     94           87           DB
      2026-07-23 10:39:27  1         DB           07           21           31
                                     06           BC           87           DA
                                     1F           41           06           F5
                                     87           D8           1D           4F
                                     07           38           87           D5
                                     1B           54           07           56
                                     87           D0           19           5E
                                     07           3F           87
      2026-07-23 10:40:11  1         15           08           C0           17
                                     6A           07           4B           87
                                     BB           15           7A           07
                                     51           87           B3           13
                                     8D           07           75           87
                                     A3           11           96           07
                                     39           87           85           0F
                                     A2           06           F9
      2026-07-23 10:40:55  1         15           09           87           68
                                     0E           0F           07           39
                                     87           56           0C           E9
                                     07           A8           87           51
                                     0B           B8           07           55
                                     87           40           0A           F6
                                     06           BE           87           15
                                     0A           2A           05
      2026-07-23 10:41:39  1         F5           0A           42           86
                                     B9           09           62           04
                                     8B           86           53           08
                                     95           03           61           85
                                     ED           07           D3           02
                                     C8           85           B6           07
                                     6B           01           B9           85
                                     72           07           0E
      2026-07-23 10:42:23  1         EE           0B           01           09
                                     85           41           06           A6
                                     00           B3           85           34
                                     06           3F           00           DF
                                     85           29           05           E1
                                     00           F3           85           1E
                                     05           79           00           F3
                                     85           1D           05
      2026-07-23 10:43:07  1         C9           0C           16           00
                                     F8           85           1B           04
                                     B3           00           F9           85
                                     1B           04           4C           01
                                     03           85           1B           03
                                     ED           01           02           85
                                     1B           03           86           01
                                     04           85           1A
02602 152389  15 31 S 3 2026-07-23 10:48:15 -58.817 -133.846  0.000 401649795
      2026-07-23 10:43:07  1         C9           0C           16           00
                                     F8           85           1B           04
                                     B3           00           F9           85
                                     1B           04           4C           01
                                     03           85           1B           03
                                     ED           01           02           85
                                     1B           03           86           01
                                     04           85           1A
      2026-07-23 10:43:51  1         EF           0D           03           1F
                                     01           08           85           1A
                                     02           BB           01           06
                                     85           1A           02           5A
                                     01           04           85           12
                                     01           F8           01           04
                                     85           12           01           C0
                                     01           05           85
      2026-07-23 10:44:35  1         A0           0E           11           01
                                     90           01           04           85
                                     11           01           61           01
                                     05           85           12           01
                                     30           01           06           85
                                     12           00           FA           01
                                     07           85           12           00
                                     CA           01           05
      2026-07-23 10:45:19  1         50           0F           85           12
                                     00           9C           00           F9
                                     85           11           00           61
                                     00           06           FF           A2
                                     06           05           2C           4D
                                     5F           62           62           FF
                                     FF           FF           FF           FF
                                     FF           FF           FF
      2026-07-23 10:46:06  1         BF           01           1C           03
                                     1B           5C           3A           80
                                     01           00           FF           FD
                                     FD           9F           4F           1F
                                     00           00           00           00
                                     91           05           80           39
                                     58           CC           8E           4F
                                     14           05           21
      2026-07-23 10:46:47  1         C4           02           C9           6F
                                     61           6A           01           0A
                                     04           00           D8           06
                                     8C           27           07           00
                                     88           00           53           05
                                     97           27           1C           07
                                     90           26           E9           25
                                     90           28           1A
      2026-07-23 10:47:31  1         0F           03           4F           7B
                                     0A           55           06           02
                                     87           DF           27           27
                                     03           CD           87           CE
                                     4E           1F           03           ED
                                     87           D0           4A           32
                                     04           17           87           D2
                                     46           4E           04
      2026-07-23 10:48:15  1         1D           04           38           87
                                     D2           42           62           04
                                     82           87           D6           3E
                                     83           04           B0           87
                                     D7           3A           9B           04
                                     E1           87           D9           36
                                     B4           04           F4           87
                                     D9           34           BD
      2026-07-23 10:48:59  1         C5           05           05           1E
                                     87           DA           32           C8
                                     05           3F           87           DC
                                     30           B5           05           6F
                                     87           DC           2E           E1
                                     05           97           87           DD
                                     2C           E9           05           AB
                                     87           DE           2A
      2026-07-23 10:49:43  1         06           06           FD           05
                                     DA           87           DE           28
                                     FE           05           FC           87
                                     DF           27           13           06
                                     23           87           DF           25
                                     1D           06           50           87
                                     E0           23           24           06
                                     94           87           DB
      2026-07-23 10:50:27  1         DB           07           21           31
                                     06           BC           87           DA
                                     1F           41           06           F5
                                     87           D8           1D           4F
                                     07           38           87           D5
                                     1B           54           07           56
                                     87           D0           19           5E
                                     07           3F           87
      2026-07-23 10:51:11  1         15           08           C0           17
                                     6A           07           4B           87
                                     BB           15           7A           07
                                     51           87           B3           13
                                     8D           07           75           87
                                     A3           11           96           07
                                     39           87           85           0F
                                     A2           06           F9
      2026-07-23 10:51:55  1         15           09           87           68
                                     0E           0F           07           39
                                     87           56           0C           E9
                                     07           A8           87           51
                                     0B           B8           07           55
                                     87           40           0A           F6
                                     06           BE           87           15
                                     0A           2A           05
      2026-07-23 10:52:39  1         F5           0A           42           86
                                     B9           09           62           04
                                     8B           86           53           08
                                     95           03           61           85
                                     ED           07           D3           02
                                     C8           85           B6           07
                                     6B           01           B9           85
                                     72           07           0E
      2026-07-23 10:53:23  1         EE           0B           01           09
                                     85           41           06           A6
                                     00           B3           85           34
                                     06           3F           00           DF
                                     85           29           05           E1
                                     00           F3           85           1E
                                     05           79           00           F3
                                     85           1D           05
02602 152389  17 31 3 3 2026-07-23 10:53:28 -58.813 -133.841  0.000 401649797
      2026-07-23 10:47:31  1         0F           03           4F           7B
                                     0A           55           06           02
                                     87           DF           27           27
                                     03           CD           87           CE
                                     4E           1F           03           ED
                                     87           D0           4A           32
                                     04           17           87           D2
                                     46           4E           04
      2026-07-23 10:49:43  1         06           06           FD           05
                                     DA           87           DE           28
                                     FE           05           FC           87
                                     DF           27           13           06
                                     23           87           DF           25
                                     1D           06           50           87
                                     E0           23           24           06
                                     94           87           DB
      2026-07-23 10:50:27  1         DB           07           21           31
                                     06           BC           87           DA
                                     1F           41           06           F5
                                     87           D8           1D           4F
                                     07           38           87           D5
                                     1B           54           07           56
                                     87           D0           19           5E
                                     07           3F           87
      2026-07-23 10:51:11  1         15           08           C0           17
                                     6A           07           4B           87
                                     BB           15           7A           07
                                     51           87           B3           13
                                     8D           07           75           87
                                     A3           11           96           07
                                     39           87           85           0F
                                     A2           06           F9
      2026-07-23 10:51:55  1         15           09           87           68
                                     0E           0F           07           39
                                     87           56           0C           E9
                                     07           A8           87           51
                                     0B           B8           07           55
                                     87           40           0A           F6
                                     06           BE           87           15
                                     0A           2A           05
      2026-07-23 10:52:39  1         F5           0A           42           86
                                     B9           09           62           04
                                     8B           86           53           08
                                     95           03           61           8E
                                     12           F8           2C           FD
                                     37           7A           49           F8
                                     94           FE           46           7A
                                     8D           F8           F1
      2026-07-23 10:53:23  1         EE           0B           01           09
                                     85           41           06           A6
                                     00           B3           85           34
                                     06           3F           00           DF
                                     85           29           05           E1
                                     00           F3           85           1E
                                     05           79           00           F3
                                     85           1D           05
      2026-07-23 10:54:07  1         C9           0C           16           00
                                     F8           85           1B           04
                                     B3           00           F9           85
                                     1B           04           4C           01
                                     03           85           1B           03
                                     ED           01           02           85
                                     1B           03           86           01
                                     04           85           1A
      2026-07-23 10:54:51  1         EF           0D           03           1F
                                     01           08           85           1A
                                     02           BB           01           06
                                     85           1A           02           5A
                                     01           04           85           12
                                     01           F8           01           04
                                     85           12           01           C0
                                     01           05           85
      2026-07-23 10:55:35  1         A0           0E           11           01
                                     90           01           04           85
                                     11           01           61           01
                                     05           85           12           01
                                     30           01           06           85
                                     12           00           FA           01
                                     07           85           12           00
                                     CA           01           05
      2026-07-23 10:56:19  1         50           0F           85           12
                                     00           9C           00           F9
                                     85           11           00           61
                                     00           06           FF           A2
                                     06           05           2C           4D
                                     5F           62           62           FF
                                     FF           FF           FF           FF
                                     FF           FF           FF
      2026-07-23 10:57:06  1         68           01           1D           03
                                     1B           5C           3A           80
                                     01           00           FF           FD
                                     FB           9F           4F           1F
                                     00           00           00           00
                                     91           05           80           39
                                     58           CC           8E           4F
                                     14           05           21
      2026-07-23 10:57:47  1         C4           02           C9           6F
                                     61           6A           01           0A
                                     04           00           D8           06
                                     8C           27           07           00
                                     88           00           53           05
                                     97           27           1C           07
                                     90           26           E9           25
                                     90           28           1A
      2026-07-23 10:59:15  2         1D           04           38           87
                                     D2           42           62           04
                                     82           87           D6           3E
                                     83           04           B0           87
                                     D7           3A           9B           04
                                     E1           87           D9           36
                                     B4           04           F4           87
                                     D9           34           BD
      2026-07-23 10:59:59  2         C5           05           05           1E
                                     87           DA           32           C8
                                     05           3F           87           DC
                                     30           B5           05           6F
                                     87           DC           2E           E1
                                     05           97           87           DD
                                     2C           E9           05           AB
                                     87           DE           2A
02602 152389   1 31 B
      2026-07-23 11:47:39  1         F5           0A           42           86
                                     B9           09           62           04
                                     8B           86           53           08
                                     95           03           61           85
                                     ED           07           D3           02
                                     C8           85           B6           07
                                     6B           41           BB           85
                                     72           07           0E
02602 152389  12 31 C 1 2026-07-23 12:19:11 -58.815 -133.791  0.000 401649799
      2026-07-23 12:11:51  1         EF           0D           03           1F
                                     01           08           85           1A
                                     02           BB           01           06
                                     85           1A           02           5A
                                     01           04           87           16
                                     01           FC           01           04
                                     85           12           01           C0
                                     15           35           85
      2026-07-23 12:12:35  1         A0           0E           11           01
                                     90           01           04           85
                                     11           01           61           01
                                     05           85           12           01
                                     30           01           06           85
                                     12           00           FA           01
                                     07           85           12           00
                                     CA           01           05
      2026-07-23 12:13:19  1         50           0F           85           12
                                     00           9C           00           F9
                                     85           11           00           61
                                     00           06           FF           A2
                                     06           05           2C           4D
                                     5F           62           62           FF
                                     FF           FF           FF           FF
                                     FF           FF           FF
      2026-07-23 12:14:06  1         79           01           24           03
                                     1B           5C           3A           80
                                     01           00           FF           FD
                                     FC           9F           4F           1F
                                     00           00           00           00
                                     91           05           80           39
                                     58           CC           8E           4F
                                     14           05           21
      2026-07-23 12:14:47  1         C4           02           C9           6F
                                     61           6A           01           0A
                                     04           00           D8           06
                                     8C           27           07           00
                                     88           00           53           05
                                     97           27           1C           07
                                     90           26           E9           25
                                     90           28           1A
      2026-07-23 12:15:31  1         0F           03           4F           7B
                                     0A           55           06           02
                                     87           DF           27           27
                                     03           CD           87           CE
                                     4E           1F           03           ED
                                     87           D0           4A           32
                                     04           17           87           D2
                                     46           4E           04
      2026-07-23 12:16:15  1         1D           04           38           87
                                     D2           42           62           04
                                     82           87           D6           3E
                                     83           04           B0           87
                                     D7           3A           9B           04
                                     E1           87           D9           36
                                     B4           04           F4           87
                                     D9           34           BD
      2026-07-23 12:16:59  1         C5           05           05           1E
                                     87           DA           32           C8
                                     05           3F           87           DC
                                     30           B5           05           6F
                                     87           DC           2E           E1
                                     05           97           87           DD
                                     2C           E9           05           AB
                                     87           DE           2A
      2026-07-23 12:17:43  1         06           06           FD           05
                                     DA           87           DE           28
                                     FE           05           FC           87
                                     DF           27           13           06
                                     23           87           DF           25
                                     1D           06           50           87
                                     E0           23           24           06
                                     94           87           DB
      2026-07-23 12:18:27  1         DB           07           21           31
                                     06           BC           87           DA
                                     1F           41           06           F5
                                     87           D8           1D           4F
                                     07           38           87           D5
                                     1B           54           07           56
                                     87           D0           19           5E
                                     07           3F           87
      2026-07-23 12:19:11  1         15           08           C0           17
                                     6A           07           4B           87
                                     BB           15           7A           07
                                     51           87           B3           13
                                     8D           07           75           87
                                     A3           11           96           07
                                     39           87           85           0F
                                     A2           06           F9
      2026-07-23 12:19:55  1         15           09           87           68
                                     0E           0F           07           39
                                     87           56           0C           E9
                                     07           A8           87           51
                                     0B           B8           07           55
                                     87           40           0A           F6
                                     06           BE           87           15
                                     0A           2A           05
02602 152389  18 31 S 2 2026-07-23 12:20:17 -58.810 -133.804  0.000 401649797
      2026-07-23 12:20:39  1         F5           0A           42           86
                                     B9           09           62           04
                                     8B           86           53           08
                                     95           03           61           85
                                     ED           07           D3           02
                                     C8           85           B6           07
                                     6B           01           B9           85
                                     72           07           0E
      2026-07-23 12:22:07  1         C9           0C           16           00
                                     F8           85           1B           04
                                     B3           00           F9           85
                                     1B           04           4C           01
                                     03           85           1B           03
                                     ED           01           02           85
                                     1B           03           86           01
                                     04           85           1A
      2026-07-23 12:22:51  1         EF           0D           03           1F
                                     01           08           85           1A
                                     02           BB           01           06
                                     85           1A           02           5A
                                     01           04           85           12
                                     01           F8           01           04
                                     85           12           01           C0
                                     01           05           85
      2026-07-23 12:23:35  1         A0           0E           11           01
                                     90           01           04           85
                                     11           01           61           01
                                     05           85           12           01
                                     30           01           06           85
                                     12           00           FA           01
                                     07           85           12           00
                                     CA           01           05
      2026-07-23 12:24:19  1         50           0F           85           12
                                     00           9C           00           F9
                                     85           11           00           61
                                     00           06           FF           A2
                                     06           05           2C           4D
                                     5F           62           62           FF
                                     FF           FF           FF           FF
                                     FF           FF           FF
      2026-07-23 12:25:06  1         E1           01           25           03
                                     1B           5C           3A           80
                                     01           00           FF           FD
                                     FC           9F           4F           1F
                                     00           00           00           00
                                     91           05           80           39
                                     58           CC           8E           4F
                                     14           05           21
      2026-07-23 12:25:47  1         C4           02           C9           6F
                                     61           6A           01           0A
                                     04           00           D8           06
                                     8C           27           07           00
                                     88           00           53           05
                                     97           27           1C           07
                                     90           26           E9           25
                                     90           28           1A
      2026-07-23 12:26:31  1         3F           03           4F           7A
                                     0A           55           06           02
                                     87           DF           27           27
                                     03           CD           87           CE
                                     4E           1F           03           ED
                                     87           D0           4A           32
                                     04           17           87           D2
                                     46           4E           04
      2026-07-23 12:27:15  1         1D           04           38           87
                                     D2           42           62           04
                                     82           87           D6           3E
                                     83           04           B0           87
                                     D7           3B           9B           04
                                     E1           87           D9           36
                                     B4           04           F4           87
                                     D9           34           BD
      2026-07-23 12:27:59  1         C5           05           05           1E
                                     87           DA           32           C8
                                     05           3F           87           DC
                                     30           B5           05           6F
                                     87           DC           2E           E1
                                     05           97           87           DD
                                     2C           E9           05           AB
                                     87           DE           2A
      2026-07-23 12:28:43  1         06           06           FD           05
                                     DA           87           DE           28
                                     FE           05           FC           87
                                     DF           27           13           06
                                     23           87           DF           25
                                     1D           06           50           87
                                     E0           23           24           06
                                     94           87           DB
      2026-07-23 12:29:27  1         DB           07           21           31
                                     06           BC           87           DA
                                     1F           41           06           F5
                                     87           D8           1D           4F
                                     07           38           87           D5
                                     1B           54           07           56
                                     87           D0           19           5E
                                     07           3F           87
      2026-07-23 12:30:11  2         15           08           C0           17
                                     6A           07           4B           87
                                     BB           15           7A           07
                                     51           87           B3           13
                                     8D           07           75           87
                                     A3           11           96           07
                                     39           87           85           0F
                                     A2           06           F9
      2026-07-23 12:30:55  2         15           09           87           68
                                     0E           0F           07           39
                                     87           56           0C           E9
                                     07           A8           87           51
                                     0B           B8           07           55
                                     87           40           0A           F6
                                     06           BE           87           15
                                     0A           2A           05
      2026-07-23 12:32:23  2         EE           0B           01           09
                                     85           41           06           A6
                                     00           B3           85           34
                                     06           3F           00           DF
                                     85           29           05           E1
                                     00           F3           85           1E
                                     05           79           00           F3
                                     85           1D           05
02602 152389  15 31 3 3 2026-07-23 12:30:55 -58.818 -133.797  0.000 401649798
      2026-07-23 12:25:47  1         C4           02           C9           6F
                                     61           6A           00           0A
                                     04           00           D8           06
                                     8C           27           07           00
                                     88           00           53           05
                                     97           27           1C           07
                                     90           26           E9           25
                                     90           28           1A
      2026-07-23 12:26:31  1         3F           03           4F           7A
                                     0A           55           06           02
                                     87           DF           27           27
                                     03           CD           87           CE
                                     4E           1F           03           ED
                                     87           D0           4A           32
                                     04           17           87           D2
                                     46           4E           04
      2026-07-23 12:27:15  1         1D           04           38           87
                                     D2           42           62           04
                                     82           87           D6           3E
                                     83           04           B0           87
                                     D7           3A           9B           04
                                     E1           87           D9           36
                                     B4           04           F4           87
                                     D9           34           BD
      2026-07-23 12:27:59  1         C5           05           05           1E
                                     87           DA           32           C8
                                     05           3F           87           DC
                                     30           B5           05           6F
                                     87           DC           2E           E1
                                     05           97           87           DD
                                     2C           E9           05           AB
                                     87           DE           2A
      2026-07-23 12:28:43  1         06           06           FD           05
                                     DA           87           DE           28
                                     FE           05           FC           87
                                     DF           27           13           06
                                     23           87           DF           25
                                     1D           06           50           87
                                     E0           23           24           06
                                     94           87           DB
      2026-07-23 12:29:27  1         DB           07           21           31
                                     06           BC           87           DA
                                     1F           41           06           F5
                                     87           D8           1D           4F
                                     07           38           87           D5
                                     1B           54           07           56
                                     87           D0           19           5E
                                     07           3F           87
      2026-07-23 12:30:11  1         15           08           C0           17
                                     6A           07           4B           87
                                     BB           15           7A           07
                                     51           87           B3           13
                                     8D           07           75           87
                                     A3           11           96           07
                                     39           87           85           0F
                                     A2           06           F9
      2026-07-23 12:30:55  1         15           09           87           68
                                     0E           0F           07           39
                                     87           56           0C           E9
                                     07           A8           87           51
                                     0B           B8           07           55
                                     87           40           0A           F6
                                     06           BE           87           15
                                     0A           2A           05
      2026-07-23 12:31:39  1         F5           0A           42           86
                                     B9           09           62           04
                                     8B           86           53           08
                                     95           03           61           85
                                     ED           07           D3           02
                                     C8           85           B6           07
                                     6B           01           B9           85
                                     72           07           0E
      2026-07-23 12:32:23  1         EE           0B           01           09
                                     85           41           06           A6
                                     00           B3           85           34
                                     06           3F           00           DF
                                     85           29           05           E1
                                     00           F3           85           1E
                                     05           79           00           F3
                                     85           1D           05
      2026-07-23 12:33:07  1         C9           0C           16           00
                                     F8           85           1B           04
                                     B3           00           F9           85
                                     1B           04           4C           01
                                     03           85           1B           03
                                     ED           01           02           85
                                     1B           03           86           01
                                     04           85           1A
      2026-07-23 12:33:51  1         EF           0D           03           1F
                                     01           08           85           1A
                                     02           BB           01           06
                                     85           1A           02           5A
                                     01           04           85           12
                                     01           F8           01           04
                                     85           12           01           C0
                                     01           05           85
      2026-07-23 12:34:35  1         A0           0E           11           01
                                     90           01           04           85
                                     11           01           61           01
                                     05           85           12           01
                                     30           01           06           85
                                     12           00           FA           01
                                     07           85           12           00
                                     CA           01           05
      2026-07-23 12:35:19  1         50           0F           85           12
                                     00           9C           00           F9
                                     85           11           00           61
                                     00           06           FF           A2
                                     06           05           2C           4D
                                     5F           62           62           FF
                                     FF           FF           FF           FF
                                     FF           FF           FF
      2026-07-23 12:36:06  1         49           01           26           03
                                     1B           5C           3A           80
                                     01           00           FF           FD
                                     FC           9F           4F           1F
                                     00           00           00           00
                                     91           05           80           39
                                     58           CC           8E           4F
                                     14           05           21
02602 152389  12 31 R 1 2026-07-23 13:16:01 -58.809 -133.774  0.000 401649795
      2026-07-23 13:07:35  1         A0           0E           11           01
                                     90           01           04           85
                                     11           01           61           01
                                     05           85           12           01
                                     30           01           06           85
                                     12           00           FA           01
                                     07           85           12           00
                                     CA           01           05
      2026-07-23 13:09:06  1         4A           01           29           03
                                     1B           5C           3A           80
                                     01           00           FF           FD
                                     FB           9F           4F           1F
                                     00           00           00           00
                                     91           05           80           39
                                     58           CC           8E           4F
                                     14           05           21
      2026-07-23 13:09:47  1         C4           02           C9           6F
                                     61           6A           01           0A
                                     04           00           D8           06
                                     8C           27           07           00
                                     88           00           53           05
                                     97           27           1C           07
                                     90           26           E9           25
                                     90           28           1A
      2026-07-23 13:10:31  1         3F           03           4F           7A
                                     0A           55           06           02
                                     87           DF           27           27
                                     03           CD           87           CE
                                     4E           1F           03           ED
                                     87           D0           4A           32
                                     04           17           87           D2
                                     46           4E           04
      2026-07-23 13:11:15  1         1D           04           38           87
                                     D2           42           62           04
                                     82           87           D6           3E
                                     83           04           B0           87
                                     D7           3A           9B           04
                                     E1           87           D9           36
                                     B4           04           F4           87
                                     D9           34           BD
      2026-07-23 13:11:59  1         C5           05           05           1E
                                     87           DA           32           C8
                                     05           3F           87           DC
                                     30           B5           05           6F
                                     87           DC           2E           E1
                                     05           97           87           DD
                                     2C           E9           05           AB
                                     87           DE           2A
      2026-07-23 13:12:43  1         06           06           FD           05
                                     DA           87           DE           28
                                     FE           05           FC           87
                                     DF           27           13           06
                                     23           87           DF           25
                                     1D           06           50           87
                                     E0           23           24           06
                                     94           87           DB
      2026-07-23 13:13:27  1         DB           07           21           31
                                     06           BC           87           DA
                                     1F           41           06           F5
                                     87           D8           1D           4F
                                     07           38           87           D5
                                     1B           54           07           56
                                     87           D0           19           5E
                                     07           3F           87
      2026-07-23 13:14:11  1         15           08           C0           17
                                     6A           07           4B           87
                                     BB           15           7A           07
                                     51           87           B3           13
                                     8D           07           75           87
                                     A3           11           96           07
                                     39           87           85           0F
                                     A2           06           F9
      2026-07-23 13:14:55  1         15           09           87           68
                                     0E           0F           07           39
                                     87           56           0C           E9
                                     07           A8           87           51
                                     0B           B8           07           55
                                     87           40           0A           F6
                                     06           BE           87           15
                                     0A           2A           05
      2026-07-23 13:15:39  1         F5           0A           42           86
                                     B9           09           62           04
                                     8B           86           53           08
                                     95           03           61           85
                                     ED           07           D3           02
                                     C8           85           B6           07
                                     6B           01           B9           85
                                     72           07           0E
      2026-07-23 13:16:23  1         EE           0B           01           09
                                     85           41           06           A6
                                     00           B3           85           34
                                     06           3F           00           DF
                                     85           29           05           E1
                                     00           F3           85           1E
                                     05           79           00           F3
                                     85           1D           05
02602 152389   3 31 B
      2026-07-23 13:25:11  1         15           08           C0           17
                                     6A           07           4B           87
                                     BB           15           7A           07
                                     51           87           B3           13
                                     8D           07           75           87
                                     A3           11           96           07
                                     39           87           85           0F
                                     A2           04           F9
      2026-07-23 13:29:35  1         A0           0E           11           01
                                     90           01           04           85
                                     11           01           41           01
                                     05           85           12           01
                                     30           01           06           85
                                     12           00           FA           01
                                     07           85           12           00
                                     CA           01           05
      2026-07-23 13:31:06  1         7A           01           2B           03
                                     1B           5C           3A           80
                                     09           00           FF           FD
                                     FB           9F           4F           1F
                                     00           00           00           00
                                     91           04           80           33
                                     58           CC           8F           5B
                                     56           05           21
02602 152389  13 31 C 2 2026-07-23 13:58:11 -58.812 -133.743  0.000 401649799
      2026-07-23 13:49:23  1         EE           0B           01           09
                                     85           41           06           A6
                                     00           B3           85           34
                                     06           3F           00           DF
                                     85           29           05           E1
                                     00           F3           85           1E
                                     05           79           00           F3
                                     85           1D           05
      2026-07-23 13:50:07  1         C9           0C           16           00
                                     F8           85           1B           04
                                     B3           00           F9           85
                                     1B           04           4C           01
                                     03           85           1B           03
                                     ED           01           02           85
                                     1B           03           86           01
                                     04           85           1A
      2026-07-23 13:50:51  1         EF           0D           03           1F
                                     01           08           85           1A
                                     02           BB           01           06
                                     85           1A           02           5A
                                     01           04           85           12
                                     01           F8           01           04
                                     85           12           01           C0
                                     01           05           85
      2026-07-23 13:51:35  1         A0           0E           11           01
                                     90           01           04           85
                                     11           01           61           01
                                     05           85           12           01
                                     30           01           06           85
                                     12           00           FA           01
                                     07           85           12           00
                                     CA           01           05
      2026-07-23 13:52:19  1         50           0F           85           12
                                     00           9C           00           F9
                                     85           11           00           61
                                     00           06           FF           A2
                                     06           05           2C           4D
                                     5F           62           62           FF
                                     FF           FF           FF           FF
                                     FF           FF           FF
      2026-07-23 13:53:06  1         B2           01           2D           03
                                     1B           5C           3A           80
                                     01           00           FF           FD
                                     FB           9F           4F           1F
                                     00           00           00           00
                                     91           05           80           39
                                     58           CC           8E           4F
                                     14           05           21
      2026-07-23 13:53:47  1         C4           02           C9           6F
                                     61           6A           01           0A
                                     04           00           D8           06
                                     8C           27           07           00
                                     88           00           53           05
                                     97           27           1C           07
                                     90           26           E9           25
                                     90           28           1A
      2026-07-23 13:54:31  1         6F           03           4F           79
                                     0A           55           06           02
                                     87           DF           27           27
                                     03           CD           87           CE
                                     4E           1F           03           ED
                                     87           D0           4A           32
                                     04           17           87           D2
                                     46           4E           04
      2026-07-23 13:55:15  1         1D           04           38           87
                                     D2           42           62           04
                                     82           87           D6           3E
                                     83           04           B0           87
                                     D7           3A           9B           04
                                     E1           87           D9           36
                                     B4           04           F4           87
                                     D9           34           BD
      2026-07-23 13:55:59  1         C5           05           05           1E
                                     87           DA           32           C8
                                     05           3F           87           DC
                                     30           B5           05           6F
                                     87           DC           2E           E1
                                     05           97           87           DD
                                     2C           E9           05           AB
                                     87           DE           2A
      2026-07-23 13:56:43  1         06           06           FD           05
                                     DA           87           DE           28
                                     FE           05           FC           87
                                     DF           27           13           06
                                     23           87           DF           25
                                     1D           06           50           87
                                     E0           23           24           06
                                     94           87           DB
      2026-07-23 13:57:27  1         DB           07           21           31
                                     06           BC           87           DA
                                     1F           41           06           F5
                                     87           D8           1D           4F
                                     07           38           87           D5
                                     1B           54           07           56
                                     87           D0           19           5E
                                     07           3F           87
      2026-07-23 13:58:11  1         15           08           C0           17
                                     6A           07           4B           87
                                     BB           15           7A           07
                                     51           87           B3           13
                                     8D           07           75           87
                                     A3           11           96           07
                                     39           87           85           0F
                                     A2           06           F9
02602 152389  10 31 3 1 2026-07-23 14:07:21 -58.820 -133.742  0.000 401649799
      2026-07-23 14:04:06  1         55           01           2E           03
                                     1B           5C           3A           80
                                     01           00           FF           FD
                                     FD           9F           4F           1F
                                     00           00           00           00
                                     91           05           80           39
                                     58           CC           8E           4F
                                     14           05           21
      2026-07-23 14:04:47  1         C4           02           C9           6F
                                     61           6A           01           0A
                                     04           00           D8           06
                                     8C           27           07           00
                                     88           00           53           05
                                     97           27           1C           07
                                     90           26           E9           25
                                     90           28           1A
      2026-07-23 14:05:31  1         6F           03           4F           79
                                     0A           55           06           02
                                     87           DF           27           27
                                     03           CD           87           CE
                                     4E           1F           03           ED
                                     87           D0           4A           32
                                     04           17           87           D2
                                     46           4E           04
      2026-07-23 14:06:15  1         1D           04           38           87
                                     D2           42           62           04
                                     82           87           D6           3E
                                     83           04           B0           87
                                     D7           3A           9B           04
                                     E1           87           D9           36
                                     B4           04           F4           87
                                     D9           34           BD
      2026-07-23 14:06:59  1         C5           05           05           1E
                                     87           DA           32           C8
                                     05           3F           87           DC
                                     30           B5           05           6F
                                     87           DC           2E           E1
                                     05           97           87           DD
                                     2C           E9           05           AB
                                     87           DE           2A
      2026-07-23 14:07:43  1         06           06           FD           05
                                     DA           87           DE           28
                                     FE           05           FC           87
                                     DF           27           13           06
                                     23           87           DF           25
                                     1D           06           50           87
                                     E0           23           24           06
                                     94           87           DB
      2026-07-23 14:08:27  1         DB           07           21           31
                                     06           BC           87           DA
                                     1F           41           06           F5
                                     87           D8           1D           4F
                                     07           38           87           D5
                                     1B           54           07           56
                                     87           D0           19           5E
                                     07           3F           87
      2026-07-23 14:09:11  1         15           08           C0           17
                                     6A           07           4B           87
                                     91           0C           7A           07
                                     51           A3           B3           03
                                     8D           07           75           87
                                     A3           11           96           07
                                     39           87           85           0F
                                     A2           06           F9
      2026-07-23 14:09:55  1         15           09           87           68
                                     0E           0F           07           39
                                     87           56           0C           E9
                                     07           A8           87           51
                                     0B           B8           07           55
                                     87           40           0A           F6
                                     06           BE           87           15
                                     0A           2A           05
      2026-07-23 14:10:39  1         F5           0A           42           86
                                     B9           09           62           04
                                     8B           86           53           08
                                     95           03           61           85
                                     ED           07           D3           02
                                     C8           85           B6           07
                                     6B           01           B9           85
                                     72           07           0E
02602 152389  19 31 S 3 2026-07-23 13:58:33 -58.814 -133.750  0.000 401649797
      2026-07-23 13:58:55  1         15           09           87           68
                                     0E           0F           07           39
                                     87           56           0C           E9
                                     07           A8           87           51
                                     0B           B8           17           55
                                     87           40           0A           FE
                                     06           BE           87           15
                                     0A           2A           05
      2026-07-23 14:01:07  1         C9           0C           16           00
                                     F8           85           1B           04
                                     B3           00           F9           85
                                     1B           04           4C           01
                                     03           85           1B           03
                                     ED           01           02           85
                                     1B           03           86           01
                                     04           85           1A
      2026-07-23 14:01:51  1         EF           0D           03           1F
                                     01           08           85           1A
                                     02           BB           01           06
                                     85           1A           02           5A
                                     01           04           85           12
                                     01           F8           01           04
                                     85           12           01           C0
                                     01           05           85
      2026-07-23 14:02:35  1         A0           0E           11           01
                                     90           01           04           85
                                     11           01           61           01
                                     05           85           12           01
                                     30           01           06           85
                                     12           00           FA           01
                                     07           85           12           00
                                     CA           01           05
      2026-07-23 14:03:19  1         50           0F           85           12
                                     00           9C           00           F9
                                     85           11           00           61
                                     00           06           FF           A2
                                     06           05           2C           4D
                                     5F           62           62           FF
                                     FF           FF           FF           FF
                                     FF           FF           FF
      2026-07-23 14:04:06  1         55           01           2E           03
                                     1B           5C           3A           80
                                     01           00           FF           FD
                                     FD           9F           4F           1F
                                     00           00           00           00
                                     91           05           80           39
                                     58           CC           8E           4F
                                     14           05           21
      2026-07-23 14:04:47  1         C4           02           C9           6F
                                     61           6A           01           0A
                                     04           00           D8           06
                                     8C           27           07           00
                                     88           00           53           05
                                     97           27           1C           07
                                     90           26           E9           25
                                     90           28           1A
      2026-07-23 14:05:31  1         6F           03           4F           79
                                     0A           55           06           02
                                     87           DF           27           27
                                     03           CD           87           CE
                                     4E           1F           03           ED
                                     87           D0           4A           32
                                     04           17           87           D2
                                     46           4E           04
      2026-07-23 14:06:15  1         1D           04           38           87
                                     D2           42           62           04
                                     82           87           D6           3E
                                     83           04           B0           87
                                     D7           3A           9B           04
                                     E1           87           D9           36
                                     B4           04           F4           87
                                     D9           34           BD
      2026-07-23 14:06:59  1         C5           05           05           1E
                                     87           DA           32           C8
                                     05           3F           87           DC
                                     30           B5           05           6F
                                     87           DC           2E           E1
                                     05           97           87           DD
                                     2C           E9           05           AB
                                     87           DE           2A
      2026-07-23 14:07:43  1         06           06           FD           05
                                     DA           87           DE           28
                                     FE           05           FC           87
                                     DF           27           13           06
                                     23           87           DF           25
                                     1D           06           50           87
                                     E0           23           24           06
                                     94           87           DB
      2026-07-23 14:08:27  1         DB           07           21           31
                                     06           BC           87           DA
                                     1F           41           06           F5
                                     87           D8           1D           4F
                                     07           38           87           D5
                                     1B           54           07           56
                                     87           D0           19           5E
                                     07           3F           87
      2026-07-23 14:09:11  2         15           08           C0           17
                                     6A           07           4B           87
                                     BB           15           7A           07
                                     51           87           B3           13
                                     8D           07           75           87
                                     A3           11           96           07
                                     39           87           85           0F
                                     A2           06           F9
      2026-07-23 14:09:55  1         15           09           87           68
                                     0E           0F           07           39
                                     87           56           0C           E9
                                     07           A8           87           51
                                     0B           B8           07           55
                                     87           40           0A           F6
                                     06           BE           87           15
                                     0A           2A           05
      2026-07-23 14:10:39  2         F5           0A           42           86
                                     B9           09           62           04
                                     8B           86           53           08
                                     95           03           61           85
                                     ED           07           D3           02
                                     C8           85           B6           07
                                     6B           01           B9           85
                                     72           07           0E
      2026-07-23 14:11:23  2         EE           0B           01           09
                                     85           41           06           A6
                                     00           B3           85           34
                                     06           3F           00           DF
                                     85           29           05           E1
                                     00           F3           85           1E
                                     05           79           00           F3
                                     85           1D           05
02602 152389  19 31 R 3 2026-07-23 14:52:05 -58.817 -133.730  0.000 401649796
      2026-07-23 14:48:06  1         8C           01           32           03
                                     1B           5C           3A           80
                                     01           00           FF           FD
                                     FD           9F           4F           1F
                                     00           00           00           00
                                     91           05           80           39
                                     58           CC           8E           4F
                                     14           05           21
      2026-07-23 14:49:31  1         0F           03           4F           7B
                                     0A           55           06           02
                                     87           DF           27           27
                                     03           CD           87           CE
                                     4E           1F           03           ED
                                     87           D0           4A           32
                                     04           17           87           D2
                                     46           4E           04
      2026-07-23 14:50:15  1         1D           04           38           87
                                     D2           42           62           04
                                     82           87           D6           3E
                                     83           04           B0           87
                                     D7           3A           9B           04
                                     E1           87           D9           36
                                     B4           04           F4           87
                                     D9           34           BD
      2026-07-23 14:50:59  1         C5           05           05           1E
                                     87           DA           32           C8
                                     05           3F           87           DC
                                     30           B5           05           6F
                                     87           DC           2E           E1
                                     05           97           87           DD
                                     2C           E9           05           AB
                                     87           DE           2A
      2026-07-23 14:51:43  1         06           06           FD           05
                                     DA           87           DE           28
                                     FE           05           FC           87
                                     DF           27           13           06
                                     23           87           DF           25
                                     1D           06           50           87
                                     E0           23           24           06
                                     94           87           DB
      2026-07-23 14:52:27  1         DB           07           21           31
                                     06           BC           87           DA
                                     1F           41           06           F5
                                     87           D8           1D           4F
                                     07           38           87           D5
                                     1B           54           07           56
                                     87           D0           19           5E
                                     07           3F           87
      2026-07-23 14:53:11  1         15           08           C0           17
                                     6A           07           4B           87
                                     BB           15           7A           07
                                     51           87           B3           13
                                     8D           07           75           87
                                     A3           11           96           07
                                     39           87           85           0F
                                     A2           06           F9
      2026-07-23 14:53:55  1         15           09           87           68
                                     0E           0F           07           39
                                     87           56           0C           E9
                                     07           A8           87           51
                                     0B           B8           07           55
                                     87           40           0A           F6
                                     06           BE           87           15
                                     0A           2A           05
      2026-07-23 14:54:39  1         F5           0A           42           86
                                     B9           09           62           04
                                     8B           86           53           08
                                     95           03           61           85
                                     ED           07           D3           02
                                     C8           85           B6           07
                                     6B           01           B9           85
                                     72           07           0E
      2026-07-23 14:55:23  1         EE           0B           01           09
                                     85           41           06           A6
                                     00           B3           85           34
                                     06           3F           00           DF
                                     85           29           05           E1
                                     00           F3           85           1E
                                     05           79           00           F3
                                     85           1D           05
      2026-07-23 14:56:07  1         C9           0C           16           00
                                     F8           85           1B           04
                                     B3           00           F9           85
                                     1B           04           4C           01
                                     03           85           1B           03
                                     ED           01           02           85
                                     1B           03           86           01
                                     04           85           1A
      2026-07-23 14:56:51  1         EF           0D           03           1F
                                     01           08           85           1A
                                     02           BB           01           06
                                     85           1A           02           5A
                                     01           04           85           12
                                     01           F8           01           04
                                     85           12           01           C0
                                     01           05           85
      2026-07-23 14:57:35  2         A0           0E           11           01
                                     90           01           04           85
                                     11           01           61           01
                                     05           85           12           01
                                     30           01           06           85
                                     12           00           FA           01
                                     07           85           12           00
                                     CA           01           05
      2026-07-23 14:58:19  2         50           0F           85           12
                                     00           9C           00           F9
                                     85           11           00           61
                                     00           06           FF           A2
                                     06           05           2C           4D
                                     5F           62           62           FF
                                     FF           FF           FF           FF
                                     FF           FF           FF
      2026-07-23 14:59:06  1         60           01           33           03
                                     1B           5C           3A           80
                                     01           00           FF           FD
                                     FC           9F           4F           1F
                                     00           00           00           00
                                     91           05           80           39
                                     58           CC           8E           4F
                                     14           05           21
      2026-07-23 14:59:47  2         C4           02           C9           6F
                                     61           6A           01           0A
                                     04           00           D8           06
                                     8C           27           07           00
                                     88           00           53           05
                                     97           27           1C           07
                                     90           26           E9           25
                                     90           28           1A
02602 152389   9 31 B 2 2026-07-23 15:01:37 -58.818 -133.720  0.000 401649796
      2026-07-23 15:01:15  1         1D           04           38           87
                                     D2           42           62           04
                                     82           87           D6           3E
                                     83           04           B0           87
                                     D7           3A           9B           04
                                     E1           87           DB           3E
                                     B0           04           A4           87
                                     59           34           BD
      2026-07-23 15:01:59  1         C5           05           05           12
                                     87           DA           73           80
                                     05           3F           87           DC
                                     52           95           05           4F
                                     97           DC           2E           E1
                                     05           97           87           DD
                                     2C           E9           05           AB
                                     87           DE           2A
      2026-07-23 15:02:43  1         06           06           FD           05
                                     DA           87           DE           28
                                     FE           05           FC           87
                                     DF           27           13           06
                                     23           87           DF           25
                                     1D           06           50           87
                                     E0           23           24           06
                                     94           87           D3
      2026-07-23 15:03:27  1         DB           07           21           31
                                     06           BC           87           DA
                                     1F           41           06           F5
                                     87           D8           1D           4F
                                     07           38           87           D5
                                     1B           54           07           54
                                     87           D0           19           5E
                                     07           3F           87
      2026-07-23 15:04:11  1         15           08           C0           17
                                     6A           07           4B           87
                                     BB           15           7A           07
                                     51           87           B3           13
                                     8D           07           75           87
                                     A3           11           94           07
                                     39           86           85           0E
                                     A2           17           F9
      2026-07-23 15:04:55  1         15           09           87           68
                                     0E           0F           07           39
                                     87           56           0C           E9
                                     07           A8           87           51
                                     0B           B8           07           55
                                     87           40           0A           F6
                                     06           BE           87           15
                                     0A           2A           05
      2026-07-23 15:05:39  1         F5           0A           42           86
                                     B9           09           62           04
                                     AF           96           53           08
                                     97           03           61           85
                                     AD           07           D3           02
                                     C8           85           B6           07
                                     7B           01           89           87
                                     C7           F0           FC
      2026-07-23 15:10:06  1         0B           01           34           03
                                     1B           5C           3A           80
                                     00           00           FB           FD
                                     FD           9E           4D           1F
                                     00           40           04           90
                                     D1           23           40           39
                                     58           CC           8E           4F
                                     14           05           A1
      2026-07-23 15:10:47  1         C4           02           C9           6F
                                     61           6A           01           0A
                                     04           00           D8           06
                                     8C           27           07           00
                                     88           00           53           05
                                     97           27           1C           07
                                     90           26           E9           25
                                     90           28           1A
02602 152390  12 31 R 1 2026-07-20 21:07:50 -41.960  -29.354  0.000 401649946
      2026-07-20 21:03:49  1         5A           01           0F           03
                                     03           59           3B           80
                                     01           00           FF           F9
                                     FE           92           54           39
                                     81           40           45           CF
                                     3E           F9           3B           C7
                                     8E           3F           31           DB
                                     71           FC           3A
      2026-07-20 21:04:32  1         15           02           2F           22
                                     5E           6A           01           34
                                     04           00           D8           0C
                                     0E           26           EA           00
                                     10           00           2C           0B
                                     80           27           87           0C
                                     27           27           1A           26
                                     9D           27           AB
      2026-07-20 21:06:04  1         D4           04           10           87
                                     B5           42           68           0B
                                     1E           87           95           3E
                                     84           0B           00           87
                                     63           3A           9B           0B
                                     11           87           3E           36
                                     B5           0A           F4           87
                                     18           34           B8
      2026-07-20 21:06:50  1         EB           05           0B           01
                                     86           FA           32           CA
                                     0B           2C           86           DD
                                     30           D9           0B           29
                                     86           C4           2E           DB
                                     0A           F7           86           9C
                                     2C           E8           0B           75
                                     86           8A           2A
      2026-07-20 21:07:36  1         31           06           FD           0B
                                     D9           86           71           29
                                     00           0C           1A           86
                                     54           27           0A           0C
                                     48           86           38           25
                                     19           0C           85           86
                                     1E           23           27           0C
                                     A5           86           01
      2026-07-20 21:08:22  1         3C           07           21           37
                                     0C           E5           85           DF
                                     1F           3F           0D           3D
                                     85           CE           1D           51
                                     0E           8D           85           D8
                                     1B           58           0F           10
                                     85           C8           19           64
                                     10           1E           85
      2026-07-20 21:09:08  1         DC           08           CE           17
                                     6C           10           7C           85
                                     C4           15           7A           11
                                     A8           85           D0           13
                                     8D           12           6A           85
                                     D4           11           93           14
                                     14           85           EC           0F
                                     A4           16           37
      2026-07-20 21:09:54  1         66           09           86           14
                                     0E           15           18           06
                                     86           3D           0C           E3
                                     19           38           86           5B
                                     0B           B9           1A           77
                                     86           7A           0A           F2
                                     1B           E9           86           A3
                                     0A           2A           1E
      2026-07-20 21:10:40  1         5D           0A           23           86
                                     E5           09           4B           20
                                     38           87           2C           08
                                     95           22           EC           87
                                     7B           07           CD           24
                                     7B           87           A9           07
                                     71           25           8C           87
                                     CF           07           0A
      2026-07-20 21:11:26  1         66           0B           27           85
                                     88           15           06           A6
                                     28           71           88           36
                                     06           44           29           BB
                                     88           53           05           E0
                                     29           A2           88           28
                                     05           77           2B           72
                                     88           5E           05
      2026-07-20 21:12:12  1         C7           0C           15           2A
                                     F9           88           2E           04
                                     AF           2A           F9           88
                                     27           04           4E           2B
                                     03           88           28           03
                                     EC           2B           B6           88
                                     49           03           86           2C
                                     2E           88           63
      2026-07-20 21:12:58  1         45           0D           03           22
                                     2C           A8           88           6F
                                     02           BA           2C           56
                                     88           4C           02           5A
                                     2B           54           87           F4
                                     01           F3           2B           4F
                                     88           07           01           C7
                                     2B           3B           87
02602 152390  11 31 C 1 2026-07-20 21:57:11 -41.958  -29.331  0.000 401649946
      2026-07-20 21:55:08  1         DC           08           CE           17
                                     6C           10           7C           85
                                     C4           15           7A           11
                                     A8           85           D0           13
                                     8D           12           6A           85
                                     D4           11           93           14
                                     14           85           EC           0F
                                     A4           16           37
      2026-07-20 21:55:54  1         66           09           86           14
                                     0E           15           18           06
                                     86           3D           08           E7
                                     19           38           86           5B
                                     0B           B9           5A           77
                                     C6           7A           4A           7A
                                     98           6A           9E           DD
                                     EB           2E           1E
      2026-07-20 21:56:40  1         5D           0A           23           86
                                     E5           09           4B           20
                                     38           87           2C           08
                                     95           22           EC           87
                                     7B           07           CD           24
                                     7B           87           A9           07
                                     71           25           8C           87
                                     CF           07           0A
      2026-07-20 21:57:26  1         66           0B           27           85
                                     88           15           06           A6
                                     28           71           88           36
                                     06           44           29           BB
                                     88           53           05           E0
                                     29           A2           88           28
                                     05           77           2B           72
                                     88           5E           05
      2026-07-20 21:58:12  1         C7           0C           15           2A
                                     F9           88           2E           04
                                     AF           2A           F9           88
                                     27           04           4E           2B
                                     03           88           28           03
                                     EC           2B           B6           88
                                     49           03           86           2C
                                     2E           88           63
      2026-07-20 21:59:44  1         04           0E           FA           01
                                     8C           2B           39           87
                                     F7           01           5B           2A
                                     CC           87           C6           01
                                     2C           2A           C3           87
                                     D6           00           F7           2A
                                     AF           87           CF           00
                                     CC           2A           6E
      2026-07-20 22:00:30  1         3D           0F           87           BA
                                     00           9C           2A           6F
                                     87           BA           00           67
                                     2A           6C           87           BA
                                     00           2D           00           06
                                     FF           CA           06           03
                                     2A           4E           5F           63
                                     63           FF           FF
      2026-07-20 22:01:19  1         D3           01           14           03
                                     03           59           3B           80
                                     01           00           FF           F9
                                     FA           92           51           19
                                     00           00           00           00
                                     91           06           85           38
                                     72           C1           8C           49
                                     0E           03           A5
      2026-07-20 22:02:02  1         15           02           2F           22
                                     5E           6A           01           34
                                     04           00           D8           0C
                                     0E           26           EA           00
                                     10           00           2C           0B
                                     80           27           87           0C
                                     27           27           1A           26
                                     9D           27           AB
      2026-07-20 22:02:48  1         85           03           53           7A
                                     08           E1           0C           0F
                                     86           59           26           EE
                                     0B           00           88           17
                                     4E           27           0B           01
                                     87           F7           4A           33
                                     0A           FA           87           D4
                                     46           4C           0B
      2026-07-20 22:03:34  1         D4           04           10           87
                                     B5           42           68           0B
                                     1E           87           95           3E
                                     84           0B           00           87
                                     63           3A           9B           0B
                                     11           87           3E           36
                                     B5           0A           F4           87
                                     18           34           B8
02602 152390  13 31 B 1 2026-07-20 23:21:24 -41.953  -29.312  0.000 401649946
      2026-07-20 23:08:44  1         04           0E           FA           01
                                     8C           2B           39           87
                                     F7           01           5B           2A
                                     CC           87           C6           01
                                     2C           2A           C3           87
                                     D6           00           F7           2A
                                     AF           87           CF           00
                                     CC           2A           6E
      2026-07-20 23:09:30  1         3D           0F           87           BA
                                     00           9C           2A           6F
                                     87           BA           11           67
                                     2A           4C           EC           A6
                                     00           2D           00           06
                                     FF           C2           06           03
                                     0A           E3           E0           A8
                                     21           FF           FF
      2026-07-20 23:10:19  1         3C           01           1A           03
                                     03           59           3B           80
                                     01           00           FF           F9
                                     FC           92           51           19
                                     00           00           00           00
                                     91           06           85           38
                                     72           C1           8C           49
                                     0E           03           A5
      2026-07-20 23:11:02  1         15           02           2F           22
                                     5E           6A           01           34
                                     04           00           D8           0C
                                     0E           26           EA           00
                                     10           00           2C           0B
                                     80           27           97           0C
                                     07           27           3A           2F
                                     35           23           AB
      2026-07-20 23:11:48  1         85           03           53           7A
                                     08           E1           0C           0F
                                     86           59           26           EE
                                     0B           00           88           17
                                     4E           27           0B           01
                                     87           F7           4A           33
                                     0A           FA           87           D4
                                     46           4C           0B
      2026-07-20 23:14:06  1         31           06           FD           0B
                                     D9           86           71           29
                                     00           0C           1A           86
                                     54           27           0A           0C
                                     48           86           38           25
                                     19           0C           85           86
                                     1E           23           27           0C
                                     A5           86           01
      2026-07-20 23:15:38  1         DC           08           CE           17
                                     6C           10           7C           85
                                     C5           9F           72           31
                                     A8           85           50           74
                                     F4           9E           B2           97
                                     27           FC           F9           A0
                                     79           14           C3           FF
                                     89           F7           0B
      2026-07-20 23:16:24  1         66           09           86           14
                                     0E           15           18           06
                                     86           3D           0C           E3
                                     19           38           86           5B
                                     0B           B9           1A           77
                                     86           7A           0A           F2
                                     1B           E9           86           A3
                                     0A           2A           1E
      2026-07-20 23:17:10  1         5D           0A           23           86
                                     E5           09           4B           20
                                     38           87           2C           08
                                     95           22           EC           87
                                     7B           07           CD           24
                                     7B           87           A9           07
                                     71           25           8C           87
                                     CF           07           0A
      2026-07-20 23:17:56  1         66           0B           27           85
                                     88           15           06           A6
                                     28           71           88           36
                                     06           44           29           BB
                                     88           53           05           E0
                                     29           A2           88           28
                                     05           77           2B           72
                                     88           5E           05
      2026-07-20 23:19:28  1         45           0D           03           22
                                     2C           A8           88           6F
                                     02           BA           2C           56
                                     88           4C           02           5A
                                     2B           54           87           F4
                                     01           F3           2B           4F
                                     88           07           01           C7
                                     2B           3B           87
      2026-07-20 23:21:00  1         3D           0F           87           BA
                                     00           9C           2A           6F
                                     87           BA           00           67
                                     2A           6C           87           BA
                                     00           2D           00           06
                                     FF           CA           06           03
                                     2A           4E           5F           63
                                     63           FF           FF
      2026-07-20 23:21:49  1         EB           01           1B           03
                                     03           59           3B           80
                                     01           00           FF           F9
                                     FA           92           51           19
                                     00           00           00           00
                                     91           06           85           38
                                     72           C1           8C           49
                                     0E           03           A5
02602 152390  18 31 C 2 2026-07-20 23:46:41 -41.955  -29.306  0.000 401649946
      2026-07-20 23:33:19  1         BB           01           1C           03
                                     03           59           3B           80
                                     01           00           FF           F9
                                     FA           92           51           19
                                     00           00           00           00
                                     91           06           85           38
                                     72           C1           8C           49
                                     0E           03           A5
      2026-07-20 23:34:48  1         B5           03           53           7B
                                     08           E1           0C           0F
                                     86           59           26           EE
                                     0B           00           88           17
                                     4E           27           0B           01
                                     87           F7           4A           33
                                     0A           FA           87           D4
                                     46           4C           0B
      2026-07-20 23:36:20  1         EB           05           0B           01
                                     86           FA           32           CA
                                     0B           2C           86           DD
                                     30           D9           0B           29
                                     86           C4           2E           DB
                                     0A           F7           86           9C
                                     2C           E8           0B           75
                                     86           8A           2A
      2026-07-20 23:37:06  1         31           06           FD           0B
                                     D9           86           71           29
                                     00           0C           1A           86
                                     54           27           0A           0C
                                     48           86           38           25
                                     19           0C           85           86
                                     1E           23           27           0C
                                     A5           86           01
      2026-07-20 23:37:52  1         3C           07           21           37
                                     0C           E5           85           DF
                                     1F           3F           0D           3D
                                     85           CE           1D           51
                                     0E           8D           85           D8
                                     1B           58           0F           10
                                     85           C8           19           64
                                     10           1E           85
      2026-07-20 23:38:38  1         DC           08           CE           17
                                     6C           10           7C           85
                                     C4           15           7A           11
                                     A8           85           D0           13
                                     8D           12           6A           85
                                     D4           11           93           14
                                     14           85           EC           0F
                                     A4           16           37
      2026-07-20 23:39:24  1         66           09           86           14
                                     0E           15           18           06
                                     86           3D           0C           E3
                                     19           38           86           5B
                                     0B           B9           1A           77
                                     86           7A           0A           F2
                                     1B           E9           86           A3
                                     0A           2A           1E
      2026-07-20 23:40:10  1         5D           0A           23           86
                                     E5           09           4B           20
                                     38           87           2C           08
                                     95           22           EC           87
                                     7B           07           CD           24
                                     7B           87           A9           07
                                     71           25           8C           87
                                     CF           07           0A
      2026-07-20 23:40:56  1         66           0B           27           85
                                     88           15           06           A6
                                     28           71           88           36
                                     06           44           29           BB
                                     88           53           05           E0
                                     29           A2           88           28
                                     05           77           2B           72
                                     88           5E           05
      2026-07-20 23:41:42  1         C7           0C           15           2A
                                     F9           88           2E           04
                                     AF           2A           F9           88
                                     27           04           4E           2B
                                     03           88           28           03
                                     EC           2B           B6           88
                                     49           03           86           2C
                                     2E           88           63
      2026-07-20 23:42:28  1         45           0D           03           22
                                     2C           A8           88           6F
                                     02           BA           2C           56
                                     88           4C           02           5A
                                     2B           54           87           F4
                                     01           F3           2B           4F
                                     88           07           01           C7
                                     2B           3B           87
      2026-07-20 23:43:14  1         04           0E           FA           01
                                     8C           2B           39           87
                                     F7           01           5B           2A
                                     CC           87           C6           01
                                     2C           2A           C3           87
                                     D6           00           F7           2A
                                     AF           87           CF           00
                                     CC           2A           6E
      2026-07-20 23:44:49  1         6C           01           1D           03
                                     03           59           3B           80
                                     01           00           FF           F9
                                     FC           92           51           19
                                     00           00           00           00
                                     91           06           85           38
                                     72           C1           8C           49
                                     0E           03           A5
      2026-07-20 23:45:32  2         15           02           2F           22
                                     5E           6A           01           34
                                     04           00           D8           0C
                                     0E           26           EA           00
                                     10           00           2C           0B
                                     80           27           87           0C
                                     27           27           1A           26
                                     9D           27           AB
      2026-07-20 23:46:18  1         85           03           53           7A
                                     08           E1           0C           0F
                                     86           59           26           EE
                                     0B           00           88           17
                                     4E           27           0B           01
                                     87           F7           4A           33
                                     0A           FA           87           D4
                                     46           4C           0B
      2026-07-20 23:47:04  2         D4           04           10           87
                                     B5           42           68           0B
                                     1E           87           95           3E
                                     84           0B           00           87
                                     63           3A           9B           0B
                                     11           87           3E           36
                                     B5           0A           F4           87
                                     18           34           B8
02602 152390   6 31 B 2 2026-07-21 00:53:00 -41.952  -29.291  0.000 401649944
      2026-07-21 00:49:10  1         55           0A           23           86
                                     E7           09           4B           28
                                     38           87           2C           08
                                     95           20           EC           87
                                     7F           0F           CD           24
                                     7B           87           A9           07
                                     71           25           8C           87
                                     CF           07           0A
      2026-07-21 00:50:42  1         C7           0C           15           2A
                                     F9           88           2E           04
                                     AF           2A           F9           88
                                     27           04           4E           2B
                                     03           88           28           03
                                     EC           2B           B6           88
                                     49           03           86           2C
                                     2E           88           63
      2026-07-21 00:51:28  1         45           0D           03           22
                                     2C           A8           88           6F
                                     02           BA           2C           56
                                     88           4C           02           5A
                                     2B           54           87           F4
                                     01           F3           2B           4F
                                     88           07           01           C7
                                     2B           3B           87
      2026-07-21 00:53:49  1         59           01           23           03
                                     03           59           3B           80
                                     01           00           FF           F9
                                     FA           92           51           19
                                     00           00           00           00
                                     91           06           85           38
                                     72           C1           8C           49
                                     0E           03           A5
      2026-07-21 00:54:32  1         15           02           2F           22
                                     5E           6A           01           34
                                     04           00           D8           0C
                                     0E           26           EA           00
                                     10           00           2C           0B
                                     80           27           87           0C
                                     27           27           1A           27
                                     BD           25           BA
      2026-07-21 00:58:22  1         3C           07           21           37
                                     0C           E5           85           DF
                                     1F           3F           0D           3D
                                     85           CE           1D           51
                                     0E           8D           85           D8
                                     1B           58           0F           10
                                     85           C8           19           64
                                     10           1E           85
02602 152390  13 31 3 2 2026-07-21 00:55:18 -41.949  -29.286  0.000 401649945
      2026-07-21 00:50:42  1         C7           0C           15           2A
                                     F9           88           2E           04
                                     AF           2A           F9           88
                                     27           04           4E           2B
                                     03           88           28           03
                                     EC           2B           B6           88
                                     49           03           86           2C
                                     2E           88           63
      2026-07-21 00:51:28  1         45           0D           03           22
                                     2C           A8           88           6F
                                     02           BA           2C           56
                                     88           4C           02           5A
                                     2B           54           87           F4
                                     01           F3           2B           4F
                                     88           07           01           C7
                                     2B           3B           87
      2026-07-21 00:52:14  1         04           0E           FA           01
                                     8C           2B           39           87
                                     F7           01           5B           2A
                                     CC           87           C6           01
                                     2C           2A           C3           87
                                     D6           00           F7           2A
                                     AF           87           CF           00
                                     CC           2A           6E
      2026-07-21 00:53:00  1         3D           0F           87           BA
                                     00           9C           2A           6F
                                     87           BA           00           67
                                     2A           6C           87           BA
                                     00           2D           00           06
                                     FF           CA           06           03
                                     2A           4E           5F           63
                                     63           FF           FF
      2026-07-21 00:53:49  1         59           01           23           03
                                     03           59           3B           80
                                     01           00           FF           F9
                                     FA           92           51           19
                                     00           00           00           00
                                     91           06           85           38
                                     72           C1           8C           49
                                     0E           03           A5
      2026-07-21 00:54:32  1         15           02           2F           22
                                     5E           6A           01           34
                                     04           00           D8           0C
                                     0E           26           EA           00
                                     10           00           2C           0B
                                     80           27           87           0C
                                     27           27           1A           26
                                     9D           27           AB
      2026-07-21 00:55:18  1         D5           03           53           79
                                     08           E1           0C           0F
                                     86           59           26           EE
                                     0B           00           88           17
                                     4E           27           0B           01
                                     87           F7           4A           33
                                     0A           FA           87           D4
                                     46           4C           0B
      2026-07-21 00:56:04  1         D4           04           10           87
                                     B5           42           68           0B
                                     1E           87           95           3E
                                     84           0B           00           87
                                     63           3A           9B           0B
                                     11           87           3E           36
                                     B5           0A           F4           87
                                     18           34           B8
      2026-07-21 00:56:50  1         EB           05           0B           01
                                     86           FA           32           CA
                                     0B           2C           86           DD
                                     30           D9           0B           29
                                     86           C4           2E           DB
                                     0A           F7           86           9C
                                     2C           E8           0B           75
                                     86           8A           2A
      2026-07-21 00:57:36  1         B1           06           FD           0B
                                     D9           86           71           29
                                     00           0C           1A           86
                                     54           27           0A           0C
                                     48           86           38           25
                                     19           0C           85           86
                                     1E           23           27           0C
                                     A5           86           01
      2026-07-21 00:58:22  1         3C           07           21           37
                                     0C           E5           85           DF
                                     1F           3F           0D           3D
                                     85           CE           1D           51
                                     0E           8D           85           D8
                                     13           58           0F           10
                                     85           C8           19           64
                                     10           1E           85
      2026-07-21 00:59:08  1         DC           08           CE           17
                                     6C           10           7C           85
                                     C4           15           7A           11
                                     A8           85           D0           13
                                     8D           12           6A           85
                                     D4           11           93           14
                                     14           85           EC           0F
                                     A4           16           37
      2026-07-21 00:59:54  1         66           09           86           14
                                     0E           15           18           06
                                     86           3D           0C           E3
                                     19           38           86           5B
                                     0B           B9           1A           77
                                     86           7A           0A           F2
                                     1B           E9           86           A3
                                     0A           2A           1E
02602 152390  14 31 C 3 2026-07-21 01:14:28 -41.953  -29.281  0.000 401649946
      2026-07-21 01:14:28  1         45           0D           03           22
                                     2C           A8           88           6F
                                     02           BA           2C           56
                                     88           4C           02           5A
                                     2B           54           87           F4
                                     01           F3           2B           4F
                                     88           07           01           C7
                                     2B           3B           87
      2026-07-21 01:15:14  1         04           0E           FA           01
                                     8C           2B           39           87
                                     F7           01           5B           2A
                                     CC           87           C6           01
                                     2C           2A           C3           87
                                     D6           00           F7           2A
                                     AF           87           CF           00
                                     CC           2A           6E
      2026-07-21 01:16:00  1         3D           0F           87           BA
                                     00           9C           2A           6F
                                     87           BA           00           67
                                     2A           6C           87           BA
                                     00           2D           00           06
                                     FF           CA           06           03
                                     2A           4E           5F           63
                                     63           FF           FF
      2026-07-21 01:16:49  1         91           01           25           03
                                     03           59           3B           80
                                     01           00           FF           F9
                                     FA           92           51           19
                                     00           00           00           00
                                     91           06           85           38
                                     72           C1           8C           49
                                     0E           03           A5
      2026-07-21 01:17:32  1         15           02           2F           22
                                     5E           6A           01           34
                                     04           00           D8           0C
                                     0E           26           EA           00
                                     10           00           2C           0B
                                     80           27           87           0C
                                     27           27           1A           26
                                     9D           27           AB
      2026-07-21 01:18:18  1         B5           03           53           7B
                                     08           E1           0C           0F
                                     86           59           26           EE
                                     0B           00           88           17
                                     4E           27           0B           01
                                     87           F7           4A           33
                                     0A           FA           87           D4
                                     46           4C           0B
      2026-07-21 01:19:04  1         D4           04           10           87
                                     B5           42           68           0B
                                     1E           87           95           3E
                                     84           0B           00           87
                                     63           3A           9B           0B
                                     11           87           3E           36
                                     B5           0A           F4           87
                                     18           34           B8
      2026-07-21 01:19:50  1         EB           05           0B           01
                                     86           FA           32           CA
                                     0B           2C           86           DD
                                     30           D9           0B           29
                                     86           C4           2E           DB
                                     0A           F7           86           9C
                                     2C           E8           0B           75
                                     86           8A           2A
      2026-07-21 01:20:36  1         31           06           FD           0B
                                     D9           86           71           29
                                     00           0C           1A           86
                                     54           27           0A           0C
                                     48           86           38           25
                                     19           0C           85           86
                                     1E           23           27           0C
                                     A5           86           01
      2026-07-21 01:21:22  1         3C           07           21           37
                                     0C           E5           85           DF
                                     1F           3F           0D           3D
                                     85           CE           1D           51
                                     0E           8D           85           D8
                                     1B           58           0F           10
                                     85           C8           19           64
                                     10           1E           85
      2026-07-21 01:22:08  1         DC           08           CE           17
                                     6C           10           7C           85
                                     C4           15           7A           11
                                     A8           85           D0           13
                                     8D           12           6A           85
                                     D4           11           93           14
                                     14           85           EC           0F
                                     A4           16           37
      2026-07-21 01:22:54  1         66           09           86           14
                                     0E           15           18           06
                                     86           3D           0C           E3
                                     19           38           86           5B
                                     0B           B9           1A           77
                                     86           7A           0A           F2
                                     1B           E9           86           A3
                                     0A           2A           1E
      2026-07-21 01:23:40  1         5D           0A           23           86
                                     E5           09           4B           20
                                     38           87           2C           08
                                     95           22           EC           87
                                     7B           07           CD           24
                                     7B           87           A9           07
                                     71           25           8C           87
                                     CF           07           0A
      2026-07-21 01:25:12  1         C7           0C           15           2A
                                     F9           88           2E           04
                                     AF           2A           F9           88
                                     27           04           4E           2B
                                     03           88           28           03
                                     EC           2B           B6           88
                                     49           03           86           2C
                                     2E           88           63
02602 152390  18 31 3
      2026-07-21 02:27:18  1         D5           03           53           79
                                     08           E1           0C           0F
                                     86           59           26           EE
                                     0B           00           88           17
                                     4E           27           0B           01
                                     87           F7           4A           33
                                     0A           FA           87           D4
                                     46           4C           0B
      2026-07-21 02:29:36  1         31           06           FD           0B
                                     D9           86           71           29
                                     00           0C           1A           86
                                     54           27           0A           0C
                                     48           86           38           25
                                     19           0C           85           86
                                     1E           23           27           0C
                                     A5           86           01
      2026-07-21 02:30:22  1         3C           07           21           37
                                     0C           E5           85           DF
                                     1F           3F           0D           3D
                                     85           CE           1D           51
                                     0E           8D           85           D8
                                     1B           58           0F           10
                                     85           C8           19           64
                                     10           1E           85
      2026-07-21 02:31:08  1         DC           08           CE           17
                                     6C           10           7C           85
                                     C4           15           7A           11
                                     A8           85           D0           13
                                     8D           12           6A           85
                                     D4           11           93           14
                                     14           85           EC           0F
                                     A4           16           37
      2026-07-21 02:31:54  1         66           09           86           14
                                     0E           15           18           06
                                     86           3D           0C           E3
                                     19           38           86           5B
                                     0B           B9           1A           77
                                     86           7A           0A           F2
                                     1B           E9           86           A3
                                     0A           2A           1E
      2026-07-21 02:32:40  1         5D           0A           23           86
                                     E5           09           4B           20
                                     38           87           2C           08
                                     95           22           EC           87
                                     7B           07           CD           24
                                     7B           87           A9           07
                                     71           25           8C           87
                                     CF           07           0A
      2026-07-21 02:33:26  1         66           0B           27           85
                                     88           15           06           A6
                                     28           71           88           36
                                     06           44           29           BB
                                     88           53           05           E0
                                     29           A2           88           28
                                     05           77           2B           72
                                     88           5E           05
      2026-07-21 02:34:12  1         C7           0C           15           2A
                                     F9           88           2E           04
                                     AF           2A           F9           88
                                     27           04           4E           2B
                                     03           88           28           03
                                     EC           2B           B6           88
                                     49           03           86           2C
                                     2E           88           63
      2026-07-21 02:34:58  1         45           0D           03           22
                                     2C           A8           88           6F
                                     02           BA           2C           56
                                     88           4C           02           5A
                                     2B           54           87           F4
                                     01           F3           2B           4F
                                     88           07           01           C7
                                     2B           2F           07
      2026-07-21 02:35:44  1         04           0E           FA           01
                                     8C           2B           39           87
                                     F7           01           5B           2A
                                     CC           87           C6           01
                                     2C           2A           C3           87
                                     D6           00           F7           2A
                                     AF           87           CF           00
                                     CC           2A           6E
      2026-07-21 02:36:30  1         3D           0F           87           BA
                                     00           9C           2A           6F
                                     87           BA           00           67
                                     2A           6C           87           BA
                                     00           2D           00           06
                                     FF           CA           06           03
                                     2A           4E           5F           63
                                     63           FF           FF
      2026-07-21 02:37:19  1         15           01           2C           03
                                     03           59           3B           80
                                     01           00           FF           F9
                                     FB           92           51           19
                                     00           00           00           00
                                     91           06           85           38
                                     72           C1           8C           49
                                     0E           03           A5
      2026-07-21 02:38:02  1         15           02           2F           22
                                     5E           6A           01           34
                                     04           00           D8           0C
                                     0E           26           EA           00
                                     10           00           2C           0B
                                     80           27           87           0C
                                     27           27           1A           26
                                     9D           27           AB
      2026-07-21 02:38:48  1         B5           03           53           7B
                                     08           E1           0C           0F
                                     86           59           26           EE
                                     0B           00           88           17
                                     4E           27           0B           01
                                     87           F7           4A           33
                                     0A           FA           87           D4
                                     46           4C           0B
      2026-07-21 02:39:34  2         D4           04           10           87
                                     B5           42           68           0B
                                     1E           87           95           3E
                                     84           0B           00           87
                                     63           3A           9B           0B
                                     11           87           3E           36
                                     B5           0A           F4           87
                                     18           34           B8
      2026-07-21 02:40:20  2         EB           05           0B           01
                                     86           FA           32           CA
                                     0B           2C           86           DD
                                     30           D9           0B           29
                                     86           C4           2E           DB
                                     0A           F7           86           9C
                                     2C           E8           0B           75
                                     86           8A           2A
02602 152392  13 31 C 2 2026-07-22 19:29:40 -43.031   69.407  0.000 401649876
      2026-07-22 19:27:50  1         71           09           88           A5
                                     0C           E9           2D           9B
                                     09           0D           4B           B8
                                     2E           3A           88           20
                                     0A           F3           2F           0A
                                     89           3B           0A           28
                                     30           43           89           60
                                     09           5F           31
      2026-07-22 19:28:34  1         01           0A           0A           89
                                     77           08           97           30
                                     CC           89           1B           07
                                     D0           30           7E           88
                                     E2           07           6E           30
                                     50           88           CD           07
                                     06           2F           EA           88
                                     AD           06           A0
      2026-07-22 19:29:18  1         04           0B           2F           E0
                                     88           AB           06           42
                                     2F           EC           88           AD
                                     05           D9           2F           FE
                                     88           AE           05           74
                                     30           0A           88           B4
                                     05           11           30           0E
                                     88           B5           04
      2026-07-22 19:30:02  1         41           0C           AF           2F
                                     F8           88           AC           04
                                     48           2F           A6           88
                                     9B           03           E6           2F
                                     A8           88           9B           03
                                     85           2F           9F           88
                                     99           03           25           2F
                                     A8           88           9E
      2026-07-22 19:30:46  1         E2           0D           02           BF
                                     2F           75           88           8D
                                     02           54           2F           94
                                     88           99           01           F9
                                     2F           8F           88           98
                                     01           C1           2F           6F
                                     88           8F           01           93
                                     2F           5C           88
      2026-07-22 19:31:30  1         84           0E           8C           01
                                     5E           2F           57           88
                                     8A           01           2E           2F
                                     4D           88           89           00
                                     EB           2F           55           88
                                     89           00           CB           2F
                                     4F           88           88           00
                                     9A           2F           54
      2026-07-22 19:32:14  1         01           0F           88           89
                                     00           6C           2F           48
                                     88           8A           00           29
                                     00           06           00           00
                                     06           02           2A           4B
                                     5E           63           64           FF
                                     FF           FF           FF           FF
                                     FF           FF           FF
      2026-07-22 19:33:01  1         58           01           05           03
                                     2B           5D           3A           80
                                     01           00           FF           FF
                                     F7           90           80           1B
                                     20           80           02           00
                                     95           73           06           1C
                                     66           C8           8F           4C
                                     0E           03           A7
      2026-07-22 19:33:42  1         F0           02           D4           BF
                                     60           6A           01           63
                                     00           00           D8           11
                                     A9           27           25           00
                                     1A           00           16           11
                                     42           27           11           12
                                     01           27           5F           26
                                     EA           27           66
      2026-07-22 19:34:26  1         EB           03           53           7B
                                     09           1A           11           A1
                                     86           7B           27           31
                                     0A           48           87           BF
                                     4A           34           0A           98
                                     87           A4           46           4C
                                     0A           ED           87           83
                                     42           67           0B
      2026-07-22 19:35:10  1         A2           04           68           87
                                     59           3E           7D           0B
                                     E4           87           30           3A
                                     95           0C           A9           86
                                     FF           36           AE           0C
                                     FE           86           E7           34
                                     BE           0D           46           86
                                     D4           32           C8
      2026-07-22 19:35:54  1         21           05           0D           BA
                                     86           C3           30           DA
                                     0E           B2           86           A7
                                     2E           E0           0E           FC
                                     86           97           2C           F0
                                     0F           BE           86           8C
                                     2A           F9           10           7B
                                     86           78           29
      2026-07-22 19:36:38  1         23           06           09           11
                                     C8           86           78           27
                                     10           13           69           86
                                     7A           25           18           14
                                     AD           86           84           23
                                     29           16           21           86
                                     9B           21           38           18
                                     21           86           BA
02602 152392  19 31 3 1 2026-07-22 20:03:02 -43.025   69.407  0.000 401649877
      2026-07-22 19:56:26  1         EB           03           53           7B
                                     09           1A           11           A1
                                     86           7B           27           31
                                     0A           48           87           BF
                                     4A           34           0A           98
                                     87           A4           46           4C
                                     0A           ED           87           83
                                     42           67           0B
      2026-07-22 19:57:10  1         A2           04           68           87
                                     59           3E           7D           0B
                                     E4           87           30           3A
                                     95           0C           A9           86
                                     FF           36           AE           0C
                                     FE           86           E7           34
                                     BE           0D           46           86
                                     D4           32           C8
      2026-07-22 19:57:54  1         21           05           0D           BA
                                     86           C3           30           DA
                                     0E           B2           86           A7
                                     2E           E0           0E           FC
                                     86           97           2C           F0
                                     0F           BE           86           8C
                                     2A           F9           10           7B
                                     86           78           29
      2026-07-22 19:59:22  1         81           07           1F           42
                                     1A           55           86           ED
                                     1D           48           1D           27
                                     87           27           1B           5A
                                     1F           57           87           5A
                                     19           6A           21           3B
                                     87           68           17           71
                                     23           59           87
      2026-07-22 20:00:06  1         FB           08           AB           15
                                     7B           25           9B           87
                                     EF           13           8D           27
                                     56           88           2A           11
                                     98           29           A5           88
                                     76           0F           A2           2B
                                     BE           88           CC           0E
                                     0D           2C           7E
      2026-07-22 20:00:50  1         71           09           88           E5
                                     0C           E9           2D           9B
                                     89           0D           0B           B8
                                     2E           3A           89           20
                                     0A           F3           2F           0A
                                     89           3B           0A           28
                                     30           43           89           62
                                     09           5F           31
      2026-07-22 20:01:34  1         01           0A           0A           89
                                     77           08           97           30
                                     CC           89           1B           07
                                     D0           30           7E           88
                                     E2           07           6E           30
                                     50           88           CD           07
                                     06           2F           EA           88
                                     AD           06           A0
      2026-07-22 20:02:18  1         04           0B           2F           E0
                                     88           AB           06           42
                                     2F           EC           88           AD
                                     05           D9           2F           FE
                                     88           AE           05           74
                                     30           0A           88           B4
                                     05           11           30           0E
                                     88           B5           04
      2026-07-22 20:03:02  1         41           0C           AF           2F
                                     F8           88           AC           04
                                     48           2F           A6           88
                                     9B           03           E6           2F
                                     A8           88           9B           03
                                     85           2F           9F           88
                                     99           03           24           2F
                                     A8           88           9E
      2026-07-22 20:03:46  1         E2           0D           02           BF
                                     2F           75           88           8D
                                     02           54           2F           94
                                     88           99           01           F9
                                     2F           8F           88           98
                                     01           C1           2F           6F
                                     88           8F           01           93
                                     2F           5C           88
      2026-07-22 20:04:30  1         84           0E           8C           01
                                     5E           2F           57           88
                                     8A           01           2E           2F
                                     4D           88           89           00
                                     EB           2F           55           88
                                     89           00           CB           2F
                                     4F           88           88           00
                                     9A           2F           54
      2026-07-22 20:05:14  1         01           0F           88           89
                                     00           6C           2F           48
                                     88           8A           00           29
                                     00           06           00           00
                                     06           02           2A           4B
                                     5E           63           64           FF
                                     FF           FF           FF           FF
                                     FF           FF           FF
      2026-07-22 20:06:01  1         50           01           08           03
                                     2B           5D           3A           80
                                     01           00           FF           F7
                                     F7           90           43           0B
                                     00           00           00           00
                                     91           04           82           38
                                     66           C8           8F           4C
                                     0E           03           A7
      2026-07-22 20:06:42  1         F0           02           D4           BF
                                     60           6A           01           63
                                     00           00           D8           11
                                     A9           27           25           00
                                     1A           00           16           11
                                     42           27           11           12
                                     01           27           5F           26
                                     EA           27           66
      2026-07-22 20:07:26  1         CC           03           53           7C
                                     09           1A           11           A1
                                     86           7B           27           31
                                     0A           48           87           BF
                                     4A           34           0A           98
                                     87           A4           46           4C
                                     0A           ED           87           83
                                     42           67           0B
      2026-07-22 20:08:10  1         A2           04           68           87
                                     59           3E           7D           0B
                                     E4           87           30           3A
                                     95           0C           A9           86
                                     FF           36           AE           0C
                                     FE           86           E7           34
                                     BE           0D           46           86
                                     D4           30           C8
      2026-07-22 20:08:54  1         21           04           0C           F2
                                     86           C3           30           DA
                                     0E           B2           86           A7
                                     2E           E0           0E           FC
                                     86           97           2C           F0
                                     0F           BE           86           8C
                                     2A           F9           10           7B
                                     86           78           29
      2026-07-22 20:09:38  2         23           06           09           11
                                     C8           86           78           27
                                     10           13           69           86
                                     7A           25           18           14
                                     AD           86           84           23
                                     29           16           21           86
                                     9B           21           38           18
                                     21           86           BA
02602 152392   7 31 S
      2026-07-22 21:23:01  1         7F           01           0F           03
                                     2B           5D           3A           80
                                     01           00           FF           F7
                                     F7           90           43           0B
                                     00           00           00           00
                                     91           04           82           38
                                     66           C8           8F           4C
                                     0E           03           A7
      2026-07-22 21:23:42  1         F0           02           D4           BF
                                     60           6A           01           63
                                     00           00           D8           11
                                     A9           27           25           00
                                     1A           00           16           11
                                     42           27           11           12
                                     01           27           5F           26
                                     EA           27           66
      2026-07-22 21:24:26  1         CC           03           53           7C
                                     09           1A           11           A1
                                     86           7B           27           31
                                     0A           48           87           BF
                                     4A           34           0A           98
                                     87           A4           46           4C
                                     0A           ED           87           83
                                     42           67           0B
      2026-07-22 21:25:10  1         A2           04           68           87
                                     59           3E           7D           0B
                                     E4           87           30           3A
                                     95           0C           A9           86
                                     FF           36           AE           0C
                                     FE           86           E7           34
                                     BE           0D           46           86
                                     D4           32           C8
      2026-07-22 21:25:54  1         21           05           0D           BA
                                     86           C3           30           DA
                                     0E           B2           86           A7
                                     2E           E0           0E           FC
                                     86           97           2C           F0
                                     0F           BE           86           8C
                                     2A           F9           10           7B
                                     86           78           29
      2026-07-22 21:27:22  1         81           07           1F           42
                                     1A           55           86           ED
                                     1D           48           1D           27
                                     87           27           1B           5A
                                     1F           57           87           5A
                                     19           6A           21           3B
                                     87           68           17           71
                                     23           59           87
      2026-07-22 21:28:06  1         FB           08           AB           15
                                     FB           24           9B           87
                                     EF           13           8D           27
                                     56           88           2A           11
                                     98           29           A7           88
                                     76           0F           A2           2B
                                     BE           88           CC           0E
                                     0D           2C           7E
02602 152392  13 31 3 2 2026-07-22 21:40:21 -43.016   69.408  0.000 401649877
      2026-07-22 21:35:26  1         EB           03           53           7B
                                     09           1A           11           A1
                                     86           7B           27           31
                                     0A           48           87           BF
                                     4A           34           0A           98
                                     87           A4           06           4E
                                     0A           ED           87           C3
                                     42           67           0B
      2026-07-22 21:36:10  1         A2           04           68           87
                                     59           3E           7D           0B
                                     E4           87           30           3A
                                     95           0C           A9           86
                                     FF           36           AE           0C
                                     FE           86           E7           34
                                     BE           0D           46           86
                                     D4           32           C8
      2026-07-22 21:36:54  1         21           05           0D           BA
                                     86           C3           30           DA
                                     0E           B2           86           A7
                                     2E           E0           0E           FC
                                     86           97           2C           F0
                                     0F           BE           86           8C
                                     2A           F9           10           7B
                                     86           78           29
      2026-07-22 21:37:38  1         23           06           09           11
                                     C8           86           78           27
                                     10           13           69           86
                                     7A           25           18           14
                                     AD           86           84           23
                                     29           16           21           86
                                     9B           21           38           18
                                     21           86           BA
      2026-07-22 21:39:06  1         FB           08           AB           15
                                     7B           25           9B           87
                                     EF           13           8D           27
                                     56           88           2A           11
                                     98           29           A5           88
                                     76           0F           A2           2B
                                     BE           88           CC           0E
                                     0D           2C           7E
      2026-07-22 21:39:50  1         71           09           88           E5
                                     0C           E9           2D           9B
                                     89           0D           0B           B8
                                     2E           3A           89           20
                                     0A           F3           2F           0A
                                     89           3B           0A           28
                                     30           43           89           62
                                     09           5F           31
      2026-07-22 21:40:34  1         01           0A           0A           89
                                     77           08           97           30
                                     CC           89           1B           07
                                     D0           30           7E           88
                                     E2           07           6E           30
                                     50           88           CD           07
                                     06           2F           EA           88
                                     AD           06           A0
      2026-07-22 21:41:18  1         04           0B           2F           E0
                                     88           AB           06           42
                                     2F           EC           88           AD
                                     05           D9           2F           FE
                                     88           AE           05           74
                                     30           0A           88           B4
                                     05           11           30           0E
                                     88           B5           04
      2026-07-22 21:42:02  1         41           0C           AF           2F
                                     F8           88           AC           04
                                     48           2F           A6           88
                                     9B           03           E6           2F
                                     A8           88           9B           03
                                     85           2F           9F           88
                                     99           03           25           2F
                                     A8           88           9E
      2026-07-22 21:42:46  1         E2           0D           02           BF
                                     2F           75           88           8D
                                     02           54           2F           94
                                     88           99           01           F9
                                     2F           8F           88           98
                                     01           C1           2F           6F
                                     88           8F           01           93
                                     2F           5C           88
      2026-07-22 21:43:30  1         84           0E           8C           01
                                     5E           2F           57           88
                                     8A           01           2E           2F
                                     4D           88           89           00
                                     EB           2F           55           88
                                     89           00           CB           2F
                                     4F           88           88           00
                                     9A           2F           54
      2026-07-22 21:44:14  1         01           0F           88           89
                                     00           6C           2F           48
                                     88           8A           00           29
                                     00           06           00           00
                                     06           02           2A           4B
                                     5E           63           64           FF
                                     FF           FF           FF           FF
                                     FF           FF           FF
      2026-07-22 21:45:01  1         EB           01           11           03
                                     2B           5D           3A           80
                                     01           00           FF           F7
                                     F8           90           43           0B
                                     00           00           00           00
                                     91           04           82           38
                                     66           C8           8F           4C
                                     0E           03           A7
02602 152392  15 31 S 3 2026-07-22 23:02:54 -43.005   69.407  0.000 401649877
      2026-07-22 22:56:50  1         14           30           F6           FF
                                     59           7E           F0           B0
                                     C7           84           94           92
                                     2B           79           57           BF
                                     8A           BC           08           3F
                                     EB           29           78           E3
                                     4F           B0           0D           98
                                     BC           97           9F
      2026-07-22 22:58:18  1         04           0B           2F           E0
                                     88           AB           06           42
                                     2F           EC           88           AD
                                     05           D9           2F           FE
                                     88           AE           05           74
                                     30           0A           88           B4
                                     05           11           30           0E
                                     88           B5           04
      2026-07-22 22:59:02  1         41           0C           AF           2F
                                     F8           88           AC           04
                                     48           2F           A6           88
                                     9B           03           E6           2F
                                     A8           88           9B           03
                                     85           2F           9F           88
                                     99           03           25           2F
                                     A8           88           9E
      2026-07-22 22:59:46  1         E2           0D           02           BF
                                     2F           75           88           8D
                                     02           54           2F           94
                                     88           99           01           F9
                                     2F           8F           88           98
                                     01           C1           2F           6F
                                     88           8F           01           93
                                     2F           5C           88
      2026-07-22 23:01:14  1         01           0F           88           89
                                     00           6C           2F           48
                                     88           8A           00           29
                                     00           06           00           00
                                     06           02           2A           4B
                                     5E           63           64           FF
                                     FF           FF           FF           FF
                                     FF           FF           FF
      2026-07-22 23:02:42  1         F0           02           D4           BF
                                     60           6A           01           63
                                     00           00           D8           11
                                     A9           27           25           00
                                     1A           00           16           11
                                     42           27           11           12
                                     01           27           5F           26
                                     EA           27           62
      2026-07-22 23:03:26  1         CC           03           53           7C
                                     09           1A           11           A1
                                     86           7B           27           31
                                     0A           48           87           BF
                                     4A           34           0A           98
                                     87           A4           46           4C
                                     0A           ED           87           83
                                     42           67           0B
      2026-07-22 23:04:10  1         A2           04           68           87
                                     59           3E           7D           0B
                                     E4           87           30           3A
                                     95           0C           A9           86
                                     FF           36           AE           0C
                                     FE           86           E7           34
                                     BE           0D           46           86
                                     D4           32           C8
      2026-07-22 23:04:54  1         21           05           0D           BA
                                     86           C3           30           DA
                                     0E           B2           86           A7
                                     2E           E0           0E           FC
                                     86           97           2C           F0
                                     0F           BE           86           8C
                                     2A           F9           10           7B
                                     86           78           29
      2026-07-22 23:05:38  1         23           06           09           11
                                     C8           86           78           27
                                     10           13           69           86
                                     7A           25           18           14
                                     AD           86           84           23
                                     29           16           21           86
                                     9B           21           38           18
                                     21           86           BA
      2026-07-22 23:06:22  1         81           07           1F           42
                                     1A           55           86           ED
                                     1D           48           1D           27
                                     87           27           1B           5A
                                     1F           57           87           5A
                                     19           6A           21           3B
                                     87           68           17           71
                                     23           59           87
      2026-07-22 23:07:06  1         FB           08           AB           15
                                     7B           25           9B           87
                                     EF           13           8D           27
                                     56           88           2A           11
                                     98           29           A5           88
                                     76           0F           A2           2B
                                     BE           88           CC           0E
                                     0D           2C           7E
      2026-07-22 23:07:50  1         71           09           88           E5
                                     0C           E9           2D           9B
                                     89           0D           0B           B8
                                     2E           3A           89           20
                                     0A           F3           2F           0A
                                     89           3B           0A           28
                                     30           43           89           62
                                     09           5F           31
      2026-07-22 23:08:34  2         01           0A           0A           89
                                     77           08           97           30
                                     CC           89           1B           07
                                     D0           30           7E           88
                                     E2           07           6E           30
                                     50           88           CD           07
                                     06           2F           EA           88
                                     AD           06           A0
02602 152392  11 31 R 1 2026-07-22 23:49:38 -43.009   69.405  0.000 401649879
      2026-07-22 23:48:54  1         21           05           0D           BA
                                     86           C3           30           DA
                                     0E           B2           86           A7
                                     2E           E0           0E           FC
                                     86           97           2C           F0
                                     0F           BE           86           8C
                                     2A           F9           10           7B
                                     86           78           29
      2026-07-22 23:49:38  1         23           06           09           11
                                     C8           86           78           27
                                     10           13           69           86
                                     7A           25           18           14
                                     AD           86           84           23
                                     29           16           21           86
                                     9B           21           38           18
                                     21           86           BA
      2026-07-22 23:50:22  1         81           07           1F           42
                                     1A           55           86           ED
                                     1D           48           1D           27
                                     87           27           1B           5A
                                     1F           57           87           5A
                                     19           6A           21           3B
                                     87           68           17           71
                                     23           59           87
      2026-07-22 23:51:06  1         FB           08           AB           15
                                     7B           25           9B           87
                                     EF           13           8D           27
                                     56           88           2A           11
                                     98           29           A5           88
                                     76           0F           A2           2B
                                     BE           88           CC           0E
                                     0D           2C           7E
      2026-07-22 23:51:50  1         71           09           88           E7
                                     0C           E9           2D           9B
                                     89           0D           0B           B8
                                     2E           3A           89           20
                                     0A           F3           2F           0A
                                     89           3B           0A           28
                                     30           43           89           62
                                     09           5F           31
      2026-07-22 23:53:18  1         04           0B           2F           E0
                                     88           AB           06           42
                                     2F           EC           88           AD
                                     05           D9           2F           FE
                                     88           AE           05           74
                                     30           0A           88           B4
                                     05           11           30           0E
                                     88           B5           04
      2026-07-22 23:54:02  1         41           0C           AF           2F
                                     F8           88           AC           04
                                     48           2F           A6           88
                                     9B           03           E6           2F
                                     A8           88           9B           03
                                     85           2F           9F           88
                                     99           03           25           2F
                                     A8           88           9E
      2026-07-22 23:54:46  1         E2           0D           02           BF
                                     2F           75           88           8D
                                     02           54           2F           94
                                     88           99           01           F9
                                     2F           8F           88           98
                                     01           C1           2F           6F
                                     88           8F           01           93
                                     2F           5C           88
      2026-07-22 23:55:30  1         84           0E           8C           01
                                     5E           2F           57           88
                                     8A           01           2E           2F
                                     4D           88           89           00
                                     EB           2F           55           88
                                     89           00           CB           2F
                                     4F           88           88           00
                                     9A           2F           54
      2026-07-22 23:56:14  1         01           0F           88           89
                                     00           6C           2F           48
                                     88           8A           00           29
                                     00           06           00           00
                                     06           02           2A           4B
                                     5E           63           64           FF
                                     FF           FF           FF           FF
                                     FF           FF           FF
      2026-07-22 23:57:01  1         7B           01           1D           03
                                     2B           5D           3A           80
                                     01           00           FF           F7
                                     F8           90           43           0B
                                     00           00           00           00
                                     91           04           82           38
                                     66           C8           8F           4C
                                     0E           03           A7
02602 152392  16 31 S 3 2026-07-23 00:38:24 -42.998   69.404  0.000 401649876
      2026-07-23 00:35:50  1         71           09           88           E5
                                     0C           E9           2D           9B
                                     89           0D           0B           B8
                                     2E           3A           89           20
                                     0A           F3           2F           0A
                                     89           3B           0A           28
                                     30           43           89           62
                                     09           5F           31
      2026-07-23 00:37:18  1         04           0B           2F           E0
                                     88           AB           06           42
                                     2F           EC           88           AD
                                     05           D9           2F           FE
                                     88           AE           05           74
                                     30           0A           88           B4
                                     05           11           30           0E
                                     88           B5           04
      2026-07-23 00:38:02  1         41           0C           AF           2F
                                     F8           88           AC           04
                                     48           2F           A6           88
                                     9B           03           E6           2F
                                     A8           88           9B           03
                                     85           2F           9F           88
                                     99           03           25           2F
                                     A8           88           9E
      2026-07-23 00:38:46  1         E2           0D           02           BF
                                     2F           75           88           8D
                                     02           54           2F           94
                                     88           99           01           F9
                                     2F           8F           88           98
                                     01           C1           2F           6F
                                     88           8F           01           93
                                     2F           5C           88
      2026-07-23 00:39:30  1         84           0E           8C           01
                                     5E           2F           57           88
                                     8A           01           2E           2F
                                     4D           88           89           00
                                     EB           2F           55           88
                                     89           00           CB           2F
                                     4F           88           88           00
                                     9A           2F           54
      2026-07-23 00:40:14  1         01           0F           88           89
                                     00           6C           2F           48
                                     88           8A           00           29
                                     00           06           00           00
                                     06           02           2A           4B
                                     5E           63           64           FF
                                     FF           FF           FF           FF
                                     FF           FF           FF
      2026-07-23 00:41:01  1         31           01           21           03
                                     2B           5D           3A           80
                                     01           00           FF           F7
                                     F8           90           43           0B
                                     00           00           00           00
                                     91           04           82           38
                                     66           C8           8F           4C
                                     0E           03           A7
      2026-07-23 00:41:42  1         F0           02           D4           BF
                                     60           6A           01           63
                                     00           00           D8           11
                                     A9           27           25           00
                                     1A           00           16           11
                                     42           27           11           12
                                     01           27           5F           26
                                     EA           27           66
      2026-07-23 00:42:26  1         EB           03           53           7B
                                     09           1A           11           A1
                                     86           7B           27           31
                                     0A           48           87           BF
                                     4A           34           0A           98
                                     87           A4           46           4C
                                     0A           ED           87           83
                                     42           67           0B
      2026-07-23 00:43:10  1         A2           04           68           87
                                     59           3E           7D           0B
                                     E4           87           30           3A
                                     95           0C           A9           86
                                     FF           36           AE           0C
                                     FE           86           E7           34
                                     BE           0D           46           86
                                     D4           32           C8
      2026-07-23 00:43:54  1         21           05           0D           BA
                                     86           C3           30           DA
                                     0E           B2           86           A7
                                     2E           E0           0E           FC
                                     86           97           2C           F0
                                     0F           BE           86           8C
                                     2A           F9           10           7B
                                     86           78           29
      2026-07-23 00:44:38  1         23           06           09           11
                                     C8           86           78           27
                                     10           13           69           86
                                     7A           25           18           14
                                     AD           86           84           23
                                     29           16           21           86
                                     9B           21           38           18
                                     21           86           BA
      2026-07-23 00:45:22  1         81           07           1F           42
                                     1A           55           86           ED
                                     1D           48           1D           27
                                     87           27           1B           5A
                                     1F           57           87           5A
                                     19           6A           21           3B
                                     87           68           17           71
                                     23           59           87
      2026-07-23 00:46:06  1         FB           08           AB           15
                                     7B           25           9B           87
                                     EF           13           8D           27
                                     56           88           2A           11
                                     98           29           A5           88
                                     76           0F           A2           2B
                                     BE           88           CC           0E
                                     0D           2C           7E
      2026-07-23 00:47:34  2         01           0A           0A           89
                                     77           08           97           30
                                     CC           89           1B           07
                                     D0           30           7E           88
                                     E2           07           6E           30
                                     50           88           CD           07
                                     06           2F           EA           88
                                     AD           06           A0
02602 152392   1 31 B
      2026-07-23 01:31:34  1         01           0A           0A           89
                                     77           08           97           30
                                     CC           89           1B           07
                                     D0           30           7C           88
                                     E2           07           6E           20
                                     50           80           CC           07
                                     26           6F           EA           08
                                     ED           06           24
02602 152392  18 31 R 2 2026-07-23 01:27:32 -42.995   69.409  0.000 401649877
      2026-07-23 01:28:38  1         23           06           09           11
                                     C8           86           78           27
                                     10           13           69           86
                                     7A           25           18           14
                                     AD           86           84           23
                                     29           16           21           86
                                     9B           21           38           18
                                     21           86           BA
      2026-07-23 01:29:22  1         81           07           1F           42
                                     1A           55           86           ED
                                     1D           48           1D           27
                                     87           27           1B           5A
                                     1F           57           87           5A
                                     19           6A           21           3B
                                     87           68           17           71
                                     23           59           87
      2026-07-23 01:30:50  1         71           09           88           E5
                                     0C           E9           2D           9B
                                     89           0D           0B           B8
                                     2E           3A           89           20
                                     0A           F3           2F           0A
                                     89           3B           0A           28
                                     30           43           89           62
                                     09           5F           31
      2026-07-23 01:31:34  1         01           0A           0A           89
                                     77           08           97           30
                                     CC           89           1B           07
                                     D0           30           7E           88
                                     E2           07           6E           30
                                     50           88           CD           07
                                     06           2F           EA           88
                                     AD           06           A0
      2026-07-23 01:32:18  1         04           0B           2F           E0
                                     88           AB           06           42
                                     2F           EC           88           AD
                                     05           D9           2F           FE
                                     88           AE           05           74
                                     30           0A           88           B4
                                     05           11           30           0E
                                     88           B5           04
      2026-07-23 01:33:02  1         41           0C           AF           2F
                                     F8           88           AC           04
                                     48           2F           A6           88
                                     9B           03           E6           2F
                                     A8           88           9B           03
                                     85           2F           9F           88
                                     99           03           25           2F
                                     A8           88           9E
      2026-07-23 01:33:46  1         E2           0D           02           BF
                                     2F           75           88           8D
                                     02           54           2F           94
                                     88           99           01           F9
                                     2F           8F           88           98
                                     01           C1           2F           6F
                                     88           8F           01           93
                                     2F           5C           88
      2026-07-23 01:34:30  1         84           0E           8C           01
                                     5E           2F           57           88
                                     8A           01           2E           2F
                                     4D           88           89           00
                                     EB           2F           55           88
                                     89           00           CB           2F
                                     4F           88           88           00
                                     9A           2F           54
      2026-07-23 01:35:14  1         01           0F           88           89
                                     00           6C           2F           48
                                     88           8A           00           29
                                     00           06           00           00
                                     06           02           2A           4B
                                     5E           63           64           FF
                                     FF           FF           FF           FF
                                     FF           FF           FF
      2026-07-23 01:36:01  1         61           01           26           03
                                     2B           5D           3A           FC
                                     01           00           FF           F7
                                     F8           90           43           0B
                                     00           00           00           00
                                     91           04           82           38
                                     66           C8           8F           4C
                                     0E           03           A7
      2026-07-23 01:36:42  1         F0           02           D4           BF
                                     60           6A           01           63
                                     00           00           D8           11
                                     A9           27           25           00
                                     1A           00           16           11
                                     42           27           11           12
                                     01           27           5F           26
                                     EA           27           66
      2026-07-23 01:37:26  2         CC           03           53           7C
                                     09           1A           11           A1
                                     86           7B           27           31
                                     0A           48           87           BF
                                     4A           34           0A           98
                                     87           A4           46           4C
                                     0A           ED           87           83
                                     42           67           0B
      2026-07-23 01:38:10  2         A2           04           68           87
                                     59           3E           7D           0B
                                     E4           87           30           3A
                                     95           0C           A9           86
                                     FF           36           AE           0C
                                     FE           86           E7           34
                                     BE           0D           46           86
                                     D4           32           C8
      2026-07-23 01:38:54  2         21           05           0D           BA
                                     86           C3           30           DA
                                     0E           B2           86           A7
                                     2E           E0           0E           FC
                                     86           97           2C           F0
                                     0F           BE           86           8C
                                     2A           F9           10           7B
                                     86           78           29
      2026-07-23 01:39:38  1         23           06           09           11
                                     CC           85           03           81
                                     E0           26           D3           14
                                     F4           4A           30           29
                                     5B           0D           08           46
                                     52           2C           43           0D
                                     36           42           70           30
                                     43           0D           74
02602 152392  11 31 C 1 2026-07-23 01:58:20 -42.996   69.397  0.000 401649875
      2026-07-24 00:11:00  1         D0           02           0C           4E
                                     62           6A           01           24
                                     05           00           D9           0A
                                     74           27           2B           00
                                     1F           00           51           0A
                                     3C           27           42           0A
                                     D4           25           D7           25
                                     B6           27           ED
      2026-07-24 00:12:24  1         A9           04           54           87
                                     E0           3E           81           0A
                                     55           87           C4           3A
                                     99           0A           76           87
                                     A8           36           B1           0A
                                     58           87           87           34
                                     BE           0A           61           87
                                     70           32           C4
      2026-07-24 00:13:06  1         E7           05           0A           42
                                     87           50           30           D5
                                     0A           66           87           3E
                                     2E           DF           0A           3B
                                     87           1D           2C           ED
                                     0A           46           87           03
                                     2A           F9           0A           46
                                     86           E4           29
      2026-07-24 00:13:48  1         68           06           06           0A
                                     55           86           B8           27
                                     0F           0A           9D           86
                                     A1           25           19           0A
                                     C3           86           87           23
                                     26           0A           C5           86
                                     6A           21           37           0A
                                     EA           86           50
      2026-07-24 00:14:30  1         56           07           1F           40
                                     0A           FF           86           28
                                     1D           4A           0B           50
                                     86           0A           1B           5B
                                     0B           98           85           F1
                                     19           66           0B           94
                                     85           D1           17           69
                                     0C           79           85
      2026-07-24 00:15:12  1         75           08           CE           15
                                     80           0D           1F           85
                                     BC           13           89           0E
                                     18           85           AE           11
                                     96           0F           22           85
                                     B1           0F           A2           0F
                                     C3           85           AE           0E
                                     0F           10           79
      2026-07-24 00:15:54  1         06           09           85           AF
                                     0C           E3           11           0F
                                     85           B0           0B           B6
                                     11           8F           85           B4
                                     0A           F5           12           16
                                     85           BB           0A           2C
                                     12           90           85           C1
                                     09           60           13
      2026-07-24 00:16:36  1         7F           0A           34           85
                                     CD           08           99           14
                                     70           85           E4           07
                                     D1           15           5E           85
                                     F5           07           6F           15
                                     AA           85           FF           07
                                     0B           17           3B           86
                                     20           06           A7
      2026-07-24 00:17:18  1         3B           0B           18           8C
                                     86           40           06           43
                                     19           B2           86           56
                                     05           B8           1A           C3
                                     86           7A           05           7B
                                     1C           6D           86           A3
                                     05           0E           1D           0D
                                     86           9F           04
      2026-07-23 01:54:18  1         04           0B           2B           E0
                                     88           AB           06           42
                                     2F           EC           88           AD
                                     05           DB           2F           BE
                                     88           AE           05           74
                                     30           0A           88           B4
                                     05           11           30           0E
                                     88           B5           04
      2026-07-23 01:55:02  1         41           0C           AF           2F
                                     F8           88           AD           04
                                     D8           2F           A6           88
                                     9B           03           E7           2F
                                     A8           88           9B           03
                                     85           2F           9F           8A
                                     19           03           24           2F
                                     B1           88           BF
      2026-07-23 01:55:46  1         E2           0D           02           BF
                                     2F           75           88           8D
                                     02           54           2F           94
                                     88           99           01           F9
                                     2F           8F           88           98
                                     01           C1           2F           6F
                                     88           8F           01           93
                                     2F           5C           88
      2026-07-23 01:56:30  1         84           0E           8C           01
                                     5E           2F           57           88
                                     8A           01           2E           2F
                                     4D           88           89           00
                                     EB           2F           55           88
                                     89           00           CB           2F
                                     4F           88           88           00
                                     9A           2F           54
      2026-07-23 01:57:14  1         01           0F           88           89
                                     00           6C           2F           48
                                     88           8A           00           29
                                     00           06           00           00
                                     06           02           2A           4B
                                     5E           63           64           FF
                                     FF           FF           FF           FF
                                     FF           FF           FF
      2026-07-23 01:58:01  1         C1           01           28           03
                                     2B           5D           3A           80
                                     01           00           FF           F7
                                     F8           90           43           0B
                                     00           00           00           00
                                     91           04           82           38
                                     66           C8           8F           4C
                                     0E           03           A7
      2026-07-23 01:58:42  1         F0           02           D4           BF
                                     60           6A           01           63
                                     00           00           D8           11
                                     A9           27           25           00
                                     1A           00           16           11
                                     42           27           11           12
                                     01           27           5F           26
                                     EA           27           66
      2026-07-23 01:59:26  1         EB           03           53           7B
                                     09           1A           11           A1
                                     86           7B           27           31
                                     0A           48           87           BF
                                     4A           34           0A           98
                                     87           A4           46           4C
                                     0A           ED           87           83
                                     42           67           0B
      2026-07-23 02:00:10  1         A2           04           68           87
                                     59           3E           7D           0B
                                     E4           87           30           3A
                                     95           0C           A9           86
                                     FF           36           AE           0C
                                     FE           86           E7           34
                                     BE           0D           46           86
                                     D4           32           C8
      2026-07-23 02:00:54  1         21           05           0D           BA
                                     86           C3           30           DA
                                     0E           B2           86           A7
                                     2E           E0           0E           FC
                                     86           97           2C           F0
                                     0F           BE           86           8C
                                     2A           F9           10           7B
                                     86           78           29
      2026-07-23 02:01:38  1         23           06           09           11
                                     C8           86           78           27
                                     10           13           69           86
                                     7A           25           18           14
                                     AD           86           84           23
                                     29           16           21           86
                                     9B           21           38           18
                                     21           86           BA
                                     9B           21           38           18
                                     21           86           BA