UTC 01-01-2026 19:05
02602 152382  14 31 3 2 2025-12-26 00:06:07 -48.507  -19.234  0.000 401649608
      2025-12-26 00:01:34  1         87           0B           10           83
                                     85           91           06           3D
                                     10           89           85           8B
                                     05           DD           11           01
                                     85           86           05           7A
                                     12           42           85           94
                                     05           14           11           03
                                     85           5D           04
      2025-12-26 00:02:16  1         73           0C           B1           13
                                     3F           85           74           04
                                     35           14           E1           85
                                     A3           03           E6           16
                                     10           85           A1           03
                                     7E           17           20           85
                                     73           03           23           19
                                     16           85           2F
      2025-12-26 00:02:58  1         39           0D           02           BE
                                     19           0F           85           15
                                     02           56           1A           0F
                                     85           13           01           F5
                                     1A           79           85           13
                                     01           C4           1A           5E
                                     84           E5           01           90
                                     1A           28           84
      2025-12-26 00:03:40  1         A0           0E           96           01
                                     61           1A           56           84
                                     90           01           31           1A
                                     AC           84           92           01
                                     00           1B           0C           84
                                     99           00           C5           1B
                                     81           84           9E           00
                                     96           1C           8A
      2025-12-26 00:04:22  1         A1           0F           84           92
                                     00           62           1C           B0
                                     84           8E           00           2A
                                     00           06           00           00
                                     06           03           2D           4F
                                     5F           61           61           FF
                                     FF           FF           FF           FF
                                     FF           FF           FF
      2025-12-26 00:05:07  1         74           01           07           02
                                     F4           47           3A           80
                                     01           00           FF           FC
                                     FA           9C           4B           17
                                     00           00           00           00
                                     92           04           89           35
                                     7A           C8           8F           52
                                     0D           03           65
      2025-12-26 00:05:46  1         7F           02           7B           72
                                     4D           69           01           61
                                     02           00           D9           0A
                                     3B           26           F9           00
                                     15           00           3D           0A
                                     15           27           0A           0A
                                     6B           26           16           25
                                     FF           27           74
      2025-12-26 00:06:28  1         74           03           53           7B
                                     08           DC           0A           46
                                     87           53           27           57
                                     08           C8           88           19
                                     4A           37           09           0C
                                     88           10           46           53
                                     09           34           88           07
                                     42           67           09
      2025-12-26 00:07:10  1         77           04           8E           88
                                     00           3E           84           09
                                     99           87           EB           3A
                                     9E           09           CF           87
                                     D5           36           AE           09
                                     ED           87           CC           34
                                     BF           0A           07           87
                                     BE           32           CC
      2025-12-26 00:07:52  1         AC           05           0A           16
                                     87           B2           30           D6
                                     0A           1A           87           A0
                                     2E           E0           0A           34
                                     87           8D           2C           EB
                                     0A           43           87           7A
                                     2A           F3           0A           50
                                     87           6C           28
      2025-12-26 00:08:34  1         44           06           FF           0A
                                     32           87           50           27
                                     0F           0A           2A           87
                                     2C           25           1F           0A
                                     37           87           14           23
                                     27           0A           0D           86
                                     EC           21           35           0A
                                     2A           86           D4
      2025-12-26 00:09:16  1         DB           07           1F           3E
                                     0A           16           86           B0
                                     1D           4D           0A           4F
                                     86           8C           1B           5B
                                     09           EF           86           5D
                                     19           63           09           BF
                                     86           32           17           74
                                     0A           BB           86
      2025-12-26 00:09:58  1         CE           08           17           15
                                     80           0A           E1           85
                                     F3           13           8B           0B
                                     58           85           D2           11
                                     92           0B           D8           85
                                     B6           0F           A3           0C
                                     3E           85           A9           0E
                                     15           0C           CB
      2025-12-26 00:10:40  1         F5           09           85           A5
                                     0C           E6           0D           38
                                     85           9D           0B           B9
                                     0D           90           85           99
                                     0A           EE           0E           33
                                     85           96           0A           2B
                                     0E           FC           85           99
                                     09           63           0F
02602 152382   8 31 B 3 2025-12-26 00:21:36 -48.506  -19.229  0.000 401649607
      2025-12-26 00:18:22  1         AC           05           0A           16
                                     87           B2           30           D6
                                     0A           1A           87           A0
                                     2E           E0           0A           34
                                     87           8D           2C           EB
                                     0A           43           87           7A
                                     2A           F3           0A           50
                                     87           6C           28
      2025-12-26 00:19:04  1         44           06           FF           0A
                                     32           87           50           27
                                     0F           0A           2A           87
                                     2C           25           1F           0A
                                     37           87           14           23
                                     27           0A           0D           86
                                     EC           21           35           0A
                                     2A           86           D4
      2025-12-26 00:19:46  1         DB           07           1F           3E
                                     0A           16           86           B0
                                     1D           4D           0A           4F
                                     86           8C           1B           5B
                                     09           EF           86           5D
                                     19           63           09           BF
                                     86           32           17           74
                                     0A           BB           86
      2025-12-26 00:20:28  1         CE           08           17           15
                                     80           0A           E1           85
                                     F3           13           8B           0B
                                     58           85           D2           11
                                     92           0B           D8           85
                                     B6           0F           A3           0C
                                     3E           85           A9           0E
                                     15           0C           CB
      2025-12-26 00:22:34  1         87           0B           10           83
                                     85           91           06           3D
                                     10           89           85           8B
                                     0D           DD           11           01
                                     85           86           05           7A
                                     12           42           85           94
                                     05           14           11           03
                                     85           5D           05
      2025-12-26 00:26:46  1         7F           02           7B           72
                                     4D           69           01           61
                                     02           00           D9           0A
                                     3B           26           F9           00
                                     15           00           3D           0A
                                     15           27           0A           0A
                                     6B           26           16           25
                                     FF           27           74
      2025-12-26 00:28:10  2         77           04           8E           88
                                     00           3E           84           09
                                     99           87           EB           3A
                                     9E           09           CF           87
                                     D5           36           AE           09
                                     ED           87           CC           34
                                     BF           0A           07           87
                                     BE           32           CC
02602 152382  17 31 C 3 2025-12-26 00:58:38 -48.505  -19.221  0.000 401649607
      2025-12-26 00:57:37  1         B4           01           0C           02
                                     F4           47           3A           80
                                     01           00           FF           FC
                                     FA           9C           4B           17
                                     00           00           00           00
                                     92           04           89           35
                                     7A           C8           8F           52
                                     0D           03           65
      2025-12-26 00:58:58  1         74           03           53           7B
                                     08           DC           0A           46
                                     87           53           27           57
                                     08           C8           88           19
                                     4A           37           09           0C
                                     88           10           46           53
                                     09           34           88           07
                                     42           67           09
      2025-12-26 00:59:40  1         77           04           8E           88
                                     00           3E           84           09
                                     99           87           EB           3A
                                     9E           09           CF           87
                                     D5           36           AE           09
                                     ED           87           CC           34
                                     BF           0A           07           87
                                     BE           32           CC
      2025-12-26 01:00:22  1         AC           05           0A           16
                                     87           B2           30           D6
                                     0A           1A           87           A0
                                     2E           E0           0A           34
                                     87           8D           2C           EB
                                     0A           43           87           7A
                                     2A           F3           0A           50
                                     87           6C           28
      2025-12-26 01:01:04  1         44           06           FF           0A
                                     32           87           50           27
                                     0F           0A           2A           87
                                     2C           25           1F           0A
                                     37           87           14           23
                                     27           0A           0D           86
                                     EC           21           35           0A
                                     2A           86           D4
      2025-12-26 01:01:46  1         DB           07           1F           3E
                                     0A           16           86           B0
                                     1D           4D           0A           4F
                                     86           8C           1B           5B
                                     09           EF           86           5D
                                     19           63           09           BF
                                     86           32           17           74
                                     0A           BB           86
      2025-12-26 01:02:28  1         CE           08           17           15
                                     80           0A           E1           85
                                     F3           13           8B           0B
                                     58           85           D2           11
                                     92           0B           D8           85
                                     B6           0F           A3           0C
                                     3E           85           A9           0E
                                     15           0C           CB
      2025-12-26 01:03:10  1         F5           09           85           A5
                                     0C           E6           0D           3E
                                     8D           81           0B           B9
                                     0D           90           85           99
                                     0A           EE           0E           33
                                     85           96           0A           2B
                                     0E           FC           85           99
                                     09           63           0F
      2025-12-26 01:03:52  1         5D           0A           57           85
                                     9A           08           94           0F
                                     E6           85           9A           07
                                     CD           0F           C5           85
                                     94           07           6B           10
                                     27           85           91           07
                                     09           10           64           85
                                     90           06           A3
      2025-12-26 01:04:34  1         87           0B           10           83
                                     85           91           06           3D
                                     10           89           85           8B
                                     05           DD           11           01
                                     85           86           05           7A
                                     12           42           85           94
                                     05           14           11           03
                                     85           5D           04
      2025-12-26 01:05:16  1         73           0C           B1           13
                                     3F           85           74           04
                                     35           14           E1           85
                                     A3           03           E6           16
                                     10           85           A1           03
                                     7E           17           20           85
                                     73           03           23           19
                                     16           85           2F
      2025-12-26 01:05:58  1         39           0D           02           BE
                                     19           0F           85           15
                                     02           56           1A           0F
                                     85           13           01           F5
                                     1A           79           85           13
                                     01           C4           1A           5E
                                     84           E5           01           90
                                     1A           28           84
      2025-12-26 01:06:40  1         A0           0E           96           01
                                     61           1A           56           84
                                     90           01           31           1A
                                     AC           84           92           01
                                     00           1B           0C           84
                                     99           00           C5           1B
                                     81           84           9E           00
                                     96           1C           8A
      2025-12-26 01:07:22  1         A1           0F           84           92
                                     00           62           1C           B0
                                     84           8E           00           2A
                                     00           06           00           00
                                     06           03           2D           4F
                                     5F           61           61           FF
                                     FF           FF           FF           FF
                                     FF           FF           FF
      2025-12-26 01:08:07  1         58           01           0D           02
                                     F4           47           3A           80
                                     01           00           FF           FC
                                     FB           9C           4B           17
                                     00           00           00           00
                                     92           04           89           35
                                     7A           C8           8F           52
                                     0D           03           65
      2025-12-26 01:08:46  2         7F           02           7B           72
                                     4D           69           01           61
                                     02           00           D9           0A
                                     3B           26           F9           00
                                     15           00           3D           0A
                                     15           27           0A           0A
                                     6B           26           16           25
                                     FF           27           74
02602 152382  20 31 3 2 2025-12-26 01:45:31 -48.501  -19.213  0.000 401649607
      2025-12-26 01:39:37  1         6D           01           10           02
                                     F4           47           3A           80
                                     01           00           FF           FC
                                     FA           9C           4B           17
                                     00           00           00           00
                                     92           04           89           35
                                     7A           C8           8F           52
                                     0D           03           65
      2025-12-26 01:40:58  1         D4           03           53           7C
                                     08           DC           0A           46
                                     87           53           27           57
                                     08           C8           88           19
                                     4A           37           09           0C
                                     88           10           46           53
                                     09           34           88           07
                                     42           67           09
      2025-12-26 01:42:22  1         AC           05           0A           16
                                     87           B2           30           D6
                                     0A           1A           87           A0
                                     2E           E0           0A           34
                                     87           8D           2C           EB
                                     0A           43           87           7A
                                     2A           F3           0A           50
                                     87           6C           28
      2025-12-26 01:43:04  1         44           16           FF           0A
                                     32           87           50           27
                                     0F           0A           2A           87
                                     2C           25           1F           0A
                                     37           87           14           23
                                     27           0A           0D           86
                                     EC           21           35           0A
                                     2A           86           D4
      2025-12-26 01:43:46  1         DB           07           1F           3E
                                     0A           16           86           B0
                                     1D           4D           0A           4F
                                     86           8C           1B           5B
                                     09           EF           86           5D
                                     19           63           09           BF
                                     86           32           17           74
                                     0A           BB           86
      2025-12-26 01:44:28  1         CE           08           17           15
                                     80           0A           E1           85
                                     F3           13           8B           0B
                                     58           85           D2           11
                                     92           0B           D8           85
                                     B6           0F           A3           0C
                                     3E           85           A9           0E
                                     15           0C           CB
      2025-12-26 01:45:10  1         F5           09           85           A5
                                     0C           E6           0D           38
                                     85           9D           0B           B9
                                     0D           90           85           99
                                     0A           EE           0E           33
                                     85           96           0A           2B
                                     0E           FC           85           99
                                     09           63           0F
      2025-12-26 01:45:52  1         5D           0A           57           85
                                     9A           08           94           0F
                                     E6           85           9A           07
                                     CD           0F           C5           85
                                     94           07           6B           10
                                     27           85           91           07
                                     09           10           64           85
                                     90           06           A3
      2025-12-26 01:46:34  1         87           0B           10           83
                                     85           91           06           3D
                                     10           89           85           8B
                                     05           DD           11           01
                                     85           86           05           7A
                                     12           42           85           94
                                     05           14           11           03
                                     85           5D           04
      2025-12-26 01:47:16  1         73           0C           B1           13
                                     3F           85           74           04
                                     35           14           E1           85
                                     A3           03           E6           16
                                     10           85           A1           03
                                     7E           17           20           85
                                     73           03           23           19
                                     16           85           2F
      2025-12-26 01:47:58  1         39           0D           02           BE
                                     19           0F           85           15
                                     02           56           1A           0F
                                     85           13           01           F5
                                     1A           79           85           13
                                     01           C4           1A           5E
                                     84           E5           01           90
                                     1A           28           84
      2025-12-26 01:48:40  1         A0           0E           96           01
                                     61           1A           56           84
                                     90           01           31           1A
                                     AC           84           92           01
                                     00           1B           0C           84
                                     99           00           C5           1B
                                     81           84           9E           00
                                     96           1C           8A
      2025-12-26 01:49:22  2         A1           0F           84           92
                                     00           62           1C           B0
                                     84           8E           00           2A
                                     00           06           00           00
                                     06           03           2D           4F
                                     5F           61           61           FF
                                     FF           FF           FF           FF
                                     FF           FF           FF
      2025-12-26 01:50:07  1         F5           01           11           02
                                     F4           47           3A           80
                                     01           00           FF           FC
                                     FA           9C           4B           17
                                     00           00           00           00
                                     92           04           89           35
                                     7A           C8           8F           52
                                     0D           03           65
      2025-12-26 01:50:46  2         7F           02           7B           72
                                     4D           69           01           61
                                     02           00           D9           0A
                                     3B           26           F9           00
                                     15           00           3D           0A
                                     15           27           0A           0A
                                     6B           26           16           25
                                     FF           27           74
      2025-12-26 01:51:28  1         74           03           53           7B
                                     08           DC           0A           46
                                     87           53           27           57
                                     08           C8           88           19
                                     4A           37           09           0C
                                     88           10           46           53
                                     09           34           88           07
                                     42           67           09
      2025-12-26 01:52:10  2         77           04           8E           88
                                     00           3E           84           09
                                     99           87           EB           3A
                                     9E           09           CF           87
                                     D5           36           AE           09
                                     ED           87           CC           34
                                     BF           0A           07           87
                                     BE           32           CC
02602 152382   4 31 C
      2025-12-26 02:41:10  1         A0           0E           96           01
                                     61           1E           56           84
                                     90           01           31           18
                                     AC           84           92           01
                                     01           1B           0C           05
                                     9D           08           C5           1A
                                     81           84           9C           00
                                     96           1C           8B
      2025-12-26 02:41:52  1         A1           0F           84           9A
                                     00           62           1C           B0
                                     84           8E           00           2A
                                     00           06           00           00
                                     06           03           2D           4E
                                     5F           71           61           FF
                                     FF           FF           FF           FF
                                     FF           FF           FF
      2025-12-26 02:42:37  1         A5           01           16           02
                                     F4           47           3A           80
                                     01           00           FF           FC
                                     FA           9C           4B           17
                                     00           00           00           00
                                     92           04           89           35
                                     7A           C8           8F           52
                                     0D           03           65
      2025-12-26 02:43:16  1         7F           02           7B           72
                                     4D           69           01           61
                                     02           00           C9           0A
                                     3B           26           F9           00
                                     15           00           7D           0A
                                     15           27           0A           0A
                                     6B           26           16           25
                                     FF           27           34
02602 152382  17 31 3 2 2025-12-26 03:23:35 -48.504  -19.181  0.000 401649607
      2025-12-26 03:19:40  1         F5           09           85           A5
                                     0C           E6           0D           38
                                     85           9D           0B           B9
                                     0D           90           85           99
                                     0A           EE           0E           33
                                     85           96           0A           2B
                                     0E           FC           85           99
                                     09           63           0F
      2025-12-26 03:20:22  1         5D           0A           57           85
                                     9A           08           94           0F
                                     E6           85           9A           07
                                     CD           0F           C5           85
                                     94           07           6B           10
                                     27           85           91           07
                                     09           10           24           85
                                     91           06           23
      2025-12-26 03:21:04  1         87           0B           10           83
                                     85           91           06           3D
                                     10           89           85           8B
                                     05           DD           11           01
                                     85           86           05           7A
                                     12           42           85           94
                                     05           14           11           03
                                     85           5D           04
      2025-12-26 03:21:46  1         73           0C           B1           13
                                     3F           85           74           04
                                     35           14           E1           85
                                     A3           03           E6           16
                                     10           85           A1           03
                                     7E           17           20           85
                                     73           03           23           19
                                     16           85           2F
      2025-12-26 03:23:10  1         A0           0E           96           01
                                     61           1A           56           84
                                     90           01           31           1A
                                     AC           84           92           01
                                     00           1B           0C           84
                                     99           00           C5           1B
                                     81           84           9E           00
                                     96           1C           8A
      2025-12-26 03:23:52  1         A1           0F           84           92
                                     00           62           1C           B0
                                     84           8E           00           2A
                                     00           06           00           00
                                     06           03           2F           4F
                                     5F           61           61           FF
                                     FF           FF           FF           FF
                                     FF           FF           FF
      2025-12-26 03:24:37  1         41           01           1A           02
                                     F4           47           3A           80
                                     01           00           FF           FC
                                     FB           9C           4B           17
                                     00           00           00           00
                                     92           04           89           35
                                     7A           C8           8F           52
                                     0D           03           65
      2025-12-26 03:25:16  1         7F           02           7B           72
                                     4D           69           01           61
                                     02           00           D9           0A
                                     3B           26           F9           00
                                     15           00           3D           0A
                                     15           27           0A           0A
                                     6B           26           16           25
                                     FF           27           74
      2025-12-26 03:25:58  1         68           03           53           7A
                                     08           DC           0A           46
                                     87           53           27           57
                                     08           C8           88           19
                                     4A           37           09           0C
                                     88           10           46           53
                                     09           34           88           07
                                     42           67           09
      2025-12-26 03:26:40  1         77           04           8E           88
                                     00           3E           84           09
                                     99           87           EB           3A
                                     9E           09           CF           87
                                     D5           36           AE           09
                                     ED           87           CC           34
                                     BF           0A           07           87
                                     BE           32           CC
      2025-12-26 03:27:22  1         AC           05           0A           16
                                     87           B2           30           D6
                                     0A           1A           87           A0
                                     2E           E0           0A           34
                                     87           8D           2C           EB
                                     0A           43           87           7A
                                     2A           F3           0A           50
                                     87           6C           28
      2025-12-26 03:28:04  2         44           06           FF           0A
                                     32           87           50           27
                                     0F           0A           2A           87
                                     2C           25           1F           0A
                                     37           87           14           23
                                     27           0A           0D           86
                                     EC           21           35           0A
                                     2A           86           D4
      2025-12-26 03:28:46  2         DB           07           1F           3E
                                     0A           16           86           B0
                                     1D           4D           0A           4F
                                     86           8C           1B           5B
                                     09           EF           86           5D
                                     19           63           09           BF
                                     86           32           17           74
                                     0A           BB           86
      2025-12-26 03:29:28  2         CE           08           17           15
                                     80           0A           E1           85
                                     F3           13           8B           0B
                                     58           85           D2           11
                                     92           0B           D8           85
                                     B6           0F           A3           0C
                                     3E           85           A9           0E
                                     15           0C           CB
02602 152382   6 31 3 1 2025-12-26 04:59:25 -48.514  -19.155  0.000 401649606
      2025-12-26 04:57:40  1         A0           0E           96           01
                                     61           1A           56           84
                                     90           01           31           1A
                                     AC           84           92           01
                                     00           1B           0C           84
                                     99           00           C5           1B
                                     91           84           9E           00
                                     96           1C           8A
      2025-12-26 04:58:22  1         A1           0F           84           92
                                     00           62           1C           B0
                                     84           8E           00           2A
                                     00           06           00           00
                                     06           03           2D           4F
                                     5F           61           61           FF
                                     FF           FF           FF           FF
                                     FF           FF           FF
      2025-12-26 04:59:07  1         1F           01           23           02
                                     F4           47           3A           80
                                     01           00           FF           FC
                                     FA           9C           4B           17
                                     00           00           00           00
                                     92           04           89           35
                                     7A           C8           8F           52
                                     0D           03           65
      2025-12-26 04:59:46  1         7F           02           7B           72
                                     4D           69           01           61
                                     02           00           D9           0A
                                     3B           26           F9           00
                                     15           00           3D           0A
                                     15           27           0A           0A
                                     6B           26           16           25
                                     FF           27           74
      2025-12-26 05:00:28  1         74           03           53           7B
                                     08           DC           0A           46
                                     87           53           27           57
                                     08           C8           88           19
                                     4A           37           09           0C
                                     88           10           46           53
                                     09           34           88           07
                                     42           67           09
      2025-12-26 05:01:10  1         77           04           8E           88
                                     00           3E           84           09
                                     99           87           EB           3A
                                     9E           09           CF           87
                                     D5           36           AE           09
                                     ED           87           CC           34
                                     BF           0A           07           87
                                     BE           32           CC
02602 152389  13 31 B 3 2025-12-25 07:34:47 -54.678 -160.091  0.000 401649800
      2025-12-25 07:24:08  1         8F           0F           85           22
                                     00           65           21           7D
                                     85           01           00           27
                                     00           06           00           00
                                     06           03           2B           4F
                                     60           62           62           FF
                                     FF           FF           FF           FF
                                     FF           FF           FF
      2025-12-25 07:24:55  1         D7           01           02           03
                                     1B           47           3A           80
                                     01           00           FF           FC
                                     FA           A3           53           1E
                                     00           00           00           00
                                     91           05           88           37
                                     78           C9           8E           47
                                     0E           03           99
      2025-12-25 07:25:36  1         EA           02           38           94
                                     4C           69           01           60
                                     01           00           D8           0A
                                     BE           27           19           00
                                     1F           00           1F           0A
                                     91           26           FF           0B
                                     1E           26           76           26
                                     3D           27           5E
      2025-12-25 07:26:20  1         A4           03           50           78
                                     09           0E           0A           AB
                                     86           F4           27           3A
                                     08           2E           87           D0
                                     4A           33           08           68
                                     87           C7           46           4F
                                     88           9A           87           BC
                                     42           69           08
      2025-12-25 07:27:04  1         78           04           E1           87
                                     AC           3E           80           09
                                     1D           87           9A           3A
                                     9B           09           63           87
                                     84           36           AD           09
                                     80           87           DA           36
                                     27           AD           6C           4E
                                     68           3E           B4
      2025-12-25 07:27:48  1         6E           05           09           D4
                                     87           5A           30           D5
                                     0A           07           87           45
                                     2E           DD           0A           39
                                     87           37           2C           EE
                                     0A           66           87           24
                                     2A           9A           0A           7E
                                     87           09           29
      2025-12-25 07:28:32  1         DF           06           01           0A
                                     C5           86           ED           27
                                     15           0B           20           86
                                     D5           25           1F           0B
                                     8E           86           C1           23
                                     24           0B           A4           86
                                     80           23           35           8C
                                     1A           86           80
      2025-12-25 07:29:16  1         D1           07           1F           41
                                     0C           74           86           62
                                     1D           4E           0C           E7
                                     86           4A           1B           55
                                     0D           41           86           30
                                     19           69           0D           BC
                                     86           13           17           6E
                                     0E           A1           85
      2025-12-25 07:31:28  1         9A           0A           61           85
                                     62           08           9B           13
                                     F4           85           6C           07
                                     D2           14           05           85
                                     6C           07           6F           13
                                     E0           85           61           07
                                     0D           14           8A           85
                                     70           06           A6
      2025-12-25 07:32:12  1         1F           0B           14           FC
                                     85           81           06           3E
                                     15           52           85           89
                                     05           DB           1D           D0
                                     85           97           05           7C
                                     15           FE           85           97
                                     05           1A           15           FF
                                     85           90           04
      2025-12-25 07:32:56  1         42           0C           B6           15
                                     90           85           6F           04
                                     38           15           95           85
                                     68           03           E1           15
                                     74           85           63           03
                                     7F           15           09           85
                                     48           03           1A           15
                                     FC           85           5B
      2025-12-25 07:33:40  1         C7           0D           02           B9
                                     16           6E           85           36
                                     02           5C           17           65
                                     85           29           01           F3
                                     18           03           85           2B
                                     01           C0           1A           16
                                     85           1C           01           90
                                     1B           BA           95
      2025-12-25 07:35:55  1         4F           01           03           03
                                     1B           47           3A           80
                                     01           00           FF           FC
                                     FA           A3           53           1E
                                     00           00           00           00
                                     91           05           88           37
                                     78           C9           8E           47
                                     0E           03           9B
02602 152389  20 31 C 3 2025-12-25 08:15:49 -54.673 -160.075  0.000 401649802
      2025-12-25 08:06:40  1         C7           0D           02           B9
                                     16           6E           87           C9
                                     C2           5C           17           65
                                     85           29           01           F3
                                     18           03           85           2B
                                     01           C0           1A           16
                                     85           1C           01           90
                                     1B           BA           85
      2025-12-25 08:07:24  1         1A           0E           1A           01
                                     64           1E           EB           85
                                     16           01           30           1F
                                     2D           85           21           00
                                     F4           1F           B9           85
                                     1F           00           C8           20
                                     04           85           1E           00
                                     96           20           AD
      2025-12-25 08:08:08  1         8F           0F           85           22
                                     00           65           21           7D
                                     85           11           00           27
                                     00           06           00           00
                                     06           03           2B           4F
                                     60           62           62           FF
                                     FF           FF           FF           FF
                                     FF           FF           FF
      2025-12-25 08:08:55  1         45           01           06           03
                                     1B           47           3A           80
                                     01           00           FF           FC
                                     FA           A3           53           1E
                                     00           00           00           00
                                     91           05           88           37
                                     78           C9           8F           4B
                                     0F           03           DE
      2025-12-25 08:09:36  1         EA           02           38           94
                                     4C           69           01           60
                                     01           00           D8           0A
                                     BE           27           19           00
                                     1F           00           1F           0A
                                     91           26           FF           0B
                                     1E           26           76           26
                                     3D           27           5E
      2025-12-25 08:10:20  1         CA           03           50           7B
                                     09           0E           0A           AB
                                     86           F4           27           3A
                                     08           2E           87           D0
                                     4A           33           08           68
                                     87           C7           46           4F
                                     0C           B9           B6           67
                                     FB           92           11
      2025-12-25 08:11:04  1         78           04           E1           87
                                     AC           3E           80           09
                                     1D           87           9A           3A
                                     9B           09           63           87
                                     84           36           AD           09
                                     80           87           7A           34
                                     BE           09           AC           87
                                     6A           32           C2
      2025-12-25 08:11:48  1         66           05           09           D4
                                     87           5A           30           D5
                                     0A           07           87           45
                                     2E           DD           0A           39
                                     87           37           2C           EE
                                     0A           66           87           24
                                     2A           FA           0A           7E
                                     87           09           29
      2025-12-25 08:12:32  1         DF           06           01           0A
                                     C5           86           ED           27
                                     15           0B           20           86
                                     D5           25           1F           0B
                                     8E           86           C1           23
                                     24           0B           A4           86
                                     A0           21           37           0C
                                     0A           86           80
      2025-12-25 08:13:16  1         D1           07           1F           41
                                     0C           74           86           62
                                     1D           4E           0C           E7
                                     86           4A           1B           55
                                     0D           41           86           30
                                     19           69           0D           BC
                                     86           13           17           6E
                                     0E           A1           85
      2025-12-25 08:14:00  2         67           08           FD           15
                                     80           0F           A6           85
                                     E0           13           8D           10
                                     A8           85           DD           11
                                     8E           11           28           85
                                     B6           0F           9E           11
                                     FE           85           B0           0E
                                     12           11           D3
      2025-12-25 08:14:44  2         AD           09           85           8D
                                     0C           E6           11           3B
                                     85           5B           0B           B4
                                     11           49           85           4B
                                     0A           F1           12           37
                                     85           57           0A           29
                                     12           9E           85           55
                                     09           64           13
      2025-12-25 08:15:28  2         9A           0A           61           85
                                     62           08           9B           13
                                     F4           85           6C           07
                                     D2           14           05           85
                                     6C           07           6F           13
                                     E0           85           61           07
                                     0D           14           8A           85
                                     70           06           A6
      2025-12-25 08:16:12  2         1F           0B           14           FC
                                     85           81           06           3E
                                     15           52           85           89
                                     05           DB           15           D0
                                     85           97           05           7C
                                     15           FE           85           97
                                     05           1A           15           FF
                                     85           90           04
      2025-12-25 08:16:56  2         42           0C           B6           15
                                     90           85           6F           04
                                     38           15           95           85
                                     68           03           E1           15
                                     74           85           63           03
                                     7F           15           09           85
                                     48           03           1A           15
                                     FC           85           5B
02602 152389  13 31 3 1 2025-12-25 09:12:17 -54.666 -160.048  0.000 401649803
      2025-12-25 09:03:54  1         39           01           0B           03
                                     1B           47           3A           80
                                     01           00           FF           FC
                                     FB           A3           53           1E
                                     00           00           00           00
                                     91           05           88           37
                                     78           C9           8F           CB
                                     0F           13           DE
      2025-12-25 09:04:36  1         EA           02           38           94
                                     4C           69           01           60
                                     01           00           D8           0A
                                     BE           27           19           00
                                     1F           00           1F           0A
                                     91           26           FF           0B
                                     1E           26           76           26
                                     3D           27           5E
      2025-12-25 09:05:20  1         4A           03           50           7C
                                     09           0E           0A           AB
                                     86           F4           27           3A
                                     08           2E           87           D0
                                     4A           33           08           68
                                     87           C7           46           4F
                                     08           9A           87           BC
                                     42           69           08
      2025-12-25 09:06:04  1         78           04           E1           87
                                     AC           3E           80           09
                                     1D           87           9A           3A
                                     9B           09           63           87
                                     84           36           AD           09
                                     80           87           7A           34
                                     BE           09           AC           87
                                     6A           32           C2
      2025-12-25 09:06:48  1         66           05           09           D4
                                     87           5A           30           D5
                                     0A           07           87           45
                                     2E           DD           0A           39
                                     87           37           2C           EE
                                     0A           66           87           24
                                     2A           FA           0A           7E
                                     87           09           29
      2025-12-25 09:07:32  1         DF           06           01           0A
                                     C5           86           ED           27
                                     15           0B           20           86
                                     D5           25           1F           0B
                                     8E           86           C1           23
                                     24           0B           A4           86
                                     A0           21           37           0C
                                     0A           86           80
      2025-12-25 09:08:16  1         D1           07           1F           41
                                     0C           74           86           62
                                     1D           4E           0C           E7
                                     86           4A           1B           55
                                     0D           41           86           30
                                     19           69           0D           BC
                                     86           13           17           6E
                                     0E           A1           85
      2025-12-25 09:09:00  1         67           08           FD           15
                                     80           0F           A6           85
                                     E0           13           8D           10
                                     A8           85           DD           11
                                     8E           11           28           85
                                     B6           0F           9E           11
                                     FE           85           B0           0E
                                     12           11           D3
      2025-12-25 09:09:44  1         AD           09           85           8D
                                     0C           E6           11           3B
                                     85           5B           0B           B4
                                     11           49           85           4B
                                     0A           F1           12           37
                                     85           57           0A           29
                                     12           9E           85           55
                                     09           64           13
      2025-12-25 09:10:28  1         9A           0A           61           85
                                     62           08           9B           13
                                     F4           85           6C           07
                                     D2           14           05           85
                                     6C           07           6F           13
                                     E0           85           61           07
                                     0D           14           8A           85
                                     70           06           A6
      2025-12-25 09:11:12  1         1F           0B           14           FC
                                     85           81           06           3E
                                     15           52           85           89
                                     05           DB           15           D0
                                     85           97           05           7C
                                     15           FE           85           97
                                     05           1A           15           FF
                                     85           90           04
      2025-12-25 09:11:56  1         42           0C           B6           15
                                     90           85           6F           04
                                     38           15           95           85
                                     68           03           E1           15
                                     74           85           63           03
                                     7F           15           09           85
                                     48           03           1A           15
                                     FC           85           5B
      2025-12-25 09:12:40  1         CF           0D           02           B9
                                     16           7F           85           34
                                     02           1C           17           75
                                     81           29           01           F3
                                     19           03           85           2B
                                     01           C0           1A           16
                                     85           1C           05           90
                                     1B           AF           95
02602 152389  17 31 B 3 2025-12-25 09:03:51 -54.660 -160.053  0.000 401649801
      2025-12-25 09:03:08  1         8F           0F           8D           22
                                     00           65           21           7D
                                     85           11           00           27
                                     00           06           00           00
                                     06           03           2B           4F
                                     60           62           62           FF
                                     FE           FF           FF           FF
                                     FF           FF           FF
      2025-12-25 09:05:20  1         4A           03           50           7C
                                     09           0E           0A           AB
                                     86           F4           27           3A
                                     08           2E           87           D0
                                     5B           33           00           68
                                     87           C7           46           4F
                                     08           9A           87           BC
                                     42           69           08
      2025-12-25 09:06:04  1         78           04           E1           87
                                     AC           3E           80           09
                                     1D           87           9A           3A
                                     9B           09           63           87
                                     84           36           AD           09
                                     80           87           7A           34
                                     BE           09           AC           87
                                     6A           32           C2
      2025-12-25 09:06:48  1         66           05           09           D4
                                     87           5A           30           D5
                                     0A           07           87           45
                                     2E           FD           0A           39
                                     87           37           2C           EE
                                     0A           66           87           24
                                     2A           FA           0A           7E
                                     87           09           29
      2025-12-25 09:07:32  1         DF           06           01           0A
                                     C5           86           ED           27
                                     15           0B           20           86
                                     D5           25           1F           0B
                                     8E           86           C1           23
                                     24           0B           A4           86
                                     A0           21           37           0C
                                     0A           86           80
      2025-12-25 09:08:16  1         D1           07           1F           41
                                     0C           74           86           62
                                     1D           4E           0C           E7
                                     86           4A           1B           55
                                     0D           41           86           30
                                     19           69           0D           BC
                                     86           13           17           6E
                                     0E           A1           85
      2025-12-25 09:09:00  1         67           08           FD           15
                                     80           0F           A6           85
                                     E0           13           8D           10
                                     A8           85           DD           11
                                     8E           11           28           85
                                     B6           0F           9E           11
                                     FE           85           B0           0E
                                     12           11           D3
      2025-12-25 09:09:44  1         AD           09           85           8D
                                     0C           E6           11           3B
                                     85           5B           0B           B4
                                     11           49           85           4B
                                     0A           F1           12           37
                                     85           57           0A           29
                                     12           9E           85           55
                                     09           64           13
      2025-12-25 09:10:28  1         9A           0A           61           85
                                     62           08           9B           13
                                     F4           85           6C           07
                                     D2           14           05           85
                                     6C           07           6F           13
                                     E0           85           61           07
                                     0D           14           8A           85
                                     70           06           A6
      2025-12-25 09:11:56  1         42           0C           B6           15
                                     90           85           6F           04
                                     38           15           95           85
                                     68           03           E1           15
                                     74           85           63           03
                                     7F           15           09           85
                                     48           03           1A           15
                                     FC           85           5B
      2025-12-25 09:12:40  1         C7           0D           02           B9
                                     16           6E           85           36
                                     02           5C           17           65
                                     85           29           01           F3
                                     18           03           85           2B
                                     01           C0           1A           16
                                     85           1C           01           90
                                     1B           BA           85
      2025-12-25 09:13:24  1         1A           0E           1A           01
                                     64           1E           EB           85
                                     16           01           30           1F
                                     2D           85           21           00
                                     F4           1F           B9           85
                                     1F           00           C8           20
                                     04           85           1E           00
                                     96           20           AD
      2025-12-25 09:14:08  1         8F           0F           85           22
                                     00           65           21           7D
                                     85           11           00           27
                                     00           06           00           00
                                     06           03           2B           4F
                                     60           62           62           FF
                                     FF           FF           FF           FF
                                     FF           FF           FF
      2025-12-25 09:14:54  1         69           01           0C           03
                                     1B           47           3A           80
                                     01           00           FF           FC
                                     FB           A3           53           1E
                                     00           00           00           00
                                     91           05           88           37
                                     78           C9           8F           4B
                                     0F           03           DE
      2025-12-25 09:15:36  2         EA           02           38           94
                                     4C           69           01           60
                                     01           00           D8           0A
                                     BE           27           19           00
                                     1F           00           1F           0A
                                     91           26           FF           0B
                                     1E           26           76           26
                                     3D           27           5E
      2025-12-25 09:16:20  1         CA           03           50           7B
                                     09           0E           0A           AB
                                     86           F4           27           3A
                                     08           2E           85           D0
                                     4A           33           08           68
                                     87           C7           46           4F
                                     08           9A           87           BC
                                     42           69           08
02602 152389  20 31 C 3 2025-12-25 09:43:49 -54.653 -160.043  0.000 401649801
      2025-12-25 09:42:44  1         AD           09           85           8D
                                     0C           E6           11           3B
                                     85           5B           0B           B4
                                     51           49           85           4B
                                     0A           F1           12           37
                                     85           57           0A           29
                                     12           DC           81           55
                                     01           65           13
      2025-12-25 09:46:24  1         1A           0E           1A           01
                                     64           1E           EB           85
                                     16           01           30           1F
                                     2D           85           21           00
                                     F4           1F           B9           85
                                     1F           00           C8           20
                                     04           85           1E           00
                                     96           20           AD
      2025-12-25 09:47:08  1         8F           0F           85           22
                                     30           65           21           E5
                                     83           70           40           76
                                     E8           E7           82           B7
                                     F8           FD           FC           E0
                                     38           7C           C5           FF
                                     FF           FF           FF           FF
                                     FF           FF           FE
      2025-12-25 09:47:54  1         C1           01           0F           03
                                     1B           47           3A           80
                                     01           00           FF           FC
                                     FB           A3           53           1E
                                     00           00           00           00
                                     91           05           88           37
                                     78           C9           8F           4B
                                     0F           03           DE
      2025-12-25 09:48:36  1         EA           02           38           94
                                     4C           69           01           60
                                     01           00           D8           0A
                                     BE           27           19           00
                                     1F           00           1F           0A
                                     91           26           FF           0B
                                     1E           26           76           26
                                     3D           27           5E
      2025-12-25 09:49:20  1         CA           03           50           7B
                                     09           0E           0A           AB
                                     86           F4           27           3A
                                     08           2E           87           D0
                                     4A           33           08           68
                                     87           C7           46           4F
                                     08           9A           87           BC
                                     42           69           08
      2025-12-25 09:50:04  1         78           04           E1           87
                                     AC           3E           80           09
                                     1D           87           9A           3A
                                     9B           09           63           87
                                     84           36           AD           09
                                     80           87           7A           34
                                     BE           09           AC           87
                                     6A           32           C2
      2025-12-25 09:50:48  1         66           05           09           D4
                                     87           5A           30           D5
                                     0A           07           87           45
                                     2E           DD           0A           39
                                     87           37           2C           EE
                                     0A           66           87           24
                                     2A           FA           0A           7E
                                     87           09           29
      2025-12-25 09:51:32  1         DF           06           01           0A
                                     C5           86           ED           27
                                     15           0B           20           86
                                     D5           25           1F           0B
                                     8E           86           C1           23
                                     24           0B           A4           86
                                     A0           21           37           0C
                                     0A           86           80
      2025-12-25 09:52:16  1         D1           07           1F           41
                                     0C           74           86           62
                                     1D           4E           0C           E7
                                     86           4A           1B           55
                                     0D           41           86           30
                                     19           69           0D           BC
                                     86           13           17           6E
                                     0E           A1           85
      2025-12-25 09:53:00  1         67           08           FD           15
                                     80           0F           A6           85
                                     E0           13           8D           10
                                     A8           85           DD           11
                                     8E           11           28           85
                                     B6           0F           9E           11
                                     FE           85           B0           0E
                                     12           11           D3
      2025-12-25 09:53:44  1         AD           09           85           8D
                                     0C           E6           11           3B
                                     85           5B           0B           B4
                                     11           49           85           4B
                                     0A           F1           12           37
                                     85           57           0A           29
                                     12           9E           85           55
                                     09           64           13
      2025-12-25 09:54:28  2         9A           0A           61           85
                                     62           08           9B           13
                                     F4           85           6C           07
                                     D2           14           05           85
                                     6C           07           6F           13
                                     E0           85           61           07
                                     0D           14           8A           85
                                     70           06           A6
      2025-12-25 09:55:12  2         1F           0B           14           FC
                                     85           81           06           3E
                                     15           52           85           89
                                     05           DB           15           D0
                                     85           97           05           7C
                                     15           FE           85           97
                                     05           1A           15           FF
                                     85           90           04
      2025-12-25 09:55:56  2         42           0C           B6           15
                                     90           85           6F           04
                                     38           15           95           85
                                     68           03           E1           15
                                     74           85           63           03
                                     7F           15           09           85
                                     48           03           1A           15
                                     FC           85           5B
      2025-12-25 09:56:40  2         C7           0D           02           B9
                                     16           6E           85           36
                                     02           5C           17           65
                                     85           29           01           F3
                                     18           03           85           2B
                                     01           C0           1A           16
                                     85           1C           01           90
                                     1B           BA           85
02602 152389   1 31 B
      2025-12-25 10:45:48  1         66           05           09           D4
                                     87           5A           30           D5
                                     0A           07           87           45
                                     2E           DD           0A           39
                                     87           37           0C           EE
                                     0A           66           87           24
                                     3A           FA           03           6E
                                     87           41           29
02602 152389  19 31 3 3 2025-12-25 10:47:59 -54.643 -160.029  0.000 401649801
      2025-12-25 10:42:54  1         48           01           14           03
                                     1B           47           3A           80
                                     01           00           FF           EC
                                     FB           A3           53           1E
                                     00           00           00           00
                                     91           05           88           37
                                     78           C9           8F           4B
                                     0F           03           DE
      2025-12-25 10:43:36  1         EA           02           38           94
                                     4C           69           01           60
                                     01           00           D8           0A
                                     BE           27           19           00
                                     1F           00           1F           0A
                                     91           26           FF           0B
                                     1E           26           76           26
                                     3D           27           5E
      2025-12-25 10:44:20  1         CA           03           50           7B
                                     09           0E           0A           AB
                                     86           F4           27           3A
                                     08           2E           87           D0
                                     4A           33           08           68
                                     87           C7           46           4F
                                     08           9A           87           BC
                                     42           69           08
      2025-12-25 10:45:04  1         78           04           E1           87
                                     AC           3E           80           09
                                     1D           87           9A           3A
                                     9B           09           63           87
                                     84           36           AD           09
                                     80           87           7A           34
                                     BE           09           AC           87
                                     6A           32           C2
      2025-12-25 10:45:48  1         66           05           09           D4
                                     87           5A           30           D5
                                     0A           07           87           45
                                     2E           DD           0A           39
                                     87           37           2C           EE
                                     0A           66           87           24
                                     2A           FA           0A           7E
                                     87           09           29
      2025-12-25 10:46:32  1         DF           06           01           0A
                                     C5           86           ED           27
                                     15           0B           20           86
                                     D5           25           1F           0B
                                     8E           86           C1           23
                                     24           0B           A4           86
                                     A0           21           37           0C
                                     0A           86           80
      2025-12-25 10:47:16  1         D1           07           1F           41
                                     0C           74           86           62
                                     1D           4E           0C           E7
                                     86           4A           1B           55
                                     0D           41           86           30
                                     19           69           0D           BC
                                     86           13           17           6E
                                     0E           A1           85
      2025-12-25 10:48:00  1         67           08           FD           15
                                     80           0F           A6           85
                                     E0           13           8D           10
                                     A8           85           DD           11
                                     8E           11           28           85
                                     B6           0F           9E           11
                                     FE           85           B0           0E
                                     12           11           D3
      2025-12-25 10:48:44  1         AD           09           85           8D
                                     0C           E6           11           3B
                                     85           5B           0B           B4
                                     11           49           85           4B
                                     0A           F1           12           37
                                     85           57           0A           29
                                     12           9E           85           55
                                     09           64           13
      2025-12-25 10:49:28  1         9A           0A           61           85
                                     62           08           9B           13
                                     F4           85           6C           07
                                     D2           14           05           85
                                     6C           07           6F           13
                                     E0           85           61           07
                                     0D           14           8A           85
                                     70           06           A6
      2025-12-25 10:50:12  1         1F           0B           14           FC
                                     85           81           06           3E
                                     15           52           85           89
                                     05           DB           15           D0
                                     85           97           05           7C
                                     15           FE           85           97
                                     05           1A           15           FF
                                     85           90           04
      2025-12-25 10:50:56  1         42           0C           B6           15
                                     90           85           6F           04
                                     38           15           95           85
                                     68           03           E1           15
                                     74           85           63           03
                                     7F           15           09           85
                                     48           03           1A           15
                                     FC           85           5B
      2025-12-25 10:51:40  1         C7           0D           02           B9
                                     16           6E           85           36
                                     02           5C           17           65
                                     85           29           01           F3
                                     18           03           85           2B
                                     01           C0           1A           16
                                     85           1C           01           91
                                     62           A8           F8
      2025-12-25 10:52:24  2         1A           0E           1A           01
                                     64           1E           EB           85
                                     16           01           30           1F
                                     2D           85           21           00
                                     F4           1F           B9           85
                                     1F           00           C8           20
                                     04           85           1E           00
                                     96           20           AD
      2025-12-25 10:53:08  2         8F           0F           85           22
                                     00           65           21           7D
                                     85           11           00           27
                                     00           06           00           00
                                     06           03           2B           4F
                                     60           62           62           FF
                                     FF           FF           FF           FF
                                     FF           FF           FF
      2025-12-25 10:53:54  1         02           01           15           03
                                     1B           47           3A           80
                                     01           00           FF           FC
                                     FE           A3           53           1E
                                     00           00           00           00
                                     91           05           88           37
                                     78           C9           8F           4B
                                     0F           03           DE
      2025-12-25 10:54:36  1         EA           82           38           95
                                     4C           69           01           60
                                     01           00           D8           02
                                     BE           7E           99           04
                                     0B           30           9F           0A
                                     90           26           F7           03
                                     1E           06           76           26
                                     3D           A7           5E
02602 152389  15 31 C 2 2025-12-25 11:32:43 -54.633 -160.010  0.000 401649801
      2025-12-25 11:23:56  1         42           0C           B6           15
                                     90           85           6F           04
                                     38           15           95           85
                                     68           03           E1           15
                                     74           85           63           03
                                     7F           15           09           85
                                     48           03           1A           15
                                     FC           85           5B
      2025-12-25 11:24:40  1         C7           0D           02           B9
                                     16           6E           85           36
                                     02           5C           17           65
                                     85           29           01           F3
                                     18           03           85           2B
                                     01           C0           1A           16
                                     85           1C           01           90
                                     1B           BA           85
      2025-12-25 11:25:24  1         1A           0E           1A           01
                                     64           1E           EB           85
                                     16           01           30           1F
                                     2D           85           21           00
                                     F4           1F           B9           85
                                     1F           00           C8           20
                                     04           85           1E           00
                                     96           20           AD
      2025-12-25 11:26:08  1         8F           0F           85           22
                                     00           65           21           7D
                                     85           11           00           27
                                     00           06           00           00
                                     06           03           2B           4F
                                     60           62           62           FF
                                     FF           FF           FF           FF
                                     FF           FF           FF
      2025-12-25 11:26:54  1         D3           01           18           03
                                     1B           47           3A           80
                                     01           00           FF           FC
                                     FB           A3           53           1E
                                     00           00           00           00
                                     91           05           88           37
                                     78           C9           8F           4B
                                     0F           03           DE
      2025-12-25 11:27:36  1         EA           02           38           94
                                     4C           69           01           60
                                     01           00           D8           0A
                                     BE           27           19           00
                                     1F           00           1F           0A
                                     91           26           FF           0B
                                     1E           26           76           26
                                     3D           27           5E
      2025-12-25 11:28:20  1         CA           03           50           7B
                                     09           0E           0A           AB
                                     86           F4           27           3A
                                     08           2E           87           D0
                                     4A           33           08           68
                                     87           C7           46           4F
                                     08           9A           87           BC
                                     42           69           08
      2025-12-25 11:29:04  1         78           04           E1           87
                                     AC           3E           80           09
                                     1D           87           9A           3A
                                     9B           09           63           87
                                     84           36           AD           09
                                     80           87           7A           34
                                     BE           09           AC           87
                                     6A           32           C2
      2025-12-25 11:29:48  1         66           05           09           D4
                                     87           5A           30           D5
                                     0A           87           87           64
                                     80           DD           0A           39
                                     87           37           2C           EE
                                     0A           66           87           24
                                     2A           FA           0A           7E
                                     87           09           29
      2025-12-25 11:30:32  1         DF           06           01           0A
                                     C5           86           ED           27
                                     15           0B           20           86
                                     D5           25           1F           0B
                                     8E           86           C1           23
                                     24           0B           A4           86
                                     A0           21           37           0C
                                     0A           86           80
      2025-12-25 11:31:16  1         D1           07           1F           41
                                     0C           74           86           62
                                     1D           4E           0C           E7
                                     86           4A           1B           55
                                     0D           41           86           30
                                     19           69           0D           BC
                                     86           13           17           6E
                                     0E           A1           85
      2025-12-25 11:32:00  1         67           08           FD           15
                                     80           0F           A6           85
                                     E0           13           8D           10
                                     A8           85           DD           11
                                     8E           11           28           85
                                     B6           0F           9E           11
                                     FE           85           B0           0E
                                     12           11           D3
      2025-12-25 11:32:44  1         AD           09           85           8D
                                     0C           E6           11           3B
                                     85           5B           0B           B4
                                     11           49           85           4B
                                     0A           F1           12           37
                                     85           57           0A           29
                                     12           9E           85           55
                                     09           64           13
      2025-12-25 11:33:28  1         9A           0A           61           85
                                     62           08           9B           13
                                     F4           85           6C           07
                                     D2           14           05           85
                                     6C           07           6F           13
                                     E0           85           61           07
                                     0D           14           8A           85
                                     70           06           A6
      2025-12-25 11:34:12  1         1F           0B           14           FC
                                     85           81           06           3E
                                     15           52           85           89
                                     05           DB           15           D0
                                     85           97           05           7C
                                     15           FE           85           97
                                     05           1A           15           FF
                                     85           90           04
02602 152389  19 31 3 3 2025-12-25 12:26:15 -54.616 -159.992  0.000 401649800
      2025-12-25 12:19:39  1         C7           0D           02           B9
                                     16           6E           85           36
                                     02           5C           17           65
                                     85           29           01           F3
                                     18           03           85           2B
                                     01           C0           18           1C
                                     85           9C           01           00
                                     1B           BA           85
      2025-12-25 12:21:07  1         8F           0F           85           22
                                     00           65           21           7D
                                     85           11           00           27
                                     00           06           00           00
                                     06           03           2B           4F
                                     68           E0           6A           C3
                                     67           E6           10           87
                                     E8           00           98
      2025-12-25 12:21:54  1         83           01           1D           03
                                     1B           47           3A           80
                                     01           00           FF           FC
                                     FC           A3           53           1E
                                     00           00           00           00
                                     91           05           88           37
                                     78           C9           8F           4B
                                     0F           03           DE
      2025-12-25 12:22:35  1         EA           02           38           94
                                     4C           69           01           60
                                     01           00           D8           0A
                                     BE           27           19           00
                                     1F           00           1F           0A
                                     91           26           FF           0B
                                     1E           26           76           26
                                     3D           27           5E
      2025-12-25 12:23:19  1         CA           03           50           7B
                                     09           0E           0A           AB
                                     86           F4           27           3A
                                     08           2E           87           D0
                                     4A           33           08           68
                                     87           C7           46           4F
                                     08           9A           87           BC
                                     42           69           08
      2025-12-25 12:24:03  1         78           04           E1           87
                                     AC           3E           80           09
                                     1D           87           9A           3A
                                     9B           09           63           87
                                     84           36           AD           09
                                     80           87           7A           34
                                     BE           09           AC           87
                                     6A           32           C2
      2025-12-25 12:24:47  1         66           05           09           D4
                                     87           5A           30           D5
                                     0A           07           87           45
                                     2E           DD           0A           39
                                     87           37           2C           EE
                                     0A           66           87           24
                                     2A           FA           0A           7E
                                     87           09           29
      2025-12-25 12:25:31  1         DF           06           01           0A
                                     C5           86           ED           27
                                     15           0B           20           86
                                     D5           25           1F           0B
                                     8E           86           C1           23
                                     24           0B           A4           86
                                     A0           21           37           0C
                                     0A           86           80
      2025-12-25 12:26:15  1         D1           07           1F           41
                                     0C           74           86           62
                                     1D           4E           0C           E7
                                     86           4A           1B           55
                                     0D           41           86           30
                                     19           69           0D           BC
                                     86           13           17           6E
                                     0E           A1           85
      2025-12-25 12:26:59  1         67           08           FD           15
                                     80           0F           A6           85
                                     E0           13           8D           10
                                     A8           85           DD           11
                                     8E           11           28           85
                                     B6           0F           9E           11
                                     FE           85           B0           0E
                                     12           11           D3
      2025-12-25 12:27:43  1         AD           09           85           8D
                                     0C           E6           11           3B
                                     85           5B           0B           B4
                                     11           49           85           4B
                                     0A           F1           12           37
                                     85           57           0A           29
                                     12           9E           85           55
                                     09           64           13
      2025-12-25 12:28:27  1         9A           0A           61           85
                                     62           08           9B           13
                                     F4           85           6C           07
                                     D2           14           05           85
                                     6C           07           6F           13
                                     E0           85           61           07
                                     0D           14           8A           85
                                     70           06           A6
      2025-12-25 12:29:11  1         1F           0B           14           FC
                                     85           81           06           3E
                                     15           52           85           89
                                     05           DB           15           D0
                                     85           97           05           7C
                                     15           FE           85           97
                                     05           1A           15           FF
                                     85           90           04
      2025-12-25 12:29:55  1         42           0C           B6           15
                                     90           85           6F           04
                                     38           15           95           85
                                     68           03           E1           15
                                     74           85           63           03
                                     7F           15           09           85
                                     48           03           1A           15
                                     FC           85           5B
      2025-12-25 12:30:39  1         C7           0D           02           B9
                                     16           6E           85           36
                                     02           5C           17           65
                                     85           29           01           F3
                                     18           03           85           2B
                                     01           C0           1A           16
                                     85           1C           01           90
                                     1B           BA           85
      2025-12-25 12:31:23  2         1A           0E           1A           01
                                     64           1E           EB           85
                                     16           01           30           1F
                                     2D           85           21           00
                                     F4           1F           B9           85
                                     1F           00           C8           20
                                     04           85           1E           00
                                     96           20           AD
      2025-12-25 12:32:07  1         8F           0F           85           22
                                     00           65           21           7D
                                     85           11           00           27
                                     00           06           00           00
                                     06           03           2B           4F
                                     60           62           62           FF
                                     FF           FF           FF           FF
                                     FF           FF           FF
      2025-12-25 12:32:54  1         10           01           1E           03
                                     1B           47           3A           80
                                     01           00           FF           FC
                                     FB           A3           53           1E
                                     00           00           00           00
                                     91           05           88           37
                                     78           C9           D5           55
                                     55           55           55
02602 152389   6 31 C 1 2025-12-25 13:07:27 -54.616 -159.994  0.000 401649800
      2025-12-25 13:05:07  1         8F           0F           85           22
                                     00           65           21           7D
                                     85           11           00           27
                                     00           06           00           00
                                     06           03           2B           4F
                                     60           62           62           FF
                                     FF           FF           FF           FF
                                     FF           FF           FF
      2025-12-25 13:05:54  1         F2           01           21           03
                                     1B           07           7A           80
                                     01           00           FF           FC
                                     FB           A3           53           1E
                                     00           00           00           10
                                     91           05           88           37
                                     78           C9           8F           43
                                     0F           02           D6
      2025-12-25 13:07:19  1         CA           03           50           7B
                                     09           0E           0A           AB
                                     86           F4           27           3A
                                     08           2E           87           D0
                                     4A           33           08           68
                                     87           C7           46           4F
                                     08           9A           87           BC
                                     42           69           08
      2025-12-25 13:08:03  1         78           04           E1           87
                                     AC           3E           80           09
                                     1D           87           9A           3A
                                     9B           09           63           87
                                     84           36           AD           09
                                     80           87           7A           34
                                     BE           09           AC           87
                                     6A           32           C2
      2025-12-25 13:08:47  1         66           05           09           D4
                                     87           5A           30           D5
                                     0A           07           87           45
                                     2E           DD           0A           39
                                     87           37           2C           EE
                                     0A           66           87           24
                                     2A           FA           0A           7E
                                     87           09           29
      2025-12-25 13:09:31  1         DF           06           03           0A
                                     C5           86           EC           23
                                     55           0B           20           86
                                     D4           25           1F           0B
                                     8E           86           C1           23
                                     24           0B           A4           86
                                     A0           21           37           0C
                                     0A           86           80
02602 152389  13 31 3 2 2025-12-25 14:03:24 -54.594 -159.973  0.000 401649799
      2025-12-25 13:58:39  1         C7           0D           02           B9
                                     16           6E           85           36
                                     02           5C           17           65
                                     85           29           01           F3
                                     18           03           85           2B
                                     01           C0           1A           16
                                     85           1C           01           B0
                                     1B           BA           85
      2025-12-25 13:59:23  1         1A           0E           1A           01
                                     64           1E           EB           85
                                     16           01           30           1F
                                     2D           85           21           00
                                     F4           1F           B9           85
                                     1F           00           C8           20
                                     04           85           1E           00
                                     96           20           AD
      2025-12-25 14:00:07  1         8F           0F           85           22
                                     00           65           21           7D
                                     85           11           00           27
                                     00           06           00           00
                                     06           03           2B           4F
                                     60           62           62           FF
                                     FF           FF           FF           FF
                                     FF           FF           FF
      2025-12-25 14:00:54  1         99           01           26           03
                                     1B           47           3A           80
                                     01           00           FF           FC
                                     FC           A3           53           1E
                                     00           00           00           00
                                     91           05           88           37
                                     78           C9           8F           4B
                                     0F           03           DE
      2025-12-25 14:01:35  1         EA           02           38           94
                                     4C           69           01           60
                                     01           00           D8           0A
                                     BE           27           19           00
                                     1F           00           1F           0A
                                     91           26           FF           0B
                                     1E           26           76           26
                                     3D           27           5E
      2025-12-25 14:02:19  1         CA           03           50           7B
                                     09           0E           0A           AB
                                     86           F4           27           3A
                                     08           2E           87           D0
                                     4A           33           08           68
                                     87           C7           46           4F
                                     08           9A           87           BC
                                     42           69           08
      2025-12-25 14:03:03  1         78           04           E1           87
                                     AC           3E           80           09
                                     1D           87           9A           3A
                                     9B           09           63           87
                                     84           36           AD           09
                                     80           87           7A           34
                                     BE           09           AC           87
                                     6A           32           C2
      2025-12-25 14:04:31  1         DF           06           01           0A
                                     C5           86           ED           27
                                     15           0B           20           86
                                     D5           25           1F           0B
                                     8E           86           C1           23
                                     24           0B           A4           86
                                     A0           21           37           0C
                                     0A           86           80
      2025-12-25 14:05:15  1         D1           07           1F           41
                                     0C           74           86           62
                                     1D           4E           0C           E7
                                     86           4A           1B           55
                                     0D           41           86           30
                                     19           69           0D           BC
                                     86           13           17           6E
                                     0E           A1           85
      2025-12-25 14:05:59  1         67           08           FD           15
                                     80           0F           A6           85
                                     E0           13           8D           10
                                     A8           85           DD           11
                                     8E           11           28           85
                                     B6           0F           9E           11
                                     FE           85           B0           0E
                                     12           11           D3
      2025-12-25 14:06:43  1         AD           09           85           8D
                                     0C           E6           11           3B
                                     85           5B           0B           B4
                                     11           49           85           4B
                                     0A           F1           12           37
                                     85           57           0A           29
                                     12           9E           85           55
                                     09           64           13
      2025-12-25 14:07:27  1         9A           0A           61           85
                                     62           08           9B           13
                                     F4           85           6C           07
                                     D2           14           05           85
                                     6C           07           6F           13
                                     E0           85           61           07
                                     0D           14           8A           85
                                     70           06           A6
      2025-12-25 14:08:11  1         1F           0B           14           FC
                                     85           81           06           3E
                                     15           52           85           89
                                     05           DB           15           D0
                                     85           97           05           7C
                                     15           FE           85           97
                                     05           1A           15           FF
                                     85           90           04
02602 152389   5 31 C
      2025-12-25 14:41:55  1         42           0C           B6           15
                                     90           85           6F           04
                                     38           15           95           85
                                     68           03           E1           15
                                     74           85           63           03
                                     7F           15           09           85
                                     48           03           1A           15
                                     FC           85           5B
      2025-12-25 14:42:39  1         C7           0D           02           B9
                                     16           6E           85           36
                                     02           5C           17           65
                                     85           29           01           F3
                                     18           03           85           2B
                                     01           C0           1A           16
                                     85           1C           01           90
                                     1B           BA           85
      2025-12-25 14:43:23  1         1A           0E           1A           01
                                     64           1E           EB           85
                                     16           01           30           1F
                                     2D           85           21           00
                                     F4           1F           B9           85
                                     1F           00           C8           20
                                     04           85           1E           00
                                     96           20           AD
      2025-12-25 14:44:07  1         8F           0F           85           22
                                     00           65           21           7D
                                     85           11           00           27
                                     00           06           00           00
                                     06           03           2B           4F
                                     60           62           62           FF
                                     FF           FF           FF           FF
                                     FF           FF           FF
      2025-12-25 14:44:54  1         32           01           2A           03
                                     1B           47           3A           80
                                     01           00           FF           FC
                                     FB           A3           53           1E
                                     00           00           00           00
                                     91           05           88           37
                                     78           C9           8F           4B
                                     0F           03           DE
02602 152389  14 31 R 2 2025-12-25 15:16:01 -54.573 -159.954  0.000 401649802
      2025-12-25 15:11:15  1         D1           07           1F           41
                                     0C           74           86           62
                                     1D           4E           0C           E7
                                     86           4A           1B           55
                                     0D           41           86           30
                                     19           69           0D           BC
                                     86           13           17           6E
                                     0E           A1           85
      2025-12-25 15:11:59  1         67           08           FD           15
                                     80           0F           A6           85
                                     E0           13           8D           10
                                     A8           85           DD           11
                                     8E           11           28           85
                                     B6           0F           9E           11
                                     FE           85           B0           0E
                                     12           11           D3
      2025-12-25 15:12:43  1         AD           09           85           8D
                                     0C           E6           11           3B
                                     85           5B           0B           B4
                                     11           49           85           4B
                                     0A           F1           12           37
                                     85           57           0A           29
                                     12           9E           85           55
                                     09           64           13
      2025-12-25 15:13:27  1         9A           0A           61           85
                                     62           08           9B           13
                                     F4           85           6C           07
                                     D2           14           05           85
                                     6C           07           6F           13
                                     E0           85           61           07
                                     0D           14           8A           85
                                     70           06           A6
      2025-12-25 15:14:11  1         1F           0B           14           FC
                                     85           81           06           3E
                                     15           52           85           89
                                     05           DB           15           D0
                                     85           97           05           7C
                                     15           FE           85           97
                                     05           1A           15           FF
                                     85           90           04
      2025-12-25 15:14:55  1         42           0C           B6           15
                                     90           85           6F           04
                                     38           15           95           85
                                     68           03           E1           15
                                     74           85           63           03
                                     7F           15           09           85
                                     48           03           1A           15
                                     FC           85           5B
      2025-12-25 15:15:39  1         C7           0D           02           B9
                                     16           6E           85           36
                                     02           5C           17           65
                                     85           29           01           F3
                                     18           03           85           2B
                                     01           C0           1A           16
                                     85           1C           01           90
                                     1B           BA           85
      2025-12-25 15:16:23  1         1A           0E           1A           01
                                     64           1E           EB           85
                                     16           01           30           1F
                                     2D           85           21           00
                                     F4           1F           B9           85
                                     1F           00           C8           20
                                     04           85           1E           00
                                     96           20           AD
      2025-12-25 15:17:07  1         8F           0F           85           22
                                     00           65           21           7D
                                     85           11           00           27
                                     00           06           00           00
                                     06           03           2B           4F
                                     60           62           62           FF
                                     FF           FF           FF           FF
                                     FF           FF           FF
      2025-12-25 15:17:54  1         62           01           2D           03
                                     1B           47           3A           80
                                     01           00           FF           FC
                                     FB           A3           53           1E
                                     00           00           00           00
                                     91           05           88           37
                                     78           C9           8F           4B
                                     0F           03           DE
      2025-12-25 15:18:35  1         EA           02           38           94
                                     4C           69           01           60
                                     01           00           D8           0A
                                     BE           27           19           00
                                     1F           00           1F           0A
                                     91           26           FF           0B
                                     1E           26           76           26
                                     3D           27           5E
      2025-12-25 15:19:19  1         CA           03           50           7B
                                     09           0E           0A           AB
                                     86           F4           27           3A
                                     08           2E           87           D0
                                     4A           33           08           68
                                     87           C7           46           4F
                                     08           9A           87           BC
                                     42           69           08
      2025-12-25 15:20:03  1         78           04           E1           87
                                     AC           3E           80           09
                                     1D           87           9A           3A
                                     9B           09           63           87
                                     84           36           AD           09
                                     80           87           7A           34
                                     BE           09           AC           87
                                     6A           32           C2
      2025-12-25 15:20:47  1         66           05           09           D4
                                     87           5A           30           D5
                                     0A           07           87           45
                                     2E           DD           0A           39
                                     87           37           2C           EE
                                     0A           66           87           24
                                     2A           FA           0A           7E
                                     87           09           29
02602 152392  20 31 C 3 2025-12-24 18:35:52 -44.451   55.188  0.000 401649870
      2025-12-24 18:38:26  1         5F           09           85           B7
                                     0E           10           10           C6
                                     85           AF           0C           E8
                                     11           AE           85           A5
                                     0B           B1           12           2B
                                     85           9B           0A           F1
                                     12           8F           85           79
                                     0A           24           12
      2025-12-24 18:39:10  1         5E           0A           F3           85
                                     51           09           64           14
                                     E9           85           4C           08
                                     9B           15           82           85
                                     07           07           BF           15
                                     97           85           03           07
                                     70           16           34           84
                                     F1           07           08
      2025-12-24 18:39:54  1         B6           0B           16           CA
                                     84           E0           06           9E
                                     16           DD           84           D2
                                     06           41           17           27
                                     84           BF           05           DD
                                     17           BC           84           AD
                                     05           7C           18           9E
                                     84           A4           05
      2025-12-24 18:40:38  1         50           0C           13           19
                                     B1           84           A9           04
                                     B5           1A           1C           84
                                     89           04           4F           1A
                                     CA           84           71           03
                                     E8           1B           11           84
                                     53           03           85           1D
                                     8D           84           3E
      2025-12-24 18:41:22  1         73           0D           03           15
                                     1F           5C           84           41
                                     02           BA           1F           A0
                                     84           46           02           58
                                     20           29           84           45
                                     01           F7           20           37
                                     84           45           01           BF
                                     20           40           84
      2025-12-24 18:42:06  1         75           0E           45           01
                                     91           20           3E           84
                                     46           01           62           20
                                     3E           84           46           01
                                     2A           20           46           84
                                     46           00           FA           20
                                     7D           84           44           00
                                     CD           20           C1
      2025-12-24 18:42:50  1         98           0F           84           4F
                                     00           98           20           D3
                                     84           42           00           6B
                                     20           D0           84           42
                                     00           2F           00           06
                                     FF           A2           06           05
                                     2B           4E           5E           62
                                     62           FF           FF
      2025-12-24 18:43:37  1         05           01           09           03
                                     2B           48           3B           80
                                     01           00           FF           F7
                                     F8           8D           3E           0A
                                     00           00           00           00
                                     92           04           85           36
                                     74           C6           8F           52
                                     0F           03           EB
      2025-12-24 18:44:18  1         22           02           43           E4
                                     4B           69           01           07
                                     02           00           D8           0C
                                     5D           27           44           00
                                     27           00           33           0C
                                     03           27           2C           0C
                                     D2           26           5A           26
                                     3C           27           A8
      2025-12-24 18:45:02  1         45           03           53           7B
                                     09           4E           0C           21
                                     87           47           27           50
                                     08           D8           88           1D
                                     4E           12           09           16
                                     88           18           4A           35
                                     09           5A           88           0E
                                     46           4C           09
      2025-12-24 18:45:46  2         F3           04           9B           88
                                     00           42           6E           09
                                     EB           87           F0           3E
                                     81           0A           37           87
                                     E3           3A           95           0A
                                     84           87           C9           36
                                     B0           0A           A8           87
                                     BD           34           BB
      2025-12-24 18:46:30  2         FF           05           0A           DF
                                     87           B1           32           CB
                                     0B           10           87           9D
                                     30           D8           0B           43
                                     87           8F           2E           DF
                                     0B           76           87           80
                                     2C           EE           0B           85
                                     87           67           2A
      2025-12-24 18:47:14  2         AB           06           E5           0B
                                     BD           87           53           29
                                     08           0C           54           87
                                     46           27           12           0B
                                     33           86           F8           25
                                     1F           0B           95           86
                                     DA           23           24           0B
                                     31           86           A6
      2025-12-24 18:47:58  2         0A           07           21           38
                                     0B           55           86           88
                                     1F           29           0B           83
                                     86           67           1D           4A
                                     0B           DF           86           4C
                                     1B           5C           0C           AD
                                     86           40           19           5E
                                     0C           5D           86
      2025-12-24 18:48:42  2         2C           08           05           17
                                     70           0D           BA           86
                                     15           15           79           0E
                                     D5           86           0B           13
                                     8C           0D           FB           85
                                     C2           11           99           0F
                                     A2           85           D8           0F
                                     9C           0F           FA
02602 152392   8 31 B 1 2025-12-24 19:36:44 -44.470   55.212  0.000 401649870
      2025-12-24 19:35:38  1         50           0C           13           19
                                     B1           84           A9           04
                                     B5           1A           1C           84
                                     89           04           4F           1A
                                     CA           84           71           03
                                     E8           1B           11           84
                                     53           03           85           1D
                                     8D           84           3E
      2025-12-24 19:36:22  1         73           0D           03           15
                                     1F           5C           84           41
                                     02           BA           1F           A0
                                     84           46           02           58
                                     20           29           84           45
                                     01           F7           20           37
                                     84           45           01           BF
                                     20           40           84
      2025-12-24 19:37:06  1         75           0E           45           01
                                     91           20           3E           84
                                     46           01           62           20
                                     3E           84           46           01
                                     2A           20           46           84
                                     46           00           FA           20
                                     7D           84           44           00
                                     CD           20           C1
      2025-12-24 19:37:50  1         98           0F           84           4F
                                     00           98           20           D3
                                     84           42           00           6B
                                     20           D0           84           42
                                     00           2F           00           06
                                     FF           A2           06           05
                                     2B           4E           5E           62
                                     62           FF           FF
      2025-12-24 19:39:18  1         22           02           43           E4
                                     0B           6B           21           07
                                     00           00           D8           0C
                                     5D           27           44           18
                                     27           00           70           08
                                     02           67           2E           1C
                                     C3           07           D6           06
                                     30           67           A8
      2025-12-24 19:41:30  1         FF           05           08           DF
                                     87           B1           32           CB
                                     0B           10           87           9D
                                     30           D8           0B           43
                                     87           8F           2E           DF
                                     0B           76           87           80
                                     2C           EE           0B           85
                                     87           67           2B
      2025-12-24 19:42:58  1         0A           07           21           38
                                     0B           55           86           88
                                     1F           29           0B           83
                                     86           67           1D           4A
                                     0B           DF           86           5C
                                     5B           5C           0C           AD
                                     86           40           19           5E
                                     0C           5D           86
      2025-12-24 19:43:42  1         2C           08           05           17
                                     70           0D           BA           86
                                     15           15           79           0E
                                     D5           86           0B           13
                                     8C           0D           FB           85
                                     C2           11           99           0F
                                     A2           85           D8           0F
                                     9E           0F           EA
02602 152392  17 31 3 3 2025-12-24 19:54:42 -44.471   55.224  0.000 401649870
      2025-12-24 19:49:37  1         24           01           0F           03
                                     2B           48           3B           80
                                     01           00           FF           F7
                                     FA           8D           3E           0A
                                     00           00           00           00
                                     92           04           85           36
                                     74           C6           8F           52
                                     0F           03           EB
      2025-12-24 19:50:18  1         22           02           43           E4
                                     4B           69           01           07
                                     02           00           D8           0C
                                     5D           27           44           00
                                     27           00           33           0C
                                     03           27           2C           0C
                                     D2           26           5A           26
                                     3C           27           A8
      2025-12-24 19:51:02  1         45           03           53           7B
                                     09           4E           0C           21
                                     87           47           27           50
                                     08           D8           88           1D
                                     4E           12           09           16
                                     88           18           4A           35
                                     09           5A           88           0E
                                     46           4C           09
      2025-12-24 19:51:46  1         F3           04           9B           88
                                     00           42           6E           09
                                     EB           87           F0           3E
                                     81           0A           37           87
                                     E3           3A           95           0A
                                     84           87           C9           36
                                     B0           0A           A8           87
                                     BD           34           BB
      2025-12-24 19:52:30  1         FF           05           0A           DF
                                     87           B1           32           CB
                                     0B           10           87           9D
                                     30           D8           0B           43
                                     87           8F           2E           DF
                                     0B           76           87           80
                                     2C           EE           0B           85
                                     87           67           2A
      2025-12-24 19:53:14  1         AB           06           E5           0B
                                     BD           87           53           29
                                     08           0C           54           87
                                     46           27           12           0B
                                     33           86           F8           25
                                     1F           0B           95           86
                                     DA           23           24           0B
                                     31           86           A6
      2025-12-24 19:53:58  1         0A           07           21           38
                                     0B           55           86           88
                                     1F           29           0B           83
                                     86           67           1D           4A
                                     0B           DF           86           4C
                                     1B           5C           0C           AD
                                     86           40           19           5E
                                     0C           5D           86
      2025-12-24 19:54:42  1         2C           08           05           17
                                     70           0D           BA           86
                                     15           15           79           0E
                                     D5           86           0B           13
                                     8E           0D           E2           85
                                     E2           01           CC           AC
                                     7B           AC           25           D4
                                     85           70           0D
      2025-12-24 19:55:26  1         5F           09           95           97
                                     0E           10           10           C6
                                     85           AF           0C           E8
                                     11           AE           85           A5
                                     0B           B1           12           2B
                                     85           9B           0A           F1
                                     12           8F           85           79
                                     0A           24           12
      2025-12-24 19:56:10  1         5E           0A           F3           85
                                     51           09           64           14
                                     E9           85           4C           08
                                     9B           15           82           85
                                     07           07           BF           15
                                     97           85           03           07
                                     70           16           34           84
                                     F1           07           08
      2025-12-24 19:56:54  1         B6           0B           16           CA
                                     84           E0           06           9E
                                     16           DD           84           D2
                                     06           41           17           27
                                     84           BF           05           DD
                                     17           BC           84           AD
                                     05           7C           18           9E
                                     84           A4           05
      2025-12-24 19:57:38  1         50           0C           13           19
                                     B1           84           A9           04
                                     B5           1A           1C           84
                                     89           04           4F           1A
                                     CA           84           71           03
                                     E8           1B           11           84
                                     53           03           85           1D
                                     8D           84           3E
      2025-12-24 19:58:22  1         73           0D           03           15
                                     1F           5C           84           41
                                     02           BA           1F           A0
                                     84           46           02           58
                                     20           29           84           45
                                     01           F7           20           37
                                     84           45           01           BF
                                     20           40           84
      2025-12-24 19:59:06  1         75           0E           45           01
                                     91           20           3E           84
                                     46           01           62           20
                                     3E           84           46           01
                                     2A           20           46           84
                                     46           00           FA           20
                                     7D           84           44           00
                                     CD           20           C1
      2025-12-24 19:59:50  2         98           0F           84           4F
                                     00           98           20           D3
                                     84           42           00           6B
                                     20           D0           84           42
                                     00           2F           00           06
                                     FF           A2           06           05
                                     2B           4E           5E           62
                                     62           FF           FF
      2025-12-24 20:00:37  1         BE           01           10           03
                                     2B           48           3B           80
                                     01           00           FF           F7
                                     F7           8D           3E           0A
                                     00           00           00           00
                                     92           04           85           36
                                     74           C6           8F           52
                                     0F           03           EB
02602 152392  15 31 C 2 2025-12-24 20:17:04 -44.481   55.231  0.000 401649870
      2025-12-24 20:15:14  1         AB           06           E5           0B
                                     BD           87           53           29
                                     08           0C           54           87
                                     46           27           12           0B
                                     33           86           F8           25
                                     17           0B           D3           8E
                                     D3           4B           2D           0B
                                     71           CF           A2
      2025-12-24 20:15:58  1         0A           07           21           38
                                     0B           55           86           88
                                     1F           29           0B           83
                                     86           67           1D           4A
                                     0B           DF           86           4C
                                     1B           5C           0C           AD
                                     86           40           19           5E
                                     0C           5D           86
      2025-12-24 20:16:42  1         2C           08           05           17
                                     70           0D           BA           86
                                     15           15           79           0E
                                     D5           86           0B           13
                                     8C           0D           FB           85
                                     C2           11           99           0F
                                     A2           85           D8           0F
                                     9C           0F           FA
      2025-12-24 20:17:26  1         5F           09           85           B7
                                     0E           10           10           C6
                                     85           AF           0C           E8
                                     11           AE           85           A5
                                     0B           B1           12           2B
                                     85           9B           0A           F1
                                     12           8F           85           79
                                     0A           24           12
      2025-12-24 20:18:10  1         5E           0A           F3           85
                                     51           09           64           14
                                     E9           85           4C           08
                                     9B           15           82           85
                                     07           07           BF           15
                                     97           85           03           07
                                     70           16           34           84
                                     F1           07           08
      2025-12-24 20:18:54  1         B6           0B           16           CA
                                     84           E0           06           9E
                                     16           DD           84           D2
                                     06           41           17           27
                                     84           BF           05           DD
                                     17           BC           84           AD
                                     05           7C           18           9E
                                     84           A4           05
      2025-12-24 20:19:38  1         50           0C           13           19
                                     B1           84           A9           04
                                     B5           1A           1C           84
                                     89           04           4F           1A
                                     CA           84           71           03
                                     E8           1B           11           84
                                     53           03           85           1D
                                     8D           84           3E
      2025-12-24 20:20:22  1         73           0D           03           15
                                     1F           5C           84           41
                                     02           BA           1F           A0
                                     84           46           02           58
                                     20           29           84           45
                                     01           F7           20           37
                                     84           45           01           BF
                                     20           40           84
      2025-12-24 20:21:06  1         75           0E           45           01
                                     91           20           3E           84
                                     46           01           62           20
                                     3E           84           46           01
                                     2A           20           46           84
                                     46           00           FA           20
                                     7D           84           44           00
                                     CD           20           C1
      2025-12-24 20:21:50  1         98           0F           84           4F
                                     00           98           20           D3
                                     84           42           00           6B
                                     20           D0           84           42
                                     00           2F           00           06
                                     FF           A2           06           05
                                     2B           4E           5E           62
                                     62           FF           FF
      2025-12-24 20:22:37  1         8C           01           12           03
                                     2B           48           3B           80
                                     01           00           FF           F7
                                     F8           8D           3E           0A
                                     00           00           00           00
                                     92           04           85           36
                                     74           C6           8F           52
                                     0F           03           EB
      2025-12-24 20:23:18  1         22           02           43           E4
                                     4B           69           01           07
                                     02           00           D8           0C
                                     5D           27           44           00
                                     27           00           33           0C
                                     03           27           2C           0C
                                     D2           26           5A           26
                                     3C           27           A8
      2025-12-24 20:24:02  1         45           03           53           7B
                                     09           4E           0C           21
                                     87           47           27           50
                                     08           D8           88           1D
                                     4E           12           09           16
                                     88           18           4A           35
                                     09           5A           88           0E
                                     46           4C           09
      2025-12-24 20:24:46  1         F3           04           9B           88
                                     00           42           6E           09
                                     EB           87           F0           3E
                                     81           0A           37           87
                                     E3           3A           95           0A
                                     84           87           C9           36
                                     B0           0A           A8           87
                                     BD           34           BB
      2025-12-24 20:25:30  1         FF           05           0A           DF
                                     87           B1           32           CB
                                     0B           10           87           9D
                                     30           D8           0B           43
                                     87           8F           2E           DF
                                     0B           76           87           80
                                     2C           EE           0B           85
                                     87           67           2A
02602 152392  18 31 3 3 2025-12-24 21:33:05 -44.502   55.257  0.000 401649871
      2025-12-24 21:26:22  1         73           0D           03           55
                                     1F           5C           84           41
                                     02           BA           1F           A0
                                     84           46           02           58
                                     20           29           A4           45
                                     03           F7           20           37
                                     86           45           01           BF
                                     20           40           84
      2025-12-24 21:27:50  1         98           0F           84           4F
                                     00           98           20           D3
                                     84           42           00           6B
                                     20           D0           84           42
                                     00           2F           00           06
                                     FF           A2           06           05
                                     2B           4E           5E           62
                                     62           FF           FF
      2025-12-24 21:28:37  1         D6           01           18           03
                                     2B           48           3B           80
                                     01           00           FF           F7
                                     F7           8D           3E           0A
                                     00           00           00           00
                                     92           04           85           36
                                     74           C6           8F           52
                                     0F           03           EB
      2025-12-24 21:29:18  1         22           02           43           E4
                                     4B           69           01           07
                                     02           00           D8           0C
                                     5D           27           44           00
                                     27           00           33           0C
                                     03           27           2C           0C
                                     D2           26           5A           26
                                     3C           27           A8
      2025-12-24 21:30:02  1         45           03           53           7B
                                     09           4E           0C           21
                                     87           47           27           50
                                     08           D8           88           1D
                                     4E           12           09           16
                                     88           18           4A           35
                                     09           5A           88           0E
                                     46           4C           09
      2025-12-24 21:31:30  1         FF           05           0A           DF
                                     87           B1           32           CB
                                     0B           10           87           9D
                                     30           D8           0B           43
                                     87           8F           2E           DF
                                     0B           76           87           80
                                     2C           EE           0B           85
                                     87           67           2A
      2025-12-24 21:32:14  1         AB           06           E5           0B
                                     BD           87           53           29
                                     08           0C           54           87
                                     46           27           12           0B
                                     33           86           F8           25
                                     1F           0B           95           86
                                     DA           B1           24           0B
                                     31           86           A6
      2025-12-24 21:32:58  1         0A           07           21           38
                                     0B           55           86           88
                                     1F           29           0B           83
                                     86           67           1D           4A
                                     0B           DF           86           4C
                                     1B           5C           0C           AD
                                     86           40           19           5E
                                     0C           5D           86
      2025-12-24 21:33:42  1         2C           08           05           17
                                     70           0D           BA           86
                                     15           15           79           0E
                                     D5           86           0B           13
                                     8C           0D           FB           85
                                     C0           11           99           0F
                                     A2           85           D8           0F
                                     9C           0F           FA
      2025-12-24 21:34:26  1         5F           09           85           B7
                                     0E           10           10           C6
                                     85           AF           0C           E8
                                     11           AE           85           A5
                                     0B           B1           12           2B
                                     85           9B           0A           F1
                                     12           8F           85           79
                                     0A           24           12
      2025-12-24 21:35:10  1         5E           0A           F3           85
                                     51           09           64           14
                                     E9           85           4C           08
                                     9B           15           82           85
                                     07           07           BF           15
                                     97           85           03           07
                                     70           16           34           84
                                     F1           07           08
      2025-12-24 21:35:54  1         B6           0B           16           CA
                                     84           E0           06           9E
                                     16           DD           84           D2
                                     06           41           17           27
                                     84           BF           05           DD
                                     17           BC           84           AD
                                     05           7C           18           9E
                                     84           A4           05
      2025-12-24 21:36:38  1         50           0C           13           19
                                     B1           84           A9           04
                                     B5           1A           1C           84
                                     89           04           4F           1A
                                     CA           84           71           03
                                     E8           1B           11           84
                                     53           03           85           1D
                                     8D           84           3E
      2025-12-24 21:37:22  1         73           0D           03           15
                                     1F           5C           84           41
                                     02           BA           1F           A0
                                     84           46           02           58
                                     20           29           84           45
                                     01           F7           20           37
                                     84           45           01           BF
                                     20           40           84
      2025-12-24 21:38:06  2         75           0E           45           01
                                     91           20           3E           84
                                     46           01           62           20
                                     3E           84           46           01
                                     2A           20           46           84
                                     46           00           FA           20
                                     7D           84           44           00
                                     CD           20           C1
      2025-12-24 21:38:50  1         98           0F           84           4F
                                     00           98           20           D3
                                     84           42           00           6B
                                     20           D0           84           42
                                     00           2F           00           06
                                     FF           A2           06           05
                                     2B           4E           1E           62
                                     62           FF           FF
      2025-12-24 21:39:37  1         4C           01           19           03
                                     2B           48           3B           80
                                     01           00           FF           F7
                                     F8           8D           3E           0A
                                     00           00           00           00
                                     92           04           85           36
                                     74           C6           8F           52
                                     0F           03           EB
02602 152392   9 31 3 1 2025-12-24 23:10:15 -44.523   55.303  0.000 401649870
      2025-12-24 23:06:50  1         98           0F           84           4F
                                     00           98           20           D3
                                     84           42           00           6B
                                     20           D0           84           42
                                     00           2F           00           06
                                     FF           A2           06           05
                                     2B           4E           5E           62
                                     62           FF           FF
      2025-12-24 23:07:37  1         FE           01           21           03
                                     2B           48           3B           80
                                     01           00           FF           F7
                                     F8           8D           3E           0A
                                     00           00           00           00
                                     92           04           85           36
                                     74           C6           8F           52
                                     0F           03           EB
      2025-12-24 23:08:18  1         22           02           43           E4
                                     4B           69           01           07
                                     02           00           D8           0C
                                     5D           27           44           00
                                     27           00           33           0C
                                     03           27           2C           0C
                                     D2           26           5A           26
                                     3C           27           A8
      2025-12-24 23:09:46  1         F3           04           9B           88
                                     00           42           6E           09
                                     EB           87           F0           3E
                                     81           0A           37           87
                                     E3           3A           95           0A
                                     84           87           C9           36
                                     B0           0A           A8           87
                                     BD           34           BB
      2025-12-24 23:10:30  1         FF           05           0A           DF
                                     87           B1           32           CB
                                     0B           10           87           9D
                                     30           D8           0B           43
                                     87           8F           2E           DF
                                     0B           76           87           80
                                     2C           EE           0B           85
                                     87           67           2A
      2025-12-24 23:11:14  1         AB           06           E5           0B
                                     BD           87           53           29
                                     08           0C           54           87
                                     46           27           12           0B
                                     33           86           F8           25
                                     1F           0B           95           86
                                     DA           23           24           0B
                                     31           86           A6
      2025-12-24 23:11:58  1         0A           07           21           38
                                     0B           55           86           88
                                     1F           29           0B           83
                                     86           67           1D           4A
                                     0B           DF           86           4C
                                     1B           5C           0C           AD
                                     86           40           19           5E
                                     0C           5D           86
      2025-12-24 23:12:42  1         2C           08           05           17
                                     70           0D           BA           86
                                     15           6D           42           3F
                                     E1           29           CE           3F
                                     04           4E           7E           99
                                     B3           8A           54           5C
                                     C5           8F           AF           B9
                                     F8           40           BA
      2025-12-24 23:13:26  1         5F           09           85           B7
                                     0E           10           10           C6
                                     85           AF           0C           E8
                                     11           AE           85           A5
                                     0B           B1           12           2B
                                     85           9B           0A           F1
                                     12           8F           85           79
                                     0A           24           12
02602 152392  18 31 R 3 2025-12-25 01:49:59 -44.534   55.375  0.000 401649870
      2025-12-25 01:48:54  1         B6           0B           16           CA
                                     84           E0           06           9E
                                     16           DD           84           D2
                                     06           41           17           27
                                     84           BF           05           DD
                                     17           BC           84           AD
                                     05           7C           18           9E
                                     84           A0           05
      2025-12-25 01:49:38  1         50           0C           13           19
                                     B1           84           A9           04
                                     B5           1A           1C           84
                                     89           04           4F           1A
                                     CA           84           71           03
                                     E8           1B           11           84
                                     53           03           85           1D
                                     8D           84           3E
      2025-12-25 01:51:06  1         75           0E           45           01
                                     91           20           3E           84
                                     46           01           62           20
                                     3E           84           46           01
                                     08           20           46           84
                                     46           00           FA           20
                                     7D           84           44           00
                                     CD           20           C1
      2025-12-25 01:51:50  1         98           0F           84           4F
                                     00           98           21           6C
                                     7B           BD           FF           94
                                     DF           2F           7B           42
                                     00           2F           00           06
                                     FF           A2           06           05
                                     2B           4E           5E           62
                                     62           FF           FF
      2025-12-25 01:52:37  1         2D           01           30           03
                                     2B           48           3B           80
                                     01           00           FF           F7
                                     F7           8D           3E           0A
                                     00           00           00           00
                                     92           04           85           36
                                     74           C6           8F           52
                                     0F           03           EB
      2025-12-25 01:53:18  1         22           02           43           E4
                                     4B           69           01           07
                                     02           00           D8           0C
                                     5D           27           44           00
                                     27           00           33           0C
                                     03           27           2C           0C
                                     D2           26           5A           26
                                     3C           27           A8
      2025-12-25 01:54:02  1         45           03           53           7B
                                     09           4E           0C           21
                                     87           47           27           50
                                     08           D8           88           1D
                                     4E           12           09           16
                                     88           18           4A           35
                                     09           5A           88           0E
                                     46           4C           09
      2025-12-25 01:54:46  1         F3           04           9B           88
                                     00           42           6E           09
                                     EB           87           F0           3E
                                     81           0A           37           87
                                     E3           3A           95           0A
                                     84           87           C9           36
                                     B0           0A           A8           87
                                     BD           34           BB
      2025-12-25 01:55:30  1         FF           05           0A           DF
                                     87           B1           32           CB
                                     0B           10           87           9D
                                     30           D8           0B           43
                                     87           8F           2E           DF
                                     0B           76           87           80
                                     2C           EE           0B           85
                                     87           67           2A
      2025-12-25 01:56:14  1         AB           06           E5           0B
                                     BD           87           53           29
                                     08           0C           54           87
                                     46           27           12           0B
                                     33           86           F8           25
                                     1F           0B           95           86
                                     DA           23           24           0B
                                     31           86           A6
      2025-12-25 01:56:58  1         0A           07           21           38
                                     0B           55           86           88
                                     1F           29           0B           83
                                     86           67           1D           4A
                                     0B           DF           86           4C
                                     1B           5C           0C           AD
                                     86           40           19           5E
                                     0C           5D           86
      2025-12-25 01:57:42  1         2C           08           05           17
                                     70           0D           BA           86
                                     15           15           79           0E
                                     D5           86           1A           13
                                     8C           05           FB           85
                                     C2           11           99           0F
                                     A2           85           D8           0F
                                     9C           0F           FA
      2025-12-25 01:58:26  1         5F           09           85           B7
                                     0E           10           10           C6
                                     85           AF           0C           E8
                                     11           AE           85           A5
                                     0B           B1           12           2B
                                     85           9B           0A           F1
                                     12           8F           85           79
                                     0A           24           12
      2025-12-25 01:59:10  2         5E           0A           F3           85
                                     51           09           64           14
                                     E9           85           4C           08
                                     9B           15           82           85
                                     07           07           BF           15
                                     97           85           03           07
                                     70           16           34           84
                                     F1           07           08
      2025-12-25 01:59:54  1         B6           0B           16           CA
                                     84           E0           06           9E
                                     16           DD           84           D2
                                     06           41           17           27
                                     84           BF           05           DD
                                     17           BC           84           AD
                                     05           7C           18           9E
                                     84           A4           05
      2025-12-25 02:01:22  2         73           0D           03           15
                                     1F           5C           84           41
                                     02           BA           1F           A0
                                     84           46           02           58
                                     20           29           84           45
                                     01           F7           20           37
                                     84           45           01           BF
                                     20           40           84
02602 152392  10 31 C 1 2025-12-25 02:46:37 -44.540   55.403  0.000 401649870
      2025-12-25 02:43:10  1         5E           0A           F3           85
                                     51           09           64           14
                                     E9           85           4C           08
                                     9B           15           82           85
                                     07           07           BF           15
                                     97           85           03           07
                                     70           16           34           84
                                     F1           07           08
      2025-12-25 02:43:54  1         B6           0B           16           CA
                                     84           E0           06           9E
                                     16           DD           84           D2
                                     06           41           17           27
                                     84           BF           05           DD
                                     17           BC           84           AD
                                     05           7C           18           9E
                                     84           A4           05
      2025-12-25 02:44:38  1         50           0C           13           19
                                     B1           84           A9           04
                                     B5           1A           1C           84
                                     89           04           4F           1A
                                     CA           84           71           03
                                     E8           1B           11           84
                                     53           03           85           1D
                                     8D           84           3E
      2025-12-25 02:45:22  1         73           0D           03           15
                                     1F           5C           84           41
                                     02           BA           1F           A0
                                     84           46           02           58
                                     20           29           84           45
                                     01           F7           20           37
                                     84           45           01           BF
                                     20           44           81
      2025-12-25 02:46:06  1         75           0E           55           01
                                     91           20           3E           84
                                     46           01           62           20
                                     3E           84           46           01
                                     2A           20           46           84
                                     46           00           FA           20
                                     7D           84           44           00
                                     CD           20           C1
      2025-12-25 02:46:50  1         98           0F           84           4F
                                     00           98           20           D3
                                     84           42           00           6B
                                     20           D0           84           42
                                     00           2F           00           06
                                     FF           A2           06           05
                                     2B           4E           5E           62
                                     62           FF           FF
      2025-12-25 02:47:37  1         4D           01           35           03
                                     2B           48           3B           80
                                     01           00           FF           F7
                                     F7           8D           3E           0A
                                     00           00           00           00
                                     92           04           85           36
                                     74           C6           8F           52
                                     0F           03           EB
      2025-12-25 02:48:18  1         22           02           43           E4
                                     4B           69           01           07
                                     02           00           D8           0C
                                     5D           27           44           00
                                     27           00           33           0C
                                     03           27           2C           0C
                                     D2           26           5A           26
                                     3C           27           A8
      2025-12-25 02:49:46  1         F3           04           9B           88
                                     00           42           6E           09
                                     EB           87           F0           3E
                                     81           0A           37           87
                                     E3           3A           95           0A
                                     84           87           C9           36
                                     B0           0A           A8           87
                                     BD           34           BB
      2025-12-25 02:50:30  1         FF           05           0A           DF
                                     87           B1           32           CB
                                     0B           10           87           9D
                                     30           D8           0B           43
                                     87           8F           2E           DF
                                     09           76           87           80
                                     2C           EE           0B           85
                                     87           67           2A
02602 152393   6 31 C
      2025-12-25 19:59:57  1         FE           8D           02           BF
                                     37           C5           89           C1
                                     02           59           28           8E
                                     89           9E           01           F6
                                     3D           94           89           9C
                                     01           C9           41           7B
                                     89           80           01           08
                                     42           C9           89
      2025-12-25 20:00:43  1         E9           0E           AC           01
                                     60           44           98           89
                                     BC           01           AB           45
                                     6A           89           CC           00
                                     FB           45           9F           89
                                     D1           00           C3           06
                                     22           89           D9           00
                                     99           46           9D
      2025-12-25 20:01:29  1         D6           0F           89           DD
                                     00           64           46           AB
                                     89           DF           00           25
                                     00           06           00           00
                                     06           03           26           47
                                     5D           63           63           FF
                                     FF           FF           FF           FF
                                     FF           FF           FF
      2025-12-25 20:02:18  1         B5           01           09           03
                                     04           48           3A           80
                                     01           00           FF           F9
                                     F8           8E           42           09
                                     00           00           00           00
                                     91           06           83           3A
                                     6B           C8           8E           41
                                     0B           02           D4
      2025-12-25 20:03:01  1         DB           82           99           26
                                     4D           69           01           6F
                                     00           00           D8           0E
                                     98           27           11           00
                                     21           00           22           0E
                                     51           26           F2           0E
                                     F5           27           1F           26
                                     B7           27           67
      2025-12-25 20:03:47  1         DA           03           59           7C
                                     09           89           0E           83
                                     86           0F           27           02
                                     0A           C6           87           C9
                                     4A           36           0A           E3
                                     87           A4           46           53
                                     0B           06           87           7F
                                     42           69           0B
02602 152393  16 31 B 3 2025-12-25 21:11:15 -37.589   -0.011  0.000 401649786
      2025-12-25 20:59:48  1         E5           01           0E           03
                                     04           48           3A           80
                                     01           00           FF           F9
                                     F8           8E           42           09
                                     00           00           00           00
                                     91           06           83           3A
                                     6B           C8           8E           41
                                     0B           02           D4
      2025-12-25 21:02:03  1         AC           04           2E           87
                                     52           3E           84           0B
                                     66           87           1B           3A
                                     96           0B           F3           86
                                     E3           36           AE           0C
                                     44           86           CE           34
                                     BF           0C           22           86
                                     A7           32           CA
      2025-12-25 21:02:49  1         D4           05           0C           CB
                                     86           9C           30           D5
                                     0C           92           86           45
                                     00           8E           C8           B5
                                     82           4D           29           EE
                                     1D           58           86           F1
                                     A2           D4           1D           9D
                                     96           92           98
      2025-12-25 21:03:35  1         6A           06           03           0E
                                     AE           86           04           27
                                     15           0F           87           85
                                     F6           25           1B           11
                                     4A           86           06           23
                                     25           12           4C           86
                                     04           21           35           13
                                     DE           86           1D
      2025-12-25 21:04:21  1         1C           07           1F           3E
                                     15           1F           86           25
                                     1D           4C           16           D7
                                     86           3A           1B           59
                                     19           27           86           6D
                                     19           65           1C           1D
                                     86           BF           17           73
                                     1F           09           87
      2025-12-25 21:05:07  1         9D           08           1E           15
                                     7C           22           DE           87
                                     96           13           88           25
                                     35           87           E8           11
                                     98           28           89           88
                                     15           0F           85           2B
                                     19           88           BF           0E
                                     14           2D           0A
      2025-12-25 21:05:53  1         61           09           89           08
                                     0C           E5           2E           67
                                     89           3D           0B           B7
                                     2F           42           89           5B
                                     0A           EF           30           20
                                     89           7A           0A           2A
                                     31           2F           89           9B
                                     09           5D           32
      2025-12-25 21:06:39  1         66           0A           3D           89
                                     BD           08           9E           32
                                     CD           89           BD           07
                                     D0           32           AB           89
                                     A4           07           71           32
                                     AC           89           9B           07
                                     08           32           FE           89
                                     A6           1E           89
      2025-12-25 21:07:25  1         4A           0B           33           5A
                                     89           AF           06           33
                                     33           AF           89           BA
                                     05           DD           33           F0
                                     89           B9           05           7B
                                     34           59           89           C2
                                     05           0F           34           D2
                                     89           CB           04
      2025-12-25 21:08:11  1         D9           0C           B3           35
                                     0E           89           C7           04
                                     4D           35           47           89
                                     B5           03           E5           35
                                     A9           89           AD           03
                                     83           35           FA           89
                                     A1           03           22           36
                                     91           89           A0
      2025-12-25 21:08:57  1         FE           0D           02           BF
                                     37           C5           89           C1
                                     02           59           38           8E
                                     89           9E           01           F6
                                     3D           94           89           9C
                                     09           A1           CA           9C
                                     FC           7F           FC           6F
                                     FA           6E           E4
      2025-12-25 21:09:43  1         E9           0E           AC           01
                                     60           44           98           89
                                     BC           01           2B           45
                                     6A           89           CC           00
                                     FB           45           9F           89
                                     D1           00           C3           46
                                     22           89           D9           00
                                     99           46           9D
      2025-12-25 21:10:29  2         D6           0F           89           DD
                                     00           64           46           AB
                                     89           DF           00           25
                                     00           06           00           00
                                     06           03           26           47
                                     5D           63           63           FF
                                     FF           FF           FF           FF
                                     FF           FF           FF
      2025-12-25 21:11:18  1         09           01           0F           03
                                     04           48           3A           80
                                     01           00           FF           F9
                                     F9           8E           42           09
                                     00           00           00           00
                                     91           06           83           3A
                                     6B           C8           8E           41
                                     0B           02           D4
      2025-12-25 21:12:01  1         D9           02           99           2E
                                     4D           69           01           6F
                                     00           00           D8           0E
                                     98           27           11           00
                                     21           00           22           0E
                                     51           26           F2           0E
                                     F5           27           1F           26
                                     B7           27           67
02602 152393  20 31 C 3 2025-12-25 21:51:29 -37.592   -0.010  0.000 401649786
      2025-12-25 21:41:55  1         4A           0B           33           5A
                                     89           AF           06           33
                                     33           AF           89           BA
                                     05           DD           33           F0
                                     89           B9           05           7B
                                     34           59           89           C2
                                     05           0F           34           D2
                                     89           CB           04
      2025-12-25 21:42:41  1         D9           0C           B3           35
                                     0E           89           C7           04
                                     4D           35           47           89
                                     B5           03           E5           35
                                     A9           89           AD           03
                                     83           35           FA           89
                                     A1           03           22           36
                                     91           89           A0
      2025-12-25 21:43:27  1         FE           0D           02           BF
                                     37           C5           89           C1
                                     02           59           38           8E
                                     89           9E           01           F6
                                     3D           94           89           9C
                                     01           C9           41           73
                                     89           80           01           88
                                     42           C9           89
      2025-12-25 21:44:13  1         E9           0E           AC           01
                                     60           44           98           89
                                     BC           01           2B           45
                                     6A           89           CC           00
                                     FB           45           9F           89
                                     D1           00           C3           46
                                     22           89           D9           00
                                     99           46           9D
      2025-12-25 21:44:59  1         D6           0F           89           DD
                                     00           64           46           AB
                                     89           DF           00           25
                                     00           06           00           00
                                     06           03           26           47
                                     5D           63           63           FF
                                     FF           FF           FF           FF
                                     FF           FF           FF
      2025-12-25 21:45:48  1         3C           01           12           03
                                     04           48           3A           80
                                     01           00           FF           F9
                                     F8           8E           42           09
                                     00           00           00           00
                                     91           06           83           3A
                                     6B           C8           8E           41
                                     0B           02           D4
      2025-12-25 21:46:31  1         D9           02           99           2E
                                     4D           69           01           6F
                                     00           00           D8           0E
                                     98           27           11           00
                                     21           00           22           0E
                                     51           26           F2           0E
                                     F5           27           1F           26
                                     B7           27           67
      2025-12-25 21:47:17  1         DA           03           59           7C
                                     09           89           0E           83
                                     86           0F           27           02
                                     0A           C6           87           C9
                                     4A           36           0A           E3
                                     87           A4           46           53
                                     0B           06           87           7F
                                     42           69           0B
      2025-12-25 21:48:03  1         AC           04           2E           87
                                     52           3E           84           0B
                                     66           87           1B           3A
                                     96           0B           F3           86
                                     E3           36           AE           0C
                                     44           86           CE           34
                                     BF           0C           22           86
                                     A7           32           CA
      2025-12-25 21:48:49  1         D4           05           0C           CB
                                     86           9C           30           D5
                                     0C           92           86           67
                                     2E           C8           0C           F5
                                     86           49           2C           EE
                                     0D           58           86           30
                                     2A           F7           0D           D5
                                     86           17           29
      2025-12-25 21:49:35  2         6A           06           03           0E
                                     AE           86           04           27
                                     15           0F           87           85
                                     F6           25           1B           11
                                     4A           86           06           23
                                     25           12           4C           86
                                     04           21           35           13
                                     DE           86           1D
      2025-12-25 21:50:21  2         1C           07           1F           3E
                                     15           1F           86           25
                                     1D           4C           16           D7
                                     86           3A           1B           59
                                     19           27           86           6D
                                     19           65           1C           1D
                                     86           BF           17           73
                                     1F           09           87
      2025-12-25 21:51:07  2         9D           08           1E           15
                                     7C           22           DE           87
                                     96           13           88           25
                                     35           87           E8           11
                                     98           28           89           88
                                     61           0F           85           2B
                                     19           88           BF           0E
                                     14           2D           0A
      2025-12-25 21:51:53  2         61           09           89           08
                                     0C           E5           2E           67
                                     89           3D           0B           B7
                                     2F           42           89           5B
                                     0A           EF           30           20
                                     89           7A           0A           2A
                                     31           2F           89           9B
                                     09           5D           32
      2025-12-25 21:52:39  2         66           0A           3D           89
                                     BD           08           9E           32
                                     CD           89           BD           07
                                     D0           32           AB           89
                                     A4           07           71           32
                                     AC           89           9B           07
                                     08           32           FE           89
                                     A6           06           AA
02602 152393   3 31 3
      2025-12-25 22:27:09  1         66           0A           3D           89
                                     BD           08           9E           32
                                     CD           89           BD           07
                                     D0           32           AB           89
                                     A4           07           71           32
                                     AC           89           9B           07
                                     08           32           FE           89
                                     A6           06           AA
      2025-12-25 22:27:55  1         4A           0B           33           5A
                                     89           AF           06           33
                                     33           AF           89           BA
                                     05           DD           33           F0
                                     89           B9           05           7B
                                     34           59           89           C2
                                     05           0F           34           D2
                                     89           CB           04
      2025-12-25 22:28:41  1         D9           0C           B3           35
                                     0E           89           C7           04
                                     4D           35           47           89
                                     B5           03           E5           35
                                     A9           89           AD           03
                                     83           35           FA           89
                                     A1           03           22           36
                                     91           89           A0
02602 152393   6 31 B 2 2025-12-25 22:41:19 -37.596   -0.001  0.000 401649785
      2025-12-25 22:40:11  1         D9           0C           B3           35
                                     0E           89           C7           04
                                     4D           35           47           89
                                     B5           03           E5           35
                                     A9           89           AD           03
                                     83           35           FA           89
                                     A1           03           22           36
                                     91           89           A0
      2025-12-25 22:40:57  1         FE           0D           02           BF
                                     37           C5           89           C1
                                     02           59           38           8E
                                     89           9E           01           F6
                                     3D           94           89           9C
                                     01           C9           41           73
                                     89           80           01           88
                                     42           C9           89
      2025-12-25 22:41:43  1         E9           0E           AC           01
                                     60           44           98           89
                                     BC           01           2B           45
                                     6A           89           CC           00
                                     FB           45           9F           89
                                     D1           00           C3           46
                                     22           89           D9           00
                                     99           46           9D
      2025-12-25 22:42:29  1         D6           0F           89           DD
                                     00           64           46           AB
                                     89           DF           00           25
                                     00           06           00           00
                                     06           03           26           47
                                     5D           63           63           FF
                                     FF           FF           FF           FF
                                     FF           FF           FF
      2025-12-25 22:47:51  1         1C           07           1F           3E
                                     15           1F           86           25
                                     1D           4C           16           D7
                                     86           3A           1B           59
                                     19           27           86           6D
                                     19           65           1C           1D
                                     86           BF           17           73
                                     1F           09           87
      2025-12-25 22:50:09  1         66           0A           3D           89
                                     BD           08           9E           32
                                     CD           8D           BD           07
                                     D0           32           AB           89
                                     A4           07           71           32
                                     AC           89           9B           07
                                     08           32           FE           89
                                     A6           06           AA
02602 152393  16 31 C 3 2025-12-25 23:24:39 -37.597    0.004  0.000 401649784
      2025-12-25 23:19:17  1         19           03           59           7B
                                     09           89           0E           83
                                     86           0F           27           02
                                     0A           C6           87           C9
                                     4A           36           0A           E3
                                     87           A4           46           53
                                     0B           06           87           7F
                                     42           69           0B
      2025-12-25 23:20:03  1         AC           04           2E           87
                                     52           3E           84           0B
                                     66           87           1B           3A
                                     96           0B           F3           86
                                     E3           36           AE           0C
                                     44           86           CE           34
                                     BF           0C           22           86
                                     A7           32           CA
      2025-12-25 23:20:49  1         D4           05           0C           CB
                                     86           9C           30           D5
                                     0C           92           86           67
                                     2E           C8           0C           F5
                                     86           49           2C           EE
                                     0D           58           86           30
                                     2A           F7           0D           D5
                                     86           17           29
      2025-12-25 23:21:35  1         6A           06           03           0E
                                     AE           86           04           27
                                     15           0F           87           85
                                     F6           25           1B           11
                                     4A           86           06           23
                                     25           12           4C           86
                                     04           21           35           13
                                     DE           86           1D
      2025-12-25 23:22:21  1         1C           07           1F           3E
                                     15           1F           86           25
                                     1D           4C           16           D7
                                     86           3A           1B           59
                                     19           27           86           6D
                                     19           65           1C           1D
                                     86           BF           17           73
                                     1F           09           87
      2025-12-25 23:23:07  1         9D           08           1E           15
                                     7C           22           DE           87
                                     96           13           88           25
                                     35           87           E8           11
                                     98           28           89           88
                                     61           0F           85           2B
                                     19           88           BF           C7
                                     14           3F           0E
      2025-12-25 23:23:53  1         61           09           89           08
                                     0C           E5           2E           67
                                     89           3D           0B           B7
                                     2F           42           89           5B
                                     0A           EF           30           20
                                     89           7A           0A           2A
                                     31           2F           89           9B
                                     09           5D           32
      2025-12-25 23:24:39  1         66           0A           3D           89
                                     BD           08           9E           32
                                     CD           89           BD           07
                                     D0           32           AB           89
                                     A4           07           71           32
                                     AC           89           9B           07
                                     08           32           FE           89
                                     A6           06           AA
      2025-12-25 23:25:25  1         4A           0B           33           5A
                                     89           AF           06           33
                                     33           AF           89           BA
                                     05           DD           33           F0
                                     89           B9           05           7B
                                     34           59           89           C2
                                     05           0F           34           D2
                                     89           CB           04
      2025-12-25 23:26:11  1         D9           0C           B3           35
                                     0E           89           C7           04
                                     4D           35           47           89
                                     B5           03           E5           35
                                     A9           89           AD           03
                                     83           35           FA           89
                                     A1           03           22           36
                                     91           89           A0
      2025-12-25 23:26:57  1         FE           0D           02           BF
                                     37           C5           89           C1
                                     02           59           38           8E
                                     89           9E           01           F6
                                     3D           94           89           9C
                                     01           C9           41           73
                                     89           80           01           88
                                     42           C9           89
      2025-12-25 23:27:43  1         E9           0E           AC           01
                                     60           44           98           89
                                     BC           01           2B           45
                                     6A           89           8C           08
                                     FB           05           87           89
                                     D1           00           C3           46
                                     22           89           D9           00
                                     99           46           9D
      2025-12-25 23:28:29  1         D6           0F           89           DD
                                     00           64           46           AB
                                     89           DF           00           25
                                     00           06           00           00
                                     06           03           26           47
                                     5D           63           63           FF
                                     FF           FF           FF           FF
                                     FF           FF           FF
      2025-12-25 23:29:18  1         B8           01           1B           03
                                     04           48           3A           80
                                     01           00           FF           F9
                                     F9           8E           42           09
                                     00           00           00           00
                                     91           06           83           3A
                                     6B           C8           8E           41
                                     0B           02           D4
      2025-12-25 23:30:01  1         D9           02           99           2E
                                     4D           69           01           6F
                                     00           00           D8           0E
                                     98           27           11           00
                                     21           00           22           0E
                                     51           26           F2           0E
                                     F5           27           1F           26
                                     B7           27           67
      2025-12-25 23:30:47  1         DA           03           59           7C
                                     09           89           0E           83
                                     86           0F           27           02
                                     0A           C6           87           C9
                                     4A           36           0A           E3
                                     87           A4           46           53
                                     0B           06           87           7F
                                     42           69           0B
02602 152393  19 31 3 3 2025-12-26 00:09:07 -37.598    0.014  0.000 401649786
      2025-12-26 00:03:48  1         AC           01           1E           03
                                     04           48           3A           80
                                     01           00           FF           F9
                                     F8           8E           42           09
                                     00           00           00           00
                                     91           06           83           3A
                                     6B           C8           8E           41
                                     0B           02           D4
      2025-12-26 00:05:17  1         19           03           59           7B
                                     09           89           0E           83
                                     86           0F           27           02
                                     0A           C6           87           C9
                                     4A           36           0A           E3
                                     87           A4           46           53
                                     0B           06           87           7F
                                     42           69           0B
      2025-12-26 00:06:03  1         AC           04           2E           87
                                     52           3E           84           0B
                                     66           87           1B           3A
                                     96           0B           F3           86
                                     E3           36           AE           0C
                                     44           86           CE           34
                                     BF           0C           22           86
                                     A7           32           CA
      2025-12-26 00:06:49  1         D4           05           0C           CB
                                     86           9C           30           D5
                                     0C           92           86           67
                                     2E           C8           0C           F5
                                     86           49           2C           EE
                                     0D           58           86           30
                                     2A           F7           0D           D5
                                     86           17           29
      2025-12-26 00:07:35  1         6A           06           03           0E
                                     AE           86           04           27
                                     15           0F           87           85
                                     F6           25           1B           11
                                     4A           86           06           23
                                     25           12           4C           86
                                     04           21           35           13
                                     DE           86           1D
      2025-12-26 00:08:21  1         1C           07           1F           3E
                                     15           1F           86           25
                                     1D           4C           16           D7
                                     86           3A           1B           59
                                     19           27           86           6D
                                     19           65           1C           1D
                                     86           BF           17           73
                                     1F           09           87
      2025-12-26 00:09:07  1         9D           08           1E           15
                                     7C           22           DE           87
                                     96           13           88           25
                                     35           87           E8           11
                                     98           28           89           88
                                     61           0F           85           2B
                                     19           88           BF           0E
                                     14           2D           0A
      2025-12-26 00:09:53  1         61           09           89           08
                                     0C           E5           2E           67
                                     89           3D           0B           B7
                                     2F           42           89           5B
                                     0A           EF           30           20
                                     89           7A           0A           2A
                                     31           2F           89           9B
                                     09           5D           32
      2025-12-26 00:10:39  1         66           0A           3D           89
                                     BD           08           9E           32
                                     CD           89           BD           07
                                     D0           32           AB           89
                                     A4           07           71           32
                                     AC           89           9B           07
                                     08           32           FE           89
                                     A6           06           AA
      2025-12-26 00:11:25  1         4A           0B           33           5A
                                     89           AF           06           33
                                     33           AF           89           BA
                                     05           DD           33           F0
                                     89           B9           05           7B
                                     34           59           89           C2
                                     05           0F           34           D2
                                     89           CB           04
      2025-12-26 00:12:11  1         D9           0C           B3           35
                                     0E           89           C7           04
                                     4D           35           47           89
                                     B5           03           E5           35
                                     A9           89           AD           03
                                     83           35           FA           89
                                     A1           03           22           36
                                     91           89           A0
      2025-12-26 00:12:57  1         FE           0D           02           BF
                                     37           C5           89           C1
                                     02           59           38           8E
                                     89           9E           01           F6
                                     3D           94           89           9C
                                     01           C9           41           73
                                     89           80           01           88
                                     42           C9           89
      2025-12-26 00:13:43  2         E9           0E           AC           01
                                     60           44           98           89
                                     BC           01           2B           45
                                     6A           89           CC           00
                                     FB           45           9F           89
                                     D1           00           C3           46
                                     22           89           D9           00
                                     99           46           9D
      2025-12-26 00:14:29  2         D6           0F           89           DD
                                     00           64           46           AB
                                     89           DF           00           25
                                     00           06           00           00
                                     06           03           26           47
                                     5D           63           63           FF
                                     FF           FF           FF           FF
                                     FF           FF           FF
      2025-12-26 00:15:18  1         34           01           1F           03
                                     04           48           3A           80
                                     01           00           FF           F9
                                     F8           8E           42           09
                                     00           00           00           00
                                     91           06           83           3A
                                     6B           C8           8E           41
                                     0B           02           D4
      2025-12-26 00:16:01  2         D9           02           99           2E
                                     4D           69           01           6F
                                     00           00           D8           0E
                                     98           27           11           00
                                     21           00           22           0E
                                     51           26           F2           0E
                                     F5           27           1F           26
                                     B7           27           67
02602 152393  16 31 3 3 2025-12-26 01:46:52 -37.604    0.027  0.000 401649785
      2025-12-26 01:41:53  1         61           09           89           08
                                     0C           E5           2E           67
                                     89           3D           0B           B7
                                     2F           42           89           5B
                                     0A           EF           30           20
                                     89           7A           0A           2A
                                     31           2F           89           9B
                                     09           5D           32
      2025-12-26 01:42:39  1         66           0A           3D           89
                                     BD           08           9E           32
                                     CD           89           BD           07
                                     D0           32           AB           89
                                     A4           07           71           32
                                     AC           89           9B           07
                                     08           32           FE           89
                                     A6           06           AA
      2025-12-26 01:43:25  1         4A           0B           33           5A
                                     89           AF           06           33
                                     33           AF           89           BA
                                     05           DD           33           F0
                                     89           B9           05           7B
                                     34           59           89           C2
                                     05           0F           34           D2
                                     89           CB           04
      2025-12-26 01:44:11  1         D9           0C           B3           35
                                     0E           89           C7           04
                                     4D           35           47           89
                                     B5           03           E5           35
                                     A9           89           AD           03
                                     83           35           FA           89
                                     A1           03           22           36
                                     91           89           A0
      2025-12-26 01:44:57  1         FE           0D           02           BF
                                     37           C5           89           C1
                                     02           59           38           8E
                                     89           9E           01           F6
                                     3D           94           89           9C
                                     01           C9           41           73
                                     89           80           01           88
                                     42           C9           89
      2025-12-26 01:45:43  1         E9           0E           AC           01
                                     60           44           98           89
                                     BC           01           2B           45
                                     6A           89           CC           00
                                     FB           45           9F           89
                                     D1           00           C3           46
                                     22           89           D9           00
                                     99           46           9D
      2025-12-26 01:46:29  1         D6           0F           89           DD
                                     00           64           46           AB
                                     89           DF           00           25
                                     00           06           99           00
                                     06           03           26           47
                                     5D           63           63           FF
                                     FF           FF           FF           FF
                                     FF           FF           FF
      2025-12-26 01:47:18  1         F2           01           27           03
                                     04           48           3A           80
                                     01           00           FF           F9
                                     F9           8E           42           09
                                     00           00           00           00
                                     91           06           83           3A
                                     6B           C8           8E           41
                                     0B           02           D4
      2025-12-26 01:48:01  1         D9           02           99           2E
                                     4D           69           01           6F
                                     00           00           D8           0E
                                     98           27           11           00
                                     21           00           22           0E
                                     51           26           F2           0E
                                     F5           27           1F           26
                                     B7           27           67
      2025-12-26 01:48:47  1         19           03           59           7B
                                     09           89           0E           83
                                     86           0F           27           02
                                     0A           C6           87           C9
                                     4A           36           0A           E3
                                     87           A4           46           53
                                     0B           06           87           7F
                                     42           69           0B
      2025-12-26 01:49:33  1         AC           04           2E           87
                                     52           3E           84           0B
                                     66           87           1B           3A
                                     96           0B           F3           86
                                     E3           36           AE           0C
                                     44           86           CE           34
                                     BF           0C           22           86
                                     A7           32           CA
      2025-12-26 01:50:19  1         D4           05           0C           CB
                                     86           9C           30           D5
                                     0C           92           86           67
                                     2E           C8           0C           F5
                                     86           49           2C           EE
                                     0D           58           86           30
                                     2A           F7           0D           D5
                                     86           17           29
      2025-12-26 01:51:05  1         6A           06           03           0E
                                     AE           86           04           27
                                     15           0F           87           85
                                     F6           25           1B           11
                                     4A           86           06           23
                                     25           12           4C           86
                                     04           21           35           13
                                     DE           86           1D
      2025-12-26 01:51:51  1         1C           07           1F           3E
                                     15           1F           86           25
                                     1D           4C           16           D7
                                     86           3A           1B           59
                                     19           27           86           6D
                                     19           65           1C           1D
                                     86           BF           17           73
                                     1F           09           87
      2025-12-26 01:52:37  2         9D           08           1E           15
                                     7C           22           DE           87
                                     96           13           88           25
                                     35           87           E8           11
                                     98           28           89           88
                                     61           0F           85           2B
                                     19           88           BF           0E
                                     14           2D           0A
02602 152397  17 31 3 3 2025-12-31 07:14:23  10.111   68.265  0.000 401649769
      2025-12-31 07:09:20  1         5A           05           17           57
                                     8E           4D           32           C9
                                     18           69           8E           5B
                                     30           DA           1A           36
                                     8E           79           2E           E0
                                     1C           07           8E           9D
                                     2C           EC           1D           90
                                     8E           B9           2A
      2025-12-31 07:10:02  1         D9           06           FD           1F
                                     4E           8E           DF           29
                                     06           20           A6           8E
                                     EA           27           12           25
                                     6E           8E           C9           25
                                     1B           22           F7           8F
                                     00           23           26           23
                                     50           8E           E3
      2025-12-31 07:10:44  1         29           07           21           3A
                                     24           16           8E           DA
                                     1F           45           25           2A
                                     8E           F8           4C           0B
                                     0C           54           8E           F5
                                     1B           43           28           C2
                                     8F           02           19           66
                                     29           EA           8E
      2025-12-31 07:11:26  1         08           08           F5           17
                                     70           2A           3E           8E
                                     C0           15           7D           2B
                                     BF           8E           C9           13
                                     8A           2C           F3           8E
                                     DE           11           98           2D
                                     89           8E           B2           0F
                                     A6           30           24
      2025-12-31 07:12:08  1         85           09           8E           FA
                                     0E           17           31           42
                                     8E           E3           0C           E8
                                     32           4B           8E           BC
                                     0B           BA           33           1A
                                     8E           8F           0A           F5
                                     34           F5           8E           96
                                     0A           2A           36
      2025-12-31 07:12:50  1         E6           0A           47           8E
                                     7A           09           5A           39
                                     89           8E           C1           08
                                     94           3C           55           8E
                                     C2           07           D6           3E
                                     5D           8E           E2           07
                                     6F           3F           E4           8E
                                     AA           07           0D
      2025-12-31 07:13:32  1         73           0B           41           38
                                     8E           AB           06           A6
                                     43           D4           8E           C7
                                     06           3B           46           F9
                                     8E           C7           05           D9
                                     4B           95           8F           1D
                                     05           78           52           0C
                                     8F           9D           05
      2025-12-31 07:14:14  1         4B           0C           1B           55
                                     EB           8F           C5           04
                                     B3           5B           57           90
                                     1E           04           50           63
                                     07           90           CE           03
                                     E8           67           47           91
                                     47           03           75           6C
                                     75           92           17
      2025-12-31 07:14:56  1         3F           0D           03           25
                                     6F           19           91           63
                                     02           AE           6F           31
                                     91           11           02           5E
                                     6F           2D           91           05
                                     01           F0           6F           2C
                                     91           01           01           C1
                                     6F           2C           91
      2025-12-31 07:15:38  1         A4           0E           00           01
                                     90           6F           2F           90
                                     FE           01           61           6F
                                     30           90           FD           01
                                     29           6F           2F           90
                                     C7           00           FB           6F
                                     2F           90           C3           00
                                     CD           6F           32
      2025-12-31 07:16:20  1         A2           0F           90           BE
                                     00           95           6F           35
                                     90           B8           00           66
                                     6F           48           90           AE
                                     00           2D           00           05
                                     FF           D9           06           08
                                     2A           4B           5D           62
                                     62           FF           FF
      2025-12-31 07:17:05  1         55           01           04           29
                                     D4           42           40           EF
                                     FE           FF           FF           F9
                                     F8           7F           63           C1
                                     FF           FF           FF           FF
                                     ED           F1           7F           C3
                                     55           D6           8F           40
                                     0C           03           21
      2025-12-31 07:18:26  1         E1           03           51           79
                                     0C           37           1F           B9
                                     8E           D3           27           0C
                                     0B           9C           8D           E0
                                     4E           2A           0C           B8
                                     8D           E2           4A           34
                                     0E           15           8D           EC
                                     46           50           0F
      2025-12-31 07:19:08  2         5B           04           5F           8D
                                     F9           42           6E           11
                                     66           8E           0C           3E
                                     82           13           0B           8E
                                     1B           3A           9C           15
                                     1B           8E           2C           36
                                     AE           16           35           8E
                                     39           34           BB
      2025-12-31 07:19:50  1         5A           05           17           57
                                     8E           4D           32           C9
                                     18           69           8E           5B
                                     30           DA           1A           26
                                     8E           79           2E           E0
                                     1C           07           8E           9D
                                     2C           EC           1D           90
                                     8E           B9           2A
      2025-12-31 07:20:32  1         D9           06           FD           1F
                                     4E           8E           DF           29
                                     06           20           A6           8E
                                     EA           27           12           21
                                     6E           8E           D9           25
                                     1B           22           F7           8F
                                     00           23           27           23
                                     50           8E           E6
02602 152397   9 31 3 2 2025-12-31 08:53:19  10.109   68.273  0.000 401649762
      2025-12-31 08:49:26  1         3F           0D           03           25
                                     6F           19           91           63
                                     02           AE           6F           31
                                     91           11           02           5E
                                     6F           2D           91           05
                                     01           F0           6F           2C
                                     91           01           03           C1
                                     6F           2C           91
      2025-12-31 08:50:08  1         A4           0E           00           01
                                     90           6F           2F           90
                                     FE           01           61           6F
                                     30           90           FD           01
                                     29           6F           2F           90
                                     C7           00           FB           6F
                                     2F           90           C3           00
                                     CD           6F           32
      2025-12-31 08:51:35  1         A7           01           0D           03
                                     2C           67           3B           80
                                     01           00           00           03
                                     02           C0           4D           1F
                                     00           00           00           00
                                     92           06           80           3C
                                     55           D6           8F           40
                                     0C           03           21
      2025-12-31 08:52:14  1         50           02           07           7A
                                     54           69           01           50
                                     01           00           D8           1F
                                     EA           27           2C           00
                                     33           00           26           1F
                                     47           27           42           20
                                     DF           26           40           26
                                     40           27           7E
      2025-12-31 08:52:56  1         B1           03           51           7A
                                     0C           37           1F           B9
                                     8E           D3           27           0C
                                     0B           9C           8D           E0
                                     4E           2A           0C           B8
                                     8D           E2           4A           34
                                     0E           15           8D           EC
                                     46           50           0F
      2025-12-31 08:54:20  1         5A           05           17           57
                                     8E           4D           32           C9
                                     18           69           8E           5B
                                     30           DA           1A           26
                                     8E           79           2E           E0
                                     1C           07           8E           9D
                                     2C           EC           1D           90
                                     8E           B9           2A
      2025-12-31 08:55:44  1         29           07           21           3A
                                     24           16           8E           DA
                                     1F           47           25           2A
                                     8E           D5           1D           53
                                     27           54           8E           F5
                                     1B           43           28           C2
                                     8F           02           19           66
                                     29           EA           8E
      2025-12-31 08:56:26  1         08           08           F5           17
                                     70           2A           3E           8E
                                     C0           15           7D           2B
                                     BF           8E           C9           13
                                     8A           2C           F3           8E
                                     DE           11           98           2D
                                     89           8E           B2           0F
                                     A6           30           24
      2025-12-31 08:57:08  1         85           09           8E           FA
                                     0E           17           31           42
                                     8E           E3           0C           E8
                                     32           4B           8E           BC
                                     0B           BA           33           1A
                                     8E           8F           0A           F5
                                     34           F5           8E           96
                                     0A           2A           36
02602 152397  19 31 R 3 2025-12-31 13:04:22  10.106   68.280  0.000 401649757
      2025-12-31 13:02:08  1         A4           0E           00           01
                                     92           6F           2B           86
                                     13           87           0C           01
                                     31           84           FD           03
                                     29           6F           2F           90
                                     C6           00           FB           4F
                                     2F           90           C3           00
                                     CD           6F           32
      2025-12-31 13:03:35  1         5C           01           25           03
                                     2C           67           3B           80
                                     01           00           00           03
                                     22           40           D1           96
                                     A1           00           09           17
                                     6D           7E           80           3C
                                     55           D6           8F           40
                                     0C           03           21
      2025-12-31 13:04:14  1         50           02           07           7A
                                     54           69           01           50
                                     01           00           D8           1F
                                     EA           27           2C           00
                                     33           00           26           1F
                                     47           27           42           20
                                     DF           26           40           26
                                     40           27           7E
      2025-12-31 13:04:56  1         B1           03           51           7A
                                     0C           37           1F           B9
                                     8E           D3           27           0C
                                     0B           9C           8D           E0
                                     4E           2A           0C           B8
                                     8D           E2           4A           34
                                     0E           15           8D           EC
                                     46           50           0F
      2025-12-31 13:05:38  1         5B           04           5F           8D
                                     F9           42           6E           11
                                     66           8E           0C           3E
                                     82           13           0B           8E
                                     1B           3A           9C           15
                                     1B           8E           2C           36
                                     AE           16           35           8E
                                     39           34           BB
      2025-12-31 13:06:20  1         5A           05           17           57
                                     8E           4D           32           C9
                                     18           69           8E           5B
                                     30           DA           1A           26
                                     8E           79           2E           E0
                                     1C           07           8E           9D
                                     2C           EC           1D           90
                                     8E           B9           2A
      2025-12-31 13:07:02  1         D9           06           FD           1F
                                     4E           8E           DF           29
                                     06           20           A6           8E
                                     EA           27           12           21
                                     6E           8E           D9           25
                                     1B           22           F7           8F
                                     00           23           27           23
                                     50           8E           E6
      2025-12-31 13:07:44  1         29           07           21           3A
                                     24           16           8E           DA
                                     1F           47           25           2A
                                     8E           D5           1D           53
                                     27           54           8E           F5
                                     1B           43           28           C2
                                     8F           02           19           66
                                     29           EA           8E
      2025-12-31 13:08:26  1         08           08           F5           17
                                     70           2A           3E           8E
                                     C0           15           7D           2B
                                     BF           8E           C9           13
                                     8A           2C           F3           8E
                                     DE           11           98           2D
                                     89           8E           B2           0F
                                     A6           30           24
      2025-12-31 13:09:08  1         85           09           8E           FA
                                     0E           17           31           42
                                     8E           E3           0C           E8
                                     32           4B           8E           BC
                                     0B           BA           33           1A
                                     8E           8F           0A           F5
                                     34           F5           8E           96
                                     0A           2A           36
      2025-12-31 13:09:50  1         E6           0A           47           8E
                                     7A           09           5A           39
                                     89           8E           C1           08
                                     94           3C           55           8E
                                     C2           07           D6           3E
                                     5D           8E           E2           07
                                     6F           3F           E4           8E
                                     AA           07           0D
      2025-12-31 13:10:32  1         73           0B           41           38
                                     8E           AB           06           A6
                                     43           D4           8E           C7
                                     06           3B           46           F9
                                     8E           C7           05           D9
                                     4B           95           8F           1D
                                     05           78           52           0C
                                     8F           9D           05
      2025-12-31 13:11:14  2         4B           0C           1B           55
                                     EB           8F           C5           04
                                     B3           5B           57           90
                                     1E           04           50           63
                                     07           90           CE           03
                                     E8           67           47           91
                                     47           03           75           6C
                                     75           92           17
      2025-12-31 13:11:56  2         3F           0D           03           25
                                     6F           19           91           63
                                     02           AE           6F           31
                                     91           11           02           5E
                                     6F           2D           91           05
                                     01           F0           6F           2C
                                     91           01           01           C1
                                     6F           2C           91
      2025-12-31 13:12:38  1         A4           0E           00           01
                                     90           6F           2F           90
                                     FE           01           61           6F
                                     30           90           FD           01
                                     29           6F           2F           90
                                     C7           00           FB           6F
                                     2F           90           C3           00
                                     CD           6F           32
      2025-12-31 13:13:20  1         A2           0F           90           BE
                                     00           95           6F           35
                                     90           B8           00           66
                                     6F           48           90           AE
                                     00           2D           00           05
                                     FF           D9           06           08
                                     2A           4B           5D           62
                                     62           FF           FF
      2025-12-31 13:14:05  1         F4           01           66           03
                                     2C           67           39           80
                                     01           00           00           03
                                     02           C0           4D           1F
                                     00           00           00           00
                                     92           46           80           3C
                                     51           DE           CF           40
                                     0E           03           21
02602 152397  12 31 R 2 2025-12-31 14:50:16  10.114   68.284  0.000 401649759
      2025-12-31 14:42:14  1         29           07           21           3A
                                     24           16           8E           DA
                                     1F           47           25           2A
                                     8E           D5           1D           53
                                     27           54           8E           F5
                                     1B           43           28           C2
                                     8F           02           19           66
                                     29           EA           8E
      2025-12-31 14:42:56  1         08           08           F5           17
                                     70           2A           3E           8E
                                     C0           15           7D           2B
                                     BF           8E           C9           13
                                     8A           2C           F3           8E
                                     DE           11           98           2D
                                     89           8E           B2           0F
                                     A6           30           24
      2025-12-31 14:43:38  1         85           09           8E           FA
                                     0E           17           31           42
                                     8E           E3           0C           E8
                                     32           4B           8E           BC
                                     0B           BA           33           1A
                                     8E           8F           0A           F5
                                     34           F5           8E           96
                                     0A           2A           36
      2025-12-31 14:44:20  1         E6           0A           47           8E
                                     7A           09           5A           39
                                     89           8E           C1           08
                                     94           3C           55           8E
                                     C2           07           D6           3E
                                     5D           8E           E2           07
                                     6F           3F           E4           8E
                                     AA           07           0D
      2025-12-31 14:45:02  1         73           0B           41           38
                                     8E           AB           06           A6
                                     43           D4           8E           C7
                                     06           3B           46           F9
                                     8E           C7           05           D9
                                     4B           95           8F           1D
                                     05           78           52           0C
                                     8F           9D           05
      2025-12-31 14:45:44  1         4B           0C           1B           55
                                     EB           8F           C5           04
                                     B3           5B           57           90
                                     1E           04           50           63
                                     07           90           CE           03
                                     E8           67           47           91
                                     47           03           75           6C
                                     75           92           17
      2025-12-31 14:46:26  1         3F           0D           03           25
                                     6F           19           91           63
                                     02           AE           6F           31
                                     91           11           02           5E
                                     6F           2D           91           05
                                     01           F0           6F           2C
                                     91           01           01           C1
                                     6F           2C           91
      2025-12-31 14:47:08  1         A4           0E           00           01
                                     90           6F           2F           90
                                     FE           01           61           6F
                                     30           90           FD           01
                                     29           6F           2F           90
                                     C7           00           FB           6F
                                     2F           90           C3           00
                                     CD           6F           32
      2025-12-31 14:48:35  1         04           01           2F           03
                                     2C           67           3B           80
                                     01           00           00           03
                                     02           C0           4D           1F
                                     00           00           00           00
                                     92           06           80           3C
                                     55           D6           8F           40
                                     0C           03           21
      2025-12-31 14:49:14  1         50           02           07           7A
                                     54           69           01           50
                                     01           00           D8           1F
                                     EA           27           2C           00
                                     33           00           26           1F
                                     47           27           42           20
                                     DF           26           40           26
                                     40           27           7E
      2025-12-31 14:49:56  1         B1           03           51           7A
                                     0C           37           1F           B9
                                     8E           D3           27           0C
                                     0B           9C           8D           E0
                                     4E           2A           0C           B8
                                     8D           E2           4A           34
                                     0E           15           8D           EC
                                     46           50           0F
      2025-12-31 14:50:38  1         5B           04           5F           8D
                                     F9           42           6E           11
                                     66           8E           0C           3E
                                     82           13           0B           8E
                                     1B           3A           9C           15
                                     1B           8E           2C           36
                                     AE           16           35           8E
                                     39           34           BB
02602 152398  13 31 B 3 2025-12-26 15:55:08  15.863   66.641  0.000 401649710
      2025-12-26 15:49:16  1         FB           05           1B           7A
                                     00           FF           30           D2
                                     1C           C7           01           04
                                     2E           DF           1E           37
                                     01           0B           2C           EC
                                     1F           91           01           14
                                     2A           FA           20           FA
                                     01           21           28
      2025-12-26 15:50:44  1         D3           07           1F           41
                                     29           3F           01           45
                                     1D           4E           2A           A1
                                     01           53           1B           5C
                                     2B           E6           01           52
                                     19           59           2D           40
                                     01           59           17           76
                                     2E           07           01
      2025-12-26 15:51:28  1         5C           08           57           15
                                     81           2E           AB           01
                                     5B           13           8E           2F
                                     F3           01           64           11
                                     91           31           70           01
                                     6D           0F           9D           32
                                     C2           01           75           0E
                                     13           33           C4
      2025-12-26 15:52:12  1         31           09           01           81
                                     0C           EA           35           D2
                                     01           81           0B           BB
                                     37           04           01           88
                                     0A           EB           38           74
                                     01           8D           0A           27
                                     3B           05           02           B8
                                     2A           63           3B
      2025-12-26 15:55:08  1         AA           0D           02           C2
                                     67           CD           02           E2
                                     02           56           67           C0
                                     02           F3           01           F5
                                     67           E2           02           F2
                                     01           C3           67           FD
                                     02           F3           01           92
                                     68           44           02
      2025-12-26 15:55:52  1         57           0E           F6           01
                                     63           68           6A           02
                                     F8           01           33           68
                                     76           02           F6           00
                                     F9           68           9D           02
                                     F5           00           C6           68
                                     E0           02           F8           00
                                     98           68           EA
      2025-12-26 15:56:36  1         DE           0F           02           F7
                                     00           64           68           EF
                                     02           F6           00           2C
                                     00           05           00           00
                                     06           06           2A           4B
                                     5D           63           64           FF
                                     FF           FF           FF           FF
                                     FF           FF           FF
      2025-12-26 15:57:23  1         94           01           0A           03
                                     3A           67           3A           80
                                     01           00           FF           FB
                                     FB           A8           47           19
                                     00           00           00           00
                                     92           07           83           3A
                                     67           C5           8C           45
                                     0D           03           63
      2025-12-26 15:58:04  1         05           02           2A           48
                                     4E           69           01           62
                                     00           00           D8           22
                                     45           27           41           00
                                     66           00           1F           21
                                     3F           27           44           23
                                     25           27           7A           26
                                     D5           27           91
      2025-12-26 15:58:48  1         A9           03           52           7A
                                     0A           75           22           C5
                                     01           47           27           63
                                     0D           BD           00           BF
                                     4A           3A           0F           34
                                     00           D0           46           51
                                     11           07           00           D4
                                     42           6B           13
      2025-12-26 16:00:16  1         FB           05           1B           7A
                                     00           FF           30           D2
                                     1C           C7           01           04
                                     2E           DF           1E           37
                                     01           0B           AC           E8
                                     3F           93           88           16
                                     2A           BA           2A           AA
                                     AA           A9           28
      2025-12-26 16:01:00  2         6F           06           EE           22
                                     86           01           24           27
                                     0C           23           EC           01
                                     1F           25           1A           25
                                     6C           01           2F           23
                                     28           27           31           01
                                     37           21           36           28
                                     75           01           41
02602 152398  17 31 C 3 2025-12-26 16:35:09  15.864   66.637  0.000 401649707
      2025-12-26 16:28:52  1         57           0E           F6           02
                                     66           48           CC           D9
                                     99           9B           33           26
                                     64           D9           B2           37
                                     26           49           B2           66
                                     64           CF           3D           9B
                                     8F           FE           03           FF
                                     F3           97           18
      2025-12-26 16:29:36  1         DE           0F           02           F7
                                     00           64           68           EF
                                     02           F6           00           2C
                                     00           05           00           00
                                     06           06           2A           4B
                                     5D           63           64           FF
                                     FF           FF           FF           FF
                                     FF           FF           FF
      2025-12-26 16:30:23  1         75           01           0D           03
                                     3A           67           3A           80
                                     01           00           FF           FB
                                     FB           A8           47           19
                                     00           00           00           00
                                     92           07           83           3A
                                     67           C5           8C           45
                                     0D           03           63
      2025-12-26 16:31:04  1         05           02           2A           48
                                     4E           69           01           62
                                     00           00           D8           22
                                     45           27           41           00
                                     66           00           1F           21
                                     3F           27           44           23
                                     25           27           7A           26
                                     D5           07           91
      2025-12-26 16:31:48  1         99           03           52           7B
                                     0A           75           22           C5
                                     01           47           27           63
                                     0D           BD           00           BF
                                     4A           3A           0F           34
                                     00           D0           46           51
                                     11           07           00           D4
                                     42           6B           13
      2025-12-26 16:32:32  1         B0           04           2B           00
                                     DD           3E           80           15
                                     B1           00           E7           3A
                                     8F           18           02           00
                                     F3           36           AA           19
                                     35           00           F8           34
                                     C1           1A           4D           01
                                     00           32           CE
      2025-12-26 16:33:16  1         FB           05           1B           7A
                                     00           FF           30           D2
                                     1C           C7           01           04
                                     2E           DF           1E           37
                                     01           0B           2C           EC
                                     1F           91           01           14
                                     2A           FA           20           FA
                                     01           21           28
      2025-12-26 16:34:00  1         6F           06           EE           22
                                     86           01           24           27
                                     0C           23           EC           01
                                     1F           25           1A           25
                                     6C           01           2F           23
                                     28           27           31           01
                                     37           21           36           28
                                     75           01           41
      2025-12-26 16:34:44  1         D3           07           1F           41
                                     29           3F           01           45
                                     1D           4E           2A           A1
                                     01           53           1B           5C
                                     2B           E6           01           52
                                     19           59           2D           40
                                     01           59           17           76
                                     2E           07           01
      2025-12-26 16:35:28  1         5C           08           57           15
                                     81           2E           AB           01
                                     5B           13           8E           2F
                                     F3           01           64           11
                                     91           31           70           01
                                     6D           0F           9D           32
                                     C2           01           75           0E
                                     13           33           C4
      2025-12-26 16:36:12  1         31           09           01           81
                                     0C           EA           35           D2
                                     01           81           0B           B0
                                     17           04           01           88
                                     0A           EB           38           74
                                     01           8D           0A           27
                                     3B           05           01           9C
                                     09           63           3E
      2025-12-26 16:36:56  1         6B           0A           42           01
                                     AC           08           98           40
                                     4E           01           C5           07
                                     CE           41           21           01
                                     C9           07           71           42
                                     41           01           D5           07
                                     0E           44           B0           01
                                     DC           06           A7
      2025-12-26 16:37:40  1         9C           0B           49           8A
                                     01           F6           06           22
                                     4B           73           02           08
                                     05           D3           4C           D6
                                     02           10           05           73
                                     4F           87           02           15
                                     05           11           50           62
                                     02           29           04
      2025-12-26 16:38:24  1         87           0C           AF           53
                                     46           02           2D           04
                                     50           57           87           02
                                     49           03           D9           5B
                                     BA           02           5D           03
                                     87           5F           86           02
                                     89           03           0B           66
                                     36           02           A1
      2025-12-26 16:39:08  1         AA           0D           02           C2
                                     67           CD           02           E2
                                     02           56           67           C0
                                     02           F3           01           F5
                                     67           E2           02           F2
                                     01           C3           67           FD
                                     02           F3           01           92
                                     68           44           02
      2025-12-26 16:39:52  1         57           0E           F6           01
                                     63           68           6A           02
                                     F8           01           33           68
                                     76           02           F6           00
                                     F9           68           9D           02
                                     F5           00           C6           68
                                     E0           02           F8           00
                                     98           78           CD
      2025-12-26 16:41:23  1         DD           01           0E           03
                                     C5           67           25           7F
                                     01           00           DF           FB
                                     FB           A8           47           19
                                     00           00           00           00
                                     92           07           83           3A
                                     67           C5           8C           45
                                     2D           03           63
02602 152398   6 31 B 1 2025-12-26 17:31:27  15.863   66.638  0.000 401649706
      2025-12-26 17:30:28  1         5C           08           57           15
                                     81           22           EB           01
                                     5B           13           8E           2F
                                     F3           01           64           11
                                     91           31           70           01
                                     6D           0F           9D           32
                                     C2           01           75           0E
                                     13           33           C4
      2025-12-26 17:31:12  1         31           09           01           81
                                     0C           EA           35           D2
                                     01           81           0B           BB
                                     37           04           01           88
                                     0A           EB           38           74
                                     01           8D           0A           27
                                     33           05           01           9C
                                     09           63           3E
      2025-12-26 17:32:40  1         9C           0B           49           8A
                                     01           F6           26           22
                                     4B           73           02           08
                                     05           D3           4C           D6
                                     02           10           05           73
                                     4F           87           02           15
                                     05           11           50           62
                                     12           29           04
      2025-12-26 17:34:08  1         AA           0D           02           C2
                                     67           CD           02           E2
                                     02           56           67           C0
                                     02           F3           01           F5
                                     67           E2           02           F2
                                     01           C3           67           FD
                                     02           F3           01           92
                                     68           44           02
      2025-12-26 17:34:52  1         57           0E           F6           01
                                     63           68           6A           02
                                     F8           01           33           68
                                     76           02           F6           00
                                     F9           68           9D           02
                                     F5           00           C6           68
                                     E0           02           F8           00
                                     98           68           EA
      2025-12-26 17:36:23  1         8B           01           13           03
                                     3A           67           3A           80
                                     01           00           FF           FB
                                     FC           A8           47           09
                                     00           00           00           00
                                     92           07           83           3A
                                     67           C5           8C           45
                                     0D           03           63
02602 152398  11 31 C 2 2025-12-26 18:11:32  15.866   66.631  0.000 401649702
      2025-12-26 18:10:48  1         99           03           52           7B
                                     0A           75           22           C5
                                     01           47           27           63
                                     0D           BD           00           BF
                                     4A           3A           0F           34
                                     00           D0           46           51
                                     11           07           00           D4
                                     42           6B           13
      2025-12-26 18:11:32  1         B0           04           2B           00
                                     DD           3E           80           15
                                     B1           00           E7           3A
                                     8F           18           02           00
                                     F3           36           AA           19
                                     35           00           F8           34
                                     C1           1A           4D           01
                                     00           32           CE
      2025-12-26 18:12:16  1         FB           05           1B           7A
                                     00           FF           30           D2
                                     1C           C7           01           04
                                     2E           DF           1E           37
                                     01           0B           2C           EC
                                     1F           91           01           14
                                     2A           FA           20           FA
                                     01           21           28
      2025-12-26 18:13:00  1         6F           06           EE           22
                                     86           01           24           27
                                     0C           23           EC           01
                                     1F           25           1A           25
                                     6C           01           2F           23
                                     28           27           31           01
                                     37           21           36           28
                                     75           01           41
      2025-12-26 18:13:44  1         D3           07           1F           41
                                     29           3F           01           45
                                     1D           4E           2A           A1
                                     01           53           1B           5C
                                     2B           E6           01           52
                                     19           59           2D           40
                                     01           59           17           76
                                     2E           07           01
      2025-12-26 18:15:12  1         31           09           01           81
                                     0C           EA           35           D2
                                     01           81           0B           BB
                                     37           04           01           88
                                     0A           EB           38           74
                                     01           8D           0A           27
                                     3B           05           01           9C
                                     09           63           3E
      2025-12-26 18:15:56  1         6B           0A           42           01
                                     AC           08           98           40
                                     4E           01           C5           07
                                     CE           41           21           01
                                     C9           07           71           42
                                     41           01           D5           07
                                     0E           44           B0           01
                                     DC           06           A7
      2025-12-26 18:17:24  1         87           0C           AF           53
                                     46           02           2D           04
                                     50           57           87           02
                                     49           03           D9           5B
                                     BA           02           5D           03
                                     87           5F           86           02
                                     89           03           0B           66
                                     36           02           A1
      2025-12-26 18:18:08  1         AA           0D           02           C2
                                     67           CD           02           E2
                                     02           56           67           C0
                                     02           F3           01           F5
                                     67           E2           02           F2
                                     01           C3           67           FD
                                     02           F3           01           92
                                     68           44           02
      2025-12-26 18:18:52  1         57           0E           F6           01
                                     63           68           6A           02
                                     F8           01           33           68
                                     76           02           F6           00
                                     F9           68           9D           02
                                     F5           00           C6           68
                                     E0           02           F8           00
                                     98           68           EA
      2025-12-26 18:19:36  1         DE           0F           02           F7
                                     00           64           68           EF
                                     02           F6           00           2C
                                     00           05           11           99
                                     CE           6E           63           9C
                                     E3           B9           B2           7E
                                     E6           06           40           40
                                     02           02           00
02602 152398  14 31 3 3 2025-12-26 18:39:43  15.864   66.637  0.000 401649704
      2025-12-26 18:35:00  1         6F           06           EE           22
                                     86           01           24           27
                                     0C           23           EC           01
                                     1F           25           1A           25
                                     6C           01           2F           23
                                     28           27           31           01
                                     37           21           36           28
                                     75           01           41
      2025-12-26 18:35:44  1         D3           07           1F           41
                                     29           3F           01           45
                                     1D           4E           2A           A1
                                     01           53           1B           5C
                                     2B           E6           01           52
                                     19           59           2D           40
                                     01           59           17           76
                                     2E           07           01
      2025-12-26 18:36:28  1         58           08           57           15
                                     81           2E           AB           01
                                     5B           13           8E           2F
                                     F3           01           64           11
                                     91           31           70           01
                                     6D           0F           9D           32
                                     C2           01           75           07
                                     87           83           87
      2025-12-26 18:37:56  1         6B           0A           42           01
                                     AC           08           98           40
                                     4E           01           C5           07
                                     CE           41           21           01
                                     C9           07           71           42
                                     41           01           D5           07
                                     0E           44           B0           01
                                     DC           06           A7
      2025-12-26 18:38:40  1         9C           0B           49           8A
                                     01           F6           06           22
                                     4B           73           02           08
                                     05           D3           4C           D6
                                     02           10           05           73
                                     4F           87           02           15
                                     05           11           50           62
                                     02           29           04
      2025-12-26 18:39:24  1         AF           6B           57           89
                                     8F           C1           12           86
                                     28           21           DC           F8
                                     B2           EC           26           DB
                                     BA           02           5D           03
                                     87           7B           86           02
                                     89           03           0B           66
                                     34           02           B1
      2025-12-26 18:40:08  1         AA           0D           02           C2
                                     67           CD           02           E2
                                     02           56           67           C0
                                     02           F3           01           F5
                                     67           E2           02           F2
                                     01           C3           67           FD
                                     02           F3           01           92
                                     68           44           02
      2025-12-26 18:40:52  1         57           0E           F6           01
                                     63           68           6A           02
                                     F8           01           33           68
                                     76           02           F6           00
                                     F9           68           9D           02
                                     F5           00           C6           68
                                     E0           02           F8           00
                                     98           68           EA
      2025-12-26 18:41:36  1         DE           0F           02           F7
                                     00           64           68           EF
                                     12           F6           00           39
                                     90           85           00           00
                                     06           06           2A           4B
                                     5D           63           64           FF
                                     FF           FF           FF           FF
                                     DF           FF           FF
      2025-12-26 18:42:23  1         C4           01           19           03
                                     3A           67           3A           80
                                     01           00           FF           FB
                                     F9           B8           6E           0C
                                     8F           CF           16           1C
                                     74           68           91           78
                                     6F           C5           8C           05
                                     0D           03           63
      2025-12-26 18:43:48  1         99           03           52           7B
                                     0A           75           22           C5
                                     01           47           27           63
                                     0D           BD           00           BF
                                     4A           3A           0F           34
                                     00           D0           46           51
                                     11           07           00           D4
                                     42           6B           13
      2025-12-26 18:44:32  1         B0           04           2B           00
                                     DD           3E           80           15
                                     B1           00           E7           3A
                                     8F           18           02           00
                                     F3           36           AA           19
                                     35           00           F8           34
                                     C1           1A           4D           01
                                     00           32           CE
      2025-12-26 18:45:16  2         FB           05           1B           7A
                                     00           FF           30           D2
                                     1C           C7           01           04
                                     2E           DF           1E           37
                                     01           0B           2C           EC
                                     1F           91           01           14
                                     2A           FA           20           FA
                                     01           21           28
02602 152398  12 31 3 3 2025-12-26 20:17:29  15.863   66.635  0.000 401649703
      2025-12-26 20:11:48  1         AB           03           52           7A
                                     0A           75           62           C5
                                     01           47           27           63
                                     0D           BD           00           BF
                                     4A           3A           0F           34
                                     00           D0           46           51
                                     11           07           01           D5
                                     46           6B           13
      2025-12-26 20:13:16  1         FB           05           1B           7A
                                     00           FF           30           D2
                                     1C           C7           01           04
                                     2E           DF           1E           37
                                     01           0B           2C           EC
                                     1F           91           01           14
                                     2A           FA           20           FA
                                     01           21           28
      2025-12-26 20:14:00  1         6F           06           EE           22
                                     86           01           24           27
                                     0C           23           EC           01
                                     1F           25           1A           25
                                     6C           01           2F           23
                                     28           27           31           01
                                     37           21           36           28
                                     75           01           41
      2025-12-26 20:15:28  1         5C           08           57           15
                                     81           2E           AB           01
                                     5B           13           8E           2F
                                     F3           01           64           11
                                     91           31           70           01
                                     6D           0F           9D           32
                                     C2           01           75           0E
                                     13           33           C4
      2025-12-26 20:16:12  1         31           09           01           81
                                     0C           EA           35           D2
                                     01           81           0B           BB
                                     37           04           01           88
                                     0A           EB           38           74
                                     01           8D           0A           27
                                     3B           05           01           9C
                                     09           63           3E
      2025-12-26 20:16:56  1         6B           0A           42           01
                                     AC           08           98           40
                                     4E           01           C5           07
                                     CE           41           21           01
                                     C9           07           71           42
                                     41           01           D5           07
                                     0E           44           B0           01
                                     DC           06           A7
      2025-12-26 20:17:40  1         9C           0B           49           8A
                                     01           F6           06           A2
                                     4B           73           02           08
                                     05           D3           4C           D6
                                     0A           10           05           73
                                     4F           87           08           15
                                     07           93           50           62
                                     02           29           04
      2025-12-26 20:18:24  1         A7           0C           AF           53
                                     46           02           2D           04
                                     50           57           87           02
                                     49           03           D9           5B
                                     BA           02           5D           03
                                     87           5F           86           02
                                     89           03           0B           66
                                     36           02           A1
      2025-12-26 20:19:52  1         57           0E           F6           01
                                     63           68           6A           02
                                     F8           01           33           68
                                     76           02           F6           00
                                     F9           48           9D           00
                                     F5           00           C6           68
                                     E0           02           F8           00
                                     18           68           EA
      2025-12-26 20:21:23  1         DE           01           22           03
                                     3A           67           3A           80
                                     01           00           FF           FB
                                     FB           A8           47           19
                                     00           00           00           00
                                     92           07           83           3A
                                     67           C5           8C           45
                                     0D           03           63
      2025-12-26 20:22:04  1         05           02           2A           48
                                     4E           69           01           62
                                     00           00           D8           22
                                     45           27           41           00
                                     66           00           1F           21
                                     3F           27           44           23
                                     25           27           7A           26
                                     D5           27           91
      2025-12-26 20:22:48  1         99           03           72           7B
                                     0A           75           22           C5
                                     01           47           27           63
                                     0D           BD           00           BF
                                     4A           3A           0F           34
                                     00           D0           46           51
                                     11           07           00           D4
                                     42           6B           13
02602 152399  12 31 R 2 2025-12-25 12:55:26  24.238   60.711  0.000 401649732
      2025-12-25 12:50:08  1         83           0F           00           00
                                     00           9B           62           E1
                                     00           00           00           68
                                     00           07           FF           DE
                                     06           07           2A           49
                                     5D           63           64           FF
                                     FF           FF           FF           FF
                                     FF           FF           FF
      2025-12-25 12:51:40  1         23           02           3D           DD
                                     4C           69           01           41
                                     00           00           D8           25
                                     21           27           5D           00
                                     46           00           13           24
                                     68           27           3C           25
                                     C8           27           58           27
                                     1C           27           98
      2025-12-25 12:52:26  1         9D           03           52           7B
                                     0A           96           24           D8
                                     00           00           27           5F
                                     0D           1B           00           00
                                     4E           23           0E           5C
                                     00           00           4A           31
                                     0F           FC           00           00
                                     46           50           12
      2025-12-25 12:53:12  1         87           04           72           00
                                     00           42           69           15
                                     02           00           00           3E
                                     7E           17           4F           00
                                     00           3A           9D           1A
                                     0C           00           00           36
                                     AD           1B           5F           00
                                     00           34           C1
      2025-12-25 12:53:58  1         AE           05           1C           E3
                                     00           00           32           CE
                                     1E           3E           00           00
                                     30           D6           1F           6A
                                     00           00           2E           E0
                                     20           F4           00           00
                                     2C           F2           22           EC
                                     00           00           2A
      2025-12-25 12:54:44  1         96           06           FB           24
                                     44           00           00           29
                                     05           25           B8           00
                                     00           27           14           27
                                     26           00           00           25
                                     21           28           A4           00
                                     00           23           29           2A
                                     4D           00           00
      2025-12-25 12:56:16  1         76           08           00           17
                                     6C           35           71           00
                                     00           15           80           37
                                     89           00           00           13
                                     87           3A           6A           00
                                     00           11           97           3D
                                     27           00           00           0F
                                     A4           3E           B1
      2025-12-25 12:57:02  1         2E           09           00           00
                                     0E           0E           40           43
                                     00           00           0C           E2
                                     46           DB           00           00
                                     0B           B9           48           ED
                                     00           00           0A           EF
                                     48           91           00           00
                                     0A           2D           4B
      2025-12-25 12:57:48  1         34           0A           20           00
                                     00           09           60           47
                                     CF           00           00           08
                                     9B           4B           66           00
                                     00           07           D1           4D
                                     13           00           00           07
                                     72           4E           CC           00
                                     00           07           0B
      2025-12-25 12:58:34  1         56           0B           4F           BF
                                     00           00           06           A5
                                     52           04           00           00
                                     06           46           55           07
                                     00           00           05           D9
                                     56           09           00           00
                                     05           76           57           BA
                                     00           00           05
      2025-12-25 12:59:20  1         50           0C           19           59
                                     A0           00           00           04
                                     B0           59           F0           00
                                     00           04           51           5A
                                     D1           00           00           03
                                     EB           5C           91           00
                                     00           03           88           5E
                                     B1           00           00
      2025-12-25 13:00:06  1         C7           0D           03           1D
                                     62           C3           00           00
                                     02           BD           62           EC
                                     00           00           02           57
                                     62           E4           00           00
                                     01           F3           62           E3
                                     00           00           01           C4
                                     62           E2           00
02602 152399  12 31 R 2 2025-12-25 14:36:42  24.231   60.733  0.000 401649729
      2025-12-25 14:32:06  1         C7           0D           03           1D
                                     62           C3           00           00
                                     02           BD           62           EC
                                     00           00           02           57
                                     62           E4           00           00
                                     01           F3           62           E3
                                     00           00           01           C4
                                     62           E2           00
      2025-12-25 14:32:52  1         2D           0E           00           01
                                     96           62           E1           00
                                     00           01           5F           62
                                     DF           00           00           01
                                     31           62           E3           00
                                     00           00           FC           62
                                     DB           00           00           00
                                     C7           62           DD
      2025-12-25 14:33:38  1         83           0F           00           00
                                     00           9B           62           E1
                                     00           00           00           68
                                     00           07           FF           DE
                                     06           07           2A           49
                                     5D           63           64           FF
                                     FF           FF           FF           FF
                                     FF           FF           FF
      2025-12-25 14:34:28  1         97           01           0F           03
                                     3B           67           3A           80
                                     01           00           00           01
                                     FE           A2           41           15
                                     00           00           00           00
                                     93           04           82           38
                                     6D           D1           90           43
                                     0D           03           65
      2025-12-25 14:35:10  1         23           02           3D           DD
                                     4C           69           01           41
                                     00           00           D8           25
                                     21           27           5D           00
                                     46           00           13           24
                                     68           27           3C           25
                                     C8           27           58           27
                                     1C           27           98
      2025-12-25 14:35:56  1         9D           03           52           7B
                                     0A           96           24           D8
                                     00           00           27           5F
                                     0D           1B           00           00
                                     4E           23           0E           5C
                                     00           00           4A           31
                                     0F           FC           00           00
                                     46           50           12
      2025-12-25 14:37:28  1         AE           05           1C           E3
                                     00           00           32           CE
                                     1E           3E           00           00
                                     30           D6           1F           6A
                                     00           00           2E           E0
                                     20           F4           00           00
                                     2C           F2           22           EC
                                     00           00           2A
      2025-12-25 14:38:14  1         96           06           FB           24
                                     44           00           00           29
                                     05           25           B8           00
                                     00           27           14           27
                                     26           00           00           25
                                     21           28           A4           00
                                     00           23           29           2A
                                     4D           00           00
      2025-12-25 14:39:00  1         53           07           21           2F
                                     2C           7D           00           00
                                     1F           41           2D           E1
                                     00           00           1D           4C
                                     2F           51           00           00
                                     1B           5E           31           85
                                     00           00           19           5B
                                     34           5D           00
      2025-12-25 14:39:46  1         76           08           00           17
                                     6C           35           71           00
                                     00           15           80           37
                                     89           00           00           13
                                     87           3A           6A           00
                                     00           11           97           3D
                                     27           00           00           0F
                                     A4           3E           B1
      2025-12-25 14:40:32  1         2E           09           00           00
                                     0E           0E           40           43
                                     00           00           0C           E2
                                     46           DB           00           00
                                     0B           B9           48           ED
                                     00           00           0A           EF
                                     48           91           00           00
                                     0A           2D           4B
      2025-12-25 14:41:18  1         34           0A           20           00
                                     00           09           60           47
                                     CF           00           00           08
                                     9B           4B           66           00
                                     00           07           D1           4D
                                     13           00           00           07
                                     72           4E           CC           00
                                     00           07           0B
02602 152399   5 31 C 1 2025-12-25 15:20:02  24.235   60.738  0.000 401649725
      2025-12-25 15:18:52  1         2D           0E           00           11
                                     96           62           E1           00
                                     00           01           5F           62
                                     DF           00           00           09
                                     31           62           E3           00
                                     00           00           FC           62
                                     DB           00           00           00
                                     C7           62           DD
      2025-12-25 15:19:38  1         83           0F           00           00
                                     00           9B           62           E1
                                     00           00           00           68
                                     00           07           FF           DE
                                     06           07           2A           49
                                     5D           63           64           FF
                                     FF           FF           FF           FF
                                     FF           FF           FF
      2025-12-25 15:20:28  1         4E           01           13           03
                                     3B           67           3A           80
                                     01           00           00           01
                                     FE           A2           41           15
                                     00           00           00           00
                                     93           04           82           38
                                     6D           D1           90           43
                                     0D           03           65
      2025-12-25 15:21:10  1         23           02           3D           DD
                                     4C           69           01           41
                                     00           00           D8           25
                                     21           27           5D           00
                                     46           00           13           24
                                     68           27           3C           25
                                     C8           27           58           27
                                     1C           27           98
      2025-12-25 15:22:42  1         87           04           52           00
                                     00           42           69           15
                                     03           00           00           2A
                                     7E           17           6F           00
                                     00           3A           9D           1E
                                     0C           00           00           36
                                     AC           13           17           00
                                     81           34           C1
02602 152399   6 31 B 3 2025-12-25 16:18:33  24.224   60.745  0.000 401649727
      2025-12-25 16:16:22  1         2D           0E           00           01
                                     96           62           E1           00
                                     00           01           5F           62
                                     DF           00           00           01
                                     31           62           E3           00
                                     00           00           FC           62
                                     DB           00           00           00
                                     C7           62           DD
      2025-12-25 16:17:08  1         83           0F           00           00
                                     00           9B           62           E1
                                     00           00           00           68
                                     00           07           FF           DE
                                     06           07           2A           49
                                     5D           63           64           FF
                                     FF           FF           FF           FF
                                     FF           FF           FF
      2025-12-25 16:17:57  1         8E           01           18           03
                                     3B           67           3A           80
                                     01           00           00           01
                                     FE           A2           41           15
                                     00           00           00           00
                                     93           04           82           38
                                     6D           D1           90           43
                                     0D           03           65
      2025-12-25 16:18:40  1         23           02           3D           DD
                                     4C           69           01           41
                                     00           00           D8           25
                                     21           27           5D           00
                                     46           00           13           24
                                     68           27           3C           25
                                     C8           27           58           27
                                     1C           27           98
      2025-12-25 16:20:12  1         87           04           72           00
                                     00           42           69           15
                                     02           00           00           3E
                                     7E           17           4F           00
                                     00           3A           9D           1A
                                     0C           00           00           36
                                     AD           1B           5F           00
                                     00           34           C1
      2025-12-25 16:20:58  1         AE           05           1C           E3
                                     00           00           32           CE
                                     1E           3E           00           00
                                     30           D6           1F           6A
                                     00           00           2E           E0
                                     20           F4           00           00
                                     2C           F2           22           EC
                                     00           00           2A
02602 152399  13 31 C 3 2025-12-25 16:57:11  24.219   60.751  0.000 401649727
      2025-12-25 16:51:38  1         83           0F           00           00
                                     00           9B           62           E1
                                     00           00           00           69
                                     00           07           FF           DE
                                     06           07           2A           49
                                     5D           63           64           FF
                                     FF           FF           FF           FF
                                     FF           FF           FF
      2025-12-25 16:53:10  1         23           02           3D           DD
                                     4C           69           01           41
                                     00           00           D8           25
                                     21           27           5D           00
                                     46           00           13           24
                                     68           27           3C           25
                                     C8           27           58           27
                                     1C           27           98
      2025-12-25 16:54:42  1         87           04           72           00
                                     00           42           69           15
                                     02           00           00           3E
                                     7E           17           4F           00
                                     00           3A           9D           1A
                                     0C           00           00           36
                                     AD           1B           5F           00
                                     00           34           C1
      2025-12-25 16:55:28  1         AE           05           1C           E3
                                     00           00           32           CE
                                     1E           3E           00           00
                                     30           D6           1F           6A
                                     00           00           2E           E0
                                     20           F4           00           00
                                     2C           F2           22           EC
                                     00           00           2A
      2025-12-25 16:56:14  1         96           06           FB           24
                                     44           00           00           29
                                     05           25           B8           00
                                     00           27           14           27
                                     26           00           00           25
                                     21           28           A4           00
                                     00           23           29           2A
                                     4D           00           00
      2025-12-25 16:57:00  1         53           07           21           2F
                                     2C           7D           00           00
                                     1F           41           2D           E1
                                     00           00           1D           4C
                                     2F           51           00           00
                                     1B           5E           31           85
                                     00           00           19           5B
                                     34           5D           00
      2025-12-25 16:57:46  1         76           08           00           17
                                     6C           35           71           00
                                     00           15           80           37
                                     89           00           00           13
                                     87           3A           6A           00
                                     00           11           97           3D
                                     27           00           00           0F
                                     A4           3E           B1
      2025-12-25 16:58:32  1         2E           09           00           00
                                     0E           0E           40           43
                                     00           00           0C           E2
                                     46           DB           00           00
                                     0B           B9           48           ED
                                     00           00           0A           EF
                                     48           91           00           00
                                     0A           2D           4B
      2025-12-25 16:59:18  1         34           0A           20           00
                                     00           09           60           47
                                     CF           00           00           08
                                     9B           4B           66           00
                                     00           07           D1           4D
                                     13           00           00           07
                                     72           4E           CC           00
                                     00           07           0B
      2025-12-25 17:00:04  1         56           0B           4F           BF
                                     00           00           06           A5
                                     52           04           00           00
                                     06           46           55           07
                                     00           00           05           D9
                                     56           09           00           00
                                     05           76           57           BA
                                     00           00           05
      2025-12-25 17:00:50  1         50           0C           19           59
                                     A0           00           00           04
                                     B0           59           F0           00
                                     00           04           51           5A
                                     D1           00           00           03
                                     EB           5C           91           00
                                     00           03           88           5E
                                     B1           00           00
      2025-12-25 17:01:36  1         C7           0D           03           1D
                                     62           C3           00           00
                                     02           BD           62           EC
                                     00           00           02           57
                                     62           E4           00           00
                                     01           F3           62           E3
                                     00           00           01           C4
                                     62           E2           00
      2025-12-25 17:02:22  1         2D           0E           00           01
                                     96           62           E1           00
                                     00           01           5F           62
                                     DF           00           00           01
                                     31           62           E3           00
                                     00           00           FC           62
                                     DB           00           00           00
                                     C7           62           DD
02602 152399   4 31 B
      2025-12-25 17:54:30  1         53           07           21           2F
                                     2C           7D           00           00
                                     1F           41           2D           E1
                                     00           00           1D           4C
                                     2F           51           00           00
                                     1B           5E           31           85
                                     00           00           19           5B
                                     34           5D           00
      2025-12-25 17:56:48  1         34           0A           20           00
                                     00           09           60           47
                                     CF           00           00           08
                                     9B           4B           66           00
                                     00           07           D1           4D
                                     13           00           00           07
                                     72           4E           CC           00
                                     00           07           0B
      2025-12-25 17:57:34  1         56           0B           4F           BF
                                     00           00           06           A5
                                     52           04           00           00
                                     06           46           55           07
                                     00           00           05           D9
                                     56           09           00           00
                                     05           76           57           BA
                                     00           00           05
      2025-12-25 17:58:20  1         50           0C           19           59
                                     A0           00           00           04
                                     B0           59           F0           00
                                     00           04           51           5A
                                     D1           00           00           03
                                     EB           5C           91           00
                                     00           03           88           5E
                                     B1           00           00
02602 152399   9 31 C 1 2025-12-25 18:40:07  24.190   60.776  0.000 401649736
      2025-12-25 18:34:22  1         2D           0E           00           01
                                     96           62           E1           00
                                     00           01           5F           62
                                     DF           00           00           01
                                     31           62           E3           00
                                     00           00           FC           62
                                     DB           00           00           00
                                     C7           62           DD
      2025-12-25 18:35:08  1         83           0F           00           00
                                     00           9B           62           E1
                                     00           00           00           68
                                     00           07           FF           DE
                                     06           07           2A           49
                                     5D           63           64           FF
                                     FF           FF           FF           FF
                                     FF           FF           FF
      2025-12-25 18:36:40  1         23           02           3D           DD
                                     4C           69           01           41
                                     00           00           D8           25
                                     21           27           5D           00
                                     46           00           13           24
                                     68           27           3C           25
                                     C8           27           58           27
                                     1C           27           98
      2025-12-25 18:37:26  1         AD           03           52           7A
                                     0A           96           24           D8
                                     00           00           27           5F
                                     0D           1B           00           00
                                     4E           23           0E           5C
                                     00           00           4A           31
                                     0F           FC           00           00
                                     46           50           12
      2025-12-25 18:38:12  1         87           04           72           00
                                     00           42           69           15
                                     02           00           00           3E
                                     7E           17           4F           00
                                     00           3A           9D           1A
                                     0C           00           00           36
                                     AD           1B           5F           00
                                     00           34           C1
      2025-12-25 18:38:58  1         AE           05           1C           E3
                                     00           00           32           CE
                                     1E           3E           00           00
                                     30           D6           1F           6A
                                     00           00           2E           E0
                                     20           F4           00           00
                                     2C           F2           22           EC
                                     00           00           2A
      2025-12-25 18:39:44  1         96           06           FB           24
                                     44           00           00           29
                                     05           25           B8           00
                                     00           27           14           27
                                     26           00           00           25
                                     21           28           A4           00
                                     00           23           29           2A
                                     4D           00           00
      2025-12-25 18:40:30  1         53           07           21           2F
                                     2C           7D           00           00
                                     1F           41           2D           E1
                                     00           00           1D           4C
                                     2F           51           00           00
                                     1B           5E           31           85
                                     00           00           19           5B
                                     34           5D           00
      2025-12-25 18:41:16  1         76           08           00           17
                                     6C           35           71           00
                                     04           15           80           37
                                     89           00           00           13
                                     87           3A           6A           00
                                     00           11           97           3D
                                     27           00           00           0F
                                     A4           3E           B1
02602 152399  12 31 3 3 2025-12-25 19:25:21  24.204   60.772  0.000 401649727
      2025-12-25 23:20:16  1         73           0C           B1           13
                                     3F           85           74           04
                                     35           14           E1           85
                                     A3           03           E6           16
                                     10           85           A1           03
                                     7E           17           20           85
                                     73           03           23           19
                                     16           85           2F
      2025-12-25 23:21:40  1         A0           0E           96           01
                                     61           1A           56           84
                                     90           01           31           1A
                                     AC           84           92           01
                                     00           1B           0C           84
                                     99           00           C5           1B
                                     81           84           9E           00
                                     96           1C           8A
      2025-12-25 23:22:22  1         A1           0F           84           92
                                     00           62           1C           B0
                                     84           8E           00           2A
                                     00           06           00           00
                                     06           03           2D           4F
                                     5F           61           61           FF
                                     FF           FF           FF           FF
                                     FF           FF           FF
      2025-12-25 23:23:46  1         7F           02           7B           72
                                     4D           69           01           61
                                     02           00           D9           0A
                                     3B           26           F9           00
                                     15           00           3D           0A
                                     15           27           0A           0A
                                     6B           26           16           25
                                     FF           27           74
      2025-12-25 23:24:28  1         E4           03           53           7D
                                     08           DC           0A           46
                                     87           53           27           57
                                     08           C8           88           19
                                     4A           37           09           0C
                                     88           10           46           53
                                     09           34           88           07
                                     42           67           09
      2025-12-25 23:25:10  1         77           04           8E           88
                                     00           3E           84           09
                                     99           87           EB           3A
                                     9E           09           CF           87
                                     D5           36           AE           09
                                     ED           87           CC           34
                                     BF           0A           07           87
                                     BE           32           CC
      2025-12-25 23:25:52  1         AC           05           0A           16
                                     87           B2           30           D6
                                     0A           1A           87           A0
                                     2E           E0           0A           34
                                     87           8D           2C           EB
                                     0A           43           87           7A
                                     2A           F3           0A           50
                                     87           6C           28
      2025-12-25 23:26:34  1         44           06           FF           0A
                                     32           87           50           27
                                     0F           0A           2A           87
                                     2C           25           1F           0A
                                     37           87           14           23
                                     27           0A           0D           86
                                     EC           21           35           0A
                                     2A           86           D4
      2025-12-25 23:27:16  2         DB           07           1F           3E
                                     0A           16           86           B0
                                     1D           4D           0A           4F
                                     86           8C           1B           5B
                                     09           EF           86           5D
                                     19           63           09           BF
                                     86           32           17           74
                                     0A           BB           86
      2025-12-25 23:27:58  2         CE           08           17           15
                                     80           0A           E1           85
                                     F3           13           8B           0B
                                     58           85           D2           11
                                     92           0B           D8           85
                                     B6           0F           A3           0C
                                     3E           85           A9           0E
                                     15           0C           CB
      2025-12-25 23:28:40  2         F5           09           85           A5
                                     0C           E6           0D           38
                                     85           9D           0B           B9
                                     0D           90           85           99
                                     0A           EE           0E           33
                                     85           96           0A           2B
                                     0E           FC           85           99
                                     09           63           0F
      2025-12-25 23:29:22  2         5D           0A           57           85
                                     9A           08           94           0F
                                     E6           85           9A           07
                                     CD           0F           C5           85
                                     94           07           6B           10
                                     27           85           91           07
                                     09           10           64           85
                                     90           06           A3
      2025-12-25 23:30:04  2         87           0B           10           83
                                     85           91           06           3D
                                     10           89           85           8B
                                     05           DD           11           01
                                     85           86           05           7A
                                     12           42           85           94
                                     05           14           11           03
                                     85           5D           04
      2025-12-25 23:30:46  1         73           0C           B1           13
                                     3F           85           74           04
                                     37           14           E1           85
                                     A3           03           E6           16
                                     10           85           A1           03
                                     7E           17           20           85
                                     73           03           23           19
                                     16           85           2F
      2025-12-25 23:31:28  1         19           0D           02           BE
                                     18           0F           85           15
                                     02           56           1A           0F
                                     85           13           01           F5
                                     1A           79           85           13
                                     01           C4           1A           5E
                                     84           E5           01           90
                                     5B           28           84
      2025-12-25 19:21:08  1         83           0F           00           00
                                     00           9B           62           E1
                                     00           00           00           68
                                     00           07           FF           DE
                                     06           07           2A           49
                                     5D           63           64           FF
                                     FF           FF           FF           FF
                                     FF           FF           FF
      2025-12-25 19:21:57  1         54           01           28           03
                                     3B           67           3A           80
                                     01           00           00           01
                                     FE           A2           41           15
                                     00           00           00           00
                                     93           04           82           38
                                     6D           D1           90           43
                                     0D           03           65
      2025-12-25 19:22:40  1         23           02           3D           DD
                                     4C           69           01           41
                                     00           00           D8           25
                                     21           27           5D           00
                                     46           00           13           24
                                     68           27           3C           25
                                     C8           27           58           27
                                     1C           27           98
      2025-12-25 19:23:26  1         AD           03           52           7A
                                     0A           96           24           D8
                                     00           00           27           5F
                                     0D           1B           00           00
                                     4E           23           0E           5C
                                     00           00           4A           31
                                     0F           FC           00           00
                                     46           50           12
      2025-12-25 19:24:12  1         87           04           72           00
                                     00           42           69           15
                                     02           00           00           3E
                                     7E           17           4F           00
                                     00           3A           9D           1A
                                     0C           00           00           36
                                     AD           1B           5F           00
                                     00           34           C1
      2025-12-25 19:24:58  1         AE           05           1C           E3
                                     00           00           32           CE
                                     1E           3E           00           00
                                     30           D6           1F           6A
                                     00           00           2E           E0
                                     20           F4           00           00
                                     2C           F2           22           EC
                                     00           00           2A
      2025-12-25 19:25:44  1         96           06           FB           24
                                     44           00           00           29
                                     05           25           B8           00
                                     00           27           14           27
                                     26           00           00           25
                                     21           28           A4           00
                                     00           23           29           2A
                                     4D           00           00
      2025-12-25 19:26:30  1         53           07           21           2F
                                     2C           7D           00           00
                                     1F           41           2D           E1
                                     00           00           1D           4C
                                     2F           51           00           00
                                     1B           5E           31           85
                                     00           00           19           5B
                                     34           5D           00
      2025-12-25 19:27:16  1         76           08           00           17
                                     6C           35           71           00
                                     00           15           80           37
                                     89           00           00           13
                                     87           3A           6A           00
                                     00           11           97           3D
                                     27           00           00           0F
                                     A4           3E           B1
      2025-12-25 19:28:02  1         2E           09           00           00
                                     0E           0E           40           43
                                     00           00           0C           E2
                                     46           DB           00           00
                                     0B           B9           48           ED
                                     00           00           0A           EF
                                     48           91           00           00
                                     0A           2D           4B
      2025-12-25 19:28:48  1         34           0A           20           00
                                     00           09           60           47
                                     CF           00           00           08
                                     9B           4B           66           00
                                     00           07           D1           4D
                                     13           00           00           07
                                     72           4E           CC           00
                                     00           07           0B
      2025-12-25 19:29:34  1         56           0B           4F           BF
                                     00           00           06           A5
                                     52           04           00           00
                                     06           46           55           07
                                     00           00           05           D9
                                     56           09           00           00
                                     05           76           57           BA
                                     00           00           05
                                     05           76           57           BA
                                     00           00           05