UTC 20-01-2026 19:05
02602 039699   1 31 C
      2026-01-13 02:35:22  1         10           01           03           60
                                     0E           00           1F           7F
                                     00           7D           89           EB
                                     60           0E           00           1F
                                     7F           00           7D           89
                                     EB           60           0E           00
                                     1F           7F           00           7D
                                     89           EB           0B
02602 039699   5 31 C 3 2026-01-14 03:55:48  12.948   80.209  0.000 401650044
      2026-01-14 03:53:17  1         0C           01           04           65
                                     41           00           0B           00
                                     00           94           61           BF
                                     65           41           00           0B
                                     00           00           94           61
                                     BF           65           41           00
                                     0B           00           00           94
                                     61           BF           1F
      2026-01-14 03:54:35  1         0E           01           04           65
                                     41           00           0B           00
                                     00           94           61           BF
                                     65           41           00           0B
                                     00           00           94           61
                                     BF           65           41           00
                                     0B           00           00           94
                                     61           9F           1F
      2026-01-14 03:55:58  1         10           01           04           65
                                     41           00           0B           00
                                     00           94           61           BF
                                     65           41           00           0B
                                     00           00           94           61
                                     BF           65           41           00
                                     0B           00           00           94
                                     61           BF           1F
      2026-01-14 03:57:17  2         12           01           04           65
                                     41           00           0B           00
                                     00           94           61           BF
                                     65           41           00           0B
                                     00           00           94           61
                                     BF           65           41           00
                                     0B           00           00           94
                                     61           BF           1F
      2026-01-14 03:57:56  2         12           01           04           65
                                     41           00           0B           00
                                     00           94           61           BF
                                     65           41           00           0B
                                     00           00           94           61
                                     BF           65           41           00
                                     0B           00           00           94
                                     61           BF           1F
02602 039699   3 31 B
      2026-01-14 04:53:03  1         1E           01           04           1A
                                     01           0E           0A           14
                                     31           00           0D           5D
                                     4E           00           05           03
                                     E4           03           DE           06
                                     7A           17           38           2D
                                     00           0C           00           04
                                     FF           FF           2A
      2026-01-14 04:53:42  1         1E           01           04           1A
                                     01           0E           0A           14
                                     31           00           0D           5D
                                     4E           00           05           03
                                     E4           03           DE           06
                                     7A           06           38           2D
                                     00           09           01           6E
                                     FF           7B           2B
      2026-01-14 04:54:24  1         01           01           04           4E
                                     20           27           14           49
                                     FF           00           00           00
                                     00           00           00           00
                                     00           00           00           00
                                     00           00           00           00
                                     00           00           00           00
                                     00           00           1F
02602 039699   9 31 C 1 2026-01-14 05:33:43  12.956   80.194  0.000 401649999
      2026-01-14 05:30:50  1         12           01           04           65
                                     41           00           0B           00
                                     00           94           61           BF
                                     65           41           00           0B
                                     00           00           94           61
                                     BD           65           41           00
                                     0B           00           00           94
                                     61           BF           46
      2026-01-14 05:31:28  1         13           01           04           65
                                     41           00           0B           00
                                     00           94           61           BF
                                     65           41           00           0B
                                     00           00           94           61
                                     BF           65           41           00
                                     0B           00           00           94
                                     61           BF           1F
      2026-01-14 05:32:11  1         14           01           04           65
                                     41           00           0B           00
                                     00           94           61           BF
                                     65           D3           49           2F
                                     92           40           96           69
                                     BF           65           61           04
                                     DB           65           B6           94
                                     76           4F           16
      2026-01-14 05:32:51  1         15           01           04           65
                                     41           00           0B           00
                                     00           94           61           BF
                                     65           41           00           0B
                                     00           00           94           61
                                     BF           65           41           00
                                     0B           00           00           94
                                     61           BF           1F
      2026-01-14 05:35:36  3         19           01           04           65
                                     41           00           0B           00
                                     00           94           61           BF
                                     65           41           00           0B
                                     00           00           94           61
                                     BF           65           41           00
                                     0B           00           00           94
                                     61           BF           1F
      2026-01-14 05:36:14  3         19           01           04           65
                                     41           00           0B           00
                                     00           94           61           BF
                                     65           41           00           0B
                                     00           00           94           61
                                     BF           65           41           00
                                     0B           00           00           94
                                     61           BF           1F
      2026-01-14 05:36:56  3         19           01           04           65
                                     41           00           0B           00
                                     00           94           61           BF
                                     65           41           00           0B
                                     00           00           94           61
                                     BF           65           41           00
                                     0B           00           00           94
                                     61           BF           1F
      2026-01-14 05:38:14  1         1C           01           04           65
                                     41           00           0B           00
                                     00           94           61           BF
                                     65           41           00           0B
                                     00           00           94           61
                                     BF           65           3F           00
                                     0C           7F           00           94
                                     1A           01           1F
      2026-01-14 05:38:56  1         1D           01           04           0D
                                     05           0E           0D           00
                                     1A           01           0E           09
                                     0C           0D           00           00
                                     00           00           00           40
                                     00           00           00           00
                                     00           00           00           00
                                     00           00           1F
02602 039699  18 31 3 2 2026-01-14 06:24:24  12.947   80.216  0.000 401649945
      2026-01-14 06:21:06  1         16           01           04           65
                                     41           00           0B           00
                                     00           94           61           BF
                                     65           41           00           0B
                                     00           00           94           61
                                     BF           65           41           00
                                     0B           00           00           94
                                     61           BF           1F
      2026-01-14 06:22:30  1         19           01           04           65
                                     41           00           0B           00
                                     00           94           61           BF
                                     65           41           00           0B
                                     00           00           94           61
                                     BF           65           41           00
                                     0B           00           00           94
                                     61           BF           1F
      2026-01-14 06:23:09  1         1A           01           04           65
                                     41           00           0B           00
                                     00           94           61           BF
                                     65           41           00           0B
                                     00           00           94           61
                                     BF           65           41           00
                                     0B           00           00           94
                                     61           BF           1F
      2026-01-14 06:23:48  1         1B           01           04           65
                                     41           00           0B           00
                                     00           94           61           BF
                                     65           41           00           0B
                                     00           00           94           61
                                     BF           65           41           00
                                     0B           00           00           94
                                     61           BF           1F
      2026-01-14 06:24:30  1         1C           01           04           65
                                     41           00           0B           00
                                     00           94           61           BF
                                     65           41           00           0B
                                     00           00           94           61
                                     BF           65           3F           00
                                     0C           7F           00           94
                                     1A           01           C9
      2026-01-14 06:25:12  2         1D           01           04           0D
                                     15           0E           0D           00
                                     1A           01           0E           09
                                     0C           0D           00           00
                                     00           00           00           00
                                     00           00           00           00
                                     00           00           00           00
                                     00           00           1F
      2026-01-14 06:25:50  2         1D           01           04           0D
                                     15           0E           0D           00
                                     1A           01           0E           09
                                     0C           0D           00           00
                                     00           00           00           00
                                     00           00           00           00
                                     00           00           00           00
                                     00           00           1F
      2026-01-14 06:26:29  3         1E           01           04           1A
                                     01           0E           0B           35
                                     2E           00           0D           70
                                     42           00           09           03
                                     E5           03           FF           06
                                     7A           1F           38           2D
                                     00           0A           00           04
                                     FF           FF           7C
      2026-01-14 06:27:07  3         1E           01           04           1A
                                     01           0E           0B           35
                                     2E           00           0D           70
                                     42           00           09           03
                                     E5           03           FF           06
                                     7A           1F           38           2D
                                     00           0A           00           04
                                     FF           FF           7C
      2026-01-14 06:27:47  3         1E           01           04           1A
                                     01           0E           0B           35
                                     2E           00           0D           70
                                     42           00           09           03
                                     E5           03           FF           06
                                     7A           1F           38           2D
                                     00           0A           00           04
                                     FF           FF           7C
      2026-01-14 06:28:29  1         02           01           04           00
                                     00           00           00           00
                                     00           00           00           00
                                     00           00           00           00
                                     00           00           00           00
                                     00           1A           01           0D
                                     08           0E           0A           00
                                     0C           00           1F
      2026-01-14 06:29:12  1         03           01           04           CD
                                     00           04           00           C8
                                     00           0E           00           CA
                                     00           12           03           DD
                                     00           0D           1A           01
                                     0D           14           0E           0C
                                     00           05           00           C8
                                     00           05           1F
      2026-01-14 06:29:52  2         04           01           04           00
                                     C8           00           05           00
                                     94           00           07           00
                                     95           00           04           00
                                     94           00           08           61
                                     BF           65           41           00
                                     0B           00           00           94
                                     61           BF           1F
      2026-01-14 06:30:30  2         04           01           04           00
                                     C8           00           05           00
                                     94           00           07           00
                                     95           00           04           00
                                     94           00           08           61
                                     BF           65           41           00
                                     0B           00           00           94
                                     61           BF           1F
      2026-01-14 06:31:09  1         06           01           04           65
                                     41           00           0B           00
                                     00           94           61           BF
                                     65           41           00           0B
                                     00           00           94           61
                                     BF           65           41           00
                                     0B           00           00           94
                                     61           BF           3A
      2026-01-14 06:31:52  3         07           01           04           65
                                     41           00           0B           00
                                     00           94           61           BF
                                     65           41           00           0B
                                     00           00           94           61
                                     BF           65           41           00
                                     0B           00           00           94
                                     61           BF           3B
      2026-01-14 06:32:40  3         07           01           04           65
                                     41           00           0B           00
                                     00           94           61           BF
                                     65           41           00           0B
                                     00           00           94           61
                                     BF           65           41           00
                                     0B           00           00           94
                                     61           BF           3B
      2026-01-14 06:33:25  3         07           01           04           65
                                     41           00           0B           00
                                     00           94           61           BF
                                     65           41           00           0B
                                     00           00           94           61
                                     BF           65           41           00
                                     0B           00           00           94
                                     61           BF           3B
02602 039699   7 31 3 1 2026-01-14 08:03:46  12.956   80.211  0.000 401649900
      2026-01-14 08:02:41  1         06           01           04           00
                                     C8           00           05           00
                                     94           00           07           08
                                     95           00           04           00
                                     94           00           08           61
                                     BF           65           41           00
                                     0B           00           00           94
                                     61           BF           1F
      2026-01-14 08:03:25  1         04           01           04           00
                                     C8           00           05           00
                                     94           00           07           00
                                     95           00           04           00
                                     94           00           08           61
                                     BF           65           41           00
                                     0B           00           00           94
                                     61           BF           1F
      2026-01-14 08:04:05  1         47           01           04           65
                                     41           00           0B           00
                                     00           94           61           BF
                                     65           41           00           0B
                                     00           00           94           61
                                     BF           65           41           00
                                     0B           00           00           94
                                     61           BF           1F
      2026-01-14 08:04:55  1         06           01           04           65
                                     41           00           0B           00
                                     00           94           61           BF
                                     65           41           80           1B
                                     02           00           94           61
                                     9F           65           01           00
                                     4A           01           00           D4
                                     67           1F           0F
      2026-01-14 08:07:36  1         0A           01           04           65
                                     41           00           0B           00
                                     00           94           61           BF
                                     65           41           00           0B
                                     00           00           94           61
                                     BF           65           41           00
                                     0B           00           00           94
                                     61           BF           1F
      2026-01-14 08:08:19  1         0B           01           04           65
                                     41           00           0B           00
                                     00           94           61           BF
                                     65           41           00           0B
                                     00           00           94           61
                                     BF           65           41           00
                                     0B           00           00           94
                                     61           BF           1F
      2026-01-14 08:09:41  1         0D           01           04           65
                                     41           00           0B           00
                                     00           94           61           BF
                                     65           41           00           0B
                                     00           00           94           61
                                     BF           65           41           00
                                     0B           00           00           94
                                     61           BF           1F
02602 039700   1 31 3
      2026-01-13 07:12:00  1         F1           02           00           1A
                                     01           8F           0C           28
                                     17           00           04           67
                                     2A           82           01           05
                                     19           03           C6           0E
                                     3A           98           10           64
                                     01           11           10           90
                                     FF           77           5B
02602 152382  20 31 C
      2026-01-14 23:03:47  1         0F           01           01           02
                                     F4           49           3A           80
                                     01           00           FF           FA
                                     FE           9C           4D           17
                                     00           00           00           00
                                     92           04           89           35
                                     79           C5           8D           4B
                                     00           00           00
      2026-01-14 23:05:02  1         16           03           53           5C
                                     08           FB           0A           37
                                     87           2E           26           D0
                                     08           63           88           02
                                     4A           30           08           B8
                                     87           FF           46           51
                                     09           05           87           F8
                                     42           68           09
      2026-01-14 23:07:08  1         8B           06           09           0A
                                     41           87           2C           27
                                     12           0A           2C           87
                                     0B           25           1C           0A
                                     74           86           FA           23
                                     2A           0A           78           86
                                     DB           21           38           0A
                                     59           86           BA
      2026-01-14 23:07:50  1         D0           07           1F           34
                                     0A           56           86           94
                                     1D           51           0A           A1
                                     86           79           1B           5C
                                     0A           C3           86           4B
                                     19           64           0A           EC
                                     86           29           17           5D
                                     0B           2D           86
      2026-01-14 23:08:32  1         61           08           01           15
                                     7D           0B           5B           85
                                     E3           13           8B           0B
                                     B2           85           C1           11
                                     95           0C           3E           85
                                     AB           0F           A3           0D
                                     31           85           A6           0E
                                     16           0D           DF
      2026-01-14 23:09:14  1         B6           09           85           A4
                                     0C           E9           0E           8E
                                     85           99           0B           9E
                                     0E           B2           85           9A
                                     0A           EC           0F           38
                                     85           9D           0A           24
                                     0F           94           85           9D
                                     09           64           10
      2026-01-14 23:09:56  1         63           0A           54           85
                                     A3           08           94           11
                                     17           85           AA           07
                                     CF           11           84           85
                                     AF           07           6B           12
                                     02           85           A8           07
                                     09           12           59           85
                                     A1           06           A8
      2026-01-14 23:10:38  1         C4           0B           12           BF
                                     85           98           06           46
                                     13           52           85           8A
                                     05           D6           14           11
                                     85           83           05           78
                                     15           19           85           84
                                     05           12           17           75
                                     85           7F           04
      2026-01-14 23:11:20  1         A1           0C           AD           18
                                     12           85           82           04
                                     4A           19           0E           85
                                     78           03           E5           1A
                                     3A           85           67           03
                                     89           1B           83           85
                                     4C           03           1E           1D
                                     3D           85           33
      2026-01-14 23:12:02  1         7F           0D           02           BD
                                     1D           91           85           36
                                     02           5B           1D           B5
                                     85           37           01           F5
                                     1D           C5           85           37
                                     01           C8           1D           CE
                                     85           37           01           91
                                     1D           DE           85
      2026-01-14 23:12:44  1         41           0E           38           01
                                     62           1D           E0           85
                                     39           01           2B           1D
                                     E6           85           37           00
                                     F4           1D           E4           85
                                     38           00           CA           1D
                                     E4           85           38           00
                                     95           1D           E4
      2026-01-14 23:13:26  1         C3           0F           85           38
                                     00           5F           1D           E4
                                     85           38           00           2C
                                     00           06           00           00
                                     06           04           2C           50
                                     60           61           62           FF
                                     FF           FF           FF           FF
                                     FF           FF           FF
      2026-01-14 23:14:11  1         BF           01           02           02
                                     F4           49           3A           80
                                     01           00           FF           FA
                                     FC           9C           4D           17
                                     00           00           00           00
                                     92           04           89           35
                                     79           C5           8F           50
                                     0C           03           22
      2026-01-14 23:14:50  2         81           02           89           D0
                                     67           69           01           62
                                     03           00           D9           0A
                                     39           27           02           00
                                     09           00           3D           0A
                                     26           27           24           0A
                                     4D           26           E0           26
                                     16           27           A5
      2026-01-14 23:15:32  1         F0           03           53           79
                                     08           FB           0A           37
                                     87           2E           26           D0
                                     08           63           88           02
                                     4A           30           08           B8
                                     87           FF           46           51
                                     09           05           87           F8
                                     42           68           09
      2026-01-14 23:16:14  2         15           04           5B           87
                                     F1           3E           7D           09
                                     82           87           D6           3A
                                     92           09           7E           87
                                     B7           36           B4           09
                                     74           87           A6           34
                                     BE           09           C8           87
                                     9F           32           C8
      2026-01-14 23:16:56  2         BA           05           0A           18
                                     87           9D           30           D6
                                     09           EB           87           84
                                     2E           E2           0A           29
                                     87           76           2C           EE
                                     0A           51           87           61
                                     2A           F4           0A           1E
                                     87           3F           29
02602 152382  11 31 3 2 2026-01-14 23:43:32 -47.771  -17.399  0.000 401649604
      2026-01-14 23:40:02  1         61           08           01           15
                                     7D           0B           5B           85
                                     E3           13           8B           0B
                                     B2           85           C1           11
                                     95           0C           3E           85
                                     AB           0F           A3           0D
                                     31           85           A6           0E
                                     16           0D           DF
      2026-01-14 23:40:44  1         B6           09           85           A4
                                     0C           E9           0E           8E
                                     85           99           0B           9E
                                     0E           B2           85           9A
                                     0A           EC           0F           38
                                     85           9D           0A           24
                                     0F           94           85           9D
                                     09           64           10
      2026-01-14 23:41:26  1         63           0A           54           85
                                     A3           08           94           11
                                     17           85           AA           07
                                     CF           11           84           85
                                     AF           07           6B           12
                                     02           85           A8           07
                                     09           12           59           85
                                     A1           06           A8
      2026-01-14 23:42:08  1         C4           0B           12           BF
                                     85           98           06           46
                                     13           52           85           8A
                                     05           D6           14           11
                                     85           83           05           78
                                     15           19           85           84
                                     05           12           17           75
                                     85           7F           04
      2026-01-14 23:42:50  1         A1           0C           AD           18
                                     12           85           82           04
                                     4A           19           0E           85
                                     78           03           E5           1A
                                     3A           85           67           03
                                     89           1B           83           85
                                     4C           03           1E           1D
                                     3D           85           33
      2026-01-14 23:43:32  1         7F           0D           02           BD
                                     1D           91           85           36
                                     02           5B           1D           B5
                                     85           37           01           F5
                                     1D           C5           85           37
                                     01           C8           1D           CE
                                     85           37           01           91
                                     1D           DE           85
      2026-01-14 23:44:14  1         41           0E           38           01
                                     62           1D           E0           85
                                     39           01           2B           1D
                                     E6           85           37           00
                                     F4           1D           E4           85
                                     38           00           CA           1D
                                     E4           85           38           00
                                     95           1D           E4
      2026-01-14 23:44:56  1         C3           0F           85           38
                                     00           5F           1D           E4
                                     85           38           00           2C
                                     00           06           00           00
                                     06           04           2C           50
                                     60           61           62           FF
                                     FF           FF           FF           FF
                                     FF           FF           FF
      2026-01-14 23:45:41  1         A8           01           05           02
                                     F4           49           3A           80
                                     01           00           FF           FA
                                     FD           9C           4D           17
                                     00           00           00           00
                                     92           04           89           35
                                     79           C5           8F           53
                                     0D           03           65
      2026-01-14 23:46:20  1         81           02           89           D0
                                     67           69           01           62
                                     03           00           D9           0A
                                     39           27           02           00
                                     09           00           3D           0A
                                     26           27           24           0A
                                     4D           26           E0           26
                                     16           27           A5
      2026-01-14 23:47:02  1         30           03           53           7C
                                     08           FB           0A           37
                                     87           2E           26           D0
                                     08           63           88           02
                                     4A           30           08           B8
                                     87           FF           46           51
                                     09           05           87           F8
                                     42           68           09
02602 152382   6 31 B 2 2026-01-15 00:09:59 -47.774  -17.405  0.000 401649606
      2026-01-15 00:07:20  1         81           02           89           D0
                                     67           69           01           62
                                     03           00           D9           0A
                                     39           27           02           00
                                     09           00           3D           0A
                                     26           27           24           0A
                                     4D           26           E0           26
                                     16           27           A5
      2026-01-15 00:08:02  1         7F           03           53           7D
                                     08           FB           0A           37
                                     87           2E           26           D0
                                     08           63           88           02
                                     4A           30           08           B8
                                     87           FF           46           51
                                     09           05           87           F8
                                     42           68           09
      2026-01-15 00:09:26  1         BA           05           0A           18
                                     86           9D           30           D6
                                     09           EB           87           84
                                     2E           62           0A           BF
                                     3C           C4           78           E6
                                     4A           51           07           61
                                     2A           F4           0A           1E
                                     87           3F           29
      2026-01-15 00:11:32  1         61           08           09           05
                                     7D           0B           5B           85
                                     E8           13           89           0B
                                     B2           8D           C5           11
                                     1F           06           56           6A
                                     C5           15           11           CA
                                     9C           91           7F           0A
                                     5E           CF           DF
      2026-01-15 00:13:38  1         C4           0B           12           BF
                                     85           98           06           4E
                                     13           52           85           8A
                                     05           D6           14           11
                                     87           83           25           78
                                     15           19           85           84
                                     05           12           17           75
                                     85           7F           04
      2026-01-15 00:15:44  1         41           0E           38           01
                                     62           19           E0           85
                                     78           00           2A           1D
                                     F6           85           37           00
                                     F4           1D           EC           85
                                     38           00           CA           1D
                                     E0           90           30           04
                                     AD           3C           24
02602 152382  17 31 C 3 2026-01-15 00:43:44 -47.786  -17.408  0.000 401649606
      2026-01-15 00:44:26  1         63           0A           54           85
                                     A3           08           94           11
                                     17           85           AA           07
                                     CF           11           84           85
                                     AF           07           6B           12
                                     02           85           A8           07
                                     09           12           59           85
                                     A1           06           A8
      2026-01-15 00:45:50  1         A1           0C           AD           18
                                     12           85           82           04
                                     4A           19           0E           85
                                     78           03           E5           1A
                                     3A           85           67           03
                                     89           1B           83           85
                                     4C           03           1E           1D
                                     3D           85           33
      2026-01-15 00:46:32  1         7F           0D           02           BD
                                     1D           91           85           36
                                     02           5B           1D           B5
                                     85           37           01           F5
                                     1D           C5           85           37
                                     01           C8           1D           CE
                                     85           37           01           91
                                     1D           DE           85
      2026-01-15 00:47:14  1         41           0E           38           01
                                     62           1D           E0           85
                                     39           01           2B           1D
                                     E6           85           37           00
                                     F4           1D           E4           85
                                     38           00           CA           1D
                                     E4           85           38           00
                                     95           1D           E4
      2026-01-15 00:47:56  1         C3           0F           85           38
                                     00           5F           1D           E4
                                     85           38           00           2C
                                     00           06           00           00
                                     06           04           2C           50
                                     60           61           62           FF
                                     FF           FF           FF           FF
                                     FF           FF           FF
      2026-01-15 00:48:41  1         7C           01           0B           02
                                     F4           49           3A           80
                                     01           00           FF           FA
                                     FC           9C           4D           17
                                     00           00           00           00
                                     92           04           89           35
                                     79           C5           8F           53
                                     0D           03           65
      2026-01-15 00:49:20  1         81           02           89           D0
                                     67           69           01           62
                                     03           00           D9           0A
                                     39           27           02           00
                                     09           00           3D           0A
                                     26           27           24           0A
                                     4D           26           E0           26
                                     16           27           A5
      2026-01-15 00:50:02  1         90           03           53           7B
                                     08           FB           0A           37
                                     87           2E           26           D0
                                     08           63           C8           02
                                     4A           30           08           B8
                                     83           FF           56           51
                                     09           05           87           F8
                                     42           68           09
      2026-01-15 00:52:08  1         8B           06           09           0A
                                     41           87           2C           27
                                     12           0A           2C           87
                                     0B           25           1C           0A
                                     74           86           FA           23
                                     2A           0A           78           86
                                     DB           21           38           0A
                                     D8           8B           38
      2026-01-15 00:52:50  1         D0           07           1F           34
                                     08           DE           86           94
                                     1D           51           0A           A1
                                     86           79           1B           5C
                                     0A           C3           86           4B
                                     19           64           0A           EC
                                     86           29           17           5D
                                     0B           2D           86
      2026-01-15 00:53:32  2         61           08           01           15
                                     7D           0B           5B           85
                                     E3           13           8B           0B
                                     B2           85           C1           11
                                     95           0C           3E           85
                                     AB           0F           A3           0D
                                     31           85           A6           0E
                                     16           0D           DF
      2026-01-15 00:54:14  2         B6           09           85           A4
                                     0C           E9           0E           8E
                                     85           99           0B           9E
                                     0E           B2           85           9A
                                     0A           EC           0F           38
                                     85           9D           0A           24
                                     0F           94           85           9D
                                     09           64           10
      2026-01-15 00:54:56  1         63           0A           54           85
                                     A3           08           94           11
                                     17           85           AA           07
                                     CF           15           84           85
                                     AF           07           6B           12
                                     00           85           A0           07
                                     09           12           59           85
                                     A1           06           A8
      2026-01-15 00:55:38  2         C4           0B           12           BF
                                     85           98           06           46
                                     13           52           85           8A
                                     05           D6           14           11
                                     85           83           05           78
                                     15           19           85           84
                                     05           12           17           75
                                     85           7F           04
02602 152382  19 31 3 3 2026-01-15 01:22:20 -47.788  -17.397  0.000 401649607
      2026-01-15 01:15:56  1         63           0A           54           85
                                     A3           08           94           11
                                     17           85           AA           07
                                     CF           11           84           85
                                     AF           06           6B           12
                                     02           85           A8           07
                                     09           12           59           85
                                     A1           06           A9
      2026-01-15 01:16:38  1         C4           0B           12           BF
                                     85           98           06           46
                                     13           52           85           8A
                                     05           D6           14           11
                                     85           83           05           78
                                     15           19           85           84
                                     05           12           17           75
                                     85           7F           04
      2026-01-15 01:19:26  1         C3           0F           85           38
                                     00           5F           1D           E4
                                     85           38           00           2C
                                     00           06           00           00
                                     06           04           2C           50
                                     60           61           62           FF
                                     FF           FF           FF           FF
                                     FF           FF           FF
      2026-01-15 01:20:11  1         1C           01           0E           02
                                     F4           49           3A           80
                                     01           00           FF           FA
                                     FC           9C           4D           17
                                     00           00           00           00
                                     92           04           89           35
                                     79           C5           8F           53
                                     0D           03           65
      2026-01-15 01:20:50  1         81           02           89           D0
                                     67           69           01           62
                                     03           00           D9           0A
                                     39           27           02           00
                                     09           00           3D           0A
                                     26           27           24           0A
                                     4D           26           E0           26
                                     16           27           A5
      2026-01-15 01:21:32  1         7F           03           7B           FD
                                     00           FB           0A           37
                                     87           2E           26           D0
                                     08           63           88           02
                                     4A           30           08           B8
                                     87           FF           46           51
                                     09           05           87           F8
                                     42           68           09
      2026-01-15 01:22:14  1         15           04           5B           87
                                     F1           3E           7D           09
                                     82           87           D6           3A
                                     92           09           7E           87
                                     B7           36           B4           09
                                     74           87           A6           34
                                     BE           09           C8           87
                                     9F           32           C8
      2026-01-15 01:22:56  1         BA           05           0A           18
                                     87           9D           30           D6
                                     09           EB           87           84
                                     2E           E2           0A           29
                                     87           76           2C           EE
                                     0A           51           87           61
                                     2A           F4           0A           1E
                                     87           3F           29
      2026-01-15 01:23:38  1         8B           06           09           0A
                                     41           87           2C           27
                                     12           0A           2C           87
                                     0B           25           1C           0A
                                     74           86           FA           23
                                     2A           0A           78           86
                                     DB           21           38           0A
                                     59           86           BA
      2026-01-15 01:24:20  1         D0           07           1F           34
                                     0A           56           86           94
                                     1D           51           0A           A1
                                     86           79           1B           5C
                                     0A           C3           86           4B
                                     19           64           0A           EC
                                     86           29           17           5D
                                     0B           2D           86
      2026-01-15 01:25:02  1         61           08           01           15
                                     7D           0B           5B           85
                                     E3           13           8B           0B
                                     B2           85           C1           11
                                     95           0C           3E           85
                                     AB           0F           A3           0D
                                     31           85           A6           0E
                                     16           0D           DF
      2026-01-15 01:25:44  1         B6           09           85           A4
                                     0C           E9           0E           8E
                                     85           99           0B           9E
                                     0E           B2           85           9A
                                     0A           EC           0F           38
                                     85           9D           0A           24
                                     0F           94           85           9D
                                     09           64           10
      2026-01-15 01:26:26  1         63           0A           54           85
                                     A3           08           94           11
                                     17           85           AA           07
                                     CF           11           84           85
                                     AF           07           6B           12
                                     02           85           A8           07
                                     09           12           59           85
                                     A1           06           A8
      2026-01-15 01:27:50  2         A1           0C           AD           18
                                     12           85           82           04
                                     4A           19           0E           85
                                     78           03           E5           1A
                                     3A           85           67           03
                                     89           1B           83           85
                                     4C           03           1E           1D
                                     3D           85           33
      2026-01-15 01:28:32  2         7F           0D           02           BD
                                     1D           91           85           36
                                     02           5B           1D           B5
                                     85           37           01           F5
                                     1D           C5           85           37
                                     01           C8           1D           CE
                                     85           37           01           91
                                     1D           DE           85
      2026-01-15 01:29:14  2         41           0E           38           01
                                     62           1D           E0           85
                                     39           01           2B           1D
                                     E6           85           37           00
                                     F4           1D           E4           85
                                     38           00           CA           1D
                                     E4           85           38           00
                                     95           1D           E4
02602 152382   3 31 C
      2026-01-15 02:26:38  1         8B           06           09           0A
                                     41           87           2C           27
                                     12           0A           2C           87
                                     0B           25           1C           0A
                                     74           86           FA           23
                                     2A           0A           78           86
                                     DB           21           38           0A
                                     59           86           BA
      2026-01-15 02:27:20  1         D0           07           1F           34
                                     0A           56           86           94
                                     1D           51           0A           A1
                                     86           79           1B           5C
                                     0A           C3           86           4B
                                     19           64           0A           EC
                                     86           29           17           5D
                                     0B           2D           86
      2026-01-15 02:28:02  1         61           08           01           15
                                     7D           0B           5B           85
                                     A3           13           8B           0B
                                     B2           05           C1           11
                                     95           0C           3E           85
                                     AB           8F           A3           0D
                                     31           85           A6           0E
                                     96           0D           DF
02602 152382  18 31 3 3 2026-01-15 03:01:17 -47.807  -17.396  0.000 401649607
      2026-01-15 02:56:02  1         7F           03           53           7D
                                     08           FB           0A           37
                                     87           2E           26           D0
                                     08           63           88           02
                                     4A           30           08           B8
                                     87           FF           46           51
                                     09           05           87           F8
                                     42           68           09
      2026-01-15 02:57:26  1         BA           05           0A           18
                                     87           9D           30           D6
                                     09           EB           87           84
                                     2E           E2           0A           29
                                     87           76           2C           EE
                                     0A           51           87           61
                                     2A           F4           0A           1E
                                     87           3F           29
      2026-01-15 02:58:08  1         8B           06           09           0A
                                     41           87           2C           27
                                     12           0A           2C           87
                                     0B           25           1C           0A
                                     74           86           FA           23
                                     2A           0A           78           86
                                     DB           21           38           0A
                                     59           86           BA
      2026-01-15 02:58:50  1         D0           07           1F           34
                                     0A           56           86           94
                                     1D           51           0A           A1
                                     87           7D           9B           5C
                                     0A           C3           86           4B
                                     19           64           0A           EC
                                     86           29           17           5D
                                     0B           2D           86
      2026-01-15 02:59:32  1         61           08           01           15
                                     7D           0B           5B           85
                                     E3           13           8B           0B
                                     B2           85           C1           11
                                     95           0C           3E           85
                                     AB           0F           A3           0D
                                     31           85           A6           0E
                                     16           0D           DF
      2026-01-15 03:00:14  1         B6           09           85           A4
                                     0C           E9           0E           8E
                                     85           99           0B           9E
                                     0E           B2           85           9A
                                     0A           EC           0F           38
                                     85           9D           0A           24
                                     0F           94           85           9D
                                     09           64           10
      2026-01-15 03:00:56  1         63           0A           54           85
                                     A3           08           94           11
                                     17           85           AA           07
                                     CF           11           84           85
                                     AF           07           6B           12
                                     02           85           A8           07
                                     09           12           59           85
                                     A1           06           A8
      2026-01-15 03:01:38  1         C4           0B           12           BF
                                     85           98           06           46
                                     13           52           85           8A
                                     05           D6           14           11
                                     85           83           05           78
                                     15           19           85           84
                                     05           12           17           75
                                     85           7F           04
      2026-01-15 03:02:20  1         A1           0C           AD           18
                                     12           85           82           04
                                     4A           19           0E           85
                                     78           03           E5           1A
                                     3A           85           67           03
                                     89           1B           83           85
                                     4C           03           1E           1D
                                     3D           85           33
      2026-01-15 03:03:02  1         7F           0D           02           BD
                                     1D           91           85           36
                                     02           5B           1D           B5
                                     EF           37           01           F5
                                     1D           C5           85           37
                                     01           C8           1D           CE
                                     85           37           01           91
                                     1D           DE           85
      2026-01-15 03:03:44  1         41           0E           38           01
                                     62           1D           E0           85
                                     39           01           2B           1D
                                     E6           85           37           00
                                     F4           1D           E4           85
                                     38           00           CA           1D
                                     E4           85           38           00
                                     95           1D           E4
      2026-01-15 03:04:26  1         C3           0F           85           38
                                     00           5F           1D           E4
                                     85           38           00           2C
                                     00           06           00           00
                                     06           04           2C           50
                                     60           61           62           FF
                                     FF           FF           FF           FF
                                     FF           FF           FF
      2026-01-15 03:05:11  1         FE           01           18           02
                                     F4           49           3A           80
                                     01           00           FF           FA
                                     FC           9C           4D           17
                                     00           00           00           00
                                     92           04           89           35
                                     79           C5           8F           53
                                     0D           03           65
      2026-01-15 03:05:50  2         81           02           89           D0
                                     67           69           01           62
                                     03           00           D9           0A
                                     39           27           02           00
                                     09           00           3D           0A
                                     26           27           24           0A
                                     4D           26           E0           26
                                     16           27           A5
      2026-01-15 03:06:32  1         90           03           53           7B
                                     08           FB           0A           37
                                     87           2E           26           D0
                                     08           63           88           02
                                     4A           30           08           B8
                                     87           FF           46           51
                                     09           05           87           F8
                                     42           68           09
      2026-01-15 03:07:14  2         15           04           5B           87
                                     F1           3E           7D           09
                                     82           87           D6           3A
                                     92           09           7E           87
                                     B7           36           B4           09
                                     74           87           A6           34
                                     BE           09           C8           87
                                     9F           32           C8
02602 152382   6 31 3
      2026-01-15 04:35:26  1         63           0A           54           85
                                     A3           08           94           11
                                     17           85           AA           07
                                     CF           11           84           85
                                     AF           07           6B           12
                                     02           85           A8           07
                                     09           12           59           85
                                     A1           06           A8
      2026-01-15 04:36:08  1         C4           0B           12           BF
                                     85           98           06           46
                                     13           52           85           8A
                                     05           D6           14           11
                                     85           83           05           78
                                     15           19           85           84
                                     05           12           17           75
                                     85           7F           04
      2026-01-15 04:36:50  1         A1           0C           AD           18
                                     12           85           82           04
                                     4A           19           0E           85
                                     78           03           E5           1A
                                     3A           85           67           03
                                     89           1B           83           85
                                     4C           03           1E           1D
                                     3D           85           33
      2026-01-15 04:37:32  1         7F           0D           02           BD
                                     1D           91           85           36
                                     02           5B           1D           B5
                                     85           37           01           F5
                                     1D           C5           85           37
                                     01           C8           1D           CE
                                     85           37           01           91
                                     1D           DE           85
      2026-01-15 04:38:14  1         41           0E           38           01
                                     62           1D           E0           85
                                     39           01           2B           1D
                                     E6           85           37           00
                                     F4           1D           E4           85
                                     38           00           CA           1D
                                     E4           85           38           00
                                     95           1D           E4
      2026-01-15 04:39:41  1         B7           01           21           02
                                     F4           49           3A           80
                                     01           00           FF           FA
                                     FC           9C           4D           17
                                     00           00           00           00
                                     92           04           89           35
                                     79           C5           8F           53
                                     0D           03           65
02602 152382  14 31 R 2 2026-01-15 05:44:41 -47.834  -17.384  0.000 401649604
      2026-01-15 05:39:50  1         A1           0C           ED           18
                                     12           85           82           04
                                     4A           19           0E           85
                                     38           03           E5           1A
                                     3A           85           67           03
                                     89           9B           83           8D
                                     4C           03           1E           1D
                                     3D           8D           33
      2026-01-15 05:40:32  1         7F           0D           02           BD
                                     1D           91           85           36
                                     02           5B           1D           B5
                                     85           37           01           F5
                                     1D           C5           85           37
                                     01           C8           1D           CE
                                     85           37           01           91
                                     1D           DE           85
      2026-01-15 05:41:14  1         41           0E           38           01
                                     62           1D           E0           85
                                     39           01           2B           1D
                                     E6           85           37           00
                                     F4           1D           E4           85
                                     38           00           CA           1D
                                     E4           85           38           00
                                     95           1D           E4
      2026-01-15 05:41:56  1         C3           0F           85           38
                                     00           5F           1D           E4
                                     85           38           00           2C
                                     00           06           00           00
                                     06           04           2C           50
                                     60           61           62           FF
                                     FF           FF           FF           FF
                                     FF           FF           FF
      2026-01-15 05:42:41  1         0B           01           27           02
                                     F4           49           3A           80
                                     01           00           FF           FA
                                     FD           9C           4D           17
                                     00           00           00           00
                                     92           04           89           35
                                     79           C5           8F           53
                                     0D           03           65
      2026-01-15 05:43:20  1         81           02           89           D0
                                     67           69           01           62
                                     03           00           D9           0A
                                     39           27           02           00
                                     09           00           3D           0A
                                     26           27           24           0A
                                     4D           26           E0           26
                                     16           27           A5
      2026-01-15 05:44:02  1         50           03           53           7E
                                     08           FB           0A           37
                                     87           2E           26           D0
                                     08           63           88           02
                                     4A           30           08           B8
                                     87           FF           46           51
                                     09           05           87           F8
                                     42           68           09
      2026-01-15 05:44:44  1         15           04           5B           87
                                     F1           3E           7D           09
                                     82           87           D6           3A
                                     92           09           7E           87
                                     B7           36           B4           09
                                     74           87           A6           34
                                     BE           09           C8           87
                                     9F           32           C8
      2026-01-15 05:46:08  1         8B           06           09           0A
                                     41           87           2C           27
                                     12           0A           2C           87
                                     0B           25           1C           0A
                                     74           86           FA           23
                                     2A           0A           78           86
                                     DB           21           38           0A
                                     59           86           BA
      2026-01-15 05:46:50  1         D0           07           1F           34
                                     0A           56           86           94
                                     1D           51           0A           A1
                                     86           79           1B           5C
                                     0A           C3           86           4B
                                     19           64           0A           EC
                                     86           29           17           5D
                                     0B           2D           86
      2026-01-15 05:47:32  1         61           08           01           15
                                     7D           0B           5B           85
                                     E3           13           8B           0B
                                     B2           85           C1           11
                                     95           0C           3E           85
                                     AB           0F           A3           0D
                                     31           85           A6           0E
                                     16           0D           DF
      2026-01-15 05:48:14  1         B6           09           85           A4
                                     0C           E9           0E           8E
                                     85           99           0B           9E
                                     0E           92           85           9A
                                     0A           EC           0F           38
                                     85           9D           0A           24
                                     0F           94           85           9D
                                     09           64           10
      2026-01-15 05:48:56  1         63           0A           54           85
                                     A3           08           94           11
                                     17           85           AA           07
                                     CF           11           84           85
                                     AF           07           6B           12
                                     02           85           A8           07
                                     09           12           59           85
                                     A1           06           A8
      2026-01-15 05:49:38  1         C4           0B           12           BF
                                     85           98           06           46
                                     13           56           85           02
                                     05           D6           14           11
                                     A5           83           05           78
                                     15           19           85           84
                                     05           12           17           75
                                     85           7F           04
02602 152389   9 31 B 1 2026-01-14 07:22:27 -54.108 -156.891  0.000 401649795
      2026-01-14 07:17:42  1         41           05           09           F7
                                     87           4A           30           D6
                                     0A           23           87           34
                                     2E           DF           0A           4F
                                     87           23           2C           F1
                                     0A           7E           87           0F
                                     2A           FC           0A           BD
                                     86           FD           29
      2026-01-14 07:18:26  1         B7           06           09           0A
                                     E1           86           E1           27
                                     0C           0B           29           86
                                     C9           25           07           0B
                                     8B           86           AE           23
                                     27           0C           14           86
                                     99           21           36           0C
                                     67           86           79
      2026-01-14 07:19:10  1         E3           07           1F           3F
                                     0C           B0           86           5B
                                     1D           50           0D           48
                                     86           3D           1B           58
                                     0D           AA           86           1B
                                     19           6A           0E           6C
                                     86           06           17           72
                                     0F           04           85
      2026-01-14 07:19:54  1         37           08           F2           15
                                     81           0F           B8           85
                                     D9           13           89           10
                                     36           85           B2           11
                                     96           11           07           85
                                     A6           0F           A3           12
                                     ED           85           CA           0E
                                     0E           12           09
      2026-01-14 07:20:38  1         25           09           85           94
                                     0C           E4           11           40
                                     85           5C           0B           BA
                                     11           B2           85           57
                                     0A           E9           11           EF
                                     85           4F           0A           24
                                     12           3A           85           4F
                                     09           5C           12
      2026-01-14 07:21:22  1         F6           0A           D4           85
                                     56           08           9B           13
                                     77           85           60           07
                                     D1           13           77           85
                                     5C           07           6E           14
                                     09           85           68           07
                                     0A           14           56           85
                                     6D           06           A7
      2026-01-14 07:22:06  1         4E           0B           14           C9
                                     85           75           06           42
                                     15           61           85           82
                                     05           DE           15           3B
                                     85           78           05           7B
                                     15           B3           85           80
                                     05           13           16           21
                                     85           8D           04
      2026-01-14 07:22:50  1         A2           0C           AC           16
                                     3A           85           89           04
                                     4F           16           48           85
                                     8B           03           EA           16
                                     87           85           94           03
                                     87           16           AC           85
                                     86           03           1F           17
                                     44           85           6F
      2026-01-14 07:23:34  1         19           0D           02           B9
                                     1A           FE           85           31
                                     02           53           1E           B1
                                     84           E8           01           F3
                                     1F           7A           84           E5
                                     01           C7           1F           80
                                     84           E8           01           92
                                     1F           8E           84
02602 152389  20 31 C 3 2026-01-14 08:01:41 -54.103 -156.850  0.000 401649799
      2026-01-14 07:49:14  1         85           03           50           79
                                     09           08           0A           E2
                                     86           E3           27           46
                                     08           2A           87           D4
                                     4A           37           08           76
                                     87           CA           46           53
                                     08           B7           87           BC
                                     42           6C           08
      2026-01-14 07:52:54  1         37           08           F2           15
                                     81           0F           B8           85
                                     D9           13           89           10
                                     36           85           B2           11
                                     96           11           07           85
                                     A6           0F           A3           12
                                     ED           85           CA           0E
                                     0E           12           09
      2026-01-14 07:53:38  1         25           09           85           94
                                     0C           E4           11           40
                                     85           5C           0B           BA
                                     11           B2           85           57
                                     0A           E9           11           EF
                                     85           4F           0A           24
                                     12           3A           85           4F
                                     09           5C           12
      2026-01-14 07:54:22  1         F6           0A           D4           85
                                     56           08           9B           13
                                     77           85           60           07
                                     D1           13           77           85
                                     5C           07           6E           14
                                     09           85           68           07
                                     0A           14           56           85
                                     6D           06           A7
      2026-01-14 07:55:06  1         4E           0B           14           C9
                                     85           75           06           42
                                     15           61           85           82
                                     05           DE           15           3B
                                     85           78           05           7B
                                     15           B3           85           80
                                     05           13           16           21
                                     85           8D           04
      2026-01-14 07:55:50  1         A2           0C           AC           16
                                     3A           85           89           04
                                     4F           16           48           85
                                     8B           03           EA           16
                                     87           85           94           03
                                     87           16           AC           85
                                     86           03           1F           17
                                     44           85           6F
      2026-01-14 07:56:34  1         19           0D           02           B9
                                     1A           FE           85           31
                                     02           53           1E           B1
                                     84           E8           01           F3
                                     1F           7A           84           E5
                                     01           C7           1F           80
                                     84           E8           01           92
                                     1F           8E           84
      2026-01-14 07:57:18  1         97           0E           EA           01
                                     64           1F           95           84
                                     E9           01           2C           1F
                                     C8           84           E4           00
                                     F8           1F           D8           84
                                     E1           00           C0           1F
                                     E9           84           DF           00
                                     93           1F           E8
      2026-01-14 07:58:02  1         38           0F           84           E0
                                     00           66           1F           E6
                                     84           E0           00           27
                                     00           06           00           00
                                     06           04           2B           50
                                     60           62           63           FF
                                     FF           FF           FF           FF
                                     FF           FF           FF
      2026-01-14 07:58:49  1         BA           01           05           03
                                     1B           49           3A           80
                                     01           00           FF           FD
                                     FD           A3           54           1E
                                     00           00           00           00
                                     91           05           88           37
                                     77           C8           8F           4B
                                     0F           03           DE
      2026-01-14 07:59:30  1         BA           02           46           F2
                                     66           69           01           61
                                     02           00           D8           0A
                                     EC           27           51           00
                                     0B           00           22           0A
                                     D7           27           42           0B
                                     23           26           88           26
                                     7B           27           94
      2026-01-14 08:00:14  1         75           03           50           7D
                                     09           08           0A           E2
                                     86           E3           27           46
                                     08           2A           87           D4
                                     4A           37           08           76
                                     87           CA           46           53
                                     08           B7           87           BC
                                     42           6C           08
      2026-01-14 08:00:58  2         0E           04           F9           87
                                     AC           3E           84           09
                                     40           87           96           3A
                                     99           09           84           87
                                     7C           36           B2           09
                                     A9           87           6C           34
                                     BD           09           CD           87
                                     5C           32           C6
      2026-01-14 08:01:42  2         41           05           09           F7
                                     87           4A           30           D6
                                     0A           23           87           34
                                     2E           DF           0A           4F
                                     87           23           2C           F1
                                     0A           7E           87           0F
                                     2A           FC           0A           BD
                                     86           FD           29
      2026-01-14 08:02:26  2         B7           06           09           0A
                                     E1           86           E1           27
                                     0C           0B           29           86
                                     C9           25           07           0B
                                     8B           86           AE           23
                                     27           0C           14           86
                                     99           21           36           0C
                                     67           86           79
      2026-01-14 08:03:10  2         E3           07           1F           3F
                                     0C           B0           86           5B
                                     1D           50           0D           48
                                     86           3D           1B           58
                                     0D           AA           86           1B
                                     19           6A           0E           6C
                                     86           06           17           72
                                     0F           04           85
02602 152389  12 31 3 2 2026-01-14 08:45:19 -54.107 -156.838  0.000 401649801
      2026-01-14 08:41:18  1         97           0E           EA           11
                                     76           1F           D7           84
                                     E9           01           04           1F
                                     C1           A0           E4           40
                                     B8           1F           D8           84
                                     F1           00           C0           1F
                                     E9           84           5F           00
                                     93           1F           E8
      2026-01-14 08:42:02  1         38           0F           84           E0
                                     00           66           1F           E6
                                     84           E0           00           27
                                     00           06           00           00
                                     06           04           2B           50
                                     60           62           63           FF
                                     FF           FF           FF           FF
                                     FF           FF           FF
      2026-01-14 08:42:49  1         5E           01           09           03
                                     1B           49           3A           80
                                     01           00           FF           FD
                                     FC           A3           54           1E
                                     00           00           00           00
                                     91           05           88           37
                                     77           C8           8F           4B
                                     0F           03           DE
      2026-01-14 08:43:30  1         BA           02           46           F2
                                     66           69           01           61
                                     02           00           D8           0A
                                     EC           27           51           00
                                     0B           00           22           0A
                                     D7           27           42           0B
                                     23           26           88           26
                                     7B           27           94
      2026-01-14 08:44:14  1         C5           03           50           7B
                                     09           08           0A           E2
                                     86           E3           27           46
                                     08           2A           87           D4
                                     4A           37           08           76
                                     87           CA           46           53
                                     08           B7           87           BC
                                     42           6C           08
      2026-01-14 08:44:58  1         0E           04           F9           87
                                     AC           3E           84           09
                                     40           87           96           3A
                                     99           09           A4           87
                                     7C           36           B2           09
                                     A9           87           6C           34
                                     BD           09           CD           87
                                     5C           32           C6
      2026-01-14 08:45:42  1         41           05           09           F7
                                     87           4A           30           D6
                                     0A           23           87           34
                                     2E           DF           0A           4F
                                     87           23           2C           F1
                                     0A           7E           87           0F
                                     2A           FC           0A           BD
                                     86           FD           29
      2026-01-14 08:46:26  1         B7           06           09           0A
                                     E1           86           E1           27
                                     0C           0B           29           86
                                     C9           25           07           0B
                                     8B           86           AE           23
                                     27           0C           14           86
                                     99           21           36           0C
                                     67           86           79
      2026-01-14 08:47:10  1         E3           07           1F           3F
                                     0C           B0           86           5B
                                     1D           50           0D           48
                                     86           3D           1B           58
                                     0D           AA           86           1B
                                     19           6A           0E           6C
                                     86           06           17           72
                                     0F           04           85
      2026-01-14 08:47:54  1         37           08           F2           15
                                     81           0F           B8           85
                                     D9           13           89           10
                                     36           85           B2           11
                                     96           11           07           85
                                     A6           0F           A3           12
                                     ED           85           CA           0E
                                     0E           12           09
      2026-01-14 08:48:38  1         25           09           85           94
                                     0C           E4           11           40
                                     85           5C           0B           BA
                                     11           B2           85           57
                                     0A           E9           11           EF
                                     85           4F           0A           24
                                     12           3A           85           4F
                                     09           5C           12
      2026-01-14 08:49:22  1         F6           0A           D4           85
                                     56           08           9B           13
                                     77           85           64           07
                                     D1           17           77           95
                                     5C           07           6E           14
                                     09           85           68           07
                                     0A           15           56           85
                                     6D           86           A7
02602 152389  15 31 B 3 2026-01-14 08:51:55 -54.101 -156.830  0.000 401649800
      2026-01-14 08:53:02  1         38           0F           84           E0
                                     00           66           1F           E6
                                     84           E0           00           27
                                     00           06           00           00
                                     06           04           2B           50
                                     60           62           63           FF
                                     FF           FF           FF           FF
                                     FF           FF           FF
      2026-01-14 08:54:30  1         BA           02           46           F2
                                     66           69           01           61
                                     02           00           D8           0A
                                     EC           27           51           00
                                     0B           00           22           0A
                                     D7           27           42           0B
                                     23           26           88           26
                                     7B           27           94
      2026-01-14 08:55:14  1         45           03           50           7C
                                     09           08           0A           E2
                                     86           E3           27           47
                                     08           2A           87           D4
                                     4A           37           08           76
                                     87           CA           46           53
                                     08           B7           87           BC
                                     42           6C           08
      2026-01-14 08:55:58  1         0E           04           F9           87
                                     AC           3E           84           09
                                     40           87           96           3A
                                     99           09           84           87
                                     7C           36           B2           09
                                     A9           87           6C           34
                                     BD           09           CD           87
                                     5C           32           C6
      2026-01-14 08:56:42  1         41           05           09           F7
                                     87           4A           30           D6
                                     0A           23           87           34
                                     2E           DF           0A           4F
                                     87           23           2C           F1
                                     0A           7E           87           0F
                                     2A           FC           0A           BD
                                     86           FD           3F
      2026-01-14 08:57:26  1         B7           06           09           0A
                                     E1           86           E1           27
                                     0C           0B           29           86
                                     C9           25           07           0B
                                     8B           86           AE           23
                                     27           0C           14           86
                                     99           21           36           0C
                                     67           86           79
      2026-01-14 09:00:22  1         F6           0A           D4           85
                                     56           08           9B           13
                                     77           85           60           07
                                     D1           13           77           85
                                     5C           07           6E           14
                                     09           85           68           07
                                     0A           14           56           85
                                     6D           06           A7
      2026-01-14 09:01:06  1         4E           0B           14           C9
                                     85           75           06           42
                                     15           61           85           82
                                     05           DE           15           3B
                                     85           78           05           7B
                                     15           B3           85           80
                                     05           13           16           21
                                     85           8D           04
      2026-01-14 09:01:50  1         A2           0C           AC           16
                                     3A           85           89           04
                                     4F           16           48           85
                                     8B           03           EA           16
                                     87           85           94           03
                                     87           16           AC           85
                                     86           03           1F           17
                                     44           85           6F
      2026-01-14 09:02:34  2         19           0D           02           B9
                                     1A           FE           85           31
                                     02           53           1E           B1
                                     84           E8           01           F3
                                     1F           7A           84           E5
                                     01           C7           1F           80
                                     84           E8           01           92
                                     1F           8E           84
      2026-01-14 09:03:18  2         97           0E           EA           01
                                     64           1F           95           84
                                     E9           01           2C           1F
                                     C8           84           E4           00
                                     F8           1F           D8           84
                                     E1           00           C0           1F
                                     E9           84           DF           00
                                     93           1F           E8
      2026-01-14 09:04:02  1         38           0F           84           E0
                                     00           66           1F           E6
                                     84           E0           00           27
                                     00           06           00           00
                                     06           04           2B           50
                                     60           62           63           FF
                                     FF           FF           9D           FF
                                     FD           EF           FF
      2026-01-14 09:04:49  1         6E           01           0B           03
                                     1B           49           3A           80
                                     01           00           FF           FD
                                     FC           A3           54           1E
                                     00           00           00           00
                                     91           05           88           37
                                     77           C8           8F           4B
                                     0F           03           DE
02602 152389  19 31 C 3 2026-01-14 09:29:19 -54.100 -156.827  0.000 401649800
      2026-01-14 09:28:58  1         0E           04           F9           87
                                     AC           3E           84           09
                                     40           87           96           3A
                                     99           09           84           87
                                     7C           36           B2           09
                                     A9           87           6C           34
                                     BD           0B           CD           87
                                     5C           32           C6
      2026-01-14 09:29:42  1         41           05           09           F7
                                     87           4A           30           D6
                                     0A           23           87           34
                                     2E           DF           0A           4F
                                     87           23           2C           F1
                                     0A           7E           87           0F
                                     2A           FC           0A           BD
                                     86           FD           29
      2026-01-14 09:33:22  1         F6           0A           D4           85
                                     56           08           9B           13
                                     77           85           60           07
                                     D1           13           77           85
                                     5C           07           6E           14
                                     09           85           68           07
                                     0A           14           56           85
                                     6D           06           A7
      2026-01-14 09:34:06  1         4E           0B           14           C9
                                     85           75           06           42
                                     15           61           85           82
                                     05           DE           15           3B
                                     85           78           05           7B
                                     15           B3           85           80
                                     05           13           16           21
                                     85           8D           04
      2026-01-14 09:34:50  1         A2           0C           AC           16
                                     3A           85           89           04
                                     4F           16           48           85
                                     8B           03           EA           16
                                     87           85           94           03
                                     87           16           AC           85
                                     86           03           1F           17
                                     44           85           6F
      2026-01-14 09:35:34  1         19           0D           02           B9
                                     1A           FE           85           31
                                     02           53           1E           B1
                                     84           E8           01           F3
                                     1F           7A           84           E5
                                     01           C7           1F           80
                                     84           E8           01           92
                                     1F           8E           84
      2026-01-14 09:36:18  1         97           0E           EA           01
                                     64           1F           95           84
                                     E9           01           2C           1F
                                     C8           84           E4           00
                                     F8           1F           D8           84
                                     E1           00           C0           1F
                                     E9           84           DF           00
                                     93           1F           E8
      2026-01-14 09:37:02  1         38           0F           84           E0
                                     00           66           1F           E6
                                     84           E0           00           27
                                     00           06           00           00
                                     06           04           2B           50
                                     60           62           63           FF
                                     FF           FF           FF           FF
                                     FF           FF           FF
      2026-01-14 09:37:49  1         0E           01           0E           03
                                     1B           49           3A           80
                                     01           00           FF           FD
                                     FC           A3           54           1E
                                     00           00           00           00
                                     91           05           88           37
                                     77           C8           8F           4B
                                     0F           03           DE
      2026-01-14 09:38:30  1         BA           02           46           F2
                                     66           69           01           61
                                     02           00           D8           0A
                                     EC           27           51           00
                                     0B           00           22           0A
                                     D7           27           42           0B
                                     23           26           88           26
                                     7B           27           94
      2026-01-14 09:39:14  1         C5           03           50           7B
                                     09           08           0A           E2
                                     86           E3           27           46
                                     08           2A           87           D4
                                     4A           37           08           76
                                     87           CA           46           53
                                     08           B7           87           BC
                                     42           6C           08
      2026-01-14 09:39:58  1         0E           04           F9           87
                                     AC           3E           84           09
                                     40           87           96           3A
                                     99           09           84           87
                                     7C           36           B2           09
                                     A9           87           6C           34
                                     BD           09           CD           87
                                     5C           32           C6
      2026-01-14 09:40:42  1         41           05           09           F7
                                     87           4A           30           D6
                                     0A           23           87           34
                                     2E           DF           0A           4F
                                     87           23           2C           F1
                                     0A           7E           87           0F
                                     2A           FC           0A           BD
                                     82           7D           29
      2026-01-14 09:42:10  2         E3           07           1F           3F
                                     0C           B0           86           5B
                                     1D           50           0D           48
                                     86           3D           1B           58
                                     0D           AA           86           1B
                                     19           6A           0E           6C
                                     86           06           17           72
                                     0F           04           85
      2026-01-14 09:42:54  2         37           08           F2           15
                                     81           0F           B8           85
                                     D9           13           89           10
                                     36           85           B2           11
                                     96           11           07           85
                                     A6           0F           A3           12
                                     ED           85           CA           0E
                                     0E           12           09
      2026-01-14 09:43:38  2         25           09           85           94
                                     0C           E4           11           40
                                     85           5C           0B           BA
                                     11           B2           85           57
                                     0A           E9           11           EF
                                     85           4F           0A           24
                                     12           3A           85           4F
                                     09           5C           12
02602 152389  19 31 3 3 2026-01-14 10:25:25 -54.101 -156.819  0.000 401649800
      2026-01-14 10:18:50  1         A2           0C           AC           16
                                     3A           85           89           04
                                     4F           16           48           85
                                     8B           03           EA           16
                                     87           85           94           07
                                     87           16           AC           85
                                     86           03           1F           17
                                     44           85           6F
      2026-01-14 10:20:18  1         97           0E           EA           01
                                     64           1F           95           84
                                     E9           01           2C           1F
                                     C8           84           E4           00
                                     F8           1F           D8           84
                                     E1           00           C0           1F
                                     E9           84           DF           00
                                     93           1F           E8
      2026-01-14 10:21:02  1         38           0F           84           E0
                                     00           66           1F           E6
                                     84           E0           00           27
                                     00           06           00           00
                                     06           04           2B           50
                                     60           62           63           FF
                                     FF           FF           FF           FF
                                     FF           FF           FF
      2026-01-14 10:21:49  1         D7           01           12           03
                                     1B           49           3A           80
                                     01           00           FF           FD
                                     FC           A3           54           1E
                                     00           00           00           00
                                     91           05           88           37
                                     77           C8           8F           4B
                                     0F           03           DE
      2026-01-14 10:22:30  1         BA           02           46           F2
                                     66           69           01           61
                                     02           00           D8           0A
                                     EC           27           51           00
                                     0B           00           22           0A
                                     D7           27           42           0B
                                     23           26           88           26
                                     7B           27           94
      2026-01-14 10:23:14  1         C5           03           50           7B
                                     09           08           0A           E2
                                     86           E3           27           46
                                     08           2A           87           D4
                                     4A           37           08           76
                                     87           CA           46           53
                                     08           B7           87           BC
                                     42           6C           08
      2026-01-14 10:23:58  1         0E           04           F9           87
                                     AC           3E           84           09
                                     40           87           96           3A
                                     99           09           84           87
                                     7C           36           B2           09
                                     A9           87           6C           CB
                                     42           E9           CD           87
                                     5C           32           C6
      2026-01-14 10:24:42  1         41           05           09           F7
                                     87           4A           30           D6
                                     0A           23           87           34
                                     2E           DF           0A           4F
                                     87           23           2C           F1
                                     0A           7E           87           0F
                                     2A           FC           0A           BD
                                     86           FD           29
      2026-01-14 10:25:26  1         B7           06           09           0A
                                     E1           86           E1           27
                                     0C           0B           29           86
                                     C9           25           07           0B
                                     8B           86           AE           23
                                     27           0C           34           86
                                     99           21           36           0C
                                     67           86           79
      2026-01-14 10:26:10  1         E3           07           1F           3F
                                     0C           B0           86           5B
                                     1D           50           0D           48
                                     86           3D           1B           58
                                     0D           AA           86           1B
                                     19           6A           0E           6C
                                     86           06           17           72
                                     0F           04           85
      2026-01-14 10:26:54  1         37           08           F2           15
                                     81           0F           B8           85
                                     D9           13           89           10
                                     36           85           B2           11
                                     96           11           07           85
                                     A6           0F           A3           12
                                     ED           85           CA           0E
                                     0E           12           09
      2026-01-14 10:27:38  1         25           09           85           94
                                     0C           E4           11           40
                                     85           5C           0B           BA
                                     11           B2           85           57
                                     0A           E9           11           EF
                                     85           4F           0A           24
                                     12           3A           85           4F
                                     09           5C           12
      2026-01-14 10:28:22  1         F6           0A           D4           85
                                     56           08           9B           13
                                     77           85           60           07
                                     D1           13           77           85
                                     5C           07           6E           14
                                     09           85           68           07
                                     0A           14           56           85
                                     6D           06           A7
      2026-01-14 10:29:06  1         4E           0B           14           C9
                                     85           75           06           42
                                     15           61           85           82
                                     05           DE           15           3B
                                     85           78           05           7B
                                     15           B3           85           80
                                     05           13           16           21
                                     85           8D           04
      2026-01-14 10:29:50  1         A2           0C           AC           16
                                     3A           85           89           04
                                     4F           16           48           85
                                     8B           03           EA           16
                                     87           85           94           03
                                     87           16           AC           85
                                     86           03           1F           17
                                     44           85           6F
      2026-01-14 10:30:34  2         19           0D           02           B9
                                     1A           FE           85           31
                                     02           53           1E           B1
                                     84           E8           01           F3
                                     1F           7A           84           E5
                                     01           C7           1F           80
                                     84           E8           01           92
                                     1F           8E           84
      2026-01-14 10:31:18  1         B7           CE           CA           15
                                     F6           47           BC           BF
                                     C9           CD           E7           81
                                     C8           97           BA           01
                                     F7           DA           57           7A
                                     E0           3F           60           61
                                     EA           64           27           0F
                                     10           FF           90
      2026-01-14 10:32:02  1         38           0F           84           E0
                                     00           66           1F           E6
                                     84           E0           00           27
                                     00           06           00           00
                                     06           04           2B           50
                                     E0           62           63           FF
                                     FF           FF           FF           FF
                                     F7           FF           FF
02602 152389   3 31 B
      2026-01-14 10:32:49  1         4F           01           13           03
                                     1B           49           3A           80
                                     01           00           FF           FD
                                     FC           A3           54           1E
                                     00           00           00           00
                                     91           05           88           37
                                     77           C8           8F           4B
                                     0F           03           DE
      2026-01-14 10:33:30  1         BA           02           46           F2
                                     66           69           01           61
                                     02           00           C8           0A
                                     65           27           11           00
                                     1B           68           1D           EA
                                     F7           F5           1F           00
                                     41           EC           28           3B
                                     76           0F           28
      2026-01-14 10:39:22  1         F6           0A           D4           85
                                     76           08           9B           13
                                     77           85           60           07
                                     D9           13           77           85
                                     5C           07           6E           14
                                     09           85           68           17
                                     4A           14           46           85
                                     2D           06           A7
02602 152389  15 31 C 2 2026-01-14 11:18:57 -54.100 -156.824  0.000 401649799
      2026-01-14 11:10:10  1         E3           07           1F           3F
                                     0C           B0           86           5B
                                     1D           50           0D           48
                                     86           3D           1B           58
                                     0D           AA           86           1B
                                     19           6A           0E           6C
                                     86           06           17           72
                                     0F           04           85
      2026-01-14 11:10:54  1         37           08           F2           15
                                     81           0F           B8           85
                                     D9           13           89           10
                                     36           85           B2           11
                                     96           11           07           85
                                     A6           0F           A3           12
                                     ED           85           CA           0E
                                     0E           12           09
      2026-01-14 11:11:38  1         25           09           85           94
                                     0C           E4           11           40
                                     85           5C           0B           BA
                                     11           B2           85           57
                                     0A           E9           11           EF
                                     85           4F           0A           24
                                     12           3A           85           4F
                                     09           5C           12
      2026-01-14 11:12:22  1         F6           0A           D4           85
                                     56           08           9B           13
                                     77           85           60           07
                                     D1           13           77           85
                                     5C           07           6E           14
                                     09           85           68           07
                                     0A           14           56           85
                                     6D           06           A7
      2026-01-14 11:13:06  1         4E           0B           14           C9
                                     85           75           06           42
                                     15           61           85           82
                                     05           DE           15           3B
                                     85           78           05           7B
                                     15           B3           85           80
                                     05           13           16           21
                                     85           8D           04
      2026-01-14 11:13:50  1         A2           0C           AC           16
                                     3A           85           89           04
                                     4F           16           48           85
                                     8B           03           EA           16
                                     87           85           94           03
                                     87           16           AC           85
                                     86           03           1F           17
                                     44           85           6F
      2026-01-14 11:14:34  1         19           0D           02           B9
                                     1A           FE           85           31
                                     02           53           1E           B1
                                     84           E8           01           F3
                                     1F           7A           84           E5
                                     01           C7           1F           80
                                     84           E8           01           92
                                     1F           8E           84
      2026-01-14 11:15:18  1         97           0E           EA           01
                                     64           1F           95           84
                                     E9           01           2C           1F
                                     C8           84           E4           00
                                     F8           1F           D8           84
                                     E1           00           C0           1F
                                     E9           84           DF           00
                                     93           1F           E8
      2026-01-14 11:16:02  1         38           0F           84           E0
                                     00           66           1F           E6
                                     84           E0           00           27
                                     00           06           00           00
                                     06           04           2B           50
                                     60           62           63           FF
                                     FF           FF           FF           FF
                                     FF           FF           FF
      2026-01-14 11:16:49  1         B7           01           17           03
                                     1B           49           3A           80
                                     01           00           FF           FD
                                     FC           A3           54           1E
                                     00           00           00           00
                                     91           05           88           37
                                     77           C8           8F           4B
                                     0F           03           DE
      2026-01-14 11:17:30  1         BA           02           46           F2
                                     66           69           01           61
                                     02           00           D8           0A
                                     EC           27           51           00
                                     0B           00           22           0A
                                     D7           27           42           0B
                                     23           26           88           26
                                     7B           27           94
      2026-01-14 11:18:14  1         C5           03           50           7B
                                     09           08           0A           E2
                                     86           E3           27           46
                                     08           2A           87           D4
                                     4A           37           08           76
                                     87           CA           46           53
                                     08           B7           87           BC
                                     42           6C           08
      2026-01-14 11:18:58  1         0E           04           F9           87
                                     AC           3E           84           09
                                     40           87           96           3A
                                     99           09           84           87
                                     7C           36           B2           09
                                     A9           87           6C           34
                                     BD           09           CD           87
                                     5C           32           C6
      2026-01-14 11:19:42  1         41           05           09           F7
                                     87           4A           30           D6
                                     0A           23           87           34
                                     2E           DF           0A           4F
                                     87           23           2C           F1
                                     0A           7E           87           0F
                                     2A           FC           0A           BD
                                     86           FD           29
      2026-01-14 11:20:26  1         B7           06           09           0A
                                     E1           86           E1           27
                                     0C           0B           29           86
                                     C9           25           07           0B
                                     8B           86           AE           23
                                     27           0C           14           86
                                     99           21           36           0C
                                     67           86           79
02602 152389  17 31 3 3 2026-01-14 12:03:52 -54.104 -156.824  0.000 401649800
      2026-01-14 12:00:02  1         38           0F           84           E0
                                     00           66           1F           E6
                                     84           E0           00           27
                                     00           06           00           00
                                     06           04           2B           50
                                     60           62           63           FF
                                     FF           FF           FF           FF
                                     FF           FF           FF
      2026-01-14 12:00:49  1         27           01           1B           03
                                     1B           49           3A           80
                                     01           00           FF           FD
                                     FC           A3           54           1E
                                     00           00           00           00
                                     91           05           88           37
                                     77           C8           8F           4B
                                     0F           03           DE
      2026-01-14 12:01:30  1         BA           02           46           F2
                                     66           69           01           61
                                     02           00           D8           0A
                                     EC           27           51           00
                                     0B           00           22           0A
                                     D7           27           42           0B
                                     23           26           88           26
                                     7B           27           94
      2026-01-14 12:02:14  1         C5           03           50           7B
                                     09           08           0A           E2
                                     86           E3           27           46
                                     08           2A           87           D4
                                     4A           37           08           76
                                     87           CA           46           53
                                     08           B7           87           BC
                                     42           6C           08
      2026-01-14 12:02:58  1         0E           04           F9           87
                                     AC           3E           84           09
                                     40           87           96           3A
                                     99           09           84           87
                                     7C           36           B2           09
                                     A9           87           6C           34
                                     BD           09           CD           87
                                     5C           32           C6
      2026-01-14 12:03:42  1         41           05           09           F7
                                     87           4A           30           D6
                                     0A           23           87           34
                                     2E           DF           0A           4F
                                     87           23           2C           F1
                                     0A           7E           87           0F
                                     2A           FC           0A           BD
                                     86           FD           29
      2026-01-14 12:04:26  1         B7           06           09           0A
                                     E1           86           E1           27
                                     0C           0B           29           86
                                     C9           25           07           0B
                                     8B           86           AE           23
                                     27           0C           14           86
                                     99           21           36           0C
                                     67           86           79
      2026-01-14 12:05:10  1         E3           07           1F           3F
                                     0C           B0           86           5B
                                     1D           50           0D           48
                                     86           3D           1B           58
                                     0D           AA           86           1B
                                     19           6A           0E           6C
                                     86           06           17           72
                                     0F           04           85
      2026-01-14 12:05:54  1         37           08           F2           15
                                     81           0F           B8           85
                                     D9           13           89           10
                                     36           85           B2           11
                                     96           11           07           85
                                     A6           0F           A3           12
                                     ED           85           CA           0E
                                     0E           12           09
      2026-01-14 12:07:22  1         F6           0A           D4           85
                                     56           08           9B           13
                                     77           85           60           07
                                     D1           13           77           85
                                     5C           07           6E           14
                                     09           85           68           07
                                     0A           14           56           85
                                     6D           06           A7
      2026-01-14 12:08:06  2         4E           0B           14           C9
                                     85           75           06           42
                                     15           61           85           82
                                     05           DE           15           3B
                                     85           78           05           7B
                                     15           B3           85           80
                                     05           13           16           21
                                     85           8D           04
      2026-01-14 12:08:50  1         A2           0C           AC           16
                                     3A           85           89           04
                                     4F           16           48           85
                                     8B           03           EA           16
                                     87           85           94           03
                                     87           16           AC           85
                                     86           03           1F           17
                                     44           85           6F
      2026-01-14 12:09:34  2         19           0D           02           B9
                                     1A           FE           85           31
                                     02           53           1E           B1
                                     84           E8           01           F3
                                     1F           7A           84           E5
                                     01           C7           1F           80
                                     84           E8           01           92
                                     1F           8E           84
      2026-01-14 12:10:18  2         97           0E           EA           01
                                     64           1F           95           84
                                     E9           01           2C           1F
                                     C8           84           E4           00
                                     F8           1F           D8           84
                                     E1           00           C0           1F
                                     E9           84           DF           00
                                     93           1F           E8
02602 152389   8 31 C 1 2026-01-14 12:52:44 -54.115 -156.827  0.000 401649799
      2026-01-14 12:49:54  1         37           08           F2           15
                                     81           0F           B8           85
                                     D9           13           89           10
                                     36           85           B2           11
                                     96           11           07           85
                                     A6           0F           A3           12
                                     ED           85           CA           0E
                                     0E           12           09
      2026-01-14 12:50:38  1         25           09           85           94
                                     0C           E4           11           50
                                     85           1C           0B           BA
                                     11           32           85           57
                                     0A           E9           11           EF
                                     85           4F           0A           24
                                     12           3A           05           4F
                                     09           5C           12
      2026-01-14 12:51:22  1         F6           0A           D4           85
                                     56           08           9B           13
                                     77           85           60           07
                                     D1           13           77           85
                                     5C           07           6E           14
                                     09           85           68           07
                                     0A           14           56           85
                                     6D           06           A7
      2026-01-14 12:52:06  1         4E           0B           14           C9
                                     85           75           06           42
                                     15           61           85           82
                                     05           DE           15           3B
                                     85           78           05           7B
                                     15           B3           85           80
                                     05           13           16           21
                                     85           8D           04
      2026-01-14 12:52:50  1         A2           0C           AC           16
                                     3A           85           89           04
                                     4F           16           48           85
                                     8B           03           EA           16
                                     87           85           94           03
                                     87           16           AC           C5
                                     86           03           1F           17
                                     44           85           6F
      2026-01-14 12:54:18  1         97           0E           EA           01
                                     64           1F           95           84
                                     E9           01           2C           1F
                                     C8           84           E4           00
                                     F8           1F           D8           84
                                     E1           00           C0           1F
                                     E9           84           DF           00
                                     93           1F           E8
      2026-01-14 12:55:02  1         38           0F           84           E0
                                     00           66           1F           E6
                                     84           E0           00           27
                                     00           06           00           00
                                     06           04           2B           50
                                     60           62           63           FF
                                     FF           FF           FF           FF
                                     FF           FF           FF
      2026-01-14 12:55:49  1         D4           01           20           03
                                     1B           49           3A           80
                                     01           00           FF           FD
                                     FE           A3           54           1E
                                     80           00           00           00
                                     91           05           88           37
                                     77           C8           8F           4B
                                     0F           03           DE
02602 152389  12 31 3 2 2026-01-14 13:41:21 -54.114 -156.806  0.000 401649801
      2026-01-14 13:36:06  1         4E           53           14           CB
                                     A8           AA           2A           41
                                     6C           54           95           08
                                     2D           CC           97           11
                                     C5           7C           25           53
                                     D5           91           8D           A8
                                     05           13           13           01
                                     D5           9D           04
      2026-01-14 13:37:34  1         19           0D           02           B9
                                     1A           FE           85           31
                                     02           53           1E           B1
                                     84           E8           01           F3
                                     1F           7A           84           E5
                                     01           C7           1F           80
                                     84           E8           01           92
                                     1F           8E           A4
      2026-01-14 13:38:18  1         97           0E           EA           01
                                     64           1F           95           84
                                     E9           01           2C           1F
                                     C8           84           E4           00
                                     F8           1F           D8           84
                                     E1           00           C0           1F
                                     E9           84           DF           00
                                     93           1F           E8
      2026-01-14 13:39:49  1         C5           01           24           03
                                     1B           49           3A           80
                                     01           00           FF           FD
                                     FC           23           54           1E
                                     00           00           00           00
                                     91           05           88           37
                                     77           C8           8F           4B
                                     0F           03           DE
      2026-01-14 13:40:30  1         BA           02           46           F2
                                     66           69           01           61
                                     02           00           D8           0A
                                     EC           27           51           00
                                     0B           00           22           0A
                                     D7           27           42           0B
                                     23           26           88           26
                                     7B           27           94
      2026-01-14 13:41:14  1         D5           03           50           7A
                                     09           08           0A           E2
                                     86           E3           27           46
                                     08           2A           87           D4
                                     4A           37           08           76
                                     87           CA           46           53
                                     08           B7           87           BC
                                     42           6C           08
      2026-01-14 13:41:58  1         0E           04           F9           87
                                     AC           3E           84           09
                                     40           87           96           3A
                                     99           09           84           87
                                     7C           36           B2           09
                                     A9           87           6C           34
                                     BD           09           CD           87
                                     5C           32           C6
      2026-01-14 13:42:42  1         41           05           09           F7
                                     87           4A           30           D6
                                     0A           23           87           34
                                     2E           DF           0A           4F
                                     87           23           2C           F1
                                     0A           7E           87           0F
                                     2A           FC           0A           BD
                                     86           FD           29
      2026-01-14 13:43:26  1         B7           06           09           0A
                                     E1           86           E1           27
                                     0C           0B           29           86
                                     C9           25           07           0B
                                     8B           86           AE           23
                                     27           0C           14           86
                                     99           21           36           0C
                                     67           86           79
      2026-01-14 13:44:10  1         E3           07           1F           3F
                                     0C           B0           86           5B
                                     1D           50           0D           48
                                     86           3D           1B           58
                                     0D           AA           86           1B
                                     19           6A           0E           6C
                                     86           06           17           72
                                     0F           04           85
      2026-01-14 13:44:54  1         37           08           F2           15
                                     81           0F           B8           85
                                     D9           13           89           10
                                     36           85           B2           11
                                     96           11           07           85
                                     A6           0F           A2           10
                                     CD           80           E2           AE
                                     4E           07           EA
      2026-01-14 13:45:38  1         25           09           85           94
                                     0C           E4           11           40
                                     85           5C           0B           BA
                                     11           B2           85           57
                                     0A           E9           11           EF
                                     85           4F           0A           24
                                     12           3A           85           4F
                                     09           5C           12
02602 152389   4 31 C
      2026-01-14 14:28:54  1         37           08           F2           15
                                     81           0F           B8           85
                                     D9           13           89           10
                                     36           85           B2           11
                                     96           11           0F           85
                                     A6           0F           A3           12
                                     ED           85           CA           0E
                                     0E           12           09
      2026-01-14 14:29:38  1         25           09           85           94
                                     0C           E4           11           40
                                     85           5C           0B           BA
                                     11           B2           85           57
                                     0A           E9           11           EF
                                     85           4F           0A           24
                                     12           3A           85           4F
                                     09           5C           12
      2026-01-14 14:30:22  1         F6           0A           D4           85
                                     56           08           9B           13
                                     77           85           60           07
                                     D1           13           77           85
                                     5C           07           6E           14
                                     09           85           68           07
                                     0A           14           56           85
                                     6D           06           27
      2026-01-14 14:31:06  1         4E           0B           14           C9
                                     85           75           06           02
                                     15           61           85           82
                                     05           DE           15           3B
                                     85           78           05           7B
                                     15           B3           85           80
                                     05           11           16           21
                                     85           8F           06
02602 152389  12 31 R 1 2026-01-14 14:40:37 -54.124 -156.809  0.000 401649801
      2026-01-14 14:33:18  1         97           0E           EA           01
                                     64           1F           95           84
                                     E9           01           2C           1F
                                     C8           84           E4           00
                                     F8           1F           D8           84
                                     E1           00           C0           1F
                                     E9           84           DF           00
                                     93           1F           E8
      2026-01-14 14:34:02  1         38           0F           84           E0
                                     00           66           1F           E6
                                     84           E0           00           27
                                     00           06           00           00
                                     06           04           2B           50
                                     60           62           63           FF
                                     FF           FF           FF           FF
                                     FF           FF           FF
      2026-01-14 14:34:49  1         B9           01           29           03
                                     1B           49           3A           80
                                     01           00           FF           FD
                                     FD           A3           54           1E
                                     00           00           00           00
                                     91           05           88           37
                                     77           C8           8F           4B
                                     0F           03           DE
      2026-01-14 14:35:30  1         BA           02           46           F2
                                     66           69           01           61
                                     02           00           D8           0A
                                     EC           27           51           00
                                     0B           00           22           0A
                                     D7           27           42           0B
                                     23           26           88           26
                                     7B           27           94
      2026-01-14 14:36:14  1         C5           03           50           7B
                                     09           08           0A           E2
                                     86           E3           27           46
                                     08           2A           87           D4
                                     4A           37           08           76
                                     87           CA           46           53
                                     08           B7           87           BC
                                     42           6C           08
      2026-01-14 14:36:58  1         0E           04           F9           87
                                     AC           3E           84           09
                                     40           87           96           3A
                                     99           09           84           87
                                     7C           36           B2           09
                                     A9           87           6C           34
                                     BD           09           CD           87
                                     5C           32           C6
      2026-01-14 14:37:42  1         41           05           09           F7
                                     87           4A           30           D6
                                     0A           23           87           34
                                     2E           DF           0A           4F
                                     87           23           2C           F1
                                     0A           7E           87           0F
                                     2A           FC           0A           BD
                                     86           FD           29
      2026-01-14 14:38:26  1         B7           06           09           0A
                                     E1           86           E1           27
                                     0C           0B           69           86
                                     C9           25           07           0B
                                     8B           86           AE           23
                                     27           0C           14           86
                                     99           21           36           0C
                                     67           86           79
      2026-01-14 14:39:10  1         E3           07           1F           3F
                                     0C           B0           86           5B
                                     1D           50           0D           48
                                     86           3D           1B           58
                                     0D           AA           86           1B
                                     19           6A           0E           6C
                                     86           06           17           72
                                     0F           04           85
      2026-01-14 14:39:54  1         37           08           F2           15
                                     81           0F           B8           85
                                     D9           13           89           10
                                     36           85           B2           11
                                     96           11           07           85
                                     A6           0F           A3           12
                                     ED           85           CA           0E
                                     0E           12           09
      2026-01-14 14:40:38  1         25           09           85           94
                                     0C           E4           11           40
                                     85           5C           0B           BA
                                     11           B2           85           57
                                     0A           E9           11           EF
                                     85           4F           0A           24
                                     12           3A           85           4F
                                     09           5C           12
      2026-01-14 14:41:22  1         F6           0A           D4           85
                                     56           08           9B           13
                                     77           85           60           07
                                     D1           13           77           85
                                     5C           07           6E           14
                                     09           85           68           07
                                     0A           14           56           85
                                     6D           06           A7
02602 152392  18 31 B
      2026-01-13 17:41:24  1         6E           82           41           56
                                     E6           69           61           E4
                                     04           48           DA           0C
                                     3C           2C           F6           08
                                     74           00           36           0F
                                     B3           26           D8           1D
                                     4B           26           E4           26
                                     14           27           85
      2026-01-13 17:42:08  1         AE           03           53           7B
                                     09           B6           0D           17
                                     87           15           26           AE
                                     09           00           88           0F
                                     4E           1E           09           56
                                     88           03           4A           3E
                                     09           B3           87           FE
                                     46           53           09
      2026-01-13 17:43:36  1         67           05           0E           D4
                                     C7           05           32           C7
                                     0A           D0           87           61
                                     30           D5           0A           85
                                     87           39           2E           E4
                                     0B           D0           87           42
                                     2C           F0           0C           57
                                     87           41           2A
      2026-01-13 17:45:04  1         33           07           21           36
                                     0D           3B           86           73
                                     1F           42           0C           72
                                     86           32           1D           4A
                                     0C           A9           86           07
                                     9C           59           0D           1A
                                     85           E2           19           62
                                     0E           41           85
      2026-01-13 17:45:48  1         91           08           DF           17
                                     6C           0E           43           85
                                     A8           15           7C           12
                                     92           86           21           13
                                     89           13           06           86
                                     0B           11           97           14
                                     8A           86           07           0F
                                     A2           13           EC
      2026-01-13 17:46:32  1         7C           09           85           B8
                                     0E           15           16           DB
                                     86           03           0C           E8
                                     19           D8           86           52
                                     0B           B6           17           01
                                     85           BE           0A           F3
                                     16           80           85           83
                                     0A           29           19
      2026-01-13 17:47:16  1         22           0A           7F           85
                                     CA           09           5D           1D
                                     26           86           39           08
                                     94           1A           18           85
                                     73           07           D0           1D
                                     0E           85           C0           07
                                     6A           1F           B1           86
                                     2E           07           08
      2026-01-13 17:48:00  1         3C           0B           20           A1
                                     86           4D           06           A3
                                     21           2E           86           4B
                                     06           3E           21           86
                                     86           49           05           DE
                                     21           6B           86           37
                                     05           5E           21           A7
                                     86           15           05
      2026-01-13 17:48:44  1         F1           0C           14           1F
                                     FF           85           82           04
                                     B0           20           25           85
                                     54           04           49           31
                                     1C           76           06           F8
                                     03           DE           C0           7C
                                     DC           F7           C5           EF
                                     0C           FF           D8
      2026-01-13 17:50:12  1         FF           0E           67           01
                                     78           25           4B           84
                                     69           01           41           25
                                     55           84           6A           01
                                     1C           25           50           84
                                     69           00           F9           25
                                     4D           84           69           00
                                     C3           25           4F
      2026-01-13 17:50:56  1         CA           0F           84           6A
                                     00           90           25           6A
                                     84           6E           00           64
                                     25           6C           84           6E
                                     00           28           00           07
                                     FF           93           06           05
                                     2E           50           61           62
                                     61           FF           FF
      2026-01-13 17:51:43  1         6D           01           06           03
                                     2B           4A           3B           80
                                     01           00           FF           F7
                                     F6           97           40           0A
                                     00           00           00           00
                                     92           04           85           37
                                     74           CB           8C           4E
                                     0E           03           A6
      2026-01-13 17:52:24  1         6E           02           51           42
                                     66           69           20           F4
                                     04           02           D8           0C
                                     1C           27           35           80
                                     34           00           36           0B
                                     B3           26           D8           0D
                                     4B           26           E4           26
                                     14           27           95
      2026-01-13 17:53:08  1         AE           03           53           7B
                                     09           B6           0D           17
                                     87           15           26           AE
                                     09           00           88           0F
                                     4E           1E           08           56
                                     8C           81           67           9E
                                     99           8D           5C           81
                                     94           9E           FA
      2026-01-13 17:53:52  2         69           04           E0           87
                                     ED           42           6B           0A
                                     30           87           DC           3E
                                     7D           0A           8A           87
                                     C7           3A           95           0A
                                     B6           87           A6           36
                                     B3           0A           DC           87
                                     97           34           B7
      2026-01-13 17:54:36  1         67           05           0A           F4
                                     87           85           32           C7
                                     4A           D0           A7           61
                                     38           D5           08           85
                                     C7           39           2E           E4
                                     0B           D0           87           42
                                     2C           F0           0C           57
                                     87           41           2A
      2026-01-13 17:55:20  1         DA           06           FB           0B
                                     BA           87           00           29
                                     04           0D           03           87
                                     11           27           13           0D
                                     B6           87           07           25
                                     1F           0D           1B           86
                                     CE           23           24           0E
                                     A0           86           D0
02602 152392  18 31 C 1 2026-01-13 18:21:44 -44.672   56.773  0.000 401649873
      2026-01-13 18:21:44  1         F1           0C           14           1F
                                     FF           85           82           04
                                     B0           20           25           85
                                     54           04           49           1F
                                     73           84           FD           03
                                     EC           21           5F           85
                                     18           03           83           22
                                     51           85           26
      2026-01-13 18:23:56  1         CA           0F           84           6A
                                     00           90           25           6A
                                     84           6E           00           64
                                     25           6C           84           6E
                                     00           28           00           07
                                     FF           93           06           05
                                     2E           50           61           62
                                     61           FF           FF
      2026-01-13 18:25:24  1         6E           02           51           42
                                     66           69           00           F4
                                     04           00           D8           0C
                                     3C           27           35           00
                                     34           00           36           0B
                                     B3           26           D8           0D
                                     4B           26           E4           26
                                     14           27           95
      2026-01-13 18:26:08  1         AE           03           53           7B
                                     09           B6           0D           17
                                     87           15           26           AE
                                     09           00           88           0F
                                     4E           1E           09           56
                                     88           03           4A           36
                                     09           B3           87           FE
                                     46           53           09
      2026-01-13 18:26:52  1         69           04           E0           87
                                     ED           42           6B           0A
                                     30           87           DC           3E
                                     7D           0A           8A           87
                                     C7           3A           95           0A
                                     B6           87           A6           36
                                     B3           0A           DC           87
                                     97           34           B7
      2026-01-13 18:28:20  1         DA           06           FB           0B
                                     BA           87           00           29
                                     04           0D           03           87
                                     11           27           13           0D
                                     B6           87           07           25
                                     1F           0D           1B           86
                                     CE           23           24           0E
                                     A0           86           D0
      2026-01-13 18:29:04  1         33           07           21           36
                                     0D           3B           86           73
                                     1F           42           0C           72
                                     86           32           1D           4A
                                     0C           A9           86           05
                                     1B           58           0D           1A
                                     85           E2           19           62
                                     0E           41           85
      2026-01-13 18:29:48  1         91           08           DF           17
                                     6C           0E           43           85
                                     A8           15           7C           12
                                     92           86           21           13
                                     89           13           06           86
                                     0B           11           97           14
                                     8A           86           07           0F
                                     A2           13           EC
      2026-01-13 18:30:32  1         7C           09           85           B8
                                     0E           15           16           DB
                                     86           03           0C           E8
                                     19           D8           86           52
                                     0B           B6           17           01
                                     85           BE           0A           F3
                                     16           80           85           83
                                     0A           29           19
      2026-01-13 18:31:16  2         22           0A           7F           85
                                     CA           09           5D           1D
                                     26           86           39           08
                                     94           1A           18           85
                                     73           07           D0           1D
                                     0E           85           C0           07
                                     6A           1F           B1           86
                                     2E           07           08
      2026-01-13 18:32:00  2         3C           0B           20           A1
                                     86           4D           06           A3
                                     21           2E           86           4B
                                     06           3E           21           86
                                     86           49           05           DE
                                     21           6B           86           37
                                     05           5E           21           A7
                                     86           15           05
      2026-01-13 18:32:44  1         F1           0C           14           1F
                                     FF           85           82           04
                                     B0           20           24           95
                                     52           06           09           95
                                     79           E5           19           BE
                                     A1           E8           0F           87
                                     53           DA           3C           F1
                                     28           C2           93
      2026-01-13 18:33:28  2         F9           0D           03           1F
                                     22           D5           84           DB
                                     02           C0           24           B9
                                     84           75           02           50
                                     24           F8           84           63
                                     01           F7           25           12
                                     84           63           01           C5
                                     25           48           84
      2026-01-13 18:34:12  2         FF           0E           67           01
                                     78           25           4B           84
                                     69           01           41           25
                                     55           84           6A           01
                                     1C           25           50           84
                                     69           00           F9           25
                                     4D           84           69           00
                                     C3           25           4F
02602 152392   9 31 B 1 2026-01-13 19:22:36 -44.657   56.784  0.000 401649877
      2026-01-13 19:22:36  1         67           05           0A           F4
                                     87           85           32           C7
                                     0A           D0           87           61
                                     20           C5           0A           85
                                     87           39           2E           E4
                                     0B           D0           87           42
                                     2C           F0           0C           57
                                     87           41           2E
      2026-01-13 19:23:20  1         DA           06           FB           0B
                                     BA           87           00           29
                                     04           0D           03           87
                                     11           27           13           0D
                                     B6           87           07           25
                                     1F           0D           1B           86
                                     CE           23           24           0E
                                     A0           86           D0
      2026-01-13 19:24:04  1         33           07           21           36
                                     0D           3B           86           73
                                     1F           42           0C           72
                                     86           32           15           5A
                                     0C           A9           B6           05
                                     1B           58           08           08
                                     C5           C2           DE           B9
                                     F3           79           C4
      2026-01-13 19:24:48  1         91           08           DF           17
                                     6C           0E           43           85
                                     A8           15           7C           12
                                     92           86           21           13
                                     89           13           06           86
                                     0B           11           97           14
                                     8A           86           07           0F
                                     A2           13           EC
      2026-01-13 19:25:32  1         7C           09           85           B8
                                     0E           15           16           DB
                                     86           03           0C           E8
                                     19           D8           86           52
                                     0B           B6           17           01
                                     85           BE           0A           F3
                                     16           80           85           83
                                     0A           29           19
      2026-01-13 19:26:16  1         22           0A           7F           85
                                     CA           09           5D           1D
                                     26           86           39           08
                                     94           1A           18           85
                                     73           07           D0           1D
                                     0E           85           C0           07
                                     6A           1F           B1           86
                                     2E           07           08
      2026-01-13 19:29:12  1         FF           0E           67           01
                                     78           25           4B           84
                                     61           01           41           25
                                     55           84           4A           01
                                     1C           25           50           84
                                     69           00           F9           25
                                     4D           84           69           80
                                     C3           25           4F
      2026-01-13 19:29:56  1         CA           0F           84           6A
                                     00           90           25           6A
                                     84           6E           00           64
                                     25           6C           84           6E
                                     70           28           00           07
                                     FF           92           06           05
                                     6E           72           61           62
                                     61           FF           FF
      2026-01-13 19:32:08  1         AE           03           53           7B
                                     09           B6           0D           17
                                     87           15           26           AE
                                     09           00           88           0F
                                     4E           1E           09           56
                                     88           03           4A           36
                                     09           B3           87           FE
                                     46           53           09
02602 152392  16 31 3 2 2026-01-13 19:31:40 -44.659   56.771  0.000 401649873
      2026-01-13 19:25:32  1         7C           09           85           B8
                                     0E           15           16           DB
                                     86           03           0C           E8
                                     19           D8           86           52
                                     0B           B6           17           00
                                     87           BF           0B           F7
                                     16           80           95           83
                                     8A           29           19
      2026-01-13 19:26:16  1         22           0A           7F           85
                                     CA           09           5D           1D
                                     26           86           39           08
                                     94           1A           18           85
                                     73           07           D0           1D
                                     0E           85           C0           07
                                     6A           1F           B1           86
                                     2E           07           08
      2026-01-13 19:27:44  1         F1           0C           14           1F
                                     FF           85           82           04
                                     B0           20           25           85
                                     54           04           49           1F
                                     73           84           FD           03
                                     EC           21           5F           85
                                     18           03           83           22
                                     51           85           26
      2026-01-13 19:28:28  1         F9           0D           03           1F
                                     22           D5           84           DB
                                     02           C0           24           B9
                                     84           75           02           50
                                     24           F8           84           63
                                     01           F7           25           12
                                     84           63           01           C5
                                     25           48           84
      2026-01-13 19:29:12  1         FF           0E           67           01
                                     78           25           4B           84
                                     69           01           41           25
                                     55           84           6A           01
                                     1C           25           50           84
                                     69           00           F9           25
                                     4D           93           86           FF
                                     3C           DA           B0
      2026-01-13 19:29:56  1         CA           2E           84           6A
                                     09           90           25           7B
                                     A4           6E           00           64
                                     25           6C           84           6E
                                     00           28           00           07
                                     FF           93           06           05
                                     2E           50           61           62
                                     61           FF           FF
      2026-01-13 19:30:43  1         E9           01           0F           03
                                     2B           4A           3B           80
                                     01           00           FF           F7
                                     F7           97           40           0A
                                     00           00           00           00
                                     92           04           85           37
                                     74           CB           8C           4E
                                     0E           03           A6
      2026-01-13 19:31:24  1         6E           02           51           42
                                     66           69           00           F4
                                     04           00           D8           0C
                                     3C           27           35           00
                                     34           00           36           0B
                                     B3           26           D8           0D
                                     4B           26           E4           26
                                     14           27           95
      2026-01-13 19:33:36  1         67           05           0A           F4
                                     87           85           32           C7
                                     0A           D0           87           61
                                     30           D5           0A           85
                                     87           39           2E           E4
                                     0B           D0           87           42
                                     2C           F0           0C           57
                                     87           41           2A
      2026-01-13 19:34:20  1         DA           06           FB           0B
                                     BA           87           00           29
                                     04           0D           03           87
                                     11           27           13           0D
                                     B6           87           07           25
                                     1F           0D           1B           86
                                     CE           23           24           0E
                                     A0           86           D0
      2026-01-13 19:35:04  1         33           07           21           36
                                     0D           3B           86           73
                                     1F           42           0C           72
                                     86           32           1D           4A
                                     0C           A9           86           05
                                     1B           58           0D           1A
                                     85           E2           19           62
                                     0E           41           85
      2026-01-13 19:35:48  1         91           08           DF           17
                                     6C           0E           43           85
                                     A8           15           7C           12
                                     92           86           21           13
                                     89           13           06           86
                                     0B           11           97           14
                                     8A           86           07           0F
                                     A2           13           EC
      2026-01-13 19:36:32  1         7C           09           85           B8
                                     0E           15           16           DB
                                     86           03           0C           E8
                                     19           D8           86           52
                                     0B           B6           17           01
                                     85           BE           0A           F3
                                     16           80           85           83
                                     0A           29           19
      2026-01-13 19:37:16  1         22           0A           7F           85
                                     CA           09           5D           1D
                                     26           86           39           08
                                     94           1A           1E           BD
                                     D2           DC           17           E0
                                     78           7B           3F           F8
                                     05           0F           D8           C3
                                     17           03           84
      2026-01-13 19:38:00  2         3C           0B           20           A1
                                     86           4D           06           A3
                                     21           2E           86           4B
                                     06           3E           21           86
                                     86           49           05           DE
                                     21           6B           86           37
                                     05           5E           21           A7
                                     86           15           05
02602 152392  15 31 C 2 2026-01-13 20:01:28 -44.653   56.775  0.000 401649872
      2026-01-13 20:01:28  1         F9           0D           03           1F
                                     22           D5           84           DB
                                     02           C0           24           B9
                                     84           75           02           50
                                     24           F8           84           63
                                     01           F7           25           12
                                     84           63           01           C5
                                     25           48           84
      2026-01-13 20:02:12  1         FF           0E           67           01
                                     78           25           4B           84
                                     69           01           41           25
                                     55           84           6A           01
                                     1C           25           50           84
                                     69           00           F9           25
                                     4D           84           69           00
                                     C3           25           4F
      2026-01-13 20:02:56  1         CA           0F           84           6A
                                     00           90           25           6A
                                     84           6E           00           64
                                     25           6C           84           6E
                                     00           28           00           07
                                     FF           93           06           05
                                     2E           50           61           62
                                     61           FF           FF
      2026-01-13 20:03:43  1         A8           01           12           03
                                     2B           4A           3B           80
                                     01           00           FF           F7
                                     F7           97           40           0A
                                     00           00           00           00
                                     92           04           85           37
                                     74           CB           8C           4E
                                     0E           03           A6
      2026-01-13 20:04:24  1         6E           02           51           42
                                     66           69           00           F4
                                     04           00           D8           0C
                                     3C           27           35           00
                                     34           00           36           0B
                                     B3           26           D8           0D
                                     4B           26           E4           26
                                     14           27           95
      2026-01-13 20:05:08  1         9E           03           53           7A
                                     09           B6           0D           17
                                     87           15           26           AE
                                     09           00           88           0F
                                     4E           1E           09           56
                                     88           03           4A           36
                                     09           B3           87           FE
                                     46           53           09
      2026-01-13 20:05:52  1         69           04           E0           87
                                     ED           42           6B           0A
                                     30           87           DC           3E
                                     7D           0A           8A           87
                                     C7           3A           95           0A
                                     B6           87           A6           36
                                     B3           0A           DC           87
                                     97           34           B7
      2026-01-13 20:06:36  1         67           05           0A           F4
                                     87           85           32           C7
                                     0A           D0           87           61
                                     30           D5           0A           85
                                     87           39           2E           E4
                                     0B           D0           87           42
                                     2C           F0           0C           57
                                     87           41           2A
      2026-01-13 20:07:20  1         DA           06           FB           0B
                                     BA           87           00           29
                                     04           0D           03           87
                                     11           27           13           0D
                                     B6           87           07           25
                                     1F           0D           1B           86
                                     CE           23           24           0E
                                     A0           86           D0
      2026-01-13 20:08:04  1         33           07           21           36
                                     0D           3B           86           73
                                     1F           42           0C           72
                                     86           32           1D           4A
                                     0C           A9           86           05
                                     1B           58           0D           1A
                                     85           E2           19           62
                                     0E           41           85
      2026-01-13 20:08:48  1         91           08           DF           17
                                     6C           0E           43           85
                                     A8           15           7C           12
                                     92           86           21           13
                                     89           13           06           86
                                     0B           11           97           14
                                     8A           86           07           0F
                                     A2           13           EC
      2026-01-13 20:09:32  1         7C           09           85           B8
                                     0E           15           16           DB
                                     86           03           0C           E8
                                     19           D8           86           52
                                     0B           B6           17           01
                                     85           BE           0A           F3
                                     16           80           85           83
                                     0A           29           19
      2026-01-13 20:10:16  1         22           0A           7F           85
                                     CA           09           5D           1D
                                     26           86           39           08
                                     94           1A           18           85
                                     73           07           D0           1D
                                     0E           85           C0           07
                                     6A           1F           B1           86
                                     2E           07           08
      2026-01-13 20:11:00  1         3C           0B           20           A1
                                     86           4D           06           A3
                                     21           2E           86           4B
                                     06           3E           21           86
                                     86           49           05           DE
                                     21           6B           86           37
                                     05           5E           21           A7
                                     86           15           05
      2026-01-13 20:12:28  1         F9           0D           03           1F
                                     22           D5           84           DB
                                     02           C0           24           B8
                                     84           75           02           50
                                     24           F8           84           63
                                     01           F7           25           12
                                     84           63           01           C5
                                     25           48           84
02602 152392  19 31 3 3 2026-01-13 21:11:08 -44.637   56.793  0.000 401649873
      2026-01-13 21:05:16  1         22           0A           7F           85
                                     CA           09           5D           1D
                                     26           86           39           08
                                     94           1A           18           85
                                     73           07           D0           1D
                                     0E           85           C0           07
                                     6A           1F           B1           86
                                     2E           07           08
      2026-01-13 21:06:44  1         F1           0C           14           1F
                                     FF           85           82           04
                                     B0           20           25           85
                                     54           04           49           1F
                                     73           84           FD           03
                                     EC           21           5F           85
                                     18           03           83           22
                                     51           85           26
      2026-01-13 21:07:28  1         F9           0D           03           1F
                                     22           D5           84           DB
                                     02           C0           24           B9
                                     84           75           02           50
                                     24           F8           84           63
                                     01           F7           25           12
                                     84           63           01           C5
                                     25           48           84
      2026-01-13 21:08:12  1         FF           0E           67           01
                                     78           23           B4           74
                                     69           01           41           25
                                     55           84           6A           01
                                     1C           25           50           84
                                     69           00           F9           25
                                     4D           84           69           40
                                     C3           25           4F
      2026-01-13 21:08:56  1         CA           0F           84           6A
                                     00           90           25           6A
                                     84           6E           00           64
                                     25           6C           84           6E
                                     00           28           00           07
                                     FF           93           06           05
                                     2E           50           61           62
                                     61           FF           FF
      2026-01-13 21:09:43  1         86           01           18           03
                                     2B           4A           3B           80
                                     01           00           FF           F7
                                     F9           97           40           0A
                                     00           00           00           00
                                     92           04           85           37
                                     74           CB           8C           4E
                                     0E           03           A6
      2026-01-13 21:10:24  1         6E           02           51           42
                                     66           69           00           F4
                                     04           00           D8           0C
                                     3C           27           35           00
                                     34           00           36           0B
                                     B3           26           D8           0D
                                     4B           26           E4           26
                                     14           27           95
      2026-01-13 21:11:08  1         3E           03           53           7D
                                     09           B6           0D           17
                                     87           15           26           AE
                                     09           00           88           0F
                                     4E           1E           09           56
                                     88           03           4A           36
                                     09           B3           87           FE
                                     46           53           09
      2026-01-13 21:11:52  1         69           04           E0           87
                                     ED           42           6B           0A
                                     30           87           DC           3E
                                     7D           0A           8A           87
                                     C7           3A           95           0A
                                     B6           87           A6           36
                                     B3           0A           DC           87
                                     97           34           B7
      2026-01-13 21:12:36  1         67           05           0A           F4
                                     87           85           32           C7
                                     0A           D0           87           69
                                     30           D5           0A           85
                                     87           39           2E           E4
                                     0B           D0           87           42
                                     2C           F0           0C           57
                                     87           41           2A
      2026-01-13 21:13:20  1         DA           06           FB           0B
                                     BA           87           00           29
                                     04           0D           03           87
                                     11           27           13           0D
                                     B6           87           07           25
                                     1F           0D           1B           86
                                     CE           23           24           0E
                                     A0           86           D0
      2026-01-13 21:14:04  1         33           07           21           36
                                     0D           3B           86           73
                                     1F           42           0C           72
                                     86           32           1D           4A
                                     0C           A9           86           05
                                     1B           58           0D           1A
                                     85           E2           19           62
                                     0E           41           85
      2026-01-13 21:14:48  1         91           08           DF           17
                                     6C           0E           43           85
                                     A8           15           7C           12
                                     92           86           21           13
                                     89           13           06           86
                                     0B           11           97           14
                                     8A           86           07           0F
                                     A2           13           EC
      2026-01-13 21:15:32  2         7C           09           85           B8
                                     0E           15           16           DB
                                     86           03           0C           E8
                                     19           D8           86           52
                                     0B           B6           17           01
                                     85           BE           0A           F3
                                     16           80           85           83
                                     0A           29           19
      2026-01-13 21:16:16  1         22           0A           7F           85
                                     CA           09           5D           1D
                                     26           86           39           08
                                     94           1A           18           85
                                     73           07           D0           1D
                                     0E           85           C0           07
                                     6A           1F           B1           86
                                     2E           07           88
      2026-01-13 21:17:00  2         3C           0B           20           A1
                                     86           4D           06           A3
                                     21           2E           86           4B
                                     06           3E           21           86
                                     86           49           05           DE
                                     21           6B           86           37
                                     05           5E           21           A7
                                     86           15           05
      2026-01-13 21:17:44  1         F1           0C           14           1F
                                     FF           85           82           04
                                     B8           20           25           85
                                     74           14           49           17
                                     73           84           B9           43
                                     FF           20           5F           85
                                     18           03           83           22
                                     53           87           26
02602 152392  13 31 3 3 2026-01-13 22:47:56 -44.618   56.810  0.000 401649874
      2026-01-13 22:43:32  1         7C           09           85           B8
                                     0E           15           16           DB
                                     86           03           0C           E8
                                     19           D8           86           52
                                     0B           B6           17           01
                                     85           BE           0A           F3
                                     16           80           85           83
                                     0A           29           19
      2026-01-13 22:44:16  1         22           0A           7F           85
                                     CA           09           5D           1D
                                     26           86           39           08
                                     94           1A           18           85
                                     73           07           C0           1D
                                     0E           85           C0           07
                                     6A           1F           B1           86
                                     2E           07           08
      2026-01-13 22:45:00  1         3C           0B           20           A1
                                     86           4D           06           A3
                                     21           2E           86           4B
                                     06           3E           21           86
                                     86           49           05           DE
                                     21           6B           86           37
                                     05           5E           21           A7
                                     86           15           05
      2026-01-13 22:45:44  1         F1           0C           14           1F
                                     FF           85           82           04
                                     B0           20           25           85
                                     54           04           49           1F
                                     73           84           FD           03
                                     EC           21           5F           85
                                     18           03           83           22
                                     51           85           26
      2026-01-13 22:46:28  1         F9           0D           03           1F
                                     22           D5           84           DB
                                     02           C0           24           B9
                                     84           75           02           50
                                     24           F8           84           63
                                     01           F7           25           12
                                     84           63           01           C5
                                     25           48           84
      2026-01-13 22:47:12  1         FF           0E           67           01
                                     78           25           4B           84
                                     69           01           41           25
                                     55           84           6A           01
                                     1C           25           50           84
                                     69           00           F9           25
                                     4D           84           69           00
                                     C3           25           4F
      2026-01-13 22:47:56  1         CA           0F           84           6A
                                     00           90           25           6A
                                     84           6E           00           64
                                     25           6C           84           6E
                                     00           28           00           07
                                     FF           93           06           05
                                     2E           50           61           62
                                     61           FF           FF
      2026-01-13 22:48:43  1         DA           01           21           03
                                     2B           4A           3B           80
                                     01           00           FF           F7
                                     F7           97           40           0A
                                     00           00           00           00
                                     92           04           85           37
                                     74           CB           8C           4E
                                     0E           03           A6
      2026-01-13 22:49:24  1         6E           02           51           42
                                     66           69           00           F4
                                     04           00           D8           0C
                                     3C           27           35           00
                                     34           00           36           0B
                                     B3           26           D8           0D
                                     4B           26           E4           26
                                     14           27           95
      2026-01-13 22:50:08  1         AE           03           53           7B
                                     09           B6           0D           17
                                     87           15           26           AE
                                     09           00           88           0F
                                     4E           1E           09           56
                                     88           03           4A           36
                                     09           B3           87           FE
                                     46           53           09
      2026-01-13 22:50:52  1         69           04           E0           87
                                     ED           42           6B           0A
                                     30           87           DC           3E
                                     7D           0A           8A           87
                                     C7           3A           95           0A
                                     B6           87           A6           36
                                     B3           0A           DC           87
                                     97           34           B7
      2026-01-13 22:51:36  1         67           05           0A           F4
                                     87           85           32           C7
                                     0A           D0           87           61
                                     30           D5           0A           85
                                     87           39           2E           E4
                                     0B           D0           87           42
                                     2C           F0           0C           57
                                     87           41           2A
      2026-01-13 22:52:20  1         DA           06           FB           0B
                                     BA           87           00           29
                                     04           0D           03           87
                                     11           27           13           0D
                                     B6           87           07           25
                                     1F           0D           1B           86
                                     CE           23           24           0E
                                     A0           86           D0
02602 152392  17 31 R 2 2026-01-14 01:12:02 -44.577   56.849  0.000 401649871
      2026-01-14 01:10:12  1         FF           0E           63           01
                                     78           25           4B           84
                                     69           01           C1           25
                                     55           84           6A           01
                                     1C           25           50           84
                                     69           00           F9           25
                                     4D           84           69           00
                                     C3           25           4F
      2026-01-14 01:11:43  1         E2           01           2E           03
                                     2B           4A           3B           80
                                     01           00           FF           F7
                                     F7           97           40           0A
                                     00           00           00           00
                                     92           04           85           37
                                     74           CB           8C           4E
                                     0E           03           A6
      2026-01-14 01:12:24  1         6E           02           51           42
                                     66           69           00           F4
                                     04           00           D8           0C
                                     3C           27           35           00
                                     34           00           36           0B
                                     B3           26           D8           0D
                                     4B           26           E4           26
                                     14           27           95
      2026-01-14 01:13:08  1         9E           03           53           7A
                                     09           B6           0D           17
                                     87           15           26           AE
                                     09           00           88           0F
                                     4E           1E           09           56
                                     88           03           4A           36
                                     09           B3           87           FE
                                     46           53           09
      2026-01-14 01:13:52  1         69           04           E0           87
                                     ED           42           6B           0A
                                     30           87           DC           3E
                                     7D           0A           8A           87
                                     C7           3A           95           0A
                                     B6           87           A6           36
                                     B3           0A           DC           87
                                     97           34           B7
      2026-01-14 01:14:36  1         67           05           0A           F4
                                     87           85           32           C7
                                     0A           D0           87           61
                                     30           D5           0A           85
                                     87           39           2E           E4
                                     0B           D0           87           42
                                     2C           F0           0C           57
                                     87           41           2A
      2026-01-14 01:15:20  1         DA           06           FB           0B
                                     BA           87           00           29
                                     04           0D           03           87
                                     11           27           13           0D
                                     B6           87           07           25
                                     1F           0D           1B           86
                                     CE           23           24           0E
                                     A0           86           D0
      2026-01-14 01:16:04  1         33           07           21           36
                                     0D           3B           86           73
                                     1F           42           0C           72
                                     86           32           1D           4A
                                     0C           A9           86           05
                                     1B           58           0D           1A
                                     85           E2           19           62
                                     0E           41           85
      2026-01-14 01:16:48  1         91           08           DF           17
                                     6C           0E           43           85
                                     A8           15           7C           12
                                     92           86           21           13
                                     89           13           06           86
                                     0B           11           97           14
                                     8A           86           07           0F
                                     A2           13           EC
      2026-01-14 01:17:32  1         7C           09           85           B8
                                     0E           15           16           DB
                                     86           03           0C           E8
                                     19           D8           86           52
                                     0B           B6           17           01
                                     85           BE           0A           F3
                                     16           80           85           83
                                     0A           29           19
      2026-01-14 01:18:16  1         22           0A           7F           85
                                     CA           09           5D           1D
                                     26           86           39           08
                                     94           1A           18           85
                                     73           07           D0           1D
                                     0E           85           C0           07
                                     6A           1F           B1           86
                                     2E           07           08
      2026-01-14 01:19:00  1         3C           0B           20           A1
                                     86           4D           06           A3
                                     21           2E           86           4B
                                     06           3E           21           86
                                     86           49           05           DC
                                     63           79           86           37
                                     05           5E           21           A7
                                     86           15           05
      2026-01-14 01:19:44  1         F1           0C           14           1F
                                     FF           85           82           04
                                     B0           20           25           85
                                     54           04           49           1F
                                     73           84           FD           03
                                     EC           21           5F           85
                                     18           03           83           22
                                     51           85           26
      2026-01-14 01:20:28  1         F9           0D           03           1F
                                     22           D5           84           DB
                                     02           C0           24           B9
                                     84           75           02           50
                                     24           F8           84           63
                                     01           F7           25           12
                                     84           63           01           C5
                                     25           48           84
      2026-01-14 01:21:12  1         FF           0E           67           01
                                     78           25           4B           84
                                     69           01           41           25
                                     55           84           6A           01
                                     1C           25           50           84
                                     69           00           F9           25
                                     4D           84           69           00
                                     C3           25           4F
      2026-01-14 01:21:56  2         CA           0F           84           6A
                                     00           90           25           6A
                                     84           6E           00           64
                                     25           6C           84           6E
                                     00           28           00           07
                                     FF           93           06           05
                                     2E           50           61           62
                                     61           FF           FF
02602 152392   8 31 C 1 2026-01-14 02:32:52 -44.577   56.878  0.000 401649868
      2026-01-14 02:30:08  1         AE           03           53           7B
                                     09           B6           0D           17
                                     87           15           26           AE
                                     09           00           88           0F
                                     4E           1E           09           56
                                     88           03           4A           36
                                     09           B3           87           FE
                                     46           53           09
      2026-01-14 02:30:52  1         69           04           E0           87
                                     ED           42           6B           0A
                                     30           87           DC           3E
                                     7D           0A           8A           87
                                     C7           3A           95           0A
                                     B6           87           A6           36
                                     B3           0A           DC           87
                                     97           34           B7
      2026-01-14 02:31:36  1         67           05           0A           F4
                                     87           85           32           C7
                                     0A           D0           87           61
                                     30           D5           0A           85
                                     87           39           2E           E4
                                     0B           D0           87           42
                                     2C           F0           0C           57
                                     87           41           2A
      2026-01-14 02:32:20  1         DA           06           FB           0B
                                     BA           87           00           29
                                     04           0D           03           87
                                     11           27           13           0D
                                     B6           87           07           25
                                     1F           0D           1B           86
                                     CE           23           24           0E
                                     A0           86           D0
      2026-01-14 02:33:04  1         33           07           31           36
                                     0D           3B           86           73
                                     1F           42           0C           72
                                     86           32           1D           4A
                                     0C           A9           86           05
                                     1B           58           0D           1A
                                     85           E2           19           62
                                     0E           41           85
      2026-01-14 02:33:48  1         91           08           DF           17
                                     6C           0E           43           85
                                     A8           15           7C           12
                                     92           86           21           13
                                     89           13           06           86
                                     0B           11           97           14
                                     8A           86           07           0F
                                     A2           13           EC
      2026-01-14 02:35:16  1         22           0A           7F           85
                                     CA           09           5D           1D
                                     26           86           39           08
                                     94           1A           18           85
                                     73           07           D0           1D
                                     0E           85           C0           07
                                     6A           1F           B1           86
                                     2E           07           08
      2026-01-14 02:36:00  1         3C           0B           20           A1
                                     86           4D           06           A3
                                     21           2E           86           4B
                                     06           3E           21           86
                                     86           49           05           DE
                                     21           6B           86           37
                                     05           5E           21           A7
                                     86           15           05
02602 152392   4 31 R
      2026-01-14 02:49:12  1         FF           0E           67           01
                                     78           25           4B           84
                                     69           01           41           25
                                     55           84           6A           01
                                     1C           25           58           84
                                     69           00           F9           25
                                     4D           84           69           00
                                     C3           25           4F
      2026-01-14 02:49:56  1         CA           0F           84           6A
                                     00           90           25           6A
                                     84           6E           00           64
                                     25           6C           84           6E
                                     00           28           00           07
                                     FF           93           06           05
                                     2E           50           61           62
                                     61           FF           FF
      2026-01-14 02:50:43  1         5B           01           37           03
                                     2B           4A           3B           80
                                     01           00           FF           F7
                                     F7           97           40           0A
                                     00           00           00           00
                                     92           04           85           37
                                     74           CB           8C           4E
                                     0E           03           A6
      2026-01-14 02:51:24  1         6E           02           51           42
                                     66           68           00           F4
                                     04           00           D8           0C
                                     3C           27           35           00
                                     34           00           36           0B
                                     B3           26           D8           0D
                                     4B           26           E4           26
                                     14           27           95
02602 152393  12 31 R 3 2026-01-14 19:14:07 -36.791    0.461  0.000 401649787
      2026-01-14 19:09:32  1         63           07           1F           40
                                     14           7E           86           23
                                     1D           48           15           DC
                                     86           39           1B           5B
                                     18           38           86           61
                                     19           67           1A           F9
                                     86           A5           17           6E
                                     1D           4C           86
      2026-01-14 19:10:18  1         08           08           E8           15
                                     7B           20           8F           87
                                     4F           13           89           23
                                     2B           87           92           11
                                     78           25           19           87
                                     C2           0F           9F           27
                                     56           87           F6           0E
                                     15           29           91
      2026-01-14 19:11:04  1         0B           09           88           4E
                                     0C           E8           2E           33
                                     89           22           0B           BA
                                     2F           49           89           45
                                     0A           EC           30           6C
                                     89           68           0A           26
                                     31           9B           89           8E
                                     09           65           33
      2026-01-14 19:11:50  1         5E           0A           02           89
                                     B7           08           9C           34
                                     64           89           EB           07
                                     B9           34           AD           89
                                     F7           07           70           35
                                     24           8A           02           07
                                     02           35           6B           8A
                                     0B           06           9E
      2026-01-14 19:12:36  1         38           0B           35           77
                                     8A           07           06           43
                                     35           7B           89           F8
                                     05           E0           35           A9
                                     89           ED           05           73
                                     36           39           8A           04
                                     05           12           36           A7
                                     8A           08           04
      2026-01-14 19:13:22  1         31           0C           AE           36
                                     56           89           E2           04
                                     4B           36           68           89
                                     E1           03           EA           37
                                     85           8A           03           03
                                     85           38           A3           8A
                                     1B           03           20           3A
                                     F0           8A           54
      2026-01-14 19:14:08  1         7F           0D           02           C0
                                     45           09           89           F6
                                     02           56           49           0F
                                     8A           01           01           F6
                                     49           35           8A           02
                                     01           A6           49           3A
                                     8A           04           01           86
                                     49           3C           8A
      2026-01-14 19:14:54  1         45           0E           03           01
                                     5E           49           4E           8A
                                     02           01           2B           49
                                     76           8A           04           00
                                     FE           49           86           8A
                                     04           00           CC           49
                                     88           8A           05           00
                                     97           49           84
      2026-01-14 19:15:40  1         B3           0F           8A           06
                                     00           60           49           80
                                     8A           05           00           2B
                                     00           06           00           00
                                     06           04           26           46
                                     5C           62           63           FF
                                     FF           FF           FF           FF
                                     FF           FF           FF
      2026-01-14 19:16:29  1         2B           01           06           03
                                     04           4A           3A           80
                                     01           00           FF           F8
                                     F9           8D           42           09
                                     00           00           00           00
                                     91           06           82           3B
                                     69           CB           8E           40
                                     0A           02           92
      2026-01-14 19:17:12  1         26           02           A6           8C
                                     67           69           01           64
                                     00           00           D8           0F
                                     20           26           CB           00
                                     1F           00           1B           0E
                                     B1           26           BA           0F
                                     7B           26           D1           26
                                     83           27           1C
      2026-01-14 19:17:58  1         60           03           59           7A
                                     09           AB           0F           2A
                                     86           1C           26           C6
                                     0A           BC           87           CF
                                     4A           37           0A           D6
                                     87           AF           46           4D
                                     0A           F6           87           8E
                                     42           64           0B
02602 152393   9 31 C 2 2026-01-14 19:50:55 -36.792    0.468  0.000 401649785
      2026-01-14 19:47:52  1         31           0C           AE           36
                                     56           89           E2           04
                                     4B           36           68           89
                                     E1           03           EA           37
                                     85           8A           03           03
                                     85           38           A3           8A
                                     1B           03           20           3A
                                     F0           8A           54
      2026-01-14 19:48:38  1         7F           0D           02           C0
                                     45           09           89           F6
                                     02           56           49           0F
                                     8A           01           01           F6
                                     49           35           8A           02
                                     01           A6           49           3A
                                     8A           04           01           86
                                     49           3C           8A
      2026-01-14 19:49:24  1         45           0E           03           01
                                     5E           49           4E           8A
                                     02           01           2B           49
                                     76           8A           04           00
                                     FE           49           86           8A
                                     04           00           CC           49
                                     88           8A           05           00
                                     97           49           84
      2026-01-14 19:50:10  1         B3           0F           8A           06
                                     00           60           49           80
                                     8A           05           00           2B
                                     00           06           00           00
                                     06           04           26           46
                                     5C           62           63           FF
                                     FF           FF           FF           FF
                                     FF           FF           FF
      2026-01-14 19:50:59  1         13           01           09           03
                                     04           4A           3A           80
                                     01           00           FF           F8
                                     F9           8D           42           09
                                     00           00           00           00
                                     91           06           82           3B
                                     69           CB           8E           40
                                     0A           02           92
      2026-01-14 19:51:42  1         26           02           A6           8C
                                     67           69           01           64
                                     00           00           D8           0F
                                     20           26           CB           00
                                     1F           00           1B           0E
                                     B1           26           BA           0F
                                     7B           26           D1           26
                                     83           27           1C
      2026-01-14 19:52:28  1         7F           03           59           78
                                     09           AB           0F           2A
                                     86           1C           26           C6
                                     0A           BC           87           CF
                                     4A           37           0A           D6
                                     87           AF           46           4D
                                     0A           F6           87           8E
                                     42           64           0B
      2026-01-14 19:53:14  1         70           04           12           87
                                     63           3E           82           0B
                                     4F           87           2D           3A
                                     99           0B           96           86
                                     ED           36           B3           0C
                                     06           86           D8           34
                                     BA           0C           52           86
                                     C3           32           CA
      2026-01-14 19:54:00  1         7A           05           0C           28
                                     86           97           30           D7
                                     0C           E7           86           8D
                                     2E           C7           0C           EF
                                     86           61           2C           EF
                                     0D           7F           86           50
                                     2A           F9           0E           1F
                                     86           41           29
02602 152393  17 31 B 3 2026-01-14 20:58:39 -36.808    0.462  0.000 401649786
      2026-01-14 20:46:08  1         7F           0D           02           C0
                                     45           09           89           F6
                                     02           56           49           0F
                                     8A           01           01           F6
                                     49           35           8A           02
                                     01           A6           49           3A
                                     8A           04           01           86
                                     49           3C           8A
      2026-01-14 20:46:54  1         45           0E           03           01
                                     5E           49           4E           8A
                                     02           01           2B           49
                                     76           8A           04           00
                                     FE           49           86           8A
                                     04           00           CC           49
                                     88           8A           01           00
                                     97           49           84
      2026-01-14 20:47:40  1         B3           0F           8A           02
                                     00           60           49           00
                                     8E           07           00           2B
                                     00           06           00           00
                                     06           04           26           46
                                     5C           63           63           FF
                                     DF           FF           DF           FF
                                     FF           FF           FF
      2026-01-14 20:48:29  1         E3           01           0E           03
                                     04           4A           3A           80
                                     01           00           FF           F8
                                     F9           8D           42           09
                                     00           00           00           00
                                     91           06           82           3B
                                     69           CB           8F           42
                                     0B           02           D5
      2026-01-14 20:49:12  1         26           02           A6           8C
                                     67           69           01           64
                                     00           00           D8           0F
                                     20           27           C9           03
                                     5F           00           1A           0E
                                     B1           26           BE           0F
                                     7B           26           D1           26
                                     83           27           1C
      2026-01-14 20:49:58  1         F0           03           59           7C
                                     09           AB           0F           2A
                                     86           1C           26           C6
                                     0A           BC           87           CF
                                     4A           37           0A           D6
                                     87           AF           46           4D
                                     0A           F6           87           8E
                                     42           64           0B
      2026-01-14 20:50:44  1         70           04           12           87
                                     63           3E           82           0B
                                     4F           87           2D           3A
                                     99           0B           96           86
                                     ED           36           B3           0C
                                     06           86           D8           34
                                     BA           0C           52           86
                                     C3           32           CA
      2026-01-14 20:52:16  1         14           06           08           0E
                                     97           87           2E           06
                                     F6           0F           25           86
                                     1A           25           20           10
                                     4E           86           0B           23
                                     27           11           34           86
                                     03           A1           34           12
                                     B8           86           00
      2026-01-14 20:53:02  1         63           07           1F           40
                                     14           7E           86           23
                                     1D           48           15           DC
                                     86           39           1B           5B
                                     18           38           86           61
                                     19           67           1A           F9
                                     86           A5           17           6E
                                     1D           4C           86
      2026-01-14 20:53:48  1         08           08           E8           15
                                     7B           20           0F           87
                                     4F           13           89           23
                                     2B           87           92           11
                                     78           25           19           87
                                     C2           0F           9F           27
                                     56           87           F6           0E
                                     15           29           91
      2026-01-14 20:54:34  1         0B           09           88           4E
                                     0C           E8           2E           33
                                     89           22           0B           BA
                                     2F           49           89           45
                                     0A           EC           30           6C
                                     89           68           0A           26
                                     31           9B           89           8E
                                     09           65           33
      2026-01-14 20:55:20  1         5E           0A           02           89
                                     B7           08           9C           34
                                     64           89           EB           07
                                     B9           34           AD           89
                                     F7           07           70           35
                                     24           8A           02           07
                                     02           35           6B           8A
                                     0B           06           9E
      2026-01-14 20:56:06  1         38           0B           35           77
                                     8A           07           06           43
                                     25           7B           A9           7D
                                     73           88           25           3C
                                     38           ED           1E           8C
                                     92           39           B5           44
                                     1A           EA           33           71
                                     01           FB           DE
      2026-01-14 20:56:52  1         31           0C           AE           36
                                     56           89           E2           04
                                     4B           36           2C           89
                                     21           03           EA           37
                                     85           8A           03           03
                                     85           38           A3           8A
                                     1B           03           20           3A
                                     F2           88           D4
      2026-01-14 20:57:38  1         7F           0D           02           C0
                                     45           09           89           F6
                                     02           16           59           5F
                                     10           3D           80           7A
                                     12           DB           3B           06
                                     F0           D4           C4           A2
                                     46           E2           7C           CC
                                     A7           6E           39
      2026-01-14 20:58:24  1         45           0E           03           01
                                     5E           49           4E           8A
                                     02           01           2B           49
                                     76           8A           04           00
                                     FE           49           86           8A
                                     04           00           CC           49
                                     88           8A           05           00
                                     97           49           84
      2026-01-14 20:59:59  1         70           01           0F           03
                                     04           4A           3A           80
                                     01           00           FF           F8
                                     F9           8D           42           09
                                     00           00           00           00
                                     91           06           82           3B
                                     69           CB           8F           42
                                     0B           02           D5
02602 152393  18 31 C 3 2026-01-14 21:37:44 -36.813    0.469  0.000 401649786
      2026-01-14 21:26:46  1         14           06           08           0E
                                     97           86           27           26
                                     F6           0F           25           86
                                     1A           25           20           10
                                     4E           86           0B           23
                                     27           11           34           86
                                     03           21           34           12
                                     B8           86           08
      2026-01-14 21:27:32  1         63           07           1F           40
                                     14           7E           86           23
                                     1D           68           15           FC
                                     16           B9           8B           CB
                                     38           38           86           61
                                     19           67           1A           F9
                                     86           A5           17           6E
                                     1D           4C           86
      2026-01-14 21:28:18  1         08           08           E8           15
                                     7B           20           8F           87
                                     4F           13           89           23
                                     2B           87           92           11
                                     78           25           19           87
                                     C2           0F           9F           27
                                     56           87           F6           0E
                                     15           29           91
      2026-01-14 21:29:04  1         0B           09           88           4E
                                     0C           E8           2E           33
                                     89           22           0B           BA
                                     2F           49           89           45
                                     0A           EC           30           6C
                                     89           68           0A           26
                                     31           9B           89           8E
                                     09           65           33
      2026-01-14 21:29:50  1         5E           0A           02           89
                                     B7           08           9C           34
                                     64           89           EB           07
                                     B9           34           AD           89
                                     F7           07           70           35
                                     24           8A           02           07
                                     02           35           6B           8A
                                     0B           06           9E
      2026-01-14 21:30:36  1         38           0B           35           77
                                     8A           07           06           43
                                     35           7B           89           F8
                                     05           E0           35           A9
                                     89           ED           05           73
                                     36           39           8A           04
                                     05           12           36           A7
                                     8A           08           04
      2026-01-14 21:31:22  1         31           0C           AE           36
                                     56           89           E2           04
                                     4B           36           68           89
                                     E1           03           EA           37
                                     85           8A           03           03
                                     85           38           A3           8A
                                     1B           03           20           3A
                                     F0           8A           54
      2026-01-14 21:32:08  1         7F           0D           02           C0
                                     45           09           89           F6
                                     02           56           49           0F
                                     8A           01           01           F6
                                     49           35           8A           02
                                     01           A6           49           3A
                                     8A           04           01           86
                                     49           3C           8A
      2026-01-14 21:32:54  1         45           0E           03           01
                                     5E           49           4E           8A
                                     02           01           2B           49
                                     76           8A           04           00
                                     FE           49           86           8A
                                     04           00           CC           49
                                     88           8A           05           00
                                     97           49           84
      2026-01-14 21:34:29  1         31           01           12           03
                                     04           4A           3A           80
                                     01           00           FF           F8
                                     F9           8D           42           09
                                     00           00           00           00
                                     91           06           82           3B
                                     69           CB           8F           42
                                     0B           02           D5
      2026-01-14 21:35:12  1         26           02           A6           8C
                                     67           69           01           64
                                     00           00           D8           0F
                                     20           26           CB           00
                                     1F           00           1B           0E
                                     B1           26           BA           0F
                                     7B           26           D1           26
                                     83           27           1C
      2026-01-14 21:35:58  2         C0           03           59           7D
                                     09           AB           0F           2A
                                     86           1C           26           C6
                                     0A           BC           87           CF
                                     4A           37           0A           D6
                                     87           AF           46           4D
                                     0A           F6           87           8E
                                     42           64           0B
      2026-01-14 21:36:44  2         70           04           12           87
                                     63           3E           82           0B
                                     4F           87           2D           3A
                                     99           0B           96           86
                                     ED           36           B3           0C
                                     06           86           D8           34
                                     BA           0C           52           86
                                     C3           32           CA
      2026-01-14 21:37:30  2         7A           05           0C           28
                                     86           97           30           D7
                                     0C           E7           86           8D
                                     2E           C7           0C           EF
                                     86           61           2C           EF
                                     0D           7F           86           50
                                     2A           F9           0E           1F
                                     86           41           29
      2026-01-14 21:39:02  1         63           07           1F           40
                                     14           7E           86           23
                                     1D           48           15           DC
                                     86           39           1B           5B
                                     18           38           86           61
                                     19           67           1A           F9
                                     86           A5           17           6E
                                     1D           4C           86
02602 152393   7 31 B 3 2026-01-14 22:28:51 -36.823    0.476  0.000 401649786
      2026-01-14 22:28:06  1         38           0B           35           77
                                     8A           07           06           43
                                     35           7B           89           F8
                                     05           E0           35           A9
                                     89           ED           05           73
                                     36           39           8A           04
                                     05           12           36           A7
                                     8A           08           04
      2026-01-14 22:28:52  1         31           0C           AE           36
                                     56           89           E2           04
                                     4B           36           68           89
                                     E1           03           EA           37
                                     85           8A           03           03
                                     85           38           A3           8A
                                     1B           03           20           3A
                                     F0           8A           54
      2026-01-14 22:29:38  1         7F           0D           02           C0
                                     45           09           89           F6
                                     02           56           49           0F
                                     8A           01           01           F6
                                     49           35           8A           02
                                     01           A6           49           3A
                                     8A           04           01           86
                                     49           3C           8A
      2026-01-14 22:30:24  1         45           0E           03           01
                                     5E           49           4E           8A
                                     02           01           2B           49
                                     76           8A           04           00
                                     FE           49           86           8A
                                     04           00           CC           49
                                     88           8A           05           00
                                     97           49           84
      2026-01-14 22:31:10  1         B3           4F           8E           06
                                     00           60           49           80
                                     8A           05           00           2B
                                     10           14           87           39
                                     72           DA           0B           05
                                     21           00           A5           F3
                                     08           03           5F           3E
                                     CF           5D           6C
      2026-01-14 22:35:00  1         7A           05           0C           28
                                     86           97           30           D7
                                     0C           E7           86           8D
                                     2E           C7           0C           EF
                                     86           61           2C           EF
                                     0D           7F           86           50
                                     2A           F9           0E           1F
                                     86           41           29
      2026-01-14 22:35:46  1         14           06           08           0E
                                     97           86           27           26
                                     F6           0F           25           86
                                     1A           25           20           10
                                     4E           86           0B           23
                                     27           11           34           86
                                     03           21           34           12
                                     B8           86           08
02602 152393  17 31 C 3 2026-01-14 23:17:58 -36.829    0.488  0.000 401649786
      2026-01-14 23:06:29  1         59           01           1A           03
                                     04           4A           3A           80
                                     01           00           FF           F8
                                     F9           8D           42           09
                                     00           00           00           00
                                     91           06           82           3B
                                     69           CB           8F           42
                                     0B           02           D5
      2026-01-14 23:07:12  1         26           02           A6           8C
                                     67           69           01           64
                                     00           00           D8           0F
                                     20           26           CB           00
                                     1F           00           1B           0E
                                     B1           26           BA           0F
                                     7B           26           D1           26
                                     83           27           1C
      2026-01-14 23:07:58  1         F0           03           59           7C
                                     09           AB           0F           2A
                                     86           1C           26           C6
                                     0A           BC           87           CF
                                     4A           37           0A           D6
                                     87           AF           46           4D
                                     0A           F6           87           8E
                                     42           64           0B
      2026-01-14 23:08:44  1         70           04           12           87
                                     63           3E           82           0B
                                     4F           87           2D           3A
                                     99           0B           96           86
                                     ED           36           B3           0C
                                     06           86           D8           34
                                     BA           0C           52           86
                                     C3           32           CA
      2026-01-14 23:09:30  1         7A           05           0C           28
                                     86           97           30           D7
                                     0C           E7           86           8D
                                     2E           C7           0C           EF
                                     86           61           2C           EF
                                     0D           7F           86           50
                                     2A           F9           0E           1F
                                     86           41           29
      2026-01-14 23:10:16  1         14           06           08           0E
                                     97           86           27           26
                                     F6           0F           25           86
                                     1A           25           20           10
                                     4E           86           0B           23
                                     27           11           34           86
                                     03           21           34           12
                                     B8           86           08
      2026-01-14 23:11:02  1         63           07           1F           40
                                     14           7E           86           23
                                     1D           48           15           DC
                                     86           39           1B           5B
                                     18           38           86           61
                                     19           67           1A           F9
                                     86           A5           17           6E
                                     1D           4C           86
      2026-01-14 23:11:48  1         08           08           E8           15
                                     7B           20           8F           87
                                     4F           13           89           23
                                     2B           87           92           11
                                     78           25           19           87
                                     D2           0F           9F           A7
                                     76           87           F6           0E
                                     15           29           91
      2026-01-14 23:12:34  1         0B           09           88           4E
                                     0C           E8           2E           33
                                     89           22           0B           BA
                                     2F           49           89           45
                                     0A           EC           30           6C
                                     89           68           0A           26
                                     31           9B           89           8E
                                     09           65           33
      2026-01-14 23:13:20  1         5E           0A           02           89
                                     B7           08           9C           34
                                     64           89           EB           07
                                     B9           34           AD           89
                                     F7           07           70           35
                                     24           8A           02           07
                                     02           35           6B           8A
                                     0B           06           9E
      2026-01-14 23:14:06  1         38           0B           35           77
                                     8A           07           06           43
                                     35           7B           89           F8
                                     05           E0           35           A9
                                     89           ED           05           73
                                     36           39           8A           04
                                     05           12           36           A7
                                     8A           08           04
      2026-01-14 23:14:52  1         31           0C           AE           36
                                     56           89           E2           04
                                     4B           36           68           89
                                     E1           03           EA           37
                                     85           8A           03           03
                                     85           38           A3           8A
                                     1B           03           20           3A
                                     F0           8A           54
      2026-01-14 23:15:38  1         7F           0D           02           C0
                                     45           09           89           F6
                                     02           56           49           0F
                                     8A           01           01           F6
                                     49           35           8A           02
                                     01           A6           49           3A
                                     8A           04           01           86
                                     49           3C           8A
      2026-01-14 23:16:24  1         45           0E           03           01
                                     5E           49           4E           8A
                                     02           01           2B           49
                                     76           8A           04           00
                                     FE           49           86           8A
                                     04           00           CC           49
                                     88           8A           05           00
                                     97           49           84
      2026-01-14 23:17:10  2         B3           0F           8A           06
                                     00           60           49           80
                                     8A           05           00           2B
                                     00           06           00           00
                                     06           04           26           46
                                     5C           62           63           FF
                                     FF           FF           FF           FF
                                     FF           FF           FF
      2026-01-14 23:17:58  1         C1           01           1B           23
                                     04           4A           3A           80
                                     01           00           FF           F8
                                     F9           8D           42           09
                                     00           00           00           00
                                     91           06           82           3B
                                     69           CB           8F           42
                                     0B           02           D5
02602 152393  18 31 3 3 2026-01-14 23:52:26 -36.826    0.499  0.000 401649785
      2026-01-14 23:40:10  1         B3           0F           8A           06
                                     00           60           49           80
                                     8A           05           92           4B
                                     24           92           24           92
                                     26           5B           24           99
                                     A3           93           BA           66
                                     59           9B           B6           7F
                                     FF           E0           0F
      2026-01-14 23:40:59  1         09           01           1D           03
                                     04           4A           3A           80
                                     01           00           FF           F8
                                     F9           8D           42           09
                                     00           00           00           00
                                     91           06           82           3B
                                     69           CB           8F           42
                                     0B           02           D5
      2026-01-14 23:42:28  1         F0           03           59           7C
                                     09           AB           0F           2A
                                     86           1C           26           C6
                                     0A           BC           87           CF
                                     4A           37           0A           D6
                                     87           AF           46           4D
                                     0A           F6           87           8E
                                     42           64           0B
      2026-01-14 23:43:14  1         70           04           12           87
                                     63           3E           82           0B
                                     4F           87           2D           3A
                                     99           0B           96           86
                                     ED           36           B3           0C
                                     06           86           D8           34
                                     BA           0C           52           86
                                     C3           32           CA
      2026-01-14 23:44:00  1         7A           05           0C           28
                                     86           97           30           D7
                                     0C           E7           86           8D
                                     2E           C7           0C           EF
                                     86           61           2C           EF
                                     0D           7F           86           50
                                     2A           F9           0E           1F
                                     86           41           29
      2026-01-14 23:44:46  1         14           06           08           0E
                                     97           86           27           26
                                     F6           0F           25           86
                                     1A           25           20           10
                                     4E           86           0B           23
                                     27           11           34           86
                                     03           21           34           12
                                     B8           86           08
      2026-01-14 23:45:32  1         63           07           1F           40
                                     14           7E           86           23
                                     1D           48           15           DC
                                     86           39           1B           5B
                                     18           38           86           61
                                     19           67           1A           F9
                                     86           A5           17           6E
                                     1D           4C           86
      2026-01-14 23:46:18  1         08           08           E8           15
                                     7B           20           8F           87
                                     4F           13           89           23
                                     2B           87           92           11
                                     78           25           19           87
                                     C2           0F           9F           27
                                     56           87           F6           0E
                                     15           29           91
      2026-01-14 23:47:04  1         0B           09           88           4E
                                     0C           E8           2E           33
                                     89           22           0B           BA
                                     2F           49           89           45
                                     0A           EC           30           6C
                                     89           68           0A           26
                                     31           9B           89           8E
                                     09           65           33
      2026-01-14 23:47:50  1         5E           0A           02           89
                                     B7           08           9C           34
                                     64           89           EB           07
                                     B9           34           AD           89
                                     F7           07           70           35
                                     24           8A           02           07
                                     02           35           6B           8A
                                     0B           06           9E
      2026-01-14 23:48:36  1         38           0B           35           77
                                     8A           07           06           43
                                     35           7B           89           F8
                                     05           E0           35           A9
                                     89           ED           05           73
                                     36           39           8A           04
                                     05           12           36           A7
                                     8A           08           04
      2026-01-14 23:49:22  1         31           0C           AE           36
                                     56           89           E2           04
                                     4B           36           68           89
                                     E1           03           EA           37
                                     85           8A           03           03
                                     85           38           A3           8A
                                     1B           03           20           3A
                                     F0           8A           54
      2026-01-14 23:50:08  1         7F           0D           02           C0
                                     45           09           89           F6
                                     02           56           49           0F
                                     8A           01           01           F6
                                     49           35           8A           02
                                     01           A6           49           3A
                                     8A           04           01           86
                                     49           3C           8A
      2026-01-14 23:50:54  1         45           0E           03           01
                                     5E           49           4E           8A
                                     02           01           2B           49
                                     76           8A           04           00
                                     FE           49           86           8A
                                     04           00           CC           49
                                     88           8A           05           00
                                     97           49           84
      2026-01-14 23:51:40  1         B3           0F           8A           06
                                     00           60           49           80
                                     8A           05           00           2B
                                     00           06           00           00
                                     06           04           26           46
                                     5C           62           63           FF
                                     FF           FF           FF           FF
                                     FF           F6           FD
      2026-01-14 23:52:28  1         49           01           1E           03
                                     04           4A           3A           80
                                     01           00           FF           F8
                                     F9           8D           42           09
                                     00           00           00           00
                                     91           06           82           3B
                                     69           CB           8F           42
                                     0B           02           D5
      2026-01-14 23:53:12  2         26           02           A6           8C
                                     67           69           01           64
                                     00           00           D8           0F
                                     20           26           CB           00
                                     1F           00           1B           0E
                                     B1           26           BA           0F
                                     7B           26           D1           26
                                     83           27           1C
02602 152393  17 31 3 3 2026-01-15 01:25:11 -36.819    0.533  0.000 401649786
      2026-01-15 01:20:36  1         38           0B           35           77
                                     8A           07           06           43
                                     35           7B           89           F8
                                     05           E0           35           A9
                                     89           ED           05           73
                                     36           39           8A           04
                                     05           12           36           A7
                                     8A           08           04
      2026-01-15 01:21:22  1         31           0C           AE           36
                                     56           89           E2           04
                                     4B           36           68           89
                                     E1           03           EA           37
                                     85           8A           03           03
                                     85           38           A3           8A
                                     1B           03           20           3A
                                     F0           8A           54
      2026-01-15 01:22:08  1         7F           0D           02           C0
                                     45           09           89           F6
                                     02           56           49           0F
                                     8A           01           01           F6
                                     49           35           8A           02
                                     01           A6           49           3A
                                     8A           04           01           86
                                     49           3C           8A
      2026-01-15 01:22:54  1         45           0E           03           01
                                     5E           49           4E           A2
                                     22           01           2B           49
                                     76           8A           04           00
                                     FE           49           86           8A
                                     04           00           CC           49
                                     88           8A           05           00
                                     97           49           84
      2026-01-15 01:23:40  1         B3           0F           8A           06
                                     00           60           49           80
                                     8A           05           00           2B
                                     00           06           00           00
                                     06           04           26           46
                                     5C           62           63           FF
                                     FF           FF           FF           FF
                                     FF           FF           FF
      2026-01-15 01:24:28  1         13           01           26           03
                                     04           4A           3A           80
                                     01           00           FF           F8
                                     F9           8D           42           09
                                     00           00           00           00
                                     91           06           82           3B
                                     69           CB           8F           42
                                     0B           02           D5
      2026-01-15 01:25:12  1         26           02           A6           8C
                                     67           69           01           64
                                     00           00           D8           0F
                                     20           26           CB           00
                                     1F           00           1B           0E
                                     B1           26           BA           0F
                                     7B           26           D1           26
                                     83           27           1C
      2026-01-15 01:25:58  1         50           03           59           7B
                                     09           AB           0F           2A
                                     86           1C           26           C6
                                     0A           BC           87           CF
                                     4A           37           0A           D6
                                     87           AF           46           4D
                                     0A           F6           87           8E
                                     42           64           0B
      2026-01-15 01:26:44  1         70           04           12           87
                                     63           3E           82           0B
                                     4F           87           2D           3A
                                     99           0B           96           86
                                     ED           36           B3           0C
                                     06           86           D8           34
                                     BA           0C           52           86
                                     C3           32           CA
      2026-01-15 01:27:30  1         7A           05           0C           28
                                     86           97           30           D7
                                     0C           E7           86           8D
                                     2E           C7           0C           EF
                                     86           61           2C           EF
                                     0D           7F           86           50
                                     2A           F9           0E           1F
                                     86           41           29
      2026-01-15 01:28:16  1         14           06           08           0E
                                     97           86           27           26
                                     F6           0F           25           86
                                     1A           25           20           10
                                     4E           86           0B           23
                                     27           11           34           86
                                     03           21           34           12
                                     B8           86           08
      2026-01-15 01:29:02  1         63           07           1F           40
                                     14           7E           86           23
                                     1D           48           15           DC
                                     86           39           1B           5B
                                     18           38           86           61
                                     19           67           1A           F9
                                     86           A5           17           6E
                                     1D           4C           86
      2026-01-15 01:29:48  1         08           08           E8           15
                                     7B           20           8F           87
                                     4F           13           89           23
                                     2B           87           92           11
                                     78           25           19           87
                                     C2           0F           9F           27
                                     56           87           F6           0E
                                     15           29           91
      2026-01-15 01:30:34  2         0B           09           88           4E
                                     0C           E8           2E           33
                                     89           22           0B           BA
                                     2F           49           89           45
                                     0A           EC           30           6C
                                     89           68           0A           26
                                     31           9B           89           8E
                                     09           65           33
      2026-01-15 01:31:20  2         5E           0A           02           89
                                     B7           08           9C           34
                                     64           89           EB           07
                                     B9           34           AD           89
                                     F7           07           70           35
                                     24           8A           02           07
                                     02           35           6B           8A
                                     0B           06           9E
02602 152397  16 31 3 3 2026-01-20 08:26:18   9.406   67.646  0.000 401649761
      2026-01-20 08:26:29  1         1C           0B           47           FD
                                     8E           F6           06           3E
                                     49           E2           8F           16
                                     05           E1           4C           08
                                     90           50           05           79
                                     54           F4           8F           C1
                                     05           1C           59           E4
                                     90           34           04
      2026-01-20 08:27:53  1         BA           0D           02           BE
                                     6E           EE           91           55
                                     02           5F           6E           EE
                                     91           4A           01           F7
                                     6E           ED           91           45
                                     01           AF           6E           EE
                                     91           42           01           8E
                                     6E           EE           91
      2026-01-20 08:28:35  1         A3           0E           3F           01
                                     5B           6E           F0           91
                                     3D           01           29           6E
                                     F4           91           02           00
                                     F5           6E           F2           90
                                     FE           00           CC           6E
                                     F5           90           F7           00
                                     97           6E           F7
      2026-01-20 08:29:17  1         9F           0F           90           F1
                                     00           66           6F           20
                                     90           E8           00           2E
                                     00           05           00           00
                                     06           08           2B           4B
                                     5C           5F           60           FF
                                     FF           FF           FF           FF
                                     FF           FF           FF
      2026-01-20 08:30:02  1         CA           01           08           03
                                     2C           69           3A           80
                                     01           00           00           02
                                     01           C0           4B           1D
                                     00           00           00           00
                                     92           06           7E           3D
                                     4D           E2           8F           43
                                     0C           03           20
      2026-01-20 08:30:41  1         8D           02           15           D8
                                     6E           69           01           6F
                                     02           00           D8           1F
                                     96           27           36           40
                                     5B           08           40           1E
                                     F2           A7           3B           20
                                     A4           25           86           25
                                     78           27           91
      2026-01-20 08:31:23  1         27           03           51           7A
                                     0C           BE           1F           3E
                                     8E           ED           27           2E
                                     0B           E9           8D           FE
                                     4A           36           0D           14
                                     8D           FD           46           53
                                     0E           95           8E           0C
                                     42           66           10
      2026-01-20 08:32:05  1         A8           04           81           8E
                                     22           3E           84           12
                                     62           8E           33           3A
                                     99           14           4C           8E
                                     40           36           B3           15
                                     B1           8E           52           34
                                     BB           16           E5           8E
                                     65           32           CF
      2026-01-20 08:32:47  1         A5           05           18           6A
                                     8E           7F           30           D9
                                     19           87           8E           91
                                     2E           DC           1A           92
                                     8E           98           2C           F2
                                     1B           DD           8E           AB
                                     2A           FB           1E           45
                                     8E           EB           29
      2026-01-20 08:33:29  1         51           06           00           1F
                                     F8           8F           09           27
                                     13           20           DB           8E
                                     FC           25           22           21
                                     C9           8E           F6           23
                                     2A           23           04           8F
                                     03           21           37           24
                                     2A           8F           06
      2026-01-20 08:34:11  1         01           07           1F           40
                                     25           46           8E           FB
                                     1D           49           26           7E
                                     8F           03           1B           57
                                     27           D1           8F           12
                                     19           65           29           97
                                     8F           30           17           72
                                     2A           0B           8F
      2026-01-20 08:34:53  1         FF           08           00           15
                                     82           2B           E4           8F
                                     1B           13           8B           2D
                                     37           8F           20           11
                                     95           2E           44           8E
                                     F8           0F           A2           2F
                                     E9           8E           F2           0E
                                     16           31           57
      2026-01-20 08:35:35  2         29           09           8E           F3
                                     0C           E3           33           38
                                     8E           E5           0B           B7
                                     34           75           8E           BF
                                     0A           EE           35           4B
                                     8E           B0           0A           26
                                     37           34           8E           BC
                                     09           61           39
      2026-01-20 08:36:17  2         E6           0A           31           8E
                                     9C           08           9A           3C
                                     DE           8E           F6           07
                                     CA           3F           0F           8E
                                     D1           07           70           42
                                     20           8F           2E           07
                                     0A           44           9B           8E
                                     E4           06           AA
02602 152397  15 31 R 3 2026-01-20 12:28:22   9.383   67.641  0.000 401649757
      2026-01-20 12:23:05  1         A8           04           81           8E
                                     22           3E           84           12
                                     62           8E           33           3A
                                     99           14           4C           8E
                                     48           36           B3           15
                                     B1           8E           52           34
                                     BB           16           E5           8E
                                     65           32           CF
      2026-01-20 12:23:47  1         A5           05           18           6A
                                     8E           7F           30           D9
                                     19           87           8E           91
                                     2E           DC           1A           92
                                     8E           98           2C           F2
                                     1B           DD           8E           AB
                                     2A           FB           1E           45
                                     8E           EB           29
      2026-01-20 12:24:29  1         51           06           00           1F
                                     F8           8F           09           27
                                     13           20           DB           8E
                                     FC           27           22           21
                                     C9           8E           F6           23
                                     2A           23           04           8F
                                     03           21           37           24
                                     2A           8F           06
      2026-01-20 12:25:11  1         01           07           1F           40
                                     25           46           8E           FB
                                     1D           49           26           7E
                                     8F           03           1B           57
                                     27           D1           8F           12
                                     19           65           29           97
                                     8F           30           17           72
                                     2A           0B           8F
      2026-01-20 12:25:53  1         FF           08           00           15
                                     82           2B           E4           8F
                                     1B           13           8B           2D
                                     37           8F           20           11
                                     95           2E           44           8E
                                     F8           0F           A2           2F
                                     E9           8E           F2           0E
                                     16           31           57
      2026-01-20 12:26:35  1         29           09           8E           F3
                                     0C           E3           33           38
                                     8E           E5           0B           B7
                                     34           75           8E           BF
                                     0A           EE           35           4B
                                     8E           B0           0A           26
                                     37           34           8E           BC
                                     09           61           39
      2026-01-20 12:27:17  1         E6           0A           31           8E
                                     9C           08           9A           3C
                                     DE           8E           F6           07
                                     CA           3F           0F           8E
                                     D1           07           70           42
                                     20           8F           2E           07
                                     0A           44           9B           8E
                                     E4           06           AA
      2026-01-20 12:28:41  1         9D           0C           AF           60
                                     0D           90           C9           04
                                     54           66           84           91
                                     74           03           EA           68
                                     CA           91           A9           03
                                     7C           6A           5F           91
                                     E1           03           20           6E
                                     E0           91           50
      2026-01-20 12:29:23  1         BA           0D           02           BE
                                     6C           EE           D1           55
                                     02           5F           4E           EE
                                     91           4A           01           F7
                                     6E           ED           91           45
                                     01           AF           6E           EE
                                     91           42           01           8E
                                     6E           EE           91
      2026-01-20 12:30:05  1         A3           0E           3F           01
                                     5B           6E           F0           91
                                     3D           01           29           6E
                                     F4           91           02           00
                                     F5           6E           F2           90
                                     FE           00           CC           6E
                                     F5           90           F7           00
                                     97           6E           F7
      2026-01-20 12:30:47  1         9F           0F           90           F1
                                     00           66           6F           20
                                     90           E8           00           2E
                                     00           05           00           00
                                     06           08           2B           4B
                                     5C           5F           60           FF
                                     FF           FF           FF           FF
                                     FF           FF           FF
      2026-01-20 12:31:32  1         4E           01           1F           03
                                     2C           69           3A           80
                                     01           00           00           02
                                     02           C0           4B           1D
                                     00           00           00           00
                                     92           06           7E           3D
                                     4D           E2           8F           43
                                     0C           03           20
      2026-01-20 12:32:11  1         8D           02           15           D8
                                     6E           69           01           6F
                                     02           00           D8           1F
                                     96           27           36           00
                                     5B           00           40           1E
                                     BA           27           3F           20
                                     A4           25           86           25
                                     78           27           91
      2026-01-20 12:32:53  1         27           03           51           7A
                                     0C           BE           1F           3E
                                     8E           ED           27           2E
                                     0B           E9           8D           FE
                                     4A           36           0D           14
                                     8D           FD           46           53
                                     0E           95           8E           0C
                                     42           66           10
      2026-01-20 12:33:35  1         A8           04           81           8E
                                     22           3E           84           12
                                     62           8E           33           3A
                                     99           14           4C           8E
                                     40           36           B3           15
                                     B1           8E           52           34
                                     BB           16           E5           8E
                                     65           32           CF
02602 152397  16 31 R 3 2026-01-20 14:08:05   9.376   67.639  0.000 401649756
      2026-01-20 14:02:29  1         1C           0B           47           FD
                                     8E           F6           06           3E
                                     49           E2           8F           16
                                     05           E1           4C           08
                                     90           50           05           79
                                     54           F4           8F           C1
                                     05           1C           59           E4
                                     90           34           04
      2026-01-20 14:04:35  1         A3           0E           38           FE
                                     A4           8E           F0           91
                                     C2           80           01           E8
                                     2B           21           03           C7
                                     05           6F           45           36
                                     32           6C           C3           9E
                                     EA           70           2D           40
                                     89           EF           14
      2026-01-20 14:05:17  1         9F           0F           90           F1
                                     00           66           6F           20
                                     90           E8           00           2E
                                     00           05           00           00
                                     06           08           2B           4B
                                     5C           5F           60           FF
                                     FF           FF           FF           FF
                                     FF           FF           FF
      2026-01-20 14:06:02  1         C4           01           28           03
                                     2C           69           3A           80
                                     01           00           00           02
                                     02           C0           4B           1D
                                     00           00           00           00
                                     92           06           7E           3D
                                     4D           E2           8F           43
                                     0C           03           20
      2026-01-20 14:06:41  1         8D           02           15           D8
                                     6E           69           01           6F
                                     02           00           D8           1F
                                     96           27           36           00
                                     5B           00           40           1E
                                     BA           27           3F           20
                                     A4           25           86           25
                                     78           27           91
      2026-01-20 14:07:23  1         77           03           51           79
                                     0C           BE           1F           3E
                                     8E           ED           27           2E
                                     0B           E9           8D           FE
                                     4A           36           0D           14
                                     8D           FD           46           53
                                     0E           95           8E           0C
                                     42           66           10
      2026-01-20 14:08:47  1         A5           05           18           6A
                                     8E           7F           30           D9
                                     19           87           8E           91
                                     2E           DC           1A           92
                                     8E           98           2C           F2
                                     1B           DD           8E           AB
                                     2A           FB           1E           45
                                     8E           EB           29
      2026-01-20 14:09:29  1         51           06           00           1F
                                     F8           8F           09           27
                                     13           20           DB           8E
                                     FC           25           22           21
                                     C9           8E           F6           23
                                     2A           23           04           8F
                                     03           21           37           24
                                     2A           8F           06
      2026-01-20 14:10:11  1         01           07           1F           40
                                     25           46           8E           FB
                                     1D           49           26           7E
                                     8F           03           1B           57
                                     27           D1           8F           12
                                     19           65           29           97
                                     8F           30           17           72
                                     2A           0B           8F
      2026-01-20 14:10:53  1         FF           08           00           15
                                     82           2B           E4           8F
                                     1B           13           8B           2D
                                     37           8F           20           11
                                     95           2E           44           8E
                                     F8           0F           A2           2F
                                     E9           8E           F2           0E
                                     16           31           57
      2026-01-20 14:11:35  1         29           09           8E           F3
                                     0C           E3           33           38
                                     8E           E5           0B           B7
                                     34           75           8E           BF
                                     0A           EE           35           4B
                                     8E           B0           0A           26
                                     37           34           8E           BC
                                     09           61           39
      2026-01-20 14:12:17  2         E6           0A           31           8E
                                     9C           08           9A           3C
                                     DE           8E           F6           07
                                     CA           3F           0F           8E
                                     D1           07           70           42
                                     20           8F           2E           07
                                     0A           44           9B           8E
                                     E4           06           AA
      2026-01-20 14:13:41  1         9D           0C           AF           60
                                     0D           90           C9           04
                                     54           66           84           91
                                     74           03           EA           68
                                     CA           91           A9           03
                                     7C           6A           5F           91
                                     E1           03           20           6E
                                     E0           91           50
      2026-01-20 14:14:23  2         BA           0D           02           BE
                                     6E           EE           91           55
                                     02           5F           6E           EE
                                     91           4A           01           F7
                                     6E           ED           91           45
                                     01           AF           6E           EE
                                     91           42           01           8E
                                     6E           EE           91
02602 152398   9 31 R 2 2026-01-15 15:06:06  15.897   66.409  0.000 401649719
      2026-01-15 15:02:31  1         EF           08           C2           15
                                     7F           2E           71           01
                                     D3           13           8B           2F
                                     AC           01           D1           11
                                     97           31           0D           01
                                     D8           0F           A0           B2
                                     55           01           DA           0E
                                     11           33           5C
      2026-01-15 15:03:59  1         83           0A           58           02
                                     20           08           9B           3F
                                     6F           02           33           07
                                     CD           3F           C2           0F
                                     FF           F0           17           FE
                                     07           FC           90           0E
                                     0F           0B           E0           B6
                                     0B           40           4B
      2026-01-15 15:04:43  1         21           0B           45           93
                                     02           5F           06           40
                                     49           CA           02           84
                                     05           D7           4A           E8
                                     02           97           05           7C
                                     4D           24           02           A4
                                     05           0D           4F           4F
                                     02           B2           04
      2026-01-15 15:05:27  1         23           0C           B2           51
                                     7A           02           C3           04
                                     4D           54           62           02
                                     D3           03           EE           58
                                     FF           02           E4           03
                                     8A           64           D7           03
                                     01           00           27           65
                                     14           03           61
      2026-01-15 15:06:11  1         F8           0D           02           A4
                                     65           17           03           72
                                     02           57           65           1C
                                     03           79           01           F8
                                     65           1F           03           83
                                     01           BE           65           1E
                                     03           8A           01           8F
                                     65           1F           03
      2026-01-15 15:06:55  1         3C           0E           89           01
                                     63           65           27           03
                                     91           01           31           65
                                     59           03           8F           00
                                     FE           65           72           03
                                     91           00           CD           65
                                     6B           03           9A           00
                                     94           65           6E
      2026-01-15 15:07:39  1         A5           0F           03           A2
                                     00           69           65           61
                                     03           97           00           2A
                                     00           05           00           00
                                     06           07           2A           4B
                                     5C           61           62           FF
                                     FF           FF           FF           FF
                                     FF           FF           FF
      2026-01-15 15:08:26  1         95           01           04           03
                                     3A           69           3A           80
                                     01           00           FF           FC
                                     FA           A8           47           19
                                     00           00           00           00
                                     92           07           82           3B
                                     7A           CA           8C           43
                                     0D           03           63
      2026-01-15 15:09:07  1         D8           02           38           A6
                                     68           69           01           73
                                     01           00           D8           22
                                     9F           27           4F           00
                                     5E           00           2B           21
                                     82           27           37           24
                                     48           26           1E           26
                                     1E           27           97
02602 152398  11 31 B 3 2026-01-15 15:42:15  15.901   66.419  0.000 401649716
      2026-01-15 15:37:43  1         21           0B           45           93
                                     02           5F           06           40
                                     49           CA           02           84
                                     05           D7           4A           E8
                                     02           97           05           7C
                                     4D           24           02           A4
                                     05           0D           4F           4F
                                     02           B2           04
      2026-01-15 15:38:27  1         23           0C           B2           51
                                     7A           02           C3           04
                                     4D           54           62           02
                                     D3           03           EE           58
                                     FF           02           E4           03
                                     8A           64           F7           03
                                     05           03           27           65
                                     14           03           61
      2026-01-15 15:39:11  1         F8           0D           02           A4
                                     65           17           03           72
                                     02           57           65           1C
                                     03           79           01           F8
                                     65           1F           03           83
                                     01           BE           65           1E
                                     03           8A           01           8F
                                     65           1F           03
      2026-01-15 15:39:55  1         3C           0E           89           01
                                     6B           65           2B           42
                                     92           85           B5           25
                                     69           43           DE           C6
                                     FE           65           6A           03
                                     91           00           DD           60
                                     84           23           AA           01
                                     AC           BD           59
      2026-01-15 15:40:39  1         A5           0F           03           A2
                                     00           69           65           61
                                     03           97           00           2A
                                     00           05           00           00
                                     06           23           2A           4B
                                     5C           61           62           FF
                                     FF           FF           FF           FF
                                     FF           FF           FF
      2026-01-15 15:42:51  1         51           13           52           7A
                                     0A           76           22           8D
                                     01           C8           27           50
                                     0E           38           01           29
                                     4A           37           0F           95
                                     01           39           46           4E
                                     11           CD           01           54
                                     42           67           13
      2026-01-15 15:43:35  1         67           04           F1           01
                                     74           3E           84           16
                                     70           01           95           3A
                                     A0           18           F3           01
                                     93           36           AD           19
                                     FA           01           8D           34
                                     BE           1B           03           01
                                     84           32           C7
      2026-01-15 15:44:19  1         6F           05           1C           29
                                     01           7E           30           D7
                                     1D           35           01           8A
                                     2E           D3           1E           87
                                     01           83           2C           EE
                                     1F           C0           01           88
                                     2A           FF           31           3C
                                     01           8B           29
      2026-01-15 15:45:03  1         92           06           05           22
                                     8C           01           8F           27
                                     0D           24           42           01
                                     8D           25           20           25
                                     C9           01           94           23
                                     2E           27           36           01
                                     A0           21           35           28
                                     27           01           A9
      2026-01-15 15:45:47  1         CE           07           1F           41
                                     29           1B           01           BF
                                     1D           4C           2A           70
                                     01           D6           1B           59
                                     2B           EC           01           D3
                                     19           69           2D           02
                                     01           C3           17           73
                                     2E           4D           01
      2026-01-15 15:47:15  1         75           09           01           EA
                                     0C           E7           34           71
                                     01           F0           0B           B7
                                     35           C3           02           00
                                     0A           EE           37           4B
                                     02           09           0A           2C
                                     39           5B           02           14
                                     09           5E           3C
02602 152398   9 31 C 2 2026-01-15 16:21:09  15.896   66.413  0.000 401649713
      2026-01-15 16:15:07  1         D8           02           38           A6
                                     68           69           01           73
                                     01           00           D9           22
                                     C9           B3           61           BF
                                     67           FF           B2           D9
                                     B1           B2           C8           06
                                     66           44           EC           66
                                     BB           33           13
      2026-01-15 16:15:51  1         01           03           52           79
                                     0A           76           22           8D
                                     01           C8           27           50
                                     0E           38           01           29
                                     4A           37           0F           95
                                     01           39           46           4E
                                     11           CD           01           54
                                     42           67           13
      2026-01-15 16:20:15  1         75           09           01           EA
                                     0C           E7           34           71
                                     01           F0           0B           B7
                                     35           C3           02           00
                                     0A           EE           37           4B
                                     02           09           0A           2C
                                     39           5B           02           12
                                     DB           DE           EC
      2026-01-15 16:20:59  1         83           0A           58           02
                                     20           08           9B           3F
                                     6F           02           33           07
                                     CD           3F           C2           02
                                     46           07           6D           40
                                     BE           02           4A           07
                                     0C           41           F8           02
                                     52           06           A4
      2026-01-15 16:21:43  1         21           0B           45           93
                                     02           5F           06           40
                                     49           CA           02           84
                                     05           D7           4A           E8
                                     02           97           05           7C
                                     4D           24           02           A4
                                     05           0D           4F           4F
                                     02           B2           04
      2026-01-15 16:22:27  1         23           0C           B2           51
                                     7A           02           C3           04
                                     4D           54           62           02
                                     D3           03           EE           58
                                     FF           02           E4           03
                                     8A           64           F7           03
                                     05           03           27           65
                                     14           03           61
      2026-01-15 16:23:11  1         F8           0D           02           A4
                                     65           17           03           72
                                     02           57           65           1C
                                     03           79           01           F8
                                     65           1F           03           83
                                     01           BE           65           1E
                                     03           8A           01           8F
                                     65           1F           03
      2026-01-15 16:23:55  1         3C           0E           89           01
                                     63           65           27           03
                                     91           01           31           65
                                     59           03           8F           00
                                     FE           65           72           03
                                     91           00           CD           65
                                     6B           03           9A           00
                                     94           65           6E
      2026-01-15 16:26:51  1         51           03           52           7A
                                     0A           76           22           8D
                                     01           C8           27           50
                                     0E           38           01           29
                                     4A           35           1F           95
                                     01           39           46           4E
                                     11           CD           01           54
                                     42           67           B3
02602 152398   6 31 B 1 2026-01-15 17:18:26  15.899   66.412  0.000 401649708
      2026-01-15 17:17:27  1         23           0C           B2           51
                                     7A           02           C3           04
                                     4D           54           62           02
                                     D3           03           EE           58
                                     FF           02           F4           03
                                     AB           CC           F7           43
                                     05           03           65           65
                                     14           03           61
      2026-01-15 17:18:11  1         F8           0D           02           A4
                                     65           17           03           72
                                     02           57           65           1C
                                     03           79           01           F8
                                     65           1F           03           83
                                     01           BE           65           1E
                                     03           8A           01           8F
                                     65           1F           03
      2026-01-15 17:19:39  1         A5           0F           03           A2
                                     00           69           65           61
                                     03           97           00           2A
                                     00           05           00           00
                                     06           07           2A           4B
                                     5C           61           62           FF
                                     FF           FF           FF           FF
                                     FF           FF           FF
      2026-01-15 17:20:26  1         50           01           10           03
                                     3A           69           3A           80
                                     01           00           FF           FC
                                     FB           A8           47           19
                                     00           00           00           00
                                     92           07           82           3B
                                     7A           CA           8C           43
                                     0D           01           67
      2026-01-15 17:21:07  1         D8           02           30           26
                                     40           69           3E           15
                                     9A           27           BD           4A
                                     77           17           9C           11
                                     B1           CD           9F           0F
                                     8C           38           5C           69
                                     95           8F           07           06
                                     C5           B9           8A
      2026-01-15 17:21:51  1         61           03           52           7B
                                     0A           76           22           8D
                                     01           C8           27           50
                                     0E           38           01           29
                                     4A           37           0F           95
                                     01           39           46           4E
                                     11           CD           01           54
                                     42           67           13
02602 152398  13 31 C 2 2026-01-15 17:57:25  15.896   66.408  0.000 401649706
      2026-01-15 17:56:19  1         6F           05           1C           29
                                     01           7E           30           D7
                                     1D           34           01           E3
                                     96           53           1E           87
                                     01           83           0C           EE
                                     1F           C0           01           89
                                     2A           FF           21           3C
                                     01           8B           29
      2026-01-15 17:57:03  1         92           06           05           22
                                     8C           01           8F           27
                                     0D           24           42           01
                                     8D           25           20           25
                                     C9           01           94           23
                                     2E           27           36           01
                                     A0           21           35           28
                                     27           01           A9
      2026-01-15 17:57:47  1         CE           07           1F           41
                                     29           1B           01           BF
                                     1D           4C           2A           70
                                     01           D6           1B           59
                                     2B           EC           01           D3
                                     19           69           2D           02
                                     01           C3           17           73
                                     2E           4D           01
      2026-01-15 17:58:31  1         EF           08           C2           15
                                     7F           2E           75           01
                                     D3           13           8B           2F
                                     AC           01           D1           11
                                     97           31           0D           01
                                     D8           0F           A0           32
                                     55           01           DA           0E
                                     11           33           5C
      2026-01-15 17:59:15  1         75           09           01           EA
                                     0C           E7           34           60
                                     01           F0           0B           B7
                                     35           C3           02           01
                                     08           CE           37           4B
                                     02           09           0A           2C
                                     39           5B           02           14
                                     09           5E           3C
      2026-01-15 17:59:59  1         83           0A           58           02
                                     20           08           9B           37
                                     4F           02           33           07
                                     CD           3F           C2           02
                                     46           07           6D           40
                                     BE           02           4A           07
                                     0C           41           F8           02
                                     52           06           A4
      2026-01-15 18:00:43  1         21           0B           45           93
                                     02           5F           06           40
                                     49           CA           02           84
                                     05           D7           4A           E8
                                     02           97           05           7C
                                     4D           24           02           A4
                                     05           0D           4F           4F
                                     02           B2           04
      2026-01-15 18:01:27  1         23           0C           B2           51
                                     7A           02           C3           04
                                     4D           54           62           02
                                     D3           03           EE           58
                                     FF           02           E4           03
                                     8A           64           F7           03
                                     05           03           27           65
                                     14           03           61
      2026-01-15 18:02:11  1         F8           0D           02           A4
                                     65           17           03           72
                                     02           57           65           1C
                                     03           79           01           F8
                                     65           1F           03           83
                                     01           BE           65           1E
                                     03           8A           01           8F
                                     65           1F           03
      2026-01-15 18:02:55  1         3C           0E           89           01
                                     63           65           27           03
                                     91           01           31           65
                                     59           03           8F           00
                                     FE           65           72           03
                                     91           00           CD           65
                                     6B           03           9A           00
                                     94           65           6E
      2026-01-15 18:03:39  1         A5           0F           03           A2
                                     00           29           65           61
                                     03           97           09           FC
                                     EC           F8           C1           71
                                     98           19           98           FA
                                     EB           FF           E7           26
                                     B1           1D           B5           C3
                                     09           A8           02
      2026-01-15 18:05:07  1         D8           02           38           A6
                                     68           69           01           73
                                     01           00           D8           22
                                     9F           27           4F           00
                                     5E           00           2B           21
                                     82           27           37           24
                                     48           26           1E           26
                                     1E           27           97
      2026-01-15 18:06:35  1         67           04           F1           01
                                     74           3E           84           16
                                     70           01           95           3A
                                     A0           18           F2           01
                                     93           36           AD           19
                                     EA           01           85           34
                                     BE           1B           07           01
                                     84           32           C7
02602 152398  12 31 3 2 2026-01-15 18:16:51  15.891   66.413  0.000 401649709
      2026-01-15 18:13:11  1         F8           0D           02           A4
                                     65           17           03           72
                                     02           57           65           1C
                                     AA           AC           2E           56
                                     CE           6A           58           76
                                     46           39           00           68
                                     8B           13           AD           55
                                     55           55           18
      2026-01-15 18:13:55  1         3C           0E           89           01
                                     63           65           27           03
                                     91           01           31           65
                                     47           8F           8F           C7
                                     C3           C3           C3           C3
                                     C0           31           DB           E7
                                     10           0F           0C           FB
                                     7D           D9           46
      2026-01-15 18:14:39  1         A5           0F           03           A2
                                     00           69           65           61
                                     03           97           00           2A
                                     00           05           00           00
                                     06           07           2A           4B
                                     5C           61           62           FF
                                     FF           FF           FF           FF
                                     FF           FF           FF
      2026-01-15 18:15:26  1         30           01           15           03
                                     3A           69           3A           80
                                     01           00           FF           FC
                                     FB           A8           47           19
                                     00           00           00           00
                                     92           07           82           3B
                                     7A           CA           8C           43
                                     0D           03           63
      2026-01-15 18:16:07  1         D8           02           38           A6
                                     68           F9           01           73
                                     01           00           D8           22
                                     9F           27           4F           00
                                     5E           00           2B           21
                                     80           27           20           B0
                                     7A           60           18           CD
                                     D8           79           4C
      2026-01-15 18:16:51  1         C1           03           52           7C
                                     0A           76           22           8D
                                     01           C8           27           50
                                     0E           38           01           29
                                     4A           37           0F           95
                                     07           39           C6           0E
                                     31           CF           18           71
                                     C2           71           D3
      2026-01-15 18:17:35  1         67           04           F1           01
                                     74           3E           84           16
                                     70           01           95           3A
                                     A0           18           F2           01
                                     93           36           AD           19
                                     EA           01           8D           34
                                     BE           1B           07           01
                                     84           32           C7
      2026-01-15 18:18:19  1         6F           05           1C           29
                                     01           7E           30           D7
                                     1D           35           01           8A
                                     2E           D3           1E           87
                                     01           83           2C           EE
                                     1F           C0           01           89
                                     2A           FF           21           3C
                                     01           8B           29
      2026-01-15 18:19:03  1         92           06           05           22
                                     8C           01           8F           27
                                     0D           24           42           01
                                     8D           25           20           25
                                     C9           01           94           23
                                     2E           27           36           01
                                     A0           21           35           28
                                     27           01           A9
      2026-01-15 18:19:47  1         CE           07           1F           41
                                     29           1B           01           BF
                                     1D           4C           2A           70
                                     01           D6           1B           59
                                     2B           EC           01           D3
                                     19           69           2D           02
                                     01           C3           17           73
                                     2E           4D           01
      2026-01-15 18:20:31  1         EF           08           C2           15
                                     7F           2E           75           01
                                     D3           13           8B           2F
                                     AC           01           D1           11
                                     97           31           0D           01
                                     D8           0F           A0           32
                                     55           01           DA           0E
                                     11           33           5C
      2026-01-15 18:21:59  1         83           0A           58           02
                                     20           08           9B           3F
                                     6F           02           33           07
                                     CD           3F           C2           01
                                     7B           F1           BA           7F
                                     03           FA           5A           A7
                                     0C           41           FA           2A
                                     52           86           86
02602 152398  16 31 3 3 2026-01-15 19:52:33  15.891   66.409  0.000 401649707
      2026-01-15 19:49:59  1         83           0A           58           02
                                     20           08           9B           3F
                                     6F           02           33           07
                                     CD           3F           C2           02
                                     46           07           6D           40
                                     BE           02           4A           07
                                     0C           41           F8           02
                                     52           06           A4
      2026-01-15 19:50:43  1         21           0B           45           93
                                     02           5F           06           40
                                     49           CA           02           84
                                     05           D7           4A           E8
                                     02           97           05           7C
                                     4D           24           02           A4
                                     05           0D           4F           4F
                                     02           B2           04
      2026-01-15 19:51:27  1         23           0C           B2           51
                                     7A           02           C3           04
                                     4D           54           62           02
                                     D3           03           EE           58
                                     FF           02           E4           03
                                     8A           64           F7           03
                                     05           03           27           65
                                     14           03           61
      2026-01-15 19:52:11  1         F8           0D           02           A4
                                     65           17           03           72
                                     02           57           65           1C
                                     03           79           01           F8
                                     65           1F           03           83
                                     01           BE           65           1E
                                     03           8A           01           8F
                                     65           1F           03
      2026-01-15 19:52:55  1         3C           0E           89           01
                                     63           65           27           03
                                     91           01           31           65
                                     59           03           8F           00
                                     FE           65           72           03
                                     91           00           CD           65
                                     6B           03           9A           00
                                     94           65           6E
      2026-01-15 19:53:39  1         A5           0F           03           A2
                                     00           69           65           61
                                     03           97           00           2A
                                     00           05           00           00
                                     06           07           2A           4B
                                     5C           61           62           FF
                                     FF           FF           FF           FF
                                     FF           FF           FF
      2026-01-15 19:54:26  1         F0           01           1E           03
                                     3A           69           3A           80
                                     01           00           FF           FC
                                     FB           A8           47           19
                                     00           00           00           00
                                     92           07           82           3B
                                     7A           CA           8C           43
                                     0D           03           63
      2026-01-15 19:55:07  1         D8           02           38           A6
                                     68           69           01           73
                                     01           00           D8           22
                                     9F           27           4F           00
                                     5E           00           2B           21
                                     82           27           37           24
                                     48           26           1E           26
                                     1E           27           97
      2026-01-15 19:55:51  1         51           03           52           7A
                                     0A           76           22           8D
                                     01           C8           27           50
                                     0E           38           01           29
                                     4A           37           0F           95
                                     01           39           46           4E
                                     11           CD           01           54
                                     42           67           13
      2026-01-15 19:56:35  1         67           04           F1           01
                                     74           3E           84           16
                                     70           01           95           3A
                                     A0           18           F2           01
                                     93           36           AD           19
                                     EA           01           8D           34
                                     BE           1B           07           01
                                     84           32           C7
      2026-01-15 19:57:19  1         6F           05           1C           29
                                     01           7E           30           D7
                                     1D           35           01           8A
                                     2E           D3           1E           87
                                     01           83           2C           EE
                                     1F           C0           01           89
                                     2A           FF           21           3C
                                     01           8B           29
      2026-01-15 19:58:03  1         92           06           05           22
                                     8C           01           8F           27
                                     0D           24           42           01
                                     8D           25           20           25
                                     C9           01           94           23
                                     2E           27           36           01
                                     A0           21           35           28
                                     27           01           A9
      2026-01-15 19:58:47  1         CE           07           1F           41
                                     29           1B           01           BF
                                     1D           4C           2A           70
                                     01           D6           1B           19
                                     2B           EC           01           C3
                                     1D           29           49           8A
                                     1F           EA           A4           27
                                     4C           CC           3E
      2026-01-15 19:59:31  1         EF           08           C2           15
                                     7F           2E           75           01
                                     D3           13           8B           2F
                                     AC           01           D1           11
                                     97           31           0D           01
                                     D8           0F           A0           32
                                     55           01           DA           0E
                                     11           33           5C
      2026-01-15 20:00:15  2         75           09           01           EA
                                     0C           E7           34           71
                                     01           F0           0B           B7
                                     35           C3           02           00
                                     0A           EE           37           4B
                                     02           09           0A           2C
                                     39           5B           02           14
                                     09           5E           3C
02602 152399  14 31 R 3 2026-01-14 13:56:18  22.820   60.781  0.000 401649730
      2026-01-14 13:52:24  1         B0           0D           02           BF
                                     60           2C           00           00
                                     02           55           60           3B
                                     00           00           01           F2
                                     60           3F           00           00
                                     01           C2           60           44
                                     00           80           01           93
                                     70           45           00
      2026-01-14 13:53:10  1         01           0E           00           01
                                     5B           60           4C           00
                                     00           01           2C           60
                                     54           00           00           00
                                     FD           60           62           00
                                     00           00           CC           60
                                     6C           00           00           00
                                     94           60           87
      2026-01-14 13:53:56  1         71           0F           00           00
                                     00           67           60           FF
                                     00           00           00           2B
                                     00           07           00           00
                                     06           06           2A           49
                                     5D           63           64           FF
                                     FF           FF           FF           FF
                                     FF           FF           FF
      2026-01-14 13:54:45  1         27           01           08           03
                                     3B           69           3A           80
                                     01           00           FF           FE
                                     FE           98           41           13
                                     00           00           00           00
                                     93           04           81           38
                                     5B           D6           8C           42
                                     0D           03           63
      2026-01-14 13:55:28  1         20           02           4A           3B
                                     67           69           01           6A
                                     00           00           D8           24
                                     36           27           4C           00
                                     4E           00           15           23
                                     9F           27           43           24
                                     EC           27           4F           27
                                     10           27           7F
      2026-01-14 13:56:14  1         64           03           52           7A
                                     0A           33           23           D4
                                     00           00           27           6D
                                     0E           0B           00           00
                                     4A           33           0F           70
                                     00           00           46           51
                                     11           36           00           00
                                     42           48           13
      2026-01-14 13:57:00  1         6F           04           3E           00
                                     00           3E           86           15
                                     D9           00           00           3A
                                     9B           18           3A           00
                                     00           36           B4           19
                                     B6           00           00           34
                                     BD           1B           84           00
                                     00           32           CE
      2026-01-14 13:57:46  1         D2           05           1C           DD
                                     00           00           30           CF
                                     1E           30           00           00
                                     2E           E1           1F           9A
                                     00           00           2C           E9
                                     20           C1           00           00
                                     2A           F8           22           01
                                     00           00           29
      2026-01-14 13:58:32  1         D9           06           08           23
                                     54           00           00           27
                                     0E           24           CA           00
                                     00           25           1A           26
                                     4B           00           00           23
                                     27           28           18           00
                                     00           21           33           29
                                     8B           00           00
      2026-01-14 13:59:18  1         90           07           1F           45
                                     2B           68           00           00
                                     1D           4E           2D           1A
                                     00           00           1B           5C
                                     2F           22           00           00
                                     19           63           31           4C
                                     00           00           17           5F
                                     33           9C           00
      2026-01-14 14:00:50  1         32           09           00           00
                                     0C           E2           42           01
                                     00           00           0B           BD
                                     42           57           00           00
                                     0A           F4           46           D3
                                     00           00           0A           29
                                     48           4F           00           00
                                     09           5F           48
      2026-01-14 14:01:36  1         EC           0A           B7           00
                                     00           08           97           4C
                                     46           00           00           07
                                     D7           4E           7F           00
                                     00           07           72           50
                                     5B           00           00           07
                                     08           52           D3           00
                                     00           06           AA
      2026-01-14 14:02:22  1         23           0B           52           B7
                                     00           00           06           3E
                                     51           99           00           00
                                     05           DC           53           68
                                     00           00           05           7E
                                     55           7D           00           00
                                     05           13           58           07
                                     00           00           04
      2026-01-14 14:03:08  1         A1           0C           B5           5A
                                     68           00           00           04
                                     32           5B           9A           00
                                     00           03           E3           5F
                                     29           00           00           03
                                     86           60           41           00
                                     00           03           22           60
                                     27           00           00
02602 152399   8 31 R 1 2026-01-14 15:37:03  22.826   60.789  0.000 401649733
      2026-01-14 15:34:22  1         23           0B           52           B7
                                     00           00           06           3E
                                     51           99           00           80
                                     05           DC           53           68
                                     00           00           05           7E
                                     55           7D           00           00
                                     05           13           58           07
                                     00           00           04
      2026-01-14 15:35:08  1         A1           0C           B5           5A
                                     68           00           00           04
                                     32           5B           9A           00
                                     00           03           E3           5F
                                     29           00           00           03
                                     86           60           41           00
                                     00           03           22           60
                                     27           00           00
      2026-01-14 15:35:54  1         B0           0D           02           BF
                                     60           2C           00           00
                                     02           55           60           3B
                                     00           00           01           F2
                                     60           3F           00           00
                                     01           C2           60           44
                                     00           00           01           93
                                     60           45           00
      2026-01-14 15:36:40  1         01           0E           00           01
                                     5B           60           4C           00
                                     00           01           2C           60
                                     54           00           00           00
                                     FD           60           62           00
                                     00           00           CC           60
                                     6C           00           00           00
                                     94           60           87
      2026-01-14 15:37:26  1         71           0F           00           00
                                     00           67           60           FF
                                     00           00           00           2B
                                     00           07           00           00
                                     06           06           2A           49
                                     5D           63           64           FF
                                     FF           FF           FF           FF
                                     FF           FF           FF
      2026-01-14 15:38:15  1         9E           01           11           03
                                     3B           69           3A           80
                                     01           00           FF           FE
                                     FE           98           41           13
                                     00           00           00           00
                                     93           04           81           38
                                     5B           D6           8C           42
                                     0D           03           63
      2026-01-14 15:38:58  1         20           02           4A           3B
                                     67           69           01           6A
                                     00           00           D8           24
                                     36           27           4C           00
                                     4E           00           15           23
                                     9F           27           43           24
                                     EC           27           4F           27
                                     10           27           7F
      2026-01-14 15:39:44  1         64           03           52           7A
                                     0A           33           23           D4
                                     00           00           27           6D
                                     0E           0B           00           00
                                     4A           33           0F           70
                                     00           00           46           51
                                     11           36           00           00
                                     42           48           13
02602 152399   9 31 B 3 2026-01-14 16:05:31  22.815   60.789  0.000 401649727
      2026-01-14 16:01:15  1         AE           01           13           03
                                     3B           69           3A           80
                                     01           00           FF           FE
                                     FE           98           41           13
                                     00           00           00           00
                                     93           04           81           38
                                     5B           D6           8C           42
                                     0D           03           63
      2026-01-14 16:03:30  1         6F           04           3E           00
                                     00           3E           86           15
                                     D9           00           00           3A
                                     9B           18           3A           00
                                     00           36           34           39
                                     B6           00           00           34
                                     BD           1B           84           00
                                     20           32           CE
      2026-01-14 16:04:16  1         D2           05           1C           DD
                                     00           00           30           CF
                                     1E           30           00           00
                                     2E           E1           1F           9A
                                     00           00           2C           E9
                                     20           C1           00           00
                                     2A           F8           22           01
                                     00           00           29
      2026-01-14 16:05:02  1         D9           06           08           23
                                     54           00           00           27
                                     0E           24           CA           00
                                     00           24           1A           26
                                     43           00           00           21
                                     07           04           58           2A
                                     00           F1           37           39
                                     CB           00           90
      2026-01-14 16:05:48  1         90           07           1F           45
                                     2B           68           00           00
                                     1D           4E           2D           1A
                                     00           00           1B           5C
                                     2F           22           00           00
                                     19           63           31           4C
                                     00           00           17           5F
                                     33           9C           00
      2026-01-14 16:06:34  1         D9           08           00           15
                                     80           35           F5           00
                                     00           13           8B           38
                                     F4           00           00           11
                                     D7           3B           83           00
                                     00           0F           95           3E
                                     CA           00           00           0E
                                     0C           3F           79
      2026-01-14 16:08:06  1         EC           0A           B7           00
                                     00           08           97           4C
                                     46           00           00           07
                                     D7           4E           7F           00
                                     00           07           72           50
                                     5B           00           00           07
                                     08           52           D3           00
                                     00           06           AA
      2026-01-14 16:09:38  1         A1           0C           B5           5A
                                     68           00           00           04
                                     32           5B           9A           00
                                     00           03           E3           5F
                                     29           00           00           03
                                     86           60           41           00
                                     00           03           22           60
                                     27           00           00
      2026-01-14 16:11:56  1         71           0F           00           00
                                     00           67           60           FF
                                     00           00           00           2B
                                     00           07           00           00
                                     06           06           2A           49
                                     5D           63           64           FF
                                     FF           FF           FF           FF
                                     FF           FF           FF
02602 152399   9 31 C 3 2026-01-14 16:44:54  22.812   60.786  0.000 401649727
      2026-01-14 16:41:50  1         32           09           00           00
                                     0C           E2           42           01
                                     00           00           0B           BD
                                     42           57           00           00
                                     0A           F4           46           D3
                                     00           00           0A           29
                                     48           4F           00           00
                                     09           5F           48
      2026-01-14 16:42:36  1         EC           0A           B7           00
                                     00           08           97           4C
                                     46           00           00           07
                                     D7           4E           7F           00
                                     00           07           72           50
                                     5B           00           00           07
                                     08           52           D3           00
                                     00           06           AA
      2026-01-14 16:43:22  1         23           0B           52           B7
                                     00           00           06           3E
                                     51           99           00           00
                                     05           DC           53           68
                                     00           00           05           7E
                                     55           7D           00           00
                                     05           13           58           07
                                     00           00           04
      2026-01-14 16:44:08  1         A1           0C           B5           5A
                                     68           00           00           04
                                     32           5B           9A           00
                                     00           03           E3           5F
                                     29           00           00           03
                                     86           60           41           00
                                     00           03           22           60
                                     27           00           00
      2026-01-14 16:44:54  1         B0           0D           02           BF
                                     60           2C           00           00
                                     02           55           60           3B
                                     00           00           01           F2
                                     60           3F           00           00
                                     01           C2           60           44
                                     00           00           01           93
                                     60           45           00
      2026-01-14 16:45:40  1         01           0E           00           01
                                     5B           60           4C           00
                                     00           01           2C           60
                                     54           00           00           00
                                     FD           60           62           00
                                     00           00           CC           60
                                     6C           00           00           00
                                     94           60           87
      2026-01-14 16:46:26  1         71           0F           00           00
                                     00           67           60           FF
                                     00           00           00           2B
                                     00           07           00           00
                                     06           06           2A           49
                                     5D           63           64           FF
                                     FF           FF           FF           FF
                                     FF           FF           FF
      2026-01-14 16:47:15  1         56           01           17           03
                                     3B           69           3A           80
                                     01           00           FF           FE
                                     FE           98           41           13
                                     00           00           00           00
                                     93           04           81           38
                                     5B           D6           8C           42
                                     0D           03           63
      2026-01-14 16:47:58  1         20           02           4A           3B
                                     67           69           01           6A
                                     00           00           D8           24
                                     36           27           4C           00
                                     4E           00           15           23
                                     9F           27           43           24
                                     EC           27           4F           27
                                     10           27           7F
02602 152399   7 31 B 1 2026-01-14 17:40:29  22.805   60.796  0.000 401649731
      2026-01-14 17:40:06  1         EC           0A           B7           00
                                     00           0C           17           4F
                                     47           01           E0           0E
                                     57           0E           7F           00
                                     00           83           72           50
                                     5B           04           00           07
                                     88           52           F3           00
                                     14           0E           AB
      2026-01-14 17:40:52  1         23           0B           52           B7
                                     00           00           06           3E
                                     51           99           00           00
                                     05           DC           53           68
                                     00           00           05           7E
                                     55           7D           00           00
                                     05           13           58           07
                                     00           00           04
      2026-01-14 17:41:38  1         81           0E           B5           5A
                                     6C           00           00           04
                                     32           5B           9A           04
                                     00           03           A3           5F
                                     29           00           00           03
                                     A6           60           41           00
                                     00           03           22           60
                                     27           00           00
      2026-01-14 17:42:24  1         B0           0D           02           BF
                                     60           2C           00           00
                                     02           55           60           3B
                                     00           00           01           F2
                                     60           3F           00           00
                                     01           C2           60           44
                                     00           00           01           93
                                     60           45           00
      2026-01-14 17:43:10  1         01           0E           00           01
                                     5B           60           4C           00
                                     00           01           2C           60
                                     54           00           00           00
                                     FD           60           62           00
                                     00           00           CC           60
                                     6C           00           00           00
                                     94           60           87
      2026-01-14 17:43:56  1         71           0F           00           00
                                     00           67           40           FF
                                     00           00           00           2B
                                     00           07           00           00
                                     06           06           2A           49
                                     5D           63           64           FF
                                     FF           FF           FF           FF
                                     FF           FF           FF
      2026-01-14 17:45:28  1         20           02           48           3B
                                     67           69           01           6A
                                     00           00           D8           24
                                     36           27           4C           00
                                     4E           00           15           23
                                     9F           27           43           24
                                     EC           27           4F           27
                                     10           27           7F
02602 152399  11 31 C 2 2026-01-14 18:19:15  22.802   60.784  0.000 401649732
      2026-01-14 18:19:15  1         3E           01           1F           03
                                     3B           69           3A           80
                                     01           00           FF           FE
                                     FE           98           41           13
                                     00           00           00           00
                                     93           04           81           38
                                     5B           D6           8C           42
                                     0D           03           63
      2026-01-14 18:19:58  1         20           02           4A           3B
                                     67           69           01           6A
                                     00           00           D8           24
                                     36           27           4C           00
                                     4E           00           15           23
                                     9F           27           43           24
                                     EC           27           4F           27
                                     10           27           7F
      2026-01-14 18:20:44  1         64           03           52           7A
                                     0A           33           23           D4
                                     00           00           27           6D
                                     0E           0B           00           00
                                     4A           33           0F           70
                                     00           00           46           51
                                     11           36           00           00
                                     42           48           13
      2026-01-14 18:21:30  1         6F           04           3E           00
                                     00           3E           86           15
                                     D9           00           00           3A
                                     9B           18           3A           00
                                     00           36           B4           19
                                     B6           00           00           34
                                     BD           1B           84           00
                                     00           32           CE
      2026-01-14 18:22:16  1         D2           05           1C           DD
                                     00           00           30           CF
                                     1E           30           00           00
                                     2E           E1           1F           9A
                                     00           00           2C           E9
                                     20           C1           00           00
                                     2A           F8           22           01
                                     00           00           29
      2026-01-14 18:23:02  1         D9           06           08           23
                                     54           00           00           27
                                     0E           24           CA           00
                                     00           25           1A           26
                                     4B           00           00           23
                                     27           28           18           00
                                     00           21           33           29
                                     8B           00           00
      2026-01-14 18:23:48  1         90           07           1F           45
                                     2B           68           00           00
                                     1D           4E           2D           1A
                                     00           00           1B           5C
                                     2F           22           00           00
                                     19           63           31           4C
                                     00           00           17           5F
                                     33           9C           00
      2026-01-14 18:24:34  1         D9           08           00           15
                                     80           35           F5           00
                                     00           13           8B           38
                                     F4           00           00           11
                                     97           3B           83           00
                                     00           0F           95           3E
                                     CA           00           00           0E
                                     0C           3F           79
      2026-01-14 18:25:20  1         32           09           00           00
                                     0C           E3           43           81
                                     40           F8           F8           07
                                     80           E2           A0           70
                                     7E           35           F0           70
                                     E0           0C           90           EF
                                     18           1C           3F           F8
                                     07           10           B0
      2026-01-14 18:26:52  1         23           0B           52           B7
                                     00           00           06           3E
                                     51           99           00           00
                                     05           DC           53           68
                                     00           00           05           7E
                                     55           7D           00           00
                                     05           13           58           07
                                     00           00           04
      2026-01-14 18:28:24  1         B0           0D           02           BF
                                     60           2C           00           00
                                     02           55           60           3B
                                     00           00           01           F2
                                     60           1F           00           00
                                     01           C2           60           44
                                     00           00           01           93
                                     60           45           00
02602 152399  13 31 3 3 2026-01-14 19:03:17  22.805   60.780  0.000 401649728
      2026-01-13 00:20:53  1         17           01           03           60
                                     0E           00           1F           7F
                                     00           7D           89           EB
                                     60           0E           00           1F
                                     7F           00           7D           89
                                     EB           60           0E           00
                                     1F           7F           00           7D
                                     89           EB           1F
      2026-01-13 00:21:34  1         18           01           03           60
                                     0E           00           1F           7F
                                     00           7D           89           EB
                                     60           0E           00           1F
                                     7F           00           7D           89
                                     EB           60           0E           00
                                     1F           7F           00           7D
                                     89           EB           1F
      2026-01-13 00:22:13  1         19           01           03           60
                                     0E           00           1F           7F
                                     00           7D           89           EB
                                     60           0E           00           1F
                                     7F           00           7D           89
                                     EB           60           0E           00
                                     1F           7F           00           7D
                                     89           EB           1F
      2026-01-13 00:22:55  1         1A           01           03           60
                                     0E           00           1F           7F
                                     00           7D           89           EB
                                     60           0E           00           1F
                                     7F           00           7D           89
                                     EB           60           0E           00
                                     1F           7F           00           7D
                                     89           EB           1F
      2026-01-13 00:23:35  1         1B           01           03           60
                                     0E           00           1F           7F
                                     00           7D           89           EB
                                     60           0E           00           1F
                                     7F           00           7D           89
                                     EB           60           0E           00
                                     1F           7F           00           7D
                                     89           EB           1F
      2026-01-13 00:24:13  1         1C           01           03           60
                                     0E           00           1F           7F
                                     00           7D           89           EB
                                     60           0E           00           1F
                                     7F           00           7D           89
                                     EB           60           0D           00
                                     1E           00           00           7D
                                     1A           01           3D
      2026-01-13 00:24:55  4         1D           01           03           0C
                                     08           0F           20           00
                                     1A           01           0C           14
                                     0D           20           00           00
                                     00           00           00           00
                                     00           00           00           00
                                     00           00           00           00
                                     00           00           1F
      2026-01-13 00:25:36  4         1D           01           03           0C
                                     08           0F           20           00
                                     1A           01           0C           14
                                     0D           20           00           00
                                     00           00           00           00
                                     00           00           00           00
                                     00           00           00           00
                                     00           00           1F
      2026-01-13 00:26:17  4         1D           01           03           0C
                                     08           0F           20           00
                                     1A           01           0C           14
                                     0D           20           00           00
                                     00           00           00           00
                                     00           00           00           00
                                     00           00           00           00
                                     00           00           1F
      2026-01-13 00:26:57  4         1D           01           03           0C
                                     08           0F           20           00
                                     1A           01           0C           14
                                     0D           20           00           00
                                     00           00           00           00
                                     00           00           00           00
                                     00           00           00           00
                                     00           00           1F
      2026-01-13 00:27:36  1         01           01           03           4E
                                     20           27           14           49
                                     FF           00           00           00
                                     00           00           00           00
                                     00           00           00           00
                                     00           00           00           00
                                     00           00           00           00
                                     00           00           1F
      2026-01-13 00:28:15  1         02           01           03           00
                                     00           00           00           00
                                     00           00           00           00
                                     00           00           00           00
                                     00           00           00           00
                                     00           1A           01           0B
                                     13           0F           1D           00
                                     0D           00           78
      2026-01-14 18:59:04  1         D9           08           00           15
                                     80           35           F5           00
                                     00           13           8B           38
                                     F4           00           00           11
                                     97           3B           83           00
                                     00           0F           95           3E
                                     CA           00           00           0E
                                     0C           3F           79
      2026-01-14 18:59:50  1         32           09           00           00
                                     0C           E2           42           01
                                     00           00           0B           BD
                                     42           57           00           00
                                     0A           F4           46           D3
                                     00           00           0A           29
                                     48           4F           00           00
                                     09           5F           48
      2026-01-14 19:00:36  1         EC           0A           B7           00
                                     00           08           97           4C
                                     46           00           00           07
                                     D7           4E           7F           00
                                     00           07           72           50
                                     5B           00           00           07
                                     08           52           D3           00
                                     00           06           AA
      2026-01-14 19:01:22  1         23           0B           52           B7
                                     00           00           06           3E
                                     51           99           00           00
                                     05           DC           53           68
                                     00           00           05           7E
                                     55           7D           00           00
                                     05           13           58           07
                                     00           00           04
      2026-01-14 19:02:08  1         A1           0C           B5           5A
                                     68           00           00           04
                                     32           5B           9A           00
                                     00           03           E3           5F
                                     29           00           00           03
                                     86           60           41           00
                                     00           03           22           60
                                     27           00           00
      2026-01-14 19:02:54  1         B0           0D           02           BF
                                     60           2C           00           00
                                     02           55           60           3B
                                     00           00           01           F2
                                     60           3F           00           00
                                     01           C2           60           44
                                     00           00           01           93
                                     60           45           00
      2026-01-14 19:03:40  1         01           0E           00           01
                                     5B           60           4C           00
                                     00           01           2C           60
                                     54           00           00           00
                                     FD           60           62           00
                                     00           00           CC           60
                                     6C           00           00           00
                                     94           60           87
      2026-01-14 19:04:26  1         71           0F           00           00
                                     00           67           60           FF
                                     00           00           00           2B
                                     00           07           00           00
                                     06           06           2A           49
                                     5D           63           64           FF
                                     FF           FF           FF           FF
                                     FF           FF           FF
      2026-01-14 19:05:15  1         F3           01           23           03
                                     3B           69           3A           80
                                     01           00           FF           FE
                                     FE           98           41           13
                                     00           00           00           00
                                     93           04           81           38
                                     5B           D6           8C           42
                                     0D           03           63
      2026-01-14 19:05:58  1         20           02           4A           3B
                                     67           69           01           6A
                                     00           00           D8           24
                                     36           27           4C           00
                                     4E           00           15           23
                                     9F           27           43           24
                                     EC           27           4F           27
                                     10           27           7F
      2026-01-14 19:06:44  1         64           03           52           7A
                                     0A           33           23           D4
                                     00           00           27           6D
                                     0E           0B           00           00
                                     4A           33           0F           70
                                     00           00           46           51
                                     11           36           00           00
                                     42           48           13
      2026-01-14 19:07:30  1         6F           04           3E           00
                                     00           3E           86           15
                                     D9           00           00           3A
                                     9B           18           3A           00
                                     00           36           B4           19
                                     B6           00           00           34
                                     BD           1B           04           00
                                     00           32           CE
      2026-01-14 19:10:34  1         D9           08           00           15
                                     84           35           F5           00
                                     08           03           8B           30
                                     F4           01           08           11
                                     96           3B           83           00
                                     00           0F           95           3E
                                     CE           08           00           1E
                                     0D           3D           79
                                     CE           08           00           1E
                                     0D           3D           79